coin,family,side,signal_index,entry_index,signal_time,entry_time,entry,sl,tp,risk_price,target_rr,closed_at,exit,result,gross_R,cost_R,R,hold_bars,entry_bar_exit
SUI,BREAKOUT,LONG,250,251,2025-01-03T14:30:00+00:00,2025-01-03T14:45:00+00:00,4.469,4.390281861963785,4.626436276072432,0.07871813803621563,2.0,2025-01-03T15:45:00+00:00,4.626436276072432,TP,2.0,0.1502076580298977,1.8497923419701023,4,
BTC,BREAKOUT,LONG,250,251,2025-01-03T14:30:00+00:00,2025-01-03T14:45:00+00:00,97204.9,96548.08045845185,98518.53908309629,656.8195415481459,2.0,2025-01-03T18:30:00+00:00,98518.53908309629,TP,2.0,0.38738261381246414,1.612617386187536,15,
CRV,BREAKOUT,LONG,251,252,2025-01-03T14:45:00+00:00,2025-01-03T15:00:00+00:00,1.053,1.023796691599042,1.1114066168019159,0.029203308400957972,2.0,2025-01-03T20:45:00+00:00,1.1114066168019159,TP,2.0,0.09634965200553065,1.9036503479944693,23,
BNB,BREAKOUT,LONG,250,251,2025-01-03T14:30:00+00:00,2025-01-03T14:45:00+00:00,709.36,704.2940174513468,719.4919650973064,5.06598254865321,2.0,2025-01-04T00:30:00+00:00,719.4919650973064,TP,2.0,0.36666284117388365,1.6333371588261163,39,
SUI,BREAKOUT,LONG,287,288,2025-01-03T23:45:00+00:00,2025-01-04T00:00:00+00:00,4.9867,4.876174277645764,5.207751444708472,0.11052572235423597,2.0,2025-01-04T00:45:00+00:00,4.876174277645764,SL,-1.0,0.11600681079328944,-1.1160068107932894,3,
SOL,BREAKOUT,LONG,250,251,2025-01-03T14:30:00+00:00,2025-01-03T14:45:00+00:00,217.96,214.38983448114703,225.10033103770596,3.570165518852974,2.0,2025-01-04T10:15:00+00:00,214.38983448114703,SL,-1.0,0.15743101597319462,-1.1574310159731946,78,
ETH,BREAKOUT,LONG,266,267,2025-01-03T18:30:00+00:00,2025-01-03T18:45:00+00:00,3611.81,3571.903987276272,3691.622025447456,39.906012723728054,2.0,2025-01-04T10:15:00+00:00,3571.903987276272,SL,-1.0,0.23402057850561203,-1.234020578505612,62,
SUI,BREAKOUT,LONG,317,318,2025-01-04T07:15:00+00:00,2025-01-04T07:30:00+00:00,4.9776,4.90478568490654,5.12322863018692,0.07281431509345992,2.0,2025-01-04T10:15:00+00:00,5.12322863018692,TP,2.0,0.18033647919902512,1.8196635208009748,11,
LINK,BREAKOUT,LONG,344,345,2025-01-04T14:00:00+00:00,2025-01-04T14:15:00+00:00,23.715,23.360889927984168,24.423220144031664,0.3541100720158319,2.0,2025-01-04T15:30:00+00:00,23.360889927984168,SL,-1.0,0.17282382440577201,-1.172823824405772,5,
UNI,BREAKOUT,LONG,254,255,2025-01-03T15:30:00+00:00,2025-01-03T15:45:00+00:00,14.885,14.604704702308085,15.445590595383829,0.2802952976919144,2.0,2025-01-04T15:45:00+00:00,15.126,TIME,0.8598075029603028,0.13918999113171862,0.7206175118285842,96,
FET,BREAKOUT,LONG,460,461,2025-01-05T19:00:00+00:00,2025-01-05T19:15:00+00:00,1.5452,1.509933848949322,1.6157323021013559,0.035266151050677985,2.0,2025-01-05T23:00:00+00:00,1.6157323021013559,TP,2.0,0.11652000205031629,1.8834799979496837,15,
ADA,BREAKOUT,LONG,477,478,2025-01-05T23:15:00+00:00,2025-01-05T23:30:00+00:00,1.1026,1.0845856512004846,1.138628697599031,0.018014348799515467,2.0,2025-01-06T00:00:00+00:00,1.0845856512004846,SL,-1.0,0.15783758703712386,-1.1578375870371238,2,
AVAX,BREAKOUT,LONG,460,461,2025-01-05T19:00:00+00:00,2025-01-05T19:15:00+00:00,42.469,41.822423331170306,43.76215333765939,0.6465766688296952,2.0,2025-01-06T04:00:00+00:00,43.76215333765939,TP,2.0,0.17337541662593436,1.8266245833740657,35,
DOGE,BREAKOUT,LONG,489,490,2025-01-06T02:15:00+00:00,2025-01-06T02:30:00+00:00,0.387,0.38046715055231856,0.4000656988953629,0.006532849447681455,2.0,2025-01-06T07:15:00+00:00,0.38046715055231856,SL,-1.0,0.15272161155835393,-1.1527216115583538,19,
LINK,BREAKOUT,LONG,496,497,2025-01-06T04:00:00+00:00,2025-01-06T04:15:00+00:00,24.074,23.58182180130865,25.058356397382706,0.49217819869135226,2.0,2025-01-06T07:15:00+00:00,23.58182180130865,SL,-1.0,0.12587426364358745,-1.1258742636435874,12,
SOL,BREAKOUT,LONG,488,489,2025-01-06T02:00:00+00:00,2025-01-06T02:15:00+00:00,215.69,213.27902790612555,220.5119441877489,2.4109720938744488,2.0,2025-01-06T09:30:00+00:00,213.27902790612555,SL,-1.0,0.23130078431633777,-1.2313007843163377,29,
SOL,BREAKOUT,LONG,529,530,2025-01-06T12:15:00+00:00,2025-01-06T12:30:00+00:00,216.87,214.77962145783397,221.05075708433208,2.090378542166036,2.0,2025-01-06T14:45:00+00:00,221.05075708433208,TP,2.0,0.2723415748516678,1.7276584251483322,9,
BNB,BREAKOUT,LONG,520,521,2025-01-06T10:00:00+00:00,2025-01-06T10:15:00+00:00,717.45,712.7642145988428,726.8215708023145,4.685785401157204,2.0,2025-01-06T16:00:00+00:00,726.8215708023145,TP,2.0,0.400691214236855,1.599308785763145,23,
CRV,BREAKOUT,LONG,540,541,2025-01-06T15:00:00+00:00,2025-01-06T15:15:00+00:00,1.023,0.9953146731675094,1.0783706536649809,0.027685326832490476,2.0,2025-01-06T17:30:00+00:00,0.9953146731675094,SL,-1.0,0.09477255193673773,-1.0947725519367377,9,
DOGE,BREAKOUT,LONG,540,541,2025-01-06T15:00:00+00:00,2025-01-06T15:15:00+00:00,0.3909,0.3842188469889077,0.4042623060221847,0.0066811530110923445,2.0,2025-01-06T17:30:00+00:00,0.3842188469889077,SL,-1.0,0.15082044961590124,-1.1508204496159014,9,
ETH,BREAKOUT,LONG,544,545,2025-01-06T16:00:00+00:00,2025-01-06T16:15:00+00:00,3729.02,3679.317102274629,3828.4257954507416,49.7028977253708,2.0,2025-01-06T17:30:00+00:00,3679.317102274629,SL,-1.0,0.19376814378452153,-1.1937681437845216,5,
FET,BREAKOUT,LONG,534,535,2025-01-06T13:30:00+00:00,2025-01-06T13:45:00+00:00,1.6043,1.5728030747836919,1.6672938504326165,0.0314969252163082,2.0,2025-01-06T22:15:00+00:00,1.5728030747836919,SL,-1.0,0.13113133961026402,-1.131131339610264,34,
BNB,BREAKOUT,LONG,562,563,2025-01-06T20:30:00+00:00,2025-01-06T20:45:00+00:00,740.9,733.4437997080321,755.8124005839358,7.456200291967889,2.0,2025-01-06T23:30:00+00:00,733.4437997080321,SL,-1.0,0.2570541112857616,-1.2570541112857616,11,
ADA,BREAKOUT,LONG,540,541,2025-01-06T15:00:00+00:00,2025-01-06T15:15:00+00:00,1.0991,1.0772972008338204,1.142705598332359,0.021802799166179554,2.0,2025-01-07T09:00:00+00:00,1.142705598332359,TP,2.0,0.1336684916289462,1.8663315083710539,71,
SUI,BREAKOUT,LONG,761,762,2025-01-08T22:15:00+00:00,2025-01-08T22:30:00+00:00,4.7829,4.624448318495544,5.0998033630089115,0.15845168150445588,2.0,2025-01-09T08:00:00+00:00,4.624448318495544,SL,-1.0,0.07718159061442523,-1.0771815906144253,38,
BNB,BREAKOUT,SHORT,849,850,2025-01-09T20:15:00+00:00,2025-01-09T20:30:00+00:00,675.55,685.0888852404815,656.4722295190368,9.53888524048159,2.0,2025-01-09T22:15:00+00:00,685.0888852404815,SL,-1.0,0.1854336755521469,-1.1854336755521468,7,
SUI,BREAKOUT,LONG,829,830,2025-01-09T15:15:00+00:00,2025-01-09T15:30:00+00:00,4.7057,4.572012952439297,4.973074095121406,0.13368704756070304,2.0,2025-01-10T06:15:00+00:00,4.973074095121406,TP,2.0,0.09411836489204055,1.9058816351079595,59,
SUI,BREAKOUT,LONG,935,936,2025-01-10T17:45:00+00:00,2025-01-10T18:00:00+00:00,5.1903,5.017125057002398,5.536649885995202,0.17317494299760128,2.0,2025-01-11T05:15:00+00:00,5.017125057002398,SL,-1.0,0.07662570776354707,-1.076625707763547,45,
BNB,BREAKOUT,SHORT,1144,1145,2025-01-12T22:00:00+00:00,2025-01-12T22:15:00+00:00,690.5,693.8445410348731,683.8109179302537,3.3445410348731457,2.0,2025-01-13T00:00:00+00:00,693.8445410348731,SL,-1.0,0.5380851616352177,-1.5380851616352178,7,
SOL,BREAKOUT,SHORT,1179,1180,2025-01-13T06:45:00+00:00,2025-01-13T07:00:00+00:00,182.02,184.89836862547278,176.26326274905446,2.878368625472774,2.0,2025-01-13T11:30:00+00:00,176.26326274905446,TP,2.0,0.16181674489217587,1.838183255107824,18,
LINK,BREAKOUT,SHORT,1185,1186,2025-01-13T08:15:00+00:00,2025-01-13T08:30:00+00:00,18.832,19.227444846123827,18.041110307752348,0.39544484612382647,2.0,2025-01-13T14:30:00+00:00,18.041110307752348,TP,2.0,0.12121802539580463,1.8787819746041954,24,
ETH,BREAKOUT,SHORT,1198,1199,2025-01-13T11:30:00+00:00,2025-01-13T11:45:00+00:00,3075.3,3128.491493541549,2968.9170129169024,53.19149354154888,2.0,2025-01-13T14:30:00+00:00,2968.9170129169024,TP,2.0,0.14772065218763494,1.8522793478123651,11,
CRV,BREAKOUT,SHORT,1198,1199,2025-01-13T11:30:00+00:00,2025-01-13T11:45:00+00:00,0.758,0.7821485231132278,0.7097029537735444,0.024148523113227793,2.0,2025-01-13T14:45:00+00:00,0.7821485231132278,SL,-1.0,0.08291161619529677,-1.0829116161952967,12,
XRP,BREAKOUT,LONG,1318,1319,2025-01-14T17:30:00+00:00,2025-01-14T17:45:00+00:00,2.6605,2.602237456060303,2.7770250878793936,0.058262543939696876,2.0,2025-01-15T01:30:00+00:00,2.7770250878793936,TP,2.0,0.12132636401114875,1.8786736359888512,31,
CRV,BREAKOUT,SHORT,1389,1390,2025-01-15T11:15:00+00:00,2025-01-15T11:30:00+00:00,0.839,0.8612689667101605,0.7944620665796789,0.022268966710160543,2.0,2025-01-15T13:30:00+00:00,0.8612689667101605,SL,-1.0,0.09925694736948457,-1.0992569473694846,8,
LINK,BREAKOUT,SHORT,1389,1390,2025-01-15T11:15:00+00:00,2025-01-15T11:30:00+00:00,20.141,20.499503426112923,19.423993147774148,0.3585034261129252,2.0,2025-01-15T13:30:00+00:00,20.499503426112923,SL,-1.0,0.14737001268519262,-1.1473700126851927,8,
XRP,BREAKOUT,LONG,1431,1432,2025-01-15T21:45:00+00:00,2025-01-15T22:00:00+00:00,3.0457,2.9566410922703,3.2238178154594,0.08905890772969993,2.0,2025-01-16T00:30:00+00:00,2.9566410922703,SL,-1.0,0.08761665305433768,-1.0876166530543376,10,
BTC,BREAKOUT,LONG,1424,1425,2025-01-15T20:00:00+00:00,2025-01-15T20:15:00+00:00,100200.9,99194.1162151955,102214.46756960897,1006.7837848044874,2.0,2025-01-16T03:30:00+00:00,99194.1162151955,SL,-1.0,0.2574669208941343,-1.2574669208941343,29,
XRP,BREAKOUT,LONG,1467,1468,2025-01-16T06:45:00+00:00,2025-01-16T07:00:00+00:00,3.1202,3.036883092402904,3.2868338151941923,0.08331690759709609,2.0,2025-01-16T09:30:00+00:00,3.036883092402904,SL,-1.0,0.09606943237536521,-1.0960694323753652,10,
XRP,BREAKOUT,LONG,1485,1486,2025-01-16T11:15:00+00:00,2025-01-16T11:30:00+00:00,3.1661,3.061990823835017,3.3743183523299667,0.10410917616498327,2.0,2025-01-16T13:00:00+00:00,3.3743183523299667,TP,2.0,0.08166949515146348,1.9183305048485366,6,
AVAX,BREAKOUT,LONG,1490,1491,2025-01-16T12:30:00+00:00,2025-01-16T12:45:00+00:00,40.173,39.368310658065624,41.78237868386876,0.8046893419343775,2.0,2025-01-16T14:30:00+00:00,39.368310658065624,SL,-1.0,0.1285013960877313,-1.1285013960877313,7,
UNI,BREAKOUT,LONG,1490,1491,2025-01-16T12:30:00+00:00,2025-01-16T12:45:00+00:00,14.495,14.216507609033004,15.05198478193399,0.27849239096699563,2.0,2025-01-16T14:30:00+00:00,14.216507609033004,SL,-1.0,0.1340250617337919,-1.134025061733792,7,
ADA,BREAKOUT,LONG,1488,1489,2025-01-16T12:00:00+00:00,2025-01-16T12:15:00+00:00,1.0852,1.0584383762464318,1.1387232475071363,0.026761623753568164,2.0,2025-01-16T14:45:00+00:00,1.0584383762464318,SL,-1.0,0.10413156969777675,-1.1041315696977767,10,
DOGE,BREAKOUT,LONG,1405,1406,2025-01-15T15:15:00+00:00,2025-01-15T15:30:00+00:00,0.37384,0.36449940885968835,0.3925211822806233,0.00934059114031166,2.0,2025-01-16T15:30:00+00:00,0.37679,TIME,0.3158258353979915,0.1044707969058413,0.21135503849215018,96,
ETH,BREAKOUT,SHORT,1500,1501,2025-01-16T15:00:00+00:00,2025-01-16T15:15:00+00:00,3279.58,3337.259138399317,3164.2217232013654,57.67913839931725,2.0,2025-01-16T16:00:00+00:00,3337.259138399317,SL,-1.0,0.14913348428278417,-1.149133484282784,3,
ETH,BREAKOUT,SHORT,1529,1530,2025-01-16T22:15:00+00:00,2025-01-16T22:30:00+00:00,3289.43,3333.1995195994864,3201.8909608010267,43.76951959948656,2.0,2025-01-17T01:15:00+00:00,3333.1995195994864,SL,-1.0,0.1966989460761714,-1.1966989460761714,11,
DOGE,BREAKOUT,LONG,1545,1546,2025-01-17T02:15:00+00:00,2025-01-17T02:30:00+00:00,0.38875,0.38148798485736457,0.4032740302852708,0.007262015142635414,2.0,2025-01-17T08:15:00+00:00,0.4032740302852708,TP,2.0,0.14178313032230813,1.858216869677692,23,
SOL,BREAKOUT,LONG,1543,1544,2025-01-17T01:45:00+00:00,2025-01-17T02:00:00+00:00,214.37,210.78438259312549,221.54123481374904,3.585617406874519,2.0,2025-01-17T13:00:00+00:00,221.54123481374904,TP,2.0,0.15804380137473636,1.8419561986252637,44,
ADA,BREAKOUT,LONG,1604,1605,2025-01-17T17:00:00+00:00,2025-01-17T17:15:00+00:00,1.1488,1.1201551890656438,1.2060896218687125,0.028644810934356224,2.0,2025-01-17T17:30:00+00:00,1.1201551890656438,SL,-1.0,0.10297298706369098,-1.102972987063691,1,
LINK,BREAKOUT,LONG,1543,1544,2025-01-17T01:45:00+00:00,2025-01-17T02:00:00+00:00,23.763,23.227872981961358,24.83325403607729,0.5351270180386436,2.0,2025-01-17T20:30:00+00:00,24.83325403607729,TP,2.0,0.11805632703512339,1.8819436729648766,74,
AVAX,BREAKOUT,LONG,1542,1543,2025-01-17T01:30:00+00:00,2025-01-17T01:45:00+00:00,40.798,40.136311821625895,42.121376356748215,0.6616881783741064,2.0,2025-01-18T01:45:00+00:00,41.27,TIME,0.7133269346896827,0.1612366723282766,0.5520902623614061,96,
LINK,BREAKOUT,LONG,1633,1634,2025-01-18T00:15:00+00:00,2025-01-18T00:30:00+00:00,25.406,24.881024559252893,26.45595088149421,0.5249754407471059,2.0,2025-01-18T03:15:00+00:00,24.881024559252893,SL,-1.0,0.12452607656082844,-1.1245260765608285,11,
SOL,BREAKOUT,LONG,1644,1645,2025-01-18T03:00:00+00:00,2025-01-18T03:15:00+00:00,224.73,220.83212993209537,232.52574013580923,3.89787006790462,2.0,2025-01-18T03:45:00+00:00,220.83212993209537,SL,-1.0,0.1486018668711298,-1.1486018668711298,2,
BTC,BREAKOUT,LONG,1596,1597,2025-01-17T15:00:00+00:00,2025-01-17T15:15:00+00:00,103999.4,102935.8351592119,106126.52968157618,1063.5648407880944,2.0,2025-01-18T04:15:00+00:00,102935.8351592119,SL,-1.0,0.2529378514502572,-1.2529378514502572,52,
SOL,BREAKOUT,LONG,1658,1659,2025-01-18T06:30:00+00:00,2025-01-18T06:45:00+00:00,236.86,227.5550804136847,255.46983917263066,9.304919586315322,2.0,2025-01-18T15:45:00+00:00,255.46983917263066,TP,2.0,0.06878391424958746,1.9312160857504126,36,
XRP,BREAKOUT,LONG,1686,1687,2025-01-18T13:30:00+00:00,2025-01-18T13:45:00+00:00,3.2428,3.1626155954582327,3.4031688090835344,0.08018440454176723,2.0,2025-01-18T16:00:00+00:00,3.1626155954582327,SL,-1.0,0.1038486264465334,-1.1038486264465335,9,
SUI,BREAKOUT,LONG,1712,1713,2025-01-18T20:00:00+00:00,2025-01-18T20:15:00+00:00,5.1142,4.980032688397775,5.382534623204451,0.1341673116022255,2.0,2025-01-18T20:45:00+00:00,4.980032688397775,SL,-1.0,0.09780700185617668,-1.0978070018561767,2,
SOL,BREAKOUT,LONG,1726,1727,2025-01-18T23:30:00+00:00,2025-01-18T23:45:00+00:00,262.74,253.1052947028635,282.00941059427305,9.63470529713652,2.0,2025-01-19T03:00:00+00:00,253.1052947028635,SL,-1.0,0.06960242814204474,-1.0696024281420446,13,
AVAX,BREAKOUT,LONG,1734,1735,2025-01-19T01:30:00+00:00,2025-01-19T01:45:00+00:00,40.302,39.54815546621774,41.80968906756451,0.7538445337822566,2.0,2025-01-19T03:15:00+00:00,39.54815546621774,SL,-1.0,0.1377010742324578,-1.1377010742324578,6,
LINK,BREAKOUT,LONG,1735,1736,2025-01-19T01:45:00+00:00,2025-01-19T02:00:00+00:00,24.451,23.915746845330222,25.521506309339557,0.5352531546697783,2.0,2025-01-19T03:15:00+00:00,23.915746845330222,SL,-1.0,0.11747108886769811,-1.1174710888676982,5,
SOL,BREAKOUT,LONG,1746,1747,2025-01-19T04:30:00+00:00,2025-01-19T04:45:00+00:00,269.41,257.9889076198492,292.25218476030165,11.42109238015081,2.0,2025-01-19T11:00:00+00:00,292.25218476030165,TP,2.0,0.06393091097462525,1.9360690890253747,25,
ADA,BREAKOUT,LONG,1784,1785,2025-01-19T14:00:00+00:00,2025-01-19T14:15:00+00:00,1.0667,1.0377150159845907,1.1246699680308185,0.028984984015409276,2.0,2025-01-19T21:15:00+00:00,1.0377150159845907,SL,-1.0,0.09438471724964789,-1.094384717249648,28,
CRV,BREAKOUT,LONG,1786,1787,2025-01-19T14:30:00+00:00,2025-01-19T14:45:00+00:00,0.939,0.8983572219887607,1.0202855560224786,0.04064277801123928,2.0,2025-01-19T21:15:00+00:00,0.8983572219887607,SL,-1.0,0.05876971273776757,-1.0587697127377675,26,
BNB,BREAKOUT,LONG,1784,1785,2025-01-19T14:00:00+00:00,2025-01-19T14:15:00+00:00,699.74,690.7508632736931,717.7182734526139,8.989136726306924,2.0,2025-01-19T21:30:00+00:00,690.7508632736931,SL,-1.0,0.2010914036901569,-1.201091403690157,29,
UNI,BREAKOUT,LONG,1784,1785,2025-01-19T14:00:00+00:00,2025-01-19T14:15:00+00:00,13.992,13.577414626877529,14.821170746244945,0.41458537312247223,2.0,2025-01-19T21:45:00+00:00,13.577414626877529,SL,-1.0,0.08644839239022854,-1.0864483923902286,30,
LINK,BREAKOUT,LONG,1786,1787,2025-01-19T14:30:00+00:00,2025-01-19T14:45:00+00:00,25.022,24.082780516096317,26.90043896780736,0.9392194839036812,2.0,2025-01-19T22:00:00+00:00,24.082780516096317,SL,-1.0,0.06796730238772575,-1.0679673023877259,29,
FET,BREAKOUT,SHORT,1813,1814,2025-01-19T21:15:00+00:00,2025-01-19T21:30:00+00:00,1.2261,1.2635558403712557,1.1511883192574885,0.03745584037125571,2.0,2025-01-19T22:45:00+00:00,1.1511883192574885,TP,2.0,0.08250982448671533,1.9174901755132847,5,
LINK,BREAKOUT,LONG,1853,1854,2025-01-20T07:15:00+00:00,2025-01-20T07:30:00+00:00,26.251,24.99987724327714,28.753245513445723,1.2511227567228609,2.0,2025-01-20T12:15:00+00:00,24.99987724327714,SL,-1.0,0.053253080130025006,-1.053253080130025,19,
ADA,BREAKOUT,LONG,1853,1854,2025-01-20T07:15:00+00:00,2025-01-20T07:30:00+00:00,1.075,1.0329070573492272,1.1591858853015455,0.04209294265077279,2.0,2025-01-20T16:00:00+00:00,1.0329070573492272,SL,-1.0,0.06510067963860175,-1.0651006796386018,34,
SOL,BREAKOUT,LONG,2095,2096,2025-01-22T19:45:00+00:00,2025-01-22T20:00:00+00:00,265.22,257.36881887418735,280.9223622516254,7.851181125812673,2.0,2025-01-22T23:00:00+00:00,257.36881887418735,SL,-1.0,0.08653035175852254,-1.0865303517585225,12,
LINK,BREAKOUT,LONG,2167,2168,2025-01-23T13:45:00+00:00,2025-01-23T14:00:00+00:00,24.778,24.258768076347284,25.816463847305428,0.5192319236527148,2.0,2025-01-23T14:45:00+00:00,25.816463847305428,TP,2.0,0.12667326488478547,1.8733267351152145,3,
BNB,BREAKOUT,SHORT,2120,2121,2025-01-23T02:00:00+00:00,2025-01-23T02:15:00+00:00,691.0,696.9375345613373,679.1249308773254,5.937534561337316,2.0,2025-01-24T02:15:00+00:00,682.67,TIME,1.4029392021128495,0.3007596808999103,1.1021795212129393,96,
UNI,BREAKOUT,SHORT,2270,2271,2025-01-24T15:30:00+00:00,2025-01-24T15:45:00+00:00,12.782,13.004521916149763,12.336956167700475,0.2225219161497627,2.0,2025-01-24T17:30:00+00:00,13.004521916149763,SL,-1.0,0.15064798591988235,-1.1506479859198824,7,
XRP,BREAKOUT,LONG,2227,2228,2025-01-24T04:45:00+00:00,2025-01-24T05:00:00+00:00,3.1593,3.0988595654657343,3.2801808690685315,0.06044043453426573,2.0,2025-01-24T20:45:00+00:00,3.0988595654657343,SL,-1.0,0.13460537631464417,-1.1346053763146442,63,
LINK,BREAKOUT,LONG,2230,2231,2025-01-24T05:30:00+00:00,2025-01-24T05:45:00+00:00,26.022,25.295205621632775,27.475588756734446,0.7267943783672237,2.0,2025-01-24T21:00:00+00:00,25.295205621632775,SL,-1.0,0.09178987798171326,-1.0917898779817132,61,
BTC,BREAKOUT,LONG,2228,2229,2025-01-24T05:00:00+00:00,2025-01-24T05:15:00+00:00,104833.9,103455.9254235549,107589.84915289018,1377.9745764450927,2.0,2025-01-25T05:15:00+00:00,104582.1,TIME,-0.18273196349498955,0.1975659091638167,-0.3802978726588062,96,
CRV,BREAKOUT,SHORT,2290,2291,2025-01-24T20:30:00+00:00,2025-01-24T20:45:00+00:00,0.816,0.8391867716691913,0.7696264566616172,0.023186771669191364,2.0,2025-01-25T20:45:00+00:00,0.809,TIME,0.30189627516369205,0.09110798304047271,0.21078829212321934,96,
LINK,BREAKOUT,LONG,2466,2467,2025-01-26T16:30:00+00:00,2025-01-26T16:45:00+00:00,25.568,25.191065014476465,26.321869971047075,0.3769349855235369,2.0,2025-01-26T20:00:00+00:00,26.321869971047075,TP,2.0,0.17896144840115671,1.8210385515988432,13,
UNI,BREAKOUT,SHORT,2438,2439,2025-01-26T09:30:00+00:00,2025-01-26T09:45:00+00:00,12.018,12.165499731749083,11.723000536501836,0.14749973174908249,2.0,2025-01-26T22:00:00+00:00,11.723000536501836,TP,2.0,0.20924309713291644,1.7907569028670836,49,
FET,BREAKOUT,SHORT,2500,2501,2025-01-27T01:00:00+00:00,2025-01-27T01:15:00+00:00,1.1453,1.1728465748149077,1.0902068503701845,0.027546574814907743,2.0,2025-01-27T06:30:00+00:00,1.0902068503701845,TP,2.0,0.1054998280188532,1.8945001719811467,21,
AVAX,BREAKOUT,SHORT,2500,2501,2025-01-27T01:00:00+00:00,2025-01-27T01:15:00+00:00,35.087,35.870032594401465,33.52093481119708,0.7830325944014618,2.0,2025-01-27T07:15:00+00:00,33.52093481119708,TP,2.0,0.11390370706436802,1.886096292935632,24,
BNB,BREAKOUT,SHORT,2516,2517,2025-01-27T05:00:00+00:00,2025-01-27T05:15:00+00:00,651.15,658.7192777440972,636.0114445118055,7.569277744097235,2.0,2025-01-27T07:15:00+00:00,636.0114445118055,TP,2.0,0.22106598997113666,1.7789340100288633,8,
SUI,BREAKOUT,SHORT,2523,2524,2025-01-27T06:45:00+00:00,2025-01-27T07:00:00+00:00,3.6192,3.7319427666514033,3.393714466697194,0.11274276665140315,2.0,2025-01-27T13:00:00+00:00,3.7319427666514033,SL,-1.0,0.08476362502434552,-1.0847636250243455,24,
ETH,BREAKOUT,SHORT,2523,2524,2025-01-27T06:45:00+00:00,2025-01-27T07:00:00+00:00,3082.75,3134.182576224541,2979.8848475509176,51.43257622454121,2.0,2025-01-27T14:45:00+00:00,3134.182576224541,SL,-1.0,0.15713800362260574,-1.1571380036226058,31,
BTC,BREAKOUT,LONG,2547,2548,2025-01-27T12:45:00+00:00,2025-01-27T13:00:00+00:00,100567.6,99106.02099424241,103490.7580115152,1461.5790057575941,2.0,2025-01-27T17:15:00+00:00,99106.02099424241,SL,-1.0,0.17759950455635262,-1.1775995045563525,17,
CRV,BREAKOUT,SHORT,2570,2571,2025-01-27T18:30:00+00:00,2025-01-27T18:45:00+00:00,0.7,0.7255790794447349,0.6488418411105301,0.02557907944473492,2.0,2025-01-27T20:30:00+00:00,0.7255790794447349,SL,-1.0,0.07245189598328647,-1.0724518959832865,7,
BNB,BREAKOUT,SHORT,2624,2625,2025-01-28T08:00:00+00:00,2025-01-28T08:15:00+00:00,676.44,680.8608802565925,667.5982394868151,4.420880256592454,2.0,2025-01-28T19:00:00+00:00,667.5982394868151,TP,2.0,0.39522665395140394,1.604773346048596,43,
FET,BREAKOUT,SHORT,2658,2659,2025-01-28T16:30:00+00:00,2025-01-28T16:45:00+00:00,1.0321,1.0586508813731237,0.9789982372537527,0.02655088137312367,2.0,2025-01-28T21:45:00+00:00,0.9789982372537527,TP,2.0,0.09846858459005255,1.9015314154099474,20,
DOGE,BREAKOUT,SHORT,2679,2680,2025-01-28T21:45:00+00:00,2025-01-28T22:00:00+00:00,0.31654,0.32371394921762153,0.3021921015647569,0.007173949217621545,2.0,2025-01-29T00:45:00+00:00,0.32371394921762153,SL,-1.0,0.11602119122037212,-1.1160211912203721,11,
CRV,BREAKOUT,SHORT,2679,2680,2025-01-28T21:45:00+00:00,2025-01-28T22:00:00+00:00,0.677,0.6989239753916501,0.6331520492167,0.02192397539165003,2.0,2025-01-29T02:00:00+00:00,0.6989239753916501,SL,-1.0,0.08158653419627493,-1.081586534196275,16,
SUI,BREAKOUT,SHORT,2668,2669,2025-01-28T19:00:00+00:00,2025-01-28T19:15:00+00:00,3.7039,3.795116132654047,3.521467734691906,0.09121613265404704,2.0,2025-01-29T19:15:00+00:00,3.63,TIME,0.8101637051449946,0.10452175204752003,0.7056419530974746,96,
ETH,BREAKOUT,SHORT,2867,2868,2025-01-30T20:45:00+00:00,2025-01-30T21:00:00+00:00,3229.96,3271.577729733489,3146.7245405330223,41.617729733488886,2.0,2025-01-31T01:00:00+00:00,3271.577729733489,SL,-1.0,0.2030864994986114,-1.2030864994986115,16,
ADA,BREAKOUT,SHORT,3014,3015,2025-02-01T09:30:00+00:00,2025-02-01T09:45:00+00:00,0.9221,0.9344547828718532,0.8973904342562936,0.01235478287185321,2.0,2025-02-01T12:30:00+00:00,0.9344547828718532,SL,-1.0,0.19535116422255525,-1.1953511642225552,11,
DOGE,BREAKOUT,SHORT,2954,2955,2025-01-31T18:30:00+00:00,2025-01-31T18:45:00+00:00,0.32571,0.33263611212790584,0.3118577757441883,0.006926112127905837,2.0,2025-02-01T18:45:00+00:00,0.31926,TIME,0.9312583857850737,0.12105795928740112,0.8102004264976725,96,
AVAX,BREAKOUT,SHORT,3052,3053,2025-02-01T19:00:00+00:00,2025-02-01T19:15:00+00:00,33.169,33.64683121996995,32.2133375600601,0.4778312199699499,2.0,2025-02-01T22:30:00+00:00,32.2133375600601,TP,2.0,0.17788088194284052,1.8221191180571594,13,
FET,BREAKOUT,SHORT,3053,3054,2025-02-01T19:15:00+00:00,2025-02-01T19:30:00+00:00,0.9812,1.000938070501717,0.9417238589965659,0.019738070501717053,2.0,2025-02-01T23:00:00+00:00,0.9417238589965659,TP,2.0,0.12664870238851733,1.8733512976114826,14,
ADA,BREAKOUT,SHORT,3053,3054,2025-02-01T19:15:00+00:00,2025-02-01T19:30:00+00:00,0.9144,0.9278773541834717,0.8874452916330565,0.013477354183471735,2.0,2025-02-01T23:15:00+00:00,0.8874452916330565,TP,2.0,0.17380257632433735,1.8261974236756626,15,
BNB,BREAKOUT,SHORT,3065,3066,2025-02-01T22:15:00+00:00,2025-02-01T22:30:00+00:00,654.75,660.050890718201,644.148218563598,5.300890718201003,2.0,2025-02-02T00:45:00+00:00,660.050890718201,SL,-1.0,0.32244414171091185,-1.3224441417109118,9,
SUI,BREAKOUT,SHORT,3053,3054,2025-02-01T19:15:00+00:00,2025-02-01T19:30:00+00:00,3.8512,3.9278068715218,3.6979862569564,0.07660687152180001,2.0,2025-02-02T03:00:00+00:00,3.6979862569564,TP,2.0,0.12810785689441145,1.8718921431055886,30,
ETH,BREAKOUT,SHORT,3085,3086,2025-02-02T03:15:00+00:00,2025-02-02T03:30:00+00:00,3077.33,3125.95382344896,2980.0823531020797,48.62382344896014,2.0,2025-02-02T06:00:00+00:00,3125.95382344896,SL,-1.0,0.16585016147380136,-1.1658501614738013,10,
ADA,BREAKOUT,SHORT,3084,3085,2025-02-02T03:00:00+00:00,2025-02-02T03:15:00+00:00,0.8753,0.8940514878710956,0.8377970242578088,0.018751487871095596,2.0,2025-02-02T06:15:00+00:00,0.8940514878710956,SL,-1.0,0.12266530261729214,-1.1226653026172921,12,
CRV,BREAKOUT,SHORT,3053,3054,2025-02-01T19:15:00+00:00,2025-02-01T19:30:00+00:00,0.708,0.7281413515621296,0.6677172968757408,0.020141351562129595,2.0,2025-02-02T10:00:00+00:00,0.6677172968757408,TP,2.0,0.08879406530498829,1.9112059346950117,58,
ETH,BREAKOUT,SHORT,3118,3119,2025-02-02T11:30:00+00:00,2025-02-02T11:45:00+00:00,3054.85,3097.567375368349,2969.4152492633016,42.71737536834917,2.0,2025-02-02T14:15:00+00:00,3097.567375368349,SL,-1.0,0.18723394213739464,-1.1872339421373947,10,
AVAX,BREAKOUT,SHORT,3084,3085,2025-02-02T03:00:00+00:00,2025-02-02T03:15:00+00:00,31.38,32.05633438404905,30.027331231901893,0.6763343840490528,2.0,2025-02-02T16:30:00+00:00,30.027331231901893,TP,2.0,0.11803263664276846,1.8819673633572316,53,
SUI,BREAKOUT,SHORT,3118,3119,2025-02-02T11:30:00+00:00,2025-02-02T11:45:00+00:00,3.6401,3.7220649417667957,3.4761701164664083,0.0819649417667958,2.0,2025-02-02T16:45:00+00:00,3.4761701164664083,TP,2.0,0.11286717164671972,1.8871328283532802,20,
UNI,BREAKOUT,SHORT,3118,3119,2025-02-02T11:30:00+00:00,2025-02-02T11:45:00+00:00,10.441,10.645822938408651,10.0313541231827,0.2048229384086504,2.0,2025-02-02T17:00:00+00:00,10.0313541231827,TP,2.0,0.12993691315490621,1.8700630868450938,21,
CRV,BREAKOUT,SHORT,3138,3139,2025-02-02T16:30:00+00:00,2025-02-02T16:45:00+00:00,0.606,0.6298658596557903,0.5582682806884193,0.023865859655790356,2.0,2025-02-02T18:30:00+00:00,0.5582682806884193,TP,2.0,0.06341899209684351,1.9365810079031565,7,
BNB,BREAKOUT,SHORT,3140,3141,2025-02-02T17:00:00+00:00,2025-02-02T17:15:00+00:00,633.14,641.8381490892468,615.7437018215063,8.69814908924684,2.0,2025-02-02T18:45:00+00:00,615.7437018215063,TP,2.0,0.18665451646202338,1.8133454835379765,6,
SUI,BREAKOUT,SHORT,3147,3148,2025-02-02T18:45:00+00:00,2025-02-02T19:00:00+00:00,3.2637,3.3983226123372017,2.994454775325597,0.13462261233720163,2.0,2025-02-02T19:30:00+00:00,3.3983226123372017,SL,-1.0,0.06433264995887383,-1.0643326499588739,2,
AVAX,BREAKOUT,SHORT,3147,3148,2025-02-02T18:45:00+00:00,2025-02-02T19:00:00+00:00,27.81,28.90193179288548,25.626136414229034,1.0919317928854824,2.0,2025-02-02T20:15:00+00:00,28.90193179288548,SL,-1.0,0.06751842176508838,-1.0675184217650884,5,
FET,BREAKOUT,SHORT,3139,3140,2025-02-02T16:45:00+00:00,2025-02-02T17:00:00+00:00,0.8677,0.8979801262675393,0.8071397474649215,0.030280126267539287,2.0,2025-02-02T22:30:00+00:00,0.8071397474649215,TP,2.0,0.07190497333026265,1.9280950266697374,22,
ADA,BREAKOUT,SHORT,3142,3143,2025-02-02T17:30:00+00:00,2025-02-02T17:45:00+00:00,0.8128,0.8396883403033464,0.7590233193933071,0.026888340303346414,2.0,2025-02-02T22:30:00+00:00,0.7590233193933071,TP,2.0,0.0759946613349352,1.9240053386650648,19,
FET,BREAKOUT,SHORT,3175,3176,2025-02-03T01:45:00+00:00,2025-02-03T02:00:00+00:00,0.6833,0.7515847038715248,0.5467305922569505,0.06828470387152474,2.0,2025-02-03T10:30:00+00:00,0.7515847038715248,SL,-1.0,0.027317246898259567,-1.0273172468982597,34,
BNB,BREAKOUT,SHORT,3225,3226,2025-02-03T14:15:00+00:00,2025-02-03T14:30:00+00:00,561.2,576.384500148839,530.8309997023221,15.184500148838993,2.0,2025-02-03T14:30:00+00:00,576.384500148839,SL,-1.0,0.09739272519329949,-1.0973927251932996,0,True
ETH,BREAKOUT,SHORT,3286,3287,2025-02-04T05:30:00+00:00,2025-02-04T05:45:00+00:00,2676.32,2758.305664373751,2512.3486712524987,81.98566437375075,2.0,2025-02-04T11:00:00+00:00,2758.305664373751,SL,-1.0,0.08617376486062692,-1.086173764860627,21,
AVAX,BREAKOUT,SHORT,3287,3288,2025-02-04T05:45:00+00:00,2025-02-04T06:00:00+00:00,25.941,26.798427262375,24.226145475249997,0.8574272623750012,2.0,2025-02-04T12:30:00+00:00,26.798427262375,SL,-1.0,0.07996159960108873,-1.0799615996010887,26,
FET,BREAKOUT,SHORT,3287,3288,2025-02-04T05:45:00+00:00,2025-02-04T06:00:00+00:00,0.7814,0.813100764144782,0.7179984717104358,0.03170076414478207,2.0,2025-02-04T12:30:00+00:00,0.813100764144782,SL,-1.0,0.0653880450301198,-1.0653880450301199,26,
CRV,BREAKOUT,SHORT,3287,3288,2025-02-04T05:45:00+00:00,2025-02-04T06:00:00+00:00,0.51,0.5348674016559156,0.4602651966881688,0.02486740165591561,2.0,2025-02-04T14:30:00+00:00,0.5348674016559156,SL,-1.0,0.05462282070911751,-1.0546228207091175,34,
BNB,BREAKOUT,SHORT,3351,3352,2025-02-04T21:45:00+00:00,2025-02-04T22:00:00+00:00,559.83,572.2118261597477,535.0663476805047,12.381826159747675,2.0,2025-02-04T23:00:00+00:00,572.2118261597477,SL,-1.0,0.11885600355074462,-1.1188560035507447,4,
ETH,BREAKOUT,SHORT,3351,3352,2025-02-04T21:45:00+00:00,2025-02-04T22:00:00+00:00,2637.94,2729.4005057725717,2455.0189884548568,91.46050577257165,2.0,2025-02-04T23:00:00+00:00,2729.4005057725717,SL,-1.0,0.0762902260223107,-1.0762902260223106,4,
LINK,BREAKOUT,SHORT,3351,3352,2025-02-04T21:45:00+00:00,2025-02-04T22:00:00+00:00,19.34,20.16180313427413,17.69639373145174,0.8218031342741305,2.0,2025-02-05T01:00:00+00:00,20.16180313427413,SL,-1.0,0.062487403531156,-1.062487403531156,12,
CRV,BREAKOUT,SHORT,3351,3352,2025-02-04T21:45:00+00:00,2025-02-04T22:00:00+00:00,0.506,0.5330037164557939,0.4519925670884122,0.027003716455793914,2.0,2025-02-05T05:45:00+00:00,0.5330037164557939,SL,-1.0,0.05001921989529426,-1.0500192198952942,31,
FET,BREAKOUT,SHORT,3344,3345,2025-02-04T20:00:00+00:00,2025-02-04T20:15:00+00:00,0.7787,0.8132432561742399,0.7096134876515201,0.03454325617423992,2.0,2025-02-05T20:15:00+00:00,0.7657,TIME,0.3763397386287643,0.058121909233826805,0.3182178293949375,96,
DOGE,BREAKOUT,SHORT,3515,3516,2025-02-06T14:45:00+00:00,2025-02-06T15:00:00+00:00,0.25559,0.2610669972792267,0.2446360054415465,0.005476997279226736,2.0,2025-02-06T19:00:00+00:00,0.2446360054415465,TP,2.0,0.11873181123175973,1.8812681887682403,16,
AVAX,BREAKOUT,SHORT,3515,3516,2025-02-06T14:45:00+00:00,2025-02-06T15:00:00+00:00,25.544,26.16349222399437,24.30501555201126,0.6194922239943708,2.0,2025-02-06T23:30:00+00:00,24.30501555201126,TP,2.0,0.10460780249955727,1.8953921975004426,34,
XRP,BREAKOUT,SHORT,3518,3519,2025-02-06T15:30:00+00:00,2025-02-06T15:45:00+00:00,2.3078,2.3778619233363063,2.167676153327387,0.07006192333630645,2.0,2025-02-07T10:00:00+00:00,2.3778619233363063,SL,-1.0,0.08694252470201062,-1.0869425247020106,73,
BTC,BREAKOUT,SHORT,3518,3519,2025-02-06T15:30:00+00:00,2025-02-06T15:45:00+00:00,97140.3,98242.23407595551,94936.43184808899,1101.9340759555053,2.0,2025-02-07T13:30:00+00:00,98242.23407595551,SL,-1.0,0.23050135197833582,-1.2305013519783359,87,
LINK,BREAKOUT,SHORT,3515,3516,2025-02-06T14:45:00+00:00,2025-02-06T15:00:00+00:00,19.124,19.60179146334996,18.168417073300073,0.4777914633499627,2.0,2025-02-07T13:45:00+00:00,19.60179146334996,SL,-1.0,0.10536715861220898,-1.105367158612209,91,
SUI,BREAKOUT,SHORT,3620,3621,2025-02-07T17:00:00+00:00,2025-02-07T17:15:00+00:00,3.1427,3.266192211712956,2.8957155765740885,0.12349221171295577,2.0,2025-02-08T05:30:00+00:00,2.8957155765740885,TP,2.0,0.06356627791064791,1.9364337220893522,49,
BNB,BREAKOUT,SHORT,3634,3635,2025-02-07T20:30:00+00:00,2025-02-07T20:45:00+00:00,574.44,581.0927573214432,561.1344853571138,6.652757321443119,2.0,2025-02-08T10:30:00+00:00,581.0927573214432,SL,-1.0,0.22579999719454968,-1.2257999971945497,55,
CRV,BREAKOUT,SHORT,3634,3635,2025-02-07T20:30:00+00:00,2025-02-07T20:45:00+00:00,0.474,0.4920592095401162,0.4378815809197675,0.01805920954011625,2.0,2025-02-08T17:00:00+00:00,0.4920592095401162,SL,-1.0,0.06954218951900298,-1.069542189519003,81,
AVAX,BREAKOUT,SHORT,3621,3622,2025-02-07T17:15:00+00:00,2025-02-07T17:30:00+00:00,24.772,25.457493138311808,23.40101372337638,0.6854931383118092,2.0,2025-02-08T17:30:00+00:00,24.544,TIME,0.33260726804866714,0.09352507912462579,0.23908218892404134,96,
ADA,BREAKOUT,SHORT,3632,3633,2025-02-07T20:00:00+00:00,2025-02-07T20:15:00+00:00,0.7028,0.7213082694260529,0.6657834611478942,0.01850826942605288,2.0,2025-02-08T20:15:00+00:00,0.6996,TIME,0.17289568929094742,0.09850299658128563,0.0743926927096618,96,
AVAX,BREAKOUT,SHORT,3799,3800,2025-02-09T13:45:00+00:00,2025-02-09T14:00:00+00:00,24.542,24.942892142071177,23.74021571585765,0.4008921420711751,2.0,2025-02-09T15:00:00+00:00,24.942892142071177,SL,-1.0,0.16046799882964835,-1.1604679988296485,4,
FET,BREAKOUT,SHORT,3799,3800,2025-02-09T13:45:00+00:00,2025-02-09T14:00:00+00:00,0.7451,0.7620801798967436,0.7111396402065128,0.016980179896743608,2.0,2025-02-09T15:00:00+00:00,0.7620801798967436,SL,-1.0,0.11538948619982053,-1.1153894861998206,4,
LINK,BREAKOUT,SHORT,3830,3831,2025-02-09T21:30:00+00:00,2025-02-09T21:45:00+00:00,17.679,18.13012337620724,16.776753247585514,0.4511233762072422,2.0,2025-02-09T22:30:00+00:00,18.13012337620724,SL,-1.0,0.10319097356569677,-1.1031909735656968,3,
UNI,BREAKOUT,SHORT,3830,3831,2025-02-09T21:30:00+00:00,2025-02-09T21:45:00+00:00,8.822,9.000210584720927,8.465578830558144,0.17821058472092766,2.0,2025-02-09T22:30:00+00:00,9.000210584720927,SL,-1.0,0.13000840436284386,-1.1300084043628438,3,
BNB,BREAKOUT,SHORT,3849,3850,2025-02-10T02:15:00+00:00,2025-02-10T02:30:00+00:00,598.1,609.4429458021154,575.4141083957692,11.342945802115423,2.0,2025-02-10T03:30:00+00:00,609.4429458021154,SL,-1.0,0.13839489819743175,-1.1383948981974317,4,
SUI,BREAKOUT,SHORT,3991,3992,2025-02-11T13:45:00+00:00,2025-02-11T14:00:00+00:00,3.3896,3.4845712126787842,3.199657574642432,0.09497121267878406,2.0,2025-02-11T14:30:00+00:00,3.4845712126787842,SL,-1.0,0.09409611949157261,-1.0940961194915726,2,
FET,BREAKOUT,SHORT,3991,3992,2025-02-11T13:45:00+00:00,2025-02-11T14:00:00+00:00,0.7747,0.7955877878379853,0.7329244243240295,0.020887787837985283,2.0,2025-02-11T15:00:00+00:00,0.7955877878379853,SL,-1.0,0.09773050837279475,-1.0977305083727948,4,
DOGE,BREAKOUT,SHORT,3990,3991,2025-02-11T13:30:00+00:00,2025-02-11T13:45:00+00:00,0.25981,0.26397941116315354,0.25147117767369287,0.004169411163153558,2.0,2025-02-11T18:45:00+00:00,0.25147117767369287,TP,2.0,0.15941472427801462,1.8405852757219854,20,
SOL,BREAKOUT,SHORT,3977,3978,2025-02-11T10:15:00+00:00,2025-02-11T10:30:00+00:00,201.17,204.1004007939868,195.30919841202635,2.93040079398682,2.0,2025-02-11T19:30:00+00:00,195.30919841202635,TP,2.0,0.17588821262718798,1.824111787372812,36,
DOGE,BREAKOUT,SHORT,4014,4015,2025-02-11T19:30:00+00:00,2025-02-11T19:45:00+00:00,0.24911,0.25406089972606727,0.23920820054786546,0.0049508997260672705,2.0,2025-02-11T21:30:00+00:00,0.25406089972606727,SL,-1.0,0.13212187800933045,-1.1321218780093305,7,
CRV,BREAKOUT,SHORT,3991,3992,2025-02-11T13:45:00+00:00,2025-02-11T14:00:00+00:00,0.552,0.5693470677195699,0.5173058645608604,0.017347067719569842,2.0,2025-02-12T04:30:00+00:00,0.5173058645608604,TP,2.0,0.080134443838073,1.919865556161927,58,
BTC,BREAKOUT,SHORT,4004,4005,2025-02-11T17:00:00+00:00,2025-02-11T17:15:00+00:00,96047.9,96841.18026653818,94461.33946692361,793.2802665381896,2.0,2025-02-12T13:30:00+00:00,94461.33946692361,TP,2.0,0.3121998891864253,1.6878001108135747,81,
FET,BREAKOUT,SHORT,4009,4010,2025-02-11T18:15:00+00:00,2025-02-11T18:30:00+00:00,0.7611,0.7833711039839495,0.716557792032101,0.022271103983949492,2.0,2025-02-12T13:30:00+00:00,0.716557792032101,TP,2.0,0.08625325134425936,1.9137467486557407,76,
AVAX,BREAKOUT,SHORT,4087,4088,2025-02-12T13:45:00+00:00,2025-02-12T14:00:00+00:00,24.762,25.434944051545635,23.41611189690873,0.6729440515456346,2.0,2025-02-12T16:45:00+00:00,25.434944051545635,SL,-1.0,0.09697095489161046,-1.0969709548916105,11,
ETH,BREAKOUT,SHORT,4087,4088,2025-02-12T13:45:00+00:00,2025-02-12T14:00:00+00:00,2594.62,2645.4933617705783,2492.873276458843,50.87336177057841,2.0,2025-02-12T16:45:00+00:00,2645.4933617705783,SL,-1.0,0.13390401446285824,-1.1339040144628583,11,
UNI,BREAKOUT,SHORT,4087,4088,2025-02-12T13:45:00+00:00,2025-02-12T14:00:00+00:00,9.266,9.510418908694113,8.777162182611773,0.2444189086941133,2.0,2025-02-12T16:45:00+00:00,9.510418908694113,SL,-1.0,0.0998668421838438,-1.0998668421838438,11,
AVAX,BREAKOUT,SHORT,4308,4309,2025-02-14T21:00:00+00:00,2025-02-14T21:15:00+00:00,26.105,26.654244353132,25.006511293736,0.5492443531319999,2.0,2025-02-15T01:30:00+00:00,26.654244353132,SL,-1.0,0.12487523498050071,-1.1248752349805007,17,
FET,BREAKOUT,SHORT,4308,4309,2025-02-14T21:00:00+00:00,2025-02-14T21:15:00+00:00,0.8004,0.8210225722562609,0.7591548554874783,0.02062257225626085,2.0,2025-02-15T20:45:00+00:00,0.7591548554874783,TP,2.0,0.09831078717729853,1.9016892128227014,94,
CRV,BREAKOUT,SHORT,4308,4309,2025-02-14T21:00:00+00:00,2025-02-14T21:15:00+00:00,0.527,0.5432556415622606,0.4944887168754789,0.01625564156226056,2.0,2025-02-15T21:15:00+00:00,0.508,TIME,1.1688249846816763,0.08277126404679969,1.0860537206348766,96,
SOL,BREAKOUT,SHORT,4531,4532,2025-02-17T04:45:00+00:00,2025-02-17T05:00:00+00:00,183.08,185.87980853107717,177.4803829378457,2.7998085310771614,2.0,2025-02-17T12:15:00+00:00,185.87980853107717,SL,-1.0,0.171314483032119,-1.171314483032119,29,
SUI,BREAKOUT,SHORT,4575,4576,2025-02-17T15:45:00+00:00,2025-02-17T16:00:00+00:00,3.2207,3.2927452784595963,3.076609443080807,0.0720452784595964,2.0,2025-02-18T06:00:00+00:00,3.076609443080807,TP,2.0,0.11362996231038384,1.8863700376896162,56,
AVAX,BREAKOUT,SHORT,4576,4577,2025-02-17T16:00:00+00:00,2025-02-17T16:15:00+00:00,25.037,25.547015023364466,24.016969953271065,0.5100150233644669,2.0,2025-02-18T06:00:00+00:00,24.016969953271065,TP,2.0,0.12503584800026754,1.8749641519997324,55,
CRV,BREAKOUT,SHORT,4576,4577,2025-02-17T16:00:00+00:00,2025-02-17T16:15:00+00:00,0.526,0.5416678977029834,0.49466420459403326,0.01566789770298338,2.0,2025-02-18T06:00:00+00:00,0.49466420459403326,TP,2.0,0.08468675830833326,1.9153132416916667,55,
LINK,BREAKOUT,SHORT,4576,4577,2025-02-17T16:00:00+00:00,2025-02-17T16:15:00+00:00,19.152,19.608554329546397,18.23889134090721,0.4565543295463961,2.0,2025-02-18T06:00:00+00:00,18.23889134090721,TP,2.0,0.10646741383763332,1.8935325861623666,55,
FET,BREAKOUT,SHORT,4576,4577,2025-02-17T16:00:00+00:00,2025-02-17T16:15:00+00:00,0.7679,0.7889661109501757,0.7257677780996488,0.02106611095017563,2.0,2025-02-18T08:45:00+00:00,0.7257677780996488,TP,2.0,0.09217496841833327,1.9078250315816667,66,
ETH,BREAKOUT,SHORT,4632,4633,2025-02-18T06:00:00+00:00,2025-02-18T06:15:00+00:00,2655.36,2691.736295128541,2582.6074097429187,36.37629512854073,2.0,2025-02-18T09:15:00+00:00,2691.736295128541,SL,-1.0,0.191092170302225,-1.191092170302225,12,
SUI,BREAKOUT,SHORT,4643,4644,2025-02-18T08:45:00+00:00,2025-02-18T09:00:00+00:00,3.0295,3.0936778128240294,2.9011443743519414,0.06417781282402935,2.0,2025-02-18T09:15:00+00:00,3.0936778128240294,SL,-1.0,0.12403244682858404,-1.124032446828584,1,
SOL,BREAKOUT,SHORT,4632,4633,2025-02-18T06:00:00+00:00,2025-02-18T06:15:00+00:00,167.43,171.17924996330783,159.93150007338437,3.7492499633078182,2.0,2025-02-18T12:30:00+00:00,171.17924996330783,SL,-1.0,0.11740802274061658,-1.1174080227406167,25,
LINK,BREAKOUT,SHORT,4640,4641,2025-02-18T08:00:00+00:00,2025-02-18T08:15:00+00:00,18.03,18.364407658781158,17.36118468243769,0.3344076587811564,2.0,2025-02-18T14:15:00+00:00,18.364407658781158,SL,-1.0,0.14148219609819998,-1.1414821960982,24,
DOGE,BREAKOUT,SHORT,4675,4676,2025-02-18T16:45:00+00:00,2025-02-18T17:00:00+00:00,0.24297,0.2486069292322272,0.2316961415355456,0.005636929232227195,2.0,2025-02-18T18:45:00+00:00,0.2486069292322272,SL,-1.0,0.11336846387007092,-1.113368463870071,7,
CRV,BREAKOUT,SHORT,4674,4675,2025-02-18T16:30:00+00:00,2025-02-18T16:45:00+00:00,0.474,0.4911274150224739,0.4397451699550521,0.017127415022473946,2.0,2025-02-18T22:30:00+00:00,0.4911274150224739,SL,-1.0,0.0732548162044822,-1.0732548162044822,23,
LINK,BREAKOUT,SHORT,4675,4676,2025-02-18T16:45:00+00:00,2025-02-18T17:00:00+00:00,17.394,17.828804989313355,16.524390021373286,0.4348049893133563,2.0,2025-02-18T22:30:00+00:00,17.828804989313355,SL,-1.0,0.10531076600206067,-1.1053107660020607,22,
FET,BREAKOUT,SHORT,4668,4669,2025-02-18T15:00:00+00:00,2025-02-18T15:15:00+00:00,0.7289,0.746508452837866,0.6936830943242679,0.01760845283786605,2.0,2025-02-19T07:00:00+00:00,0.746508452837866,SL,-1.0,0.1089267186816437,-1.1089267186816436,63,
AVAX,BREAKOUT,SHORT,4675,4676,2025-02-18T16:45:00+00:00,2025-02-18T17:00:00+00:00,23.09,23.67234475656079,21.92531048687842,0.58234475656079,2.0,2025-02-19T07:00:00+00:00,23.67234475656079,SL,-1.0,0.10439013573771767,-1.1043901357377177,56,
ADA,BREAKOUT,SHORT,4763,4764,2025-02-19T14:45:00+00:00,2025-02-19T15:00:00+00:00,0.7521,0.7686297515775034,0.7190404968449933,0.01652975157750336,2.0,2025-02-19T16:15:00+00:00,0.7686297515775034,SL,-1.0,0.11959941852612833,-1.1195994185261284,5,
SOL,BREAKOUT,SHORT,4764,4765,2025-02-19T15:00:00+00:00,2025-02-19T15:15:00+00:00,168.46,171.8584016578218,161.66319668435645,3.398401657821779,2.0,2025-02-19T17:00:00+00:00,171.8584016578218,SL,-1.0,0.13018294089426014,-1.13018294089426,7,
LINK,BREAKOUT,SHORT,4764,4765,2025-02-19T15:00:00+00:00,2025-02-19T15:15:00+00:00,17.772,18.107930529962527,17.10013894007494,0.33593052996252837,2.0,2025-02-20T00:45:00+00:00,18.107930529962527,SL,-1.0,0.13884986784069375,-1.1388498678406938,38,
UNI,BREAKOUT,SHORT,4860,4861,2025-02-20T15:00:00+00:00,2025-02-20T15:15:00+00:00,9.09,9.25382128705096,8.762357425898081,0.16382128705095944,2.0,2025-02-20T17:00:00+00:00,9.25382128705096,SL,-1.0,0.1455669657005456,-1.1455669657005456,7,
AVAX,BREAKOUT,SHORT,4973,4974,2025-02-21T19:15:00+00:00,2025-02-21T19:30:00+00:00,24.113,24.864682472706647,22.609635054586704,0.7516824727066478,2.0,2025-02-22T00:30:00+00:00,24.864682472706647,SL,-1.0,0.08470463197745323,-1.0847046319774531,20,
UNI,BREAKOUT,SHORT,4973,4974,2025-02-21T19:15:00+00:00,2025-02-21T19:30:00+00:00,8.754,9.004673293985984,8.25265341202803,0.2506732939859848,2.0,2025-02-22T15:45:00+00:00,9.004673293985984,SL,-1.0,0.09209706752196961,-1.0920970675219697,81,
LINK,BREAKOUT,SHORT,4966,4967,2025-02-21T17:30:00+00:00,2025-02-21T17:45:00+00:00,17.733,18.24129807238268,16.716403855234642,0.5082980723826793,2.0,2025-02-22T17:45:00+00:00,17.945,TIME,-0.4170781112866243,0.09124842788127104,-0.5083265391678954,96,
XRP,BREAKOUT,SHORT,5151,5152,2025-02-23T15:45:00+00:00,2025-02-23T16:00:00+00:00,2.5204,2.5456332962216637,2.4699334075566726,0.025233296221663704,2.0,2025-02-23T16:45:00+00:00,2.5456332962216637,SL,-1.0,0.2609981362416685,-1.2609981362416685,3,
BTC,BREAKOUT,SHORT,5157,5158,2025-02-23T17:15:00+00:00,2025-02-23T17:30:00+00:00,95212.1,95594.86465207477,94446.57069585047,382.76465207476576,2.0,2025-02-23T17:45:00+00:00,95594.86465207477,SL,-1.0,0.6480458754567691,-1.648045875456769,1,
SOL,BREAKOUT,SHORT,5191,5192,2025-02-24T01:45:00+00:00,2025-02-24T02:00:00+00:00,163.52,166.1766997232847,158.2066005534306,2.656699723284703,2.0,2025-02-24T04:30:00+00:00,158.2066005534306,TP,2.0,0.15743012921398156,1.8425698707860185,10,
ADA,BREAKOUT,SHORT,5196,5197,2025-02-24T03:00:00+00:00,2025-02-24T03:15:00+00:00,0.7504,0.7621359406524677,0.7269281186950645,0.011735940652467747,2.0,2025-02-24T04:30:00+00:00,0.7269281186950645,TP,2.0,0.16364487612671674,1.8363551238732834,5,
SOL,BREAKOUT,SHORT,5225,5226,2025-02-24T10:15:00+00:00,2025-02-24T10:30:00+00:00,156.02,159.20172486655477,149.6565502668905,3.1817248665547595,2.0,2025-02-24T11:45:00+00:00,159.20172486655477,SL,-1.0,0.12879436768215877,-1.1287943676821588,5,
DOGE,BREAKOUT,SHORT,5196,5197,2025-02-24T03:00:00+00:00,2025-02-24T03:15:00+00:00,0.2325,0.23640790726496583,0.22468418547006838,0.003907907264965815,2.0,2025-02-24T14:45:00+00:00,0.22468418547006838,TP,2.0,0.1520863727855855,1.8479136272144145,46,
CRV,BREAKOUT,SHORT,5201,5202,2025-02-24T04:15:00+00:00,2025-02-24T04:30:00+00:00,0.485,0.4984973507360715,0.458005298527857,0.0134973507360715,2.0,2025-02-24T15:00:00+00:00,0.458005298527857,TP,2.0,0.09082574144050308,1.9091742585594969,42,
UNI,BREAKOUT,SHORT,5201,5202,2025-02-24T04:15:00+00:00,2025-02-24T04:30:00+00:00,8.661,8.826012211011621,8.330975577976757,0.16501221101162145,2.0,2025-02-24T15:00:00+00:00,8.330975577976757,TP,2.0,0.13386626429612572,1.8661337357038743,42,
ADA,BREAKOUT,SHORT,5243,5244,2025-02-24T14:45:00+00:00,2025-02-24T15:00:00+00:00,0.7149,0.7303356672288658,0.6840286655422684,0.015435667228865801,2.0,2025-02-24T17:15:00+00:00,0.7303356672288658,SL,-1.0,0.1217185068543084,-1.1217185068543083,9,
LINK,BREAKOUT,SHORT,5201,5202,2025-02-24T04:15:00+00:00,2025-02-24T04:30:00+00:00,16.664,16.989491400042507,16.01301719991499,0.3254914000425053,2.0,2025-02-24T19:30:00+00:00,16.01301719991499,TP,2.0,0.13051073654892908,1.869489263451071,60,
AVAX,BREAKOUT,SHORT,5243,5244,2025-02-24T14:45:00+00:00,2025-02-24T15:00:00+00:00,23.129,23.60529692638581,22.17640614722838,0.47629692638581034,2.0,2025-02-24T22:00:00+00:00,22.17640614722838,TP,2.0,0.12365611602475278,1.8763438839752473,28,
BTC,BREAKOUT,SHORT,5243,5244,2025-02-24T14:45:00+00:00,2025-02-24T15:00:00+00:00,94638.6,95425.28313211126,93065.2337357775,786.683132111255,2.0,2025-02-24T22:00:00+00:00,93065.2337357775,TP,2.0,0.3101820464888288,1.6898179535111713,28,
SOL,BREAKOUT,SHORT,5246,5247,2025-02-24T15:30:00+00:00,2025-02-24T15:45:00+00:00,152.21,156.2280526363168,144.17389472736645,4.0180526363167814,2.0,2025-02-24T22:00:00+00:00,144.17389472736645,TP,2.0,0.09589198998118838,1.9041080100188117,25,
BTC,BREAKOUT,SHORT,5276,5277,2025-02-24T23:00:00+00:00,2025-02-24T23:15:00+00:00,92458.2,93737.22042373505,89900.15915252989,1279.0204237350554,2.0,2025-02-25T07:00:00+00:00,89900.15915252989,TP,2.0,0.18534955540897305,1.814650444591027,31,
BNB,BREAKOUT,SHORT,5309,5310,2025-02-25T07:15:00+00:00,2025-02-25T07:30:00+00:00,591.24,606.3967639690328,560.9264720619344,15.156763969032795,2.0,2025-02-25T08:15:00+00:00,606.3967639690328,SL,-1.0,0.10272164931384728,-1.1027216493138472,3,
UNI,BREAKOUT,SHORT,5308,5309,2025-02-25T07:00:00+00:00,2025-02-25T07:15:00+00:00,7.621,7.894312285469884,7.0743754290602325,0.27331228546988395,2.0,2025-02-25T11:45:00+00:00,7.894312285469884,SL,-1.0,0.073798021689491,-1.073798021689491,18,
AVAX,BREAKOUT,SHORT,5309,5310,2025-02-25T07:15:00+00:00,2025-02-25T07:30:00+00:00,20.653,21.53349130255395,18.892017394892093,0.8804913025539527,2.0,2025-02-25T12:00:00+00:00,21.53349130255395,SL,-1.0,0.06228617878932384,-1.0622861787893239,18,
LINK,BREAKOUT,SHORT,5308,5309,2025-02-25T07:00:00+00:00,2025-02-25T07:15:00+00:00,14.524,15.112688416379253,13.346623167241491,0.5886884163792541,2.0,2025-02-25T19:45:00+00:00,15.112688416379253,SL,-1.0,0.0654466673189508,-1.0654466673189509,50,
ADA,BREAKOUT,SHORT,5309,5310,2025-02-25T07:15:00+00:00,2025-02-25T07:30:00+00:00,0.6542,0.6814862065490905,0.5996275869018189,0.02728620654909053,2.0,2025-02-25T20:15:00+00:00,0.6814862065490905,SL,-1.0,0.06363625758640654,-1.0636362575864065,51,
BTC,BREAKOUT,SHORT,5341,5342,2025-02-25T15:15:00+00:00,2025-02-25T15:30:00+00:00,86580.3,88373.20115954177,82994.49768091647,1792.9011595417687,2.0,2025-02-25T20:15:00+00:00,88373.20115954177,SL,-1.0,0.12685559953875736,-1.1268555995387572,19,
BNB,BREAKOUT,SHORT,5451,5452,2025-02-26T18:45:00+00:00,2025-02-26T19:00:00+00:00,597.94,609.9934276031894,573.8331447936214,12.053427603189334,2.0,2025-02-26T20:30:00+00:00,609.9934276031894,SL,-1.0,0.13027941159812848,-1.1302794115981285,6,
BTC,BREAKOUT,SHORT,5451,5452,2025-02-26T18:45:00+00:00,2025-02-26T19:00:00+00:00,84202.8,86360.24042296811,79887.91915406378,2157.4404229681095,2.0,2025-02-27T06:30:00+00:00,86360.24042296811,SL,-1.0,0.10277546957464052,-1.1027754695746406,46,
SOL,BREAKOUT,SHORT,5531,5532,2025-02-27T14:45:00+00:00,2025-02-27T15:00:00+00:00,137.21,140.3554242810386,130.9191514379228,3.1454242810386006,2.0,2025-02-27T15:45:00+00:00,140.3554242810386,SL,-1.0,0.11471744964282041,-1.1147174496428205,3,
AVAX,BREAKOUT,SHORT,5531,5532,2025-02-27T14:45:00+00:00,2025-02-27T15:00:00+00:00,22.699,23.192527841882058,21.71194431623589,0.4935278418820559,2.0,2025-02-28T01:15:00+00:00,21.71194431623589,TP,2.0,0.11698271649870581,1.8830172835012942,41,
LINK,BREAKOUT,SHORT,5531,5532,2025-02-27T14:45:00+00:00,2025-02-27T15:00:00+00:00,15.292,15.626734395763522,14.622531208472955,0.3347343957635225,2.0,2025-02-28T01:30:00+00:00,14.622531208472955,TP,2.0,0.11617835233905395,1.883821647660946,42,
ETH,BREAKOUT,SHORT,5575,5576,2025-02-28T01:45:00+00:00,2025-02-28T02:00:00+00:00,2192.72,2251.8440643836,2074.471871232799,59.1240643836004,2.0,2025-02-28T06:45:00+00:00,2074.471871232799,TP,2.0,0.09382557661481306,1.906174423385187,19,
BTC,BREAKOUT,SHORT,5575,5576,2025-02-28T01:45:00+00:00,2025-02-28T02:00:00+00:00,81606.0,83197.12906785717,78423.74186428566,1591.1290678571677,2.0,2025-02-28T08:15:00+00:00,78423.74186428566,TP,2.0,0.1307490816591923,1.8692509183408077,25,
LINK,BREAKOUT,SHORT,5584,5585,2025-02-28T04:00:00+00:00,2025-02-28T04:15:00+00:00,13.713,14.189693184551604,12.759613630896789,0.47669318455160514,2.0,2025-02-28T13:30:00+00:00,14.189693184551604,SL,-1.0,0.0760940208827136,-1.0760940208827137,37,
XRP,BREAKOUT,SHORT,5584,5585,2025-02-28T04:00:00+00:00,2025-02-28T04:15:00+00:00,2.0081,2.0766478637658756,1.8710042724682494,0.0685478637658754,2.0,2025-02-28T13:30:00+00:00,2.0766478637658756,SL,-1.0,0.07746663325690911,-1.0774666332569092,37,
DOGE,BREAKOUT,SHORT,5584,5585,2025-02-28T04:00:00+00:00,2025-02-28T04:15:00+00:00,0.18739,0.19390748101486402,0.17435503797027196,0.006517481014864018,2.0,2025-02-28T14:45:00+00:00,0.19390748101486402,SL,-1.0,0.07605495500314323,-1.0760549550031433,42,
SOL,BREAKOUT,SHORT,5864,5865,2025-03-03T02:00:00+00:00,2025-03-03T02:15:00+00:00,170.5,176.2547527817308,158.99049443653843,5.754752781730787,2.0,2025-03-03T08:45:00+00:00,158.99049443653843,TP,2.0,0.07443197979369569,1.9255680202063044,26,
BNB,BREAKOUT,SHORT,5864,5865,2025-03-03T02:00:00+00:00,2025-03-03T02:15:00+00:00,609.89,618.5501246895674,592.5697506208652,8.660124689567397,2.0,2025-03-03T14:45:00+00:00,592.5697506208652,TP,2.0,0.180505215784048,1.819494784215952,50,
BTC,BREAKOUT,SHORT,5915,5916,2025-03-03T14:45:00+00:00,2025-03-03T15:00:00+00:00,89239.9,91135.02805889038,85449.64388221921,1895.12805889039,2.0,2025-03-03T15:15:00+00:00,91135.02805889038,SL,-1.0,0.12373169474038152,-1.1237316947403815,1,
DOGE,BREAKOUT,SHORT,5882,5883,2025-03-03T06:30:00+00:00,2025-03-03T06:45:00+00:00,0.2214,0.22632710629931596,0.21154578740136812,0.004927106299315948,2.0,2025-03-03T18:15:00+00:00,0.21154578740136812,TP,2.0,0.11423125246961259,1.8857687475303875,46,
FET,BREAKOUT,SHORT,5914,5915,2025-03-03T14:30:00+00:00,2025-03-03T14:45:00+00:00,0.6884,0.7078084404762942,0.6495831190474116,0.019408440476294198,2.0,2025-03-03T18:30:00+00:00,0.6495831190474116,TP,2.0,0.08961967123974444,1.9103803287602557,15,
ETH,BREAKOUT,SHORT,5915,5916,2025-03-03T14:45:00+00:00,2025-03-03T15:00:00+00:00,2273.5,2331.612535168363,2157.2749296632737,58.11253516836314,2.0,2025-03-03T19:15:00+00:00,2157.2749296632737,TP,2.0,0.09911815741430677,1.9008818425856933,17,
AVAX,BREAKOUT,SHORT,5929,5930,2025-03-03T18:15:00+00:00,2025-03-03T18:30:00+00:00,22.344,23.100852143530616,20.83029571293877,0.7568521435306153,2.0,2025-03-03T20:30:00+00:00,20.83029571293877,TP,2.0,0.07415792490855257,1.9258420750914473,8,
CRV,BREAKOUT,SHORT,5929,5930,2025-03-03T18:15:00+00:00,2025-03-03T18:30:00+00:00,0.454,0.4757321015188592,0.41053579696228165,0.02173210151885918,2.0,2025-03-03T20:30:00+00:00,0.41053579696228165,TP,2.0,0.051715961987184964,1.948284038012815,8,
LINK,BREAKOUT,SHORT,5929,5930,2025-03-03T18:15:00+00:00,2025-03-03T18:30:00+00:00,15.662,16.228458944044256,14.52908211191149,0.5664589440442551,2.0,2025-03-03T20:30:00+00:00,14.52908211191149,TP,2.0,0.06928729285351105,1.930712707146489,8,
SUI,BREAKOUT,SHORT,5929,5930,2025-03-03T18:15:00+00:00,2025-03-03T18:30:00+00:00,2.7713,2.8633459839817896,2.587208032036421,0.09204598398178954,2.0,2025-03-03T21:45:00+00:00,2.587208032036421,TP,2.0,0.07568022134486084,1.9243197786551391,13,
AVAX,BREAKOUT,SHORT,6005,6006,2025-03-04T13:15:00+00:00,2025-03-04T13:30:00+00:00,19.436,19.988362807798268,18.331274384403464,0.5523628077982679,2.0,2025-03-04T14:30:00+00:00,19.988362807798268,SL,-1.0,0.09278624651509071,-1.0927862465150908,4,
CRV,BREAKOUT,SHORT,6005,6006,2025-03-04T13:15:00+00:00,2025-03-04T13:30:00+00:00,0.381,0.39501465921031725,0.3529706815793655,0.014014659210317248,2.0,2025-03-04T14:30:00+00:00,0.39501465921031725,SL,-1.0,0.07198313150781037,-1.0719831315078103,4,
LINK,BREAKOUT,SHORT,6005,6006,2025-03-04T13:15:00+00:00,2025-03-04T13:30:00+00:00,13.491,13.8723138583029,12.728372283394197,0.3813138583029012,2.0,2025-03-04T14:30:00+00:00,13.8723138583029,SL,-1.0,0.093288788857856,-1.093288788857856,4,
UNI,BREAKOUT,SHORT,5955,5956,2025-03-04T00:45:00+00:00,2025-03-04T01:00:00+00:00,6.978,7.190903553091755,6.552192893816489,0.21290355309175535,2.0,2025-03-04T16:30:00+00:00,6.552192893816489,TP,2.0,0.0826160508198798,1.9173839491801201,62,
SUI,BREAKOUT,SHORT,5984,5985,2025-03-04T08:00:00+00:00,2025-03-04T08:15:00+00:00,2.4346,2.51660550172139,2.2705889965572204,0.08200550172138987,2.0,2025-03-04T16:30:00+00:00,2.2705889965572204,TP,2.0,0.07458945518443097,1.925410544815569,33,
FET,BREAKOUT,SHORT,6306,6307,2025-03-07T16:30:00+00:00,2025-03-07T16:45:00+00:00,0.5941,0.6127608916643782,0.5567782166712435,0.018660891664378232,2.0,2025-03-07T18:30:00+00:00,0.6127608916643782,SL,-1.0,0.08407525146071132,-1.0840752514607113,7,
DOGE,BREAKOUT,SHORT,6487,6488,2025-03-09T13:45:00+00:00,2025-03-09T14:00:00+00:00,0.18014,0.1835362244131986,0.17334755117360276,0.0033962244131986175,2.0,2025-03-09T16:30:00+00:00,0.17334755117360276,TP,2.0,0.13530725906680807,1.864692740933192,10,
BNB,BREAKOUT,SHORT,6487,6488,2025-03-09T13:45:00+00:00,2025-03-09T14:00:00+00:00,568.91,574.2988492561109,558.1323014877781,5.388849256110916,2.0,2025-03-09T17:00:00+00:00,558.1323014877781,TP,2.0,0.27188643109150556,1.7281135689084945,12,
AVAX,BREAKOUT,SHORT,6498,6499,2025-03-09T16:30:00+00:00,2025-03-09T16:45:00+00:00,18.939,19.36802582460584,18.08094835078832,0.4290258246058407,2.0,2025-03-09T17:45:00+00:00,18.08094835078832,TP,2.0,0.11217490905177933,1.8878250909482206,4,
BNB,BREAKOUT,SHORT,6503,6504,2025-03-09T17:45:00+00:00,2025-03-09T18:00:00+00:00,551.92,561.1680522285169,533.4238955429661,9.24805222851694,2.0,2025-03-09T19:45:00+00:00,561.1680522285169,SL,-1.0,0.15646694375655812,-1.1564669437565582,7,
FET,BREAKOUT,SHORT,6503,6504,2025-03-09T17:45:00+00:00,2025-03-09T18:00:00+00:00,0.517,0.5344353536490408,0.4821292927019184,0.017435353649040808,2.0,2025-03-09T23:45:00+00:00,0.5344353536490408,SL,-1.0,0.07839622798926996,-1.07839622798927,23,
BTC,BREAKOUT,SHORT,6523,6524,2025-03-09T22:45:00+00:00,2025-03-09T23:00:00+00:00,80319.1,81844.01728741846,77269.26542516309,1524.9172874184587,2.0,2025-03-10T01:45:00+00:00,81844.01728741846,SL,-1.0,0.1382449095521298,-1.1382449095521299,11,
LINK,BREAKOUT,SHORT,6499,6500,2025-03-09T16:45:00+00:00,2025-03-09T17:00:00+00:00,13.977,14.310913385072803,13.309173229854395,0.3339133850728029,2.0,2025-03-10T04:15:00+00:00,14.310913385072803,SL,-1.0,0.11013121679017683,-1.110131216790177,45,
DOGE,BREAKOUT,SHORT,6503,6504,2025-03-09T17:45:00+00:00,2025-03-09T18:00:00+00:00,0.16795,0.17405389305672267,0.15574221388655463,0.006103893056722681,2.0,2025-03-10T04:15:00+00:00,0.17405389305672267,SL,-1.0,0.07283958890532365,-1.0728395889053237,41,
BTC,BREAKOUT,SHORT,6563,6564,2025-03-10T08:45:00+00:00,2025-03-10T09:00:00+00:00,81309.8,82371.00913553277,79187.38172893446,1061.209135532772,2.0,2025-03-10T09:15:00+00:00,82371.00913553277,SL,-1.0,0.2005118922853651,-1.200511892285365,1,
SOL,BREAKOUT,SHORT,6563,6564,2025-03-10T08:45:00+00:00,2025-03-10T09:00:00+00:00,126.07,128.4715271051124,121.2669457897752,2.401527105112393,2.0,2025-03-10T09:15:00+00:00,128.4715271051124,SL,-1.0,0.13778898623805438,-1.1377889862380544,1,
SUI,BREAKOUT,SHORT,6563,6564,2025-03-10T08:45:00+00:00,2025-03-10T09:00:00+00:00,2.3086,2.360614691567795,2.2045706168644106,0.05201469156779481,2.0,2025-03-10T09:15:00+00:00,2.360614691567795,SL,-1.0,0.11669739675619639,-1.1166973967561964,1,
CRV,BREAKOUT,SHORT,6477,6478,2025-03-09T11:15:00+00:00,2025-03-09T11:30:00+00:00,0.392,0.40164666822875233,0.3727066635424954,0.00964666822875232,2.0,2025-03-10T11:30:00+00:00,0.384,TIME,0.8293018698575799,0.10457496578904073,0.7247269040685392,96,
UNI,BREAKOUT,SHORT,6584,6585,2025-03-10T14:00:00+00:00,2025-03-10T14:15:00+00:00,6.492,6.674821507871633,6.126356984256733,0.18282150787163332,2.0,2025-03-10T17:00:00+00:00,6.126356984256733,TP,2.0,0.08972611740546192,1.910273882594538,11,
DOGE,BREAKOUT,SHORT,6586,6587,2025-03-10T14:30:00+00:00,2025-03-10T14:45:00+00:00,0.16609,0.17212692348133918,0.1540161530373216,0.00603692348133919,2.0,2025-03-10T18:45:00+00:00,0.1540161530373216,TP,2.0,0.06893213078397424,1.9310678692160257,16,
FET,BREAKOUT,SHORT,6586,6587,2025-03-10T14:30:00+00:00,2025-03-10T14:45:00+00:00,0.5205,0.5384667601361626,0.48456647972767475,0.017966760136162607,2.0,2025-03-10T18:45:00+00:00,0.48456647972767475,TP,2.0,0.0727224281809242,1.9272775718190758,16,
ETH,BREAKOUT,SHORT,6626,6627,2025-03-11T00:30:00+00:00,2025-03-11T00:45:00+00:00,1813.79,1881.8909085067341,1677.5881829865316,68.10090850673419,2.0,2025-03-11T05:00:00+00:00,1881.8909085067341,SL,-1.0,0.07054803359317403,-1.070548033593174,17,
CRV,BREAKOUT,SHORT,6586,6587,2025-03-10T14:30:00+00:00,2025-03-10T14:45:00+00:00,0.371,0.3862403230923821,0.3405193538152358,0.015240323092382102,2.0,2025-03-11T06:00:00+00:00,0.3862403230923821,SL,-1.0,0.06459262143281969,-1.0645926214328196,61,
BTC,BREAKOUT,SHORT,6586,6587,2025-03-10T14:30:00+00:00,2025-03-10T14:45:00+00:00,79687.3,81601.0396229029,75859.82075419421,1913.7396229028964,2.0,2025-03-11T09:15:00+00:00,81601.0396229029,SL,-1.0,0.10956288880705937,-1.1095628888070594,74,
BTC,BREAKOUT,SHORT,6682,6683,2025-03-11T14:30:00+00:00,2025-03-11T14:45:00+00:00,79430.6,81122.80856548849,76046.18286902303,1692.2085654884868,2.0,2025-03-11T15:00:00+00:00,81122.80856548849,SL,-1.0,0.12334143402405269,-1.1233414340240526,1,
DOGE,BREAKOUT,SHORT,6682,6683,2025-03-11T14:30:00+00:00,2025-03-11T14:45:00+00:00,0.15383,0.1597616486697698,0.14196670266046038,0.005931648669769807,2.0,2025-03-11T15:15:00+00:00,0.1597616486697698,SL,-1.0,0.06872779659866832,-1.0687277965986683,2,
LINK,BREAKOUT,SHORT,6682,6683,2025-03-11T14:30:00+00:00,2025-03-11T14:45:00+00:00,12.45,12.967931417663157,11.414137164673683,0.5179314176631582,2.0,2025-03-11T15:30:00+00:00,12.967931417663157,SL,-1.0,0.06379862220378403,-1.063798622203784,3,
BNB,BREAKOUT,SHORT,6682,6683,2025-03-11T14:30:00+00:00,2025-03-11T14:45:00+00:00,539.65,552.5497198371286,513.8505603257428,12.8997198371286,2.0,2025-03-11T16:30:00+00:00,552.5497198371286,SL,-1.0,0.11006902891809775,-1.1100690289180977,7,
SUI,BREAKOUT,SHORT,6596,6597,2025-03-10T17:00:00+00:00,2025-03-10T17:15:00+00:00,2.1402,2.2303120504959586,1.9599758990080831,0.0901120504959585,2.0,2025-03-11T17:15:00+00:00,2.1655,TIME,-0.28076156141996567,0.062116109545759836,-0.3428776709657255,96,
ADA,BREAKOUT,SHORT,6683,6684,2025-03-11T14:45:00+00:00,2025-03-11T15:00:00+00:00,0.7032,0.7302517749626388,0.6490964500747225,0.027051774962638775,2.0,2025-03-11T18:00:00+00:00,0.7302517749626388,SL,-1.0,0.06888595332561703,-1.068885953325617,12,
DOGE,BREAKOUT,SHORT,6780,6781,2025-03-12T15:00:00+00:00,2025-03-12T15:15:00+00:00,0.16246,0.16755502929671173,0.15226994140657651,0.005095029296711739,2.0,2025-03-12T16:00:00+00:00,0.16755502929671173,SL,-1.0,0.08420354684959484,-1.0842035468495947,3,
SUI,BREAKOUT,SHORT,6780,6781,2025-03-12T15:00:00+00:00,2025-03-12T15:15:00+00:00,2.1851,2.2664710233292533,2.022357953341493,0.0813710233292535,2.0,2025-03-12T16:30:00+00:00,2.2664710233292533,SL,-1.0,0.07111920304740155,-1.0711192030474015,5,
BTC,BREAKOUT,SHORT,6780,6781,2025-03-12T15:00:00+00:00,2025-03-12T15:15:00+00:00,80900.0,82373.57321878192,77952.85356243615,1473.573218781923,2.0,2025-03-12T17:00:00+00:00,82373.57321878192,SL,-1.0,0.1440414649771323,-1.1440414649771322,7,
UNI,BREAKOUT,SHORT,6780,6781,2025-03-12T15:00:00+00:00,2025-03-12T15:15:00+00:00,5.776,5.942090135820999,5.443819728358001,0.1660901358209994,2.0,2025-03-13T00:15:00+00:00,5.942090135820999,SL,-1.0,0.09171837388937379,-1.0917183738893739,36,
CRV,BREAKOUT,SHORT,6881,6882,2025-03-13T16:15:00+00:00,2025-03-13T16:30:00+00:00,0.388,0.4004462024451308,0.36310759510973845,0.012446202445130783,2.0,2025-03-14T01:30:00+00:00,0.4004462024451308,SL,-1.0,0.08235283554942206,-1.082352835549422,36,
LINK,BREAKOUT,SHORT,6881,6882,2025-03-13T16:15:00+00:00,2025-03-13T16:30:00+00:00,12.878,13.220160982502835,12.193678034994331,0.34216098250283444,2.0,2025-03-14T01:30:00+00:00,13.220160982502835,SL,-1.0,0.09915686186391118,-1.0991568618639111,36,
SOL,BREAKOUT,SHORT,6881,6882,2025-03-13T16:15:00+00:00,2025-03-13T16:30:00+00:00,122.71,125.3769739857708,117.37605202845837,2.6669739857708095,2.0,2025-03-14T02:15:00+00:00,125.3769739857708,SL,-1.0,0.12092846345791752,-1.1209284634579175,39,
AVAX,BREAKOUT,SHORT,6871,6872,2025-03-13T13:45:00+00:00,2025-03-13T14:00:00+00:00,18.357,18.903142797214482,17.264714405571034,0.5461427972144826,2.0,2025-03-14T08:15:00+00:00,18.903142797214482,SL,-1.0,0.08869142993999071,-1.0886914299399908,73,
LINK,BREAKOUT,SHORT,6991,6992,2025-03-14T19:45:00+00:00,2025-03-14T20:00:00+00:00,13.922,14.379826108789336,13.00634778242133,0.4578261087893356,2.0,2025-03-15T20:00:00+00:00,14.12,TIME,-0.4324786118545862,0.07962542830158742,-0.5121040401561736,96,
FET,BREAKOUT,SHORT,7150,7151,2025-03-16T11:30:00+00:00,2025-03-16T11:45:00+00:00,0.5083,0.5182467744313349,0.48840645113733006,0.00994677443133496,2.0,2025-03-16T16:00:00+00:00,0.5182467744313349,SL,-1.0,0.13416518248937812,-1.1341651824893781,17,
LINK,BREAKOUT,SHORT,7159,7160,2025-03-16T13:45:00+00:00,2025-03-16T14:00:00+00:00,13.352,13.615336458842803,12.825327082314395,0.26333645884280266,2.0,2025-03-16T16:00:00+00:00,13.615336458842803,SL,-1.0,0.13312830874445325,-1.1331283087444532,8,
SOL,BREAKOUT,SHORT,7151,7152,2025-03-16T11:45:00+00:00,2025-03-16T12:00:00+00:00,129.88,131.9005234036914,125.83895319261717,2.0205234036914135,2.0,2025-03-16T22:00:00+00:00,125.83895319261717,TP,2.0,0.1645289723163106,1.8354710276836894,40,
LINK,BREAKOUT,SHORT,7302,7303,2025-03-18T01:30:00+00:00,2025-03-18T01:45:00+00:00,13.777,14.004772384982925,13.321455230034148,0.2277723849829254,2.0,2025-03-18T05:30:00+00:00,14.004772384982925,SL,-1.0,0.15856313794661808,-1.1585631379466181,15,
SOL,BREAKOUT,SHORT,7298,7299,2025-03-18T00:30:00+00:00,2025-03-18T00:45:00+00:00,126.83,128.58863469124438,123.31273061751124,1.7586346912443815,2.0,2025-03-18T06:45:00+00:00,123.31273061751124,TP,2.0,0.18490795810053567,1.8150920418994643,24,
DOGE,BREAKOUT,SHORT,7301,7302,2025-03-18T01:15:00+00:00,2025-03-18T01:30:00+00:00,0.16876,0.17126172681840518,0.16375654636318962,0.0025017268184051866,2.0,2025-03-18T13:30:00+00:00,0.16375654636318962,TP,2.0,0.17278925384335653,1.8272107461566436,48,
BTC,BREAKOUT,SHORT,7352,7353,2025-03-18T14:00:00+00:00,2025-03-18T14:15:00+00:00,81236.3,81959.47604038252,79789.94791923497,723.1760403825174,2.0,2025-03-18T15:30:00+00:00,81959.47604038252,SL,-1.0,0.2933649581923097,-1.2933649581923097,5,
LINK,BREAKOUT,SHORT,7344,7345,2025-03-18T12:00:00+00:00,2025-03-18T12:15:00+00:00,13.715,13.981222869561407,13.182554260877186,0.26622286956140684,2.0,2025-03-19T00:15:00+00:00,13.981222869561407,SL,-1.0,0.1352441651228048,-1.135244165122805,48,
DOGE,BREAKOUT,SHORT,7553,7554,2025-03-20T16:15:00+00:00,2025-03-20T16:30:00+00:00,0.16858,0.17157486065728325,0.16259027868543352,0.0029948606572832437,2.0,2025-03-21T16:30:00+00:00,0.16644,TIME,0.7145574518786733,0.1454244620499582,0.5691329898287151,96,
ADA,BREAKOUT,SHORT,7554,7555,2025-03-20T16:30:00+00:00,2025-03-20T16:45:00+00:00,0.7144,0.7321430975917393,0.6789138048165214,0.01774309759173931,2.0,2025-03-21T16:45:00+00:00,0.7093,TIME,0.28743571823526526,0.10431154934647295,0.1831241688887923,96,
SOL,BREAKOUT,SHORT,7554,7555,2025-03-20T16:30:00+00:00,2025-03-20T16:45:00+00:00,127.4,129.88113801828376,122.43772396343249,2.481138018283758,2.0,2025-03-21T16:45:00+00:00,126.6,TIME,0.32243268778469,0.1330840918831289,0.18934859590156108,96,
FET,BREAKOUT,SHORT,7619,7620,2025-03-21T08:45:00+00:00,2025-03-21T09:00:00+00:00,0.5112,0.5191679291093019,0.4952641417813962,0.007967929109301886,2.0,2025-03-22T09:00:00+00:00,0.5169,TIME,-0.7153678103568679,0.1677386911537295,-0.8831065015105974,96,
ADA,BREAKOUT,SHORT,7851,7852,2025-03-23T18:45:00+00:00,2025-03-23T19:00:00+00:00,0.6938,0.7020120626648324,0.6773758746703351,0.008212062664832431,2.0,2025-03-23T20:15:00+00:00,0.7020120626648324,SL,-1.0,0.22096223026097772,-1.2209622302609777,5,
ADA,BREAKOUT,SHORT,7964,7965,2025-03-24T23:00:00+00:00,2025-03-24T23:15:00+00:00,0.7278,0.7371462217467882,0.7091075565064235,0.00934622174678823,2.0,2025-03-25T00:30:00+00:00,0.7371462217467882,SL,-1.0,0.20376470191553825,-1.2037647019155382,5,
CRV,BREAKOUT,LONG,8084,8085,2025-03-26T05:00:00+00:00,2025-03-26T05:15:00+00:00,0.526,0.5130717899587226,0.5518564200825549,0.012928210041277421,2.0,2025-03-26T06:45:00+00:00,0.5518564200825549,TP,2.0,0.10838417241315713,1.8916158275868429,6,
BNB,BREAKOUT,LONG,8165,8166,2025-03-27T01:15:00+00:00,2025-03-27T01:30:00+00:00,622.47,618.214969540078,630.9800609198442,4.255030459922068,2.0,2025-03-27T06:30:00+00:00,630.9800609198442,TP,2.0,0.3829549740110772,1.6170450259889229,20,
BNB,BREAKOUT,LONG,8194,8195,2025-03-27T08:30:00+00:00,2025-03-27T08:45:00+00:00,639.02,633.4969826264951,650.0660347470098,5.523017373504899,2.0,2025-03-27T10:30:00+00:00,633.4969826264951,SL,-1.0,0.299523243462956,-1.299523243462956,7,
CRV,BREAKOUT,LONG,8169,8170,2025-03-27T02:15:00+00:00,2025-03-27T02:30:00+00:00,0.577,0.5585573262784075,0.6138853474431849,0.018442673721592473,2.0,2025-03-28T02:30:00+00:00,0.585,TIME,0.43377658363243166,0.08190786340439382,0.35186872022803783,96,
XRP,BREAKOUT,SHORT,8257,8258,2025-03-28T00:15:00+00:00,2025-03-28T00:30:00+00:00,2.3204,2.34689051468669,2.2674189706266197,0.02649051468669006,2.0,2025-03-28T04:30:00+00:00,2.2674189706266197,TP,2.0,0.2251434044356734,1.7748565955643265,16,
XRP,BREAKOUT,SHORT,8284,8285,2025-03-28T07:00:00+00:00,2025-03-28T07:15:00+00:00,2.2409,2.276540839328055,2.16961832134389,0.03564083932805495,2.0,2025-03-28T16:30:00+00:00,2.16961832134389,TP,2.0,0.16087370347739685,1.8391262965226032,37,
UNI,BREAKOUT,SHORT,8319,8320,2025-03-28T15:45:00+00:00,2025-03-28T16:00:00+00:00,6.103,6.216878926674074,5.875242146651852,0.11387892667407407,2.0,2025-03-29T00:15:00+00:00,6.216878926674074,SL,-1.0,0.14063921282393418,-1.1406392128239342,33,
ADA,BREAKOUT,SHORT,8363,8364,2025-03-29T02:45:00+00:00,2025-03-29T03:00:00+00:00,0.6947,0.703887827543112,0.676324344913776,0.009187827543111982,2.0,2025-03-29T09:30:00+00:00,0.676324344913776,TP,2.0,0.19398836558747823,1.8060116344125219,26,
XRP,BREAKOUT,SHORT,8363,8364,2025-03-29T02:45:00+00:00,2025-03-29T03:00:00+00:00,2.1601,2.1923955123642505,2.095508975271499,0.032295512364250545,2.0,2025-03-29T09:30:00+00:00,2.095508975271499,TP,2.0,0.17130217986499288,1.828697820135007,26,
UNI,BREAKOUT,SHORT,8398,8399,2025-03-29T11:30:00+00:00,2025-03-29T11:45:00+00:00,6.004,6.114087638172656,5.783824723654687,0.1100876381726561,2.0,2025-03-29T13:00:00+00:00,6.114087638172656,SL,-1.0,0.14309975389713975,-1.1430997538971397,5,
LINK,BREAKOUT,SHORT,8420,8421,2025-03-29T17:00:00+00:00,2025-03-29T17:15:00+00:00,13.467,13.683427908326943,13.034144183346116,0.21642790832694203,2.0,2025-03-30T02:15:00+00:00,13.683427908326943,SL,-1.0,0.1630822778525705,-1.1630822778525705,36,
ADA,BREAKOUT,SHORT,8515,8516,2025-03-30T16:45:00+00:00,2025-03-30T17:00:00+00:00,0.6589,0.6692870911478475,0.6381258177043052,0.010387091147847416,2.0,2025-03-30T18:00:00+00:00,0.6692870911478475,SL,-1.0,0.1662297166661549,-1.1662297166661548,4,
BTC,BREAKOUT,SHORT,8515,8516,2025-03-30T16:45:00+00:00,2025-03-30T17:00:00+00:00,82253.3,82806.04486365376,81147.81027269248,552.7448636537592,2.0,2025-03-30T19:00:00+00:00,82806.04486365376,SL,-1.0,0.38820288062805325,-1.3882028806280533,8,
AVAX,BREAKOUT,SHORT,8580,8581,2025-03-31T09:00:00+00:00,2025-03-31T09:15:00+00:00,18.294,18.652882820213126,17.57623435957375,0.35888282021312534,2.0,2025-03-31T11:45:00+00:00,18.652882820213126,SL,-1.0,0.13383462501145504,-1.133834625011455,10,
ADA,BREAKOUT,SHORT,8580,8581,2025-03-31T09:00:00+00:00,2025-03-31T09:15:00+00:00,0.6358,0.6489882601919007,0.6094234796161987,0.01318826019190067,2.0,2025-03-31T12:45:00+00:00,0.6489882601919007,SL,-1.0,0.12664481242758688,-1.126644812427587,14,
SOL,BREAKOUT,SHORT,8581,8582,2025-03-31T09:15:00+00:00,2025-03-31T09:30:00+00:00,124.14,126.25636853651635,119.9072629269673,2.1163685365163474,2.0,2025-03-31T14:00:00+00:00,126.25636853651635,SL,-1.0,0.1538084097740776,-1.1538084097740775,18,
FET,BREAKOUT,SHORT,8573,8574,2025-03-31T07:15:00+00:00,2025-03-31T07:30:00+00:00,0.4556,0.46598746061225355,0.4348250787754929,0.01038746061225354,2.0,2025-04-01T01:00:00+00:00,0.46598746061225355,SL,-1.0,0.11533749619061245,-1.1153374961906124,70,
CRV,BREAKOUT,LONG,8800,8801,2025-04-02T16:00:00+00:00,2025-04-02T16:15:00+00:00,0.547,0.5267342170491047,0.5875315659017907,0.020265782950895317,2.0,2025-04-02T17:45:00+00:00,0.5267342170491047,SL,-1.0,0.0688774021485397,-1.0688774021485397,6,
BNB,BREAKOUT,SHORT,8826,8827,2025-04-02T22:30:00+00:00,2025-04-02T22:45:00+00:00,584.55,594.9922092282388,563.6655815435222,10.44220922823888,2.0,2025-04-03T00:15:00+00:00,594.9922092282388,SL,-1.0,0.1468467867747681,-1.146846786774768,6,
FET,BREAKOUT,SHORT,8821,8822,2025-04-02T21:15:00+00:00,2025-04-02T21:30:00+00:00,0.448,0.464879574140174,0.414240851719652,0.016879574140173992,2.0,2025-04-03T12:30:00+00:00,0.414240851719652,TP,2.0,0.06640648027770642,1.9335935197222935,60,
ADA,BREAKOUT,SHORT,8821,8822,2025-04-02T21:15:00+00:00,2025-04-02T21:30:00+00:00,0.6655,0.6864392658525756,0.6236214682948487,0.02093926585257566,2.0,2025-04-03T12:45:00+00:00,0.6236214682948487,TP,2.0,0.080034224723173,1.919965775276827,61,
ETH,BREAKOUT,SHORT,8821,8822,2025-04-02T21:15:00+00:00,2025-04-02T21:30:00+00:00,1862.71,1917.1662838478915,1753.7974323042172,54.45628384789143,2.0,2025-04-03T12:45:00+00:00,1753.7974323042172,TP,2.0,0.08633456655117545,1.9136654334488246,61,
SOL,BREAKOUT,SHORT,8859,8860,2025-04-03T06:45:00+00:00,2025-04-03T07:00:00+00:00,118.21,120.56812577167575,113.49374845664848,2.358125771675759,2.0,2025-04-03T12:45:00+00:00,113.49374845664848,TP,2.0,0.12773486325947328,1.8722651367405267,23,
SUI,BREAKOUT,SHORT,8882,8883,2025-04-03T12:30:00+00:00,2025-04-03T12:45:00+00:00,2.212,2.2720460956755564,2.091907808648888,0.06004609567555619,2.0,2025-04-03T13:30:00+00:00,2.2720460956755564,SL,-1.0,0.0970797494623988,-1.0970797494623987,3,
UNI,BREAKOUT,SHORT,8821,8822,2025-04-02T21:15:00+00:00,2025-04-02T21:30:00+00:00,6.072,6.264087347432528,5.687825305134944,0.19208734743252798,2.0,2025-04-03T14:00:00+00:00,5.687825305134944,TP,2.0,0.07958761001708019,1.9204123899829197,66,
AVAX,BREAKOUT,SHORT,8882,8883,2025-04-03T12:30:00+00:00,2025-04-03T12:45:00+00:00,17.82,18.209727242282042,17.040545515435916,0.38972724228204214,2.0,2025-04-03T18:45:00+00:00,18.209727242282042,SL,-1.0,0.12018314434655288,-1.1201831443465529,24,
LINK,BREAKOUT,SHORT,8882,8883,2025-04-03T12:30:00+00:00,2025-04-03T12:45:00+00:00,12.53,12.809332247700093,11.971335504599812,0.27933224770009346,2.0,2025-04-03T21:00:00+00:00,12.809332247700093,SL,-1.0,0.11792813824123,-1.11792813824123,33,
DOGE,BREAKOUT,SHORT,8882,8883,2025-04-03T12:30:00+00:00,2025-04-03T12:45:00+00:00,0.15808,0.16149053114571815,0.1512589377085637,0.003410531145718154,2.0,2025-04-03T23:30:00+00:00,0.16149053114571815,SL,-1.0,0.12181143427205213,-1.1218114342720522,43,
DOGE,BREAKOUT,SHORT,8971,8972,2025-04-04T10:45:00+00:00,2025-04-04T11:00:00+00:00,0.16274,0.16558189310830493,0.15705621378339013,0.0028418931083049326,2.0,2025-04-04T12:30:00+00:00,0.16558189310830493,SL,-1.0,0.15018807702284598,-1.1501880770228459,6,
SOL,BREAKOUT,SHORT,8971,8972,2025-04-04T10:45:00+00:00,2025-04-04T11:00:00+00:00,114.96,117.25270430959634,110.3745913808073,2.2927043095963455,2.0,2025-04-04T14:15:00+00:00,117.25270430959634,SL,-1.0,0.13166831603139603,-1.131668316031396,13,
ADA,BREAKOUT,SHORT,8971,8972,2025-04-04T10:45:00+00:00,2025-04-04T11:00:00+00:00,0.6409,0.6518291171818325,0.6190417656363352,0.010929117181832426,2.0,2025-04-04T14:45:00+00:00,0.6518291171818325,SL,-1.0,0.15376794157994506,-1.1537679415799451,15,
ETH,BREAKOUT,SHORT,8971,8972,2025-04-04T10:45:00+00:00,2025-04-04T11:00:00+00:00,1782.8,1808.7697177965606,1730.8605644068787,25.969717796560644,2.0,2025-04-04T15:00:00+00:00,1808.7697177965606,SL,-1.0,0.17978788486311095,-1.179787884863111,16,
LINK,BREAKOUT,SHORT,8971,8972,2025-04-04T10:45:00+00:00,2025-04-04T11:00:00+00:00,12.591,12.853559056354934,12.06588188729013,0.2625590563549345,2.0,2025-04-04T15:00:00+00:00,12.853559056354934,SL,-1.0,0.1259828064302066,-1.1259828064302067,16,
AVAX,BREAKOUT,SHORT,9128,9129,2025-04-06T02:00:00+00:00,2025-04-06T02:15:00+00:00,17.524,17.75597589023499,17.060048219530024,0.2319758902349882,2.0,2025-04-06T12:30:00+00:00,17.060048219530024,TP,2.0,0.1938100663816656,1.8061899336183345,41,
SOL,BREAKOUT,SHORT,9170,9171,2025-04-06T12:30:00+00:00,2025-04-06T12:45:00+00:00,117.57,118.93570496977549,114.83859006044901,1.3657049697754928,2.0,2025-04-06T13:15:00+00:00,114.83859006044901,TP,2.0,0.22122725900913345,1.7787727409908665,2,
DOGE,BREAKOUT,SHORT,9153,9154,2025-04-06T08:15:00+00:00,2025-04-06T08:30:00+00:00,0.16424,0.16595455980098736,0.16081088039802527,0.0017145598009873642,2.0,2025-04-06T13:30:00+00:00,0.16081088039802527,TP,2.0,0.24645751304450828,1.7535424869554916,20,
LINK,BREAKOUT,SHORT,9153,9154,2025-04-06T08:15:00+00:00,2025-04-06T08:30:00+00:00,12.561,12.70210151406832,12.278796971863361,0.1411015140683194,2.0,2025-04-06T13:30:00+00:00,12.278796971863361,TP,2.0,0.22885463899265576,1.7711453610073442,20,
SUI,BREAKOUT,SHORT,9153,9154,2025-04-06T08:15:00+00:00,2025-04-06T08:30:00+00:00,2.1495,2.1806662560829566,2.0871674878340873,0.031166256082956423,2.0,2025-04-06T13:45:00+00:00,2.0871674878340873,TP,2.0,0.17671893985355003,1.82328106014645,21,
BTC,BREAKOUT,SHORT,9174,9175,2025-04-06T13:30:00+00:00,2025-04-06T13:45:00+00:00,82442.1,82880.13145627707,81566.03708744587,438.03145627706544,2.0,2025-04-06T17:15:00+00:00,81566.03708744587,TP,2.0,0.48674718483875007,1.5132528151612499,14,
XRP,BREAKOUT,SHORT,9150,9151,2025-04-06T07:30:00+00:00,2025-04-06T07:45:00+00:00,2.0904,2.114379788419159,2.0424404231616817,0.023979788419159043,2.0,2025-04-06T17:30:00+00:00,2.0424404231616817,TP,2.0,0.22405087385248093,1.775949126147519,39,
UNI,BREAKOUT,SHORT,9188,9189,2025-04-06T17:00:00+00:00,2025-04-06T17:15:00+00:00,5.517,5.612825292315375,5.32534941536925,0.09582529231537507,2.0,2025-04-06T18:00:00+00:00,5.32534941536925,TP,2.0,0.14709116872392247,1.8529088312760775,3,
FET,BREAKOUT,SHORT,9175,9176,2025-04-06T13:45:00+00:00,2025-04-06T14:00:00+00:00,0.4038,0.4114800181071646,0.38843996378567075,0.007680018107164621,2.0,2025-04-06T18:15:00+00:00,0.38843996378567075,TP,2.0,0.13410280269529262,1.8658971973047074,17,
SUI,BREAKOUT,SHORT,9185,9186,2025-04-06T16:15:00+00:00,2025-04-06T16:30:00+00:00,2.0703,2.1106917914016607,1.9895164171966786,0.040391791401660715,2.0,2025-04-06T18:15:00+00:00,1.9895164171966786,TP,2.0,0.13066420575094093,1.8693357942490592,7,
LINK,BREAKOUT,SHORT,9189,9190,2025-04-06T17:15:00+00:00,2025-04-06T17:30:00+00:00,11.971,12.216477905108636,11.480044189782728,0.2454779051086362,2.0,2025-04-06T18:45:00+00:00,11.480044189782728,TP,2.0,0.12419185927640133,1.8758081407235987,5,
ADA,BREAKOUT,SHORT,9191,9192,2025-04-06T17:45:00+00:00,2025-04-06T18:00:00+00:00,0.6086,0.6199354001606847,0.5859291996786307,0.011335400160684683,2.0,2025-04-06T18:45:00+00:00,0.5859291996786307,TP,2.0,0.13699454254541482,1.8630054574545851,3,
AVAX,BREAKOUT,SHORT,9191,9192,2025-04-06T17:45:00+00:00,2025-04-06T18:00:00+00:00,16.674,17.009296251248802,16.003407497502394,0.3352962512488027,2.0,2025-04-06T20:30:00+00:00,16.003407497502394,TP,2.0,0.12669580882140807,1.873304191178592,10,
DOGE,BREAKOUT,SHORT,9192,9193,2025-04-06T18:00:00+00:00,2025-04-06T18:15:00+00:00,0.15599,0.1588467232784979,0.1502765534430042,0.002856723278497897,2.0,2025-04-06T20:30:00+00:00,0.1502765534430042,TP,2.0,0.13937174890991058,1.8606282510900893,9,
BTC,BREAKOUT,SHORT,9194,9195,2025-04-06T18:30:00+00:00,2025-04-06T18:45:00+00:00,79117.6,80176.92869094588,76998.94261810827,1059.3286909458693,2.0,2025-04-07T04:15:00+00:00,76998.94261810827,TP,2.0,0.19158501713224282,1.8084149828677571,38,
ADA,BREAKOUT,SHORT,9203,9204,2025-04-06T20:45:00+00:00,2025-04-06T21:00:00+00:00,0.5724,0.5898677487732469,0.5374645024535063,0.01746774877324686,2.0,2025-04-07T06:15:00+00:00,0.5374645024535063,TP,2.0,0.08259930182871354,1.9174006981712866,37,
FET,BREAKOUT,SHORT,9242,9243,2025-04-07T06:30:00+00:00,2025-04-07T06:45:00+00:00,0.3527,0.36822376404694934,0.32165247190610136,0.015523764046949329,2.0,2025-04-07T09:00:00+00:00,0.36822376404694934,SL,-1.0,0.060372013541729226,-1.0603720135417292,9,
SOL,BREAKOUT,SHORT,9244,9245,2025-04-07T07:00:00+00:00,2025-04-07T07:15:00+00:00,97.55,101.65876470875968,89.33247058248064,4.108764708759679,2.0,2025-04-07T09:45:00+00:00,101.65876470875968,SL,-1.0,0.0630290154043802,-1.0630290154043802,10,
AVAX,BREAKOUT,SHORT,9242,9243,2025-04-07T06:30:00+00:00,2025-04-07T06:45:00+00:00,15.04,15.663313724715731,13.793372550568535,0.6233137247157323,2.0,2025-04-07T10:15:00+00:00,15.663313724715731,SL,-1.0,0.06403566335769956,-1.0640356633576995,14,
SUI,BREAKOUT,SHORT,9242,9243,2025-04-07T06:30:00+00:00,2025-04-07T06:45:00+00:00,1.771,1.850443560344619,1.6121128793107617,0.07944356034461908,2.0,2025-04-07T10:15:00+00:00,1.850443560344619,SL,-1.0,0.05926064501673459,-1.0592606450167346,14,
XRP,BREAKOUT,SHORT,9315,9316,2025-04-08T00:45:00+00:00,2025-04-08T01:00:00+00:00,1.8658,1.9233985484288274,1.750602903142345,0.0575985484288275,2.0,2025-04-08T02:00:00+00:00,1.9233985484288274,SL,-1.0,0.08552226136469929,-1.0855222613646993,4,
DOGE,BREAKOUT,SHORT,9378,9379,2025-04-08T16:30:00+00:00,2025-04-08T16:45:00+00:00,0.14679,0.15090760592332403,0.13855478815335195,0.004117605923324025,2.0,2025-04-09T01:00:00+00:00,0.13855478815335195,TP,2.0,0.09008832596099961,1.9099116740390003,33,
ADA,BREAKOUT,SHORT,9378,9379,2025-04-08T16:30:00+00:00,2025-04-08T16:45:00+00:00,0.5759,0.5931868528010327,0.5413262943979346,0.017286852801032704,2.0,2025-04-09T01:15:00+00:00,0.5413262943979346,TP,2.0,0.08401727020146489,1.915982729798535,34,
BTC,BREAKOUT,SHORT,9378,9379,2025-04-08T16:30:00+00:00,2025-04-08T16:45:00+00:00,77503.8,78715.8593118138,75079.68137637242,1212.0593118137913,2.0,2025-04-09T01:15:00+00:00,75079.68137637242,TP,2.0,0.1636541412255228,1.8363458587744772,34,
LINK,BREAKOUT,SHORT,9378,9379,2025-04-08T16:30:00+00:00,2025-04-08T16:45:00+00:00,11.133,11.439914839966391,10.519170320067214,0.30691483996639235,2.0,2025-04-09T01:15:00+00:00,10.519170320067214,TP,2.0,0.09171215513453052,1.9082878448654694,34,
SOL,BREAKOUT,SHORT,9378,9379,2025-04-08T16:30:00+00:00,2025-04-08T16:45:00+00:00,104.42,107.51742706202874,98.22514587594252,3.0974270620287427,2.0,2025-04-09T07:00:00+00:00,107.51742706202874,SL,-1.0,0.08895081293703784,-1.0889508129370378,57,
ETH,BREAKOUT,SHORT,9559,9560,2025-04-10T13:45:00+00:00,2025-04-10T14:00:00+00:00,1568.24,1608.3083926182642,1488.1032147634717,40.06839261826417,2.0,2025-04-10T15:45:00+00:00,1488.1032147634717,TP,2.0,0.09916160643243295,1.900838393567567,7,
UNI,BREAKOUT,SHORT,9559,9560,2025-04-10T13:45:00+00:00,2025-04-10T14:00:00+00:00,5.091,5.210881136896788,4.851237726206425,0.11988113689678759,2.0,2025-04-10T16:15:00+00:00,4.851237726206425,TP,2.0,0.10781436828711537,1.8921856317128847,9,
AVAX,BREAKOUT,SHORT,9566,9567,2025-04-10T15:30:00+00:00,2025-04-10T15:45:00+00:00,17.706,18.150162680071332,16.817674639857334,0.44416268007133297,2.0,2025-04-10T18:15:00+00:00,18.150162680071332,SL,-1.0,0.10494580831646334,-1.1049458083164634,10,
CRV,BREAKOUT,SHORT,9567,9568,2025-04-10T15:45:00+00:00,2025-04-10T16:00:00+00:00,0.499,0.5179968104601501,0.46100637907969977,0.018996810460150115,2.0,2025-04-10T20:00:00+00:00,0.5179968104601501,SL,-1.0,0.06959567535674342,-1.0695956753567435,16,
LINK,BREAKOUT,SHORT,9568,9569,2025-04-10T16:00:00+00:00,2025-04-10T16:15:00+00:00,11.81,12.145722800005567,11.138554399988868,0.3357228000055663,2.0,2025-04-11T00:15:00+00:00,12.145722800005567,SL,-1.0,0.09276236120838649,-1.0927623612083865,32,
CRV,BREAKOUT,LONG,9602,9603,2025-04-11T00:30:00+00:00,2025-04-11T00:45:00+00:00,0.578,0.5541100488239553,0.6257799023520892,0.023889951176044644,2.0,2025-04-11T09:45:00+00:00,0.6257799023520892,TP,2.0,0.06550510972274043,1.9344948902772596,36,
ETH,BREAKOUT,SHORT,9847,9848,2025-04-13T13:45:00+00:00,2025-04-13T14:00:00+00:00,1573.46,1598.8963302621294,1522.5873394757414,25.43633026212933,2.0,2025-04-13T16:15:00+00:00,1598.8963302621294,SL,-1.0,0.16213279143811268,-1.1621327914381128,9,
UNI,BREAKOUT,SHORT,9846,9847,2025-04-13T13:30:00+00:00,2025-04-13T13:45:00+00:00,5.35,5.4350601242585475,5.179879751482904,0.08506012425854781,2.0,2025-04-13T17:15:00+00:00,5.4350601242585475,SL,-1.0,0.16483138584325738,-1.1648313858432573,14,
CRV,BREAKOUT,LONG,9921,9922,2025-04-14T08:15:00+00:00,2025-04-14T08:30:00+00:00,0.617,0.5965709569665897,0.6578580860668206,0.02042904303341031,2.0,2025-04-14T15:45:00+00:00,0.5965709569665897,SL,-1.0,0.07722545992371939,-1.0772254599237194,29,
CRV,BREAKOUT,LONG,10049,10050,2025-04-15T16:15:00+00:00,2025-04-15T16:30:00+00:00,0.605,0.5857663469779821,0.6434673060440357,0.01923365302201785,2.0,2025-04-15T22:15:00+00:00,0.5857663469779821,SL,-1.0,0.08048373594445621,-1.0804837359444561,23,
CRV,BREAKOUT,LONG,10086,10087,2025-04-16T01:30:00+00:00,2025-04-16T01:45:00+00:00,0.601,0.5825453655620793,0.6379092688758414,0.018454634437920725,2.0,2025-04-16T13:45:00+00:00,0.6379092688758414,TP,2.0,0.0872724981335397,1.9127275018664602,48,
LINK,BREAKOUT,SHORT,10233,10234,2025-04-17T14:15:00+00:00,2025-04-17T14:30:00+00:00,12.278,12.4634903048413,11.9070193903174,0.18549030484130036,2.0,2025-04-17T15:00:00+00:00,12.4634903048413,SL,-1.0,0.17339956082239522,-1.1733995608223953,2,
DOGE,BREAKOUT,SHORT,10500,10501,2025-04-20T09:00:00+00:00,2025-04-20T09:15:00+00:00,0.15619,0.15755818731396837,0.15345362537206325,0.001368187313968372,2.0,2025-04-20T10:45:00+00:00,0.15345362537206325,TP,2.0,0.2942116981162037,1.7057883018837963,6,
UNI,BREAKOUT,SHORT,10506,10507,2025-04-20T10:30:00+00:00,2025-04-20T10:45:00+00:00,5.199,5.249532050205476,5.097935899589048,0.0505320502054758,2.0,2025-04-20T16:15:00+00:00,5.249532050205476,SL,-1.0,0.26880151527663954,-1.2688015152766394,22,
BTC,BREAKOUT,LONG,10544,10545,2025-04-20T20:00:00+00:00,2025-04-20T20:15:00+00:00,84899.3,84566.01590744274,85565.86818511454,333.2840925572673,2.0,2025-04-21T00:15:00+00:00,85565.86818511454,TP,2.0,0.664912378326521,1.335087621673479,16,
FET,BREAKOUT,LONG,10617,10618,2025-04-21T14:15:00+00:00,2025-04-21T14:30:00+00:00,0.6454,0.6270349076650945,0.6821301846698109,0.018365092334905464,2.0,2025-04-21T15:30:00+00:00,0.6270349076650945,SL,-1.0,0.09007117142670971,-1.0900711714267097,4,
CRV,BREAKOUT,LONG,10659,10660,2025-04-22T00:45:00+00:00,2025-04-22T01:00:00+00:00,0.598,0.5846369965484539,0.6247260069030921,0.013363003451546063,2.0,2025-04-22T11:45:00+00:00,0.6247260069030921,TP,2.0,0.11895108870828838,1.8810489112917117,43,
BTC,BREAKOUT,LONG,10660,10661,2025-04-22T01:00:00+00:00,2025-04-22T01:15:00+00:00,87718.1,86996.02042646531,89162.25914706939,722.079573534691,2.0,2025-04-22T12:45:00+00:00,89162.25914706939,TP,2.0,0.3184475441751891,1.681552455824811,46,
SOL,BREAKOUT,LONG,10708,10709,2025-04-22T13:00:00+00:00,2025-04-22T13:15:00+00:00,142.49,140.56812921792064,146.33374156415874,1.9218707820793668,2.0,2025-04-22T16:00:00+00:00,146.33374156415874,TP,2.0,0.1953673824143192,1.8046326175856808,11,
BTC,BREAKOUT,LONG,10712,10713,2025-04-22T14:00:00+00:00,2025-04-22T14:15:00+00:00,90423.6,89528.20531531707,92214.38936936588,895.3946846829349,2.0,2025-04-22T21:45:00+00:00,92214.38936936588,TP,2.0,0.2651672946486732,1.7348327053513268,30,
BTC,BREAKOUT,LONG,10784,10785,2025-04-23T08:00:00+00:00,2025-04-23T08:15:00+00:00,94343.6,93496.53081201769,96037.73837596463,847.0691879823135,2.0,2025-04-23T10:00:00+00:00,93496.53081201769,SL,-1.0,0.2882788956558312,-1.2882788956558313,7,
CRV,BREAKOUT,LONG,10714,10715,2025-04-22T14:30:00+00:00,2025-04-22T14:45:00+00:00,0.67,0.6491369129536003,0.7117261740927995,0.02086308704639972,2.0,2025-04-23T14:45:00+00:00,0.662,TIME,-0.3834523616858773,0.08299826368690807,-0.46645062537278537,96,
AVAX,BREAKOUT,LONG,10761,10762,2025-04-23T02:15:00+00:00,2025-04-23T02:30:00+00:00,22.401,21.958115247405598,23.286769505188804,0.4428847525944022,2.0,2025-04-23T15:15:00+00:00,21.958115247405598,SL,-1.0,0.13020734961819536,-1.1302073496181952,51,
CRV,BREAKOUT,LONG,10873,10874,2025-04-24T06:15:00+00:00,2025-04-24T06:30:00+00:00,0.677,0.6576280669997697,0.7157438660004607,0.019371933000230324,2.0,2025-04-24T06:45:00+00:00,0.6576280669997697,SL,-1.0,0.08956341564257278,-1.0895634156425729,1,
FET,BREAKOUT,LONG,10900,10901,2025-04-24T13:00:00+00:00,2025-04-24T13:15:00+00:00,0.643,0.6243918718335858,0.6802162563328285,0.018608128166414217,2.0,2025-04-24T13:45:00+00:00,0.6802162563328285,TP,2.0,0.0924424594375607,1.9075575405624392,2,
SUI,BREAKOUT,LONG,10908,10909,2025-04-24T15:00:00+00:00,2025-04-24T15:15:00+00:00,3.3099,3.187045860514228,3.555608278971544,0.12285413948577206,2.0,2025-04-25T06:00:00+00:00,3.555608278971544,TP,2.0,0.07264843333745905,1.927351566662541,59,
LINK,BREAKOUT,LONG,10907,10908,2025-04-24T14:45:00+00:00,2025-04-24T15:00:00+00:00,14.849,14.576865997768191,15.393268004463618,0.27213400223180884,2.0,2025-04-25T15:00:00+00:00,15.286,TIME,1.6058265281666442,0.1439566525267562,1.461869875639888,96,
FET,BREAKOUT,LONG,10980,10981,2025-04-25T09:00:00+00:00,2025-04-25T09:15:00+00:00,0.6987,0.6807968073497205,0.734506385300559,0.01790319265027951,2.0,2025-04-25T22:30:00+00:00,0.734506385300559,TP,2.0,0.10406905278213818,1.8959309472178618,53,
FET,BREAKOUT,LONG,11039,11040,2025-04-25T23:45:00+00:00,2025-04-26T00:00:00+00:00,0.7507,0.7312773065266515,0.7895453869466972,0.019422693473348573,2.0,2025-04-26T01:15:00+00:00,0.7895453869466972,TP,2.0,0.10309172647852614,1.896908273521474,5,
BNB,BREAKOUT,LONG,11213,11214,2025-04-27T19:15:00+00:00,2025-04-27T19:30:00+00:00,606.11,602.42395857739,613.4820828452201,3.68604142261006,2.0,2025-04-28T00:00:00+00:00,602.42395857739,SL,-1.0,0.42622802242903884,-1.426228022429039,18,
XRP,BREAKOUT,LONG,11249,11250,2025-04-28T04:15:00+00:00,2025-04-28T04:30:00+00:00,2.2769,2.245756611609282,2.339186776781436,0.031143388390717952,2.0,2025-04-28T07:45:00+00:00,2.339186776781436,TP,2.0,0.19268657393761277,1.8073134260623873,13,
ADA,BREAKOUT,LONG,11264,11265,2025-04-28T08:00:00+00:00,2025-04-28T08:15:00+00:00,0.7273,0.7159211797514741,0.7500576404970517,0.011378820248525878,2.0,2025-04-28T10:00:00+00:00,0.7159211797514741,SL,-1.0,0.16488418770126678,-1.1648841877012668,7,
LINK,BREAKOUT,LONG,11249,11250,2025-04-28T04:15:00+00:00,2025-04-28T04:30:00+00:00,14.965,14.710676877507623,15.473646244984753,0.25432312249237654,2.0,2025-04-28T13:45:00+00:00,14.710676877507623,SL,-1.0,0.1516904147868675,-1.1516904147868674,37,
BTC,BREAKOUT,LONG,11259,11260,2025-04-28T06:45:00+00:00,2025-04-28T07:00:00+00:00,94539.7,93998.9509275676,95621.1981448648,540.7490724324016,2.0,2025-04-28T13:45:00+00:00,93998.9509275676,SL,-1.0,0.4532605947955234,-1.4532605947955233,27,
CRV,BREAKOUT,LONG,11258,11259,2025-04-28T06:30:00+00:00,2025-04-28T06:45:00+00:00,0.662,0.6464716243400522,0.6930567513198956,0.015528375659947802,2.0,2025-04-28T14:45:00+00:00,0.6464716243400522,SL,-1.0,0.10954224375376723,-1.1095422437537672,32,
LINK,BREAKOUT,LONG,11331,11332,2025-04-29T00:45:00+00:00,2025-04-29T01:00:00+00:00,15.19,14.96853939131577,15.632921217368457,0.2214606086842288,2.0,2025-04-29T02:15:00+00:00,14.96853939131577,SL,-1.0,0.1770341978270854,-1.1770341978270853,5,
BTC,BREAKOUT,LONG,11325,11326,2025-04-28T23:15:00+00:00,2025-04-28T23:30:00+00:00,95027.1,94422.28037568172,96236.73924863659,604.8196243182902,2.0,2025-04-29T03:00:00+00:00,94422.28037568172,SL,-1.0,0.40720271728282686,-1.4072027172828268,14,
CRV,BREAKOUT,LONG,11356,11357,2025-04-29T07:00:00+00:00,2025-04-29T07:15:00+00:00,0.66,0.6457726858495245,0.688454628300951,0.014227314150475512,2.0,2025-04-29T23:00:00+00:00,0.6457726858495245,SL,-1.0,0.11931306736118193,-1.119313067361182,63,
FET,BREAKOUT,LONG,11437,11438,2025-04-30T03:15:00+00:00,2025-04-30T03:30:00+00:00,0.7293,0.7114135717876545,0.7650728564246908,0.01788642821234543,2.0,2025-04-30T07:00:00+00:00,0.7114135717876545,SL,-1.0,0.10471222208753973,-1.1047122220875398,14,
CRV,BREAKOUT,LONG,11496,11497,2025-04-30T18:00:00+00:00,2025-04-30T18:15:00+00:00,0.697,0.6740084480575891,0.7429831038848217,0.02299155194241087,2.0,2025-05-01T09:00:00+00:00,0.7429831038848217,TP,2.0,0.08142025556774896,1.918579744432251,59,
LINK,BREAKOUT,LONG,11505,11506,2025-04-30T20:15:00+00:00,2025-04-30T20:30:00+00:00,14.398,14.144789341930881,14.904421316138237,0.25321065806911847,2.0,2025-05-01T09:00:00+00:00,14.904421316138237,TP,2.0,0.15044053833066334,1.8495594616693367,50,
BTC,BREAKOUT,LONG,11505,11506,2025-04-30T20:15:00+00:00,2025-04-30T20:30:00+00:00,94669.9,93855.0022167624,96299.69556647519,814.8977832375967,2.0,2025-05-01T10:15:00+00:00,96299.69556647519,TP,2.0,0.3046522881067077,1.6953477118932923,55,
BTC,BREAKOUT,LONG,11573,11574,2025-05-01T13:15:00+00:00,2025-05-01T13:30:00+00:00,96586.4,95994.385652493,97770.42869501398,592.0143475069926,2.0,2025-05-01T13:30:00+00:00,95994.385652493,SL,-1.0,0.42288674658393116,-1.4228867465839312,0,True
BTC,BREAKOUT,LONG,11580,11581,2025-05-01T15:00:00+00:00,2025-05-01T15:15:00+00:00,97326.5,96430.96793382813,99117.56413234374,895.5320661718724,2.0,2025-05-01T18:15:00+00:00,96430.96793382813,SL,-1.0,0.2812682178882853,-1.2812682178882853,12,
BNB,BREAKOUT,LONG,11505,11506,2025-04-30T20:15:00+00:00,2025-04-30T20:30:00+00:00,599.17,595.4811414738549,606.5477170522901,3.6888585261450544,2.0,2025-05-01T20:30:00+00:00,599.46,TIME,0.07861510490160604,0.4224122418780794,-0.34379713697647335,96,
AVAX,BREAKOUT,LONG,11595,11596,2025-05-01T18:45:00+00:00,2025-05-01T19:00:00+00:00,21.787,21.392877144727613,22.57524571054477,0.39412285527238566,2.0,2025-05-02T07:00:00+00:00,21.392877144727613,SL,-1.0,0.14242726484195073,-1.1424272648419507,48,
SOL,BREAKOUT,LONG,11869,11870,2025-05-04T15:15:00+00:00,2025-05-04T15:30:00+00:00,146.99,145.79070823393883,149.38858353212237,1.1992917660611795,2.0,2025-05-04T22:30:00+00:00,145.79070823393883,SL,-1.0,0.31736640863813304,-1.317366408638133,28,
UNI,BREAKOUT,SHORT,12085,12086,2025-05-06T21:15:00+00:00,2025-05-06T21:30:00+00:00,4.758,4.840707008326316,4.592585983347369,0.08270700832631572,2.0,2025-05-06T22:00:00+00:00,4.840707008326316,SL,-1.0,0.15087378159770598,-1.150873781597706,2,
BTC,BREAKOUT,LONG,12094,12095,2025-05-06T23:30:00+00:00,2025-05-06T23:45:00+00:00,96838.0,96006.36420129861,98501.27159740278,831.6357987013907,2.0,2025-05-07T18:00:00+00:00,96006.36420129861,SL,-1.0,0.30145127693295026,-1.3014512769329503,73,
ETH,BREAKOUT,LONG,12090,12091,2025-05-06T22:30:00+00:00,2025-05-06T22:45:00+00:00,1804.6,1780.280528489457,1853.2389430210856,24.319471510542826,2.0,2025-05-07T22:45:00+00:00,1816.16,TIME,0.4753392768008447,0.19354812040053818,0.2817911564003065,96,
BNB,BREAKOUT,LONG,12202,12203,2025-05-08T02:30:00+00:00,2025-05-08T02:45:00+00:00,607.53,603.7070975829644,615.1758048340712,3.822902417035607,2.0,2025-05-08T08:00:00+00:00,615.1758048340712,TP,2.0,0.4157881559312341,1.5842118440687658,21,
BTC,BREAKOUT,LONG,12197,12198,2025-05-08T01:15:00+00:00,2025-05-08T01:30:00+00:00,97935.0,97079.53043733646,99645.93912532707,855.4695626635366,2.0,2025-05-08T08:15:00+00:00,99645.93912532707,TP,2.0,0.3002505665580863,1.6997494334419136,27,
ETH,BREAKOUT,LONG,12206,12207,2025-05-08T03:30:00+00:00,2025-05-08T03:45:00+00:00,1887.7,1857.967262973542,1947.1654740529164,29.732737026458153,2.0,2025-05-08T08:45:00+00:00,1947.1654740529164,TP,2.0,0.16767124775067024,1.8323287522493297,20,
ETH,BREAKOUT,LONG,12254,12255,2025-05-08T15:30:00+00:00,2025-05-08T15:45:00+00:00,2057.48,2011.374340433493,2149.691319133014,46.10565956650703,2.0,2025-05-08T20:30:00+00:00,2149.691319133014,TP,2.0,0.11862584260362802,1.881374157396372,19,
SOL,BREAKOUT,LONG,12252,12253,2025-05-08T15:00:00+00:00,2025-05-08T15:15:00+00:00,158.24,155.77405909315297,163.17188181369409,2.465940906847038,2.0,2025-05-08T20:45:00+00:00,163.17188181369409,TP,2.0,0.16944260310440626,1.8305573968955937,22,
FET,BREAKOUT,LONG,12275,12276,2025-05-08T20:45:00+00:00,2025-05-08T21:00:00+00:00,0.786,0.7638202102524148,0.8303595794951706,0.022179789747585277,2.0,2025-05-08T22:00:00+00:00,0.7638202102524148,SL,-1.0,0.09083793382430454,-1.0908379338243046,4,
DOGE,BREAKOUT,LONG,12276,12277,2025-05-08T21:00:00+00:00,2025-05-08T21:15:00+00:00,0.19448,0.19008878115654215,0.20326243768691565,0.004391218843457834,2.0,2025-05-09T07:15:00+00:00,0.20326243768691565,TP,2.0,0.11774980647191591,1.8822501935280842,40,
LINK,BREAKOUT,LONG,12276,12277,2025-05-08T21:00:00+00:00,2025-05-08T21:15:00+00:00,15.831,15.496875163902931,16.499249672194136,0.3341248360970681,2.0,2025-05-09T08:15:00+00:00,16.499249672194136,TP,2.0,0.12578928601896042,1.8742107139810396,44,
BNB,BREAKOUT,LONG,12314,12315,2025-05-09T06:30:00+00:00,2025-05-09T06:45:00+00:00,629.97,625.7806890722374,638.3486218555254,4.189310927762676,2.0,2025-05-09T08:15:00+00:00,638.3486218555254,TP,2.0,0.3935764704131763,1.6064235295868237,6,
AVAX,BREAKOUT,LONG,12316,12317,2025-05-09T07:00:00+00:00,2025-05-09T07:15:00+00:00,22.753,22.351697225098057,23.555605549803886,0.4013027749019429,2.0,2025-05-09T08:30:00+00:00,23.555605549803886,TP,2.0,0.15001438061188346,1.8499856193881166,5,
SUI,BREAKOUT,LONG,12254,12255,2025-05-08T15:30:00+00:00,2025-05-08T15:45:00+00:00,3.8888,3.7676615814785865,4.131076837042826,0.12113841852141327,2.0,2025-05-09T15:45:00+00:00,3.9165,TIME,0.22866403852799047,0.08376277422018982,0.14490126430780065,96,
BTC,BREAKOUT,LONG,12276,12277,2025-05-08T21:00:00+00:00,2025-05-08T21:15:00+00:00,102474.4,101389.72377665098,104643.75244669802,1084.6762233490153,2.0,2025-05-09T21:15:00+00:00,102890.6,TIME,0.3837089732777256,0.2461328959306374,0.13757607734708818,96,
ADA,BREAKOUT,LONG,12452,12453,2025-05-10T17:00:00+00:00,2025-05-10T17:15:00+00:00,0.8253,0.8074764094588389,0.8609471810823223,0.017823590541161116,2.0,2025-05-10T20:00:00+00:00,0.8074764094588389,SL,-1.0,0.1190898841282635,-1.1190898841282635,11,
AVAX,BREAKOUT,LONG,12417,12418,2025-05-10T08:15:00+00:00,2025-05-10T08:30:00+00:00,24.353,23.86513946129152,25.328721077416965,0.4878605387084818,2.0,2025-05-10T21:30:00+00:00,25.328721077416965,TP,2.0,0.13238668077484167,1.8676133192251583,52,
LINK,BREAKOUT,LONG,12449,12450,2025-05-10T16:15:00+00:00,2025-05-10T16:30:00+00:00,16.629,16.32363776950383,17.239724460992345,0.30536223049617206,2.0,2025-05-10T22:15:00+00:00,17.239724460992345,TP,2.0,0.14418725501103513,1.855812744988965,23,
ETH,BREAKOUT,LONG,12475,12476,2025-05-10T22:45:00+00:00,2025-05-10T23:00:00+00:00,2576.7,2517.2012480050853,2695.697503989829,59.49875199491453,2.0,2025-05-11T00:15:00+00:00,2517.2012480050853,SL,-1.0,0.11129765583944706,-1.1112976558394472,5,
SOL,BREAKOUT,LONG,12476,12477,2025-05-10T23:00:00+00:00,2025-05-10T23:15:00+00:00,177.38,174.7312098948013,182.67758021039737,2.6487901051986853,2.0,2025-05-11T00:15:00+00:00,174.7312098948013,SL,-1.0,0.17281270115168537,-1.1728127011516853,4,
CRV,BREAKOUT,LONG,12478,12479,2025-05-10T23:30:00+00:00,2025-05-10T23:45:00+00:00,0.815,0.7961905539237953,0.8526188921524092,0.018809446076204606,2.0,2025-05-11T00:15:00+00:00,0.7961905539237953,SL,-1.0,0.11135616177186088,-1.1113561617718608,2,
BNB,BREAKOUT,LONG,12480,12481,2025-05-11T00:00:00+00:00,2025-05-11T00:15:00+00:00,668.29,661.5776777341684,681.714644531663,6.712322265831517,2.0,2025-05-11T00:15:00+00:00,661.5776777341684,SL,-1.0,0.25756033643599996,-1.257560336436,0,True
DOGE,BREAKOUT,LONG,12480,12481,2025-05-11T00:00:00+00:00,2025-05-11T00:15:00+00:00,0.25718,0.2480846699073338,0.27537066018533246,0.00909533009266622,2.0,2025-05-11T00:15:00+00:00,0.2480846699073338,SL,-1.0,0.0722177275796909,-1.072217727579691,0,True
SUI,BREAKOUT,LONG,12555,12556,2025-05-11T18:45:00+00:00,2025-05-11T19:00:00+00:00,4.0153,3.930402934242965,4.185094131514069,0.0848970657570347,2.0,2025-05-12T01:00:00+00:00,4.185094131514069,TP,2.0,0.12556985657758077,1.8744301434224193,24,
CRV,BREAKOUT,LONG,12579,12580,2025-05-12T00:45:00+00:00,2025-05-12T01:00:00+00:00,0.794,0.7760099168606076,0.8299801662787849,0.017990083139392432,2.0,2025-05-12T01:30:00+00:00,0.7760099168606076,SL,-1.0,0.11345211003775937,-1.1134521100377595,2,
BTC,BREAKOUT,LONG,12603,12604,2025-05-12T06:45:00+00:00,2025-05-12T07:00:00+00:00,104346.2,103711.77261805095,105615.0547638981,634.4273819490481,2.0,2025-05-12T07:00:00+00:00,105615.0547638981,TP,2.0,0.4302299033098614,1.5697700966901387,0,True
SUI,BREAKOUT,LONG,12605,12606,2025-05-12T07:15:00+00:00,2025-05-12T07:30:00+00:00,4.2523,4.1310679291020165,4.494764141795967,0.12123207089798349,2.0,2025-05-12T10:15:00+00:00,4.1310679291020165,SL,-1.0,0.08989682537885195,-1.089896825378852,11,
XRP,BREAKOUT,LONG,12621,12622,2025-05-12T11:15:00+00:00,2025-05-12T11:30:00+00:00,2.4703,2.4230218758750666,2.5648562482498667,0.047278124124933374,2.0,2025-05-12T12:30:00+00:00,2.5648562482498667,TP,2.0,0.13845099068287223,1.8615490093171279,4,
BNB,BREAKOUT,LONG,12620,12621,2025-05-12T11:00:00+00:00,2025-05-12T11:15:00+00:00,684.96,674.5011681695607,705.8776636608786,10.458831830439294,2.0,2025-05-12T14:15:00+00:00,674.5011681695607,SL,-1.0,0.1689767602417027,-1.1689767602417027,12,
SOL,BREAKOUT,LONG,12736,12737,2025-05-13T16:00:00+00:00,2025-05-13T16:15:00+00:00,177.55,174.35102505260468,183.94794989479067,3.198974947395328,2.0,2025-05-13T19:45:00+00:00,183.94794989479067,TP,2.0,0.1469056002598172,1.8530943997401828,14,
BTC,BREAKOUT,LONG,12751,12752,2025-05-13T19:45:00+00:00,2025-05-13T20:00:00+00:00,104744.7,103863.24603248098,106507.60793503803,881.4539675190172,2.0,2025-05-13T23:00:00+00:00,103863.24603248098,SL,-1.0,0.30766249836679577,-1.3076624983667957,12,
DOGE,BREAKOUT,LONG,12735,12736,2025-05-13T15:45:00+00:00,2025-05-13T16:00:00+00:00,0.23294,0.22671810737290998,0.24538378525418006,0.0062218926270900254,2.0,2025-05-14T05:45:00+00:00,0.24538378525418006,TP,2.0,0.09994079906217528,1.9000592009378248,55,
ETH,BREAKOUT,LONG,12748,12749,2025-05-13T19:00:00+00:00,2025-05-13T19:15:00+00:00,2667.8,2612.5785792589895,2778.2428414820215,55.22142074101066,2.0,2025-05-14T08:00:00+00:00,2612.5785792589895,SL,-1.0,0.12430850313017593,-1.1243085031301758,51,
BNB,BREAKOUT,LONG,12737,12738,2025-05-13T16:15:00+00:00,2025-05-13T16:30:00+00:00,662.99,655.8484330025358,677.2731339949285,7.141566997464224,2.0,2025-05-14T08:30:00+00:00,655.8484330025358,SL,-1.0,0.2400719566885062,-1.2400719566885061,64,
CRV,BREAKOUT,LONG,12745,12746,2025-05-13T18:15:00+00:00,2025-05-13T18:30:00+00:00,0.76,0.740339422821507,0.799321154356986,0.01966057717849301,2.0,2025-05-14T13:00:00+00:00,0.740339422821507,SL,-1.0,0.09920569635166028,-1.0992056963516603,74,
BTC,BREAKOUT,LONG,12914,12915,2025-05-15T12:30:00+00:00,2025-05-15T12:45:00+00:00,102731.5,102051.3493736232,104091.80125275359,680.1506263767951,2.0,2025-05-15T13:30:00+00:00,102051.3493736232,SL,-1.0,0.39140992283410586,-1.391409922834106,3,
SOL,BREAKOUT,LONG,12931,12932,2025-05-15T16:45:00+00:00,2025-05-15T17:00:00+00:00,173.89,170.10412606082934,181.46174787834127,3.785873939170642,2.0,2025-05-15T18:30:00+00:00,170.10412606082934,SL,-1.0,0.1181213033144582,-1.1181213033144581,6,
BNB,BREAKOUT,LONG,12932,12933,2025-05-15T17:00:00+00:00,2025-05-15T17:15:00+00:00,659.7,652.3835482449354,674.3329035101294,7.316451755064691,2.0,2025-05-15T18:30:00+00:00,652.3835482449354,SL,-1.0,0.2331333096726385,-1.2331333096726385,5,
BTC,BREAKOUT,LONG,12969,12970,2025-05-16T02:15:00+00:00,2025-05-16T02:30:00+00:00,104235.4,103409.24889173593,105887.70221652812,826.1511082640645,2.0,2025-05-16T08:15:00+00:00,103409.24889173593,SL,-1.0,0.3267417314569235,-1.3267417314569234,23,
AVAX,BREAKOUT,LONG,12969,12970,2025-05-16T02:15:00+00:00,2025-05-16T02:30:00+00:00,23.826,23.293225894343863,24.891548211312276,0.5327741056561379,2.0,2025-05-16T08:30:00+00:00,23.293225894343863,SL,-1.0,0.11497366897591323,-1.1149736689759133,24,
ADA,BREAKOUT,LONG,12968,12969,2025-05-16T02:00:00+00:00,2025-05-16T02:15:00+00:00,0.7797,0.7612875603696609,0.816524879260678,0.018412439630339006,2.0,2025-05-16T20:30:00+00:00,0.7612875603696609,SL,-1.0,0.10880056465628041,-1.1088005646562804,73,
LINK,BREAKOUT,LONG,12968,12969,2025-05-16T02:00:00+00:00,2025-05-16T02:15:00+00:00,16.288,15.924457809705059,17.015084380589883,0.3635421902949414,2.0,2025-05-16T20:30:00+00:00,15.924457809705059,SL,-1.0,0.11518936803082597,-1.115189368030826,73,
DOGE,BREAKOUT,LONG,12969,12970,2025-05-16T02:15:00+00:00,2025-05-16T02:30:00+00:00,0.22538,0.21900812711070036,0.23812374577859927,0.006371872889299635,2.0,2025-05-17T00:15:00+00:00,0.21900812711070036,SL,-1.0,0.09066479750624921,-1.0906647975062491,87,
ETH,BREAKOUT,LONG,13212,13213,2025-05-18T15:00:00+00:00,2025-05-18T15:15:00+00:00,2558.37,2527.568262728358,2619.9734745432834,30.80173727164174,2.0,2025-05-18T17:15:00+00:00,2527.568262728358,SL,-1.0,0.21465411782581761,-1.2146541178258177,8,
DOGE,BREAKOUT,LONG,13212,13213,2025-05-18T15:00:00+00:00,2025-05-18T15:15:00+00:00,0.23131,0.22703780589893413,0.2398543882021317,0.004272194101065857,2.0,2025-05-18T18:00:00+00:00,0.22703780589893413,SL,-1.0,0.13947216197877269,-1.1394721619787727,11,
DOGE,BREAKOUT,LONG,13247,13248,2025-05-18T23:45:00+00:00,2025-05-19T00:00:00+00:00,0.23297,0.22654463436128275,0.24582073127743453,0.006425365638717262,2.0,2025-05-19T00:30:00+00:00,0.22654463436128275,SL,-1.0,0.09297043285289587,-1.092970432852896,2,
SUI,BREAKOUT,LONG,13247,13248,2025-05-18T23:45:00+00:00,2025-05-19T00:00:00+00:00,3.9414,3.843698583664166,4.136802832671667,0.09770141633583362,2.0,2025-05-19T00:30:00+00:00,3.843698583664166,SL,-1.0,0.10358732286925411,-1.103587322869254,2,
DOGE,BREAKOUT,LONG,13308,13309,2025-05-19T15:00:00+00:00,2025-05-19T15:15:00+00:00,0.22201,0.21754076047689264,0.23094847904621477,0.004469239523107377,2.0,2025-05-20T13:45:00+00:00,0.21754076047689264,SL,-1.0,0.12785530640404474,-1.1278553064040446,90,
ETH,BREAKOUT,LONG,13315,13316,2025-05-19T16:45:00+00:00,2025-05-19T17:00:00+00:00,2509.0,2464.2457469444867,2598.5085061110267,44.754253055513345,2.0,2025-05-20T13:45:00+00:00,2464.2457469444867,SL,-1.0,0.1444604485524169,-1.144460448552417,83,
BTC,BREAKOUT,LONG,13466,13467,2025-05-21T06:30:00+00:00,2025-05-21T06:45:00+00:00,107892.6,106975.49641821557,109726.80716356888,917.1035817844386,2.0,2025-05-21T07:15:00+00:00,106975.49641821557,SL,-1.0,0.3045768557573198,-1.3045768557573199,2,
BTC,BREAKOUT,LONG,13499,13500,2025-05-21T14:45:00+00:00,2025-05-21T15:00:00+00:00,108963.0,107877.61533917171,111133.76932165658,1085.384660828291,2.0,2025-05-21T17:15:00+00:00,107877.61533917171,SL,-1.0,0.25971695576184206,-1.2597169557618422,9,
SUI,BREAKOUT,LONG,13506,13507,2025-05-21T16:30:00+00:00,2025-05-21T16:45:00+00:00,4.0533,3.970324975098362,4.219250049803277,0.08297502490163833,2.0,2025-05-21T17:15:00+00:00,3.970324975098362,SL,-1.0,0.12570906100953658,-1.1257090610095366,2,
BNB,BREAKOUT,LONG,13503,13504,2025-05-21T15:45:00+00:00,2025-05-21T16:00:00+00:00,663.57,657.3719629368668,675.9660741262666,6.198037063133256,2.0,2025-05-21T23:15:00+00:00,675.9660741262666,TP,2.0,0.2809594196721097,1.7190405803278903,29,
DOGE,BREAKOUT,LONG,13531,13532,2025-05-21T22:45:00+00:00,2025-05-21T23:00:00+00:00,0.23289,0.22784236896196816,0.24298526207606372,0.005047631038031852,2.0,2025-05-22T01:30:00+00:00,0.24298526207606372,TP,2.0,0.12256003579455348,1.8774399642054465,10,
ETH,BREAKOUT,LONG,13531,13532,2025-05-21T22:45:00+00:00,2025-05-21T23:00:00+00:00,2534.59,2481.818410517522,2640.1331789649566,52.77158948247825,2.0,2025-05-22T03:45:00+00:00,2640.1331789649566,TP,2.0,0.12747654938246755,1.8725234506175323,19,
CRV,BREAKOUT,LONG,13532,13533,2025-05-21T23:00:00+00:00,2025-05-21T23:15:00+00:00,0.739,0.7192494813031247,0.7785010373937505,0.019750518696875274,2.0,2025-05-22T04:15:00+00:00,0.7785010373937505,TP,2.0,0.09988352097932415,1.900116479020676,20,
CRV,BREAKOUT,LONG,13561,13562,2025-05-22T06:15:00+00:00,2025-05-22T06:30:00+00:00,0.798,0.775459332277877,0.8430813354442461,0.022540667722123042,2.0,2025-05-23T02:30:00+00:00,0.8430813354442461,TP,2.0,0.0946469626533575,1.9053530373466425,80,
BNB,BREAKOUT,LONG,13546,13547,2025-05-22T02:30:00+00:00,2025-05-22T02:45:00+00:00,683.69,676.3149042329319,698.4401915341364,7.37509576706816,2.0,2025-05-23T02:45:00+00:00,689.25,TIME,0.753888515567063,0.24200662016752697,0.5118818953995361,96,
FET,BREAKOUT,LONG,13594,13595,2025-05-22T14:30:00+00:00,2025-05-22T14:45:00+00:00,0.8598,0.8334140927401957,0.9125718145196086,0.026385907259804275,2.0,2025-05-23T03:00:00+00:00,0.9125718145196086,TP,2.0,0.08732249894569599,1.912677501054304,49,
DOGE,BREAKOUT,LONG,13641,13642,2025-05-23T02:15:00+00:00,2025-05-23T02:30:00+00:00,0.25037,0.24543784916453296,0.26023430167093403,0.004932150835467025,2.0,2025-05-23T04:30:00+00:00,0.24543784916453296,SL,-1.0,0.13068339258380776,-1.1306833925838078,8,
FET,BREAKOUT,LONG,13647,13648,2025-05-23T03:45:00+00:00,2025-05-23T04:00:00+00:00,0.9404,0.9102851263230468,1.0006297473539063,0.030114873676953202,2.0,2025-05-23T06:00:00+00:00,0.9102851263230468,SL,-1.0,0.07989044516767076,-1.0798904451676707,8,
SUI,BREAKOUT,LONG,13641,13642,2025-05-23T02:15:00+00:00,2025-05-23T02:30:00+00:00,3.9263,3.8347515951262277,4.109396809747544,0.09154840487377225,2.0,2025-05-23T06:30:00+00:00,3.8347515951262277,SL,-1.0,0.1102080051266366,-1.1102080051266365,16,
SOL,BREAKOUT,LONG,13913,13914,2025-05-25T22:15:00+00:00,2025-05-25T22:30:00+00:00,173.35,171.25437719142175,177.54124561715648,2.0956228085782413,2.0,2025-05-26T01:00:00+00:00,177.54124561715648,TP,2.0,0.21767210083563682,1.7823278991643632,10,
FET,BREAKOUT,LONG,13914,13915,2025-05-25T22:30:00+00:00,2025-05-25T22:45:00+00:00,0.8373,0.8161005011968,0.8796989976064001,0.021199498803200045,2.0,2025-05-26T03:15:00+00:00,0.8796989976064001,TP,2.0,0.10529016358402712,1.894709836415973,18,
FET,BREAKOUT,LONG,13941,13942,2025-05-26T05:15:00+00:00,2025-05-26T05:30:00+00:00,0.9049,0.880719779453342,0.9532604410933161,0.024180220546658027,2.0,2025-05-26T16:45:00+00:00,0.880719779453342,SL,-1.0,0.0960001877902712,-1.0960001877902712,45,
ETH,BREAKOUT,LONG,14040,14041,2025-05-27T06:00:00+00:00,2025-05-27T06:15:00+00:00,2598.78,2567.988411879829,2660.3631762403425,30.791588120171127,2.0,2025-05-27T06:45:00+00:00,2567.988411879829,SL,-1.0,0.21813746368748352,-1.2181374636874835,2,
BNB,BREAKOUT,LONG,14070,14071,2025-05-27T13:30:00+00:00,2025-05-27T13:45:00+00:00,688.34,683.9439556854268,697.1320886291466,4.39604431457326,2.0,2025-05-27T14:00:00+00:00,697.1320886291466,TP,2.0,0.40971236555715457,1.5902876344428454,1,
CRV,BREAKOUT,LONG,14049,14050,2025-05-27T08:15:00+00:00,2025-05-27T08:30:00+00:00,0.77,0.753023909748874,0.803952180502252,0.016976090251126008,2.0,2025-05-27T17:15:00+00:00,0.803952180502252,TP,2.0,0.1205305700184534,1.8794694299815466,35,
UNI,BREAKOUT,LONG,14034,14035,2025-05-27T04:30:00+00:00,2025-05-27T04:45:00+00:00,6.549,6.422535754693209,6.801928490613583,0.12646424530679123,2.0,2025-05-27T22:00:00+00:00,6.422535754693209,SL,-1.0,0.13334200856687212,-1.1333420085668722,69,
UNI,BREAKOUT,LONG,14142,14143,2025-05-28T07:30:00+00:00,2025-05-28T07:45:00+00:00,6.809,6.6339261034445975,7.159147793110805,0.17507389655540262,2.0,2025-05-28T15:00:00+00:00,6.6339261034445975,SL,-1.0,0.09981958634791517,-1.0998195863479152,29,
UNI,BREAKOUT,LONG,14207,14208,2025-05-28T23:45:00+00:00,2025-05-29T00:00:00+00:00,6.843,6.681049628498177,7.166900743003646,0.16195037150182312,2.0,2025-05-29T00:30:00+00:00,7.166900743003646,TP,2.0,0.11245958127178307,1.887540418728217,2,
UNI,BREAKOUT,LONG,14217,14218,2025-05-29T02:15:00+00:00,2025-05-29T02:30:00+00:00,7.366,7.128122069522535,7.84175586095493,0.23787793047746497,2.0,2025-05-29T05:45:00+00:00,7.128122069522535,SL,-1.0,0.07921020101595469,-1.0792102010159548,13,
FET,BREAKOUT,LONG,14197,14198,2025-05-28T21:15:00+00:00,2025-05-28T21:30:00+00:00,0.9027,0.8754329557831005,0.9572340884337988,0.027267044216899405,2.0,2025-05-29T13:30:00+00:00,0.8754329557831005,SL,-1.0,0.08477533626785179,-1.0847753362678518,64,
CRV,BREAKOUT,LONG,14210,14211,2025-05-29T00:30:00+00:00,2025-05-29T00:45:00+00:00,0.771,0.7537734308826525,0.8054531382346951,0.017226569117347545,2.0,2025-05-29T13:30:00+00:00,0.7537734308826525,SL,-1.0,0.11506675802039551,-1.1150667580203955,51,
XRP,BREAKOUT,SHORT,14395,14396,2025-05-30T22:45:00+00:00,2025-05-30T23:00:00+00:00,2.1386,2.1694318506412964,2.0769362987174067,0.030831850641296565,2.0,2025-05-31T14:30:00+00:00,2.1694318506412964,SL,-1.0,0.18164467229003708,-1.1816446722900371,62,
XRP,BREAKOUT,SHORT,14604,14605,2025-06-02T03:00:00+00:00,2025-06-02T03:15:00+00:00,2.1527,2.17287453932394,2.1123509213521197,0.02017453932394009,2.0,2025-06-02T04:45:00+00:00,2.17287453932394,SL,-1.0,0.27872987882545125,-1.2787298788254513,6,
ADA,BREAKOUT,SHORT,14628,14629,2025-06-02T09:00:00+00:00,2025-06-02T09:15:00+00:00,0.6665,0.6767640374862496,0.6459719250275008,0.0102640374862496,2.0,2025-06-02T18:15:00+00:00,0.6767640374862496,SL,-1.0,0.17013219710776684,-1.1701321971077667,36,
SOL,BREAKOUT,SHORT,14775,14776,2025-06-03T21:45:00+00:00,2025-06-03T22:00:00+00:00,154.75,157.48510677510535,149.2797864497893,2.7351067751053506,2.0,2025-06-04T02:00:00+00:00,157.48510677510535,SL,-1.0,0.14840577432009114,-1.148405774320091,16,
CRV,BREAKOUT,SHORT,14841,14842,2025-06-04T14:15:00+00:00,2025-06-04T14:30:00+00:00,0.664,0.6787931073369845,0.6344137853260311,0.014793107336984468,2.0,2025-06-04T15:00:00+00:00,0.6787931073369845,SL,-1.0,0.11800299962495384,-1.1180029996249539,2,
LINK,BREAKOUT,SHORT,14922,14923,2025-06-05T10:30:00+00:00,2025-06-05T10:45:00+00:00,13.646,13.817449981906496,13.303100036187011,0.17144998190649474,2.0,2025-06-05T12:00:00+00:00,13.817449981906496,SL,-1.0,0.20823848786376564,-1.2082384878637655,5,
XRP,BREAKOUT,SHORT,14864,14865,2025-06-04T20:00:00+00:00,2025-06-04T20:15:00+00:00,2.2026,2.223681204850286,2.1604375902994275,0.021081204850286195,2.0,2025-06-05T12:45:00+00:00,2.223681204850286,SL,-1.0,0.2729524051006626,-1.2729524051006627,66,
SUI,BREAKOUT,SHORT,14946,14947,2025-06-05T16:30:00+00:00,2025-06-05T16:45:00+00:00,3.0864,3.144324834958836,2.9705503300823275,0.05792483495883616,2.0,2025-06-05T19:15:00+00:00,2.9705503300823275,TP,2.0,0.13593539687601439,1.8640646031239856,10,
XRP,BREAKOUT,SHORT,14946,14947,2025-06-05T16:30:00+00:00,2025-06-05T16:45:00+00:00,2.1694,2.194439146324049,2.119321707351902,0.02503914632404891,2.0,2025-06-05T19:15:00+00:00,2.119321707351902,TP,2.0,0.22266486833868715,1.7773351316613129,10,
DOGE,BREAKOUT,SHORT,14948,14949,2025-06-05T17:00:00+00:00,2025-06-05T17:15:00+00:00,0.18107,0.18513419627564204,0.17294160744871595,0.004064196275642029,2.0,2025-06-05T19:15:00+00:00,0.17294160744871595,TP,2.0,0.11323643310278603,1.886763566897214,8,
SOL,BREAKOUT,SHORT,14963,14964,2025-06-05T20:45:00+00:00,2025-06-05T21:00:00+00:00,141.74,145.44165197085042,134.3366960582992,3.7016519708504063,2.0,2025-06-06T00:30:00+00:00,145.44165197085042,SL,-1.0,0.10085663117495523,-1.1008566311749552,14,
LINK,BREAKOUT,SHORT,14963,14964,2025-06-05T20:45:00+00:00,2025-06-05T21:00:00+00:00,12.663,13.045280187298745,11.89843962540251,0.38228018729874513,2.0,2025-06-06T02:45:00+00:00,13.045280187298745,SL,-1.0,0.08742478777057479,-1.0874247877705747,23,
XRP,BREAKOUT,SHORT,14962,14963,2025-06-05T20:30:00+00:00,2025-06-05T20:45:00+00:00,2.0671,2.110915881071807,1.979468237856386,0.043815881071807006,2.0,2025-06-06T03:15:00+00:00,2.110915881071807,SL,-1.0,0.12396009192402511,-1.1239600919240251,26,
AVAX,BREAKOUT,SHORT,14963,14964,2025-06-05T20:45:00+00:00,2025-06-05T21:00:00+00:00,18.468,19.010363094002,17.383273811996002,0.542363094001999,2.0,2025-06-06T03:15:00+00:00,19.010363094002,SL,-1.0,0.08983257260867943,-1.0898325726086795,25,
ADA,BREAKOUT,SHORT,14963,14964,2025-06-05T20:45:00+00:00,2025-06-05T21:00:00+00:00,0.6195,0.6364642274319514,0.5855715451360973,0.016964227431951362,2.0,2025-06-06T03:45:00+00:00,0.6364642274319514,SL,-1.0,0.09624685251426887,-1.0962468525142688,27,
AVAX,BREAKOUT,SHORT,15206,15207,2025-06-08T09:30:00+00:00,2025-06-08T09:45:00+00:00,20.178,20.447410890217583,19.639178219564837,0.269410890217582,2.0,2025-06-08T11:15:00+00:00,20.447410890217583,SL,-1.0,0.19603154911306633,-1.1960315491130664,6,
AVAX,BREAKOUT,SHORT,15264,15265,2025-06-09T00:00:00+00:00,2025-06-09T00:15:00+00:00,21.02,21.317430832098086,20.425138335803826,0.29743083209808674,2.0,2025-06-09T05:00:00+00:00,20.425138335803826,TP,2.0,0.18114692231630128,1.8188530776836986,19,
XRP,BREAKOUT,SHORT,15256,15257,2025-06-08T22:00:00+00:00,2025-06-08T22:15:00+00:00,2.2675,2.290512597743452,2.221474804513096,0.0230125977434521,2.0,2025-06-09T06:00:00+00:00,2.221474804513096,TP,2.0,0.25358576684492207,1.746414233155078,31,
AVAX,BREAKOUT,SHORT,15287,15288,2025-06-09T05:45:00+00:00,2025-06-09T06:00:00+00:00,20.274,20.534364162049144,19.753271675901715,0.26036416204914303,2.0,2025-06-09T09:30:00+00:00,20.534364162049144,SL,-1.0,0.20375643480707106,-1.203756434807071,14,
CRV,BREAKOUT,SHORT,15287,15288,2025-06-09T05:45:00+00:00,2025-06-09T06:00:00+00:00,0.639,0.6485867831342906,0.6198264337314188,0.009586783134290622,2.0,2025-06-09T09:30:00+00:00,0.6485867831342906,SL,-1.0,0.17460109346662883,-1.1746010934666289,14,
LINK,BREAKOUT,SHORT,15288,15289,2025-06-09T06:00:00+00:00,2025-06-09T06:15:00+00:00,13.551,13.68751419858194,13.27797160283612,0.13651419858194025,2.0,2025-06-09T09:30:00+00:00,13.68751419858194,SL,-1.0,0.25938743973874806,-1.2593874397387481,13,
SOL,BREAKOUT,SHORT,15260,15261,2025-06-08T23:00:00+00:00,2025-06-08T23:15:00+00:00,152.55,154.13895964967716,149.3720807006457,1.5889596496771503,2.0,2025-06-09T09:45:00+00:00,154.13895964967716,SL,-1.0,0.2509161561312073,-1.2509161561312072,42,
BTC,BREAKOUT,LONG,15333,15334,2025-06-09T17:15:00+00:00,2025-06-09T17:30:00+00:00,108269.9,107434.03757277298,109941.62485445401,835.8624272270099,2.0,2025-06-09T21:15:00+00:00,109941.62485445401,TP,2.0,0.339379990140109,1.6606200098598909,15,
SOL,BREAKOUT,SHORT,15382,15383,2025-06-10T05:30:00+00:00,2025-06-10T05:45:00+00:00,158.02,159.7561102785561,154.54777944288784,1.7361102785560831,2.0,2025-06-10T11:30:00+00:00,159.7561102785561,SL,-1.0,0.23795086548632388,-1.2379508654863238,23,
UNI,BREAKOUT,LONG,15455,15456,2025-06-10T23:45:00+00:00,2025-06-11T00:00:00+00:00,8.666,8.378369906473765,9.241260187052472,0.2876300935262357,2.0,2025-06-11T00:45:00+00:00,8.378369906473765,SL,-1.0,0.07703533593015649,-1.0770353359301565,3,
BNB,BREAKOUT,LONG,15445,15446,2025-06-10T21:15:00+00:00,2025-06-10T21:30:00+00:00,671.85,667.4755108742496,680.5989782515009,4.374489125750415,2.0,2025-06-11T11:00:00+00:00,667.4755108742496,SL,-1.0,0.39801748594765246,-1.3980174859476524,54,
BTC,BREAKOUT,LONG,15437,15438,2025-06-10T19:15:00+00:00,2025-06-10T19:30:00+00:00,109991.9,109130.86547523542,111713.96904952914,861.0345247645746,2.0,2025-06-11T12:00:00+00:00,109130.86547523542,SL,-1.0,0.3308341151543172,-1.3308341151543173,66,
BTC,BREAKOUT,LONG,15621,15622,2025-06-12T17:15:00+00:00,2025-06-12T17:30:00+00:00,108119.0,107291.50756084041,109773.98487831917,827.492439159585,2.0,2025-06-12T18:45:00+00:00,107291.50756084041,SL,-1.0,0.33841234865360137,-1.3384123486536015,5,
CRV,BREAKOUT,SHORT,15636,15637,2025-06-12T21:00:00+00:00,2025-06-12T21:15:00+00:00,0.626,0.643806417712098,0.590387164575804,0.01780641771209801,2.0,2025-06-13T00:30:00+00:00,0.590387164575804,TP,2.0,0.08880524648560717,1.9111947535143927,13,
CRV,BREAKOUT,SHORT,15653,15654,2025-06-13T01:15:00+00:00,2025-06-13T01:30:00+00:00,0.569,0.5940478199322806,0.5189043601354386,0.02504781993228067,2.0,2025-06-13T07:15:00+00:00,0.5940478199322806,SL,-1.0,0.06036302440690281,-1.0603630244069029,23,
BTC,BREAKOUT,LONG,15680,15681,2025-06-13T08:00:00+00:00,2025-06-13T08:15:00+00:00,105343.1,104274.11138378161,107481.0772324368,1068.9886162183975,2.0,2025-06-13T14:15:00+00:00,104274.11138378161,SL,-1.0,0.254916068014744,-1.254916068014744,24,
BNB,BREAKOUT,LONG,15677,15678,2025-06-13T07:15:00+00:00,2025-06-13T07:30:00+00:00,653.33,647.796186780909,664.3976264381821,5.53381321909103,2.0,2025-06-14T07:30:00+00:00,651.73,TIME,-0.2891315511843088,0.30658389302822825,-0.595715444212537,96,
UNI,BREAKOUT,LONG,15708,15709,2025-06-13T15:00:00+00:00,2025-06-13T15:15:00+00:00,7.449,7.220379777081832,7.906240445836335,0.22862022291816775,2.0,2025-06-14T15:15:00+00:00,7.247,TIME,-0.8835613814981879,0.08356566079825041,-0.9671270422964383,96,
BTC,BREAKOUT,LONG,15709,15710,2025-06-13T15:15:00+00:00,2025-06-13T15:30:00+00:00,105592.1,104565.91044916178,107644.47910167646,1026.1895508382295,2.0,2025-06-14T15:30:00+00:00,104690.5,TIME,-0.8785901194019621,0.26639072652484475,-1.1449808459268067,96,
ADA,BREAKOUT,SHORT,15921,15922,2025-06-15T20:15:00+00:00,2025-06-15T20:30:00+00:00,0.6241,0.6307331290230513,0.6108337419538973,0.006633129023051354,2.0,2025-06-15T22:00:00+00:00,0.6307331290230513,SL,-1.0,0.24592964527916697,-1.245929645279167,6,
CRV,BREAKOUT,SHORT,15922,15923,2025-06-15T20:30:00+00:00,2025-06-15T20:45:00+00:00,0.575,0.5870851174958601,0.5508297650082796,0.012085117495860165,2.0,2025-06-15T22:00:00+00:00,0.5870851174958601,SL,-1.0,0.12500587216153436,-1.1250058721615344,5,
DOGE,BREAKOUT,SHORT,15922,15923,2025-06-15T20:30:00+00:00,2025-06-15T20:45:00+00:00,0.17164,0.1740637226609017,0.16679255467819656,0.0024237226609017115,2.0,2025-06-15T22:00:00+00:00,0.1740637226609017,SL,-1.0,0.1854233764897729,-1.1854233764897728,5,
FET,BREAKOUT,SHORT,15922,15923,2025-06-15T20:30:00+00:00,2025-06-15T20:45:00+00:00,0.6737,0.6886233093352371,0.6438533813295257,0.014923309335237112,2.0,2025-06-15T22:00:00+00:00,0.6886233093352371,SL,-1.0,0.1186747699422173,-1.1186747699422173,5,
LINK,BREAKOUT,SHORT,15922,15923,2025-06-15T20:30:00+00:00,2025-06-15T20:45:00+00:00,12.999,13.15954450740367,12.677910985192662,0.1605445074036691,2.0,2025-06-15T22:00:00+00:00,13.15954450740367,SL,-1.0,0.2118173234922367,-1.2118173234922367,5,
FET,BREAKOUT,SHORT,16031,16032,2025-06-16T23:45:00+00:00,2025-06-17T00:00:00+00:00,0.6933,0.7094337501323871,0.6610324997352259,0.016133750132387048,2.0,2025-06-17T15:00:00+00:00,0.6610324997352259,TP,2.0,0.10912727885387807,1.8908727211461218,60,
ADA,BREAKOUT,SHORT,16066,16067,2025-06-17T08:30:00+00:00,2025-06-17T08:45:00+00:00,0.6256,0.6336391471011781,0.609521705797644,0.008039147101178035,2.0,2025-06-17T15:15:00+00:00,0.609521705797644,TP,2.0,0.19972992126262354,1.8002700787373764,26,
CRV,BREAKOUT,SHORT,16067,16068,2025-06-17T08:45:00+00:00,2025-06-17T09:00:00+00:00,0.591,0.6032934102507296,0.5664131794985408,0.012293410250729608,2.0,2025-06-17T15:15:00+00:00,0.5664131794985408,TP,2.0,0.12239379494057018,1.8776062050594298,25,
DOGE,BREAKOUT,SHORT,16067,16068,2025-06-17T08:45:00+00:00,2025-06-17T09:00:00+00:00,0.17241,0.17458323322552988,0.16806353354894027,0.002173233225529869,2.0,2025-06-17T15:15:00+00:00,0.16806353354894027,TP,2.0,0.20366686300118825,1.7963331369988118,25,
LINK,BREAKOUT,SHORT,16067,16068,2025-06-17T08:45:00+00:00,2025-06-17T09:00:00+00:00,13.376,13.57103019493766,12.98593961012468,0.19503019493765983,2.0,2025-06-17T15:15:00+00:00,12.98593961012468,TP,2.0,0.17571905470389568,1.8242809452961044,25,
CRV,BREAKOUT,SHORT,16100,16101,2025-06-17T17:00:00+00:00,2025-06-17T17:15:00+00:00,0.556,0.5708427803298637,0.5263144393402728,0.014842780329863636,2.0,2025-06-17T18:00:00+00:00,0.5708427803298637,SL,-1.0,0.09869415176087033,-1.0986941517608704,3,
FET,BREAKOUT,SHORT,16100,16101,2025-06-17T17:00:00+00:00,2025-06-17T17:15:00+00:00,0.6412,0.6574413820860411,0.6087172358279178,0.01624138208604109,2.0,2025-06-17T18:45:00+00:00,0.6574413820860411,SL,-1.0,0.10394643680988407,-1.1039464368098841,6,
LINK,BREAKOUT,SHORT,16100,16101,2025-06-17T17:00:00+00:00,2025-06-17T17:15:00+00:00,12.824,13.077848995261913,12.316302009476173,0.2538489952619134,2.0,2025-06-17T19:00:00+00:00,13.077848995261913,SL,-1.0,0.13264737825374634,-1.1326473782537463,7,
SOL,BREAKOUT,SHORT,16100,16101,2025-06-17T17:00:00+00:00,2025-06-17T17:15:00+00:00,145.78,148.23362016219693,140.87275967560615,2.453620162196927,2.0,2025-06-17T19:00:00+00:00,148.23362016219693,SL,-1.0,0.15577704817547033,-1.1557770481754703,7,
SUI,BREAKOUT,SHORT,16100,16101,2025-06-17T17:00:00+00:00,2025-06-17T17:15:00+00:00,2.8072,2.8718097041074397,2.6779805917851203,0.06460970410743982,2.0,2025-06-17T19:00:00+00:00,2.8718097041074397,SL,-1.0,0.11426631211718474,-1.1142663121171847,7,
SUI,BREAKOUT,SHORT,16161,16162,2025-06-18T08:15:00+00:00,2025-06-18T08:30:00+00:00,2.8159,2.8654602830208393,2.7167794339583216,0.04956028302083926,2.0,2025-06-18T10:30:00+00:00,2.7167794339583216,TP,2.0,0.1451259521888021,1.8548740478111978,8,
FET,BREAKOUT,SHORT,16181,16182,2025-06-18T13:15:00+00:00,2025-06-18T13:30:00+00:00,0.6349,0.6472573076225747,0.6101853847548506,0.012357307622574698,2.0,2025-06-18T13:45:00+00:00,0.6472573076225747,SL,-1.0,0.13488411479409793,-1.134884114794098,1,
LINK,BREAKOUT,SHORT,16171,16172,2025-06-18T10:45:00+00:00,2025-06-18T11:00:00+00:00,12.713,12.878482130724963,12.382035738550071,0.1654821307249641,2.0,2025-06-18T14:00:00+00:00,12.878482130724963,SL,-1.0,0.20104241239941692,-1.201042412399417,12,
ADA,BREAKOUT,SHORT,16181,16182,2025-06-18T13:15:00+00:00,2025-06-18T13:30:00+00:00,0.5925,0.6009314931021293,0.5756370137957414,0.008431493102129317,2.0,2025-06-18T14:00:00+00:00,0.6009314931021293,SL,-1.0,0.1840078527302545,-1.1840078527302544,2,
UNI,BREAKOUT,LONG,16185,16186,2025-06-18T14:15:00+00:00,2025-06-18T14:30:00+00:00,7.508,7.281124020610809,7.961751958778382,0.2268759793891908,2.0,2025-06-19T14:30:00+00:00,7.546,TIME,0.16749238990529605,0.08625946234012112,0.08123292756517493,96,
UNI,BREAKOUT,LONG,16352,16353,2025-06-20T08:00:00+00:00,2025-06-20T08:15:00+00:00,7.932,7.737338799423004,8.321322401153994,0.19466120057699676,2.0,2025-06-20T09:30:00+00:00,7.737338799423004,SL,-1.0,0.1046440707181021,-1.104644070718102,5,
ADA,BREAKOUT,SHORT,16377,16378,2025-06-20T14:15:00+00:00,2025-06-20T14:30:00+00:00,0.5955,0.6033014032242632,0.5798971935514737,0.007801403224263148,2.0,2025-06-20T16:00:00+00:00,0.5798971935514737,TP,2.0,0.19586429616464784,1.8041357038353523,6,
DOGE,BREAKOUT,SHORT,16377,16378,2025-06-20T14:15:00+00:00,2025-06-20T14:30:00+00:00,0.16848,0.17060022874364383,0.1642395425127123,0.0021202287436438427,2.0,2025-06-20T16:15:00+00:00,0.1642395425127123,TP,2.0,0.20400412293400336,1.7959958770659967,7,
XRP,BREAKOUT,SHORT,16377,16378,2025-06-20T14:15:00+00:00,2025-06-20T14:30:00+00:00,2.1516,2.1697470945390127,2.115305810921975,0.01814709453901253,2.0,2025-06-20T16:15:00+00:00,2.115305810921975,TP,2.0,0.3056675294369412,1.694332470563059,7,
AVAX,BREAKOUT,SHORT,16378,16379,2025-06-20T14:30:00+00:00,2025-06-20T14:45:00+00:00,17.972,18.215382301059503,17.485235397881,0.24338230105950132,2.0,2025-06-20T16:15:00+00:00,17.485235397881,TP,2.0,0.18939095331330724,1.8106090466866926,6,
LINK,BREAKOUT,SHORT,16377,16378,2025-06-20T14:15:00+00:00,2025-06-20T14:30:00+00:00,13.004,13.165673809369704,12.680652381260591,0.1616738093697041,2.0,2025-06-20T17:15:00+00:00,12.680652381260591,TP,2.0,0.20652725525434235,1.7934727447456575,11,
AVAX,BREAKOUT,SHORT,16389,16390,2025-06-20T17:15:00+00:00,2025-06-20T17:30:00+00:00,17.144,17.51637616424719,16.399247671505613,0.3723761642471928,2.0,2025-06-20T20:00:00+00:00,17.51637616424719,SL,-1.0,0.12100261332411806,-1.121002613324118,10,
SUI,BREAKOUT,SHORT,16472,16473,2025-06-21T14:00:00+00:00,2025-06-21T14:15:00+00:00,2.6583,2.694412943714585,2.5860741125708304,0.036112943714584844,2.0,2025-06-21T17:30:00+00:00,2.5860741125708304,TP,2.0,0.1887878872524213,1.8112121127475787,13,
XRP,BREAKOUT,SHORT,16495,16496,2025-06-21T19:45:00+00:00,2025-06-21T20:00:00+00:00,2.0697,2.092211354440587,2.0246772911188264,0.022511354440586828,2.0,2025-06-21T20:45:00+00:00,2.092211354440587,SL,-1.0,0.24034470138402397,-1.240344701384024,3,
CRV,BREAKOUT,SHORT,16492,16493,2025-06-21T19:00:00+00:00,2025-06-21T19:15:00+00:00,0.554,0.5669561892431726,0.528087621513655,0.012956189243172545,2.0,2025-06-21T21:30:00+00:00,0.528087621513655,TP,2.0,0.10857466509367639,1.8914253349063237,9,
ADA,BREAKOUT,SHORT,16493,16494,2025-06-21T19:15:00+00:00,2025-06-21T19:30:00+00:00,0.5656,0.5740306429600818,0.5487387140798364,0.00843064296008178,2.0,2025-06-21T21:30:00+00:00,0.5487387140798364,TP,2.0,0.17183034973286723,1.8281696502671327,8,
FET,BREAKOUT,SHORT,16495,16496,2025-06-21T19:45:00+00:00,2025-06-21T20:00:00+00:00,0.6124,0.62613163520378,0.5849367295924401,0.013731635203779957,2.0,2025-06-22T13:15:00+00:00,0.5849367295924401,TP,2.0,0.11335414357946956,1.8866458564205304,69,
XRP,BREAKOUT,SHORT,16570,16571,2025-06-22T14:30:00+00:00,2025-06-22T14:45:00+00:00,1.9292,1.980353216119025,1.8268935677619502,0.0511532161190249,2.0,2025-06-22T17:00:00+00:00,1.980353216119025,SL,-1.0,0.09935678666085825,-1.0993567866608582,9,
BTC,BREAKOUT,SHORT,16570,16571,2025-06-22T14:30:00+00:00,2025-06-22T14:45:00+00:00,99113.3,100386.89328742943,96566.11342514116,1273.593287429423,2.0,2025-06-22T22:00:00+00:00,100386.89328742943,SL,-1.0,0.2036366348923854,-1.2036366348923855,29,
ADA,BREAKOUT,SHORT,16570,16571,2025-06-22T14:30:00+00:00,2025-06-22T14:45:00+00:00,0.5231,0.538203114347928,0.492893771304144,0.015103114347927993,2.0,2025-06-22T22:30:00+00:00,0.538203114347928,SL,-1.0,0.09135162568914722,-1.0913516256891471,31,
LINK,BREAKOUT,SHORT,16591,16592,2025-06-22T19:45:00+00:00,2025-06-22T20:00:00+00:00,11.221,11.494252475405686,10.674495049188629,0.27325247540568576,2.0,2025-06-22T22:30:00+00:00,11.494252475405686,SL,-1.0,0.1080679257312702,-1.1080679257312702,10,
BNB,BREAKOUT,SHORT,16570,16571,2025-06-22T14:30:00+00:00,2025-06-22T14:45:00+00:00,609.45,616.9535961119345,594.4428077761311,7.503596111934485,2.0,2025-06-23T00:15:00+00:00,616.9535961119345,SL,-1.0,0.2124747455969463,-1.2124747455969462,38,
ETH,BREAKOUT,SHORT,16673,16674,2025-06-23T16:15:00+00:00,2025-06-23T16:30:00+00:00,2209.72,2255.605610721761,2117.9487785564775,45.88561072176117,2.0,2025-06-23T17:00:00+00:00,2255.605610721761,SL,-1.0,0.1265085764933562,-1.1265085764933562,2,
SOL,BREAKOUT,SHORT,16673,16674,2025-06-23T16:15:00+00:00,2025-06-23T16:30:00+00:00,131.47,134.1887998770499,126.03240024590022,2.7187998770498893,2.0,2025-06-23T17:00:00+00:00,134.1887998770499,SL,-1.0,0.12702532567969058,-1.1270253256796905,2,
CRV,BREAKOUT,SHORT,16672,16673,2025-06-23T16:00:00+00:00,2025-06-23T16:15:00+00:00,0.517,0.5318847911320741,0.48723041773585185,0.014884791132074082,2.0,2025-06-23T17:15:00+00:00,0.5318847911320741,SL,-1.0,0.09160694405267722,-1.0916069440526772,4,
ADA,BREAKOUT,SHORT,16673,16674,2025-06-23T16:15:00+00:00,2025-06-23T16:30:00+00:00,0.5318,0.5437477745954976,0.5079044508090049,0.011947774595497562,2.0,2025-06-23T17:15:00+00:00,0.5437477745954976,SL,-1.0,0.11702699074194568,-1.1170269907419457,3,
FET,BREAKOUT,SHORT,16673,16674,2025-06-23T16:15:00+00:00,2025-06-23T16:30:00+00:00,0.5804,0.5968931254139639,0.5474137491720723,0.01649312541396386,2.0,2025-06-23T17:15:00+00:00,0.5968931254139639,SL,-1.0,0.09279509035579002,-1.09279509035579,3,
BNB,BREAKOUT,SHORT,16862,16863,2025-06-25T15:30:00+00:00,2025-06-25T15:45:00+00:00,642.58,646.5953856613843,634.5492286772316,4.015385661384244,2.0,2025-06-25T19:00:00+00:00,646.5953856613843,SL,-1.0,0.41737659659372517,-1.417376596593725,13,
ADA,BREAKOUT,SHORT,16863,16864,2025-06-25T15:45:00+00:00,2025-06-25T16:00:00+00:00,0.567,0.576583511246359,0.5478329775072819,0.009583511246359033,2.0,2025-06-26T02:45:00+00:00,0.576583511246359,SL,-1.0,0.1551267094495327,-1.1551267094495328,43,
FET,BREAKOUT,SHORT,16863,16864,2025-06-25T15:45:00+00:00,2025-06-25T16:00:00+00:00,0.6593,0.6742498886238304,0.6294002227523392,0.014949888623830399,2.0,2025-06-26T03:00:00+00:00,0.6742498886238304,SL,-1.0,0.11596172378485585,-1.1159617237848558,44,
SUI,BREAKOUT,SHORT,16932,16933,2025-06-26T09:00:00+00:00,2025-06-26T09:15:00+00:00,2.6729,2.7211890850307006,2.5763218299385984,0.04828908503070073,2.0,2025-06-26T21:30:00+00:00,2.5763218299385984,TP,2.0,0.14131533812623895,1.8586846618737611,49,
SOL,BREAKOUT,SHORT,16988,16989,2025-06-26T23:00:00+00:00,2025-06-26T23:15:00+00:00,138.58,140.89730897457628,133.94538205084748,2.317308974576264,2.0,2025-06-27T02:45:00+00:00,140.89730897457628,SL,-1.0,0.15678552392150683,-1.1567855239215068,14,
FET,BREAKOUT,SHORT,17022,17023,2025-06-27T07:30:00+00:00,2025-06-27T07:45:00+00:00,0.6571,0.6709106689639421,0.6294786620721158,0.013810668963942119,2.0,2025-06-27T08:45:00+00:00,0.6709106689639421,SL,-1.0,0.12500581066424585,-1.1250058106642458,4,
AVAX,BREAKOUT,SHORT,17242,17243,2025-06-29T14:30:00+00:00,2025-06-29T14:45:00+00:00,17.901,18.050533004611836,17.601933990776327,0.14953300461183616,2.0,2025-06-29T18:45:00+00:00,18.050533004611836,SL,-1.0,0.31255302484770614,-1.3125530248477062,16,
ADA,BREAKOUT,SHORT,17243,17244,2025-06-29T14:45:00+00:00,2025-06-29T15:00:00+00:00,0.5597,0.5646261350891081,0.5498477298217838,0.004926135089108108,2.0,2025-06-29T22:00:00+00:00,0.5646261350891081,SL,-1.0,0.2967080579758263,-1.2967080579758263,28,
BTC,BREAKOUT,LONG,17274,17275,2025-06-29T22:30:00+00:00,2025-06-29T22:45:00+00:00,108081.0,107625.76712985846,108991.46574028308,455.232870141539,2.0,2025-06-30T06:45:00+00:00,107625.76712985846,SL,-1.0,0.6159897838256482,-1.6159897838256483,32,
ADA,BREAKOUT,SHORT,17397,17398,2025-07-01T05:15:00+00:00,2025-07-01T05:30:00+00:00,0.5617,0.5689441332992186,0.5472117334015628,0.00724413329921858,2.0,2025-07-01T13:30:00+00:00,0.5472117334015628,TP,2.0,0.19900037642564286,1.800999623574357,32,
ADA,BREAKOUT,SHORT,17434,17435,2025-07-01T14:30:00+00:00,2025-07-01T14:45:00+00:00,0.5451,0.5542148065472546,0.5268703869054908,0.009114806547254606,2.0,2025-07-01T16:45:00+00:00,0.5542148065472546,SL,-1.0,0.15678986066269077,-1.1567898606626907,8,
BTC,BREAKOUT,LONG,17491,17492,2025-07-02T04:45:00+00:00,2025-07-02T05:00:00+00:00,106344.0,105894.3990254945,107243.20194901101,449.6009745055053,2.0,2025-07-02T08:00:00+00:00,107243.20194901101,TP,2.0,0.6175773147269153,1.3824226852730845,12,
BNB,BREAKOUT,LONG,17532,17533,2025-07-02T15:00:00+00:00,2025-07-02T15:15:00+00:00,661.01,658.0879362946721,666.8541274106558,2.9220637053279006,2.0,2025-07-03T15:15:00+00:00,659.99,TIME,-0.3490683649847128,0.5877010815571156,-0.9367694465418284,96,
CRV,BREAKOUT,SHORT,17690,17691,2025-07-04T06:30:00+00:00,2025-07-04T06:45:00+00:00,0.514,0.5235061490565592,0.49498770188688157,0.009506149056559221,2.0,2025-07-04T16:15:00+00:00,0.49498770188688157,TP,2.0,0.13798268937808073,1.8620173106219193,38,
XRP,BREAKOUT,LONG,17897,17898,2025-07-06T10:15:00+00:00,2025-07-06T10:30:00+00:00,2.2708,2.252034118547892,2.3083317629042157,0.01876588145210789,2.0,2025-07-06T18:30:00+00:00,2.252034118547892,SL,-1.0,0.31331778201400823,-1.3133177820140083,32,
UNI,BREAKOUT,LONG,17943,17944,2025-07-06T21:45:00+00:00,2025-07-06T22:00:00+00:00,7.502,7.401086417134784,7.703827165730432,0.1009135828652159,2.0,2025-07-06T23:15:00+00:00,7.401086417134784,SL,-1.0,0.19198617066398188,-1.1919861706639818,5,
XRP,BREAKOUT,LONG,17991,17992,2025-07-07T09:45:00+00:00,2025-07-07T10:00:00+00:00,2.28,2.2660549570717454,2.3078900858565086,0.01394504292825438,2.0,2025-07-07T13:45:00+00:00,2.3078900858565086,TP,2.0,0.42769729303085463,1.5723027069691453,15,
BNB,BREAKOUT,LONG,17911,17912,2025-07-06T13:45:00+00:00,2025-07-06T14:00:00+00:00,661.4,659.2322138893146,665.7355722213707,2.1677861106853697,2.0,2025-07-07T14:00:00+00:00,660.9,TIME,-0.23065006161605095,0.7929702988347508,-1.0236203604508018,96,
BTC,BREAKOUT,LONG,18050,18051,2025-07-08T00:30:00+00:00,2025-07-08T00:45:00+00:00,108469.5,108007.63431966379,109393.23136067242,461.86568033621006,2.0,2025-07-08T01:15:00+00:00,108007.63431966379,SL,-1.0,0.6093119419713241,-1.609311941971324,2,
BNB,BREAKOUT,LONG,18049,18050,2025-07-08T00:15:00+00:00,2025-07-08T00:30:00+00:00,662.46,660.1525546358404,667.0748907283194,2.307445364159662,2.0,2025-07-08T01:30:00+00:00,660.1525546358404,SL,-1.0,0.7451514769246861,-1.745151476924686,4,
UNI,BREAKOUT,LONG,18095,18096,2025-07-08T11:45:00+00:00,2025-07-08T12:00:00+00:00,7.62,7.48969790060116,7.88060419879768,0.13030209939883974,2.0,2025-07-09T10:30:00+00:00,7.88060419879768,TP,2.0,0.15464666763931215,1.8453533323606879,90,
XRP,BREAKOUT,LONG,18193,18194,2025-07-09T12:15:00+00:00,2025-07-09T12:30:00+00:00,2.3947,2.3677160545402227,2.448667890919554,0.026983945459777114,2.0,2025-07-09T13:45:00+00:00,2.3677160545402227,SL,-1.0,0.22943794042761262,-1.2294379404276126,5,
UNI,BREAKOUT,LONG,18192,18193,2025-07-09T12:00:00+00:00,2025-07-09T12:15:00+00:00,8.023,7.891976189317102,8.285047621365795,0.1310238106828976,2.0,2025-07-09T14:15:00+00:00,8.285047621365795,TP,2.0,0.16180617703971883,1.8381938229602812,8,
XRP,BREAKOUT,LONG,18222,18223,2025-07-09T19:30:00+00:00,2025-07-09T19:45:00+00:00,2.4126,2.3842349102918243,2.469330179416351,0.028365089708175528,2.0,2025-07-09T20:15:00+00:00,2.3842349102918243,SL,-1.0,0.2198436686622582,-1.2198436686622582,2,
UNI,BREAKOUT,LONG,18222,18223,2025-07-09T19:30:00+00:00,2025-07-09T19:45:00+00:00,8.366,8.2146545320893,8.668690935821399,0.15134546791069958,2.0,2025-07-10T00:15:00+00:00,8.2146545320893,SL,-1.0,0.14242151541950623,-1.1424215154195063,18,
BNB,BREAKOUT,LONG,18258,18259,2025-07-10T04:30:00+00:00,2025-07-10T04:45:00+00:00,672.87,670.0810732001809,678.4478535996383,2.788926799819137,2.0,2025-07-10T06:45:00+00:00,670.0810732001809,SL,-1.0,0.6259886043884167,-1.6259886043884166,8,
UNI,BREAKOUT,LONG,18268,18269,2025-07-10T07:00:00+00:00,2025-07-10T07:15:00+00:00,8.407,8.263721629810473,8.693556740379055,0.1432783701895275,2.0,2025-07-10T10:45:00+00:00,8.263721629810473,SL,-1.0,0.15125757007206425,-1.1512575700720642,14,
XRP,BREAKOUT,LONG,18247,18248,2025-07-10T01:45:00+00:00,2025-07-10T02:00:00+00:00,2.4305,2.403371212661194,2.484757574677612,0.02712878733880597,2.0,2025-07-10T17:00:00+00:00,2.484757574677612,TP,2.0,0.2355370613245455,1.7644629386754545,60,
BNB,BREAKOUT,LONG,18307,18308,2025-07-10T16:45:00+00:00,2025-07-10T17:00:00+00:00,672.03,668.6595363942688,678.7709272114623,3.3704636057311745,2.0,2025-07-10T19:00:00+00:00,678.7709272114623,TP,2.0,0.5210088019905952,1.4789911980094048,8,
BTC,BREAKOUT,LONG,18305,18306,2025-07-10T16:15:00+00:00,2025-07-10T16:30:00+00:00,112345.3,111526.3759411748,113983.1481176504,818.9240588251996,2.0,2025-07-10T21:15:00+00:00,113983.1481176504,TP,2.0,0.35928481937022766,1.6407151806297724,19,
ETH,BREAKOUT,LONG,18306,18307,2025-07-10T16:30:00+00:00,2025-07-10T16:45:00+00:00,2804.56,2768.4569219283085,2876.766156143383,36.10307807169147,2.0,2025-07-10T21:15:00+00:00,2876.766156143383,TP,2.0,0.20457324963595186,1.7954267503640482,18,
LINK,BREAKOUT,LONG,18307,18308,2025-07-10T16:45:00+00:00,2025-07-10T17:00:00+00:00,14.528,14.333317694048047,14.917364611903908,0.1946823059519538,2.0,2025-07-10T21:15:00+00:00,14.917364611903908,TP,2.0,0.19662276860909,1.80337723139091,17,
LINK,BREAKOUT,LONG,18356,18357,2025-07-11T05:00:00+00:00,2025-07-11T05:15:00+00:00,15.503,15.30213196397138,15.90473607205724,0.2008680360286199,2.0,2025-07-11T06:45:00+00:00,15.30213196397138,SL,-1.0,0.19936806445131416,-1.1993680644513143,6,
SUI,BREAKOUT,LONG,18358,18359,2025-07-11T05:30:00+00:00,2025-07-11T05:45:00+00:00,3.5285,3.4655858959077452,3.65432820818451,0.06291410409225495,2.0,2025-07-11T06:45:00+00:00,3.4655858959077452,SL,-1.0,0.14451944911028908,-1.144519449110289,4,
XRP,BREAKOUT,LONG,18345,18346,2025-07-11T02:15:00+00:00,2025-07-11T02:30:00+00:00,2.5828,2.5452446562470556,2.6579106875058893,0.03755534375294456,2.0,2025-07-11T11:00:00+00:00,2.6579106875058893,TP,2.0,0.1814102392079285,1.8185897607920716,34,
BTC,BREAKOUT,LONG,18358,18359,2025-07-11T05:30:00+00:00,2025-07-11T05:45:00+00:00,117926.4,117021.99704069598,119735.20591860803,904.4029593040177,2.0,2025-07-11T15:45:00+00:00,117021.99704069598,SL,-1.0,0.33771773191448895,-1.337717731914489,40,
DOGE,BREAKOUT,LONG,18394,18395,2025-07-11T14:30:00+00:00,2025-07-11T14:45:00+00:00,0.20599,0.2004379721132395,0.21709405577352103,0.005552027886760513,2.0,2025-07-11T15:45:00+00:00,0.2004379721132395,SL,-1.0,0.0951645731115907,-1.0951645731115907,4,
LINK,BREAKOUT,LONG,18394,18395,2025-07-11T14:30:00+00:00,2025-07-11T14:45:00+00:00,15.828,15.525515177556434,16.43296964488713,0.30248482244356545,2.0,2025-07-11T15:45:00+00:00,15.525515177556434,SL,-1.0,0.1347491401438096,-1.1347491401438097,4,
SUI,BREAKOUT,LONG,18394,18395,2025-07-11T14:30:00+00:00,2025-07-11T14:45:00+00:00,3.5645,3.4895056895799894,3.7144886208400205,0.07499431042001037,2.0,2025-07-11T15:45:00+00:00,3.4895056895799894,SL,-1.0,0.12227870814593347,-1.1222787081459336,4,
AVAX,BREAKOUT,LONG,18604,18605,2025-07-13T19:00:00+00:00,2025-07-13T19:15:00+00:00,21.715,21.36065727847485,22.4236854430503,0.3543427215251498,2.0,2025-07-13T21:15:00+00:00,21.36065727847485,SL,-1.0,0.15803444253346338,-1.1580344425334634,8,
UNI,BREAKOUT,LONG,18638,18639,2025-07-14T03:30:00+00:00,2025-07-14T03:45:00+00:00,8.878,8.68190218393116,9.270195632137682,0.1960978160688409,2.0,2025-07-14T04:15:00+00:00,9.270195632137682,TP,2.0,0.12031064289617939,1.8796893571038207,2,
AVAX,BREAKOUT,LONG,18638,18639,2025-07-14T03:30:00+00:00,2025-07-14T03:45:00+00:00,22.043,21.621496668600784,22.88600666279843,0.42150333139921514,2.0,2025-07-14T05:45:00+00:00,21.621496668600784,SL,-1.0,0.1346699810906565,-1.1346699810906564,8,
FET,BREAKOUT,LONG,18643,18644,2025-07-14T04:45:00+00:00,2025-07-14T05:00:00+00:00,0.7544,0.7368159220608121,0.7895681558783756,0.017584077939187814,2.0,2025-07-14T05:45:00+00:00,0.7368159220608121,SL,-1.0,0.11024636636526397,-1.110246366365264,3,
DOGE,BREAKOUT,LONG,18638,18639,2025-07-14T03:30:00+00:00,2025-07-14T03:45:00+00:00,0.20593,0.2017759373632451,0.21423812527350983,0.004154062636754913,2.0,2025-07-14T14:30:00+00:00,0.2017759373632451,SL,-1.0,0.1275902086508402,-1.1275902086508403,43,
SOL,BREAKOUT,LONG,18636,18637,2025-07-14T03:00:00+00:00,2025-07-14T03:15:00+00:00,165.63,163.56394548719655,169.7621090256069,2.066054512803447,2.0,2025-07-14T15:45:00+00:00,163.56394548719655,SL,-1.0,0.20713496496888822,-1.2071349649688883,50,
UNI,BREAKOUT,LONG,18668,18669,2025-07-14T11:00:00+00:00,2025-07-14T11:15:00+00:00,9.533,9.239691720600142,10.119616558799715,0.2933082793998576,2.0,2025-07-14T15:45:00+00:00,9.239691720600142,SL,-1.0,0.08320426305972198,-1.083204263059722,18,
LINK,BREAKOUT,LONG,18637,18638,2025-07-14T03:15:00+00:00,2025-07-14T03:30:00+00:00,16.081,15.80457051187443,16.633858976251137,0.27642948812556867,2.0,2025-07-14T18:30:00+00:00,15.80457051187443,SL,-1.0,0.14995231495204103,-1.149952314952041,60,
BNB,BREAKOUT,LONG,18776,18777,2025-07-15T14:00:00+00:00,2025-07-15T14:15:00+00:00,687.28,681.7992099136953,698.2415801726092,5.480790086304637,2.0,2025-07-15T14:30:00+00:00,681.7992099136953,SL,-1.0,0.32473474533081714,-1.3247347453308171,1,
LINK,BREAKOUT,LONG,18776,18777,2025-07-15T14:00:00+00:00,2025-07-15T14:15:00+00:00,15.708,15.417335249289687,16.289329501420625,0.29066475071031306,2.0,2025-07-15T14:30:00+00:00,15.417335249289687,SL,-1.0,0.13920826562283575,-1.1392082656228357,1,
SOL,BREAKOUT,LONG,18776,18777,2025-07-15T14:00:00+00:00,2025-07-15T14:15:00+00:00,162.03,159.66873143869654,166.75253712260692,2.3612685613034614,2.0,2025-07-15T14:30:00+00:00,159.66873143869654,SL,-1.0,0.17711172618139093,-1.177111726181391,1,
ETH,BREAKOUT,LONG,18773,18774,2025-07-15T13:15:00+00:00,2025-07-15T13:30:00+00:00,3030.01,2989.944971552655,3110.140056894691,40.06502844734541,2.0,2025-07-15T14:45:00+00:00,2989.944971552655,SL,-1.0,0.1953309848089469,-1.1953309848089468,5,
FET,BREAKOUT,LONG,18791,18792,2025-07-15T17:45:00+00:00,2025-07-15T18:00:00+00:00,0.7206,0.701536560424561,0.758726879150878,0.01906343957543899,2.0,2025-07-15T18:30:00+00:00,0.701536560424561,SL,-1.0,0.09698027059785491,-1.0969802705978549,2,
UNI,BREAKOUT,LONG,18819,18820,2025-07-16T00:45:00+00:00,2025-07-16T01:00:00+00:00,9.512,9.262701557617378,10.010596884765246,0.24929844238262255,2.0,2025-07-16T02:15:00+00:00,9.262701557617378,SL,-1.0,0.09790318700604886,-1.097903187006049,5,
CRV,BREAKOUT,LONG,18819,18820,2025-07-16T00:45:00+00:00,2025-07-16T01:00:00+00:00,0.777,0.746708056413891,0.837583887172218,0.030291943586108983,2.0,2025-07-16T14:45:00+00:00,0.837583887172218,TP,2.0,0.06929099967974342,1.9307090003202565,55,
FET,BREAKOUT,LONG,18802,18803,2025-07-15T20:30:00+00:00,2025-07-15T20:45:00+00:00,0.7433,0.7160553279086107,0.7977893441827785,0.027244672091389255,2.0,2025-07-16T20:45:00+00:00,0.7787,TIME,1.2993366145591543,0.07262337360358032,1.2267132409555739,96,
CRV,BREAKOUT,LONG,18899,18900,2025-07-16T20:45:00+00:00,2025-07-16T21:00:00+00:00,0.857,0.8260578813359186,0.9188842373281627,0.030942118664081364,2.0,2025-07-16T21:00:00+00:00,0.9188842373281627,TP,2.0,0.07461187559876332,1.9253881244012367,0,True
AVAX,BREAKOUT,LONG,18808,18809,2025-07-15T22:00:00+00:00,2025-07-15T22:15:00+00:00,22.041,21.58754293378399,22.94791413243202,0.4534570662160107,2.0,2025-07-16T21:15:00+00:00,22.94791413243202,TP,2.0,0.12897712425171734,1.8710228757482827,92,
SOL,BREAKOUT,LONG,18880,18881,2025-07-16T16:00:00+00:00,2025-07-16T16:15:00+00:00,170.32,167.50918882560072,175.94162234879855,2.8108111743992765,2.0,2025-07-16T21:15:00+00:00,175.94162234879855,TP,2.0,0.16014597962086213,1.8398540203791378,20,
ETH,BREAKOUT,LONG,18897,18898,2025-07-16T20:15:00+00:00,2025-07-16T20:30:00+00:00,3412.97,3345.5405127021977,3547.828974595604,67.4294872978021,2.0,2025-07-16T21:30:00+00:00,3345.5405127021977,SL,-1.0,0.13030002182441694,-1.130300021824417,4,
BNB,BREAKOUT,LONG,18898,18899,2025-07-16T20:30:00+00:00,2025-07-16T20:45:00+00:00,713.73,707.1043819379959,726.9812361240083,6.6256180620041505,2.0,2025-07-16T23:15:00+00:00,707.1043819379959,SL,-1.0,0.27877922923324666,-1.2787792292332467,10,
ADA,BREAKOUT,LONG,18937,18938,2025-07-17T06:15:00+00:00,2025-07-17T06:30:00+00:00,0.7719,0.7559364016159187,0.8038271967681627,0.015963598384081346,2.0,2025-07-17T09:15:00+00:00,0.8038271967681627,TP,2.0,0.12831977518560536,1.8716802248143947,11,
XRP,BREAKOUT,LONG,18947,18948,2025-07-17T08:45:00+00:00,2025-07-17T09:00:00+00:00,3.2372,3.1717022958882213,3.3681954082235577,0.0654977041117788,2.0,2025-07-17T13:45:00+00:00,3.1717022958882213,SL,-1.0,0.1272040462736827,-1.1272040462736828,19,
DOGE,BREAKOUT,LONG,18949,18950,2025-07-17T09:15:00+00:00,2025-07-17T09:30:00+00:00,0.21605,0.21112217587934234,0.2259056482413153,0.004927824120657648,2.0,2025-07-17T13:45:00+00:00,0.21112217587934234,SL,-1.0,0.11269148716473136,-1.1126914871647313,17,
CRV,BREAKOUT,LONG,18939,18940,2025-07-17T06:45:00+00:00,2025-07-17T07:00:00+00:00,0.981,0.9266336433919232,1.0897327132161534,0.05436635660807676,2.0,2025-07-17T16:30:00+00:00,0.9266336433919232,SL,-1.0,0.04561504377214563,-1.0456150437721456,38,
SOL,BREAKOUT,LONG,18939,18940,2025-07-17T06:45:00+00:00,2025-07-17T07:00:00+00:00,173.8,171.26985451309932,178.8602909738014,2.530145486900693,2.0,2025-07-17T16:30:00+00:00,171.26985451309932,SL,-1.0,0.17729842540261642,-1.1772984254026164,38,
ADA,BREAKOUT,LONG,18987,18988,2025-07-17T18:45:00+00:00,2025-07-17T19:00:00+00:00,0.8141,0.7935753611506171,0.8551492776987659,0.020524638849382937,2.0,2025-07-17T20:00:00+00:00,0.7935753611506171,SL,-1.0,0.10182775857021409,-1.101827758570214,4,
XRP,BREAKOUT,LONG,18984,18985,2025-07-17T18:00:00+00:00,2025-07-17T18:15:00+00:00,3.3334,3.249283743465359,3.501632513069282,0.08411625653464094,2.0,2025-07-17T21:45:00+00:00,3.501632513069282,TP,2.0,0.10563406686234074,1.8943659331376592,14,
LINK,BREAKOUT,LONG,18938,18939,2025-07-17T06:30:00+00:00,2025-07-17T06:45:00+00:00,16.919,16.62214306633593,17.51271386732814,0.2968569336640705,2.0,2025-07-17T22:30:00+00:00,17.51271386732814,TP,2.0,0.15078383878403637,1.8492161612159637,63,
BTC,BREAKOUT,LONG,18998,18999,2025-07-17T21:30:00+00:00,2025-07-17T21:45:00+00:00,120615.2,119413.38840438025,123018.82319123948,1201.8115956197435,2.0,2025-07-17T23:30:00+00:00,119413.38840438025,SL,-1.0,0.25963900337039497,-1.259639003370395,7,
DOGE,BREAKOUT,LONG,18998,18999,2025-07-17T21:30:00+00:00,2025-07-17T21:45:00+00:00,0.21597,0.20987151028427617,0.22816697943144765,0.006098489715723826,2.0,2025-07-18T01:00:00+00:00,0.22816697943144765,TP,2.0,0.09467558365675678,1.9053244163432432,13,
BNB,BREAKOUT,LONG,18998,18999,2025-07-17T21:30:00+00:00,2025-07-17T21:45:00+00:00,723.19,715.0291531030714,739.5116937938574,8.16084689692866,2.0,2025-07-18T04:30:00+00:00,739.5116937938574,TP,2.0,0.23300427344711613,1.766995726552884,27,
XRP,BREAKOUT,LONG,19010,19011,2025-07-18T00:30:00+00:00,2025-07-18T00:45:00+00:00,3.6166,3.4785655927656878,3.8926688144686246,0.13803440723431226,2.0,2025-07-18T07:45:00+00:00,3.4785655927656878,SL,-1.0,0.06682185590827522,-1.0668218559082752,28,
ETH,BREAKOUT,LONG,19031,19032,2025-07-18T05:45:00+00:00,2025-07-18T06:00:00+00:00,3670.04,3607.8432708071464,3794.433458385707,62.19672919285358,2.0,2025-07-18T07:45:00+00:00,3607.8432708071464,SL,-1.0,0.152118099694805,-1.152118099694805,7,
CRV,BREAKOUT,LONG,18996,18997,2025-07-17T21:00:00+00:00,2025-07-17T21:15:00+00:00,1.031,0.9755420087081559,1.141915982583688,0.05545799129184403,2.0,2025-07-18T14:15:00+00:00,0.9755420087081559,SL,-1.0,0.04703568503939348,-1.0470356850393934,68,
ADA,BREAKOUT,LONG,19011,19012,2025-07-18T00:45:00+00:00,2025-07-18T01:00:00+00:00,0.8562,0.8292233833536173,0.9101532332927652,0.026976616646382623,2.0,2025-07-18T14:30:00+00:00,0.8292233833536173,SL,-1.0,0.08122035565395881,-1.0812203556539588,54,
DOGE,BREAKOUT,LONG,19059,19060,2025-07-18T12:45:00+00:00,2025-07-18T13:00:00+00:00,0.2471,0.2398989215943976,0.26150215681120476,0.007201078405602385,2.0,2025-07-18T15:00:00+00:00,0.2398989215943976,SL,-1.0,0.0879171927332677,-1.0879171927332676,8,
SOL,BREAKOUT,LONG,19010,19011,2025-07-18T00:30:00+00:00,2025-07-18T00:45:00+00:00,179.26,175.73067677154776,186.31864645690445,3.5293232284522276,2.0,2025-07-18T15:15:00+00:00,175.73067677154776,SL,-1.0,0.130758179381999,-1.130758179381999,58,
SOL,BREAKOUT,LONG,19252,19253,2025-07-20T13:00:00+00:00,2025-07-20T13:15:00+00:00,182.56,180.47767776288075,186.72464447423852,2.082322237119257,2.0,2025-07-20T15:00:00+00:00,180.47767776288075,SL,-1.0,0.2266455079232369,-1.2266455079232368,7,
ETH,BREAKOUT,LONG,19235,19236,2025-07-20T08:45:00+00:00,2025-07-20T09:00:00+00:00,3710.15,3666.931275198037,3796.5874496039264,43.21872480196316,2.0,2025-07-20T16:30:00+00:00,3796.5874496039264,TP,2.0,0.22579932029928437,1.7742006797007157,30,
SUI,BREAKOUT,LONG,19232,19233,2025-07-20T08:00:00+00:00,2025-07-20T08:15:00+00:00,3.9777,3.912656548980695,4.10778690203861,0.0650434510193052,2.0,2025-07-20T17:00:00+00:00,3.912656548980695,SL,-1.0,0.15770171097825728,-1.1577017109782572,35,
XRP,BREAKOUT,LONG,19259,19260,2025-07-20T14:45:00+00:00,2025-07-20T15:00:00+00:00,3.5393,3.4817041938940743,3.654491612211851,0.05759580610592563,2.0,2025-07-20T22:00:00+00:00,3.4817041938940743,SL,-1.0,0.15847170252771672,-1.1584717025277167,28,
SOL,BREAKOUT,LONG,19307,19308,2025-07-21T02:45:00+00:00,2025-07-21T03:00:00+00:00,184.36,180.8875888036469,191.30482239270623,3.4724111963531072,2.0,2025-07-21T08:15:00+00:00,191.30482239270623,TP,2.0,0.14064125516684825,1.8593587448331517,21,
BNB,BREAKOUT,LONG,19339,19340,2025-07-21T10:45:00+00:00,2025-07-21T11:00:00+00:00,777.51,768.8608378555978,794.8083242888044,8.649162144402226,2.0,2025-07-21T11:45:00+00:00,768.8608378555978,SL,-1.0,0.23242506680411124,-1.2324250668041112,3,
ADA,BREAKOUT,LONG,19319,19320,2025-07-21T05:45:00+00:00,2025-07-21T06:00:00+00:00,0.8811,0.8648962660830073,0.9135074678339854,0.016203733916992702,2.0,2025-07-21T12:15:00+00:00,0.9135074678339854,TP,2.0,0.14397852495822563,1.8560214750417743,25,
FET,BREAKOUT,LONG,19321,19322,2025-07-21T06:15:00+00:00,2025-07-21T06:30:00+00:00,0.8154,0.7996925007860741,0.8468149984278518,0.01570749921392589,2.0,2025-07-21T13:30:00+00:00,0.8468149984278518,TP,2.0,0.1375699255830886,1.8624300744169113,28,
BTC,BREAKOUT,LONG,19308,19309,2025-07-21T03:00:00+00:00,2025-07-21T03:15:00+00:00,118399.9,117435.01534696415,120329.66930607168,964.8846530358423,2.0,2025-07-21T17:30:00+00:00,117435.01534696415,SL,-1.0,0.3177430473025305,-1.3177430473025304,57,
ETH,BREAKOUT,LONG,19320,19321,2025-07-21T06:00:00+00:00,2025-07-21T06:15:00+00:00,3786.11,3741.9096852096222,3874.510629580756,44.20031479037789,2.0,2025-07-21T17:30:00+00:00,3741.9096852096222,SL,-1.0,0.22141076680528413,-1.221410766805284,45,
AVAX,BREAKOUT,LONG,19399,19400,2025-07-22T01:45:00+00:00,2025-07-22T02:00:00+00:00,25.808,25.215123272520454,26.99375345495909,0.5928767274795455,2.0,2025-07-22T04:45:00+00:00,25.215123272520454,SL,-1.0,0.11187833352181124,-1.1118783335218112,11,
BTC,BREAKOUT,LONG,19435,19436,2025-07-22T10:45:00+00:00,2025-07-22T11:00:00+00:00,118945.6,118076.55432351049,120683.69135297905,869.0456764895207,2.0,2025-07-22T13:45:00+00:00,118076.55432351049,SL,-1.0,0.3545599603754304,-1.3545599603754304,11,
SOL,BREAKOUT,LONG,19443,19444,2025-07-22T12:45:00+00:00,2025-07-22T13:00:00+00:00,203.09,198.63600822772904,211.99798354454194,4.453991772270967,2.0,2025-07-22T13:45:00+00:00,198.63600822772904,SL,-1.0,0.11725298056169736,-1.1172529805616973,3,
SUI,BREAKOUT,LONG,19446,19447,2025-07-22T13:30:00+00:00,2025-07-22T13:45:00+00:00,3.9537,3.878669110972221,4.103761778055558,0.07503088902777888,2.0,2025-07-22T14:00:00+00:00,3.878669110972221,SL,-1.0,0.1357051739116959,-1.135705173911696,1,
CRV,BREAKOUT,LONG,19471,19472,2025-07-22T19:45:00+00:00,2025-07-22T20:00:00+00:00,0.948,0.9149694829261181,1.0140610341477636,0.03303051707388183,2.0,2025-07-23T03:30:00+00:00,1.0140610341477636,TP,2.0,0.07722190175487709,1.9227780982451228,30,
CRV,BREAKOUT,LONG,19516,19517,2025-07-23T07:00:00+00:00,2025-07-23T07:15:00+00:00,1.032,0.9968519794910199,1.1022960410179603,0.03514802050898014,2.0,2025-07-23T08:30:00+00:00,0.9968519794910199,SL,-1.0,0.07504000325322606,-1.0750400032532261,5,
BNB,BREAKOUT,LONG,19535,19536,2025-07-23T11:45:00+00:00,2025-07-23T12:00:00+00:00,809.01,798.0559130719519,830.9181738560962,10.954086928048127,2.0,2025-07-23T12:45:00+00:00,798.0559130719519,SL,-1.0,0.19072202920392584,-1.1907220292039258,3,
BNB,BREAKOUT,LONG,19586,19587,2025-07-24T00:30:00+00:00,2025-07-24T00:45:00+00:00,783.12,770.762185474919,807.8356290501621,12.35781452508104,2.0,2025-07-24T04:30:00+00:00,770.762185474919,SL,-1.0,0.16346311372593997,-1.16346311372594,15,
SUI,BREAKOUT,LONG,19585,19586,2025-07-24T00:15:00+00:00,2025-07-24T00:30:00+00:00,3.7876,3.69369226117609,3.9754154776478194,0.09390773882390979,2.0,2025-07-24T04:45:00+00:00,3.69369226117609,SL,-1.0,0.10356633075540168,-1.1035663307554018,17,
DOGE,BREAKOUT,LONG,19643,19644,2025-07-24T14:45:00+00:00,2025-07-24T15:00:00+00:00,0.24385,0.23591724398936126,0.2597155120212775,0.007932756010638753,2.0,2025-07-24T16:15:00+00:00,0.23591724398936126,SL,-1.0,0.07862304303191961,-1.0786230430319197,5,
CRV,BREAKOUT,LONG,19644,19645,2025-07-24T15:00:00+00:00,2025-07-24T15:15:00+00:00,1.031,0.986276823306337,1.1204463533873257,0.04472317669366288,2.0,2025-07-24T16:15:00+00:00,0.986276823306337,SL,-1.0,0.05863760278615967,-1.0586376027861597,4,
SOL,BREAKOUT,LONG,19643,19644,2025-07-24T14:45:00+00:00,2025-07-24T15:00:00+00:00,189.48,185.20385966364796,198.03228067270405,4.276140336352029,2.0,2025-07-24T16:30:00+00:00,185.20385966364796,SL,-1.0,0.11390856689663217,-1.1139085668966322,6,
BNB,BREAKOUT,LONG,19643,19644,2025-07-24T14:45:00+00:00,2025-07-24T15:00:00+00:00,777.13,764.649424216921,802.0911515661579,12.480575783078962,2.0,2025-07-25T01:15:00+00:00,764.649424216921,SL,-1.0,0.16059461408819178,-1.1605946140881918,41,
ADA,BREAKOUT,LONG,19631,19632,2025-07-24T11:45:00+00:00,2025-07-24T12:00:00+00:00,0.815,0.7933399722244895,0.8583200555510209,0.02166002777551046,2.0,2025-07-25T02:45:00+00:00,0.7933399722244895,SL,-1.0,0.09652997611830447,-1.0965299761183045,59,
UNI,BREAKOUT,LONG,19719,19720,2025-07-25T09:45:00+00:00,2025-07-25T10:00:00+00:00,10.522,10.204594124175246,11.156811751649508,0.317405875824754,2.0,2025-07-25T14:30:00+00:00,10.204594124175246,SL,-1.0,0.08488996081567327,-1.0848899608156732,18,
CRV,BREAKOUT,LONG,19699,19700,2025-07-25T04:45:00+00:00,2025-07-25T05:00:00+00:00,1.014,0.9716213167621826,1.098757366475635,0.04237868323781746,2.0,2025-07-26T05:00:00+00:00,1.064,TIME,1.1798384513132194,0.06374431184755057,1.116094139465669,96,
LINK,BREAKOUT,LONG,19890,19891,2025-07-27T04:30:00+00:00,2025-07-27T04:45:00+00:00,18.875,18.62083672288554,19.383326554228923,0.2541632771144613,2.0,2025-07-27T09:15:00+00:00,18.62083672288554,SL,-1.0,0.19178454217758334,-1.1917845421775835,18,
SUI,BREAKOUT,LONG,19918,19919,2025-07-27T11:30:00+00:00,2025-07-27T11:45:00+00:00,4.3026,4.234614226105824,4.438571547788351,0.0679857738941756,2.0,2025-07-27T13:45:00+00:00,4.234614226105824,SL,-1.0,0.16324560063422885,-1.1632456006342289,8,
BTC,BREAKOUT,LONG,19929,19930,2025-07-27T14:15:00+00:00,2025-07-27T14:30:00+00:00,118402.4,118087.00287788332,119033.19424423334,315.3971221166721,2.0,2025-07-27T16:00:00+00:00,119033.19424423334,TP,2.0,0.978659128041508,1.021340871958492,6,
ADA,BREAKOUT,LONG,19960,19961,2025-07-27T22:00:00+00:00,2025-07-27T22:15:00+00:00,0.8382,0.8265271611845717,0.8615456776308564,0.011672838815428244,2.0,2025-07-27T23:00:00+00:00,0.8265271611845717,SL,-1.0,0.18540008508294878,-1.1854000850829487,3,
SUI,BREAKOUT,LONG,19969,19970,2025-07-28T00:15:00+00:00,2025-07-28T00:30:00+00:00,4.4366,4.346675256885442,4.616449486229117,0.08992474311455823,2.0,2025-07-28T01:00:00+00:00,4.346675256885442,SL,-1.0,0.12697570700207578,-1.1269757070020758,2,
UNI,BREAKOUT,LONG,19960,19961,2025-07-27T22:00:00+00:00,2025-07-27T22:15:00+00:00,10.988,10.815762255902298,11.332475488195403,0.17223774409770165,2.0,2025-07-28T01:30:00+00:00,10.815762255902298,SL,-1.0,0.16456840561377992,-1.16456840561378,13,
AVAX,BREAKOUT,LONG,19961,19962,2025-07-27T22:15:00+00:00,2025-07-27T22:30:00+00:00,25.861,25.514553039806884,26.553893920386233,0.3464469601931164,2.0,2025-07-28T04:45:00+00:00,26.553893920386233,TP,2.0,0.19668050214243438,1.8033194978575655,25,
ETH,BREAKOUT,LONG,19969,19970,2025-07-28T00:15:00+00:00,2025-07-28T00:30:00+00:00,3884.14,3840.0615146612054,3972.296970677589,44.07848533879451,2.0,2025-07-28T13:15:00+00:00,3840.0615146612054,SL,-1.0,0.22780868924780953,-1.2278086892478095,51,
BNB,BREAKOUT,LONG,19977,19978,2025-07-28T02:15:00+00:00,2025-07-28T02:30:00+00:00,850.42,839.4486750861712,872.3626498276575,10.971324913828767,2.0,2025-07-28T14:15:00+00:00,839.4486750861712,SL,-1.0,0.20023372699891856,-1.2002337269989185,47,
BTC,BREAKOUT,LONG,20079,20080,2025-07-29T03:45:00+00:00,2025-07-29T04:00:00+00:00,118745.6,118010.51948821421,120215.7610235716,735.0805117857963,2.0,2025-07-29T14:00:00+00:00,118010.51948821421,SL,-1.0,0.41870645514319793,-1.418706455143198,40,
BNB,BREAKOUT,LONG,21051,21052,2025-08-08T06:45:00+00:00,2025-08-08T07:00:00+00:00,791.33,785.8163787657555,802.3572424684891,5.513621234244511,2.0,2025-08-08T09:00:00+00:00,785.8163787657555,SL,-1.0,0.3718591113334642,-1.3718591113334642,8,
DOGE,BREAKOUT,LONG,21113,21114,2025-08-08T22:15:00+00:00,2025-08-08T22:30:00+00:00,0.23217,0.22830797216217805,0.23989405567564387,0.003862027837821941,2.0,2025-08-09T12:15:00+00:00,0.23989405567564387,TP,2.0,0.15890182519358392,1.8410981748064161,55,
BTC,BREAKOUT,LONG,21155,21156,2025-08-09T08:45:00+00:00,2025-08-09T09:00:00+00:00,117069.4,116617.75076472865,117972.69847054267,451.6492352713394,2.0,2025-08-09T15:15:00+00:00,116617.75076472865,SL,-1.0,0.6726310425647815,-1.6726310425647815,25,
AVAX,BREAKOUT,LONG,21201,21202,2025-08-09T20:15:00+00:00,2025-08-09T20:30:00+00:00,24.642,24.330802426475337,25.264395147049324,0.3111975735246624,2.0,2025-08-09T23:00:00+00:00,24.330802426475337,SL,-1.0,0.20457949730566433,-1.2045794973056643,10,
LINK,BREAKOUT,LONG,21214,21215,2025-08-09T23:30:00+00:00,2025-08-09T23:45:00+00:00,21.858,21.38807572536645,22.797848549267105,0.46992427463355213,2.0,2025-08-10T02:15:00+00:00,21.38807572536645,SL,-1.0,0.11963608070005913,-1.1196360807000592,10,
SOL,BREAKOUT,LONG,21223,21224,2025-08-10T01:45:00+00:00,2025-08-10T02:00:00+00:00,184.41,181.84060079772772,189.54879840454456,2.5693992022722796,2.0,2025-08-10T05:45:00+00:00,181.84060079772772,SL,-1.0,0.18530626950299445,-1.1853062695029943,15,
ADA,BREAKOUT,LONG,21230,21231,2025-08-10T03:30:00+00:00,2025-08-10T03:45:00+00:00,0.8212,0.8075809204032189,0.8484381591935622,0.013619079596781103,2.0,2025-08-10T06:15:00+00:00,0.8075809204032189,SL,-1.0,0.1554741773463634,-1.1554741773463635,10,
SUI,BREAKOUT,LONG,21275,21276,2025-08-10T14:45:00+00:00,2025-08-10T15:00:00+00:00,3.85,3.787797531347046,3.974404937305908,0.06220246865295387,2.0,2025-08-11T02:30:00+00:00,3.974404937305908,TP,2.0,0.1635260888960658,1.8364739111039343,46,
BNB,BREAKOUT,LONG,21321,21322,2025-08-11T02:15:00+00:00,2025-08-11T02:30:00+00:00,815.76,809.537154731212,828.205690537576,6.222845268787978,2.0,2025-08-11T02:45:00+00:00,828.205690537576,TP,2.0,0.343437014000366,1.656562985999634,1,
AVAX,BREAKOUT,LONG,21321,21322,2025-08-11T02:15:00+00:00,2025-08-11T02:30:00+00:00,24.285,23.921988990325744,25.011022019348513,0.36301100967425626,2.0,2025-08-11T08:00:00+00:00,23.921988990325744,SL,-1.0,0.1726368733104234,-1.1726368733104233,22,
LINK,BREAKOUT,LONG,21277,21278,2025-08-10T15:15:00+00:00,2025-08-10T15:30:00+00:00,22.378,21.736414676355277,23.661170647289445,0.6415853236447226,2.0,2025-08-11T09:45:00+00:00,21.736414676355277,SL,-1.0,0.08938598961939266,-1.0893859896193927,73,
CRV,BREAKOUT,LONG,21324,21325,2025-08-11T03:00:00+00:00,2025-08-11T03:15:00+00:00,1.002,0.9796981124405619,1.0466037751188761,0.02230188755943807,2.0,2025-08-11T10:00:00+00:00,0.9796981124405619,SL,-1.0,0.11551522440899806,-1.115515224408998,27,
BTC,BREAKOUT,LONG,21322,21323,2025-08-11T02:30:00+00:00,2025-08-11T02:45:00+00:00,121700.0,120688.0229643226,123723.95407135479,1011.9770356773952,2.0,2025-08-11T11:15:00+00:00,120688.0229643226,SL,-1.0,0.3113750794183737,-1.3113750794183736,34,
XRP,BREAKOUT,LONG,21322,21323,2025-08-11T02:30:00+00:00,2025-08-11T02:45:00+00:00,3.2666,3.2270936227520517,3.3456127544958965,0.039506377247948254,2.0,2025-08-11T11:15:00+00:00,3.2270936227520517,SL,-1.0,0.21368200016406433,-1.2136820001640642,34,
UNI,BREAKOUT,LONG,21417,21418,2025-08-12T02:15:00+00:00,2025-08-12T02:30:00+00:00,11.39,11.105239095741025,11.959521808517952,0.2847609042589756,2.0,2025-08-12T08:30:00+00:00,11.105239095741025,SL,-1.0,0.10269601756099064,-1.1026960175609906,24,
SOL,BREAKOUT,LONG,21467,21468,2025-08-12T14:45:00+00:00,2025-08-12T15:00:00+00:00,179.5,176.65200110236754,185.19599779526493,2.847998897632465,2.0,2025-08-12T16:30:00+00:00,185.19599779526493,TP,2.0,0.16646944545096792,1.8335305545490321,6,
ADA,BREAKOUT,LONG,21465,21466,2025-08-12T14:15:00+00:00,2025-08-12T14:30:00+00:00,0.7979,0.7826741048470153,0.8283517903059696,0.01522589515298478,2.0,2025-08-12T17:00:00+00:00,0.8283517903059696,TP,2.0,0.13885077403697488,1.8611492259630251,10,
BNB,BREAKOUT,LONG,21459,21460,2025-08-12T12:45:00+00:00,2025-08-12T13:00:00+00:00,814.39,806.0540169256933,831.0619661486134,8.335983074306682,2.0,2025-08-12T18:15:00+00:00,831.0619661486134,TP,2.0,0.25660891306105593,1.743391086938944,21,
AVAX,BREAKOUT,LONG,21467,21468,2025-08-12T14:45:00+00:00,2025-08-12T15:00:00+00:00,23.94,23.452109625212746,24.915780749574512,0.4878903747872556,2.0,2025-08-12T20:15:00+00:00,24.915780749574512,TP,2.0,0.13017783964715735,1.8698221603528427,21,
CRV,BREAKOUT,LONG,21470,21471,2025-08-12T15:30:00+00:00,2025-08-12T15:45:00+00:00,0.976,0.9486296344986918,1.0307407310026164,0.027370365501308225,2.0,2025-08-13T06:45:00+00:00,1.0307407310026164,TP,2.0,0.09531341297501891,1.9046865870249812,60,
DOGE,BREAKOUT,LONG,21476,21477,2025-08-12T17:00:00+00:00,2025-08-12T17:15:00+00:00,0.23154,0.2267390802462463,0.24114183950750737,0.004800919753753685,2.0,2025-08-13T07:45:00+00:00,0.24114183950750737,TP,2.0,0.12799347268391903,1.8720065273160809,58,
SOL,BREAKOUT,LONG,21541,21542,2025-08-13T09:15:00+00:00,2025-08-13T09:30:00+00:00,201.15,197.70516518006255,208.03966963987492,3.444834819937455,2.0,2025-08-13T14:30:00+00:00,197.70516518006255,SL,-1.0,0.15051860011781218,-1.1505186001178123,20,
BNB,BREAKOUT,LONG,21541,21542,2025-08-13T09:15:00+00:00,2025-08-13T09:30:00+00:00,856.9,846.2281823248761,878.2436353502477,10.671817675123862,2.0,2025-08-13T14:45:00+00:00,846.2281823248761,SL,-1.0,0.20746855919243778,-1.2074685591924377,21,
ADA,BREAKOUT,LONG,21539,21540,2025-08-13T08:45:00+00:00,2025-08-13T09:00:00+00:00,0.8759,0.8608127906511087,0.9060744186977826,0.015087209348891295,2.0,2025-08-13T23:00:00+00:00,0.9060744186977826,TP,2.0,0.15354507853219082,1.8464549214678092,56,
UNI,BREAKOUT,LONG,21535,21536,2025-08-13T07:45:00+00:00,2025-08-13T08:00:00+00:00,11.988,11.68014114469131,12.603717710617378,0.30785885530868917,2.0,2025-08-14T05:30:00+00:00,11.68014114469131,SL,-1.0,0.09994379878157846,-1.0999437987815786,86,
SUI,BREAKOUT,LONG,21612,21613,2025-08-14T03:00:00+00:00,2025-08-14T03:15:00+00:00,4.1153,4.030541874118703,4.284816251762595,0.08475812588129727,2.0,2025-08-14T06:00:00+00:00,4.030541874118703,SL,-1.0,0.12493898757488943,-1.1249389875748894,11,
BTC,BREAKOUT,LONG,21584,21585,2025-08-13T20:00:00+00:00,2025-08-13T20:15:00+00:00,122786.3,121707.02225094484,124944.85549811034,1079.277749055167,2.0,2025-08-14T06:15:00+00:00,121707.02225094484,SL,-1.0,0.29449446095268467,-1.2944944609526847,40,
SOL,BREAKOUT,LONG,21583,21584,2025-08-13T19:45:00+00:00,2025-08-13T20:00:00+00:00,202.14,198.15095711053146,210.11808577893703,3.9890428894685215,2.0,2025-08-14T12:30:00+00:00,198.15095711053146,SL,-1.0,0.13045190504658208,-1.130451905046582,66,
BNB,BREAKOUT,LONG,21627,21628,2025-08-14T06:45:00+00:00,2025-08-14T07:00:00+00:00,864.72,854.1106980245116,885.9386039509768,10.609301975488393,2.0,2025-08-14T12:30:00+00:00,854.1106980245116,SL,-1.0,0.21061516701045754,-1.2106151670104575,22,
AVAX,BREAKOUT,LONG,21712,21713,2025-08-15T04:00:00+00:00,2025-08-15T04:15:00+00:00,25.16,24.68043720759491,26.11912558481018,0.4795627924050905,2.0,2025-08-15T04:45:00+00:00,24.68043720759491,SL,-1.0,0.13510758006251367,-1.1351075800625137,2,
AVAX,BREAKOUT,LONG,21721,21722,2025-08-15T06:15:00+00:00,2025-08-15T06:30:00+00:00,25.549,24.976496899298493,26.694006201403013,0.5725031007015069,2.0,2025-08-15T09:15:00+00:00,24.976496899298493,SL,-1.0,0.11472976458748313,-1.1147297645874832,11,
LINK,BREAKOUT,LONG,21795,21796,2025-08-16T00:45:00+00:00,2025-08-16T01:00:00+00:00,22.091,21.66127949397595,22.950441012048103,0.42972050602405076,2.0,2025-08-16T05:30:00+00:00,21.66127949397595,SL,-1.0,0.13236036573731802,-1.132360365737318,18,
LINK,BREAKOUT,LONG,21866,21867,2025-08-16T18:30:00+00:00,2025-08-16T18:45:00+00:00,22.355,21.984044268834477,23.096911462331047,0.37095573116552316,2.0,2025-08-17T03:30:00+00:00,23.096911462331047,TP,2.0,0.1592844642550221,1.8407155357449778,35,
LINK,BREAKOUT,LONG,21907,21908,2025-08-17T04:45:00+00:00,2025-08-17T05:00:00+00:00,24.208,23.700519526711254,25.222960946577487,0.5074804732887443,2.0,2025-08-17T14:30:00+00:00,25.222960946577487,TP,2.0,0.12662605284910772,1.8733739471508923,38,
AVAX,BREAKOUT,LONG,21960,21961,2025-08-17T18:00:00+00:00,2025-08-17T18:15:00+00:00,25.602,25.195954581759274,26.414090836481453,0.40604541824072626,2.0,2025-08-17T18:45:00+00:00,25.195954581759274,SL,-1.0,0.16263535552847058,-1.1626353555284705,2,
SOL,BREAKOUT,LONG,22034,22035,2025-08-18T12:30:00+00:00,2025-08-18T12:45:00+00:00,182.27,180.17871904559394,186.45256190881216,2.0912809544060735,2.0,2025-08-19T03:30:00+00:00,180.17871904559394,SL,-1.0,0.22530848079811872,-1.2253084807981187,59,
ADA,BREAKOUT,LONG,22122,22123,2025-08-19T10:30:00+00:00,2025-08-19T10:45:00+00:00,0.9493,0.9258628985636401,0.9961742028727198,0.02343710143635991,2.0,2025-08-19T12:45:00+00:00,0.9258628985636401,SL,-1.0,0.10401080418378482,-1.1040108041837848,8,
FET,BREAKOUT,SHORT,22231,22232,2025-08-20T13:45:00+00:00,2025-08-20T14:00:00+00:00,0.6567,0.6667244430959439,0.636651113808112,0.010024443095943969,2.0,2025-08-20T14:30:00+00:00,0.6667244430959439,SL,-1.0,0.17162567132740233,-1.1716256713274023,2,
CRV,BREAKOUT,SHORT,22419,22420,2025-08-22T12:45:00+00:00,2025-08-22T13:00:00+00:00,0.832,0.8484331423082698,0.7991337153834602,0.016433142308269866,2.0,2025-08-22T13:30:00+00:00,0.8484331423082698,SL,-1.0,0.13293641861187952,-1.1329364186118795,2,
SUI,BREAKOUT,SHORT,22412,22413,2025-08-22T11:00:00+00:00,2025-08-22T11:15:00+00:00,3.3629,3.4083567037156413,3.271986592568717,0.04545670371564148,2.0,2025-08-22T14:00:00+00:00,3.4083567037156413,SL,-1.0,0.19364874694601716,-1.193648746946017,11,
SOL,BREAKOUT,LONG,22453,22454,2025-08-22T21:15:00+00:00,2025-08-22T21:30:00+00:00,201.8,197.9284308345041,209.54313833099184,3.871569165495913,2.0,2025-08-23T01:15:00+00:00,197.9284308345041,SL,-1.0,0.13422127769691886,-1.134221277696919,15,
XRP,BREAKOUT,SHORT,22468,22469,2025-08-23T01:00:00+00:00,2025-08-23T01:15:00+00:00,3.0354,3.074618090258202,2.9569638194835965,0.039218090258201777,2.0,2025-08-23T07:00:00+00:00,3.074618090258202,SL,-1.0,0.20253468399508612,-1.2025346839950861,23,
SOL,BREAKOUT,LONG,22484,22485,2025-08-23T05:00:00+00:00,2025-08-23T05:15:00+00:00,206.72,202.7901076521473,214.5797846957054,3.9298923478527,2.0,2025-08-23T08:15:00+00:00,202.7901076521473,SL,-1.0,0.13546506947923795,-1.1354650694792379,12,
SOL,BREAKOUT,LONG,22568,22569,2025-08-24T02:00:00+00:00,2025-08-24T02:15:00+00:00,209.25,206.47949815163042,214.79100369673915,2.7705018483695767,2.0,2025-08-24T08:00:00+00:00,206.47949815163042,SL,-1.0,0.19507236492737592,-1.195072364927376,23,
BTC,BREAKOUT,SHORT,22617,22618,2025-08-24T14:15:00+00:00,2025-08-24T14:30:00+00:00,114431.5,114853.02557885031,113588.44884229937,421.52557885031274,2.0,2025-08-24T18:30:00+00:00,114853.02557885031,SL,-1.0,0.7071216984399243,-1.7071216984399245,16,
ADA,BREAKOUT,LONG,22629,22630,2025-08-24T17:15:00+00:00,2025-08-24T17:30:00+00:00,0.9133,0.8996691646480752,0.9405616707038496,0.013630835351924775,2.0,2025-08-24T18:45:00+00:00,0.9405616707038496,TP,2.0,0.17680649128922915,1.823193508710771,5,
LINK,BREAKOUT,LONG,22634,22635,2025-08-24T18:30:00+00:00,2025-08-24T18:45:00+00:00,26.356,25.918058438336594,27.231883123326817,0.4379415616634077,2.0,2025-08-24T19:30:00+00:00,25.918058438336594,SL,-1.0,0.15517201818371212,-1.1551720181837122,3,
FET,BREAKOUT,SHORT,22681,22682,2025-08-25T06:15:00+00:00,2025-08-25T06:30:00+00:00,0.6653,0.6759305388645057,0.6440389222709886,0.010630538864505712,2.0,2025-08-25T10:15:00+00:00,0.6440389222709886,TP,2.0,0.16011799784068892,1.8398820021593112,15,
BTC,BREAKOUT,SHORT,22681,22682,2025-08-25T06:15:00+00:00,2025-08-25T06:30:00+00:00,112226.4,112994.13990775212,110690.92018449574,767.7399077521259,2.0,2025-08-25T13:45:00+00:00,110690.92018449574,TP,2.0,0.3774618374187831,1.622538162581217,29,
SUI,BREAKOUT,SHORT,22735,22736,2025-08-25T19:45:00+00:00,2025-08-25T20:00:00+00:00,3.3712,3.433936084385057,3.2457278312298863,0.06273608438505685,2.0,2025-08-26T05:30:00+00:00,3.433936084385057,SL,-1.0,0.141014170654995,-1.141014170654995,38,
XRP,BREAKOUT,SHORT,22737,22738,2025-08-25T20:15:00+00:00,2025-08-25T20:30:00+00:00,2.8685,2.921069833025118,2.7633603339497643,0.05256983302511786,2.0,2025-08-26T05:30:00+00:00,2.921069833025118,SL,-1.0,0.14317033838278542,-1.1431703383827854,36,
FET,BREAKOUT,SHORT,22735,22736,2025-08-25T19:45:00+00:00,2025-08-25T20:00:00+00:00,0.6307,0.6418453963310541,0.6084092073378919,0.011145396331054047,2.0,2025-08-26T12:30:00+00:00,0.6418453963310541,SL,-1.0,0.14842980600169633,-1.1484298060016964,66,
CRV,BREAKOUT,SHORT,22739,22740,2025-08-25T20:45:00+00:00,2025-08-25T21:00:00+00:00,0.768,0.7937923353474867,0.7164153293050266,0.025792335347486706,2.0,2025-08-26T18:45:00+00:00,0.7937923353474867,SL,-1.0,0.07871834824563784,-1.078718348245638,87,
BTC,BREAKOUT,SHORT,22736,22737,2025-08-25T20:00:00+00:00,2025-08-25T20:15:00+00:00,110000.7,111212.21713431821,107577.66573136357,1211.5171343182155,2.0,2025-08-26T20:15:00+00:00,111212.21713431821,SL,-1.0,0.2373691499100822,-1.2373691499100823,96,
SOL,BREAKOUT,LONG,22921,22922,2025-08-27T18:15:00+00:00,2025-08-27T18:30:00+00:00,211.07,207.2246965536636,218.7606068926728,3.845303446336402,2.0,2025-08-27T19:00:00+00:00,207.2246965536636,SL,-1.0,0.14141487482290893,-1.141414874822909,2,
BNB,BREAKOUT,LONG,22959,22960,2025-08-28T03:45:00+00:00,2025-08-28T04:00:00+00:00,864.84,857.8120079983978,878.8959840032045,7.027992001602229,2.0,2025-08-28T13:30:00+00:00,878.8959840032045,TP,2.0,0.3225468638392548,1.6774531361607452,38,
SOL,BREAKOUT,LONG,22961,22962,2025-08-28T04:15:00+00:00,2025-08-28T04:30:00+00:00,209.21,205.4124787145773,216.80504257084542,3.797521285422704,2.0,2025-08-28T13:30:00+00:00,216.80504257084542,TP,2.0,0.14583711682354747,1.8541628831764525,36,
BTC,BREAKOUT,SHORT,23023,23024,2025-08-28T19:45:00+00:00,2025-08-28T20:00:00+00:00,111864.8,112624.40648258386,110345.5870348323,759.6064825838548,2.0,2025-08-29T07:15:00+00:00,110345.5870348323,TP,2.0,0.38029362540806455,1.6197063745919356,45,
FET,BREAKOUT,SHORT,23070,23071,2025-08-29T07:30:00+00:00,2025-08-29T07:45:00+00:00,0.6227,0.6321024591394135,0.603895081721173,0.00940245913941351,2.0,2025-08-29T12:30:00+00:00,0.6321024591394135,SL,-1.0,0.17349112319386142,-1.1734911231938614,19,
BTC,BREAKOUT,SHORT,23072,23073,2025-08-29T08:00:00+00:00,2025-08-29T08:15:00+00:00,110002.2,110725.98773981478,108554.62452037043,723.787739814783,2.0,2025-08-29T12:30:00+00:00,110725.98773981478,SL,-1.0,0.3964513741766181,-1.396451374176618,17,
SUI,BREAKOUT,SHORT,23079,23080,2025-08-29T09:45:00+00:00,2025-08-29T10:00:00+00:00,3.2882,3.3417812431103107,3.181037513779378,0.05358124311031087,2.0,2025-08-29T12:30:00+00:00,3.3417812431103107,SL,-1.0,0.16085807487330983,-1.16085807487331,10,
CRV,BREAKOUT,SHORT,23070,23071,2025-08-29T07:30:00+00:00,2025-08-29T07:45:00+00:00,0.766,0.7817032844368709,0.7345934311262583,0.015703284436870857,2.0,2025-08-30T07:45:00+00:00,0.781,TIME,-0.9552141821223367,0.1280687494444153,-1.083282931566752,96,
BTC,BREAKOUT,SHORT,23096,23097,2025-08-29T14:00:00+00:00,2025-08-29T14:15:00+00:00,108707.4,109810.84258182827,106500.51483634344,1103.4425818282762,2.0,2025-08-30T14:15:00+00:00,108509.7,TIME,0.17916654953847364,0.2559102164900374,-0.07674366695156379,96,
XRP,BREAKOUT,SHORT,23097,23098,2025-08-29T14:15:00+00:00,2025-08-29T14:30:00+00:00,2.833,2.8749424509668713,2.749115098066258,0.0419424509668711,2.0,2025-08-30T14:30:00+00:00,2.7918,TIME,0.9822983409468085,0.17433983545157355,0.807958505495235,96,
BNB,BREAKOUT,LONG,23297,23298,2025-08-31T16:15:00+00:00,2025-08-31T16:30:00+00:00,865.22,861.2202992348438,873.2194015303126,3.9997007651562626,2.0,2025-08-31T23:15:00+00:00,861.2202992348438,SL,-1.0,0.5611350750429481,-1.561135075042948,27,
SUI,BREAKOUT,SHORT,23328,23329,2025-09-01T00:00:00+00:00,2025-09-01T00:15:00+00:00,3.2342,3.271021882873082,3.160556234253836,0.03682188287308197,2.0,2025-09-01T02:45:00+00:00,3.160556234253836,TP,2.0,0.225767463689566,1.774232536310434,10,
FET,BREAKOUT,SHORT,23329,23330,2025-09-01T00:15:00+00:00,2025-09-01T00:30:00+00:00,0.6081,0.6141226158170163,0.5960547683659673,0.006022615817016352,2.0,2025-09-01T04:15:00+00:00,0.5960547683659673,TP,2.0,0.25992048080717,1.74007951919283,15,
DOGE,BREAKOUT,SHORT,23329,23330,2025-09-01T00:15:00+00:00,2025-09-01T00:30:00+00:00,0.21188,0.21434067014076702,0.206958659718466,0.0024606701407670073,2.0,2025-09-01T07:30:00+00:00,0.21434067014076702,SL,-1.0,0.22517722388027375,-1.2251772238802738,28,
CRV,BREAKOUT,SHORT,23327,23328,2025-08-31T23:45:00+00:00,2025-09-01T00:00:00+00:00,0.756,0.7686841278106482,0.7306317443787036,0.012684127810648205,2.0,2025-09-01T07:45:00+00:00,0.7686841278106482,SL,-1.0,0.15626532590517556,-1.1562653259051756,31,
XRP,BREAKOUT,SHORT,23397,23398,2025-09-01T17:15:00+00:00,2025-09-01T17:30:00+00:00,2.7287,2.767910697833311,2.650278604333378,0.03921069783331088,2.0,2025-09-01T19:30:00+00:00,2.767910697833311,SL,-1.0,0.18223582598708224,-1.1822358259870822,8,
CRV,BREAKOUT,SHORT,23392,23393,2025-09-01T16:00:00+00:00,2025-09-01T16:15:00+00:00,0.747,0.7617968483522878,0.7174063032954244,0.014796848352287784,2.0,2025-09-01T21:30:00+00:00,0.7174063032954244,TP,2.0,0.1286576809439093,1.8713423190560907,21,
UNI,BREAKOUT,SHORT,23389,23390,2025-09-01T15:15:00+00:00,2025-09-01T15:30:00+00:00,9.383,9.53976264338693,9.069474713226139,0.15676264338693002,2.0,2025-09-02T03:15:00+00:00,9.53976264338693,SL,-1.0,0.15692253527318345,-1.1569225352731833,47,
BTC,BREAKOUT,SHORT,23472,23473,2025-09-02T12:00:00+00:00,2025-09-02T12:15:00+00:00,109364.6,110036.82486783067,108020.15026433868,672.2248678306642,2.0,2025-09-02T13:30:00+00:00,110036.82486783067,SL,-1.0,0.42429530054224096,-1.424295300542241,5,
AVAX,BREAKOUT,LONG,23578,23579,2025-09-03T14:30:00+00:00,2025-09-03T14:45:00+00:00,25.42,25.045260939423354,26.169478121153297,0.37473906057664763,2.0,2025-09-04T01:15:00+00:00,25.045260939423354,SL,-1.0,0.1750680570109179,-1.175068057010918,42,
UNI,BREAKOUT,SHORT,23677,23678,2025-09-04T15:15:00+00:00,2025-09-04T15:30:00+00:00,9.259,9.403172069850816,8.970655860298368,0.144172069850816,2.0,2025-09-05T03:45:00+00:00,9.403172069850816,SL,-1.0,0.16827686330584196,-1.168276863305842,49,
CRV,BREAKOUT,SHORT,23770,23771,2025-09-05T14:30:00+00:00,2025-09-05T14:45:00+00:00,0.743,0.762023606427596,0.7049527871448079,0.01902360642759604,2.0,2025-09-05T19:00:00+00:00,0.762023606427596,SL,-1.0,0.10284751715204173,-1.1028475171520418,17,
BNB,BREAKOUT,LONG,23962,23963,2025-09-07T14:30:00+00:00,2025-09-07T14:45:00+00:00,874.88,871.1344229128279,882.3711541743443,3.745577087172137,2.0,2025-09-07T23:15:00+00:00,882.3711541743443,TP,2.0,0.6098997423522153,1.3901002576477848,34,
CRV,BREAKOUT,SHORT,23968,23969,2025-09-07T16:00:00+00:00,2025-09-07T16:15:00+00:00,0.766,0.7749035145680655,0.748192970863869,0.008903514568065485,2.0,2025-09-07T23:15:00+00:00,0.7749035145680655,SL,-1.0,0.22498694797707575,-1.2249869479770759,28,
BNB,BREAKOUT,LONG,24053,24054,2025-09-08T13:15:00+00:00,2025-09-08T13:30:00+00:00,881.86,876.6995136179344,892.1809727641313,5.160486382065642,2.0,2025-09-08T19:30:00+00:00,876.6995136179344,SL,-1.0,0.44300618167472466,-1.4430061816747246,24,
DOGE,BREAKOUT,LONG,24086,24087,2025-09-08T21:30:00+00:00,2025-09-08T21:45:00+00:00,0.24213,0.23805355124066108,0.2502828975186779,0.004076448759338935,2.0,2025-09-09T00:30:00+00:00,0.23805355124066108,SL,-1.0,0.15313294817769038,-1.1531329481776904,11,
SOL,BREAKOUT,LONG,24042,24043,2025-09-08T10:30:00+00:00,2025-09-08T10:45:00+00:00,214.39,211.61268576792935,219.94462846414126,2.777314232070637,2.0,2025-09-09T02:45:00+00:00,211.61268576792935,SL,-1.0,0.19940253252705148,-1.1994025325270514,64,
DOGE,BREAKOUT,LONG,24124,24125,2025-09-09T07:00:00+00:00,2025-09-09T07:15:00+00:00,0.24139,0.23787364609108047,0.24842270781783904,0.003516353908919523,2.0,2025-09-09T12:15:00+00:00,0.24842270781783904,TP,2.0,0.18108430967315467,1.8189156903268453,20,
ADA,BREAKOUT,LONG,24122,24123,2025-09-09T06:30:00+00:00,2025-09-09T06:45:00+00:00,0.8805,0.8691047766799216,0.9032904466401567,0.011395223320078363,2.0,2025-09-09T14:30:00+00:00,0.8691047766799216,SL,-1.0,0.19959996796870644,-1.1995999679687064,31,
UNI,BREAKOUT,SHORT,24158,24159,2025-09-09T15:30:00+00:00,2025-09-09T15:45:00+00:00,9.409,9.618276059690785,8.990447880618431,0.20927605969078478,2.0,2025-09-10T02:00:00+00:00,9.618276059690785,SL,-1.0,0.1181953583899937,-1.1181953583899937,41,
AVAX,BREAKOUT,LONG,24122,24123,2025-09-09T06:30:00+00:00,2025-09-09T06:45:00+00:00,25.785,25.457789677297967,26.439420645404066,0.3272103227020331,2.0,2025-09-10T04:45:00+00:00,26.439420645404066,TP,2.0,0.20748656790039421,1.792513432099606,88,
AVAX,BREAKOUT,LONG,24218,24219,2025-09-10T06:30:00+00:00,2025-09-10T06:45:00+00:00,26.855,26.4167880082225,27.731423983555,0.43821199177750003,2.0,2025-09-10T10:15:00+00:00,26.4167880082225,SL,-1.0,0.15803612340634504,-1.158036123406345,14,
SOL,BREAKOUT,LONG,24201,24202,2025-09-10T02:15:00+00:00,2025-09-10T02:30:00+00:00,218.74,216.046905685798,224.126188628404,2.693094314202,2.0,2025-09-10T12:30:00+00:00,224.126188628404,TP,2.0,0.21377864198102567,1.7862213580189743,40,
BNB,BREAKOUT,LONG,24243,24244,2025-09-10T12:45:00+00:00,2025-09-10T13:00:00+00:00,889.55,885.3190284664927,898.0119430670145,4.230971533507272,2.0,2025-09-10T13:00:00+00:00,898.0119430670145,TP,2.0,0.5492427702676541,1.4507572297323459,0,True
AVAX,BREAKOUT,LONG,24244,24245,2025-09-10T13:00:00+00:00,2025-09-10T13:15:00+00:00,28.396,27.69877650656423,29.790446986871544,0.6972234934357715,2.0,2025-09-11T04:00:00+00:00,29.790446986871544,TP,2.0,0.10849086669495771,1.8915091333050422,59,
ETH,BREAKOUT,LONG,24337,24338,2025-09-11T12:15:00+00:00,2025-09-11T12:30:00+00:00,4471.66,4431.3597702126435,4552.2604595747125,40.30022978735633,2.0,2025-09-11T12:30:00+00:00,4431.3597702126435,SL,-1.0,0.28719254858709525,-1.2871925485870952,0,True
DOGE,BREAKOUT,LONG,24377,24378,2025-09-11T22:15:00+00:00,2025-09-11T22:30:00+00:00,0.25565,0.2518993431866973,0.2631513136266053,0.0037506568133026663,2.0,2025-09-12T00:30:00+00:00,0.2631513136266053,TP,2.0,0.17981962661113285,1.820180373388867,8,
ETH,BREAKOUT,LONG,24380,24381,2025-09-11T23:00:00+00:00,2025-09-11T23:15:00+00:00,4463.59,4429.585748120054,4531.598503759893,34.00425187994642,2.0,2025-09-12T00:45:00+00:00,4531.598503759893,TP,2.0,0.3438906727362556,1.6561093272637444,6,
LINK,BREAKOUT,LONG,24378,24379,2025-09-11T22:30:00+00:00,2025-09-11T22:45:00+00:00,24.351,24.058463515897824,24.93607296820435,0.29253648410217536,2.0,2025-09-12T18:15:00+00:00,24.93607296820435,TP,2.0,0.21902633804912539,1.7809736619508747,78,
ETH,BREAKOUT,LONG,24453,24454,2025-09-12T17:15:00+00:00,2025-09-12T17:30:00+00:00,4587.99,4541.983542646893,4680.002914706214,46.00645735310718,2.0,2025-09-12T20:45:00+00:00,4680.002914706214,TP,2.0,0.2618847762314034,1.7381152237685966,13,
DOGE,BREAKOUT,LONG,24448,24449,2025-09-12T16:00:00+00:00,2025-09-12T16:15:00+00:00,0.26783,0.2631019604785895,0.277286079042821,0.0047280395214104876,2.0,2025-09-12T22:15:00+00:00,0.277286079042821,TP,2.0,0.14988260981038917,1.8501173901896109,24,
ADA,BREAKOUT,LONG,24454,24455,2025-09-12T17:30:00+00:00,2025-09-12T17:45:00+00:00,0.9045,0.8938741582349562,0.9257516835300875,0.010625841765043775,2.0,2025-09-13T00:15:00+00:00,0.9257516835300875,TP,2.0,0.22391893660758946,1.7760810633924105,26,
AVAX,BREAKOUT,LONG,24491,24492,2025-09-13T02:45:00+00:00,2025-09-13T03:00:00+00:00,29.834,29.372233972572566,30.757532054854867,0.46176602742743356,2.0,2025-09-13T04:15:00+00:00,30.757532054854867,TP,2.0,0.17058204153766998,1.82941795846233,5,
AVAX,BREAKOUT,LONG,24501,24502,2025-09-13T05:15:00+00:00,2025-09-13T05:30:00+00:00,31.058,30.405125998494142,32.363748003011715,0.6528740015058574,2.0,2025-09-13T09:45:00+00:00,30.405125998494142,SL,-1.0,0.1223851211929834,-1.1223851211929834,17,
SUI,BREAKOUT,LONG,24516,24517,2025-09-13T09:00:00+00:00,2025-09-13T09:15:00+00:00,3.7921,3.754245862357231,3.867808275285538,0.037854137642769015,2.0,2025-09-13T12:45:00+00:00,3.867808275285538,TP,2.0,0.2630592420792705,1.7369407579207294,14,
XRP,BREAKOUT,LONG,24516,24517,2025-09-13T09:00:00+00:00,2025-09-13T09:15:00+00:00,3.1649,3.137370214547682,3.2199595709046354,0.027529785452317768,2.0,2025-09-13T13:45:00+00:00,3.137370214547682,SL,-1.0,0.29760316487400057,-1.2976031648740005,18,
DOGE,BREAKOUT,LONG,24533,24534,2025-09-13T13:15:00+00:00,2025-09-13T13:30:00+00:00,0.3046,0.2965943929385523,0.3206112141228954,0.008005607061447706,2.0,2025-09-13T13:45:00+00:00,0.2965943929385523,SL,-1.0,0.09762566471489853,-1.0976256647148985,1,
BNB,BREAKOUT,LONG,24583,24584,2025-09-14T01:45:00+00:00,2025-09-14T02:00:00+00:00,934.8,928.5300124636467,947.3399750727065,6.269987536353256,2.0,2025-09-14T04:15:00+00:00,928.5300124636467,SL,-1.0,0.3863371341901603,-1.3863371341901602,9,
SOL,BREAKOUT,LONG,24587,24588,2025-09-14T02:45:00+00:00,2025-09-14T03:00:00+00:00,248.6,245.35712872013093,255.08574255973812,3.242871279869064,2.0,2025-09-14T04:15:00+00:00,245.35712872013093,SL,-1.0,0.19801719276446206,-1.198017192764462,5,
AVAX,BREAKOUT,LONG,24597,24598,2025-09-14T05:15:00+00:00,2025-09-14T05:30:00+00:00,30.386,29.961565797826182,31.234868404347633,0.424434202173817,2.0,2025-09-14T07:45:00+00:00,29.961565797826182,SL,-1.0,0.1848386278376452,-1.1848386278376453,9,
BNB,BREAKOUT,LONG,24599,24600,2025-09-14T05:45:00+00:00,2025-09-14T06:00:00+00:00,943.21,935.9670228183177,957.6959543633648,7.242977181682363,2.0,2025-09-14T11:15:00+00:00,935.9670228183177,SL,-1.0,0.33728259366079916,-1.3372825936607993,21,
SUI,BREAKOUT,LONG,24614,24615,2025-09-14T09:30:00+00:00,2025-09-14T09:45:00+00:00,3.8008,3.757563879688724,3.887272240622553,0.04323612031127633,2.0,2025-09-14T11:15:00+00:00,3.757563879688724,SL,-1.0,0.22726074802397742,-1.2272607480239774,6,
BTC,BREAKOUT,LONG,24662,24663,2025-09-14T21:30:00+00:00,2025-09-14T21:45:00+00:00,116021.1,115670.7516985228,116721.79660295442,350.3483014772064,2.0,2025-09-14T23:00:00+00:00,115670.7516985228,SL,-1.0,0.859714192813564,-1.859714192813564,5,
LINK,BREAKOUT,LONG,24759,24760,2025-09-15T21:45:00+00:00,2025-09-15T22:00:00+00:00,23.805,23.51335540271196,24.388289194576082,0.29164459728804104,2.0,2025-09-16T00:15:00+00:00,23.51335540271196,SL,-1.0,0.210920629408306,-1.210920629408306,9,
AVAX,BREAKOUT,LONG,24755,24756,2025-09-15T20:45:00+00:00,2025-09-15T21:00:00+00:00,30.022,29.42367995986139,31.21864008027722,0.59832004013861,2.0,2025-09-16T01:45:00+00:00,29.42367995986139,SL,-1.0,0.1291606143259331,-1.1291606143259332,19,
BTC,BREAKOUT,LONG,24792,24793,2025-09-16T06:00:00+00:00,2025-09-16T06:15:00+00:00,115952.5,115380.60188176496,117096.29623647008,571.8981182350399,2.0,2025-09-16T09:45:00+00:00,115380.60188176496,SL,-1.0,0.5258507116169572,-1.525850711616957,14,
BNB,BREAKOUT,LONG,24792,24793,2025-09-16T06:00:00+00:00,2025-09-16T06:15:00+00:00,932.36,926.4298879702733,944.2202240594535,5.930112029726729,2.0,2025-09-16T10:30:00+00:00,926.4298879702733,SL,-1.0,0.4074841828026492,-1.4074841828026492,17,
AVAX,BREAKOUT,LONG,24797,24798,2025-09-16T07:15:00+00:00,2025-09-16T07:30:00+00:00,30.088,29.61414247307013,31.03571505385974,0.47385752692986927,2.0,2025-09-16T14:00:00+00:00,29.61414247307013,SL,-1.0,0.16378928434005405,-1.1637892843400541,26,
XRP,BREAKOUT,LONG,24792,24793,2025-09-16T06:00:00+00:00,2025-09-16T06:15:00+00:00,3.0014,2.976626979229003,3.050946041541993,0.024773020770996634,2.0,2025-09-16T17:00:00+00:00,3.050946041541993,TP,2.0,0.31760558902918373,1.6823944109708162,43,
BNB,BREAKOUT,LONG,24831,24832,2025-09-16T15:45:00+00:00,2025-09-16T16:00:00+00:00,938.0,930.5719762322598,952.8560475354805,7.428023767740228,2.0,2025-09-16T17:15:00+00:00,952.8560475354805,TP,2.0,0.3309242052336536,1.6690757947663464,5,
SOL,BREAKOUT,LONG,24831,24832,2025-09-16T15:45:00+00:00,2025-09-16T16:00:00+00:00,237.66,234.39316331503449,244.19367336993102,3.2668366849655115,2.0,2025-09-17T03:45:00+00:00,234.39316331503449,SL,-1.0,0.1878481147018292,-1.1878481147018292,47,
BTC,BREAKOUT,LONG,24836,24837,2025-09-16T17:00:00+00:00,2025-09-16T17:15:00+00:00,116492.1,115787.17681543168,117901.94636913665,704.9231845683244,2.0,2025-09-17T14:15:00+00:00,115787.17681543168,SL,-1.0,0.4283630705733918,-1.4283630705733918,84,
AVAX,BREAKOUT,LONG,24955,24956,2025-09-17T22:45:00+00:00,2025-09-17T23:00:00+00:00,31.551,30.825017144080853,33.002965711838286,0.7259828559191455,2.0,2025-09-18T03:00:00+00:00,33.002965711838286,TP,1.9999999999999951,0.11559523030215492,1.88440476969784,16,
SUI,BREAKOUT,LONG,24942,24943,2025-09-17T19:30:00+00:00,2025-09-17T19:45:00+00:00,3.6781,3.5948176953964546,3.8446646092070913,0.08328230460354558,2.0,2025-09-18T08:45:00+00:00,3.8446646092070913,TP,2.0,0.11742703373211975,1.8825729662678803,52,
CRV,BREAKOUT,SHORT,24985,24986,2025-09-18T06:15:00+00:00,2025-09-18T06:30:00+00:00,0.769,0.7843902719368785,0.7382194561262431,0.015390271936878475,2.0,2025-09-18T09:15:00+00:00,0.7843902719368785,SL,-1.0,0.13121323403513085,-1.1312132340351309,11,
XRP,BREAKOUT,LONG,25005,25006,2025-09-18T11:15:00+00:00,2025-09-18T11:30:00+00:00,3.1281,3.098985107998985,3.1863297840020293,0.02911489200101469,2.0,2025-09-18T17:30:00+00:00,3.098985107998985,SL,-1.0,0.27804364309909,-1.27804364309909,24,
AVAX,BREAKOUT,LONG,25012,25013,2025-09-18T13:00:00+00:00,2025-09-18T13:15:00+00:00,33.351,32.80570602934538,34.44158794130924,0.5452939706546189,2.0,2025-09-18T18:00:00+00:00,34.44158794130924,TP,2.0,0.16161991341643217,1.8383800865835678,19,
BTC,BREAKOUT,LONG,25018,25019,2025-09-18T14:30:00+00:00,2025-09-18T14:45:00+00:00,117713.3,117114.70840677235,118910.48318645531,598.5915932276548,2.0,2025-09-18T22:45:00+00:00,117114.70840677235,SL,-1.0,0.5099911431811608,-1.5099911431811608,32,
BNB,BREAKOUT,LONG,24955,24956,2025-09-17T22:45:00+00:00,2025-09-17T23:00:00+00:00,992.91,975.3187607338969,1028.0924785322063,17.591239266103116,2.0,2025-09-18T23:00:00+00:00,982.52,TIME,-0.5906349088219537,0.14598511003988446,-0.7366200188618381,96,
SUI,BREAKOUT,LONG,25018,25019,2025-09-18T14:30:00+00:00,2025-09-18T14:45:00+00:00,3.9377,3.874199788393499,4.064700423213003,0.0635002116065011,2.0,2025-09-18T23:00:00+00:00,3.874199788393499,SL,-1.0,0.15992812414300425,-1.1599281241430042,33,
UNI,BREAKOUT,SHORT,25068,25069,2025-09-19T03:00:00+00:00,2025-09-19T03:15:00+00:00,9.508,9.65556993377189,9.212860132456218,0.14756993377189076,2.0,2025-09-19T15:00:00+00:00,9.212860132456218,TP,2.0,0.16491921863848416,1.8350807813615158,47,
FET,BREAKOUT,SHORT,25348,25349,2025-09-22T01:00:00+00:00,2025-09-22T01:15:00+00:00,0.6191,0.6291120276652302,0.5990759446695395,0.010012027665230239,2.0,2025-09-22T05:45:00+00:00,0.5990759446695395,TP,2.0,0.15817262806514468,1.8418273719348552,18,
AVAX,BREAKOUT,LONG,25436,25437,2025-09-22T23:00:00+00:00,2025-09-22T23:15:00+00:00,33.62,32.858318245472,35.143363509055995,0.7616817545279986,2.0,2025-09-23T02:45:00+00:00,32.858318245472,SL,-1.0,0.11346184046730613,-1.1134618404673062,14,
UNI,BREAKOUT,SHORT,25450,25451,2025-09-23T02:30:00+00:00,2025-09-23T02:45:00+00:00,8.096,8.191780790569402,7.904438418861197,0.09578079056940147,2.0,2025-09-23T06:30:00+00:00,8.191780790569402,SL,-1.0,0.2210684929813535,-1.2210684929813536,15,
AVAX,BREAKOUT,LONG,25539,25540,2025-09-24T00:45:00+00:00,2025-09-24T01:00:00+00:00,34.582,33.79088871107862,36.16422257784276,0.7911112889213783,2.0,2025-09-24T02:45:00+00:00,33.79088871107862,SL,-1.0,0.11235430029773687,-1.112354300297737,7,
CRV,BREAKOUT,SHORT,25511,25512,2025-09-23T17:45:00+00:00,2025-09-23T18:00:00+00:00,0.672,0.6879397891439283,0.6401204217121436,0.01593978914392824,2.0,2025-09-24T06:45:00+00:00,0.6879397891439283,SL,-1.0,0.11091249137135172,-1.1109124913713517,51,
UNI,BREAKOUT,SHORT,25510,25511,2025-09-23T17:30:00+00:00,2025-09-23T17:45:00+00:00,8.073,8.199886868118663,7.819226263762676,0.12688686811866212,2.0,2025-09-24T17:45:00+00:00,8.082,TIME,-0.07092932573277573,0.1655135815974259,-0.23644290733020162,96,
UNI,BREAKOUT,SHORT,25634,25635,2025-09-25T00:30:00+00:00,2025-09-25T00:45:00+00:00,7.866,7.961570564025969,7.674858871948061,0.09557056402596942,2.0,2025-09-25T04:30:00+00:00,7.674858871948061,TP,2.0,0.2113947609228578,1.788605239077142,15,
XRP,BREAKOUT,SHORT,25676,25677,2025-09-25T11:00:00+00:00,2025-09-25T11:15:00+00:00,2.8147,2.845071799375906,2.753956401248189,0.030371799375905617,2.0,2025-09-25T13:15:00+00:00,2.845071799375906,SL,-1.0,0.24225444294965442,-1.2422544429496545,8,
LINK,BREAKOUT,SHORT,25678,25679,2025-09-25T11:30:00+00:00,2025-09-25T11:45:00+00:00,20.774,21.072252051867522,20.177495896264958,0.2982520518675216,2.0,2025-09-25T14:15:00+00:00,21.072252051867522,SL,-1.0,0.18239649091028345,-1.1823964909102835,10,
XRP,BREAKOUT,SHORT,25703,25704,2025-09-25T17:45:00+00:00,2025-09-25T18:00:00+00:00,2.736,2.7870761166497555,2.6338477667004896,0.05107611664975531,2.0,2025-09-25T18:30:00+00:00,2.7870761166497555,SL,-1.0,0.14057448808961243,-1.1405744880896125,2,
ADA,BREAKOUT,SHORT,25703,25704,2025-09-25T17:45:00+00:00,2025-09-25T18:00:00+00:00,0.7581,0.7749579215730527,0.7243841568538947,0.01685792157305266,2.0,2025-09-25T18:45:00+00:00,0.7749579215730527,SL,-1.0,0.1182218869276705,-1.1182218869276705,3,
ETH,BREAKOUT,SHORT,25703,25704,2025-09-25T17:45:00+00:00,2025-09-25T18:00:00+00:00,3837.04,3916.807462399072,3677.505075201856,79.76746239907197,2.0,2025-09-25T18:45:00+00:00,3916.807462399072,SL,-1.0,0.12636733572755682,-1.1263673357275568,3,
LINK,BREAKOUT,SHORT,25703,25704,2025-09-25T17:45:00+00:00,2025-09-25T18:00:00+00:00,19.964,20.440000688852884,19.01199862229423,0.47600068885288493,2.0,2025-09-25T18:45:00+00:00,20.440000688852884,SL,-1.0,0.1103469010141337,-1.1103469010141338,3,
XRP,BREAKOUT,SHORT,25771,25772,2025-09-26T10:45:00+00:00,2025-09-26T11:00:00+00:00,2.7088,2.743167510091227,2.640064979817546,0.03436751009122707,2.0,2025-09-26T12:30:00+00:00,2.743167510091227,SL,-1.0,0.20622843331696072,-1.2062284333169608,6,
LINK,BREAKOUT,SHORT,25925,25926,2025-09-28T01:15:00+00:00,2025-09-28T01:30:00+00:00,20.738,20.926472225318715,20.36105554936257,0.18847222531871566,2.0,2025-09-28T14:30:00+00:00,20.926472225318715,SL,-1.0,0.28738353251425086,-1.2873835325142509,52,
DOGE,BREAKOUT,SHORT,25925,25926,2025-09-28T01:15:00+00:00,2025-09-28T01:30:00+00:00,0.22879,0.23095240767056457,0.22446518465887083,0.002162407670564581,2.0,2025-09-28T16:00:00+00:00,0.23095240767056457,SL,-1.0,0.2763887393239269,-1.2763887393239268,58,
DOGE,BREAKOUT,SHORT,26059,26060,2025-09-29T10:45:00+00:00,2025-09-29T11:00:00+00:00,0.23018,0.23234152933023164,0.2258569413395367,0.002161529330231643,2.0,2025-09-29T13:30:00+00:00,0.23234152933023164,SL,-1.0,0.27817248635939834,-1.2781724863593984,10,
CRV,BREAKOUT,SHORT,26067,26068,2025-09-29T12:45:00+00:00,2025-09-29T13:00:00+00:00,0.676,0.6878233432879876,0.652353313424025,0.011823343287987509,2.0,2025-09-29T13:30:00+00:00,0.6878233432879876,SL,-1.0,0.14995507641867406,-1.1499550764186741,2,
UNI,BREAKOUT,SHORT,26067,26068,2025-09-29T12:45:00+00:00,2025-09-29T13:00:00+00:00,7.593,7.687400489051259,7.404199021897481,0.0944004890512593,2.0,2025-09-29T13:30:00+00:00,7.687400489051259,SL,-1.0,0.210428153873019,-1.210428153873019,2,
SUI,BREAKOUT,SHORT,26060,26061,2025-09-29T11:00:00+00:00,2025-09-29T11:15:00+00:00,3.2245,3.266954726223388,3.139590547553224,0.04245472622338786,2.0,2025-09-29T13:45:00+00:00,3.266954726223388,SL,-1.0,0.19877389150236727,-1.1987738915023674,10,
FET,BREAKOUT,SHORT,26037,26038,2025-09-29T05:15:00+00:00,2025-09-29T05:30:00+00:00,0.571,0.5765524846613305,0.5598950306773389,0.0055524846613305145,2.0,2025-09-29T14:15:00+00:00,0.5765524846613305,SL,-1.0,0.26867579490120597,-1.268675794901206,35,
BNB,BREAKOUT,LONG,26071,26072,2025-09-29T13:45:00+00:00,2025-09-29T14:00:00+00:00,1012.51,1002.9961411798209,1031.537717640358,9.513858820179053,2.0,2025-09-29T22:00:00+00:00,1031.537717640358,TP,2.0,0.27930433729964216,1.7206956627003578,32,
SOL,BREAKOUT,SHORT,26148,26149,2025-09-30T09:00:00+00:00,2025-09-30T09:15:00+00:00,206.21,208.45422876317554,201.72154247364895,2.2442287631755278,2.0,2025-09-30T13:30:00+00:00,208.45422876317554,SL,-1.0,0.24019988792469035,-1.2401998879246903,17,
UNI,BREAKOUT,SHORT,26170,26171,2025-09-30T14:30:00+00:00,2025-09-30T14:45:00+00:00,7.487,7.584313261073896,7.292373477852209,0.0973132610738956,2.0,2025-09-30T16:15:00+00:00,7.584313261073896,SL,-1.0,0.20133645736646508,-1.201336457366465,6,
SUI,BREAKOUT,SHORT,26148,26149,2025-09-30T09:00:00+00:00,2025-09-30T09:15:00+00:00,3.2089,3.2456971825668592,3.135305634866281,0.03679718256685938,2.0,2025-09-30T19:45:00+00:00,3.2456971825668592,SL,-1.0,0.22803311971210743,-1.2280331197121075,42,
XRP,BREAKOUT,SHORT,26148,26149,2025-09-30T09:00:00+00:00,2025-09-30T09:15:00+00:00,2.8478,2.870329536955995,2.8027409260880094,0.022529536955995244,2.0,2025-09-30T19:45:00+00:00,2.870329536955995,SL,-1.0,0.32994767768916256,-1.3299476776891626,42,
SOL,BREAKOUT,SHORT,26174,26175,2025-09-30T15:30:00+00:00,2025-09-30T15:45:00+00:00,205.24,208.86709250014727,197.9858149997055,3.6270925001472563,2.0,2025-09-30T19:45:00+00:00,208.86709250014727,SL,-1.0,0.14842169595298035,-1.1484216959529803,16,
FET,BREAKOUT,SHORT,26183,26184,2025-09-30T17:45:00+00:00,2025-09-30T18:00:00+00:00,0.547,0.5615405913751044,0.5179188172497914,0.014540591375104328,2.0,2025-10-01T09:00:00+00:00,0.5615405913751044,SL,-1.0,0.09910895173459175,-1.0991089517345918,60,
BNB,BREAKOUT,LONG,26354,26355,2025-10-02T12:30:00+00:00,2025-10-02T12:45:00+00:00,1061.96,1051.644576840086,1082.590846319828,10.315423159913962,2.0,2025-10-02T14:00:00+00:00,1051.644576840086,SL,-1.0,0.26636677015536314,-1.2663667701553631,5,
UNI,BREAKOUT,SHORT,26363,26364,2025-10-02T14:45:00+00:00,2025-10-02T15:00:00+00:00,8.047,8.166710504878482,7.807578990243037,0.11971050487848167,2.0,2025-10-02T15:45:00+00:00,8.166710504878482,SL,-1.0,0.17607330014803768,-1.1760733001480377,3,
BTC,BREAKOUT,LONG,26368,26369,2025-10-02T16:00:00+00:00,2025-10-02T16:15:00+00:00,120083.4,119113.9155875086,122022.36882498278,969.4844124913943,2.0,2025-10-03T15:45:00+00:00,122022.36882498278,TP,2.0,0.3246442082175008,1.6753557917824993,94,
AVAX,BREAKOUT,LONG,26462,26463,2025-10-03T15:30:00+00:00,2025-10-03T15:45:00+00:00,30.999,30.438639296297488,32.119721407405024,0.5603607037025107,2.0,2025-10-03T17:00:00+00:00,30.438639296297488,SL,-1.0,0.14253128486252362,-1.1425312848625235,5,
DOGE,BREAKOUT,LONG,26465,26466,2025-10-03T16:15:00+00:00,2025-10-03T16:30:00+00:00,0.26275,0.2583851133682157,0.2714797732635686,0.004364886631784304,2.0,2025-10-03T17:00:00+00:00,0.2583851133682157,SL,-1.0,0.15521036501736996,-1.15521036501737,2,
SOL,BREAKOUT,LONG,26465,26466,2025-10-03T16:15:00+00:00,2025-10-03T16:30:00+00:00,235.31,231.53385647697846,242.8622870460431,3.7761435230215454,2.0,2025-10-03T17:00:00+00:00,231.53385647697846,SL,-1.0,0.16071873585314708,-1.160718735853147,2,
XRP,BREAKOUT,LONG,26605,26606,2025-10-05T03:15:00+00:00,2025-10-05T03:30:00+00:00,3.0135,2.9874566631169257,3.065586673766149,0.026043336883074364,2.0,2025-10-05T07:45:00+00:00,3.065586673766149,TP,2.0,0.3034485446844583,1.6965514553155416,17,
SOL,BREAKOUT,LONG,26713,26714,2025-10-06T06:15:00+00:00,2025-10-06T06:30:00+00:00,233.8,231.02029923573002,239.35940152854,2.7797007642699896,2.0,2025-10-06T07:30:00+00:00,231.02029923573002,SL,-1.0,0.2173854095281161,-1.217385409528116,4,
DOGE,BREAKOUT,LONG,26713,26714,2025-10-06T06:15:00+00:00,2025-10-06T06:30:00+00:00,0.25658,0.2531475842615335,0.26344483147693293,0.0034324157384664766,2.0,2025-10-06T14:15:00+00:00,0.26344483147693293,TP,2.0,0.19695524447806204,1.803044755521938,31,
BNB,BREAKOUT,LONG,26736,26737,2025-10-06T12:00:00+00:00,2025-10-06T12:15:00+00:00,1232.81,1213.354025275165,1271.7219494496699,19.45597472483496,2.0,2025-10-06T14:15:00+00:00,1213.354025275165,SL,-1.0,0.1634466161594322,-1.1634466161594321,8,
ETH,BREAKOUT,LONG,26743,26744,2025-10-06T13:45:00+00:00,2025-10-06T14:00:00+00:00,4636.81,4587.292140134571,4735.845719730859,49.51785986542927,2.0,2025-10-07T12:45:00+00:00,4735.845719730859,TP,2.0,0.24606177384811923,1.7539382261518808,91,
ADA,BREAKOUT,LONG,26835,26836,2025-10-07T12:45:00+00:00,2025-10-07T13:00:00+00:00,0.87,0.8593151201114723,0.8913697597770555,0.010684879888527732,2.0,2025-10-07T13:30:00+00:00,0.8593151201114723,SL,-1.0,0.21040102271609912,-1.210401022716099,2,
ETH,BREAKOUT,LONG,26914,26915,2025-10-08T08:30:00+00:00,2025-10-08T08:45:00+00:00,4491.9,4446.672714630419,4582.35457073916,45.227285369580386,2.0,2025-10-08T13:30:00+00:00,4446.672714630419,SL,-1.0,0.25692774691348574,-1.2569277469134859,19,
FET,BREAKOUT,SHORT,26893,26894,2025-10-08T03:15:00+00:00,2025-10-08T03:30:00+00:00,0.5525,0.559361456029212,0.5387770879415761,0.006861456029211954,2.0,2025-10-08T17:15:00+00:00,0.559361456029212,SL,-1.0,0.21065789632466442,-1.2106578963246644,55,
SUI,BREAKOUT,LONG,26948,26949,2025-10-08T17:00:00+00:00,2025-10-08T17:15:00+00:00,3.5138,3.4684286525688948,3.60454269486221,0.04537134743110505,2.0,2025-10-09T02:30:00+00:00,3.4684286525688948,SL,-1.0,0.20005791677495458,-1.2000579167749545,37,
FET,BREAKOUT,SHORT,26986,26987,2025-10-09T02:30:00+00:00,2025-10-09T02:45:00+00:00,0.5444,0.5512936830378805,0.530612633924239,0.006893683037880516,2.0,2025-10-09T04:00:00+00:00,0.5512936830378805,SL,-1.0,0.20662420655580088,-1.2066242065558008,5,
UNI,BREAKOUT,SHORT,26986,26987,2025-10-09T02:30:00+00:00,2025-10-09T02:45:00+00:00,7.864,7.973578174340414,7.644843651319172,0.10957817434041406,2.0,2025-10-09T05:00:00+00:00,7.973578174340414,SL,-1.0,0.1878919022932568,-1.1878919022932568,9,
FET,BREAKOUT,SHORT,27007,27008,2025-10-09T07:45:00+00:00,2025-10-09T08:00:00+00:00,0.5364,0.5438088072869897,0.5215823854260206,0.0074088072869896715,2.0,2025-10-09T13:45:00+00:00,0.5215823854260206,TP,2.0,0.18564082554408923,1.8143591744559107,23,
FET,BREAKOUT,SHORT,27038,27039,2025-10-09T15:30:00+00:00,2025-10-09T15:45:00+00:00,0.5056,0.5164859714794822,0.4838280570410358,0.010885971479482115,2.0,2025-10-10T07:45:00+00:00,0.4838280570410358,TP,2.0,0.11815725188860578,1.8818427481113942,64,
XRP,BREAKOUT,SHORT,27133,27134,2025-10-10T15:15:00+00:00,2025-10-10T15:30:00+00:00,2.7477,2.78584436249673,2.67141127500654,0.03814436249672992,2.0,2025-10-10T19:15:00+00:00,2.67141127500654,TP,2.0,0.18468901290754172,1.8153109870924582,15,
CRV,BREAKOUT,SHORT,27133,27134,2025-10-10T15:15:00+00:00,2025-10-10T15:30:00+00:00,0.708,0.7286682790033646,0.6666634419932707,0.020668279003364654,2.0,2025-10-10T20:45:00+00:00,0.6666634419932707,TP,2.0,0.0864640192974137,1.9135359807025862,21,
ADA,BREAKOUT,SHORT,27149,27150,2025-10-10T19:15:00+00:00,2025-10-10T19:30:00+00:00,0.7595,0.7755962857502132,0.7273074284995734,0.01609628575021327,2.0,2025-10-10T20:45:00+00:00,0.7273074284995734,TP,2.0,0.1200804761448669,1.8799195238551332,5,
SUI,BREAKOUT,SHORT,27149,27150,2025-10-10T19:15:00+00:00,2025-10-10T19:30:00+00:00,3.2033,3.2710648904826223,3.0677702190347556,0.06776489048262224,2.0,2025-10-10T20:45:00+00:00,3.0677702190347556,TP,2.0,0.12030405755375341,1.8796959424462465,5,
BNB,BREAKOUT,LONG,27237,27238,2025-10-11T17:15:00+00:00,2025-10-11T17:30:00+00:00,1175.31,1147.1169873807398,1231.6960252385202,28.193012619260116,2.0,2025-10-11T19:30:00+00:00,1147.1169873807398,SL,-1.0,0.10708877140474231,-1.1070887714047424,8,
FET,BREAKOUT,SHORT,27246,27247,2025-10-11T19:30:00+00:00,2025-10-11T19:45:00+00:00,0.3836,0.39658678061045793,0.3576264387790841,0.012986780610457938,2.0,2025-10-12T01:30:00+00:00,0.3576264387790841,TP,2.0,0.07419809414789454,1.9258019058521054,23,
AVAX,BREAKOUT,SHORT,27247,27248,2025-10-11T19:45:00+00:00,2025-10-11T20:00:00+00:00,21.878,22.459374675604668,20.715250648790665,0.5813746756046676,2.0,2025-10-12T02:45:00+00:00,20.715250648790665,TP,2.0,0.09524189505818804,1.9047581049418119,27,
SUI,BREAKOUT,SHORT,27271,27272,2025-10-12T01:45:00+00:00,2025-10-12T02:00:00+00:00,2.4469,2.52065553440468,2.2993889311906393,0.0737555344046803,2.0,2025-10-12T03:30:00+00:00,2.52065553440468,SL,-1.0,0.08755712024664401,-1.087557120246644,6,
UNI,BREAKOUT,SHORT,27245,27246,2025-10-11T19:15:00+00:00,2025-10-11T19:30:00+00:00,5.897,6.049228475188814,5.592543049622373,0.15222847518881366,2.0,2025-10-12T04:30:00+00:00,6.049228475188814,SL,-1.0,0.10201834445548379,-1.1020183444554839,36,
ADA,BREAKOUT,SHORT,27248,27249,2025-10-11T20:00:00+00:00,2025-10-11T20:15:00+00:00,0.6288,0.6450820443731424,0.5962359112537152,0.0162820443731424,2.0,2025-10-12T04:45:00+00:00,0.6450820443731424,SL,-1.0,0.10170999536254623,-1.1017099953625462,34,
CRV,BREAKOUT,SHORT,27246,27247,2025-10-11T19:30:00+00:00,2025-10-11T19:45:00+00:00,0.487,0.5043720415069122,0.4522559169861756,0.017372041506912184,2.0,2025-10-12T14:45:00+00:00,0.5043720415069122,SL,-1.0,0.07418723087014212,-1.0741872308701421,76,
BNB,BREAKOUT,LONG,27324,27325,2025-10-12T15:00:00+00:00,2025-10-12T15:15:00+00:00,1266.17,1228.6767431255525,1341.1565137488951,37.493256874447525,2.0,2025-10-13T06:30:00+00:00,1341.1565137488951,TP,2.0,0.09040357521417668,1.9095964247858233,61,
CRV,BREAKOUT,SHORT,27478,27479,2025-10-14T05:30:00+00:00,2025-10-14T05:45:00+00:00,0.584,0.6014762872119659,0.5490474255760681,0.017476287211965924,2.0,2025-10-14T10:30:00+00:00,0.5490474255760681,TP,2.0,0.08428344278070454,1.9157165572192953,19,
UNI,BREAKOUT,SHORT,27479,27480,2025-10-14T05:45:00+00:00,2025-10-14T06:00:00+00:00,6.688,6.836855964630087,6.3902880707398255,0.1488559646300871,2.0,2025-10-14T13:30:00+00:00,6.3902880707398255,TP,2.0,0.11421627970509513,1.8857837202949048,30,
ADA,BREAKOUT,SHORT,27482,27483,2025-10-14T06:30:00+00:00,2025-10-14T06:45:00+00:00,0.6817,0.6981582266657127,0.6487835466685745,0.016458226665712727,2.0,2025-10-14T16:00:00+00:00,0.6981582266657127,SL,-1.0,0.1089920397318665,-1.1089920397318664,37,
AVAX,BREAKOUT,SHORT,27482,27483,2025-10-14T06:30:00+00:00,2025-10-14T06:45:00+00:00,22.313,22.842768431898673,21.25346313620265,0.529768431898674,2.0,2025-10-14T16:00:00+00:00,22.842768431898673,SL,-1.0,0.11080784627177633,-1.1108078462717763,37,
SOL,BREAKOUT,SHORT,27479,27480,2025-10-14T05:45:00+00:00,2025-10-14T06:00:00+00:00,199.62,204.05247702448293,190.75504595103416,4.432477024482921,2.0,2025-10-14T16:15:00+00:00,204.05247702448293,SL,-1.0,0.11839299272917185,-1.1183929927291718,41,
FET,BREAKOUT,SHORT,27507,27508,2025-10-14T12:45:00+00:00,2025-10-14T13:00:00+00:00,0.3281,0.33850290098276736,0.3072941980344653,0.01040290098276736,2.0,2025-10-14T16:15:00+00:00,0.33850290098276736,SL,-1.0,0.08330212627353785,-1.0833021262735378,13,
LINK,BREAKOUT,SHORT,27621,27622,2025-10-15T17:15:00+00:00,2025-10-15T17:30:00+00:00,17.907,18.303240845683987,17.114518308632025,0.39624084568398743,2.0,2025-10-16T10:00:00+00:00,18.303240845683987,SL,-1.0,0.11879974922356033,-1.1187997492235604,66,
AVAX,BREAKOUT,SHORT,27710,27711,2025-10-16T15:30:00+00:00,2025-10-16T15:45:00+00:00,21.45,21.953012646657708,20.443974706684582,0.5030126466577087,2.0,2025-10-17T06:15:00+00:00,20.443974706684582,TP,2.0,0.10827196389706382,1.8917280361029363,58,
SUI,BREAKOUT,SHORT,27711,27712,2025-10-16T15:45:00+00:00,2025-10-16T16:00:00+00:00,2.5894,2.664794960688401,2.438610078623198,0.07539496068840101,2.0,2025-10-17T06:30:00+00:00,2.438610078623198,TP,2.0,0.086695623189253,1.913304376810747,58,
FET,BREAKOUT,SHORT,27709,27710,2025-10-16T15:15:00+00:00,2025-10-16T15:30:00+00:00,0.2827,0.2915818741772955,0.26493625164540907,0.008881874177295468,2.0,2025-10-17T06:45:00+00:00,0.26493625164540907,TP,2.0,0.08015505657115868,1.9198449434288414,61,
DOGE,BREAKOUT,SHORT,27710,27711,2025-10-16T15:30:00+00:00,2025-10-16T15:45:00+00:00,0.19184,0.1972051423302167,0.18110971533956666,0.005365142330216677,2.0,2025-10-17T07:00:00+00:00,0.18110971533956666,TP,2.0,0.09036752430794434,1.9096324756920557,61,
SOL,BREAKOUT,SHORT,27710,27711,2025-10-16T15:30:00+00:00,2025-10-16T15:45:00+00:00,189.48,194.77764884836128,178.8847023032774,5.297648848361291,2.0,2025-10-17T07:00:00+00:00,178.8847023032774,TP,2.0,0.090393706095184,1.909606293904816,61,
BTC,BREAKOUT,SHORT,27772,27773,2025-10-17T07:00:00+00:00,2025-10-17T07:15:00+00:00,106198.3,107216.2468280081,104162.40634398382,1017.946828008091,2.0,2025-10-17T10:15:00+00:00,104162.40634398382,TP,2.0,0.2686475469276725,1.7313524530723274,12,
UNI,BREAKOUT,SHORT,27772,27773,2025-10-17T07:00:00+00:00,2025-10-17T07:15:00+00:00,6.045,6.176959632018073,5.7810807359638545,0.1319596320180727,2.0,2025-10-17T11:15:00+00:00,6.176959632018073,SL,-1.0,0.1204046061559755,-1.1204046061559756,16,
CRV,BREAKOUT,SHORT,27772,27773,2025-10-17T07:00:00+00:00,2025-10-17T07:15:00+00:00,0.511,0.5272334072190766,0.47853318556184676,0.016233407219076623,2.0,2025-10-17T12:15:00+00:00,0.5272334072190766,SL,-1.0,0.08314356999550293,-1.083143569995503,20,
ETH,BREAKOUT,SHORT,27772,27773,2025-10-17T07:00:00+00:00,2025-10-17T07:15:00+00:00,3777.8,3836.0584102315447,3661.283179536911,58.25841023154453,2.0,2025-10-17T16:00:00+00:00,3836.0584102315447,SL,-1.0,0.16989849008858882,-1.1698984900885887,35,
SUI,BREAKOUT,SHORT,27773,27774,2025-10-17T07:15:00+00:00,2025-10-17T07:30:00+00:00,2.3845,2.445578396457541,2.2623432070849185,0.06107839645754076,2.0,2025-10-17T16:00:00+00:00,2.445578396457541,SL,-1.0,0.10280397455685958,-1.1028039745568596,34,
SUI,BREAKOUT,SHORT,28097,28098,2025-10-20T16:15:00+00:00,2025-10-20T16:30:00+00:00,2.5857,2.6295314145261304,2.4980371709477396,0.04383141452613026,2.0,2025-10-21T04:00:00+00:00,2.4980371709477396,TP,2.0,0.15077903356945432,1.8492209664305457,46,
UNI,BREAKOUT,SHORT,28097,28098,2025-10-20T16:15:00+00:00,2025-10-20T16:30:00+00:00,6.334,6.435559991004142,6.130880017991714,0.1015599910041427,2.0,2025-10-21T04:45:00+00:00,6.130880017991714,TP,2.0,0.15955440585582803,1.840445594144172,49,
AVAX,BREAKOUT,SHORT,28147,28148,2025-10-21T04:45:00+00:00,2025-10-21T05:00:00+00:00,19.505,19.758198756757174,18.998602486485648,0.2531987567571754,2.0,2025-10-21T07:45:00+00:00,19.758198756757174,SL,-1.0,0.20158929308146314,-1.2015892930814631,11,
CRV,BREAKOUT,SHORT,28148,28149,2025-10-21T05:00:00+00:00,2025-10-21T05:15:00+00:00,0.53,0.5419402836142643,0.5061194327714715,0.011940283614264247,2.0,2025-10-21T12:15:00+00:00,0.5419402836142643,SL,-1.0,0.11670764394857396,-1.116707643948574,28,
ETH,BREAKOUT,SHORT,28144,28145,2025-10-21T04:00:00+00:00,2025-10-21T04:15:00+00:00,3877.09,3920.576777112165,3790.1164457756704,43.48677711216487,2.0,2025-10-21T14:00:00+00:00,3920.576777112165,SL,-1.0,0.23310457760757183,-1.2331045776075718,39,
DOGE,BREAKOUT,SHORT,28136,28137,2025-10-21T02:00:00+00:00,2025-10-21T02:15:00+00:00,0.19715,0.19976352211574921,0.19192295576850155,0.0026135221157492228,2.0,2025-10-21T14:45:00+00:00,0.19976352211574921,SL,-1.0,0.19742996458346593,-1.1974299645834658,50,
LINK,BREAKOUT,SHORT,28142,28143,2025-10-21T03:30:00+00:00,2025-10-21T03:45:00+00:00,18.237,18.530621212614875,17.649757574770245,0.2936212126148767,2.0,2025-10-21T14:45:00+00:00,18.530621212614875,SL,-1.0,0.16278765131010015,-1.1627876513101,44,
BTC,BREAKOUT,SHORT,28209,28210,2025-10-21T20:15:00+00:00,2025-10-21T20:30:00+00:00,110783.3,112250.3280590866,107849.2438818268,1467.0280590866023,2.0,2025-10-22T00:15:00+00:00,107849.2438818268,TP,2.0,0.19374019827769123,1.8062598017223088,15,
SUI,BREAKOUT,SHORT,28222,28223,2025-10-21T23:30:00+00:00,2025-10-21T23:45:00+00:00,2.484,2.5426679331679622,2.3666641336640755,0.05866793316796226,2.0,2025-10-22T05:15:00+00:00,2.3666641336640755,TP,2.0,0.10748398713331259,1.8925160128666874,22,
CRV,BREAKOUT,SHORT,28218,28219,2025-10-21T22:30:00+00:00,2025-10-21T22:45:00+00:00,0.542,0.5596964751764559,0.5066070496470882,0.017696475176455895,2.0,2025-10-22T11:00:00+00:00,0.5066070496470882,TP,2.0,0.07703167726615166,1.9229683227338483,49,
SOL,BREAKOUT,SHORT,28222,28223,2025-10-21T23:30:00+00:00,2025-10-21T23:45:00+00:00,185.39,189.2796241114931,177.61075177701377,3.889624111493106,2.0,2025-10-22T19:45:00+00:00,177.61075177701377,TP,2.0,0.12132302859696378,1.8786769714030362,80,
ADA,BREAKOUT,SHORT,28222,28223,2025-10-21T23:30:00+00:00,2025-10-21T23:45:00+00:00,0.6415,0.6547872502386807,0.6149254995226385,0.013287250238680715,2.0,2025-10-22T21:00:00+00:00,0.6149254995226385,TP,2.0,0.12292634819389124,1.8770736518061089,85,
FET,BREAKOUT,SHORT,28295,28296,2025-10-22T17:45:00+00:00,2025-10-22T18:00:00+00:00,0.238,0.24394507132795823,0.2261098573440835,0.00594507132795824,2.0,2025-10-22T21:00:00+00:00,0.2261098573440835,TP,2.0,0.10148621963708535,1.8985137803629146,12,
LINK,BREAKOUT,SHORT,28309,28310,2025-10-22T21:15:00+00:00,2025-10-22T21:30:00+00:00,16.899,17.284227023093564,16.128545953812875,0.38522702309356305,2.0,2025-10-23T01:00:00+00:00,17.284227023093564,SL,-1.0,0.11535586152072355,-1.1153558615207235,14,
XRP,BREAKOUT,SHORT,28309,28310,2025-10-22T21:15:00+00:00,2025-10-22T21:30:00+00:00,2.3359,2.3773649930075966,2.252970013984807,0.04146499300759654,2.0,2025-10-23T03:00:00+00:00,2.3773649930075966,SL,-1.0,0.1477690949999037,-1.1477690949999038,22,
ADA,BREAKOUT,SHORT,28689,28690,2025-10-26T20:15:00+00:00,2025-10-26T20:30:00+00:00,0.6688,0.674811090783675,0.6567778184326499,0.0060110907836750105,2.0,2025-10-26T22:00:00+00:00,0.674811090783675,SL,-1.0,0.2905786122482911,-1.2905786122482912,6,
AVAX,BREAKOUT,SHORT,28741,28742,2025-10-27T09:15:00+00:00,2025-10-27T09:30:00+00:00,20.525,20.86893093349373,19.837138133012537,0.3439309334937306,2.0,2025-10-28T09:30:00+00:00,20.306,TIME,0.636755751439234,0.15433418407817504,0.482421567361059,96,
FET,BREAKOUT,SHORT,28741,28742,2025-10-27T09:15:00+00:00,2025-10-27T09:30:00+00:00,0.2692,0.2755401223533458,0.2565197552933084,0.006340122353345801,2.0,2025-10-28T09:30:00+00:00,0.2665,TIME,0.4258592893834517,0.10984172878501178,0.3160175605984399,96,
AVAX,BREAKOUT,SHORT,28881,28882,2025-10-28T20:15:00+00:00,2025-10-28T20:30:00+00:00,19.289,19.655285096342443,18.55642980731512,0.3662850963424411,2.0,2025-10-29T10:15:00+00:00,19.655285096342443,SL,-1.0,0.13821902974155764,-1.1382190297415575,55,
FET,BREAKOUT,SHORT,28877,28878,2025-10-28T19:15:00+00:00,2025-10-28T19:30:00+00:00,0.2588,0.2649805656692616,0.24643886866147674,0.006180565669261617,2.0,2025-10-29T17:30:00+00:00,0.2649805656692616,SL,-1.0,0.11017029375749482,-1.1101702937574949,88,
ADA,BREAKOUT,SHORT,29009,29010,2025-10-30T04:15:00+00:00,2025-10-30T04:30:00+00:00,0.6252,0.637241263752775,0.6011174724944499,0.012041263752775033,2.0,2025-10-30T05:30:00+00:00,0.637241263752775,SL,-1.0,0.13629579723310872,-1.1362957972331087,4,
AVAX,BREAKOUT,SHORT,29009,29010,2025-10-30T04:15:00+00:00,2025-10-30T04:30:00+00:00,19.191,19.581871804769598,18.4092563904608,0.39087180476959915,2.0,2025-10-30T05:45:00+00:00,19.581871804769598,SL,-1.0,0.1289546412177561,-1.128954641217756,5,
DOGE,BREAKOUT,SHORT,29040,29041,2025-10-30T12:00:00+00:00,2025-10-30T12:15:00+00:00,0.18749,0.19030543334849337,0.18185913330301323,0.002815433348493379,2.0,2025-10-30T13:30:00+00:00,0.18185913330301323,TP,2.0,0.17054350569188986,1.8294564943081102,5,
ETH,BREAKOUT,SHORT,29041,29042,2025-10-30T12:15:00+00:00,2025-10-30T12:30:00+00:00,3852.66,3899.6752831925573,3758.629433614885,47.01528319255749,2.0,2025-10-30T13:45:00+00:00,3758.629433614885,TP,2.0,0.2104565918102494,1.7895434081897506,5,
CRV,BREAKOUT,SHORT,29009,29010,2025-10-30T04:15:00+00:00,2025-10-30T04:30:00+00:00,0.526,0.5423880849367309,0.49322383012653837,0.01638808493673083,2.0,2025-10-30T16:00:00+00:00,0.49322383012653837,TP,2.0,0.08085087331923575,1.9191491266807643,46,
SUI,BREAKOUT,SHORT,29042,29043,2025-10-30T12:30:00+00:00,2025-10-30T12:45:00+00:00,2.363,2.4149065126676432,2.2591869746647135,0.051906512667643234,2.0,2025-10-30T17:15:00+00:00,2.2591869746647135,TP,2.0,0.11576279657889321,1.8842372034211068,18,
FET,BREAKOUT,SHORT,29042,29043,2025-10-30T12:30:00+00:00,2025-10-30T12:45:00+00:00,0.2451,0.2513855083745427,0.23252898325091462,0.006285508374542698,2.0,2025-10-30T19:00:00+00:00,0.23252898325091462,TP,2.0,0.0987855939769333,1.9012144060230667,25,
AVAX,BREAKOUT,SHORT,29047,29048,2025-10-30T13:45:00+00:00,2025-10-30T14:00:00+00:00,18.47,18.887880699095607,17.634238601808782,0.4178806990956083,2.0,2025-10-30T19:45:00+00:00,17.634238601808782,TP,2.0,0.11231796607005504,1.887682033929945,23,
ETH,BREAKOUT,SHORT,29071,29072,2025-10-30T19:45:00+00:00,2025-10-30T20:00:00+00:00,3685.25,3751.731214785596,3552.287570428808,66.48121478559597,2.0,2025-10-30T20:45:00+00:00,3751.731214785596,SL,-1.0,0.14542567566493975,-1.1454256756649397,3,
DOGE,BREAKOUT,SHORT,29071,29072,2025-10-30T19:45:00+00:00,2025-10-30T20:00:00+00:00,0.17684,0.1806227262802003,0.1692745474395994,0.0037827262802002937,2.0,2025-10-30T23:15:00+00:00,0.1806227262802003,SL,-1.0,0.12284831355539015,-1.1228483135553902,13,
LINK,BREAKOUT,SHORT,29061,29062,2025-10-30T17:15:00+00:00,2025-10-30T17:30:00+00:00,16.678,17.088903729360553,15.856192541278897,0.41090372936055175,2.0,2025-10-31T04:00:00+00:00,17.088903729360553,SL,-1.0,0.10683031501437373,-1.1068303150143737,42,
ADA,BREAKOUT,SHORT,29047,29048,2025-10-30T13:45:00+00:00,2025-10-30T14:00:00+00:00,0.6101,0.6229299031396097,0.5844401937207805,0.012829903139609744,2.0,2025-10-31T14:00:00+00:00,0.6119,TIME,-0.14029724000354188,0.12382010859423538,-0.26411734859777725,96,
FET,BREAKOUT,SHORT,29332,29333,2025-11-02T13:00:00+00:00,2025-11-02T13:15:00+00:00,0.2538,0.2605169067735764,0.24036618645284724,0.006716906773576392,2.0,2025-11-02T21:45:00+00:00,0.24036618645284724,TP,2.0,0.09564164935501249,1.9043583506449875,34,
AVAX,BREAKOUT,SHORT,29337,29338,2025-11-02T14:15:00+00:00,2025-11-02T14:30:00+00:00,18.335,18.55913625821661,17.88672748356678,0.22413625821661043,2.0,2025-11-02T23:00:00+00:00,18.55913625821661,SL,-1.0,0.21398758736004977,-1.2139875873600499,34,
CRV,BREAKOUT,SHORT,29338,29339,2025-11-02T14:30:00+00:00,2025-11-02T14:45:00+00:00,0.461,0.47209123332020525,0.43881753335958956,0.01109123332020523,2.0,2025-11-02T23:00:00+00:00,0.47209123332020525,SL,-1.0,0.10936733258568052,-1.1093673325856805,33,
BTC,BREAKOUT,SHORT,29344,29345,2025-11-02T16:00:00+00:00,2025-11-02T16:15:00+00:00,109781.4,110429.43512185726,108485.32975628547,648.0351218572614,2.0,2025-11-02T23:00:00+00:00,110429.43512185726,SL,-1.0,0.44175705297878926,-1.4417570529787893,27,
XRP,BREAKOUT,SHORT,29344,29345,2025-11-02T16:00:00+00:00,2025-11-02T16:15:00+00:00,2.4883,2.5166617764726196,2.4315764470547614,0.028361776472619393,2.0,2025-11-02T23:00:00+00:00,2.5166617764726196,SL,-1.0,0.2294091244847009,-1.229409124484701,27,
SUI,BREAKOUT,SHORT,29386,29387,2025-11-03T02:30:00+00:00,2025-11-03T02:45:00+00:00,2.2663,2.3078924313856253,2.18311513722875,0.04159243138562507,2.0,2025-11-03T06:00:00+00:00,2.18311513722875,TP,2.0,0.13906952504816752,1.8609304749518325,13,
BNB,BREAKOUT,SHORT,29389,29390,2025-11-03T03:15:00+00:00,2025-11-03T03:30:00+00:00,1052.6,1064.853670361651,1028.0926592766978,12.253670361651075,2.0,2025-11-03T06:45:00+00:00,1028.0926592766978,TP,2.0,0.22074206153977569,1.7792579384602243,13,
UNI,BREAKOUT,SHORT,29400,29401,2025-11-03T06:00:00+00:00,2025-11-03T06:15:00+00:00,5.303,5.420976879963798,5.067046240072403,0.11797687996379835,2.0,2025-11-03T09:00:00+00:00,5.420976879963798,SL,-1.0,0.11816866108199196,-1.1181686610819919,11,
FET,BREAKOUT,SHORT,29389,29390,2025-11-03T03:15:00+00:00,2025-11-03T03:30:00+00:00,0.234,0.2400712291146321,0.22185754177073583,0.006071229114632093,2.0,2025-11-03T15:00:00+00:00,0.22185754177073583,TP,2.0,0.09761035090468137,1.9023896490953187,46,
CRV,BREAKOUT,SHORT,29389,29390,2025-11-03T03:15:00+00:00,2025-11-03T03:30:00+00:00,0.451,0.4638971732234631,0.4252056535530739,0.012897173223463065,2.0,2025-11-03T15:15:00+00:00,0.4252056535530739,TP,2.0,0.08831914791582066,1.9116808520841793,47,
XRP,BREAKOUT,SHORT,29389,29390,2025-11-03T03:15:00+00:00,2025-11-03T03:30:00+00:00,2.4404,2.4732904843919097,2.3746190312161803,0.03289048439190978,2.0,2025-11-03T15:15:00+00:00,2.3746190312161803,TP,2.0,0.1903141548782029,1.809685845121797,47,
BNB,BREAKOUT,SHORT,29420,29421,2025-11-03T11:00:00+00:00,2025-11-03T11:15:00+00:00,1011.02,1027.331039537867,978.3979209242661,16.311039537866918,2.0,2025-11-03T15:15:00+00:00,978.3979209242661,TP,2.0,0.15855784612608223,1.8414421538739179,16,
XRP,BREAKOUT,SHORT,29460,29461,2025-11-03T21:00:00+00:00,2025-11-03T21:15:00+00:00,2.285,2.338388159017023,2.178223681965955,0.05338815901702265,2.0,2025-11-04T00:30:00+00:00,2.338388159017023,SL,-1.0,0.11257935687210587,-1.1125793568721059,13,
SOL,BREAKOUT,SHORT,29460,29461,2025-11-03T21:00:00+00:00,2025-11-03T21:15:00+00:00,164.72,168.68075709487977,156.79848581024046,3.9607570948797672,2.0,2025-11-04T07:15:00+00:00,156.79848581024046,TP,2.0,0.10552882227835803,1.894471177721642,40,
UNI,BREAKOUT,SHORT,29494,29495,2025-11-04T05:30:00+00:00,2025-11-04T05:45:00+00:00,5.107,5.211348012145592,4.898303975708816,0.10434801214559197,2.0,2025-11-04T11:00:00+00:00,5.211348012145592,SL,-1.0,0.12854918977348162,-1.1285491897734816,21,
BNB,BREAKOUT,SHORT,29502,29503,2025-11-04T07:30:00+00:00,2025-11-04T07:45:00+00:00,943.4,964.3883764769685,901.423247046063,20.988376476968483,2.0,2025-11-04T14:45:00+00:00,964.3883764769685,SL,-1.0,0.11816659054794518,-1.1181665905479452,28,
BTC,BREAKOUT,SHORT,29538,29539,2025-11-04T16:30:00+00:00,2025-11-04T16:45:00+00:00,102628.0,103988.61089764597,99906.77820470807,1360.6108976459655,2.0,2025-11-04T20:15:00+00:00,99906.77820470807,TP,2.0,0.19351249657169114,1.8064875034283088,14,
SUI,BREAKOUT,SHORT,29539,29540,2025-11-04T16:45:00+00:00,2025-11-04T17:00:00+00:00,1.9865,2.048553878358885,1.8623922432822302,0.06205387835888487,2.0,2025-11-04T20:15:00+00:00,1.8623922432822302,TP,2.0,0.08063250917741373,1.9193674908225862,13,
XRP,BREAKOUT,SHORT,29540,29541,2025-11-04T17:00:00+00:00,2025-11-04T17:15:00+00:00,2.2069,2.264282155591397,2.0921356888172067,0.0573821555913967,2.0,2025-11-04T21:30:00+00:00,2.0921356888172067,TP,2.0,0.09739519782523279,1.9026048021747672,17,
ETH,BREAKOUT,SHORT,29602,29603,2025-11-05T08:30:00+00:00,2025-11-05T08:45:00+00:00,3294.55,3356.07205467665,3171.5058906467,61.52205467664999,2.0,2025-11-05T12:15:00+00:00,3356.07205467665,SL,-1.0,0.1405318583152111,-1.140531858315211,14,
AVAX,BREAKOUT,SHORT,29728,29729,2025-11-06T16:00:00+00:00,2025-11-06T16:15:00+00:00,15.818,16.139748151040813,15.174503697918373,0.3217481510408131,2.0,2025-11-06T18:45:00+00:00,16.139748151040813,SL,-1.0,0.12912295676590585,-1.1291229567659058,10,
ADA,BREAKOUT,SHORT,29723,29724,2025-11-06T14:45:00+00:00,2025-11-06T15:00:00+00:00,0.5268,0.5366508108623472,0.5070983782753057,0.009850810862347181,2.0,2025-11-07T00:30:00+00:00,0.5366508108623472,SL,-1.0,0.14034236099338146,-1.1403423609933814,38,
DOGE,BREAKOUT,SHORT,29723,29724,2025-11-06T14:45:00+00:00,2025-11-06T15:00:00+00:00,0.16058,0.16323332121296513,0.15527335757406974,0.002653321212965132,2.0,2025-11-07T00:45:00+00:00,0.16323332121296513,SL,-1.0,0.15865298009147852,-1.1586529800914784,39,
LINK,BREAKOUT,SHORT,29724,29725,2025-11-06T15:00:00+00:00,2025-11-06T15:15:00+00:00,14.62,14.938374870250609,13.98325025949878,0.31837487025060973,2.0,2025-11-07T03:00:00+00:00,14.938374870250609,SL,-1.0,0.12069384528081233,-1.1206938452808124,47,
ETH,BREAKOUT,SHORT,29723,29724,2025-11-06T14:45:00+00:00,2025-11-06T15:00:00+00:00,3327.99,3384.6758310215,3214.6183379569993,56.685831021500235,2.0,2025-11-07T12:15:00+00:00,3214.6183379569993,TP,2.0,0.15004438827258454,1.8499556117274154,85,
CRV,BREAKOUT,SHORT,29805,29806,2025-11-07T11:15:00+00:00,2025-11-07T11:30:00+00:00,0.428,0.438999716976351,0.406000566047298,0.010999716976350993,2.0,2025-11-07T14:30:00+00:00,0.438999716976351,SL,-1.0,0.10246623931256425,-1.1024662393125642,12,
DOGE,BREAKOUT,SHORT,29805,29806,2025-11-07T11:15:00+00:00,2025-11-07T11:30:00+00:00,0.16263,0.16535097630788506,0.15718804738422987,0.0027209763078850646,2.0,2025-11-07T14:45:00+00:00,0.16535097630788506,SL,-1.0,0.15669936851881652,-1.1566993685188165,13,
LINK,BREAKOUT,SHORT,29810,29811,2025-11-07T12:30:00+00:00,2025-11-07T12:45:00+00:00,14.423,14.72559653382893,13.817806932342139,0.3025965338289307,2.0,2025-11-07T14:45:00+00:00,14.72559653382893,SL,-1.0,0.12522673348069496,-1.125226733480695,8,
SOL,BREAKOUT,SHORT,29798,29799,2025-11-07T09:30:00+00:00,2025-11-07T09:45:00+00:00,154.34,156.92915869204666,149.1616826159067,2.5891586920466523,2.0,2025-11-07T16:15:00+00:00,156.92915869204666,SL,-1.0,0.15628625141543448,-1.1562862514154344,26,
BNB,BREAKOUT,SHORT,29804,29805,2025-11-07T11:00:00+00:00,2025-11-07T11:15:00+00:00,942.4,954.7512287058179,917.6975425883642,12.351228705817903,2.0,2025-11-07T16:15:00+00:00,954.7512287058179,SL,-1.0,0.19968026307826708,-1.199680263078267,20,
LINK,BREAKOUT,SHORT,29854,29855,2025-11-07T23:30:00+00:00,2025-11-07T23:45:00+00:00,15.822,16.15057504246474,15.164849915070516,0.3285750424647418,2.0,2025-11-08T16:00:00+00:00,15.164849915070516,TP,2.0,0.12259879687579826,1.8774012031242018,65,
CRV,BREAKOUT,SHORT,29919,29920,2025-11-08T15:45:00+00:00,2025-11-08T16:00:00+00:00,0.468,0.48124848920004204,0.441503021599916,0.013248489200042013,2.0,2025-11-09T00:00:00+00:00,0.48124848920004204,SL,-1.0,0.09314443460890177,-1.0931444346089019,32,
DOGE,BREAKOUT,SHORT,29912,29913,2025-11-08T14:00:00+00:00,2025-11-08T14:15:00+00:00,0.17503,0.17840099941255882,0.16828800117488232,0.003370999412558834,2.0,2025-11-09T14:15:00+00:00,0.17840099941255882,SL,-1.0,0.13629794699001824,-1.1362979469900183,96,
ADA,BREAKOUT,SHORT,30108,30109,2025-11-10T15:00:00+00:00,2025-11-10T15:15:00+00:00,0.5846,0.5951615233548271,0.5634769532903459,0.010561523354827074,2.0,2025-11-10T22:45:00+00:00,0.5951615233548271,SL,-1.0,0.14521484532440224,-1.1452148453244022,30,
AVAX,BREAKOUT,SHORT,30108,30109,2025-11-10T15:00:00+00:00,2025-11-10T15:15:00+00:00,17.922,18.248989222577936,17.26802155484413,0.32698922257793583,2.0,2025-11-10T22:45:00+00:00,18.248989222577936,SL,-1.0,0.14380377927637616,-1.1438037792763762,30,
ETH,BREAKOUT,SHORT,30107,30108,2025-11-10T14:45:00+00:00,2025-11-10T15:00:00+00:00,3540.0,3586.0742965701293,3447.8514068597415,46.07429657012926,2.0,2025-11-11T00:45:00+00:00,3586.0742965701293,SL,-1.0,0.2010643086311839,-1.2010643086311839,39,
SUI,BREAKOUT,SHORT,30107,30108,2025-11-10T14:45:00+00:00,2025-11-10T15:00:00+00:00,2.1486,2.195131206356894,2.055537587286212,0.04653120635689412,2.0,2025-11-11T01:15:00+00:00,2.195131206356894,SL,-1.0,0.12135620394091326,-1.1213562039409133,41,
SOL,BREAKOUT,SHORT,30108,30109,2025-11-10T15:00:00+00:00,2025-11-10T15:15:00+00:00,165.84,168.60547109451275,160.3090578109745,2.7654710945127476,2.0,2025-11-11T01:15:00+00:00,168.60547109451275,SL,-1.0,0.1572170156779277,-1.1572170156779278,40,
SOL,BREAKOUT,SHORT,30240,30241,2025-11-12T00:00:00+00:00,2025-11-12T00:15:00+00:00,154.01,156.50296834984238,149.02406330031522,2.4929683498423856,2.0,2025-11-12T08:15:00+00:00,156.50296834984238,SL,-1.0,0.16192217557848915,-1.1619221755784892,32,
BNB,BREAKOUT,SHORT,30224,30225,2025-11-11T20:00:00+00:00,2025-11-11T20:15:00+00:00,959.73,971.054169767912,937.0816604641761,11.32416976791194,2.0,2025-11-12T10:30:00+00:00,971.054169767912,SL,-1.0,0.22165151813695452,-1.2216515181369545,57,
AVAX,BREAKOUT,SHORT,30300,30301,2025-11-12T15:00:00+00:00,2025-11-12T15:15:00+00:00,17.318,17.624067730380077,16.70586453923985,0.3060677303800752,2.0,2025-11-12T16:00:00+00:00,16.70586453923985,TP,2.0,0.14451384288727753,1.8554861571127224,3,
SUI,BREAKOUT,SHORT,30300,30301,2025-11-12T15:00:00+00:00,2025-11-12T15:15:00+00:00,2.0382,2.078078914377552,1.9584421712448954,0.0398789143775522,2.0,2025-11-12T17:15:00+00:00,1.9584421712448954,TP,2.0,0.13028526236769827,1.8697147376323018,8,
DOGE,BREAKOUT,SHORT,30303,30304,2025-11-12T15:45:00+00:00,2025-11-12T16:00:00+00:00,0.17128,0.174688011248846,0.16446397750230796,0.0034080112488460157,2.0,2025-11-13T03:30:00+00:00,0.174688011248846,SL,-1.0,0.13197093019449166,-1.1319709301944916,46,
ETH,BREAKOUT,SHORT,30303,30304,2025-11-12T15:45:00+00:00,2025-11-12T16:00:00+00:00,3426.33,3494.0245114935124,3290.940977012975,67.69451149351244,2.0,2025-11-13T05:30:00+00:00,3494.0245114935124,SL,-1.0,0.13289793613184947,-1.1328979361318494,54,
ADA,BREAKOUT,SHORT,30303,30304,2025-11-12T15:45:00+00:00,2025-11-12T16:00:00+00:00,0.5578,0.5691121367132108,0.5351757265735783,0.011312136713210852,2.0,2025-11-13T06:00:00+00:00,0.5691121367132108,SL,-1.0,0.1295056641258847,-1.1295056641258847,56,
BTC,BREAKOUT,SHORT,30302,30303,2025-11-12T15:30:00+00:00,2025-11-12T15:45:00+00:00,102741.7,103870.58437680651,100483.93124638697,1128.8843768065126,2.0,2025-11-13T07:15:00+00:00,103870.58437680651,SL,-1.0,0.23793045169929303,-1.237930451699293,62,
UNI,BREAKOUT,LONG,30396,30397,2025-11-13T15:00:00+00:00,2025-11-13T15:15:00+00:00,8.071,7.78334842596728,8.646303148065439,0.28765157403271946,2.0,2025-11-13T16:45:00+00:00,7.78334842596728,SL,-1.0,0.07165145201469703,-1.071651452014697,6,
DOGE,BREAKOUT,SHORT,30402,30403,2025-11-13T16:30:00+00:00,2025-11-13T16:45:00+00:00,0.17087,0.1745874831909813,0.16343503361803738,0.0037174831909813078,2.0,2025-11-13T18:15:00+00:00,0.16343503361803738,TP,2.0,0.11690612206607656,1.8830938779339235,6,
SUI,BREAKOUT,SHORT,30402,30403,2025-11-13T16:30:00+00:00,2025-11-13T16:45:00+00:00,1.97,2.0211858498028588,1.8676283003942824,0.051185849802858785,2.0,2025-11-13T18:15:00+00:00,1.8676283003942824,TP,2.0,0.09746671804272615,1.9025332819572738,6,
BTC,BREAKOUT,SHORT,30400,30401,2025-11-13T16:00:00+00:00,2025-11-13T16:15:00+00:00,101146.9,102556.82056667237,98327.05886665525,1409.920566672372,2.0,2025-11-13T18:30:00+00:00,98327.05886665525,TP,2.0,0.1839225220600034,1.8160774779399966,9,
SOL,BREAKOUT,SHORT,30402,30403,2025-11-13T16:30:00+00:00,2025-11-13T16:45:00+00:00,151.38,154.64145135378044,144.8570972924391,3.261451353780444,2.0,2025-11-13T18:30:00+00:00,144.8570972924391,TP,2.0,0.11807878907461875,1.8819212109253813,7,
ETH,BREAKOUT,SHORT,30403,30404,2025-11-13T16:45:00+00:00,2025-11-13T17:00:00+00:00,3326.74,3404.629364723127,3170.9612705537456,77.88936472312707,2.0,2025-11-13T20:00:00+00:00,3170.9612705537456,TP,2.0,0.10844884512470243,1.8915511548752977,12,
ADA,BREAKOUT,SHORT,30408,30409,2025-11-13T18:00:00+00:00,2025-11-13T18:15:00+00:00,0.5271,0.5407598957583124,0.49978020848337523,0.01365989575831239,2.0,2025-11-14T12:30:00+00:00,0.49978020848337523,TP,2.0,0.0977272663457948,1.9022727336542051,73,
SOL,BREAKOUT,SHORT,30482,30483,2025-11-14T12:30:00+00:00,2025-11-14T12:45:00+00:00,136.31,139.9177133680615,129.094573263877,3.6077133680614963,2.0,2025-11-14T14:30:00+00:00,139.9177133680615,SL,-1.0,0.09953563122766321,-1.0995356312276632,7,
UNI,BREAKOUT,LONG,30648,30649,2025-11-16T06:00:00+00:00,2025-11-16T06:15:00+00:00,7.812,7.623119422934148,8.189761154131705,0.18888057706585215,2.0,2025-11-16T07:00:00+00:00,7.623119422934148,SL,-1.0,0.10623461428126946,-1.1062346142812696,3,
BTC,BREAKOUT,SHORT,30678,30679,2025-11-16T13:30:00+00:00,2025-11-16T13:45:00+00:00,95180.0,95886.84125420531,93766.31749158938,706.841254205312,2.0,2025-11-16T17:45:00+00:00,93766.31749158938,TP,2.0,0.3475040700832091,1.652495929916791,16,
BNB,BREAKOUT,SHORT,30688,30689,2025-11-16T16:00:00+00:00,2025-11-16T16:15:00+00:00,918.74,930.5335507015737,895.1528985968525,11.793550701573736,2.0,2025-11-16T18:00:00+00:00,930.5335507015737,SL,-1.0,0.20384493836883644,-1.2038449383688365,7,
XRP,BREAKOUT,SHORT,30688,30689,2025-11-16T16:00:00+00:00,2025-11-16T16:15:00+00:00,2.1792,2.213303376745713,2.1109932465085732,0.03410337674571329,2.0,2025-11-16T18:00:00+00:00,2.213303376745713,SL,-1.0,0.16743955979336247,-1.1674395597933624,7,
FET,BREAKOUT,SHORT,30694,30695,2025-11-16T17:30:00+00:00,2025-11-16T17:45:00+00:00,0.2654,0.27285369100699913,0.2504926179860018,0.007453691006999108,2.0,2025-11-16T18:00:00+00:00,0.27285369100699913,SL,-1.0,0.09387695272745328,-1.0938769527274532,1,
SUI,BREAKOUT,SHORT,30678,30679,2025-11-16T13:30:00+00:00,2025-11-16T13:45:00+00:00,1.6803,1.7134777490975204,1.613944501804959,0.03317774909752047,2.0,2025-11-17T04:15:00+00:00,1.7134777490975204,SL,-1.0,0.13297801067994994,-1.1329780106799499,58,
CRV,BREAKOUT,SHORT,30687,30688,2025-11-16T15:45:00+00:00,2025-11-16T16:00:00+00:00,0.419,0.42939044282605354,0.39821911434789287,0.010390442826053559,2.0,2025-11-17T07:00:00+00:00,0.42939044282605354,SL,-1.0,0.10614634949998276,-1.1061463494999828,60,
SOL,BREAKOUT,SHORT,30773,30774,2025-11-17T13:15:00+00:00,2025-11-17T13:30:00+00:00,140.52,142.33069073376794,136.89861853246416,1.8106907337679274,2.0,2025-11-17T14:00:00+00:00,136.89861853246416,TP,2.0,0.1991749321772508,1.8008250678227493,2,
ADA,BREAKOUT,SHORT,30774,30775,2025-11-17T13:30:00+00:00,2025-11-17T13:45:00+00:00,0.4814,0.48884113567539017,0.46651772864921964,0.007441135675390176,2.0,2025-11-17T14:30:00+00:00,0.48884113567539017,SL,-1.0,0.16950550714315127,-1.1695055071431513,3,
AVAX,BREAKOUT,SHORT,30774,30775,2025-11-17T13:30:00+00:00,2025-11-17T13:45:00+00:00,15.247,15.47294732417641,14.79510535164718,0.22594732417640984,2.0,2025-11-17T14:30:00+00:00,15.47294732417641,SL,-1.0,0.17674885802254112,-1.1767488580225411,3,
BNB,BREAKOUT,SHORT,30774,30775,2025-11-17T13:30:00+00:00,2025-11-17T13:45:00+00:00,912.46,922.230836893571,892.9183262128581,9.770836893570959,2.0,2025-11-17T14:30:00+00:00,922.230836893571,SL,-1.0,0.24410376653928134,-1.2441037665392813,3,
CRV,BREAKOUT,SHORT,30774,30775,2025-11-17T13:30:00+00:00,2025-11-17T13:45:00+00:00,0.417,0.42581621286958016,0.39936757426083963,0.008816212869580176,2.0,2025-11-17T14:30:00+00:00,0.42581621286958016,SL,-1.0,0.12427797433419156,-1.1242779743341915,3,
LINK,BREAKOUT,SHORT,30776,30777,2025-11-17T14:00:00+00:00,2025-11-17T14:15:00+00:00,13.709,13.964819365417355,13.197361269165288,0.2558193654173557,2.0,2025-11-17T14:30:00+00:00,13.964819365417355,SL,-1.0,0.140630343275028,-1.140630343275028,1,
BTC,BREAKOUT,SHORT,30791,30792,2025-11-17T17:45:00+00:00,2025-11-17T18:00:00+00:00,92724.0,94252.31671148443,89667.36657703115,1528.3167114844255,2.0,2025-11-18T03:30:00+00:00,89667.36657703115,TP,2.0,0.15514374394286456,1.8448562560571355,38,
ETH,BREAKOUT,SHORT,30798,30799,2025-11-17T19:30:00+00:00,2025-11-17T19:45:00+00:00,2987.93,3068.8119276818607,2826.166144636278,80.88192768186082,2.0,2025-11-18T10:30:00+00:00,3068.8119276818607,SL,-1.0,0.09734887300110984,-1.0973488730011098,59,
AVAX,BREAKOUT,SHORT,30799,30800,2025-11-17T19:45:00+00:00,2025-11-17T20:00:00+00:00,14.366,14.82968801906524,13.43862396186952,0.4636880190652395,2.0,2025-11-18T16:15:00+00:00,14.82968801906524,SL,-1.0,0.0818532997710358,-1.0818532997710357,81,
ADA,BREAKOUT,SHORT,30980,30981,2025-11-19T17:00:00+00:00,2025-11-19T17:15:00+00:00,0.444,0.4558877293501475,0.42022454129970505,0.01188772935014748,2.0,2025-11-19T21:15:00+00:00,0.4558877293501475,SL,-1.0,0.09840853654198296,-1.098408536541983,16,
SOL,BREAKOUT,SHORT,30978,30979,2025-11-19T16:30:00+00:00,2025-11-19T16:45:00+00:00,133.6,136.47926223631754,127.8414755273649,2.879262236317544,2.0,2025-11-19T23:00:00+00:00,136.47926223631754,SL,-1.0,0.12194201572839675,-1.1219420157283968,25,
BNB,BREAKOUT,SHORT,30978,30979,2025-11-19T16:30:00+00:00,2025-11-19T16:45:00+00:00,888.66,903.6957746849549,858.58845063009,15.035774684954959,2.0,2025-11-20T00:15:00+00:00,903.6957746849549,SL,-1.0,0.15496790527341037,-1.1549679052734103,30,
DOGE,BREAKOUT,SHORT,30979,30980,2025-11-19T16:45:00+00:00,2025-11-19T17:00:00+00:00,0.15217,0.15541653839989117,0.14567692320021766,0.003246538399891169,2.0,2025-11-20T01:00:00+00:00,0.15541653839989117,SL,-1.0,0.12316580020530875,-1.1231658002053087,32,
AVAX,BREAKOUT,SHORT,30976,30977,2025-11-19T16:00:00+00:00,2025-11-19T16:15:00+00:00,14.078,14.411332363245654,13.41133527350869,0.3333323632456544,2.0,2025-11-20T04:45:00+00:00,14.411332363245654,SL,-1.0,0.11110871957225768,-1.1111087195722578,50,
ETH,BREAKOUT,SHORT,31072,31073,2025-11-20T16:00:00+00:00,2025-11-20T16:15:00+00:00,2897.5,2973.0302745964095,2746.439450807181,75.53027459640953,2.0,2025-11-21T07:30:00+00:00,2746.439450807181,TP,2.0,0.09714146182116647,1.9028585381788334,61,
LINK,BREAKOUT,SHORT,31072,31073,2025-11-20T16:00:00+00:00,2025-11-20T16:15:00+00:00,13.074,13.425372138133088,12.371255723733823,0.35137213813308854,2.0,2025-11-21T07:30:00+00:00,12.371255723733823,TP,2.0,0.09414187652045639,1.9058581234795435,61,
SOL,BREAKOUT,SHORT,31072,31073,2025-11-20T16:00:00+00:00,2025-11-20T16:15:00+00:00,134.1,137.91833235403215,126.46333529193569,3.818332354032151,2.0,2025-11-21T07:30:00+00:00,126.46333529193569,TP,2.0,0.08871211420918239,1.9112878857908175,61,
XRP,BREAKOUT,SHORT,31072,31073,2025-11-20T16:00:00+00:00,2025-11-20T16:15:00+00:00,2.0374,2.0866563535995644,1.938887292800871,0.049256353599564484,2.0,2025-11-21T07:30:00+00:00,1.938887292800871,TP,2.0,0.10494429861098847,1.8950557013890115,61,
AVAX,BREAKOUT,SHORT,31074,31075,2025-11-20T16:30:00+00:00,2025-11-20T16:45:00+00:00,13.725,14.035095557749138,13.104808884501724,0.310095557749138,2.0,2025-11-21T07:30:00+00:00,13.104808884501724,TP,2.0,0.1124774305153657,1.8875225694846343,59,
BNB,BREAKOUT,SHORT,31133,31134,2025-11-21T07:15:00+00:00,2025-11-21T07:30:00+00:00,848.13,861.476936363727,821.4361272725461,13.346936363726968,2.0,2025-11-21T07:30:00+00:00,821.4361272725461,TP,2.0,0.16261679132245763,1.8373832086775423,0,True
ADA,BREAKOUT,SHORT,31392,31393,2025-11-24T00:00:00+00:00,2025-11-24T00:15:00+00:00,0.4055,0.41210042289623294,0.3922991542075342,0.006600422896232916,2.0,2025-11-24T02:00:00+00:00,0.41210042289623294,SL,-1.0,0.1610321893725514,-1.1610321893725515,7,
UNI,BREAKOUT,SHORT,31392,31393,2025-11-24T00:00:00+00:00,2025-11-24T00:15:00+00:00,6.089,6.221168044007056,5.824663911985889,0.13216804400705584,2.0,2025-11-24T02:00:00+00:00,6.221168044007056,SL,-1.0,0.12108235827682248,-1.1210823582768226,7,
XRP,BREAKOUT,SHORT,31430,31431,2025-11-24T09:30:00+00:00,2025-11-24T09:45:00+00:00,2.0416,2.0806075367651236,1.9635849264697525,0.039007536765123696,2.0,2025-11-24T13:00:00+00:00,2.0806075367651236,SL,-1.0,0.13738036908257123,-1.1373803690825712,13,
SUI,BREAKOUT,SHORT,31430,31431,2025-11-24T09:30:00+00:00,2025-11-24T09:45:00+00:00,1.355,1.3867456975657375,1.291508604868525,0.03174569756573753,2.0,2025-11-24T14:30:00+00:00,1.3867456975657375,SL,-1.0,0.11227566820526573,-1.1122756682052657,19,
BNB,BREAKOUT,SHORT,31449,31450,2025-11-24T14:15:00+00:00,2025-11-24T14:30:00+00:00,833.93,843.2424947500533,815.3050104998932,9.31249475005336,2.0,2025-11-24T14:30:00+00:00,843.2424947500533,SL,-1.0,0.234128909781407,-1.234128909781407,0,True
LINK,BREAKOUT,SHORT,31430,31431,2025-11-24T09:30:00+00:00,2025-11-24T09:45:00+00:00,12.393,12.640282696521584,11.898434606956833,0.24728269652158374,2.0,2025-11-24T15:30:00+00:00,12.640282696521584,SL,-1.0,0.13160349657800485,-1.1316034965780049,23,
UNI,BREAKOUT,SHORT,31547,31548,2025-11-25T14:45:00+00:00,2025-11-25T15:00:00+00:00,5.959,6.089721692412862,5.697556615174275,0.13072169241286247,2.0,2025-11-25T17:30:00+00:00,6.089721692412862,SL,-1.0,0.11982202732402442,-1.1198220273240245,10,
SUI,BREAKOUT,SHORT,31520,31521,2025-11-25T08:00:00+00:00,2025-11-25T08:15:00+00:00,1.5213,1.5510347696278728,1.4618304607442547,0.029734769627872693,2.0,2025-11-25T19:15:00+00:00,1.4618304607442547,TP,2.0,0.13042204959046724,1.8695779504095327,44,
UNI,BREAKOUT,SHORT,31845,31846,2025-11-28T17:15:00+00:00,2025-11-28T17:30:00+00:00,6.08,6.206781395974478,5.826437208051043,0.12678139597447835,2.0,2025-11-28T19:30:00+00:00,6.206781395974478,SL,-1.0,0.1259870637327753,-1.1259870637327754,8,
FET,BREAKOUT,SHORT,31909,31910,2025-11-29T09:15:00+00:00,2025-11-29T09:30:00+00:00,0.2657,0.27077141170343094,0.2555571765931381,0.00507141170343095,2.0,2025-11-30T03:00:00+00:00,0.2555571765931381,TP,2.0,0.13361848124313022,1.8663815187568698,70,
DOGE,BREAKOUT,SHORT,32061,32062,2025-11-30T23:15:00+00:00,2025-11-30T23:30:00+00:00,0.147,0.1487472429395952,0.14350551412080956,0.0017472429395952171,2.0,2025-12-01T00:00:00+00:00,0.14350551412080956,TP,2.0,0.21614462408103596,1.783855375918964,2,
ADA,BREAKOUT,SHORT,32063,32064,2025-11-30T23:45:00+00:00,2025-12-01T00:00:00+00:00,0.4139,0.4197071906973369,0.40228561860532613,0.005807190697336928,2.0,2025-12-01T00:00:00+00:00,0.40228561860532613,TP,2.0,0.1827116345040121,1.817288365495988,0,True
SUI,BREAKOUT,SHORT,32063,32064,2025-11-30T23:45:00+00:00,2025-12-01T00:00:00+00:00,1.496,1.5198506868920936,1.4482986262158128,0.023850686892093576,2.0,2025-12-01T00:00:00+00:00,1.4482986262158128,TP,2.0,0.1604812570555102,1.83951874294449,0,True
UNI,BREAKOUT,SHORT,32063,32064,2025-11-30T23:45:00+00:00,2025-12-01T00:00:00+00:00,6.036,6.11586097726297,5.876278045474059,0.07986097726297015,2.0,2025-12-01T00:00:00+00:00,5.876278045474059,TP,2.0,0.19391149457291693,1.806088505427083,0,True
FET,BREAKOUT,SHORT,32114,32115,2025-12-01T12:30:00+00:00,2025-12-01T12:45:00+00:00,0.226,0.23056903346875324,0.21686193306249354,0.004569033468753231,2.0,2025-12-01T13:00:00+00:00,0.23056903346875324,SL,-1.0,0.12990487978879714,-1.1299048797887972,1,
BTC,BREAKOUT,SHORT,32113,32114,2025-12-01T12:15:00+00:00,2025-12-01T12:30:00+00:00,85807.1,86436.93333832636,84547.4333233473,629.8333383263525,2.0,2025-12-01T14:30:00+00:00,86436.93333832636,SL,-1.0,0.3555182454057394,-1.3555182454057393,8,
AVAX,BREAKOUT,SHORT,32067,32068,2025-12-01T00:45:00+00:00,2025-12-01T01:00:00+00:00,13.108,13.387814830004874,12.548370339990253,0.2798148300048737,2.0,2025-12-01T16:15:00+00:00,12.548370339990253,TP,2.0,0.1191976902775539,1.880802309722446,61,
SOL,BREAKOUT,SHORT,32125,32126,2025-12-01T15:15:00+00:00,2025-12-01T15:30:00+00:00,124.54,126.59117573955041,120.4376485208992,2.051175739550402,2.0,2025-12-01T22:00:00+00:00,126.59117573955041,SL,-1.0,0.15916263154173946,-1.1591626315417394,26,
SUI,BREAKOUT,SHORT,32125,32126,2025-12-01T15:15:00+00:00,2025-12-01T15:30:00+00:00,1.325,1.351618444645648,1.2717631107087037,0.02661844464564811,2.0,2025-12-01T22:00:00+00:00,1.351618444645648,SL,-1.0,0.13072153630164218,-1.130721536301642,26,
ADA,BREAKOUT,SHORT,32113,32114,2025-12-01T12:15:00+00:00,2025-12-01T12:30:00+00:00,0.3795,0.38429435945502594,0.36991128108994814,0.004794359455025932,2.0,2025-12-01T22:45:00+00:00,0.38429435945502594,SL,-1.0,0.20710434346983336,-1.2071043434698334,41,
UNI,BREAKOUT,SHORT,32067,32068,2025-12-01T00:45:00+00:00,2025-12-01T01:00:00+00:00,5.623,5.773726894304657,5.321546211390687,0.1507268943046567,2.0,2025-12-02T01:00:00+00:00,5.569,TIME,0.35826386690389034,0.09652955477601513,0.26173431212787523,96,
CRV,BREAKOUT,SHORT,32313,32314,2025-12-03T14:15:00+00:00,2025-12-03T14:30:00+00:00,0.387,0.39736799177194676,0.3662640164561065,0.01036799177194675,2.0,2025-12-03T14:30:00+00:00,0.39736799177194676,SL,-1.0,0.09834868812902914,-1.0983486881290292,0,True
FET,BREAKOUT,SHORT,32408,32409,2025-12-04T14:00:00+00:00,2025-12-04T14:15:00+00:00,0.2526,0.2581548076699641,0.24149038466007172,0.005554807669964135,2.0,2025-12-05T11:30:00+00:00,0.24149038466007172,TP,2.0,0.11563271641810785,1.884367283581892,85,
UNI,BREAKOUT,SHORT,32507,32508,2025-12-05T14:45:00+00:00,2025-12-05T15:00:00+00:00,5.713,5.802332729365675,5.53433454126865,0.08933272936567516,2.0,2025-12-05T15:00:00+00:00,5.802332729365675,SL,-1.0,0.16757500475438694,-1.167575004754387,0,True
DOGE,BREAKOUT,SHORT,32503,32504,2025-12-05T13:45:00+00:00,2025-12-05T14:00:00+00:00,0.14309,0.14463182732607965,0.14000634534784068,0.0015418273260796589,2.0,2025-12-05T16:30:00+00:00,0.14000634534784068,TP,2.0,0.23869420571754657,1.7613057942824535,10,
FET,BREAKOUT,SHORT,32513,32514,2025-12-05T16:15:00+00:00,2025-12-05T16:30:00+00:00,0.2338,0.24019046383902987,0.2210190723219403,0.0063904638390298585,2.0,2025-12-06T16:30:00+00:00,0.2362,TIME,-0.375559593239844,0.09561121311231084,-0.47117080635215486,96,
FET,BREAKOUT,SHORT,32697,32698,2025-12-07T14:15:00+00:00,2025-12-07T14:30:00+00:00,0.2256,0.2297242303858743,0.21735153922825137,0.004124230385874311,2.0,2025-12-07T15:00:00+00:00,0.2297242303858743,SL,-1.0,0.14352289860648823,-1.1435228986064883,2,
DOGE,BREAKOUT,SHORT,32697,32698,2025-12-07T14:15:00+00:00,2025-12-07T14:30:00+00:00,0.13558,0.1372564251731478,0.13222714965370444,0.001676425173147783,2.0,2025-12-07T15:30:00+00:00,0.1372564251731478,SL,-1.0,0.21157362607428773,-1.2115736260742878,4,
CRV,BREAKOUT,SHORT,32698,32699,2025-12-07T14:30:00+00:00,2025-12-07T14:45:00+00:00,0.376,0.38538158276367157,0.35723683447265686,0.00938158276367157,2.0,2025-12-07T15:45:00+00:00,0.38538158276367157,SL,-1.0,0.10550416518474622,-1.1055041651847461,4,
FET,BREAKOUT,SHORT,32797,32798,2025-12-08T15:15:00+00:00,2025-12-08T15:30:00+00:00,0.2355,0.24109548648455037,0.22430902703089922,0.005595486484550383,2.0,2025-12-08T16:30:00+00:00,0.24109548648455037,SL,-1.0,0.1107274826131048,-1.1107274826131048,4,
AVAX,BREAKOUT,SHORT,32797,32798,2025-12-08T15:15:00+00:00,2025-12-08T15:30:00+00:00,13.564,13.760865836429591,13.170268327140818,0.1968658364295912,2.0,2025-12-09T04:15:00+00:00,13.760865836429591,SL,-1.0,0.1804392586931302,-1.1804392586931303,51,
CRV,BREAKOUT,SHORT,32838,32839,2025-12-09T01:30:00+00:00,2025-12-09T01:45:00+00:00,0.387,0.3952420406450276,0.3705159187099448,0.008242040645027593,2.0,2025-12-09T12:45:00+00:00,0.3952420406450276,SL,-1.0,0.12338141688879423,-1.1233814168887943,44,
DOGE,BREAKOUT,SHORT,32835,32836,2025-12-09T00:45:00+00:00,2025-12-09T01:00:00+00:00,0.14164,0.14328881827117404,0.13834236345765188,0.0016488182711740518,2.0,2025-12-09T15:00:00+00:00,0.14328881827117404,SL,-1.0,0.22465026633212598,-1.224650266332126,56,
UNI,BREAKOUT,SHORT,32836,32837,2025-12-09T01:00:00+00:00,2025-12-09T01:15:00+00:00,5.546,5.625408214393223,5.387183571213554,0.0794082143932231,2.0,2025-12-09T15:30:00+00:00,5.625408214393223,SL,-1.0,0.1828882665311589,-1.1828882665311589,57,
UNI,BREAKOUT,SHORT,33026,33027,2025-12-11T00:30:00+00:00,2025-12-11T00:45:00+00:00,5.526,5.663216997319295,5.2515660053614095,0.13721699731929515,2.0,2025-12-12T00:45:00+00:00,5.471,TIME,0.40082497849751253,0.10418607227451489,0.29663890622299766,96,
DOGE,BREAKOUT,SHORT,33181,33182,2025-12-12T15:15:00+00:00,2025-12-12T15:30:00+00:00,0.13791,0.13957826840854326,0.1345734631829135,0.0016682684085432553,2.0,2025-12-12T16:15:00+00:00,0.1345734631829135,TP,2.0,0.21233303964983824,1.7876669603501618,3,
XRP,BREAKOUT,SHORT,33183,33184,2025-12-12T15:45:00+00:00,2025-12-12T16:00:00+00:00,1.9768,2.0033606009085916,1.9236787981828165,0.02656060090859169,2.0,2025-12-12T18:00:00+00:00,2.0033606009085916,SL,-1.0,0.19480767016485087,-1.194807670164851,8,
FET,BREAKOUT,SHORT,33183,33184,2025-12-12T15:45:00+00:00,2025-12-12T16:00:00+00:00,0.232,0.2380280268478851,0.21994394630422984,0.006028026847885087,2.0,2025-12-12T21:45:00+00:00,0.2380280268478851,SL,-1.0,0.10136591132082146,-1.1013659113208214,23,
CRV,BREAKOUT,SHORT,33183,33184,2025-12-12T15:45:00+00:00,2025-12-12T16:00:00+00:00,0.385,0.39568395089866715,0.36363209820266573,0.010683950898667138,2.0,2025-12-12T22:30:00+00:00,0.39568395089866715,SL,-1.0,0.09499193189804703,-1.094991931898047,26,
BNB,BREAKOUT,SHORT,33183,33184,2025-12-12T15:45:00+00:00,2025-12-12T16:00:00+00:00,874.44,883.2485606390782,856.8228787218438,8.80856063907811,2.0,2025-12-13T00:00:00+00:00,883.2485606390782,SL,-1.0,0.2594061870555444,-1.2594061870555444,32,
BTC,BREAKOUT,SHORT,33357,33358,2025-12-14T11:15:00+00:00,2025-12-14T11:30:00+00:00,89468.8,89835.24139955026,88735.9172008995,366.4413995502546,2.0,2025-12-14T11:30:00+00:00,88735.9172008995,TP,2.0,0.6322051292389471,1.367794870761053,0,True
SOL,BREAKOUT,SHORT,33353,33354,2025-12-14T10:15:00+00:00,2025-12-14T10:30:00+00:00,131.51,132.61244017161022,129.30511965677954,1.1024401716102261,2.0,2025-12-14T17:00:00+00:00,129.30511965677954,TP,2.0,0.3075537922920409,1.6924462077079592,26,
DOGE,BREAKOUT,SHORT,33372,33373,2025-12-14T15:00:00+00:00,2025-12-14T15:15:00+00:00,0.13508,0.13645801856828904,0.13232396286342193,0.0013780185682890356,2.0,2025-12-15T01:30:00+00:00,0.13645801856828904,SL,-1.0,0.25616449027756144,-1.2561644902775615,41,
AVAX,BREAKOUT,SHORT,33381,33382,2025-12-14T17:15:00+00:00,2025-12-14T17:30:00+00:00,12.931,13.10130329551258,12.590393408974839,0.17030329551258028,2.0,2025-12-15T01:30:00+00:00,13.10130329551258,SL,-1.0,0.19871602708748784,-1.198716027087488,32,
LINK,BREAKOUT,SHORT,33381,33382,2025-12-14T17:15:00+00:00,2025-12-14T17:30:00+00:00,13.373,13.564984915341789,12.98903016931642,0.19198491534178963,2.0,2025-12-15T02:00:00+00:00,13.564984915341789,SL,-1.0,0.18240693716795156,-1.1824069371679515,34,
CRV,BREAKOUT,SHORT,33371,33372,2025-12-14T14:45:00+00:00,2025-12-14T15:00:00+00:00,0.382,0.38859650051416916,0.3688069989716617,0.006596500514169157,2.0,2025-12-15T14:45:00+00:00,0.3688069989716617,TP,2.0,0.14796468166213667,1.8520353183378633,95,
BTC,BREAKOUT,SHORT,33467,33468,2025-12-15T14:45:00+00:00,2025-12-15T15:00:00+00:00,88004.3,88855.88863081824,86301.12273836353,851.588630818238,2.0,2025-12-15T16:30:00+00:00,86301.12273836353,TP,2.0,0.2660874527436442,1.733912547256356,6,
SOL,BREAKOUT,SHORT,33469,33470,2025-12-15T15:15:00+00:00,2025-12-15T15:30:00+00:00,127.49,130.5039455884666,121.4621088230668,3.0139455884665978,2.0,2025-12-16T15:30:00+00:00,128.29,TIME,-0.2654327944941476,0.11032515028553411,-0.3757579447796817,96,
FET,BREAKOUT,SHORT,33477,33478,2025-12-15T17:15:00+00:00,2025-12-15T17:30:00+00:00,0.2227,0.22931043635773285,0.20947912728453433,0.006610436357732841,2.0,2025-12-16T15:45:00+00:00,0.22931043635773285,SL,-1.0,0.08889179707140915,-1.0888917970714092,89,
ETH,BREAKOUT,SHORT,33665,33666,2025-12-17T16:15:00+00:00,2025-12-17T16:30:00+00:00,2847.04,2923.4599471639954,2694.200105672009,76.4199471639954,2.0,2025-12-18T13:30:00+00:00,2923.4599471639954,SL,-1.0,0.09816350586077781,-1.0981635058607777,84,
AVAX,BREAKOUT,SHORT,33665,33666,2025-12-17T16:15:00+00:00,2025-12-17T16:30:00+00:00,11.882,12.19056802045134,11.26486395909732,0.30856802045133946,2.0,2025-12-18T13:45:00+00:00,12.19056802045134,SL,-1.0,0.10141795763803653,-1.1014179576380365,85,
LINK,BREAKOUT,SHORT,33665,33666,2025-12-17T16:15:00+00:00,2025-12-17T16:30:00+00:00,12.295,12.673849863317763,11.537300273364474,0.3788498633177628,2.0,2025-12-18T13:45:00+00:00,12.673849863317763,SL,-1.0,0.08567907227958393,-1.085679072279584,85,
SOL,BREAKOUT,SHORT,33665,33666,2025-12-17T16:15:00+00:00,2025-12-17T16:30:00+00:00,125.25,128.84253915560433,118.06492168879134,3.592539155604328,2.0,2025-12-18T15:30:00+00:00,128.84253915560433,SL,-1.0,0.09194619365163745,-1.0919461936516375,92,
BNB,BREAKOUT,SHORT,33664,33665,2025-12-17T16:00:00+00:00,2025-12-17T16:15:00+00:00,850.81,864.0336111866819,824.362777626636,13.223611186681978,2.0,2025-12-18T16:15:00+00:00,845.67,TIME,0.3886986638851484,0.1667792533268953,0.2219194105582531,96,
ADA,BREAKOUT,SHORT,33775,33776,2025-12-18T19:45:00+00:00,2025-12-18T20:00:00+00:00,0.3474,0.35784979408942846,0.32650041182114303,0.010449794089428477,2.0,2025-12-19T03:15:00+00:00,0.35784979408942846,SL,-1.0,0.08773615292991867,-1.0877361529299188,29,
AVAX,BREAKOUT,SHORT,33775,33776,2025-12-18T19:45:00+00:00,2025-12-18T20:00:00+00:00,11.293,11.643780516900316,10.591438966199366,0.35078051690031664,2.0,2025-12-19T03:15:00+00:00,11.643780516900316,SL,-1.0,0.08500419275122942,-1.0850041927512295,29,
CRV,BREAKOUT,SHORT,33775,33776,2025-12-18T19:45:00+00:00,2025-12-18T20:00:00+00:00,0.332,0.34517917922488495,0.30564164155023016,0.01317917922488493,2.0,2025-12-19T03:15:00+00:00,0.34517917922488495,SL,-1.0,0.06679725026654965,-1.0667972502665497,29,
SOL,BREAKOUT,SHORT,33863,33864,2025-12-19T17:45:00+00:00,2025-12-19T18:00:00+00:00,123.62,126.2155090053881,118.42898198922381,2.595509005388095,2.0,2025-12-19T19:30:00+00:00,126.2155090053881,SL,-1.0,0.12513389898966684,-1.1251338989896669,6,
SOL,BREAKOUT,SHORT,34037,34038,2025-12-21T13:15:00+00:00,2025-12-21T13:30:00+00:00,124.27,125.4310115676919,121.9479768646162,1.1610115676919008,2.0,2025-12-21T16:15:00+00:00,125.4310115676919,SL,-1.0,0.2795935235023791,-1.279593523502379,11,
AVAX,BREAKOUT,SHORT,34038,34039,2025-12-21T13:30:00+00:00,2025-12-21T13:45:00+00:00,12.023,12.15908825734026,11.75082348531948,0.1360882573402602,2.0,2025-12-21T17:00:00+00:00,12.15908825734026,SL,-1.0,0.23100240497562854,-1.2310024049756285,13,
AVAX,BREAKOUT,SHORT,34157,34158,2025-12-22T19:15:00+00:00,2025-12-22T19:30:00+00:00,12.228,12.373794741097273,11.936410517805454,0.14579474109727286,2.0,2025-12-22T22:45:00+00:00,12.373794741097273,SL,-1.0,0.21936547863607883,-1.2193654786360788,13,
BNB,BREAKOUT,SHORT,34159,34160,2025-12-22T19:45:00+00:00,2025-12-22T20:00:00+00:00,858.04,865.0602878672745,843.9994242654509,7.020287867274533,2.0,2025-12-23T14:45:00+00:00,843.9994242654509,TP,2.0,0.31517956149056003,1.68482043850944,75,
DOGE,BREAKOUT,SHORT,34236,34237,2025-12-23T15:00:00+00:00,2025-12-23T15:15:00+00:00,0.12882,0.13065212492922507,0.12515575014154984,0.0018321249292250763,2.0,2025-12-23T16:45:00+00:00,0.13065212492922507,SL,-1.0,0.18411067773127476,-1.1841106777312747,6,
CRV,BREAKOUT,SHORT,34236,34237,2025-12-23T15:00:00+00:00,2025-12-23T15:15:00+00:00,0.363,0.37105819040137095,0.3468836191972581,0.008058190401370957,2.0,2025-12-23T18:15:00+00:00,0.37105819040137095,SL,-1.0,0.11842307019196634,-1.1184230701919664,12,
AVAX,BREAKOUT,SHORT,34236,34237,2025-12-23T15:00:00+00:00,2025-12-23T15:15:00+00:00,11.907,12.099698833205665,11.521602333588671,0.1926988332056645,2.0,2025-12-23T18:30:00+00:00,12.099698833205665,SL,-1.0,0.1619558767637103,-1.1619558767637104,13,
SOL,BREAKOUT,SHORT,34157,34158,2025-12-22T19:15:00+00:00,2025-12-22T19:30:00+00:00,125.37,127.21942703754397,121.67114592491208,1.8494270375439612,2.0,2025-12-23T19:30:00+00:00,123.76,TIME,0.8705398846867077,0.17511856019478228,0.6954213244919254,96,
SUI,BREAKOUT,SHORT,34158,34159,2025-12-22T19:30:00+00:00,2025-12-22T19:45:00+00:00,1.4477,1.4723488478886775,1.398402304222645,0.024648847888677494,2.0,2025-12-23T19:45:00+00:00,1.4417,TIME,0.24341908502571916,0.15238927259255103,0.09102981243316813,96,
FET,BREAKOUT,SHORT,34282,34283,2025-12-24T02:30:00+00:00,2025-12-24T02:45:00+00:00,0.2044,0.20850880835600927,0.19618238328798146,0.004108808356009269,2.0,2025-12-24T15:30:00+00:00,0.20850880835600927,SL,-1.0,0.13064163727124223,-1.1306416372712422,51,
AVAX,BREAKOUT,SHORT,34464,34465,2025-12-26T00:00:00+00:00,2025-12-26T00:15:00+00:00,12.059,12.208261616300996,11.760476767398005,0.149261616300997,2.0,2025-12-26T01:00:00+00:00,12.208261616300996,SL,-1.0,0.2113566828699856,-1.2113566828699855,3,
UNI,BREAKOUT,LONG,34717,34718,2025-12-28T15:15:00+00:00,2025-12-28T15:30:00+00:00,6.532,6.399300208194372,6.797399583611256,0.13269979180562785,2.0,2025-12-28T16:15:00+00:00,6.399300208194372,SL,-1.0,0.12668211488437117,-1.126682114884371,3,
ADA,BREAKOUT,SHORT,34708,34709,2025-12-28T13:00:00+00:00,2025-12-28T13:15:00+00:00,0.3691,0.37279154098792744,0.3617169180241451,0.0036915409879274552,2.0,2025-12-28T18:45:00+00:00,0.3617169180241451,TP,2.0,0.2573618975214962,1.7426381024785038,22,
UNI,BREAKOUT,LONG,34760,34761,2025-12-29T02:00:00+00:00,2025-12-29T02:15:00+00:00,6.341,6.223556197778249,6.575887604443502,0.11744380222175099,2.0,2025-12-29T07:00:00+00:00,6.223556197778249,SL,-1.0,0.13907862950716549,-1.1390786295071655,19,
ADA,BREAKOUT,SHORT,34857,34858,2025-12-30T02:15:00+00:00,2025-12-30T02:30:00+00:00,0.3494,0.35388032774483724,0.3404393445103255,0.004480327744837254,2.0,2025-12-30T08:00:00+00:00,0.35388032774483724,SL,-1.0,0.2040619521912897,-1.2040619521912896,22,
LINK,BREAKOUT,SHORT,34905,34906,2025-12-30T14:15:00+00:00,2025-12-30T14:30:00+00:00,12.403,12.528833080369916,12.15133383926017,0.12583308036991525,2.0,2025-12-30T14:45:00+00:00,12.528833080369916,SL,-1.0,0.2575744224746004,-1.2575744224746004,1,
CRV,BREAKOUT,SHORT,35011,35012,2025-12-31T16:45:00+00:00,2025-12-31T17:00:00+00:00,0.362,0.36986959660635904,0.3462608067872819,0.007869596606359053,2.0,2026-01-01T07:45:00+00:00,0.36986959660635904,SL,-1.0,0.12089952295896086,-1.120899522958961,59,
SUI,BREAKOUT,LONG,35497,35498,2026-01-05T18:15:00+00:00,2026-01-05T18:30:00+00:00,1.7527,1.716626959759397,1.8248460804812057,0.03607304024060287,2.0,2026-01-05T19:30:00+00:00,1.8248460804812057,TP,2.0,0.12892758341424013,1.87107241658576,4,
UNI,BREAKOUT,LONG,35505,35506,2026-01-05T20:15:00+00:00,2026-01-05T20:30:00+00:00,5.992,5.867049442074201,6.241901115851598,0.12495055792579901,2.0,2026-01-05T22:30:00+00:00,6.241901115851598,TP,2.0,0.12728291665613528,1.8727170833438647,8,
ETH,BREAKOUT,LONG,35487,35488,2026-01-05T15:45:00+00:00,2026-01-05T16:00:00+00:00,3194.48,3153.9021667905167,3275.6356664189666,40.57783320948329,2.0,2026-01-06T14:00:00+00:00,3275.6356664189666,TP,2.0,0.20728436441941211,1.792715635580588,88,
FET,BREAKOUT,LONG,35537,35538,2026-01-06T04:15:00+00:00,2026-01-06T04:30:00+00:00,0.2994,0.2893527566182335,0.319494486763533,0.01004724338176649,2.0,2026-01-06T16:30:00+00:00,0.2893527566182335,SL,-1.0,0.07617796787850241,-1.0761779678785024,48,
SUI,BREAKOUT,LONG,35649,35650,2026-01-07T08:15:00+00:00,2026-01-07T08:30:00+00:00,1.9422,1.8965603413196244,2.033479317360751,0.04563965868037556,2.0,2026-01-07T12:00:00+00:00,1.8965603413196244,SL,-1.0,0.10934324637842463,-1.1093432463784247,14,
SUI,BREAKOUT,LONG,35774,35775,2026-01-08T15:30:00+00:00,2026-01-08T15:45:00+00:00,1.8264,1.7781790082914923,1.9228419834170154,0.04822099170850769,2.0,2026-01-09T08:00:00+00:00,1.7781790082914923,SL,-1.0,0.09717661426594408,-1.097176614265944,65,
XRP,BREAKOUT,LONG,35780,35781,2026-01-08T17:00:00+00:00,2026-01-08T17:15:00+00:00,2.149,2.1068934671409525,2.233213065718095,0.04210653285904753,2.0,2026-01-09T08:30:00+00:00,2.1068934671409525,SL,-1.0,0.13139674847615532,-1.1313967484761553,61,
FET,BREAKOUT,LONG,35773,35774,2026-01-08T15:15:00+00:00,2026-01-08T15:30:00+00:00,0.2813,0.2721670297219887,0.2995659405560226,0.009132970278011299,2.0,2026-01-09T15:30:00+00:00,0.2882,TIME,0.7555044842982331,0.08106344129712978,0.6744410430011034,96,
BTC,BREAKOUT,LONG,36059,36060,2026-01-11T14:45:00+00:00,2026-01-11T15:00:00+00:00,91074.7,90855.6510441911,91512.7979116178,219.04895580890297,2.0,2026-01-11T15:00:00+00:00,90855.6510441911,SL,-1.0,1.079710494323369,-2.0797104943233693,0,True
SOL,BREAKOUT,LONG,36059,36060,2026-01-11T14:45:00+00:00,2026-01-11T15:00:00+00:00,139.16,138.18614588052395,141.10770823895209,0.9738541194760444,2.0,2026-01-11T15:30:00+00:00,138.18614588052395,SL,-1.0,0.3702299784270207,-1.3702299784270207,2,
FET,BREAKOUT,LONG,36050,36051,2026-01-11T12:30:00+00:00,2026-01-11T12:45:00+00:00,0.2881,0.28402499868420106,0.29625000263159795,0.004075001315798965,2.0,2026-01-11T18:45:00+00:00,0.29625000263159795,TP,2.0,0.18641834555386777,1.8135816544461323,24,
SUI,BREAKOUT,LONG,36108,36109,2026-01-12T03:00:00+00:00,2026-01-12T03:15:00+00:00,1.8477,1.8107274827470121,1.9216450345059755,0.03697251725298778,2.0,2026-01-12T06:45:00+00:00,1.8107274827470121,SL,-1.0,0.12863489101994488,-1.1286348910199449,14,
LINK,BREAKOUT,LONG,36101,36102,2026-01-12T01:15:00+00:00,2026-01-12T01:30:00+00:00,13.318,13.129385787351067,13.695228425297865,0.18861421264893252,2.0,2026-01-12T08:30:00+00:00,13.129385787351067,SL,-1.0,0.1822853168947074,-1.1822853168947074,28,
BNB,BREAKOUT,LONG,36108,36109,2026-01-12T03:00:00+00:00,2026-01-12T03:15:00+00:00,910.39,903.0529298994741,925.0641402010518,7.337070100525921,2.0,2026-01-12T08:30:00+00:00,903.0529298994741,SL,-1.0,0.32131024735613917,-1.3213102473561391,21,
SOL,BREAKOUT,LONG,36100,36101,2026-01-12T01:00:00+00:00,2026-01-12T01:15:00+00:00,141.46,139.30136772681234,145.77726454637533,2.1586322731876635,2.0,2026-01-12T08:45:00+00:00,139.30136772681234,SL,-1.0,0.16908381412544793,-1.169083814125448,30,
BNB,BREAKOUT,LONG,36161,36162,2026-01-12T16:15:00+00:00,2026-01-12T16:30:00+00:00,908.36,901.5933007198489,921.8933985603022,6.7666992801511014,2.0,2026-01-12T17:30:00+00:00,901.5933007198489,SL,-1.0,0.34772334243339714,-1.3477233424333972,4,
LINK,BREAKOUT,LONG,36158,36159,2026-01-12T15:30:00+00:00,2026-01-12T15:45:00+00:00,13.223,13.045383409192906,13.57823318161419,0.17761659080709435,2.0,2026-01-12T21:00:00+00:00,13.045383409192906,SL,-1.0,0.19226187304224962,-1.1922618730422496,21,
BTC,BREAKOUT,LONG,36159,36160,2026-01-12T15:45:00+00:00,2026-01-12T16:00:00+00:00,91618.6,90849.78936295607,93156.22127408787,768.8106370439345,2.0,2026-01-13T15:45:00+00:00,93156.22127408787,TP,2.0,0.31244009393510425,1.6875599060648958,95,
BNB,BREAKOUT,LONG,36255,36256,2026-01-13T15:45:00+00:00,2026-01-13T16:00:00+00:00,917.08,910.8791982545005,929.4816034909992,6.200801745499575,2.0,2026-01-13T18:00:00+00:00,929.4816034909992,TP,2.0,0.38713221016629956,1.6128677898337005,8,
BTC,BREAKOUT,LONG,36272,36273,2026-01-13T20:00:00+00:00,2026-01-13T20:15:00+00:00,94289.9,93451.57560971064,95966.54878057871,838.3243902893591,2.0,2026-01-13T22:00:00+00:00,95966.54878057871,TP,2.0,0.29503302812099,1.70496697187901,7,
BTC,BREAKOUT,LONG,36346,36347,2026-01-14T14:30:00+00:00,2026-01-14T14:45:00+00:00,95810.4,95138.06211473384,97155.0757705323,672.3378852661554,2.0,2026-01-14T16:00:00+00:00,97155.0757705323,TP,2.0,0.37310870620117903,1.626891293798821,5,
ETH,BREAKOUT,LONG,36348,36349,2026-01-14T15:00:00+00:00,2026-01-14T15:15:00+00:00,3358.54,3319.8985820754947,3435.8228358490105,38.64141792450528,2.0,2026-01-14T18:30:00+00:00,3319.8985820754947,SL,-1.0,0.22468042383072817,-1.224680423830728,13,
LINK,BREAKOUT,LONG,36348,36349,2026-01-14T15:00:00+00:00,2026-01-14T15:15:00+00:00,14.257,14.06440226281381,14.64219547437238,0.19259773718619044,2.0,2026-01-14T18:30:00+00:00,14.06440226281381,SL,-1.0,0.1911643588318225,-1.1911643588318226,13,
SOL,BREAKOUT,LONG,36348,36349,2026-01-14T15:00:00+00:00,2026-01-14T15:15:00+00:00,147.26,145.31173543565734,151.1565291286853,1.9482645643426508,2.0,2026-01-14T18:45:00+00:00,145.31173543565734,SL,-1.0,0.19522156437448898,-1.195221564374489,14,
BNB,BREAKOUT,LONG,36348,36349,2026-01-14T15:00:00+00:00,2026-01-14T15:15:00+00:00,945.56,937.5211503244296,961.6376993511406,8.038849675570304,2.0,2026-01-15T01:30:00+00:00,937.5211503244296,SL,-1.0,0.3045218649704491,-1.304521864970449,41,
UNI,BREAKOUT,SHORT,36387,36388,2026-01-15T00:45:00+00:00,2026-01-15T01:00:00+00:00,5.631,5.712120121172035,5.468759757655931,0.08112012117203449,2.0,2026-01-15T06:30:00+00:00,5.468759757655931,TP,2.0,0.17788049964017102,1.822119500359829,22,
CRV,BREAKOUT,LONG,36422,36423,2026-01-15T09:30:00+00:00,2026-01-15T09:45:00+00:00,0.429,0.42060642772229145,0.44578714455541707,0.008393572277708539,2.0,2026-01-15T15:30:00+00:00,0.42060642772229145,SL,-1.0,0.13158740039354333,-1.1315874003935433,23,
UNI,BREAKOUT,SHORT,36446,36447,2026-01-15T15:30:00+00:00,2026-01-15T15:45:00+00:00,5.364,5.456255195138548,5.179489609722904,0.09225519513854774,2.0,2026-01-16T15:30:00+00:00,5.179489609722904,TP,2.0,0.14857197442437214,1.851428025575628,95,
BTC,BREAKOUT,LONG,36563,36564,2026-01-16T20:45:00+00:00,2026-01-16T21:00:00+00:00,95517.2,94891.42568273816,96768.74863452367,625.7743172618357,2.0,2026-01-17T21:00:00+00:00,95298.5,TIME,-0.3494870178708356,0.3964055461486875,-0.7458925640195231,96,
ADA,BREAKOUT,LONG,36565,36566,2026-01-16T21:15:00+00:00,2026-01-16T21:30:00+00:00,0.3976,0.3916552908955198,0.4094894182089604,0.005944709104480195,2.0,2026-01-17T21:30:00+00:00,0.3983,TIME,0.11775176677230978,0.17404888646615646,-0.05629711969384668,96,
BTC,BREAKOUT,LONG,36802,36803,2026-01-19T08:30:00+00:00,2026-01-19T08:45:00+00:00,93094.6,92552.65603252077,94178.48793495848,541.9439674792375,2.0,2026-01-19T22:45:00+00:00,92552.65603252077,SL,-1.0,0.44532543459213453,-1.4453254345921345,56,
ADA,BREAKOUT,SHORT,36873,36874,2026-01-20T02:15:00+00:00,2026-01-20T02:30:00+00:00,0.3664,0.3709500526704189,0.3572998946591622,0.004550052670418914,2.0,2026-01-20T13:00:00+00:00,0.3572998946591622,TP,2.0,0.20676900493336323,1.7932309950666367,42,
DOGE,BREAKOUT,SHORT,37027,37028,2026-01-21T16:45:00+00:00,2026-01-21T17:00:00+00:00,0.12069,0.12359304809201466,0.1148839038159707,0.002903048092014651,2.0,2026-01-21T18:45:00+00:00,0.12359304809201466,SL,-1.0,0.10939121656067158,-1.1093912165606716,7,
ADA,BREAKOUT,SHORT,37027,37028,2026-01-21T16:45:00+00:00,2026-01-21T17:00:00+00:00,0.3474,0.3562604361099453,0.3296791277801094,0.008860436109945302,2.0,2026-01-21T19:15:00+00:00,0.3562604361099453,SL,-1.0,0.10324080616259597,-1.103240806162596,9,
AVAX,BREAKOUT,SHORT,37027,37028,2026-01-21T16:45:00+00:00,2026-01-21T17:00:00+00:00,11.895,12.166077025119261,11.352845949761477,0.27107702511926135,2.0,2026-01-21T19:15:00+00:00,12.166077025119261,SL,-1.0,0.11538934411314847,-1.1153893441131484,9,
LINK,BREAKOUT,SHORT,37027,37028,2026-01-21T16:45:00+00:00,2026-01-21T17:00:00+00:00,11.989,12.245879783936621,11.47524043212676,0.25687978393662014,2.0,2026-01-21T19:15:00+00:00,12.245879783936621,SL,-1.0,0.1226462559112511,-1.1226462559112511,9,
CRV,BREAKOUT,SHORT,37028,37029,2026-01-21T17:00:00+00:00,2026-01-21T17:15:00+00:00,0.362,0.3727076722438966,0.34058465551220674,0.010707672243896627,2.0,2026-01-21T19:30:00+00:00,0.3727076722438966,SL,-1.0,0.08919958999132457,-1.0891995899913245,9,
AVAX,BREAKOUT,SHORT,37115,37116,2026-01-22T14:45:00+00:00,2026-01-22T15:00:00+00:00,12.147,12.296991443590729,11.847017112818543,0.14999144359072858,2.0,2026-01-23T04:00:00+00:00,12.296991443590729,SL,-1.0,0.21186001091753068,-1.2118600109175306,52,
DOGE,BREAKOUT,SHORT,37210,37211,2026-01-23T14:30:00+00:00,2026-01-23T14:45:00+00:00,0.12253,0.1237569379785189,0.1200761240429622,0.0012269379785189022,2.0,2026-01-23T15:15:00+00:00,0.1237569379785189,SL,-1.0,0.2609528965421475,-1.2609528965421475,2,
AVAX,BREAKOUT,SHORT,37402,37403,2026-01-25T14:30:00+00:00,2026-01-25T14:45:00+00:00,11.848,11.963855280946765,11.616289438106472,0.11585528094676434,2.0,2026-01-25T16:15:00+00:00,11.616289438106472,TP,2.0,0.2632903396398033,1.7367096603601966,6,
SUI,BREAKOUT,SHORT,37421,37422,2026-01-25T19:15:00+00:00,2026-01-25T19:30:00+00:00,1.3826,1.410125178569482,1.3275496428610363,0.02752517856948189,2.0,2026-01-26T00:45:00+00:00,1.410125178569482,SL,-1.0,0.13189897108117707,-1.131898971081177,21,
ETH,BREAKOUT,SHORT,37417,37418,2026-01-25T18:15:00+00:00,2026-01-25T18:30:00+00:00,2853.81,2890.939663600723,2779.5506727985535,37.129663600723234,2.0,2026-01-26T01:45:00+00:00,2890.939663600723,SL,-1.0,0.20113768449373917,-1.2011376844937391,29,
XRP,BREAKOUT,SHORT,37637,37638,2026-01-28T01:15:00+00:00,2026-01-28T01:30:00+00:00,1.9,1.9191214040621023,1.8617571918757951,0.019121404062102387,2.0,2026-01-28T06:15:00+00:00,1.9191214040621023,SL,-1.0,0.2596492291651751,-1.259649229165175,19,
DOGE,BREAKOUT,SHORT,37645,37646,2026-01-28T03:15:00+00:00,2026-01-28T03:30:00+00:00,0.12433,0.12563260628435688,0.12172478743128623,0.001302606284356883,2.0,2026-01-28T06:45:00+00:00,0.12563260628435688,SL,-1.0,0.24946247540184216,-1.2494624754018422,13,
SUI,BREAKOUT,SHORT,37692,37693,2026-01-28T15:00:00+00:00,2026-01-28T15:15:00+00:00,1.4013,1.4227406898486867,1.3584186203026265,0.021440689848686745,2.0,2026-01-28T20:15:00+00:00,1.4227406898486867,SL,-1.0,0.171228301081374,-1.171228301081374,20,
DOGE,BREAKOUT,SHORT,37690,37691,2026-01-28T14:30:00+00:00,2026-01-28T14:45:00+00:00,0.1254,0.12674262619815205,0.12271474760369594,0.001342626198152036,2.0,2026-01-29T02:30:00+00:00,0.12271474760369594,TP,2.0,0.24023750789963355,1.7597624921003665,47,
BNB,BREAKOUT,SHORT,37786,37787,2026-01-29T14:30:00+00:00,2026-01-29T14:45:00+00:00,886.42,891.9961881049414,875.267623790117,5.57618810494148,2.0,2026-01-29T15:00:00+00:00,875.267623790117,TP,2.0,0.4107095865180084,1.5892904134819916,1,
BTC,BREAKOUT,SHORT,37787,37788,2026-01-29T14:45:00+00:00,2026-01-29T15:00:00+00:00,86978.8,87589.61560398297,85757.16879203408,610.8156039829628,2.0,2026-01-29T15:00:00+00:00,85757.16879203408,TP,2.0,0.3676342876072102,1.6323657123927897,0,True
XRP,BREAKOUT,SHORT,37786,37787,2026-01-29T14:30:00+00:00,2026-01-29T14:45:00+00:00,1.8334,1.8530893713405578,1.794021257318884,0.019689371340557926,2.0,2026-01-29T15:30:00+00:00,1.794021257318884,TP,2.0,0.23950219399848674,1.7604978060015133,3,
CRV,BREAKOUT,SHORT,37788,37789,2026-01-29T15:00:00+00:00,2026-01-29T15:15:00+00:00,0.321,0.32981212127731946,0.3033757574453611,0.008812121277319451,2.0,2026-01-29T16:45:00+00:00,0.32981212127731946,SL,-1.0,0.09601045321948587,-1.0960104532194859,6,
BTC,BREAKOUT,SHORT,37830,37831,2026-01-30T01:30:00+00:00,2026-01-30T01:45:00+00:00,81988.5,83214.28896972837,79536.92206054326,1225.788969728368,2.0,2026-01-30T04:15:00+00:00,83214.28896972837,SL,-1.0,0.17520440382836697,-1.1752044038283669,10,
CRV,BREAKOUT,SHORT,37977,37978,2026-01-31T14:15:00+00:00,2026-01-31T14:30:00+00:00,0.291,0.299883076753527,0.27323384649294596,0.008883076753527008,2.0,2026-01-31T16:15:00+00:00,0.299883076753527,SL,-1.0,0.08647319178848628,-1.0864731917884862,7,
UNI,BREAKOUT,SHORT,37977,37978,2026-01-31T14:15:00+00:00,2026-01-31T14:30:00+00:00,3.975,4.055385115981196,3.8142297680376074,0.08038511598119635,2.0,2026-01-31T16:15:00+00:00,4.055385115981196,SL,-1.0,0.1298685773273943,-1.1298685773273942,7,
BTC,BREAKOUT,SHORT,37977,37978,2026-01-31T14:15:00+00:00,2026-01-31T14:30:00+00:00,81568.6,82380.56825490273,79944.66349019457,811.9682549027202,2.0,2026-01-31T17:00:00+00:00,79944.66349019457,TP,2.0,0.25859045753261445,1.7414095424673857,10,
LINK,BREAKOUT,SHORT,37977,37978,2026-01-31T14:15:00+00:00,2026-01-31T14:30:00+00:00,10.032,10.242038339398283,9.611923321203435,0.21003833939828276,2.0,2026-01-31T17:00:00+00:00,9.611923321203435,TP,2.0,0.12158304236608934,1.8784169576339107,10,
SOL,BREAKOUT,SHORT,37977,37978,2026-01-31T14:15:00+00:00,2026-01-31T14:30:00+00:00,110.24,112.60713268999207,105.50573462001584,2.3671326899920757,2.0,2026-01-31T17:00:00+00:00,105.50573462001584,TP,2.0,0.1184848894157089,1.881515110584291,10,
BNB,BREAKOUT,SHORT,37984,37985,2026-01-31T16:00:00+00:00,2026-01-31T16:15:00+00:00,801.32,814.0497576619305,775.8604846761392,12.729757661930421,2.0,2026-01-31T17:00:00+00:00,775.8604846761392,TP,2.0,0.1610662735717826,1.8389337264282175,3,
ADA,BREAKOUT,SHORT,37988,37989,2026-01-31T17:00:00+00:00,2026-01-31T17:15:00+00:00,0.2834,0.2937949502282889,0.2626100995434222,0.010394950228288902,2.0,2026-01-31T23:15:00+00:00,0.2937949502282889,SL,-1.0,0.07218441828174971,-1.0721844182817497,24,
XRP,BREAKOUT,SHORT,38045,38046,2026-02-01T07:15:00+00:00,2026-02-01T07:30:00+00:00,1.6483,1.67632923153409,1.5922415369318201,0.028029231534089982,2.0,2026-02-01T08:30:00+00:00,1.67632923153409,SL,-1.0,0.15419680684922638,-1.1541968068492263,4,
ETH,BREAKOUT,SHORT,38059,38060,2026-02-01T10:45:00+00:00,2026-02-01T11:00:00+00:00,2379.6,2424.9222963189227,2288.9554073621543,45.32229631892278,2.0,2026-02-01T15:30:00+00:00,2288.9554073621543,TP,2.0,0.13391029410477698,1.866089705895223,18,
XRP,BREAKOUT,SHORT,38077,38078,2026-02-01T15:15:00+00:00,2026-02-01T15:30:00+00:00,1.5816,1.6152054740438535,1.5143890519122927,0.03360547404385361,2.0,2026-02-01T18:00:00+00:00,1.6152054740438535,SL,-1.0,0.12366577870122641,-1.1236657787012265,10,
CRV,BREAKOUT,SHORT,38078,38079,2026-02-01T15:30:00+00:00,2026-02-01T15:45:00+00:00,0.276,0.2854492410957281,0.25710151780854384,0.00944924109572809,2.0,2026-02-01T18:00:00+00:00,0.2854492410957281,SL,-1.0,0.07724260668451143,-1.0772426066845113,9,
SUI,BREAKOUT,SHORT,38066,38067,2026-02-01T12:30:00+00:00,2026-02-01T12:45:00+00:00,1.1294,1.152371085382415,1.08345782923517,0.02297108538241499,2.0,2026-02-01T23:00:00+00:00,1.08345782923517,TP,2.0,0.12523200928972764,1.8747679907102723,41,
BNB,BREAKOUT,SHORT,38072,38073,2026-02-01T14:00:00+00:00,2026-02-01T14:15:00+00:00,762.04,772.2281613834275,741.6636772331449,10.188161383427541,2.0,2026-02-01T23:00:00+00:00,741.6636772331449,TP,2.0,0.1918712029417659,1.808128797058234,35,
SOL,BREAKOUT,SHORT,38074,38075,2026-02-01T14:30:00+00:00,2026-02-01T14:45:00+00:00,102.35,104.60850993765285,97.83298012469427,2.2585099376528603,2.0,2026-02-02T03:15:00+00:00,97.83298012469427,TP,2.0,0.11522547225652362,1.8847745277434764,50,
ADA,BREAKOUT,SHORT,38126,38127,2026-02-02T03:30:00+00:00,2026-02-02T03:45:00+00:00,0.2772,0.28683939749492443,0.25792120501015114,0.009639397494924429,2.0,2026-02-02T03:45:00+00:00,0.28683939749492443,SL,-1.0,0.07606815852645263,-1.0760681585264527,0,True
AVAX,BREAKOUT,SHORT,38126,38127,2026-02-02T03:30:00+00:00,2026-02-02T03:45:00+00:00,9.572,9.880084989396204,8.95583002120759,0.308084989396205,2.0,2026-02-02T03:45:00+00:00,9.880084989396204,SL,-1.0,0.08208030691717486,-1.082080306917175,0,True
CRV,BREAKOUT,SHORT,38125,38126,2026-02-02T03:15:00+00:00,2026-02-02T03:30:00+00:00,0.267,0.27841424826731015,0.24417150346537975,0.011414248267310134,2.0,2026-02-02T04:15:00+00:00,0.27841424826731015,SL,-1.0,0.06211872268261028,-1.0621187226826103,3,
DOGE,BREAKOUT,SHORT,38126,38127,2026-02-02T03:30:00+00:00,2026-02-02T03:45:00+00:00,0.1003,0.10376911812615705,0.0933617637476859,0.0034691181261570503,2.0,2026-02-02T04:15:00+00:00,0.10376911812615705,SL,-1.0,0.07647184209834954,-1.0764718420983495,2,
AVAX,BREAKOUT,SHORT,38245,38246,2026-02-03T09:15:00+00:00,2026-02-03T09:30:00+00:00,9.969,10.113163609764564,9.68067278047087,0.14416360976456488,2.0,2026-02-03T12:00:00+00:00,10.113163609764564,SL,-1.0,0.18109155795508483,-1.181091557955085,10,
ADA,BREAKOUT,SHORT,38268,38269,2026-02-03T15:00:00+00:00,2026-02-03T15:15:00+00:00,0.2941,0.29945435206408677,0.2833912958718264,0.005354352064086798,2.0,2026-02-03T15:15:00+00:00,0.29945435206408677,SL,-1.0,0.1441109304072098,-1.14411093040721,0,True
AVAX,BREAKOUT,SHORT,38268,38269,2026-02-03T15:00:00+00:00,2026-02-03T15:15:00+00:00,9.921,10.074807718176134,9.613384563647731,0.15380771817613414,2.0,2026-02-03T15:15:00+00:00,10.074807718176134,SL,-1.0,0.16900679850058695,-1.169006798500587,0,True
DOGE,BREAKOUT,SHORT,38268,38269,2026-02-03T15:00:00+00:00,2026-02-03T15:15:00+00:00,0.10578,0.1079027492157585,0.101534501568483,0.0021227492157585015,2.0,2026-02-03T15:15:00+00:00,0.1079027492157585,SL,-1.0,0.1308621724687468,-1.1308621724687469,0,True
LINK,BREAKOUT,SHORT,38268,38269,2026-02-03T15:00:00+00:00,2026-02-03T15:15:00+00:00,9.501,9.672291096119997,9.158417807760005,0.17129109611999738,2.0,2026-02-03T15:15:00+00:00,9.672291096119997,SL,-1.0,0.14551415099530146,-1.1455141509953015,0,True
SUI,BREAKOUT,SHORT,38268,38269,2026-02-03T15:00:00+00:00,2026-02-03T15:15:00+00:00,1.1224,1.144512344992809,1.0781753100143823,0.022112344992808897,2.0,2026-02-03T15:15:00+00:00,1.144512344992809,SL,-1.0,0.1332733389176514,-1.1332733389176515,0,True
UNI,BREAKOUT,SHORT,38268,38269,2026-02-03T15:00:00+00:00,2026-02-03T15:15:00+00:00,3.862,3.9298322323282893,3.7263355353434218,0.06783223232828917,2.0,2026-02-03T15:15:00+00:00,3.9298322323282893,SL,-1.0,0.14932992110599252,-1.1493299211059926,0,True
XRP,BREAKOUT,SHORT,38268,38269,2026-02-03T15:00:00+00:00,2026-02-03T15:15:00+00:00,1.5804,1.6054015997395013,1.5303968005209976,0.025001599739501223,2.0,2026-02-03T15:15:00+00:00,1.6054015997395013,SL,-1.0,0.16565108324320268,-1.1656510832432028,0,True
CRV,BREAKOUT,SHORT,38268,38269,2026-02-03T15:00:00+00:00,2026-02-03T15:15:00+00:00,0.281,0.2880582479783761,0.2668835040432479,0.007058247978376064,2.0,2026-02-03T15:30:00+00:00,0.2880582479783761,SL,-1.0,0.10481010650777585,-1.1048101065077758,1,
ETH,BREAKOUT,SHORT,38275,38276,2026-02-03T16:45:00+00:00,2026-02-03T17:00:00+00:00,2239.87,2297.139672293908,2125.3306554121837,57.269672293908116,2.0,2026-02-03T18:30:00+00:00,2125.3306554121837,TP,2.0,0.09908841145297549,1.9009115885470245,6,
BTC,BREAKOUT,SHORT,38276,38277,2026-02-03T17:00:00+00:00,2026-02-03T17:15:00+00:00,75670.3,76985.20155356868,73040.49689286265,1314.9015535686776,2.0,2026-02-03T19:00:00+00:00,73040.49689286265,TP,2.0,0.1470254829618498,1.8529745170381502,7,
SOL,BREAKOUT,SHORT,38283,38284,2026-02-03T18:45:00+00:00,2026-02-03T19:00:00+00:00,96.77,99.25609872905446,91.79780254189107,2.4860987290544614,2.0,2026-02-03T19:00:00+00:00,99.25609872905446,SL,-1.0,0.10250354314958837,-1.1025035431495884,0,True
DOGE,BREAKOUT,SHORT,38281,38282,2026-02-03T18:15:00+00:00,2026-02-03T18:30:00+00:00,0.10294,0.10606663636415986,0.09668672727168029,0.003126636364159857,2.0,2026-02-03T19:15:00+00:00,0.10606663636415986,SL,-1.0,0.0869012560552168,-1.0869012560552167,3,
ADA,BREAKOUT,SHORT,38279,38280,2026-02-03T17:45:00+00:00,2026-02-03T18:00:00+00:00,0.2872,0.2952403880088396,0.2711192239823208,0.008040388008839605,2.0,2026-02-03T19:30:00+00:00,0.2952403880088396,SL,-1.0,0.09417113994735772,-1.0941711399473577,6,
AVAX,BREAKOUT,SHORT,38279,38280,2026-02-03T17:45:00+00:00,2026-02-03T18:00:00+00:00,9.745,9.96911227469109,9.296775450617817,0.22411227469109107,2.0,2026-02-03T19:30:00+00:00,9.96911227469109,SL,-1.0,0.11435494103312137,-1.1143549410331213,6,
BNB,BREAKOUT,SHORT,38279,38280,2026-02-03T17:45:00+00:00,2026-02-03T18:00:00+00:00,751.31,764.5797174615346,724.7705650769306,13.269717461534697,2.0,2026-02-03T20:15:00+00:00,764.5797174615346,SL,-1.0,0.14850780647081543,-1.1485078064708154,9,
UNI,BREAKOUT,SHORT,38340,38341,2026-02-04T09:00:00+00:00,2026-02-04T09:15:00+00:00,3.871,3.933807064958983,3.745385870082034,0.06280706495898292,2.0,2026-02-04T14:30:00+00:00,3.745385870082034,TP,2.0,0.15764630360569845,1.8423536963943015,21,
ADA,BREAKOUT,SHORT,38359,38360,2026-02-04T13:45:00+00:00,2026-02-04T14:00:00+00:00,0.2914,0.2962190763758836,0.2817618472482327,0.004819076375883635,2.0,2026-02-04T18:15:00+00:00,0.2817618472482327,TP,2.0,0.15461684839682122,1.845383151603179,17,
BNB,BREAKOUT,SHORT,38364,38365,2026-02-04T15:00:00+00:00,2026-02-04T15:15:00+00:00,733.92,745.978987983497,709.802024033006,12.05898798349699,2.0,2026-02-04T18:15:00+00:00,709.802024033006,TP,2.0,0.15563815419763297,1.844361845802367,12,
DOGE,BREAKOUT,SHORT,38363,38364,2026-02-04T14:45:00+00:00,2026-02-04T15:00:00+00:00,0.10409,0.10606935281111476,0.10013129437777048,0.0019793528111147624,2.0,2026-02-05T10:45:00+00:00,0.10013129437777048,TP,2.0,0.13412852989133361,1.8658714701086665,79,
XRP,BREAKOUT,SHORT,38412,38413,2026-02-05T03:00:00+00:00,2026-02-05T03:15:00+00:00,1.4552,1.5018364502119457,1.3619270995761088,0.046636450211945624,2.0,2026-02-05T10:45:00+00:00,1.3619270995761088,TP,2.0,0.07852795855613547,1.9214720414438646,30,
FET,BREAKOUT,SHORT,38417,38418,2026-02-05T04:15:00+00:00,2026-02-05T04:30:00+00:00,0.1751,0.17961156874176723,0.16607686251646556,0.0045115687417672246,2.0,2026-02-05T11:15:00+00:00,0.16607686251646556,TP,2.0,0.09830946765041872,1.9016905323495812,27,
AVAX,BREAKOUT,SHORT,38445,38446,2026-02-05T11:15:00+00:00,2026-02-05T11:30:00+00:00,9.192,9.422981244875738,8.730037510248525,0.23098124487573735,2.0,2026-02-05T14:30:00+00:00,9.422981244875738,SL,-1.0,0.10476814094303295,-1.104768140943033,12,
BTC,BREAKOUT,SHORT,38412,38413,2026-02-05T03:00:00+00:00,2026-02-05T03:15:00+00:00,71487.7,73171.41421757497,68120.27156485005,1683.714217574976,2.0,2026-02-05T15:00:00+00:00,68120.27156485005,TP,2.0,0.10779166745749906,1.892208332542501,47,
CRV,BREAKOUT,SHORT,38412,38413,2026-02-05T03:00:00+00:00,2026-02-05T03:15:00+00:00,0.266,0.27621725609478603,0.24556548781042797,0.01021725609478602,2.0,2026-02-05T15:15:00+00:00,0.24556548781042797,TP,2.0,0.06508940639091265,1.9349105936090873,48,
LINK,BREAKOUT,SHORT,38444,38445,2026-02-05T11:00:00+00:00,2026-02-05T11:15:00+00:00,8.919,9.151391386085644,8.454217227828714,0.23239138608564325,2.0,2026-02-05T15:15:00+00:00,8.454217227828714,TP,2.0,0.09718597051550787,1.9028140294844922,16,
BNB,BREAKOUT,SHORT,38445,38446,2026-02-05T11:15:00+00:00,2026-02-05T11:30:00+00:00,676.54,690.7627849524335,648.0944300951328,14.222784952433585,2.0,2026-02-05T15:30:00+00:00,648.0944300951328,TP,2.0,0.12107507530225478,1.8789249246977453,16,
FET,BREAKOUT,SHORT,38461,38462,2026-02-05T15:15:00+00:00,2026-02-05T15:30:00+00:00,0.1608,0.16734789839292977,0.14770420321414046,0.0065478983929297685,2.0,2026-02-05T20:15:00+00:00,0.14770420321414046,TP,2.0,0.061249494129510425,1.9387505058704895,19,
ADA,BREAKOUT,SHORT,38461,38462,2026-02-05T15:15:00+00:00,2026-02-05T15:30:00+00:00,0.2596,0.27015479174267343,0.23849041651465314,0.01055479174267343,2.0,2026-02-06T00:00:00+00:00,0.23849041651465314,TP,2.0,0.06134820631762071,1.9386517936823793,34,
UNI,BREAKOUT,SHORT,38463,38464,2026-02-05T15:45:00+00:00,2026-02-05T16:00:00+00:00,3.353,3.5253497151326516,3.0083005697346974,0.1723497151326514,2.0,2026-02-06T00:00:00+00:00,3.0083005697346974,TP,2.0,0.047982038927596844,1.952017961072403,32,
AVAX,BREAKOUT,SHORT,38481,38482,2026-02-05T20:15:00+00:00,2026-02-05T20:30:00+00:00,8.391,8.786505221491797,7.599989557016405,0.39550522149179734,2.0,2026-02-06T00:15:00+00:00,7.599989557016405,TP,2.0,0.05256134507076911,1.9474386549292309,15,
BTC,BREAKOUT,SHORT,38481,38482,2026-02-05T20:15:00+00:00,2026-02-05T20:30:00+00:00,63820.6,66094.91928226818,59271.961435463636,2274.3192822681813,2.0,2026-02-06T05:45:00+00:00,66094.91928226818,SL,-1.0,0.07425965931156081,-1.0742596593115608,37,
BNB,BREAKOUT,SHORT,38484,38485,2026-02-05T21:00:00+00:00,2026-02-05T21:15:00+00:00,611.82,640.9080041638008,553.6439916723986,29.088004163800747,2.0,2026-02-06T05:45:00+00:00,640.9080041638008,SL,-1.0,0.05598687335996824,-1.0559868733599682,34,
ETH,BREAKOUT,SHORT,38530,38531,2026-02-06T08:30:00+00:00,2026-02-06T08:45:00+00:00,1867.74,1927.8878122652907,1747.4443754694187,60.14781226529067,2.0,2026-02-06T09:45:00+00:00,1927.8878122652907,SL,-1.0,0.08203650257770573,-1.0820365025777057,4,
SOL,BREAKOUT,SHORT,38826,38827,2026-02-09T10:30:00+00:00,2026-02-09T10:45:00+00:00,82.99,84.42556782686967,80.11886434626065,1.435567826869672,2.0,2026-02-09T13:00:00+00:00,84.42556782686967,SL,-1.0,0.15160568111191658,-1.1516056811119166,9,
SUI,BREAKOUT,SHORT,38825,38826,2026-02-09T10:15:00+00:00,2026-02-09T10:30:00+00:00,0.9365,0.9520736126706392,0.9053527746587217,0.01557361267063917,2.0,2026-02-09T14:30:00+00:00,0.9520736126706392,SL,-1.0,0.15764779492047476,-1.1576477949204746,16,
AVAX,BREAKOUT,SHORT,38907,38908,2026-02-10T06:45:00+00:00,2026-02-10T07:00:00+00:00,8.772,8.893907990509229,8.528184018981543,0.12190799050922863,2.0,2026-02-10T09:00:00+00:00,8.893907990509229,SL,-1.0,0.1883853576105289,-1.188385357610529,8,
ADA,BREAKOUT,SHORT,38907,38908,2026-02-10T06:45:00+00:00,2026-02-10T07:00:00+00:00,0.262,0.26574609092547286,0.2545078181490543,0.0037460909254728447,2.0,2026-02-10T14:30:00+00:00,0.26574609092547286,SL,-1.0,0.18314288997577294,-1.183142889975773,30,
ETH,BREAKOUT,SHORT,38906,38907,2026-02-10T06:30:00+00:00,2026-02-10T06:45:00+00:00,2028.0,2060.4192521203313,1963.1614957593374,32.419252120331294,2.0,2026-02-11T04:45:00+00:00,1963.1614957593374,TP,2.0,0.16004409741559816,1.839955902584402,88,
UNI,BREAKOUT,SHORT,38994,38995,2026-02-11T04:30:00+00:00,2026-02-11T04:45:00+00:00,3.303,3.351514137276578,3.205971725446844,0.04851413727657805,2.0,2026-02-11T13:45:00+00:00,3.351514137276578,SL,-1.0,0.17831644267198113,-1.1783164426719812,36,
FET,BREAKOUT,SHORT,38994,38995,2026-02-11T04:30:00+00:00,2026-02-11T04:45:00+00:00,0.1536,0.15608010722553736,0.14863978554892524,0.0024801072255373757,2.0,2026-02-11T14:00:00+00:00,0.15608010722553736,SL,-1.0,0.16232529595810877,-1.1623252959581087,37,
LINK,BREAKOUT,SHORT,38994,38995,2026-02-11T04:30:00+00:00,2026-02-11T04:45:00+00:00,8.404,8.523167230149204,8.165665539701592,0.11916723014920372,2.0,2026-02-11T14:00:00+00:00,8.523167230149204,SL,-1.0,0.18465913298179484,-1.1846591329817948,37,
ADA,BREAKOUT,SHORT,38995,38996,2026-02-11T04:45:00+00:00,2026-02-11T05:00:00+00:00,0.2587,0.2621809658467015,0.251738068306597,0.0034809658467014892,2.0,2026-02-11T14:00:00+00:00,0.2621809658467015,SL,-1.0,0.19452798028523163,-1.1945279802852315,36,
SOL,BREAKOUT,SHORT,38995,38996,2026-02-11T04:45:00+00:00,2026-02-11T05:00:00+00:00,81.92,83.27413189119312,79.21173621761376,1.35413189119312,2.0,2026-02-11T15:00:00+00:00,79.21173621761376,TP,2.0,0.1546904392734844,1.8453095607265155,40,
ADA,BREAKOUT,SHORT,39037,39038,2026-02-11T15:15:00+00:00,2026-02-11T15:30:00+00:00,0.2511,0.257321698216985,0.23865660356603002,0.006221698216984983,2.0,2026-02-11T16:15:00+00:00,0.257321698216985,SL,-1.0,0.10623276549764478,-1.1062327654976447,3,
DOGE,BREAKOUT,SHORT,39036,39037,2026-02-11T15:00:00+00:00,2026-02-11T15:15:00+00:00,0.08845,0.09060672355685041,0.08413655288629918,0.0021567235568504123,2.0,2026-02-11T17:30:00+00:00,0.09060672355685041,SL,-1.0,0.10792933562789961,-1.1079293356278996,9,
XRP,BREAKOUT,SHORT,39037,39038,2026-02-11T15:15:00+00:00,2026-02-11T15:30:00+00:00,1.3505,1.3849996389167312,1.2815007221665378,0.034499638916731135,2.0,2026-02-11T19:00:00+00:00,1.3849996389167312,SL,-1.0,0.10307787681995537,-1.1030778768199554,14,
SUI,BREAKOUT,SHORT,39037,39038,2026-02-11T15:15:00+00:00,2026-02-11T15:30:00+00:00,0.8804,0.905637635716244,0.8299247285675119,0.025237635716244045,2.0,2026-02-11T21:15:00+00:00,0.905637635716244,SL,-1.0,0.09199946272846286,-1.0919994627284628,23,
FET,BREAKOUT,SHORT,39136,39137,2026-02-12T16:00:00+00:00,2026-02-12T16:15:00+00:00,0.1544,0.1581298572350636,0.14694028552987284,0.003729857235063583,2.0,2026-02-12T19:15:00+00:00,0.1581298572350636,SL,-1.0,0.10892878434760163,-1.1089287843476017,12,
AVAX,BREAKOUT,SHORT,39136,39137,2026-02-12T16:00:00+00:00,2026-02-12T16:15:00+00:00,8.691,8.848891102124542,8.375217795750919,0.15789110212454105,2.0,2026-02-12T19:30:00+00:00,8.848891102124542,SL,-1.0,0.14441509449200182,-1.1444150944920017,13,
LINK,BREAKOUT,SHORT,39136,39137,2026-02-12T16:00:00+00:00,2026-02-12T16:15:00+00:00,8.232,8.404094138640245,7.887811722719508,0.17209413864024548,2.0,2026-02-12T19:30:00+00:00,8.404094138640245,SL,-1.0,0.12566913987374295,-1.125669139873743,13,
ETH,BREAKOUT,SHORT,39136,39137,2026-02-12T16:00:00+00:00,2026-02-12T16:15:00+00:00,1918.41,1956.8917939519972,1841.4464120960058,38.48179395199713,2.0,2026-02-13T03:30:00+00:00,1956.8917939519972,SL,-1.0,0.13091625453901531,-1.1309162545390152,45,
BNB,BREAKOUT,SHORT,39193,39194,2026-02-13T06:15:00+00:00,2026-02-13T06:30:00+00:00,593.18,599.77413872783,579.99172254434,6.59413872783,2.0,2026-02-13T07:00:00+00:00,599.77413872783,SL,-1.0,0.23518467602159923,-1.2351846760215992,2,
ADA,BREAKOUT,SHORT,39136,39137,2026-02-12T16:00:00+00:00,2026-02-12T16:15:00+00:00,0.2599,0.2655753051681674,0.24854938966366524,0.005675305168167388,2.0,2026-02-13T13:30:00+00:00,0.2655753051681674,SL,-1.0,0.12036672504417999,-1.12036672504418,85,
ETH,BREAKOUT,SHORT,39414,39415,2026-02-15T13:30:00+00:00,2026-02-15T13:45:00+00:00,2006.12,2038.4214110309963,1941.517177938007,32.301411030996405,2.0,2026-02-15T19:00:00+00:00,1941.517177938007,TP,2.0,0.1588762895340645,1.8411237104659355,21,
CRV,BREAKOUT,SHORT,39402,39403,2026-02-15T10:30:00+00:00,2026-02-15T10:45:00+00:00,0.257,0.2630503588661924,0.24489928226761526,0.0060503588661923735,2.0,2026-02-16T10:45:00+00:00,0.254,TIME,0.49583835708706814,0.10979514020431301,0.3860432168827551,96,
CRV,BREAKOUT,SHORT,39611,39612,2026-02-17T14:45:00+00:00,2026-02-17T15:00:00+00:00,0.249,0.2546365971333927,0.23772680573321459,0.005636597133392707,2.0,2026-02-17T16:00:00+00:00,0.2546365971333927,SL,-1.0,0.11615653217339758,-1.1161565321733975,4,
BTC,BREAKOUT,SHORT,39612,39613,2026-02-17T15:00:00+00:00,2026-02-17T15:15:00+00:00,66781.7,67610.5837852691,65123.93242946178,828.8837852691067,2.0,2026-02-17T16:00:00+00:00,67610.5837852691,SL,-1.0,0.2107773997100549,-1.2107773997100548,3,
ETH,BREAKOUT,SHORT,39612,39613,2026-02-17T15:00:00+00:00,2026-02-17T15:15:00+00:00,1951.93,1983.762367456993,1888.2652650860143,31.83236745699287,2.0,2026-02-17T16:00:00+00:00,1983.762367456993,SL,-1.0,0.16072948657075553,-1.1607294865707556,3,
LINK,BREAKOUT,SHORT,39612,39613,2026-02-17T15:00:00+00:00,2026-02-17T15:15:00+00:00,8.721,8.858810990428585,8.44537801914283,0.13781099042858536,2.0,2026-02-17T16:00:00+00:00,8.858810990428585,SL,-1.0,0.16583404717202246,-1.1658340471720225,3,
SOL,BREAKOUT,SHORT,39612,39613,2026-02-17T15:00:00+00:00,2026-02-17T15:15:00+00:00,83.34,84.76842942471865,80.48314115056272,1.4284294247186438,2.0,2026-02-17T16:00:00+00:00,84.76842942471865,SL,-1.0,0.15299387878066154,-1.1529938787806615,3,
ETH,BREAKOUT,SHORT,39723,39724,2026-02-18T18:45:00+00:00,2026-02-18T19:00:00+00:00,1951.37,1983.4436347792234,1887.2227304415528,32.07363477922354,2.0,2026-02-19T06:30:00+00:00,1983.4436347792234,SL,-1.0,0.15948481550106444,-1.1594848155010644,46,
BNB,BREAKOUT,SHORT,39798,39799,2026-02-19T13:30:00+00:00,2026-02-19T13:45:00+00:00,598.14,603.7850985359512,586.8498029280976,5.645098535951206,2.0,2026-02-19T14:45:00+00:00,603.7850985359512,SL,-1.0,0.2767892567589085,-1.2767892567589085,4,
BTC,BREAKOUT,SHORT,39798,39799,2026-02-19T13:30:00+00:00,2026-02-19T13:45:00+00:00,65922.5,66458.67873181863,64850.14253636275,536.1787318186252,2.0,2026-02-19T14:45:00+00:00,66458.67873181863,SL,-1.0,0.3209667264638529,-1.320966726463853,4,
ETH,BREAKOUT,SHORT,39798,39799,2026-02-19T13:30:00+00:00,2026-02-19T13:45:00+00:00,1916.58,1938.753010891392,1872.2339782172157,22.173010891392096,2.0,2026-02-19T14:45:00+00:00,1938.753010891392,SL,-1.0,0.22603754351216773,-1.2260375435121678,4,
CRV,BREAKOUT,SHORT,39727,39728,2026-02-18T19:45:00+00:00,2026-02-18T20:00:00+00:00,0.244,0.250322094492859,0.23135581101428193,0.006322094492859032,2.0,2026-02-19T20:00:00+00:00,0.239,TIME,0.7908771382091224,0.09931835101630151,0.6915587871928209,96,
FET,BREAKOUT,SHORT,39796,39797,2026-02-19T13:00:00+00:00,2026-02-19T13:15:00+00:00,0.1607,0.16314575725522779,0.15580848548954446,0.002445757255227776,2.0,2026-02-20T00:15:00+00:00,0.16314575725522779,SL,-1.0,0.17213461537604147,-1.1721346153760415,44,
FET,BREAKOUT,SHORT,39894,39895,2026-02-20T13:30:00+00:00,2026-02-20T13:45:00+00:00,0.1609,0.16372278690805997,0.15525442618388002,0.002822786908059982,2.0,2026-02-20T14:30:00+00:00,0.16372278690805997,SL,-1.0,0.14950105577417203,-1.149501055774172,3,
UNI,BREAKOUT,SHORT,39894,39895,2026-02-20T13:30:00+00:00,2026-02-20T13:45:00+00:00,3.327,3.3837411554419843,3.2135176891160313,0.056741155441984326,2.0,2026-02-20T14:30:00+00:00,3.3837411554419843,SL,-1.0,0.15375019126980063,-1.1537501912698007,3,
CRV,BREAKOUT,SHORT,39895,39896,2026-02-20T13:45:00+00:00,2026-02-20T14:00:00+00:00,0.237,0.2425165560173797,0.22596688796524056,0.005516556017379715,2.0,2026-02-20T14:30:00+00:00,0.2425165560173797,SL,-1.0,0.11300012559623862,-1.1130001255962387,2,
AVAX,BREAKOUT,SHORT,39894,39895,2026-02-20T13:30:00+00:00,2026-02-20T13:45:00+00:00,8.95,9.089218912908793,8.671562174182412,0.1392189129087935,2.0,2026-02-20T15:00:00+00:00,9.089218912908793,SL,-1.0,0.16844683022446005,-1.1684468302244602,5,
DOGE,BREAKOUT,SHORT,40042,40043,2026-02-22T02:30:00+00:00,2026-02-22T02:45:00+00:00,0.09726,0.09816931866048498,0.09544136267903004,0.0009093186604849784,2.0,2026-02-22T14:45:00+00:00,0.09544136267903004,TP,2.0,0.2754939300917133,1.7245060699082866,48,
BTC,BREAKOUT,SHORT,40027,40028,2026-02-21T22:45:00+00:00,2026-02-21T23:00:00+00:00,67936.7,68357.46861441732,67095.16277116536,420.76861441732035,2.0,2026-02-22T23:00:00+00:00,67463.0,TIME,1.1257968958924753,0.41832875354487087,0.7074681423476045,96,
SOL,BREAKOUT,SHORT,40126,40127,2026-02-22T23:30:00+00:00,2026-02-22T23:45:00+00:00,82.52,83.37499329758109,80.81001340483782,0.854993297581089,2.0,2026-02-23T01:00:00+00:00,80.81001340483782,TP,2.0,0.24833997883609318,1.7516600211639068,5,
BNB,BREAKOUT,SHORT,40131,40132,2026-02-23T00:45:00+00:00,2026-02-23T01:00:00+00:00,606.29,610.8207263077093,597.2285473845814,4.530726307709301,2.0,2026-02-23T01:00:00+00:00,597.2285473845814,TP,2.0,0.34532523161633916,1.654674768383661,0,True
ADA,BREAKOUT,SHORT,40132,40133,2026-02-23T01:00:00+00:00,2026-02-23T01:15:00+00:00,0.2615,0.26549419823844167,0.2535116035231167,0.00399419823844166,2.0,2026-02-23T06:00:00+00:00,0.26549419823844167,SL,-1.0,0.17152189671418602,-1.171521896714186,19,
DOGE,BREAKOUT,SHORT,40132,40133,2026-02-23T01:00:00+00:00,2026-02-23T01:15:00+00:00,0.09223,0.09366525867001503,0.08935948265996996,0.0014352586700150244,2.0,2026-02-23T06:00:00+00:00,0.09366525867001503,SL,-1.0,0.1683765033577465,-1.1683765033577465,19,
BTC,BREAKOUT,SHORT,40134,40135,2026-02-23T01:30:00+00:00,2026-02-23T01:45:00+00:00,65083.1,65841.8352836162,63565.62943276761,758.7352836161954,2.0,2026-02-23T07:00:00+00:00,65841.8352836162,SL,-1.0,0.22432384461877428,-1.2243238446187743,21,
AVAX,BREAKOUT,SHORT,40132,40133,2026-02-23T01:00:00+00:00,2026-02-23T01:15:00+00:00,8.509,8.63186783486158,8.26326433027684,0.12286783486158015,2.0,2026-02-23T09:30:00+00:00,8.63186783486158,SL,-1.0,0.18135851592423413,-1.1813585159242341,33,
SOL,BREAKOUT,SHORT,40192,40193,2026-02-23T16:00:00+00:00,2026-02-23T16:15:00+00:00,78.8,80.1979900346795,76.00401993064098,1.397990034679509,2.0,2026-02-24T01:15:00+00:00,76.00401993064098,TP,2.0,0.1439532621246252,1.8560467378753749,36,
ADA,BREAKOUT,SHORT,40192,40193,2026-02-23T16:00:00+00:00,2026-02-23T16:15:00+00:00,0.2658,0.270358660228474,0.25668267954305196,0.00455866022847401,2.0,2026-02-24T04:00:00+00:00,0.25668267954305196,TP,2.0,0.14899717227518308,1.851002827724817,47,
SUI,BREAKOUT,SHORT,40192,40193,2026-02-23T16:00:00+00:00,2026-02-23T16:15:00+00:00,0.882,0.8984817377349374,0.8490365245301251,0.01648173773493744,2.0,2026-02-24T13:15:00+00:00,0.8490365245301251,TP,2.0,0.136535814249668,1.863464185750332,84,
BNB,BREAKOUT,SHORT,40197,40198,2026-02-23T17:15:00+00:00,2026-02-23T17:30:00+00:00,596.08,603.9779280983948,580.2841438032104,7.8979280983948,2.0,2026-02-24T13:30:00+00:00,580.2841438032104,TP,2.0,0.19362969222966056,1.8063703077703395,80,
AVAX,BREAKOUT,SHORT,40197,40198,2026-02-23T17:15:00+00:00,2026-02-23T17:30:00+00:00,8.404,8.550279082212421,8.111441835575157,0.14627908221242159,2.0,2026-02-24T17:30:00+00:00,8.361,TIME,0.29395863953778506,0.14899259463735734,0.14496604490042772,96,
DOGE,BREAKOUT,SHORT,40460,40461,2026-02-26T11:00:00+00:00,2026-02-26T11:15:00+00:00,0.09864,0.10001761804502173,0.09588476390995657,0.0013776180450217196,2.0,2026-02-26T16:45:00+00:00,0.09588476390995657,TP,2.0,0.18356480883564255,1.8164351911643575,22,
SUI,BREAKOUT,SHORT,40460,40461,2026-02-26T11:00:00+00:00,2026-02-26T11:15:00+00:00,0.9461,0.9619211552069145,0.9144576895861712,0.015821155206914406,2.0,2026-02-26T16:45:00+00:00,0.9144576895861712,TP,2.0,0.15287916494270623,1.8471208350572939,22,
FET,BREAKOUT,SHORT,40414,40415,2026-02-25T23:30:00+00:00,2026-02-25T23:45:00+00:00,0.1658,0.17015395044286746,0.15709209911426508,0.00435395044286746,2.0,2026-02-26T23:45:00+00:00,0.1619,TIME,0.8957382614193286,0.09784447608903761,0.797893785330291,96,
LINK,BREAKOUT,SHORT,40414,40415,2026-02-25T23:30:00+00:00,2026-02-25T23:45:00+00:00,9.206,9.413206950076047,8.791586099847905,0.2072069500760474,2.0,2026-02-26T23:45:00+00:00,9.093,TIME,0.5453485028302729,0.11480647725025278,0.43054202558002014,96,
XRP,BREAKOUT,SHORT,40483,40484,2026-02-26T16:45:00+00:00,2026-02-26T17:00:00+00:00,1.3882,1.4166125699572398,1.3313748600855206,0.02841256995723973,2.0,2026-02-27T04:15:00+00:00,1.4166125699572398,SL,-1.0,0.12833250728223264,-1.1283325072822326,45,
BTC,BREAKOUT,SHORT,40552,40553,2026-02-27T10:00:00+00:00,2026-02-27T10:15:00+00:00,66850.0,67537.91160262295,65474.17679475411,687.9116026229458,2.0,2026-02-27T16:45:00+00:00,65474.17679475411,TP,2.0,0.2500632772834154,1.7499367227165847,26,
XRP,BREAKOUT,SHORT,40559,40560,2026-02-27T11:45:00+00:00,2026-02-27T12:00:00+00:00,1.3816,1.400660053569885,1.3434798928602298,0.01906005356988505,2.0,2026-02-27T17:15:00+00:00,1.3434798928602298,TP,2.0,0.18586536746757235,1.8141346325324277,21,
DOGE,BREAKOUT,SHORT,40558,40559,2026-02-27T11:30:00+00:00,2026-02-27T11:45:00+00:00,0.09478,0.09632278918843488,0.09169442162313024,0.0015427891884348816,2.0,2026-02-28T06:15:00+00:00,0.09169442162313024,TP,2.0,0.15712888703607952,1.8428711129639206,74,
FET,BREAKOUT,SHORT,40580,40581,2026-02-27T17:00:00+00:00,2026-02-27T17:15:00+00:00,0.157,0.15988731879425216,0.15122536241149567,0.002887318794252164,2.0,2026-02-28T06:15:00+00:00,0.15122536241149567,TP,2.0,0.1387768375049582,1.8612231624950417,52,
SUI,BREAKOUT,SHORT,40635,40636,2026-02-28T06:45:00+00:00,2026-02-28T07:00:00+00:00,0.8416,0.8603208605818188,0.8041582788363625,0.018720860581818766,2.0,2026-02-28T07:30:00+00:00,0.8603208605818188,SL,-1.0,0.11818351560745485,-1.1181835156074549,2,
XRP,BREAKOUT,SHORT,40635,40636,2026-02-28T06:45:00+00:00,2026-02-28T07:00:00+00:00,1.2956,1.3175745718498333,1.2516508563003337,0.021974571849833202,2.0,2026-02-28T07:30:00+00:00,1.3175745718498333,SL,-1.0,0.15459354414819096,-1.154593544148191,2,
FET,BREAKOUT,SHORT,40782,40783,2026-03-01T19:30:00+00:00,2026-03-01T19:45:00+00:00,0.1499,0.15306297101389565,0.1435740579722087,0.003162971013895649,2.0,2026-03-02T00:45:00+00:00,0.15306297101389565,SL,-1.0,0.12451959268288702,-1.124519592682887,20,
ADA,BREAKOUT,SHORT,41083,41084,2026-03-04T22:45:00+00:00,2026-03-04T23:00:00+00:00,0.2759,0.2813125814122142,0.2650748371755715,0.005412581412214235,2.0,2026-03-05T16:00:00+00:00,0.2650748371755715,TP,2.0,0.12993195570993604,1.870068044290064,68,
FET,BREAKOUT,SHORT,41240,41241,2026-03-06T14:00:00+00:00,2026-03-06T14:15:00+00:00,0.1462,0.14924538881001745,0.1401092223799651,0.003045388810017452,2.0,2026-03-07T14:15:00+00:00,0.1447,TIME,0.4925479449671339,0.12417790423214724,0.36837004073498664,96,
ADA,BREAKOUT,SHORT,41243,41244,2026-03-06T14:45:00+00:00,2026-03-06T15:00:00+00:00,0.2582,0.263504237888604,0.24759152422279196,0.005304237888604013,2.0,2026-03-07T15:00:00+00:00,0.2555,TIME,0.5090269434937759,0.12590121597577072,0.3831257275180051,96,
UNI,BREAKOUT,LONG,41908,41909,2026-03-13T13:00:00+00:00,2026-03-13T13:15:00+00:00,4.151,4.087614110534231,4.2777717789315375,0.06338588946576884,2.0,2026-03-13T14:45:00+00:00,4.087614110534231,SL,-1.0,0.16896817941599568,-1.1689681794159956,6,
CRV,BREAKOUT,SHORT,41945,41946,2026-03-13T22:15:00+00:00,2026-03-13T22:30:00+00:00,0.235,0.24018589899347004,0.22462820201305989,0.005185898993470051,2.0,2026-03-14T08:00:00+00:00,0.22462820201305989,TP,2.0,0.11521949489748166,1.8847805051025184,38,
FET,BREAKOUT,LONG,42168,42169,2026-03-16T06:00:00+00:00,2026-03-16T06:15:00+00:00,0.2033,0.19779433063583166,0.21431133872833671,0.005505669364168353,2.0,2026-03-16T11:00:00+00:00,0.21431133872833671,TP,2.0,0.09860649167929894,1.901393508320701,19,
BNB,BREAKOUT,SHORT,42584,42585,2026-03-20T14:00:00+00:00,2026-03-20T14:15:00+00:00,637.82,643.1316582053065,627.1966835893871,5.311658205306458,2.0,2026-03-20T22:00:00+00:00,643.1316582053065,SL,-1.0,0.3135060825267883,-1.3135060825267884,31,
XRP,BREAKOUT,SHORT,42762,42763,2026-03-22T10:30:00+00:00,2026-03-22T10:45:00+00:00,1.3882,1.3996891383904788,1.3652217232190427,0.011489138390478715,2.0,2026-03-22T12:15:00+00:00,1.3996891383904788,SL,-1.0,0.31545062447077127,-1.3154506244707713,6,
DOGE,BREAKOUT,SHORT,42751,42752,2026-03-22T07:45:00+00:00,2026-03-22T08:00:00+00:00,0.0913,0.09216550283905921,0.0895689943218816,0.0008655028390592012,2.0,2026-03-22T21:00:00+00:00,0.0895689943218816,TP,2.0,0.2716683088804553,1.7283316911195448,52,
ADA,BREAKOUT,SHORT,42753,42754,2026-03-22T08:15:00+00:00,2026-03-22T08:30:00+00:00,0.2552,0.25797878346248304,0.24964243307503386,0.0027787834624830587,2.0,2026-03-22T21:00:00+00:00,0.24964243307503386,TP,2.0,0.23618075026655488,1.763819249733445,50,
AVAX,BREAKOUT,SHORT,42797,42798,2026-03-22T19:15:00+00:00,2026-03-22T19:30:00+00:00,8.977,9.05872519900718,8.813549601985642,0.08172519900717923,2.0,2026-03-22T22:15:00+00:00,9.05872519900718,SL,-1.0,0.28689367592301196,-1.2868936759230118,11,
UNI,BREAKOUT,SHORT,42797,42798,2026-03-22T19:15:00+00:00,2026-03-22T19:30:00+00:00,3.44,3.4735044268161985,3.3729911463676028,0.033504426816198585,2.0,2026-03-22T22:15:00+00:00,3.4735044268161985,SL,-1.0,0.2682497988748099,-1.2682497988748098,11,
SUI,BREAKOUT,SHORT,42845,42846,2026-03-23T07:15:00+00:00,2026-03-23T07:30:00+00:00,0.8931,0.905463506068671,0.868372987862658,0.012363506068670982,2.0,2026-03-23T10:00:00+00:00,0.905463506068671,SL,-1.0,0.18911565577777975,-1.1891156557777798,10,
CRV,BREAKOUT,SHORT,42845,42846,2026-03-23T07:15:00+00:00,2026-03-23T07:30:00+00:00,0.213,0.21846495017923165,0.2020700996415367,0.0054649501792316535,2.0,2026-03-23T11:00:00+00:00,0.21846495017923165,SL,-1.0,0.10263669692078724,-1.1026366969207873,14,
FET,BREAKOUT,LONG,42901,42902,2026-03-23T21:15:00+00:00,2026-03-23T21:30:00+00:00,0.2223,0.2171125606762121,0.2326748786475758,0.005187439323787901,2.0,2026-03-24T01:00:00+00:00,0.2326748786475758,TP,2.0,0.11401913455248965,1.8859808654475103,14,
LINK,BREAKOUT,SHORT,42915,42916,2026-03-24T00:45:00+00:00,2026-03-24T01:00:00+00:00,9.063,9.166157616025636,8.85668476794873,0.10315761602563533,2.0,2026-03-24T07:00:00+00:00,9.166157616025636,SL,-1.0,0.22972520899420792,-1.229725208994208,24,
FET,BREAKOUT,LONG,42946,42947,2026-03-24T08:30:00+00:00,2026-03-24T08:45:00+00:00,0.2395,0.2313474200992497,0.2558051598015006,0.0081525799007503,2.0,2026-03-24T10:00:00+00:00,0.2313474200992497,SL,-1.0,0.07508072948450238,-1.0750807294845024,5,
BTC,BREAKOUT,SHORT,42966,42967,2026-03-24T13:30:00+00:00,2026-03-24T13:45:00+00:00,70284.6,70930.96433484416,68991.8713303117,646.3643348441547,2.0,2026-03-24T17:30:00+00:00,68991.8713303117,TP,2.0,0.2801197451172187,1.7198802548827814,15,
BNB,BREAKOUT,SHORT,42967,42968,2026-03-24T13:45:00+00:00,2026-03-24T14:00:00+00:00,632.2,637.3170264257046,621.9659471485909,5.11702642570458,2.0,2026-03-24T20:45:00+00:00,637.3170264257046,SL,-1.0,0.3225256227059978,-1.3225256227059978,27,
XRP,BREAKOUT,SHORT,42968,42969,2026-03-24T14:00:00+00:00,2026-03-24T14:15:00+00:00,1.3993,1.4147148543529127,1.3684702912941746,0.015414854352912677,2.0,2026-03-24T23:15:00+00:00,1.4147148543529127,SL,-1.0,0.23731779924132443,-1.2373177992413245,36,
FET,BREAKOUT,LONG,42993,42994,2026-03-24T20:15:00+00:00,2026-03-24T20:30:00+00:00,0.246,0.23670631338489942,0.26458737323020115,0.009293686615100577,2.0,2026-03-25T20:00:00+00:00,0.26458737323020115,TP,2.0,0.07142091321658775,1.9285790867834123,94,
AVAX,BREAKOUT,SHORT,43142,43143,2026-03-26T09:30:00+00:00,2026-03-26T09:45:00+00:00,9.283,9.375178946049514,9.09864210790097,0.09217894604951482,2.0,2026-03-26T17:45:00+00:00,9.09864210790097,TP,2.0,0.25923636323022414,1.7407636367697759,32,
XRP,BREAKOUT,SHORT,43164,43165,2026-03-26T15:00:00+00:00,2026-03-26T15:15:00+00:00,1.3555,1.3691161913417607,1.3282676173164785,0.01361619134176073,2.0,2026-03-26T21:30:00+00:00,1.3691161913417607,SL,-1.0,0.2601315566035713,-1.2601315566035713,25,
BNB,BREAKOUT,SHORT,43234,43235,2026-03-27T08:30:00+00:00,2026-03-27T08:45:00+00:00,619.66,624.5469378499378,609.8861243001244,4.8869378499377945,2.0,2026-03-27T10:30:00+00:00,609.8861243001244,TP,2.0,0.3270780211805861,1.6729219788194138,7,
BTC,BREAKOUT,SHORT,43234,43235,2026-03-27T08:30:00+00:00,2026-03-27T08:45:00+00:00,67780.4,68393.88571344872,66553.42857310254,613.4857134487247,2.0,2026-03-27T10:45:00+00:00,66553.42857310254,TP,2.0,0.284658588320377,1.715341411679623,8,
FET,BREAKOUT,LONG,43261,43262,2026-03-27T15:15:00+00:00,2026-03-27T15:30:00+00:00,0.236,0.22979594894674749,0.248408102106505,0.006204051053252502,2.0,2026-03-27T18:30:00+00:00,0.22979594894674749,SL,-1.0,0.09760311906416654,-1.0976031190641666,12,
AVAX,BREAKOUT,SHORT,43272,43273,2026-03-27T18:00:00+00:00,2026-03-27T18:15:00+00:00,8.686,8.804909157753414,8.448181684493171,0.11890915775341426,2.0,2026-03-28T07:15:00+00:00,8.804909157753414,SL,-1.0,0.191223134825598,-1.191223134825598,52,
CRV,BREAKOUT,SHORT,43243,43244,2026-03-27T10:45:00+00:00,2026-03-27T11:00:00+00:00,0.216,0.22281376120426058,0.20237247759147883,0.006813761204260582,2.0,2026-03-28T11:00:00+00:00,0.212,TIME,0.5870472827105887,0.08165827702504282,0.5053890056855459,96,
SUI,BREAKOUT,SHORT,43273,43274,2026-03-27T18:15:00+00:00,2026-03-27T18:30:00+00:00,0.8785,0.8917497778625684,0.8520004442748631,0.013249777862568424,2.0,2026-03-28T13:30:00+00:00,0.8917497778625684,SL,-1.0,0.173687795757146,-1.173687795757146,76,
FET,BREAKOUT,LONG,43349,43350,2026-03-28T13:15:00+00:00,2026-03-28T13:30:00+00:00,0.2461,0.2391707757285065,0.259958448542987,0.006929224271493506,2.0,2026-03-28T22:30:00+00:00,0.2391707757285065,SL,-1.0,0.09104222691165491,-1.0910422269116549,36,
BNB,BREAKOUT,SHORT,43452,43453,2026-03-29T15:00:00+00:00,2026-03-29T15:15:00+00:00,608.11,611.4123138382358,601.5053723235284,3.3023138382358184,2.0,2026-03-29T20:15:00+00:00,611.4123138382358,SL,-1.0,0.4800812659394774,-1.4800812659394773,20,
BTC,BREAKOUT,SHORT,43546,43547,2026-03-30T14:30:00+00:00,2026-03-30T14:45:00+00:00,67100.0,67720.33226853776,65859.33546292447,620.3322685377643,2.0,2026-03-30T14:45:00+00:00,67720.33226853776,SL,-1.0,0.28253637741953014,-1.2825363774195302,0,True
BNB,BREAKOUT,SHORT,43546,43547,2026-03-30T14:30:00+00:00,2026-03-30T14:45:00+00:00,614.06,618.5466918286951,605.0866163426097,4.486691828695143,2.0,2026-03-30T15:30:00+00:00,618.5466918286951,SL,-1.0,0.3571425808942451,-1.3571425808942452,3,
ADA,BREAKOUT,SHORT,43566,43567,2026-03-30T19:30:00+00:00,2026-03-30T19:45:00+00:00,0.2427,0.24593702082185723,0.23622595835628554,0.0032370208218572283,2.0,2026-03-30T21:15:00+00:00,0.24593702082185723,SL,-1.0,0.19623850510295907,-1.1962385051029591,6,
XRP,BREAKOUT,SHORT,43564,43565,2026-03-30T19:00:00+00:00,2026-03-30T19:15:00+00:00,1.3221,1.3357194206119742,1.2948611587760517,0.013619420611974187,2.0,2026-03-31T01:15:00+00:00,1.3357194206119742,SL,-1.0,0.2536939966269775,-1.2536939966269776,24,
SOL,BREAKOUT,SHORT,43561,43562,2026-03-30T18:15:00+00:00,2026-03-30T18:30:00+00:00,82.78,83.91305681249007,80.51388637501987,1.133056812490068,2.0,2026-03-31T01:30:00+00:00,83.91305681249007,SL,-1.0,0.19125340536102783,-1.1912534053610278,28,
SUI,BREAKOUT,SHORT,43619,43620,2026-03-31T08:45:00+00:00,2026-03-31T09:00:00+00:00,0.8631,0.8732565642362825,0.8427868715274349,0.010156564236282528,2.0,2026-03-31T13:45:00+00:00,0.8732565642362825,SL,-1.0,0.22224676386562817,-1.2222467638656282,19,
BTC,BREAKOUT,SHORT,43620,43621,2026-03-31T09:00:00+00:00,2026-03-31T09:15:00+00:00,66669.6,67277.26559735712,65454.26880528577,607.6655973571178,2.0,2026-03-31T13:45:00+00:00,67277.26559735712,SL,-1.0,0.2865571558335721,-1.286557155833572,18,
AVAX,BREAKOUT,SHORT,43620,43621,2026-03-31T09:00:00+00:00,2026-03-31T09:15:00+00:00,8.796,8.897765994420185,8.592468011159628,0.10176599442018563,2.0,2026-03-31T14:00:00+00:00,8.897765994420185,SL,-1.0,0.22602732792815644,-1.2260273279281564,19,
ADA,BREAKOUT,SHORT,43619,43620,2026-03-31T08:45:00+00:00,2026-03-31T09:00:00+00:00,0.2418,0.24487543284241048,0.235649134315179,0.0030754328424104915,2.0,2026-03-31T14:15:00+00:00,0.24487543284241048,SL,-1.0,0.20572000596808587,-1.205720005968086,21,
DOGE,BREAKOUT,SHORT,43619,43620,2026-03-31T08:45:00+00:00,2026-03-31T09:00:00+00:00,0.09073,0.09164120555440958,0.08890758889118086,0.0009112055544095721,2.0,2026-03-31T14:15:00+00:00,0.09164120555440958,SL,-1.0,0.260185603647196,-1.2601856036471961,21,
XRP,BREAKOUT,SHORT,43735,43736,2026-04-01T13:45:00+00:00,2026-04-01T14:00:00+00:00,1.3462,1.3596085246638239,1.3193829506723525,0.013408524663823806,2.0,2026-04-01T16:30:00+00:00,1.3596085246638239,SL,-1.0,0.2623369214924385,-1.2623369214924385,10,
FET,BREAKOUT,LONG,43705,43706,2026-04-01T06:15:00+00:00,2026-04-01T06:30:00+00:00,0.24,0.23475104365994795,0.2504979126801041,0.005248956340052041,2.0,2026-04-02T01:30:00+00:00,0.23475104365994795,SL,-1.0,0.11758077544836526,-1.1175807754483653,76,
SUI,BREAKOUT,SHORT,43761,43762,2026-04-01T20:15:00+00:00,2026-04-01T20:30:00+00:00,0.8856,0.8988619217730875,0.8590761564538251,0.013261921773087493,2.0,2026-04-02T02:30:00+00:00,0.8590761564538251,TP,2.0,0.17102189578531526,1.8289781042146847,24,
BNB,BREAKOUT,SHORT,43786,43787,2026-04-02T02:30:00+00:00,2026-04-02T02:45:00+00:00,596.88,603.4173033280774,583.8053933438451,6.537303328077428,2.0,2026-04-02T10:00:00+00:00,583.8053933438451,TP,2.0,0.23478962720831842,1.7652103727916817,29,
BNB,BREAKOUT,SHORT,43819,43820,2026-04-02T10:45:00+00:00,2026-04-02T11:00:00+00:00,581.68,586.5351465802138,571.9697068395723,4.855146580213841,2.0,2026-04-02T13:30:00+00:00,571.9697068395723,TP,2.0,0.3088979074294784,1.6911020925705216,10,
SOL,BREAKOUT,SHORT,43830,43831,2026-04-02T13:30:00+00:00,2026-04-02T13:45:00+00:00,76.89,77.94270646669875,74.7845870666025,1.0527064666987513,2.0,2026-04-02T14:00:00+00:00,77.94270646669875,SL,-1.0,0.19120478953446818,-1.1912047895344682,1,
DOGE,BREAKOUT,SHORT,43782,43783,2026-04-02T01:30:00+00:00,2026-04-02T01:45:00+00:00,0.09012,0.09145483051139025,0.08745033897721952,0.0013348305113902448,2.0,2026-04-03T01:45:00+00:00,0.09026,TIME,-0.10488222947060842,0.17567323941057597,-0.2805554688811844,96,
CRV,BREAKOUT,SHORT,43785,43786,2026-04-02T02:15:00+00:00,2026-04-02T02:30:00+00:00,0.21,0.21633123099445406,0.19733753801109186,0.006331230994454068,2.0,2026-04-03T02:30:00+00:00,0.208,TIME,0.31589433425378577,0.08582849061675352,0.23006584363703225,96,
AVAX,BREAKOUT,SHORT,43786,43787,2026-04-02T02:30:00+00:00,2026-04-02T02:45:00+00:00,8.768,8.920665667926079,8.462668664147845,0.15266566792607783,2.0,2026-04-03T02:45:00+00:00,8.774,TIME,-0.0393015671532889,0.14937608638402058,-0.18867765353730948,96,
LINK,BREAKOUT,SHORT,43786,43787,2026-04-02T02:30:00+00:00,2026-04-02T02:45:00+00:00,8.592,8.748580716654182,8.278838566691638,0.15658071665418127,2.0,2026-04-03T02:45:00+00:00,8.632,TIME,-0.25545929827580083,0.14300100598883084,-0.39846030426463164,96,
XRP,BREAKOUT,SHORT,43881,43882,2026-04-03T02:15:00+00:00,2026-04-03T02:30:00+00:00,1.307,1.319606719866589,1.2817865602668217,0.012606719866589122,2.0,2026-04-03T03:30:00+00:00,1.319606719866589,SL,-1.0,0.27085465307086404,-1.270854653070864,4,
XRP,BREAKOUT,SHORT,44086,44087,2026-04-05T05:30:00+00:00,2026-04-05T05:45:00+00:00,1.304,1.3107968902828568,1.2904062194342865,0.006796890282856793,2.0,2026-04-05T12:15:00+00:00,1.2904062194342865,TP,2.0,0.4962163496696882,1.5037836503303117,26,
LINK,BREAKOUT,SHORT,44114,44115,2026-04-05T12:30:00+00:00,2026-04-05T12:45:00+00:00,8.48,8.529610031386948,8.380779937226105,0.04961003138694764,2.0,2026-04-05T13:45:00+00:00,8.529610031386948,SL,-1.0,0.44572624573305175,-1.4457262457330518,4,
UNI,BREAKOUT,SHORT,44088,44089,2026-04-05T06:00:00+00:00,2026-04-05T06:15:00+00:00,3.058,3.0962946930840407,2.981410613831918,0.038294693084040876,2.0,2026-04-05T14:30:00+00:00,3.0962946930840407,SL,-1.0,0.20892145769261838,-1.2089214576926184,33,
SUI,BREAKOUT,SHORT,44113,44114,2026-04-05T12:15:00+00:00,2026-04-05T12:30:00+00:00,0.8459,0.8519343187008334,0.8338313625983332,0.006034318700833374,2.0,2026-04-05T15:15:00+00:00,0.8519343187008334,SL,-1.0,0.3657719659397934,-1.3657719659397933,11,
BNB,BREAKOUT,SHORT,44116,44117,2026-04-05T13:00:00+00:00,2026-04-05T13:15:00+00:00,588.38,591.1639378957689,582.8121242084623,2.7839378957688723,2.0,2026-04-05T15:15:00+00:00,591.1639378957689,SL,-1.0,0.5508050742062265,-1.5508050742062265,8,
CRV,BREAKOUT,SHORT,44089,44090,2026-04-05T06:15:00+00:00,2026-04-05T06:30:00+00:00,0.208,0.2119229360524636,0.20015412789507278,0.003922936052463605,2.0,2026-04-05T23:15:00+00:00,0.2119229360524636,SL,-1.0,0.139155930549869,-1.139155930549869,67,
SOL,BREAKOUT,SHORT,44228,44229,2026-04-06T17:00:00+00:00,2026-04-06T17:15:00+00:00,81.26,82.26780295004177,79.24439409991648,1.0078029500417642,2.0,2026-04-07T06:15:00+00:00,79.24439409991648,TP,2.0,0.20704018808562183,1.7929598119143781,52,
DOGE,BREAKOUT,SHORT,44251,44252,2026-04-06T22:45:00+00:00,2026-04-06T23:00:00+00:00,0.09033,0.09111259286672511,0.08876481426654975,0.0007825928667251209,2.0,2026-04-07T09:00:00+00:00,0.09111259286672511,SL,-1.0,0.3014024031598947,-1.3014024031598947,40,
BTC,BREAKOUT,LONG,44819,44820,2026-04-12T20:45:00+00:00,2026-04-12T21:00:00+00:00,71302.8,70941.35521324031,72025.68957351938,361.44478675969003,2.0,2026-04-12T22:00:00+00:00,70941.35521324031,SL,-1.0,0.5116062218934603,-1.5116062218934603,4,
ETH,BREAKOUT,LONG,44819,44820,2026-04-12T20:45:00+00:00,2026-04-12T21:00:00+00:00,2212.25,2194.328132467848,2248.0937350643044,17.92186753215219,2.0,2026-04-12T22:00:00+00:00,2194.328132467848,SL,-1.0,0.3196403255370048,-1.3196403255370048,4,
UNI,BREAKOUT,SHORT,44770,44771,2026-04-12T08:30:00+00:00,2026-04-12T08:45:00+00:00,3.052,3.081980288797113,2.992039422405774,0.02998028879711301,2.0,2026-04-13T08:45:00+00:00,3.032,TIME,0.6671049813878359,0.26381333593963335,0.40329164544820256,96,
ETH,BREAKOUT,LONG,44891,44892,2026-04-13T14:45:00+00:00,2026-04-13T15:00:00+00:00,2232.88,2205.607393981085,2287.4252120378305,27.272606018915212,2.0,2026-04-13T15:30:00+00:00,2205.607393981085,SL,-1.0,0.21156883974247057,-1.2115688397424706,2,
ADA,BREAKOUT,SHORT,44949,44950,2026-04-14T05:15:00+00:00,2026-04-14T05:30:00+00:00,0.2428,0.24563616419348114,0.2371276716130377,0.00283616419348115,2.0,2026-04-14T13:30:00+00:00,0.24563616419348114,SL,-1.0,0.22388231785415694,-1.223882317854157,32,
BTC,BREAKOUT,LONG,44985,44986,2026-04-14T14:15:00+00:00,2026-04-14T14:30:00+00:00,75803.4,75189.59383134703,77031.01233730593,613.8061686529691,2.0,2026-04-14T14:30:00+00:00,75189.59383134703,SL,-1.0,0.31979296071840096,-1.319792960718401,0,True
ETH,BREAKOUT,LONG,44924,44925,2026-04-13T23:00:00+00:00,2026-04-13T23:15:00+00:00,2352.65,2310.5922241941025,2436.765551611795,42.05777580589756,2.0,2026-04-14T18:45:00+00:00,2310.5922241941025,SL,-1.0,0.14414016850130854,-1.1441401685013086,78,
UNI,BREAKOUT,SHORT,44989,44990,2026-04-14T15:15:00+00:00,2026-04-14T15:30:00+00:00,3.147,3.1914078827300068,3.058184234539986,0.04440788273000695,2.0,2026-04-15T13:15:00+00:00,3.1914078827300068,SL,-1.0,0.1855510720393158,-1.1855510720393159,87,
BTC,BREAKOUT,LONG,45102,45103,2026-04-15T19:30:00+00:00,2026-04-15T19:45:00+00:00,75025.6,74344.81054676767,76387.17890646469,680.7894532323407,2.0,2026-04-16T10:00:00+00:00,74344.81054676767,SL,-1.0,0.28522993825600207,-1.285229938256002,57,
AVAX,BREAKOUT,LONG,45195,45196,2026-04-16T18:45:00+00:00,2026-04-16T19:00:00+00:00,9.773,9.559863096731831,10.199273806536336,0.21313690326816825,2.0,2026-04-17T02:15:00+00:00,9.559863096731831,SL,-1.0,0.11791820956565865,-1.1179182095656586,29,
BTC,BREAKOUT,LONG,45253,45254,2026-04-17T09:15:00+00:00,2026-04-17T09:30:00+00:00,76249.6,75662.9741366113,77422.85172677742,586.6258633887046,2.0,2026-04-17T09:30:00+00:00,75662.9741366113,SL,-1.0,0.3366478682627365,-1.3366478682627365,0,True
SUI,BREAKOUT,LONG,45268,45269,2026-04-17T13:00:00+00:00,2026-04-17T13:15:00+00:00,1.0206,1.001873870888877,1.0580522582222458,0.018726129111122924,2.0,2026-04-17T23:15:00+00:00,1.001873870888877,SL,-1.0,0.14040360485359688,-1.1404036048535968,40,
AVAX,BREAKOUT,LONG,45268,45269,2026-04-17T13:00:00+00:00,2026-04-17T13:15:00+00:00,9.84,9.677156027829108,10.165687944341784,0.16284397217089186,2.0,2026-04-18T01:45:00+00:00,9.677156027829108,SL,-1.0,0.15580744253494147,-1.1558074425349414,50,
LINK,BREAKOUT,LONG,45268,45269,2026-04-17T13:00:00+00:00,2026-04-17T13:15:00+00:00,9.712,9.564517338162304,10.006965323675391,0.14748266183769587,2.0,2026-04-18T01:45:00+00:00,9.564517338162304,SL,-1.0,0.16991470202232214,-1.1699147020223222,50,
XRP,BREAKOUT,LONG,45271,45272,2026-04-17T13:45:00+00:00,2026-04-17T14:00:00+00:00,1.4865,1.4636703150227728,1.5321593699544542,0.02282968497722715,2.0,2026-04-18T04:00:00+00:00,1.4636703150227728,SL,-1.0,0.16799274336703632,-1.1679927433670363,56,
SOL,BREAKOUT,LONG,45456,45457,2026-04-19T12:00:00+00:00,2026-04-19T12:15:00+00:00,85.64,84.92740873794995,87.06518252410011,0.7125912620500543,2.0,2026-04-19T14:30:00+00:00,87.06518252410011,TP,2.0,0.3150708537113096,1.6849291462886904,9,
BTC,BREAKOUT,LONG,45461,45462,2026-04-19T13:15:00+00:00,2026-04-19T13:30:00+00:00,75999.0,75503.73705629105,76989.5258874179,495.262943708949,2.0,2026-04-19T15:30:00+00:00,75503.73705629105,SL,-1.0,0.39767473152387106,-1.3976747315238711,8,
XRP,BREAKOUT,LONG,45533,45534,2026-04-20T07:15:00+00:00,2026-04-20T07:30:00+00:00,1.4249,1.4101243454124601,1.45445130917508,0.014775654587539933,2.0,2026-04-20T08:30:00+00:00,1.4101243454124601,SL,-1.0,0.24943271563373898,-1.249432715633739,4,
BTC,BREAKOUT,LONG,45531,45532,2026-04-20T06:45:00+00:00,2026-04-20T07:00:00+00:00,74751.2,74215.87641687812,75821.84716624375,535.3235831218772,2.0,2026-04-20T17:15:00+00:00,75821.84716624375,TP,2.0,0.36565727251278524,1.6343427274872147,41,
BTC,BREAKOUT,LONG,45576,45577,2026-04-20T18:00:00+00:00,2026-04-20T18:15:00+00:00,76237.4,75395.12597266222,77921.94805467554,842.2740273377713,2.0,2026-04-21T15:00:00+00:00,75395.12597266222,SL,-1.0,0.23403580944733357,-1.2340358094473336,83,
FET,BREAKOUT,SHORT,45669,45670,2026-04-21T17:15:00+00:00,2026-04-21T17:30:00+00:00,0.2071,0.21070067658321587,0.19989864683356828,0.0036006765832158616,2.0,2026-04-22T01:45:00+00:00,0.21070067658321587,SL,-1.0,0.1508441169334589,-1.150844116933459,33,
SOL,BREAKOUT,LONG,45697,45698,2026-04-22T00:15:00+00:00,2026-04-22T00:30:00+00:00,86.26,85.28942879177104,88.20114241645793,0.9705712082289608,2.0,2026-04-22T05:30:00+00:00,88.20114241645793,TP,2.0,0.2336762962042169,1.766323703795783,20,
DOGE,BREAKOUT,LONG,45705,45706,2026-04-22T02:15:00+00:00,2026-04-22T02:30:00+00:00,0.09619,0.09531369499980995,0.0979426100003801,0.0008763050001900502,2.0,2026-04-22T07:00:00+00:00,0.0979426100003801,TP,2.0,0.2879960663761595,1.7120039336238406,18,
BNB,BREAKOUT,LONG,45707,45708,2026-04-22T02:45:00+00:00,2026-04-22T03:00:00+00:00,640.49,635.8886146647956,649.6927706704089,4.601385335204441,2.0,2026-04-22T13:30:00+00:00,649.6927706704089,TP,2.0,0.36450709507835893,1.6354929049216411,42,
CRV,BREAKOUT,LONG,45706,45707,2026-04-22T02:30:00+00:00,2026-04-22T02:45:00+00:00,0.234,0.22847847453180714,0.24504305093638576,0.005521525468192873,2.0,2026-04-22T20:00:00+00:00,0.22847847453180714,SL,-1.0,0.10888694082001976,-1.1088869408200197,69,
ETH,BREAKOUT,LONG,45707,45708,2026-04-22T02:45:00+00:00,2026-04-22T03:00:00+00:00,2369.68,2339.003575976113,2431.0328480477733,30.67642402388674,2.0,2026-04-23T03:00:00+00:00,2340.0,TIME,-0.9675182471362692,0.19958597505473724,-1.1671042221910064,96,
AVAX,BREAKOUT,LONG,45854,45855,2026-04-23T15:30:00+00:00,2026-04-23T15:45:00+00:00,9.401,9.309150329421756,9.584699341156487,0.09184967057824345,2.0,2026-04-23T17:00:00+00:00,9.309150329421756,SL,-1.0,0.2648152712483408,-1.2648152712483407,5,
FET,BREAKOUT,SHORT,45901,45902,2026-04-24T03:15:00+00:00,2026-04-24T03:30:00+00:00,0.2078,0.21078703615313393,0.20182592769373217,0.0029870361531339207,2.0,2026-04-24T11:00:00+00:00,0.21078703615313393,SL,-1.0,0.18217494502975878,-1.1821749450297587,30,
XRP,BREAKOUT,LONG,45933,45934,2026-04-24T11:15:00+00:00,2026-04-24T11:30:00+00:00,1.4391,1.4292784434387875,1.458743113122425,0.00982155656121253,2.0,2026-04-24T14:15:00+00:00,1.4292784434387875,SL,-1.0,0.37966405357747796,-1.379664053577478,11,
LINK,BREAKOUT,LONG,46100,46101,2026-04-26T05:00:00+00:00,2026-04-26T05:15:00+00:00,9.394,9.3365010989685,9.508997802063002,0.05749890103150079,2.0,2026-04-26T19:15:00+00:00,9.508997802063002,TP,2.0,0.42738029252453164,1.5726197074754684,56,
CRV,BREAKOUT,LONG,46181,46182,2026-04-27T01:15:00+00:00,2026-04-27T01:30:00+00:00,0.233,0.2278304805003401,0.24333903899931983,0.005169519499659908,2.0,2026-04-27T05:15:00+00:00,0.2278304805003401,SL,-1.0,0.11588690683725138,-1.1158869068372514,15,
LINK,BREAKOUT,LONG,46271,46272,2026-04-27T23:45:00+00:00,2026-04-28T00:00:00+00:00,9.317,9.256135523533873,9.438728952932255,0.06086447646612747,2.0,2026-04-28T02:30:00+00:00,9.256135523533873,SL,-1.0,0.3967022733536752,-1.3967022733536751,10,
DOGE,BREAKOUT,LONG,46277,46278,2026-04-28T01:15:00+00:00,2026-04-28T01:30:00+00:00,0.09931,0.09853638730403524,0.1008572253919295,0.000773612695964751,2.0,2026-04-28T04:15:00+00:00,0.1008572253919295,TP,2.0,0.3363664975598654,1.6636335024401345,11,
CRV,BREAKOUT,LONG,46269,46270,2026-04-27T23:15:00+00:00,2026-04-27T23:30:00+00:00,0.23,0.22485783440978296,0.2402843311804341,0.005142165590217046,2.0,2026-04-28T11:45:00+00:00,0.22485783440978296,SL,-1.0,0.11499341558694515,-1.1149934155869452,49,
FET,BREAKOUT,SHORT,46282,46283,2026-04-28T02:30:00+00:00,2026-04-28T02:45:00+00:00,0.2027,0.20489558447969788,0.1983088310406042,0.002195584479697893,2.0,2026-04-28T12:15:00+00:00,0.1983088310406042,TP,2.0,0.2374363114574925,1.7625636885425076,38,
DOGE,BREAKOUT,LONG,46406,46407,2026-04-29T09:30:00+00:00,2026-04-29T09:45:00+00:00,0.10773,0.10573008675030489,0.11172982649939024,0.0019999132496951177,2.0,2026-04-29T09:45:00+00:00,0.11172982649939024,TP,2.0,0.14265507491022442,1.8573449250897756,0,True
SOL,BREAKOUT,SHORT,46417,46418,2026-04-29T12:15:00+00:00,2026-04-29T12:30:00+00:00,84.11,84.82163045562194,82.68673908875611,0.7116304556219433,2.0,2026-04-29T17:15:00+00:00,82.68673908875611,TP,2.0,0.30470275562598725,1.6952972443740126,19,
ADA,BREAKOUT,SHORT,46422,46423,2026-04-29T13:30:00+00:00,2026-04-29T13:45:00+00:00,0.2468,0.24951132749720084,0.2413773450055983,0.0027113274972008494,2.0,2026-04-29T18:00:00+00:00,0.2413773450055983,TP,2.0,0.23406635648495608,1.765933643515044,17,
UNI,BREAKOUT,SHORT,46422,46423,2026-04-29T13:30:00+00:00,2026-04-29T13:45:00+00:00,3.228,3.2669373939685658,3.150125212062869,0.03893739396856555,2.0,2026-04-29T18:00:00+00:00,3.150125212062869,TP,2.0,0.21294601231853294,1.787053987681467,17,
DOGE,BREAKOUT,LONG,46464,46465,2026-04-30T00:00:00+00:00,2026-04-30T00:15:00+00:00,0.10433,0.10283187627177852,0.10732624745644298,0.001498123728221487,2.0,2026-04-30T00:45:00+00:00,0.10732624745644298,TP,2.0,0.1836651516227079,1.816334848377292,2,
FET,BREAKOUT,SHORT,46643,46644,2026-05-01T20:45:00+00:00,2026-05-01T21:00:00+00:00,0.1983,0.20064795843287975,0.19360408313424052,0.002347958432879743,2.0,2026-05-02T13:45:00+00:00,0.20064795843287975,SL,-1.0,0.2208865108939119,-1.220886510893912,67,
XRP,BREAKOUT,SHORT,46643,46644,2026-05-01T20:45:00+00:00,2026-05-01T21:00:00+00:00,1.3838,1.3927121688904234,1.365975662219153,0.008912168890423455,2.0,2026-05-02T14:15:00+00:00,1.3927121688904234,SL,-1.0,0.4050041986340823,-1.4050041986340824,69,
BNB,BREAKOUT,SHORT,46643,46644,2026-05-01T20:45:00+00:00,2026-05-01T21:00:00+00:00,617.31,620.0404098840305,611.8491802319388,2.730409884030564,2.0,2026-05-02T21:00:00+00:00,619.14,TIME,-0.6702290416919527,0.5886973268743144,-1.258926368566267,96,
BNB,BREAKOUT,SHORT,46752,46753,2026-05-03T00:00:00+00:00,2026-05-03T00:15:00+00:00,618.01,620.0975162431009,613.8349675137981,2.0875162431009358,2.0,2026-05-03T12:00:00+00:00,620.0975162431009,SL,-1.0,0.7710310166138462,-1.771031016613846,47,
AVAX,BREAKOUT,SHORT,46760,46761,2026-05-03T02:00:00+00:00,2026-05-03T02:15:00+00:00,9.05,9.115315411577438,8.919369176845127,0.06531541157743703,2.0,2026-05-03T12:00:00+00:00,9.115315411577438,SL,-1.0,0.3615518828516171,-1.361551882851617,39,
CRV,BREAKOUT,LONG,46857,46858,2026-05-04T02:15:00+00:00,2026-05-04T02:30:00+00:00,0.2384,0.2350537176341992,0.24509256473160163,0.0033462823658008123,2.0,2026-05-04T10:00:00+00:00,0.2350537176341992,SL,-1.0,0.18393242579131946,-1.1839324257913195,30,
ETH,BREAKOUT,LONG,46858,46859,2026-05-04T02:30:00+00:00,2026-05-04T02:45:00+00:00,2379.46,2347.3306092532966,2443.718781493407,32.12939074670339,2.0,2026-05-04T10:00:00+00:00,2347.3306092532966,SL,-1.0,0.19125254632037397,-1.191252546320374,29,
LINK,BREAKOUT,LONG,46952,46953,2026-05-05T02:00:00+00:00,2026-05-05T02:15:00+00:00,9.434,9.351090981251375,9.599818037497249,0.08290901874862477,2.0,2026-05-05T07:30:00+00:00,9.599818037497249,TP,2.0,0.2984471873170837,1.7015528126829162,21,
LINK,BREAKOUT,LONG,46985,46986,2026-05-05T10:15:00+00:00,2026-05-05T10:30:00+00:00,9.654,9.544951951060323,9.872096097879353,0.10904804893967679,2.0,2026-05-06T04:00:00+00:00,9.872096097879353,TP,2.0,0.23277743319630634,1.7672225668036936,70,
ADA,BREAKOUT,LONG,47072,47073,2026-05-06T08:00:00+00:00,2026-05-06T08:15:00+00:00,0.2657,0.26288394267944326,0.27133211464111345,0.0028160573205567307,2.0,2026-05-06T08:45:00+00:00,0.27133211464111345,TP,2.0,0.24791460881748875,1.7520853911825112,2,
XRP,BREAKOUT,LONG,47075,47076,2026-05-06T08:45:00+00:00,2026-05-06T09:00:00+00:00,1.4424,1.4297481782144172,1.4677036435711652,0.012651821785582662,2.0,2026-05-06T13:15:00+00:00,1.4297481782144172,SL,-1.0,0.2951189713985358,-1.2951189713985358,17,
BNB,BREAKOUT,LONG,47088,47089,2026-05-06T12:00:00+00:00,2026-05-06T12:15:00+00:00,653.4,647.6150355057266,664.9699289885467,5.784964494273368,2.0,2026-05-06T13:45:00+00:00,647.6150355057266,SL,-1.0,0.29236472373023376,-1.2923647237302338,6,
CRV,BREAKOUT,LONG,47075,47076,2026-05-06T08:45:00+00:00,2026-05-06T09:00:00+00:00,0.2486,0.24497548102281275,0.25584903795437447,0.003624518977187241,2.0,2026-05-06T14:00:00+00:00,0.24497548102281275,SL,-1.0,0.1770298705478427,-1.1770298705478428,20,
BTC,BREAKOUT,LONG,47079,47080,2026-05-06T09:45:00+00:00,2026-05-06T10:00:00+00:00,81959.2,81421.0113272248,83035.5773455504,538.1886727751989,2.0,2026-05-06T14:00:00+00:00,81421.0113272248,SL,-1.0,0.39464649753806536,-1.3946464975380652,16,
CRV,BREAKOUT,LONG,47127,47128,2026-05-06T21:45:00+00:00,2026-05-06T22:00:00+00:00,0.2509,0.24703093890346803,0.258638122193064,0.003869061096531984,2.0,2026-05-06T23:00:00+00:00,0.24703093890346803,SL,-1.0,0.16730421268217302,-1.167304212682173,4,
AVAX,BREAKOUT,LONG,47164,47165,2026-05-07T07:00:00+00:00,2026-05-07T07:15:00+00:00,9.671,9.563139554043309,9.88672089191338,0.10786044595669075,2.0,2026-05-07T09:30:00+00:00,9.563139554043309,SL,-1.0,0.23182160242779193,-1.231821602427792,9,
CRV,BREAKOUT,LONG,47164,47165,2026-05-07T07:00:00+00:00,2026-05-07T07:15:00+00:00,0.2471,0.24344121983576192,0.2544175603284761,0.003658780164238068,2.0,2026-05-07T10:15:00+00:00,0.24344121983576192,SL,-1.0,0.17429404259364428,-1.1742940425936443,12,
LINK,BREAKOUT,LONG,47163,47164,2026-05-07T06:45:00+00:00,2026-05-07T07:00:00+00:00,10.058,9.949955777910755,10.274088444178489,0.10804422208924436,2.0,2026-05-07T10:30:00+00:00,9.949955777910755,SL,-1.0,0.2407379312685456,-1.2407379312685456,14,
ADA,BREAKOUT,LONG,47164,47165,2026-05-07T07:00:00+00:00,2026-05-07T07:15:00+00:00,0.268,0.2649081860470952,0.27418362790580963,0.0030918139529048094,2.0,2026-05-07T13:45:00+00:00,0.2649081860470952,SL,-1.0,0.22406931736961244,-1.2240693173696124,26,
SOL,BREAKOUT,LONG,47164,47165,2026-05-07T07:00:00+00:00,2026-05-07T07:15:00+00:00,89.48,88.5659185070114,91.3081629859772,0.9140814929886005,2.0,2026-05-07T13:45:00+00:00,88.5659185070114,SL,-1.0,0.2532156003972409,-1.2532156003972408,26,
SUI,BREAKOUT,LONG,47289,47290,2026-05-08T14:15:00+00:00,2026-05-08T14:30:00+00:00,0.9929,0.9784108166711942,1.0218783666576114,0.014489183328805777,2.0,2026-05-08T17:30:00+00:00,1.0218783666576114,TP,1.9999999999999922,0.18077015227267298,1.8192298477273192,12,
SOL,BREAKOUT,LONG,47290,47291,2026-05-08T14:30:00+00:00,2026-05-08T14:45:00+00:00,89.17,88.29471319126499,90.92057361747003,0.8752868087350123,2.0,2026-05-08T17:30:00+00:00,90.92057361747003,TP,2.0,0.26747546446068826,1.7325245355393117,11,
LINK,BREAKOUT,LONG,47301,47302,2026-05-08T17:15:00+00:00,2026-05-08T17:30:00+00:00,10.178,10.046622878250018,10.440754243499967,0.13137712174998306,2.0,2026-05-08T18:15:00+00:00,10.440754243499967,TP,2.0,0.20402624261749297,1.795973757382507,3,
ADA,BREAKOUT,LONG,47290,47291,2026-05-08T14:30:00+00:00,2026-05-08T14:45:00+00:00,0.2673,0.2642661887153033,0.2733676225693934,0.003033811284696708,2.0,2026-05-08T19:15:00+00:00,0.2733676225693934,TP,2.0,0.2316781906922327,1.7683218093077673,18,
AVAX,BREAKOUT,LONG,47290,47291,2026-05-08T14:30:00+00:00,2026-05-08T14:45:00+00:00,9.7,9.575236229628015,9.949527540743969,0.1247637703719846,2.0,2026-05-08T19:15:00+00:00,9.949527540743969,TP,2.0,0.20474201546495652,1.7952579845350436,18,
CRV,BREAKOUT,LONG,47290,47291,2026-05-08T14:30:00+00:00,2026-05-08T14:45:00+00:00,0.2511,0.2468041979996726,0.2596916040006548,0.004295802000327392,2.0,2026-05-08T22:00:00+00:00,0.2596916040006548,TP,2.0,0.154576278224705,1.845423721775295,29,
LINK,BREAKOUT,LONG,47332,47333,2026-05-09T01:00:00+00:00,2026-05-09T01:15:00+00:00,10.459,10.346637708626746,10.683724582746507,0.1123622913732536,2.0,2026-05-09T14:15:00+00:00,10.346637708626746,SL,-1.0,0.24071535646569273,-1.2407153564656928,52,
BNB,BREAKOUT,LONG,47305,47306,2026-05-08T18:15:00+00:00,2026-05-08T18:30:00+00:00,648.94,644.2565531017904,658.3068937964194,4.683446898209695,2.0,2026-05-09T18:30:00+00:00,651.46,TIME,0.5380652444171584,0.36095637182226237,0.17710887259489605,96,
UNI,BREAKOUT,LONG,47424,47425,2026-05-10T00:00:00+00:00,2026-05-10T00:15:00+00:00,3.816,3.7550389164480236,3.9379221671039524,0.06096108355197627,2.0,2026-05-10T00:45:00+00:00,3.7550389164480236,SL,-1.0,0.16145301260911324,-1.1614530126091132,2,
ADA,BREAKOUT,LONG,47480,47481,2026-05-10T14:00:00+00:00,2026-05-10T14:15:00+00:00,0.2752,0.2728443751528482,0.2799112496943036,0.0023556248471517938,2.0,2026-05-10T15:45:00+00:00,0.2799112496943036,TP,2.0,0.30634955539509673,1.6936504446049032,6,
XRP,BREAKOUT,LONG,47483,47484,2026-05-10T14:45:00+00:00,2026-05-10T15:00:00+00:00,1.4344,1.4252131805428885,1.4527736389142227,0.009186819457111417,2.0,2026-05-10T16:00:00+00:00,1.4527736389142227,TP,2.0,0.4085555123958685,1.5914444876041314,4,
SUI,BREAKOUT,LONG,47485,47486,2026-05-10T15:15:00+00:00,2026-05-10T15:30:00+00:00,1.1867,1.1508926301400395,1.2583147397199212,0.03580736985996058,2.0,2026-05-10T16:15:00+00:00,1.2583147397199212,TP,2.0,0.0887671776527235,1.9112328223472765,3,
SOL,BREAKOUT,LONG,47486,47487,2026-05-10T15:30:00+00:00,2026-05-10T15:45:00+00:00,94.52,93.71210947103917,96.13578105792165,0.8078905289608258,2.0,2026-05-10T17:30:00+00:00,96.13578105792165,TP,2.0,0.30678972768019214,1.693210272319808,7,
CRV,BREAKOUT,LONG,47487,47488,2026-05-10T15:45:00+00:00,2026-05-10T16:00:00+00:00,0.2571,0.25400938005179785,0.2632812398964043,0.0030906199482021446,2.0,2026-05-10T17:30:00+00:00,0.2632812398964043,TP,2.0,0.21888670338093566,1.7811132966190644,6,
BNB,BREAKOUT,LONG,47486,47487,2026-05-10T15:30:00+00:00,2026-05-10T15:45:00+00:00,655.41,652.3627698272835,661.5044603454329,3.0472301727164677,2.0,2026-05-10T17:45:00+00:00,661.5044603454329,TP,2.0,0.5618180122320402,1.4381819877679598,8,
LINK,BREAKOUT,LONG,47488,47489,2026-05-10T16:00:00+00:00,2026-05-10T16:15:00+00:00,10.639,10.530777483738452,10.855445032523093,0.10822251626154689,2.0,2026-05-10T19:30:00+00:00,10.855445032523093,TP,2.0,0.2581974574934968,1.7418025425065031,13,
BTC,BREAKOUT,LONG,47487,47488,2026-05-10T15:45:00+00:00,2026-05-10T16:00:00+00:00,81381.5,81058.9017738923,82026.6964522154,322.5982261077006,2.0,2026-05-10T20:15:00+00:00,81058.9017738923,SL,-1.0,0.654599142884187,-1.6545991428841869,17,
AVAX,BREAKOUT,LONG,47493,47494,2026-05-10T17:15:00+00:00,2026-05-10T17:30:00+00:00,10.348,10.208999861140503,10.626000277718996,0.13900013885949747,2.0,2026-05-10T20:30:00+00:00,10.208999861140503,SL,-1.0,0.1922595188663488,-1.1922595188663487,12,
CRV,BREAKOUT,LONG,47545,47546,2026-05-11T06:15:00+00:00,2026-05-11T06:30:00+00:00,0.2611,0.25661275395241323,0.27007449209517354,0.004487246047586768,2.0,2026-05-11T08:30:00+00:00,0.25661275395241323,SL,-1.0,0.14998655589659265,-1.1499865558965927,8,
FET,BREAKOUT,LONG,47557,47558,2026-05-11T09:15:00+00:00,2026-05-11T09:30:00+00:00,0.2385,0.23466366329542865,0.24617267340914267,0.0038363367045713415,2.0,2026-05-11T13:30:00+00:00,0.23466366329542865,SL,-1.0,0.16033857548298483,-1.160338575482985,16,
CRV,BREAKOUT,LONG,47584,47585,2026-05-11T16:00:00+00:00,2026-05-11T16:15:00+00:00,0.2802,0.2718963070840644,0.29680738583187116,0.008303692915935579,2.0,2026-05-11T16:15:00+00:00,0.2718963070840644,SL,-1.0,0.0864344583157574,-1.0864344583157575,0,True
BNB,BREAKOUT,LONG,47584,47585,2026-05-11T16:00:00+00:00,2026-05-11T16:15:00+00:00,663.12,658.1539285001971,673.0521429996057,4.966071499802865,2.0,2026-05-11T23:30:00+00:00,673.0521429996057,TP,2.0,0.34977824744739194,1.650221752552608,29,
ADA,BREAKOUT,LONG,47581,47582,2026-05-11T15:15:00+00:00,2026-05-11T15:30:00+00:00,0.283,0.2785017027702625,0.29199659445947496,0.004498297229737491,2.0,2026-05-12T01:15:00+00:00,0.2785017027702625,SL,-1.0,0.16227300605565792,-1.1622730060556579,39,
BTC,BREAKOUT,LONG,47584,47585,2026-05-11T16:00:00+00:00,2026-05-11T16:15:00+00:00,81751.6,81071.7181358064,83111.36372838722,679.8818641936086,2.0,2026-05-12T01:30:00+00:00,81071.7181358064,SL,-1.0,0.3113339606838982,-1.311333960683898,37,
XRP,BREAKOUT,LONG,47580,47581,2026-05-11T15:00:00+00:00,2026-05-11T15:15:00+00:00,1.4725,1.45482956589248,1.50784086821504,0.017670434107520006,2.0,2026-05-12T06:45:00+00:00,1.45482956589248,SL,-1.0,0.21536134384161534,-1.2153613438416153,62,
DOGE,BREAKOUT,LONG,47584,47585,2026-05-11T16:00:00+00:00,2026-05-11T16:15:00+00:00,0.11134,0.1095894177734581,0.11484116445308379,0.0017505822265418969,2.0,2026-05-12T08:00:00+00:00,0.1095894177734581,SL,-1.0,0.1640644116859607,-1.1640644116859606,63,
DOGE,BREAKOUT,LONG,47809,47810,2026-05-14T00:15:00+00:00,2026-05-14T00:30:00+00:00,0.11499,0.11311607663423927,0.11873784673152145,0.0018739233657607268,2.0,2026-05-14T03:00:00+00:00,0.11311607663423927,SL,-1.0,0.15824441118707663,-1.1582444111870767,10,
ADA,BREAKOUT,LONG,47860,47861,2026-05-14T13:00:00+00:00,2026-05-14T13:15:00+00:00,0.2674,0.26499447932549863,0.2722110413490028,0.0024055206745013935,2.0,2026-05-14T14:00:00+00:00,0.26499447932549863,SL,-1.0,0.28771850953499145,-1.2877185095349915,3,
AVAX,BREAKOUT,LONG,47860,47861,2026-05-14T13:00:00+00:00,2026-05-14T13:15:00+00:00,9.781,9.694869971946195,9.953260056107611,0.08613002805380532,2.0,2026-05-14T14:45:00+00:00,9.953260056107611,TP,2.0,0.2978582342608032,1.7021417657391968,6,
UNI,BREAKOUT,LONG,47861,47862,2026-05-14T13:15:00+00:00,2026-05-14T13:30:00+00:00,3.638,3.5987122277646186,3.7165755444707624,0.03928777223538127,2.0,2026-05-14T14:45:00+00:00,3.7165755444707624,TP,2.0,0.24335684269727356,1.7566431573027264,5,
SOL,BREAKOUT,LONG,47866,47867,2026-05-14T14:30:00+00:00,2026-05-14T14:45:00+00:00,91.56,90.61853915184774,93.44292169630452,0.9414608481522606,2.0,2026-05-14T16:00:00+00:00,93.44292169630452,TP,2.0,0.25545809863173374,1.7445419013682661,5,
UNI,BREAKOUT,LONG,47872,47873,2026-05-14T16:00:00+00:00,2026-05-14T16:15:00+00:00,3.791,3.7296198701389147,3.9137602597221703,0.06138012986108521,2.0,2026-05-14T17:15:00+00:00,3.7296198701389147,SL,-1.0,0.15928291212982673,-1.1592829121298267,4,
ADA,BREAKOUT,LONG,47867,47868,2026-05-14T14:45:00+00:00,2026-05-14T15:00:00+00:00,0.2701,0.26691748311688984,0.27646503376622034,0.0031825168831101647,2.0,2026-05-14T18:15:00+00:00,0.27646503376622034,TP,2.0,0.2232618301781656,1.7767381698218343,13,
XRP,BREAKOUT,LONG,47876,47877,2026-05-14T17:00:00+00:00,2026-05-14T17:15:00+00:00,1.4909,1.4696922058119681,1.5333155883760634,0.02120779418803176,2.0,2026-05-14T18:15:00+00:00,1.5333155883760634,TP,2.0,0.18537902763633676,1.8146209723636633,4,
DOGE,BREAKOUT,LONG,47881,47882,2026-05-14T18:15:00+00:00,2026-05-14T18:30:00+00:00,0.11827,0.11559720922381109,0.12361558155237783,0.002672790776188913,2.0,2026-05-14T20:00:00+00:00,0.11559720922381109,SL,-1.0,0.11374903516558146,-1.1137490351655814,6,
BNB,BREAKOUT,LONG,47933,47934,2026-05-15T07:15:00+00:00,2026-05-15T07:30:00+00:00,687.6,680.9341981011542,700.9316037976918,6.665801898845871,2.0,2026-05-15T13:15:00+00:00,680.9341981011542,SL,-1.0,0.26689878945240425,-1.2668987894524042,23,
ADA,BREAKOUT,SHORT,48504,48505,2026-05-21T06:00:00+00:00,2026-05-21T06:15:00+00:00,0.2487,0.2508792596042143,0.2443414807915714,0.0021792596042143064,2.0,2026-05-21T17:15:00+00:00,0.2508792596042143,SL,-1.0,0.2980154526929927,-1.2980154526929928,44,
AVAX,BREAKOUT,SHORT,48579,48580,2026-05-22T00:45:00+00:00,2026-05-22T01:00:00+00:00,9.385,9.463521637282915,9.22795672543417,0.07852163728291472,2.0,2026-05-22T02:00:00+00:00,9.463521637282915,SL,-1.0,0.31205510960224636,-1.3120551096022464,4,
UNI,BREAKOUT,LONG,48624,48625,2026-05-22T12:00:00+00:00,2026-05-22T12:15:00+00:00,3.645,3.5975739493331393,3.7398521013337214,0.047426050666860675,2.0,2026-05-22T14:15:00+00:00,3.5975739493331393,SL,-1.0,0.19852688557751086,-1.1985268855775109,8,
FET,BREAKOUT,SHORT,48633,48634,2026-05-22T14:15:00+00:00,2026-05-22T14:30:00+00:00,0.2076,0.21543868814009803,0.19192262371980395,0.007838688140098027,2.0,2026-05-23T07:45:00+00:00,0.19192262371980395,TP,2.0,0.06625846079765715,1.933741539202343,69,
AVAX,BREAKOUT,SHORT,48652,48653,2026-05-22T19:00:00+00:00,2026-05-22T19:15:00+00:00,9.251,9.375263630283492,9.002472739433015,0.12426363028349208,2.0,2026-05-23T07:45:00+00:00,9.002472739433015,TP,2.0,0.19096106002316987,1.80903893997683,50,
SOL,BREAKOUT,SHORT,48652,48653,2026-05-22T19:00:00+00:00,2026-05-22T19:15:00+00:00,85.08,86.20167301984797,82.83665396030405,1.1216730198479752,2.0,2026-05-23T07:45:00+00:00,82.83665396030405,TP,2.0,0.19461255311104944,1.8053874468889506,50,
CRV,BREAKOUT,SHORT,48703,48704,2026-05-23T07:45:00+00:00,2026-05-23T08:00:00+00:00,0.2225,0.22571214564412775,0.2160757087117445,0.0032121456441277507,2.0,2026-05-23T13:00:00+00:00,0.22571214564412775,SL,-1.0,0.1813976867464209,-1.1813976867464209,20,
SOL,BREAKOUT,SHORT,48824,48825,2026-05-24T14:00:00+00:00,2026-05-24T14:15:00+00:00,85.3,86.13230340212792,83.63539319574416,0.8323034021279199,2.0,2026-05-24T21:45:00+00:00,83.63539319574416,TP,2.0,0.26386532914918176,1.7361346708508183,30,
ETH,BREAKOUT,SHORT,48854,48855,2026-05-24T21:30:00+00:00,2026-05-24T21:45:00+00:00,2068.56,2086.384250413638,2032.9114991727242,17.824250413637856,2.0,2026-05-24T22:00:00+00:00,2086.384250413638,SL,-1.0,0.3030381306472747,-1.3030381306472747,1,
XRP,BREAKOUT,SHORT,48824,48825,2026-05-24T14:00:00+00:00,2026-05-24T14:15:00+00:00,1.3498,1.3590622858100896,1.3312754283798212,0.009262285810089477,2.0,2026-05-25T05:30:00+00:00,1.3590622858100896,SL,-1.0,0.3801999899114642,-1.380199989911464,61,
ETH,BREAKOUT,SHORT,48947,48948,2026-05-25T20:45:00+00:00,2026-05-25T21:00:00+00:00,2107.49,2121.0562471531252,2080.357505693749,13.56624715312546,2.0,2026-05-26T10:15:00+00:00,2121.0562471531252,SL,-1.0,0.405204922131513,-1.405204922131513,53,
FET,BREAKOUT,LONG,49058,49059,2026-05-27T00:30:00+00:00,2026-05-27T00:45:00+00:00,0.2565,0.2471660630688894,0.2751678738622212,0.009333936931110592,2.0,2026-05-27T01:45:00+00:00,0.2471660630688894,SL,-1.0,0.07014895073987278,-1.0701489507398727,4,
BTC,BREAKOUT,SHORT,49072,49073,2026-05-27T04:00:00+00:00,2026-05-27T04:15:00+00:00,75600.0,75965.05454429537,74869.89091140925,365.0545442953735,2.0,2026-05-27T08:00:00+00:00,75965.05454429537,SL,-1.0,0.5397400853834025,-1.5397400853834025,15,
ETH,BREAKOUT,SHORT,49110,49111,2026-05-27T13:30:00+00:00,2026-05-27T13:45:00+00:00,2052.72,2072.0905993130796,2013.9788013738403,19.370599313079765,2.0,2026-05-27T15:15:00+00:00,2072.0905993130796,SL,-1.0,0.27682436110720676,-1.2768243611072068,6,
XRP,BREAKOUT,SHORT,49149,49150,2026-05-27T23:15:00+00:00,2026-05-27T23:30:00+00:00,1.304,1.3181172490590622,1.2757655018818757,0.014117249059062198,2.0,2026-05-28T03:45:00+00:00,1.2757655018818757,TP,2.0,0.23756010384286746,1.7624398961571326,17,
AVAX,BREAKOUT,SHORT,49166,49167,2026-05-28T03:30:00+00:00,2026-05-28T03:45:00+00:00,8.92,9.040357949889694,8.679284100220611,0.12035794988969428,2.0,2026-05-28T18:00:00+00:00,9.040357949889694,SL,-1.0,0.1939918830144167,-1.1939918830144167,57,
BTC,BREAKOUT,SHORT,49167,49168,2026-05-28T03:45:00+00:00,2026-05-28T04:00:00+00:00,73224.4,73924.21528632248,71824.76942735503,699.8152863224823,2.0,2026-05-28T22:00:00+00:00,73924.21528632248,SL,-1.0,0.27334813001508135,-1.2733481300150813,72,
CRV,BREAKOUT,SHORT,49166,49167,2026-05-28T03:30:00+00:00,2026-05-28T03:45:00+00:00,0.2111,0.21495414041327013,0.20339171917345977,0.0038541404132701185,2.0,2026-05-29T03:45:00+00:00,0.2102,TIME,0.23351510414650145,0.14210431932221745,0.091410784824284,96,
ADA,BREAKOUT,SHORT,49306,49307,2026-05-29T14:30:00+00:00,2026-05-29T14:45:00+00:00,0.2301,0.23291833266367842,0.22446333467264315,0.0028183326636784245,2.0,2026-05-29T14:45:00+00:00,0.23291833266367842,SL,-1.0,0.21357444428762518,-1.2135744442876253,0,True
BTC,BREAKOUT,SHORT,49306,49307,2026-05-29T14:30:00+00:00,2026-05-29T14:45:00+00:00,72619.7,73175.33698855434,71508.42602289132,555.636988554339,2.0,2026-05-29T14:45:00+00:00,73175.33698855434,SL,-1.0,0.3411103867981335,-1.3411103867981335,0,True
CRV,BREAKOUT,SHORT,49306,49307,2026-05-29T14:30:00+00:00,2026-05-29T14:45:00+00:00,0.207,0.21000169394732063,0.2009966121053587,0.0030016939473206383,2.0,2026-05-29T14:45:00+00:00,0.21000169394732063,SL,-1.0,0.18059875911580067,-1.1805987591158007,0,True
LINK,BREAKOUT,SHORT,49306,49307,2026-05-29T14:30:00+00:00,2026-05-29T14:45:00+00:00,8.801,8.906372358098693,8.590255283802614,0.10537235809869294,2.0,2026-05-29T14:45:00+00:00,8.906372358098693,SL,-1.0,0.21845941839858896,-1.2184594183985888,0,True
FET,BREAKOUT,LONG,49395,49396,2026-05-30T12:45:00+00:00,2026-05-30T13:00:00+00:00,0.269,0.25830915715099306,0.2903816856980139,0.010690842849006954,2.0,2026-05-31T13:00:00+00:00,0.272,TIME,0.28061398360922174,0.06578527155745516,0.21482871205176657,96,
BNB,BREAKOUT,LONG,49493,49494,2026-05-31T13:15:00+00:00,2026-05-31T13:30:00+00:00,732.06,722.9041861897854,750.3716276204291,9.155813810214568,2.0,2026-05-31T14:15:00+00:00,722.9041861897854,SL,-1.0,0.2065849613429824,-1.2065849613429824,3,
BTC,BREAKOUT,SHORT,49498,49499,2026-05-31T14:30:00+00:00,2026-05-31T14:45:00+00:00,73577.7,73882.64407705748,72967.81184588502,304.94407705748745,2.0,2026-05-31T21:45:00+00:00,73882.64407705748,SL,-1.0,0.6286347619863302,-1.6286347619863302,28,
SOL,BREAKOUT,SHORT,49497,49498,2026-05-31T14:15:00+00:00,2026-05-31T14:30:00+00:00,81.96,82.60451321509797,80.67097356980405,0.6445132150979731,2.0,2026-05-31T22:15:00+00:00,82.60451321509797,SL,-1.0,0.3319309242512693,-1.3319309242512694,31,
DOGE,BREAKOUT,SHORT,49498,49499,2026-05-31T14:30:00+00:00,2026-05-31T14:45:00+00:00,0.09984,0.10062119922499463,0.09827760155001074,0.0007811992249946303,2.0,2026-05-31T22:15:00+00:00,0.10062119922499463,SL,-1.0,0.3335891161365198,-1.3335891161365199,30,
LINK,BREAKOUT,SHORT,49498,49499,2026-05-31T14:30:00+00:00,2026-05-31T14:45:00+00:00,9.091,9.19610023788977,8.880799524220459,0.1051002378897703,2.0,2026-05-31T23:00:00+00:00,9.19610023788977,SL,-1.0,0.22619578020546627,-1.2261957802054662,33,
BTC,BREAKOUT,SHORT,49543,49544,2026-06-01T01:45:00+00:00,2026-06-01T02:00:00+00:00,73257.9,73736.25019569132,72301.19960861735,478.3501956913242,2.0,2026-06-01T02:30:00+00:00,73736.25019569132,SL,-1.0,0.3994822140257035,-1.3994822140257035,2,
XRP,BREAKOUT,SHORT,49543,49544,2026-06-01T01:45:00+00:00,2026-06-01T02:00:00+00:00,1.321,1.3331921750141569,1.296615649971686,0.012192175014156925,2.0,2026-06-01T02:30:00+00:00,1.3331921750141569,SL,-1.0,0.28300527375237966,-1.2830052737523796,2,
BTC,BREAKOUT,SHORT,49562,49563,2026-06-01T06:30:00+00:00,2026-06-01T06:45:00+00:00,72971.4,73447.68988004954,72018.8202399009,476.2898800495459,2.0,2026-06-01T12:00:00+00:00,72018.8202399009,TP,2.0,0.39574069113596083,1.6042593088640391,21,
SOL,BREAKOUT,SHORT,49562,49563,2026-06-01T06:30:00+00:00,2026-06-01T06:45:00+00:00,81.1,81.97739307264487,79.34521385471024,0.8773930726448782,2.0,2026-06-01T13:45:00+00:00,79.34521385471024,TP,2.0,0.23772558105840533,1.7622744189415946,28,
ADA,BREAKOUT,SHORT,49567,49568,2026-06-01T07:45:00+00:00,2026-06-01T08:00:00+00:00,0.2309,0.23367036317281273,0.22535927365437453,0.0027703631728127343,2.0,2026-06-01T15:15:00+00:00,0.22535927365437453,TP,2.0,0.21410083037902863,1.7858991696209714,29,
SUI,BREAKOUT,SHORT,49592,49593,2026-06-01T14:00:00+00:00,2026-06-01T14:15:00+00:00,0.8604,0.8781562986732361,0.824887402653528,0.017756298673236026,2.0,2026-06-01T16:45:00+00:00,0.8781562986732361,SL,-1.0,0.12728571589538978,-1.1272857158953897,10,
LINK,BREAKOUT,SHORT,49562,49563,2026-06-01T06:30:00+00:00,2026-06-01T06:45:00+00:00,8.971,9.08424139452703,8.74451721094594,0.11324139452703008,2.0,2026-06-01T17:30:00+00:00,9.08424139452703,SL,-1.0,0.20727238401574566,-1.2072723840157455,43,
ETH,BREAKOUT,SHORT,49562,49563,2026-06-01T06:30:00+00:00,2026-06-01T06:45:00+00:00,1981.25,1999.115289122519,1945.519421754962,17.865289122519016,2.0,2026-06-01T19:15:00+00:00,1999.115289122519,SL,-1.0,0.2896384626284554,-1.2896384626284554,50,
FET,BREAKOUT,LONG,49608,49609,2026-06-01T18:00:00+00:00,2026-06-01T18:15:00+00:00,0.281,0.2689830393901873,0.30503392121962547,0.012016960609812721,2.0,2026-06-01T21:15:00+00:00,0.2689830393901873,SL,-1.0,0.0594974032471582,-1.0594974032471582,12,
BTC,BREAKOUT,SHORT,49589,49590,2026-06-01T13:15:00+00:00,2026-06-01T13:30:00+00:00,71806.1,72428.34125053148,70561.61749893706,622.2412505314715,2.0,2026-06-02T01:45:00+00:00,70561.61749893706,TP,2.0,0.2974377423395484,1.7025622576604516,49,
BTC,BREAKOUT,SHORT,49683,49684,2026-06-02T12:45:00+00:00,2026-06-02T13:00:00+00:00,68985.4,69587.63953173286,67780.92093653427,602.2395317328628,2.0,2026-06-02T14:15:00+00:00,67780.92093653427,TP,2.0,0.2952250854504851,1.7047749145495148,5,
SUI,BREAKOUT,SHORT,49690,49691,2026-06-02T14:30:00+00:00,2026-06-02T14:45:00+00:00,0.8315,0.8501853792951887,0.7941292414096227,0.018685379295188653,2.0,2026-06-02T23:15:00+00:00,0.7941292414096227,TP,2.0,0.11310008646046985,1.8868999135395301,34,
BTC,BREAKOUT,SHORT,49742,49743,2026-06-03T03:30:00+00:00,2026-06-03T03:45:00+00:00,65725.7,66682.97552407875,63811.14895184249,957.2755240787519,2.0,2026-06-03T05:00:00+00:00,66682.97552407875,SL,-1.0,0.1798137253607893,-1.1798137253607892,5,
ETH,BREAKOUT,SHORT,49782,49783,2026-06-03T13:30:00+00:00,2026-06-03T13:45:00+00:00,1863.7,1886.0151213887032,1819.0697572225938,22.31512138870312,2.0,2026-06-03T16:15:00+00:00,1819.0697572225938,TP,2.0,0.2145451329165999,1.7854548670834,10,
CRV,BREAKOUT,SHORT,49793,49794,2026-06-03T16:15:00+00:00,2026-06-03T16:30:00+00:00,0.2035,0.20777386062483644,0.19495227875032708,0.004273860624836451,2.0,2026-06-03T18:45:00+00:00,0.20777386062483644,SL,-1.0,0.1250990768639647,-1.1250990768639646,9,
XRP,BREAKOUT,SHORT,49782,49783,2026-06-03T13:30:00+00:00,2026-06-03T13:45:00+00:00,1.2267,1.2411396033184972,1.1978207933630054,0.014439603318497252,2.0,2026-06-03T20:30:00+00:00,1.1978207933630054,TP,2.0,0.21828002901813284,1.7817199709818672,27,
ADA,BREAKOUT,SHORT,49793,49794,2026-06-03T16:15:00+00:00,2026-06-03T16:30:00+00:00,0.2086,0.2124083847858531,0.2009832304282938,0.003808384785853103,2.0,2026-06-03T20:45:00+00:00,0.2009832304282938,TP,2.0,0.1398120803167498,1.8601879196832503,17,
SOL,BREAKOUT,SHORT,49791,49792,2026-06-03T15:45:00+00:00,2026-06-03T16:00:00+00:00,73.25,74.4649091733468,70.8201816533064,1.214909173346797,2.0,2026-06-04T00:15:00+00:00,70.8201816533064,TP,2.0,0.15416068975210204,1.845839310247898,33,
LINK,BREAKOUT,SHORT,49792,49793,2026-06-03T16:00:00+00:00,2026-06-03T16:15:00+00:00,8.333,8.479579432491839,8.039841135016323,0.1465794324918388,2.0,2026-06-04T01:45:00+00:00,8.039841135016323,TP,2.0,0.1452092774114561,1.8547907225885438,38,
XRP,BREAKOUT,SHORT,49829,49830,2026-06-04T01:15:00+00:00,2026-06-04T01:30:00+00:00,1.1695,1.1933559072269022,1.1217881855461955,0.02385590722690223,2.0,2026-06-04T03:00:00+00:00,1.1933559072269022,SL,-1.0,0.12876109259559043,-1.1287610925955904,6,
SOL,BREAKOUT,SHORT,49829,49830,2026-06-04T01:15:00+00:00,2026-06-04T01:30:00+00:00,69.26,71.11375816996171,65.55248366007659,1.8537581699617078,2.0,2026-06-04T03:15:00+00:00,71.11375816996171,SL,-1.0,0.09844104186724624,-1.0984410418672463,7,
UNI,BREAKOUT,SHORT,49829,49830,2026-06-04T01:15:00+00:00,2026-06-04T01:30:00+00:00,2.674,2.756721299080821,2.5085574018383574,0.08272129908082126,2.0,2026-06-04T03:30:00+00:00,2.756721299080821,SL,-1.0,0.08534606887528798,-1.085346068875288,8,
ETH,BREAKOUT,SHORT,49861,49862,2026-06-04T09:15:00+00:00,2026-06-04T09:30:00+00:00,1748.41,1782.3260736616812,1680.5778526766378,33.91607366168114,2.0,2026-06-04T12:30:00+00:00,1782.3260736616812,SL,-1.0,0.1353327906274123,-1.1353327906274122,12,
SOL,BREAKOUT,SHORT,49856,49857,2026-06-04T08:00:00+00:00,2026-06-04T08:15:00+00:00,68.47,70.1676907905881,65.0746184188238,1.6976907905880978,2.0,2026-06-04T12:45:00+00:00,70.1676907905881,SL,-1.0,0.10616126271459088,-1.106161262714591,18,
SUI,BREAKOUT,SHORT,49856,49857,2026-06-04T08:00:00+00:00,2026-06-04T08:15:00+00:00,0.7768,0.8020308966312718,0.7263382067374565,0.02523089663127176,2.0,2026-06-04T14:00:00+00:00,0.8020308966312718,SL,-1.0,0.08134788848830533,-1.0813478884883054,23,
ADA,BREAKOUT,SHORT,49924,49925,2026-06-05T01:00:00+00:00,2026-06-05T01:15:00+00:00,0.1728,0.17877579476149333,0.16084841047701337,0.005975794761493319,2.0,2026-06-05T03:15:00+00:00,0.16084841047701337,TP,2.0,0.07258330497142565,1.9274166950285743,8,
XRP,BREAKOUT,SHORT,49856,49857,2026-06-04T08:00:00+00:00,2026-06-04T08:15:00+00:00,1.1611,1.1846500388681913,1.1139999222636174,0.023550038868191292,2.0,2026-06-05T06:15:00+00:00,1.1139999222636174,TP,2.0,0.1255891727184167,1.8744108272815834,88,
AVAX,BREAKOUT,SHORT,49930,49931,2026-06-05T02:30:00+00:00,2026-06-05T02:45:00+00:00,7.465,7.632926217914109,7.129147564171781,0.16792621791410944,2.0,2026-06-05T06:15:00+00:00,7.129147564171781,TP,2.0,0.11298052245258852,1.8870194775474114,14,
DOGE,BREAKOUT,SHORT,49930,49931,2026-06-05T02:30:00+00:00,2026-06-05T02:45:00+00:00,0.08654,0.08829699946809275,0.08302600106381453,0.0017569994680927403,2.0,2026-06-05T06:15:00+00:00,0.08302600106381453,TP,2.0,0.12546150718090232,1.8745384928190978,14,
SUI,BREAKOUT,SHORT,49930,49931,2026-06-05T02:30:00+00:00,2026-06-05T02:45:00+00:00,0.7448,0.7658466667187628,0.7027066665624745,0.021046666718762763,2.0,2026-06-05T06:15:00+00:00,0.7027066665624745,TP,2.0,0.08940886895185449,1.9105911310481456,14,
LINK,BREAKOUT,SHORT,49932,49933,2026-06-05T03:00:00+00:00,2026-06-05T03:15:00+00:00,7.774,7.928885819984044,7.464228360031911,0.15488581998404438,2.0,2026-06-05T06:15:00+00:00,7.464228360031911,TP,2.0,0.12789871190327293,1.8721012880967272,12,
BTC,BREAKOUT,SHORT,49944,49945,2026-06-05T06:00:00+00:00,2026-06-05T06:15:00+00:00,62041.1,63151.68279800104,59819.93440399791,1110.5827980010436,2.0,2026-06-05T09:15:00+00:00,63151.68279800104,SL,-1.0,0.14654523546586432,-1.1465452354658643,12,
SOL,BREAKOUT,SHORT,49944,49945,2026-06-05T06:00:00+00:00,2026-06-05T06:15:00+00:00,65.62,67.44088549161468,61.978229016770655,1.8208854916146748,2.0,2026-06-05T19:00:00+00:00,61.978229016770655,TP,2.0,0.09109727024883338,1.9089027297511667,51,
XRP,BREAKOUT,SHORT,49996,49997,2026-06-05T19:00:00+00:00,2026-06-05T19:15:00+00:00,1.0723,1.1056177131280358,1.0056645737439285,0.033317713128035775,2.0,2026-06-05T20:00:00+00:00,1.1056177131280358,SL,-1.0,0.08497861231310036,-1.0849786123131004,3,
DOGE,BREAKOUT,SHORT,49996,49997,2026-06-05T19:00:00+00:00,2026-06-05T19:15:00+00:00,0.07946,0.08203205120157374,0.07431589759685253,0.0025720512015737357,2.0,2026-06-05T20:15:00+00:00,0.08203205120157374,SL,-1.0,0.08162343985749278,-1.0816234398574929,4,
XRP,BREAKOUT,SHORT,50035,50036,2026-06-06T04:45:00+00:00,2026-06-06T05:00:00+00:00,1.0574,1.0834046054542936,1.0053907890914124,0.026004605454293728,2.0,2026-06-06T05:15:00+00:00,1.0834046054542936,SL,-1.0,0.10702127328876898,-1.107021273288769,1,
AVAX,BREAKOUT,SHORT,50031,50032,2026-06-06T03:45:00+00:00,2026-06-06T04:00:00+00:00,6.52,6.705701066063352,6.1485978678732955,0.18570106606335202,2.0,2026-06-06T07:45:00+00:00,6.705701066063352,SL,-1.0,0.09258649802267056,-1.0925864980226705,15,
LINK,BREAKOUT,SHORT,50228,50229,2026-06-08T05:00:00+00:00,2026-06-08T05:15:00+00:00,7.723,7.864699989013328,7.439600021973344,0.14169998901332814,2.0,2026-06-08T07:00:00+00:00,7.864699989013328,SL,-1.0,0.14300643300551927,-1.1430064330055192,7,
BNB,BREAKOUT,SHORT,50226,50227,2026-06-08T04:30:00+00:00,2026-06-08T04:45:00+00:00,597.34,604.931406552966,582.1571868940681,7.591406552965964,2.0,2026-06-08T15:00:00+00:00,604.931406552966,SL,-1.0,0.20588448499154743,-1.2058844849915475,41,
SOL,BREAKOUT,SHORT,50305,50306,2026-06-09T00:15:00+00:00,2026-06-09T00:30:00+00:00,65.89,66.96288523542987,63.74422952914027,1.0728852354298652,2.0,2026-06-09T04:30:00+00:00,66.96288523542987,SL,-1.0,0.1609759786999593,-1.1609759786999594,16,
UNI,BREAKOUT,SHORT,50305,50306,2026-06-09T00:15:00+00:00,2026-06-09T00:30:00+00:00,2.477,2.519354128311114,2.3922917433777715,0.04235412831111418,2.0,2026-06-09T04:30:00+00:00,2.519354128311114,SL,-1.0,0.1533560157133495,-1.1533560157133496,16,
ETH,BREAKOUT,SHORT,50307,50308,2026-06-09T00:45:00+00:00,2026-06-09T01:00:00+00:00,1662.0,1690.0013781958953,1605.9972436082094,28.001378195895313,2.0,2026-06-09T04:30:00+00:00,1690.0013781958953,SL,-1.0,0.15562097555231905,-1.155620975552319,14,
BNB,BREAKOUT,SHORT,50305,50306,2026-06-09T00:15:00+00:00,2026-06-09T00:30:00+00:00,597.12,603.4405707860062,584.4788584279876,6.320570786006215,2.0,2026-06-09T05:15:00+00:00,603.4405707860062,SL,-1.0,0.2469284491643179,-1.2469284491643178,19,
SUI,BREAKOUT,SHORT,50362,50363,2026-06-09T14:30:00+00:00,2026-06-09T14:45:00+00:00,0.7362,0.7498692869990191,0.7088614260019617,0.013669286999019148,2.0,2026-06-09T17:15:00+00:00,0.7498692869990191,SL,-1.0,0.14133071265804495,-1.141330712658045,10,
AVAX,BREAKOUT,SHORT,50368,50369,2026-06-09T16:00:00+00:00,2026-06-09T16:15:00+00:00,6.505,6.622215736399364,6.270568527201271,0.11721573639936445,2.0,2026-06-09T17:15:00+00:00,6.622215736399364,SL,-1.0,0.14558950002392088,-1.145589500023921,4,
DOGE,BREAKOUT,SHORT,50368,50369,2026-06-09T16:00:00+00:00,2026-06-09T16:15:00+00:00,0.08391,0.08511356112893882,0.08150287774212235,0.0012035611289388237,2.0,2026-06-09T17:15:00+00:00,0.08511356112893882,SL,-1.0,0.18256707049134788,-1.1825670704913478,4,
SOL,BREAKOUT,SHORT,50368,50369,2026-06-09T16:00:00+00:00,2026-06-09T16:15:00+00:00,63.99,65.1099421644226,61.750115671154795,1.1199421644226035,2.0,2026-06-09T17:15:00+00:00,65.1099421644226,SL,-1.0,0.14985588554947893,-1.149855885549479,4,
ADA,BREAKOUT,SHORT,50367,50368,2026-06-09T15:45:00+00:00,2026-06-09T16:00:00+00:00,0.1629,0.16674889075059604,0.1552022184988079,0.0038488907505960512,2.0,2026-06-09T18:15:00+00:00,0.16674889075059604,SL,-1.0,0.11134209457865471,-1.1113420945786547,9,
LINK,BREAKOUT,SHORT,50410,50411,2026-06-10T02:30:00+00:00,2026-06-10T02:45:00+00:00,7.729,7.838774596766233,7.509450806467535,0.10977459676623269,2.0,2026-06-10T13:30:00+00:00,7.838774596766233,SL,-1.0,0.18436056767207787,-1.1843605676720779,43,
FET,BREAKOUT,SHORT,50478,50479,2026-06-10T19:30:00+00:00,2026-06-10T19:45:00+00:00,0.1888,0.1941010957652726,0.1781978084694548,0.005301095765272601,2.0,2026-06-11T19:30:00+00:00,0.1941010957652726,SL,-1.0,0.09389972310173068,-1.0938997231017307,95,
XRP,BREAKOUT,SHORT,50842,50843,2026-06-14T14:30:00+00:00,2026-06-14T14:45:00+00:00,1.128,1.1363699995015926,1.1112600009968145,0.008369999501592673,2.0,2026-06-14T16:00:00+00:00,1.1363699995015926,SL,-1.0,0.3516942860978589,-1.351694286097859,5,
BTC,BREAKOUT,SHORT,50855,50856,2026-06-14T17:45:00+00:00,2026-06-14T18:00:00+00:00,63706.2,64055.11187479185,63008.37625041629,348.91187479185464,2.0,2026-06-14T20:30:00+00:00,64055.11187479185,SL,-1.0,0.4760219340093001,-1.4760219340093002,10,
FET,BREAKOUT,SHORT,50836,50837,2026-06-14T13:00:00+00:00,2026-06-14T13:15:00+00:00,0.2032,0.20860004050724743,0.19239991898550513,0.005400040507247433,2.0,2026-06-14T21:15:00+00:00,0.20860004050724743,SL,-1.0,0.09913630313345573,-1.0991363031334558,32,
CRV,BREAKOUT,LONG,50886,50887,2026-06-15T01:30:00+00:00,2026-06-15T01:45:00+00:00,0.2429,0.2373357679234361,0.2540284641531278,0.005564232076563896,2.0,2026-06-15T02:00:00+00:00,0.2373357679234361,SL,-1.0,0.1121999387714248,-1.1121999387714248,1,
AVAX,BREAKOUT,SHORT,50985,50986,2026-06-16T02:15:00+00:00,2026-06-16T02:30:00+00:00,6.745,6.83802470376045,6.558950592479101,0.09302470376044969,2.0,2026-06-16T06:30:00+00:00,6.83802470376045,SL,-1.0,0.1898198156089804,-1.1898198156089803,16,
AVAX,BREAKOUT,SHORT,51029,51030,2026-06-16T13:15:00+00:00,2026-06-16T13:30:00+00:00,6.867,6.96828934907652,6.66442130184696,0.1012893490765201,2.0,2026-06-17T02:00:00+00:00,6.96828934907652,SL,-1.0,0.1775692737467575,-1.1775692737467576,50,
AVAX,BREAKOUT,SHORT,51150,51151,2026-06-17T19:30:00+00:00,2026-06-17T19:45:00+00:00,6.711,6.891141737177026,6.350716525645948,0.18014173717702597,2.0,2026-06-18T15:15:00+00:00,6.350716525645948,TP,2.0,0.09426039600502574,1.9057396039949743,78,
ADA,BREAKOUT,SHORT,51150,51151,2026-06-17T19:30:00+00:00,2026-06-17T19:45:00+00:00,0.1653,0.170321086409046,0.155257827181908,0.0050210864090459995,2.0,2026-06-18T19:45:00+00:00,0.1629,TIME,0.47798420590336155,0.08497364220446961,0.3930105636988919,96,
AVAX,BREAKOUT,SHORT,51282,51283,2026-06-19T04:30:00+00:00,2026-06-19T04:45:00+00:00,6.061,6.1658592026871215,5.851281594625757,0.10485920268712157,2.0,2026-06-19T13:45:00+00:00,6.1658592026871215,SL,-1.0,0.15158342383091014,-1.1515834238309102,36,
SUI,BREAKOUT,SHORT,51283,51284,2026-06-19T04:45:00+00:00,2026-06-19T05:00:00+00:00,0.7087,0.7203316430042389,0.6854367139915222,0.011631643004238912,2.0,2026-06-19T13:45:00+00:00,0.7203316430042389,SL,-1.0,0.1597144217053855,-1.1597144217053854,35,
AVAX,BREAKOUT,SHORT,51338,51339,2026-06-19T18:30:00+00:00,2026-06-19T18:45:00+00:00,5.786,5.943348554425805,5.4713028911483885,0.15734855442580553,2.0,2026-06-19T22:00:00+00:00,5.943348554425805,SL,-1.0,0.09690685228343485,-1.0969068522834349,13,
ADA,BREAKOUT,SHORT,51540,51541,2026-06-21T21:00:00+00:00,2026-06-21T21:15:00+00:00,0.1593,0.16115972769254688,0.15558054461490622,0.0018597276925468864,2.0,2026-06-22T01:15:00+00:00,0.16115972769254688,SL,-1.0,0.2240100245158918,-1.2240100245158918,16,
UNI,BREAKOUT,LONG,51607,51608,2026-06-22T13:45:00+00:00,2026-06-22T14:00:00+00:00,3.111,3.0601212205318684,3.212757558936264,0.050878779468131796,2.0,2026-06-22T14:15:00+00:00,3.0601212205318684,SL,-1.0,0.15767787023500318,-1.1576778702350032,1,
CRV,BREAKOUT,SHORT,51642,51643,2026-06-22T22:30:00+00:00,2026-06-22T22:45:00+00:00,0.2075,0.21058923327520557,0.20132153344958884,0.0030892332752055773,2.0,2026-06-23T00:30:00+00:00,0.21058923327520557,SL,-1.0,0.17593880255663055,-1.1759388025566306,7,
BNB,BREAKOUT,SHORT,51642,51643,2026-06-22T22:30:00+00:00,2026-06-22T22:45:00+00:00,588.68,593.1954680095367,579.6490639809264,4.515468009536789,2.0,2026-06-23T06:15:00+00:00,579.6490639809264,TP,2.0,0.33636109921881835,1.6636389007811816,30,
BTC,BREAKOUT,SHORT,51642,51643,2026-06-22T22:30:00+00:00,2026-06-22T22:45:00+00:00,63817.4,64323.32925233416,62805.54149533169,505.92925233415735,2.0,2026-06-23T06:15:00+00:00,62805.54149533169,TP,2.0,0.32536134881406165,1.6746386511859384,30,
DOGE,BREAKOUT,SHORT,51709,51710,2026-06-23T15:15:00+00:00,2026-06-23T15:30:00+00:00,0.07854,0.0794597382481822,0.0767005235036356,0.0009197382481822003,2.0,2026-06-24T01:30:00+00:00,0.0794597382481822,SL,-1.0,0.22332403825609648,-1.2233240382560964,40,
FET,BREAKOUT,SHORT,51673,51674,2026-06-23T06:15:00+00:00,2026-06-23T06:30:00+00:00,0.1745,0.1789616983803093,0.1655766032393814,0.004461698380309298,2.0,2026-06-24T06:30:00+00:00,0.175,TIME,-0.11206494867663802,0.10183341886246088,-0.2138983675390989,96,
LINK,BREAKOUT,SHORT,51673,51674,2026-06-23T06:15:00+00:00,2026-06-23T06:30:00+00:00,7.677,7.782908565951469,7.465182868097061,0.10590856595146914,2.0,2026-06-24T06:30:00+00:00,7.64,TIME,0.3493579548320441,0.188012176551653,0.16134577828039112,96,
BNB,BREAKOUT,SHORT,51798,51799,2026-06-24T13:30:00+00:00,2026-06-24T13:45:00+00:00,570.48,576.3317694623651,558.7764610752699,5.851769462365041,2.0,2026-06-24T16:00:00+00:00,558.7764610752699,TP,2.0,0.2508699990386383,1.7491300009613617,9,
BTC,BREAKOUT,SHORT,51798,51799,2026-06-24T13:30:00+00:00,2026-06-24T13:45:00+00:00,61464.2,62159.218660899794,60074.1626782004,695.0186608997974,2.0,2026-06-24T16:45:00+00:00,60074.1626782004,TP,2.0,0.22733184066900872,1.7726681593309912,12,
ETH,BREAKOUT,SHORT,51798,51799,2026-06-24T13:30:00+00:00,2026-06-24T13:45:00+00:00,1647.29,1669.4961609304578,1602.8776781390843,22.206160930457827,2.0,2026-06-24T16:45:00+00:00,1602.8776781390843,TP,2.0,0.19027233004447552,1.8097276699555245,12,
FET,BREAKOUT,SHORT,51798,51799,2026-06-24T13:30:00+00:00,2026-06-24T13:45:00+00:00,0.1692,0.1726398667729396,0.16232026645412076,0.003439866772939615,2.0,2026-06-24T17:15:00+00:00,0.16232026645412076,TP,2.0,0.12528867390467469,1.8747113260953254,14,
XRP,BREAKOUT,SHORT,51805,51806,2026-06-24T15:15:00+00:00,2026-06-24T15:30:00+00:00,1.0667,1.0811658581737615,1.0377682836524769,0.014465858173761559,2.0,2026-06-25T04:45:00+00:00,1.0811658581737615,SL,-1.0,0.193021774587178,-1.193021774587178,53,
SUI,BREAKOUT,SHORT,51895,51896,2026-06-25T13:45:00+00:00,2026-06-25T14:00:00+00:00,0.654,0.6714642576088031,0.6190714847823938,0.017464257608803102,2.0,2026-06-25T14:00:00+00:00,0.6714642576088031,SL,-1.0,0.0986645738678803,-1.0986645738678802,0,True
BTC,BREAKOUT,SHORT,51979,51980,2026-06-26T10:45:00+00:00,2026-06-26T11:00:00+00:00,59290.0,59947.97583449763,57974.04833100474,657.975834497629,2.0,2026-06-26T12:30:00+00:00,59947.97583449763,SL,-1.0,0.2355852000297216,-1.2355852000297216,6,
BTC,BREAKOUT,SHORT,52192,52193,2026-06-28T16:00:00+00:00,2026-06-28T16:15:00+00:00,59800.1,60186.17508107562,59027.949837848755,386.0750810756217,2.0,2026-06-28T22:45:00+00:00,59027.949837848755,TP,2.0,0.40012026769203884,1.5998797323079612,26,
BNB,BREAKOUT,SHORT,52194,52195,2026-06-28T16:30:00+00:00,2026-06-28T16:45:00+00:00,552.02,555.8462756029902,544.3674487940195,3.826275602990222,2.0,2026-06-29T03:00:00+00:00,555.8462756029902,SL,-1.0,0.3764041871835775,-1.3764041871835775,41,
DOGE,BREAKOUT,SHORT,52194,52195,2026-06-28T16:30:00+00:00,2026-06-28T16:45:00+00:00,0.07304,0.0737897481553741,0.07154050368925177,0.0007497481553741109,2.0,2026-06-29T12:00:00+00:00,0.0737897481553741,SL,-1.0,0.25459038643014903,-1.254590386430149,77,
FET,BREAKOUT,SHORT,52258,52259,2026-06-29T08:30:00+00:00,2026-06-29T08:45:00+00:00,0.1762,0.1796834675449598,0.16923306491008036,0.0034834675449598174,2.0,2026-06-29T12:00:00+00:00,0.1796834675449598,SL,-1.0,0.13281263621297337,-1.1328126362129733,13,
LINK,BREAKOUT,SHORT,52323,52324,2026-06-30T00:45:00+00:00,2026-06-30T01:00:00+00:00,7.305,7.380993531704538,7.1530129365909225,0.0759935317045386,2.0,2026-06-30T12:45:00+00:00,7.1530129365909225,TP,2.0,0.24732916599592214,1.752670834004078,47,
SUI,BREAKOUT,SHORT,52369,52370,2026-06-30T12:15:00+00:00,2026-06-30T12:30:00+00:00,0.6827,0.6907653724821855,0.6665692550356289,0.008065372482185529,2.0,2026-06-30T14:00:00+00:00,0.6907653724821855,SL,-1.0,0.2213791102854323,-1.2213791102854323,6,
BNB,BREAKOUT,SHORT,52459,52460,2026-07-01T10:45:00+00:00,2026-07-01T11:00:00+00:00,542.51,546.5401162973174,534.4497674053653,4.030116297317363,2.0,2026-07-01T13:30:00+00:00,546.5401162973174,SL,-1.0,0.351296351454898,-1.3512963514548981,10,
UNI,BREAKOUT,SHORT,52449,52450,2026-07-01T08:15:00+00:00,2026-07-01T08:30:00+00:00,2.746,2.7863881857167114,2.665223628566577,0.04038818571671143,2.0,2026-07-01T13:45:00+00:00,2.7863881857167114,SL,-1.0,0.17807446692154447,-1.1780744669215444,21,
ETH,BREAKOUT,SHORT,52514,52515,2026-07-02T00:30:00+00:00,2026-07-02T00:45:00+00:00,1597.43,1615.8267731859776,1560.636453628045,18.39677318597751,2.0,2026-07-02T01:30:00+00:00,1615.8267731859776,SL,-1.0,0.2270633965485733,-1.2270633965485733,3,
FET,BREAKOUT,SHORT,52991,52992,2026-07-06T23:45:00+00:00,2026-07-07T00:00:00+00:00,0.1715,0.17433637825737355,0.16582724348525293,0.0028363782573735397,2.0,2026-07-07T13:15:00+00:00,0.16582724348525293,TP,2.0,0.15460752295319716,1.8453924770468029,53,
SOL,BREAKOUT,LONG,52959,52960,2026-07-06T15:45:00+00:00,2026-07-06T16:00:00+00:00,81.45,80.18031032278255,83.98937935443492,1.2696896772174568,2.0,2026-07-07T16:00:00+00:00,81.91,TIME,0.36229325027520926,0.16725976733575368,0.19503348293945558,96,
UNI,BREAKOUT,LONG,53328,53329,2026-07-10T12:00:00+00:00,2026-07-10T12:15:00+00:00,3.63,3.549331684886166,3.7913366302276676,0.08066831511383388,2.0,2026-07-10T14:30:00+00:00,3.549331684886166,SL,-1.0,0.11569760911928938,-1.1156976091192894,9,
FET,BREAKOUT,SHORT,53471,53472,2026-07-11T23:45:00+00:00,2026-07-12T00:00:00+00:00,0.1586,0.16051943474867442,0.15476113050265114,0.0019194347486744257,2.0,2026-07-12T02:15:00+00:00,0.16051943474867442,SL,-1.0,0.21613408085884586,-1.216134080858846,9,
AVAX,BREAKOUT,SHORT,53497,53498,2026-07-12T06:15:00+00:00,2026-07-12T06:30:00+00:00,6.352,6.435120854377825,6.185758291244351,0.08312085437782457,2.0,2026-07-12T11:45:00+00:00,6.435120854377825,SL,-1.0,0.19998900679160989,-1.19998900679161,21,
UNI,BREAKOUT,LONG,53533,53534,2026-07-12T15:15:00+00:00,2026-07-12T15:30:00+00:00,3.68,3.623038122705667,3.793923754588666,0.056961877294332997,2.0,2026-07-12T22:00:00+00:00,3.623038122705667,SL,-1.0,0.16667199204935434,-1.1666719920493542,26,
ADA,BREAKOUT,SHORT,53471,53472,2026-07-11T23:45:00+00:00,2026-07-12T00:00:00+00:00,0.1656,0.16813689694034717,0.16052620611930565,0.002536896940347172,2.0,2026-07-13T00:00:00+00:00,0.164,TIME,0.6306917614796885,0.16889925372426162,0.4617925077554269,96,
DOGE,BREAKOUT,SHORT,53471,53472,2026-07-11T23:45:00+00:00,2026-07-12T00:00:00+00:00,0.07315,0.07388363469786002,0.07168273060427997,0.0007336346978600167,2.0,2026-07-13T00:00:00+00:00,0.07388363469786002,SL,-1.0,0.2605434634768185,-1.2605434634768184,96,
XRP,BREAKOUT,SHORT,53618,53619,2026-07-13T12:30:00+00:00,2026-07-13T12:45:00+00:00,1.0717,1.0790166244513386,1.057066751097323,0.007316624451338516,2.0,2026-07-13T15:15:00+00:00,1.0790166244513386,SL,-1.0,0.3821340879775848,-1.3821340879775847,10,
UNI,BREAKOUT,LONG,53633,53634,2026-07-13T16:15:00+00:00,2026-07-13T16:30:00+00:00,3.58,3.505987116496476,3.728025767007048,0.07401288350352386,2.0,2026-07-13T18:00:00+00:00,3.505987116496476,SL,-1.0,0.12446188846306512,-1.124461888463065,6,
DOGE,BREAKOUT,SHORT,53639,53640,2026-07-13T17:45:00+00:00,2026-07-13T18:00:00+00:00,0.0709,0.07166002007441663,0.06937995985116675,0.0007600200744166258,2.0,2026-07-13T19:45:00+00:00,0.07166002007441663,SL,-1.0,0.24384622503424694,-1.243846225034247,7,
ADA,BREAKOUT,SHORT,53655,53656,2026-07-13T21:45:00+00:00,2026-07-13T22:00:00+00:00,0.1561,0.15808997420731058,0.1521200515853788,0.001989974207310591,2.0,2026-07-14T00:30:00+00:00,0.15808997420731058,SL,-1.0,0.20525239220135993,-1.20525239220136,10,
FET,BREAKOUT,SHORT,53639,53640,2026-07-13T17:45:00+00:00,2026-07-13T18:00:00+00:00,0.1577,0.15966580457281018,0.15376839085437966,0.001965804572810176,2.0,2026-07-14T00:45:00+00:00,0.15966580457281018,SL,-1.0,0.2098761757150988,-1.2098761757150989,27,
UNI,BREAKOUT,LONG,53708,53709,2026-07-14T11:00:00+00:00,2026-07-14T11:15:00+00:00,3.668,3.6062789136394775,3.7914421727210454,0.06172108636052265,2.0,2026-07-15T07:15:00+00:00,3.6062789136394775,SL,-1.0,0.15321445465969344,-1.1532144546596934,80,
LINK,BREAKOUT,LONG,53811,53812,2026-07-15T12:45:00+00:00,2026-07-15T13:00:00+00:00,8.572,8.473271022971513,8.769457954056971,0.09872897702848604,2.0,2026-07-15T16:15:00+00:00,8.473271022971513,SL,-1.0,0.2244412227979383,-1.2244412227979382,13,
DOGE,BREAKOUT,SHORT,53949,53950,2026-07-16T23:15:00+00:00,2026-07-16T23:30:00+00:00,0.07223,0.07291862801891673,0.07085274396216655,0.000688628018916726,2.0,2026-07-17T17:00:00+00:00,0.07291862801891673,SL,-1.0,0.27401327166649886,-1.274013271666499,70,
AVAX,BREAKOUT,SHORT,54194,54195,2026-07-19T12:30:00+00:00,2026-07-19T12:45:00+00:00,6.41,6.470828401020363,6.288343197959275,0.06082840102036258,2.0,2026-07-19T14:45:00+00:00,6.470828401020363,SL,-1.0,0.2752838582050017,-1.2752838582050017,8,
UNI,BREAKOUT,LONG,54240,54241,2026-07-20T00:00:00+00:00,2026-07-20T00:15:00+00:00,3.545,3.5048303566645505,3.625339286670899,0.04016964333544948,2.0,2026-07-20T00:45:00+00:00,3.5048303566645505,SL,-1.0,0.2281518754630328,-1.2281518754630327,2,
FET,BREAKOUT,SHORT,54248,54249,2026-07-20T02:00:00+00:00,2026-07-20T02:15:00+00:00,0.155,0.15705617637422453,0.15088764725155093,0.002056176374224533,2.0,2026-07-20T03:45:00+00:00,0.15088764725155093,TP,2.0,0.19339485970749348,1.8066051402925065,6,
CRV,BREAKOUT,LONG,54276,54277,2026-07-20T09:00:00+00:00,2026-07-20T09:15:00+00:00,0.2123,0.20912998365980534,0.21864003268038928,0.003170016340194648,2.0,2026-07-20T15:00:00+00:00,0.21864003268038928,TP,2.0,0.17672528541291582,1.8232747145870842,23,
BTC,BREAKOUT,LONG,54339,54340,2026-07-21T00:45:00+00:00,2026-07-21T01:00:00+00:00,65538.8,65169.936141486,66276.527717028,368.86385851399973,2.0,2026-07-21T02:15:00+00:00,65169.936141486,SL,-1.0,0.46066144205202114,-1.4606614420520212,5,
ETH,BREAKOUT,LONG,54304,54305,2026-07-20T16:00:00+00:00,2026-07-20T16:15:00+00:00,1902.87,1878.1216306193908,1952.3667387612181,24.74836938060912,2.0,2026-07-21T08:15:00+00:00,1952.3667387612181,TP,2.0,0.20251062537948228,1.7974893746205178,64,
BTC,BREAKOUT,LONG,54367,54368,2026-07-21T07:45:00+00:00,2026-07-21T08:00:00+00:00,66166.8,65766.7840896179,66966.83182076422,400.0159103821061,2.0,2026-07-22T07:30:00+00:00,65766.7840896179,SL,-1.0,0.4287670936705211,-1.4287670936705212,94,
UNI,BREAKOUT,LONG,54550,54551,2026-07-23T05:30:00+00:00,2026-07-23T05:45:00+00:00,3.848,3.791988290828495,3.9600234183430096,0.056011709171504886,2.0,2026-07-23T12:30:00+00:00,3.791988290828495,SL,-1.0,0.1773197948247898,-1.1773197948247898,27,
BTC,BREAKOUT,LONG,54609,54610,2026-07-23T20:15:00+00:00,2026-07-23T20:30:00+00:00,65141.3,64747.39894379677,65929.10211240647,393.9010562032345,2.0,2026-07-24T00:30:00+00:00,64747.39894379677,SL,-1.0,0.4286744246245798,-1.4286744246245797,16,
BTC,BREAKOUT,LONG,54638,54639,2026-07-24T03:30:00+00:00,2026-07-24T03:45:00+00:00,65382.9,65022.7752100536,66103.14957989281,360.1247899463997,2.0,2026-07-24T09:00:00+00:00,65022.7752100536,SL,-1.0,0.4707462038320156,-1.4707462038320156,21,
BNB,BREAKOUT,SHORT,54680,54681,2026-07-24T14:00:00+00:00,2026-07-24T14:15:00+00:00,558.01,562.0787644064858,549.8724711870284,4.068764406485798,2.0,2026-07-24T15:15:00+00:00,562.0787644064858,SL,-1.0,0.3578765561867668,-1.3578765561867667,4,
ETH,BREAKOUT,LONG,54834,54835,2026-07-26T04:30:00+00:00,2026-07-26T04:45:00+00:00,1886.74,1878.9556674074288,1902.3086651851424,7.784332592571218,2.0,2026-07-26T06:15:00+00:00,1878.9556674074288,SL,-1.0,0.6288791376028131,-1.628879137602813,6,
ETH,BREAKOUT,LONG,54865,54866,2026-07-26T12:15:00+00:00,2026-07-26T12:30:00+00:00,1889.03,1881.4064780928784,1904.2770438142431,7.623521907121585,2.0,2026-07-26T13:00:00+00:00,1881.4064780928784,SL,-1.0,0.6429531496383445,-1.6429531496383445,2,
LINK,BREAKOUT,LONG,54879,54880,2026-07-26T15:45:00+00:00,2026-07-26T16:00:00+00:00,8.593,8.518816717422988,8.741366565154024,0.07418328257701212,2.0,2026-07-26T22:00:00+00:00,8.741366565154024,TP,2.0,0.3037702802016915,1.6962297197983085,24,
AVAX,BREAKOUT,SHORT,54856,54857,2026-07-26T10:00:00+00:00,2026-07-26T10:15:00+00:00,6.713,6.784181105738603,6.570637788522794,0.07118110573860292,2.0,2026-07-27T10:15:00+00:00,6.642,TIME,0.9974557048991587,0.24390601719164523,0.7535496877075134,96,
UNI,BREAKOUT,LONG,54865,54866,2026-07-26T12:15:00+00:00,2026-07-26T12:30:00+00:00,3.897,3.821764761000514,4.047470477998971,0.0752352389994857,2.0,2026-07-27T12:30:00+00:00,3.865,TIME,-0.4253326024553246,0.13412066119799232,-0.5594532636533169,96,
FET,BREAKOUT,SHORT,54944,54945,2026-07-27T08:00:00+00:00,2026-07-27T08:15:00+00:00,0.1578,0.15937951813473786,0.15464096373052427,0.0015795181347378617,2.0,2026-07-27T12:30:00+00:00,0.15464096373052427,TP,2.0,0.25715010414685135,1.7428498958531486,17,
XRP,BREAKOUT,SHORT,54961,54962,2026-07-27T12:15:00+00:00,2026-07-27T12:30:00+00:00,1.101,1.1076666389895407,1.0876667220209186,0.006666638989540674,2.0,2026-07-27T13:30:00+00:00,1.1076666389895407,SL,-1.0,0.43069178264957025,-1.4306917826495702,4,
FET,BREAKOUT,SHORT,54969,54970,2026-07-27T14:15:00+00:00,2026-07-27T14:30:00+00:00,0.1515,0.1538641319319481,0.1467717361361038,0.0023641319319480936,2.0,2026-07-27T22:15:00+00:00,0.1467717361361038,TP,2.0,0.16401506689917186,1.8359849331008282,31,
SOL,BREAKOUT,SHORT,55002,55003,2026-07-27T22:30:00+00:00,2026-07-27T22:45:00+00:00,74.68,75.4624134436094,73.1151731127812,0.7824134436093999,2.0,2026-07-28T01:00:00+00:00,73.1151731127812,TP,2.0,0.24556547004135254,1.7544345299586475,9,
XRP,BREAKOUT,SHORT,55053,55054,2026-07-28T11:15:00+00:00,2026-07-28T11:30:00+00:00,1.0501,1.0574696148363283,1.0353607703273435,0.007369614836328253,2.0,2026-07-28T15:15:00+00:00,1.0574696148363283,SL,-1.0,0.37177526371952047,-1.3717752637195204,15,
UNI,BREAKOUT,LONG,55058,55059,2026-07-28T12:30:00+00:00,2026-07-28T12:45:00+00:00,3.883,3.81284701751558,4.02330596496884,0.07015298248441981,2.0,2026-07-29T02:15:00+00:00,3.81284701751558,SL,-1.0,0.1426112015264948,-1.1426112015264949,54,
UNI,BREAKOUT,LONG,55138,55139,2026-07-29T08:30:00+00:00,2026-07-29T08:45:00+00:00,3.881,3.8213361122429927,4.000327775514014,0.05966388775700704,2.0,2026-07-29T09:30:00+00:00,4.000327775514014,TP,2.0000000000000075,0.1717240778860399,1.8282759221139677,3,
SOL,BREAKOUT,SHORT,55162,55163,2026-07-29T14:30:00+00:00,2026-07-29T14:45:00+00:00,73.13,73.80825724664173,71.77348550671653,0.6782572466417349,2.0,2026-07-29T17:45:00+00:00,73.80825724664173,SL,-1.0,0.28163316406338906,-1.2816331640633891,12,
CRV,BREAKOUT,SHORT,55185,55186,2026-07-29T20:15:00+00:00,2026-07-29T20:30:00+00:00,0.2047,0.20848169018439316,0.19713661963121365,0.0037816901843931716,2.0,2026-07-29T23:15:00+00:00,0.20848169018439316,SL,-1.0,0.14203601327693174,-1.1420360132769318,11,
UNI,BREAKOUT,LONG,55246,55247,2026-07-30T11:30:00+00:00,2026-07-30T11:45:00+00:00,4.115,4.043649984325804,4.257700031348392,0.07135001567419597,2.0,2026-07-30T13:15:00+00:00,4.257700031348392,TP,2.0,0.15255091309936936,1.8474490869006306,6,
UNI,BREAKOUT,LONG,55301,55302,2026-07-31T01:15:00+00:00,2026-07-31T01:30:00+00:00,4.547,4.447195031095179,4.746609937809642,0.09980496890482105,2.0,2026-07-31T02:00:00+00:00,4.447195031095179,SL,-1.0,0.11715302022261269,-1.1171530202226128,2,
SOL,BREAKOUT,SHORT,55304,55305,2026-07-31T02:00:00+00:00,2026-07-31T02:15:00+00:00,74.31,74.98017444886948,72.96965110226105,0.6701744488694743,2.0,2026-07-31T14:00:00+00:00,72.96965110226105,TP,2.0,0.28569210114757676,1.7143078988524232,47,
FET,BREAKOUT,SHORT,55306,55307,2026-07-31T02:30:00+00:00,2026-07-31T02:45:00+00:00,0.1424,0.14460181552805615,0.1379963689438877,0.0022018155280561502,2.0,2026-08-01T02:45:00+00:00,0.1414,TIME,0.4541706547427433,0.16756172136078756,0.28660893338195575,96,
SUI,BREAKOUT,SHORT,55535,55536,2026-08-02T11:45:00+00:00,2026-08-02T12:00:00+00:00,0.6846,0.6893629513762027,0.6750740972475945,0.004762951376202751,2.0,2026-08-02T14:15:00+00:00,0.6893629513762027,SL,-1.0,0.375009462769924,-1.375009462769924,9,
BNB,BREAKOUT,LONG,55500,55501,2026-08-02T03:00:00+00:00,2026-08-02T03:15:00+00:00,582.02,579.009870296384,588.040259407232,3.0101297036160304,2.0,2026-08-02T16:30:00+00:00,588.040259407232,TP,2.0,0.5053198655865725,1.4946801344134275,53,
CRV,BREAKOUT,SHORT,55596,55597,2026-08-03T03:00:00+00:00,2026-08-03T03:15:00+00:00,0.2001,0.20194163293431464,0.19641673413137073,0.0018416329343146354,2.0,2026-08-03T08:15:00+00:00,0.20194163293431464,SL,-1.0,0.28379929196320275,-1.2837992919632026,20,
DOGE,BREAKOUT,SHORT,55612,55613,2026-08-03T07:00:00+00:00,2026-08-03T07:15:00+00:00,0.0691,0.06966227776971794,0.06797544446056411,0.0005622777697179421,2.0,2026-08-03T09:45:00+00:00,0.06966227776971794,SL,-1.0,0.3208217909648529,-1.320821790964853,10,
AVAX,BREAKOUT,SHORT,55597,55598,2026-08-03T03:15:00+00:00,2026-08-03T03:30:00+00:00,6.42,6.488987737382892,6.282024525234215,0.06898773738289243,2.0,2026-08-03T13:15:00+00:00,6.488987737382892,SL,-1.0,0.24325604368580553,-1.2432560436858056,39,
FET,BREAKOUT,SHORT,55593,55594,2026-08-03T02:15:00+00:00,2026-08-03T02:30:00+00:00,0.1396,0.14092690888909257,0.13694618222181487,0.001326908889092565,2.0,2026-08-03T13:45:00+00:00,0.14092690888909257,SL,-1.0,0.27483799720809615,-1.274837997208096,45,
BTC,BREAKOUT,SHORT,55599,55600,2026-08-03T03:45:00+00:00,2026-08-03T04:00:00+00:00,62839.8,63174.97956159757,62169.440876804874,335.1795615975643,2.0,2026-08-03T13:45:00+00:00,63174.97956159757,SL,-1.0,0.4887506047482917,-1.4887506047482917,39,
ADA,BREAKOUT,LONG,55639,55640,2026-08-03T13:45:00+00:00,2026-08-03T14:00:00+00:00,0.1945,0.1903247054231718,0.2028505891536564,0.004175294576828192,2.0,2026-08-03T14:15:00+00:00,0.1903247054231718,SL,-1.0,0.11981720279725999,-1.11981720279726,1,
BTC,BREAKOUT,SHORT,55673,55674,2026-08-03T22:15:00+00:00,2026-08-03T22:30:00+00:00,63501.7,63884.84229589895,62735.4154082021,383.14229589894967,2.0,2026-08-04T01:30:00+00:00,63884.84229589895,SL,-1.0,0.43222193622900046,-1.4322219362290005,12,
XRP,BREAKOUT,SHORT,55673,55674,2026-08-03T22:15:00+00:00,2026-08-03T22:30:00+00:00,1.0756,1.0826298175519544,1.0615403648960908,0.007029817551954531,2.0,2026-08-04T19:45:00+00:00,1.0826298175519544,SL,-1.0,0.3991140228152095,-1.3991140228152095,85,
SOL,BREAKOUT,SHORT,55775,55776,2026-08-04T23:45:00+00:00,2026-08-05T00:00:00+00:00,73.72,74.28129388554584,72.59741222890833,0.5612938855458367,2.0,2026-08-05T02:00:00+00:00,74.28129388554584,SL,-1.0,0.34278243003503656,-1.3427824300350366,8,
SUI,BREAKOUT,SHORT,55790,55791,2026-08-05T03:30:00+00:00,2026-08-05T03:45:00+00:00,0.6879,0.6934645400323572,0.6767709199352854,0.00556454003235729,2.0,2026-08-05T05:15:00+00:00,0.6934645400323572,SL,-1.0,0.32271740190560294,-1.322717401905603,6,
XRP,BREAKOUT,SHORT,55879,55880,2026-08-06T01:45:00+00:00,2026-08-06T02:00:00+00:00,1.0532,1.0596856778452097,1.0402286443095803,0.006485677845209814,2.0,2026-08-06T04:00:00+00:00,1.0402286443095803,TP,2.0,0.4196103017377691,1.580389698262231,8,
DOGE,BREAKOUT,SHORT,55880,55881,2026-08-06T02:00:00+00:00,2026-08-06T02:15:00+00:00,0.06967,0.07009578345324569,0.06881843309350862,0.00042578345324569,2.0,2026-08-06T05:00:00+00:00,0.07009578345324569,SL,-1.0,0.4267322205787447,-1.4267322205787447,11,
SUI,BREAKOUT,SHORT,55880,55881,2026-08-06T02:00:00+00:00,2026-08-06T02:15:00+00:00,0.6862,0.6908027312243968,0.6769945375512064,0.0046027312243968055,2.0,2026-08-06T09:30:00+00:00,0.6769945375512064,TP,2.0,0.3850220254928771,1.6149779745071229,29,
ADA,BREAKOUT,LONG,55919,55920,2026-08-06T11:45:00+00:00,2026-08-06T12:00:00+00:00,0.1922,0.18934107002674222,0.1979178599465156,0.00285892997325779,2.0,2026-08-06T14:30:00+00:00,0.1979178599465156,TP,2.0,0.17739266882167185,1.8226073311783282,10,
SOL,BREAKOUT,SHORT,55924,55925,2026-08-06T13:00:00+00:00,2026-08-06T13:15:00+00:00,72.93,73.41151699616096,71.96696600767811,0.48151699616094845,2.0,2026-08-06T14:30:00+00:00,73.41151699616096,SL,-1.0,0.39509295333662464,-1.3950929533366248,5,
FET,BREAKOUT,SHORT,55914,55915,2026-08-06T10:30:00+00:00,2026-08-06T10:45:00+00:00,0.1376,0.13975385154959036,0.13329229690081928,0.0021538515495903576,2.0,2026-08-06T16:45:00+00:00,0.13975385154959036,SL,-1.0,0.16740244102851126,-1.1674024410285113,24,
ADA,BREAKOUT,LONG,55934,55935,2026-08-06T15:30:00+00:00,2026-08-06T15:45:00+00:00,0.2074,0.2018171121007037,0.21856577579859263,0.005582887899296313,2.0,2026-08-06T19:45:00+00:00,0.2018171121007037,SL,-1.0,0.09528800422411629,-1.0952880042241162,16,
DOGE,BREAKOUT,SHORT,55910,55911,2026-08-06T09:30:00+00:00,2026-08-06T09:45:00+00:00,0.06902,0.06950429214928452,0.06805141570143095,0.00048429214928452646,2.0,2026-08-07T09:15:00+00:00,0.06950429214928452,SL,-1.0,0.3718449288515519,-1.371844928851552,94,
AVAX,BREAKOUT,SHORT,56036,56037,2026-08-07T17:00:00+00:00,2026-08-07T17:15:00+00:00,6.381,6.448647861946219,6.245704276107563,0.06764786194621841,2.0,2026-08-07T19:15:00+00:00,6.448647861946219,SL,-1.0,0.24654943616384956,-1.2465494361638496,8,
BNB,BREAKOUT,LONG,56121,56122,2026-08-08T14:15:00+00:00,2026-08-08T14:30:00+00:00,607.58,603.5619987929452,615.6160024141096,4.018001207054795,2.0,2026-08-08T14:45:00+00:00,603.5619987929452,SL,-1.0,0.3918576718360247,-1.3918576718360247,1,
CRV,BREAKOUT,LONG,56117,56118,2026-08-08T13:15:00+00:00,2026-08-08T13:30:00+00:00,0.2279,0.22459365115210378,0.23451269769579242,0.003306348847896212,2.0,2026-08-09T11:00:00+00:00,0.23451269769579242,TP,2.0,0.18181278947229834,1.8181872105277017,86,
LINK,BREAKOUT,LONG,56223,56224,2026-08-09T15:45:00+00:00,2026-08-09T16:00:00+00:00,8.35,8.298081178502827,8.453837642994346,0.051918821497173084,2.0,2026-08-09T22:30:00+00:00,8.298081178502827,SL,-1.0,0.41685278879514015,-1.41685278879514,26,
UNI,BREAKOUT,LONG,56248,56249,2026-08-09T22:00:00+00:00,2026-08-09T22:15:00+00:00,4.109,4.064442465519408,4.198115068961185,0.04455753448059241,2.0,2026-08-09T22:30:00+00:00,4.064442465519408,SL,-1.0,0.2384664081852035,-1.2384664081852035,1,
AVAX,BREAKOUT,SHORT,56251,56252,2026-08-09T22:45:00+00:00,2026-08-09T23:00:00+00:00,6.491,6.550258274388818,6.372483451222363,0.059258274388818144,2.0,2026-08-09T23:30:00+00:00,6.372483451222363,TP,2.0,0.2821973582434348,1.7178026417565653,2,
CRV,BREAKOUT,LONG,56208,56209,2026-08-09T12:00:00+00:00,2026-08-09T12:15:00+00:00,0.2379,0.2336403629745183,0.24641927405096342,0.004259637025481711,2.0,2026-08-10T12:15:00+00:00,0.2421,TIME,0.9859995053275796,0.14649135507724007,0.8395081502503395,96,
AVAX,BREAKOUT,SHORT,56321,56322,2026-08-10T16:15:00+00:00,2026-08-10T16:30:00+00:00,6.447,6.515572483692281,6.309855032615439,0.06857248369228053,2.0,2026-08-11T01:00:00+00:00,6.515572483692281,SL,-1.0,0.24574498868118128,-1.2457449886811813,34,
LINK,BREAKOUT,LONG,56354,56355,2026-08-11T00:30:00+00:00,2026-08-11T00:45:00+00:00,8.331,8.263331986882081,8.466336026235837,0.06766801311791859,2.0,2026-08-11T07:45:00+00:00,8.466336026235837,TP,2.0,0.32270101969824555,1.6772989803017544,28,
AVAX,BREAKOUT,SHORT,56406,56407,2026-08-11T13:30:00+00:00,2026-08-11T13:45:00+00:00,6.444,6.4967448783892605,6.338510243221479,0.05274487838926056,2.0,2026-08-11T14:45:00+00:00,6.338510243221479,TP,2.0,0.31504979864682714,1.684950201353173,4,
FET,BREAKOUT,SHORT,56316,56317,2026-08-10T15:00:00+00:00,2026-08-10T15:15:00+00:00,0.1356,0.13743466438690866,0.13193067122618268,0.0018346643869086576,2.0,2026-08-11T15:15:00+00:00,0.13193067122618268,TP,2.0,0.18956593645993788,1.8104340635400622,96,
BNB,BREAKOUT,LONG,56432,56433,2026-08-11T20:00:00+00:00,2026-08-11T20:15:00+00:00,612.75,609.1928682859284,619.8642634281432,3.557131714071602,2.0,2026-08-12T01:00:00+00:00,619.8642634281432,TP,2.0,0.4504748969844672,1.5495251030155328,19,
SOL,BREAKOUT,LONG,56497,56498,2026-08-12T12:15:00+00:00,2026-08-12T12:30:00+00:00,77.15,76.67107883875973,78.10784232248056,0.4789211612402795,2.0,2026-08-12T12:30:00+00:00,76.67107883875973,SL,-1.0,0.4175372037696659,-1.4175372037696659,0,True
FET,BREAKOUT,SHORT,56506,56507,2026-08-12T14:30:00+00:00,2026-08-12T14:45:00+00:00,0.1338,0.13529406362212845,0.1308118727557431,0.0014940636221284498,2.0,2026-08-12T18:00:00+00:00,0.13529406362212845,SL,-1.0,0.2341414900460588,-1.2341414900460588,13,
SUI,BREAKOUT,SHORT,56609,56610,2026-08-13T16:15:00+00:00,2026-08-13T16:30:00+00:00,0.6838,0.6895794625683528,0.6722410748632943,0.005779462568352822,2.0,2026-08-13T22:15:00+00:00,0.6895794625683528,SL,-1.0,0.3089202984227832,-1.3089202984227832,23,
AVAX,BREAKOUT,SHORT,56608,56609,2026-08-13T16:00:00+00:00,2026-08-13T16:15:00+00:00,6.378,6.453587039609009,6.226825920781982,0.07558703960900903,2.0,2026-08-13T23:45:00+00:00,6.453587039609009,SL,-1.0,0.22068681665240844,-1.2206868166524085,30,
BTC,BREAKOUT,SHORT,56673,56674,2026-08-14T08:15:00+00:00,2026-08-14T08:30:00+00:00,62750.1,63031.3298493617,62187.6403012766,281.22984936169814,2.0,2026-08-14T15:45:00+00:00,63031.3298493617,SL,-1.0,0.5814313778402219,-1.581431377840222,29,
LINK,BREAKOUT,LONG,56738,56739,2026-08-15T00:30:00+00:00,2026-08-15T00:45:00+00:00,9.064,8.969571343240608,9.252857313518785,0.09442865675939238,2.0,2026-08-15T01:45:00+00:00,9.252857313518785,TP,2.0,0.2521683070029052,1.7478316929970947,4,
LINK,BREAKOUT,LONG,56747,56748,2026-08-15T02:45:00+00:00,2026-08-15T03:00:00+00:00,9.722,9.52073009785673,10.12453980428654,0.20126990214327023,2.0,2026-08-15T04:00:00+00:00,9.52073009785673,SL,-1.0,0.12428857400351342,-1.1242885740035133,4,
BNB,BREAKOUT,LONG,56755,56756,2026-08-15T04:45:00+00:00,2026-08-15T05:00:00+00:00,611.89,609.5722020443593,616.5255959112814,2.3177979556406854,2.0,2026-08-15T14:15:00+00:00,609.5722020443593,SL,-1.0,0.6850902852827567,-1.6850902852827567,37,
BNB,BREAKOUT,LONG,56948,56949,2026-08-17T05:00:00+00:00,2026-08-17T05:15:00+00:00,606.78,604.2019325907801,611.9361348184398,2.578067409219898,2.0,2026-08-17T09:30:00+00:00,604.2019325907801,SL,-1.0,0.610642106074479,-1.6106421060744789,17,
XRP,BREAKOUT,SHORT,56962,56963,2026-08-17T08:30:00+00:00,2026-08-17T08:45:00+00:00,0.9993,1.0042371201652722,0.9894257596694555,0.004937120165272257,2.0,2026-08-17T14:45:00+00:00,1.0042371201652722,SL,-1.0,0.527554154856432,-1.527554154856432,24,
FET,BREAKOUT,SHORT,57035,57036,2026-08-18T02:45:00+00:00,2026-08-18T03:00:00+00:00,0.1199,0.1216144010094237,0.11647119798115263,0.0017144010094236883,2.0,2026-08-18T05:00:00+00:00,0.1216144010094237,SL,-1.0,0.18313610385576842,-1.1831361038557684,8,
AVAX,BREAKOUT,SHORT,57035,57036,2026-08-18T02:45:00+00:00,2026-08-18T03:00:00+00:00,6.245,6.308778174831506,6.1174436503369884,0.06377817483150583,2.0,2026-08-18T05:15:00+00:00,6.308778174831506,SL,-1.0,0.25588552307111606,-1.2558855230711161,9,
BTC,BREAKOUT,SHORT,57032,57033,2026-08-18T02:00:00+00:00,2026-08-18T02:15:00+00:00,64150.0,64395.176339178346,63659.64732164331,245.1763391783461,2.0,2026-08-18T06:30:00+00:00,64395.176339178346,SL,-1.0,0.6815858732574258,-1.6815858732574258,17,
DOGE,BREAKOUT,SHORT,57034,57035,2026-08-18T02:30:00+00:00,2026-08-18T02:45:00+00:00,0.06977,0.07010386564471333,0.06910226871057334,0.000333865644713327,2.0,2026-08-18T14:15:00+00:00,0.07010386564471333,SL,-1.0,0.5446383244800777,-1.5446383244800777,46,
SUI,BREAKOUT,SHORT,57112,57113,2026-08-18T22:00:00+00:00,2026-08-18T22:15:00+00:00,0.6498,0.6554772215062651,0.63844555698747,0.00567722150626504,2.0,2026-08-19T03:15:00+00:00,0.6554772215062651,SL,-1.0,0.29888923412369794,-1.298889234123698,20,
ETH,BREAKOUT,LONG,57148,57149,2026-08-19T07:00:00+00:00,2026-08-19T07:15:00+00:00,1920.34,1910.8360575498125,1939.3478849003748,9.503942450187424,2.0,2026-08-19T12:45:00+00:00,1939.3478849003748,TP,2.0,0.5279487198779846,1.4720512801220154,22,
UNI,BREAKOUT,SHORT,57228,57229,2026-08-20T03:00:00+00:00,2026-08-20T03:15:00+00:00,3.567,3.6525022120243085,3.3959955759513836,0.0855022120243083,2.0,2026-08-20T08:00:00+00:00,3.6525022120243085,SL,-1.0,0.10976736921102513,-1.109767369211025,19,
SOL,BREAKOUT,LONG,57248,57249,2026-08-20T08:00:00+00:00,2026-08-20T08:15:00+00:00,87.43,86.30083496979046,89.6883300604191,1.129165030209549,2.0,2026-08-20T13:30:00+00:00,86.30083496979046,SL,-1.0,0.20001512570648294,-1.200015125706483,21,
CRV,BREAKOUT,LONG,57249,57250,2026-08-20T08:15:00+00:00,2026-08-20T08:30:00+00:00,0.2725,0.2666246835755441,0.2842506328489119,0.005875316424455934,2.0,2026-08-20T13:45:00+00:00,0.2666246835755441,SL,-1.0,0.11928924980633847,-1.1192892498063385,21,
UNI,BREAKOUT,SHORT,57274,57275,2026-08-20T14:30:00+00:00,2026-08-20T14:45:00+00:00,3.632,3.7112573917192715,3.4734852165614574,0.07925739171927138,2.0,2026-08-20T15:15:00+00:00,3.7112573917192715,SL,-1.0,0.12044598493788049,-1.1204459849378805,2,
ADA,BREAKOUT,LONG,57283,57284,2026-08-20T16:45:00+00:00,2026-08-20T17:00:00+00:00,0.1995,0.19420775598134735,0.21008448803730534,0.005292244018652664,2.0,2026-08-20T19:30:00+00:00,0.19420775598134735,SL,-1.0,0.09671135362840927,-1.0967113536284092,10,
BTC,BREAKOUT,LONG,57313,57314,2026-08-21T00:15:00+00:00,2026-08-21T00:30:00+00:00,73694.6,72926.30966679267,75231.18066641467,768.2903332073329,2.0,2026-08-21T01:45:00+00:00,75231.18066641467,TP,2.0,0.2519926471782025,1.7480073528217974,5,
CRV,BREAKOUT,LONG,57315,57316,2026-08-21T00:45:00+00:00,2026-08-21T01:00:00+00:00,0.2906,0.28179739688657124,0.3082052062268576,0.008802603113428786,2.0,2026-08-21T02:15:00+00:00,0.3082052062268576,TP,2.0,0.08843370058424622,1.9115662994157538,5,
LINK,BREAKOUT,LONG,57322,57323,2026-08-21T02:30:00+00:00,2026-08-21T02:45:00+00:00,10.943,10.733627642535252,11.361744714929495,0.2093723574647477,2.0,2026-08-21T07:15:00+00:00,11.361744714929495,TP,2.0,0.138490909117697,1.861509090882303,18,
DOGE,BREAKOUT,LONG,57317,57318,2026-08-21T01:15:00+00:00,2026-08-21T01:30:00+00:00,0.08192,0.08039172661991328,0.08497654676017345,0.0015282733800867226,2.0,2026-08-21T08:45:00+00:00,0.08497654676017345,TP,2.0,0.14196773536414908,1.858032264635851,29,
SOL,BREAKOUT,LONG,57346,57347,2026-08-21T08:30:00+00:00,2026-08-21T08:45:00+00:00,92.13,90.44645948158171,95.49708103683656,1.6835405184182832,2.0,2026-08-21T09:00:00+00:00,90.44645948158171,SL,-1.0,0.1409822898406094,-1.1409822898406095,1,
BNB,BREAKOUT,LONG,57347,57348,2026-08-21T08:45:00+00:00,2026-08-21T09:00:00+00:00,685.94,676.9339885767243,703.9520228465515,9.006011423275709,2.0,2026-08-21T09:00:00+00:00,676.9339885767243,SL,-1.0,0.19672817431374273,-1.1967281743137428,0,True
BTC,BREAKOUT,LONG,57346,57347,2026-08-21T08:30:00+00:00,2026-08-21T08:45:00+00:00,77637.4,76436.12507163509,80039.9498567298,1201.2749283649027,2.0,2026-08-21T11:30:00+00:00,76436.12507163509,SL,-1.0,0.1667358386191868,-1.1667358386191868,11,
DOGE,BREAKOUT,LONG,57394,57395,2026-08-21T20:30:00+00:00,2026-08-21T20:45:00+00:00,0.08666,0.08464130732667495,0.0906973853466501,0.002018692673325051,2.0,2026-08-21T21:30:00+00:00,0.0906973853466501,TP,2.0,0.11421481040542693,1.885785189594573,3,
ADA,BREAKOUT,LONG,57345,57346,2026-08-21T08:15:00+00:00,2026-08-21T08:30:00+00:00,0.213,0.2072450970976638,0.22450980580467236,0.005754902902336184,2.0,2026-08-21T21:45:00+00:00,0.22450980580467236,TP,2.0,0.09883098936650811,1.901169010633492,53,
LINK,BREAKOUT,LONG,57399,57400,2026-08-21T21:45:00+00:00,2026-08-21T22:00:00+00:00,12.163,11.882112724660509,12.724774550678983,0.28088727533949154,2.0,2026-08-22T00:00:00+00:00,11.882112724660509,SL,-1.0,0.111285377752617,-1.111285377752617,8,
CRV,BREAKOUT,LONG,57391,57392,2026-08-21T19:45:00+00:00,2026-08-21T20:00:00+00:00,0.3316,0.32167729066113737,0.3514454186777253,0.009922709338862634,2.0,2026-08-22T01:15:00+00:00,0.3514454186777253,TP,2.0,0.08948755969333098,1.9105124403066691,21,
SOL,BREAKOUT,LONG,57399,57400,2026-08-21T21:45:00+00:00,2026-08-21T22:00:00+00:00,93.75,92.22963064578609,96.79073870842782,1.520369354213912,2.0,2026-08-22T03:15:00+00:00,96.79073870842782,TP,2.0,0.16292288425468024,1.8370771157453198,21,
XRP,BREAKOUT,LONG,57418,57419,2026-08-22T02:30:00+00:00,2026-08-22T02:45:00+00:00,1.5343,1.4750817054288239,1.6527365891423522,0.05921829457117611,2.0,2026-08-22T04:30:00+00:00,1.6527365891423522,TP,2.0,0.0699639798121051,1.930036020187895,7,
ETH,BREAKOUT,LONG,57397,57398,2026-08-21T21:15:00+00:00,2026-08-21T21:30:00+00:00,2479.62,2433.137357358818,2572.5852852823637,46.48264264118188,2.0,2026-08-22T05:00:00+00:00,2433.137357358818,SL,-1.0,0.13739719176181667,-1.1373971917618166,30,
BTC,BREAKOUT,LONG,57399,57400,2026-08-21T21:45:00+00:00,2026-08-21T22:00:00+00:00,78491.4,77468.90367558633,80536.39264882731,1022.4963244136597,2.0,2026-08-22T05:00:00+00:00,77468.90367558633,SL,-1.0,0.1982876514441519,-1.1982876514441518,28,
AVAX,BREAKOUT,LONG,57426,57427,2026-08-22T04:30:00+00:00,2026-08-22T04:45:00+00:00,8.258,8.06390164755288,8.646196704894237,0.19409835244711893,2.0,2026-08-22T05:00:00+00:00,8.06390164755288,SL,-1.0,0.10931814657004675,-1.1093181465700468,1,
BNB,BREAKOUT,LONG,57427,57428,2026-08-22T04:45:00+00:00,2026-08-22T05:00:00+00:00,725.43,712.4182813791252,751.4534372417494,13.011718620874717,2.0,2026-08-22T05:00:00+00:00,712.4182813791252,SL,-1.0,0.1436553325702954,-1.1436553325702954,0,True
CRV,BREAKOUT,LONG,57454,57455,2026-08-22T11:30:00+00:00,2026-08-22T11:45:00+00:00,0.3355,0.3193757004670604,0.3677485990658793,0.016124299532939645,2.0,2026-08-23T02:15:00+00:00,0.3193757004670604,SL,-1.0,0.052798474058858534,-1.0527984740588585,58,
ETH,BREAKOUT,LONG,57652,57653,2026-08-24T13:00:00+00:00,2026-08-24T13:15:00+00:00,2514.97,2475.139050795116,2594.6318984097675,39.83094920488384,2.0,2026-08-24T13:45:00+00:00,2475.139050795116,SL,-1.0,0.16286686347003337,-1.1628668634700334,2,
FET,BREAKOUT,LONG,57647,57648,2026-08-24T11:45:00+00:00,2026-08-24T12:00:00+00:00,0.1702,0.1657545020746894,0.1790909958506212,0.004445497925310599,2.0,2026-08-24T15:30:00+00:00,0.1790909958506212,TP,2.0,0.10214340490870479,1.8978565950912951,14,
BNB,BREAKOUT,LONG,57661,57662,2026-08-24T15:15:00+00:00,2026-08-24T15:30:00+00:00,715.8,705.8979388946667,735.6041222106664,9.902061105333246,2.0,2026-08-24T15:45:00+00:00,705.8979388946667,SL,-1.0,0.18664874927580713,-1.186648749275807,1,
SOL,BREAKOUT,LONG,57887,57888,2026-08-26T23:45:00+00:00,2026-08-27T00:00:00+00:00,102.04,100.1784388907788,105.7631222184424,1.8615611092211992,2.0,2026-08-27T09:15:00+00:00,105.7631222184424,TP,2.0,0.14511694380905515,1.8548830561909448,37,
CRV,BREAKOUT,LONG,57907,57908,2026-08-27T04:45:00+00:00,2026-08-27T05:00:00+00:00,0.3217,0.31534773366716734,0.3344045326656653,0.006352266332832646,2.0,2026-08-27T09:15:00+00:00,0.3344045326656653,TP,2.0,0.13427269068628894,1.865727309313711,17,
DOGE,BREAKOUT,LONG,57924,57925,2026-08-27T09:00:00+00:00,2026-08-27T09:15:00+00:00,0.08942,0.08807445536259204,0.09211108927481593,0.0013455446374079638,2.0,2026-08-27T10:15:00+00:00,0.08807445536259204,SL,-1.0,0.1714865382807879,-1.171486538280788,4,
XRP,BREAKOUT,LONG,57946,57947,2026-08-27T14:30:00+00:00,2026-08-27T14:45:00+00:00,1.4653,1.4351587427294985,1.5255825145410031,0.030141257270501542,2.0,2026-08-27T18:15:00+00:00,1.4351587427294985,SL,-1.0,0.12509751440390418,-1.1250975144039042,14,
BNB,BREAKOUT,LONG,57950,57951,2026-08-27T15:30:00+00:00,2026-08-27T15:45:00+00:00,713.57,706.9906416826649,726.7287166346704,6.5793583173351635,2.0,2026-08-27T18:15:00+00:00,706.9906416826649,SL,-1.0,0.28068525000709255,-1.2806852500070924,10,
UNI,BREAKOUT,LONG,57954,57955,2026-08-27T16:30:00+00:00,2026-08-27T16:45:00+00:00,4.589,4.477822826050369,4.811354347899263,0.11117717394963123,2.0,2026-08-28T01:15:00+00:00,4.811354347899263,TP,2.0,0.1099187919437988,1.8900812080562013,34,
BTC,BREAKOUT,LONG,57989,57990,2026-08-28T01:15:00+00:00,2026-08-28T01:30:00+00:00,81095.9,80507.14835893655,82273.40328212688,588.7516410634416,2.0,2026-08-28T01:45:00+00:00,80507.14835893655,SL,-1.0,0.35682951556134973,-1.3568295155613497,1,
ADA,BREAKOUT,LONG,58043,58044,2026-08-28T14:45:00+00:00,2026-08-28T15:00:00+00:00,0.2107,0.20633141439594266,0.21943717120811468,0.00436858560405734,2.0,2026-08-28T15:30:00+00:00,0.20633141439594266,SL,-1.0,0.12409985470153319,-1.1240998547015333,2,
UNI,BREAKOUT,LONG,58148,58149,2026-08-29T17:00:00+00:00,2026-08-29T17:15:00+00:00,4.631,4.544562750699404,4.803874498601193,0.08643724930059626,2.0,2026-08-30T02:30:00+00:00,4.803874498601193,TP,2.0,0.1418987409644113,1.8581012590355888,37,
SOL,BREAKOUT,LONG,58230,58231,2026-08-30T13:30:00+00:00,2026-08-30T13:45:00+00:00,106.96,105.91764577605875,109.04470844788248,1.0423542239412456,2.0,2026-08-30T15:15:00+00:00,105.91764577605875,SL,-1.0,0.2654960599310388,-1.2654960599310388,6,
ETH,BREAKOUT,LONG,58232,58233,2026-08-30T14:00:00+00:00,2026-08-30T14:15:00+00:00,2477.36,2462.6085317156244,2506.8629365687516,14.751468284375733,2.0,2026-08-30T16:00:00+00:00,2506.8629365687516,TP,2.0,0.43924372087097513,1.5607562791290248,7,
DOGE,BREAKOUT,LONG,58225,58226,2026-08-30T12:15:00+00:00,2026-08-30T12:30:00+00:00,0.08526,0.08467858493505064,0.08642283012989874,0.0005814150649493671,2.0,2026-08-30T16:45:00+00:00,0.08642283012989874,TP,2.0,0.3838697904883232,1.6161302095116767,17,
LINK,BREAKOUT,LONG,58232,58233,2026-08-30T14:00:00+00:00,2026-08-30T14:15:00+00:00,11.545,11.44771524403524,11.739569511929519,0.09728475596475938,2.0,2026-08-30T16:45:00+00:00,11.739569511929519,TP,2.0,0.31114782645364725,1.6888521735463526,10,
ETH,BREAKOUT,LONG,58243,58244,2026-08-30T16:45:00+00:00,2026-08-30T17:00:00+00:00,2528.28,2503.9661440316236,2576.9077119367535,24.31385596837663,2.0,2026-08-30T17:15:00+00:00,2503.9661440316236,SL,-1.0,0.269061394282739,-1.2690613942827391,1,
XRP,BREAKOUT,LONG,58243,58244,2026-08-30T16:45:00+00:00,2026-08-30T17:00:00+00:00,1.4218,1.406076254106661,1.453247491786678,0.015723745893339025,2.0,2026-08-30T20:15:00+00:00,1.406076254106661,SL,-1.0,0.23380173880169397,-1.233801738801694,13,
BNB,BREAKOUT,LONG,58230,58231,2026-08-30T13:30:00+00:00,2026-08-30T13:45:00+00:00,698.54,695.3748251766758,704.8703496466483,3.1651748233241506,2.0,2026-08-30T21:00:00+00:00,695.3748251766758,SL,-1.0,0.5725084312488541,-1.572508431248854,29,
SOL,BREAKOUT,LONG,58316,58317,2026-08-31T11:00:00+00:00,2026-08-31T11:15:00+00:00,103.87,102.64745179772075,106.31509640455852,1.2225482022792562,2.0,2026-08-31T12:30:00+00:00,102.64745179772075,SL,-1.0,0.21960090149125433,-1.2196009014912543,5,
CRV,BREAKOUT,LONG,58357,58358,2026-08-31T21:15:00+00:00,2026-08-31T21:30:00+00:00,0.3388,0.3285710161123158,0.35925796777536834,0.010228983887684173,2.0,2026-09-01T04:00:00+00:00,0.35925796777536834,TP,2.0,0.08871608050928605,1.9112839194907139,26,
BTC,BREAKOUT,LONG,58390,58391,2026-09-01T05:30:00+00:00,2026-09-01T05:45:00+00:00,79135.5,78653.1971879822,80100.10562403561,482.302812017806,2.0,2026-09-01T07:30:00+00:00,78653.1971879822,SL,-1.0,0.42530398171678896,-1.425303981716789,7,
BNB,BREAKOUT,LONG,58331,58332,2026-08-31T14:45:00+00:00,2026-08-31T15:00:00+00:00,691.11,686.2361217913233,700.8577564173535,4.873878208676729,2.0,2026-09-01T09:00:00+00:00,686.2361217913233,SL,-1.0,0.3673768366105437,-1.3673768366105437,72,
ETH,BREAKOUT,LONG,58331,58332,2026-08-31T14:45:00+00:00,2026-08-31T15:00:00+00:00,2466.79,2438.7810387142113,2522.8079225715774,28.0089612857887,2.0,2026-09-01T12:30:00+00:00,2438.7810387142113,SL,-1.0,0.22768578546196164,-1.2276857854619616,86,
SOL,BREAKOUT,LONG,58477,58478,2026-09-02T03:15:00+00:00,2026-09-02T03:30:00+00:00,100.53,99.3419534165495,102.906093166901,1.1880465834505003,2.0,2026-09-02T08:30:00+00:00,99.3419534165495,SL,-1.0,0.2187065246944,-1.2187065246944,20,
BTC,BREAKOUT,LONG,58570,58571,2026-09-03T02:30:00+00:00,2026-09-03T02:45:00+00:00,77743.5,77210.08328047363,78810.33343905275,533.4167195263726,2.0,2026-09-03T05:15:00+00:00,77210.08328047363,SL,-1.0,0.37764031551818716,-1.377640315518187,10,
SOL,BREAKOUT,LONG,58571,58572,2026-09-03T02:45:00+00:00,2026-09-03T03:00:00+00:00,101.07,99.84841011279973,103.51317977440053,1.2215898872002668,2.0,2026-09-03T05:15:00+00:00,99.84841011279973,SL,-1.0,0.21381474739060252,-1.2138147473906025,9,
BNB,BREAKOUT,LONG,58604,58605,2026-09-03T11:00:00+00:00,2026-09-03T11:15:00+00:00,706.7,701.3398983783735,717.4202032432531,5.360101621626541,2.0,2026-09-03T14:15:00+00:00,717.4202032432531,TP,2.0,0.3453957396528667,1.6546042603471334,12,
UNI,BREAKOUT,LONG,58600,58601,2026-09-03T10:00:00+00:00,2026-09-03T10:15:00+00:00,6.064,5.8768249657392015,6.438350068521597,0.1871750342607985,2.0,2026-09-03T21:15:00+00:00,6.438350068521597,TP,2.0,0.08683345593211989,1.91316654406788,44,
SUI,BREAKOUT,LONG,58778,58779,2026-09-05T06:30:00+00:00,2026-09-05T06:45:00+00:00,0.7814,0.769768957620448,0.8046620847591041,0.011631042379552037,2.0,2026-09-05T12:30:00+00:00,0.8046620847591041,TP,2.0,0.17727394010804454,1.8227260598919555,23,
UNI,BREAKOUT,LONG,58817,58818,2026-09-05T16:15:00+00:00,2026-09-05T16:30:00+00:00,6.628,6.460538274921033,6.962923450157934,0.16746172507896695,2.0,2026-09-05T18:15:00+00:00,6.962923450157934,TP,2.0,0.10550590277792633,1.8944940972220736,7,
LINK,BREAKOUT,LONG,58820,58821,2026-09-05T17:00:00+00:00,2026-09-05T17:15:00+00:00,12.113,11.971927961146928,12.395144077706142,0.1410720388530713,2.0,2026-09-05T19:45:00+00:00,11.971927961146928,SL,-1.0,0.2219462240997401,-1.22194622409974,10,
ADA,BREAKOUT,LONG,58824,58825,2026-09-05T18:00:00+00:00,2026-09-05T18:15:00+00:00,0.2216,0.2183043133494759,0.2281913733010482,0.003295686650524099,2.0,2026-09-05T21:00:00+00:00,0.2183043133494759,SL,-1.0,0.17352244554662857,-1.1735224455466287,11,
CRV,BREAKOUT,LONG,58824,58825,2026-09-05T18:00:00+00:00,2026-09-05T18:15:00+00:00,0.3675,0.36071233589402973,0.3810753282119405,0.006787664105970259,2.0,2026-09-05T21:15:00+00:00,0.3810753282119405,TP,2.0,0.14337007716978306,1.856629922830217,12,
UNI,BREAKOUT,LONG,58852,58853,2026-09-06T01:00:00+00:00,2026-09-06T01:15:00+00:00,7.421,7.175832990675751,7.911334018648499,0.24516700932424929,2.0,2026-09-06T02:45:00+00:00,7.175832990675751,SL,-1.0,0.07739982202410292,-1.077399822024103,6,
ETH,BREAKOUT,LONG,58855,58856,2026-09-06T01:45:00+00:00,2026-09-06T02:00:00+00:00,2504.66,2488.6980621854655,2536.5838756290686,15.961937814534394,2.0,2026-09-06T07:00:00+00:00,2488.6980621854655,SL,-1.0,0.40667778287735773,-1.4066777828773578,20,
LINK,BREAKOUT,LONG,58852,58853,2026-09-06T01:00:00+00:00,2026-09-06T01:15:00+00:00,12.212,12.061857070667376,12.512285858665248,0.15014292933262396,2.0,2026-09-06T20:30:00+00:00,12.512285858665248,TP,2.0,0.21407316188069672,1.7859268381193032,77,
AVAX,BREAKOUT,LONG,58929,58930,2026-09-06T20:15:00+00:00,2026-09-06T20:30:00+00:00,7.719,7.654668879090697,7.847662241818607,0.06433112090930315,2.0,2026-09-06T21:30:00+00:00,7.847662241818607,TP,2.0,0.314570314154711,1.685429685845289,4,
ADA,BREAKOUT,LONG,58946,58947,2026-09-07T00:30:00+00:00,2026-09-07T00:45:00+00:00,0.2262,0.22238907421208257,0.2338218515758349,0.0038109257879174463,2.0,2026-09-07T01:00:00+00:00,0.22238907421208257,SL,-1.0,0.15302470552552785,-1.1530247055255278,1,
CRV,BREAKOUT,LONG,58920,58921,2026-09-06T18:00:00+00:00,2026-09-06T18:15:00+00:00,0.3762,0.3689696644650145,0.39066067106997093,0.007230335534985477,2.0,2026-09-07T02:15:00+00:00,0.39066067106997093,TP,2.0,0.13788002888208487,1.862119971117915,32,
BTC,BREAKOUT,LONG,58996,58997,2026-09-07T13:00:00+00:00,2026-09-07T13:15:00+00:00,79590.2,79284.60961893672,80201.38076212654,305.5903810632735,2.0,2026-09-07T13:30:00+00:00,79284.60961893672,SL,-1.0,0.6758630680258667,-1.6758630680258668,1,
ADA,BREAKOUT,LONG,58997,58998,2026-09-07T13:15:00+00:00,2026-09-07T13:30:00+00:00,0.2245,0.22082533204938729,0.23184933590122545,0.00367466795061272,2.0,2026-09-07T14:00:00+00:00,0.22082533204938729,SL,-1.0,0.15754428412169133,-1.1575442841216914,2,
FET,BREAKOUT,LONG,58981,58982,2026-09-07T09:15:00+00:00,2026-09-07T09:30:00+00:00,0.1774,0.1733859419897072,0.18542811602058562,0.004014058010292809,2.0,2026-09-07T19:15:00+00:00,0.18542811602058562,TP,2.0,0.1175061619979813,1.8824938380020186,39,
BNB,BREAKOUT,LONG,59061,59062,2026-09-08T05:15:00+00:00,2026-09-08T05:30:00+00:00,753.42,746.520045009745,767.2199099805099,6.899954990254969,2.0,2026-09-08T06:15:00+00:00,746.520045009745,SL,-1.0,0.28259924322210894,-1.282599243222109,3,
SOL,BREAKOUT,LONG,59103,59104,2026-09-08T15:45:00+00:00,2026-09-08T16:00:00+00:00,104.25,103.05291533542989,106.64416932914023,1.197084664570113,2.0,2026-09-08T19:15:00+00:00,103.05291533542989,SL,-1.0,0.2251250875666653,-1.2251250875666653,13,
BTC,BREAKOUT,LONG,59169,59170,2026-09-09T08:15:00+00:00,2026-09-09T08:30:00+00:00,79650.7,79191.96410066383,80568.17179867234,458.7358993361704,2.0,2026-09-09T09:30:00+00:00,79191.96410066383,SL,-1.0,0.45014018660776134,-1.4501401866077614,4,
SOL,BREAKOUT,LONG,59155,59156,2026-09-09T04:45:00+00:00,2026-09-09T05:00:00+00:00,104.38,103.42735335836204,106.2852932832759,0.9526466416379549,2.0,2026-09-09T09:45:00+00:00,103.42735335836204,SL,-1.0,0.2835779265451278,-1.283577926545128,19,
XRP,BREAKOUT,LONG,59099,59100,2026-09-08T14:45:00+00:00,2026-09-08T15:00:00+00:00,1.4168,1.3985196303122207,1.4533607393755588,0.018280369687779352,2.0,2026-09-09T15:00:00+00:00,1.4153,TIME,-0.08205523332511294,0.20140347612670445,-0.2834587094518174,96,
FET,BREAKOUT,LONG,59344,59345,2026-09-11T04:00:00+00:00,2026-09-11T04:15:00+00:00,0.1671,0.16396145042344384,0.1733770991531123,0.0031385495765561544,2.0,2026-09-11T09:30:00+00:00,0.16396145042344384,SL,-1.0,0.13712699928822572,-1.1371269992882258,21,
UNI,BREAKOUT,LONG,59383,59384,2026-09-11T13:45:00+00:00,2026-09-11T14:00:00+00:00,6.479,6.252346918923595,6.93230616215281,0.22665308107640492,2.0,2026-09-11T15:45:00+00:00,6.252346918923595,SL,-1.0,0.07302239579536711,-1.073022395795367,7,
AVAX,BREAKOUT,LONG,59379,59380,2026-09-11T12:45:00+00:00,2026-09-11T13:00:00+00:00,7.578,7.423312027562421,7.887375944875159,0.15468797243757937,2.0,2026-09-11T18:45:00+00:00,7.423312027562421,SL,-1.0,0.12607124735376948,-1.1260712473537695,23,
FET,BREAKOUT,LONG,59690,59691,2026-09-14T18:30:00+00:00,2026-09-14T18:45:00+00:00,0.1719,0.1686053061590725,0.17848938768185502,0.0032946938409275095,2.0,2026-09-14T19:45:00+00:00,0.1686053061590725,SL,-1.0,0.13435448614617834,-1.1343544861461783,4,
UNI,BREAKOUT,LONG,59692,59693,2026-09-14T19:00:00+00:00,2026-09-14T19:15:00+00:00,6.704,6.528972564313595,7.054054871372808,0.17502743568640433,2.0,2026-09-14T22:15:00+00:00,6.528972564313595,SL,-1.0,0.0982866729786863,-1.0982866729786862,12,
UNI,BREAKOUT,LONG,59881,59882,2026-09-16T18:15:00+00:00,2026-09-16T18:30:00+00:00,6.386,6.15477192187983,6.848456156240341,0.23122807812017054,2.0,2026-09-17T01:30:00+00:00,6.848456156240341,TP,2.0,0.07440615838259493,1.925593841617405,28,
UNI,BREAKOUT,LONG,59961,59962,2026-09-17T14:15:00+00:00,2026-09-17T14:30:00+00:00,7.35,7.08675402109047,7.876491957819059,0.26324597890952983,2.0,2026-09-17T15:00:00+00:00,7.08675402109047,SL,-1.0,0.07129370144668977,-1.0712937014466897,2,
FET,BREAKOUT,LONG,60035,60036,2026-09-18T08:45:00+00:00,2026-09-18T09:00:00+00:00,0.1856,0.18102814589655591,0.19474370820688813,0.004571854103444073,2.0,2026-09-19T04:00:00+00:00,0.18102814589655591,SL,-1.0,0.10425017484842253,-1.1042501748484226,76,
AVAX,BREAKOUT,LONG,60130,60131,2026-09-19T08:30:00+00:00,2026-09-19T08:45:00+00:00,8.736,8.531558665029825,9.144882669940351,0.20444133497017525,2.0,2026-09-19T10:30:00+00:00,9.144882669940351,TP,2.0,0.11370082020993239,1.8862991797900677,7,
SUI,BREAKOUT,LONG,60136,60137,2026-09-19T10:00:00+00:00,2026-09-19T10:15:00+00:00,0.8362,0.8212993231493039,0.8660013537013924,0.014900676850696182,2.0,2026-09-19T11:00:00+00:00,0.8660013537013924,TP,2.0,0.1485074659349063,1.8514925340650936,3,
SOL,BREAKOUT,LONG,60059,60060,2026-09-18T14:45:00+00:00,2026-09-18T15:00:00+00:00,110.74,108.7978757581677,114.62424848366457,1.942124241832289,2.0,2026-09-19T15:00:00+00:00,111.89,TIME,0.5921351349360857,0.14902187705918796,0.44311325787689776,96,
AVAX,BREAKOUT,LONG,60162,60163,2026-09-19T16:30:00+00:00,2026-09-19T16:45:00+00:00,9.668,9.335708896106883,10.332582207786231,0.332291103893116,2.0,2026-09-20T00:00:00+00:00,10.332582207786231,TP,2.0,0.07824692435487363,1.9217530756451264,29,
SUI,BREAKOUT,LONG,60255,60256,2026-09-20T15:45:00+00:00,2026-09-20T16:00:00+00:00,0.8452,0.8248496983779037,0.8859006032441925,0.02035030162209628,2.0,2026-09-20T16:30:00+00:00,0.8859006032441925,TP,2.0,0.11058464026763815,1.8894153597323617,2,
ETH,BREAKOUT,LONG,60256,60257,2026-09-20T16:00:00+00:00,2026-09-20T16:15:00+00:00,2622.07,2597.5604209115504,2671.0891581768997,24.509579088449755,2.0,2026-09-21T00:00:00+00:00,2671.0891581768997,TP,2.0,0.2807517371390813,1.7192482628609187,31,
LINK,BREAKOUT,LONG,60255,60256,2026-09-20T15:45:00+00:00,2026-09-20T16:00:00+00:00,12.368,12.194995704564153,12.714008590871694,0.17300429543584706,2.0,2026-09-21T00:15:00+00:00,12.714008590871694,TP,2.0,0.18847284159036554,1.8115271584096344,33,
SOL,BREAKOUT,LONG,60288,60289,2026-09-21T00:00:00+00:00,2026-09-21T00:15:00+00:00,112.34,110.78343291009965,115.45313417980071,1.556567089900355,2.0,2026-09-21T01:45:00+00:00,110.78343291009965,SL,-1.0,0.1863462645877333,-1.1863462645877334,6,
DOGE,BREAKOUT,LONG,60290,60291,2026-09-21T00:30:00+00:00,2026-09-21T00:45:00+00:00,0.08849,0.08719042253323098,0.09108915493353804,0.0012995774667690224,2.0,2026-09-21T02:00:00+00:00,0.08719042253323098,SL,-1.0,0.17573754172654618,-1.175737541726546,5,
BTC,BREAKOUT,LONG,60321,60322,2026-09-21T08:15:00+00:00,2026-09-21T08:30:00+00:00,82204.7,81579.67398586536,83454.75202826927,625.0260141346371,2.0,2026-09-21T08:30:00+00:00,83454.75202826927,TP,2.0,0.344557318842028,1.655442681157972,0,True
SUI,BREAKOUT,LONG,60313,60314,2026-09-21T06:15:00+00:00,2026-09-21T06:30:00+00:00,0.9706,0.9335684545545383,1.0446630908909236,0.03703154544546172,2.0,2026-09-21T13:00:00+00:00,1.0446630908909236,TP,2.000000000000003,0.07074622424323548,1.9292537757567676,26,
DOGE,BREAKOUT,LONG,60322,60323,2026-09-21T08:30:00+00:00,2026-09-21T08:45:00+00:00,0.09187,0.09005017857773015,0.09550964284453968,0.0018198214222698433,2.0,2026-09-21T15:00:00+00:00,0.09550964284453968,TP,2.0,0.13385573590735625,1.8661442640926438,25,
BNB,BREAKOUT,LONG,60323,60324,2026-09-21T08:45:00+00:00,2026-09-21T09:00:00+00:00,782.11,772.7076080648875,800.914783870225,9.402391935112519,2.0,2026-09-21T15:00:00+00:00,800.914783870225,TP,2.0,0.2188732647217248,1.7811267352782751,24,
CRV,BREAKOUT,LONG,60323,60324,2026-09-21T08:45:00+00:00,2026-09-21T09:00:00+00:00,0.3531,0.34449260669595483,0.3703147866080904,0.008607393304045197,2.0,2026-09-21T17:45:00+00:00,0.34449260669595483,SL,-1.0,0.1053594690832289,-1.105359469083229,35,
XRP,BREAKOUT,LONG,60322,60323,2026-09-21T08:30:00+00:00,2026-09-21T08:45:00+00:00,1.4722,1.4461759431343455,1.5242481137313089,0.026024056865654455,2.0,2026-09-21T20:15:00+00:00,1.5242481137313089,TP,2.0,0.14968390854508457,1.8503160914549155,46,
XRP,BREAKOUT,LONG,60375,60376,2026-09-21T21:45:00+00:00,2026-09-21T22:00:00+00:00,1.5496,1.516274614627933,1.6162507707441345,0.033325385372067196,2.0,2026-09-22T01:00:00+00:00,1.516274614627933,SL,-1.0,0.11959762668962293,-1.119597626689623,12,
FET,BREAKOUT,LONG,60386,60387,2026-09-22T00:30:00+00:00,2026-09-22T00:45:00+00:00,0.2063,0.19986836559113902,0.219163268817722,0.006431634408860992,2.0,2026-09-22T01:15:00+00:00,0.19986836559113902,SL,-1.0,0.08209715318100456,-1.0820971531810046,2,
XRP,BREAKOUT,LONG,60439,60440,2026-09-22T13:45:00+00:00,2026-09-22T14:00:00+00:00,1.5883,1.554293291815237,1.6563134163695261,0.034006708184763035,2.0,2026-09-22T14:15:00+00:00,1.554293291815237,SL,-1.0,0.12013427636581098,-1.1201342763658109,1,
ADA,BREAKOUT,LONG,60440,60441,2026-09-22T14:00:00+00:00,2026-09-22T14:15:00+00:00,0.2539,0.24746415900339813,0.2667716819932038,0.006435840996601883,2.0,2026-09-22T14:30:00+00:00,0.24746415900339813,SL,-1.0,0.10127245328909668,-1.1012724532890967,1,
XRP,BREAKOUT,LONG,60498,60499,2026-09-23T04:30:00+00:00,2026-09-23T04:45:00+00:00,1.6507,1.6136940671560684,1.7247118656878633,0.03700593284393161,2.0,2026-09-23T05:30:00+00:00,1.6136940671560684,SL,-1.0,0.11467653862963735,-1.1146765386296373,3,
DOGE,BREAKOUT,LONG,60436,60437,2026-09-22T13:00:00+00:00,2026-09-22T13:15:00+00:00,0.10023,0.0981115004552376,0.1044669990895248,0.0021184995447623978,2.0,2026-09-23T13:15:00+00:00,0.09929,TIME,-0.44371026763917615,0.12243382380763766,-0.5661440914468138,96,
LINK,BREAKOUT,LONG,60633,60634,2026-09-24T14:15:00+00:00,2026-09-24T14:30:00+00:00,12.721,12.526465457840198,13.110069084319605,0.19453454215980237,2.0,2026-09-24T14:45:00+00:00,12.526465457840198,SL,-1.0,0.1687191628324318,-1.1687191628324318,1,
FET,BREAKOUT,LONG,60633,60634,2026-09-24T14:15:00+00:00,2026-09-24T14:30:00+00:00,0.2132,0.20701503299009308,0.22556993401981384,0.006184967009906922,2.0,2026-09-24T15:45:00+00:00,0.22556993401981384,TP,2.0,0.09222376017723367,1.9077762398227662,5,
LINK,BREAKOUT,LONG,60640,60641,2026-09-24T16:00:00+00:00,2026-09-24T16:15:00+00:00,12.76,12.505618061294104,13.268763877411791,0.25438193870589565,2.0,2026-09-24T18:15:00+00:00,13.268763877411791,TP,2.0,0.133018064147064,1.866981935852936,8,
SUI,BREAKOUT,LONG,60709,60710,2026-09-25T09:15:00+00:00,2026-09-25T09:30:00+00:00,1.0424,1.0194371291753819,1.0883257416492362,0.02296287082461812,2.0,2026-09-25T11:00:00+00:00,1.0883257416492362,TP,2.0,0.12062705422592003,1.87937294577408,6,
SOL,BREAKOUT,LONG,60711,60712,2026-09-25T09:45:00+00:00,2026-09-25T10:00:00+00:00,118.33,116.95367200313547,121.08265599372906,1.376327996864532,2.0,2026-09-25T11:00:00+00:00,121.08265599372906,TP,2.0,0.22613537870397757,1.7738646212960225,4,
BTC,BREAKOUT,LONG,60709,60710,2026-09-25T09:15:00+00:00,2026-09-25T09:30:00+00:00,84763.4,84203.30791309319,85883.58417381361,560.0920869068068,2.0,2026-09-25T12:00:00+00:00,84203.30791309319,SL,-1.0,0.3921796529926152,-1.3921796529926151,10,
ADA,BREAKOUT,LONG,60717,60718,2026-09-25T11:15:00+00:00,2026-09-25T11:30:00+00:00,0.2564,0.2513084795000067,0.2665830409999867,0.0050915204999933406,2.0,2026-09-25T12:15:00+00:00,0.2513084795000067,SL,-1.0,0.1296314182277911,-1.1296314182277911,3,
XRP,BREAKOUT,LONG,60721,60722,2026-09-25T12:15:00+00:00,2026-09-25T12:30:00+00:00,1.6148,1.5787959442695132,1.6868081114609736,0.03600405573048682,2.0,2026-09-25T13:45:00+00:00,1.5787959442695132,SL,-1.0,0.11531130711018461,-1.1153113071101846,5,
ADA,BREAKOUT,LONG,60776,60777,2026-09-26T02:00:00+00:00,2026-09-26T02:15:00+00:00,0.2626,0.2569633157113839,0.27387336857723216,0.005636684288616078,2.0,2026-09-26T03:00:00+00:00,0.2569633157113839,SL,-1.0,0.11982794775093418,-1.119827947750934,3,
LINK,BREAKOUT,LONG,60825,60826,2026-09-26T14:15:00+00:00,2026-09-26T14:30:00+00:00,14.441,14.158189383735257,15.006621232529488,0.2828106162647437,2.0,2026-09-26T18:45:00+00:00,14.158189383735257,SL,-1.0,0.1314623428565072,-1.1314623428565072,17,
SUI,BREAKOUT,LONG,60754,60755,2026-09-25T20:30:00+00:00,2026-09-25T20:45:00+00:00,1.1849,1.1482572536817688,1.2581854926364626,0.03664274631823128,2.0,2026-09-26T20:30:00+00:00,1.1482572536817688,SL,-1.0,0.08277503010949823,-1.0827750301094983,95,
BTC,BREAKOUT,LONG,60904,60905,2026-09-27T10:00:00+00:00,2026-09-27T10:15:00+00:00,84999.0,84696.20132942153,85604.59734115694,302.7986705784715,2.0,2026-09-27T13:00:00+00:00,84696.20132942153,SL,-1.0,0.7285493073889756,-1.7285493073889757,11,
SUI,BREAKOUT,LONG,60896,60897,2026-09-27T08:00:00+00:00,2026-09-27T08:15:00+00:00,1.2711,1.2371772932015468,1.338945413596906,0.033922706798453106,2.0,2026-09-27T14:15:00+00:00,1.2371772932015468,SL,-1.0,0.09612323982680247,-1.0961232398268024,24,
CRV,BREAKOUT,LONG,61053,61054,2026-09-28T23:15:00+00:00,2026-09-28T23:30:00+00:00,0.384,0.36986017753972,0.41227964492056,0.014139822460280005,2.0,2026-09-29T01:15:00+00:00,0.36986017753972,SL,-1.0,0.06930909023466121,-1.0693090902346611,7,
LINK,BREAKOUT,LONG,61028,61029,2026-09-28T17:00:00+00:00,2026-09-28T17:15:00+00:00,15.445,14.839581821869011,16.65583635626198,0.6054181781309893,2.0,2026-09-29T03:15:00+00:00,14.839581821869011,SL,-1.0,0.06502935952463516,-1.0650293595246352,40,
FET,BREAKOUT,LONG,61081,61082,2026-09-29T06:15:00+00:00,2026-09-29T06:30:00+00:00,0.2232,0.2175229978310012,0.2345540043379976,0.0056770021689988015,2.0,2026-09-29T11:30:00+00:00,0.2345540043379976,TP,2.0,0.1048229660522299,1.89517703394777,20,
ETH,BREAKOUT,LONG,61082,61083,2026-09-29T06:30:00+00:00,2026-09-29T06:45:00+00:00,2697.61,2674.497841850258,2743.8343162994847,23.1121581497423,2.0,2026-09-29T12:15:00+00:00,2743.8343162994847,TP,2.0,0.30606737654519744,1.6939326234548027,22,
BTC,BREAKOUT,LONG,61083,61084,2026-09-29T06:45:00+00:00,2026-09-29T07:00:00+00:00,83965.0,83465.92474399522,84963.15051200957,499.075256004784,2.0,2026-09-29T15:00:00+00:00,83465.92474399522,SL,-1.0,0.4361270160128062,-1.4361270160128061,32,
AVAX,BREAKOUT,LONG,61103,61104,2026-09-29T11:45:00+00:00,2026-09-29T12:00:00+00:00,11.841,11.477558370419807,12.567883259160384,0.3634416295801923,2.0,2026-09-29T15:00:00+00:00,11.477558370419807,SL,-1.0,0.08340851298889806,-1.083408512988898,12,
BNB,BREAKOUT,LONG,61081,61082,2026-09-29T06:15:00+00:00,2026-09-29T06:30:00+00:00,762.99,757.2026680154506,774.5646639690988,5.7873319845493825,2.0,2026-09-29T15:15:00+00:00,757.2026680154506,SL,-1.0,0.3414786768231272,-1.3414786768231273,35,
CRV,BREAKOUT,LONG,61070,61071,2026-09-29T03:30:00+00:00,2026-09-29T03:45:00+00:00,0.3876,0.37229715703862765,0.4182056859227447,0.015302842961372354,2.0,2026-09-30T03:45:00+00:00,0.3835,TIME,-0.26792407204003,0.06550612866709458,-0.3334302007071246,96,
ETH,BREAKOUT,LONG,61202,61203,2026-09-30T12:30:00+00:00,2026-09-30T12:45:00+00:00,2728.67,2704.68387915348,2776.64224169304,23.986120846519952,2.0,2026-09-30T13:30:00+00:00,2704.68387915348,SL,-1.0,0.29447696391158296,-1.294476963911583,3,
SUI,BREAKOUT,LONG,61203,61204,2026-09-30T12:45:00+00:00,2026-09-30T13:00:00+00:00,1.1881,1.1583593209769887,1.2475813580460224,0.02974067902301125,2.0,2026-09-30T14:15:00+00:00,1.1583593209769887,SL,-1.0,0.10256649200611397,-1.102566492006114,5,
