coin,family,side,signal_index,entry_index,signal_time,entry_time,entry,sl,tp,risk_price,target_rr,closed_at,exit,result,gross_R,cost_R,R,hold_bars,entry_bar_exit
SUI,TREND_PULLBACK,LONG,1618,1619,2025-01-17T20:30:00+00:00,2025-01-17T20:45:00+00:00,4.8887,4.78503766371478,5.04419350442783,0.10366233628522004,1.5,2025-01-18T03:30:00+00:00,4.78503766371478,SL,-1.0,0.1213156042347683,-1.1213156042347683,27,
LINK,TREND_PULLBACK,LONG,1666,1667,2025-01-18T08:30:00+00:00,2025-01-18T08:45:00+00:00,24.397,23.68156619560102,25.470150706598464,0.7154338043989767,1.5,2025-01-18T16:15:00+00:00,23.68156619560102,SL,-1.0,0.08736257033142047,-1.0873625703314205,30,
SOL,TREND_PULLBACK,LONG,1700,1701,2025-01-18T17:00:00+00:00,2025-01-18T17:15:00+00:00,250.22,237.09648843877255,269.9052673418412,13.123511561227446,1.5,2025-01-19T04:30:00+00:00,269.9052673418412,TP,1.500000000000001,0.05152301229665331,1.4484769877033479,45,
BTC,TREND_PULLBACK,LONG,1751,1752,2025-01-19T05:45:00+00:00,2025-01-19T06:00:00+00:00,105095.3,104221.18327225771,106406.47509161345,874.1167277422937,1.5,2025-01-19T09:00:00+00:00,104221.18327225771,SL,-1.0,0.31129873118520013,-1.3112987311852002,12,
SUI,TREND_PULLBACK,LONG,1753,1754,2025-01-19T06:15:00+00:00,2025-01-19T06:30:00+00:00,4.8768,4.769858624885983,5.037212062671026,0.10694137511401713,1.5,2025-01-19T09:00:00+00:00,4.769858624885983,SL,-1.0,0.11726664444871195,-1.117266644448712,10,
SOL,TREND_PULLBACK,LONG,1767,1768,2025-01-19T09:45:00+00:00,2025-01-19T10:00:00+00:00,273.77,262.40991329525696,290.8101300571145,11.360086704743026,1.5,2025-01-19T11:00:00+00:00,290.8101300571145,TP,1.5,0.06460814852476529,1.4353918514752346,4,
SUI,TREND_PULLBACK,LONG,1767,1768,2025-01-19T09:45:00+00:00,2025-01-19T10:00:00+00:00,4.8767,4.736328482156905,5.087257276764642,0.14037151784309465,1.5,2025-01-19T11:15:00+00:00,4.736328482156905,SL,-1.0,0.08902758350716759,-1.0890275835071677,5,
BTC,TREND_PULLBACK,LONG,1799,1800,2025-01-19T17:45:00+00:00,2025-01-19T18:00:00+00:00,105130.0,104253.54580875556,106444.68128686666,876.4541912444402,1.5,2025-01-19T20:45:00+00:00,106444.68128686666,TP,1.5,0.31381798206977474,1.1861820179302254,11,
SOL,TREND_PULLBACK,LONG,1885,1886,2025-01-20T15:15:00+00:00,2025-01-20T15:30:00+00:00,257.02,248.30256289235993,270.09615566146005,8.717437107640052,1.5,2025-01-20T16:00:00+00:00,248.30256289235993,SL,-1.0,0.07535693388419597,-1.075356933884196,2,
SUI,TREND_PULLBACK,SHORT,2430,2431,2025-01-26T07:30:00+00:00,2025-01-26T07:45:00+00:00,4.1615,4.206425647846154,4.094111528230769,0.044925647846153716,1.5,2025-01-26T16:15:00+00:00,4.094111528230769,TP,1.50000000000001,0.23889015520604986,1.2611098447939602,34,
SUI,TREND_PULLBACK,SHORT,2469,2470,2025-01-26T17:15:00+00:00,2025-01-26T17:30:00+00:00,4.1131,4.159798933477803,4.043051599783296,0.04669893347780274,1.5,2025-01-26T18:30:00+00:00,4.159798933477803,SL,-1.0,0.2303000906569563,-1.2303000906569563,4,
ETH,TREND_PULLBACK,SHORT,2552,2553,2025-01-27T14:00:00+00:00,2025-01-27T14:15:00+00:00,3084.48,3144.1685233956123,2994.9472149065814,59.688523395612265,1.5,2025-01-27T14:45:00+00:00,3144.1685233956123,SL,-1.0,0.1356582910712368,-1.1356582910712367,2,
FET,TREND_PULLBACK,SHORT,2552,2553,2025-01-27T14:00:00+00:00,2025-01-27T14:15:00+00:00,1.0762,1.1111370437792651,1.0237944343311023,0.0349370437792651,1.5,2025-01-27T14:45:00+00:00,1.1111370437792651,SL,-1.0,0.08139034816107325,-1.0813903481610732,2,
CRV,TREND_PULLBACK,SHORT,2562,2563,2025-01-27T16:30:00+00:00,2025-01-27T16:45:00+00:00,0.712,0.7380533730249131,0.6729199404626303,0.026053373024913173,1.5,2025-01-27T21:00:00+00:00,0.7380533730249131,SL,-1.0,0.07235413944788707,-1.072354139447887,17,
ETH,TREND_PULLBACK,SHORT,2562,2563,2025-01-27T16:30:00+00:00,2025-01-27T16:45:00+00:00,3089.68,3150.3807989611932,2998.6288015582095,60.700798961193414,1.5,2025-01-27T21:00:00+00:00,3150.3807989611932,SL,-1.0,0.13364039975545755,-1.1336403997554576,17,
UNI,TREND_PULLBACK,SHORT,2562,2563,2025-01-27T16:30:00+00:00,2025-01-27T16:45:00+00:00,10.717,11.012208628485208,10.27418705727219,0.29520862848520757,1.5,2025-01-27T21:00:00+00:00,11.012208628485208,SL,-1.0,0.09568816251062334,-1.0956881625106234,17,
UNI,TREND_PULLBACK,SHORT,2596,2597,2025-01-28T01:00:00+00:00,2025-01-28T01:15:00+00:00,10.839,11.05324823801522,10.517627642977171,0.21424823801521953,1.5,2025-01-28T04:15:00+00:00,11.05324823801522,SL,-1.0,0.13283620426973167,-1.1328362042697318,12,
CRV,TREND_PULLBACK,SHORT,2604,2605,2025-01-28T03:00:00+00:00,2025-01-28T03:15:00+00:00,0.731,0.7409826066778945,0.7160260899831582,0.009982606677894523,1.5,2025-01-28T04:30:00+00:00,0.7409826066778945,SL,-1.0,0.19169115346582644,-1.1916911534658263,5,
FET,TREND_PULLBACK,SHORT,2596,2597,2025-01-28T01:00:00+00:00,2025-01-28T01:15:00+00:00,1.0995,1.125137288289589,1.0610440675656165,0.025637288289589,1.5,2025-01-28T12:45:00+00:00,1.0610440675656165,TP,1.4999999999999956,0.10955555268206288,1.3904444473179327,46,
BNB,TREND_PULLBACK,SHORT,2618,2619,2025-01-28T06:30:00+00:00,2025-01-28T06:45:00+00:00,678.93,683.1122816831373,672.656577475294,4.182281683137376,1.5,2025-01-28T12:45:00+00:00,672.656577475294,TP,1.4999999999999865,0.420120566675893,1.0798794333240935,24,
CRV,TREND_PULLBACK,SHORT,2617,2618,2025-01-28T06:15:00+00:00,2025-01-28T06:30:00+00:00,0.732,0.7487611787450499,0.7068582318824251,0.0167611787450499,1.5,2025-01-28T14:00:00+00:00,0.7068582318824251,TP,1.5,0.1115980999844402,1.3884019000155599,30,
FET,TREND_PULLBACK,SHORT,2654,2655,2025-01-28T15:30:00+00:00,2025-01-28T15:45:00+00:00,1.062,1.0779908662615378,1.0380137006076935,0.015990866261537784,1.5,2025-01-28T16:30:00+00:00,1.0380137006076935,TP,1.4999999999999931,0.17072357220298992,1.3292764277970033,3,
ETH,TREND_PULLBACK,SHORT,2618,2619,2025-01-28T06:30:00+00:00,2025-01-28T06:45:00+00:00,3193.58,3230.71559413255,3137.876608801175,37.13559413255007,1.5,2025-01-28T16:45:00+00:00,3137.876608801175,TP,1.5,0.2216443222117992,1.2783556777882008,40,
UNI,TREND_PULLBACK,SHORT,2638,2639,2025-01-28T11:30:00+00:00,2025-01-28T11:45:00+00:00,11.163,11.320125659575277,10.927311510637086,0.1571256595752768,1.5,2025-01-28T20:00:00+00:00,11.320125659575277,SL,-1.0,0.18601712436055098,-1.186017124360551,33,
CRV,TREND_PULLBACK,SHORT,2656,2657,2025-01-28T16:00:00+00:00,2025-01-28T16:15:00+00:00,0.714,0.7347268679468703,0.6829096980796945,0.020726867946870287,1.5,2025-01-28T20:45:00+00:00,0.6829096980796945,TP,1.5000000000000027,0.08761490699697407,1.4123850930030286,18,
UNI,TREND_PULLBACK,SHORT,2675,2676,2025-01-28T20:45:00+00:00,2025-01-28T21:00:00+00:00,11.094,11.336504519760556,10.730243220359164,0.24250451976055665,1.5,2025-01-29T00:45:00+00:00,11.336504519760556,SL,-1.0,0.12024376248525301,-1.120243762485253,15,
UNI,TREND_PULLBACK,SHORT,2699,2700,2025-01-29T02:45:00+00:00,2025-01-29T03:00:00+00:00,11.286,11.580609665906774,10.844085501139837,0.2946096659067745,1.5,2025-01-29T03:45:00+00:00,11.580609665906774,SL,-1.0,0.10090162002724448,-1.1009016200272446,3,
BNB,TREND_PULLBACK,SHORT,2721,2722,2025-01-29T08:15:00+00:00,2025-01-29T08:30:00+00:00,672.81,677.2505394328314,666.1491908507528,4.440539432831429,1.5,2025-01-29T13:00:00+00:00,666.1491908507528,TP,1.5,0.3919899765412255,1.1080100234587744,18,
SUI,TREND_PULLBACK,SHORT,2724,2725,2025-01-29T09:00:00+00:00,2025-01-29T09:15:00+00:00,3.7202,3.785616690510187,3.62207496423472,0.06541669051018673,1.5,2025-01-29T13:45:00+00:00,3.62207496423472,TP,1.5,0.14591012445086612,1.354089875549134,18,
FET,TREND_PULLBACK,SHORT,2752,2753,2025-01-29T16:00:00+00:00,2025-01-29T16:15:00+00:00,0.9652,0.9855352699700836,0.9346970950448745,0.020335269970083614,1.5,2025-01-29T18:30:00+00:00,0.9855352699700836,SL,-1.0,0.12470726253902205,-1.124707262539022,9,
CRV,TREND_PULLBACK,SHORT,2724,2725,2025-01-29T09:00:00+00:00,2025-01-29T09:15:00+00:00,0.702,0.7191141753174939,0.6763287370237591,0.01711417531749393,1.5,2025-01-29T19:15:00+00:00,0.6763287370237591,TP,1.5,0.10469843418626779,1.3953015658137322,40,
ADA,TREND_PULLBACK,SHORT,2764,2765,2025-01-29T19:00:00+00:00,2025-01-29T19:15:00+00:00,0.916,0.9349849290890497,0.8875226063664254,0.018984929089049696,1.5,2025-01-29T19:30:00+00:00,0.9349849290890497,SL,-1.0,0.1267468736137488,-1.1267468736137487,1,
BNB,TREND_PULLBACK,SHORT,2764,2765,2025-01-29T19:00:00+00:00,2025-01-29T19:15:00+00:00,663.6,669.469639555169,654.7955406672465,5.8696395551689875,1.5,2025-01-29T19:30:00+00:00,669.469639555169,SL,-1.0,0.29524649940311826,-1.2952464994031183,1,
ETH,TREND_PULLBACK,SHORT,2764,2765,2025-01-29T19:00:00+00:00,2025-01-29T19:15:00+00:00,3088.88,3139.827559886787,3012.4586601698193,50.947559886787076,1.5,2025-01-29T19:30:00+00:00,3139.827559886787,SL,-1.0,0.15893439932837317,-1.1589343993283732,1,
SUI,TREND_PULLBACK,SHORT,2764,2765,2025-01-29T19:00:00+00:00,2025-01-29T19:15:00+00:00,3.6887,3.793984940528014,3.530772589207978,0.10528494052801429,1.5,2025-01-29T19:30:00+00:00,3.793984940528014,SL,-1.0,0.09239203986726022,-1.0923920398672602,1,
AVAX,TREND_PULLBACK,SHORT,2833,2834,2025-01-30T12:15:00+00:00,2025-01-30T12:30:00+00:00,33.819,34.19165658183194,33.26001512725209,0.37265658183194006,1.5,2025-01-30T13:15:00+00:00,34.19165658183194,SL,-1.0,0.2372528968138666,-1.2372528968138665,3,
FET,TREND_PULLBACK,SHORT,2830,2831,2025-01-30T11:30:00+00:00,2025-01-30T11:45:00+00:00,1.0279,1.0455640534080413,1.001403919887938,0.017664053408041225,1.5,2025-01-30T14:45:00+00:00,1.0455640534080413,SL,-1.0,0.15259822913597945,-1.1525982291359795,12,
FET,TREND_PULLBACK,SHORT,2848,2849,2025-01-30T16:00:00+00:00,2025-01-30T16:15:00+00:00,1.0349,1.0587956244616563,0.9990565633075154,0.023895624461656384,1.5,2025-01-30T18:45:00+00:00,1.0587956244616563,SL,-1.0,0.11390387876942239,-1.1139038787694224,10,
FET,TREND_PULLBACK,SHORT,3009,3010,2025-02-01T08:15:00+00:00,2025-02-01T08:30:00+00:00,1.0327,1.0527009883903569,1.0026985174144647,0.02000098839035691,1.5,2025-02-01T14:45:00+00:00,1.0026985174144647,TP,1.4999999999999944,0.13229436570817324,1.3677056342918212,25,
BNB,TREND_PULLBACK,SHORT,3082,3083,2025-02-02T02:30:00+00:00,2025-02-02T02:45:00+00:00,657.98,664.0428163170353,648.8857755244471,6.062816317035299,1.5,2025-02-02T03:15:00+00:00,648.8857755244471,TP,1.4999999999999907,0.28022051458299024,1.2197794854170003,2,
AVAX,TREND_PULLBACK,SHORT,3109,3110,2025-02-02T09:15:00+00:00,2025-02-02T09:30:00+00:00,31.27,31.786023219859953,30.49596517021007,0.516023219859953,1.5,2025-02-02T11:45:00+00:00,30.49596517021007,TP,1.5,0.1556049255749869,1.344395074425013,9,
SUI,TREND_PULLBACK,SHORT,3113,3114,2025-02-02T10:15:00+00:00,2025-02-02T10:30:00+00:00,3.7081,3.7869898029070983,3.5897652956393524,0.07888980290709835,1.5,2025-02-02T12:45:00+00:00,3.5897652956393524,TP,1.5,0.12025920378459351,1.3797407962154065,9,
FET,TREND_PULLBACK,SHORT,3136,3137,2025-02-02T16:00:00+00:00,2025-02-02T16:15:00+00:00,0.8992,0.9215115877488909,0.8657326183766637,0.02231158774889086,1.5,2025-02-02T16:45:00+00:00,0.8657326183766637,TP,1.5,0.1028350124479026,1.3971649875520975,2,
CRV,TREND_PULLBACK,SHORT,3168,3169,2025-02-03T00:00:00+00:00,2025-02-03T00:15:00+00:00,0.543,0.5772012061281369,0.4916981908077948,0.03420120612813682,1.5,2025-02-03T01:45:00+00:00,0.4916981908077948,TP,1.5,0.039329245963157226,1.4606707540368429,6,
ADA,TREND_PULLBACK,SHORT,3169,3170,2025-02-03T00:15:00+00:00,2025-02-03T00:30:00+00:00,0.7817,0.8213051036863144,0.7222923444705283,0.039605103686314425,1.5,2025-02-03T01:45:00+00:00,0.7222923444705283,TP,1.5000000000000013,0.0493671235732001,1.4506328764268013,5,
CRV,TREND_PULLBACK,SHORT,3202,3203,2025-02-03T08:30:00+00:00,2025-02-03T08:45:00+00:00,0.485,0.5132283016110862,0.4426575475833706,0.02822830161108625,1.5,2025-02-03T10:45:00+00:00,0.5132283016110862,SL,-1.0,0.04597147961550619,-1.0459714796155062,8,
AVAX,TREND_PULLBACK,SHORT,3202,3203,2025-02-03T08:30:00+00:00,2025-02-03T08:45:00+00:00,24.631,25.884864343356266,22.750203484965603,1.2538643433562662,1.5,2025-02-03T14:45:00+00:00,25.884864343356266,SL,-1.0,0.052374584215849146,-1.0523745842158492,24,
SUI,TREND_PULLBACK,SHORT,3219,3220,2025-02-03T12:45:00+00:00,2025-02-03T13:00:00+00:00,3.1083,3.2614221261486733,2.8786168107769896,0.1531221261486735,1.5,2025-02-03T14:45:00+00:00,3.2614221261486733,SL,-1.0,0.05407865585639277,-1.0540786558563928,7,
BNB,TREND_PULLBACK,SHORT,3202,3203,2025-02-03T08:30:00+00:00,2025-02-03T08:45:00+00:00,567.01,583.5361521035034,542.220771844745,16.526152103503364,1.5,2025-02-03T15:15:00+00:00,583.5361521035034,SL,-1.0,0.09050564150486551,-1.0905056415048655,26,
ETH,TREND_PULLBACK,SHORT,3219,3220,2025-02-03T12:45:00+00:00,2025-02-03T13:00:00+00:00,2578.13,2656.122820563608,2461.1407691545883,77.99282056360789,1.5,2025-02-03T15:15:00+00:00,2656.122820563608,SL,-1.0,0.08724557744623664,-1.0872455774462366,9,
ADA,TREND_PULLBACK,SHORT,3220,3221,2025-02-03T13:00:00+00:00,2025-02-03T13:15:00+00:00,0.7009,0.735370292592993,0.6491945611105103,0.03447029259299306,1.5,2025-02-03T15:15:00+00:00,0.735370292592993,SL,-1.0,0.05416697219304822,-1.0541669721930482,8,
ETH,TREND_PULLBACK,SHORT,3251,3252,2025-02-03T20:45:00+00:00,2025-02-03T21:00:00+00:00,2702.8,2779.6434467999206,2587.5348298001195,76.84344679992046,1.5,2025-02-03T21:45:00+00:00,2779.6434467999206,SL,-1.0,0.09274930755510144,-1.0927493075551014,3,
UNI,TREND_PULLBACK,SHORT,3264,3265,2025-02-04T00:00:00+00:00,2025-02-04T00:15:00+00:00,9.879,10.207410348143922,9.386384477784116,0.32841034814392245,1.5,2025-02-04T05:00:00+00:00,9.386384477784116,TP,1.5,0.0762612992028608,1.4237387007971392,19,
FET,TREND_PULLBACK,SHORT,3281,3282,2025-02-04T04:15:00+00:00,2025-02-04T04:30:00+00:00,0.8304,0.8524116823158877,0.7973824765261686,0.022011682315887682,1.5,2025-02-04T05:00:00+00:00,0.7973824765261686,TP,1.4999999999999976,0.09613609669246585,1.4038639033075317,2,
FET,TREND_PULLBACK,SHORT,3307,3308,2025-02-04T10:45:00+00:00,2025-02-04T11:00:00+00:00,0.7779,0.7962693666041185,0.7503459500938223,0.018369366604118476,1.5,2025-02-04T12:00:00+00:00,0.7962693666041185,SL,-1.0,0.11140395968397405,-1.111403959683974,4,
ADA,TREND_PULLBACK,SHORT,3319,3320,2025-02-04T13:45:00+00:00,2025-02-04T14:00:00+00:00,0.7531,0.773413944265571,0.7226290836016436,0.020313944265570982,1.5,2025-02-04T14:30:00+00:00,0.773413944265571,SL,-1.0,0.09768994645262521,-1.0976899464526253,2,
CRV,TREND_PULLBACK,SHORT,3319,3320,2025-02-04T13:45:00+00:00,2025-02-04T14:00:00+00:00,0.517,0.537134817113896,0.48679777432915605,0.020134817113895975,1.5,2025-02-04T14:30:00+00:00,0.537134817113896,SL,-1.0,0.06805998060455712,-1.0680599806045572,2,
LINK,TREND_PULLBACK,SHORT,3319,3320,2025-02-04T13:45:00+00:00,2025-02-04T14:00:00+00:00,20.289,20.9451842969725,19.304723554541255,0.6561842969724978,1.5,2025-02-04T14:30:00+00:00,20.9451842969725,SL,-1.0,0.08169113438615391,-1.081691134386154,2,
ETH,TREND_PULLBACK,SHORT,3324,3325,2025-02-04T15:00:00+00:00,2025-02-04T15:15:00+00:00,2777.79,2853.8790187392806,2663.656471891079,76.08901873928062,1.5,2025-02-04T19:00:00+00:00,2853.8790187392806,SL,-1.0,0.09621847995499964,-1.0962184799549997,15,
BNB,TREND_PULLBACK,SHORT,3319,3320,2025-02-04T13:45:00+00:00,2025-02-04T14:00:00+00:00,582.02,592.1937421399994,566.7593867900009,10.173742139999376,1.5,2025-02-04T21:00:00+00:00,566.7593867900009,TP,1.5,0.14679094302532544,1.3532090569746746,28,
DOGE,TREND_PULLBACK,SHORT,3319,3320,2025-02-04T13:45:00+00:00,2025-02-04T14:00:00+00:00,0.26957,0.277262639310959,0.25803104103356145,0.007692639310959037,1.5,2025-02-04T21:00:00+00:00,0.25803104103356145,TP,1.4999999999999964,0.08916073217764338,1.4108392678223531,28,
UNI,TREND_PULLBACK,SHORT,3324,3325,2025-02-04T15:00:00+00:00,2025-02-04T15:15:00+00:00,9.261,9.575850219235072,8.78872467114739,0.3148502192350726,1.5,2025-02-04T21:45:00+00:00,8.78872467114739,TP,1.5,0.07452636408988014,1.4254736359101199,26,
AVAX,TREND_PULLBACK,SHORT,3386,3387,2025-02-05T06:30:00+00:00,2025-02-05T06:45:00+00:00,26.606,27.236053381778454,25.660919927332323,0.6300533817784526,1.5,2025-02-05T11:00:00+00:00,27.236053381778454,SL,-1.0,0.11109323657423746,-1.1110932365742374,17,
FET,TREND_PULLBACK,SHORT,3324,3325,2025-02-04T15:00:00+00:00,2025-02-04T15:15:00+00:00,0.7967,0.8291308177197654,0.7480537734203518,0.032430817719765415,1.5,2025-02-05T15:15:00+00:00,0.791,TIME,0.17575875049632136,0.0636434769494591,0.11211527354686227,96,
AVAX,TREND_PULLBACK,SHORT,3416,3417,2025-02-05T14:00:00+00:00,2025-02-05T14:15:00+00:00,26.94,27.416738750787996,26.22489187381801,0.47673875078799455,1.5,2025-02-05T16:00:00+00:00,26.22489187381801,TP,1.5,0.14497323601600517,1.3550267639839948,7,
SOL,TREND_PULLBACK,SHORT,3379,3380,2025-02-05T04:45:00+00:00,2025-02-05T05:00:00+00:00,204.96,209.32345827813967,198.41481258279052,4.36345827813966,1.5,2025-02-05T16:15:00+00:00,198.41481258279052,TP,1.5,0.12017698415606202,1.379823015843938,45,
LINK,TREND_PULLBACK,SHORT,3376,3377,2025-02-05T04:00:00+00:00,2025-02-05T04:15:00+00:00,19.899,20.406769450505465,19.137345824241805,0.5077694505054637,1.5,2025-02-05T17:15:00+00:00,19.137345824241805,TP,1.5,0.09994151779118957,1.4000584822088105,52,
UNI,TREND_PULLBACK,SHORT,3422,3423,2025-02-05T15:30:00+00:00,2025-02-05T15:45:00+00:00,9.343,9.48581933422097,9.128770998668545,0.14281933422097026,1.5,2025-02-05T17:30:00+00:00,9.128770998668545,TP,1.5,0.16813761546539419,1.3318623845346058,7,
ADA,TREND_PULLBACK,SHORT,3343,3344,2025-02-04T19:45:00+00:00,2025-02-04T20:00:00+00:00,0.7517,0.7816727608034747,0.7067408587947881,0.029972760803474663,1.5,2025-02-05T20:00:00+00:00,0.7495,TIME,0.07339997854802016,0.06511111915235253,0.008288859395667633,96,
CRV,TREND_PULLBACK,SHORT,3424,3425,2025-02-05T16:00:00+00:00,2025-02-05T16:15:00+00:00,0.531,0.5475110454906787,0.506233431763982,0.016511045490678722,1.5,2025-02-05T22:30:00+00:00,0.506233431763982,TP,1.5,0.08166675223894303,1.418333247761057,25,
BNB,TREND_PULLBACK,SHORT,3444,3445,2025-02-05T21:00:00+00:00,2025-02-05T21:15:00+00:00,567.44,574.4636390169994,556.904541474501,7.023639016999368,1.5,2025-02-06T01:15:00+00:00,574.4636390169994,SL,-1.0,0.21135407544852655,-1.2113540754485266,16,
UNI,TREND_PULLBACK,SHORT,3449,3450,2025-02-05T22:15:00+00:00,2025-02-05T22:30:00+00:00,9.194,9.444986304708616,8.817520542937078,0.25098630470861494,1.5,2025-02-06T02:15:00+00:00,9.444986304708616,SL,-1.0,0.0965418500593172,-1.0965418500593171,15,
ETH,TREND_PULLBACK,SHORT,3449,3450,2025-02-05T22:15:00+00:00,2025-02-05T22:30:00+00:00,2762.47,2818.770111225829,2678.0198331612555,56.30011122582937,1.5,2025-02-06T04:15:00+00:00,2818.770111225829,SL,-1.0,0.1288738509856593,-1.1288738509856593,23,
SUI,TREND_PULLBACK,SHORT,3461,3462,2025-02-06T01:15:00+00:00,2025-02-06T01:30:00+00:00,3.34,3.3987598304479936,3.251860254328009,0.05875983044799371,1.5,2025-02-06T05:30:00+00:00,3.3987598304479936,SL,-1.0,0.1490880370619161,-1.149088037061916,16,
FET,TREND_PULLBACK,SHORT,3457,3458,2025-02-06T00:15:00+00:00,2025-02-06T00:30:00+00:00,0.7571,0.7739760864334574,0.7317858703498139,0.016876086433457393,1.5,2025-02-06T06:30:00+00:00,0.7739760864334574,SL,-1.0,0.11794197192646891,-1.117941971926469,24,
AVAX,TREND_PULLBACK,SHORT,3490,3491,2025-02-06T08:30:00+00:00,2025-02-06T08:45:00+00:00,26.334,26.748532560100287,25.71220115984957,0.4145325601002874,1.5,2025-02-06T10:00:00+00:00,26.748532560100287,SL,-1.0,0.16647013762063836,-1.1664701376206383,5,
BNB,TREND_PULLBACK,SHORT,3490,3491,2025-02-06T08:30:00+00:00,2025-02-06T08:45:00+00:00,576.82,581.6324007999931,569.6013988000104,4.812400799993043,1.5,2025-02-06T12:30:00+00:00,581.6324007999931,SL,-1.0,0.31293904718870635,-1.3129390471887064,15,
ADA,TREND_PULLBACK,SHORT,3498,3499,2025-02-06T10:30:00+00:00,2025-02-06T10:45:00+00:00,0.7582,0.7692075212544575,0.7416887181183138,0.011007521254457475,1.5,2025-02-06T12:30:00+00:00,0.7416887181183138,TP,1.499999999999995,0.1771384572856689,1.322861542714326,7,
FET,TREND_PULLBACK,SHORT,3488,3489,2025-02-06T08:00:00+00:00,2025-02-06T08:15:00+00:00,0.7663,0.7833647536401984,0.7407028695397023,0.017064753640198438,1.5,2025-02-06T14:30:00+00:00,0.7407028695397023,TP,1.5,0.11480410275520576,1.3851958972447942,25,
SOL,TREND_PULLBACK,SHORT,3490,3491,2025-02-06T08:30:00+00:00,2025-02-06T08:45:00+00:00,201.16,203.80425030209622,197.19362454685566,2.644250302096225,1.5,2025-02-06T14:30:00+00:00,197.19362454685566,TP,1.5,0.19584368072129177,1.3041563192787082,23,
UNI,TREND_PULLBACK,SHORT,3490,3491,2025-02-06T08:30:00+00:00,2025-02-06T08:45:00+00:00,9.291,9.449361524797746,9.053457712803382,0.1583615247977459,1.5,2025-02-06T15:15:00+00:00,9.053457712803382,TP,1.4999999999999944,0.1505908398968879,1.3494091601031066,26,
BTC,TREND_PULLBACK,SHORT,3508,3509,2025-02-06T13:00:00+00:00,2025-02-06T13:15:00+00:00,98245.0,99044.31396390572,97046.02905414143,799.313963905719,1.5,2025-02-06T15:30:00+00:00,97046.02905414143,TP,1.499999999999991,0.31762029594709973,1.1823797040528912,9,
CRV,TREND_PULLBACK,SHORT,3512,3513,2025-02-06T14:00:00+00:00,2025-02-06T14:15:00+00:00,0.505,0.5170275234543642,0.4869587148184537,0.012027523454364197,1.5,2025-02-06T15:30:00+00:00,0.4869587148184537,TP,1.5,0.1072162805715483,1.3927837194284516,5,
SOL,TREND_PULLBACK,SHORT,3544,3545,2025-02-06T22:00:00+00:00,2025-02-06T22:15:00+00:00,191.18,195.7212112517295,184.36818312240575,4.541211251729493,1.5,2025-02-07T03:00:00+00:00,195.7212112517295,SL,-1.0,0.11075714093584497,-1.110757140935845,19,
ETH,TREND_PULLBACK,SHORT,3541,3542,2025-02-06T21:15:00+00:00,2025-02-06T21:30:00+00:00,2689.8,2739.177533262771,2615.733700105844,49.37753326277061,1.5,2025-02-07T08:45:00+00:00,2739.177533262771,SL,-1.0,0.1429328345683664,-1.1429328345683665,45,
XRP,TREND_PULLBACK,SHORT,3566,3567,2025-02-07T03:30:00+00:00,2025-02-07T03:45:00+00:00,2.3351,2.3869557704316873,2.2573163443524695,0.0518557704316871,1.5,2025-02-07T10:00:00+00:00,2.3869557704316873,SL,-1.0,0.11837973769280041,-1.1183797376928004,25,
DOGE,TREND_PULLBACK,SHORT,3566,3567,2025-02-07T03:30:00+00:00,2025-02-07T03:45:00+00:00,0.25055,0.2554249115229227,0.24323763271561596,0.004874911522922687,1.5,2025-02-07T11:45:00+00:00,0.2554249115229227,SL,-1.0,0.13492909192030708,-1.134929091920307,32,
SUI,TREND_PULLBACK,SHORT,3566,3567,2025-02-07T03:30:00+00:00,2025-02-07T03:45:00+00:00,3.1881,3.2800152065656802,3.0502271901514795,0.09191520656568031,1.5,2025-02-07T13:30:00+00:00,3.2800152065656802,SL,-1.0,0.0914815957305916,-1.0914815957305917,39,
CRV,TREND_PULLBACK,SHORT,3604,3605,2025-02-07T13:00:00+00:00,2025-02-07T13:15:00+00:00,0.488,0.4975233436635792,0.4737149845046312,0.009523343663579209,1.5,2025-02-07T13:30:00+00:00,0.4975233436635792,SL,-1.0,0.13453051701393082,-1.1345305170139308,1,
LINK,TREND_PULLBACK,SHORT,3604,3605,2025-02-07T13:00:00+00:00,2025-02-07T13:15:00+00:00,19.11,19.444216493700512,18.608675259449228,0.334216493700513,1.5,2025-02-07T13:30:00+00:00,19.444216493700512,SL,-1.0,0.14996411723091968,-1.1499641172309196,1,
DOGE,TREND_PULLBACK,SHORT,3605,3606,2025-02-07T13:15:00+00:00,2025-02-07T13:30:00+00:00,0.25244,0.2564688144457565,0.24639677833136528,0.004028814445756479,1.5,2025-02-07T13:30:00+00:00,0.2564688144457565,SL,-1.0,0.16421244206873872,-1.1642124420687388,0,True
BNB,TREND_PULLBACK,SHORT,3514,3515,2025-02-06T14:30:00+00:00,2025-02-06T14:45:00+00:00,581.53,590.0713322573984,568.7180016139024,8.54133225739838,1.5,2025-02-07T14:45:00+00:00,588.86,TIME,-0.858179939511298,0.17813462281391665,-1.0363145623252146,96,
ETH,TREND_PULLBACK,SHORT,3612,3613,2025-02-07T15:00:00+00:00,2025-02-07T15:15:00+00:00,2739.78,2790.0469552235204,2664.37956716472,50.2669552235202,1.5,2025-02-07T17:15:00+00:00,2664.37956716472,TP,1.5,0.13976194512029858,1.3602380548797015,8,
ADA,TREND_PULLBACK,SHORT,3612,3613,2025-02-07T15:00:00+00:00,2025-02-07T15:15:00+00:00,0.7316,0.7520276524198156,0.7009585213702767,0.02042765241981559,1.5,2025-02-07T20:00:00+00:00,0.7009585213702767,TP,1.4999999999999973,0.09116691627153561,1.4088330837284617,19,
AVAX,TREND_PULLBACK,SHORT,3612,3613,2025-02-07T15:00:00+00:00,2025-02-07T15:15:00+00:00,25.544,26.177644212084136,24.593533681873797,0.6336442120841355,1.5,2025-02-07T20:00:00+00:00,24.593533681873797,TP,1.5,0.10286339327878448,1.3971366067212154,19,
LINK,TREND_PULLBACK,SHORT,3612,3613,2025-02-07T15:00:00+00:00,2025-02-07T15:15:00+00:00,19.285,19.787368145337034,18.53144778199445,0.5023681453370337,1.5,2025-02-07T20:00:00+00:00,18.53144778199445,TP,1.4999999999999964,0.09785927426511272,1.4021407257348837,19,
DOGE,TREND_PULLBACK,SHORT,3612,3613,2025-02-07T15:00:00+00:00,2025-02-07T15:15:00+00:00,0.25529,0.261748543062608,0.24560218540608808,0.006458543062607958,1.5,2025-02-07T20:30:00+00:00,0.24560218540608808,TP,1.5,0.10082147548072189,1.399178524519278,21,
AVAX,TREND_PULLBACK,SHORT,3675,3676,2025-02-08T06:45:00+00:00,2025-02-08T07:00:00+00:00,24.09,24.3431979924269,23.710203011359646,0.25319799242690166,1.5,2025-02-08T07:45:00+00:00,24.3431979924269,SL,-1.0,0.24867162960753905,-1.248671629607539,3,
CRV,TREND_PULLBACK,SHORT,3675,3676,2025-02-08T06:45:00+00:00,2025-02-08T07:00:00+00:00,0.478,0.48529161493231493,0.4670625776015276,0.007291614932314949,1.5,2025-02-08T07:45:00+00:00,0.48529161493231493,SL,-1.0,0.1717423521450871,-1.1717423521450872,3,
FET,TREND_PULLBACK,SHORT,3680,3681,2025-02-08T08:00:00+00:00,2025-02-08T08:15:00+00:00,0.7176,0.7304635118509565,0.6983047322235654,0.012863511850956466,1.5,2025-02-08T08:45:00+00:00,0.6983047322235654,TP,1.4999999999999958,0.14309281735949672,1.356907182640499,2,
SOL,TREND_PULLBACK,SHORT,3656,3657,2025-02-08T02:00:00+00:00,2025-02-08T02:15:00+00:00,192.03,194.78954199832452,187.89068700251323,2.759541998324522,1.5,2025-02-08T10:15:00+00:00,194.78954199832452,SL,-1.0,0.18222784973127448,-1.1822278497312744,32,
LINK,TREND_PULLBACK,SHORT,3690,3691,2025-02-08T10:30:00+00:00,2025-02-08T10:45:00+00:00,18.011,18.173697309446467,17.766954035830295,0.1626973094464681,1.5,2025-02-08T13:30:00+00:00,18.173697309446467,SL,-1.0,0.28912651759467417,-1.2891265175946742,11,
AVAX,TREND_PULLBACK,SHORT,3688,3689,2025-02-08T10:00:00+00:00,2025-02-08T10:15:00+00:00,24.11,24.46968616861753,23.5704707470737,0.35968616861753233,1.5,2025-02-08T17:00:00+00:00,24.46968616861753,SL,-1.0,0.1755797067814313,-1.1755797067814313,27,
LINK,TREND_PULLBACK,SHORT,3705,3706,2025-02-08T14:15:00+00:00,2025-02-08T14:30:00+00:00,17.952,18.268323138508293,17.477515292237563,0.31632313850829163,1.5,2025-02-08T17:00:00+00:00,18.268323138508293,SL,-1.0,0.14885544036427334,-1.1488554403642732,10,
UNI,TREND_PULLBACK,SHORT,3632,3633,2025-02-07T20:00:00+00:00,2025-02-07T20:15:00+00:00,9.089,9.340133408008203,8.712299887987697,0.2511334080082026,1.5,2025-02-08T20:15:00+00:00,9.052,TIME,0.14733205069551042,0.09390745813965823,0.05342459255585219,96,
ADA,TREND_PULLBACK,SHORT,3680,3681,2025-02-08T08:00:00+00:00,2025-02-08T08:15:00+00:00,0.6954,0.7063949544447808,0.6789075683328287,0.010994954444780825,1.5,2025-02-09T01:30:00+00:00,0.7063949544447808,SL,-1.0,0.16574270042958253,-1.1657427004295826,69,
LINK,TREND_PULLBACK,SHORT,3746,3747,2025-02-09T00:30:00+00:00,2025-02-09T00:45:00+00:00,18.272,18.536539748819052,17.875190376771418,0.26453974881905395,1.5,2025-02-09T02:00:00+00:00,18.536539748819052,SL,-1.0,0.18088435438182515,-1.180884354381825,5,
ETH,TREND_PULLBACK,SHORT,3667,3668,2025-02-08T04:45:00+00:00,2025-02-08T05:00:00+00:00,2633.28,2664.5467335569015,2586.3798996646483,31.266733556901272,1.5,2025-02-09T03:30:00+00:00,2664.5467335569015,SL,-1.0,0.2202716424179787,-1.2202716424179787,90,
UNI,TREND_PULLBACK,SHORT,3746,3747,2025-02-09T00:30:00+00:00,2025-02-09T00:45:00+00:00,9.067,9.180875851100453,8.896186223349321,0.11387585110045251,1.5,2025-02-09T03:30:00+00:00,9.180875851100453,SL,-1.0,0.20831667449409144,-1.2083166744940914,11,
ADA,TREND_PULLBACK,SHORT,3773,3774,2025-02-09T07:15:00+00:00,2025-02-09T07:30:00+00:00,0.7032,0.7111193735106327,0.6913209397340511,0.007919373510632655,1.5,2025-02-09T13:15:00+00:00,0.6913209397340511,TP,1.5,0.22891674691442115,1.271083253085579,23,
LINK,TREND_PULLBACK,SHORT,3788,3789,2025-02-09T11:00:00+00:00,2025-02-09T11:15:00+00:00,18.612,18.87609211904848,18.215861821427275,0.26409211904848107,1.5,2025-02-09T13:45:00+00:00,18.215861821427275,TP,1.5000000000000067,0.18128606237987177,1.318713937620135,10,
SUI,TREND_PULLBACK,SHORT,3789,3790,2025-02-09T11:15:00+00:00,2025-02-09T11:30:00+00:00,3.0904,3.139579787815105,3.016630318277342,0.049179787815105236,1.5,2025-02-09T13:45:00+00:00,3.016630318277342,TP,1.5,0.1614309407679488,1.3385690592320512,9,
ETH,TREND_PULLBACK,SHORT,3793,3794,2025-02-09T12:15:00+00:00,2025-02-09T12:30:00+00:00,2655.0,2674.003254189551,2626.495118715673,19.00325418955117,1.5,2025-02-09T13:45:00+00:00,2626.495118715673,TP,1.500000000000012,0.3613035738955475,1.1386964261044645,5,
AVAX,TREND_PULLBACK,SHORT,3835,3836,2025-02-09T22:45:00+00:00,2025-02-09T23:00:00+00:00,24.545,25.193760982921052,23.571858525618424,0.6487609829210506,1.5,2025-02-10T00:00:00+00:00,25.193760982921052,SL,-1.0,0.09966750618488729,-1.0996675061848873,4,
DOGE,TREND_PULLBACK,SHORT,3835,3836,2025-02-09T22:45:00+00:00,2025-02-09T23:00:00+00:00,0.24587,0.2519478015826239,0.23675329762606412,0.006077801582623915,1.5,2025-02-10T00:00:00+00:00,0.2519478015826239,SL,-1.0,0.10647980742043525,-1.1064798074204352,4,
SUI,TREND_PULLBACK,SHORT,3835,3836,2025-02-09T22:45:00+00:00,2025-02-09T23:00:00+00:00,2.9615,3.0704659708004094,2.798051043799386,0.10896597080040937,1.5,2025-02-10T00:00:00+00:00,3.0704659708004094,SL,-1.0,0.07196334511077539,-1.0719633451107753,4,
XRP,TREND_PULLBACK,SHORT,3835,3836,2025-02-09T22:45:00+00:00,2025-02-09T23:00:00+00:00,2.3703,2.432649066576501,2.2767764001352484,0.06234906657650097,1.5,2025-02-10T00:15:00+00:00,2.432649066576501,SL,-1.0,0.10014317983234602,-1.100143179832346,5,
SUI,TREND_PULLBACK,SHORT,3845,3846,2025-02-10T01:15:00+00:00,2025-02-10T01:30:00+00:00,3.0083,3.1184283491815723,2.843107476227642,0.1101283491815721,1.5,2025-02-10T03:30:00+00:00,3.1184283491815723,SL,-1.0,0.07232240302453198,-1.072322403024532,8,
ETH,TREND_PULLBACK,SHORT,3835,3836,2025-02-09T22:45:00+00:00,2025-02-09T23:00:00+00:00,2614.63,2663.4491347536004,2541.4012978695996,48.81913475360034,1.5,2025-02-10T13:45:00+00:00,2663.4491347536004,SL,-1.0,0.14054945688429382,-1.1405494568842938,59,
DOGE,TREND_PULLBACK,SHORT,3882,3883,2025-02-10T10:30:00+00:00,2025-02-10T10:45:00+00:00,0.25064,0.25448190296175566,0.24487714555736645,0.0038419029617556832,1.5,2025-02-10T13:45:00+00:00,0.25448190296175566,SL,-1.0,0.1709201092237376,-1.1709201092237376,12,
ADA,TREND_PULLBACK,SHORT,3890,3891,2025-02-10T12:30:00+00:00,2025-02-10T12:45:00+00:00,0.6961,0.7061239547980412,0.6810640678029383,0.01002395479804119,1.5,2025-02-10T13:45:00+00:00,0.7061239547980412,SL,-1.0,0.18185348776649213,-1.1818534877664921,4,
DOGE,TREND_PULLBACK,SHORT,3901,3902,2025-02-10T15:15:00+00:00,2025-02-10T15:30:00+00:00,0.25091,0.25581534648713145,0.2435519802693029,0.004905346487131423,1.5,2025-02-10T20:45:00+00:00,0.25581534648713145,SL,-1.0,0.13429080945890418,-1.1342908094589041,21,
ADA,TREND_PULLBACK,SHORT,3901,3902,2025-02-10T15:15:00+00:00,2025-02-10T15:30:00+00:00,0.6995,0.7165302930744292,0.6739545603883563,0.01703029307442916,1.5,2025-02-10T22:15:00+00:00,0.7165302930744292,SL,-1.0,0.10809205531293897,-1.108092055312939,27,
XRP,TREND_PULLBACK,SHORT,4068,4069,2025-02-12T09:00:00+00:00,2025-02-12T09:15:00+00:00,2.4072,2.4325190779400905,2.3692213830898643,0.025319077940090473,1.5,2025-02-12T11:45:00+00:00,2.4325190779400905,SL,-1.0,0.24849383600023925,-1.2484938360002393,10,
BTC,TREND_PULLBACK,SHORT,4075,4076,2025-02-12T10:45:00+00:00,2025-02-12T11:00:00+00:00,95947.2,96425.17818991921,95230.23271512118,477.9781899192167,1.5,2025-02-12T13:15:00+00:00,96425.17818991921,SL,-1.0,0.5232123492688271,-1.5232123492688272,9,
LINK,TREND_PULLBACK,SHORT,4068,4069,2025-02-12T09:00:00+00:00,2025-02-12T09:15:00+00:00,18.505,18.82736943540881,18.021445846886785,0.3223694354088096,1.5,2025-02-12T13:30:00+00:00,18.021445846886785,TP,1.5,0.14729802017593877,1.3527019798240612,17,
BTC,TREND_PULLBACK,SHORT,4184,4185,2025-02-13T14:00:00+00:00,2025-02-13T14:15:00+00:00,95818.4,96433.11921631324,94896.32117553013,614.7192163132422,1.5,2025-02-13T21:00:00+00:00,96433.11921631324,SL,-1.0,0.40657094873353045,-1.4065709487335305,27,
LINK,TREND_PULLBACK,SHORT,4191,4192,2025-02-13T15:45:00+00:00,2025-02-13T16:00:00+00:00,18.485,18.73963787853955,18.103043182190675,0.2546378785395511,1.5,2025-02-14T02:30:00+00:00,18.73963787853955,SL,-1.0,0.19004254009516902,-1.190042540095169,42,
BTC,TREND_PULLBACK,SHORT,4230,4231,2025-02-14T01:30:00+00:00,2025-02-14T01:45:00+00:00,96346.5,96996.45682927212,95371.56475609182,649.9568292721233,1.5,2025-02-14T03:45:00+00:00,96996.45682927212,SL,-1.0,0.3867115976910838,-1.3867115976910838,8,
LINK,TREND_PULLBACK,SHORT,4246,4247,2025-02-14T05:30:00+00:00,2025-02-14T05:45:00+00:00,18.693,18.941795332248276,18.319807001627588,0.24879533224827455,1.5,2025-02-14T09:00:00+00:00,18.941795332248276,SL,-1.0,0.19664852025077356,-1.1966485202507735,13,
BTC,TREND_PULLBACK,SHORT,4246,4247,2025-02-14T05:30:00+00:00,2025-02-14T05:45:00+00:00,96591.5,97117.24885234666,95802.87672148002,525.74885234666,1.5,2025-02-14T09:45:00+00:00,97117.24885234666,SL,-1.0,0.47897655388890636,-1.4789765538889064,16,
BTC,TREND_PULLBACK,SHORT,4533,4534,2025-02-17T05:15:00+00:00,2025-02-17T05:30:00+00:00,95990.1,96433.93734245286,95324.34398632072,443.8373424528545,1.5,2025-02-17T12:45:00+00:00,96433.93734245286,SL,-1.0,0.5636101891804212,-1.5636101891804213,29,
SOL,TREND_PULLBACK,SHORT,4554,4555,2025-02-17T10:30:00+00:00,2025-02-17T10:45:00+00:00,183.31,186.23245081483236,178.92632377775146,2.9224508148323594,1.5,2025-02-17T12:45:00+00:00,186.23245081483236,SL,-1.0,0.16438435289349415,-1.164384352893494,8,
SOL,TREND_PULLBACK,SHORT,4569,4570,2025-02-17T14:15:00+00:00,2025-02-17T14:30:00+00:00,184.66,187.63545044272743,180.19682433590884,2.9754504427274355,1.5,2025-02-17T15:45:00+00:00,180.19682433590884,TP,1.5,0.15940909814041582,1.340590901859584,5,
BTC,TREND_PULLBACK,SHORT,4666,4667,2025-02-18T14:30:00+00:00,2025-02-18T14:45:00+00:00,95900.0,96607.33657283643,94838.99514074536,707.3365728364297,1.5,2025-02-18T16:30:00+00:00,94838.99514074536,TP,1.4999999999999898,0.350555454369683,1.1494445456303068,7,
DOGE,TREND_PULLBACK,SHORT,4708,4709,2025-02-19T01:00:00+00:00,2025-02-19T01:15:00+00:00,0.24937,0.25301574945302735,0.243901375820459,0.0036457494530273415,1.5,2025-02-19T02:00:00+00:00,0.25301574945302735,SL,-1.0,0.179140525892863,-1.179140525892863,3,
LINK,TREND_PULLBACK,SHORT,4708,4709,2025-02-19T01:00:00+00:00,2025-02-19T01:15:00+00:00,17.59,17.93197540135978,17.077036897960333,0.3419754013597789,1.5,2025-02-19T02:45:00+00:00,17.93197540135978,SL,-1.0,0.13503476518530366,-1.1350347651853037,6,
SUI,TREND_PULLBACK,SHORT,4708,4709,2025-02-19T01:00:00+00:00,2025-02-19T01:15:00+00:00,3.0212,3.0919835077841995,2.9150247383237007,0.07078350778419962,1.5,2025-02-19T02:45:00+00:00,3.0919835077841995,SL,-1.0,0.11227387295283817,-1.112273872952838,6,
SUI,TREND_PULLBACK,SHORT,4722,4723,2025-02-19T04:30:00+00:00,2025-02-19T04:45:00+00:00,3.0321,3.093102881655867,2.9405956775161988,0.0610028816558672,1.5,2025-02-19T06:45:00+00:00,3.093102881655867,SL,-1.0,0.13053094427690493,-1.130530944276905,8,
ADA,TREND_PULLBACK,SHORT,4721,4722,2025-02-19T04:15:00+00:00,2025-02-19T04:30:00+00:00,0.7433,0.7577720096910305,0.721591985463454,0.014472009691030574,1.5,2025-02-19T07:00:00+00:00,0.7577720096910305,SL,-1.0,0.13483915878026045,-1.1348391587802604,10,
DOGE,TREND_PULLBACK,SHORT,4722,4723,2025-02-19T04:30:00+00:00,2025-02-19T04:45:00+00:00,0.25018,0.2535110393113453,0.24518344103298212,0.003331039311345263,1.5,2025-02-19T07:00:00+00:00,0.2535110393113453,SL,-1.0,0.1965747893981786,-1.1965747893981786,9,
SOL,TREND_PULLBACK,SHORT,4716,4717,2025-02-19T03:00:00+00:00,2025-02-19T03:15:00+00:00,167.78,170.79973729343664,163.25039405984506,3.019737293436634,1.5,2025-02-19T09:45:00+00:00,170.79973729343664,SL,-1.0,0.1457589239428664,-1.1457589239428665,26,
CRV,TREND_PULLBACK,SHORT,4720,4721,2025-02-19T04:00:00+00:00,2025-02-19T04:15:00+00:00,0.498,0.511866766976467,0.4771998495352994,0.013866766976467049,1.5,2025-02-19T11:00:00+00:00,0.511866766976467,SL,-1.0,0.09467432454135656,-1.0946743245413566,27,
DOGE,TREND_PULLBACK,SHORT,4739,4740,2025-02-19T08:45:00+00:00,2025-02-19T09:00:00+00:00,0.252,0.2550816006605902,0.24737759900911468,0.0030816006605902113,1.5,2025-02-19T11:45:00+00:00,0.2550816006605902,SL,-1.0,0.21391677685210234,-1.2139167768521024,11,
SUI,TREND_PULLBACK,SHORT,4755,4756,2025-02-19T12:45:00+00:00,2025-02-19T13:00:00+00:00,3.141,3.205043295398577,3.0449350569021343,0.064043295398577,1.5,2025-02-19T14:15:00+00:00,3.205043295398577,SL,-1.0,0.12881686104181103,-1.128816861041811,5,
LINK,TREND_PULLBACK,SHORT,4755,4756,2025-02-19T12:45:00+00:00,2025-02-19T13:00:00+00:00,17.913,18.184364124967228,17.50595381254916,0.27136412496722784,1.5,2025-02-19T14:30:00+00:00,18.184364124967228,SL,-1.0,0.1729284346931439,-1.172928434693144,6,
SOL,TREND_PULLBACK,SHORT,4758,4759,2025-02-19T13:30:00+00:00,2025-02-19T13:45:00+00:00,170.93,173.8462034275706,166.55569485864413,2.9162034275705935,1.5,2025-02-19T21:00:00+00:00,166.55569485864413,TP,1.4999999999999951,0.15044608999782022,1.349553910002175,29,
BTC,TREND_PULLBACK,SHORT,4762,4763,2025-02-19T14:30:00+00:00,2025-02-19T14:45:00+00:00,95955.0,96558.73382026487,95049.3992696027,603.733820264868,1.5,2025-02-19T22:15:00+00:00,96558.73382026487,SL,-1.0,0.4145334343809789,-1.4145334343809788,30,
AVAX,TREND_PULLBACK,SHORT,4755,4756,2025-02-19T12:45:00+00:00,2025-02-19T13:00:00+00:00,23.651,23.98247638717481,23.153785419237785,0.3314763871748099,1.5,2025-02-20T00:45:00+00:00,23.98247638717481,SL,-1.0,0.18681125322712896,-1.1868112532271289,47,
DOGE,TREND_PULLBACK,SHORT,4755,4756,2025-02-19T12:45:00+00:00,2025-02-19T13:00:00+00:00,0.25308,0.25592116003820903,0.24881825994268653,0.0028411600382090008,1.5,2025-02-20T00:45:00+00:00,0.25592116003820903,SL,-1.0,0.2328983581181131,-1.232898358118113,47,
LINK,TREND_PULLBACK,SHORT,4791,4792,2025-02-19T21:45:00+00:00,2025-02-19T22:00:00+00:00,17.79,18.086180242753148,17.345729635870278,0.2961802427531488,1.5,2025-02-20T00:45:00+00:00,18.086180242753148,SL,-1.0,0.15746841815661,-1.15746841815661,11,
CRV,TREND_PULLBACK,SHORT,4763,4764,2025-02-19T14:45:00+00:00,2025-02-19T15:00:00+00:00,0.512,0.5242535703635486,0.49361964445467715,0.012253570363548572,1.5,2025-02-20T02:45:00+00:00,0.5242535703635486,SL,-1.0,0.10993772439418967,-1.1099377243941897,47,
LINK,TREND_PULLBACK,SHORT,4806,4807,2025-02-20T01:30:00+00:00,2025-02-20T01:45:00+00:00,17.934,18.205738357861865,17.526392463207205,0.27173835786186373,1.5,2025-02-20T02:45:00+00:00,18.205738357861865,SL,-1.0,0.1728929998506255,-1.1728929998506255,4,
AVAX,TREND_PULLBACK,SHORT,4824,4825,2025-02-20T06:00:00+00:00,2025-02-20T06:15:00+00:00,24.048,24.368459149555463,23.567311275666803,0.3204591495554645,1.5,2025-02-20T10:45:00+00:00,24.368459149555463,SL,-1.0,0.19641004783833868,-1.1964100478383386,18,
DOGE,TREND_PULLBACK,SHORT,4834,4835,2025-02-20T08:30:00+00:00,2025-02-20T08:45:00+00:00,0.25398,0.2560045519496129,0.2509431720755806,0.0020245519496129294,1.5,2025-02-20T14:00:00+00:00,0.2560045519496129,SL,-1.0,0.3274699459607597,-1.3274699459607597,21,
SOL,TREND_PULLBACK,SHORT,4852,4853,2025-02-20T13:00:00+00:00,2025-02-20T13:15:00+00:00,173.05,175.51302926353006,169.35545610470496,2.4630292635300464,1.5,2025-02-20T14:00:00+00:00,175.51302926353006,SL,-1.0,0.18397342847366516,-1.1839734284736652,3,
UNI,TREND_PULLBACK,SHORT,4819,4820,2025-02-20T04:45:00+00:00,2025-02-20T05:00:00+00:00,9.397,9.557716101655577,9.155925847516635,0.16071610165557715,1.5,2025-02-20T14:45:00+00:00,9.155925847516635,TP,1.5,0.15007086006515674,1.3499291399348432,39,
SOL,TREND_PULLBACK,SHORT,4859,4860,2025-02-20T14:45:00+00:00,2025-02-20T15:00:00+00:00,172.44,175.54423610801433,167.7836458379785,3.1042361080143337,1.5,2025-02-20T20:15:00+00:00,175.54423610801433,SL,-1.0,0.14572973549675938,-1.1457297354967593,21,
UNI,TREND_PULLBACK,SHORT,4906,4907,2025-02-21T02:30:00+00:00,2025-02-21T02:45:00+00:00,9.25,9.382682951081009,9.050975573378487,0.13268295108100858,1.5,2025-02-21T04:45:00+00:00,9.382682951081009,SL,-1.0,0.18255915804598324,-1.1825591580459833,8,
DOGE,TREND_PULLBACK,SHORT,4907,4908,2025-02-21T02:45:00+00:00,2025-02-21T03:00:00+00:00,0.25213,0.2549099882776855,0.24796001758347178,0.0027799882776854967,1.5,2025-02-21T09:00:00+00:00,0.2549099882776855,SL,-1.0,0.2371060302850535,-1.2371060302850534,24,
UNI,TREND_PULLBACK,SHORT,5024,5025,2025-02-22T08:00:00+00:00,2025-02-22T08:15:00+00:00,8.771,8.872510209515148,8.61873468572728,0.10151020951514766,1.5,2025-02-22T09:15:00+00:00,8.872510209515148,SL,-1.0,0.22595326501564386,-1.225953265015644,4,
SOL,TREND_PULLBACK,SHORT,5027,5028,2025-02-22T08:45:00+00:00,2025-02-22T09:00:00+00:00,171.28,173.27020683879644,168.29468974180534,1.9902068387964391,1.5,2025-02-22T09:45:00+00:00,173.27020683879644,SL,-1.0,0.22505965719689133,-1.2250596571968912,3,
LINK,TREND_PULLBACK,SHORT,5013,5014,2025-02-22T05:15:00+00:00,2025-02-22T05:30:00+00:00,17.493,17.697108454633213,17.186837318050177,0.20410845463321436,1.5,2025-02-22T10:00:00+00:00,17.697108454633213,SL,-1.0,0.2241315337634171,-1.224131533763417,18,
DOGE,TREND_PULLBACK,SHORT,5024,5025,2025-02-22T08:00:00+00:00,2025-02-22T08:15:00+00:00,0.24288,0.24574216532888393,0.23858675200667412,0.00286216532888392,1.5,2025-02-22T15:45:00+00:00,0.24574216532888393,SL,-1.0,0.22193295702287194,-1.2219329570228719,30,
DOGE,TREND_PULLBACK,SHORT,5087,5088,2025-02-22T23:45:00+00:00,2025-02-23T00:00:00+00:00,0.24643,0.24771109161062266,0.24450836258406605,0.0012810916106226478,1.5,2025-02-23T01:30:00+00:00,0.24450836258406605,TP,1.4999999999999891,0.49818441247077755,1.0018155875292116,6,
SOL,TREND_PULLBACK,SHORT,5046,5047,2025-02-22T13:30:00+00:00,2025-02-22T13:45:00+00:00,172.9,174.86833146746332,169.94750279880503,1.9683314674633152,1.5,2025-02-23T04:00:00+00:00,169.94750279880503,TP,1.5,0.2264363299606464,1.2735636700393536,57,
BTC,TREND_PULLBACK,SHORT,5092,5093,2025-02-23T01:00:00+00:00,2025-02-23T01:15:00+00:00,96500.1,96667.83673943588,96248.4948908462,167.73673943587346,1.5,2025-02-23T05:15:00+00:00,96248.4948908462,TP,1.5,1.493847884493399,0.006152115506601108,16,
UNI,TREND_PULLBACK,SHORT,5088,5089,2025-02-23T00:00:00+00:00,2025-02-23T00:15:00+00:00,9.012,9.113621784058521,8.85956732391222,0.10162178405852096,1.5,2025-02-23T07:15:00+00:00,9.113621784058521,SL,-1.0,0.23187261016502791,-1.231872610165028,28,
DOGE,TREND_PULLBACK,SHORT,5125,5126,2025-02-23T09:15:00+00:00,2025-02-23T09:30:00+00:00,0.24533,0.24722118537098048,0.24249322194352926,0.001891185370980486,1.5,2025-02-23T15:30:00+00:00,0.24249322194352926,TP,1.5,0.33532947021359527,1.1646705297864046,24,
UNI,TREND_PULLBACK,SHORT,5134,5135,2025-02-23T11:30:00+00:00,2025-02-23T11:45:00+00:00,9.101,9.205848273689467,8.943727589465801,0.10484827368946625,1.5,2025-02-23T15:45:00+00:00,8.943727589465801,TP,1.5,0.22373421174088726,1.2762657882591126,16,
UNI,TREND_PULLBACK,SHORT,5172,5173,2025-02-23T21:00:00+00:00,2025-02-23T21:15:00+00:00,8.962,9.029101220768274,8.861348168847588,0.06710122076827396,1.5,2025-02-23T23:00:00+00:00,9.029101220768274,SL,-1.0,0.3485544870750996,-1.3485544870750996,7,
DOGE,TREND_PULLBACK,SHORT,5181,5182,2025-02-23T23:15:00+00:00,2025-02-23T23:30:00+00:00,0.24176,0.24403801065508762,0.2383429840173686,0.00227801065508762,1.5,2025-02-24T01:45:00+00:00,0.2383429840173686,TP,1.499999999999994,0.2739819841617786,1.2260180158382155,9,
UNI,TREND_PULLBACK,SHORT,5187,5188,2025-02-24T00:45:00+00:00,2025-02-24T01:00:00+00:00,9.011,9.138538045641639,8.81969293153754,0.12753804564163929,1.5,2025-02-24T03:00:00+00:00,8.81969293153754,TP,1.5,0.18174891025169443,1.3182510897483055,8,
AVAX,TREND_PULLBACK,SHORT,5222,5223,2025-02-24T09:30:00+00:00,2025-02-24T09:45:00+00:00,23.898,24.21213817679742,23.42679273480387,0.31413817679742095,1.5,2025-02-24T10:30:00+00:00,23.42679273480387,TP,1.5,0.19584448850646707,1.304155511493533,3,
AVAX,TREND_PULLBACK,SHORT,5238,5239,2025-02-24T13:30:00+00:00,2025-02-24T13:45:00+00:00,23.735,23.992123107129668,23.349315339305498,0.2571231071296687,1.5,2025-02-24T14:30:00+00:00,23.349315339305498,TP,1.4999999999999931,0.23805565600227746,1.2619443439977156,3,
BTC,TREND_PULLBACK,SHORT,5190,5191,2025-02-24T01:30:00+00:00,2025-02-24T01:45:00+00:00,95814.0,96359.90252021645,94995.14621967533,545.9025202164485,1.5,2025-02-24T14:45:00+00:00,94995.14621967533,TP,1.5,0.45438861499893096,1.045611385001069,52,
FET,TREND_PULLBACK,SHORT,5224,5225,2025-02-24T10:00:00+00:00,2025-02-24T10:15:00+00:00,0.74,0.7561593413075695,0.7157609880386457,0.016159341307569464,1.5,2025-02-24T14:45:00+00:00,0.7157609880386457,TP,1.5000000000000033,0.11711425907959178,1.3828857409204116,18,
CRV,TREND_PULLBACK,SHORT,5265,5266,2025-02-24T20:15:00+00:00,2025-02-24T20:30:00+00:00,0.461,0.47411747461805337,0.44132378807292,0.013117474618053349,1.5,2025-02-24T22:00:00+00:00,0.44132378807292,TP,1.5,0.08942429535029466,1.4105757046497054,6,
UNI,TREND_PULLBACK,SHORT,5268,5269,2025-02-24T21:00:00+00:00,2025-02-24T21:15:00+00:00,8.263,8.44954899935938,7.983176500960931,0.1865489993593794,1.5,2025-02-24T22:00:00+00:00,7.983176500960931,TP,1.5,0.11321438079955763,1.3867856192004424,3,
ADA,TREND_PULLBACK,SHORT,5271,5272,2025-02-24T21:45:00+00:00,2025-02-24T22:00:00+00:00,0.7134,0.7313063199878236,0.6865405200182647,0.01790631998782355,1.5,2025-02-24T22:00:00+00:00,0.6865405200182647,TP,1.5,0.10163577313827227,1.3983642268617278,0,True
FET,TREND_PULLBACK,SHORT,5295,5296,2025-02-25T03:45:00+00:00,2025-02-25T04:00:00+00:00,0.6629,0.6798431683552537,0.6374852474671195,0.01694316835525367,1.5,2025-02-25T07:00:00+00:00,0.6374852474671195,TP,1.5,0.0997747756654423,1.4002252243345576,12,
ADA,TREND_PULLBACK,SHORT,5304,5305,2025-02-25T06:00:00+00:00,2025-02-25T06:15:00+00:00,0.6812,0.6959530200280508,0.6590704699579238,0.01475302002805079,1.5,2025-02-25T07:00:00+00:00,0.6590704699579238,TP,1.5,0.1181013519694588,1.3818986480305413,3,
XRP,TREND_PULLBACK,SHORT,5282,5283,2025-02-25T00:30:00+00:00,2025-02-25T00:45:00+00:00,2.301,2.3864328244704254,2.1728507632943623,0.08543282447042522,1.5,2025-02-25T07:15:00+00:00,2.1728507632943623,TP,1.5,0.06807694850702299,1.431923051492977,26,
CRV,TREND_PULLBACK,SHORT,5338,5339,2025-02-25T14:30:00+00:00,2025-02-25T14:45:00+00:00,0.422,0.43741751752338276,0.3988737237149258,0.015417517523382773,1.5,2025-02-25T15:45:00+00:00,0.43741751752338276,SL,-1.0,0.07246580203887858,-1.0724658020388786,4,
FET,TREND_PULLBACK,SHORT,5338,5339,2025-02-25T14:30:00+00:00,2025-02-25T14:45:00+00:00,0.6332,0.657284989298894,0.597072516051659,0.024084989298894022,1.5,2025-02-25T16:45:00+00:00,0.657284989298894,SL,-1.0,0.06965460790823765,-1.0696546079082376,8,
BNB,TREND_PULLBACK,SHORT,5316,5317,2025-02-25T09:00:00+00:00,2025-02-25T09:15:00+00:00,604.98,617.859784396615,585.6603234050774,12.879784396615037,1.5,2025-02-25T19:45:00+00:00,617.859784396615,SL,-1.0,0.12342533622949385,-1.123425336229494,42,
LINK,TREND_PULLBACK,SHORT,5344,5345,2025-02-25T16:00:00+00:00,2025-02-25T16:15:00+00:00,14.616,15.042056004101445,13.976915993847832,0.4260560041014454,1.5,2025-02-25T19:45:00+00:00,15.042056004101445,SL,-1.0,0.09049390792331538,-1.0904939079233154,14,
DOGE,TREND_PULLBACK,SHORT,5338,5339,2025-02-25T14:30:00+00:00,2025-02-25T14:45:00+00:00,0.20342,0.21076206544236925,0.1924069018364461,0.007342065442369261,1.5,2025-02-25T20:15:00+00:00,0.21076206544236925,SL,-1.0,0.07333586022917937,-1.0733358602291794,22,
SUI,TREND_PULLBACK,SHORT,5282,5283,2025-02-25T00:30:00+00:00,2025-02-25T00:45:00+00:00,2.8552,3.004597259047313,2.6311041114290306,0.14939725904731294,1.5,2025-02-25T22:00:00+00:00,3.004597259047313,SL,-1.0,0.05098980051802041,-1.0509898005180205,85,
SOL,TREND_PULLBACK,SHORT,5395,5396,2025-02-26T04:45:00+00:00,2025-02-26T05:00:00+00:00,142.42,145.64940927632796,137.57588608550805,3.2294092763279707,1.5,2025-02-26T12:00:00+00:00,137.57588608550805,TP,1.4999999999999956,0.11271245629325864,1.387287543706737,28,
BNB,TREND_PULLBACK,SHORT,5395,5396,2025-02-26T04:45:00+00:00,2025-02-26T05:00:00+00:00,625.41,631.7833248196648,615.8500127705026,6.373324819664845,1.5,2025-02-26T13:45:00+00:00,615.8500127705026,TP,1.5000000000000089,0.2531862194788481,1.2468137805211608,35,
BTC,TREND_PULLBACK,SHORT,5395,5396,2025-02-26T04:45:00+00:00,2025-02-26T05:00:00+00:00,88657.2,89533.96212183988,87342.05681724017,876.7621218398854,1.5,2025-02-26T13:45:00+00:00,87342.05681724017,TP,1.5,0.2609590767701933,1.2390409232298067,35,
CRV,TREND_PULLBACK,SHORT,5395,5396,2025-02-26T04:45:00+00:00,2025-02-26T05:00:00+00:00,0.461,0.47189390632252337,0.444659140516215,0.01089390632252335,1.5,2025-02-26T15:00:00+00:00,0.47189390632252337,SL,-1.0,0.11132481245151454,-1.1113248124515145,40,
DOGE,TREND_PULLBACK,SHORT,5378,5379,2025-02-26T00:30:00+00:00,2025-02-26T00:45:00+00:00,0.20913,0.2142034977219606,0.20151975341705913,0.005073497721960585,1.5,2025-02-26T17:45:00+00:00,0.20151975341705913,TP,1.5,0.10522221723515031,1.3947777827648498,68,
ETH,TREND_PULLBACK,SHORT,5437,5438,2025-02-26T15:15:00+00:00,2025-02-26T15:30:00+00:00,2430.23,2473.885402962742,2364.746895555887,43.655402962741846,1.5,2025-02-26T17:45:00+00:00,2364.746895555887,TP,1.500000000000005,0.14278805236416375,1.3572119476358413,9,
BNB,TREND_PULLBACK,SHORT,5437,5438,2025-02-26T15:15:00+00:00,2025-02-26T15:30:00+00:00,619.16,626.3844790264666,608.3232814603,7.224479026466611,1.5,2025-02-26T18:15:00+00:00,608.3232814603,TP,1.5000000000000078,0.22087797058479908,1.2791220294152086,11,
UNI,TREND_PULLBACK,SHORT,5437,5438,2025-02-26T15:15:00+00:00,2025-02-26T15:30:00+00:00,8.095,8.291303174195939,7.800545238706094,0.196303174195938,1.5,2025-02-26T18:15:00+00:00,7.800545238706094,TP,1.5,0.10526680933692979,1.3947331906630702,11,
XRP,TREND_PULLBACK,SHORT,5440,5441,2025-02-26T16:00:00+00:00,2025-02-26T16:15:00+00:00,2.2534,2.3118895406102435,2.165665689084635,0.05848954061024347,1.5,2025-02-26T18:30:00+00:00,2.165665689084635,TP,1.5,0.09821902062954348,1.4017809793704565,9,
CRV,TREND_PULLBACK,SHORT,5446,5447,2025-02-26T17:30:00+00:00,2025-02-26T17:45:00+00:00,0.461,0.47478815361415144,0.4403177695787729,0.013788153614151422,1.5,2025-02-26T21:15:00+00:00,0.47478815361415144,SL,-1.0,0.08822969584918326,-1.0882296958491833,14,
ADA,TREND_PULLBACK,SHORT,5461,5462,2025-02-26T21:15:00+00:00,2025-02-26T21:30:00+00:00,0.6501,0.6628869916910599,0.6309195124634102,0.012786991691059901,1.5,2025-02-26T22:00:00+00:00,0.6628869916910599,SL,-1.0,0.13348589961091123,-1.1334858996109112,2,
BTC,TREND_PULLBACK,SHORT,5483,5484,2025-02-27T02:45:00+00:00,2025-02-27T03:00:00+00:00,84245.0,85673.57512657331,82102.13731014004,1428.5751265733124,1.5,2025-02-27T05:30:00+00:00,85673.57512657331,SL,-1.0,0.1546255031014005,-1.1546255031014006,10,
BNB,TREND_PULLBACK,SHORT,5482,5483,2025-02-27T02:30:00+00:00,2025-02-27T02:45:00+00:00,610.78,618.6375182830094,598.9937225754859,7.857518283009426,1.5,2025-02-27T07:30:00+00:00,618.6375182830094,SL,-1.0,0.20340299776633622,-1.2034029977663363,19,
ETH,TREND_PULLBACK,SHORT,5488,5489,2025-02-27T04:00:00+00:00,2025-02-27T04:15:00+00:00,2316.7,2368.159525787654,2239.5107113185186,51.459525787654,1.5,2025-02-27T07:30:00+00:00,2368.159525787654,SL,-1.0,0.11835160332909865,-1.1183516033290986,13,
XRP,TREND_PULLBACK,SHORT,5461,5462,2025-02-26T21:15:00+00:00,2025-02-26T21:30:00+00:00,2.2046,2.2478855618997686,2.1396716571503474,0.04328556189976851,1.5,2025-02-27T10:45:00+00:00,2.2478855618997686,SL,-1.0,0.13372198433909332,-1.1337219843390933,53,
SUI,TREND_PULLBACK,SHORT,5505,5506,2025-02-27T08:15:00+00:00,2025-02-27T08:30:00+00:00,2.9131,2.9818601891431515,2.809959716285273,0.06876018914315152,1.5,2025-02-27T15:00:00+00:00,2.809959716285273,TP,1.4999999999999967,0.10820182032486268,1.391798179675134,26,
ETH,TREND_PULLBACK,SHORT,5518,5519,2025-02-27T11:30:00+00:00,2025-02-27T11:45:00+00:00,2351.31,2387.293909899196,2297.334135151206,35.98390989919608,1.5,2025-02-27T15:00:00+00:00,2297.334135151206,TP,1.5,0.16794276643716197,1.332057233562838,13,
LINK,TREND_PULLBACK,SHORT,5518,5519,2025-02-27T11:30:00+00:00,2025-02-27T11:45:00+00:00,15.559,15.840451108405864,15.136823337391203,0.2814511084058644,1.5,2025-02-27T19:30:00+00:00,15.136823337391203,TP,1.5,0.1417815355733632,1.3582184644266369,31,
FET,TREND_PULLBACK,SHORT,5497,5498,2025-02-27T06:15:00+00:00,2025-02-27T06:30:00+00:00,0.6609,0.6765694196582293,0.6373958705126562,0.01566941965822921,1.5,2025-02-27T20:00:00+00:00,0.6373958705126562,TP,1.5,0.10771200647370933,1.3922879935262906,54,
DOGE,TREND_PULLBACK,SHORT,5518,5519,2025-02-27T11:30:00+00:00,2025-02-27T11:45:00+00:00,0.20872,0.2120541980397629,0.20371870294035566,0.003334198039762898,1.5,2025-02-27T20:00:00+00:00,0.20371870294035566,TP,1.4999999999999958,0.1608093782757399,1.339190621724256,33,
XRP,TREND_PULLBACK,SHORT,5550,5551,2025-02-27T19:30:00+00:00,2025-02-27T19:45:00+00:00,2.1912,2.2352201022257416,2.125169846661387,0.04402010222574182,1.5,2025-02-28T01:15:00+00:00,2.125169846661387,TP,1.500000000000005,0.12747087164596518,1.37252912835404,22,
SOL,TREND_PULLBACK,SHORT,5538,5539,2025-02-27T16:30:00+00:00,2025-02-27T16:45:00+00:00,137.9,141.32962770449186,132.75555844326223,3.4296277044918497,1.5,2025-02-28T01:30:00+00:00,132.75555844326223,TP,1.5,0.1025919593299918,1.3974080406700082,35,
CRV,TREND_PULLBACK,SHORT,5568,5569,2025-02-28T00:00:00+00:00,2025-02-28T00:15:00+00:00,0.452,0.4588084738309633,0.4417872892535551,0.00680847383096328,1.5,2025-02-28T01:30:00+00:00,0.4417872892535551,TP,1.5,0.17065843313452667,1.3293415668654733,5,
SUI,TREND_PULLBACK,SHORT,5600,5601,2025-02-28T08:00:00+00:00,2025-02-28T08:15:00+00:00,2.5656,2.619775641221132,2.484336538168302,0.054175641221132054,1.5,2025-02-28T08:45:00+00:00,2.619775641221132,SL,-1.0,0.12442839958409285,-1.124428399584093,2,
AVAX,TREND_PULLBACK,SHORT,5602,5603,2025-02-28T08:30:00+00:00,2025-02-28T08:45:00+00:00,20.662,21.052596779735676,20.07610483039648,0.3905967797356773,1.5,2025-02-28T09:00:00+00:00,21.052596779735676,SL,-1.0,0.1388362081488586,-1.1388362081488586,1,
FET,TREND_PULLBACK,SHORT,5610,5611,2025-02-28T10:30:00+00:00,2025-02-28T10:45:00+00:00,0.6124,0.628762197272109,0.5878567040918365,0.01636219727210897,1.5,2025-02-28T13:00:00+00:00,0.628762197272109,SL,-1.0,0.09861211361900246,-1.0986121136190024,9,
ETH,TREND_PULLBACK,SHORT,5621,5622,2025-02-28T13:15:00+00:00,2025-02-28T13:30:00+00:00,2123.44,2163.5329143986537,2063.3006284020194,40.09291439865365,1.5,2025-02-28T13:30:00+00:00,2163.5329143986537,SL,-1.0,0.1390037335102134,-1.1390037335102134,0,True
UNI,TREND_PULLBACK,SHORT,5621,5622,2025-02-28T13:15:00+00:00,2025-02-28T13:30:00+00:00,7.161,7.321797552455343,6.919803671316984,0.16079755245534333,1.5,2025-02-28T13:30:00+00:00,7.321797552455343,SL,-1.0,0.11708907586401698,-1.117089075864017,0,True
BNB,TREND_PULLBACK,SHORT,5655,5656,2025-02-28T21:45:00+00:00,2025-02-28T22:00:00+00:00,585.13,590.7498578942227,576.700213158666,5.619857894222719,1.5,2025-03-01T01:30:00+00:00,590.7498578942227,SL,-1.0,0.27200755678074245,-1.2720075567807425,14,
ETH,TREND_PULLBACK,SHORT,5649,5650,2025-02-28T20:15:00+00:00,2025-02-28T20:30:00+00:00,2205.84,2258.4014653737104,2126.997801939435,52.561465373710234,1.5,2025-03-01T01:45:00+00:00,2258.4014653737104,SL,-1.0,0.110413852881061,-1.110413852881061,21,
ADA,TREND_PULLBACK,SHORT,5666,5667,2025-03-01T00:30:00+00:00,2025-03-01T00:45:00+00:00,0.6302,0.6392627185710176,0.6166059221434737,0.009062718571017592,1.5,2025-03-01T01:45:00+00:00,0.6392627185710176,SL,-1.0,0.18209784638132281,-1.1820978463813228,4,
DOGE,TREND_PULLBACK,SHORT,5666,5667,2025-03-01T00:30:00+00:00,2025-03-01T00:45:00+00:00,0.20018,0.20367586418009315,0.19493620372986026,0.00349586418009315,1.5,2025-03-01T01:45:00+00:00,0.20367586418009315,SL,-1.0,0.15018107008383022,-1.1501810700838302,4,
CRV,TREND_PULLBACK,SHORT,5684,5685,2025-03-01T05:00:00+00:00,2025-03-01T05:15:00+00:00,0.45,0.45739022761296894,0.4389146585805466,0.007390227612968925,1.5,2025-03-01T09:30:00+00:00,0.4389146585805466,TP,1.5,0.15636718064363758,1.3436328193563625,17,
AVAX,TREND_PULLBACK,SHORT,5666,5667,2025-03-01T00:30:00+00:00,2025-03-01T00:45:00+00:00,22.101,22.515491480344565,21.47926277948315,0.41449148034456584,1.5,2025-03-01T11:15:00+00:00,21.47926277948315,TP,1.5,0.13668397132368432,1.3633160286763157,42,
ADA,TREND_PULLBACK,SHORT,5689,5690,2025-03-01T06:15:00+00:00,2025-03-01T06:30:00+00:00,0.6457,0.6560798669855502,0.6301301995216748,0.010379866985550157,1.5,2025-03-01T11:15:00+00:00,0.6301301995216748,TP,1.5,0.1597881034205053,1.3402118965794947,19,
BNB,TREND_PULLBACK,SHORT,5706,5707,2025-03-01T10:30:00+00:00,2025-03-01T10:45:00+00:00,594.67,597.3147202355484,590.7029196466773,2.644720235548448,1.5,2025-03-01T11:15:00+00:00,590.7029196466773,TP,1.5,0.5826645763237484,0.9173354236762516,2,
LINK,TREND_PULLBACK,SHORT,5688,5689,2025-03-01T06:00:00+00:00,2025-03-01T06:15:00+00:00,14.741,14.990887436011217,14.366168845983173,0.24988743601121755,1.5,2025-03-01T13:15:00+00:00,14.366168845983173,TP,1.5,0.15142545821343137,1.3485745417865687,28,
XRP,TREND_PULLBACK,SHORT,5689,5690,2025-03-01T06:15:00+00:00,2025-03-01T06:30:00+00:00,2.1771,2.214218088942572,2.1214228665861414,0.0371180889425724,1.5,2025-03-01T13:45:00+00:00,2.1214228665861414,TP,1.499999999999994,0.15054869164217033,1.3494513083578237,29,
ETH,TREND_PULLBACK,SHORT,5760,5761,2025-03-02T00:00:00+00:00,2025-03-02T00:15:00+00:00,2211.41,2241.4367347198677,2166.369897920198,30.026734719867818,1.5,2025-03-02T09:30:00+00:00,2241.4367347198677,SL,-1.0,0.19278489017007944,-1.1927848901700795,37,
AVAX,TREND_PULLBACK,SHORT,5784,5785,2025-03-02T06:00:00+00:00,2025-03-02T06:15:00+00:00,21.838,22.136879455388648,21.38968081691703,0.29887945538864713,1.5,2025-03-02T09:30:00+00:00,22.136879455388648,SL,-1.0,0.19127224123741737,-1.1912722412374173,13,
ETH,TREND_PULLBACK,SHORT,5808,5809,2025-03-02T12:00:00+00:00,2025-03-02T12:15:00+00:00,2225.09,2248.9705299854645,2189.269205021804,23.880529985464364,1.5,2025-03-02T14:15:00+00:00,2189.269205021804,TP,1.4999999999999905,0.24030735373215606,1.2596926462678344,8,
LINK,TREND_PULLBACK,SHORT,5759,5760,2025-03-01T23:45:00+00:00,2025-03-02T00:00:00+00:00,14.751,14.989239419007212,14.393640871489179,0.23823941900721302,1.5,2025-03-02T15:15:00+00:00,14.989239419007212,SL,-1.0,0.1622834348984826,-1.1622834348984825,61,
UNI,TREND_PULLBACK,SHORT,5756,5757,2025-03-01T23:00:00+00:00,2025-03-01T23:15:00+00:00,7.479,7.6007835756380295,7.2963246365429555,0.12178357563802944,1.5,2025-03-02T15:30:00+00:00,7.6007835756380295,SL,-1.0,0.1609717775621606,-1.1609717775621606,65,
CRV,TREND_PULLBACK,SHORT,5766,5767,2025-03-02T01:30:00+00:00,2025-03-02T01:45:00+00:00,0.432,0.4402255900345825,0.41966161494812626,0.008225590034582508,1.5,2025-03-02T15:30:00+00:00,0.4402255900345825,SL,-1.0,0.13784947490426544,-1.1378494749042654,55,
LINK,TREND_PULLBACK,SHORT,5988,5989,2025-03-04T09:00:00+00:00,2025-03-04T09:15:00+00:00,13.817,14.076927331426532,13.427109002860202,0.2599273314265318,1.5,2025-03-04T13:45:00+00:00,13.427109002860202,TP,1.5,0.1362586285533768,1.363741371446623,18,
ETH,TREND_PULLBACK,SHORT,5980,5981,2025-03-04T07:00:00+00:00,2025-03-04T07:15:00+00:00,2079.14,2134.035253629816,1996.7971195552757,54.895253629816125,1.5,2025-03-04T14:30:00+00:00,2134.035253629816,SL,-1.0,0.09977416019704627,-1.0997741601970463,29,
UNI,TREND_PULLBACK,SHORT,5986,5987,2025-03-04T08:30:00+00:00,2025-03-04T08:45:00+00:00,6.791,6.905692841625757,6.618960737561366,0.11469284162575644,1.5,2025-03-04T14:30:00+00:00,6.905692841625757,SL,-1.0,0.1552468353013139,-1.155246835301314,23,
AVAX,TREND_PULLBACK,SHORT,5989,5990,2025-03-04T09:15:00+00:00,2025-03-04T09:30:00+00:00,19.878,20.400798707714422,19.093801938428367,0.522798707714422,1.5,2025-03-04T14:30:00+00:00,20.400798707714422,SL,-1.0,0.10015793372739484,-1.1001579337273948,20,
FET,TREND_PULLBACK,SHORT,5991,5992,2025-03-04T09:45:00+00:00,2025-03-04T10:00:00+00:00,0.5784,0.5978064216896993,0.549290367465451,0.019406421689699305,1.5,2025-03-04T14:30:00+00:00,0.5978064216896993,SL,-1.0,0.07879187480545267,-1.0787918748054526,18,
BNB,TREND_PULLBACK,SHORT,6007,6008,2025-03-04T13:45:00+00:00,2025-03-04T14:00:00+00:00,564.46,572.9611725853224,551.7082411220165,8.501172585322365,1.5,2025-03-04T14:30:00+00:00,572.9611725853224,SL,-1.0,0.1739345377970407,-1.1739345377970407,2,
BTC,TREND_PULLBACK,SHORT,6011,6012,2025-03-04T14:45:00+00:00,2025-03-04T15:00:00+00:00,83157.1,85228.8888070692,80049.4167893962,2071.788807069199,1.5,2025-03-04T17:30:00+00:00,85228.8888070692,SL,-1.0,0.10565834929808969,-1.1056583492980896,10,
LINK,TREND_PULLBACK,SHORT,6011,6012,2025-03-04T14:45:00+00:00,2025-03-04T15:00:00+00:00,13.63,14.212456123867549,12.756315814198679,0.5824561238675479,1.5,2025-03-04T18:00:00+00:00,14.212456123867549,SL,-1.0,0.062142351119410154,-1.0621423511194101,12,
SOL,TREND_PULLBACK,SHORT,6012,6013,2025-03-04T15:00:00+00:00,2025-03-04T15:15:00+00:00,135.24,141.74176185190936,125.48735722213598,6.50176185190935,1.5,2025-03-04T18:00:00+00:00,141.74176185190936,SL,-1.0,0.05538134102862285,-1.0553813410286228,11,
CRV,TREND_PULLBACK,SHORT,6011,6012,2025-03-04T14:45:00+00:00,2025-03-04T15:00:00+00:00,0.387,0.40662774906824173,0.35755837639763743,0.019627749068241718,1.5,2025-03-04T18:45:00+00:00,0.40662774906824173,SL,-1.0,0.052564156501168115,-1.052564156501168,15,
SUI,TREND_PULLBACK,SHORT,6011,6012,2025-03-04T14:45:00+00:00,2025-03-04T15:00:00+00:00,2.3574,2.474113590119221,2.182329614821169,0.11671359011922089,1.5,2025-03-04T18:45:00+00:00,2.474113590119221,SL,-1.0,0.0538152211815187,-1.0538152211815186,15,
UNI,TREND_PULLBACK,SHORT,6045,6046,2025-03-04T23:15:00+00:00,2025-03-04T23:30:00+00:00,7.023,7.2111170815192995,6.74082437772105,0.18811708151929984,1.5,2025-03-05T05:45:00+00:00,7.2111170815192995,SL,-1.0,0.09836614546923342,-1.0983661454692335,25,
ETH,TREND_PULLBACK,SHORT,6062,6063,2025-03-05T03:30:00+00:00,2025-03-05T03:45:00+00:00,2168.36,2203.44130769243,2115.7380384613552,35.08130769243007,1.5,2025-03-05T07:00:00+00:00,2203.44130769243,SL,-1.0,0.1620048417187859,-1.1620048417187858,13,
AVAX,TREND_PULLBACK,SHORT,6062,6063,2025-03-05T03:30:00+00:00,2025-03-05T03:45:00+00:00,19.905,20.378393070654493,19.194910394018265,0.47339307065449177,1.5,2025-03-05T08:15:00+00:00,20.378393070654493,SL,-1.0,0.11062352670149705,-1.110623526701497,18,
SUI,TREND_PULLBACK,SHORT,6049,6050,2025-03-05T00:15:00+00:00,2025-03-05T00:30:00+00:00,2.4992,2.5802007923635224,2.3776988114547164,0.08100079236352231,1.5,2025-03-05T09:00:00+00:00,2.5802007923635224,SL,-1.0,0.08152044983014581,-1.0815204498301458,34,
FET,TREND_PULLBACK,SHORT,6043,6044,2025-03-04T22:45:00+00:00,2025-03-04T23:00:00+00:00,0.5913,0.6129000748496977,0.5588998877254536,0.021600074849697615,1.5,2025-03-05T10:30:00+00:00,0.6129000748496977,SL,-1.0,0.07247475336070525,-1.0724747533607053,46,
SUI,TREND_PULLBACK,SHORT,6093,6094,2025-03-05T11:15:00+00:00,2025-03-05T11:30:00+00:00,2.5161,2.5989897508310986,2.3917653737533513,0.08288975083109884,1.5,2025-03-05T19:00:00+00:00,2.5989897508310986,SL,-1.0,0.08022242327196866,-1.0802224232719686,30,
FET,TREND_PULLBACK,SHORT,6102,6103,2025-03-05T13:30:00+00:00,2025-03-05T13:45:00+00:00,0.5995,0.6154575499479332,0.5755636750781002,0.01595754994793319,1.5,2025-03-05T21:00:00+00:00,0.6154575499479332,SL,-1.0,0.09897790200160905,-1.098977902001609,29,
UNI,TREND_PULLBACK,SHORT,6093,6094,2025-03-05T11:15:00+00:00,2025-03-05T11:30:00+00:00,7.371,7.522820968245335,7.143268547631999,0.15182096824533442,1.5,2025-03-05T22:00:00+00:00,7.522820968245335,SL,-1.0,0.12753157539761603,-1.127531575397616,42,
ETH,TREND_PULLBACK,SHORT,6095,6096,2025-03-05T11:45:00+00:00,2025-03-05T12:00:00+00:00,2216.6,2259.3741362272126,2152.438795659181,42.77413622721269,1.5,2025-03-06T01:30:00+00:00,2259.3741362272126,SL,-1.0,0.1360346903602347,-1.1360346903602347,54,
SUI,TREND_PULLBACK,SHORT,6144,6145,2025-03-06T00:00:00+00:00,2025-03-06T00:15:00+00:00,2.622,2.6862744825459823,2.5255882761810264,0.06427448254598245,1.5,2025-03-06T01:45:00+00:00,2.6862744825459823,SL,-1.0,0.10736386438230637,-1.1073638643823063,6,
ADA,TREND_PULLBACK,LONG,6178,6179,2025-03-06T08:30:00+00:00,2025-03-06T08:45:00+00:00,0.951,0.9290970081619796,0.9838544877570305,0.021902991838020358,1.5,2025-03-06T12:45:00+00:00,0.9290970081619796,SL,-1.0,0.11158868745811848,-1.1115886874581185,16,
ADA,TREND_PULLBACK,LONG,6205,6206,2025-03-06T15:15:00+00:00,2025-03-06T15:30:00+00:00,0.9344,0.9026718414717952,0.9819922377923072,0.031728158528204764,1.5,2025-03-06T16:45:00+00:00,0.9026718414717952,SL,-1.0,0.07527046966152631,-1.0752704696615263,5,
ETH,TREND_PULLBACK,SHORT,6289,6290,2025-03-07T12:15:00+00:00,2025-03-07T12:30:00+00:00,2188.99,2214.2609876877063,2151.08351846844,25.270987687706565,1.5,2025-03-07T13:30:00+00:00,2214.2609876877063,SL,-1.0,0.2265137538244558,-1.2265137538244557,4,
CRV,TREND_PULLBACK,SHORT,6290,6291,2025-03-07T12:30:00+00:00,2025-03-07T12:45:00+00:00,0.428,0.4388042339122927,0.41179364913156097,0.010804233912292682,1.5,2025-03-07T13:30:00+00:00,0.4388042339122927,SL,-1.0,0.10429665936831438,-1.1042966593683143,3,
ETH,TREND_PULLBACK,SHORT,6304,6305,2025-03-07T16:00:00+00:00,2025-03-07T16:15:00+00:00,2195.42,2251.833027354112,2110.8004589688326,56.41302735411182,1.5,2025-03-08T01:30:00+00:00,2110.8004589688326,TP,1.499999999999996,0.0992339333523013,1.4007660666476947,37,
UNI,TREND_PULLBACK,SHORT,6356,6357,2025-03-08T05:00:00+00:00,2025-03-08T05:15:00+00:00,7.035,7.112965005022806,6.918052492465791,0.07796500502280601,1.5,2025-03-08T08:45:00+00:00,6.918052492465791,TP,1.5,0.23265525648205357,1.2673447435179463,14,
ETH,TREND_PULLBACK,SHORT,6375,6376,2025-03-08T09:45:00+00:00,2025-03-08T10:00:00+00:00,2128.64,2148.3857656862097,2099.021351470685,19.74576568620978,1.5,2025-03-08T12:00:00+00:00,2148.3857656862097,SL,-1.0,0.2815861174365706,-1.2815861174365706,8,
UNI,TREND_PULLBACK,SHORT,6380,6381,2025-03-08T11:00:00+00:00,2025-03-08T11:15:00+00:00,6.932,7.006207837107892,6.820688244338163,0.0742078371078918,1.5,2025-03-08T12:15:00+00:00,7.006207837107892,SL,-1.0,0.2441746167846911,-1.244174616784691,4,
CRV,TREND_PULLBACK,SHORT,6379,6380,2025-03-08T10:45:00+00:00,2025-03-08T11:00:00+00:00,0.411,0.4163348113820502,0.4029977829269247,0.00533481138205022,1.5,2025-03-08T13:30:00+00:00,0.4163348113820502,SL,-1.0,0.20160698809623645,-1.2016069880962363,10,
CRV,TREND_PULLBACK,SHORT,6401,6402,2025-03-08T16:15:00+00:00,2025-03-08T16:30:00+00:00,0.412,0.4213909153570763,0.3979136269643855,0.009390915357076313,1.5,2025-03-08T17:15:00+00:00,0.4213909153570763,SL,-1.0,0.11536768768209812,-1.1153676876820982,3,
CRV,TREND_PULLBACK,SHORT,6436,6437,2025-03-09T01:00:00+00:00,2025-03-09T01:15:00+00:00,0.428,0.43528695680923435,0.41706956478614843,0.007286956809234357,1.5,2025-03-09T02:15:00+00:00,0.41706956478614843,TP,1.5000000000000038,0.150761211158794,1.3492387888412098,4,
UNI,TREND_PULLBACK,SHORT,6429,6430,2025-03-08T23:15:00+00:00,2025-03-08T23:30:00+00:00,7.138,7.228283222412011,7.002575166381984,0.09028322241201092,1.5,2025-03-09T09:00:00+00:00,7.002575166381984,TP,1.4999999999999951,0.20361200259784937,1.2963879974021457,38,
BTC,TREND_PULLBACK,SHORT,6462,6463,2025-03-09T07:30:00+00:00,2025-03-09T07:45:00+00:00,85978.2,86235.67868154288,85591.98197768567,257.47868154288153,1.5,2025-03-09T09:45:00+00:00,85591.98197768567,TP,1.5,0.8662512765502303,0.6337487234497697,8,
CRV,TREND_PULLBACK,SHORT,6523,6524,2025-03-09T22:45:00+00:00,2025-03-09T23:00:00+00:00,0.378,0.3870300945128396,0.36445485823074064,0.009030094512839593,1.5,2025-03-10T00:45:00+00:00,0.3870300945128396,SL,-1.0,0.11013607016544391,-1.110136070165444,7,
BTC,TREND_PULLBACK,SHORT,6532,6533,2025-03-10T01:00:00+00:00,2025-03-10T01:15:00+00:00,81231.1,82268.22245346739,79675.41631979894,1037.122453467382,1.5,2025-03-10T02:15:00+00:00,82268.22245346739,SL,-1.0,0.20494119906371538,-1.2049411990637153,4,
BNB,TREND_PULLBACK,SHORT,6537,6538,2025-03-10T02:15:00+00:00,2025-03-10T02:30:00+00:00,557.02,565.4407319294904,544.3889021057644,8.420731929490444,1.5,2025-03-10T07:00:00+00:00,565.4407319294904,SL,-1.0,0.17328647482507342,-1.1732864748250735,18,
XRP,TREND_PULLBACK,SHORT,6520,6521,2025-03-09T22:00:00+00:00,2025-03-09T22:15:00+00:00,2.1499,2.216692513298772,2.0497112300518423,0.0667925132987719,1.5,2025-03-10T09:15:00+00:00,2.216692513298772,SL,-1.0,0.08498812197553252,-1.0849881219755324,44,
SOL,TREND_PULLBACK,SHORT,6551,6552,2025-03-10T05:45:00+00:00,2025-03-10T06:00:00+00:00,127.6,129.75895807128722,124.36156289306915,2.1589580712872305,1.5,2025-03-10T09:15:00+00:00,129.75895807128722,SL,-1.0,0.15496671748386273,-1.1549667174838627,13,
LINK,TREND_PULLBACK,SHORT,6552,6553,2025-03-10T06:00:00+00:00,2025-03-10T06:15:00+00:00,14.048,14.338015347611266,13.6129769785831,0.29001534761126635,1.5,2025-03-10T09:15:00+00:00,14.338015347611266,SL,-1.0,0.12724092106103804,-1.1272409210610381,12,
FET,TREND_PULLBACK,SHORT,6554,6555,2025-03-10T06:30:00+00:00,2025-03-10T06:45:00+00:00,0.5353,0.5456207685110502,0.5198188472334246,0.010320768511050238,1.5,2025-03-10T09:15:00+00:00,0.5456207685110502,SL,-1.0,0.13615236089830415,-1.1361523608983042,10,
AVAX,TREND_PULLBACK,SHORT,6560,6561,2025-03-10T08:00:00+00:00,2025-03-10T08:15:00+00:00,18.239,18.56199243871989,17.754511341920164,0.3229924387198899,1.5,2025-03-10T09:15:00+00:00,18.56199243871989,SL,-1.0,0.14811891683887207,-1.1481189168388721,4,
BTC,TREND_PULLBACK,SHORT,6569,6570,2025-03-10T10:15:00+00:00,2025-03-10T10:30:00+00:00,81821.6,83345.03338832856,79536.44991750717,1523.433388328558,1.5,2025-03-10T11:45:00+00:00,83345.03338832856,SL,-1.0,0.1409425742207242,-1.1409425742207242,5,
SOL,TREND_PULLBACK,SHORT,6569,6570,2025-03-10T10:15:00+00:00,2025-03-10T10:30:00+00:00,127.05,130.41765203655316,121.99852194517024,3.3676520365531672,1.5,2025-03-10T12:00:00+00:00,130.41765203655316,SL,-1.0,0.09938911265609755,-1.0993891126560975,6,
SUI,TREND_PULLBACK,SHORT,6568,6569,2025-03-10T10:00:00+00:00,2025-03-10T10:15:00+00:00,2.3523,2.4284819640370854,2.2380270539443723,0.07618196403708533,1.5,2025-03-10T14:15:00+00:00,2.2380270539443723,TP,1.4999999999999971,0.07833120667803663,1.4216687933219605,16,
BNB,TREND_PULLBACK,SHORT,6582,6583,2025-03-10T13:30:00+00:00,2025-03-10T13:45:00+00:00,561.18,568.8656519809515,549.6515220285726,7.685651980951548,1.5,2025-03-10T14:15:00+00:00,549.6515220285726,TP,1.5000000000000073,0.18789310031422413,1.3121068996857832,2,
ETH,TREND_PULLBACK,SHORT,6583,6584,2025-03-10T13:45:00+00:00,2025-03-10T14:00:00+00:00,2082.74,2130.796666627283,2010.6550000590753,48.05666662728299,1.5,2025-03-10T14:15:00+00:00,2010.6550000590753,TP,1.5,0.11073205599856764,1.3892679440014324,1,
CRV,TREND_PULLBACK,SHORT,6567,6568,2025-03-10T09:45:00+00:00,2025-03-10T10:00:00+00:00,0.385,0.3982095294321974,0.36518570585170396,0.013209529432197387,1.5,2025-03-10T16:30:00+00:00,0.36518570585170396,TP,1.499999999999998,0.07382862672080706,1.426171373279191,26,
XRP,TREND_PULLBACK,SHORT,6569,6570,2025-03-10T10:15:00+00:00,2025-03-10T10:30:00+00:00,2.1595,2.2284874124268583,2.0560188813597122,0.06898741242685835,1.5,2025-03-10T17:00:00+00:00,2.0560188813597122,TP,1.500000000000003,0.07943731114104043,1.4205626888589626,26,
CRV,TREND_PULLBACK,SHORT,6672,6673,2025-03-11T12:00:00+00:00,2025-03-11T12:15:00+00:00,0.385,0.3936679179031492,0.37199812314527625,0.008667917903149192,1.5,2025-03-11T13:15:00+00:00,0.3936679179031492,SL,-1.0,0.11678332727474507,-1.1167833272747452,4,
BNB,TREND_PULLBACK,SHORT,6667,6668,2025-03-11T10:45:00+00:00,2025-03-11T11:00:00+00:00,554.39,565.3050689245628,538.0173966131558,10.915068924562775,1.5,2025-03-11T14:30:00+00:00,538.0173966131558,TP,1.5,0.13010725130661407,1.3698927486933858,14,
ADA,TREND_PULLBACK,SHORT,6672,6673,2025-03-11T12:00:00+00:00,2025-03-11T12:15:00+00:00,0.7219,0.7385386470807674,0.6969420293788489,0.016638647080767455,1.5,2025-03-11T14:30:00+00:00,0.6969420293788489,TP,1.4999999999999967,0.11085604672296628,1.3891439532770304,9,
DOGE,TREND_PULLBACK,SHORT,6672,6673,2025-03-11T12:00:00+00:00,2025-03-11T12:15:00+00:00,0.15992,0.16363658211225351,0.15434512683161974,0.003716582112253508,1.5,2025-03-11T14:30:00+00:00,0.15434512683161974,TP,1.5,0.10992483215536687,1.390075167844633,9,
BTC,TREND_PULLBACK,SHORT,6678,6679,2025-03-11T13:30:00+00:00,2025-03-11T13:45:00+00:00,81128.7,82467.7040002733,79120.19399959005,1339.0040002733003,1.5,2025-03-11T14:30:00+00:00,79120.19399959005,TP,1.5,0.1555809856855892,1.3444190143144108,3,
CRV,TREND_PULLBACK,SHORT,6681,6682,2025-03-11T14:15:00+00:00,2025-03-11T14:30:00+00:00,0.381,0.395068994549339,0.3598965081759915,0.01406899454933902,1.5,2025-03-11T15:30:00+00:00,0.395068994549339,SL,-1.0,0.07171014882236483,-1.0717101488223648,4,
AVAX,TREND_PULLBACK,SHORT,6672,6673,2025-03-11T12:00:00+00:00,2025-03-11T12:15:00+00:00,17.048,17.50816633924088,16.357750491138674,0.4601663392408817,1.5,2025-03-11T16:15:00+00:00,17.50816633924088,SL,-1.0,0.09762342963877121,-1.0976234296387712,16,
FET,TREND_PULLBACK,SHORT,6681,6682,2025-03-11T14:15:00+00:00,2025-03-11T14:30:00+00:00,0.4615,0.4799515841839592,0.4338226237240612,0.018451584183959202,1.5,2025-03-11T16:15:00+00:00,0.4799515841839592,SL,-1.0,0.06632964667083315,-1.0663296466708332,7,
SUI,TREND_PULLBACK,SHORT,6685,6686,2025-03-11T15:15:00+00:00,2025-03-11T15:30:00+00:00,2.1451,2.2376384524695436,2.006292321295684,0.09253845246954384,1.5,2025-03-11T18:00:00+00:00,2.2376384524695436,SL,-1.0,0.06156964846678824,-1.0615696484667883,10,
ADA,TREND_PULLBACK,SHORT,6685,6686,2025-03-11T15:15:00+00:00,2025-03-11T15:30:00+00:00,0.7154,0.7423867856727466,0.6749198214908801,0.026986785672746594,1.5,2025-03-11T18:15:00+00:00,0.7423867856727466,SL,-1.0,0.07022410317240622,-1.0702241031724062,11,
LINK,TREND_PULLBACK,SHORT,6685,6686,2025-03-11T15:15:00+00:00,2025-03-11T15:30:00+00:00,12.79,13.34888415976587,11.951673760351193,0.5588841597658707,1.5,2025-03-11T18:15:00+00:00,13.34888415976587,SL,-1.0,0.060800702281365165,-1.0608007022813652,11,
XRP,TREND_PULLBACK,SHORT,6717,6718,2025-03-11T23:15:00+00:00,2025-03-11T23:30:00+00:00,2.1706,2.2192572852526053,2.0976140721210914,0.04865728525260549,1.5,2025-03-12T01:30:00+00:00,2.2192572852526053,SL,-1.0,0.1172859201083932,-1.1172859201083931,8,
ETH,TREND_PULLBACK,SHORT,6716,6717,2025-03-11T23:00:00+00:00,2025-03-11T23:15:00+00:00,1932.45,1961.299987286468,1889.1750190702983,28.849987286467922,1.5,2025-03-12T02:30:00+00:00,1889.1750190702983,TP,1.499999999999996,0.17220501608753497,1.327794983912461,13,
DOGE,TREND_PULLBACK,SHORT,6717,6718,2025-03-11T23:15:00+00:00,2025-03-11T23:30:00+00:00,0.16508,0.1686980150438831,0.15965297743417536,0.003618015043883094,1.5,2025-03-12T04:30:00+00:00,0.15965297743417536,TP,1.5,0.11668079472973819,1.3833192052702619,20,
ADA,TREND_PULLBACK,SHORT,6729,6730,2025-03-12T02:15:00+00:00,2025-03-12T02:30:00+00:00,0.7306,0.7495662948582967,0.702150557712555,0.018966294858296706,1.5,2025-03-12T08:00:00+00:00,0.7495662948582967,SL,-1.0,0.10145451168466083,-1.1014545116846608,22,
AVAX,TREND_PULLBACK,SHORT,6717,6718,2025-03-11T23:15:00+00:00,2025-03-11T23:30:00+00:00,17.554,17.985553129110805,16.906670306333787,0.43155312911080657,1.5,2025-03-12T08:45:00+00:00,17.985553129110805,SL,-1.0,0.10705847310860597,-1.107058473108606,37,
BNB,TREND_PULLBACK,SHORT,6717,6718,2025-03-11T23:15:00+00:00,2025-03-11T23:30:00+00:00,552.52,558.6387933588595,543.3418099617106,6.118793358859534,1.5,2025-03-12T09:00:00+00:00,558.6387933588595,SL,-1.0,0.23607700843091636,-1.2360770084309163,38,
SUI,TREND_PULLBACK,SHORT,6730,6731,2025-03-12T02:30:00+00:00,2025-03-12T02:45:00+00:00,2.2333,2.294568891308429,2.1413966630373564,0.06126889130842894,1.5,2025-03-12T09:00:00+00:00,2.294568891308429,SL,-1.0,0.0960720756161483,-1.0960720756161484,25,
SOL,TREND_PULLBACK,SHORT,6757,6758,2025-03-12T09:15:00+00:00,2025-03-12T09:30:00+00:00,123.57,126.24710259553977,119.55434610669033,2.677102595539779,1.5,2025-03-12T11:30:00+00:00,126.24710259553977,SL,-1.0,0.12131108980106925,-1.1213110898010692,8,
LINK,TREND_PULLBACK,SHORT,6757,6758,2025-03-12T09:15:00+00:00,2025-03-12T09:30:00+00:00,13.016,13.408081944053562,12.427877083919658,0.39208194405356167,1.5,2025-03-12T12:00:00+00:00,13.408081944053562,SL,-1.0,0.08761256938314138,-1.0876125693831413,10,
ADA,TREND_PULLBACK,SHORT,6757,6758,2025-03-12T09:15:00+00:00,2025-03-12T09:30:00+00:00,0.7278,0.7488288477249958,0.6962567284125063,0.021028847724995803,1.5,2025-03-12T12:15:00+00:00,0.7488288477249958,SL,-1.0,0.09128495898330909,-1.0912849589833091,11,
ETH,TREND_PULLBACK,SHORT,6757,6758,2025-03-12T09:15:00+00:00,2025-03-12T09:30:00+00:00,1878.73,1932.9360491464488,1797.420926280327,54.20604914644878,1.5,2025-03-12T12:30:00+00:00,1932.9360491464488,SL,-1.0,0.0914135219577244,-1.0914135219577243,12,
BNB,TREND_PULLBACK,SHORT,6773,6774,2025-03-12T13:15:00+00:00,2025-03-12T13:30:00+00:00,558.16,564.3207385551395,548.9188921672906,6.160738555139574,1.5,2025-03-12T14:30:00+00:00,564.3207385551395,SL,-1.0,0.23685877059404314,-1.236858770594043,4,
UNI,TREND_PULLBACK,SHORT,6774,6775,2025-03-12T13:30:00+00:00,2025-03-12T13:45:00+00:00,5.99,6.142839759540746,5.760740360688882,0.15283975954074602,1.5,2025-03-12T15:00:00+00:00,5.760740360688882,TP,1.4999999999999971,0.09994756936805492,1.4000524306319422,5,
DOGE,TREND_PULLBACK,SHORT,6775,6776,2025-03-12T13:45:00+00:00,2025-03-12T14:00:00+00:00,0.16694,0.171933087026889,0.1594503694596665,0.004993087026888998,1.5,2025-03-12T22:15:00+00:00,0.171933087026889,SL,-1.0,0.08822898755070092,-1.088228987550701,33,
FET,TREND_PULLBACK,SHORT,6777,6778,2025-03-12T14:15:00+00:00,2025-03-12T14:30:00+00:00,0.4951,0.5127589131211008,0.4686116303183488,0.017658913121100794,1.5,2025-03-13T12:30:00+00:00,0.5127589131211008,SL,-1.0,0.07419576607417823,-1.0741957660741783,88,
ETH,TREND_PULLBACK,SHORT,6827,6828,2025-03-13T02:45:00+00:00,2025-03-13T03:00:00+00:00,1889.06,1916.4054731464428,1848.0417902803356,27.345473146442828,1.5,2025-03-13T12:30:00+00:00,1916.4054731464428,SL,-1.0,0.1809113006967264,-1.1809113006967265,38,
LINK,TREND_PULLBACK,SHORT,6775,6776,2025-03-12T13:45:00+00:00,2025-03-12T14:00:00+00:00,13.252,13.665763686193932,12.631354470709104,0.41376368619393133,1.5,2025-03-13T14:00:00+00:00,13.152,TIME,0.24168384838183057,0.08295846432475892,0.15872538405707165,96,
SOL,TREND_PULLBACK,SHORT,6775,6776,2025-03-12T13:45:00+00:00,2025-03-12T14:00:00+00:00,125.84,129.32015841839592,120.61976237240613,3.4801584183959164,1.5,2025-03-13T14:00:00+00:00,124.83,TIME,0.290216673660947,0.09363682936887721,0.1965798442920698,96,
ADA,TREND_PULLBACK,SHORT,6867,6868,2025-03-13T12:45:00+00:00,2025-03-13T13:00:00+00:00,0.7235,0.7409958454356695,0.6972562318464958,0.01749584543566951,1.5,2025-03-13T17:00:00+00:00,0.6972562318464958,TP,1.5,0.10556695349142277,1.3944330465085772,16,
ETH,TREND_PULLBACK,SHORT,6870,6871,2025-03-13T13:30:00+00:00,2025-03-13T13:45:00+00:00,1880.55,1914.854035963248,1829.093946055128,34.304035963248,1.5,2025-03-13T17:45:00+00:00,1829.093946055128,TP,1.4999999999999967,0.14058220831619767,1.359417791683799,16,
UNI,TREND_PULLBACK,SHORT,6870,6871,2025-03-13T13:30:00+00:00,2025-03-13T13:45:00+00:00,5.911,6.046104780685214,5.708342828972178,0.13510478068521437,1.5,2025-03-13T17:45:00+00:00,5.708342828972178,TP,1.5,0.11180319157512175,1.3881968084248784,16,
ETH,TREND_PULLBACK,SHORT,6899,6900,2025-03-13T20:45:00+00:00,2025-03-13T21:00:00+00:00,1841.59,1867.2535968393797,1803.0946047409302,25.663596839379807,1.5,2025-03-13T22:00:00+00:00,1867.2535968393797,SL,-1.0,0.1878729901372512,-1.1878729901372511,4,
BTC,TREND_PULLBACK,SHORT,6938,6939,2025-03-14T06:30:00+00:00,2025-03-14T06:45:00+00:00,81771.7,82337.35185980861,80923.22221028709,565.6518598086113,1.5,2025-03-14T07:30:00+00:00,82337.35185980861,SL,-1.0,0.3771609051014798,-1.37716090510148,3,
LINK,TREND_PULLBACK,SHORT,6937,6938,2025-03-14T06:15:00+00:00,2025-03-14T06:30:00+00:00,13.255,13.43925001529358,12.978624977059633,0.18425001529357843,1.5,2025-03-14T08:15:00+00:00,13.43925001529358,SL,-1.0,0.1883447605938469,-1.1883447605938469,7,
SUI,TREND_PULLBACK,SHORT,6925,6926,2025-03-14T03:15:00+00:00,2025-03-14T03:30:00+00:00,2.1681,2.213470553712314,2.100044169431529,0.04537055371231391,1.5,2025-03-14T08:30:00+00:00,2.213470553712314,SL,-1.0,0.12554490200722543,-1.1255449020072255,20,
CRV,TREND_PULLBACK,SHORT,6944,6945,2025-03-14T08:00:00+00:00,2025-03-14T08:15:00+00:00,0.401,0.40588353446056086,0.3936746983091588,0.004883534460560834,1.5,2025-03-14T08:45:00+00:00,0.40588353446056086,SL,-1.0,0.21479291346666693,-1.2147929134666668,2,
SOL,TREND_PULLBACK,SHORT,6943,6944,2025-03-14T07:45:00+00:00,2025-03-14T08:00:00+00:00,124.61,125.94044309544938,122.61433535682593,1.3304430954493824,1.5,2025-03-14T09:30:00+00:00,125.94044309544938,SL,-1.0,0.24481736734036533,-1.2448173673403653,6,
ETH,TREND_PULLBACK,SHORT,6952,6953,2025-03-14T10:00:00+00:00,2025-03-14T10:15:00+00:00,1890.4,1906.8141097635896,1865.7788353546157,16.414109763589522,1.5,2025-03-14T10:45:00+00:00,1906.8141097635896,SL,-1.0,0.30073993739476207,-1.3007399373947621,2,
UNI,TREND_PULLBACK,SHORT,6932,6933,2025-03-14T05:00:00+00:00,2025-03-14T05:15:00+00:00,5.882,5.958954162107312,5.766568756839032,0.07695416210731221,1.5,2025-03-14T13:45:00+00:00,5.958954162107312,SL,-1.0,0.2000312912155902,-1.2000312912155902,34,
ETH,TREND_PULLBACK,SHORT,6966,6967,2025-03-14T13:30:00+00:00,2025-03-14T13:45:00+00:00,1895.01,1914.512576201898,1865.7561356971532,19.50257620189791,1.5,2025-03-14T14:30:00+00:00,1914.512576201898,SL,-1.0,0.25393462370271486,-1.253934623702715,3,
ETH,TREND_PULLBACK,SHORT,7176,7177,2025-03-16T18:00:00+00:00,2025-03-16T18:15:00+00:00,1901.06,1926.5088823385372,1862.886676492194,25.44888233853726,1.5,2025-03-16T19:15:00+00:00,1862.886676492194,TP,1.5,0.19227291062720586,1.3077270893727941,4,
SUI,TREND_PULLBACK,SHORT,7180,7181,2025-03-16T19:00:00+00:00,2025-03-16T19:15:00+00:00,2.2383,2.2883203207086003,2.1632695189371,0.050020320708600075,1.5,2025-03-17T01:00:00+00:00,2.2883203207086003,SL,-1.0,0.1176443160211372,-1.1176443160211371,23,
FET,TREND_PULLBACK,SHORT,7330,7331,2025-03-18T08:30:00+00:00,2025-03-18T08:45:00+00:00,0.5082,0.5135507613367009,0.5001738579949486,0.005350761336700871,1.5,2025-03-18T09:00:00+00:00,0.5135507613367009,SL,-1.0,0.24824055982969492,-1.2482405598296948,1,
FET,TREND_PULLBACK,SHORT,7337,7338,2025-03-18T10:15:00+00:00,2025-03-18T10:30:00+00:00,0.506,0.5155305447710191,0.49170418284347134,0.009530544771019112,1.5,2025-03-18T17:45:00+00:00,0.49170418284347134,TP,1.5,0.13609037771277596,1.363909622287224,29,
SOL,TREND_PULLBACK,SHORT,7397,7398,2025-03-19T01:15:00+00:00,2025-03-19T01:30:00+00:00,124.73,126.13611987337134,122.620820189943,1.4061198733713383,1.5,2025-03-19T03:45:00+00:00,126.13611987337134,SL,-1.0,0.23193325264186568,-1.2319332526418656,9,
BNB,TREND_PULLBACK,LONG,7620,7621,2025-03-21T09:00:00+00:00,2025-03-21T09:15:00+00:00,629.91,624.4842950834925,638.0485573747612,5.42570491650747,1.5,2025-03-22T09:15:00+00:00,631.58,TIME,0.30779410706969534,0.302253260218882,0.005540846850813352,96,
CRV,TREND_PULLBACK,LONG,8048,8049,2025-03-25T20:00:00+00:00,2025-03-25T20:15:00+00:00,0.505,0.49841880163995317,0.5148717975400703,0.006581198360046836,1.5,2025-03-25T20:45:00+00:00,0.49841880163995317,SL,-1.0,0.19820773828228086,-1.1982077382822809,2,
CRV,TREND_PULLBACK,LONG,8065,8066,2025-03-26T00:15:00+00:00,2025-03-26T00:30:00+00:00,0.505,0.49580586199966536,0.518791207000502,0.00919413800033464,1.5,2025-03-26T04:30:00+00:00,0.518791207000502,TP,1.5,0.14475838507668806,1.355241614923312,16,
CRV,TREND_PULLBACK,LONG,8145,8146,2025-03-26T20:15:00+00:00,2025-03-26T20:30:00+00:00,0.537,0.5221516641211421,0.5592725038182869,0.014848335878857921,1.5,2025-03-27T00:45:00+00:00,0.5592725038182869,TP,1.4999999999999962,0.09598073929570825,1.404019260704288,17,
CRV,TREND_PULLBACK,LONG,8209,8210,2025-03-27T12:15:00+00:00,2025-03-27T12:30:00+00:00,0.581,0.5668700695585264,0.6021948956622103,0.014129930441473593,1.5,2025-03-27T14:45:00+00:00,0.6021948956622103,TP,1.499999999999996,0.10885781573603141,1.3911421842639646,9,
CRV,TREND_PULLBACK,LONG,8224,8225,2025-03-27T16:00:00+00:00,2025-03-27T16:15:00+00:00,0.591,0.569082989877137,0.6238755151842944,0.021917010122862957,1.5,2025-03-28T03:30:00+00:00,0.569082989877137,SL,-1.0,0.06880992792292775,-1.0688099279229277,45,
XRP,TREND_PULLBACK,SHORT,8252,8253,2025-03-27T23:00:00+00:00,2025-03-27T23:15:00+00:00,2.3361,2.363198889073735,2.2954516663893973,0.027098889073735144,1.5,2025-03-28T04:30:00+00:00,2.2954516663893973,TP,1.5,0.22218686345123728,1.2778131365487626,21,
XRP,TREND_PULLBACK,SHORT,8306,8307,2025-03-28T12:30:00+00:00,2025-03-28T12:45:00+00:00,2.2165,2.255379803538527,2.1581802946922095,0.038879803538526936,1.5,2025-03-28T16:45:00+00:00,2.1581802946922095,TP,1.5,0.1462734856019631,1.3537265143980368,16,
FET,TREND_PULLBACK,SHORT,8339,8340,2025-03-28T20:45:00+00:00,2025-03-28T21:00:00+00:00,0.5021,0.5099098999145381,0.4903851501281929,0.007809899914538065,1.5,2025-03-28T22:45:00+00:00,0.5099098999145381,SL,-1.0,0.16845451084973528,-1.1684545108497353,7,
XRP,TREND_PULLBACK,SHORT,8339,8340,2025-03-28T20:45:00+00:00,2025-03-28T21:00:00+00:00,2.1715,2.2046369879011456,2.1217945181482816,0.03313698790114561,1.5,2025-03-28T22:45:00+00:00,2.2046369879011456,SL,-1.0,0.17168060359749265,-1.1716806035974927,7,
ADA,TREND_PULLBACK,SHORT,8357,8358,2025-03-29T01:15:00+00:00,2025-03-29T01:30:00+00:00,0.703,0.7116126030152949,0.6900810954770575,0.008612603015294984,1.5,2025-03-29T03:00:00+00:00,0.6900810954770575,TP,1.4999999999999936,0.21027387665541286,1.2897261233445807,6,
XRP,TREND_PULLBACK,SHORT,8357,8358,2025-03-29T01:15:00+00:00,2025-03-29T01:30:00+00:00,2.1965,2.2280111502723785,2.149233274591432,0.03151115027237861,1.5,2025-03-29T03:00:00+00:00,2.149233274591432,TP,1.5,0.1792842599567348,1.3207157400432652,6,
FET,TREND_PULLBACK,SHORT,8361,8362,2025-03-29T02:15:00+00:00,2025-03-29T02:30:00+00:00,0.5064,0.5134223838327601,0.4958664242508598,0.007022383832760104,1.5,2025-03-29T03:00:00+00:00,0.4958664242508598,TP,1.5,0.1855418875635573,1.3144581124364427,2,
ADA,TREND_PULLBACK,SHORT,8368,8369,2025-03-29T04:00:00+00:00,2025-03-29T04:15:00+00:00,0.6999,0.7081857276144442,0.6874714085783336,0.008285727614444238,1.5,2025-03-29T06:00:00+00:00,0.6874714085783336,TP,1.5000000000000067,0.21767343980843717,1.2823265601915694,7,
ETH,TREND_PULLBACK,SHORT,8363,8364,2025-03-29T02:45:00+00:00,2025-03-29T03:00:00+00:00,1894.58,1914.5325830931472,1864.651125360279,19.95258309314727,1.5,2025-03-29T09:30:00+00:00,1864.651125360279,TP,1.5000000000000058,0.24493071599570515,1.2550692840043007,26,
UNI,TREND_PULLBACK,SHORT,8361,8362,2025-03-29T02:15:00+00:00,2025-03-29T02:30:00+00:00,6.163,6.253395681475561,6.027406477786659,0.09039568147556043,1.5,2025-03-29T11:15:00+00:00,6.027406477786659,TP,1.5000000000000049,0.17531289285547594,1.324687107144529,35,
XRP,TREND_PULLBACK,SHORT,8419,8420,2025-03-29T16:45:00+00:00,2025-03-29T17:00:00+00:00,2.0959,2.135089650935905,2.0371155235961425,0.039189650935905096,1.5,2025-03-29T23:45:00+00:00,2.135089650935905,SL,-1.0,0.14035048577524786,-1.1403504857752478,27,
FET,TREND_PULLBACK,SHORT,8449,8450,2025-03-30T00:15:00+00:00,2025-03-30T00:30:00+00:00,0.4666,0.473532813777821,0.4562007793332685,0.006932813777821012,1.5,2025-03-30T01:00:00+00:00,0.473532813777821,SL,-1.0,0.1762881128901889,-1.176288112890189,2,
XRP,TREND_PULLBACK,SHORT,8450,8451,2025-03-30T00:30:00+00:00,2025-03-30T00:45:00+00:00,2.12,2.1494021329191213,2.0758968006213183,0.029402132919121193,1.5,2025-03-30T01:00:00+00:00,2.1494021329191213,SL,-1.0,0.18876939261727377,-1.1887693926172738,1,
BTC,TREND_PULLBACK,SHORT,8471,8472,2025-03-30T05:45:00+00:00,2025-03-30T06:00:00+00:00,82924.8,83358.64445581066,82274.03331628401,433.84445581065665,1.5,2025-03-30T08:45:00+00:00,83358.64445581066,SL,-1.0,0.4982626259188536,-1.4982626259188536,11,
LINK,TREND_PULLBACK,SHORT,8478,8479,2025-03-30T07:30:00+00:00,2025-03-30T07:45:00+00:00,13.661,13.79110918658934,13.465836220115989,0.13010918658934045,1.5,2025-03-30T09:15:00+00:00,13.79110918658934,SL,-1.0,0.27429071596002086,-1.2742907159600207,6,
FET,TREND_PULLBACK,SHORT,8471,8472,2025-03-30T05:45:00+00:00,2025-03-30T06:00:00+00:00,0.4738,0.4801399376487049,0.46429009352694267,0.006339937648704885,1.5,2025-03-30T09:30:00+00:00,0.4801399376487049,SL,-1.0,0.19560475002410266,-1.1956047500241027,14,
AVAX,TREND_PULLBACK,SHORT,8487,8488,2025-03-30T09:45:00+00:00,2025-03-30T10:00:00+00:00,19.533,19.757756014835504,19.19586597774675,0.22475601483550278,1.5,2025-03-30T11:00:00+00:00,19.19586597774675,TP,1.499999999999992,0.2240096925010872,1.2759903074989047,4,
XRP,TREND_PULLBACK,SHORT,8486,8487,2025-03-30T09:30:00+00:00,2025-03-30T09:45:00+00:00,2.1795,2.2045513229357603,2.1419230155963596,0.02505132293576029,1.5,2025-03-30T13:15:00+00:00,2.1419230155963596,TP,1.5,0.22425362264025955,1.2757463773597404,14,
SOL,TREND_PULLBACK,SHORT,8484,8485,2025-03-30T09:00:00+00:00,2025-03-30T09:15:00+00:00,125.65,126.50151444338803,124.37272833491797,0.8515144433880266,1.5,2025-03-30T13:30:00+00:00,124.37272833491797,TP,1.5,0.3817076144265478,1.1182923855734521,17,
ADA,TREND_PULLBACK,SHORT,8489,8490,2025-03-30T10:15:00+00:00,2025-03-30T10:30:00+00:00,0.6799,0.6868943228046991,0.6694085157929512,0.006994322804699138,1.5,2025-03-30T13:30:00+00:00,0.6694085157929512,TP,1.5,0.250789264309097,1.249210735690903,12,
BTC,TREND_PULLBACK,SHORT,8493,8494,2025-03-30T11:15:00+00:00,2025-03-30T11:30:00+00:00,83043.1,83481.99845527862,82384.75231708208,438.89845527861326,1.5,2025-03-30T16:30:00+00:00,82384.75231708208,TP,1.5000000000000167,0.48999080636018366,1.010009193639833,20,
DOGE,TREND_PULLBACK,SHORT,8473,8474,2025-03-30T06:15:00+00:00,2025-03-30T06:30:00+00:00,0.16992,0.17219414829888888,0.16650877755166665,0.0022741482988888895,1.5,2025-03-30T16:45:00+00:00,0.16650877755166665,TP,1.5,0.1923170142557775,1.3076829857442225,41,
FET,TREND_PULLBACK,SHORT,8514,8515,2025-03-30T16:30:00+00:00,2025-03-30T16:45:00+00:00,0.4701,0.4769371310166389,0.4598443034750417,0.006837131016638909,1.5,2025-03-30T18:45:00+00:00,0.4769371310166389,SL,-1.0,0.1800679652511406,-1.1800679652511405,8,
SOL,TREND_PULLBACK,SHORT,8514,8515,2025-03-30T16:30:00+00:00,2025-03-30T16:45:00+00:00,124.45,125.93065154218515,122.22902268672229,1.480651542185143,1.5,2025-03-30T18:45:00+00:00,125.93065154218515,SL,-1.0,0.21983217369596356,-1.2198321736959636,8,
SUI,TREND_PULLBACK,SHORT,8528,8529,2025-03-30T20:00:00+00:00,2025-03-30T20:15:00+00:00,2.3449,2.392137715447059,2.2740434268294116,0.0472377154470589,1.5,2025-03-31T00:30:00+00:00,2.2740434268294116,TP,1.5,0.12711509009380118,1.3728849099061988,17,
DOGE,TREND_PULLBACK,SHORT,8539,8540,2025-03-30T22:45:00+00:00,2025-03-30T23:00:00+00:00,0.16725,0.17016117498544642,0.1628832375218304,0.0029111749854464075,1.5,2025-03-31T00:45:00+00:00,0.1628832375218304,TP,1.5,0.14742267672809403,1.352577323271906,7,
SOL,TREND_PULLBACK,SHORT,8544,8545,2025-03-31T00:00:00+00:00,2025-03-31T00:15:00+00:00,124.55,126.42378428689823,121.73932356965265,1.8737842868982284,1.5,2025-03-31T01:30:00+00:00,126.42378428689823,SL,-1.0,0.17412138731990995,-1.17412138731991,5,
SOL,TREND_PULLBACK,SHORT,8559,8560,2025-03-31T03:45:00+00:00,2025-03-31T04:00:00+00:00,124.5,126.95946939808971,120.81079590286544,2.459469398089709,1.5,2025-03-31T07:00:00+00:00,126.95946939808971,SL,-1.0,0.13291375386553725,-1.1329137538655372,12,
ADA,TREND_PULLBACK,SHORT,8568,8569,2025-03-31T06:00:00+00:00,2025-03-31T06:15:00+00:00,0.6555,0.664394824160793,0.6421577637588105,0.008894824160793013,1.5,2025-03-31T07:45:00+00:00,0.6421577637588105,TP,1.4999999999999938,0.18965581133377393,1.31034418866622,6,
LINK,TREND_PULLBACK,SHORT,8539,8540,2025-03-30T22:45:00+00:00,2025-03-30T23:00:00+00:00,13.449,13.685391867983006,13.094412198025491,0.2363918679830057,1.5,2025-03-31T09:00:00+00:00,13.094412198025491,TP,1.5,0.14597133205916296,1.354028667940837,40,
BTC,TREND_PULLBACK,SHORT,8540,8541,2025-03-30T23:00:00+00:00,2025-03-30T23:15:00+00:00,82191.4,82886.15377783336,81149.26933324995,694.7537778333644,1.5,2025-03-31T12:45:00+00:00,82886.15377783336,SL,-1.0,0.3088875897593968,-1.3088875897593968,54,
ETH,TREND_PULLBACK,SHORT,8559,8560,2025-03-31T03:45:00+00:00,2025-03-31T04:00:00+00:00,1797.73,1828.3243929186096,1751.8384106220856,30.59439291860963,1.5,2025-03-31T12:45:00+00:00,1828.3243929186096,SL,-1.0,0.15407629506931284,-1.1540762950693129,35,
UNI,TREND_PULLBACK,SHORT,8574,8575,2025-03-31T07:30:00+00:00,2025-03-31T07:45:00+00:00,5.867,5.972770837705436,5.708343743441846,0.10577083770543627,1.5,2025-03-31T12:45:00+00:00,5.972770837705436,SL,-1.0,0.1455193361697842,-1.1455193361697842,20,
AVAX,TREND_PULLBACK,SHORT,8598,8599,2025-03-31T13:30:00+00:00,2025-03-31T13:45:00+00:00,18.476,18.873404256170506,17.879893615744237,0.3974042561705069,1.5,2025-03-31T14:00:00+00:00,18.873404256170506,SL,-1.0,0.12217842355515535,-1.1221784235551553,1,
BTC,TREND_PULLBACK,SHORT,8598,8599,2025-03-31T13:30:00+00:00,2025-03-31T13:45:00+00:00,81864.0,82742.10128590293,80546.8480711456,878.1012859029288,1.5,2025-03-31T14:00:00+00:00,82742.10128590293,SL,-1.0,0.2436939053695105,-1.2436939053695104,1,
BNB,TREND_PULLBACK,SHORT,8598,8599,2025-03-31T13:30:00+00:00,2025-03-31T13:45:00+00:00,595.11,602.4730176864931,584.0654734702604,7.3630176864930945,1.5,2025-03-31T14:15:00+00:00,602.4730176864931,SL,-1.0,0.21144291502224427,-1.2114429150222443,2,
SOL,TREND_PULLBACK,SHORT,8579,8580,2025-03-31T08:45:00+00:00,2025-03-31T09:00:00+00:00,125.33,127.37753392400712,122.25869911398931,2.0475339240071264,1.5,2025-03-31T15:00:00+00:00,127.37753392400712,SL,-1.0,0.16044656952900666,-1.1604465695290067,24,
DOGE,TREND_PULLBACK,SHORT,8572,8573,2025-03-31T07:00:00+00:00,2025-03-31T07:15:00+00:00,0.16428,0.16769358475586343,0.1591596228662049,0.0034135847558634247,1.5,2025-03-31T15:30:00+00:00,0.16769358475586343,SL,-1.0,0.1264259396053763,-1.1264259396053764,33,
ADA,TREND_PULLBACK,SHORT,8614,8615,2025-03-31T17:30:00+00:00,2025-03-31T17:45:00+00:00,0.6511,0.6669130730976536,0.6273803903535197,0.015813073097653563,1.5,2025-04-01T00:00:00+00:00,0.6669130730976536,SL,-1.0,0.10835445991084405,-1.1083544599108441,25,
FET,TREND_PULLBACK,SHORT,8614,8615,2025-03-31T17:30:00+00:00,2025-03-31T17:45:00+00:00,0.4536,0.46469540537692233,0.4369568919346165,0.01109540537692233,1.5,2025-04-01T01:00:00+00:00,0.46469540537692233,SL,-1.0,0.10759264636450208,-1.107592646364502,29,
SUI,TREND_PULLBACK,SHORT,8643,8644,2025-04-01T00:45:00+00:00,2025-04-01T01:00:00+00:00,2.2667,2.3012162092065083,2.214925686190238,0.03451620920650811,1.5,2025-04-01T02:15:00+00:00,2.3012162092065083,SL,-1.0,0.17204354732120417,-1.172043547321204,5,
AVAX,TREND_PULLBACK,SHORT,8627,8628,2025-03-31T20:45:00+00:00,2025-03-31T21:00:00+00:00,18.679,18.994756011026716,18.20536598345992,0.3157560110267177,1.5,2025-04-01T02:45:00+00:00,18.994756011026716,SL,-1.0,0.1551067314762557,-1.1551067314762558,23,
BTC,TREND_PULLBACK,SHORT,8640,8641,2025-04-01T00:00:00+00:00,2025-04-01T00:15:00+00:00,82437.9,83085.23872493835,81466.89191259246,647.3387249383522,1.5,2025-04-01T02:45:00+00:00,83085.23872493835,SL,-1.0,0.3324072422253311,-1.332407242225331,10,
ETH,TREND_PULLBACK,SHORT,8614,8615,2025-03-31T17:30:00+00:00,2025-03-31T17:45:00+00:00,1821.96,1852.473695128839,1776.1894573067416,30.51369512883889,1.5,2025-04-01T06:30:00+00:00,1852.473695128839,SL,-1.0,0.15654491478329377,-1.1565449147832938,51,
LINK,TREND_PULLBACK,SHORT,8623,8624,2025-03-31T19:45:00+00:00,2025-03-31T20:00:00+00:00,13.522,13.769116338694984,13.151325491957525,0.24711633869498328,1.5,2025-04-01T07:00:00+00:00,13.769116338694984,SL,-1.0,0.14356983203807774,-1.1435698320380778,44,
SUI,TREND_PULLBACK,SHORT,8663,8664,2025-04-01T05:45:00+00:00,2025-04-01T06:00:00+00:00,2.3245,2.37254955227235,2.2524256715914754,0.04804955227234986,1.5,2025-04-01T08:15:00+00:00,2.37254955227235,SL,-1.0,0.12708056847946636,-1.1270805684794665,9,
XRP,TREND_PULLBACK,SHORT,8664,8665,2025-04-01T06:00:00+00:00,2025-04-01T06:15:00+00:00,2.0966,2.1216442563957285,2.059033615406407,0.025044256395728492,1.5,2025-04-01T08:15:00+00:00,2.1216442563957285,SL,-1.0,0.2189610841969235,-1.2189610841969234,8,
AVAX,TREND_PULLBACK,SHORT,8694,8695,2025-04-01T13:30:00+00:00,2025-04-01T13:45:00+00:00,19.391,19.605954243205694,19.068568635191454,0.21495424320569612,1.5,2025-04-01T14:00:00+00:00,19.068568635191454,TP,1.5,0.23259573051509783,1.2674042694849021,1,
FET,TREND_PULLBACK,SHORT,8683,8684,2025-04-01T10:45:00+00:00,2025-04-01T11:00:00+00:00,0.4782,0.486992841103332,0.465010738345002,0.008792841103332005,1.5,2025-04-01T14:15:00+00:00,0.465010738345002,TP,1.5,0.13945139522467315,1.3605486047753268,13,
CRV,TREND_PULLBACK,LONG,8699,8700,2025-04-01T14:45:00+00:00,2025-04-01T15:00:00+00:00,0.534,0.5186443359855221,0.5570334960217169,0.015355664014477965,1.5,2025-04-02T05:45:00+00:00,0.5186443359855221,SL,-1.0,0.08911614864006911,-1.0891161486400691,59,
CRV,TREND_PULLBACK,LONG,8770,8771,2025-04-02T08:30:00+00:00,2025-04-02T08:45:00+00:00,0.529,0.5115950202338507,0.555107469649224,0.017404979766149298,1.5,2025-04-02T12:15:00+00:00,0.5115950202338507,SL,-1.0,0.07772336104262507,-1.0777233610426251,14,
SOL,TREND_PULLBACK,SHORT,8785,8786,2025-04-02T12:15:00+00:00,2025-04-02T12:30:00+00:00,125.11,126.66081458973638,122.78377811539544,1.550814589736376,1.5,2025-04-02T12:45:00+00:00,126.66081458973638,SL,-1.0,0.21105170220399821,-1.2110517022039982,1,
FET,TREND_PULLBACK,SHORT,8788,8789,2025-04-02T13:00:00+00:00,2025-04-02T13:15:00+00:00,0.4495,0.45567990467052305,0.4402301429942155,0.00617990467052304,1.5,2025-04-02T13:45:00+00:00,0.45567990467052305,SL,-1.0,0.19041294952080326,-1.1904129495208033,2,
LINK,TREND_PULLBACK,SHORT,8788,8789,2025-04-02T13:00:00+00:00,2025-04-02T13:15:00+00:00,13.46,13.642809262569425,13.185786106145864,0.18280926256942465,1.5,2025-04-02T13:45:00+00:00,13.642809262569425,SL,-1.0,0.1927345012288955,-1.1927345012288955,2,
XRP,TREND_PULLBACK,SHORT,8788,8789,2025-04-02T13:00:00+00:00,2025-04-02T13:15:00+00:00,2.1122,2.1386185976070116,2.072572103589483,0.026418597607011485,1.5,2025-04-02T13:45:00+00:00,2.1386185976070116,SL,-1.0,0.20917325965184844,-1.2091732596518485,2,
AVAX,TREND_PULLBACK,SHORT,8791,8792,2025-04-02T13:45:00+00:00,2025-04-02T14:00:00+00:00,19.151,19.53538261469918,18.57442607795123,0.3843826146991809,1.5,2025-04-02T15:00:00+00:00,19.53538261469918,SL,-1.0,0.13083915732887103,-1.130839157328871,4,
FET,TREND_PULLBACK,SHORT,8817,8818,2025-04-02T20:15:00+00:00,2025-04-02T20:30:00+00:00,0.462,0.4766811900902953,0.4399782148645571,0.014681190090295282,1.5,2025-04-02T22:00:00+00:00,0.4399782148645571,TP,1.499999999999998,0.07986898011074936,1.4201310198892487,6,
AVAX,TREND_PULLBACK,SHORT,8857,8858,2025-04-03T06:15:00+00:00,2025-04-03T06:30:00+00:00,18.589,18.957738529725766,18.035892205411347,0.3687385297257677,1.5,2025-04-03T10:30:00+00:00,18.035892205411347,TP,1.5,0.12912228050169927,1.3708777194983006,16,
UNI,TREND_PULLBACK,SHORT,8860,8861,2025-04-03T07:00:00+00:00,2025-04-03T07:15:00+00:00,5.971,6.066703429840542,5.827444855239187,0.09570342984054214,1.5,2025-04-03T12:00:00+00:00,5.827444855239187,TP,1.5,0.1602657118701657,1.3397342881298342,19,
BTC,TREND_PULLBACK,SHORT,8871,8872,2025-04-03T09:45:00+00:00,2025-04-03T10:00:00+00:00,83440.4,83939.85900642036,82691.21149036945,499.45900642036577,1.5,2025-04-03T12:15:00+00:00,82691.21149036945,TP,1.5,0.43241005199876176,1.0675899480012383,9,
ADA,TREND_PULLBACK,SHORT,8856,8857,2025-04-03T06:00:00+00:00,2025-04-03T06:15:00+00:00,0.6495,0.6591095049884309,0.6350857425173535,0.00960950498843094,1.5,2025-04-03T12:30:00+00:00,0.6350857425173535,TP,1.5000000000000058,0.17378225697193114,1.3262177430280746,25,
ETH,TREND_PULLBACK,SHORT,8859,8860,2025-04-03T06:45:00+00:00,2025-04-03T07:00:00+00:00,1816.62,1841.952912165236,1778.6206317521455,25.332912165236166,1.5,2025-04-03T12:30:00+00:00,1778.6206317521455,TP,1.5000000000000044,0.18449567861730345,1.315504321382701,22,
SUI,TREND_PULLBACK,SHORT,8917,8918,2025-04-03T21:15:00+00:00,2025-04-03T21:30:00+00:00,2.2254,2.254340749388352,2.1819888759174724,0.028940749388351783,1.5,2025-04-03T21:45:00+00:00,2.254340749388352,SL,-1.0,0.20122709664694427,-1.2012270966469443,1,
SUI,TREND_PULLBACK,SHORT,8930,8931,2025-04-04T00:30:00+00:00,2025-04-04T00:45:00+00:00,2.2383,2.283969065825148,2.1697964012622784,0.04566906582514774,1.5,2025-04-04T03:30:00+00:00,2.1697964012622784,TP,1.5000000000000049,0.12547936372469962,1.3745206362753053,11,
BNB,TREND_PULLBACK,SHORT,8935,8936,2025-04-04T01:45:00+00:00,2025-04-04T02:00:00+00:00,589.26,594.0564490478422,582.0653264282366,4.796449047842202,1.5,2025-04-04T05:15:00+00:00,594.0564490478422,SL,-1.0,0.32071880018286464,-1.3207188001828647,13,
AVAX,TREND_PULLBACK,SHORT,8888,8889,2025-04-03T14:00:00+00:00,2025-04-03T14:15:00+00:00,17.918,18.303907213439707,17.339139179840437,0.38590721343970813,1.5,2025-04-04T05:30:00+00:00,18.303907213439707,SL,-1.0,0.12202021039658137,-1.1220202103965813,61,
ADA,TREND_PULLBACK,SHORT,8935,8936,2025-04-04T01:45:00+00:00,2025-04-04T02:00:00+00:00,0.6436,0.6535313113843509,0.6287030329234735,0.009931311384350994,1.5,2025-04-04T05:30:00+00:00,0.6535313113843509,SL,-1.0,0.16979335754759978,-1.1697933575475998,14,
LINK,TREND_PULLBACK,SHORT,8942,8943,2025-04-04T03:30:00+00:00,2025-04-04T03:45:00+00:00,12.692,12.904738649511305,12.372892025733043,0.21273864951130506,1.5,2025-04-04T06:15:00+00:00,12.904738649511305,SL,-1.0,0.15641614873839088,-1.1564161487383908,10,
SOL,TREND_PULLBACK,SHORT,8931,8932,2025-04-04T00:45:00+00:00,2025-04-04T01:00:00+00:00,115.94,117.76588725638219,113.20116911542672,1.8258872563821882,1.5,2025-04-04T07:45:00+00:00,117.76588725638219,SL,-1.0,0.16639453086237152,-1.1663945308623715,27,
BNB,TREND_PULLBACK,SHORT,8968,8969,2025-04-04T10:00:00+00:00,2025-04-04T10:15:00+00:00,596.1,600.2823328809282,589.8265006786078,4.182332880928129,1.5,2025-04-04T10:45:00+00:00,589.8265006786078,TP,1.5000000000000135,0.3686230854345721,1.1313769145654415,2,
BTC,TREND_PULLBACK,SHORT,8968,8969,2025-04-04T10:00:00+00:00,2025-04-04T10:15:00+00:00,83644.5,84453.27593414845,82431.33609877733,808.7759341484489,1.5,2025-04-04T10:45:00+00:00,82431.33609877733,TP,1.499999999999991,0.2669448704055812,1.2330551295944097,2,
ADA,TREND_PULLBACK,SHORT,8968,8969,2025-04-04T10:00:00+00:00,2025-04-04T10:15:00+00:00,0.6532,0.6627691841360711,0.6388462237958934,0.009569184136071107,1.5,2025-04-04T11:00:00+00:00,0.6388462237958934,TP,1.4999999999999942,0.17552803531109523,1.324471964688899,3,
ETH,TREND_PULLBACK,SHORT,8968,8969,2025-04-04T10:00:00+00:00,2025-04-04T10:15:00+00:00,1812.69,1834.9184732060824,1779.3472901908767,22.2284732060823,1.5,2025-04-04T11:00:00+00:00,1779.3472901908767,TP,1.499999999999995,0.2100750885567075,1.2899249114432874,3,
DOGE,TREND_PULLBACK,SHORT,8968,8969,2025-04-04T10:00:00+00:00,2025-04-04T10:15:00+00:00,0.16545,0.1678918319022252,0.16178725214666223,0.002441831902225189,1.5,2025-04-04T11:15:00+00:00,0.16178725214666223,TP,1.5,0.1742169177997041,1.3257830822002958,4,
XRP,TREND_PULLBACK,SHORT,8982,8983,2025-04-04T13:30:00+00:00,2025-04-04T13:45:00+00:00,2.0464,2.092023102760452,1.9779653458593227,0.04562310276045167,1.5,2025-04-04T13:45:00+00:00,2.092023102760452,SL,-1.0,0.11792161663875678,-1.1179216166387569,0,True
SUI,TREND_PULLBACK,SHORT,8982,8983,2025-04-04T13:30:00+00:00,2025-04-04T13:45:00+00:00,2.1833,2.2441529996602774,2.0920205005095838,0.06085299966027735,1.5,2025-04-04T14:00:00+00:00,2.2441529996602774,SL,-1.0,0.09458348695529412,-1.0945834869552942,1,
AVAX,TREND_PULLBACK,SHORT,8980,8981,2025-04-04T13:00:00+00:00,2025-04-04T13:15:00+00:00,18.013,18.367123182234756,17.481815226647868,0.3541231822347548,1.5,2025-04-04T15:00:00+00:00,18.367123182234756,SL,-1.0,0.13355284971304987,-1.1335528497130498,7,
FET,TREND_PULLBACK,SHORT,8981,8982,2025-04-04T13:15:00+00:00,2025-04-04T13:30:00+00:00,0.4289,0.4386842123264417,0.4142236815103374,0.009784212326441721,1.5,2025-04-04T15:00:00+00:00,0.4386842123264417,SL,-1.0,0.1152734056042863,-1.1152734056042863,6,
ETH,TREND_PULLBACK,SHORT,8982,8983,2025-04-04T13:30:00+00:00,2025-04-04T13:45:00+00:00,1776.34,1810.1662878080683,1725.6005682878972,33.8262878080684,1.5,2025-04-04T15:00:00+00:00,1810.1662878080683,SL,-1.0,0.13783534866744607,-1.137835348667446,5,
BTC,TREND_PULLBACK,SHORT,8990,8991,2025-04-04T15:30:00+00:00,2025-04-04T15:45:00+00:00,82842.5,84123.1733804216,80921.48992936758,1280.6733804216055,1.5,2025-04-04T17:30:00+00:00,84123.1733804216,SL,-1.0,0.16948534943631927,-1.1694853494363193,7,
ETH,TREND_PULLBACK,SHORT,9032,9033,2025-04-05T02:00:00+00:00,2025-04-05T02:15:00+00:00,1816.23,1831.121948296795,1793.8920775548077,14.891948296794908,1.5,2025-04-05T12:30:00+00:00,1793.8920775548077,TP,1.5,0.3151473942352678,1.1848526057647322,41,
FET,TREND_PULLBACK,SHORT,9019,9020,2025-04-04T22:45:00+00:00,2025-04-04T23:00:00+00:00,0.4433,0.44972679293874357,0.43365981059188474,0.006426792938743542,1.5,2025-04-05T13:15:00+00:00,0.43365981059188474,TP,1.4999999999999958,0.17738983730076935,1.3226101626992264,57,
LINK,TREND_PULLBACK,SHORT,9024,9025,2025-04-05T00:00:00+00:00,2025-04-05T00:15:00+00:00,12.913,13.0821359547142,12.6592960679287,0.16913595471419995,1.5,2025-04-05T13:30:00+00:00,12.6592960679287,TP,1.5,0.19655185051860702,1.303448149481393,53,
SUI,TREND_PULLBACK,SHORT,9020,9021,2025-04-04T23:00:00+00:00,2025-04-04T23:15:00+00:00,2.2579,2.305583959233261,2.186374061150108,0.04768395923326141,1.5,2025-04-05T15:00:00+00:00,2.186374061150108,TP,1.4999999999999953,0.12116351855835558,1.3788364814416398,63,
AVAX,TREND_PULLBACK,SHORT,8991,8992,2025-04-04T15:45:00+00:00,2025-04-04T16:00:00+00:00,17.994,18.538600015052186,17.17709997742172,0.5446000150521861,1.5,2025-04-05T16:00:00+00:00,17.87,TIME,0.22769004144833987,0.08560998661656731,0.14208005483177255,96,
FET,TREND_PULLBACK,SHORT,9101,9102,2025-04-05T19:15:00+00:00,2025-04-05T19:30:00+00:00,0.431,0.4340422192996825,0.4264366710504762,0.0030422192996825137,1.5,2025-04-05T22:15:00+00:00,0.4264366710504762,TP,1.5,0.36639951382924496,1.1336004861707552,11,
SUI,TREND_PULLBACK,SHORT,9110,9111,2025-04-05T21:30:00+00:00,2025-04-05T21:45:00+00:00,2.1992,2.222247766513122,2.1646283502303163,0.023047766513122347,1.5,2025-04-06T01:15:00+00:00,2.222247766513122,SL,-1.0,0.2493899828946322,-1.2493899828946322,14,
AVAX,TREND_PULLBACK,SHORT,9120,9121,2025-04-06T00:00:00+00:00,2025-04-06T00:15:00+00:00,17.787,17.971587081427646,17.51011937785853,0.18458708142764735,1.5,2025-04-06T02:00:00+00:00,17.51011937785853,TP,1.4999999999999905,0.24858865981475597,1.2514113401852345,7,
SUI,TREND_PULLBACK,SHORT,9128,9129,2025-04-06T02:00:00+00:00,2025-04-06T02:15:00+00:00,2.1964,2.2263933567720136,2.1514099648419798,0.029993356772013424,1.5,2025-04-06T06:45:00+00:00,2.1514099648419798,TP,1.5000000000000073,0.18844682831794793,1.3115531716820594,18,
FET,TREND_PULLBACK,SHORT,9120,9121,2025-04-06T00:00:00+00:00,2025-04-06T00:15:00+00:00,0.4295,0.4350206283189699,0.4212190575215451,0.0055206283189699334,1.5,2025-04-06T07:00:00+00:00,0.4212190575215451,TP,1.5,0.2003277001963355,1.2996722998036645,27,
BNB,TREND_PULLBACK,SHORT,9127,9128,2025-04-06T01:45:00+00:00,2025-04-06T02:00:00+00:00,591.67,594.2513598471398,587.7979602292901,2.581359847139879,1.5,2025-04-06T08:15:00+00:00,587.7979602292901,TP,1.500000000000022,0.5939924842315057,0.9060075157685162,25,
ADA,TREND_PULLBACK,SHORT,9145,9146,2025-04-06T06:15:00+00:00,2025-04-06T06:30:00+00:00,0.6444,0.6500526830381831,0.6359209754427253,0.005652683038183115,1.5,2025-04-06T08:15:00+00:00,0.6359209754427253,TP,1.5,0.29444730172072764,1.2055526982792724,7,
ETH,TREND_PULLBACK,SHORT,9146,9147,2025-04-06T06:30:00+00:00,2025-04-06T06:45:00+00:00,1804.11,1815.761236838613,1786.6331447420803,11.651236838613158,1.5,2025-04-06T08:15:00+00:00,1786.6331447420803,TP,1.4999999999999902,0.4006412497508145,1.0993587502491757,6,
SOL,TREND_PULLBACK,SHORT,9129,9130,2025-04-06T02:15:00+00:00,2025-04-06T02:30:00+00:00,119.83,121.18779793828907,117.79330309256639,1.3577979382890675,1.5,2025-04-06T12:15:00+00:00,117.79330309256639,TP,1.5000000000000053,0.2275082950925582,1.2724917049074471,39,
AVAX,TREND_PULLBACK,SHORT,9156,9157,2025-04-06T09:00:00+00:00,2025-04-06T09:15:00+00:00,17.268,17.40050235560934,17.06924646658599,0.13250235560933987,1.5,2025-04-06T12:30:00+00:00,17.06924646658599,TP,1.5,0.3368877496651487,1.1631122503348514,13,
ADA,TREND_PULLBACK,SHORT,9180,9181,2025-04-06T15:00:00+00:00,2025-04-06T15:15:00+00:00,0.6271,0.6346129430776317,0.6158305853835524,0.0075129430776317285,1.5,2025-04-06T17:30:00+00:00,0.6158305853835524,TP,1.5,0.21507014552118273,1.2849298544788172,9,
AVAX,TREND_PULLBACK,SHORT,9187,9188,2025-04-06T16:45:00+00:00,2025-04-06T17:00:00+00:00,17.115,17.37011279734159,16.732330803987608,0.2551127973415923,1.5,2025-04-06T17:30:00+00:00,16.732330803987608,TP,1.5000000000000069,0.17247872511180407,1.3275212748882028,2,
ADA,TREND_PULLBACK,SHORT,9266,9267,2025-04-07T12:30:00+00:00,2025-04-07T12:45:00+00:00,0.5444,0.5655644976871644,0.5126532534692534,0.02116449768716444,1.5,2025-04-07T13:45:00+00:00,0.5655644976871644,SL,-1.0,0.06817803419300696,-1.068178034193007,4,
AVAX,TREND_PULLBACK,SHORT,9270,9271,2025-04-07T13:30:00+00:00,2025-04-07T13:45:00+00:00,15.471,16.111182588669894,14.510726116995158,0.6401825886698944,1.5,2025-04-07T13:45:00+00:00,16.111182588669894,SL,-1.0,0.06413301156873781,-1.0641330115687377,0,True
BNB,TREND_PULLBACK,SHORT,9270,9271,2025-04-07T13:30:00+00:00,2025-04-07T13:45:00+00:00,541.39,554.7946473909788,521.2830289135318,13.404647390978766,1.5,2025-04-07T13:45:00+00:00,554.7946473909788,SL,-1.0,0.10630940151154697,-1.1063094015115469,0,True
CRV,TREND_PULLBACK,SHORT,9270,9271,2025-04-07T13:30:00+00:00,2025-04-07T13:45:00+00:00,0.432,0.44755595950481547,0.4086660607427768,0.015555959504815475,1.5,2025-04-07T13:45:00+00:00,0.44755595950481547,SL,-1.0,0.0735038392843787,-1.0735038392843788,0,True
DOGE,TREND_PULLBACK,SHORT,9270,9271,2025-04-07T13:30:00+00:00,2025-04-07T13:45:00+00:00,0.13831,0.14424009738754515,0.12941485391868224,0.005930097387545158,1.5,2025-04-07T13:45:00+00:00,0.14424009738754515,SL,-1.0,0.061940825352256756,-1.0619408253522566,0,True
ETH,TREND_PULLBACK,SHORT,9270,9271,2025-04-07T13:30:00+00:00,2025-04-07T13:45:00+00:00,1493.53,1540.481696008992,1423.1024559865118,46.95169600899203,1.5,2025-04-07T13:45:00+00:00,1540.481696008992,SL,-1.0,0.08400580895003891,-1.0840058089500388,0,True
FET,TREND_PULLBACK,SHORT,9270,9271,2025-04-07T13:30:00+00:00,2025-04-07T13:45:00+00:00,0.3686,0.38355664241408216,0.34616503637887674,0.014956642414082177,1.5,2025-04-07T13:45:00+00:00,0.38355664241408216,SL,-1.0,0.06537587836008382,-1.0653758783600837,0,True
LINK,TREND_PULLBACK,SHORT,9270,9271,2025-04-07T13:30:00+00:00,2025-04-07T13:45:00+00:00,10.726,11.145015561542174,10.097476657686741,0.4190155615421727,1.5,2025-04-07T13:45:00+00:00,11.145015561542174,SL,-1.0,0.06785504606406652,-1.0678550460640666,0,True
SOL,TREND_PULLBACK,SHORT,9270,9271,2025-04-07T13:30:00+00:00,2025-04-07T13:45:00+00:00,101.16,104.71885416126652,95.82171875810022,3.558854161266524,1.5,2025-04-07T13:45:00+00:00,104.71885416126652,SL,-1.0,0.0752046861943896,-1.0752046861943896,0,True
SUI,TREND_PULLBACK,SHORT,9270,9271,2025-04-07T13:30:00+00:00,2025-04-07T13:45:00+00:00,1.83,1.9077746155690494,1.7133380766464261,0.0777746155690493,1.5,2025-04-07T13:45:00+00:00,1.9077746155690494,SL,-1.0,0.06247677297647054,-1.0624767729764706,0,True
UNI,TREND_PULLBACK,SHORT,9270,9271,2025-04-07T13:30:00+00:00,2025-04-07T13:45:00+00:00,4.904,5.0770787621328495,4.644381856800726,0.17307876213284956,1.5,2025-04-07T13:45:00+00:00,5.0770787621328495,SL,-1.0,0.07496819500484532,-1.0749681950048453,0,True
XRP,TREND_PULLBACK,SHORT,9270,9271,2025-04-07T13:30:00+00:00,2025-04-07T13:45:00+00:00,1.7564,1.8348112607391882,1.6387831088912175,0.07841126073918825,1.5,2025-04-07T13:45:00+00:00,1.8348112607391882,SL,-1.0,0.05953959412143072,-1.0595395941214307,0,True
BNB,TREND_PULLBACK,SHORT,9310,9311,2025-04-07T23:30:00+00:00,2025-04-07T23:45:00+00:00,555.19,561.2449250140613,546.1076124789081,6.0549250140612685,1.5,2025-04-08T01:30:00+00:00,561.2449250140613,SL,-1.0,0.23969997962778963,-1.2396999796277897,7,
SOL,TREND_PULLBACK,SHORT,9310,9311,2025-04-07T23:30:00+00:00,2025-04-07T23:45:00+00:00,106.83,109.71370080865796,102.50444878701305,2.883700808657963,1.5,2025-04-08T01:30:00+00:00,109.71370080865796,SL,-1.0,0.09761997853801793,-1.0976199785380178,7,
UNI,TREND_PULLBACK,SHORT,9310,9311,2025-04-07T23:30:00+00:00,2025-04-07T23:45:00+00:00,5.118,5.234486397428861,4.94327040385671,0.11648639742886058,1.5,2025-04-08T01:30:00+00:00,5.234486397428861,SL,-1.0,0.11553479731293603,-1.115534797312936,7,
BTC,TREND_PULLBACK,SHORT,9311,9312,2025-04-07T23:45:00+00:00,2025-04-08T00:00:00+00:00,79140.1,80462.23877750407,77156.89183374391,1322.138777504064,1.5,2025-04-08T01:30:00+00:00,80462.23877750407,SL,-1.0,0.1569298502857939,-1.1569298502857939,6,
ETH,TREND_PULLBACK,SHORT,9310,9311,2025-04-07T23:30:00+00:00,2025-04-07T23:45:00+00:00,1556.3,1592.33816670001,1502.2427499499847,36.03816670001015,1.5,2025-04-08T01:45:00+00:00,1592.33816670001,SL,-1.0,0.11358040631708549,-1.1135804063170855,8,
ADA,TREND_PULLBACK,SHORT,9332,9333,2025-04-08T05:00:00+00:00,2025-04-08T05:15:00+00:00,0.5934,0.6031281299705255,0.5788078050442119,0.009728129970525412,1.5,2025-04-08T08:15:00+00:00,0.5788078050442119,TP,1.5,0.15664574293050612,1.3433542570694939,12,
DOGE,TREND_PULLBACK,SHORT,9344,9345,2025-04-08T08:00:00+00:00,2025-04-08T08:15:00+00:00,0.14977,0.15167486193179522,0.14691270710230714,0.001904861931795232,1.5,2025-04-08T08:45:00+00:00,0.15167486193179522,SL,-1.0,0.20572531476966896,-1.205725314769669,2,
FET,TREND_PULLBACK,SHORT,9355,9356,2025-04-08T10:45:00+00:00,2025-04-08T11:00:00+00:00,0.391,0.3950310880565926,0.38495336791511114,0.00403108805659258,1.5,2025-04-08T11:30:00+00:00,0.3950310880565926,SL,-1.0,0.2534899759389819,-1.253489975938982,2,
ETH,TREND_PULLBACK,SHORT,9362,9363,2025-04-08T12:30:00+00:00,2025-04-08T12:45:00+00:00,1568.62,1593.0813427375274,1531.9279858937086,24.461342737527502,1.5,2025-04-08T14:45:00+00:00,1531.9279858937086,TP,1.5,0.1647788686382323,1.3352211313617677,8,
UNI,TREND_PULLBACK,SHORT,9333,9334,2025-04-08T05:15:00+00:00,2025-04-08T05:30:00+00:00,5.188,5.273051448217397,5.060422827673904,0.08505144821739741,1.5,2025-04-08T15:15:00+00:00,5.060422827673904,TP,1.5,0.15664577094468385,1.3433542290553162,39,
BTC,TREND_PULLBACK,SHORT,9336,9337,2025-04-08T06:00:00+00:00,2025-04-08T06:15:00+00:00,79454.5,80427.1231451588,77995.56528226181,972.6231451587955,1.5,2025-04-08T16:15:00+00:00,77995.56528226181,TP,1.4999999999999925,0.21044644668981471,1.2895535533101778,40,
SUI,TREND_PULLBACK,SHORT,9333,9334,2025-04-08T05:15:00+00:00,2025-04-08T05:30:00+00:00,2.0561,2.109793189107992,1.9755602163380113,0.05369318910799237,1.5,2025-04-08T16:30:00+00:00,1.9755602163380113,TP,1.5,0.09761309336083475,1.4023869066391652,44,
BNB,TREND_PULLBACK,SHORT,9336,9337,2025-04-08T06:00:00+00:00,2025-04-08T06:15:00+00:00,560.95,566.8181639422912,552.1477540865633,5.868163942291176,1.5,2025-04-08T16:45:00+00:00,552.1477540865633,TP,1.5,0.2465894093183008,1.2534105906816992,42,
DOGE,TREND_PULLBACK,SHORT,9370,9371,2025-04-08T14:30:00+00:00,2025-04-08T14:45:00+00:00,0.15185,0.1558351591189642,0.14587226132155373,0.003985159118964188,1.5,2025-04-08T16:45:00+00:00,0.14587226132155373,TP,1.5,0.09712007178740156,1.4028799282125983,8,
FET,TREND_PULLBACK,SHORT,9401,9402,2025-04-08T22:15:00+00:00,2025-04-08T22:30:00+00:00,0.38,0.38579851725155717,0.3713022241226642,0.005798517251557167,1.5,2025-04-09T01:00:00+00:00,0.3713022241226642,TP,1.5000000000000049,0.16843838674398642,1.3315616132560184,10,
DOGE,TREND_PULLBACK,SHORT,9410,9411,2025-04-09T00:30:00+00:00,2025-04-09T00:45:00+00:00,0.14216,0.14455045482461007,0.13857431776308493,0.002390454824610061,1.5,2025-04-09T01:00:00+00:00,0.13857431776308493,TP,1.4999999999999942,0.1526716210382863,1.3473283789617079,1,
SOL,TREND_PULLBACK,SHORT,9404,9405,2025-04-08T23:00:00+00:00,2025-04-08T23:15:00+00:00,104.95,107.08022971863178,101.75465542205234,2.1302297186317816,1.5,2025-04-09T01:15:00+00:00,101.75465542205234,TP,1.4999999999999967,0.1261441663771646,1.3738558336228321,8,
BNB,TREND_PULLBACK,SHORT,9409,9410,2025-04-09T00:15:00+00:00,2025-04-09T00:30:00+00:00,552.06,559.3519215349166,541.1221176976248,7.291921534916696,1.5,2025-04-09T01:15:00+00:00,541.1221176976248,TP,1.5000000000000078,0.1948919425698603,1.3051080574301475,3,
ADA,TREND_PULLBACK,SHORT,9410,9411,2025-04-09T00:30:00+00:00,2025-04-09T00:45:00+00:00,0.5579,0.5686004311015161,0.5418493533477257,0.010700431101516195,1.5,2025-04-09T01:15:00+00:00,0.5418493533477257,TP,1.5,0.1336090243270167,1.3663909756729833,2,
ADA,TREND_PULLBACK,SHORT,9423,9424,2025-04-09T03:45:00+00:00,2025-04-09T04:00:00+00:00,0.5481,0.5655159620266186,0.5219760569600722,0.017415962026618548,1.5,2025-04-09T05:00:00+00:00,0.5655159620266186,SL,-1.0,0.08312493725135246,-1.0831249372513525,4,
LINK,TREND_PULLBACK,SHORT,9418,9419,2025-04-09T02:30:00+00:00,2025-04-09T02:45:00+00:00,10.796,11.100251802406069,10.339622296390896,0.3042518024060694,1.5,2025-04-09T06:00:00+00:00,11.100251802406069,SL,-1.0,0.09355779363678818,-1.0935577936367882,13,
SUI,TREND_PULLBACK,SHORT,9420,9421,2025-04-09T03:00:00+00:00,2025-04-09T03:15:00+00:00,1.9029,1.9690759174225905,1.8036361238661143,0.06617591742259044,1.5,2025-04-09T07:00:00+00:00,1.9690759174225905,SL,-1.0,0.07606345161043526,-1.0760634516104353,15,
XRP,TREND_PULLBACK,SHORT,9452,9453,2025-04-09T11:00:00+00:00,2025-04-09T11:15:00+00:00,1.8019,1.848625271025819,1.7318120934612715,0.046725271025819026,1.5,2025-04-09T13:30:00+00:00,1.848625271025819,SL,-1.0,0.10156565704479785,-1.1015656570447978,9,
ETH,TREND_PULLBACK,SHORT,9452,9453,2025-04-09T11:00:00+00:00,2025-04-09T11:15:00+00:00,1460.32,1497.7269534016384,1404.2095698975422,37.406953401638475,1.5,2025-04-09T13:45:00+00:00,1497.7269534016384,SL,-1.0,0.10280070119941107,-1.102800701199411,10,
LINK,TREND_PULLBACK,SHORT,9460,9461,2025-04-09T13:00:00+00:00,2025-04-09T13:15:00+00:00,11.203,11.512346579402772,10.73898013089584,0.30934657940277255,1.5,2025-04-09T16:45:00+00:00,11.512346579402772,SL,-1.0,0.09545911453177987,-1.0954591145317798,14,
BTC,TREND_PULLBACK,SHORT,9467,9468,2025-04-09T14:45:00+00:00,2025-04-09T15:00:00+00:00,76841.7,78341.6541289466,74591.7688065801,1499.9541289465997,1.5,2025-04-09T17:00:00+00:00,78341.6541289466,SL,-1.0,0.1344963532380214,-1.1344963532380214,8,
SUI,TREND_PULLBACK,SHORT,9452,9453,2025-04-09T11:00:00+00:00,2025-04-09T11:15:00+00:00,1.9533,2.0179807595696033,1.856278860645595,0.06468075956960329,1.5,2025-04-09T17:15:00+00:00,2.0179807595696033,SL,-1.0,0.07981763080387012,-1.07981763080387,24,
UNI,TREND_PULLBACK,SHORT,9596,9597,2025-04-10T23:00:00+00:00,2025-04-10T23:15:00+00:00,5.008,5.069658228510557,4.915512657234165,0.06165822851055669,1.5,2025-04-11T01:30:00+00:00,5.069658228510557,SL,-1.0,0.21247700450590584,-1.212477004505906,9,
ETH,TREND_PULLBACK,SHORT,9597,9598,2025-04-10T23:15:00+00:00,2025-04-10T23:30:00+00:00,1516.79,1539.0492829834177,1483.4010755248732,22.259282983417734,1.5,2025-04-11T01:30:00+00:00,1539.0492829834177,SL,-1.0,0.1784689592579358,-1.1784689592579358,8,
CRV,TREND_PULLBACK,LONG,9632,9633,2025-04-11T08:00:00+00:00,2025-04-11T08:15:00+00:00,0.596,0.5830341229615343,0.6154488155576985,0.012965877038465634,1.5,2025-04-11T09:30:00+00:00,0.6154488155576985,TP,1.5000000000000042,0.12146370473457596,1.3785362952654283,5,
CRV,TREND_PULLBACK,LONG,9654,9655,2025-04-11T13:30:00+00:00,2025-04-11T13:45:00+00:00,0.617,0.5972165096112424,0.6466752355831364,0.019783490388757596,1.5,2025-04-12T01:30:00+00:00,0.5972165096112424,SL,-1.0,0.07978781456034785,-1.079787814560348,47,
CRV,TREND_PULLBACK,LONG,9712,9713,2025-04-12T04:00:00+00:00,2025-04-12T04:15:00+00:00,0.602,0.588516900938992,0.6222246485915119,0.013483099061007975,1.5,2025-04-12T14:15:00+00:00,0.6222246485915119,TP,1.5,0.11803607137853278,1.381963928621467,40,
CRV,TREND_PULLBACK,LONG,9796,9797,2025-04-13T01:00:00+00:00,2025-04-13T01:15:00+00:00,0.625,0.6100503454018968,0.6474244818971547,0.014949654598103157,1.5,2025-04-13T07:30:00+00:00,0.6100503454018968,SL,-1.0,0.10739816351517467,-1.1073981635151746,25,
CRV,TREND_PULLBACK,LONG,9832,9833,2025-04-13T10:00:00+00:00,2025-04-13T10:15:00+00:00,0.625,0.6088145337145665,0.6492781994281502,0.016185466285433492,1.5,2025-04-13T12:30:00+00:00,0.6088145337145665,SL,-1.0,0.0990987139661499,-1.0990987139661499,9,
CRV,TREND_PULLBACK,LONG,9862,9863,2025-04-13T17:30:00+00:00,2025-04-13T17:45:00+00:00,0.61,0.6010547907303886,0.6234178139044171,0.008945209269611398,1.5,2025-04-13T20:30:00+00:00,0.6010547907303886,SL,-1.0,0.176001609408731,-1.1760016094087309,11,
CRV,TREND_PULLBACK,LONG,9929,9930,2025-04-14T10:15:00+00:00,2025-04-14T10:30:00+00:00,0.614,0.59232957045751,0.6465056443137349,0.02167042954248999,1.5,2025-04-14T16:15:00+00:00,0.59232957045751,SL,-1.0,0.07236720612851172,-1.0723672061285117,23,
CRV,TREND_PULLBACK,LONG,10114,10115,2025-04-16T08:30:00+00:00,2025-04-16T08:45:00+00:00,0.603,0.5846695202377096,0.6304957196434355,0.018330479762290408,1.5,2025-04-16T13:30:00+00:00,0.6304957196434355,TP,1.499999999999997,0.08747967627313764,1.4125203237268593,19,
ADA,TREND_PULLBACK,SHORT,10135,10136,2025-04-16T13:45:00+00:00,2025-04-16T14:00:00+00:00,0.602,0.6105618403205918,0.5891572395191123,0.008561840320591818,1.5,2025-04-16T14:30:00+00:00,0.6105618403205918,SL,-1.0,0.18411116458521024,-1.1841111645852103,2,
DOGE,TREND_PULLBACK,SHORT,10135,10136,2025-04-16T13:45:00+00:00,2025-04-16T14:00:00+00:00,0.15235,0.1545375628576636,0.14906865571350464,0.002187562857663583,1.5,2025-04-16T14:30:00+00:00,0.1545375628576636,SL,-1.0,0.1823736540037362,-1.1823736540037362,2,
ADA,TREND_PULLBACK,SHORT,10145,10146,2025-04-16T16:15:00+00:00,2025-04-16T16:30:00+00:00,0.6071,0.6174431288899577,0.5915853066650634,0.010343128889957698,1.5,2025-04-16T17:30:00+00:00,0.6174431288899577,SL,-1.0,0.15390952626555304,-1.153909526265553,4,
DOGE,TREND_PULLBACK,SHORT,10150,10151,2025-04-16T17:30:00+00:00,2025-04-16T17:45:00+00:00,0.15333,0.15655263795292573,0.14849604307061137,0.0032226379529257387,1.5,2025-04-16T20:15:00+00:00,0.15655263795292573,SL,-1.0,0.125005487809473,-1.125005487809473,10,
ADA,TREND_PULLBACK,SHORT,10154,10155,2025-04-16T18:30:00+00:00,2025-04-16T18:45:00+00:00,0.6037,0.6199768422768804,0.5792847365846794,0.01627684227688042,1.5,2025-04-16T20:15:00+00:00,0.6199768422768804,SL,-1.0,0.0977327093240612,-1.0977327093240612,6,
CRV,TREND_PULLBACK,LONG,10152,10153,2025-04-16T18:00:00+00:00,2025-04-16T18:15:00+00:00,0.635,0.6044038306928299,0.6808942539607552,0.03059616930717013,1.5,2025-04-17T08:45:00+00:00,0.6044038306928299,SL,-1.0,0.05266100353036982,-1.0526610035303698,58,
CRV,TREND_PULLBACK,LONG,10226,10227,2025-04-17T12:30:00+00:00,2025-04-17T12:45:00+00:00,0.607,0.5955988500393143,0.6241017249410284,0.011401149960685641,1.5,2025-04-17T14:30:00+00:00,0.5955988500393143,SL,-1.0,0.13712463308017836,-1.1371246330801783,7,
CRV,TREND_PULLBACK,LONG,10503,10504,2025-04-20T09:45:00+00:00,2025-04-20T10:00:00+00:00,0.609,0.5973314181717471,0.6265028727423794,0.011668581828252922,1.5,2025-04-20T15:15:00+00:00,0.5973314181717471,SL,-1.0,0.13439772430837676,-1.1343977243083767,21,
SOL,TREND_PULLBACK,LONG,10543,10544,2025-04-20T19:45:00+00:00,2025-04-20T20:00:00+00:00,137.08,135.75565072914233,139.06652390628653,1.324349270857681,1.5,2025-04-21T00:00:00+00:00,139.06652390628653,TP,1.5,0.27106933871431177,1.2289306612856883,16,
FET,TREND_PULLBACK,LONG,10550,10551,2025-04-20T21:30:00+00:00,2025-04-20T21:45:00+00:00,0.6037,0.5913860940622404,0.6221708589066395,0.012313905937759606,1.5,2025-04-21T10:00:00+00:00,0.6221708589066395,TP,1.5000000000000044,0.1294172721988956,1.370582727801109,49,
BTC,TREND_PULLBACK,LONG,10598,10599,2025-04-21T09:30:00+00:00,2025-04-21T09:45:00+00:00,87358.6,87128.68670376537,87703.46994435196,229.9132962346339,1.5,2025-04-21T11:00:00+00:00,87128.68670376537,SL,-1.0,0.9866044131845432,-1.9866044131845433,5,
BTC,TREND_PULLBACK,LONG,10608,10609,2025-04-21T12:00:00+00:00,2025-04-21T12:15:00+00:00,87287.2,86732.79276856236,88118.81084715645,554.407231437639,1.5,2025-04-21T14:15:00+00:00,88118.81084715645,TP,1.499999999999987,0.41130021610649303,1.0886997838934938,8,
CRV,TREND_PULLBACK,LONG,10617,10618,2025-04-21T14:15:00+00:00,2025-04-21T14:30:00+00:00,0.618,0.6029320978594243,0.6406018532108636,0.01506790214057574,1.5,2025-04-21T15:45:00+00:00,0.6029320978594243,SL,-1.0,0.1053372733914374,-1.1053372733914375,5,
SOL,TREND_PULLBACK,LONG,10617,10618,2025-04-21T14:15:00+00:00,2025-04-21T14:30:00+00:00,139.73,137.43810871406814,143.16783692889777,2.291891285931854,1.5,2025-04-21T16:15:00+00:00,137.43810871406814,SL,-1.0,0.15721449945728452,-1.1572144994572846,7,
BTC,TREND_PULLBACK,LONG,10652,10653,2025-04-21T23:00:00+00:00,2025-04-21T23:15:00+00:00,87173.5,86688.27876471147,87901.33185293278,485.22123528852535,1.5,2025-04-22T01:15:00+00:00,87901.33185293278,TP,1.499999999999985,0.4690587815545156,1.0309412184454694,8,
FET,TREND_PULLBACK,LONG,10637,10638,2025-04-21T19:15:00+00:00,2025-04-21T19:30:00+00:00,0.6144,0.5900477533350075,0.6509283699974886,0.024352246664992472,1.5,2025-04-22T04:15:00+00:00,0.5900477533350075,SL,-1.0,0.06429723305925596,-1.064297233059256,35,
FET,TREND_PULLBACK,LONG,10686,10687,2025-04-22T07:30:00+00:00,2025-04-22T07:45:00+00:00,0.5897,0.5755248392260925,0.6109627411608611,0.014175160773907458,1.5,2025-04-22T13:00:00+00:00,0.6109627411608611,TP,1.499999999999996,0.11011244164385302,1.389887558356143,21,
SOL,TREND_PULLBACK,LONG,10696,10697,2025-04-22T10:00:00+00:00,2025-04-22T10:15:00+00:00,139.94,138.46135392362277,142.15796911456584,1.4786460763772311,1.5,2025-04-22T13:00:00+00:00,142.15796911456584,TP,1.5,0.24801564465476347,1.2519843553452366,11,
FET,TREND_PULLBACK,LONG,10742,10743,2025-04-22T21:30:00+00:00,2025-04-22T21:45:00+00:00,0.6154,0.60164125186052,0.63603812220922,0.01375874813947997,1.5,2025-04-22T21:45:00+00:00,0.63603812220922,TP,1.500000000000004,0.11824255683580494,1.381757443164199,0,True
AVAX,TREND_PULLBACK,LONG,10800,10801,2025-04-23T12:00:00+00:00,2025-04-23T12:15:00+00:00,22.826,22.440886374580188,23.40367043812972,0.3851136254198124,1.5,2025-04-23T13:30:00+00:00,22.440886374580188,SL,-1.0,0.15280412948984906,-1.152804129489849,5,
FET,TREND_PULLBACK,LONG,10804,10805,2025-04-23T13:00:00+00:00,2025-04-23T13:15:00+00:00,0.6334,0.6188081457938976,0.6552877813091534,0.014591854206102317,1.5,2025-04-23T13:30:00+00:00,0.6188081457938976,SL,-1.0,0.11156022850415344,-1.1115602285041535,1,
SOL,TREND_PULLBACK,LONG,10800,10801,2025-04-23T12:00:00+00:00,2025-04-23T12:15:00+00:00,152.23,150.305737230113,155.11639415483046,1.9242627698869796,1.5,2025-04-23T13:45:00+00:00,150.305737230113,SL,-1.0,0.20438812440478019,-1.2043881244047803,6,
BTC,TREND_PULLBACK,LONG,10804,10805,2025-04-23T13:00:00+00:00,2025-04-23T13:15:00+00:00,93927.9,93255.40079873624,94936.64880189562,672.4992012637522,1.5,2025-04-23T13:45:00+00:00,93255.40079873624,SL,-1.0,0.3618417547278551,-1.3618417547278552,2,
CRV,TREND_PULLBACK,LONG,10743,10744,2025-04-22T21:45:00+00:00,2025-04-22T22:00:00+00:00,0.678,0.6546788331811589,0.7129817502282617,0.02332116681884111,1.5,2025-04-23T15:15:00+00:00,0.6546788331811589,SL,-1.0,0.07428798467046849,-1.0742879846704685,69,
SOL,TREND_PULLBACK,LONG,10810,10811,2025-04-23T14:30:00+00:00,2025-04-23T14:45:00+00:00,152.04,148.90203987946444,156.74694018080334,3.1379601205355527,1.5,2025-04-23T15:15:00+00:00,148.90203987946444,SL,-1.0,0.12467483231639472,-1.1246748323163946,2,
AVAX,TREND_PULLBACK,LONG,10850,10851,2025-04-24T00:30:00+00:00,2025-04-24T00:45:00+00:00,22.368,22.06696327732701,22.819555084009483,0.30103672267298975,1.5,2025-04-24T01:15:00+00:00,22.06696327732701,SL,-1.0,0.1918883907172833,-1.1918883907172833,2,
SOL,TREND_PULLBACK,LONG,10833,10834,2025-04-23T20:15:00+00:00,2025-04-23T20:30:00+00:00,150.84,148.17589002018113,154.83616496972832,2.6641099798188748,1.5,2025-04-24T03:30:00+00:00,148.17589002018113,SL,-1.0,0.1459101388346826,-1.1459101388346826,28,
BTC,TREND_PULLBACK,LONG,10856,10857,2025-04-24T02:00:00+00:00,2025-04-24T02:15:00+00:00,93547.6,92832.12191628582,94620.81712557128,715.478083714188,1.5,2025-04-24T03:30:00+00:00,92832.12191628582,SL,-1.0,0.33864578665132195,-1.338645786651322,5,
BNB,TREND_PULLBACK,LONG,10856,10857,2025-04-24T02:00:00+00:00,2025-04-24T02:15:00+00:00,606.19,602.0540112160445,612.3939831759334,4.135988783955554,1.5,2025-04-24T04:30:00+00:00,602.0540112160445,SL,-1.0,0.37976824808472137,-1.3797682480847213,9,
CRV,TREND_PULLBACK,LONG,10844,10845,2025-04-23T23:00:00+00:00,2025-04-23T23:15:00+00:00,0.655,0.63999460744493,0.677508088832605,0.015005392555070052,1.5,2025-04-24T06:15:00+00:00,0.677508088832605,TP,1.4999999999999962,0.11544253235128374,1.3845574676487125,28,
SUI,TREND_PULLBACK,LONG,10865,10866,2025-04-24T04:15:00+00:00,2025-04-24T04:30:00+00:00,2.9898,2.906033411541078,3.1154498826883827,0.08376658845892182,1.5,2025-04-24T07:00:00+00:00,3.1154498826883827,TP,1.5000000000000027,0.09474929077942605,1.4052507092205766,10,
SOL,TREND_PULLBACK,LONG,10873,10874,2025-04-24T06:15:00+00:00,2025-04-24T06:30:00+00:00,148.9,147.05388809862842,151.6691678520574,1.8461119013715859,1.5,2025-04-24T07:45:00+00:00,147.05388809862842,SL,-1.0,0.2084055978634723,-1.2084055978634722,5,
AVAX,TREND_PULLBACK,LONG,10876,10877,2025-04-24T07:00:00+00:00,2025-04-24T07:15:00+00:00,22.117,21.795065942779328,22.59990108583101,0.32193405722067325,1.5,2025-04-24T08:15:00+00:00,21.795065942779328,SL,-1.0,0.17732105207646023,-1.1773210520764603,4,
BNB,TREND_PULLBACK,LONG,10872,10873,2025-04-24T06:00:00+00:00,2025-04-24T06:15:00+00:00,604.74,600.4068354332004,611.2397468501995,4.33316456679961,1.5,2025-04-24T08:30:00+00:00,600.4068354332004,SL,-1.0,0.36155813191749786,-1.3615581319174979,9,
FET,TREND_PULLBACK,LONG,10884,10885,2025-04-24T09:00:00+00:00,2025-04-24T09:15:00+00:00,0.6195,0.604391711748165,0.6421624323777526,0.015108288251835078,1.5,2025-04-24T13:00:00+00:00,0.6421624323777526,TP,1.4999999999999962,0.10856035672286446,1.3914396432771317,15,
SOL,TREND_PULLBACK,LONG,10895,10896,2025-04-24T11:45:00+00:00,2025-04-24T12:00:00+00:00,147.61,145.8826537418934,150.20101938715993,1.7273462581066212,1.5,2025-04-24T14:00:00+00:00,150.20101938715993,TP,1.4999999999999918,0.2241324363232624,1.2758675636767294,8,
CRV,TREND_PULLBACK,LONG,10879,10880,2025-04-24T07:45:00+00:00,2025-04-24T08:00:00+00:00,0.669,0.6496410842256739,0.6980383736614892,0.019358915774326135,1.5,2025-04-24T15:00:00+00:00,0.6980383736614892,TP,1.5,0.09180007323120848,1.4081999267687915,28,
SOL,TREND_PULLBACK,LONG,10919,10920,2025-04-24T17:45:00+00:00,2025-04-24T18:00:00+00:00,150.56,147.9968709360089,154.40469359598666,2.563129063991113,1.5,2025-04-25T01:00:00+00:00,154.40469359598666,TP,1.4999999999999944,0.15467582465685673,1.3453241753431378,28,
FET,TREND_PULLBACK,LONG,10946,10947,2025-04-25T00:30:00+00:00,2025-04-25T00:45:00+00:00,0.7026,0.6923931738505257,0.7179102392242115,0.010206826149474324,1.5,2025-04-25T02:00:00+00:00,0.6923931738505257,SL,-1.0,0.17767434258680723,-1.1776743425868073,5,
AVAX,TREND_PULLBACK,LONG,10941,10942,2025-04-24T23:15:00+00:00,2025-04-24T23:30:00+00:00,22.355,22.030972202533576,22.84104169619964,0.3240277974664245,1.5,2025-04-25T02:15:00+00:00,22.030972202533576,SL,-1.0,0.1780765857573459,-1.1780765857573459,11,
CRV,TREND_PULLBACK,LONG,10941,10942,2025-04-24T23:15:00+00:00,2025-04-24T23:30:00+00:00,0.683,0.6676281960703532,0.7060577058944704,0.015371803929646877,1.5,2025-04-25T02:15:00+00:00,0.6676281960703532,SL,-1.0,0.11422320131894852,-1.1142232013189486,11,
BTC,TREND_PULLBACK,LONG,10970,10971,2025-04-25T06:30:00+00:00,2025-04-25T06:45:00+00:00,93497.5,92888.52730105296,94410.95904842055,608.9726989470364,1.5,2025-04-25T11:45:00+00:00,94410.95904842055,TP,1.5,0.4011362039469561,1.0988637960530439,20,
FET,TREND_PULLBACK,LONG,10978,10979,2025-04-25T08:30:00+00:00,2025-04-25T08:45:00+00:00,0.6892,0.6764326526777619,0.7083510209833572,0.012767347322238165,1.5,2025-04-25T11:45:00+00:00,0.7083510209833572,TP,1.4999999999999956,0.14230178606591473,1.3576982139340807,12,
AVAX,TREND_PULLBACK,LONG,10960,10961,2025-04-25T04:00:00+00:00,2025-04-25T04:15:00+00:00,22.136,21.779375280645116,22.670937079032324,0.35662471935488327,1.5,2025-04-25T12:00:00+00:00,22.670937079032324,TP,1.5,0.1633342139269304,1.3366657860730695,31,
CRV,TREND_PULLBACK,LONG,10969,10970,2025-04-25T06:15:00+00:00,2025-04-25T06:30:00+00:00,0.672,0.6581735103080579,0.6927397345379132,0.013826489691942112,1.5,2025-04-25T12:00:00+00:00,0.6927397345379132,TP,1.499999999999996,0.12831613044439213,1.371683869555604,22,
BNB,TREND_PULLBACK,LONG,10992,10993,2025-04-25T12:00:00+00:00,2025-04-25T12:15:00+00:00,607.62,603.1880346426265,614.2679480360603,4.431965357373542,1.5,2025-04-25T13:15:00+00:00,603.1880346426265,SL,-1.0,0.3551585624234715,-1.3551585624234714,4,
BTC,TREND_PULLBACK,LONG,10998,10999,2025-04-25T13:30:00+00:00,2025-04-25T13:45:00+00:00,94407.4,93652.21361185677,95540.17958221483,755.1863881432218,1.5,2025-04-25T14:45:00+00:00,95540.17958221483,TP,1.5,0.3269813351165016,1.1730186648834984,4,
BNB,TREND_PULLBACK,LONG,11000,11001,2025-04-25T14:00:00+00:00,2025-04-25T14:15:00+00:00,606.2,600.8491972181678,614.2262041727485,5.350802781832272,1.5,2025-04-25T21:30:00+00:00,600.8491972181678,SL,-1.0,0.29325766999139713,-1.2932576699913971,29,
LINK,TREND_PULLBACK,LONG,10960,10961,2025-04-25T04:00:00+00:00,2025-04-25T04:15:00+00:00,14.999,14.755050126597144,15.364924810104284,0.24394987340285645,1.5,2025-04-26T04:15:00+00:00,15.035,TIME,0.14757130019309145,0.16005009330553244,-0.012478793112440989,96,
DOGE,TREND_PULLBACK,LONG,11073,11074,2025-04-26T08:15:00+00:00,2025-04-26T08:30:00+00:00,0.18682,0.1845294558914996,0.1902558161627506,0.0022905441085004086,1.5,2025-04-26T08:30:00+00:00,0.1845294558914996,SL,-1.0,0.21075965787666182,-1.2107596578766617,0,True
SUI,TREND_PULLBACK,LONG,11040,11041,2025-04-26T00:00:00+00:00,2025-04-26T00:15:00+00:00,3.567,3.469441618268294,3.7133375725975593,0.09755838173170606,1.5,2025-04-26T09:30:00+00:00,3.469441618268294,SL,-1.0,0.09376307746580757,-1.0937630774658076,37,
AVAX,TREND_PULLBACK,LONG,11000,11001,2025-04-25T14:00:00+00:00,2025-04-25T14:15:00+00:00,22.517,22.038968051598744,23.23404792260188,0.47803194840125585,1.5,2025-04-26T11:30:00+00:00,22.038968051598744,SL,-1.0,0.12116922030169101,-1.121169220301691,85,
ADA,TREND_PULLBACK,LONG,11000,11001,2025-04-25T14:00:00+00:00,2025-04-25T14:15:00+00:00,0.7191,0.7044290407508664,0.7411064388737003,0.01467095924913353,1.5,2025-04-26T11:45:00+00:00,0.7044290407508664,SL,-1.0,0.1261395196831061,-1.126139519683106,86,
CRV,TREND_PULLBACK,LONG,11002,11003,2025-04-25T14:30:00+00:00,2025-04-25T14:45:00+00:00,0.688,0.6663082297781999,0.7205376553327,0.021691770221800022,1.5,2025-04-26T13:15:00+00:00,0.6663082297781999,SL,-1.0,0.08116445457006882,-1.081164454570069,90,
DOGE,TREND_PULLBACK,LONG,11101,11102,2025-04-26T15:15:00+00:00,2025-04-26T15:30:00+00:00,0.18294,0.18030001222988767,0.18689998165516847,0.0026399877701123176,1.5,2025-04-26T19:00:00+00:00,0.18030001222988767,SL,-1.0,0.17886901645713454,-1.1788690164571345,14,
BTC,TREND_PULLBACK,LONG,11100,11101,2025-04-26T15:00:00+00:00,2025-04-26T15:15:00+00:00,94281.0,93843.48835636029,94937.26746545956,437.5116436397075,1.5,2025-04-27T00:15:00+00:00,94937.26746545956,TP,1.5,0.5622336028790722,0.9377663971209278,36,
DOGE,TREND_PULLBACK,LONG,11128,11129,2025-04-26T22:00:00+00:00,2025-04-26T22:15:00+00:00,0.18155,0.17957992513801882,0.18450511229297173,0.001970074861981169,1.5,2025-04-27T01:15:00+00:00,0.17957992513801882,SL,-1.0,0.23830003201366254,-1.2383000320136626,12,
ADA,TREND_PULLBACK,LONG,11128,11129,2025-04-26T22:00:00+00:00,2025-04-26T22:15:00+00:00,0.7082,0.700532640536986,0.7197010391945211,0.007667359463014001,1.5,2025-04-27T01:30:00+00:00,0.700532640536986,SL,-1.0,0.23885047277778038,-1.2388504727777803,13,
LINK,TREND_PULLBACK,LONG,11136,11137,2025-04-27T00:00:00+00:00,2025-04-27T00:15:00+00:00,14.91,14.765562106593192,15.126656840110211,0.14443789340680802,1.5,2025-04-27T01:45:00+00:00,14.765562106593192,SL,-1.0,0.26709217248077627,-1.2670921724807762,6,
SUI,TREND_PULLBACK,LONG,11100,11101,2025-04-26T15:00:00+00:00,2025-04-26T15:15:00+00:00,3.446,3.353590380686998,3.5846144289695037,0.09240961931300218,1.5,2025-04-27T03:00:00+00:00,3.5846144289695037,TP,1.5000000000000024,0.09890527442497937,1.401094725575023,47,
FET,TREND_PULLBACK,LONG,11144,11145,2025-04-27T02:00:00+00:00,2025-04-27T02:15:00+00:00,0.7718,0.7521643504067064,0.8012534743899405,0.01963564959329367,1.5,2025-04-27T12:30:00+00:00,0.7521643504067064,SL,-1.0,0.10089575321232859,-1.1008957532123287,41,
BTC,TREND_PULLBACK,LONG,11169,11170,2025-04-27T08:15:00+00:00,2025-04-27T08:30:00+00:00,94167.0,93706.78126104508,94857.32810843238,460.2187389549217,1.5,2025-04-27T12:30:00+00:00,93706.78126104508,SL,-1.0,0.5306952867542437,-1.5306952867542436,16,
SUI,TREND_PULLBACK,LONG,11181,11182,2025-04-27T11:15:00+00:00,2025-04-27T11:30:00+00:00,3.6261,3.549554058315771,3.740918912526344,0.07654594168422912,1.5,2025-04-27T15:00:00+00:00,3.549554058315771,SL,-1.0,0.1218660332678674,-1.1218660332678674,14,
BTC,TREND_PULLBACK,LONG,11190,11191,2025-04-27T13:30:00+00:00,2025-04-27T13:45:00+00:00,93918.5,93502.81548914018,94542.02676628972,415.6845108598209,1.5,2025-04-28T00:00:00+00:00,93502.81548914018,SL,-1.0,0.5861361291329094,-1.5861361291329095,41,
SUI,TREND_PULLBACK,LONG,11204,11205,2025-04-27T17:00:00+00:00,2025-04-27T17:15:00+00:00,3.5803,3.509382695108548,3.6866759573371777,0.07091730489145176,1.5,2025-04-28T00:00:00+00:00,3.509382695108548,SL,-1.0,0.1299624614577261,-1.1299624614577262,27,
XRP,TREND_PULLBACK,LONG,11234,11235,2025-04-28T00:30:00+00:00,2025-04-28T00:45:00+00:00,2.2609,2.2273888289608252,2.311166756558762,0.03351117103917467,1.5,2025-04-28T01:30:00+00:00,2.2273888289608252,SL,-1.0,0.17411434147819546,-1.1741143414781954,3,
XRP,TREND_PULLBACK,LONG,11328,11329,2025-04-29T00:00:00+00:00,2025-04-29T00:15:00+00:00,2.2975,2.2840029159120605,2.317745626131909,0.01349708408793937,1.5,2025-04-29T02:30:00+00:00,2.2840029159120605,SL,-1.0,0.4412770752467755,-1.4412770752467754,9,
SUI,TREND_PULLBACK,LONG,11331,11332,2025-04-29T00:45:00+00:00,2025-04-29T01:00:00+00:00,3.5481,3.4632580164036137,3.675362975394579,0.08484198359638606,1.5,2025-04-29T04:30:00+00:00,3.4632580164036137,SL,-1.0,0.10743225270033586,-1.107432252700336,14,
UNI,TREND_PULLBACK,SHORT,11335,11336,2025-04-29T01:45:00+00:00,2025-04-29T02:00:00+00:00,5.429,5.51704863362977,5.296927049555346,0.08804863362976967,1.5,2025-04-29T08:15:00+00:00,5.51704863362977,SL,-1.0,0.16161367459207812,-1.1616136745920782,25,
XRP,TREND_PULLBACK,LONG,11365,11366,2025-04-29T09:15:00+00:00,2025-04-29T09:30:00+00:00,2.2883,2.2683916297461093,2.318162555380836,0.019908370253890695,1.5,2025-04-29T13:15:00+00:00,2.2683916297461093,SL,-1.0,0.29754816909296095,-1.297548169092961,15,
UNI,TREND_PULLBACK,SHORT,11370,11371,2025-04-29T10:30:00+00:00,2025-04-29T10:45:00+00:00,5.45,5.536427205713922,5.320359191429118,0.08642720571392193,1.5,2025-04-29T20:00:00+00:00,5.320359191429118,TP,1.499999999999995,0.16200300395228975,1.3379969960477052,37,
XRP,TREND_PULLBACK,LONG,11384,11385,2025-04-29T14:00:00+00:00,2025-04-29T14:15:00+00:00,2.2829,2.2584325471736246,2.319601179239563,0.024467452826375524,1.5,2025-04-29T21:15:00+00:00,2.2584325471736246,SL,-1.0,0.241289207880339,-1.241289207880339,28,
BTC,TREND_PULLBACK,LONG,11386,11387,2025-04-29T14:30:00+00:00,2025-04-29T14:45:00+00:00,95110.2,94428.64874483275,96132.52688275086,681.5512551672437,1.5,2025-04-29T21:15:00+00:00,94428.64874483275,SL,-1.0,0.3615289407805714,-1.3615289407805715,26,
UNI,TREND_PULLBACK,SHORT,11473,11474,2025-04-30T12:15:00+00:00,2025-04-30T12:30:00+00:00,5.318,5.3894917660571995,5.2107623509142,0.07149176605719987,1.5,2025-04-30T12:45:00+00:00,5.2107623509142,TP,1.5,0.19145409060446641,1.3085459093955336,1,
DOGE,TREND_PULLBACK,LONG,11576,11577,2025-05-01T14:00:00+00:00,2025-05-01T14:15:00+00:00,0.1782,0.17611858305003142,0.18132212542495285,0.0020814169499685786,1.5,2025-05-01T14:45:00+00:00,0.18132212542495285,TP,1.4999999999999933,0.22454836022138397,1.2754516397786093,2,
UNI,TREND_PULLBACK,SHORT,11574,11575,2025-05-01T13:30:00+00:00,2025-05-01T13:45:00+00:00,5.329,5.414395537787035,5.200906693319446,0.08539553778703546,1.5,2025-05-01T15:00:00+00:00,5.414395537787035,SL,-1.0,0.1635496954648079,-1.163549695464808,5,
LINK,TREND_PULLBACK,LONG,11597,11598,2025-05-01T19:15:00+00:00,2025-05-01T19:30:00+00:00,14.962,14.770711345804276,15.248932981293585,0.1912886541957235,1.5,2025-05-01T23:00:00+00:00,14.770711345804276,SL,-1.0,0.2020638647496412,-1.202063864749641,14,
ADA,TREND_PULLBACK,LONG,11584,11585,2025-05-01T16:00:00+00:00,2025-05-01T16:15:00+00:00,0.7047,0.6939571781837903,0.7208142327243146,0.010742821816209669,1.5,2025-05-02T03:00:00+00:00,0.7208142327243146,TP,1.500000000000005,0.1725029544607538,1.3274970455392512,43,
DOGE,TREND_PULLBACK,LONG,11617,11618,2025-05-02T00:15:00+00:00,2025-05-02T00:30:00+00:00,0.18145,0.17916864783781147,0.1848720282432828,0.002281352162188527,1.5,2025-05-02T07:30:00+00:00,0.17916864783781147,SL,-1.0,0.20549402672642428,-1.2054940267264243,28,
CRV,TREND_PULLBACK,LONG,11643,11644,2025-05-02T06:45:00+00:00,2025-05-02T07:00:00+00:00,0.716,0.7078476867048644,0.7282284699427033,0.00815231329513555,1.5,2025-05-02T14:00:00+00:00,0.7282284699427033,TP,1.5,0.23030236240378651,1.2696976375962135,28,
UNI,TREND_PULLBACK,SHORT,11583,11584,2025-05-01T15:45:00+00:00,2025-05-01T16:00:00+00:00,5.342,5.4409269996399665,5.193609500540049,0.09892699963996687,1.5,2025-05-02T16:00:00+00:00,5.327,TIME,0.15162695780313168,0.14020136110947604,0.011425596693655643,96,
DOGE,TREND_PULLBACK,LONG,11660,11661,2025-05-02T11:00:00+00:00,2025-05-02T11:15:00+00:00,0.1811,0.17930086949473736,0.18379869575789398,0.0017991305052626472,1.5,2025-05-02T16:00:00+00:00,0.18379869575789398,TP,1.5,0.26366531115874287,1.2363346888412572,19,
DOGE,TREND_PULLBACK,LONG,11712,11713,2025-05-03T00:00:00+00:00,2025-05-03T00:15:00+00:00,0.1818,0.1801336032664948,0.18429959510025778,0.0016663967335051877,1.5,2025-05-03T01:30:00+00:00,0.1801336032664948,SL,-1.0,0.2823539405629653,-1.2823539405629654,5,
CRV,TREND_PULLBACK,LONG,11698,11699,2025-05-02T20:30:00+00:00,2025-05-02T20:45:00+00:00,0.734,0.714975640321102,0.762536539518347,0.01902435967889804,1.5,2025-05-03T06:00:00+00:00,0.714975640321102,SL,-1.0,0.0990134944992031,-1.0990134944992032,37,
DOGE,TREND_PULLBACK,LONG,11721,11722,2025-05-03T02:15:00+00:00,2025-05-03T02:30:00+00:00,0.1812,0.1796039880404566,0.1835940179393151,0.0015960119595433975,1.5,2025-05-03T06:00:00+00:00,0.1796039880404566,SL,-1.0,0.29388575796561234,-1.2938857579656124,14,
UNI,TREND_PULLBACK,SHORT,11714,11715,2025-05-03T00:30:00+00:00,2025-05-03T00:45:00+00:00,5.215,5.27066783844448,5.13149824233328,0.055667838444479756,1.5,2025-05-03T10:30:00+00:00,5.13149824233328,TP,1.5,0.24161972318088207,1.258380276819118,39,
CRV,TREND_PULLBACK,LONG,11756,11757,2025-05-03T11:00:00+00:00,2025-05-03T11:15:00+00:00,0.716,0.7044217041533544,0.7333674437699684,0.011578295846645603,1.5,2025-05-03T16:30:00+00:00,0.7044217041533544,SL,-1.0,0.15948359239190904,-1.1594835923919091,21,
UNI,TREND_PULLBACK,SHORT,11818,11819,2025-05-04T02:30:00+00:00,2025-05-04T02:45:00+00:00,5.067,5.1511811189048675,4.940728321642699,0.08418111890486735,1.5,2025-05-05T02:45:00+00:00,5.026,TIME,0.48704508247668055,0.15586511762605415,0.3311799648506264,96,
UNI,TREND_PULLBACK,SHORT,11942,11943,2025-05-05T09:30:00+00:00,2025-05-05T09:45:00+00:00,5.056,5.111229012401365,4.973156481397952,0.05522901240136502,1.5,2025-05-05T10:45:00+00:00,4.973156481397952,TP,1.500000000000008,0.23606982741366378,1.263930172586344,4,
UNI,TREND_PULLBACK,SHORT,11960,11961,2025-05-05T14:00:00+00:00,2025-05-05T14:15:00+00:00,4.987,5.045782494266322,4.898826258600517,0.05878249426632198,1.5,2025-05-05T20:30:00+00:00,4.898826258600517,TP,1.5000000000000075,0.2186292755451119,1.2813707244548955,25,
SUI,TREND_PULLBACK,LONG,11994,11995,2025-05-05T22:30:00+00:00,2025-05-05T22:45:00+00:00,3.4474,3.377653200571357,3.552020199142965,0.06974679942864315,1.5,2025-05-06T00:00:00+00:00,3.377653200571357,SL,-1.0,0.1272111298787287,-1.1272111298787286,5,
UNI,TREND_PULLBACK,SHORT,12018,12019,2025-05-06T04:30:00+00:00,2025-05-06T04:45:00+00:00,4.933,4.9712834374355666,4.87557484384665,0.038283437435566725,1.5,2025-05-06T08:15:00+00:00,4.87557484384665,TP,1.5,0.33307216256276817,1.1669278374372318,14,
UNI,TREND_PULLBACK,SHORT,12045,12046,2025-05-06T11:15:00+00:00,2025-05-06T11:30:00+00:00,4.875,4.9403271642386555,4.777009253642017,0.06532716423865548,1.5,2025-05-06T21:15:00+00:00,4.777009253642017,TP,1.4999999999999931,0.1920734226866981,1.307926577313295,39,
UNI,TREND_PULLBACK,SHORT,12121,12122,2025-05-07T06:15:00+00:00,2025-05-07T06:30:00+00:00,4.903,4.966363465871608,4.807954801192587,0.06336346587160868,1.5,2025-05-07T13:00:00+00:00,4.807954801192587,TP,1.5,0.19923533329332785,1.3007646667066721,26,
BNB,TREND_PULLBACK,LONG,12150,12151,2025-05-07T13:30:00+00:00,2025-05-07T13:45:00+00:00,606.76,604.540070709051,610.0898939364236,2.2199292909490396,1.5,2025-05-07T13:45:00+00:00,604.540070709051,SL,-1.0,0.709342454438525,-1.709342454438525,0,True
BTC,TREND_PULLBACK,LONG,12158,12159,2025-05-07T15:30:00+00:00,2025-05-07T15:45:00+00:00,97050.0,96499.29285050703,97876.06072423945,550.7071494929696,1.5,2025-05-07T16:15:00+00:00,96499.29285050703,SL,-1.0,0.45689270774370305,-1.456892707743703,2,
AVAX,TREND_PULLBACK,SHORT,12170,12171,2025-05-07T18:30:00+00:00,2025-05-07T18:45:00+00:00,19.28,19.52745986090205,18.90881020864693,0.24745986090204752,1.5,2025-05-07T22:00:00+00:00,19.52745986090205,SL,-1.0,0.20387022620667464,-1.2038702262066747,13,
UNI,TREND_PULLBACK,SHORT,12170,12171,2025-05-07T18:30:00+00:00,2025-05-07T18:45:00+00:00,4.801,4.858433045360016,4.714850431959976,0.05743304536001581,1.5,2025-05-07T22:00:00+00:00,4.858433045360016,SL,-1.0,0.21864177461343945,-1.2186417746134395,13,
BTC,TREND_PULLBACK,LONG,12179,12180,2025-05-07T20:45:00+00:00,2025-05-07T21:00:00+00:00,96723.9,95815.16480797966,98087.0027880305,908.7351920203364,1.5,2025-05-08T01:00:00+00:00,98087.0027880305,TP,1.5,0.2786886387236692,1.2213113612763307,16,
UNI,TREND_PULLBACK,SHORT,12194,12195,2025-05-08T00:30:00+00:00,2025-05-08T00:45:00+00:00,4.845,4.914447944125773,4.74082808381134,0.06944794412577338,1.5,2025-05-08T01:00:00+00:00,4.914447944125773,SL,-1.0,0.18268765889435493,-1.182687658894355,1,
BTC,TREND_PULLBACK,LONG,12249,12250,2025-05-08T14:15:00+00:00,2025-05-08T14:30:00+00:00,99456.5,98897.68727057223,100294.71909414165,558.8127294277656,1.5,2025-05-08T15:15:00+00:00,100294.71909414165,TP,1.5,0.46469339574332474,1.0353066042566752,3,
SUI,TREND_PULLBACK,LONG,12252,12253,2025-05-08T15:00:00+00:00,2025-05-08T15:15:00+00:00,3.7807,3.7236863384150816,3.8662204923773773,0.057013661584918385,1.5,2025-05-08T15:15:00+00:00,3.8662204923773773,TP,1.499999999999996,0.17436165935920606,1.32563834064079,0,True
BNB,TREND_PULLBACK,LONG,12271,12272,2025-05-08T19:45:00+00:00,2025-05-08T20:00:00+00:00,619.52,614.3444655726937,627.2833016409594,5.175534427306275,1.5,2025-05-08T21:15:00+00:00,627.2833016409594,TP,1.5,0.3131742846848094,1.1868257153151907,5,
FET,TREND_PULLBACK,LONG,12281,12282,2025-05-08T22:15:00+00:00,2025-05-08T22:30:00+00:00,0.7673,0.756039683674976,0.784190474487536,0.011260316325024,1.5,2025-05-09T01:15:00+00:00,0.784190474487536,TP,1.5,0.17911909031822854,1.3208809096817715,11,
DOGE,TREND_PULLBACK,LONG,12300,12301,2025-05-09T03:00:00+00:00,2025-05-09T03:15:00+00:00,0.19678,0.19336347296149842,0.2019047905577524,0.0034165270385015933,1.5,2025-05-09T03:45:00+00:00,0.19336347296149842,SL,-1.0,0.14845090032490646,-1.1484509003249064,2,
FET,TREND_PULLBACK,LONG,12304,12305,2025-05-09T04:00:00+00:00,2025-05-09T04:15:00+00:00,0.7735,0.753567486223373,0.8033987706649404,0.01993251377662697,1.5,2025-05-09T07:15:00+00:00,0.8033987706649404,TP,1.4999999999999971,0.10284545265275233,1.3971545473472449,12,
CRV,TREND_PULLBACK,LONG,12310,12311,2025-05-09T05:30:00+00:00,2025-05-09T05:45:00+00:00,0.765,0.7522129299659633,0.784180605051055,0.012787070034036674,1.5,2025-05-09T07:15:00+00:00,0.784180605051055,TP,1.5,0.15749775212035846,1.3425022478796416,6,
LINK,TREND_PULLBACK,LONG,12313,12314,2025-05-09T06:15:00+00:00,2025-05-09T06:30:00+00:00,15.81,15.572417783003946,16.16637332549408,0.23758221699605464,1.5,2025-05-09T07:45:00+00:00,16.16637332549408,TP,1.4999999999999962,0.17496799991487838,1.325032000085118,5,
XRP,TREND_PULLBACK,LONG,12313,12314,2025-05-09T06:15:00+00:00,2025-05-09T06:30:00+00:00,2.3078,2.2742888865554174,2.3580666701668735,0.03351111344458246,1.5,2025-05-09T08:15:00+00:00,2.3580666701668735,TP,1.5,0.1810034358078761,1.318996564192124,7,
AVAX,TREND_PULLBACK,LONG,12342,12343,2025-05-09T13:30:00+00:00,2025-05-09T13:45:00+00:00,23.512,22.9828910412006,24.305663438199105,0.5291089587994016,1.5,2025-05-09T14:15:00+00:00,22.9828910412006,SL,-1.0,0.11423612726330036,-1.1142361272633003,2,
LINK,TREND_PULLBACK,LONG,12342,12343,2025-05-09T13:30:00+00:00,2025-05-09T13:45:00+00:00,16.252,15.927545068482738,16.73868239727589,0.3244549315172609,1.5,2025-05-09T14:15:00+00:00,15.927545068482738,SL,-1.0,0.128934420547718,-1.128934420547718,2,
BTC,TREND_PULLBACK,LONG,12342,12343,2025-05-09T13:30:00+00:00,2025-05-09T13:45:00+00:00,103217.3,102525.0654605189,104255.65180922166,692.2345394810982,1.5,2025-05-09T14:30:00+00:00,102525.0654605189,SL,-1.0,0.38637926864956423,-1.3863792686495642,3,
ETH,TREND_PULLBACK,LONG,12342,12343,2025-05-09T13:30:00+00:00,2025-05-09T13:45:00+00:00,2364.58,2306.474555674445,2451.7381664883324,58.1054443255548,1.5,2025-05-09T14:30:00+00:00,2306.474555674445,SL,-1.0,0.10450605778615737,-1.1045060577861574,3,
FET,TREND_PULLBACK,LONG,12346,12347,2025-05-09T14:30:00+00:00,2025-05-09T14:45:00+00:00,0.8577,0.8306606430897815,0.8982590353653278,0.027039356910218526,1.5,2025-05-09T15:15:00+00:00,0.8306606430897815,SL,-1.0,0.08117311529651233,-1.0811731152965123,2,
BNB,TREND_PULLBACK,LONG,12368,12369,2025-05-09T20:00:00+00:00,2025-05-09T20:15:00+00:00,637.13,633.5422744728714,642.5115882906928,3.587725527128555,1.5,2025-05-09T22:30:00+00:00,642.5115882906928,TP,1.4999999999999842,0.46367372648746463,1.0363262735125196,9,
ADA,TREND_PULLBACK,LONG,12384,12385,2025-05-10T00:00:00+00:00,2025-05-10T00:15:00+00:00,0.784,0.7714740483029368,0.8027889275455949,0.012525951697063276,1.5,2025-05-10T00:45:00+00:00,0.7714740483029368,SL,-1.0,0.1614341418279543,-1.1614341418279543,2,
FET,TREND_PULLBACK,LONG,12384,12385,2025-05-10T00:00:00+00:00,2025-05-10T00:15:00+00:00,0.8336,0.814087346722132,0.862868979916802,0.019512653277867997,1.5,2025-05-10T07:45:00+00:00,0.862868979916802,TP,1.5,0.11302459191407367,1.3869754080859262,30,
AVAX,TREND_PULLBACK,LONG,12357,12358,2025-05-09T17:15:00+00:00,2025-05-09T17:30:00+00:00,23.349,22.68748973552697,24.341265396709545,0.66151026447303,1.5,2025-05-10T08:00:00+00:00,24.341265396709545,TP,1.5,0.09372091159478911,1.406279088405211,58,
XRP,TREND_PULLBACK,LONG,12384,12385,2025-05-10T00:00:00+00:00,2025-05-10T00:15:00+00:00,2.3596,2.3306832481055353,2.402975127841697,0.028916751894464632,1.5,2025-05-10T08:15:00+00:00,2.402975127841697,TP,1.5,0.21410937469015598,1.285890625309844,32,
SOL,TREND_PULLBACK,LONG,12415,12416,2025-05-10T07:45:00+00:00,2025-05-10T08:00:00+00:00,172.26,170.13615303839134,175.44577044241296,2.123846961608649,1.5,2025-05-10T11:00:00+00:00,170.13615303839134,SL,-1.0,0.20957960107105303,-1.2095796010710531,12,
SUI,TREND_PULLBACK,LONG,12422,12423,2025-05-10T09:30:00+00:00,2025-05-10T09:45:00+00:00,3.9775,3.905298612165836,4.085802081751246,0.07220138783416408,1.5,2025-05-10T11:00:00+00:00,3.905298612165836,SL,-1.0,0.14193131881831547,-1.1419313188183156,5,
LINK,TREND_PULLBACK,LONG,12389,12390,2025-05-10T01:15:00+00:00,2025-05-10T01:30:00+00:00,16.072,15.790861800845839,16.493707298731238,0.28113819915416016,1.5,2025-05-10T13:45:00+00:00,16.493707298731238,TP,1.4999999999999938,0.15058579593851734,1.3494142040614765,49,
ETH,TREND_PULLBACK,LONG,12421,12422,2025-05-10T09:15:00+00:00,2025-05-10T09:30:00+00:00,2390.94,2340.3836364223816,2466.7745453664274,50.55636357761841,1.5,2025-05-10T16:15:00+00:00,2466.7745453664274,TP,1.4999999999999956,0.1249106633091003,1.3750893366908952,27,
CRV,TREND_PULLBACK,LONG,12384,12385,2025-05-10T00:00:00+00:00,2025-05-10T00:15:00+00:00,0.772,0.7568980491387587,0.794652926291862,0.015101950861241331,1.5,2025-05-10T17:30:00+00:00,0.794652926291862,TP,1.5,0.1348599808655459,1.365140019134454,69,
AVAX,TREND_PULLBACK,LONG,12451,12452,2025-05-10T16:45:00+00:00,2025-05-10T17:00:00+00:00,24.616,24.167286293793047,25.289070559310428,0.44871370620695217,1.5,2025-05-10T21:30:00+00:00,25.289070559310428,TP,1.5,0.14458348570520752,1.3554165142947925,18,
FET,TREND_PULLBACK,LONG,12452,12453,2025-05-10T17:00:00+00:00,2025-05-10T17:15:00+00:00,0.8617,0.8420273097648958,0.8912090353526563,0.019672690235104207,1.5,2025-05-10T22:15:00+00:00,0.8912090353526563,TP,1.4999999999999971,0.11583478002882214,1.384165219971175,20,
XRP,TREND_PULLBACK,LONG,12428,12429,2025-05-10T11:00:00+00:00,2025-05-10T11:15:00+00:00,2.4014,2.3576731294796627,2.4669903057805067,0.043726870520337524,1.5,2025-05-10T23:15:00+00:00,2.4669903057805067,TP,1.500000000000005,0.1447372593145229,1.3552627406854822,48,
BNB,TREND_PULLBACK,LONG,12449,12450,2025-05-10T16:15:00+00:00,2025-05-10T16:30:00+00:00,655.1,648.9171938676088,664.3742091985869,6.1828061323911925,1.5,2025-05-11T00:00:00+00:00,664.3742091985869,TP,1.500000000000009,0.27743332642629154,1.2225666735737175,30,
CRV,TREND_PULLBACK,LONG,12482,12483,2025-05-11T00:30:00+00:00,2025-05-11T00:45:00+00:00,0.805,0.785739120073942,0.8338913198890872,0.019260879926058072,1.5,2025-05-11T06:30:00+00:00,0.785739120073942,SL,-1.0,0.10736585576749158,-1.1073658557674917,23,
AVAX,TREND_PULLBACK,LONG,12482,12483,2025-05-11T00:30:00+00:00,2025-05-11T00:45:00+00:00,25.432,24.732322824187836,26.481515763718242,0.6996771758121625,1.5,2025-05-11T07:00:00+00:00,24.732322824187836,SL,-1.0,0.09320529799438769,-1.0932052979943876,25,
ETH,TREND_PULLBACK,LONG,12482,12483,2025-05-11T00:30:00+00:00,2025-05-11T00:45:00+00:00,2535.49,2479.355271417728,2619.692092873407,56.13472858227169,1.5,2025-05-11T07:00:00+00:00,2479.355271417728,SL,-1.0,0.11613664156740844,-1.1161366415674085,25,
SOL,TREND_PULLBACK,LONG,12482,12483,2025-05-11T00:30:00+00:00,2025-05-11T00:45:00+00:00,176.18,171.97477756745118,182.48783364882325,4.2052224325488226,1.5,2025-05-11T13:30:00+00:00,171.97477756745118,SL,-1.0,0.1076283640395595,-1.1076283640395594,51,
ADA,TREND_PULLBACK,LONG,12532,12533,2025-05-11T13:00:00+00:00,2025-05-11T13:15:00+00:00,0.8033,0.794154985086822,0.817017522369767,0.009145014913177985,1.5,2025-05-11T13:30:00+00:00,0.794154985086822,SL,-1.0,0.22708453734945275,-1.2270845373494528,1,
LINK,TREND_PULLBACK,LONG,12531,12532,2025-05-11T12:45:00+00:00,2025-05-11T13:00:00+00:00,16.697,16.49092902957759,17.006106455633613,0.20607097042240952,1.5,2025-05-11T13:45:00+00:00,16.49092902957759,SL,-1.0,0.2093662569260123,-1.2093662569260122,3,
DOGE,TREND_PULLBACK,LONG,12521,12522,2025-05-11T10:15:00+00:00,2025-05-11T10:30:00+00:00,0.23443,0.227899705263492,0.24422544210476202,0.006530294736508013,1.5,2025-05-11T15:45:00+00:00,0.227899705263492,SL,-1.0,0.09203698165144863,-1.0920369816514486,21,
ADA,TREND_PULLBACK,LONG,12540,12541,2025-05-11T15:00:00+00:00,2025-05-11T15:15:00+00:00,0.7998,0.7862614754346097,0.8201077868480854,0.013538524565390286,1.5,2025-05-11T15:45:00+00:00,0.7862614754346097,SL,-1.0,0.15229723948915055,-1.1522972394891506,2,
AVAX,TREND_PULLBACK,LONG,12540,12541,2025-05-11T15:00:00+00:00,2025-05-11T15:15:00+00:00,24.651,24.198234768259287,25.33014784761107,0.45276523174071315,1.5,2025-05-11T15:45:00+00:00,24.198234768259287,SL,-1.0,0.14025813102871856,-1.1402581310287185,2,
LINK,TREND_PULLBACK,LONG,12538,12539,2025-05-11T14:30:00+00:00,2025-05-11T14:45:00+00:00,16.634,16.319921891670717,17.105117162493926,0.3140781083292836,1.5,2025-05-11T22:00:00+00:00,17.105117162493926,TP,1.5,0.13964950484628433,1.3603504951537158,29,
UNI,TREND_PULLBACK,LONG,12567,12568,2025-05-11T21:45:00+00:00,2025-05-11T22:00:00+00:00,6.951,6.842667501224924,7.113498748162613,0.10833249877507534,1.5,2025-05-11T22:30:00+00:00,6.842667501224924,SL,-1.0,0.16552528515771725,-1.1655252851577171,2,
BTC,TREND_PULLBACK,LONG,12514,12515,2025-05-11T08:30:00+00:00,2025-05-11T08:45:00+00:00,103914.2,103236.47879550232,104930.78180674651,677.7212044976768,1.5,2025-05-12T01:00:00+00:00,104930.78180674651,TP,1.5,0.4006049604866703,1.0993950395133296,65,
BNB,TREND_PULLBACK,LONG,12572,12573,2025-05-11T23:00:00+00:00,2025-05-11T23:15:00+00:00,652.27,647.681907555073,659.1521386673903,4.588092444926929,1.5,2025-05-12T01:30:00+00:00,647.681907555073,SL,-1.0,0.3683311746889854,-1.3683311746889855,9,
ADA,TREND_PULLBACK,LONG,12550,12551,2025-05-11T17:30:00+00:00,2025-05-11T17:45:00+00:00,0.799,0.7835957941551328,0.8221063087673008,0.015404205844867236,1.5,2025-05-12T04:30:00+00:00,0.8221063087673008,TP,1.4999999999999964,0.13680927291033967,1.3631907270896568,43,
AVAX,TREND_PULLBACK,LONG,12554,12555,2025-05-11T18:30:00+00:00,2025-05-11T18:45:00+00:00,24.746,24.272655502899127,25.456016745651304,0.47334449710087156,1.5,2025-05-12T06:45:00+00:00,25.456016745651304,TP,1.4999999999999962,0.13787552653313928,1.362124473466857,48,
CRV,TREND_PULLBACK,LONG,12554,12555,2025-05-11T18:30:00+00:00,2025-05-11T18:45:00+00:00,0.766,0.7444032963385374,0.7983950554921939,0.021596703661462602,1.5,2025-05-12T07:00:00+00:00,0.7983950554921939,TP,1.5,0.09416777689869558,1.4058322231013045,49,
SOL,TREND_PULLBACK,LONG,12584,12585,2025-05-12T02:00:00+00:00,2025-05-12T02:15:00+00:00,174.63,171.5651164531459,179.22732532028115,3.064883546854105,1.5,2025-05-12T07:00:00+00:00,179.22732532028115,TP,1.5,0.15009200704820877,1.3499079929517912,19,
SUI,TREND_PULLBACK,LONG,12590,12591,2025-05-12T03:30:00+00:00,2025-05-12T03:45:00+00:00,4.0614,3.9458933556885096,4.234659966467236,0.11550664431149027,1.5,2025-05-12T07:00:00+00:00,4.234659966467236,TP,1.5000000000000038,0.09337019546099444,1.4066298045390093,13,
DOGE,TREND_PULLBACK,LONG,12598,12599,2025-05-12T05:30:00+00:00,2025-05-12T05:45:00+00:00,0.23959,0.23397543928668535,0.24801184106997198,0.005614560713314648,1.5,2025-05-12T07:00:00+00:00,0.24801184106997198,TP,1.5000000000000024,0.11289973085298435,1.387100269147018,5,
ETH,TREND_PULLBACK,LONG,12603,12604,2025-05-12T06:45:00+00:00,2025-05-12T07:00:00+00:00,2516.66,2480.007677205413,2571.63848419188,36.65232279458678,1.5,2025-05-12T07:00:00+00:00,2571.63848419188,TP,1.4999999999999938,0.18047391065830046,1.3195260893416934,0,True
CRV,TREND_PULLBACK,LONG,12609,12610,2025-05-12T08:15:00+00:00,2025-05-12T08:30:00+00:00,0.788,0.7663859608290468,0.82042105875643,0.02161403917095328,1.5,2025-05-12T11:45:00+00:00,0.7663859608290468,SL,-1.0,0.09349024183287989,-1.0934902418328798,13,
AVAX,TREND_PULLBACK,LONG,12610,12611,2025-05-12T08:30:00+00:00,2025-05-12T08:45:00+00:00,25.698,25.022868057141803,26.710697914287294,0.6751319428581972,1.5,2025-05-12T11:45:00+00:00,25.022868057141803,SL,-1.0,0.09766554400483106,-1.097665544004831,12,
DOGE,TREND_PULLBACK,LONG,12626,12627,2025-05-12T12:30:00+00:00,2025-05-12T12:45:00+00:00,0.24551,0.23784982776567462,0.2570002583514881,0.007660172234325385,1.5,2025-05-12T13:30:00+00:00,0.23784982776567462,SL,-1.0,0.0820305023011948,-1.082030502301195,3,
LINK,TREND_PULLBACK,LONG,12626,12627,2025-05-12T12:30:00+00:00,2025-05-12T12:45:00+00:00,17.477,17.057325146059874,18.106512280910188,0.41967485394012627,1.5,2025-05-12T14:15:00+00:00,17.057325146059874,SL,-1.0,0.10697477408613768,-1.1069747740861378,6,
UNI,TREND_PULLBACK,LONG,12626,12627,2025-05-12T12:30:00+00:00,2025-05-12T12:45:00+00:00,7.134,6.949817230909793,7.410274153635312,0.18418276909020737,1.5,2025-05-12T14:15:00+00:00,6.949817230909793,SL,-1.0,0.09940648894911301,-1.099406488949113,6,
BTC,TREND_PULLBACK,LONG,12628,12629,2025-05-12T13:00:00+00:00,2025-05-12T13:15:00+00:00,104166.9,103387.56124608661,105335.90813087007,779.3387539133837,1.5,2025-05-12T14:15:00+00:00,103387.56124608661,SL,-1.0,0.34621760853676303,-1.346217608536763,4,
CRV,TREND_PULLBACK,LONG,12628,12629,2025-05-12T13:00:00+00:00,2025-05-12T13:15:00+00:00,0.791,0.7653629460673659,0.8294555808989512,0.025637053932634157,1.5,2025-05-12T14:15:00+00:00,0.7653629460673659,SL,-1.0,0.0789198257804534,-1.0789198257804533,4,
ADA,TREND_PULLBACK,LONG,12631,12632,2025-05-12T13:45:00+00:00,2025-05-12T14:00:00+00:00,0.846,0.8169056810460256,0.8896414784309616,0.029094318953974407,1.5,2025-05-12T14:15:00+00:00,0.8169056810460256,SL,-1.0,0.0743023883384122,-1.0743023883384122,1,
SOL,TREND_PULLBACK,LONG,12634,12635,2025-05-12T14:30:00+00:00,2025-05-12T14:45:00+00:00,178.21,173.2204394874302,185.69434076885472,4.9895605125697955,1.5,2025-05-12T16:00:00+00:00,173.2204394874302,SL,-1.0,0.09156308860925327,-1.0915630886092533,5,
ETH,TREND_PULLBACK,LONG,12690,12691,2025-05-13T04:30:00+00:00,2025-05-13T04:45:00+00:00,2447.94,2405.488915397129,2511.616626904307,42.451084602871106,1.5,2025-05-13T11:30:00+00:00,2511.616626904307,TP,1.5000000000000053,0.1518788901459431,1.3481211098540622,27,
XRP,TREND_PULLBACK,LONG,12690,12691,2025-05-13T04:30:00+00:00,2025-05-13T04:45:00+00:00,2.4812,2.4205109877880773,2.5722335183178835,0.06068901221192258,1.5,2025-05-13T16:00:00+00:00,2.5722335183178835,TP,1.4999999999999964,0.10824798978228638,1.3917520102177101,45,
BNB,TREND_PULLBACK,LONG,12764,12765,2025-05-13T23:00:00+00:00,2025-05-13T23:15:00+00:00,665.83,661.1371939310488,672.8692091034268,4.6928060689511994,1.5,2025-05-14T00:30:00+00:00,661.1371939310488,SL,-1.0,0.36759613049509593,-1.3675961304950959,5,
UNI,TREND_PULLBACK,LONG,12772,12773,2025-05-14T01:00:00+00:00,2025-05-14T01:15:00+00:00,7.126,6.9864203827369495,7.3353694258945765,0.1395796172630508,1.5,2025-05-14T01:45:00+00:00,6.9864203827369495,SL,-1.0,0.1314385786212826,-1.1314385786212826,2,
DOGE,TREND_PULLBACK,LONG,12764,12765,2025-05-13T23:00:00+00:00,2025-05-13T23:15:00+00:00,0.24021,0.23598603120608735,0.24654595319086897,0.0042239687939126525,1.5,2025-05-14T02:00:00+00:00,0.23598603120608735,SL,-1.0,0.1465576264341869,-1.1465576264341868,11,
ADA,TREND_PULLBACK,LONG,12772,12773,2025-05-14T01:00:00+00:00,2025-05-14T01:15:00+00:00,0.8284,0.8179846826827932,0.8440229759758102,0.010415317317206796,1.5,2025-05-14T02:00:00+00:00,0.8179846826827932,SL,-1.0,0.20549542777268182,-1.2054954277726817,3,
LINK,TREND_PULLBACK,LONG,12772,12773,2025-05-14T01:00:00+00:00,2025-05-14T01:15:00+00:00,17.449,17.21547032423715,17.79929451364428,0.23352967576285266,1.5,2025-05-14T02:00:00+00:00,17.21547032423715,SL,-1.0,0.19296824386152192,-1.192968243861522,3,
XRP,TREND_PULLBACK,LONG,12772,12773,2025-05-14T01:00:00+00:00,2025-05-14T01:15:00+00:00,2.581,2.5470699840289077,2.6318950239566385,0.03393001597109224,1.5,2025-05-14T02:00:00+00:00,2.5470699840289077,SL,-1.0,0.19647768468241542,-1.1964776846824154,3,
XRP,TREND_PULLBACK,LONG,12798,12799,2025-05-14T07:30:00+00:00,2025-05-14T07:45:00+00:00,2.5821,2.5518406635747697,2.6274890046378454,0.030259336425230376,1.5,2025-05-14T07:45:00+00:00,2.6274890046378454,TP,1.4999999999999927,0.2238140853737389,1.2761859146262537,0,True
AVAX,TREND_PULLBACK,LONG,12785,12786,2025-05-14T04:15:00+00:00,2025-05-14T04:30:00+00:00,26.124,25.541928706135533,26.997106940796698,0.5820712938644661,1.5,2025-05-14T08:45:00+00:00,25.541928706135533,SL,-1.0,0.11539086023647056,-1.1153908602364706,17,
SUI,TREND_PULLBACK,LONG,12791,12792,2025-05-14T05:45:00+00:00,2025-05-14T06:00:00+00:00,4.0316,3.9608280804705074,4.137757879294239,0.07077191952949269,1.5,2025-05-14T08:45:00+00:00,3.9608280804705074,SL,-1.0,0.14681185099524938,-1.1468118509952494,11,
DOGE,TREND_PULLBACK,LONG,12782,12783,2025-05-14T03:30:00+00:00,2025-05-14T03:45:00+00:00,0.23859,0.2324970878667698,0.24772936819984526,0.006092912133230183,1.5,2025-05-14T09:00:00+00:00,0.2324970878667698,SL,-1.0,0.10051239880627119,-1.1005123988062713,21,
SOL,TREND_PULLBACK,LONG,12809,12810,2025-05-14T10:15:00+00:00,2025-05-14T10:30:00+00:00,180.68,177.350137026144,185.674794460784,3.3298629738559953,1.5,2025-05-14T13:45:00+00:00,177.350137026144,SL,-1.0,0.13977727665922743,-1.1397772766592273,13,
ETH,TREND_PULLBACK,LONG,12814,12815,2025-05-14T11:30:00+00:00,2025-05-14T11:45:00+00:00,2628.01,2582.2677133273232,2696.6234300090155,45.74228667267698,1.5,2025-05-14T13:45:00+00:00,2582.2677133273232,SL,-1.0,0.1480765724677122,-1.1480765724677122,8,
LINK,TREND_PULLBACK,LONG,12821,12822,2025-05-14T13:15:00+00:00,2025-05-14T13:30:00+00:00,17.12,16.806417245553746,17.590374131669385,0.31358275444625505,1.5,2025-05-14T14:15:00+00:00,16.806417245553746,SL,-1.0,0.14064658146492212,-1.140646581464922,3,
BTC,TREND_PULLBACK,LONG,12808,12809,2025-05-14T10:00:00+00:00,2025-05-14T10:15:00+00:00,103610.4,102998.92982981377,104527.60525527933,611.4701701862214,1.5,2025-05-14T14:30:00+00:00,102998.92982981377,SL,-1.0,0.4392563069707211,-1.4392563069707212,17,
DOGE,TREND_PULLBACK,LONG,12864,12865,2025-05-15T00:00:00+00:00,2025-05-15T00:15:00+00:00,0.23401,0.23069917784743646,0.23897623322884531,0.003310822152563536,1.5,2025-05-15T01:30:00+00:00,0.23069917784743646,SL,-1.0,0.18246885618241437,-1.1824688561824144,5,
XRP,TREND_PULLBACK,LONG,12864,12865,2025-05-15T00:00:00+00:00,2025-05-15T00:15:00+00:00,2.5606,2.5343532790683834,2.5999700813974247,0.02624672093161662,1.5,2025-05-15T01:30:00+00:00,2.5343532790683834,SL,-1.0,0.25235301887979267,-1.2523530188797927,5,
AVAX,TREND_PULLBACK,LONG,12866,12867,2025-05-15T00:30:00+00:00,2025-05-15T00:45:00+00:00,25.086,24.730643813795368,25.619034279306945,0.35535618620463083,1.5,2025-05-15T01:30:00+00:00,24.730643813795368,SL,-1.0,0.18224429311226675,-1.1822442931122668,3,
DOGE,TREND_PULLBACK,LONG,12875,12876,2025-05-15T02:45:00+00:00,2025-05-15T03:00:00+00:00,0.23413,0.22900570830107295,0.2418164375483906,0.005124291698927058,1.5,2025-05-15T05:45:00+00:00,0.22900570830107295,SL,-1.0,0.1174945643546131,-1.117494564354613,11,
BNB,TREND_PULLBACK,LONG,13015,13016,2025-05-16T13:45:00+00:00,2025-05-16T14:00:00+00:00,654.83,650.9644374949319,660.6283437576024,3.8655625050681692,1.5,2025-05-16T14:30:00+00:00,650.9644374949319,SL,-1.0,0.4391424964717976,-1.4391424964717976,2,
ETH,TREND_PULLBACK,LONG,12996,12997,2025-05-16T09:00:00+00:00,2025-05-16T09:15:00+00:00,2597.95,2555.354518598547,2661.8432221021785,42.595481401452616,1.5,2025-05-16T21:30:00+00:00,2555.354518598547,SL,-1.0,0.15727714897828685,-1.157277148978287,49,
BTC,TREND_PULLBACK,LONG,13390,13391,2025-05-20T11:30:00+00:00,2025-05-20T11:45:00+00:00,105281.9,104715.180484942,106131.97927258699,566.7195150579937,1.5,2025-05-20T12:30:00+00:00,104715.180484942,SL,-1.0,0.4817130827098627,-1.4817130827098626,3,
BTC,TREND_PULLBACK,LONG,13420,13421,2025-05-20T19:00:00+00:00,2025-05-20T19:15:00+00:00,105799.8,104905.45369203381,107141.31946194929,894.3463079661888,1.5,2025-05-20T19:45:00+00:00,107141.31946194929,TP,1.5,0.309526022341448,1.190473977658552,2,
BTC,TREND_PULLBACK,LONG,13433,13434,2025-05-20T22:15:00+00:00,2025-05-20T22:30:00+00:00,106305.2,105581.7897985904,107390.3153021144,723.4102014095988,1.5,2025-05-21T04:30:00+00:00,107390.3153021144,TP,1.5,0.38402025483112384,1.1159797451688762,24,
BTC,TREND_PULLBACK,LONG,13485,13486,2025-05-21T11:15:00+00:00,2025-05-21T11:30:00+00:00,106623.7,105912.69235381045,107690.21146928432,711.0076461895515,1.5,2025-05-21T14:15:00+00:00,107690.21146928432,TP,1.4999999999999898,0.39184963256470234,1.1081503674352875,11,
DOGE,TREND_PULLBACK,LONG,13494,13495,2025-05-21T13:30:00+00:00,2025-05-21T13:45:00+00:00,0.2277,0.2244833876022397,0.23252491859664048,0.0032166123977603045,1.5,2025-05-21T14:45:00+00:00,0.23252491859664048,TP,1.5000000000000042,0.18600077354430944,1.3139992264556948,4,
DOGE,TREND_PULLBACK,LONG,13566,13567,2025-05-22T07:30:00+00:00,2025-05-22T07:45:00+00:00,0.24064,0.2356585449017976,0.24811218264730356,0.004981455098202386,1.5,2025-05-23T00:15:00+00:00,0.24811218264730356,TP,1.4999999999999971,0.1275486428996977,1.3724513571002994,66,
SOL,TREND_PULLBACK,LONG,13593,13594,2025-05-22T14:15:00+00:00,2025-05-22T14:30:00+00:00,178.56,176.17319263341557,182.14021104987665,2.386807366584435,1.5,2025-05-23T01:15:00+00:00,182.14021104987665,TP,1.5,0.19645920359122188,1.3035407964087782,43,
ADA,TREND_PULLBACK,LONG,13593,13594,2025-05-22T14:15:00+00:00,2025-05-22T14:30:00+00:00,0.805,0.7917366515564155,0.8248950226653768,0.013263348443584566,1.5,2025-05-23T02:15:00+00:00,0.8248950226653768,TP,1.4999999999999958,0.15975328843071127,1.3402467115692844,47,
CRV,TREND_PULLBACK,LONG,13638,13639,2025-05-23T01:30:00+00:00,2025-05-23T01:45:00+00:00,0.822,0.8058756320466418,0.8461865519300371,0.016124367953358143,1.5,2025-05-23T02:30:00+00:00,0.8461865519300371,TP,1.4999999999999964,0.13449473019854993,1.3655052698014465,3,
FET,TREND_PULLBACK,LONG,13638,13639,2025-05-23T01:30:00+00:00,2025-05-23T01:45:00+00:00,0.886,0.8675807748418053,0.9136288377372921,0.01841922515819472,1.5,2025-05-23T03:00:00+00:00,0.9136288377372921,TP,1.5,0.12701497858706765,1.3729850214129324,5,
ADA,TREND_PULLBACK,LONG,13651,13652,2025-05-23T04:45:00+00:00,2025-05-23T05:00:00+00:00,0.8284,0.8122138577429369,0.8526792133855947,0.016186142257063163,1.5,2025-05-23T06:15:00+00:00,0.8122138577429369,SL,-1.0,0.1317669140177689,-1.1317669140177689,5,
SOL,TREND_PULLBACK,LONG,13661,13662,2025-05-23T07:15:00+00:00,2025-05-23T07:30:00+00:00,182.62,179.94001634985534,186.639975475217,2.6799836501446634,1.5,2025-05-23T08:45:00+00:00,186.639975475217,TP,1.5,0.17911973757446992,1.32088026242553,5,
BNB,TREND_PULLBACK,LONG,13572,13573,2025-05-22T09:00:00+00:00,2025-05-22T09:15:00+00:00,684.55,678.4988859902769,693.6266710145845,6.051114009723051,1.5,2025-05-23T09:15:00+00:00,685.3,TIME,0.1239441198422117,0.29429374444747974,-0.17034962460526804,96,
BTC,TREND_PULLBACK,LONG,13593,13594,2025-05-22T14:15:00+00:00,2025-05-22T14:30:00+00:00,111216.0,110317.46859178749,112563.79711231877,898.5314082125115,1.5,2025-05-23T11:30:00+00:00,110317.46859178749,SL,-1.0,0.3205157955938814,-1.3205157955938813,84,
SOL,TREND_PULLBACK,LONG,13697,13698,2025-05-23T16:15:00+00:00,2025-05-23T16:30:00+00:00,181.93,177.84363542077392,188.05954686883913,4.086364579226085,1.5,2025-05-23T20:00:00+00:00,177.84363542077392,SL,-1.0,0.11445521244596944,-1.1144552124459695,14,
CRV,TREND_PULLBACK,LONG,13686,13687,2025-05-23T13:30:00+00:00,2025-05-23T13:45:00+00:00,0.822,0.7909254670135877,0.8686117994796183,0.031074532986412273,1.5,2025-05-23T23:15:00+00:00,0.7909254670135877,SL,-1.0,0.06747657665634162,-1.0674765766563417,38,
CRV,TREND_PULLBACK,LONG,13756,13757,2025-05-24T07:00:00+00:00,2025-05-24T07:15:00+00:00,0.782,0.7630194033691591,0.8104708949462615,0.01898059663084095,1.5,2025-05-24T21:45:00+00:00,0.7630194033691591,SL,-1.0,0.10581992038734545,-1.1058199203873453,58,
FET,TREND_PULLBACK,LONG,13765,13766,2025-05-24T09:15:00+00:00,2025-05-24T09:30:00+00:00,0.8582,0.8383194864632343,0.8880207703051485,0.019880513536765676,1.5,2025-05-25T07:15:00+00:00,0.8383194864632343,SL,-1.0,0.11093653734464895,-1.110936537344649,87,
FET,TREND_PULLBACK,LONG,13955,13956,2025-05-26T08:45:00+00:00,2025-05-26T09:00:00+00:00,0.9088,0.8966492230061979,0.9270261654907033,0.012150776993802181,1.5,2025-05-26T13:30:00+00:00,0.9270261654907033,TP,1.4999999999999953,0.1964132842167417,1.3035867157832537,18,
FET,TREND_PULLBACK,LONG,14016,14017,2025-05-27T00:00:00+00:00,2025-05-27T00:15:00+00:00,0.8755,0.85727042881413,0.9028443567788049,0.018229571185869986,1.5,2025-05-27T01:00:00+00:00,0.85727042881413,SL,-1.0,0.12356854335687249,-1.1235685433568725,3,
FET,TREND_PULLBACK,LONG,14072,14073,2025-05-27T14:00:00+00:00,2025-05-27T14:15:00+00:00,0.9098,0.8952895705699901,0.9315656441450149,0.014510429430009908,1.5,2025-05-27T14:30:00+00:00,0.8952895705699901,SL,-1.0,0.16171929666587304,-1.161719296665873,1,
FET,TREND_PULLBACK,LONG,14078,14079,2025-05-27T15:30:00+00:00,2025-05-27T15:45:00+00:00,0.9059,0.8813731867512639,0.9426902198731043,0.02452681324873618,1.5,2025-05-27T22:15:00+00:00,0.8813731867512639,SL,-1.0,0.09473122819558982,-1.0947312281955899,26,
BNB,TREND_PULLBACK,LONG,14152,14153,2025-05-28T10:00:00+00:00,2025-05-28T10:15:00+00:00,683.8,680.0743044256334,689.3885433615499,3.7256955743665685,1.5,2025-05-29T00:45:00+00:00,689.3885433615499,TP,1.5000000000000153,0.4791441143640727,1.0208558856359427,58,
ETH,TREND_PULLBACK,LONG,14246,14247,2025-05-29T09:30:00+00:00,2025-05-29T09:45:00+00:00,2725.01,2701.600024621077,2760.124963068385,23.409975378923264,1.5,2025-05-29T12:15:00+00:00,2701.600024621077,SL,-1.0,0.30134986978067785,-1.3013498697806778,10,
UNI,TREND_PULLBACK,LONG,14304,14305,2025-05-30T00:00:00+00:00,2025-05-30T00:15:00+00:00,6.664,6.538283827525607,6.852574258711589,0.1257161724743927,1.5,2025-05-30T00:45:00+00:00,6.538283827525607,SL,-1.0,0.13652156789357578,-1.1365215678935758,2,
XRP,TREND_PULLBACK,SHORT,14357,14358,2025-05-30T13:15:00+00:00,2025-05-30T13:30:00+00:00,2.186,2.216440885212501,2.1403386721812483,0.0304408852125011,1.5,2025-05-30T16:30:00+00:00,2.1403386721812483,TP,1.5,0.1847594192670168,1.3152405807329832,12,
ADA,TREND_PULLBACK,SHORT,14441,14442,2025-05-31T10:15:00+00:00,2025-05-31T10:30:00+00:00,0.6676,0.6747446249512845,0.6568830625730732,0.0071446249512845394,1.5,2025-05-31T12:45:00+00:00,0.6747446249512845,SL,-1.0,0.24424627245450103,-1.2442462724545011,9,
AVAX,TREND_PULLBACK,SHORT,14471,14472,2025-05-31T17:45:00+00:00,2025-05-31T18:00:00+00:00,20.686,21.02492561647569,20.177611575286463,0.3389256164756915,1.5,2025-05-31T21:00:00+00:00,21.02492561647569,SL,-1.0,0.15998850681535157,-1.1599885068153515,12,
ADA,TREND_PULLBACK,SHORT,14491,14492,2025-05-31T22:45:00+00:00,2025-05-31T23:00:00+00:00,0.6851,0.6929849662465931,0.6732725506301105,0.007884966246593073,1.5,2025-06-01T02:00:00+00:00,0.6732725506301105,TP,1.499999999999993,0.2239558497263251,1.276044150273668,12,
LINK,TREND_PULLBACK,SHORT,14493,14494,2025-05-31T23:15:00+00:00,2025-05-31T23:30:00+00:00,14.021,14.189847261961248,13.76772910705813,0.1688472619612469,1.5,2025-06-01T02:00:00+00:00,13.76772910705813,TP,1.5,0.2139528199602485,1.2860471800397515,10,
SUI,TREND_PULLBACK,SHORT,14501,14502,2025-06-01T01:15:00+00:00,2025-06-01T01:30:00+00:00,3.2388,3.288712261117533,3.1639316083237006,0.049912261117532886,1.5,2025-06-01T04:30:00+00:00,3.288712261117533,SL,-1.0,0.17001365495084658,-1.1700136549508466,12,
XRP,TREND_PULLBACK,SHORT,14520,14521,2025-06-01T06:00:00+00:00,2025-06-01T06:15:00+00:00,2.1659,2.1800623434701336,2.1446564847948,0.014162343470133454,1.5,2025-06-01T08:15:00+00:00,2.1446564847948,TP,1.4999999999999842,0.39567769571828043,1.1043223042817039,8,
AVAX,TREND_PULLBACK,SHORT,14493,14494,2025-05-31T23:15:00+00:00,2025-05-31T23:30:00+00:00,20.816,21.090883147586307,20.403675278620536,0.2748831475863085,1.5,2025-06-01T09:15:00+00:00,20.403675278620536,TP,1.5,0.19493948003990227,1.3050605199600978,39,
LINK,TREND_PULLBACK,SHORT,14528,14529,2025-06-01T08:00:00+00:00,2025-06-01T08:15:00+00:00,13.831,13.93053583109935,13.681696253350975,0.0995358310993506,1.5,2025-06-01T09:15:00+00:00,13.681696253350975,TP,1.4999999999999911,0.3593329631583256,1.1406670368416656,4,
SUI,TREND_PULLBACK,SHORT,14532,14533,2025-06-01T09:00:00+00:00,2025-06-01T09:15:00+00:00,3.2484,3.2848717702360632,3.1936923446459056,0.03647177023606307,1.5,2025-06-01T09:45:00+00:00,3.1936923446459056,TP,1.5,0.22962197869295642,1.2703780213070437,2,
SUI,TREND_PULLBACK,SHORT,14546,14547,2025-06-01T12:30:00+00:00,2025-06-01T12:45:00+00:00,3.2336,3.2783840461855003,3.1664239307217494,0.04478404618550025,1.5,2025-06-01T13:15:00+00:00,3.2783840461855003,SL,-1.0,0.18903113901267043,-1.1890311390126704,2,
XRP,TREND_PULLBACK,SHORT,14569,14570,2025-06-01T18:15:00+00:00,2025-06-01T18:30:00+00:00,2.156,2.1766094926373305,2.1250857610440046,0.020609492637330362,1.5,2025-06-01T22:00:00+00:00,2.1766094926373305,SL,-1.0,0.27329116924627594,-1.273291169246276,14,
LINK,TREND_PULLBACK,SHORT,14593,14594,2025-06-02T00:15:00+00:00,2025-06-02T00:30:00+00:00,13.98,14.127091962216346,13.759362056675482,0.14709196221634535,1.5,2025-06-02T08:45:00+00:00,13.759362056675482,TP,1.500000000000006,0.24516071531249783,1.2548392846875083,33,
ADA,TREND_PULLBACK,SHORT,14600,14601,2025-06-02T02:00:00+00:00,2025-06-02T02:15:00+00:00,0.6814,0.6907471240750674,0.6673793138873989,0.009347124075067437,1.5,2025-06-02T09:00:00+00:00,0.6673793138873989,TP,1.499999999999994,0.18758851321238806,1.312411486787606,27,
XRP,TREND_PULLBACK,SHORT,14593,14594,2025-06-02T00:15:00+00:00,2025-06-02T00:30:00+00:00,2.1686,2.188994875211082,2.1380076871833773,0.020394875211081853,1.5,2025-06-02T11:00:00+00:00,2.1380076871833773,TP,1.5,0.27450964692818103,1.225490353071819,42,
XRP,TREND_PULLBACK,SHORT,14647,14648,2025-06-02T13:45:00+00:00,2025-06-02T14:00:00+00:00,2.1418,2.1605323453463656,2.1137014819804514,0.018732345346365697,1.5,2025-06-02T15:15:00+00:00,2.1605323453463656,SL,-1.0,0.298576176422852,-1.298576176422852,5,
LINK,TREND_PULLBACK,SHORT,14647,14648,2025-06-02T13:45:00+00:00,2025-06-02T14:00:00+00:00,13.66,13.842813591215425,13.385779613176863,0.1828135912154245,1.5,2025-06-02T20:15:00+00:00,13.842813591215425,SL,-1.0,0.19557439592359704,-1.1955743959235972,25,
SUI,TREND_PULLBACK,SHORT,14630,14631,2025-06-02T09:30:00+00:00,2025-06-02T09:45:00+00:00,3.2829,3.3380389305331213,3.2001916042003185,0.05513893053312113,1.5,2025-06-02T21:00:00+00:00,3.3380389305331213,SL,-1.0,0.15610060852600016,-1.1561006085260002,45,
AVAX,TREND_PULLBACK,SHORT,14626,14627,2025-06-02T08:30:00+00:00,2025-06-02T08:45:00+00:00,20.585,20.8719765617948,20.154535157307805,0.28697656179479836,1.5,2025-06-02T21:45:00+00:00,20.8719765617948,SL,-1.0,0.18779955127091533,-1.1877995512709154,52,
DOGE,TREND_PULLBACK,SHORT,14626,14627,2025-06-02T08:30:00+00:00,2025-06-02T08:45:00+00:00,0.19117,0.1939327152001675,0.18702592719974875,0.0027627152001674926,1.5,2025-06-02T22:00:00+00:00,0.1939327152001675,SL,-1.0,0.18121069074722806,-1.181210690747228,53,
LINK,TREND_PULLBACK,SHORT,14700,14701,2025-06-03T03:00:00+00:00,2025-06-03T03:15:00+00:00,14.138,14.35684568659244,13.809731470111341,0.21884568659243975,1.5,2025-06-03T14:45:00+00:00,14.35684568659244,SL,-1.0,0.16926675581025535,-1.1692667558102554,46,
UNI,TREND_PULLBACK,LONG,14770,14771,2025-06-03T20:30:00+00:00,2025-06-03T20:45:00+00:00,6.695,6.586910139708103,6.857134790437845,0.10808986029189693,1.5,2025-06-03T21:45:00+00:00,6.586910139708103,SL,-1.0,0.15974193263819894,-1.159741932638199,4,
UNI,TREND_PULLBACK,LONG,14787,14788,2025-06-04T00:45:00+00:00,2025-06-04T01:00:00+00:00,6.646,6.51924089977852,6.83613865033222,0.12675910022147985,1.5,2025-06-04T09:45:00+00:00,6.83613865033222,TP,1.5000000000000036,0.13826841792666736,1.3617315820733362,35,
SOL,TREND_PULLBACK,SHORT,14839,14840,2025-06-04T13:45:00+00:00,2025-06-04T14:00:00+00:00,155.65,157.2714124223175,153.21788136652378,1.6214124223174906,1.5,2025-06-04T15:00:00+00:00,157.2714124223175,SL,-1.0,0.2508910321333145,-1.2508910321333144,4,
ETH,TREND_PULLBACK,LONG,14788,14789,2025-06-04T01:00:00+00:00,2025-06-04T01:15:00+00:00,2610.17,2580.2466072478346,2655.0550891282483,29.923392752165455,1.5,2025-06-04T15:15:00+00:00,2655.0550891282483,TP,1.5,0.2287438684696403,1.2712561315303597,56,
SOL,TREND_PULLBACK,SHORT,14849,14850,2025-06-04T16:15:00+00:00,2025-06-04T16:30:00+00:00,156.42,158.27921200411316,153.63118199383024,1.859212004113175,1.5,2025-06-04T22:15:00+00:00,153.63118199383024,TP,1.4999999999999925,0.2167942847293727,1.2832057152706198,23,
ADA,TREND_PULLBACK,SHORT,14902,14903,2025-06-05T05:30:00+00:00,2025-06-05T05:45:00+00:00,0.6727,0.6802667755829094,0.6613498366256358,0.007566775582909413,1.5,2025-06-05T07:30:00+00:00,0.6802667755829094,SL,-1.0,0.23244469047428845,-1.2324446904742885,7,
ETH,TREND_PULLBACK,LONG,14888,14889,2025-06-05T02:00:00+00:00,2025-06-05T02:15:00+00:00,2617.3,2595.0023674979043,2650.7464487531443,22.297632502095894,1.5,2025-06-05T10:30:00+00:00,2595.0023674979043,SL,-1.0,0.3038884543957911,-1.3038884543957912,33,
DOGE,TREND_PULLBACK,SHORT,14901,14902,2025-06-05T05:15:00+00:00,2025-06-05T05:30:00+00:00,0.18912,0.1911668436619092,0.18604973450713624,0.0020468436619091868,1.5,2025-06-05T12:15:00+00:00,0.1911668436619092,SL,-1.0,0.24152938788659478,-1.2415293878865947,27,
CRV,TREND_PULLBACK,SHORT,14913,14914,2025-06-05T08:15:00+00:00,2025-06-05T08:30:00+00:00,0.633,0.6411537418034087,0.620769387294887,0.008153741803408665,1.5,2025-06-05T12:30:00+00:00,0.6411537418034087,SL,-1.0,0.20314597938972934,-1.2031459793897294,16,
SUI,TREND_PULLBACK,SHORT,14892,14893,2025-06-05T03:00:00+00:00,2025-06-05T03:15:00+00:00,3.174,3.2226705074583144,3.100994238812528,0.04867050745831447,1.5,2025-06-05T13:00:00+00:00,3.2226705074583144,SL,-1.0,0.1708564815523662,-1.170856481552366,39,
SOL,TREND_PULLBACK,SHORT,14891,14892,2025-06-05T02:45:00+00:00,2025-06-05T03:00:00+00:00,153.41,155.04896739662775,150.95154890505836,1.6389673966277485,1.5,2025-06-05T13:45:00+00:00,150.95154890505836,TP,1.5000000000000087,0.24141420652459916,1.2585857934754094,43,
CRV,TREND_PULLBACK,SHORT,14935,14936,2025-06-05T13:45:00+00:00,2025-06-05T14:00:00+00:00,0.633,0.6483065846670407,0.610040122999439,0.015306584667040712,1.5,2025-06-05T15:30:00+00:00,0.6483065846670407,SL,-1.0,0.10882235301346227,-1.1088223530134622,6,
CRV,TREND_PULLBACK,SHORT,14945,14946,2025-06-05T16:15:00+00:00,2025-06-05T16:30:00+00:00,0.635,0.6510868730777586,0.6108696903833621,0.01608687307775858,1.5,2025-06-05T19:30:00+00:00,0.6510868730777586,SL,-1.0,0.10393026207887739,-1.1039302620788773,12,
CRV,TREND_PULLBACK,SHORT,15014,15015,2025-06-06T09:30:00+00:00,2025-06-06T09:45:00+00:00,0.62,0.6303052929649537,0.6045420605525693,0.01030529296495375,1.5,2025-06-06T12:30:00+00:00,0.6303052929649537,SL,-1.0,0.15772447094731717,-1.1577244709473171,11,
AVAX,TREND_PULLBACK,SHORT,15015,15016,2025-06-06T09:45:00+00:00,2025-06-06T10:00:00+00:00,19.281,19.506226433134817,18.943160350297774,0.22522643313481794,1.5,2025-06-06T12:30:00+00:00,19.506226433134817,SL,-1.0,0.2238786702841953,-1.2238786702841953,10,
LINK,TREND_PULLBACK,SHORT,15015,15016,2025-06-06T09:45:00+00:00,2025-06-06T10:00:00+00:00,13.168,13.29345308952364,12.979820365714538,0.12545308952364032,1.5,2025-06-06T12:30:00+00:00,13.29345308952364,SL,-1.0,0.2742051961175371,-1.2742051961175371,10,
AVAX,TREND_PULLBACK,SHORT,15043,15044,2025-06-06T16:45:00+00:00,2025-06-06T17:00:00+00:00,19.584,19.8914605730762,19.1228091403857,0.3074605730761988,1.5,2025-06-06T22:15:00+00:00,19.8914605730762,SL,-1.0,0.166909526745339,-1.1669095267453389,21,
CRV,TREND_PULLBACK,SHORT,15044,15045,2025-06-06T17:00:00+00:00,2025-06-06T17:15:00+00:00,0.63,0.6439189307355122,0.6091216038967318,0.013918930735512203,1.5,2025-06-07T02:30:00+00:00,0.6439189307355122,SL,-1.0,0.118981453491314,-1.118981453491314,37,
AVAX,TREND_PULLBACK,SHORT,15072,15073,2025-06-07T00:00:00+00:00,2025-06-07T00:15:00+00:00,19.599,19.874873070001648,19.185190394997527,0.27587307000164785,1.5,2025-06-07T02:45:00+00:00,19.874873070001648,SL,-1.0,0.1860132088670185,-1.1860132088670186,10,
DOGE,TREND_PULLBACK,SHORT,15044,15045,2025-06-06T17:00:00+00:00,2025-06-06T17:15:00+00:00,0.17926,0.18258942400877548,0.1742658639868368,0.003329424008775478,1.5,2025-06-07T05:00:00+00:00,0.18258942400877548,SL,-1.0,0.14128697635733614,-1.1412869763573361,47,
SOL,TREND_PULLBACK,SHORT,15038,15039,2025-06-06T15:30:00+00:00,2025-06-06T15:45:00+00:00,150.34,152.67809257685707,146.8328611347144,2.338092576857065,1.5,2025-06-07T07:15:00+00:00,152.67809257685707,SL,-1.0,0.16848071981796298,-1.168480719817963,62,
ADA,TREND_PULLBACK,SHORT,15046,15047,2025-06-06T17:30:00+00:00,2025-06-06T17:45:00+00:00,0.661,0.67112657302008,0.64581014046988,0.01012657302008002,1.5,2025-06-07T17:45:00+00:00,0.6619,TIME,-0.0888750812555638,0.16982744276764325,-0.25870252402320704,96,
SOL,TREND_PULLBACK,SHORT,15195,15196,2025-06-08T06:45:00+00:00,2025-06-08T07:00:00+00:00,149.83,150.7333944989643,148.4749082515536,0.9033944989642748,1.5,2025-06-08T09:15:00+00:00,148.4749082515536,TP,1.5000000000000158,0.42926582038259153,1.0707341796174243,9,
ETH,TREND_PULLBACK,LONG,15389,15390,2025-06-10T07:15:00+00:00,2025-06-10T07:30:00+00:00,2682.1,2649.4776711431978,2731.033493285203,32.62232885680214,1.5,2025-06-10T11:15:00+00:00,2731.033493285203,TP,1.4999999999999931,0.21571340207379,1.284286597926203,15,
BTC,TREND_PULLBACK,LONG,15386,15387,2025-06-10T06:30:00+00:00,2025-06-10T06:45:00+00:00,109529.9,108945.80108682076,110406.04836976883,584.0989131792303,1.5,2025-06-10T13:30:00+00:00,108945.80108682076,SL,-1.0,0.4862505390858622,-1.4862505390858622,27,
ETH,TREND_PULLBACK,LONG,15415,15416,2025-06-10T13:45:00+00:00,2025-06-10T14:00:00+00:00,2742.6,2703.610802234165,2801.0837966487525,38.98919776583489,1.5,2025-06-10T15:30:00+00:00,2703.610802234165,SL,-1.0,0.18159065712063663,-1.1815906571206367,6,
ETH,TREND_PULLBACK,LONG,15445,15446,2025-06-10T21:15:00+00:00,2025-06-10T21:30:00+00:00,2764.14,2718.378947333883,2832.7815789991755,45.76105266611694,1.5,2025-06-11T00:15:00+00:00,2832.7815789991755,TP,1.5000000000000049,0.1589997963068347,1.34100020369317,11,
ETH,TREND_PULLBACK,LONG,15484,15485,2025-06-11T07:00:00+00:00,2025-06-11T07:15:00+00:00,2796.2,2771.0020828876795,2833.9968756684802,25.197917112320283,1.5,2025-06-11T08:30:00+00:00,2771.0020828876795,SL,-1.0,0.2872206728632877,-1.2872206728632878,5,
UNI,TREND_PULLBACK,LONG,15451,15452,2025-06-10T22:45:00+00:00,2025-06-10T23:00:00+00:00,8.446,8.182482588321312,8.841276117518031,0.2635174116786878,1.5,2025-06-11T09:45:00+00:00,8.182482588321312,SL,-1.0,0.08203263392392374,-1.0820326339239237,43,
BTC,TREND_PULLBACK,LONG,15483,15484,2025-06-11T06:45:00+00:00,2025-06-11T07:00:00+00:00,109555.6,109200.5444599762,110088.18331003572,355.05554002380813,1.5,2025-06-11T09:45:00+00:00,109200.5444599762,SL,-1.0,0.8009535290701276,-1.8009535290701275,11,
BNB,TREND_PULLBACK,LONG,15480,15481,2025-06-11T06:00:00+00:00,2025-06-11T06:15:00+00:00,670.53,667.7794474547367,674.6558288178949,2.7505525452633037,1.5,2025-06-11T10:30:00+00:00,667.7794474547367,SL,-1.0,0.6325282840668693,-1.6325282840668693,17,
BTC,TREND_PULLBACK,LONG,15504,15505,2025-06-11T12:00:00+00:00,2025-06-11T12:15:00+00:00,109340.1,108998.73161452154,109852.1525782177,341.3683854784613,1.5,2025-06-11T12:15:00+00:00,108998.73161452154,SL,-1.0,0.8314785234170051,-1.831478523417005,0,True
ETH,TREND_PULLBACK,LONG,15504,15505,2025-06-11T12:00:00+00:00,2025-06-11T12:15:00+00:00,2779.97,2753.5260647373143,2819.635902894028,26.4439352626855,1.5,2025-06-11T12:30:00+00:00,2819.635902894028,TP,1.4999999999999913,0.2752800444203996,1.2247199555795918,1,
BNB,TREND_PULLBACK,LONG,15506,15507,2025-06-11T12:30:00+00:00,2025-06-11T12:45:00+00:00,669.74,665.9842919336946,675.373562099458,3.755708066305374,1.5,2025-06-11T18:00:00+00:00,665.9842919336946,SL,-1.0,0.4623473254197852,-1.4623473254197852,21,
UNI,TREND_PULLBACK,LONG,15578,15579,2025-06-12T06:30:00+00:00,2025-06-12T06:45:00+00:00,8.137,7.95770748134652,8.405938777980221,0.1792925186534804,1.5,2025-06-12T07:15:00+00:00,7.95770748134652,SL,-1.0,0.1166982308179222,-1.1166982308179223,2,
ETH,TREND_PULLBACK,LONG,15578,15579,2025-06-12T06:30:00+00:00,2025-06-12T06:45:00+00:00,2772.58,2740.500743935997,2820.6988840960043,32.07925606400295,1.5,2025-06-12T07:30:00+00:00,2740.500743935997,SL,-1.0,0.2234155602866083,-1.2234155602866084,3,
UNI,TREND_PULLBACK,LONG,15602,15603,2025-06-12T12:30:00+00:00,2025-06-12T12:45:00+00:00,7.942,7.767953856678093,8.203069214982861,0.17404614332190693,1.5,2025-06-12T15:45:00+00:00,7.767953856678093,SL,-1.0,0.11734210034121978,-1.1173421003412198,12,
ETH,TREND_PULLBACK,LONG,15602,15603,2025-06-12T12:30:00+00:00,2025-06-12T12:45:00+00:00,2742.7,2707.046803860911,2796.179794208633,35.65319613908878,1.5,2025-06-12T19:45:00+00:00,2707.046803860911,SL,-1.0,0.1987106798891398,-1.1987106798891398,28,
FET,TREND_PULLBACK,SHORT,15682,15683,2025-06-13T08:30:00+00:00,2025-06-13T08:45:00+00:00,0.6599,0.6726797546834882,0.6407303679747678,0.012779754683488131,1.5,2025-06-13T15:15:00+00:00,0.6726797546834882,SL,-1.0,0.13555453324364614,-1.135554533243646,26,
LINK,TREND_PULLBACK,SHORT,15701,15702,2025-06-13T13:15:00+00:00,2025-06-13T13:30:00+00:00,13.228,13.449504097484432,12.89574385377335,0.22150409748443245,1.5,2025-06-13T15:30:00+00:00,13.449504097484432,SL,-1.0,0.1565693624659343,-1.1565693624659343,8,
AVAX,TREND_PULLBACK,SHORT,15686,15687,2025-06-13T09:30:00+00:00,2025-06-13T09:45:00+00:00,19.072,19.464416541400368,18.483375187899448,0.39241654140036886,1.5,2025-06-13T16:00:00+00:00,19.464416541400368,SL,-1.0,0.12766368442330242,-1.1276636844233023,25,
SUI,TREND_PULLBACK,SHORT,15703,15704,2025-06-13T13:45:00+00:00,2025-06-13T14:00:00+00:00,3.0029,3.0571106045179617,2.921584093223057,0.05421060451796178,1.5,2025-06-13T16:00:00+00:00,3.0571106045179617,SL,-1.0,0.14532237476272936,-1.1453223747627295,8,
ADA,TREND_PULLBACK,SHORT,15703,15704,2025-06-13T13:45:00+00:00,2025-06-13T14:00:00+00:00,0.6361,0.6459072144856615,0.6213891782715077,0.009807214485661464,1.5,2025-06-14T14:00:00+00:00,0.6335,TIME,0.265110955185221,0.16829243435157526,0.09681852083364573,96,
LINK,TREND_PULLBACK,SHORT,15716,15717,2025-06-13T17:00:00+00:00,2025-06-13T17:15:00+00:00,13.331,13.624899166310916,12.890151250533624,0.2938991663109167,1.5,2025-06-14T16:45:00+00:00,12.890151250533624,TP,1.500000000000003,0.11598364518541185,1.3840163548145912,94,
AVAX,TREND_PULLBACK,SHORT,15717,15718,2025-06-13T17:15:00+00:00,2025-06-13T17:30:00+00:00,19.148,19.564860225121787,18.522709662317318,0.41686022512178766,1.5,2025-06-14T17:30:00+00:00,18.878,TIME,0.6476991176625638,0.1185860320100285,0.5291130856525353,96,
FET,TREND_PULLBACK,SHORT,15717,15718,2025-06-13T17:15:00+00:00,2025-06-13T17:30:00+00:00,0.6677,0.687222658090675,0.6384160128639875,0.019522658090674994,1.5,2025-06-14T17:30:00+00:00,0.6611,TIME,0.3380687183756208,0.08848385255617996,0.24958486581944084,96,
CRV,TREND_PULLBACK,SHORT,15720,15721,2025-06-13T18:00:00+00:00,2025-06-13T18:15:00+00:00,0.602,0.6213324296660223,0.5730013555009665,0.019332429666022333,1.5,2025-06-14T18:15:00+00:00,0.586,TIME,0.827624891253104,0.07988649262820578,0.7477383986248982,96,
DOGE,TREND_PULLBACK,SHORT,15845,15846,2025-06-15T01:15:00+00:00,2025-06-15T01:30:00+00:00,0.17753,0.1790577858976965,0.17523832115345522,0.0015277858976965042,1.5,2025-06-15T07:30:00+00:00,0.17523832115345522,TP,1.500000000000009,0.3001721760823537,1.1998278239176554,24,
AVAX,TREND_PULLBACK,SHORT,15867,15868,2025-06-15T06:45:00+00:00,2025-06-15T07:00:00+00:00,19.079,19.25408737575375,18.81636893636938,0.17508737575374766,1.5,2025-06-15T09:00:00+00:00,18.81636893636938,TP,1.5,0.2813679707357526,1.2186320292642474,8,
LINK,TREND_PULLBACK,SHORT,15864,15865,2025-06-15T06:00:00+00:00,2025-06-15T06:15:00+00:00,13.225,13.345933424537082,13.043599863194377,0.12093342453708189,1.5,2025-06-15T09:30:00+00:00,13.043599863194377,TP,1.5,0.2823799950499335,1.2176200049500665,13,
FET,TREND_PULLBACK,SHORT,15865,15866,2025-06-15T06:15:00+00:00,2025-06-15T06:30:00+00:00,0.6721,0.6816072538585212,0.6578391192122184,0.009507253858521136,1.5,2025-06-15T12:45:00+00:00,0.6816072538585212,SL,-1.0,0.18510281267379763,-1.1851028126737977,25,
LINK,TREND_PULLBACK,SHORT,15889,15890,2025-06-15T12:15:00+00:00,2025-06-15T12:30:00+00:00,13.063,13.158934132595519,12.919098801106724,0.0959341325955183,1.5,2025-06-15T13:00:00+00:00,13.158934132595519,SL,-1.0,0.3553324916805123,-1.3553324916805123,2,
SUI,TREND_PULLBACK,SHORT,15869,15870,2025-06-15T07:15:00+00:00,2025-06-15T07:30:00+00:00,2.9889,3.0270945846544803,2.9316081230182798,0.038194584654480224,1.5,2025-06-15T15:30:00+00:00,3.0270945846544803,SL,-1.0,0.20476182764651288,-1.2047618276465129,32,
CRV,TREND_PULLBACK,SHORT,15851,15852,2025-06-15T02:45:00+00:00,2025-06-15T03:00:00+00:00,0.592,0.6003992254936646,0.579401161759503,0.008399225493664675,1.5,2025-06-15T20:15:00+00:00,0.579401161759503,TP,1.5,0.18130499192288385,1.3186950080771163,69,
XRP,TREND_PULLBACK,SHORT,15902,15903,2025-06-15T15:30:00+00:00,2025-06-15T15:45:00+00:00,2.1636,2.177780767422666,2.1423288488660015,0.01418076742266594,1.5,2025-06-15T20:30:00+00:00,2.1423288488660015,TP,1.4999999999999842,0.39473939150702536,1.1052606084929588,19,
ADA,TREND_PULLBACK,SHORT,15918,15919,2025-06-15T19:30:00+00:00,2025-06-15T19:45:00+00:00,0.6276,0.6339977285253553,0.6180034072119671,0.006397728525355251,1.5,2025-06-15T23:30:00+00:00,0.6339977285253553,SL,-1.0,0.25635302288664896,-1.2563530228866489,15,
AVAX,TREND_PULLBACK,SHORT,15918,15919,2025-06-15T19:30:00+00:00,2025-06-15T19:45:00+00:00,19.001,19.250315785200208,18.62702632219969,0.24931578520020636,1.5,2025-06-16T01:45:00+00:00,19.250315785200208,SL,-1.0,0.1994527160838555,-1.1994527160838555,24,
LINK,TREND_PULLBACK,SHORT,15940,15941,2025-06-16T01:00:00+00:00,2025-06-16T01:15:00+00:00,13.192,13.35103738742399,12.953443918864016,0.15903738742398943,1.5,2025-06-16T01:45:00+00:00,13.35103738742399,SL,-1.0,0.21696752670904515,-1.2169675267090452,2,
SUI,TREND_PULLBACK,SHORT,15918,15919,2025-06-15T19:30:00+00:00,2025-06-15T19:45:00+00:00,3.0054,3.0524554458452324,2.934816831232151,0.04705544584523258,1.5,2025-06-16T02:00:00+00:00,3.0524554458452324,SL,-1.0,0.16736026910680477,-1.1673602691068048,25,
SUI,TREND_PULLBACK,SHORT,15956,15957,2025-06-16T05:00:00+00:00,2025-06-16T05:15:00+00:00,3.052,3.1001757865681694,2.979736320147746,0.04817578656816934,1.5,2025-06-16T06:30:00+00:00,3.1001757865681694,SL,-1.0,0.16601344974869467,-1.1660134497486947,5,
UNI,TREND_PULLBACK,LONG,16019,16020,2025-06-16T20:45:00+00:00,2025-06-16T21:00:00+00:00,7.866,7.765042222569397,8.017436666145905,0.10095777743060275,1.5,2025-06-16T22:30:00+00:00,7.765042222569397,SL,-1.0,0.20127577494768248,-1.2012757749476826,6,
UNI,TREND_PULLBACK,LONG,16040,16041,2025-06-17T02:00:00+00:00,2025-06-17T02:15:00+00:00,7.627,7.419787030030569,7.9378194549541465,0.20721296996943117,1.5,2025-06-17T13:45:00+00:00,7.419787030030569,SL,-1.0,0.09439960800680297,-1.094399608006803,46,
ADA,TREND_PULLBACK,SHORT,16086,16087,2025-06-17T13:30:00+00:00,2025-06-17T13:45:00+00:00,0.6226,0.6280519099630114,0.614422135055483,0.00545190996301137,1.5,2025-06-17T15:00:00+00:00,0.614422135055483,TP,1.4999999999999898,0.2949661286562913,1.2050338713436985,5,
AVAX,TREND_PULLBACK,SHORT,16086,16087,2025-06-17T13:30:00+00:00,2025-06-17T13:45:00+00:00,18.91,19.114604301200004,18.603093548199993,0.2046043012000034,1.5,2025-06-17T15:15:00+00:00,18.603093548199993,TP,1.5000000000000087,0.23834797864288093,1.2616520213571278,6,
DOGE,TREND_PULLBACK,SHORT,16086,16087,2025-06-17T13:30:00+00:00,2025-06-17T13:45:00+00:00,0.17098,0.17276832518144017,0.16829751222783973,0.0017883251814401757,1.5,2025-06-17T15:15:00+00:00,0.16829751222783973,TP,1.5,0.24663342577382724,1.2533665742261728,6,
CRV,TREND_PULLBACK,SHORT,16129,16130,2025-06-18T00:15:00+00:00,2025-06-18T00:30:00+00:00,0.578,0.5908966005209121,0.5586550992186318,0.012896600520912127,1.5,2025-06-18T03:30:00+00:00,0.5908966005209121,SL,-1.0,0.11782683182387296,-1.1178268318238729,12,
LINK,TREND_PULLBACK,SHORT,16135,16136,2025-06-18T01:45:00+00:00,2025-06-18T02:00:00+00:00,13.023,13.197489068549206,12.76126639717619,0.17448906854920665,1.5,2025-06-18T04:45:00+00:00,13.197489068549206,SL,-1.0,0.1953511247009803,-1.1953511247009803,11,
FET,TREND_PULLBACK,SHORT,16133,16134,2025-06-18T01:15:00+00:00,2025-06-18T01:30:00+00:00,0.6566,0.6682666305993283,0.6391000541010075,0.011666630599328376,1.5,2025-06-18T05:30:00+00:00,0.6682666305993283,SL,-1.0,0.14762845237238229,-1.1476284523723823,16,
SUI,TREND_PULLBACK,SHORT,16154,16155,2025-06-18T06:30:00+00:00,2025-06-18T06:45:00+00:00,2.8629,2.905144395384808,2.7995334069227873,0.042244395384808175,1.5,2025-06-18T08:30:00+00:00,2.7995334069227873,TP,1.5000000000000053,0.17425183534871533,1.32574816465129,7,
AVAX,TREND_PULLBACK,SHORT,16153,16154,2025-06-18T06:15:00+00:00,2025-06-18T06:30:00+00:00,18.72,18.950749099237214,18.373876351144176,0.2307490992372152,1.5,2025-06-18T10:30:00+00:00,18.373876351144176,TP,1.5,0.20898040085917777,1.2910195991408222,16,
DOGE,TREND_PULLBACK,SHORT,16154,16155,2025-06-18T06:30:00+00:00,2025-06-18T06:45:00+00:00,0.17038,0.17205462988108938,0.16786805517836595,0.001674629881089379,1.5,2025-06-18T10:30:00+00:00,0.16786805517836595,TP,1.4999999999999918,0.26257889978998095,1.2374211002100108,15,
ADA,TREND_PULLBACK,SHORT,16156,16157,2025-06-18T07:00:00+00:00,2025-06-18T07:15:00+00:00,0.6123,0.6188518509489894,0.6024722235765158,0.006551850948989468,1.5,2025-06-18T10:45:00+00:00,0.6024722235765158,TP,1.5,0.24103171805107085,1.2589682819489292,14,
SOL,TREND_PULLBACK,SHORT,16116,16117,2025-06-17T21:00:00+00:00,2025-06-17T21:15:00+00:00,147.5,150.10524362552198,143.59213456171705,2.605243625521979,1.5,2025-06-18T19:00:00+00:00,143.59213456171705,TP,1.4999999999999944,0.14525312382423086,1.3547468761757635,87,
DOGE,TREND_PULLBACK,SHORT,16187,16188,2025-06-18T14:45:00+00:00,2025-06-18T15:00:00+00:00,0.16736,0.1702192888696367,0.163071066695545,0.0028592888696366836,1.5,2025-06-18T20:45:00+00:00,0.1702192888696367,SL,-1.0,0.1534832944620565,-1.1534832944620566,23,
FET,TREND_PULLBACK,SHORT,16187,16188,2025-06-18T14:45:00+00:00,2025-06-18T15:00:00+00:00,0.6493,0.6631867446000108,0.6284698830999838,0.013886744600010825,1.5,2025-06-18T20:45:00+00:00,0.6631867446000108,SL,-1.0,0.1228677286956573,-1.1228677286956572,23,
LINK,TREND_PULLBACK,SHORT,16187,16188,2025-06-18T14:45:00+00:00,2025-06-18T15:00:00+00:00,12.83,13.056884616118763,12.489673075821855,0.2268846161187632,1.5,2025-06-18T20:45:00+00:00,13.056884616118763,SL,-1.0,0.1483262751641949,-1.148326275164195,23,
ADA,TREND_PULLBACK,SHORT,16205,16206,2025-06-18T19:15:00+00:00,2025-06-18T19:30:00+00:00,0.5916,0.6048352572767568,0.5717471140848649,0.013235257276756784,1.5,2025-06-18T20:45:00+00:00,0.6048352572767568,SL,-1.0,0.11751685682689778,-1.1175168568268978,5,
AVAX,TREND_PULLBACK,SHORT,16187,16188,2025-06-18T14:45:00+00:00,2025-06-18T15:00:00+00:00,18.353,18.680012265236872,17.862481602144697,0.32701226523687055,1.5,2025-06-19T04:15:00+00:00,17.862481602144697,TP,1.4999999999999947,0.1439705206429665,1.3560294793570282,53,
BNB,TREND_PULLBACK,SHORT,16228,16229,2025-06-19T01:00:00+00:00,2025-06-19T01:15:00+00:00,642.16,646.1841048500909,636.1238427248636,4.024104850090907,1.5,2025-06-19T05:00:00+00:00,646.1841048500909,SL,-1.0,0.4162037021145913,-1.4162037021145912,15,
BNB,TREND_PULLBACK,SHORT,16249,16250,2025-06-19T06:15:00+00:00,2025-06-19T06:30:00+00:00,643.89,646.9553956049724,639.2919065925414,3.065395604972423,1.5,2025-06-19T15:45:00+00:00,639.2919065925414,TP,1.4999999999999813,0.5441830985417985,0.9558169014581829,37,
SOL,TREND_PULLBACK,SHORT,16222,16223,2025-06-18T23:30:00+00:00,2025-06-18T23:45:00+00:00,145.96,148.2045603892666,142.59315941610015,2.2445603892665815,1.5,2025-06-19T23:45:00+00:00,146.96,TIME,-0.44552153944352274,0.16965282013393568,-0.6151743595774584,96,
ADA,TREND_PULLBACK,SHORT,16228,16229,2025-06-19T01:00:00+00:00,2025-06-19T01:15:00+00:00,0.6026,0.6133069238841342,0.5865396141737987,0.01070692388413419,1.5,2025-06-20T01:15:00+00:00,0.5993,TIME,0.3082117735879302,0.1459308029933145,0.16228097059461571,96,
DOGE,TREND_PULLBACK,SHORT,16228,16229,2025-06-19T01:00:00+00:00,2025-06-19T01:15:00+00:00,0.16962,0.1723868273696695,0.1654697589454957,0.0027668273696695167,1.5,2025-06-20T01:15:00+00:00,0.16991,TIME,-0.10481318899004945,0.159528926465955,-0.26434211545600445,96,
ADA,TREND_PULLBACK,SHORT,16330,16331,2025-06-20T02:30:00+00:00,2025-06-20T02:45:00+00:00,0.5997,0.6049399406624556,0.5918400890063167,0.005239940662455589,1.5,2025-06-20T04:45:00+00:00,0.5918400890063167,TP,1.4999999999999893,0.2956144383097469,1.2043855616902426,8,
SUI,TREND_PULLBACK,SHORT,16248,16249,2025-06-19T06:00:00+00:00,2025-06-19T06:15:00+00:00,2.8208,2.8619209220769903,2.759118616884515,0.04112092207699014,1.5,2025-06-20T06:15:00+00:00,2.7922,TIME,0.6955096956836964,0.17744981463056964,0.5180598810531267,96,
SOL,TREND_PULLBACK,SHORT,16344,16345,2025-06-20T06:00:00+00:00,2025-06-20T06:15:00+00:00,145.07,145.98623708093453,143.6956443785982,0.9162370809345362,1.5,2025-06-20T07:15:00+00:00,145.98623708093453,SL,-1.0,0.41296419461574824,-1.4129641946157483,4,
LINK,TREND_PULLBACK,SHORT,16324,16325,2025-06-20T01:00:00+00:00,2025-06-20T01:15:00+00:00,13.037,13.17312550532283,12.832811742015757,0.13612550532282874,1.5,2025-06-20T07:45:00+00:00,13.17312550532283,SL,-1.0,0.2503069727903922,-1.2503069727903922,26,
AVAX,TREND_PULLBACK,SHORT,16374,16375,2025-06-20T13:30:00+00:00,2025-06-20T13:45:00+00:00,18.247,18.407060122690048,18.006909815964928,0.160060122690048,1.5,2025-06-20T14:30:00+00:00,18.006909815964928,TP,1.5,0.2944523718254328,1.2055476281745672,3,
ADA,TREND_PULLBACK,SHORT,16375,16376,2025-06-20T13:45:00+00:00,2025-06-20T14:00:00+00:00,0.5999,0.6068146451595005,0.5895280322607492,0.006914645159500465,1.5,2025-06-20T14:45:00+00:00,0.5895280322607492,TP,1.500000000000008,0.2236205049241717,1.2763794950758363,3,
LINK,TREND_PULLBACK,SHORT,16375,16376,2025-06-20T13:45:00+00:00,2025-06-20T14:00:00+00:00,13.094,13.238278500807468,12.877582248788798,0.1442785008074683,1.5,2025-06-20T14:45:00+00:00,12.877582248788798,TP,1.4999999999999938,0.2340130839623873,1.2659869160376065,3,
CRV,TREND_PULLBACK,SHORT,16410,16411,2025-06-20T22:30:00+00:00,2025-06-20T22:45:00+00:00,0.565,0.5784182571574525,0.544872614263821,0.013418257157452596,1.5,2025-06-21T01:30:00+00:00,0.5784182571574525,SL,-1.0,0.1107777050970518,-1.1107777050970518,11,
BNB,TREND_PULLBACK,SHORT,16434,16435,2025-06-21T04:30:00+00:00,2025-06-21T04:45:00+00:00,642.87,644.9094506947122,639.8108239579317,2.0394506947121727,1.5,2025-06-21T07:00:00+00:00,639.8108239579317,TP,1.500000000000028,0.8176147996461582,0.6823852003538697,9,
XRP,TREND_PULLBACK,SHORT,16434,16435,2025-06-21T04:30:00+00:00,2025-06-21T04:45:00+00:00,2.1216,2.1342181442476718,2.102672783628492,0.012618144247671825,1.5,2025-06-21T08:00:00+00:00,2.1342181442476718,SL,-1.0,0.4384609558210421,-1.4384609558210422,13,
LINK,TREND_PULLBACK,SHORT,16443,16444,2025-06-21T06:45:00+00:00,2025-06-21T07:00:00+00:00,12.622,12.72363646847714,12.469545297284288,0.1016364684771407,1.5,2025-06-21T08:45:00+00:00,12.72363646847714,SL,-1.0,0.3241880390248998,-1.3241880390248997,7,
DOGE,TREND_PULLBACK,SHORT,16444,16445,2025-06-21T07:00:00+00:00,2025-06-21T07:15:00+00:00,0.16256,0.16360703914844715,0.16098944127732928,0.001047039148447143,1.5,2025-06-21T08:45:00+00:00,0.16360703914844715,SL,-1.0,0.4049678099637806,-1.4049678099637806,6,
FET,TREND_PULLBACK,SHORT,16448,16449,2025-06-21T08:00:00+00:00,2025-06-21T08:15:00+00:00,0.6529,0.6584842236910929,0.6445236644633607,0.005584223691092904,1.5,2025-06-21T08:45:00+00:00,0.6584842236910929,SL,-1.0,0.30528853876639206,-1.305288538766392,2,
AVAX,TREND_PULLBACK,SHORT,16444,16445,2025-06-21T07:00:00+00:00,2025-06-21T07:15:00+00:00,17.492,17.637041880112996,17.274437179830507,0.1450418801129949,1.5,2025-06-21T13:30:00+00:00,17.274437179830507,TP,1.5000000000000122,0.3116090904128478,1.1883909095871643,25,
SUI,TREND_PULLBACK,SHORT,16452,16453,2025-06-21T09:00:00+00:00,2025-06-21T09:15:00+00:00,2.7283,2.758735652923251,2.682646520615123,0.030435652923251233,1.5,2025-06-21T13:30:00+00:00,2.682646520615123,TP,1.5,0.2311181066014155,1.2688818933985846,17,
FET,TREND_PULLBACK,SHORT,16465,16466,2025-06-21T12:15:00+00:00,2025-06-21T12:30:00+00:00,0.652,0.6591091123988321,0.641336331401752,0.0071091123988320515,1.5,2025-06-21T13:30:00+00:00,0.641336331401752,TP,1.5,0.23650452215363799,1.263495477846362,4,
CRV,TREND_PULLBACK,SHORT,16429,16430,2025-06-21T03:15:00+00:00,2025-06-21T03:30:00+00:00,0.573,0.5828469387666544,0.5582295918500183,0.009846938766654434,1.5,2025-06-21T13:45:00+00:00,0.5582295918500183,TP,1.5,0.14934575143140344,1.3506542485685966,41,
ADA,TREND_PULLBACK,SHORT,16465,16466,2025-06-21T12:15:00+00:00,2025-06-21T12:30:00+00:00,0.583,0.5868775925465185,0.5771836111802222,0.003877592546518538,1.5,2025-06-21T13:45:00+00:00,0.5771836111802222,TP,1.4999999999999858,0.3889626556788303,1.1110373443211554,5,
FET,TREND_PULLBACK,SHORT,16512,16513,2025-06-22T00:00:00+00:00,2025-06-22T00:15:00+00:00,0.6081,0.6199224485806968,0.5903663271289548,0.01182244858069681,1.5,2025-06-22T00:30:00+00:00,0.6199224485806968,SL,-1.0,0.13503371761425864,-1.1350337176142586,1,
LINK,TREND_PULLBACK,SHORT,16512,16513,2025-06-22T00:00:00+00:00,2025-06-22T00:15:00+00:00,11.948,12.169009989905655,11.616485015141517,0.2210099899056548,1.5,2025-06-22T00:30:00+00:00,12.169009989905655,SL,-1.0,0.1418583521960297,-1.1418583521960297,1,
XRP,TREND_PULLBACK,SHORT,16512,16513,2025-06-22T00:00:00+00:00,2025-06-22T00:15:00+00:00,2.0513,2.078988612030423,2.009767081954365,0.027688612030423165,1.5,2025-06-22T00:30:00+00:00,2.078988612030423,SL,-1.0,0.19391998377310826,-1.1939199837731083,1,
XRP,TREND_PULLBACK,SHORT,16542,16543,2025-06-22T07:30:00+00:00,2025-06-22T07:45:00+00:00,2.0697,2.095737481918394,2.0306437771224095,0.026037481918393723,1.5,2025-06-22T11:00:00+00:00,2.0306437771224095,TP,1.5,0.20472205902881613,1.2952779409711839,13,
FET,TREND_PULLBACK,SHORT,16534,16535,2025-06-22T05:30:00+00:00,2025-06-22T05:45:00+00:00,0.6013,0.6122674088579864,0.5848488867130204,0.010967408857986416,1.5,2025-06-22T13:15:00+00:00,0.5848488867130204,TP,1.499999999999995,0.14059779959822086,1.359402200401774,30,
ADA,TREND_PULLBACK,SHORT,16542,16543,2025-06-22T07:30:00+00:00,2025-06-22T07:45:00+00:00,0.5508,0.5602875757582466,0.53656863636263,0.009487575758246658,1.5,2025-06-22T13:15:00+00:00,0.53656863636263,TP,1.5,0.1489926682316847,1.3510073317683153,22,
LINK,TREND_PULLBACK,SHORT,16542,16543,2025-06-22T07:30:00+00:00,2025-06-22T07:45:00+00:00,11.952,12.14810263561359,11.657846046579614,0.19610263561358998,1.5,2025-06-22T13:15:00+00:00,11.657846046579614,TP,1.5000000000000044,0.15651395895072037,1.3434860410492842,22,
SOL,TREND_PULLBACK,SHORT,16542,16543,2025-06-22T07:30:00+00:00,2025-06-22T07:45:00+00:00,134.83,137.0069689036904,131.56454664446443,2.17696890369038,1.5,2025-06-22T13:15:00+00:00,131.56454664446443,TP,1.5000000000000064,0.1590803203714747,1.3409196796285316,22,
AVAX,TREND_PULLBACK,SHORT,16557,16558,2025-06-22T11:15:00+00:00,2025-06-22T11:30:00+00:00,16.7,16.926191644540676,16.360712533188984,0.22619164454067686,1.5,2025-06-22T13:15:00+00:00,16.360712533188984,TP,1.5,0.19001111371917465,1.3099888862808253,7,
CRV,TREND_PULLBACK,SHORT,16564,16565,2025-06-22T13:00:00+00:00,2025-06-22T13:15:00+00:00,0.532,0.5425796547588643,0.5161305178617037,0.010579654758864243,1.5,2025-06-22T13:15:00+00:00,0.5161305178617037,TP,1.4999999999999947,0.12879150636542044,1.3712084936345743,0,True
ETH,TREND_PULLBACK,SHORT,16564,16565,2025-06-22T13:00:00+00:00,2025-06-22T13:15:00+00:00,2260.57,2294.647180234555,2209.4542296481677,34.07718023455482,1.5,2025-06-22T13:15:00+00:00,2209.4542296481677,TP,1.5000000000000067,0.17052559685235158,1.329474403147655,0,True
FET,TREND_PULLBACK,SHORT,16572,16573,2025-06-22T15:00:00+00:00,2025-06-22T15:15:00+00:00,0.5839,0.6038915756381901,0.5539126365427148,0.019991575638190096,1.5,2025-06-22T20:00:00+00:00,0.5539126365427148,TP,1.5,0.07398898687504565,1.4260110131249544,19,
DOGE,TREND_PULLBACK,SHORT,16642,16643,2025-06-23T08:30:00+00:00,2025-06-23T08:45:00+00:00,0.15314,0.15507154931829706,0.15024267602255442,0.00193154931829706,1.5,2025-06-23T13:30:00+00:00,0.15507154931829706,SL,-1.0,0.20743711295295283,-1.2074371129529529,19,
BTC,TREND_PULLBACK,SHORT,16645,16646,2025-06-23T09:15:00+00:00,2025-06-23T09:30:00+00:00,101472.5,102087.16961687156,100550.49557469267,614.6696168715571,1.5,2025-06-23T13:30:00+00:00,102087.16961687156,SL,-1.0,0.4305200114637036,-1.4305200114637036,16,
ETH,TREND_PULLBACK,SHORT,16645,16646,2025-06-23T09:15:00+00:00,2025-06-23T09:30:00+00:00,2244.58,2272.222485395874,2203.1162719061886,27.642485395874246,1.5,2025-06-23T13:30:00+00:00,2272.222485395874,SL,-1.0,0.21242095806229613,-1.2124209580622962,16,
LINK,TREND_PULLBACK,SHORT,16661,16662,2025-06-23T13:15:00+00:00,2025-06-23T13:30:00+00:00,11.79,11.955749317741327,11.541376023388008,0.16574931774132828,1.5,2025-06-23T13:30:00+00:00,11.955749317741327,SL,-1.0,0.18624193772694286,-1.1862419377269429,0,True
SOL,TREND_PULLBACK,SHORT,16661,16662,2025-06-23T13:15:00+00:00,2025-06-23T13:30:00+00:00,133.8,135.59856377099084,131.10215434351377,1.7985637709908247,1.5,2025-06-23T13:30:00+00:00,135.59856377099084,SL,-1.0,0.1947209982492607,-1.1947209982492608,0,True
SUI,TREND_PULLBACK,SHORT,16661,16662,2025-06-23T13:15:00+00:00,2025-06-23T13:30:00+00:00,2.4875,2.530692092179012,2.4227118617314813,0.04319209217901232,1.5,2025-06-23T13:30:00+00:00,2.530692092179012,SL,-1.0,0.15103805791104172,-1.1510380579110417,0,True
CRV,TREND_PULLBACK,SHORT,16634,16635,2025-06-23T06:30:00+00:00,2025-06-23T06:45:00+00:00,0.531,0.5407807595555716,0.5163288606666427,0.009780759555571561,1.5,2025-06-23T14:00:00+00:00,0.5407807595555716,SL,-1.0,0.14245468151075735,-1.1424546815107575,29,
XRP,TREND_PULLBACK,SHORT,16634,16635,2025-06-23T06:30:00+00:00,2025-06-23T06:45:00+00:00,2.0152,2.040567950554751,1.9771480741678735,0.02536795055475105,1.5,2025-06-23T16:15:00+00:00,1.9771480741678735,TP,1.5,0.20459092606699414,1.2954090739330058,38,
ETH,TREND_PULLBACK,SHORT,16669,16670,2025-06-23T15:15:00+00:00,2025-06-23T15:30:00+00:00,2264.69,2307.257921168278,2200.838118247583,42.567921168277735,1.5,2025-06-23T16:30:00+00:00,2200.838118247583,TP,1.5000000000000053,0.1363746782647204,1.363625321735285,4,
BNB,TREND_PULLBACK,SHORT,16673,16674,2025-06-23T16:15:00+00:00,2025-06-23T16:30:00+00:00,619.73,626.2297830049214,609.980325492618,6.499783004921369,1.5,2025-06-23T17:30:00+00:00,626.2297830049214,SL,-1.0,0.24920027586766996,-1.24920027586767,4,
CRV,TREND_PULLBACK,SHORT,16669,16670,2025-06-23T15:15:00+00:00,2025-06-23T15:30:00+00:00,0.524,0.5390176908813888,0.5014734636779168,0.015017690881388823,1.5,2025-06-23T18:00:00+00:00,0.5390176908813888,SL,-1.0,0.09201967260215749,-1.0920196726021576,10,
ADA,TREND_PULLBACK,SHORT,16897,16898,2025-06-26T00:15:00+00:00,2025-06-26T00:30:00+00:00,0.5675,0.5716691399692738,0.5612462900460893,0.004169139969273816,1.5,2025-06-26T01:30:00+00:00,0.5716691399692738,SL,-1.0,0.3552099216803229,-1.3552099216803228,4,
CRV,TREND_PULLBACK,SHORT,16900,16901,2025-06-26T01:00:00+00:00,2025-06-26T01:15:00+00:00,0.527,0.5343024494093076,0.5160463258860386,0.0073024494093075765,1.5,2025-06-26T01:30:00+00:00,0.5343024494093076,SL,-1.0,0.188935671704013,-1.188935671704013,1,
CRV,TREND_PULLBACK,SHORT,16909,16910,2025-06-26T03:15:00+00:00,2025-06-26T03:30:00+00:00,0.529,0.544024950880099,0.5064625736798516,0.01502495088009892,1.5,2025-06-26T10:00:00+00:00,0.5064625736798516,TP,1.5000000000000038,0.08959106465810586,1.4104089353418978,26,
ADA,TREND_PULLBACK,SHORT,16930,16931,2025-06-26T08:30:00+00:00,2025-06-26T08:45:00+00:00,0.5703,0.576429210911935,0.5611061836320976,0.006129210911934968,1.5,2025-06-26T12:00:00+00:00,0.5611061836320976,TP,1.499999999999991,0.23997021147660136,1.2600297885233895,13,
AVAX,TREND_PULLBACK,SHORT,16930,16931,2025-06-26T08:30:00+00:00,2025-06-26T08:45:00+00:00,17.614,17.83286230797155,17.285706538042678,0.21886230797154838,1.5,2025-06-26T12:45:00+00:00,17.285706538042678,TP,1.5,0.20729754209369589,1.2927024579063042,16,
BTC,TREND_PULLBACK,LONG,16896,16897,2025-06-26T00:00:00+00:00,2025-06-26T00:15:00+00:00,107459.4,106900.03256397127,108298.45115404308,559.3674360287259,1.5,2025-06-26T13:45:00+00:00,106900.03256397127,SL,-1.0,0.4981828479533654,-1.4981828479533654,54,
AVAX,TREND_PULLBACK,SHORT,16955,16956,2025-06-26T14:45:00+00:00,2025-06-26T15:00:00+00:00,17.288,17.47304861737482,17.010427073937773,0.18504861737481804,1.5,2025-06-26T20:30:00+00:00,17.47304861737482,SL,-1.0,0.244202652490268,-1.244202652490268,22,
AVAX,TREND_PULLBACK,SHORT,16982,16983,2025-06-26T21:30:00+00:00,2025-06-26T21:45:00+00:00,17.242,17.53933555546654,16.795996666800193,0.2973355554665389,1.5,2025-06-27T04:30:00+00:00,17.53933555546654,SL,-1.0,0.15206972523403756,-1.1520697252340375,27,
CRV,TREND_PULLBACK,SHORT,16995,16996,2025-06-27T00:45:00+00:00,2025-06-27T01:00:00+00:00,0.503,0.5139342791549213,0.48659858126761807,0.01093427915492129,1.5,2025-06-27T05:00:00+00:00,0.5139342791549213,SL,-1.0,0.12090550681673301,-1.120905506816733,16,
CRV,TREND_PULLBACK,SHORT,17022,17023,2025-06-27T07:30:00+00:00,2025-06-27T07:45:00+00:00,0.505,0.5146390268977308,0.49054145965340384,0.009639026897730774,1.5,2025-06-27T16:15:00+00:00,0.5146390268977308,SL,-1.0,0.13751706982777562,-1.1375170698277757,34,
ADA,TREND_PULLBACK,SHORT,16980,16981,2025-06-26T21:00:00+00:00,2025-06-26T21:15:00+00:00,0.5557,0.5638401462375955,0.5434897806436068,0.008140146237595514,1.5,2025-06-27T16:30:00+00:00,0.5638401462375955,SL,-1.0,0.17879312577789508,-1.178793125777895,77,
ADA,TREND_PULLBACK,SHORT,17061,17062,2025-06-27T17:15:00+00:00,2025-06-27T17:30:00+00:00,0.5515,0.5600260135010013,0.5387109797484979,0.00852601350100135,1.5,2025-06-27T22:15:00+00:00,0.5600260135010013,SL,-1.0,0.1694794193536749,-1.1694794193536748,19,
CRV,TREND_PULLBACK,SHORT,17061,17062,2025-06-27T17:15:00+00:00,2025-06-27T17:30:00+00:00,0.502,0.5145425420666032,0.4831861869000952,0.012542542066603213,1.5,2025-06-28T01:45:00+00:00,0.5145425420666032,SL,-1.0,0.10536183954330368,-1.1053618395433036,33,
CRV,TREND_PULLBACK,SHORT,17107,17108,2025-06-28T04:45:00+00:00,2025-06-28T05:00:00+00:00,0.515,0.5200204495915003,0.5074693256127496,0.005020449591500276,1.5,2025-06-28T10:30:00+00:00,0.5074693256127496,TP,1.5,0.2647591812388585,1.2352408187611414,22,
CRV,TREND_PULLBACK,SHORT,17214,17215,2025-06-29T07:30:00+00:00,2025-06-29T07:45:00+00:00,0.513,0.5164895261144283,0.5077657108283575,0.0034895261144283207,1.5,2025-06-29T08:30:00+00:00,0.5164895261144283,SL,-1.0,0.3835295510227218,-1.383529551022722,3,
UNI,TREND_PULLBACK,LONG,17300,17301,2025-06-30T05:00:00+00:00,2025-06-30T05:15:00+00:00,7.335,7.228031777527196,7.495452333709206,0.10696822247280391,1.5,2025-06-30T06:45:00+00:00,7.228031777527196,SL,-1.0,0.1769865935240599,-1.17698659352406,6,
BTC,TREND_PULLBACK,LONG,17325,17326,2025-06-30T11:15:00+00:00,2025-06-30T11:30:00+00:00,107798.5,107436.24470248458,108341.88294627314,362.2552975154249,1.5,2025-06-30T13:45:00+00:00,107436.24470248458,SL,-1.0,0.772397726223219,-1.7723977262232191,9,
UNI,TREND_PULLBACK,LONG,17341,17342,2025-06-30T15:15:00+00:00,2025-06-30T15:30:00+00:00,7.153,7.030145207981151,7.337282188028273,0.12285479201884897,1.5,2025-07-01T04:45:00+00:00,7.030145207981151,SL,-1.0,0.15008033848241456,-1.1500803384824145,53,
BNB,TREND_PULLBACK,LONG,17432,17433,2025-07-01T14:00:00+00:00,2025-07-01T14:15:00+00:00,651.96,649.4874470693561,655.668829395966,2.4725529306439284,1.5,2025-07-01T14:15:00+00:00,649.4874470693561,SL,-1.0,0.6842651011517659,-1.684265101151766,0,True
BNB,TREND_PULLBACK,LONG,17561,17562,2025-07-02T22:15:00+00:00,2025-07-02T22:30:00+00:00,662.73,661.0662703297246,665.2255945054131,1.6637296702754156,1.5,2025-07-02T23:00:00+00:00,661.0662703297246,SL,-1.0,1.0343838798906293,-2.0343838798906293,2,
UNI,TREND_PULLBACK,LONG,17588,17589,2025-07-03T05:00:00+00:00,2025-07-03T05:15:00+00:00,7.39,7.272623020719218,7.566065468921172,0.11737697928078195,1.5,2025-07-03T06:00:00+00:00,7.566065468921172,TP,1.4999999999999962,0.16564479021978795,1.3343552097802083,3,
BTC,TREND_PULLBACK,LONG,17585,17586,2025-07-03T04:15:00+00:00,2025-07-03T04:30:00+00:00,108896.5,108414.33823182005,109619.74265226992,482.1617681799544,1.5,2025-07-03T09:00:00+00:00,109619.74265226992,TP,1.499999999999985,0.5891614271290144,0.9108385728709705,18,
BNB,TREND_PULLBACK,LONG,17588,17589,2025-07-03T05:00:00+00:00,2025-07-03T05:15:00+00:00,660.34,658.159127104143,663.6113093437857,2.180872895857078,1.5,2025-07-03T09:30:00+00:00,663.6113093437857,TP,1.500000000000026,0.7891962458777401,0.7108037541222859,17,
BNB,TREND_PULLBACK,LONG,17622,17623,2025-07-03T13:30:00+00:00,2025-07-03T13:45:00+00:00,663.3,659.8361181135698,668.4958228296452,3.4638818864301584,1.5,2025-07-03T15:30:00+00:00,659.8361181135698,SL,-1.0,0.4965749439338807,-1.4965749439338807,7,
UNI,TREND_PULLBACK,LONG,17619,17620,2025-07-03T12:45:00+00:00,2025-07-03T13:00:00+00:00,7.718,7.538703758240736,7.986944362638896,0.17929624175926406,1.5,2025-07-03T22:45:00+00:00,7.538703758240736,SL,-1.0,0.11061980268578701,-1.110619802685787,39,
ETH,TREND_PULLBACK,LONG,17664,17665,2025-07-04T00:00:00+00:00,2025-07-04T00:15:00+00:00,2591.66,2579.7611015882244,2609.5083476176633,11.898898411775463,1.5,2025-07-04T02:30:00+00:00,2579.7611015882244,SL,-1.0,0.5649974644217137,-1.5649974644217137,9,
UNI,TREND_PULLBACK,LONG,17708,17709,2025-07-04T11:00:00+00:00,2025-07-04T11:15:00+00:00,7.373,7.290203269637869,7.497195095543196,0.08279673036213087,1.5,2025-07-04T13:00:00+00:00,7.290203269637869,SL,-1.0,0.2302284663555722,-1.2302284663555723,7,
BTC,TREND_PULLBACK,LONG,17701,17702,2025-07-04T09:15:00+00:00,2025-07-04T09:30:00+00:00,108987.0,108539.21124695263,109658.68312957106,447.7887530473672,1.5,2025-07-04T13:15:00+00:00,108539.21124695263,SL,-1.0,0.6315122313738091,-1.631512231373809,15,
XRP,TREND_PULLBACK,LONG,17708,17709,2025-07-04T11:00:00+00:00,2025-07-04T11:15:00+00:00,2.2358,2.2209204315737288,2.2581193526394063,0.014879568426271028,1.5,2025-07-04T13:45:00+00:00,2.2209204315737288,SL,-1.0,0.38937530948925625,-1.3893753094892562,10,
FET,TREND_PULLBACK,SHORT,17881,17882,2025-07-06T06:15:00+00:00,2025-07-06T06:30:00+00:00,0.6514,0.6560026450791987,0.6444960323812019,0.0046026450791987195,1.5,2025-07-06T07:00:00+00:00,0.6560026450791987,SL,-1.0,0.3692710190243146,-1.3692710190243145,2,
FET,TREND_PULLBACK,SHORT,17888,17889,2025-07-06T08:00:00+00:00,2025-07-06T08:15:00+00:00,0.653,0.6595171534128502,0.6432242698807247,0.006517153412850196,1.5,2025-07-06T12:30:00+00:00,0.6595171534128502,SL,-1.0,0.26181251097639696,-1.261812510976397,17,
CRV,TREND_PULLBACK,SHORT,17856,17857,2025-07-06T00:00:00+00:00,2025-07-06T00:15:00+00:00,0.496,0.5025090083264225,0.4862364875103662,0.0065090083264225385,1.5,2025-07-06T13:30:00+00:00,0.5025090083264225,SL,-1.0,0.19942541870088312,-1.199425418700883,53,
FET,TREND_PULLBACK,SHORT,17930,17931,2025-07-06T18:30:00+00:00,2025-07-06T18:45:00+00:00,0.6682,0.6778360659414816,0.6537459010877776,0.009636065941481586,1.5,2025-07-06T20:00:00+00:00,0.6778360659414816,SL,-1.0,0.18159349431090335,-1.1815934943109034,5,
CRV,TREND_PULLBACK,SHORT,17914,17915,2025-07-06T14:30:00+00:00,2025-07-06T14:45:00+00:00,0.497,0.5053042223170817,0.4845436665243774,0.008304222317081722,1.5,2025-07-06T21:15:00+00:00,0.5053042223170817,SL,-1.0,0.15690758740068345,-1.1569075874006836,26,
UNI,TREND_PULLBACK,LONG,17952,17953,2025-07-07T00:00:00+00:00,2025-07-07T00:15:00+00:00,7.436,7.351119506817082,7.563320739774376,0.08488049318291768,1.5,2025-07-07T01:00:00+00:00,7.351119506817082,SL,-1.0,0.22647435986777362,-1.2264743598677736,3,
CRV,TREND_PULLBACK,SHORT,17948,17949,2025-07-06T23:00:00+00:00,2025-07-06T23:15:00+00:00,0.501,0.5093669073546951,0.4884496389679573,0.008366907354695141,1.5,2025-07-07T02:00:00+00:00,0.5093669073546951,SL,-1.0,0.15698476436745035,-1.1569847643674502,11,
UNI,TREND_PULLBACK,LONG,17977,17978,2025-07-07T06:15:00+00:00,2025-07-07T06:30:00+00:00,7.439,7.355979498312682,7.563530752530976,0.08302050168731778,1.5,2025-07-07T07:00:00+00:00,7.355979498312682,SL,-1.0,0.23167136980508746,-1.2316713698050874,2,
UNI,TREND_PULLBACK,LONG,17997,17998,2025-07-07T11:15:00+00:00,2025-07-07T11:30:00+00:00,7.399,7.326841440248378,7.507237839627432,0.07215855975162189,1.5,2025-07-07T12:15:00+00:00,7.326841440248378,SL,-1.0,0.2652990017846442,-1.2652990017846442,3,
ETH,TREND_PULLBACK,LONG,18007,18008,2025-07-07T13:45:00+00:00,2025-07-07T14:00:00+00:00,2564.56,2539.1515011983865,2602.67274820242,25.408498801613405,1.5,2025-07-07T14:00:00+00:00,2539.1515011983865,SL,-1.0,0.26112620833532285,-1.2611262083353227,0,True
UNI,TREND_PULLBACK,LONG,18057,18058,2025-07-08T02:15:00+00:00,2025-07-08T02:30:00+00:00,7.368,7.288103963336457,7.487844054995315,0.07989603666354306,1.5,2025-07-08T10:45:00+00:00,7.487844054995315,TP,1.5,0.24172159318518915,1.258278406814811,33,
XRP,TREND_PULLBACK,LONG,18102,18103,2025-07-08T13:30:00+00:00,2025-07-08T13:45:00+00:00,2.2931,2.2806936128502873,2.311709580724569,0.01240638714971265,1.5,2025-07-08T14:45:00+00:00,2.2806936128502873,SL,-1.0,0.479263755431257,-1.479263755431257,4,
ETH,TREND_PULLBACK,LONG,18113,18114,2025-07-08T16:15:00+00:00,2025-07-08T16:30:00+00:00,2575.43,2549.596006320184,2614.1809905197233,25.83399367981565,1.5,2025-07-08T17:00:00+00:00,2614.1809905197233,TP,1.5,0.26114794217615456,1.2388520578238453,2,
XRP,TREND_PULLBACK,LONG,18148,18149,2025-07-09T01:00:00+00:00,2025-07-09T01:15:00+00:00,2.3118,2.294862000676142,2.3372069989857867,0.016937999323857866,1.5,2025-07-09T08:15:00+00:00,2.3372069989857867,TP,1.5,0.3568136344278105,1.1431863655721894,28,
ETH,TREND_PULLBACK,LONG,18186,18187,2025-07-09T10:30:00+00:00,2025-07-09T10:45:00+00:00,2618.69,2599.336445074699,2647.7203323879517,19.35355492530107,1.5,2025-07-09T12:00:00+00:00,2647.7203323879517,TP,1.5,0.3537506912052662,1.1462493087947339,5,
XRP,TREND_PULLBACK,LONG,18268,18269,2025-07-10T07:00:00+00:00,2025-07-10T07:15:00+00:00,2.4275,2.4073341723111117,2.457748741533333,0.020165827688888527,1.5,2025-07-10T11:30:00+00:00,2.457748741533333,TP,1.5,0.31492996280498164,1.1850700371950182,17,
BTC,TREND_PULLBACK,LONG,18293,18294,2025-07-10T13:15:00+00:00,2025-07-10T13:30:00+00:00,110987.0,110606.07393707511,111558.38909438733,380.92606292488927,1.5,2025-07-10T13:30:00+00:00,110606.07393707511,SL,-1.0,0.7562386094201153,-1.7562386094201154,0,True
UNI,TREND_PULLBACK,LONG,18291,18292,2025-07-10T12:45:00+00:00,2025-07-10T13:00:00+00:00,8.288,8.181567797889251,8.447648303166124,0.10643220211074933,1.5,2025-07-10T14:00:00+00:00,8.181567797889251,SL,-1.0,0.20116503945842568,-1.2011650394584257,4,
SOL,TREND_PULLBACK,LONG,18292,18293,2025-07-10T13:00:00+00:00,2025-07-10T13:15:00+00:00,157.66,156.56684452152828,159.29973321770757,1.093155478471715,1.5,2025-07-10T14:00:00+00:00,156.56684452152828,SL,-1.0,0.3736841702052142,-1.3736841702052143,3,
LINK,TREND_PULLBACK,LONG,18293,18294,2025-07-10T13:15:00+00:00,2025-07-10T13:30:00+00:00,14.393,14.25574107706238,14.598888384406433,0.13725892293762065,1.5,2025-07-10T14:00:00+00:00,14.25574107706238,SL,-1.0,0.27133655578156396,-1.271336555781564,2,
ETH,TREND_PULLBACK,LONG,18292,18293,2025-07-10T13:00:00+00:00,2025-07-10T13:15:00+00:00,2782.85,2761.203935370813,2815.3190969437806,21.646064629187094,1.5,2025-07-10T14:15:00+00:00,2761.203935370813,SL,-1.0,0.33295983539954543,-1.3329598353995453,4,
BTC,TREND_PULLBACK,LONG,18298,18299,2025-07-10T14:30:00+00:00,2025-07-10T14:45:00+00:00,111014.2,110369.48122642058,111981.27816036911,644.7187735794141,1.5,2025-07-10T16:15:00+00:00,111981.27816036911,TP,1.4999999999999887,0.44964429994649713,1.0503557000534915,6,
ETH,TREND_PULLBACK,LONG,18304,18305,2025-07-10T16:00:00+00:00,2025-07-10T16:15:00+00:00,2776.66,2748.7204179968435,2818.569373004734,27.939582003156374,1.5,2025-07-10T17:00:00+00:00,2818.569373004734,TP,1.4999999999999918,0.26034026507928515,1.2396597349207066,3,
XRP,TREND_PULLBACK,LONG,18302,18303,2025-07-10T15:30:00+00:00,2025-07-10T15:45:00+00:00,2.451,2.4205950087043377,2.4966074869434935,0.03040499129566232,1.5,2025-07-10T17:30:00+00:00,2.4966074869434935,TP,1.5,0.21154058787525906,1.288459412124741,7,
UNI,TREND_PULLBACK,LONG,18305,18306,2025-07-10T16:15:00+00:00,2025-07-10T16:30:00+00:00,8.183,8.00875984262789,8.444360236058163,0.1742401573721093,1.5,2025-07-10T21:15:00+00:00,8.444360236058163,TP,1.499999999999995,0.12405617988919256,1.3759438201108023,19,
XRP,TREND_PULLBACK,LONG,18365,18366,2025-07-11T07:15:00+00:00,2025-07-11T07:30:00+00:00,2.5849,2.547046817332945,2.6416797740005835,0.037853182667055396,1.5,2025-07-11T10:15:00+00:00,2.6416797740005835,TP,1.5000000000000058,0.1794975541677301,1.3205024458322756,11,
DOGE,TREND_PULLBACK,LONG,18386,18387,2025-07-11T12:30:00+00:00,2025-07-11T12:45:00+00:00,0.19918,0.19681711158921478,0.20272433261617784,0.002362888410785219,1.5,2025-07-11T13:00:00+00:00,0.20272433261617784,TP,1.5000000000000058,0.22111735366606064,1.278882646333945,1,
BNB,TREND_PULLBACK,LONG,18391,18392,2025-07-11T13:45:00+00:00,2025-07-11T14:00:00+00:00,691.13,687.0540182036409,697.2439726945386,4.075981796359088,1.5,2025-07-11T15:45:00+00:00,687.0540182036409,SL,-1.0,0.4395601632139607,-1.4395601632139607,7,
BTC,TREND_PULLBACK,LONG,18391,18392,2025-07-11T13:45:00+00:00,2025-07-11T14:00:00+00:00,117967.0,117036.2704522579,119363.09432161314,930.7295477420994,1.5,2025-07-11T15:45:00+00:00,117036.2704522579,SL,-1.0,0.3282417027901095,-1.3282417027901094,7,
ETH,TREND_PULLBACK,LONG,18391,18392,2025-07-11T13:45:00+00:00,2025-07-11T14:00:00+00:00,3001.8,2956.703305733531,3069.4450413997038,45.09669426646906,1.5,2025-07-11T15:45:00+00:00,2956.703305733531,SL,-1.0,0.17176545694643183,-1.1717654569464317,7,
SUI,TREND_PULLBACK,LONG,18365,18366,2025-07-11T07:15:00+00:00,2025-07-11T07:30:00+00:00,3.4957,3.420440456555522,3.6085893151667165,0.07525954344447783,1.5,2025-07-11T21:00:00+00:00,3.420440456555522,SL,-1.0,0.11946634515734486,-1.1194663451573448,54,
UNI,TREND_PULLBACK,LONG,18421,18422,2025-07-11T21:15:00+00:00,2025-07-11T21:30:00+00:00,8.87,8.689813040960892,9.140280438558658,0.18018695903910675,1.5,2025-07-11T21:45:00+00:00,8.689813040960892,SL,-1.0,0.1266892847017566,-1.1266892847017567,1,
LINK,TREND_PULLBACK,LONG,18401,18402,2025-07-11T16:15:00+00:00,2025-07-11T16:30:00+00:00,15.671,15.311009600143649,16.210985599784525,0.3599903998563505,1.5,2025-07-11T22:00:00+00:00,15.311009600143649,SL,-1.0,0.11188246268861225,-1.1118824626886123,22,
UNI,TREND_PULLBACK,LONG,18436,18437,2025-07-12T01:00:00+00:00,2025-07-12T01:15:00+00:00,8.807,8.59260499287963,9.128592510680555,0.21439500712036974,1.5,2025-07-12T05:00:00+00:00,8.59260499287963,SL,-1.0,0.1055037931832249,-1.105503793183225,15,
LINK,TREND_PULLBACK,LONG,18440,18441,2025-07-12T02:00:00+00:00,2025-07-12T02:15:00+00:00,15.433,15.140548825572692,15.871676761640963,0.29245117442730795,1.5,2025-07-12T05:00:00+00:00,15.140548825572692,SL,-1.0,0.13590512519252587,-1.1359051251925258,11,
ETH,TREND_PULLBACK,LONG,18458,18459,2025-07-12T06:30:00+00:00,2025-07-12T06:45:00+00:00,2961.27,2935.151792217893,3000.44731167316,26.118207782106765,1.5,2025-07-12T12:30:00+00:00,2935.151792217893,SL,-1.0,0.29348676577780686,-1.2934867657778069,23,
LINK,TREND_PULLBACK,LONG,18458,18459,2025-07-12T06:30:00+00:00,2025-07-12T06:45:00+00:00,15.297,15.065137984510903,15.644793023233646,0.23186201548909757,1.5,2025-07-12T12:30:00+00:00,15.065137984510903,SL,-1.0,0.17023391820606396,-1.170233918206064,23,
BNB,TREND_PULLBACK,LONG,18432,18433,2025-07-12T00:00:00+00:00,2025-07-12T00:15:00+00:00,691.89,686.2418654114257,700.3622018828614,5.648134588574294,1.5,2025-07-12T12:45:00+00:00,686.2418654114257,SL,-1.0,0.31719701379975135,-1.3171970137997513,50,
ADA,TREND_PULLBACK,LONG,18436,18437,2025-07-12T01:00:00+00:00,2025-07-12T01:15:00+00:00,0.7224,0.70084912439618,0.7547263134057302,0.021550875603820074,1.5,2025-07-12T15:00:00+00:00,0.70084912439618,SL,-1.0,0.0858537674166272,-1.0858537674166273,55,
AVAX,TREND_PULLBACK,LONG,18436,18437,2025-07-12T01:00:00+00:00,2025-07-12T01:15:00+00:00,20.816,20.3522439481047,21.51163407784295,0.4637560518952988,1.5,2025-07-12T15:15:00+00:00,20.3522439481047,SL,-1.0,0.11540273580002555,-1.1154027358000256,56,
AVAX,TREND_PULLBACK,LONG,18527,18528,2025-07-12T23:45:00+00:00,2025-07-13T00:00:00+00:00,20.684,20.45407012910293,21.028894806345605,0.2299298708970703,1.5,2025-07-13T01:45:00+00:00,21.028894806345605,TP,1.4999999999999922,0.23584044577019864,1.2641595542297936,7,
ADA,TREND_PULLBACK,LONG,18527,18528,2025-07-12T23:45:00+00:00,2025-07-13T00:00:00+00:00,0.7087,0.6983699639959335,0.7241950540060997,0.010330036004066456,1.5,2025-07-13T04:45:00+00:00,0.7241950540060997,TP,1.5000000000000053,0.18032498332771021,1.319675016672295,19,
LINK,TREND_PULLBACK,LONG,18534,18535,2025-07-13T01:30:00+00:00,2025-07-13T01:45:00+00:00,15.127,14.970846056692535,15.3612309149612,0.15615394330746568,1.5,2025-07-13T07:30:00+00:00,15.3612309149612,TP,1.5,0.25381811915827956,1.2461818808417204,23,
BTC,TREND_PULLBACK,LONG,18518,18519,2025-07-12T21:30:00+00:00,2025-07-12T21:45:00+00:00,117527.7,117059.71236595053,118229.6814510742,467.9876340494666,1.5,2025-07-13T12:45:00+00:00,118229.6814510742,TP,1.5,0.6548989195171787,0.8451010804828213,60,
ETH,TREND_PULLBACK,LONG,18518,18519,2025-07-12T21:30:00+00:00,2025-07-12T21:45:00+00:00,2937.72,2912.1506119648193,2976.074082052771,25.56938803518051,1.5,2025-07-13T12:45:00+00:00,2976.074082052771,TP,1.5000000000000089,0.30066939013522337,1.1993306098647856,60,
XRP,TREND_PULLBACK,LONG,18568,18569,2025-07-13T10:00:00+00:00,2025-07-13T10:15:00+00:00,2.7929,2.760811356667468,2.841032964998798,0.03208864333253203,1.5,2025-07-13T13:45:00+00:00,2.841032964998798,TP,1.5,0.2282462607907491,1.2717537392092508,14,
DOGE,TREND_PULLBACK,LONG,18522,18523,2025-07-12T22:30:00+00:00,2025-07-12T22:45:00+00:00,0.19711,0.19404506751908138,0.20170739872137794,0.0030649324809186307,1.5,2025-07-13T14:15:00+00:00,0.20170739872137794,TP,1.4999999999999956,0.16915955622696008,1.3308404437730355,62,
SUI,TREND_PULLBACK,LONG,18568,18569,2025-07-13T10:00:00+00:00,2025-07-13T10:15:00+00:00,3.4286,3.3927624093472777,3.482356385979083,0.035837590652722184,1.5,2025-07-13T14:15:00+00:00,3.482356385979083,TP,1.5,0.2506932842900357,1.2493067157099644,16,
SOL,TREND_PULLBACK,LONG,18582,18583,2025-07-13T13:30:00+00:00,2025-07-13T13:45:00+00:00,162.57,161.33805445508972,164.4179183173654,1.2319455449102747,1.5,2025-07-13T16:45:00+00:00,161.33805445508972,SL,-1.0,0.3418012042263482,-1.341801204226348,12,
SUI,TREND_PULLBACK,LONG,18609,18610,2025-07-13T20:15:00+00:00,2025-07-13T20:30:00+00:00,3.5067,3.45940705136361,3.5776394229545847,0.04729294863639,1.5,2025-07-13T21:30:00+00:00,3.45940705136361,SL,-1.0,0.1914860339201713,-1.1914860339201714,4,
LINK,TREND_PULLBACK,LONG,18624,18625,2025-07-14T00:00:00+00:00,2025-07-14T00:15:00+00:00,15.701,15.446811451267692,16.082282823098463,0.25418854873230856,1.5,2025-07-14T03:15:00+00:00,16.082282823098463,TP,1.5,0.16254968162842443,1.3374503183715756,12,
UNI,TREND_PULLBACK,LONG,18624,18625,2025-07-14T00:00:00+00:00,2025-07-14T00:15:00+00:00,8.539,8.387668019650793,8.76599797052381,0.15133198034920703,1.5,2025-07-14T03:15:00+00:00,8.76599797052381,TP,1.4999999999999942,0.14865659796276387,1.3513434020372304,12,
ADA,TREND_PULLBACK,LONG,18624,18625,2025-07-14T00:00:00+00:00,2025-07-14T00:15:00+00:00,0.7434,0.7290795806817648,0.7648806289773527,0.014320419318235134,1.5,2025-07-14T03:30:00+00:00,0.7648806289773527,TP,1.5,0.13692090811710989,1.3630790918828901,13,
BNB,TREND_PULLBACK,LONG,18624,18625,2025-07-14T00:00:00+00:00,2025-07-14T00:15:00+00:00,693.16,689.710628187085,698.3340577193724,3.449371812914933,1.5,2025-07-14T03:30:00+00:00,698.3340577193724,TP,1.5,0.5244265834904345,0.9755734165095655,13,
FET,TREND_PULLBACK,LONG,18618,18619,2025-07-13T22:30:00+00:00,2025-07-13T22:45:00+00:00,0.7248,0.7080675667095189,0.7498986499357216,0.01673243329048113,1.5,2025-07-14T04:45:00+00:00,0.7498986499357216,TP,1.4999999999999967,0.11457438446845965,1.385425615531537,24,
ADA,TREND_PULLBACK,LONG,18655,18656,2025-07-14T07:45:00+00:00,2025-07-14T08:00:00+00:00,0.7621,0.7455668268700484,0.7868997596949274,0.016533173129951617,1.5,2025-07-14T11:30:00+00:00,0.7455668268700484,SL,-1.0,0.1185475322568523,-1.1185475322568523,14,
CRV,TREND_PULLBACK,LONG,18668,18669,2025-07-14T11:00:00+00:00,2025-07-14T11:15:00+00:00,0.688,0.6733244553380764,0.7100133169928853,0.014675544661923556,1.5,2025-07-14T14:15:00+00:00,0.6733244553380764,SL,-1.0,0.12058985425809321,-1.1205898542580932,12,
SOL,TREND_PULLBACK,LONG,18678,18679,2025-07-14T13:30:00+00:00,2025-07-14T13:45:00+00:00,167.11,165.58589282851722,169.3961607572242,1.5241071714827967,1.5,2025-07-14T14:45:00+00:00,165.58589282851722,SL,-1.0,0.2837757532866213,-1.2837757532866214,4,
AVAX,TREND_PULLBACK,LONG,18661,18662,2025-07-14T09:15:00+00:00,2025-07-14T09:30:00+00:00,21.849,21.49102848763686,22.385957268544708,0.3579715123631395,1.5,2025-07-14T15:00:00+00:00,21.49102848763686,SL,-1.0,0.15739251613064803,-1.157392516130648,22,
ADA,TREND_PULLBACK,LONG,18678,18679,2025-07-14T13:30:00+00:00,2025-07-14T13:45:00+00:00,0.7534,0.7373621436685034,0.7774567844972449,0.01603785633149657,1.5,2025-07-14T15:00:00+00:00,0.7373621436685034,SL,-1.0,0.12083851773650421,-1.1208385177365041,5,
LINK,TREND_PULLBACK,LONG,18647,18648,2025-07-14T05:45:00+00:00,2025-07-14T06:00:00+00:00,16.107,15.84164555739795,16.505031663903075,0.26535444260204955,1.5,2025-07-14T15:45:00+00:00,15.84164555739795,SL,-1.0,0.15651985629991688,-1.1565198562999168,39,
CRV,TREND_PULLBACK,LONG,18688,18689,2025-07-14T16:00:00+00:00,2025-07-14T16:15:00+00:00,0.689,0.6689389559976848,0.7190915660034727,0.02006104400231512,1.5,2025-07-14T16:45:00+00:00,0.7190915660034727,TP,1.5000000000000027,0.09124744632399319,1.4087525536760095,2,
SUI,TREND_PULLBACK,LONG,18718,18719,2025-07-14T23:30:00+00:00,2025-07-14T23:45:00+00:00,3.8774,3.820801886829753,3.962297169755371,0.0565981131702471,1.5,2025-07-15T00:30:00+00:00,3.820801886829753,SL,-1.0,0.17681971875591745,-1.1768197187559175,3,
ETH,TREND_PULLBACK,LONG,18721,18722,2025-07-15T00:15:00+00:00,2025-07-15T00:30:00+00:00,3017.64,2995.8151284613787,3050.377307307932,21.82487153862121,1.5,2025-07-15T00:30:00+00:00,2995.8151284613787,SL,-1.0,0.3581918754099418,-1.3581918754099418,0,True
ADA,TREND_PULLBACK,LONG,18721,18722,2025-07-15T00:15:00+00:00,2025-07-15T00:30:00+00:00,0.7377,0.7268392550056751,0.7539911174914873,0.010860744994324878,1.5,2025-07-15T00:45:00+00:00,0.7268392550056751,SL,-1.0,0.17530114485721124,-1.1753011448572113,1,
LINK,TREND_PULLBACK,LONG,18721,18722,2025-07-15T00:15:00+00:00,2025-07-15T00:30:00+00:00,15.839,15.586239997325624,16.218140004011566,0.2527600026743766,1.5,2025-07-15T01:00:00+00:00,15.586239997325624,SL,-1.0,0.161626885441811,-1.161626885441811,2,
SUI,TREND_PULLBACK,LONG,18725,18726,2025-07-15T01:15:00+00:00,2025-07-15T01:30:00+00:00,3.8614,3.7863977843138943,3.973903323529159,0.07500221568610588,1.5,2025-07-15T05:00:00+00:00,3.973903323529159,TP,1.5,0.1358079121717845,1.3641920878282154,14,
CRV,TREND_PULLBACK,LONG,18731,18732,2025-07-15T02:45:00+00:00,2025-07-15T03:00:00+00:00,0.701,0.6788113889869628,0.7342829165195557,0.02218861101303715,1.5,2025-07-15T13:00:00+00:00,0.7342829165195557,TP,1.5,0.08409123898648331,1.4159087610135166,40,
ETH,TREND_PULLBACK,LONG,18767,18768,2025-07-15T11:45:00+00:00,2025-07-15T12:00:00+00:00,2980.16,2952.8857932920732,3021.0713100618896,27.274206707926623,1.5,2025-07-15T13:00:00+00:00,3021.0713100618896,TP,1.4999999999999916,0.2860431757603824,1.213956824239609,4,
AVAX,TREND_PULLBACK,LONG,18801,18802,2025-07-15T20:15:00+00:00,2025-07-15T20:30:00+00:00,21.475,21.02228215063662,22.154076774045073,0.4527178493633812,1.5,2025-07-15T22:30:00+00:00,22.154076774045073,TP,1.5,0.12528288841718088,1.3747171115828192,8,
ETH,TREND_PULLBACK,LONG,18782,18783,2025-07-15T15:30:00+00:00,2025-07-15T15:45:00+00:00,3024.57,2965.57481194264,3113.062782086041,58.99518805736034,1.5,2025-07-15T23:00:00+00:00,3113.062782086041,TP,1.5000000000000038,0.13524700707715415,1.3647529929228497,29,
UNI,TREND_PULLBACK,LONG,18781,18782,2025-07-15T15:15:00+00:00,2025-07-15T15:30:00+00:00,9.1,8.87379977692209,9.439300334616865,0.22620022307791032,1.5,2025-07-16T00:15:00+00:00,9.439300334616865,TP,1.5,0.10654759799551908,1.393452402004481,35,
XRP,TREND_PULLBACK,LONG,18756,18757,2025-07-15T09:00:00+00:00,2025-07-15T09:15:00+00:00,2.8812,2.830498399736875,2.9572524003946876,0.05070160026312509,1.5,2025-07-16T08:30:00+00:00,2.9572524003946876,TP,1.4999999999999956,0.14969918269095026,1.3503008173090454,93,
LINK,TREND_PULLBACK,LONG,18836,18837,2025-07-16T05:00:00+00:00,2025-07-16T05:15:00+00:00,16.057,15.805497274132025,16.43425408880196,0.25150272586797406,1.5,2025-07-16T08:30:00+00:00,16.43425408880196,TP,1.5000000000000036,0.16794501995821567,1.3320549800417878,13,
CRV,TREND_PULLBACK,LONG,18855,18856,2025-07-16T09:45:00+00:00,2025-07-16T10:00:00+00:00,0.786,0.7753435835290996,0.8019846247063507,0.010656416470900432,1.5,2025-07-16T10:45:00+00:00,0.7753435835290996,SL,-1.0,0.19047178421850128,-1.1904717842185013,3,
SUI,TREND_PULLBACK,LONG,18771,18772,2025-07-15T12:45:00+00:00,2025-07-15T13:00:00+00:00,3.9677,3.8548897015849417,4.136915447622587,0.11281029841505807,1.5,2025-07-16T13:00:00+00:00,4.019,TIME,0.45474571666546315,0.09203689863313136,0.3627088180323318,96,
ETH,TREND_PULLBACK,LONG,18835,18836,2025-07-16T04:45:00+00:00,2025-07-16T05:00:00+00:00,3127.82,3089.3520583592745,3185.5219124610885,38.46794164072571,1.5,2025-07-16T13:00:00+00:00,3185.5219124610885,TP,1.499999999999994,0.21335543666080548,1.2866445633391885,32,
BNB,TREND_PULLBACK,LONG,18863,18864,2025-07-16T11:45:00+00:00,2025-07-16T12:00:00+00:00,694.69,691.35331848762,699.6950222685703,3.336681512380096,1.5,2025-07-16T13:30:00+00:00,691.35331848762,SL,-1.0,0.5400144746654648,-1.540014474665465,6,
ADA,TREND_PULLBACK,LONG,18836,18837,2025-07-16T05:00:00+00:00,2025-07-16T05:15:00+00:00,0.7427,0.7313838671522361,0.7596741992716458,0.011316132847763893,1.5,2025-07-16T14:45:00+00:00,0.7596741992716458,TP,1.4999999999999951,0.17259310095843178,1.3274068990415633,38,
AVAX,TREND_PULLBACK,LONG,18871,18872,2025-07-16T13:45:00+00:00,2025-07-16T14:00:00+00:00,22.026,21.867195837416332,22.2642062438755,0.15880416258366736,1.5,2025-07-16T14:45:00+00:00,22.2642062438755,TP,1.499999999999989,0.36256775124961266,1.1374322487503763,3,
DOGE,TREND_PULLBACK,LONG,18871,18872,2025-07-16T13:45:00+00:00,2025-07-16T14:00:00+00:00,0.20106,0.19918936457397346,0.20386595313903977,0.001870635426026529,1.5,2025-07-16T14:45:00+00:00,0.20386595313903977,TP,1.4999999999999927,0.2814037047287729,1.2185962952712197,3,
SUI,TREND_PULLBACK,LONG,18875,18876,2025-07-16T14:45:00+00:00,2025-07-16T15:00:00+00:00,4.0153,3.961862838950673,4.09545574157399,0.05343716104932694,1.5,2025-07-16T15:30:00+00:00,3.961862838950673,SL,-1.0,0.19406554328481662,-1.1940655432848166,2,
UNI,TREND_PULLBACK,LONG,18868,18869,2025-07-16T13:00:00+00:00,2025-07-16T13:15:00+00:00,9.164,8.981535125324504,9.437697312013244,0.182464874675496,1.5,2025-07-16T15:45:00+00:00,8.981535125324504,SL,-1.0,0.12928074899278,-1.12928074899278,10,
XRP,TREND_PULLBACK,LONG,18874,18875,2025-07-16T14:30:00+00:00,2025-07-16T14:45:00+00:00,2.9753,2.9411116005830866,3.0265825991253696,0.03418839941691321,1.5,2025-07-16T17:15:00+00:00,3.0265825991253696,TP,1.5,0.2282191477792044,1.2717808522207956,10,
ADA,TREND_PULLBACK,LONG,18879,18880,2025-07-16T15:45:00+00:00,2025-07-16T16:00:00+00:00,0.7505,0.7379479158977319,0.769328126153402,0.012552084102268046,1.5,2025-07-16T17:15:00+00:00,0.769328126153402,TP,1.4999999999999956,0.15740625603698893,1.3425937439630067,5,
LINK,TREND_PULLBACK,LONG,18871,18872,2025-07-16T13:45:00+00:00,2025-07-16T14:00:00+00:00,16.557,16.317700584091256,16.915949123863115,0.23929941590874293,1.5,2025-07-16T17:45:00+00:00,16.915949123863115,TP,1.5000000000000073,0.1818426246289564,1.318157375371051,15,
AVAX,TREND_PULLBACK,LONG,18879,18880,2025-07-16T15:45:00+00:00,2025-07-16T16:00:00+00:00,22.094,21.699594143073433,22.685608785389853,0.3944058569265678,1.5,2025-07-16T18:30:00+00:00,22.685608785389853,TP,1.5,0.1475979385160227,1.3524020614839773,10,
SUI,TREND_PULLBACK,LONG,18881,18882,2025-07-16T16:15:00+00:00,2025-07-16T16:30:00+00:00,4.0207,3.947630885465666,4.1303036718015,0.07306911453433385,1.5,2025-07-16T22:45:00+00:00,3.947630885465666,SL,-1.0,0.14176756098827417,-1.1417675609882743,25,
FET,TREND_PULLBACK,LONG,18900,18901,2025-07-16T21:00:00+00:00,2025-07-16T21:15:00+00:00,0.7788,0.7658061322020305,0.7982908016969543,0.012993867797969516,1.5,2025-07-17T01:30:00+00:00,0.7658061322020305,SL,-1.0,0.15453350788873021,-1.1545335078887302,17,
BNB,TREND_PULLBACK,LONG,18920,18921,2025-07-17T02:00:00+00:00,2025-07-17T02:15:00+00:00,716.96,707.5032477144011,731.1451284283984,9.456752285598895,1.5,2025-07-17T05:00:00+00:00,707.5032477144011,SL,-1.0,0.19581798973932274,-1.1958179897393229,11,
XRP,TREND_PULLBACK,LONG,18929,18930,2025-07-17T04:15:00+00:00,2025-07-17T04:30:00+00:00,3.0558,2.996708802778402,3.144436795832397,0.05909119722159817,1.5,2025-07-17T05:30:00+00:00,3.144436795832397,TP,1.4999999999999962,0.13640454439186805,1.3635954556081282,4,
ETH,TREND_PULLBACK,LONG,18934,18935,2025-07-17T05:30:00+00:00,2025-07-17T05:45:00+00:00,3364.81,3318.393819030979,3434.4342714535314,46.41618096902084,1.5,2025-07-17T06:30:00+00:00,3434.4342714535314,TP,1.5000000000000049,0.190429659837567,1.309570340162438,3,
LINK,TREND_PULLBACK,LONG,18934,18935,2025-07-17T05:30:00+00:00,2025-07-17T05:45:00+00:00,16.668,16.39636154323592,17.07545768514612,0.27163845676408016,1.5,2025-07-17T09:00:00+00:00,17.07545768514612,TP,1.5,0.1614885296922015,1.3385114703077985,13,
AVAX,TREND_PULLBACK,LONG,18934,18935,2025-07-17T05:30:00+00:00,2025-07-17T05:45:00+00:00,22.436,22.06061800834979,22.999072987475316,0.3753819916502117,1.5,2025-07-17T09:15:00+00:00,22.999072987475316,TP,1.4999999999999953,0.15734797139324785,1.3426520286067474,14,
BTC,TREND_PULLBACK,LONG,18942,18943,2025-07-17T07:30:00+00:00,2025-07-17T07:45:00+00:00,118531.0,117708.87647001445,119764.18529497832,822.1235299855471,1.5,2025-07-17T12:15:00+00:00,117708.87647001445,SL,-1.0,0.373559238009424,-1.373559238009424,18,
AVAX,TREND_PULLBACK,LONG,18962,18963,2025-07-17T12:30:00+00:00,2025-07-17T12:45:00+00:00,23.02,22.597810192080203,23.653284711879692,0.4221898079197963,1.5,2025-07-17T13:30:00+00:00,22.597810192080203,SL,-1.0,0.14046562029031764,-1.1404656202903176,3,
FET,TREND_PULLBACK,LONG,18937,18938,2025-07-17T06:15:00+00:00,2025-07-17T06:30:00+00:00,0.7741,0.7552050431896415,0.8024424352155377,0.018894956810358465,1.5,2025-07-17T13:45:00+00:00,0.7552050431896415,SL,-1.0,0.10521836996508155,-1.1052183699650815,29,
BNB,TREND_PULLBACK,LONG,18950,18951,2025-07-17T09:30:00+00:00,2025-07-17T09:45:00+00:00,720.2,712.1927023746894,732.2109464379661,8.007297625310684,1.5,2025-07-17T13:45:00+00:00,712.1927023746894,SL,-1.0,0.23255167975785662,-1.2325516797578566,16,
LINK,TREND_PULLBACK,LONG,18960,18961,2025-07-17T12:00:00+00:00,2025-07-17T12:15:00+00:00,17.087,16.871227980797947,17.410658028803077,0.2157720192020527,1.5,2025-07-17T13:45:00+00:00,16.871227980797947,SL,-1.0,0.20459416627926405,-1.204594166279264,6,
CRV,TREND_PULLBACK,LONG,18967,18968,2025-07-17T13:45:00+00:00,2025-07-17T14:00:00+00:00,0.986,0.9474683316888596,1.0437975024667105,0.03853166831114041,1.5,2025-07-17T16:30:00+00:00,0.9474683316888596,SL,-1.0,0.06523228661938842,-1.0652322866193884,10,
AVAX,TREND_PULLBACK,LONG,18983,18984,2025-07-17T17:45:00+00:00,2025-07-17T18:00:00+00:00,22.736,22.258743464886617,23.451884802670076,0.4772565351133835,1.5,2025-07-17T20:00:00+00:00,22.258743464886617,SL,-1.0,0.12256126883722226,-1.1225612688372222,8,
FET,TREND_PULLBACK,LONG,18984,18985,2025-07-17T18:00:00+00:00,2025-07-17T18:15:00+00:00,0.7694,0.7494790762005721,0.7992813856991419,0.019920923799427892,1.5,2025-07-17T20:15:00+00:00,0.7494790762005721,SL,-1.0,0.09911903779871147,-1.0991190377987115,8,
XRP,TREND_PULLBACK,LONG,18992,18993,2025-07-17T20:00:00+00:00,2025-07-17T20:15:00+00:00,3.3363,3.2615807850144307,3.448378822478354,0.07471921498556933,1.5,2025-07-17T21:00:00+00:00,3.448378822478354,TP,1.4999999999999971,0.1180430291046995,1.3819569708952977,3,
DOGE,TREND_PULLBACK,LONG,18937,18938,2025-07-17T06:15:00+00:00,2025-07-17T06:30:00+00:00,0.21302,0.20760906413381464,0.22113640379927801,0.005410935866185351,1.5,2025-07-17T22:45:00+00:00,0.22113640379927801,TP,1.5,0.1043078940310855,1.3956921059689145,65,
ADA,TREND_PULLBACK,LONG,18983,18984,2025-07-17T17:45:00+00:00,2025-07-17T18:00:00+00:00,0.8022,0.7806121695305525,0.8345817457041713,0.021587830469447566,1.5,2025-07-17T22:45:00+00:00,0.8345817457041713,TP,1.4999999999999973,0.09856554471403876,1.4014344552859586,19,
SOL,TREND_PULLBACK,LONG,18983,18984,2025-07-17T17:45:00+00:00,2025-07-17T18:00:00+00:00,174.18,171.15794687933163,178.71307968100257,3.0220531206683745,1.5,2025-07-18T00:30:00+00:00,178.71307968100257,TP,1.5,0.15180441417384521,1.3481955858261547,26,
BNB,TREND_PULLBACK,LONG,18996,18997,2025-07-17T21:00:00+00:00,2025-07-17T21:15:00+00:00,720.79,713.0206154331478,732.4440768502782,7.769384566852182,1.5,2025-07-18T01:45:00+00:00,732.4440768502782,TP,1.4999999999999927,0.24316009635635594,1.2568399036436366,18,
FET,TREND_PULLBACK,LONG,18996,18997,2025-07-17T21:00:00+00:00,2025-07-17T21:15:00+00:00,0.7698,0.7506354492068853,0.7985468261896722,0.019164550793114743,1.5,2025-07-18T02:45:00+00:00,0.7985468261896722,TP,1.5000000000000029,0.10638657258687602,1.3936134274131269,22,
SUI,TREND_PULLBACK,LONG,19012,19013,2025-07-18T01:00:00+00:00,2025-07-18T01:15:00+00:00,4.0045,3.9176552515571488,4.134767122664277,0.0868447484428514,1.5,2025-07-18T04:45:00+00:00,4.134767122664277,TP,1.4999999999999973,0.12183865402553926,1.3781613459744582,14,
ADA,TREND_PULLBACK,LONG,19059,19060,2025-07-18T12:45:00+00:00,2025-07-18T13:00:00+00:00,0.858,0.836265279945621,0.8906020800815684,0.02173472005437893,1.5,2025-07-18T14:15:00+00:00,0.836265279945621,SL,-1.0,0.10133762286418577,-1.1013376228641858,5,
AVAX,TREND_PULLBACK,LONG,19059,19060,2025-07-18T12:45:00+00:00,2025-07-18T13:00:00+00:00,24.472,23.973926748864425,25.219109876703364,0.4980732511355761,1.5,2025-07-18T14:15:00+00:00,23.973926748864425,SL,-1.0,0.12644667150852595,-1.126446671508526,5,
FET,TREND_PULLBACK,LONG,19058,19059,2025-07-18T12:30:00+00:00,2025-07-18T12:45:00+00:00,0.8094,0.7878008053663779,0.8417987919504333,0.021599194633622143,1.5,2025-07-18T14:30:00+00:00,0.7878008053663779,SL,-1.0,0.09613141055473186,-1.096131410554732,7,
ETH,TREND_PULLBACK,LONG,19062,19063,2025-07-18T13:30:00+00:00,2025-07-18T13:45:00+00:00,3638.87,3580.644806795791,3726.2077898063135,58.22519320420906,1.5,2025-07-18T14:30:00+00:00,3580.644806795791,SL,-1.0,0.16119086485325848,-1.1611908648532585,3,
LINK,TREND_PULLBACK,LONG,19062,19063,2025-07-18T13:30:00+00:00,2025-07-18T13:45:00+00:00,18.517,18.14907005431798,19.06889491852303,0.3679299456820182,1.5,2025-07-18T14:30:00+00:00,18.14907005431798,SL,-1.0,0.1295515399874747,-1.1295515399874747,3,
UNI,TREND_PULLBACK,LONG,19092,19093,2025-07-18T21:00:00+00:00,2025-07-18T21:15:00+00:00,10.233,9.92893864831848,10.689092027522282,0.30406135168152026,1.5,2025-07-19T00:45:00+00:00,9.92893864831848,SL,-1.0,0.08620141987090629,-1.0862014198709062,14,
CRV,TREND_PULLBACK,LONG,19091,19092,2025-07-18T20:45:00+00:00,2025-07-18T21:00:00+00:00,0.943,0.9064077842916113,0.997888323562583,0.036592215708388665,1.5,2025-07-19T01:30:00+00:00,0.997888323562583,TP,1.5,0.06895332167745534,1.4310466783225446,18,
SOL,TREND_PULLBACK,LONG,19125,19126,2025-07-19T05:15:00+00:00,2025-07-19T05:30:00+00:00,177.61,176.28420455998665,179.59869316002005,1.3257954400133656,1.5,2025-07-19T06:30:00+00:00,176.28420455998665,SL,-1.0,0.347008634999789,-1.347008634999789,4,
CRV,TREND_PULLBACK,LONG,19114,19115,2025-07-19T02:30:00+00:00,2025-07-19T02:45:00+00:00,0.988,0.9603335245247807,1.029499713212829,0.027666475475219277,1.5,2025-07-19T08:30:00+00:00,0.9603335245247807,SL,-1.0,0.09154883440613393,-1.091548834406134,23,
LINK,TREND_PULLBACK,LONG,19146,19147,2025-07-19T10:30:00+00:00,2025-07-19T10:45:00+00:00,17.999,17.745089021384494,18.379866467923257,0.2539109786155045,1.5,2025-07-19T11:00:00+00:00,17.745089021384494,SL,-1.0,0.1830063275765833,-1.1830063275765834,1,
UNI,TREND_PULLBACK,LONG,19149,19150,2025-07-19T11:15:00+00:00,2025-07-19T11:30:00+00:00,10.213,10.004480549680707,10.525779175478938,0.20851945031929198,1.5,2025-07-19T12:00:00+00:00,10.004480549680707,SL,-1.0,0.12604447534433805,-1.126044475344338,2,
SOL,TREND_PULLBACK,LONG,19149,19150,2025-07-19T11:15:00+00:00,2025-07-19T11:30:00+00:00,177.39,175.63178028727273,180.02732956909085,1.7582197127272536,1.5,2025-07-19T14:30:00+00:00,175.63178028727273,SL,-1.0,0.26101875155386023,-1.2610187515538602,12,
XRP,TREND_PULLBACK,LONG,19108,19109,2025-07-19T01:00:00+00:00,2025-07-19T01:15:00+00:00,3.4421,3.3639412180075947,3.5593381729886078,0.07815878199240522,1.5,2025-07-19T14:45:00+00:00,3.3639412180075947,SL,-1.0,0.11320357556582226,-1.1132035755658223,54,
AVAX,TREND_PULLBACK,LONG,19149,19150,2025-07-19T11:15:00+00:00,2025-07-19T11:30:00+00:00,23.679,23.30709180370009,24.236862294449864,0.3719081962999091,1.5,2025-07-19T14:45:00+00:00,23.30709180370009,SL,-1.0,0.16423923955564904,-1.1642392395556491,13,
ETH,TREND_PULLBACK,LONG,19149,19150,2025-07-19T11:15:00+00:00,2025-07-19T11:30:00+00:00,3572.52,3534.507255176214,3629.5391172356785,38.01274482378585,1.5,2025-07-19T14:45:00+00:00,3534.507255176214,SL,-1.0,0.2430536251606814,-1.2430536251606814,13,
ADA,TREND_PULLBACK,LONG,19155,19156,2025-07-19T12:45:00+00:00,2025-07-19T13:00:00+00:00,0.8283,0.812711986932528,0.851682019601208,0.01558801306747204,1.5,2025-07-19T14:45:00+00:00,0.812711986932528,SL,-1.0,0.13685615824020175,-1.1368561582402017,7,
AVAX,TREND_PULLBACK,LONG,19166,19167,2025-07-19T15:30:00+00:00,2025-07-19T15:45:00+00:00,23.696,23.295373840284224,24.296939239573668,0.4006261597157774,1.5,2025-07-19T18:45:00+00:00,24.296939239573668,TP,1.5,0.15573326778188593,1.344266732218114,12,
LINK,TREND_PULLBACK,LONG,19165,19166,2025-07-19T15:15:00+00:00,2025-07-19T15:30:00+00:00,17.888,17.567504909406292,18.368742635890566,0.3204950905937096,1.5,2025-07-19T19:15:00+00:00,18.368742635890566,TP,1.5,0.14706548340364137,1.3529345165963587,15,
DOGE,TREND_PULLBACK,LONG,19182,19183,2025-07-19T19:30:00+00:00,2025-07-19T19:45:00+00:00,0.24328,0.2386297866611705,0.25025532000824424,0.004650213338829506,1.5,2025-07-19T21:00:00+00:00,0.2386297866611705,SL,-1.0,0.13472128631784708,-1.134721286317847,5,
SOL,TREND_PULLBACK,LONG,19166,19167,2025-07-19T15:30:00+00:00,2025-07-19T15:45:00+00:00,177.44,175.14651086389816,180.88023370415277,2.29348913610184,1.5,2025-07-19T21:15:00+00:00,175.14651086389816,SL,-1.0,0.1998537760253487,-1.1998537760253487,22,
DOGE,TREND_PULLBACK,LONG,19201,19202,2025-07-20T00:15:00+00:00,2025-07-20T00:30:00+00:00,0.24231,0.23886163542228708,0.24748254686656937,0.0034483645777129146,1.5,2025-07-20T00:45:00+00:00,0.24748254686656937,TP,1.5,0.18464703965519905,1.3153529603448009,1,
ETH,TREND_PULLBACK,LONG,19169,19170,2025-07-19T16:15:00+00:00,2025-07-19T16:30:00+00:00,3563.05,3521.822017697517,3624.891973453725,41.22798230248327,1.5,2025-07-20T01:15:00+00:00,3624.891973453725,TP,1.4999999999999944,0.22665005764609075,1.2733499423539036,35,
UNI,TREND_PULLBACK,LONG,19169,19170,2025-07-19T16:15:00+00:00,2025-07-19T16:30:00+00:00,10.173,9.961261907594773,10.49060713860784,0.211738092405227,1.5,2025-07-20T03:30:00+00:00,10.49060713860784,TP,1.5,0.126867532313364,1.373132467686636,44,
CRV,TREND_PULLBACK,LONG,19204,19205,2025-07-20T01:00:00+00:00,2025-07-20T01:15:00+00:00,0.985,0.9590534763917912,1.0239197854123132,0.025946523608208816,1.5,2025-07-20T04:00:00+00:00,1.0239197854123132,TP,1.5,0.10065301080294876,1.3993469891970511,11,
LINK,TREND_PULLBACK,LONG,19225,19226,2025-07-20T06:15:00+00:00,2025-07-20T06:30:00+00:00,18.621,18.418346874382348,18.924979688426475,0.20265312561765114,1.5,2025-07-20T07:30:00+00:00,18.924979688426475,TP,1.5,0.24085379115762856,1.2591462088423715,4,
SOL,TREND_PULLBACK,LONG,19228,19229,2025-07-20T07:00:00+00:00,2025-07-20T07:15:00+00:00,177.73,176.46827364114824,179.62258953827762,1.261726358851746,1.5,2025-07-20T08:30:00+00:00,179.62258953827762,TP,1.5000000000000113,0.36819264584639383,1.1318073541536176,5,
XRP,TREND_PULLBACK,LONG,19215,19216,2025-07-20T03:45:00+00:00,2025-07-20T04:00:00+00:00,3.4354,3.3940552391697856,3.4974171412453217,0.04134476083021443,1.5,2025-07-20T08:45:00+00:00,3.4974171412453217,TP,1.5,0.21798801353888916,1.2820119864611108,19,
AVAX,TREND_PULLBACK,LONG,19223,19224,2025-07-20T05:45:00+00:00,2025-07-20T06:00:00+00:00,24.635,24.321187299585866,25.105719050621204,0.313812700414136,1.5,2025-07-20T09:45:00+00:00,25.105719050621204,TP,1.4999999999999944,0.20605582463830316,1.2939441753616914,15,
DOGE,TREND_PULLBACK,LONG,19246,19247,2025-07-20T11:30:00+00:00,2025-07-20T11:45:00+00:00,0.25295,0.2490857743991247,0.258746338401313,0.0038642256008753206,1.5,2025-07-20T16:00:00+00:00,0.258746338401313,TP,1.5000000000000036,0.17214451448461635,1.3278554855153872,17,
BNB,TREND_PULLBACK,LONG,19257,19258,2025-07-20T14:15:00+00:00,2025-07-20T14:30:00+00:00,748.28,744.8750446234095,753.3874330648857,3.4049553765904648,1.5,2025-07-20T16:00:00+00:00,753.3874330648857,TP,1.5000000000000167,0.573331350068718,0.9266686499312986,6,
CRV,TREND_PULLBACK,LONG,19232,19233,2025-07-20T08:00:00+00:00,2025-07-20T08:15:00+00:00,0.997,0.9652271591228647,1.0446592613157029,0.03177284087713528,1.5,2025-07-20T20:00:00+00:00,0.9652271591228647,SL,-1.0,0.0802854021371261,-1.0802854021371262,47,
FET,TREND_PULLBACK,LONG,19269,19270,2025-07-20T17:15:00+00:00,2025-07-20T17:30:00+00:00,0.8116,0.797795342589434,0.832306986115849,0.013804657410566024,1.5,2025-07-20T21:15:00+00:00,0.797795342589434,SL,-1.0,0.15155855615546773,-1.1515585561554678,15,
UNI,TREND_PULLBACK,LONG,19257,19258,2025-07-20T14:15:00+00:00,2025-07-20T14:30:00+00:00,10.612,10.415919460884538,10.906120808673194,0.19608053911546186,1.5,2025-07-20T22:15:00+00:00,10.415919460884538,SL,-1.0,0.13941360740064546,-1.1394136074006456,31,
BNB,TREND_PULLBACK,LONG,19286,19287,2025-07-20T21:30:00+00:00,2025-07-20T21:45:00+00:00,753.58,746.0117735900842,764.9323396148739,7.568226409915837,1.5,2025-07-20T22:15:00+00:00,746.0117735900842,SL,-1.0,0.25758601818689364,-1.2575860181868936,2,
ADA,TREND_PULLBACK,LONG,19303,19304,2025-07-21T01:45:00+00:00,2025-07-21T02:00:00+00:00,0.8567,0.835542736255543,0.8884358956166856,0.021157263744457033,1.5,2025-07-21T07:00:00+00:00,0.8884358956166856,TP,1.5,0.10722920939604297,1.392770790603957,20,
LINK,TREND_PULLBACK,LONG,19290,19291,2025-07-20T22:30:00+00:00,2025-07-20T22:45:00+00:00,19.377,18.924270145431304,20.05609478185304,0.45272985456869463,1.5,2025-07-21T08:30:00+00:00,20.05609478185304,TP,1.5,0.11323093164519946,1.3867690683548006,39,
UNI,TREND_PULLBACK,LONG,19328,19329,2025-07-21T08:00:00+00:00,2025-07-21T08:15:00+00:00,10.629,10.473330678273356,10.862503982589963,0.15566932172664316,1.5,2025-07-21T08:45:00+00:00,10.473330678273356,SL,-1.0,0.17622630828910546,-1.1762263082891056,2,
BNB,TREND_PULLBACK,LONG,19331,19332,2025-07-21T08:45:00+00:00,2025-07-21T09:00:00+00:00,764.26,757.7803455396871,773.9794816904694,6.479654460312872,1.5,2025-07-21T10:45:00+00:00,773.9794816904694,TP,1.5000000000000089,0.3086138834170261,1.1913861165829829,7,
ETH,TREND_PULLBACK,LONG,19290,19291,2025-07-20T22:30:00+00:00,2025-07-20T22:45:00+00:00,3750.29,3685.427445133942,3847.5838322990867,64.86255486605796,1.5,2025-07-21T14:30:00+00:00,3847.5838322990867,TP,1.4999999999999964,0.15227947777242873,1.3477205222275677,63,
DOGE,TREND_PULLBACK,LONG,19289,19290,2025-07-20T22:15:00+00:00,2025-07-20T22:30:00+00:00,0.26914,0.2597336146610382,0.28324957800844264,0.009406385338961765,1.5,2025-07-21T15:30:00+00:00,0.28324957800844264,TP,1.5,0.07634244457714688,1.4236575554228532,68,
LINK,TREND_PULLBACK,LONG,19346,19347,2025-07-21T12:30:00+00:00,2025-07-21T12:45:00+00:00,20.022,19.62313589162394,20.620296162564088,0.3988641083760598,1.5,2025-07-21T16:00:00+00:00,19.62313589162394,SL,-1.0,0.12921362332887337,-1.1292136233288734,13,
AVAX,TREND_PULLBACK,LONG,19350,19351,2025-07-21T13:30:00+00:00,2025-07-21T13:45:00+00:00,25.957,25.509934458112316,26.62759831283153,0.4470655418876852,1.5,2025-07-21T16:15:00+00:00,25.509934458112316,SL,-1.0,0.1496581787830001,-1.149658178783,10,
CRV,TREND_PULLBACK,LONG,19290,19291,2025-07-20T22:30:00+00:00,2025-07-20T22:45:00+00:00,0.979,0.9478262061365449,1.0257606907951826,0.03117379386345509,1.5,2025-07-21T19:30:00+00:00,0.9478262061365449,SL,-1.0,0.08035191606607632,-1.0803519160660764,83,
FET,TREND_PULLBACK,LONG,19361,19362,2025-07-21T16:15:00+00:00,2025-07-21T16:30:00+00:00,0.8564,0.8326650698925094,0.8920023951612359,0.023734930107490615,1.5,2025-07-21T19:30:00+00:00,0.8326650698925094,SL,-1.0,0.09251278941694817,-1.0925127894169482,12,
LINK,TREND_PULLBACK,LONG,19393,19394,2025-07-22T00:15:00+00:00,2025-07-22T00:30:00+00:00,19.608,19.342413587778413,20.00637961833238,0.2655864122215874,1.5,2025-07-22T00:45:00+00:00,19.342413587778413,SL,-1.0,0.19065560335166942,-1.1906556033516695,1,
DOGE,TREND_PULLBACK,LONG,19392,19393,2025-07-22T00:00:00+00:00,2025-07-22T00:15:00+00:00,0.27263,0.26765787868420704,0.2800881819736894,0.004972121315792943,1.5,2025-07-22T01:00:00+00:00,0.26765787868420704,SL,-1.0,0.14126249093289792,-1.1412624909328979,3,
SOL,TREND_PULLBACK,LONG,19392,19393,2025-07-22T00:00:00+00:00,2025-07-22T00:15:00+00:00,197.34,194.68869809074528,201.31695286388208,2.6513019092547268,1.5,2025-07-22T01:00:00+00:00,194.68869809074528,SL,-1.0,0.1922215292566309,-1.192221529256631,3,
XRP,TREND_PULLBACK,LONG,19393,19394,2025-07-22T00:15:00+00:00,2025-07-22T00:30:00+00:00,3.5669,3.5238418204158783,3.6314872693761826,0.043058179584121614,1.5,2025-07-22T01:00:00+00:00,3.5238418204158783,SL,-1.0,0.2140816090130274,-1.2140816090130273,2,
UNI,TREND_PULLBACK,LONG,19386,19387,2025-07-21T22:30:00+00:00,2025-07-21T22:45:00+00:00,10.921,10.639894431037689,11.342658353443465,0.2811055689623103,1.5,2025-07-22T03:15:00+00:00,10.639894431037689,SL,-1.0,0.09971044993458329,-1.0997104499345833,18,
BNB,TREND_PULLBACK,LONG,19398,19399,2025-07-22T01:30:00+00:00,2025-07-22T01:45:00+00:00,765.56,755.8157656926767,780.1763514609848,9.744234307323268,1.5,2025-07-22T03:30:00+00:00,755.8157656926767,SL,-1.0,0.20297012910640655,-1.2029701291064065,7,
ADA,TREND_PULLBACK,LONG,19398,19399,2025-07-22T01:30:00+00:00,2025-07-22T01:45:00+00:00,0.8951,0.8738465349889226,0.9269801975166161,0.021253465011077388,1.5,2025-07-22T04:15:00+00:00,0.8738465349889226,SL,-1.0,0.10820026260598085,-1.1082002626059808,10,
ETH,TREND_PULLBACK,LONG,19398,19399,2025-07-22T01:30:00+00:00,2025-07-22T01:45:00+00:00,3762.01,3703.728494185625,3849.432258721563,58.28150581437512,1.5,2025-07-22T04:15:00+00:00,3703.728494185625,SL,-1.0,0.16652726978868593,-1.166527269788686,10,
AVAX,TREND_PULLBACK,LONG,19398,19399,2025-07-22T01:30:00+00:00,2025-07-22T01:45:00+00:00,25.649,25.056094293483568,26.53835855977465,0.5929057065164329,1.5,2025-07-22T08:15:00+00:00,25.056094293483568,SL,-1.0,0.11117555769334074,-1.1111755576933406,26,
LINK,TREND_PULLBACK,LONG,19444,19445,2025-07-22T13:00:00+00:00,2025-07-22T13:15:00+00:00,19.237,18.96048211964675,19.651776820529875,0.27651788035325,1.5,2025-07-22T13:45:00+00:00,18.96048211964675,SL,-1.0,0.17957871907633818,-1.1795787190763383,2,
AVAX,TREND_PULLBACK,LONG,19446,19447,2025-07-22T13:30:00+00:00,2025-07-22T13:45:00+00:00,25.553,25.12224274474868,26.199135882876984,0.43075725525132214,1.5,2025-07-22T13:45:00+00:00,25.12224274474868,SL,-1.0,0.15293489492066098,-1.152934894920661,0,True
FET,TREND_PULLBACK,LONG,19440,19441,2025-07-22T12:00:00+00:00,2025-07-22T12:15:00+00:00,0.8041,0.7833714676098157,0.8351927985852765,0.02072853239018435,1.5,2025-07-22T14:00:00+00:00,0.7833714676098157,SL,-1.0,0.09955904591055355,-1.0995590459105535,7,
ADA,TREND_PULLBACK,LONG,19446,19447,2025-07-22T13:30:00+00:00,2025-07-22T13:45:00+00:00,0.8787,0.8622292370115489,0.9034061444826769,0.016470762988451182,1.5,2025-07-22T14:00:00+00:00,0.8622292370115489,SL,-1.0,0.1374075997391201,-1.1374075997391202,1,
DOGE,TREND_PULLBACK,LONG,19446,19447,2025-07-22T13:30:00+00:00,2025-07-22T13:45:00+00:00,0.26708,0.2613964746060879,0.27560528809086815,0.005683525393912092,1.5,2025-07-22T14:00:00+00:00,0.2613964746060879,SL,-1.0,0.12087909692878564,-1.1208790969287856,1,
DOGE,TREND_PULLBACK,LONG,19451,19452,2025-07-22T14:45:00+00:00,2025-07-22T15:00:00+00:00,0.26734,0.2600552383702174,0.278267142444674,0.007284761629782643,1.5,2025-07-22T19:45:00+00:00,0.2600552383702174,SL,-1.0,0.09411616257672104,-1.094116162576721,19,
BNB,TREND_PULLBACK,LONG,19430,19431,2025-07-22T09:30:00+00:00,2025-07-22T09:45:00+00:00,761.25,749.7543465714573,778.4934801428141,11.49565342854271,1.5,2025-07-22T20:15:00+00:00,778.4934801428141,TP,1.5,0.17412377092159842,1.3258762290784016,42,
SOL,TREND_PULLBACK,LONG,19439,19440,2025-07-22T11:45:00+00:00,2025-07-22T12:00:00+00:00,199.94,196.0584888673322,205.7622666990017,3.8815111326678107,1.5,2025-07-22T23:30:00+00:00,205.7622666990017,TP,1.5,0.13587825171229245,1.3641217482877075,46,
UNI,TREND_PULLBACK,LONG,19472,19473,2025-07-22T20:00:00+00:00,2025-07-22T20:15:00+00:00,10.542,10.346915957250625,10.834626064124063,0.19508404274937519,1.5,2025-07-23T00:15:00+00:00,10.834626064124063,TP,1.5,0.14244944636021636,1.3575505536397836,16,
XRP,TREND_PULLBACK,LONG,19472,19473,2025-07-22T20:00:00+00:00,2025-07-22T20:15:00+00:00,3.5445,3.5023818875666457,3.607677168650032,0.042118112433354504,1.5,2025-07-23T02:45:00+00:00,3.5023818875666457,SL,-1.0,0.21750610187796146,-1.2175061018779614,26,
ETH,TREND_PULLBACK,LONG,19494,19495,2025-07-23T01:30:00+00:00,2025-07-23T01:45:00+00:00,3733.16,3700.0376511149075,3782.8435233276386,33.12234888509238,1.5,2025-07-23T05:30:00+00:00,3700.0376511149075,SL,-1.0,0.2917412946760714,-1.2917412946760713,15,
LINK,TREND_PULLBACK,LONG,19499,19500,2025-07-23T02:45:00+00:00,2025-07-23T03:00:00+00:00,19.564,19.35050185257285,19.884247221140726,0.21349814742714912,1.5,2025-07-23T06:15:00+00:00,19.35050185257285,SL,-1.0,0.23695218444744062,-1.2369521844474407,13,
CRV,TREND_PULLBACK,LONG,19512,19513,2025-07-23T06:00:00+00:00,2025-07-23T06:15:00+00:00,0.994,0.9731117081850434,1.0253324377224349,0.02088829181495655,1.5,2025-07-23T07:00:00+00:00,1.0253324377224349,TP,1.5000000000000027,0.12567481306247852,1.3743251869375241,3,
CRV,TREND_PULLBACK,LONG,19520,19521,2025-07-23T08:00:00+00:00,2025-07-23T08:15:00+00:00,1.011,0.9765029966790708,1.0627455049813936,0.03449700332092909,1.5,2025-07-23T08:30:00+00:00,0.9765029966790708,SL,-1.0,0.0748979229194452,-1.0748979229194453,1,
ADA,TREND_PULLBACK,LONG,19451,19452,2025-07-22T14:45:00+00:00,2025-07-22T15:00:00+00:00,0.8801,0.8589220582650501,0.9118669126024248,0.021177941734949912,1.5,2025-07-23T10:00:00+00:00,0.8589220582650501,SL,-1.0,0.10674921595490507,-1.106749215954905,76,
BNB,TREND_PULLBACK,LONG,19520,19521,2025-07-23T08:00:00+00:00,2025-07-23T08:15:00+00:00,796.98,789.2793698633282,808.5309452050078,7.700630136671862,1.5,2025-07-23T10:00:00+00:00,789.2793698633282,SL,-1.0,0.2677881087941152,-1.2677881087941152,7,
AVAX,TREND_PULLBACK,LONG,19451,19452,2025-07-22T14:45:00+00:00,2025-07-22T15:00:00+00:00,25.357,24.6623550820312,26.398967376953195,0.6946449179687981,1.5,2025-07-23T12:45:00+00:00,24.6623550820312,SL,-1.0,0.09360920943145998,-1.09360920943146,87,
BNB,TREND_PULLBACK,LONG,19577,19578,2025-07-23T22:15:00+00:00,2025-07-23T22:30:00+00:00,772.82,756.4500825385371,797.3748761921945,16.369917461462933,1.5,2025-07-24T05:45:00+00:00,756.4500825385371,SL,-1.0,0.121445395920917,-1.121445395920917,29,
BNB,TREND_PULLBACK,LONG,19674,19675,2025-07-24T22:30:00+00:00,2025-07-24T22:45:00+00:00,780.07,772.418224316031,791.5476635259536,7.651775683969049,1.5,2025-07-24T23:15:00+00:00,772.418224316031,SL,-1.0,0.26376030544637746,-1.2637603054463775,2,
ETH,TREND_PULLBACK,LONG,19699,19700,2025-07-25T04:45:00+00:00,2025-07-25T05:00:00+00:00,3647.06,3582.5674462333077,3743.7988306500383,64.49255376669225,1.5,2025-07-25T10:00:00+00:00,3743.7988306500383,TP,1.5,0.14898024529472498,1.3510197547052751,20,
CRV,TREND_PULLBACK,LONG,19824,19825,2025-07-26T12:00:00+00:00,2025-07-26T12:15:00+00:00,1.06,1.0416239242972787,1.0875641135540821,0.018376075702721373,1.5,2025-07-26T15:15:00+00:00,1.0416239242972787,SL,-1.0,0.14867761462159493,-1.148677614621595,12,
BNB,TREND_PULLBACK,LONG,19785,19786,2025-07-26T02:15:00+00:00,2025-07-26T02:30:00+00:00,782.95,777.3499048535031,791.3501427197455,5.600095146496983,1.5,2025-07-26T22:00:00+00:00,791.3501427197455,TP,1.4999999999999898,0.3654563238654738,1.134543676134516,78,
LINK,TREND_PULLBACK,LONG,19809,19810,2025-07-26T08:15:00+00:00,2025-07-26T08:30:00+00:00,18.338,18.16408138717687,18.598877919234695,0.1739186128231296,1.5,2025-07-26T22:15:00+00:00,18.598877919234695,TP,1.5,0.27609432087546615,1.2239056791245337,55,
CRV,TREND_PULLBACK,LONG,19875,19876,2025-07-27T00:45:00+00:00,2025-07-27T01:00:00+00:00,1.107,1.07078808432975,1.161317873505375,0.03621191567025006,1.5,2025-07-27T06:00:00+00:00,1.161317873505375,TP,1.5,0.08143212478481464,1.4185678752151853,20,
AVAX,TREND_PULLBACK,LONG,19880,19881,2025-07-27T02:00:00+00:00,2025-07-27T02:15:00+00:00,25.022,24.764477921326897,25.40828311800965,0.2575220786731016,1.5,2025-07-27T09:45:00+00:00,24.764477921326897,SL,-1.0,0.2513276594815141,-1.2513276594815141,30,
SUI,TREND_PULLBACK,LONG,19883,19884,2025-07-27T02:45:00+00:00,2025-07-27T03:00:00+00:00,4.186,4.129163783777102,4.271254324334347,0.05683621622289792,1.5,2025-07-27T11:30:00+00:00,4.271254324334347,TP,1.5,0.1934405798323581,1.3065594201676418,34,
BNB,TREND_PULLBACK,LONG,19930,19931,2025-07-27T14:30:00+00:00,2025-07-27T14:45:00+00:00,798.1,793.3647935905616,805.2028096141577,4.735206409438433,1.5,2025-07-27T15:45:00+00:00,805.2028096141577,TP,1.5,0.4401695453748107,1.0598304546251893,4,
AVAX,TREND_PULLBACK,LONG,19914,19915,2025-07-27T10:30:00+00:00,2025-07-27T10:45:00+00:00,25.048,24.791668919687115,25.432496620469323,0.2563310803128829,1.5,2025-07-27T16:30:00+00:00,25.432496620469323,TP,1.5,0.2560151719662998,1.2439848280337003,23,
CRV,TREND_PULLBACK,LONG,19937,19938,2025-07-27T16:15:00+00:00,2025-07-27T16:30:00+00:00,1.062,1.0368876140620853,1.099668578906872,0.02511238593791476,1.5,2025-07-27T17:15:00+00:00,1.0368876140620853,SL,-1.0,0.10865370996712546,-1.1086537099671254,3,
CRV,TREND_PULLBACK,LONG,19960,19961,2025-07-27T22:00:00+00:00,2025-07-27T22:15:00+00:00,1.06,1.0368391804183876,1.0947412293724188,0.023160819581612424,1.5,2025-07-27T23:00:00+00:00,1.0368391804183876,SL,-1.0,0.11769406194537317,-1.1176940619453732,3,
ETH,TREND_PULLBACK,LONG,19976,19977,2025-07-28T02:00:00+00:00,2025-07-28T02:15:00+00:00,3855.5,3830.847715749753,3892.47842637537,24.652284250246794,1.5,2025-07-28T02:30:00+00:00,3892.47842637537,TP,1.4999999999999907,0.4085776332952654,1.0914223667047254,1,
SUI,TREND_PULLBACK,LONG,19964,19965,2025-07-27T23:00:00+00:00,2025-07-27T23:15:00+00:00,4.3549,4.280725858134629,4.466161212798056,0.07417414186537119,1.5,2025-07-28T03:00:00+00:00,4.280725858134629,SL,-1.0,0.15135077175481437,-1.1513507717548144,15,
LINK,TREND_PULLBACK,LONG,19997,19998,2025-07-28T07:15:00+00:00,2025-07-28T07:30:00+00:00,19.308,19.103994545906918,19.614008181139624,0.2040054540930818,1.5,2025-07-28T09:30:00+00:00,19.103994545906918,SL,-1.0,0.24477577392070524,-1.2447757739207053,8,
SUI,TREND_PULLBACK,LONG,20014,20015,2025-07-28T11:30:00+00:00,2025-07-28T11:45:00+00:00,4.2507,4.191561431232916,4.339407853150626,0.05913856876708401,1.5,2025-07-28T12:45:00+00:00,4.191561431232916,SL,-1.0,0.18558007218313582,-1.1855800721831358,4,
BNB,TREND_PULLBACK,LONG,20015,20016,2025-07-28T11:45:00+00:00,2025-07-28T12:00:00+00:00,851.16,842.9487924854785,863.4768112717821,8.211207514521448,1.5,2025-07-28T13:30:00+00:00,842.9487924854785,SL,-1.0,0.26821163955926103,-1.268211639559261,6,
AVAX,TREND_PULLBACK,LONG,20014,20015,2025-07-28T11:30:00+00:00,2025-07-28T11:45:00+00:00,26.936,26.59673335258617,27.444899971120744,0.3392666474138295,1.5,2025-07-28T14:15:00+00:00,26.59673335258617,SL,-1.0,0.205126421618081,-1.205126421618081,10,
ETH,TREND_PULLBACK,LONG,20064,20065,2025-07-29T00:00:00+00:00,2025-07-29T00:15:00+00:00,3806.69,3755.2697132234293,3883.820430164856,51.42028677657072,1.5,2025-07-29T00:30:00+00:00,3755.2697132234293,SL,-1.0,0.19118033452255417,-1.1911803345225542,1,
BNB,TREND_PULLBACK,LONG,20064,20065,2025-07-29T00:00:00+00:00,2025-07-29T00:15:00+00:00,830.23,817.5556508834983,849.2415236747527,12.67434911650173,1.5,2025-07-29T02:15:00+00:00,817.5556508834983,SL,-1.0,0.16901233558096895,-1.169012335580969,8,
ETH,TREND_PULLBACK,LONG,20076,20077,2025-07-29T03:00:00+00:00,2025-07-29T03:15:00+00:00,3781.15,3720.7616070388112,3871.7325894417836,60.388392961188856,1.5,2025-07-29T07:30:00+00:00,3871.7325894417836,TP,1.5000000000000038,0.1647460195317385,1.3352539804682653,17,
BNB,TREND_PULLBACK,LONG,20096,20097,2025-07-29T08:00:00+00:00,2025-07-29T08:15:00+00:00,831.02,822.7147321272711,843.4779018090933,8.305267872728905,1.5,2025-07-29T10:45:00+00:00,822.7147321272711,SL,-1.0,0.2588544023757133,-1.2588544023757133,10,
BNB,TREND_PULLBACK,LONG,20113,20114,2025-07-29T12:15:00+00:00,2025-07-29T12:30:00+00:00,828.67,818.4040635162758,844.0689047255862,10.265936483724204,1.5,2025-07-29T13:45:00+00:00,818.4040635162758,SL,-1.0,0.20857291353456633,-1.2085729135345664,5,
FET,TREND_PULLBACK,SHORT,20359,20360,2025-08-01T01:45:00+00:00,2025-08-01T02:00:00+00:00,0.6675,0.6787243069622454,0.6506635395566318,0.011224306962245412,1.5,2025-08-01T08:00:00+00:00,0.6506635395566318,TP,1.5000000000000049,0.15266979130093344,1.3473302086990715,24,
FET,TREND_PULLBACK,SHORT,20406,20407,2025-08-01T13:30:00+00:00,2025-08-01T13:45:00+00:00,0.6519,0.6669243641218385,0.6293634538172423,0.015024364121838496,1.5,2025-08-01T20:30:00+00:00,0.6293634538172423,TP,1.4999999999999962,0.11086276107628004,1.3891372389237162,27,
FET,TREND_PULLBACK,SHORT,20470,20471,2025-08-02T05:30:00+00:00,2025-08-02T05:45:00+00:00,0.6399,0.646263352126214,0.6303549718106791,0.0063633521262139725,1.5,2025-08-02T06:15:00+00:00,0.6303549718106791,TP,1.4999999999999913,0.2595065353292623,1.240493464670729,2,
FET,TREND_PULLBACK,SHORT,20577,20578,2025-08-03T08:15:00+00:00,2025-08-03T08:30:00+00:00,0.6232,0.6272643166485771,0.6171035250271344,0.004064316648577093,1.5,2025-08-03T09:30:00+00:00,0.6272643166485771,SL,-1.0,0.3999697248520904,-1.3999697248520904,4,
FET,TREND_PULLBACK,SHORT,20632,20633,2025-08-03T22:00:00+00:00,2025-08-03T22:15:00+00:00,0.6339,0.6403309332073474,0.624253600188979,0.0064309332073473335,1.5,2025-08-04T00:30:00+00:00,0.6403309332073474,SL,-1.0,0.2575831780179278,-1.2575831780179278,9,
SOL,TREND_PULLBACK,SHORT,20866,20867,2025-08-06T08:30:00+00:00,2025-08-06T08:45:00+00:00,162.94,164.8366469193775,160.09502962093376,1.8966469193775026,1.5,2025-08-06T14:00:00+00:00,164.8366469193775,SL,-1.0,0.2246647157368879,-1.224664715736888,21,
LINK,TREND_PULLBACK,LONG,21028,21029,2025-08-08T01:00:00+00:00,2025-08-08T01:15:00+00:00,18.473,17.9944483271816,19.190827509227596,0.47855167281839783,1.5,2025-08-08T03:45:00+00:00,19.190827509227596,TP,1.5,0.10231491925131456,1.3976850807486854,10,
ETH,TREND_PULLBACK,LONG,21068,21069,2025-08-08T11:00:00+00:00,2025-08-08T11:15:00+00:00,3906.13,3874.3685917159155,3953.772112426127,31.76140828408461,1.5,2025-08-08T13:45:00+00:00,3953.772112426127,TP,1.5,0.32170716911422537,1.1782928308857747,10,
BTC,TREND_PULLBACK,LONG,21078,21079,2025-08-08T13:30:00+00:00,2025-08-08T13:45:00+00:00,116777.6,116328.16940362268,117451.74589456599,449.4305963773222,1.5,2025-08-08T14:30:00+00:00,116328.16940362268,SL,-1.0,0.6742698487093934,-1.6742698487093934,3,
UNI,TREND_PULLBACK,LONG,21078,21079,2025-08-08T13:30:00+00:00,2025-08-08T13:45:00+00:00,10.613,10.478403030304474,10.814895454543288,0.13459696969552581,1.5,2025-08-08T15:30:00+00:00,10.478403030304474,SL,-1.0,0.2037105590223942,-1.2037105590223942,7,
SUI,TREND_PULLBACK,LONG,21092,21093,2025-08-08T17:00:00+00:00,2025-08-08T17:15:00+00:00,3.8036,3.7301883353686582,3.9137174969470125,0.07341166463134163,1.5,2025-08-09T02:30:00+00:00,3.9137174969470125,TP,1.500000000000003,0.1366610169707,1.363338983029303,37,
BNB,TREND_PULLBACK,LONG,21120,21121,2025-08-09T00:00:00+00:00,2025-08-09T00:15:00+00:00,795.59,791.9225878456023,801.0911182315967,3.6674121543977662,1.5,2025-08-09T04:30:00+00:00,801.0911182315967,TP,1.5000000000000155,0.5659809605015417,0.9340190394984739,17,
ETH,TREND_PULLBACK,LONG,21126,21127,2025-08-09T01:30:00+00:00,2025-08-09T01:45:00+00:00,4028.53,3995.9442803892775,4077.408579416084,32.58571961072266,1.5,2025-08-09T04:30:00+00:00,4077.408579416084,TP,1.5,0.32338460770936495,1.176615392290635,11,
UNI,TREND_PULLBACK,LONG,21132,21133,2025-08-09T03:00:00+00:00,2025-08-09T03:15:00+00:00,10.929,10.829325518515477,11.078511722226786,0.09967448148452362,1.5,2025-08-09T04:30:00+00:00,11.078511722226786,TP,1.5,0.2870319946769629,1.2129680053230372,5,
SOL,TREND_PULLBACK,LONG,21136,21137,2025-08-09T04:00:00+00:00,2025-08-09T04:15:00+00:00,177.55,176.42428734371805,179.23856898442295,1.1257126562819622,1.5,2025-08-09T05:00:00+00:00,179.23856898442295,TP,1.5,0.4120280047411793,1.0879719952588207,3,
BTC,TREND_PULLBACK,LONG,21092,21093,2025-08-08T17:00:00+00:00,2025-08-08T17:15:00+00:00,116374.0,115720.40965322903,117354.38552015646,653.5903467709722,1.5,2025-08-09T09:00:00+00:00,117354.38552015646,TP,1.5,0.46488890583733766,1.0351110941626622,63,
UNI,TREND_PULLBACK,LONG,21169,21170,2025-08-09T12:15:00+00:00,2025-08-09T12:30:00+00:00,11.22,11.063690404628382,11.454464393057428,0.15630959537161893,1.5,2025-08-09T13:00:00+00:00,11.063690404628382,SL,-1.0,0.18532961752696567,-1.1853296175269656,2,
ETH,TREND_PULLBACK,LONG,21168,21169,2025-08-09T12:00:00+00:00,2025-08-09T12:15:00+00:00,4196.8,4167.045635977968,4241.431546033048,29.75436402203195,1.5,2025-08-09T13:45:00+00:00,4167.045635977968,SL,-1.0,0.36542536478750903,-1.365425364787509,6,
SUI,TREND_PULLBACK,LONG,21173,21174,2025-08-09T13:15:00+00:00,2025-08-09T13:30:00+00:00,3.9521,3.8912715467280283,4.043342679907958,0.06082845327197184,1.5,2025-08-09T14:00:00+00:00,3.8912715467280283,SL,-1.0,0.16762522244577055,-1.1676252224457706,2,
BTC,TREND_PULLBACK,LONG,21201,21202,2025-08-09T20:15:00+00:00,2025-08-09T20:30:00+00:00,116691.9,116367.13239517581,117179.05140723627,324.7676048241847,1.5,2025-08-09T21:15:00+00:00,116367.13239517581,SL,-1.0,0.9329032132923086,-1.9329032132923087,3,
BNB,TREND_PULLBACK,LONG,21196,21197,2025-08-09T19:00:00+00:00,2025-08-09T19:15:00+00:00,808.64,802.9962552635869,817.1056171046196,5.643744736413055,1.5,2025-08-09T21:30:00+00:00,802.9962552635869,SL,-1.0,0.37122995983943885,-1.3712299598394389,9,
SUI,TREND_PULLBACK,LONG,21201,21202,2025-08-09T20:15:00+00:00,2025-08-09T20:30:00+00:00,3.9544,3.9147252674393824,4.013912098840927,0.03967473256061771,1.5,2025-08-09T21:30:00+00:00,3.9147252674393824,SL,-1.0,0.2578432717105611,-1.257843271710561,4,
SOL,TREND_PULLBACK,LONG,21209,21210,2025-08-09T22:15:00+00:00,2025-08-09T22:30:00+00:00,182.06,179.97549807828875,185.18675288256688,2.084501921711251,1.5,2025-08-09T22:45:00+00:00,179.97549807828875,SL,-1.0,0.22578350377120457,-1.2257835037712046,1,
CRV,TREND_PULLBACK,LONG,21176,21177,2025-08-09T14:00:00+00:00,2025-08-09T14:15:00+00:00,0.994,0.9786647639800554,1.0170028540299167,0.015335236019944576,1.5,2025-08-10T02:30:00+00:00,0.9786647639800554,SL,-1.0,0.1672269138759131,-1.167226913875913,49,
BTC,TREND_PULLBACK,LONG,21209,21210,2025-08-09T22:15:00+00:00,2025-08-09T22:30:00+00:00,116636.7,116246.54479967289,117221.93280049066,390.1552003271063,1.5,2025-08-10T02:45:00+00:00,117221.93280049066,TP,1.5,0.7792186862708751,0.7207813137291249,17,
LINK,TREND_PULLBACK,LONG,21218,21219,2025-08-10T00:30:00+00:00,2025-08-10T00:45:00+00:00,21.577,21.15914825400796,22.203777618988063,0.4178517459920421,1.5,2025-08-10T05:00:00+00:00,22.203777618988063,TP,1.4999999999999958,0.1362086229161489,1.3637913770838468,17,
DOGE,TREND_PULLBACK,LONG,21229,21230,2025-08-10T03:15:00+00:00,2025-08-10T03:30:00+00:00,0.24207,0.2376819987935293,0.24865200180970606,0.004388001206470704,1.5,2025-08-10T06:00:00+00:00,0.2376819987935293,SL,-1.0,0.14213250386346538,-1.1421325038634653,10,
UNI,TREND_PULLBACK,LONG,21197,21198,2025-08-09T19:15:00+00:00,2025-08-09T19:30:00+00:00,10.992,10.841683691047844,11.217474463428236,0.15031630895215642,1.5,2025-08-10T06:15:00+00:00,10.841683691047844,SL,-1.0,0.18882707402958096,-1.188827074029581,43,
SUI,TREND_PULLBACK,LONG,21219,21220,2025-08-10T00:45:00+00:00,2025-08-10T01:00:00+00:00,3.9344,3.8781941119491967,4.018708832076205,0.0562058880508034,1.5,2025-08-10T06:15:00+00:00,3.8781941119491967,SL,-1.0,0.18069943733214947,-1.1806994373321495,21,
CRV,TREND_PULLBACK,LONG,21232,21233,2025-08-10T04:00:00+00:00,2025-08-10T04:15:00+00:00,0.994,0.9715488612422317,1.0276767081366525,0.022451138757768274,1.5,2025-08-10T07:30:00+00:00,0.9715488612422317,SL,-1.0,0.11381220111745008,-1.11381220111745,13,
CRV,TREND_PULLBACK,LONG,21251,21252,2025-08-10T08:45:00+00:00,2025-08-10T09:00:00+00:00,0.983,0.9580226558152469,1.0204660162771295,0.02497734418475306,1.5,2025-08-10T11:45:00+00:00,0.9580226558152469,SL,-1.0,0.10102473000712937,-1.1010247300071294,11,
ETH,TREND_PULLBACK,LONG,21273,21274,2025-08-10T14:15:00+00:00,2025-08-10T14:30:00+00:00,4210.89,4161.523422108056,4284.939866837916,49.36657789194396,1.5,2025-08-11T01:15:00+00:00,4284.939866837916,TP,1.5,0.22372583432994322,1.2762741656700567,43,
BNB,TREND_PULLBACK,LONG,21266,21267,2025-08-10T12:30:00+00:00,2025-08-10T12:45:00+00:00,802.56,795.5287708026734,813.1068437959898,7.031229197326525,1.5,2025-08-11T01:30:00+00:00,813.1068437959898,TP,1.500000000000008,0.29871973135698754,1.2012802686430204,51,
DOGE,TREND_PULLBACK,LONG,21273,21274,2025-08-10T14:15:00+00:00,2025-08-10T14:30:00+00:00,0.23255,0.2289258799209835,0.23798618011852474,0.0036241200790164962,1.5,2025-08-11T02:00:00+00:00,0.23798618011852474,TP,1.4999999999999962,0.16878497975157677,1.3312150202484194,46,
SOL,TREND_PULLBACK,LONG,21273,21274,2025-08-10T14:15:00+00:00,2025-08-10T14:30:00+00:00,180.59,178.15760971731106,184.23858542403343,2.4323902826889423,1.5,2025-08-11T02:00:00+00:00,184.23858542403343,TP,1.5000000000000058,0.1949839893814009,1.3050160106186048,46,
CRV,TREND_PULLBACK,LONG,21273,21274,2025-08-10T14:15:00+00:00,2025-08-10T14:30:00+00:00,0.973,0.9529144122645958,1.0031283816031062,0.020085587735404142,1.5,2025-08-11T03:15:00+00:00,1.0031283816031062,TP,1.5000000000000027,0.1279010069272612,1.3720989930727414,51,
UNI,TREND_PULLBACK,LONG,21345,21346,2025-08-11T08:15:00+00:00,2025-08-11T08:30:00+00:00,11.171,10.975681590242594,11.463977614636107,0.19531840975740522,1.5,2025-08-11T10:15:00+00:00,10.975681590242594,SL,-1.0,0.1474038525250885,-1.1474038525250885,7,
BTC,TREND_PULLBACK,LONG,21376,21377,2025-08-11T16:00:00+00:00,2025-08-11T16:15:00+00:00,120663.6,119646.37768548976,122189.43347176537,1017.2223145102471,1.5,2025-08-11T17:15:00+00:00,119646.37768548976,SL,-1.0,0.3071137612052352,-1.3071137612052353,4,
BNB,TREND_PULLBACK,LONG,21384,21385,2025-08-11T18:00:00+00:00,2025-08-11T18:15:00+00:00,806.31,798.6063777495424,817.8654333756863,7.703622250457556,1.5,2025-08-11T21:30:00+00:00,798.6063777495424,SL,-1.0,0.2708325023271337,-1.2708325023271336,13,
UNI,TREND_PULLBACK,LONG,21440,21441,2025-08-12T08:00:00+00:00,2025-08-12T08:15:00+00:00,11.254,11.06573400745873,11.536398988811904,0.18826599254126997,1.5,2025-08-12T08:30:00+00:00,11.06573400745873,SL,-1.0,0.15412052818480107,-1.154120528184801,1,
LINK,TREND_PULLBACK,LONG,21433,21434,2025-08-12T06:15:00+00:00,2025-08-12T06:30:00+00:00,21.582,21.223168742059336,22.120246886910998,0.3588312579406647,1.5,2025-08-12T09:45:00+00:00,21.223168742059336,SL,-1.0,0.15507768103602254,-1.1550776810360226,13,
BTC,TREND_PULLBACK,LONG,21433,21434,2025-08-12T06:15:00+00:00,2025-08-12T06:30:00+00:00,118947.4,118306.43551320504,119908.84673019242,640.9644867949537,1.5,2025-08-12T10:00:00+00:00,118306.43551320504,SL,-1.0,0.4811966848731733,-1.4811966848731732,14,
ETH,TREND_PULLBACK,LONG,21433,21434,2025-08-12T06:15:00+00:00,2025-08-12T06:30:00+00:00,4297.8,4252.9878919925295,4365.018162011206,44.81210800747067,1.5,2025-08-12T12:30:00+00:00,4365.018162011206,TP,1.5,0.25130849922831405,1.248691500771686,24,
BNB,TREND_PULLBACK,LONG,21404,21405,2025-08-11T23:00:00+00:00,2025-08-11T23:15:00+00:00,805.95,796.6720472462654,819.8669291306021,9.277952753734667,1.5,2025-08-12T15:45:00+00:00,819.8669291306021,TP,1.5000000000000062,0.2278047823663478,1.2721952176336584,66,
LINK,TREND_PULLBACK,LONG,21511,21512,2025-08-13T01:45:00+00:00,2025-08-13T02:00:00+00:00,23.594,23.161869057959418,24.242196413060874,0.4321309420405832,1.5,2025-08-13T03:00:00+00:00,24.242196413060874,TP,1.4999999999999958,0.14390789755374403,1.3560921024462518,4,
BTC,TREND_PULLBACK,LONG,21520,21521,2025-08-13T04:00:00+00:00,2025-08-13T04:15:00+00:00,119675.6,119007.51173485654,120677.73239771521,668.0882651434658,1.5,2025-08-13T05:45:00+00:00,119007.51173485654,SL,-1.0,0.464441693476957,-1.464441693476957,6,
ETH,TREND_PULLBACK,LONG,21541,21542,2025-08-13T09:15:00+00:00,2025-08-13T09:30:00+00:00,4639.34,4593.342257846636,4708.336613230046,45.997742153364015,1.5,2025-08-13T09:45:00+00:00,4708.336613230046,TP,1.5,0.26418643673166325,1.2358135632683367,1,
BTC,TREND_PULLBACK,LONG,21535,21536,2025-08-13T07:45:00+00:00,2025-08-13T08:00:00+00:00,119540.3,118914.40847381725,120479.13728927413,625.8915261827497,1.5,2025-08-13T11:00:00+00:00,120479.13728927413,TP,1.5000000000000115,0.4985293064743463,1.0014706935256652,12,
BNB,TREND_PULLBACK,LONG,21559,21560,2025-08-13T13:45:00+00:00,2025-08-13T14:00:00+00:00,853.84,846.1990238426383,865.3014642360426,7.640976157361706,1.5,2025-08-13T14:45:00+00:00,846.1990238426383,SL,-1.0,0.2892367003221381,-1.289236700322138,3,
SOL,TREND_PULLBACK,LONG,21604,21605,2025-08-14T01:00:00+00:00,2025-08-14T01:15:00+00:00,201.75,199.46054367337234,205.1841844899415,2.2894563266276577,1.5,2025-08-14T02:30:00+00:00,205.1841844899415,TP,1.5,0.2310655301366486,1.2689344698633513,5,
UNI,TREND_PULLBACK,LONG,21615,21616,2025-08-14T03:45:00+00:00,2025-08-14T04:00:00+00:00,12.141,11.916621880073933,12.4775671798891,0.22437811992606704,1.5,2025-08-14T05:30:00+00:00,11.916621880073933,SL,-1.0,0.13938484043988444,-1.1393848404398845,6,
BNB,TREND_PULLBACK,LONG,21624,21625,2025-08-14T06:00:00+00:00,2025-08-14T06:15:00+00:00,855.27,848.1515237135218,865.9477144297173,7.118476286478199,1.5,2025-08-14T06:30:00+00:00,865.9477144297173,TP,1.5,0.314334548393313,1.185665451606687,1,
SOL,TREND_PULLBACK,LONG,21626,21627,2025-08-14T06:30:00+00:00,2025-08-14T06:45:00+00:00,207.33,203.08044211779162,213.7043368233126,4.249557882208393,1.5,2025-08-14T08:30:00+00:00,203.08044211779162,SL,-1.0,0.12555037242506378,-1.1255503724250637,7,
LINK,TREND_PULLBACK,LONG,21540,21541,2025-08-13T09:00:00+00:00,2025-08-13T09:15:00+00:00,23.656,23.149592464902515,24.415611302646226,0.5064075350974839,1.5,2025-08-14T09:15:00+00:00,23.516,TIME,-0.2764571818092131,0.12109535453139564,-0.3975525363406087,96,
ETH,TREND_PULLBACK,LONG,21610,21611,2025-08-14T02:30:00+00:00,2025-08-14T02:45:00+00:00,4759.59,4691.07330221405,4862.365046678925,68.51669778594987,1.5,2025-08-14T10:30:00+00:00,4691.07330221405,SL,-1.0,0.17931194423963645,-1.1793119442396365,31,
ADA,TREND_PULLBACK,LONG,21636,21637,2025-08-14T09:00:00+00:00,2025-08-14T09:15:00+00:00,0.991,0.9670984698143696,1.0268522952784456,0.02390153018563035,1.5,2025-08-14T10:30:00+00:00,0.9670984698143696,SL,-1.0,0.10650062949898736,-1.1065006294989874,5,
SUI,TREND_PULLBACK,LONG,21648,21649,2025-08-14T12:00:00+00:00,2025-08-14T12:15:00+00:00,3.9737,3.9001327116141673,4.084050932578749,0.07356728838583271,1.5,2025-08-14T12:30:00+00:00,3.9001327116141673,SL,-1.0,0.139137689449889,-1.139137689449889,1,
FET,TREND_PULLBACK,LONG,21649,21650,2025-08-14T12:15:00+00:00,2025-08-14T12:30:00+00:00,0.7392,0.7257643253544118,0.7593535119683822,0.013435674645588147,1.5,2025-08-14T12:30:00+00:00,0.7257643253544118,SL,-1.0,0.1417460360716682,-1.1417460360716682,0,True
SOL,TREND_PULLBACK,LONG,21649,21650,2025-08-14T12:15:00+00:00,2025-08-14T12:30:00+00:00,205.11,201.1160034434563,211.1009948348156,3.9939965565437205,1.5,2025-08-14T12:30:00+00:00,201.1160034434563,SL,-1.0,0.1322218977908907,-1.1322218977908907,0,True
ADA,TREND_PULLBACK,LONG,21690,21691,2025-08-14T22:30:00+00:00,2025-08-14T22:45:00+00:00,0.9065,0.8781984794658515,0.9489522808012227,0.028301520534148472,1.5,2025-08-15T06:00:00+00:00,0.9489522808012227,TP,1.500000000000002,0.08522821104721835,1.4147717889527835,29,
ADA,TREND_PULLBACK,LONG,21736,21737,2025-08-15T10:00:00+00:00,2025-08-15T10:15:00+00:00,0.95,0.9314594941154147,0.9778107588268778,0.018540505884585223,1.5,2025-08-15T12:30:00+00:00,0.9314594941154147,SL,-1.0,0.13192182336208985,-1.1319218233620898,9,
SOL,TREND_PULLBACK,LONG,21702,21703,2025-08-15T01:30:00+00:00,2025-08-15T01:45:00+00:00,193.92,190.9697626088169,198.34535608677464,2.9502373911830944,1.5,2025-08-15T13:30:00+00:00,190.9697626088169,SL,-1.0,0.16959878987595994,-1.1695987898759599,47,
ETH,TREND_PULLBACK,LONG,21693,21694,2025-08-14T23:15:00+00:00,2025-08-14T23:30:00+00:00,4562.53,4478.454061212891,4688.643908180662,84.0759387871085,1.5,2025-08-15T14:45:00+00:00,4478.454061212891,SL,-1.0,0.1397936133587236,-1.1397936133587236,61,
BNB,TREND_PULLBACK,LONG,21689,21690,2025-08-14T22:15:00+00:00,2025-08-14T22:30:00+00:00,836.19,821.8679201690625,857.6731197464064,14.322079830937582,1.5,2025-08-15T15:15:00+00:00,821.8679201690625,SL,-1.0,0.15050015931091726,-1.1505001593109172,67,
ADA,TREND_PULLBACK,LONG,21752,21753,2025-08-15T14:00:00+00:00,2025-08-15T14:15:00+00:00,0.9511,0.9217049897911024,0.9951925153133463,0.029395010208897565,1.5,2025-08-15T15:30:00+00:00,0.9217049897911024,SL,-1.0,0.08282516214236559,-1.0828251621423657,5,
ADA,TREND_PULLBACK,LONG,21765,21766,2025-08-15T17:15:00+00:00,2025-08-15T17:30:00+00:00,0.9371,0.903321022472747,0.9877684662908796,0.03377897752725301,1.5,2025-08-16T10:15:00+00:00,0.903321022472747,SL,-1.0,0.07082947751406196,-1.0708294775140619,67,
ADA,TREND_PULLBACK,LONG,21856,21857,2025-08-16T16:00:00+00:00,2025-08-16T16:15:00+00:00,0.9163,0.8987609785459313,0.9426085321811031,0.017539021454068715,1.5,2025-08-17T03:45:00+00:00,0.9426085321811031,TP,1.5,0.13778311966628184,1.3622168803337182,46,
ADA,TREND_PULLBACK,LONG,21953,21954,2025-08-17T16:15:00+00:00,2025-08-17T16:30:00+00:00,0.969,0.9584369542371759,0.9848445686442361,0.010563045762824075,1.5,2025-08-17T17:45:00+00:00,0.9584369542371759,SL,-1.0,0.23721075310748516,-1.2372107531074852,5,
LINK,TREND_PULLBACK,LONG,21977,21978,2025-08-17T22:15:00+00:00,2025-08-17T22:30:00+00:00,25.811,25.301342516246663,26.575486225630005,0.5096574837533367,1.5,2025-08-18T02:15:00+00:00,25.301342516246663,SL,-1.0,0.1303739224660912,-1.1303739224660911,15,
LINK,TREND_PULLBACK,LONG,22014,22015,2025-08-18T07:30:00+00:00,2025-08-18T07:45:00+00:00,24.829,24.094580440667286,25.930629338999072,0.7344195593327143,1.5,2025-08-18T19:00:00+00:00,25.930629338999072,TP,1.5,0.08984989207075904,1.410150107929241,45,
LINK,TREND_PULLBACK,LONG,22284,22285,2025-08-21T03:00:00+00:00,2025-08-21T03:15:00+00:00,26.322,25.615035030222884,27.382447454665673,0.7069649697771148,1.5,2025-08-21T04:15:00+00:00,25.615035030222884,SL,-1.0,0.09550423065597753,-1.0955042306559775,4,
LINK,TREND_PULLBACK,LONG,22304,22305,2025-08-21T08:00:00+00:00,2025-08-21T08:15:00+00:00,25.933,25.42533063961245,26.69450404058132,0.5076693603875491,1.5,2025-08-21T14:30:00+00:00,25.42533063961245,SL,-1.0,0.1315143970487561,-1.131514397048756,25,
SUI,TREND_PULLBACK,SHORT,22350,22351,2025-08-21T19:30:00+00:00,2025-08-21T19:45:00+00:00,3.3987,3.4486207554516524,3.323818866822521,0.04992075545165253,1.5,2025-08-22T02:15:00+00:00,3.4486207554516524,SL,-1.0,0.17831294621949637,-1.1783129462194963,26,
XRP,TREND_PULLBACK,SHORT,22378,22379,2025-08-22T02:30:00+00:00,2025-08-22T02:45:00+00:00,2.864,2.8932480169104986,2.820127974634252,0.02924801691049872,1.5,2025-08-22T11:00:00+00:00,2.820127974634252,TP,1.5,0.2526450387948209,1.247354961205179,33,
FET,TREND_PULLBACK,SHORT,22394,22395,2025-08-22T06:30:00+00:00,2025-08-22T06:45:00+00:00,0.6628,0.6704733282599976,0.6512900076100034,0.007673328259997669,1.5,2025-08-22T11:15:00+00:00,0.6512900076100034,TP,1.5,0.22263051338475173,1.2773694866152483,18,
SUI,TREND_PULLBACK,SHORT,22394,22395,2025-08-22T06:30:00+00:00,2025-08-22T06:45:00+00:00,3.4186,3.4656156467014982,3.348076529947753,0.04701564670149816,1.5,2025-08-22T12:00:00+00:00,3.348076529947753,TP,1.4999999999999953,0.1871011058250906,1.3128988941749047,21,
BTC,TREND_PULLBACK,SHORT,22330,22331,2025-08-21T14:30:00+00:00,2025-08-21T14:45:00+00:00,113149.5,113979.93552362896,111903.84671455657,830.4355236289557,1.5,2025-08-22T12:30:00+00:00,111903.84671455657,TP,1.5,0.3523083278644105,1.1476916721355894,87,
FET,TREND_PULLBACK,SHORT,22423,22424,2025-08-22T13:45:00+00:00,2025-08-22T14:00:00+00:00,0.6504,0.6604353963138544,0.6353469055292184,0.010035396313854417,1.5,2025-08-22T14:00:00+00:00,0.6604353963138544,SL,-1.0,0.16980754540360565,-1.1698075454036057,0,True
SUI,TREND_PULLBACK,SHORT,22423,22424,2025-08-22T13:45:00+00:00,2025-08-22T14:00:00+00:00,3.3625,3.4030186256716877,3.301722061492468,0.04051862567168785,1.5,2025-08-22T14:00:00+00:00,3.4030186256716877,SL,-1.0,0.21706496870447337,-1.2170649687044734,0,True
AVAX,TREND_PULLBACK,LONG,22498,22499,2025-08-23T08:30:00+00:00,2025-08-23T08:45:00+00:00,25.341,25.132119214019834,25.65432117897025,0.2088807859801669,1.5,2025-08-23T09:30:00+00:00,25.65432117897025,TP,1.4999999999999916,0.31737681003821905,1.1826231899617725,3,
AVAX,TREND_PULLBACK,LONG,22524,22525,2025-08-23T15:00:00+00:00,2025-08-23T15:15:00+00:00,26.194,25.8857208135894,26.656418779615898,0.3082791864105978,1.5,2025-08-23T15:30:00+00:00,25.8857208135894,SL,-1.0,0.21961793089557324,-1.2196179308955732,1,
ETH,TREND_PULLBACK,LONG,22514,22515,2025-08-23T12:30:00+00:00,2025-08-23T12:45:00+00:00,4725.75,4676.064312774207,4800.27853083869,49.68568722579312,1.5,2025-08-24T00:30:00+00:00,4800.27853083869,TP,1.500000000000009,0.24924355043763044,1.2507564495623786,47,
UNI,TREND_PULLBACK,LONG,22485,22486,2025-08-23T05:15:00+00:00,2025-08-23T05:30:00+00:00,11.295,11.088641419939067,11.604537870091399,0.20635858006093244,1.5,2025-08-24T05:30:00+00:00,11.245,TIME,-0.24229668562963064,0.14199554964638672,-0.38429223527601736,96,
AVAX,TREND_PULLBACK,LONG,22552,22553,2025-08-23T22:00:00+00:00,2025-08-23T22:15:00+00:00,25.935,25.63146018685474,26.39030971971789,0.30353981314526024,1.5,2025-08-24T05:45:00+00:00,25.63146018685474,SL,-1.0,0.2208487827289747,-1.2208487827289747,30,
ETH,TREND_PULLBACK,LONG,22575,22576,2025-08-24T03:45:00+00:00,2025-08-24T04:00:00+00:00,4787.76,4744.191442036274,4853.11283694559,43.56855796372656,1.5,2025-08-24T08:00:00+00:00,4744.191442036274,SL,-1.0,0.2844146663050876,-1.2844146663050875,16,
ETH,TREND_PULLBACK,LONG,22598,22599,2025-08-24T09:30:00+00:00,2025-08-24T09:45:00+00:00,4783.68,4746.232695161226,4839.850957258162,37.44730483877447,1.5,2025-08-24T10:15:00+00:00,4746.232695161226,SL,-1.0,0.33083519780792436,-1.3308351978079243,2,
ETH,TREND_PULLBACK,LONG,22612,22613,2025-08-24T13:00:00+00:00,2025-08-24T13:15:00+00:00,4765.49,4727.263946492982,4822.829080260527,38.22605350701815,1.5,2025-08-24T15:00:00+00:00,4822.829080260527,TP,1.5,0.32608165533096933,1.1739183446690307,7,
SOL,TREND_PULLBACK,LONG,22617,22618,2025-08-24T14:15:00+00:00,2025-08-24T14:30:00+00:00,205.55,202.95517695177003,209.442234572345,2.5948230482299834,1.5,2025-08-24T15:15:00+00:00,209.442234572345,TP,1.5000000000000056,0.20791009441358738,1.2920899055864181,3,
SOL,TREND_PULLBACK,LONG,22624,22625,2025-08-24T16:00:00+00:00,2025-08-24T16:15:00+00:00,206.69,203.2140274504565,211.90395882431523,3.475972549543485,1.5,2025-08-24T18:30:00+00:00,211.90395882431523,TP,1.5,0.15655248674017244,1.3434475132598276,9,
BTC,TREND_PULLBACK,SHORT,22622,22623,2025-08-24T15:30:00+00:00,2025-08-24T15:45:00+00:00,114615.9,114967.46637885163,114088.55043172254,351.56637885163946,1.5,2025-08-24T19:30:00+00:00,114088.55043172254,TP,1.4999999999999793,0.8456889038490969,0.6543110961508825,15,
BTC,TREND_PULLBACK,SHORT,22671,22672,2025-08-25T03:45:00+00:00,2025-08-25T04:00:00+00:00,112867.8,113824.04072752777,111433.43890870835,956.2407275277656,1.5,2025-08-25T07:30:00+00:00,111433.43890870835,TP,1.5,0.3049353600899143,1.1950646399100857,14,
BTC,TREND_PULLBACK,SHORT,22777,22778,2025-08-26T06:15:00+00:00,2025-08-26T06:30:00+00:00,109961.9,110526.71156378658,109114.68265432012,564.8115637865849,1.5,2025-08-26T12:30:00+00:00,110526.71156378658,SL,-1.0,0.5074881843977759,-1.5074881843977759,24,
CRV,TREND_PULLBACK,SHORT,22777,22778,2025-08-26T06:15:00+00:00,2025-08-26T06:30:00+00:00,0.774,0.788420766587662,0.7523688501185071,0.014420766587662004,1.5,2025-08-26T12:30:00+00:00,0.788420766587662,SL,-1.0,0.14084875337360722,-1.1408487533736071,24,
FET,TREND_PULLBACK,SHORT,22796,22797,2025-08-26T11:00:00+00:00,2025-08-26T11:15:00+00:00,0.6321,0.6378355873834223,0.6234966189248665,0.00573558738342228,1.5,2025-08-26T12:30:00+00:00,0.6378355873834223,SL,-1.0,0.28783734833683045,-1.2878373483368304,5,
BTC,TREND_PULLBACK,SHORT,22805,22806,2025-08-26T13:15:00+00:00,2025-08-26T13:30:00+00:00,109808.1,110693.53430543849,108479.94854184228,885.4343054384808,1.5,2025-08-26T18:30:00+00:00,110693.53430543849,SL,-1.0,0.32374183249554067,-1.3237418324955406,20,
FET,TREND_PULLBACK,SHORT,22808,22809,2025-08-26T14:00:00+00:00,2025-08-26T14:15:00+00:00,0.6319,0.6433913367515207,0.6146629948727189,0.011491336751520698,1.5,2025-08-26T19:45:00+00:00,0.6433913367515207,SL,-1.0,0.14427205238394764,-1.1442720523839476,22,
CRV,TREND_PULLBACK,SHORT,22856,22857,2025-08-27T02:00:00+00:00,2025-08-27T02:15:00+00:00,0.804,0.81422616115934,0.7886607582609901,0.010226161159339942,1.5,2025-08-27T03:45:00+00:00,0.81422616115934,SL,-1.0,0.2057168840514271,-1.2057168840514272,6,
BTC,TREND_PULLBACK,SHORT,22851,22852,2025-08-27T00:45:00+00:00,2025-08-27T01:00:00+00:00,111307.8,112021.06386359755,110237.90420460369,713.2638635975454,1.5,2025-08-27T14:15:00+00:00,112021.06386359755,SL,-1.0,0.40704084118089046,-1.4070408411808906,53,
FET,TREND_PULLBACK,SHORT,22896,22897,2025-08-27T12:00:00+00:00,2025-08-27T12:15:00+00:00,0.6405,0.6469888890552824,0.6307666664170763,0.006488889055282443,1.5,2025-08-27T14:30:00+00:00,0.6469888890552824,SL,-1.0,0.2579386920491915,-1.2579386920491915,9,
SOL,TREND_PULLBACK,LONG,22902,22903,2025-08-27T13:30:00+00:00,2025-08-27T13:45:00+00:00,204.56,201.61454536124234,208.9781819581365,2.945454638757667,1.5,2025-08-27T15:15:00+00:00,208.9781819581365,TP,1.5,0.18251838934186612,1.317481610658134,6,
CRV,TREND_PULLBACK,SHORT,22889,22890,2025-08-27T10:15:00+00:00,2025-08-27T10:30:00+00:00,0.816,0.8288224678209036,0.7967662982686444,0.012822467820903682,1.5,2025-08-27T15:45:00+00:00,0.8288224678209036,SL,-1.0,0.16675956906526881,-1.1667595690652688,21,
SOL,TREND_PULLBACK,LONG,22930,22931,2025-08-27T20:30:00+00:00,2025-08-27T20:45:00+00:00,208.17,202.8061484283136,216.21577735752956,5.363851571686382,1.5,2025-08-27T23:30:00+00:00,202.8061484283136,SL,-1.0,0.09960547673932649,-1.0996054767393264,11,
SOL,TREND_PULLBACK,LONG,22994,22995,2025-08-28T12:30:00+00:00,2025-08-28T12:45:00+00:00,213.82,210.96602387790497,218.10096418314254,2.8539761220950197,1.5,2025-08-28T15:30:00+00:00,210.96602387790497,SL,-1.0,0.19349209923869537,-1.1934920992386955,11,
CRV,TREND_PULLBACK,SHORT,22924,22925,2025-08-27T19:00:00+00:00,2025-08-27T19:15:00+00:00,0.82,0.8386715511429782,0.7919926732855326,0.01867155114297825,1.5,2025-08-28T16:45:00+00:00,0.7919926732855326,TP,1.5,0.1122344072661191,1.387765592733881,86,
SOL,TREND_PULLBACK,LONG,23046,23047,2025-08-29T01:30:00+00:00,2025-08-29T01:45:00+00:00,214.68,210.89123934778556,220.36314097832167,3.7887606522144495,1.5,2025-08-29T07:00:00+00:00,210.89123934778556,SL,-1.0,0.1460220536308523,-1.1460220536308523,21,
FET,TREND_PULLBACK,SHORT,23094,23095,2025-08-29T13:30:00+00:00,2025-08-29T13:45:00+00:00,0.6237,0.6341099220407722,0.6080851169388417,0.01040992204077218,1.5,2025-08-30T01:45:00+00:00,0.6080851169388417,TP,1.5000000000000053,0.1538263827287714,1.346173617271234,48,
CRV,TREND_PULLBACK,SHORT,23094,23095,2025-08-29T13:30:00+00:00,2025-08-29T13:45:00+00:00,0.761,0.778971928548924,0.7340421071766139,0.017971928548924043,1.5,2025-08-30T07:15:00+00:00,0.778971928548924,SL,-1.0,0.11139391644384522,-1.1113939164438453,70,
UNI,TREND_PULLBACK,SHORT,23094,23095,2025-08-29T13:30:00+00:00,2025-08-29T13:45:00+00:00,9.604,9.793255349261809,9.320116976107284,0.18925534926180987,1.5,2025-08-30T07:45:00+00:00,9.793255349261809,SL,-1.0,0.1332402600634381,-1.1332402600634381,72,
BTC,TREND_PULLBACK,SHORT,23179,23180,2025-08-30T10:45:00+00:00,2025-08-30T11:00:00+00:00,108380.9,108760.62634056623,107811.31048915064,379.7263405662379,1.5,2025-08-30T15:15:00+00:00,108760.62634056623,SL,-1.0,0.7433879457026912,-1.743387945702691,17,
FET,TREND_PULLBACK,SHORT,23172,23173,2025-08-30T09:00:00+00:00,2025-08-30T09:15:00+00:00,0.6216,0.6265580695639974,0.614162895654004,0.004958069563997358,1.5,2025-08-30T15:45:00+00:00,0.6265580695639974,SL,-1.0,0.32726557574254744,-1.3272655757425476,26,
SUI,TREND_PULLBACK,SHORT,23224,23225,2025-08-30T22:00:00+00:00,2025-08-30T22:15:00+00:00,3.2803,3.3029985020187245,3.2462522469719133,0.022698502018724476,1.5,2025-08-30T23:00:00+00:00,3.3029985020187245,SL,-1.0,0.3770419759667148,-1.3770419759667147,3,
XRP,TREND_PULLBACK,SHORT,23221,23222,2025-08-30T21:15:00+00:00,2025-08-30T21:30:00+00:00,2.8012,2.8183063033707727,2.7755405449438415,0.01710630337077257,1.5,2025-08-31T00:00:00+00:00,2.8183063033707727,SL,-1.0,0.4270565087056605,-1.4270565087056606,10,
FET,TREND_PULLBACK,SHORT,23206,23207,2025-08-30T17:30:00+00:00,2025-08-30T17:45:00+00:00,0.6222,0.6272716297340073,0.614592555398989,0.005071629734007321,1.5,2025-08-31T00:30:00+00:00,0.6272716297340073,SL,-1.0,0.32027438985983847,-1.3202743898598386,27,
BTC,TREND_PULLBACK,SHORT,23218,23219,2025-08-30T20:30:00+00:00,2025-08-30T20:45:00+00:00,108579.9,108917.03050041976,108074.20424937035,337.13050041976385,1.5,2025-08-31T00:30:00+00:00,108917.03050041976,SL,-1.0,0.8386841573174079,-1.8386841573174078,15,
CRV,TREND_PULLBACK,SHORT,23185,23186,2025-08-30T12:15:00+00:00,2025-08-30T12:30:00+00:00,0.773,0.7831949832516987,0.7577075251224521,0.010194983251698653,1.5,2025-08-31T00:45:00+00:00,0.7831949832516987,SL,-1.0,0.19843617476175196,-1.198436174761752,49,
BTC,TREND_PULLBACK,SHORT,23248,23249,2025-08-31T04:00:00+00:00,2025-08-31T04:15:00+00:00,108971.9,109347.97801037216,108407.78298444176,376.0780103721627,1.5,2025-08-31T09:45:00+00:00,108407.78298444176,TP,1.4999999999999807,0.7514227901815443,0.7485772098184363,22,
XRP,TREND_PULLBACK,SHORT,23252,23253,2025-08-31T05:00:00+00:00,2025-08-31T05:15:00+00:00,2.8357,2.855072710411607,2.8066409343825898,0.01937271041160704,1.5,2025-08-31T13:30:00+00:00,2.8066409343825898,TP,1.4999999999999885,0.3786276188954242,1.1213723811045644,33,
FET,TREND_PULLBACK,SHORT,23271,23272,2025-08-31T09:45:00+00:00,2025-08-31T10:00:00+00:00,0.6275,0.6316452656213296,0.6212821015680055,0.0041452656213296635,1.5,2025-08-31T13:30:00+00:00,0.6212821015680055,TP,1.5,0.3916315334981281,1.1083684665018718,14,
SUI,TREND_PULLBACK,SHORT,23249,23250,2025-08-31T04:15:00+00:00,2025-08-31T04:30:00+00:00,3.3227,3.350642102578999,3.2807868461315017,0.027942102578998984,1.5,2025-08-31T14:00:00+00:00,3.2807868461315017,TP,1.5,0.30722573133859316,1.192774268661407,38,
FET,TREND_PULLBACK,SHORT,23296,23297,2025-08-31T16:00:00+00:00,2025-08-31T16:15:00+00:00,0.6225,0.625568440778738,0.6178973388318931,0.003068440778737913,1.5,2025-08-31T18:30:00+00:00,0.625568440778738,SL,-1.0,0.5287665918974355,-1.5287665918974356,9,
SUI,TREND_PULLBACK,SHORT,23296,23297,2025-08-31T16:00:00+00:00,2025-08-31T16:15:00+00:00,3.2921,3.315144328139498,3.257533507790753,0.02304432813949786,1.5,2025-08-31T23:30:00+00:00,3.257533507790753,TP,1.5000000000000095,0.36948456507760497,1.1305154349224047,29,
BTC,TREND_PULLBACK,SHORT,23322,23323,2025-08-31T22:30:00+00:00,2025-08-31T22:45:00+00:00,108796.7,109214.60188351282,108169.84717473076,417.9018835128227,1.5,2025-08-31T23:30:00+00:00,108169.84717473076,TP,1.5,0.6749347692722124,0.8250652307277876,3,
XRP,TREND_PULLBACK,SHORT,23370,23371,2025-09-01T10:30:00+00:00,2025-09-01T10:45:00+00:00,2.7858,2.825788161329834,2.725817758005249,0.03998816132983407,1.5,2025-09-01T17:15:00+00:00,2.725817758005249,TP,1.5,0.17918060863831559,1.3208193913616844,26,
CRV,TREND_PULLBACK,SHORT,23370,23371,2025-09-01T10:30:00+00:00,2025-09-01T10:45:00+00:00,0.766,0.7815488292475136,0.7426767561287297,0.015548829247513551,1.5,2025-09-01T20:30:00+00:00,0.7426767561287297,TP,1.4999999999999964,0.12613681401646246,1.373863185983534,39,
BTC,TREND_PULLBACK,SHORT,23369,23370,2025-09-01T10:15:00+00:00,2025-09-01T10:30:00+00:00,108826.1,109620.19586603437,107634.95620094847,794.0958660343604,1.5,2025-09-01T21:30:00+00:00,107634.95620094847,TP,1.5,0.3543644855708856,1.1456355144291144,44,
XRP,TREND_PULLBACK,SHORT,23412,23413,2025-09-01T21:00:00+00:00,2025-09-01T21:15:00+00:00,2.7437,2.782564672462639,2.6854029913060415,0.03886467246263914,1.5,2025-09-02T02:45:00+00:00,2.782564672462639,SL,-1.0,0.1848502410796745,-1.1848502410796744,22,
XRP,TREND_PULLBACK,SHORT,23454,23455,2025-09-02T07:30:00+00:00,2025-09-02T07:45:00+00:00,2.7906,2.815688644388054,2.7529670334179186,0.02508864438805425,1.5,2025-09-02T08:15:00+00:00,2.815688644388054,SL,-1.0,0.290496972453987,-1.290496972453987,2,
SUI,TREND_PULLBACK,SHORT,23455,23456,2025-09-02T07:45:00+00:00,2025-09-02T08:00:00+00:00,3.2762,3.311333128054406,3.2235003079183904,0.03513312805440627,1.5,2025-09-02T12:30:00+00:00,3.2235003079183904,TP,1.5,0.2405026500119504,1.2594973499880495,18,
CRV,TREND_PULLBACK,SHORT,23456,23457,2025-09-02T08:00:00+00:00,2025-09-02T08:15:00+00:00,0.762,0.7732410675299973,0.745138398705004,0.011241067529997317,1.5,2025-09-02T12:45:00+00:00,0.745138398705004,TP,1.5000000000000049,0.17429660600188324,1.3257033939981215,18,
FET,TREND_PULLBACK,SHORT,23456,23457,2025-09-02T08:00:00+00:00,2025-09-02T08:15:00+00:00,0.5998,0.6070116272979892,0.5889825590530162,0.007211627297989187,1.5,2025-09-02T12:45:00+00:00,0.5889825590530162,TP,1.5,0.21429522948306393,1.285704770516936,18,
XRP,TREND_PULLBACK,SHORT,23471,23472,2025-09-02T11:45:00+00:00,2025-09-02T12:00:00+00:00,2.7978,2.8176657124380555,2.768001431342917,0.01986571243805546,1.5,2025-09-02T12:45:00+00:00,2.768001431342917,TP,1.5,0.3642226214291279,1.135777378570872,3,
SUI,TREND_PULLBACK,SHORT,23486,23487,2025-09-02T15:30:00+00:00,2025-09-02T15:45:00+00:00,3.2346,3.2977833718767884,3.1398249421848172,0.06318337187678846,1.5,2025-09-02T20:15:00+00:00,3.2977833718767884,SL,-1.0,0.13440400743410702,-1.134404007434107,18,
CRV,TREND_PULLBACK,SHORT,23500,23501,2025-09-02T19:00:00+00:00,2025-09-02T19:15:00+00:00,0.749,0.76675409816689,0.722368852749665,0.017754098166889998,1.5,2025-09-02T21:00:00+00:00,0.76675409816689,SL,-1.0,0.11098735115094432,-1.1109873511509443,7,
DOGE,TREND_PULLBACK,SHORT,23523,23524,2025-09-03T00:45:00+00:00,2025-09-03T01:00:00+00:00,0.21383,0.21611159219390477,0.21040761170914282,0.00228159219390478,1.5,2025-09-03T02:45:00+00:00,0.21611159219390477,SL,-1.0,0.24497106509446723,-1.2449710650944672,7,
CRV,TREND_PULLBACK,SHORT,23528,23529,2025-09-03T02:00:00+00:00,2025-09-03T02:15:00+00:00,0.762,0.7715584766250455,0.7476622850624317,0.009558476625045498,1.5,2025-09-03T11:15:00+00:00,0.7715584766250455,SL,-1.0,0.20857152220143338,-1.2085715222014333,36,
UNI,TREND_PULLBACK,SHORT,23570,23571,2025-09-03T12:30:00+00:00,2025-09-03T12:45:00+00:00,9.51,9.62424137488634,9.338637937670489,0.11424137488634045,1.5,2025-09-03T13:30:00+00:00,9.62424137488634,SL,-1.0,0.2177364708022822,-1.2177364708022822,3,
AVAX,TREND_PULLBACK,LONG,23623,23624,2025-09-04T01:45:00+00:00,2025-09-04T02:00:00+00:00,25.257,25.037249043559694,25.586626434660463,0.21975095644030773,1.5,2025-09-04T04:30:00+00:00,25.037249043559694,SL,-1.0,0.29753009868873015,-1.2975300986887301,10,
AVAX,TREND_PULLBACK,LONG,23648,23649,2025-09-04T08:00:00+00:00,2025-09-04T08:15:00+00:00,24.904,24.64644184734291,25.290337228985635,0.25755815265709003,1.5,2025-09-04T10:15:00+00:00,24.64644184734291,SL,-1.0,0.2501010887716218,-1.2501010887716217,8,
FET,TREND_PULLBACK,SHORT,23666,23667,2025-09-04T12:30:00+00:00,2025-09-04T12:45:00+00:00,0.6029,0.6089977506177495,0.5937533740733757,0.006097750617749531,1.5,2025-09-04T15:15:00+00:00,0.5937533740733757,TP,1.5,0.25511856483063666,1.2448814351693633,10,
AVAX,TREND_PULLBACK,LONG,23677,23678,2025-09-04T15:15:00+00:00,2025-09-04T15:30:00+00:00,24.712,24.50751742918272,25.018723856225918,0.20448257081728016,1.5,2025-09-04T17:00:00+00:00,24.50751742918272,SL,-1.0,0.3129135769479006,-1.3129135769479006,6,
AVAX,TREND_PULLBACK,LONG,23699,23700,2025-09-04T20:45:00+00:00,2025-09-04T21:00:00+00:00,24.453,24.184377861474058,24.85593320778891,0.2686221385259415,1.5,2025-09-04T23:45:00+00:00,24.184377861474058,SL,-1.0,0.23538116242719934,-1.2353811624271993,11,
FET,TREND_PULLBACK,SHORT,23710,23711,2025-09-04T23:30:00+00:00,2025-09-04T23:45:00+00:00,0.594,0.599981559841013,0.5850276602384805,0.005981559841013007,1.5,2025-09-05T01:30:00+00:00,0.599981559841013,SL,-1.0,0.2594935215979463,-1.2594935215979464,7,
SUI,TREND_PULLBACK,SHORT,23715,23716,2025-09-05T00:45:00+00:00,2025-09-05T01:00:00+00:00,3.2753,3.307184460255257,3.227473309617115,0.03188446025525682,1.5,2025-09-05T02:00:00+00:00,3.307184460255257,SL,-1.0,0.2683824574675369,-1.2683824574675369,4,
DOGE,TREND_PULLBACK,SHORT,23725,23726,2025-09-05T03:15:00+00:00,2025-09-05T03:30:00+00:00,0.21297,0.21513960640174765,0.20971559039737853,0.0021696064017476535,1.5,2025-09-05T07:00:00+00:00,0.21513960640174765,SL,-1.0,0.25651772039111237,-1.2565177203911124,14,
CRV,TREND_PULLBACK,SHORT,23711,23712,2025-09-04T23:45:00+00:00,2025-09-05T00:00:00+00:00,0.753,0.7654266826804177,0.7343599759793735,0.012426682680417689,1.5,2025-09-05T07:45:00+00:00,0.7654266826804177,SL,-1.0,0.15884808023585859,-1.1588480802358585,31,
ADA,TREND_PULLBACK,LONG,24084,24085,2025-09-08T21:00:00+00:00,2025-09-08T21:15:00+00:00,0.8622,0.8552258328456626,0.8726612507315061,0.006974167154337407,1.5,2025-09-09T01:00:00+00:00,0.8726612507315061,TP,1.500000000000008,0.3233819287724297,1.1766180712275782,15,
SOL,TREND_PULLBACK,LONG,24110,24111,2025-09-09T03:30:00+00:00,2025-09-09T03:45:00+00:00,213.55,210.96401040160973,217.42898439758545,2.5859895983902845,1.5,2025-09-09T06:15:00+00:00,217.42898439758545,TP,1.5000000000000056,0.21665697343315576,1.2833430265668497,10,
DOGE,TREND_PULLBACK,LONG,24119,24120,2025-09-09T05:45:00+00:00,2025-09-09T06:00:00+00:00,0.23733,0.23416072128097004,0.24208391807854496,0.003169278719029972,1.5,2025-09-09T10:00:00+00:00,0.24208391807854496,TP,1.4999999999999956,0.19664982122268634,1.3033501787773092,16,
SOL,TREND_PULLBACK,LONG,24144,24145,2025-09-09T12:00:00+00:00,2025-09-09T12:15:00+00:00,217.84,215.91174371504363,220.73238442743457,1.928256284956376,1.5,2025-09-09T14:00:00+00:00,215.91174371504363,SL,-1.0,0.29242859013542055,-1.2924285901354207,7,
AVAX,TREND_PULLBACK,LONG,24150,24151,2025-09-09T13:30:00+00:00,2025-09-09T13:45:00+00:00,26.007,25.72175226997103,26.434871595043457,0.28524773002897064,1.5,2025-09-09T14:30:00+00:00,25.72175226997103,SL,-1.0,0.23575079087967676,-1.2357507908796768,3,
SOL,TREND_PULLBACK,LONG,24184,24185,2025-09-09T22:00:00+00:00,2025-09-09T22:15:00+00:00,216.05,214.25182365124678,218.74726452312984,1.7981763487532305,1.5,2025-09-10T02:15:00+00:00,218.74726452312984,TP,1.499999999999992,0.3143387155948173,1.1856612844051746,16,
AVAX,TREND_PULLBACK,LONG,24159,24160,2025-09-09T15:45:00+00:00,2025-09-09T16:00:00+00:00,25.931,25.471537595126858,26.620193607309716,0.45946240487314327,1.5,2025-09-10T06:30:00+00:00,26.620193607309716,TP,1.5,0.1486880122615575,1.3513119877384425,58,
ADA,TREND_PULLBACK,LONG,24180,24181,2025-09-09T21:00:00+00:00,2025-09-09T21:15:00+00:00,0.8666,0.8565640301373117,0.8816539547940325,0.010035969862688288,1.5,2025-09-10T07:15:00+00:00,0.8816539547940325,TP,1.5000000000000056,0.22645844620177613,1.2735415537982293,40,
BNB,TREND_PULLBACK,LONG,24214,24215,2025-09-10T05:30:00+00:00,2025-09-10T05:45:00+00:00,882.29,878.1104839203149,888.5592741195276,4.179516079685072,1.5,2025-09-10T12:30:00+00:00,888.5592741195276,TP,1.5,0.5508063642929806,0.9491936357070194,27,
AVAX,TREND_PULLBACK,LONG,24234,24235,2025-09-10T10:30:00+00:00,2025-09-10T10:45:00+00:00,26.724,26.27745948845915,27.393810767311273,0.4465405115408494,1.5,2025-09-10T12:30:00+00:00,27.393810767311273,TP,1.499999999999996,0.15755155955445435,1.3424484404455417,7,
SOL,TREND_PULLBACK,LONG,24241,24242,2025-09-10T12:15:00+00:00,2025-09-10T12:30:00+00:00,220.72,218.40892530016464,224.18661204975302,2.311074699835359,1.5,2025-09-10T12:30:00+00:00,224.18661204975302,TP,1.4999999999999938,0.2502639121556229,1.2497360878443708,0,True
ADA,TREND_PULLBACK,LONG,24241,24242,2025-09-10T12:15:00+00:00,2025-09-10T12:30:00+00:00,0.8789,0.8711397565932992,0.8905403651100512,0.007760243406700784,1.5,2025-09-10T13:00:00+00:00,0.8905403651100512,TP,1.5,0.29641756760578364,1.2035824323942164,2,
LINK,TREND_PULLBACK,LONG,24241,24242,2025-09-10T12:15:00+00:00,2025-09-10T12:30:00+00:00,23.473,23.223824063793543,23.846763904309682,0.24917593620645562,1.5,2025-09-10T13:15:00+00:00,23.846763904309682,TP,1.5,0.2468765403760078,1.2531234596239922,3,
DOGE,TREND_PULLBACK,LONG,24200,24201,2025-09-10T02:00:00+00:00,2025-09-10T02:15:00+00:00,0.24061,0.23695993834082046,0.24608509248876928,0.0036500616591795265,1.5,2025-09-10T16:45:00+00:00,0.24608509248876928,TP,1.5,0.17334052937002206,1.326659470629978,58,
LINK,TREND_PULLBACK,LONG,24290,24291,2025-09-11T00:30:00+00:00,2025-09-11T00:45:00+00:00,23.509,23.36918747092139,23.718718793617917,0.1398125290786112,1.5,2025-09-11T01:00:00+00:00,23.718718793617917,TP,1.5,0.43913113392850983,1.0608688660714902,1,
DOGE,TREND_PULLBACK,LONG,24276,24277,2025-09-10T21:00:00+00:00,2025-09-10T21:15:00+00:00,0.24342,0.2392715900677934,0.2496426148983099,0.004148409932206609,1.5,2025-09-11T03:15:00+00:00,0.2496426148983099,TP,1.5,0.1545125505537622,1.3454874494462379,24,
ADA,TREND_PULLBACK,LONG,24287,24288,2025-09-10T23:45:00+00:00,2025-09-11T00:00:00+00:00,0.8852,0.8800425260566476,0.8929362109150286,0.00515747394335242,1.5,2025-09-11T03:15:00+00:00,0.8929362109150286,TP,1.5,0.44819946733206073,1.0518005326679392,13,
AVAX,TREND_PULLBACK,LONG,24301,24302,2025-09-11T03:15:00+00:00,2025-09-11T03:30:00+00:00,29.186,28.732741219448116,29.865888170827827,0.4532587805518844,1.5,2025-09-11T04:00:00+00:00,29.865888170827827,TP,1.5,0.16936782676025539,1.3306321732397446,2,
SOL,TREND_PULLBACK,LONG,24301,24302,2025-09-11T03:15:00+00:00,2025-09-11T03:30:00+00:00,224.31,222.25176725932505,227.39734911101243,2.0582327406749528,1.5,2025-09-11T05:30:00+00:00,222.25176725932505,SL,-1.0,0.28205279508222686,-1.282052795082227,8,
ADA,TREND_PULLBACK,LONG,24306,24307,2025-09-11T04:30:00+00:00,2025-09-11T04:45:00+00:00,0.8904,0.8831968086700253,0.901204786994962,0.007203191329974712,1.5,2025-09-11T06:00:00+00:00,0.8831968086700253,SL,-1.0,0.32009087995155716,-1.3200908799515572,5,
BNB,TREND_PULLBACK,LONG,24281,24282,2025-09-10T22:15:00+00:00,2025-09-10T22:30:00+00:00,893.78,888.1954324408993,902.156851338651,5.584567559100719,1.5,2025-09-11T11:00:00+00:00,902.156851338651,TP,1.4999999999999898,0.4180660153238803,1.0819339846761094,50,
LINK,TREND_PULLBACK,LONG,24310,24311,2025-09-11T05:30:00+00:00,2025-09-11T05:45:00+00:00,23.722,23.585198069709197,23.92720289543621,0.13680193029080456,1.5,2025-09-11T12:00:00+00:00,23.92720289543621,TP,1.5000000000000129,0.45280036350649927,1.0471996364935137,25,
AVAX,TREND_PULLBACK,LONG,24326,24327,2025-09-11T09:30:00+00:00,2025-09-11T09:45:00+00:00,29.025,28.581011024812266,29.690983462781595,0.4439889751877324,1.5,2025-09-11T12:30:00+00:00,28.581011024812266,SL,-1.0,0.1686704366940441,-1.1686704366940441,11,
ADA,TREND_PULLBACK,LONG,24336,24337,2025-09-11T12:00:00+00:00,2025-09-11T12:15:00+00:00,0.8895,0.8812650325292939,0.9018524512060591,0.008234967470706067,1.5,2025-09-11T12:30:00+00:00,0.8812650325292939,SL,-1.0,0.27953899641703245,-1.2795389964170325,1,
BNB,TREND_PULLBACK,LONG,24337,24338,2025-09-11T12:15:00+00:00,2025-09-11T12:30:00+00:00,900.54,897.0927467800312,905.710879829953,3.4472532199687294,1.5,2025-09-11T12:30:00+00:00,897.0927467800312,SL,-1.0,0.677908590316797,-1.677908590316797,0,True
BNB,TREND_PULLBACK,LONG,24376,24377,2025-09-11T22:00:00+00:00,2025-09-11T22:15:00+00:00,898.75,894.5185466225397,905.0971800661905,4.231453377460298,1.5,2025-09-12T00:15:00+00:00,905.0971800661905,TP,1.5000000000000133,0.5541834270412093,0.9458165729588041,8,
DOGE,TREND_PULLBACK,LONG,24342,24343,2025-09-11T13:30:00+00:00,2025-09-11T13:45:00+00:00,0.24977,0.24383675674437547,0.2586698648834368,0.005933243255624526,1.5,2025-09-12T00:30:00+00:00,0.2586698648834368,TP,1.5000000000000024,0.11140143693280861,1.3885985630671938,43,
AVAX,TREND_PULLBACK,LONG,24376,24377,2025-09-11T22:00:00+00:00,2025-09-11T22:15:00+00:00,28.955,28.68012412123861,29.36731381814208,0.27487587876138875,1.5,2025-09-12T00:30:00+00:00,29.36731381814208,TP,1.4999999999999936,0.27582997935370257,1.2241700206462909,9,
ETH,TREND_PULLBACK,LONG,24343,24344,2025-09-11T13:45:00+00:00,2025-09-11T14:00:00+00:00,4435.78,4361.90724622212,4546.589130666819,73.87275377787955,1.5,2025-09-12T05:45:00+00:00,4546.589130666819,TP,1.5,0.15807018518596835,1.3419298148140317,63,
AVAX,TREND_PULLBACK,LONG,24406,24407,2025-09-12T05:30:00+00:00,2025-09-12T05:45:00+00:00,28.908,28.586338855030334,29.390491717454502,0.32166114496966713,1.5,2025-09-12T08:15:00+00:00,28.586338855030334,SL,-1.0,0.23236452919605108,-1.232364529196051,10,
LINK,TREND_PULLBACK,LONG,24429,24430,2025-09-12T11:15:00+00:00,2025-09-12T11:30:00+00:00,24.472,24.243349187112468,24.8149762193313,0.2286508128875333,1.5,2025-09-12T12:00:00+00:00,24.243349187112468,SL,-1.0,0.27697235423517336,-1.2769723542351734,2,
XRP,TREND_PULLBACK,LONG,24440,24441,2025-09-12T14:00:00+00:00,2025-09-12T14:15:00+00:00,3.0506,3.0238154698967783,3.090776795154833,0.026784530103221904,1.5,2025-09-12T15:00:00+00:00,3.0238154698967783,SL,-1.0,0.29482466485069736,-1.2948246648506974,3,
BNB,TREND_PULLBACK,LONG,24443,24444,2025-09-12T14:45:00+00:00,2025-09-12T15:00:00+00:00,909.13,904.9985068929736,915.3272396605396,4.131493107026358,1.5,2025-09-12T17:15:00+00:00,915.3272396605396,TP,1.5000000000000138,0.574076816811102,0.9259231831889118,9,
ETH,TREND_PULLBACK,LONG,24443,24444,2025-09-12T14:45:00+00:00,2025-09-12T15:00:00+00:00,4545.16,4500.094127955976,4612.758808066036,45.06587204402422,1.5,2025-09-12T17:30:00+00:00,4612.758808066036,TP,1.5,0.26417539283064867,1.2358246071693513,10,
SOL,TREND_PULLBACK,LONG,24439,24440,2025-09-12T13:45:00+00:00,2025-09-12T14:00:00+00:00,239.45,236.7395863777464,243.51562043338038,2.710413622253583,1.5,2025-09-12T22:15:00+00:00,243.51562043338038,TP,1.5000000000000053,0.23164556929925773,1.2683544307007475,33,
ADA,TREND_PULLBACK,LONG,24441,24442,2025-09-12T14:15:00+00:00,2025-09-12T14:30:00+00:00,0.8945,0.8845153820450489,0.9094769269324265,0.009984617954951092,1.5,2025-09-12T22:15:00+00:00,0.9094769269324265,TP,1.4999999999999944,0.23487829134706656,1.2651217086529278,31,
AVAX,TREND_PULLBACK,LONG,24439,24440,2025-09-12T13:45:00+00:00,2025-09-12T14:00:00+00:00,28.469,28.22336783280493,28.83744825079261,0.24563216719507253,1.5,2025-09-12T23:30:00+00:00,28.83744825079261,TP,1.5000000000000073,0.3032924538212716,1.1967075461787358,38,
DOGE,TREND_PULLBACK,LONG,24482,24483,2025-09-13T00:30:00+00:00,2025-09-13T00:45:00+00:00,0.2755,0.2712387804917755,0.2818918292623368,0.004261219508224501,1.5,2025-09-13T01:00:00+00:00,0.2818918292623368,TP,1.5000000000000064,0.1700474187359939,1.3299525812640125,1,
LINK,TREND_PULLBACK,LONG,24488,24489,2025-09-13T02:00:00+00:00,2025-09-13T02:15:00+00:00,25.055,24.84396536638167,25.371551950427495,0.21103463361832908,1.5,2025-09-13T08:15:00+00:00,25.371551950427495,TP,1.5000000000000084,0.3106339296615913,1.189366070338417,24,
SUI,TREND_PULLBACK,LONG,24488,24489,2025-09-13T02:00:00+00:00,2025-09-13T02:15:00+00:00,3.7245,3.694289931982663,3.7698151020260053,0.030210068017336944,1.5,2025-09-13T08:15:00+00:00,3.7698151020260053,TP,1.5,0.3224954550596418,1.1775045449403583,24,
XRP,TREND_PULLBACK,LONG,24488,24489,2025-09-13T02:00:00+00:00,2025-09-13T02:15:00+00:00,3.1044,3.080144928591431,3.1407826071128535,0.024255071408568973,1.5,2025-09-13T08:30:00+00:00,3.1407826071128535,TP,1.5,0.334723293635758,1.165276706364242,25,
ADA,TREND_PULLBACK,LONG,24513,24514,2025-09-13T08:15:00+00:00,2025-09-13T08:30:00+00:00,0.9288,0.9214582099736167,0.9398126850395748,0.007341790026383244,1.5,2025-09-13T09:00:00+00:00,0.9398126850395748,TP,1.5,0.33087250954085545,1.1691274904591444,2,
BNB,TREND_PULLBACK,LONG,24500,24501,2025-09-13T05:00:00+00:00,2025-09-13T05:15:00+00:00,927.92,924.1819129260844,933.5271306108734,3.738087073915608,1.5,2025-09-13T09:30:00+00:00,933.5271306108734,TP,1.500000000000015,0.6473581866725578,0.8526418133274573,17,
SOL,TREND_PULLBACK,LONG,24488,24489,2025-09-13T02:00:00+00:00,2025-09-13T02:15:00+00:00,242.13,239.74255378029446,245.7111693295583,2.387446219705538,1.5,2025-09-13T13:45:00+00:00,239.74255378029446,SL,-1.0,0.2623867774460887,-1.2623867774460886,46,
ADA,TREND_PULLBACK,LONG,24525,24526,2025-09-13T11:15:00+00:00,2025-09-13T11:30:00+00:00,0.9421,0.933490482525612,0.9550142762115822,0.008609517474388095,1.5,2025-09-13T13:45:00+00:00,0.933490482525612,SL,-1.0,0.2832060721796248,-1.2832060721796248,9,
BTC,TREND_PULLBACK,LONG,24530,24531,2025-09-13T12:30:00+00:00,2025-09-13T12:45:00+00:00,115976.1,115732.88340418524,116340.92489372216,243.21659581476706,1.5,2025-09-13T13:45:00+00:00,115732.88340418524,SL,-1.0,1.2384914664904292,-2.238491466490429,4,
BNB,TREND_PULLBACK,LONG,24540,24541,2025-09-13T15:00:00+00:00,2025-09-13T15:15:00+00:00,941.29,933.0814133985854,953.6028799021219,8.208586601414595,1.5,2025-09-13T16:00:00+00:00,933.0814133985854,SL,-1.0,0.29684560274947275,-1.2968456027494728,3,
ADA,TREND_PULLBACK,LONG,24540,24541,2025-09-13T15:00:00+00:00,2025-09-13T15:15:00+00:00,0.9477,0.9315829484643665,0.9718755773034502,0.016117051535633475,1.5,2025-09-13T16:30:00+00:00,0.9315829484643665,SL,-1.0,0.15158280207780275,-1.1515828020778027,5,
SUI,TREND_PULLBACK,LONG,24537,24538,2025-09-13T14:15:00+00:00,2025-09-13T14:30:00+00:00,3.8233,3.7508949242499328,3.931907613625101,0.07240507575006738,1.5,2025-09-13T17:00:00+00:00,3.7508949242499328,SL,-1.0,0.13599120364867168,-1.1359912036486717,10,
DOGE,TREND_PULLBACK,LONG,24545,24546,2025-09-13T16:15:00+00:00,2025-09-13T16:30:00+00:00,0.2998,0.29159795375873615,0.3121030693618958,0.00820204624126386,1.5,2025-09-13T17:00:00+00:00,0.29159795375873615,SL,-1.0,0.09373482144230015,-1.0937348214423002,2,
XRP,TREND_PULLBACK,LONG,24571,24572,2025-09-13T22:45:00+00:00,2025-09-13T23:00:00+00:00,3.1192,3.106770418875982,3.1378443716860276,0.012429581124018263,1.5,2025-09-14T00:45:00+00:00,3.106770418875982,SL,-1.0,0.6511692923343025,-1.6511692923343024,7,
DOGE,TREND_PULLBACK,LONG,24572,24573,2025-09-13T23:00:00+00:00,2025-09-13T23:15:00+00:00,0.29012,0.285324808440978,0.29731278733853295,0.004795191559021972,1.5,2025-09-14T00:45:00+00:00,0.285324808440978,SL,-1.0,0.15600591587749826,-1.1560059158774982,6,
BTC,TREND_PULLBACK,LONG,24582,24583,2025-09-14T01:30:00+00:00,2025-09-14T01:45:00+00:00,115899.9,115622.19439890482,116316.45840164277,277.7056010951783,1.5,2025-09-14T03:00:00+00:00,115622.19439890482,SL,-1.0,1.0838050134085035,-2.0838050134085035,5,
AVAX,TREND_PULLBACK,LONG,24579,24580,2025-09-14T00:45:00+00:00,2025-09-14T01:00:00+00:00,29.994,29.732370512863582,30.386444230704626,0.26162948713641754,1.5,2025-09-14T03:45:00+00:00,29.732370512863582,SL,-1.0,0.2967719063953895,-1.2967719063953895,11,
SUI,TREND_PULLBACK,LONG,24587,24588,2025-09-14T02:45:00+00:00,2025-09-14T03:00:00+00:00,3.808,3.7567822033975125,3.884826694903731,0.051217796602487375,1.5,2025-09-14T03:45:00+00:00,3.7567822033975125,SL,-1.0,0.19200780815977486,-1.192007808159775,3,
LINK,TREND_PULLBACK,LONG,24560,24561,2025-09-13T20:00:00+00:00,2025-09-13T20:15:00+00:00,24.865,24.57408960261261,25.301365596081084,0.290910397387389,1.5,2025-09-14T04:15:00+00:00,24.57408960261261,SL,-1.0,0.22092993946108622,-1.2209299394610862,32,
BNB,TREND_PULLBACK,LONG,24560,24561,2025-09-13T20:00:00+00:00,2025-09-13T20:15:00+00:00,931.87,925.8941583314047,940.833762502893,5.975841668595308,1.5,2025-09-14T05:30:00+00:00,940.833762502893,TP,1.5000000000000095,0.4073928036025128,1.0926071963974968,37,
AVAX,TREND_PULLBACK,LONG,24603,24604,2025-09-14T06:45:00+00:00,2025-09-14T07:00:00+00:00,30.169,29.916526161371735,30.547710757942397,0.25247383862826567,1.5,2025-09-14T07:45:00+00:00,29.916526161371735,SL,-1.0,0.3093832788148464,-1.3093832788148463,3,
FET,TREND_PULLBACK,LONG,24614,24615,2025-09-14T09:30:00+00:00,2025-09-14T09:45:00+00:00,0.6752,0.6683635587726537,0.6854546618410194,0.006836441227346279,1.5,2025-09-14T11:15:00+00:00,0.6683635587726537,SL,-1.0,0.2554885748769094,-1.2554885748769093,6,
ADA,TREND_PULLBACK,LONG,24615,24616,2025-09-14T09:45:00+00:00,2025-09-14T10:00:00+00:00,0.9181,0.9091714095070383,0.9314928857394426,0.008928590492961685,1.5,2025-09-14T11:15:00+00:00,0.9091714095070383,SL,-1.0,0.2660501491508312,-1.2660501491508311,5,
SUI,TREND_PULLBACK,LONG,24611,24612,2025-09-14T08:45:00+00:00,2025-09-14T09:00:00+00:00,3.7733,3.7363933237711073,3.8286600143433387,0.03690667622889254,1.5,2025-09-14T11:30:00+00:00,3.7363933237711073,SL,-1.0,0.26452128228387434,-1.2645212822838743,10,
DOGE,TREND_PULLBACK,LONG,24583,24584,2025-09-14T01:45:00+00:00,2025-09-14T02:00:00+00:00,0.2893,0.2826540024549886,0.2992689963175171,0.006645997545011384,1.5,2025-09-14T12:45:00+00:00,0.2826540024549886,SL,-1.0,0.11187789314631949,-1.1118778931463196,43,
SOL,TREND_PULLBACK,LONG,24613,24614,2025-09-14T09:15:00+00:00,2025-09-14T09:30:00+00:00,247.0,244.88529396739565,250.17205904890653,2.114706032604346,1.5,2025-09-14T12:45:00+00:00,244.88529396739565,SL,-1.0,0.30238287132992425,-1.3023828713299244,13,
ETH,TREND_PULLBACK,LONG,24660,24661,2025-09-14T21:00:00+00:00,2025-09-14T21:15:00+00:00,4615.7,4580.868224488934,4667.947663266598,34.83177551106564,1.5,2025-09-15T01:00:00+00:00,4580.868224488934,SL,-1.0,0.34323655674794645,-1.3432365567479465,15,
DOGE,TREND_PULLBACK,LONG,24672,24673,2025-09-15T00:00:00+00:00,2025-09-15T00:15:00+00:00,0.27943,0.2758644407681671,0.2847783388477494,0.0035655592318329377,1.5,2025-09-15T01:00:00+00:00,0.2758644407681671,SL,-1.0,0.2024599020971868,-1.202459902097187,3,
BTC,TREND_PULLBACK,LONG,24680,24681,2025-09-15T02:00:00+00:00,2025-09-15T02:15:00+00:00,115326.5,114807.01205603738,116105.73191594394,519.4879439626238,1.5,2025-09-15T04:15:00+00:00,116105.73191594394,TP,1.5,0.5791508830710681,0.9208491169289319,8,
DOGE,TREND_PULLBACK,LONG,24680,24681,2025-09-15T02:00:00+00:00,2025-09-15T02:15:00+00:00,0.28012,0.27416194046390957,0.2890570893041356,0.00595805953609041,1.5,2025-09-15T06:45:00+00:00,0.27416194046390957,SL,-1.0,0.12093979897956969,-1.1209397989795697,18,
AVAX,TREND_PULLBACK,LONG,24672,24673,2025-09-15T00:00:00+00:00,2025-09-15T00:15:00+00:00,29.727,29.166870951694168,30.56719357245875,0.5601290483058321,1.5,2025-09-15T07:30:00+00:00,29.166870951694168,SL,-1.0,0.13668641622635386,-1.136686416226354,29,
SOL,TREND_PULLBACK,LONG,24680,24681,2025-09-15T02:00:00+00:00,2025-09-15T02:15:00+00:00,241.72,238.2271943095591,246.95920853566133,3.492805690440889,1.5,2025-09-15T07:30:00+00:00,238.2271943095591,SL,-1.0,0.17863328449962226,-1.1786332844996223,21,
BNB,TREND_PULLBACK,LONG,24678,24679,2025-09-15T01:30:00+00:00,2025-09-15T01:45:00+00:00,928.97,922.13880385289,939.2167942206652,6.831196147110063,1.5,2025-09-15T08:00:00+00:00,922.13880385289,SL,-1.0,0.3522723390144202,-1.3522723390144202,25,
CRV,TREND_PULLBACK,SHORT,24762,24763,2025-09-15T22:30:00+00:00,2025-09-15T22:45:00+00:00,0.746,0.7551764324267756,0.7322353513598366,0.009176432426775571,1.5,2025-09-16T04:00:00+00:00,0.7322353513598366,TP,1.5,0.2094175456640985,1.2905824543359015,21,
AVAX,TREND_PULLBACK,LONG,24795,24796,2025-09-16T06:45:00+00:00,2025-09-16T07:00:00+00:00,29.687,29.232289495394944,30.369065756907588,0.4547105046050568,1.5,2025-09-16T07:45:00+00:00,30.369065756907588,TP,1.500000000000004,0.1716980027804522,1.3283019972195518,3,
UNI,TREND_PULLBACK,SHORT,24775,24776,2025-09-16T01:45:00+00:00,2025-09-16T02:00:00+00:00,9.142,9.22779846356554,9.013302304651688,0.08579846356554022,1.5,2025-09-16T08:00:00+00:00,9.22779846356554,SL,-1.0,0.2783352639455256,-1.2783352639455257,24,
CRV,TREND_PULLBACK,SHORT,24789,24790,2025-09-16T05:15:00+00:00,2025-09-16T05:30:00+00:00,0.735,0.7433079038155513,0.722538144276673,0.008307903815551354,1.5,2025-09-16T12:45:00+00:00,0.722538144276673,TP,1.5,0.22807192158542414,1.271928078414576,29,
BTC,TREND_PULLBACK,LONG,24821,24822,2025-09-16T13:15:00+00:00,2025-09-16T13:30:00+00:00,115407.1,115041.74800759807,115955.12798860291,365.3519924019347,1.5,2025-09-16T13:30:00+00:00,115041.74800759807,SL,-1.0,0.8199859550247004,-1.8199859550247004,0,True
CRV,TREND_PULLBACK,SHORT,24822,24823,2025-09-16T13:30:00+00:00,2025-09-16T13:45:00+00:00,0.725,0.7362713411929823,0.7080929882105265,0.011271341192982343,1.5,2025-09-16T17:15:00+00:00,0.7362713411929823,SL,-1.0,0.16853830533793274,-1.1685383053379328,14,
UNI,TREND_PULLBACK,SHORT,24822,24823,2025-09-16T13:30:00+00:00,2025-09-16T13:45:00+00:00,9.241,9.362963943600324,9.058054084599513,0.12196394360032414,1.5,2025-09-16T21:30:00+00:00,9.362963943600324,SL,-1.0,0.19829756576201873,-1.1982975657620187,31,
AVAX,TREND_PULLBACK,LONG,24869,24870,2025-09-17T01:15:00+00:00,2025-09-17T01:30:00+00:00,30.088,29.818197488540164,30.492703767189756,0.2698025114598366,1.5,2025-09-17T03:30:00+00:00,29.818197488540164,SL,-1.0,0.2886483758572993,-1.2886483758572993,8,
XRP,TREND_PULLBACK,LONG,24869,24870,2025-09-17T01:15:00+00:00,2025-09-17T01:30:00+00:00,3.0436,3.027698210992282,3.0674526835115774,0.015901789007718214,1.5,2025-09-17T03:30:00+00:00,3.027698210992282,SL,-1.0,0.496339604962631,-1.496339604962631,8,
BTC,TREND_PULLBACK,LONG,24869,24870,2025-09-17T01:15:00+00:00,2025-09-17T01:30:00+00:00,116674.3,116333.89340153271,117184.90989770094,340.4065984672925,1.5,2025-09-17T03:45:00+00:00,116333.89340153271,SL,-1.0,0.8898495293154469,-1.889849529315447,9,
BTC,TREND_PULLBACK,LONG,24884,24885,2025-09-17T05:00:00+00:00,2025-09-17T05:15:00+00:00,116510.0,116049.17103889362,117201.24344165958,460.82896110638103,1.5,2025-09-17T06:45:00+00:00,117201.24344165958,TP,1.5000000000000158,0.6593001788444898,0.840699821155526,6,
FET,TREND_PULLBACK,SHORT,24914,24915,2025-09-17T12:30:00+00:00,2025-09-17T12:45:00+00:00,0.6329,0.6368113955044873,0.6270329067432692,0.0039113955044872695,1.5,2025-09-17T13:15:00+00:00,0.6368113955044873,SL,-1.0,0.42200406792465445,-1.4220040679246544,2,
BNB,TREND_PULLBACK,LONG,24899,24900,2025-09-17T08:45:00+00:00,2025-09-17T09:00:00+00:00,957.29,949.6888837052892,968.6916744420662,7.601116294710778,1.5,2025-09-17T13:45:00+00:00,949.6888837052892,SL,-1.0,0.3261458518325702,-1.3261458518325702,19,
AVAX,TREND_PULLBACK,LONG,24889,24890,2025-09-17T06:15:00+00:00,2025-09-17T06:30:00+00:00,29.883,29.54253660514482,30.393695092282766,0.3404633948551776,1.5,2025-09-17T15:00:00+00:00,29.54253660514482,SL,-1.0,0.22690603088049846,-1.2269060308804984,34,
CRV,TREND_PULLBACK,SHORT,24879,24880,2025-09-17T03:45:00+00:00,2025-09-17T04:00:00+00:00,0.729,0.7407911430345256,0.7113132854482115,0.011791143034525664,1.5,2025-09-17T15:45:00+00:00,0.7407911430345256,SL,-1.0,0.162047774363357,-1.162047774363357,47,
UNI,TREND_PULLBACK,SHORT,24896,24897,2025-09-17T08:00:00+00:00,2025-09-17T08:15:00+00:00,9.291,9.382254048208624,9.154118927687065,0.09125404820862393,1.5,2025-09-17T16:15:00+00:00,9.154118927687065,TP,1.4999999999999902,0.262768119077561,1.2372318809224292,32,
FET,TREND_PULLBACK,SHORT,24921,24922,2025-09-17T14:15:00+00:00,2025-09-17T14:30:00+00:00,0.6323,0.6386910313618552,0.6227134529572171,0.0063910313618552594,1.5,2025-09-17T17:15:00+00:00,0.6386910313618552,SL,-1.0,0.25853234747556725,-1.2585323474755672,11,
AVAX,TREND_PULLBACK,LONG,24931,24932,2025-09-17T16:45:00+00:00,2025-09-17T17:00:00+00:00,29.646,29.303394791826975,30.15990781225954,0.3426052081730262,1.5,2025-09-17T17:30:00+00:00,30.15990781225954,TP,1.5,0.22693081804136622,1.2730691819586337,2,
UNI,TREND_PULLBACK,SHORT,24935,24936,2025-09-17T17:45:00+00:00,2025-09-17T18:00:00+00:00,9.177,9.323820104049165,8.956769843926251,0.14682010404916568,1.5,2025-09-17T18:00:00+00:00,9.323820104049165,SL,-1.0,0.16381316639858753,-1.1638131663985876,0,True
CRV,TREND_PULLBACK,SHORT,24935,24936,2025-09-17T17:45:00+00:00,2025-09-17T18:00:00+00:00,0.726,0.7445311153773704,0.6982033269339444,0.0185311153773704,1.5,2025-09-17T19:15:00+00:00,0.7445311153773704,SL,-1.0,0.10316111097797578,-1.1031611109779758,5,
FET,TREND_PULLBACK,SHORT,24938,24939,2025-09-17T18:30:00+00:00,2025-09-17T18:45:00+00:00,0.6369,0.6497382302436637,0.6176426546345044,0.012838230243663706,1.5,2025-09-17T19:15:00+00:00,0.6497382302436637,SL,-1.0,0.13028506792377298,-1.130285067923773,2,
BNB,TREND_PULLBACK,LONG,24934,24935,2025-09-17T17:30:00+00:00,2025-09-17T17:45:00+00:00,954.19,947.1380494686157,964.7679257970766,7.051950531384364,1.5,2025-09-17T20:45:00+00:00,964.7679257970766,TP,1.5,0.3537525245581208,1.1462474754418792,12,
AVAX,TREND_PULLBACK,LONG,24939,24940,2025-09-17T18:45:00+00:00,2025-09-17T19:00:00+00:00,29.781,29.29103991124674,30.515940133129885,0.48996008875325714,1.5,2025-09-17T22:30:00+00:00,30.515940133129885,TP,1.5,0.15998450480431656,1.3400154951956835,14,
SOL,TREND_PULLBACK,LONG,25012,25013,2025-09-18T13:00:00+00:00,2025-09-18T13:15:00+00:00,246.59,244.92041488140666,249.09437767789,1.6695851185933464,1.5,2025-09-18T13:45:00+00:00,244.92041488140666,SL,-1.0,0.3827079747118052,-1.3827079747118052,2,
ADA,TREND_PULLBACK,LONG,24990,24991,2025-09-18T07:30:00+00:00,2025-09-18T07:45:00+00:00,0.9088,0.8969841560588389,0.9265237659117418,0.011815843941161197,1.5,2025-09-18T15:00:00+00:00,0.9265237659117418,TP,1.4999999999999953,0.20192555923777622,1.2980744407622191,29,
DOGE,TREND_PULLBACK,LONG,24993,24994,2025-09-18T08:15:00+00:00,2025-09-18T08:30:00+00:00,0.28132,0.2770481943600301,0.2877277084599549,0.004271805639969928,1.5,2025-09-18T16:00:00+00:00,0.2877277084599549,TP,1.4999999999999936,0.1731731458182983,1.3268268541816952,30,
SOL,TREND_PULLBACK,LONG,25019,25020,2025-09-18T14:45:00+00:00,2025-09-18T15:00:00+00:00,247.6,244.59303588338526,252.11044617492212,3.006964116614739,1.5,2025-09-18T17:00:00+00:00,252.11044617492212,TP,1.5000000000000047,0.21603968482296004,1.2839603151770447,8,
BNB,TREND_PULLBACK,LONG,24987,24988,2025-09-18T06:45:00+00:00,2025-09-18T07:00:00+00:00,994.98,984.8802731420517,1010.1295902869225,10.099726857948326,1.5,2025-09-18T22:45:00+00:00,984.8802731420517,SL,-1.0,0.25484039234775074,-1.2548403923477507,63,
ETH,TREND_PULLBACK,LONG,24993,24994,2025-09-18T08:15:00+00:00,2025-09-18T08:30:00+00:00,4590.29,4554.653885213797,4643.744172179304,35.6361147862026,1.5,2025-09-19T03:30:00+00:00,4554.653885213797,SL,-1.0,0.33360614988760884,-1.3336061498876088,76,
DOGE,TREND_PULLBACK,LONG,25058,25059,2025-09-19T00:30:00+00:00,2025-09-19T00:45:00+00:00,0.28109,0.27730253073414823,0.28677120389877764,0.003787469265851773,1.5,2025-09-19T03:30:00+00:00,0.27730253073414823,SL,-1.0,0.19166103775396337,-1.1916610377539634,11,
ADA,TREND_PULLBACK,LONG,25057,25058,2025-09-19T00:15:00+00:00,2025-09-19T00:30:00+00:00,0.9297,0.9191702137718845,0.9454946793421732,0.010529786228115512,1.5,2025-09-19T03:45:00+00:00,0.9191702137718845,SL,-1.0,0.22826021590882795,-1.2282602159088278,13,
LINK,TREND_PULLBACK,LONG,25040,25041,2025-09-18T20:00:00+00:00,2025-09-18T20:15:00+00:00,24.534,24.270162642204433,24.929756036693348,0.26383735779556616,1.5,2025-09-19T04:00:00+00:00,24.270162642204433,SL,-1.0,0.2404716752963631,-1.2404716752963632,31,
BNB,TREND_PULLBACK,LONG,25058,25059,2025-09-19T00:30:00+00:00,2025-09-19T00:45:00+00:00,986.01,980.3536972793495,994.4944540809757,5.656302720650501,1.5,2025-09-19T05:00:00+00:00,994.4944540809757,TP,1.5,0.4551835213673237,1.0448164786326763,17,
SOL,TREND_PULLBACK,LONG,25111,25112,2025-09-19T13:45:00+00:00,2025-09-19T14:00:00+00:00,241.96,239.61758284564186,245.47362573153723,2.342417154358145,1.5,2025-09-19T14:45:00+00:00,239.61758284564186,SL,-1.0,0.26726702224432825,-1.2672670222443283,3,
ADA,TREND_PULLBACK,LONG,25109,25110,2025-09-19T13:15:00+00:00,2025-09-19T13:30:00+00:00,0.9046,0.8932300141187934,0.9216549788218098,0.011369985881206524,1.5,2025-09-19T15:00:00+00:00,0.8932300141187934,SL,-1.0,0.20555689714774056,-1.2055568971477406,6,
AVAX,TREND_PULLBACK,LONG,25111,25112,2025-09-19T13:45:00+00:00,2025-09-19T14:00:00+00:00,34.223,33.638006851038725,35.10048972344191,0.5849931489612743,1.5,2025-09-19T15:00:00+00:00,33.638006851038725,SL,-1.0,0.15080400353917706,-1.1508040035391771,4,
AVAX,TREND_PULLBACK,LONG,25120,25121,2025-09-19T16:00:00+00:00,2025-09-19T16:15:00+00:00,34.211,33.545054615843966,35.20991807623405,0.6659453841560321,1.5,2025-09-19T20:45:00+00:00,33.545054615843966,SL,-1.0,0.13226740975497053,-1.1322674097549705,18,
BNB,TREND_PULLBACK,LONG,25151,25152,2025-09-19T23:45:00+00:00,2025-09-20T00:00:00+00:00,984.48,977.9356358080264,994.2965462879604,6.544364191973614,1.5,2025-09-20T04:30:00+00:00,994.2965462879604,TP,1.4999999999999913,0.39307248721415905,1.1069275127858322,18,
UNI,TREND_PULLBACK,SHORT,25160,25161,2025-09-20T02:00:00+00:00,2025-09-20T02:15:00+00:00,9.131,9.220564595457118,8.996653106814325,0.08956459545711759,1.5,2025-09-20T06:45:00+00:00,9.220564595457118,SL,-1.0,0.26636679206033714,-1.2663667920603372,18,
UNI,TREND_PULLBACK,SHORT,25202,25203,2025-09-20T12:30:00+00:00,2025-09-20T12:45:00+00:00,9.145,9.19841726876887,9.064874096846694,0.053417268768869874,1.5,2025-09-20T14:45:00+00:00,9.19841726876887,SL,-1.0,0.44641822764432654,-1.4464182276443265,8,
BNB,TREND_PULLBACK,LONG,25209,25210,2025-09-20T14:15:00+00:00,2025-09-20T14:30:00+00:00,1002.41,997.3684611440625,1009.9723082839062,5.0415388559374605,1.5,2025-09-20T14:45:00+00:00,1009.9723082839062,TP,1.5,0.5189084276694764,0.9810915723305236,1,
AVAX,TREND_PULLBACK,LONG,25209,25210,2025-09-20T14:15:00+00:00,2025-09-20T14:30:00+00:00,33.383,33.004114806274146,33.95132779058879,0.37888519372585705,1.5,2025-09-20T15:00:00+00:00,33.95132779058879,TP,1.5000000000000093,0.231032058199406,1.2689679418006032,2,
UNI,TREND_PULLBACK,SHORT,25220,25221,2025-09-20T17:00:00+00:00,2025-09-20T17:15:00+00:00,9.203,9.2795187100096,9.088221934985597,0.07651871000960142,1.5,2025-09-21T09:15:00+00:00,9.088221934985597,TP,1.5,0.3107552193770332,1.1892447806229667,64,
UNI,TREND_PULLBACK,SHORT,25305,25306,2025-09-21T14:15:00+00:00,2025-09-21T14:30:00+00:00,9.113,9.183220322249921,9.007669516625118,0.07022032224992181,1.5,2025-09-22T00:15:00+00:00,9.007669516625118,TP,1.4999999999999873,0.3354708383104705,1.1645291616895168,39,
BNB,TREND_PULLBACK,LONG,25334,25335,2025-09-21T21:30:00+00:00,2025-09-21T21:45:00+00:00,1051.33,1042.1357306032567,1065.121404095115,9.194269396743266,1.5,2025-09-22T00:15:00+00:00,1042.1357306032567,SL,-1.0,0.29600018580576154,-1.2960001858057615,10,
BNB,TREND_PULLBACK,LONG,25399,25400,2025-09-22T13:45:00+00:00,2025-09-22T14:00:00+00:00,1023.01,1011.2552954387058,1040.6420568419412,11.754704561294147,1.5,2025-09-22T14:15:00+00:00,1011.2552954387058,SL,-1.0,0.22497757134435062,-1.2249775713443507,1,
FET,TREND_PULLBACK,SHORT,25404,25405,2025-09-22T15:00:00+00:00,2025-09-22T15:15:00+00:00,0.5873,0.5957771146349904,0.5745843280475145,0.008477114634990346,1.5,2025-09-22T21:30:00+00:00,0.5957771146349904,SL,-1.0,0.18142968630826342,-1.1814296863082634,25,
FET,TREND_PULLBACK,SHORT,25457,25458,2025-09-23T04:15:00+00:00,2025-09-23T04:30:00+00:00,0.592,0.5978422403175362,0.5832366395236956,0.005842240317536218,1.5,2025-09-23T06:15:00+00:00,0.5978422403175362,SL,-1.0,0.26476057613889964,-1.2647605761388996,7,
XRP,TREND_PULLBACK,SHORT,25492,25493,2025-09-23T13:00:00+00:00,2025-09-23T13:15:00+00:00,2.8586,2.876894674507465,2.8311579882388025,0.018294674507465025,1.5,2025-09-23T14:00:00+00:00,2.876894674507465,SL,-1.0,0.4075581160964232,-1.4075581160964232,3,
LINK,TREND_PULLBACK,SHORT,25494,25495,2025-09-23T13:30:00+00:00,2025-09-23T13:45:00+00:00,21.748,21.97032285471206,21.414515717931913,0.2223228547120577,1.5,2025-09-23T14:00:00+00:00,21.97032285471206,SL,-1.0,0.2556364247154626,-1.2556364247154626,1,
UNI,TREND_PULLBACK,SHORT,25402,25403,2025-09-22T14:30:00+00:00,2025-09-22T14:45:00+00:00,8.134,8.279091981080148,7.916362028379779,0.14509198108014765,1.5,2025-09-23T14:45:00+00:00,8.122,TIME,0.08270615585138197,0.14565105419800156,-0.0629448983466196,96,
CRV,TREND_PULLBACK,SHORT,25404,25405,2025-09-22T15:00:00+00:00,2025-09-22T15:15:00+00:00,0.692,0.7085625225997484,0.6671562161003772,0.01656252259974844,1.5,2025-09-23T15:15:00+00:00,0.68,TIME,0.7245273132597664,0.10768890966084417,0.6168384035989222,96,
CRV,TREND_PULLBACK,SHORT,25506,25507,2025-09-23T16:30:00+00:00,2025-09-23T16:45:00+00:00,0.678,0.6878251942554842,0.6632622086167739,0.009825194255484115,1.5,2025-09-23T16:45:00+00:00,0.6878251942554842,SL,-1.0,0.18071629998980024,-1.1807162999898002,0,True
FET,TREND_PULLBACK,SHORT,25479,25480,2025-09-23T09:45:00+00:00,2025-09-23T10:00:00+00:00,0.598,0.6045656283720663,0.5881515574419005,0.006565628372066312,1.5,2025-09-23T18:45:00+00:00,0.5881515574419005,TP,1.5,0.23485901688175786,1.265140983118242,35,
AVAX,TREND_PULLBACK,LONG,25537,25538,2025-09-24T00:15:00+00:00,2025-09-24T00:30:00+00:00,33.915,33.31041235131011,34.82188147303483,0.6045876486898862,1.5,2025-09-24T00:45:00+00:00,34.82188147303483,TP,1.5,0.1477998204372515,1.3522001795627485,1,
LINK,TREND_PULLBACK,SHORT,25506,25507,2025-09-23T16:30:00+00:00,2025-09-23T16:45:00+00:00,21.788,22.103272648176972,21.315091027734542,0.31527264817697187,1.5,2025-09-24T03:15:00+00:00,21.315091027734542,TP,1.5,0.1777319366588419,1.322268063341158,42,
UNI,TREND_PULLBACK,SHORT,25506,25507,2025-09-23T16:30:00+00:00,2025-09-23T16:45:00+00:00,8.109,8.2094290025093,7.958356496236051,0.10042900250929954,1.5,2025-09-24T03:15:00+00:00,7.958356496236051,TP,1.5,0.20798338052967036,1.2920166194703295,42,
BNB,TREND_PULLBACK,LONG,25545,25546,2025-09-24T02:15:00+00:00,2025-09-24T02:30:00+00:00,1019.76,1012.7017430938462,1030.3473853592307,7.058256906153815,1.5,2025-09-24T03:15:00+00:00,1012.7017430938462,SL,-1.0,0.3743417533751669,-1.374341753375167,3,
SUI,TREND_PULLBACK,SHORT,25544,25545,2025-09-24T02:00:00+00:00,2025-09-24T02:15:00+00:00,3.334,3.377257443796384,3.2691138343054247,0.04325744379638374,1.5,2025-09-24T04:00:00+00:00,3.2691138343054247,TP,1.499999999999995,0.19844094406046864,1.3015590559395263,7,
CRV,TREND_PULLBACK,SHORT,25547,25548,2025-09-24T02:45:00+00:00,2025-09-24T03:00:00+00:00,0.669,0.6773141066648762,0.6565288400026857,0.008314106664876197,1.5,2025-09-24T04:00:00+00:00,0.6565288400026857,TP,1.5,0.20726069095111266,1.2927393090488875,4,
ETH,TREND_PULLBACK,SHORT,25577,25578,2025-09-24T10:15:00+00:00,2025-09-24T10:30:00+00:00,4166.0,4190.751721665771,4128.872417501344,24.751721665770674,1.5,2025-09-24T11:00:00+00:00,4190.751721665771,SL,-1.0,0.4389099629052913,-1.4389099629052913,2,
SUI,TREND_PULLBACK,SHORT,25591,25592,2025-09-24T13:45:00+00:00,2025-09-24T14:00:00+00:00,3.3727,3.409822254296575,3.3170166185551375,0.03712225429657501,1.5,2025-09-24T14:30:00+00:00,3.409822254296575,SL,-1.0,0.23752002936413943,-1.2375200293641395,2,
LINK,TREND_PULLBACK,SHORT,25589,25590,2025-09-24T13:15:00+00:00,2025-09-24T13:30:00+00:00,21.673,21.884965705234862,21.355051442147705,0.21196570523486358,1.5,2025-09-24T14:45:00+00:00,21.884965705234862,SL,-1.0,0.2671439483762854,-1.2671439483762854,5,
ADA,TREND_PULLBACK,SHORT,25591,25592,2025-09-24T13:45:00+00:00,2025-09-24T14:00:00+00:00,0.8167,0.8252656377744505,0.8038515433383242,0.008565637774450519,1.5,2025-09-24T14:45:00+00:00,0.8252656377744505,SL,-1.0,0.2491998127067329,-1.249199812706733,3,
CRV,TREND_PULLBACK,SHORT,25591,25592,2025-09-24T13:45:00+00:00,2025-09-24T14:00:00+00:00,0.693,0.7054904864565793,0.6742642703151309,0.012490486456579353,1.5,2025-09-24T14:45:00+00:00,0.7054904864565793,SL,-1.0,0.14555378917495268,-1.1455537891749528,3,
AVAX,TREND_PULLBACK,LONG,25554,25555,2025-09-24T04:30:00+00:00,2025-09-24T04:45:00+00:00,33.76,32.979321205101265,34.9310181923481,0.7806787948987335,1.5,2025-09-24T21:45:00+00:00,32.979321205101265,SL,-1.0,0.11113548636592076,-1.1111354863659209,68,
UNI,TREND_PULLBACK,SHORT,25599,25600,2025-09-24T15:45:00+00:00,2025-09-24T16:00:00+00:00,8.091,8.191885274781008,7.9396720878284865,0.1008852747810085,1.5,2025-09-24T22:45:00+00:00,7.9396720878284865,TP,1.5,0.20657002480703066,1.2934299751929694,27,
FET,TREND_PULLBACK,SHORT,25622,25623,2025-09-24T21:30:00+00:00,2025-09-24T21:45:00+00:00,0.5932,0.5968937530469864,0.5876593704295202,0.003693753046986492,1.5,2025-09-25T00:45:00+00:00,0.5876593704295202,TP,1.5,0.4155982173228351,1.084401782677165,12,
ADA,TREND_PULLBACK,SHORT,25599,25600,2025-09-24T15:45:00+00:00,2025-09-24T16:00:00+00:00,0.8203,0.8298266843099407,0.8060099735350891,0.009526684309940636,1.5,2025-09-25T01:00:00+00:00,0.8060099735350891,TP,1.5,0.22192432296612863,1.2780756770338715,36,
ETH,TREND_PULLBACK,SHORT,25599,25600,2025-09-24T15:45:00+00:00,2025-09-24T16:00:00+00:00,4163.82,4201.854237002201,4106.768644496697,38.034237002201735,1.5,2025-09-25T01:15:00+00:00,4106.768644496697,TP,1.500000000000012,0.2826864973582434,1.2173135026417685,37,
BNB,TREND_PULLBACK,LONG,25626,25627,2025-09-24T22:30:00+00:00,2025-09-24T22:45:00+00:00,1019.12,1011.6624977764525,1030.3062533353213,7.457502223547522,1.5,2025-09-25T01:15:00+00:00,1011.6624977764525,SL,-1.0,0.35400824136174863,-1.3540082413617487,10,
SUI,TREND_PULLBACK,SHORT,25600,25601,2025-09-24T16:00:00+00:00,2025-09-24T16:15:00+00:00,3.3877,3.429668764645852,3.3247468530312227,0.04196876464585175,1.5,2025-09-25T01:30:00+00:00,3.3247468530312227,TP,1.4999999999999947,0.20792084262130162,1.292079157378693,37,
LINK,TREND_PULLBACK,SHORT,25670,25671,2025-09-25T09:30:00+00:00,2025-09-25T09:45:00+00:00,21.06,21.232417771188324,20.801373343217513,0.17241777118832502,1.5,2025-09-25T11:15:00+00:00,20.801373343217513,TP,1.4999999999999898,0.3156274725691832,1.1843725274308066,6,
ADA,TREND_PULLBACK,SHORT,25670,25671,2025-09-25T09:30:00+00:00,2025-09-25T09:45:00+00:00,0.7894,0.7971242328410609,0.7778136507384086,0.007724232841060941,1.5,2025-09-25T12:15:00+00:00,0.7778136507384086,TP,1.5,0.26376441361652336,1.2362355863834766,10,
UNI,TREND_PULLBACK,SHORT,25676,25677,2025-09-25T11:00:00+00:00,2025-09-25T11:15:00+00:00,7.711,7.824300980005732,7.541048529991404,0.11330098000573141,1.5,2025-09-25T12:15:00+00:00,7.541048529991404,TP,1.499999999999996,0.17499992575515083,1.3250000742448451,4,
ADA,TREND_PULLBACK,SHORT,25686,25687,2025-09-25T13:30:00+00:00,2025-09-25T13:45:00+00:00,0.7853,0.7981103737852371,0.7660844393221444,0.012810373785237084,1.5,2025-09-25T14:15:00+00:00,0.7981103737852371,SL,-1.0,0.16068488870270015,-1.1606848887027001,2,
FET,TREND_PULLBACK,SHORT,25686,25687,2025-09-25T13:30:00+00:00,2025-09-25T13:45:00+00:00,0.5747,0.5841057132264298,0.5605914301603553,0.009405713226429802,1.5,2025-09-25T14:15:00+00:00,0.5841057132264298,SL,-1.0,0.1601630191064386,-1.1601630191064385,2,
UNI,TREND_PULLBACK,SHORT,25686,25687,2025-09-25T13:30:00+00:00,2025-09-25T13:45:00+00:00,7.638,7.774468047642028,7.433297928536958,0.1364680476420279,1.5,2025-09-25T14:15:00+00:00,7.774468047642028,SL,-1.0,0.14681977802226656,-1.1468197780222666,2,
CRV,TREND_PULLBACK,SHORT,25676,25677,2025-09-25T11:00:00+00:00,2025-09-25T11:15:00+00:00,0.669,0.6829110151821026,0.6481334772268461,0.013911015182102582,1.5,2025-09-25T17:15:00+00:00,0.6481334772268461,TP,1.500000000000004,0.12308760345527121,1.3769123965447327,24,
LINK,TREND_PULLBACK,SHORT,25686,25687,2025-09-25T13:30:00+00:00,2025-09-25T13:45:00+00:00,20.729,21.171611211659844,20.065083182510232,0.44261121165984463,1.5,2025-09-25T17:30:00+00:00,20.065083182510232,TP,1.5,0.11981691095981471,1.3801830890401854,15,
CRV,TREND_PULLBACK,SHORT,25730,25731,2025-09-26T00:30:00+00:00,2025-09-26T00:45:00+00:00,0.638,0.6507782847118928,0.6188325729321609,0.012778284711892796,1.5,2025-09-26T00:45:00+00:00,0.6507782847118928,SL,-1.0,0.13111398031115623,-1.1311139803111563,0,True
FET,TREND_PULLBACK,SHORT,25730,25731,2025-09-26T00:30:00+00:00,2025-09-26T00:45:00+00:00,0.5598,0.5680920965277936,0.5473618552083095,0.008292096527793613,1.5,2025-09-26T00:45:00+00:00,0.5680920965277936,SL,-1.0,0.17682617665767553,-1.1768261766576755,0,True
SUI,TREND_PULLBACK,SHORT,25746,25747,2025-09-26T04:30:00+00:00,2025-09-26T04:45:00+00:00,3.1354,3.1842507859028077,3.062123821145789,0.04885078590280756,1.5,2025-09-26T08:00:00+00:00,3.1842507859028077,SL,-1.0,0.16817633268007434,-1.1681763326800743,13,
XRP,TREND_PULLBACK,SHORT,25751,25752,2025-09-26T05:45:00+00:00,2025-09-26T06:00:00+00:00,2.7514,2.782710875849769,2.704433686225346,0.031310875849769104,1.5,2025-09-26T11:00:00+00:00,2.704433686225346,TP,1.5,0.22652141147770713,1.2734785885222928,20,
BTC,TREND_PULLBACK,SHORT,25755,25756,2025-09-26T06:45:00+00:00,2025-09-26T07:00:00+00:00,109298.8,109755.89961929304,108613.15057106045,457.09961929303245,1.5,2025-09-26T11:15:00+00:00,108613.15057106045,TP,1.5,0.6197457267204001,0.8802542732795999,17,
CRV,TREND_PULLBACK,SHORT,25766,25767,2025-09-26T09:30:00+00:00,2025-09-26T09:45:00+00:00,0.642,0.6550684321588061,0.6223973517617909,0.013068432158806043,1.5,2025-09-26T12:30:00+00:00,0.6550684321588061,SL,-1.0,0.12902764014199095,-1.129027640141991,11,
FET,TREND_PULLBACK,SHORT,25751,25752,2025-09-26T05:45:00+00:00,2025-09-26T06:00:00+00:00,0.5637,0.5716127679552993,0.5518308480670511,0.007912767955299271,1.5,2025-09-26T16:00:00+00:00,0.5716127679552993,SL,-1.0,0.18652216350581308,-1.186522163505813,40,
ADA,TREND_PULLBACK,SHORT,25751,25752,2025-09-26T05:45:00+00:00,2025-09-26T06:00:00+00:00,0.7716,0.7822063306846324,0.7556905039730513,0.010606330684632459,1.5,2025-09-26T16:15:00+00:00,0.7822063306846324,SL,-1.0,0.1904474120174973,-1.1904474120174973,41,
XRP,TREND_PULLBACK,SHORT,25784,25785,2025-09-26T14:00:00+00:00,2025-09-26T14:15:00+00:00,2.7361,2.7856636182772903,2.661754572584065,0.04956361827729028,1.5,2025-09-26T17:15:00+00:00,2.7856636182772903,SL,-1.0,0.14482987629354582,-1.1448298762935458,12,
BTC,TREND_PULLBACK,SHORT,25785,25786,2025-09-26T14:15:00+00:00,2025-09-26T14:30:00+00:00,109040.0,109920.05300712744,107719.92048930883,880.0530071274407,1.5,2025-09-26T17:15:00+00:00,109920.05300712744,SL,-1.0,0.3234442318859615,-1.3234442318859614,11,
FET,TREND_PULLBACK,SHORT,25828,25829,2025-09-27T01:00:00+00:00,2025-09-27T01:15:00+00:00,0.5789,0.5841495479273304,0.5710256781090043,0.005249547927330456,1.5,2025-09-27T15:00:00+00:00,0.5710256781090043,TP,1.5,0.28476802235843307,1.215231977641567,55,
BTC,TREND_PULLBACK,SHORT,25804,25805,2025-09-26T19:00:00+00:00,2025-09-26T19:15:00+00:00,109466.8,110252.10515017535,108288.84227473698,785.3051501753507,1.5,2025-09-27T19:15:00+00:00,109370.6,TIME,0.12250015166526872,0.36226506337883635,-0.23976491171356762,96,
CRV,TREND_PULLBACK,SHORT,25805,25806,2025-09-26T19:15:00+00:00,2025-09-26T19:30:00+00:00,0.665,0.6792956798193343,0.6435564802709988,0.014295679819334217,1.5,2025-09-27T19:30:00+00:00,0.665,TIME,-0.0,0.12094562985816251,-0.12094562985816251,96,
SUI,TREND_PULLBACK,SHORT,25806,25807,2025-09-26T19:30:00+00:00,2025-09-26T19:45:00+00:00,3.194,3.2516998603046328,3.1074502095430505,0.05769986030463281,1.5,2025-09-27T19:45:00+00:00,3.1785,TIME,0.26863149959403504,0.14357487100076818,0.12505662859326686,96,
UNI,TREND_PULLBACK,SHORT,25806,25807,2025-09-26T19:30:00+00:00,2025-09-26T19:45:00+00:00,7.53,7.649977682702463,7.350033475946306,0.119977682702463,1.5,2025-09-27T19:45:00+00:00,7.558,TIME,-0.2333767361504872,0.1634837376267923,-0.3968604737772795,96,
ADA,TREND_PULLBACK,SHORT,25905,25906,2025-09-27T20:15:00+00:00,2025-09-27T20:30:00+00:00,0.7797,0.7835033013911924,0.7739950479132113,0.0038033013911924485,1.5,2025-09-27T21:45:00+00:00,0.7835033013911924,SL,-1.0,0.534315870026647,-1.534315870026647,5,
ETH,TREND_PULLBACK,SHORT,25884,25885,2025-09-27T15:00:00+00:00,2025-09-27T15:15:00+00:00,4001.0,4027.572679526036,3961.1409807109458,26.572679526036154,1.5,2025-09-27T22:15:00+00:00,4027.572679526036,SL,-1.0,0.3927772685911271,-1.392777268591127,28,
ADA,TREND_PULLBACK,SHORT,25917,25918,2025-09-27T23:15:00+00:00,2025-09-27T23:30:00+00:00,0.7811,0.7868721352088726,0.7724417971866913,0.005772135208872542,1.5,2025-09-28T01:30:00+00:00,0.7724417971866913,TP,1.4999999999999905,0.34988860504138874,1.1501113949586017,8,
SUI,TREND_PULLBACK,SHORT,25917,25918,2025-09-27T23:15:00+00:00,2025-09-27T23:30:00+00:00,3.1767,3.202958219587133,3.1373126706193,0.026258219587133258,1.5,2025-09-28T01:30:00+00:00,3.1373126706193,TP,1.4999999999999916,0.3125960785181027,1.1874039214818888,8,
FET,TREND_PULLBACK,SHORT,25916,25917,2025-09-27T23:00:00+00:00,2025-09-27T23:15:00+00:00,0.5736,0.5782788907463793,0.5665816638804311,0.004678890746379283,1.5,2025-09-28T02:45:00+00:00,0.5665816638804311,TP,1.5,0.31679221494786464,1.1832077850521354,14,
UNI,TREND_PULLBACK,SHORT,25920,25921,2025-09-28T00:00:00+00:00,2025-09-28T00:15:00+00:00,7.582,7.645756625867227,7.486365061199159,0.06375662586722708,1.5,2025-09-28T06:15:00+00:00,7.486365061199159,TP,1.5000000000000069,0.3072445304799012,1.1927554695201057,24,
DOGE,TREND_PULLBACK,SHORT,25920,25921,2025-09-28T00:00:00+00:00,2025-09-28T00:15:00+00:00,0.22963,0.23152080488458907,0.2267937926731164,0.0018908048845890646,1.5,2025-09-28T08:30:00+00:00,0.2267937926731164,TP,1.5000000000000073,0.3138086511787314,1.1861913488212759,33,
LINK,TREND_PULLBACK,SHORT,25940,25941,2025-09-28T05:00:00+00:00,2025-09-28T05:15:00+00:00,20.7,20.82362158672201,20.514567619916985,0.12362158672200962,1.5,2025-09-28T10:00:00+00:00,20.514567619916985,TP,1.5,0.4334108574934904,1.0665891425065097,19,
CRV,TREND_PULLBACK,SHORT,25940,25941,2025-09-28T05:00:00+00:00,2025-09-28T05:15:00+00:00,0.657,0.6634126137875151,0.6473810793187273,0.00641261378751512,1.5,2025-09-28T12:30:00+00:00,0.6473810793187273,TP,1.5,0.26443123807264646,1.2355687619273534,29,
ETH,TREND_PULLBACK,SHORT,25945,25946,2025-09-28T06:15:00+00:00,2025-09-28T06:30:00+00:00,3998.63,4020.929994487764,3965.1800082683544,22.299994487763797,1.5,2025-09-28T12:30:00+00:00,3965.1800082683544,TP,1.5,0.46425809730265255,1.0357419026973473,24,
FET,TREND_PULLBACK,SHORT,25953,25954,2025-09-28T08:15:00+00:00,2025-09-28T08:30:00+00:00,0.5651,0.5689753439206922,0.5592869841189618,0.003875343920692109,1.5,2025-09-28T12:30:00+00:00,0.5592869841189618,TP,1.5000000000000144,0.377180221747545,1.1228197782524694,16,
UNI,TREND_PULLBACK,SHORT,25966,25967,2025-09-28T11:30:00+00:00,2025-09-28T11:45:00+00:00,7.47,7.52927350873441,7.381089736898384,0.059273508734410285,1.5,2025-09-28T13:45:00+00:00,7.52927350873441,SL,-1.0,0.3289674591177841,-1.328967459117784,8,
BTC,TREND_PULLBACK,SHORT,25926,25927,2025-09-28T01:30:00+00:00,2025-09-28T01:45:00+00:00,109378.6,109672.49982680955,108937.75025978568,293.89982680954563,1.5,2025-09-28T14:15:00+00:00,109672.49982680955,SL,-1.0,0.9689234351246765,-1.9689234351246765,50,
BNB,TREND_PULLBACK,LONG,26138,26139,2025-09-30T06:30:00+00:00,2025-09-30T06:45:00+00:00,1027.21,1019.3874408360726,1038.943838745891,7.822559163927394,1.5,2025-09-30T07:30:00+00:00,1019.3874408360726,SL,-1.0,0.3401158901240096,-1.3401158901240096,3,
DOGE,TREND_PULLBACK,SHORT,26167,26168,2025-09-30T13:45:00+00:00,2025-09-30T14:00:00+00:00,0.2296,0.23182388127986464,0.22626417808020305,0.0022238812798646423,1.5,2025-09-30T15:15:00+00:00,0.22626417808020305,TP,1.4999999999999938,0.266481595429561,1.2335184045704328,5,
UNI,TREND_PULLBACK,SHORT,26167,26168,2025-09-30T13:45:00+00:00,2025-09-30T14:00:00+00:00,7.542,7.631800010459973,7.407299984310041,0.08980001045997277,1.5,2025-09-30T20:00:00+00:00,7.631800010459973,SL,-1.0,0.2196652306893723,-1.2196652306893723,24,
XRP,TREND_PULLBACK,SHORT,26227,26228,2025-10-01T04:45:00+00:00,2025-10-01T05:00:00+00:00,2.8351,2.850838226764683,2.811492659852976,0.01573822676468284,1.5,2025-10-01T05:00:00+00:00,2.850838226764683,SL,-1.0,0.46966661526197984,-1.4696666152619797,0,True
DOGE,TREND_PULLBACK,SHORT,26203,26204,2025-09-30T22:45:00+00:00,2025-09-30T23:00:00+00:00,0.23154,0.2342873898861838,0.22741891517072427,0.0027473898861838097,1.5,2025-10-01T08:15:00+00:00,0.2342873898861838,SL,-1.0,0.22041851791672637,-1.2204185179167264,37,
UNI,TREND_PULLBACK,SHORT,26221,26222,2025-10-01T03:15:00+00:00,2025-10-01T03:30:00+00:00,7.595,7.680815424962776,7.466276862555835,0.08581542496277628,1.5,2025-10-01T08:30:00+00:00,7.680815424962776,SL,-1.0,0.23141014638179042,-1.2314101463817904,20,
BTC,TREND_PULLBACK,LONG,26342,26343,2025-10-02T09:30:00+00:00,2025-10-02T09:45:00+00:00,118690.9,118220.74170028367,119396.13744957448,470.15829971632047,1.5,2025-10-02T13:30:00+00:00,119396.13744957448,TP,1.5000000000000155,0.658316887889032,0.8416831121109836,15,
BTC,TREND_PULLBACK,LONG,26364,26365,2025-10-02T15:00:00+00:00,2025-10-02T15:15:00+00:00,119128.1,118272.86945169044,120410.94582246436,855.2305483095697,1.5,2025-10-02T18:45:00+00:00,120410.94582246436,TP,1.5,0.36411323260694056,1.1358867673930595,14,
BTC,TREND_PULLBACK,LONG,26414,26415,2025-10-03T03:30:00+00:00,2025-10-03T03:45:00+00:00,120300.8,119639.07197862593,121293.39203206112,661.7280213740742,1.5,2025-10-03T07:30:00+00:00,119639.07197862593,SL,-1.0,0.4713746788665681,-1.471374678866568,15,
BNB,TREND_PULLBACK,LONG,26434,26435,2025-10-03T08:30:00+00:00,2025-10-03T08:45:00+00:00,1096.94,1082.8136829438427,1118.1294755842362,14.126317056157404,1.5,2025-10-03T13:15:00+00:00,1118.1294755842362,TP,1.5,0.2038457941168994,1.2961542058831006,18,
SOL,TREND_PULLBACK,LONG,26435,26436,2025-10-03T08:45:00+00:00,2025-10-03T09:00:00+00:00,230.92,228.1135367182097,235.12969492268542,2.806463281790286,1.5,2025-10-03T14:00:00+00:00,228.1135367182097,SL,-1.0,0.21263189210621014,-1.2126318921062103,20,
DOGE,TREND_PULLBACK,LONG,26437,26438,2025-10-03T09:15:00+00:00,2025-10-03T09:30:00+00:00,0.25688,0.2534824287056167,0.26197635694157495,0.0033975712943832836,1.5,2025-10-03T14:15:00+00:00,0.2534824287056167,SL,-1.0,0.1952780677227063,-1.1952780677227064,19,
BTC,TREND_PULLBACK,LONG,26435,26436,2025-10-03T08:45:00+00:00,2025-10-03T09:00:00+00:00,120007.0,119453.91868706219,120836.62196940671,553.0813129378075,1.5,2025-10-03T14:45:00+00:00,120836.62196940671,TP,1.5,0.566095258032042,0.933904741967958,23,
SOL,TREND_PULLBACK,LONG,26459,26460,2025-10-03T14:45:00+00:00,2025-10-03T15:00:00+00:00,230.38,227.27975876448446,235.0303618532733,3.10024123551554,1.5,2025-10-03T16:00:00+00:00,235.0303618532733,TP,1.4999999999999953,0.19515690052701465,1.3048430994729807,4,
SOL,TREND_PULLBACK,LONG,26496,26497,2025-10-04T00:00:00+00:00,2025-10-04T00:15:00+00:00,233.41,231.5121290703232,236.2568063945152,1.8978709296767988,1.5,2025-10-04T00:30:00+00:00,231.5121290703232,SL,-1.0,0.3184614708727043,-1.3184614708727043,1,
BNB,TREND_PULLBACK,LONG,26507,26508,2025-10-04T02:45:00+00:00,2025-10-04T03:00:00+00:00,1177.33,1159.6540975100777,1203.8438537348834,17.675902489922237,1.5,2025-10-04T08:30:00+00:00,1159.6540975100777,SL,-1.0,0.171876900118409,-1.171876900118409,22,
BTC,TREND_PULLBACK,LONG,26528,26529,2025-10-04T08:00:00+00:00,2025-10-04T08:15:00+00:00,122425.5,122095.2864028633,122920.82039570504,330.21359713669517,1.5,2025-10-04T10:45:00+00:00,122095.2864028633,SL,-1.0,0.9626406213434452,-1.962640621343445,10,
SOL,TREND_PULLBACK,LONG,26536,26537,2025-10-04T10:00:00+00:00,2025-10-04T10:15:00+00:00,229.34,227.60157244481127,231.94764133278312,1.7384275551887356,1.5,2025-10-04T14:45:00+00:00,227.60157244481127,SL,-1.0,0.34170192620638906,-1.341701926206389,18,
ETH,TREND_PULLBACK,LONG,26548,26549,2025-10-04T13:00:00+00:00,2025-10-04T13:15:00+00:00,4497.74,4468.957672854544,4540.913490718183,28.782327145455383,1.5,2025-10-04T14:45:00+00:00,4468.957672854544,SL,-1.0,0.40499529158299685,-1.4049952915829969,6,
XRP,TREND_PULLBACK,LONG,26548,26549,2025-10-04T13:00:00+00:00,2025-10-04T13:15:00+00:00,2.9978,2.975955344881792,3.0305669826773114,0.02184465511820788,1.5,2025-10-04T14:45:00+00:00,2.975955344881792,SL,-1.0,0.3555049006872779,-1.355504900687278,6,
BTC,TREND_PULLBACK,LONG,26596,26597,2025-10-05T01:00:00+00:00,2025-10-05T01:15:00+00:00,122274.7,122009.3910293105,122672.66345603424,265.3089706894971,1.5,2025-10-05T02:15:00+00:00,122672.66345603424,TP,1.4999999999999725,1.2002291956630413,0.29977080433693115,4,
BNB,TREND_PULLBACK,LONG,26590,26591,2025-10-04T23:30:00+00:00,2025-10-04T23:45:00+00:00,1150.27,1142.7582341026332,1161.5376488460502,7.511765897366786,1.5,2025-10-05T02:30:00+00:00,1161.5376488460502,TP,1.5,0.40008567686505997,1.09991432313494,11,
ETH,TREND_PULLBACK,LONG,26599,26600,2025-10-05T01:45:00+00:00,2025-10-05T02:00:00+00:00,4485.96,4463.020148278933,4520.3697775816,22.93985172106659,1.5,2025-10-05T02:30:00+00:00,4520.3697775816,TP,1.5,0.5103881600116857,0.9896118399883143,2,
XRP,TREND_PULLBACK,LONG,26655,26656,2025-10-05T15:45:00+00:00,2025-10-05T16:00:00+00:00,3.0123,2.98603358014911,3.0516996297763352,0.026266419850890177,1.5,2025-10-05T16:45:00+00:00,2.98603358014911,SL,-1.0,0.29687462922091273,-1.2968746292209128,3,
SOL,TREND_PULLBACK,LONG,26659,26660,2025-10-05T16:45:00+00:00,2025-10-05T17:00:00+00:00,230.99,228.30107767833042,235.0233834825044,2.688922321669594,1.5,2025-10-05T18:00:00+00:00,228.30107767833042,SL,-1.0,0.2220511898652001,-1.2220511898652,4,
BNB,TREND_PULLBACK,LONG,26659,26660,2025-10-05T16:45:00+00:00,2025-10-05T17:00:00+00:00,1168.21,1154.902810726743,1188.1707839098858,13.307189273257109,1.5,2025-10-05T19:00:00+00:00,1154.902810726743,SL,-1.0,0.2269485006885733,-1.2269485006885734,8,
DOGE,TREND_PULLBACK,LONG,26659,26660,2025-10-05T16:45:00+00:00,2025-10-05T17:00:00+00:00,0.25696,0.25324075565090925,0.26253886652363617,0.0037192443490907667,1.5,2025-10-05T19:00:00+00:00,0.25324075565090925,SL,-1.0,0.17833218796402223,-1.1783321879640223,8,
ETH,TREND_PULLBACK,LONG,26688,26689,2025-10-06T00:00:00+00:00,2025-10-06T00:15:00+00:00,4518.26,4490.02020469578,4560.61969295633,28.239795304220024,1.5,2025-10-06T00:45:00+00:00,4490.02020469578,SL,-1.0,0.4146901257586138,-1.4146901257586137,2,
SOL,TREND_PULLBACK,LONG,26688,26689,2025-10-06T00:00:00+00:00,2025-10-06T00:15:00+00:00,228.47,226.31220691033792,231.7066896344931,2.1577930896620785,1.5,2025-10-06T01:30:00+00:00,231.7066896344931,TP,1.4999999999999933,0.277241455351276,1.2227585446487175,5,
DOGE,TREND_PULLBACK,LONG,26690,26691,2025-10-06T00:30:00+00:00,2025-10-06T00:45:00+00:00,0.25297,0.2500295361934155,0.25738069570987665,0.00294046380658447,1.5,2025-10-06T06:30:00+00:00,0.25738069570987665,TP,1.4999999999999905,0.22562967887487265,1.2743703211251178,23,
SUI,TREND_PULLBACK,LONG,26690,26691,2025-10-06T00:30:00+00:00,2025-10-06T00:45:00+00:00,3.565,3.5275026923334334,3.6212459614998496,0.03749730766656656,1.5,2025-10-06T06:30:00+00:00,3.6212459614998496,TP,1.499999999999994,0.24914108055495005,1.250858919445044,23,
ETH,TREND_PULLBACK,LONG,26698,26699,2025-10-06T02:30:00+00:00,2025-10-06T02:45:00+00:00,4519.26,4475.618820791282,4584.721768813078,43.64117920871831,1.5,2025-10-06T11:15:00+00:00,4584.721768813078,TP,1.5,0.2711928622014104,1.2288071377985896,34,
BTC,TREND_PULLBACK,LONG,26659,26660,2025-10-05T16:45:00+00:00,2025-10-05T17:00:00+00:00,123210.0,122397.31995632222,124429.02006551667,812.6800436777849,1.5,2025-10-06T11:30:00+00:00,124429.02006551667,TP,1.4999999999999911,0.39613465174839735,1.1038653482515937,74,
SOL,TREND_PULLBACK,LONG,26720,26721,2025-10-06T08:00:00+00:00,2025-10-06T08:15:00+00:00,232.46,229.7417993972618,236.53730090410733,2.7182006027382215,1.5,2025-10-06T15:45:00+00:00,236.53730090410733,TP,1.4999999999999947,0.22430150687228614,1.2756984931277084,30,
BNB,TREND_PULLBACK,LONG,26784,26785,2025-10-07T00:00:00+00:00,2025-10-07T00:15:00+00:00,1228.8,1215.7359293447016,1248.3961059829476,13.064070655298337,1.5,2025-10-07T01:15:00+00:00,1215.7359293447016,SL,-1.0,0.24325470919427913,-1.2432547091942792,4,
DOGE,TREND_PULLBACK,LONG,26793,26794,2025-10-07T02:15:00+00:00,2025-10-07T02:30:00+00:00,0.26705,0.263097066829733,0.27297939975540053,0.0039529331702670145,1.5,2025-10-07T06:15:00+00:00,0.263097066829733,SL,-1.0,0.1743493140897444,-1.1743493140897443,15,
BTC,TREND_PULLBACK,LONG,26802,26803,2025-10-07T04:30:00+00:00,2025-10-07T04:45:00+00:00,124550.0,123879.36565888644,125555.95151167034,670.6343411135604,1.5,2025-10-07T06:15:00+00:00,123879.36565888644,SL,-1.0,0.4815711864982843,-1.4815711864982843,6,
ADA,TREND_PULLBACK,LONG,26802,26803,2025-10-07T04:30:00+00:00,2025-10-07T04:45:00+00:00,0.8707,0.860803589538321,0.8855446156925185,0.009896410461678995,1.5,2025-10-07T06:30:00+00:00,0.860803589538321,SL,-1.0,0.2274516275487958,-1.2274516275487959,7,
SUI,TREND_PULLBACK,LONG,26801,26802,2025-10-07T04:15:00+00:00,2025-10-07T04:30:00+00:00,3.6252,3.5885025125845913,3.680246231123113,0.03669748741540868,1.5,2025-10-07T07:00:00+00:00,3.5885025125845913,SL,-1.0,0.2555437422787255,-1.2555437422787254,10,
ETH,TREND_PULLBACK,LONG,26793,26794,2025-10-07T02:15:00+00:00,2025-10-07T02:30:00+00:00,4684.83,4648.894145024213,4738.733782463681,35.93585497578715,1.5,2025-10-07T08:00:00+00:00,4648.894145024213,SL,-1.0,0.33765278151047223,-1.3376527815104722,22,
SOL,TREND_PULLBACK,LONG,26835,26836,2025-10-07T12:45:00+00:00,2025-10-07T13:00:00+00:00,231.38,228.9904582225244,234.96431266621337,2.3895417774755856,1.5,2025-10-07T13:30:00+00:00,228.9904582225244,SL,-1.0,0.2504587286695374,-1.2504587286695374,2,
BNB,TREND_PULLBACK,LONG,26886,26887,2025-10-08T01:30:00+00:00,2025-10-08T01:45:00+00:00,1314.02,1295.0243617773774,1342.5134573339337,18.995638222622574,1.5,2025-10-08T02:00:00+00:00,1295.0243617773774,SL,-1.0,0.1785545518692405,-1.1785545518692404,1,
BNB,TREND_PULLBACK,LONG,26935,26936,2025-10-08T13:45:00+00:00,2025-10-08T14:00:00+00:00,1312.92,1289.00675503388,1348.7898674491803,23.913244966120146,1.5,2025-10-08T15:15:00+00:00,1289.00675503388,SL,-1.0,0.14144900812651381,-1.1414490081265138,5,
FET,TREND_PULLBACK,SHORT,27025,27026,2025-10-09T12:15:00+00:00,2025-10-09T12:30:00+00:00,0.5306,0.5343744794359316,0.5249382808461025,0.003774479435931677,1.5,2025-10-09T12:30:00+00:00,0.5343744794359316,SL,-1.0,0.3667967588025752,-1.3667967588025751,0,True
XRP,TREND_PULLBACK,SHORT,27080,27081,2025-10-10T02:00:00+00:00,2025-10-10T02:15:00+00:00,2.8016,2.8226298733698187,2.770055189945272,0.021029873369818652,1.5,2025-10-10T03:30:00+00:00,2.8226298733698187,SL,-1.0,0.3476720333406275,-1.3476720333406276,5,
XRP,TREND_PULLBACK,SHORT,27111,27112,2025-10-10T09:45:00+00:00,2025-10-10T10:00:00+00:00,2.8122,2.8364434073680793,2.7758348889478803,0.024243407368079506,1.5,2025-10-10T15:15:00+00:00,2.7758348889478803,TP,1.500000000000009,0.29964621908705374,1.2003537809129554,21,
FET,TREND_PULLBACK,SHORT,27200,27201,2025-10-11T08:00:00+00:00,2025-10-11T08:15:00+00:00,0.3883,0.4153266033644214,0.34776009495336785,0.02702660336442142,1.5,2025-10-11T11:00:00+00:00,0.4153266033644214,SL,-1.0,0.038655045559629564,-1.0386550455596295,11,
UNI,TREND_PULLBACK,SHORT,27222,27223,2025-10-11T13:30:00+00:00,2025-10-11T13:45:00+00:00,5.938,6.091363652326555,5.7079545215101675,0.15336365232655513,1.5,2025-10-11T15:00:00+00:00,6.091363652326555,SL,-1.0,0.10196792076082262,-1.1019679207608226,5,
AVAX,TREND_PULLBACK,SHORT,27219,27220,2025-10-11T12:45:00+00:00,2025-10-11T13:00:00+00:00,22.352,22.958341691697942,21.442487462453087,0.606341691697942,1.5,2025-10-11T16:15:00+00:00,22.958341691697942,SL,-1.0,0.09714562763160764,-1.0971456276316076,13,
DOGE,TREND_PULLBACK,SHORT,27210,27211,2025-10-11T10:30:00+00:00,2025-10-11T10:45:00+00:00,0.19311,0.19970819505655485,0.18321270741516774,0.006598195056554845,1.5,2025-10-11T19:45:00+00:00,0.18321270741516774,TP,1.5,0.07414444638973088,1.425855553610269,36,
UNI,TREND_PULLBACK,SHORT,27234,27235,2025-10-11T16:30:00+00:00,2025-10-11T16:45:00+00:00,6.022,6.163410781496726,5.809883827754912,0.1414107814967256,1.5,2025-10-11T19:45:00+00:00,5.809883827754912,TP,1.5,0.10877140210442544,1.3912285978955745,12,
ETH,TREND_PULLBACK,SHORT,27225,27226,2025-10-11T14:15:00+00:00,2025-10-11T14:30:00+00:00,3801.86,3861.5129014036474,3712.380647894529,59.65290140364732,1.5,2025-10-11T20:15:00+00:00,3712.380647894529,TP,1.5000000000000038,0.1637558712553354,1.3362441287446685,23,
SOL,TREND_PULLBACK,SHORT,27234,27235,2025-10-11T16:30:00+00:00,2025-10-11T16:45:00+00:00,181.96,186.0507971759141,175.82380423612886,4.090797175914105,1.5,2025-10-11T20:15:00+00:00,175.82380423612886,TP,1.4999999999999964,0.11369885269441031,1.3863011473055862,14,
FET,TREND_PULLBACK,SHORT,27221,27222,2025-10-11T13:15:00+00:00,2025-10-11T13:30:00+00:00,0.4044,0.425650703805532,0.372523944291702,0.021250703805532012,1.5,2025-10-11T20:30:00+00:00,0.372523944291702,TP,1.4999999999999987,0.04752789069114444,1.4524721093088542,28,
UNI,TREND_PULLBACK,SHORT,27270,27271,2025-10-12T01:30:00+00:00,2025-10-12T01:45:00+00:00,5.822,5.949375479448995,5.630936780826508,0.12737547944899497,1.5,2025-10-12T03:00:00+00:00,5.949375479448995,SL,-1.0,0.12013919939285801,-1.120139199392858,5,
ETH,TREND_PULLBACK,SHORT,27274,27275,2025-10-12T02:30:00+00:00,2025-10-12T02:45:00+00:00,3723.5,3780.729139834115,3637.6562902488276,57.2291398341149,1.5,2025-10-12T03:15:00+00:00,3780.729139834115,SL,-1.0,0.17046382157868803,-1.170463821578688,2,
CRV,TREND_PULLBACK,SHORT,27274,27275,2025-10-12T02:30:00+00:00,2025-10-12T02:45:00+00:00,0.478,0.4924457836693139,0.4563313244960291,0.014445783669313927,1.5,2025-10-12T03:30:00+00:00,0.4924457836693139,SL,-1.0,0.08733202349208542,-1.0873320234920854,3,
ADA,TREND_PULLBACK,SHORT,27274,27275,2025-10-12T02:30:00+00:00,2025-10-12T02:45:00+00:00,0.6233,0.6379054277672697,0.6013918583490954,0.014605427767269696,1.5,2025-10-12T04:00:00+00:00,0.6379054277672697,SL,-1.0,0.11225738007973095,-1.1122573800797309,5,
DOGE,TREND_PULLBACK,SHORT,27274,27275,2025-10-12T02:30:00+00:00,2025-10-12T02:45:00+00:00,0.18231,0.18723808568932684,0.17491787146600973,0.004928085689326844,1.5,2025-10-12T04:15:00+00:00,0.18723808568932684,SL,-1.0,0.09748460998488588,-1.0974846099848858,6,
AVAX,TREND_PULLBACK,SHORT,27278,27279,2025-10-12T03:30:00+00:00,2025-10-12T03:45:00+00:00,21.102,21.42533340589298,20.61699989116053,0.3233334058929813,1.5,2025-10-12T04:15:00+00:00,21.42533340589298,SL,-1.0,0.17098614748752433,-1.1709861474875243,2,
CRV,TREND_PULLBACK,SHORT,27298,27299,2025-10-12T08:30:00+00:00,2025-10-12T08:45:00+00:00,0.486,0.49623145110376143,0.4706528233443578,0.010231451103761446,1.5,2025-10-12T12:00:00+00:00,0.49623145110376143,SL,-1.0,0.12480154315211998,-1.1248015431521199,13,
FET,TREND_PULLBACK,SHORT,27298,27299,2025-10-12T08:30:00+00:00,2025-10-12T08:45:00+00:00,0.3702,0.378314034216184,0.358028948675724,0.008114034216184007,1.5,2025-10-12T12:30:00+00:00,0.378314034216184,SL,-1.0,0.11992409922800014,-1.1199240992280002,15,
AVAX,TREND_PULLBACK,SHORT,27298,27299,2025-10-12T08:30:00+00:00,2025-10-12T08:45:00+00:00,21.254,21.61220271026111,20.71669593460834,0.35820271026110717,1.5,2025-10-12T14:45:00+00:00,21.61220271026111,SL,-1.0,0.15557130621015863,-1.1555713062101587,24,
ADA,TREND_PULLBACK,SHORT,27299,27300,2025-10-12T08:45:00+00:00,2025-10-12T09:00:00+00:00,0.6433,0.6531702710075113,0.6284945934887329,0.009870271007511366,1.5,2025-10-12T14:45:00+00:00,0.6531702710075113,SL,-1.0,0.17075634002624157,-1.1707563400262415,23,
DOGE,TREND_PULLBACK,SHORT,27299,27300,2025-10-12T08:45:00+00:00,2025-10-12T09:00:00+00:00,0.18863,0.19172276553111098,0.1839908517033335,0.003092765531110986,1.5,2025-10-12T14:45:00+00:00,0.19172276553111098,SL,-1.0,0.15987587491406904,-1.159875874914069,23,
ETH,TREND_PULLBACK,SHORT,27317,27318,2025-10-12T13:15:00+00:00,2025-10-12T13:30:00+00:00,3812.79,3857.9348611717446,3745.0727082423828,45.14486117174465,1.5,2025-10-12T14:45:00+00:00,3857.9348611717446,SL,-1.0,0.22088765056972917,-1.2208876505697293,5,
LINK,TREND_PULLBACK,SHORT,27317,27318,2025-10-12T13:15:00+00:00,2025-10-12T13:30:00+00:00,17.425,17.70683855599192,17.002242166012124,0.28183855599191787,1.5,2025-10-12T14:45:00+00:00,17.70683855599192,SL,-1.0,0.1620480560654703,-1.1620480560654702,5,
FET,TREND_PULLBACK,SHORT,27349,27350,2025-10-12T21:15:00+00:00,2025-10-12T21:30:00+00:00,0.389,0.401738398107067,0.3698924028393995,0.012738398107067006,1.5,2025-10-13T03:30:00+00:00,0.3698924028393995,TP,1.5,0.07744773835761153,1.4225522616423885,24,
XRP,TREND_PULLBACK,SHORT,27353,27354,2025-10-12T22:15:00+00:00,2025-10-12T22:30:00+00:00,2.5241,2.5830662413370704,2.435650637994394,0.058966241337070624,1.5,2025-10-13T06:30:00+00:00,2.5830662413370704,SL,-1.0,0.11259520639590467,-1.1125952063959046,32,
UNI,TREND_PULLBACK,SHORT,27357,27358,2025-10-12T23:15:00+00:00,2025-10-12T23:30:00+00:00,6.589,6.72297404846139,6.388038927307916,0.13397404846138983,1.5,2025-10-13T06:30:00+00:00,6.72297404846139,SL,-1.0,0.12917103320936907,-1.129171033209369,28,
DOGE,TREND_PULLBACK,SHORT,27374,27375,2025-10-13T03:30:00+00:00,2025-10-13T03:45:00+00:00,0.20751,0.2110903087615067,0.20213953685773994,0.0035803087615066953,1.5,2025-10-13T06:30:00+00:00,0.2110903087615067,SL,-1.0,0.15199258992427017,-1.1519925899242702,11,
CRV,TREND_PULLBACK,SHORT,27360,27361,2025-10-13T00:00:00+00:00,2025-10-13T00:15:00+00:00,0.558,0.5764829951017109,0.5302755073474339,0.01848299510171081,1.5,2025-10-13T13:30:00+00:00,0.5764829951017109,SL,-1.0,0.07979377181654464,-1.0797937718165447,53,
AVAX,TREND_PULLBACK,SHORT,27352,27353,2025-10-12T22:00:00+00:00,2025-10-12T22:15:00+00:00,22.581,23.32473933648188,21.46539099527718,0.7437393364818803,1.5,2025-10-13T17:45:00+00:00,23.32473933648188,SL,-1.0,0.08023975364772219,-1.0802397536477222,78,
FET,TREND_PULLBACK,SHORT,27397,27398,2025-10-13T09:15:00+00:00,2025-10-13T09:30:00+00:00,0.3777,0.3885063383712481,0.3614904924431278,0.010806338371248114,1.5,2025-10-14T02:15:00+00:00,0.3614904924431278,TP,1.5,0.08892444481775731,1.4110755551822427,67,
FET,TREND_PULLBACK,SHORT,27523,27524,2025-10-14T16:45:00+00:00,2025-10-14T17:00:00+00:00,0.3268,0.34036787509262234,0.30644818736106644,0.013567875092622361,1.5,2025-10-14T21:15:00+00:00,0.30644818736106644,TP,1.5,0.06067439727662441,1.4393256027233756,17,
DOGE,TREND_PULLBACK,SHORT,27534,27535,2025-10-14T19:30:00+00:00,2025-10-14T19:45:00+00:00,0.20086,0.2065920135435158,0.1922619796847263,0.005732013543515796,1.5,2025-10-15T02:30:00+00:00,0.2065920135435158,SL,-1.0,0.09240864725551234,-1.0924086472555123,27,
LINK,TREND_PULLBACK,SHORT,27556,27557,2025-10-15T01:00:00+00:00,2025-10-15T01:15:00+00:00,18.94,19.240575506110694,18.489136740833963,0.30057550611069317,1.5,2025-10-15T02:30:00+00:00,19.240575506110694,SL,-1.0,0.16513237821735507,-1.165132378217355,5,
AVAX,TREND_PULLBACK,SHORT,27556,27557,2025-10-15T01:00:00+00:00,2025-10-15T01:15:00+00:00,22.599,22.904898445786372,22.140152331320444,0.30589844578637226,1.5,2025-10-15T07:15:00+00:00,22.904898445786372,SL,-1.0,0.19338139436260463,-1.1933813943626046,24,
ADA,TREND_PULLBACK,SHORT,27534,27535,2025-10-14T19:30:00+00:00,2025-10-14T19:45:00+00:00,0.69,0.7094189039568757,0.6608716440646863,0.019418903956875733,1.5,2025-10-15T08:15:00+00:00,0.7094189039568757,SL,-1.0,0.09368420479260833,-1.0936842047926083,50,
ETH,TREND_PULLBACK,SHORT,27534,27535,2025-10-14T19:30:00+00:00,2025-10-14T19:45:00+00:00,4055.24,4160.48025845188,3897.379612322179,105.24025845188044,1.5,2025-10-15T08:15:00+00:00,4160.48025845188,SL,-1.0,0.10148622298253776,-1.1014862229825377,50,
SUI,TREND_PULLBACK,SHORT,27564,27565,2025-10-15T03:00:00+00:00,2025-10-15T03:15:00+00:00,2.8154,2.868876822872909,2.735184765690636,0.053476822872909224,1.5,2025-10-15T08:15:00+00:00,2.868876822872909,SL,-1.0,0.13818247743132572,-1.1381824774313256,20,
LINK,TREND_PULLBACK,SHORT,27581,27582,2025-10-15T07:15:00+00:00,2025-10-15T07:30:00+00:00,18.945,19.219451474924902,18.533322787612647,0.2744514749249021,1.5,2025-10-15T08:30:00+00:00,19.219451474924902,SL,-1.0,0.1807743497497259,-1.1807743497497258,4,
BTC,TREND_PULLBACK,SHORT,27564,27565,2025-10-15T03:00:00+00:00,2025-10-15T03:15:00+00:00,112432.9,113500.1820296144,110831.97695557839,1067.2820296144055,1.5,2025-10-15T13:45:00+00:00,110831.97695557839,TP,1.5,0.2719471817089558,1.2280528182910442,42,
ADA,TREND_PULLBACK,SHORT,27589,27590,2025-10-15T09:15:00+00:00,2025-10-15T09:30:00+00:00,0.6988,0.7105797181229025,0.6811304228156461,0.011779718122902572,1.5,2025-10-15T13:45:00+00:00,0.6811304228156461,TP,1.5000000000000047,0.15228798609132702,1.3477120139086776,17,
DOGE,TREND_PULLBACK,SHORT,27589,27590,2025-10-15T09:15:00+00:00,2025-10-15T09:30:00+00:00,0.20395,0.20736469565961377,0.19882795651057933,0.0034146956596137756,1.5,2025-10-15T13:45:00+00:00,0.19882795651057933,TP,1.5,0.1533405596453586,1.3466594403546415,17,
XRP,TREND_PULLBACK,SHORT,27589,27590,2025-10-15T09:15:00+00:00,2025-10-15T09:30:00+00:00,2.502,2.5354793207217186,2.451781018917422,0.033479320721718775,1.5,2025-10-15T14:45:00+00:00,2.451781018917422,TP,1.4999999999999933,0.1923550175381824,1.3076449824618108,21,
DOGE,TREND_PULLBACK,SHORT,27610,27611,2025-10-15T14:30:00+00:00,2025-10-15T14:45:00+00:00,0.20107,0.20429915861542097,0.19622626207686855,0.003229158615420974,1.5,2025-10-15T17:15:00+00:00,0.19622626207686855,TP,1.4999999999999958,0.1599441842941483,1.3400558157058475,10,
UNI,TREND_PULLBACK,SHORT,27648,27649,2025-10-16T00:00:00+00:00,2025-10-16T00:15:00+00:00,6.549,6.613349283004863,6.452476075492707,0.0643492830048622,1.5,2025-10-16T02:00:00+00:00,6.613349283004863,SL,-1.0,0.2659090089102223,-1.2659090089102223,7,
XRP,TREND_PULLBACK,SHORT,27648,27649,2025-10-16T00:00:00+00:00,2025-10-16T00:15:00+00:00,2.3998,2.426045559066978,2.360431661399533,0.026245559066977897,1.5,2025-10-16T02:00:00+00:00,2.426045559066978,SL,-1.0,0.23903469576613057,-1.2390346957661307,7,
BTC,TREND_PULLBACK,SHORT,27643,27644,2025-10-15T22:45:00+00:00,2025-10-15T23:00:00+00:00,110602.2,111681.6594812889,108983.01077806664,1079.4594812888972,1.5,2025-10-16T03:15:00+00:00,111681.6594812889,SL,-1.0,0.2676978824444994,-1.2676978824444993,17,
AVAX,TREND_PULLBACK,SHORT,27658,27659,2025-10-16T02:30:00+00:00,2025-10-16T02:45:00+00:00,21.901,22.22388294868961,21.416675576965584,0.3228829486896103,1.5,2025-10-16T09:30:00+00:00,21.416675576965584,TP,1.5,0.17440678883352656,1.3255932111664734,27,
DOGE,TREND_PULLBACK,SHORT,27658,27659,2025-10-16T02:30:00+00:00,2025-10-16T02:45:00+00:00,0.19679,0.19991105959524205,0.1921084106071369,0.0031210595952420594,1.5,2025-10-16T09:30:00+00:00,0.1921084106071369,TP,1.5,0.16198599173178163,1.3380140082682184,27,
BTC,TREND_PULLBACK,SHORT,27666,27667,2025-10-16T04:30:00+00:00,2025-10-16T04:45:00+00:00,110935.6,111859.76400708064,109549.35398937906,924.1640070806316,1.5,2025-10-16T09:30:00+00:00,109549.35398937906,TP,1.5,0.31015105326557557,1.1898489467344244,19,
XRP,TREND_PULLBACK,SHORT,27667,27668,2025-10-16T04:45:00+00:00,2025-10-16T05:00:00+00:00,2.4098,2.4384237101266586,2.3668644348100125,0.02862371012665843,1.5,2025-10-16T09:30:00+00:00,2.3668644348100125,TP,1.5,0.21694126085596788,1.2830587391440322,18,
ADA,TREND_PULLBACK,SHORT,27685,27686,2025-10-16T09:15:00+00:00,2025-10-16T09:30:00+00:00,0.6669,0.6766043235344209,0.6523435146983687,0.009704323534420856,1.5,2025-10-16T09:30:00+00:00,0.6523435146983687,TP,1.5000000000000058,0.17672706016290396,1.3232729398371017,0,True
FET,TREND_PULLBACK,SHORT,27662,27663,2025-10-16T03:30:00+00:00,2025-10-16T03:45:00+00:00,0.2912,0.2983482614010318,0.28047760789845233,0.007148261401031808,1.5,2025-10-16T12:30:00+00:00,0.2983482614010318,SL,-1.0,0.10721666386048984,-1.10721666386049,35,
BTC,TREND_PULLBACK,SHORT,27703,27704,2025-10-16T13:45:00+00:00,2025-10-16T14:00:00+00:00,110794.7,111902.6231353471,109132.81529697936,1107.9231353470968,1.5,2025-10-16T15:30:00+00:00,109132.81529697936,TP,1.4999999999999933,0.2580556003973171,1.2419443996026762,6,
LINK,TREND_PULLBACK,SHORT,27703,27704,2025-10-16T13:45:00+00:00,2025-10-16T14:00:00+00:00,18.246,18.590794315591612,17.72880852661258,0.34479431559161355,1.5,2025-10-16T15:45:00+00:00,17.72880852661258,TP,1.5,0.13563811515961627,1.3643618848403838,7,
UNI,TREND_PULLBACK,SHORT,27703,27704,2025-10-16T13:45:00+00:00,2025-10-16T14:00:00+00:00,6.559,6.682110867143052,6.3743336992854225,0.12311086714305208,1.5,2025-10-16T15:45:00+00:00,6.3743336992854225,TP,1.4999999999999964,0.1365706716169445,1.3634293283830519,7,
AVAX,TREND_PULLBACK,SHORT,27707,27708,2025-10-16T14:45:00+00:00,2025-10-16T15:00:00+00:00,21.821,22.293319846349,21.112520230476505,0.4723198463489986,1.5,2025-10-16T15:45:00+00:00,21.112520230476505,TP,1.4999999999999962,0.11816902620343976,1.3818309737965564,3,
ADA,TREND_PULLBACK,SHORT,27707,27708,2025-10-16T14:45:00+00:00,2025-10-16T15:00:00+00:00,0.6687,0.6835461044745362,0.6464308432881956,0.01484610447453627,1.5,2025-10-16T16:00:00+00:00,0.6464308432881956,TP,1.5,0.11515950862443712,1.384840491375563,4,
SUI,TREND_PULLBACK,SHORT,27716,27717,2025-10-16T17:00:00+00:00,2025-10-16T17:15:00+00:00,2.6172,2.6879044631070914,2.511143305339363,0.07070446310709144,1.5,2025-10-16T20:30:00+00:00,2.511143305339363,TP,1.5,0.09429173214770523,1.4057082678522947,13,
AVAX,TREND_PULLBACK,SHORT,27757,27758,2025-10-17T03:15:00+00:00,2025-10-17T03:30:00+00:00,20.916,21.253577694259015,20.40963345861148,0.3375776942590143,1.5,2025-10-17T06:15:00+00:00,20.40963345861148,TP,1.4999999999999947,0.1591435820844681,1.3408564179155267,11,
DOGE,TREND_PULLBACK,SHORT,27716,27717,2025-10-16T17:00:00+00:00,2025-10-16T17:15:00+00:00,0.1919,0.19767365810254448,0.18323951284618326,0.005773658102544488,1.5,2025-10-17T06:30:00+00:00,0.18323951284618326,TP,1.5,0.08446661683779197,1.4155333831622081,53,
LINK,TREND_PULLBACK,SHORT,27716,27717,2025-10-16T17:00:00+00:00,2025-10-16T17:15:00+00:00,17.82,18.317216030408996,17.074175954386504,0.4972160304089961,1.5,2025-10-17T06:30:00+00:00,17.074175954386504,TP,1.5000000000000036,0.09123283636569114,1.4087671636343124,53,
FET,TREND_PULLBACK,SHORT,27752,27753,2025-10-17T02:00:00+00:00,2025-10-17T02:15:00+00:00,0.2744,0.2797650421699316,0.26635243674510256,0.005365042169931611,1.5,2025-10-17T06:30:00+00:00,0.26635243674510256,TP,1.5,0.13102938346104262,1.3689706165389575,17,
ADA,TREND_PULLBACK,SHORT,27764,27765,2025-10-17T05:00:00+00:00,2025-10-17T05:15:00+00:00,0.646,0.6543998826809513,0.6334001759785731,0.008399882680951265,1.5,2025-10-17T06:30:00+00:00,0.6334001759785731,TP,1.5,0.19800517363699532,1.3019948263630048,5,
BTC,TREND_PULLBACK,SHORT,27798,27799,2025-10-17T13:30:00+00:00,2025-10-17T13:45:00+00:00,105279.8,106674.41682584335,103187.87476123498,1394.6168258433463,1.5,2025-10-17T15:45:00+00:00,106674.41682584335,SL,-1.0,0.19757432777779144,-1.1975743277777915,8,
ADA,TREND_PULLBACK,SHORT,27798,27799,2025-10-17T13:30:00+00:00,2025-10-17T13:45:00+00:00,0.6146,0.627503161104461,0.5952452583433085,0.012903161104460992,1.5,2025-10-17T16:00:00+00:00,0.627503161104461,SL,-1.0,0.1251425209964665,-1.1251425209964665,9,
AVAX,TREND_PULLBACK,SHORT,27798,27799,2025-10-17T13:30:00+00:00,2025-10-17T13:45:00+00:00,19.688,20.109665473328764,19.05550179000685,0.42166547332876547,1.5,2025-10-17T16:00:00+00:00,20.109665473328764,SL,-1.0,0.12269670719515836,-1.1226967071951583,9,
LINK,TREND_PULLBACK,SHORT,27798,27799,2025-10-17T13:30:00+00:00,2025-10-17T13:45:00+00:00,16.409,16.790214640658544,15.837178039012182,0.3812146406585448,1.5,2025-10-17T16:00:00+00:00,16.790214640658544,SL,-1.0,0.11321437959019454,-1.1132143795901945,9,
SOL,TREND_PULLBACK,SHORT,27798,27799,2025-10-17T13:30:00+00:00,2025-10-17T13:45:00+00:00,179.03,183.858973638286,171.786539542571,4.828973638285987,1.5,2025-10-17T16:00:00+00:00,183.858973638286,SL,-1.0,0.09769273992086203,-1.097692739920862,9,
DOGE,TREND_PULLBACK,SHORT,27837,27838,2025-10-17T23:15:00+00:00,2025-10-17T23:30:00+00:00,0.1848,0.1875668871373528,0.18064966929397075,0.002766887137352819,1.5,2025-10-18T01:15:00+00:00,0.1875668871373528,SL,-1.0,0.17495363173421397,-1.174953631734214,7,
FET,TREND_PULLBACK,SHORT,27840,27841,2025-10-18T00:00:00+00:00,2025-10-18T00:15:00+00:00,0.2676,0.2723075148129362,0.2605387277805957,0.0047075148129361866,1.5,2025-10-18T01:15:00+00:00,0.2723075148129362,SL,-1.0,0.1490977293004073,-1.1490977293004072,4,
XRP,TREND_PULLBACK,SHORT,27836,27837,2025-10-17T23:00:00+00:00,2025-10-17T23:15:00+00:00,2.3034,2.337494810246411,2.2522577846303835,0.03409481024641092,1.5,2025-10-18T02:00:00+00:00,2.337494810246411,SL,-1.0,0.17695253939579939,-1.1769525393957994,11,
FET,TREND_PULLBACK,SHORT,27848,27849,2025-10-18T02:00:00+00:00,2025-10-18T02:15:00+00:00,0.2689,0.27367324123954917,0.2617401381406762,0.0047732412395491974,1.5,2025-10-18T04:30:00+00:00,0.2617401381406762,TP,1.4999999999999942,0.14452070301144665,1.3554792969885476,9,
SOL,TREND_PULLBACK,SHORT,27822,27823,2025-10-17T19:30:00+00:00,2025-10-17T19:45:00+00:00,181.8,186.10096425486492,175.34855361770263,4.300964254864908,1.5,2025-10-18T06:45:00+00:00,186.10096425486492,SL,-1.0,0.11120093662493055,-1.1112009366249305,44,
XRP,TREND_PULLBACK,SHORT,27858,27859,2025-10-18T04:30:00+00:00,2025-10-18T04:45:00+00:00,2.32,2.3465794161580753,2.280130875762887,0.026579416158075464,1.5,2025-10-18T06:45:00+00:00,2.3465794161580753,SL,-1.0,0.22824253192492847,-1.2282425319249284,8,
AVAX,TREND_PULLBACK,SHORT,27834,27835,2025-10-17T22:30:00+00:00,2025-10-17T22:45:00+00:00,20.014,20.38520950455406,19.45718574316891,0.3712095045540593,1.5,2025-10-18T07:00:00+00:00,20.38520950455406,SL,-1.0,0.1414806779234068,-1.1414806779234068,33,
BTC,TREND_PULLBACK,SHORT,27850,27851,2025-10-18T02:30:00+00:00,2025-10-18T02:45:00+00:00,106557.5,107325.6734976653,105405.23975350206,768.1734976652951,1.5,2025-10-18T07:00:00+00:00,107325.6734976653,SL,-1.0,0.36196006031454453,-1.3619600603145445,17,
UNI,TREND_PULLBACK,SHORT,27848,27849,2025-10-18T02:00:00+00:00,2025-10-18T02:15:00+00:00,6.158,6.226734737664586,6.054897893503123,0.06873473766458549,1.5,2025-10-18T08:45:00+00:00,6.054897893503123,TP,1.4999999999999936,0.2309860748873465,1.269013925112647,26,
SUI,TREND_PULLBACK,SHORT,27871,27872,2025-10-18T07:45:00+00:00,2025-10-18T08:00:00+00:00,2.4423,2.487104078426464,2.3750938823603036,0.044804078426464056,1.5,2025-10-18T12:00:00+00:00,2.487104078426464,SL,-1.0,0.14302772263181535,-1.1430277226318153,16,
FET,TREND_PULLBACK,SHORT,27869,27870,2025-10-18T07:15:00+00:00,2025-10-18T07:30:00+00:00,0.2616,0.2668051076863602,0.25379233847045973,0.0052051076863601775,1.5,2025-10-18T16:15:00+00:00,0.25379233847045973,TP,1.5,0.128721648116395,1.371278351883605,35,
DOGE,TREND_PULLBACK,SHORT,27904,27905,2025-10-18T16:00:00+00:00,2025-10-18T16:15:00+00:00,0.18691,0.18841313941141355,0.18465529088287966,0.0015031394114135566,1.5,2025-10-18T17:15:00+00:00,0.18841313941141355,SL,-1.0,0.32460068409489456,-1.3246006840948945,4,
BTC,TREND_PULLBACK,SHORT,27871,27872,2025-10-18T07:45:00+00:00,2025-10-18T08:00:00+00:00,106648.2,107391.18942327806,105533.7158650829,742.9894232780644,1.5,2025-10-19T08:00:00+00:00,106784.7,TIME,-0.18371728550019314,0.3734410764231826,-0.5571583619233758,96,
LINK,TREND_PULLBACK,SHORT,27871,27872,2025-10-18T07:45:00+00:00,2025-10-18T08:00:00+00:00,16.697,16.98529556171879,16.264556657421814,0.28829556171879034,1.5,2025-10-19T08:00:00+00:00,16.795,TIME,-0.33992892369114525,0.15102417720349598,-0.4909531008946412,96,
FET,TREND_PULLBACK,SHORT,27968,27969,2025-10-19T08:00:00+00:00,2025-10-19T08:15:00+00:00,0.2571,0.2596260497502203,0.25331092537466954,0.002526049750220305,1.5,2025-10-19T08:15:00+00:00,0.2596260497502203,SL,-1.0,0.26592661708927207,-1.265926617089272,0,True
SUI,TREND_PULLBACK,SHORT,27968,27969,2025-10-19T08:00:00+00:00,2025-10-19T08:15:00+00:00,2.481,2.5047068744981402,2.4454396882527893,0.02370687449814035,1.5,2025-10-19T08:15:00+00:00,2.5047068744981402,SL,-1.0,0.2733982894858623,-1.2733982894858622,0,True
AVAX,TREND_PULLBACK,SHORT,27883,27884,2025-10-18T10:45:00+00:00,2025-10-18T11:00:00+00:00,20.151,20.398202826541368,19.780195760187947,0.24720282654136838,1.5,2025-10-19T09:00:00+00:00,19.780195760187947,TP,1.5,0.2099917513667964,1.2900082486332036,88,
XRP,TREND_PULLBACK,SHORT,27923,27924,2025-10-18T20:45:00+00:00,2025-10-18T21:00:00+00:00,2.3577,2.379537102160313,2.32494434675953,0.021837102160313204,1.5,2025-10-19T09:00:00+00:00,2.32494434675953,TP,1.5000000000000102,0.27876581819774193,1.2212341818022683,48,
UNI,TREND_PULLBACK,SHORT,27970,27971,2025-10-19T08:30:00+00:00,2025-10-19T08:45:00+00:00,5.977,6.055432009786049,5.859351985320927,0.0784320097860487,1.5,2025-10-19T09:45:00+00:00,6.055432009786049,SL,-1.0,0.199435940190637,-1.199435940190637,4,
ADA,TREND_PULLBACK,SHORT,27892,27893,2025-10-18T13:00:00+00:00,2025-10-18T13:15:00+00:00,0.6334,0.6411697455967514,0.6217453816048728,0.007769745596751476,1.5,2025-10-19T10:15:00+00:00,0.6411697455967514,SL,-1.0,0.21325545973712992,-1.21325545973713,84,
FET,TREND_PULLBACK,SHORT,28182,28183,2025-10-21T13:30:00+00:00,2025-10-21T13:45:00+00:00,0.2608,0.2660276602293,0.25295850965604993,0.005227660229300046,1.5,2025-10-21T14:00:00+00:00,0.2660276602293,SL,-1.0,0.13101003666219352,-1.1310100366621936,1,
FET,TREND_PULLBACK,SHORT,28256,28257,2025-10-22T08:00:00+00:00,2025-10-22T08:15:00+00:00,0.2452,0.24983609266379317,0.23824586100431025,0.004636092663793168,1.5,2025-10-22T09:45:00+00:00,0.23824586100431025,TP,1.5,0.13556235064365443,1.3644376493563455,6,
AVAX,TREND_PULLBACK,SHORT,28260,28261,2025-10-22T09:00:00+00:00,2025-10-22T09:15:00+00:00,19.497,19.739893952255493,19.13265907161676,0.2428939522554927,1.5,2025-10-22T11:00:00+00:00,19.13265907161676,TP,1.5,0.20675095582568653,1.2932490441743134,7,
FET,TREND_PULLBACK,SHORT,28269,28270,2025-10-22T11:15:00+00:00,2025-10-22T11:30:00+00:00,0.2415,0.24560417670153545,0.2353437349476968,0.004104176701535456,1.5,2025-10-22T13:45:00+00:00,0.24560417670153545,SL,-1.0,0.15429048887565924,-1.1542904888756593,9,
AVAX,TREND_PULLBACK,SHORT,28280,28281,2025-10-22T14:00:00+00:00,2025-10-22T14:15:00+00:00,19.496,19.76802160547738,19.08796759178393,0.27202160547738075,1.5,2025-10-22T19:45:00+00:00,19.08796759178393,TP,1.4999999999999936,0.18439402186930318,1.3156059781306904,22,
FET,TREND_PULLBACK,SHORT,28282,28283,2025-10-22T14:30:00+00:00,2025-10-22T14:45:00+00:00,0.2417,0.24785526224318505,0.2324671066352224,0.00615526224318505,1.5,2025-10-22T21:00:00+00:00,0.2324671066352224,TP,1.5000000000000022,0.10014475651435822,1.399855243485644,25,
FET,TREND_PULLBACK,SHORT,28339,28340,2025-10-23T04:45:00+00:00,2025-10-23T05:00:00+00:00,0.2335,0.23731453690218524,0.22777819464672217,0.0038145369021852227,1.5,2025-10-23T06:15:00+00:00,0.23731453690218524,SL,-1.0,0.16045431297891297,-1.1604543129789129,5,
FET,TREND_PULLBACK,SHORT,28378,28379,2025-10-23T14:30:00+00:00,2025-10-23T14:45:00+00:00,0.2458,0.25063502817827926,0.23854745773258107,0.0048350281782792714,1.5,2025-10-23T16:30:00+00:00,0.25063502817827926,SL,-1.0,0.1334770993747219,-1.1334770993747219,7,
AVAX,TREND_PULLBACK,SHORT,28364,28365,2025-10-23T11:00:00+00:00,2025-10-23T11:15:00+00:00,19.474,19.63045021734579,19.239324673981315,0.1564502173457889,1.5,2025-10-23T16:45:00+00:00,19.63045021734579,SL,-1.0,0.32493266001792387,-1.3249326600179239,22,
AVAX,TREND_PULLBACK,SHORT,28470,28471,2025-10-24T13:30:00+00:00,2025-10-24T13:45:00+00:00,19.514,19.778951995820293,19.116572006269557,0.2649519958202937,1.5,2025-10-24T16:30:00+00:00,19.116572006269557,TP,1.5000000000000067,0.1895428017164757,1.310457198283531,11,
AVAX,TREND_PULLBACK,SHORT,28536,28537,2025-10-25T06:00:00+00:00,2025-10-25T06:15:00+00:00,19.338,19.442673637638897,19.180989543541656,0.10467363763889637,1.5,2025-10-25T07:30:00+00:00,19.442673637638897,SL,-1.0,0.4816387092885035,-1.4816387092885035,5,
AVAX,TREND_PULLBACK,SHORT,28551,28552,2025-10-25T09:45:00+00:00,2025-10-25T10:00:00+00:00,19.327,19.46462610905488,19.120560836417685,0.13762610905487804,1.5,2025-10-25T12:15:00+00:00,19.46462610905488,SL,-1.0,0.36642112668943416,-1.3664211266894342,9,
SUI,TREND_PULLBACK,SHORT,29119,29120,2025-10-31T07:45:00+00:00,2025-10-31T08:00:00+00:00,2.3372,2.3657914440401835,2.294312833939725,0.028591444040183323,1.5,2025-10-31T10:15:00+00:00,2.3657914440401835,SL,-1.0,0.21383630951481794,-1.213836309514818,9,
UNI,TREND_PULLBACK,SHORT,29115,29116,2025-10-31T06:45:00+00:00,2025-10-31T07:00:00+00:00,5.889,5.963825649177642,5.776761526233537,0.074825649177642,1.5,2025-10-31T11:00:00+00:00,5.776761526233537,TP,1.5,0.20267769342167055,1.2973223065783295,16,
ETH,TREND_PULLBACK,SHORT,29112,29113,2025-10-31T06:00:00+00:00,2025-10-31T06:15:00+00:00,3833.71,3877.5024081698566,3768.021387745215,43.79240816985657,1.5,2025-10-31T11:45:00+00:00,3877.5024081698566,SL,-1.0,0.22891127822289947,-1.2289112782228995,22,
AVAX,TREND_PULLBACK,SHORT,29118,29119,2025-10-31T07:30:00+00:00,2025-10-31T07:45:00+00:00,18.267,18.510648577660696,17.901527133508957,0.24364857766069647,1.5,2025-10-31T11:45:00+00:00,18.510648577660696,SL,-1.0,0.19622910837402932,-1.1962291083740293,16,
UNI,TREND_PULLBACK,SHORT,29136,29137,2025-10-31T12:00:00+00:00,2025-10-31T12:15:00+00:00,5.798,5.8688539318758215,5.691719102186267,0.07085393187582145,1.5,2025-10-31T16:15:00+00:00,5.691719102186267,TP,1.5000000000000062,0.2108088349849107,1.2891911650150956,16,
CRV,TREND_PULLBACK,SHORT,29096,29097,2025-10-31T02:00:00+00:00,2025-10-31T02:15:00+00:00,0.491,0.502750712301184,0.47337393154822405,0.011750712301183963,1.5,2025-10-31T16:45:00+00:00,0.47337393154822405,TP,1.5,0.1066902225907083,1.3933097774092917,58,
LINK,TREND_PULLBACK,SHORT,29138,29139,2025-10-31T12:30:00+00:00,2025-10-31T12:45:00+00:00,17.215,17.45287165741874,16.85819251387189,0.23787165741874006,1.5,2025-10-31T16:45:00+00:00,16.85819251387189,TP,1.4999999999999925,0.18621449376820035,1.313785506231792,16,
ADA,TREND_PULLBACK,SHORT,29139,29140,2025-10-31T12:45:00+00:00,2025-10-31T13:00:00+00:00,0.6113,0.619617800043655,0.5988232999345174,0.00831780004365501,1.5,2025-10-31T17:15:00+00:00,0.5988232999345174,TP,1.5,0.18913177542839732,1.3108682245716028,17,
ETH,TREND_PULLBACK,SHORT,29138,29139,2025-10-31T12:30:00+00:00,2025-10-31T12:45:00+00:00,3844.4,3888.4056649920735,3778.39150251189,44.005664992073434,1.5,2025-10-31T19:30:00+00:00,3888.4056649920735,SL,-1.0,0.22843984669474804,-1.228439846694748,27,
AVAX,TREND_PULLBACK,SHORT,29184,29185,2025-11-01T00:00:00+00:00,2025-11-01T00:15:00+00:00,18.122,18.300302303652888,17.854546544520666,0.17830230365288813,1.5,2025-11-01T02:45:00+00:00,18.300302303652888,SL,-1.0,0.2655545779538883,-1.2655545779538884,10,
SUI,TREND_PULLBACK,SHORT,29184,29185,2025-11-01T00:00:00+00:00,2025-11-01T00:15:00+00:00,2.3526,2.3801746279251095,2.3112380581123353,0.027574627925109674,1.5,2025-11-01T03:30:00+00:00,2.3801746279251095,SL,-1.0,0.22312565859501696,-1.223125658595017,13,
ETH,TREND_PULLBACK,SHORT,29190,29191,2025-11-01T01:30:00+00:00,2025-11-01T01:45:00+00:00,3845.99,3867.632474199287,3813.5262887010686,21.642474199287335,1.5,2025-11-01T04:00:00+00:00,3867.632474199287,SL,-1.0,0.46333469658424153,-1.4633346965842415,9,
SUI,TREND_PULLBACK,SHORT,29207,29208,2025-11-01T05:45:00+00:00,2025-11-01T06:00:00+00:00,2.356,2.3823509618585663,2.3164735572121504,0.026350961858566446,1.5,2025-11-01T07:15:00+00:00,2.3823509618585663,SL,-1.0,0.23376210263131728,-1.2337621026313172,5,
LINK,TREND_PULLBACK,SHORT,29184,29185,2025-11-01T00:00:00+00:00,2025-11-01T00:15:00+00:00,17.15,17.377634404887473,16.808548392668786,0.22763440488747477,1.5,2025-11-01T08:45:00+00:00,17.377634404887473,SL,-1.0,0.19718427339022815,-1.1971842733902283,34,
UNI,TREND_PULLBACK,SHORT,29204,29205,2025-11-01T05:00:00+00:00,2025-11-01T05:15:00+00:00,5.764,5.820098244865282,5.679852632702078,0.056098244865281366,1.5,2025-11-01T08:45:00+00:00,5.820098244865282,SL,-1.0,0.26844561277254736,-1.2684456127725474,14,
ETH,TREND_PULLBACK,SHORT,29207,29208,2025-11-01T05:45:00+00:00,2025-11-01T06:00:00+00:00,3853.97,3874.073434748702,3823.8148478769467,20.103434748702057,1.5,2025-11-01T08:45:00+00:00,3874.073434748702,SL,-1.0,0.49973830794371815,-1.499738307943718,11,
CRV,TREND_PULLBACK,SHORT,29184,29185,2025-11-01T00:00:00+00:00,2025-11-01T00:15:00+00:00,0.478,0.4866195359069466,0.46507069613958,0.00861953590694664,1.5,2025-11-01T13:30:00+00:00,0.4866195359069466,SL,-1.0,0.14548409684892719,-1.1454840968489273,53,
SOL,TREND_PULLBACK,SHORT,29222,29223,2025-11-01T09:30:00+00:00,2025-11-01T09:45:00+00:00,185.7,187.0341025180234,183.6988462229649,1.3341025180233999,1.5,2025-11-01T14:15:00+00:00,183.6988462229649,TP,1.4999999999999893,0.3599562204569885,1.1400437795430007,18,
UNI,TREND_PULLBACK,SHORT,29238,29239,2025-11-01T13:30:00+00:00,2025-11-01T13:45:00+00:00,5.825,5.886713015791716,5.732430476312427,0.06171301579171562,1.5,2025-11-01T16:30:00+00:00,5.886713015791716,SL,-1.0,0.24671014250729698,-1.246710142507297,11,
DOGE,TREND_PULLBACK,SHORT,29222,29223,2025-11-01T09:30:00+00:00,2025-11-01T09:45:00+00:00,0.18668,0.18811353726879984,0.18452969409680026,0.0014335372687998282,1.5,2025-11-01T20:30:00+00:00,0.18811353726879984,SL,-1.0,0.3398806637635274,-1.3398806637635274,43,
CRV,TREND_PULLBACK,SHORT,29245,29246,2025-11-01T15:15:00+00:00,2025-11-01T15:30:00+00:00,0.478,0.4893676061120453,0.46094859083193207,0.011367606112045292,1.5,2025-11-01T20:30:00+00:00,0.4893676061120453,SL,-1.0,0.1106282075179496,-1.1106282075179497,20,
AVAX,TREND_PULLBACK,SHORT,29238,29239,2025-11-01T13:30:00+00:00,2025-11-01T13:45:00+00:00,18.55,18.75129028240429,18.248064576393567,0.20129028240429037,1.5,2025-11-02T02:00:00+00:00,18.75129028240429,SL,-1.0,0.24090421449024713,-1.2409042144902471,49,
XRP,TREND_PULLBACK,SHORT,29214,29215,2025-11-01T07:30:00+00:00,2025-11-01T07:45:00+00:00,2.5002,2.5185182001237587,2.472722699814362,0.018318200123758732,1.5,2025-11-02T04:30:00+00:00,2.5185182001237587,SL,-1.0,0.3561667421516384,-1.3561667421516383,83,
DOGE,TREND_PULLBACK,SHORT,29281,29282,2025-11-02T00:15:00+00:00,2025-11-02T00:30:00+00:00,0.18661,0.18776813740035453,0.1848727938994682,0.0011581374003545308,1.5,2025-11-02T04:45:00+00:00,0.18776813740035453,SL,-1.0,0.42023647493939326,-1.4202364749393932,17,
ADA,TREND_PULLBACK,SHORT,29252,29253,2025-11-01T17:00:00+00:00,2025-11-01T17:15:00+00:00,0.611,0.6163458542952585,0.6029812185571123,0.0053458542952584676,1.5,2025-11-02T06:45:00+00:00,0.6163458542952585,SL,-1.0,0.298464851913195,-1.298464851913195,54,
SUI,TREND_PULLBACK,SHORT,29280,29281,2025-11-02T00:00:00+00:00,2025-11-02T00:15:00+00:00,2.3702,2.386753936757475,2.3453690948637878,0.01655393675747474,1.5,2025-11-02T07:45:00+00:00,2.386753936757475,SL,-1.0,0.3735691520624171,-1.3735691520624171,30,
CRV,TREND_PULLBACK,SHORT,29304,29305,2025-11-02T06:00:00+00:00,2025-11-02T06:15:00+00:00,0.478,0.48537829639639746,0.4669325554054038,0.007378296396397477,1.5,2025-11-02T07:45:00+00:00,0.48537829639639746,SL,-1.0,0.16973996679325717,-1.169739966793257,6,
LINK,TREND_PULLBACK,SHORT,29320,29321,2025-11-02T10:00:00+00:00,2025-11-02T10:15:00+00:00,17.418,17.621522986096146,17.11271552085578,0.2035229860961465,1.5,2025-11-02T11:45:00+00:00,17.621522986096146,SL,-1.0,0.223814423892179,-1.223814423892179,6,
SOL,TREND_PULLBACK,SHORT,29318,29319,2025-11-02T09:30:00+00:00,2025-11-02T09:45:00+00:00,186.56,188.20512947179893,184.0923057923016,1.6451294717989242,1.5,2025-11-02T13:15:00+00:00,184.0923057923016,TP,1.5000000000000087,0.2928936632586726,1.2071063367413362,14,
UNI,TREND_PULLBACK,SHORT,29315,29316,2025-11-02T08:45:00+00:00,2025-11-02T09:00:00+00:00,5.869,5.9219684206364125,5.789547369045381,0.052968420636412716,1.5,2025-11-02T14:00:00+00:00,5.789547369045381,TP,1.5,0.28613485917947207,1.2138651408205279,20,
ETH,TREND_PULLBACK,SHORT,29364,29365,2025-11-02T21:00:00+00:00,2025-11-02T21:15:00+00:00,3849.83,3869.624464697304,3820.138302954044,19.794464697304193,1.5,2025-11-02T23:00:00+00:00,3869.624464697304,SL,-1.0,0.5069745990894718,-1.5069745990894718,7,
CRV,TREND_PULLBACK,SHORT,29370,29371,2025-11-02T22:30:00+00:00,2025-11-02T22:45:00+00:00,0.463,0.47024979237633097,0.4521253114355036,0.0072497923763309435,1.5,2025-11-02T23:00:00+00:00,0.47024979237633097,SL,-1.0,0.16734613449761063,-1.1673461344976106,1,
SOL,TREND_PULLBACK,SHORT,29370,29371,2025-11-02T22:30:00+00:00,2025-11-02T22:45:00+00:00,184.56,186.21402836525354,182.0789574521197,1.654028365253538,1.5,2025-11-02T23:00:00+00:00,186.21402836525354,SL,-1.0,0.2914135253061064,-1.2914135253061065,1,
SUI,TREND_PULLBACK,SHORT,29370,29371,2025-11-02T22:30:00+00:00,2025-11-02T22:45:00+00:00,2.3103,2.3370916264652144,2.270112560302178,0.026791626465214602,1.5,2025-11-02T23:00:00+00:00,2.3370916264652144,SL,-1.0,0.22550363346730787,-1.225503633467308,1,
UNI,TREND_PULLBACK,SHORT,29370,29371,2025-11-02T22:30:00+00:00,2025-11-02T22:45:00+00:00,5.759,5.8189710874106915,5.669043368883964,0.059971087410691126,1.5,2025-11-02T23:00:00+00:00,5.8189710874106915,SL,-1.0,0.2509769801331078,-1.2509769801331079,1,
ADA,TREND_PULLBACK,SHORT,29379,29380,2025-11-03T00:45:00+00:00,2025-11-03T01:00:00+00:00,0.6022,0.6098514193014393,0.5907228710478409,0.007651419301439311,1.5,2025-11-03T02:15:00+00:00,0.5907228710478409,TP,1.5000000000000073,0.20268131587958743,1.2973186841204198,5,
ETH,TREND_PULLBACK,SHORT,29379,29380,2025-11-03T00:45:00+00:00,2025-11-03T01:00:00+00:00,3863.31,3900.449276091654,3807.6010858625186,37.13927609165421,1.5,2025-11-03T02:30:00+00:00,3807.6010858625186,TP,1.5,0.2685077756230737,1.2314922243769262,6,
LINK,TREND_PULLBACK,SHORT,29379,29380,2025-11-03T00:45:00+00:00,2025-11-03T01:00:00+00:00,17.267,17.561868343406662,16.824697484890006,0.29486834340666235,1.5,2025-11-03T02:30:00+00:00,16.824697484890006,TP,1.5,0.15030167775329809,1.3496983222467018,6,
SUI,TREND_PULLBACK,SHORT,29379,29380,2025-11-03T00:45:00+00:00,2025-11-03T01:00:00+00:00,2.3166,2.3525057335608164,2.262741399658776,0.035905733560816167,1.5,2025-11-03T02:30:00+00:00,2.262741399658776,TP,1.5,0.16579925346666805,1.3342007465333319,6,
CRV,TREND_PULLBACK,SHORT,29379,29380,2025-11-03T00:45:00+00:00,2025-11-03T01:00:00+00:00,0.467,0.4779474607146913,0.4505788089279631,0.01094746071469127,1.5,2025-11-03T03:00:00+00:00,0.4505788089279631,TP,1.5000000000000024,0.10896156494131723,1.3910384350586853,8,
CRV,TREND_PULLBACK,SHORT,29428,29429,2025-11-03T13:00:00+00:00,2025-11-03T13:15:00+00:00,0.439,0.4501907016943691,0.42221394745844637,0.011190701694369087,1.5,2025-11-03T15:15:00+00:00,0.42221394745844637,TP,1.5,0.1000453914573853,1.3999546085426147,8,
ADA,TREND_PULLBACK,SHORT,29434,29435,2025-11-03T14:30:00+00:00,2025-11-03T14:45:00+00:00,0.5735,0.5826040964967499,0.5598438552548751,0.009104096496749925,1.5,2025-11-03T15:15:00+00:00,0.5598438552548751,TP,1.5,0.1618334133823503,1.3381665866176498,2,
AVAX,TREND_PULLBACK,SHORT,29434,29435,2025-11-03T14:30:00+00:00,2025-11-03T14:45:00+00:00,17.371,17.688819497517695,16.894270753723454,0.31781949751769645,1.5,2025-11-03T15:15:00+00:00,16.894270753723454,TP,1.5,0.1401577068988985,1.3598422931011016,2,
DOGE,TREND_PULLBACK,SHORT,29434,29435,2025-11-03T14:30:00+00:00,2025-11-03T14:45:00+00:00,0.17401,0.17640816299078857,0.17041275551381713,0.0023981629907885715,1.5,2025-11-03T15:15:00+00:00,0.17041275551381713,TP,1.5000000000000058,0.18670523391770455,1.3132947660823011,2,
ETH,TREND_PULLBACK,SHORT,29436,29437,2025-11-03T15:00:00+00:00,2025-11-03T15:15:00+00:00,3708.58,3761.0887051884197,3629.8169422173705,52.50870518841975,1.5,2025-11-03T15:15:00+00:00,3629.8169422173705,TP,1.4999999999999956,0.18168256083729353,1.318317439162702,0,True
SOL,TREND_PULLBACK,SHORT,29436,29437,2025-11-03T15:00:00+00:00,2025-11-03T15:15:00+00:00,175.12,177.53762131317077,171.49356803024386,2.41762131317077,1.5,2025-11-03T15:15:00+00:00,171.49356803024386,TP,1.4999999999999942,0.18638057001919262,1.3136194299808017,0,True
SUI,TREND_PULLBACK,SHORT,29436,29437,2025-11-03T15:00:00+00:00,2025-11-03T15:15:00+00:00,2.1585,2.200475490585858,2.095536764121213,0.04197549058585803,1.5,2025-11-03T15:15:00+00:00,2.095536764121213,TP,1.5,0.1317494498854237,1.3682505501145763,0,True
UNI,TREND_PULLBACK,SHORT,29436,29437,2025-11-03T15:00:00+00:00,2025-11-03T15:15:00+00:00,5.354,5.456930439774955,5.199604340337568,0.10293043977495486,1.5,2025-11-03T15:15:00+00:00,5.199604340337568,TP,1.5,0.13329084838688435,1.3667091516131156,0,True
ADA,TREND_PULLBACK,SHORT,29472,29473,2025-11-04T00:00:00+00:00,2025-11-04T00:15:00+00:00,0.5506,0.5559769329585381,0.5425346005621927,0.005376932958538139,1.5,2025-11-04T00:30:00+00:00,0.5559769329585381,SL,-1.0,0.26754099854672675,-1.2675409985467267,1,
SOL,TREND_PULLBACK,SHORT,29489,29490,2025-11-04T04:15:00+00:00,2025-11-04T04:30:00+00:00,165.99,168.85982515334422,161.6852622699837,2.869825153344209,1.5,2025-11-04T05:15:00+00:00,161.6852622699837,TP,1.5,0.14843337771103812,1.351566622288962,3,
BNB,TREND_PULLBACK,SHORT,29490,29491,2025-11-04T04:30:00+00:00,2025-11-04T04:45:00+00:00,989.85,1003.664857515014,969.1277137274791,13.814857515013955,1.5,2025-11-04T05:15:00+00:00,969.1277137274791,TP,1.5,0.1843429094420993,1.3156570905579006,2,
LINK,TREND_PULLBACK,SHORT,29490,29491,2025-11-04T04:30:00+00:00,2025-11-04T04:45:00+00:00,15.267,15.578007842267946,14.800488236598081,0.3110078422679461,1.5,2025-11-04T05:30:00+00:00,14.800488236598081,TP,1.4999999999999971,0.12568086522365507,1.374319134776342,3,
UNI,TREND_PULLBACK,SHORT,29507,29508,2025-11-04T08:45:00+00:00,2025-11-04T09:00:00+00:00,5.119,5.2060712271891525,4.988393159216271,0.08707122718915272,1.5,2025-11-04T11:00:00+00:00,5.2060712271891525,SL,-1.0,0.15415646509939251,-1.1541564650993925,8,
LINK,TREND_PULLBACK,SHORT,29522,29523,2025-11-04T12:30:00+00:00,2025-11-04T12:45:00+00:00,14.84,15.213091217225672,14.28036317416149,0.3730912172256726,1.5,2025-11-04T14:45:00+00:00,15.213091217225672,SL,-1.0,0.10471706858422666,-1.1047170685842267,8,
SOL,TREND_PULLBACK,SHORT,29525,29526,2025-11-04T13:15:00+00:00,2025-11-04T13:30:00+00:00,160.59,163.22267853982316,156.64098219026528,2.6326785398231607,1.5,2025-11-04T14:45:00+00:00,163.22267853982316,SL,-1.0,0.15989665116123375,-1.1598966511612336,5,
SUI,TREND_PULLBACK,SHORT,29525,29526,2025-11-04T13:15:00+00:00,2025-11-04T13:30:00+00:00,2.0259,2.0760978679429236,1.9506031980856147,0.05019786794292358,1.5,2025-11-04T14:45:00+00:00,2.0760978679429236,SL,-1.0,0.1062315482081653,-1.1062315482081653,5,
BTC,TREND_PULLBACK,SHORT,29532,29533,2025-11-04T15:00:00+00:00,2025-11-04T15:15:00+00:00,104038.9,105117.50950476134,102420.98574285797,1078.609504761349,1.5,2025-11-04T16:45:00+00:00,102420.98574285797,TP,1.5,0.24883690555378568,1.2511630944462144,6,
ADA,TREND_PULLBACK,SHORT,29535,29536,2025-11-04T15:45:00+00:00,2025-11-04T16:00:00+00:00,0.5424,0.5561026282407473,0.521846057638879,0.013702628240747305,1.5,2025-11-04T17:00:00+00:00,0.521846057638879,TP,1.5,0.10096748234155473,1.3990325176584453,4,
AVAX,TREND_PULLBACK,SHORT,29535,29536,2025-11-04T15:45:00+00:00,2025-11-04T16:00:00+00:00,16.415,16.827142777114737,15.796785834327892,0.4121427771147381,1.5,2025-11-04T17:00:00+00:00,15.796785834327892,TP,1.5,0.10160391958772194,1.3983960804122781,4,
BNB,TREND_PULLBACK,SHORT,29535,29536,2025-11-04T15:45:00+00:00,2025-11-04T16:00:00+00:00,950.23,971.029462543626,919.030806184561,20.799462543625964,1.5,2025-11-04T17:00:00+00:00,919.030806184561,TP,1.5000000000000027,0.11683181923297434,1.3831681807670284,4,
DOGE,TREND_PULLBACK,SHORT,29535,29536,2025-11-04T15:45:00+00:00,2025-11-04T16:00:00+00:00,0.16387,0.1685112694817718,0.15690809577734227,0.00464126948177182,1.5,2025-11-04T17:00:00+00:00,0.15690809577734227,TP,1.4999999999999971,0.08984859124175427,1.4101514087582427,4,
CRV,TREND_PULLBACK,SHORT,29538,29539,2025-11-04T16:30:00+00:00,2025-11-04T16:45:00+00:00,0.418,0.43362866031302433,0.39455700953046347,0.015628660313024345,1.5,2025-11-04T20:15:00+00:00,0.39455700953046347,TP,1.5,0.0675889098126537,1.4324110901873464,14,
LINK,TREND_PULLBACK,SHORT,29577,29578,2025-11-05T02:15:00+00:00,2025-11-05T02:30:00+00:00,14.482,14.940469113671107,13.794296329493339,0.4584691136711072,1.5,2025-11-05T04:00:00+00:00,14.940469113671107,SL,-1.0,0.08342810607567196,-1.0834281060756719,6,
SUI,TREND_PULLBACK,SHORT,29600,29601,2025-11-05T08:00:00+00:00,2025-11-05T08:15:00+00:00,2.0142,2.0469881542612587,1.9650177686081125,0.03278815426125847,1.5,2025-11-05T11:30:00+00:00,2.0469881542612587,SL,-1.0,0.16101987804717,-1.16101987804717,13,
BTC,TREND_PULLBACK,SHORT,29600,29601,2025-11-05T08:00:00+00:00,2025-11-05T08:15:00+00:00,101670.8,102390.83589872286,100590.74615191572,720.0358987228537,1.5,2025-11-05T12:15:00+00:00,102390.83589872286,SL,-1.0,0.36842625088398223,-1.3684262508839822,16,
ADA,TREND_PULLBACK,SHORT,29601,29602,2025-11-05T08:15:00+00:00,2025-11-05T08:30:00+00:00,0.5266,0.5387290539516223,0.5084064190725665,0.012129053951622337,1.5,2025-11-05T12:15:00+00:00,0.5387290539516223,SL,-1.0,0.11418267044247636,-1.1141826704424764,15,
SOL,TREND_PULLBACK,SHORT,29600,29601,2025-11-05T08:00:00+00:00,2025-11-05T08:15:00+00:00,155.46,158.8494023061088,150.37589654083683,3.389402306108792,1.5,2025-11-05T13:30:00+00:00,158.8494023061088,SL,-1.0,0.12055288398827989,-1.12055288398828,21,
DOGE,TREND_PULLBACK,SHORT,29600,29601,2025-11-05T08:00:00+00:00,2025-11-05T08:15:00+00:00,0.16404,0.16623631558814075,0.16074552661778885,0.0021963155881407626,1.5,2025-11-05T14:45:00+00:00,0.16623631558814075,SL,-1.0,0.19549067200677048,-1.1954906720067704,26,
AVAX,TREND_PULLBACK,SHORT,29649,29650,2025-11-05T20:15:00+00:00,2025-11-05T20:30:00+00:00,16.671,16.94515210704395,16.259771839434073,0.27415210704394966,1.5,2025-11-06T07:15:00+00:00,16.259771839434073,TP,1.5000000000000064,0.15615420159583662,1.3438457984041698,43,
DOGE,TREND_PULLBACK,SHORT,29652,29653,2025-11-05T21:00:00+00:00,2025-11-05T21:15:00+00:00,0.16651,0.16894650787876814,0.16285523818184777,0.002436507878768146,1.5,2025-11-06T07:15:00+00:00,0.16285523818184777,TP,1.5,0.1757329879240446,1.3242670120759554,40,
ADA,TREND_PULLBACK,SHORT,29645,29646,2025-11-05T19:15:00+00:00,2025-11-05T19:30:00+00:00,0.544,0.5525337149684327,0.531199427547351,0.008533714968432693,1.5,2025-11-06T11:00:00+00:00,0.531199427547351,TP,1.4999999999999936,0.16379258751693104,1.3362074124830625,62,
ETH,TREND_PULLBACK,SHORT,29652,29653,2025-11-05T21:00:00+00:00,2025-11-05T21:15:00+00:00,3433.44,3488.7550973036723,3350.467354044492,55.315097303672246,1.5,2025-11-06T12:30:00+00:00,3350.467354044492,TP,1.4999999999999958,0.159433499896824,1.3405665001031717,61,
SUI,TREND_PULLBACK,SHORT,29627,29628,2025-11-05T14:45:00+00:00,2025-11-05T15:00:00+00:00,2.0306,2.0768170079707224,1.9612744880439168,0.04621700797072226,1.5,2025-11-06T12:45:00+00:00,1.9612744880439168,TP,1.5,0.11228413656168566,1.3877158634383144,87,
LINK,TREND_PULLBACK,SHORT,29713,29714,2025-11-06T12:15:00+00:00,2025-11-06T12:30:00+00:00,14.836,15.024050387152341,14.553924419271489,0.1880503871523409,1.5,2025-11-06T13:15:00+00:00,15.024050387152341,SL,-1.0,0.20642374680064476,-1.2064237468006447,3,
BTC,TREND_PULLBACK,SHORT,29694,29695,2025-11-06T07:30:00+00:00,2025-11-06T07:45:00+00:00,103140.6,103793.43137547601,102161.352936786,652.831375476002,1.5,2025-11-06T14:30:00+00:00,102161.352936786,TP,1.5,0.4088230879271407,1.0911769120728594,27,
BNB,TREND_PULLBACK,SHORT,29697,29698,2025-11-06T08:15:00+00:00,2025-11-06T08:30:00+00:00,951.6,959.720028813161,939.4199567802586,8.120028813160957,1.5,2025-11-06T14:30:00+00:00,939.4199567802586,TP,1.499999999999993,0.3027484261915275,1.1972515738084655,24,
AVAX,TREND_PULLBACK,SHORT,29720,29721,2025-11-06T14:00:00+00:00,2025-11-06T14:15:00+00:00,16.226,16.47858049122476,15.847129263162856,0.2525804912247622,1.5,2025-11-06T15:30:00+00:00,15.847129263162856,TP,1.5,0.1650763597771642,1.3349236402228357,5,
LINK,TREND_PULLBACK,SHORT,29721,29722,2025-11-06T14:15:00+00:00,2025-11-06T14:30:00+00:00,14.844,15.124242669079505,14.42363599638074,0.2802426690795059,1.5,2025-11-06T15:45:00+00:00,14.42363599638074,TP,1.5,0.13576778625563485,1.3642322137443652,5,
ADA,TREND_PULLBACK,SHORT,29720,29721,2025-11-06T14:00:00+00:00,2025-11-06T14:15:00+00:00,0.5332,0.5416100443794415,0.5205849334308378,0.008410044379441484,1.5,2025-11-06T16:30:00+00:00,0.5205849334308378,TP,1.5,0.16289098507124244,1.3371090149287577,9,
CRV,TREND_PULLBACK,SHORT,29720,29721,2025-11-06T14:00:00+00:00,2025-11-06T14:15:00+00:00,0.421,0.4306000886813164,0.4065998669780254,0.009600088681316399,1.5,2025-11-06T16:30:00+00:00,0.4065998669780254,TP,1.4999999999999971,0.11206978005998007,1.387930219940017,9,
FET,TREND_PULLBACK,SHORT,29726,29727,2025-11-06T15:30:00+00:00,2025-11-06T15:45:00+00:00,0.2139,0.21985743823906115,0.2049638426414083,0.005957438239061141,1.5,2025-11-06T17:30:00+00:00,0.21985743823906115,SL,-1.0,0.09465220571042704,-1.094652205710427,7,
AVAX,TREND_PULLBACK,SHORT,29746,29747,2025-11-06T20:30:00+00:00,2025-11-06T20:45:00+00:00,15.943,16.288975457291716,15.424036814062426,0.34597545729171664,1.5,2025-11-07T00:45:00+00:00,16.288975457291716,SL,-1.0,0.12111138871665406,-1.121111388716654,16,
UNI,TREND_PULLBACK,SHORT,29756,29757,2025-11-06T23:00:00+00:00,2025-11-06T23:15:00+00:00,5.242,5.327651500178227,5.11352274973266,0.0856515001782272,1.5,2025-11-07T02:45:00+00:00,5.327651500178227,SL,-1.0,0.16042389125280698,-1.1604238912528069,14,
BNB,TREND_PULLBACK,SHORT,29761,29762,2025-11-07T00:15:00+00:00,2025-11-07T00:30:00+00:00,946.42,957.6699230204845,929.5451154692732,11.249923020484516,1.5,2025-11-07T02:45:00+00:00,957.6699230204845,SL,-1.0,0.22002967446260996,-1.22002967446261,9,
BTC,TREND_PULLBACK,SHORT,29761,29762,2025-11-07T00:15:00+00:00,2025-11-07T00:30:00+00:00,100891.0,101879.32511869782,99408.51232195328,988.3251186978159,1.5,2025-11-07T02:45:00+00:00,101879.32511869782,SL,-1.0,0.2667152920302375,-1.2667152920302376,9,
ADA,TREND_PULLBACK,SHORT,29766,29767,2025-11-07T01:30:00+00:00,2025-11-07T01:45:00+00:00,0.5308,0.5418115531145173,0.5142826703282242,0.011011553114517292,1.5,2025-11-07T04:00:00+00:00,0.5418115531145173,SL,-1.0,0.12663018600078726,-1.1266301860007872,9,
ETH,TREND_PULLBACK,SHORT,29789,29790,2025-11-07T07:15:00+00:00,2025-11-07T07:30:00+00:00,3343.91,3381.116279694709,3288.100580457936,37.20627969470934,1.5,2025-11-07T10:15:00+00:00,3288.100580457936,TP,1.5,0.23172469339419857,1.2682753066058015,11,
SOL,TREND_PULLBACK,SHORT,29725,29726,2025-11-06T15:15:00+00:00,2025-11-06T15:30:00+00:00,157.54,160.70132563838905,152.79801154241642,3.1613256383890587,1.5,2025-11-07T11:00:00+00:00,152.79801154241642,TP,1.4999999999999956,0.12761716480771185,1.3723828351922838,78,
XRP,TREND_PULLBACK,SHORT,29776,29777,2025-11-07T04:00:00+00:00,2025-11-07T04:15:00+00:00,2.2143,2.245297292565888,2.167804061151169,0.03099729256588768,1.5,2025-11-07T11:00:00+00:00,2.167804061151169,TP,1.499999999999993,0.18378170504367664,1.3162182949563164,27,
BTC,TREND_PULLBACK,SHORT,29776,29777,2025-11-07T04:00:00+00:00,2025-11-07T04:15:00+00:00,101530.1,102582.79584977581,99951.0562253363,1052.6958497758023,1.5,2025-11-07T11:15:00+00:00,99951.0562253363,TP,1.5,0.24881403602827992,1.25118596397172,28,
ADA,TREND_PULLBACK,SHORT,29797,29798,2025-11-07T09:15:00+00:00,2025-11-07T09:30:00+00:00,0.5401,0.5485953777429095,0.5273569333856358,0.008495377742909427,1.5,2025-11-07T11:15:00+00:00,0.5273569333856358,TP,1.5000000000000064,0.16334694646857228,1.336653053531434,7,
SOL,TREND_PULLBACK,SHORT,29952,29953,2025-11-09T00:00:00+00:00,2025-11-09T00:15:00+00:00,157.41,158.71490845991775,155.45263731012335,1.3049084599177547,1.5,2025-11-09T03:15:00+00:00,155.45263731012335,TP,1.5000000000000109,0.3116857932921938,1.1883142067078172,12,
BTC,TREND_PULLBACK,SHORT,29910,29911,2025-11-08T13:30:00+00:00,2025-11-08T13:45:00+00:00,101935.8,102628.03638951862,100897.44541572209,692.2363895186136,1.5,2025-11-09T13:30:00+00:00,102628.03638951862,SL,-1.0,0.38416499238259644,-1.3841649923825965,95,
SOL,TREND_PULLBACK,SHORT,29991,29992,2025-11-09T09:45:00+00:00,2025-11-09T10:00:00+00:00,158.17,159.93029559481795,155.52955660777303,1.7602955948179613,1.5,2025-11-09T13:30:00+00:00,159.93029559481795,SL,-1.0,0.23492099025336025,-1.2349209902533602,14,
UNI,TREND_PULLBACK,LONG,30241,30242,2025-11-12T00:15:00+00:00,2025-11-12T00:30:00+00:00,8.507,8.120732321014339,9.08640151847849,0.3862676789856607,1.5,2025-11-12T14:45:00+00:00,8.120732321014339,SL,-1.0,0.05596132732120485,-1.055961327321205,57,
SOL,TREND_PULLBACK,SHORT,30476,30477,2025-11-14T11:00:00+00:00,2025-11-14T11:15:00+00:00,140.92,143.97005578653517,136.34491632019723,3.0500557865351823,1.5,2025-11-14T12:30:00+00:00,136.34491632019723,TP,1.4999999999999953,0.11817632739947877,1.3818236726005166,5,
ADA,TREND_PULLBACK,SHORT,30546,30547,2025-11-15T04:30:00+00:00,2025-11-15T04:45:00+00:00,0.5063,0.5146675158326791,0.49374872625098126,0.00836751583267914,1.5,2025-11-15T06:30:00+00:00,0.5146675158326791,SL,-1.0,0.15862028792331748,-1.1586202879233174,7,
SUI,TREND_PULLBACK,SHORT,30558,30559,2025-11-15T07:30:00+00:00,2025-11-15T07:45:00+00:00,1.7816,1.8070179606408758,1.7434730590386864,0.02541796064087576,1.5,2025-11-15T08:45:00+00:00,1.7434730590386864,TP,1.5,0.18028964012875276,1.3197103598712472,4,
LINK,TREND_PULLBACK,SHORT,30558,30559,2025-11-15T07:30:00+00:00,2025-11-15T07:45:00+00:00,14.075,14.275642443648472,13.77403633452729,0.20064244364847283,1.5,2025-11-15T13:15:00+00:00,14.275642443648472,SL,-1.0,0.18368912632122208,-1.1836891263212221,22,
ETH,TREND_PULLBACK,SHORT,30560,30561,2025-11-15T08:00:00+00:00,2025-11-15T08:15:00+00:00,3164.98,3196.2403449326202,3118.08948260107,31.260344932620228,1.5,2025-11-15T13:45:00+00:00,3196.2403449326202,SL,-1.0,0.2645391938648469,-1.264539193864847,22,
AVAX,TREND_PULLBACK,SHORT,30560,30561,2025-11-15T08:00:00+00:00,2025-11-15T08:15:00+00:00,15.555,15.738179506659927,15.280230740010108,0.18317950665992733,1.5,2025-11-15T17:45:00+00:00,15.738179506659927,SL,-1.0,0.22208343116778018,-1.2220834311677802,38,
XRP,TREND_PULLBACK,SHORT,30582,30583,2025-11-15T13:30:00+00:00,2025-11-15T13:45:00+00:00,2.2577,2.2854878103069964,2.216018284539505,0.02778781030699662,1.5,2025-11-15T21:30:00+00:00,2.216018284539505,TP,1.5,0.2092944246289533,1.2907055753710468,31,
SOL,TREND_PULLBACK,SHORT,30607,30608,2025-11-15T19:45:00+00:00,2025-11-15T20:00:00+00:00,141.69,143.41976992047233,139.0953451192915,1.7297699204723358,1.5,2025-11-15T21:30:00+00:00,139.0953451192915,TP,1.5,0.21102283276807432,1.2889771672319257,6,
ADA,TREND_PULLBACK,SHORT,30559,30560,2025-11-15T07:45:00+00:00,2025-11-15T08:00:00+00:00,0.5096,0.5166180577441963,0.49907291338370563,0.007018057744196282,1.5,2025-11-15T21:45:00+00:00,0.49907291338370563,TP,1.5,0.18684297496457639,1.3131570250354236,55,
CRV,TREND_PULLBACK,SHORT,30585,30586,2025-11-15T14:15:00+00:00,2025-11-15T14:30:00+00:00,0.441,0.44929845741326685,0.42855231388009973,0.008298457413266846,1.5,2025-11-15T21:45:00+00:00,0.42855231388009973,TP,1.5,0.13622025778392455,1.3637797422160753,29,
LINK,TREND_PULLBACK,SHORT,30624,30625,2025-11-16T00:00:00+00:00,2025-11-16T00:15:00+00:00,14.07,14.187526406903652,13.893710389644522,0.1175264069036519,1.5,2025-11-16T01:30:00+00:00,13.893710389644522,TP,1.5000000000000075,0.3093162163660794,1.1906837836339281,5,
DOGE,TREND_PULLBACK,SHORT,30624,30625,2025-11-16T00:00:00+00:00,2025-11-16T00:15:00+00:00,0.1626,0.1642534207170888,0.1601198689243668,0.0016534207170887938,1.5,2025-11-16T01:45:00+00:00,0.1601198689243668,TP,1.5,0.2537380990002114,1.2462619009997886,6,
BTC,TREND_PULLBACK,SHORT,30562,30563,2025-11-15T08:30:00+00:00,2025-11-15T08:45:00+00:00,95876.1,96770.68089110141,94534.2286633479,894.5808911014028,1.5,2025-11-16T08:45:00+00:00,96083.5,TIME,-0.23184040936157768,0.27895462834306534,-0.5107950377046431,96,
SUI,TREND_PULLBACK,SHORT,30656,30657,2025-11-16T08:00:00+00:00,2025-11-16T08:15:00+00:00,1.755,1.778704901869378,1.7194426471959328,0.023704901869378014,1.5,2025-11-16T09:45:00+00:00,1.778704901869378,SL,-1.0,0.19379183249707865,-1.1937918324970787,6,
AVAX,TREND_PULLBACK,SHORT,30657,30658,2025-11-16T08:15:00+00:00,2025-11-16T08:30:00+00:00,15.638,15.796387545393939,15.400418681909091,0.15838754539393918,1.5,2025-11-16T09:45:00+00:00,15.796387545393939,SL,-1.0,0.258004527485883,-1.258004527485883,5,
XRP,TREND_PULLBACK,SHORT,30657,30658,2025-11-16T08:15:00+00:00,2025-11-16T08:30:00+00:00,2.2534,2.2775797221997,2.21713041670045,0.02417972219969977,1.5,2025-11-16T10:00:00+00:00,2.2775797221997,SL,-1.0,0.24360385906057874,-1.2436038590605787,6,
ADA,TREND_PULLBACK,SHORT,30668,30669,2025-11-16T11:00:00+00:00,2025-11-16T11:15:00+00:00,0.5041,0.50982141843261,0.495517872351085,0.0057214184326099815,1.5,2025-11-16T11:45:00+00:00,0.495517872351085,TP,1.5,0.2271295570080524,1.2728704429919475,2,
AVAX,TREND_PULLBACK,SHORT,30668,30669,2025-11-16T11:00:00+00:00,2025-11-16T11:15:00+00:00,15.646,15.823978769176941,15.37903184623459,0.17797876917694033,1.5,2025-11-16T13:30:00+00:00,15.37903184623459,TP,1.5000000000000049,0.22661434050039841,1.2733856594996065,9,
CRV,TREND_PULLBACK,SHORT,30668,30669,2025-11-16T11:00:00+00:00,2025-11-16T11:15:00+00:00,0.439,0.4462370744209996,0.42814438836850066,0.0072370744209995785,1.5,2025-11-16T13:45:00+00:00,0.42814438836850066,TP,1.4999999999999962,0.15576566431430322,1.344234335685693,10,
LINK,TREND_PULLBACK,SHORT,30668,30669,2025-11-16T11:00:00+00:00,2025-11-16T11:15:00+00:00,14.258,14.472250862835647,13.936623705746527,0.2142508628356481,1.5,2025-11-16T13:45:00+00:00,13.936623705746527,TP,1.5,0.17107520750377103,1.3289247924962289,10,
BTC,TREND_PULLBACK,SHORT,30668,30669,2025-11-16T11:00:00+00:00,2025-11-16T11:15:00+00:00,95909.4,96502.71923366298,95019.4211495055,593.3192336629872,1.5,2025-11-16T15:45:00+00:00,95019.4211495055,TP,1.5000000000000122,0.41833713355623675,1.0816628664437755,18,
BTC,TREND_PULLBACK,SHORT,30697,30698,2025-11-16T18:15:00+00:00,2025-11-16T18:30:00+00:00,94800.5,95849.00016541123,93227.74975188315,1048.5001654112275,1.5,2025-11-16T22:00:00+00:00,93227.74975188315,TP,1.5000000000000069,0.23312988661435138,1.2668701133856555,14,
AVAX,TREND_PULLBACK,SHORT,30697,30698,2025-11-16T18:15:00+00:00,2025-11-16T18:30:00+00:00,14.954,15.194553994498127,14.593169008252811,0.24055399449812676,1.5,2025-11-16T23:15:00+00:00,15.194553994498127,SL,-1.0,0.16292857773830388,-1.1629285777383038,19,
BNB,TREND_PULLBACK,SHORT,30697,30698,2025-11-16T18:15:00+00:00,2025-11-16T18:30:00+00:00,922.52,934.6161079052785,904.3758381420823,12.096107905278473,1.5,2025-11-17T00:30:00+00:00,934.6161079052785,SL,-1.0,0.1995912205134451,-1.1995912205134451,24,
SOL,TREND_PULLBACK,SHORT,30697,30698,2025-11-16T18:15:00+00:00,2025-11-16T18:30:00+00:00,136.98,139.25708666460395,133.56437000309404,2.2770866646039565,1.5,2025-11-17T00:30:00+00:00,139.25708666460395,SL,-1.0,0.1577051142787502,-1.1577051142787502,24,
AVAX,TREND_PULLBACK,SHORT,30766,30767,2025-11-17T11:30:00+00:00,2025-11-17T11:45:00+00:00,15.623,15.769237835172115,15.403643247241826,0.14623783517211564,1.5,2025-11-17T13:15:00+00:00,15.403643247241826,TP,1.5,0.2758153262727272,1.2241846737272728,6,
BNB,TREND_PULLBACK,SHORT,30744,30745,2025-11-17T06:00:00+00:00,2025-11-17T06:15:00+00:00,931.64,940.4361156981237,918.4458264528145,8.796115698123685,1.5,2025-11-17T13:30:00+00:00,918.4458264528145,TP,1.5,0.2734288243732057,1.2265711756267943,29,
ADA,TREND_PULLBACK,SHORT,30755,30756,2025-11-17T08:45:00+00:00,2025-11-17T09:00:00+00:00,0.4932,0.4993892914144933,0.48391606287826017,0.006189291414493259,1.5,2025-11-17T13:30:00+00:00,0.48391606287826017,TP,1.4999999999999956,0.20523365223476694,1.2947663477652287,18,
CRV,TREND_PULLBACK,SHORT,30761,30762,2025-11-17T10:15:00+00:00,2025-11-17T10:30:00+00:00,0.428,0.4351706916423785,0.41724396253643226,0.0071706916423784905,1.5,2025-11-17T13:30:00+00:00,0.41724396253643226,TP,1.5,0.15323726163364745,1.3467627383663525,12,
BTC,TREND_PULLBACK,SHORT,30768,30769,2025-11-17T12:00:00+00:00,2025-11-17T12:15:00+00:00,95270.4,95978.40916070902,94208.38625893646,708.009160709029,1.5,2025-11-17T13:30:00+00:00,94208.38625893646,TP,1.4999999999999898,0.3479085240788978,1.152091475921092,5,
SOL,TREND_PULLBACK,SHORT,30779,30780,2025-11-17T14:45:00+00:00,2025-11-17T15:00:00+00:00,140.09,143.75408293020547,134.5938756046918,3.664082930205467,1.5,2025-11-17T16:15:00+00:00,134.5938756046918,TP,1.5000000000000038,0.09745659284684238,1.4025434071531615,5,
BTC,TREND_PULLBACK,SHORT,30779,30780,2025-11-17T14:45:00+00:00,2025-11-17T15:00:00+00:00,94730.2,96091.1810535722,92688.72841964169,1360.9810535722063,1.5,2025-11-17T17:45:00+00:00,92688.72841964169,TP,1.5,0.17902130695062443,1.3209786930493757,11,
ETH,TREND_PULLBACK,SHORT,30779,30780,2025-11-17T14:45:00+00:00,2025-11-17T15:00:00+00:00,3150.45,3217.955939422818,3049.1910908657724,67.5059394228183,1.5,2025-11-17T18:00:00+00:00,3049.1910908657724,TP,1.5,0.11938998978512444,1.3806100102148755,12,
ADA,TREND_PULLBACK,SHORT,30779,30780,2025-11-17T14:45:00+00:00,2025-11-17T15:00:00+00:00,0.4869,0.5010442801703209,0.4656835797445187,0.014144280170320878,1.5,2025-11-17T18:15:00+00:00,0.4656835797445187,TP,1.5,0.08755190357911165,1.4124480964208883,13,
BNB,TREND_PULLBACK,SHORT,30779,30780,2025-11-17T14:45:00+00:00,2025-11-17T15:00:00+00:00,919.28,936.529687337725,893.4054689934123,17.24968733772505,1.5,2025-11-17T19:45:00+00:00,893.4054689934123,TP,1.5000000000000033,0.13661065638782868,1.3633893436121747,19,
BNB,TREND_PULLBACK,SHORT,30818,30819,2025-11-18T00:30:00+00:00,2025-11-18T00:45:00+00:00,902.18,916.8056885632107,880.241467155184,14.625688563210701,1.5,2025-11-18T01:00:00+00:00,916.8056885632107,SL,-1.0,0.16168000466523458,-1.1616800046652345,1,
BTC,TREND_PULLBACK,SHORT,30821,30822,2025-11-18T01:15:00+00:00,2025-11-18T01:30:00+00:00,91755.5,92640.72987521764,90427.65518717354,885.229875217643,1.5,2025-11-18T03:00:00+00:00,90427.65518717354,TP,1.4999999999999918,0.2675441807531591,1.2324558192468327,6,
AVAX,TREND_PULLBACK,SHORT,30826,30827,2025-11-18T02:30:00+00:00,2025-11-18T02:45:00+00:00,14.246,14.628381653564679,13.672427519652983,0.38238165356467846,1.5,2025-11-18T04:45:00+00:00,14.628381653564679,SL,-1.0,0.0981655259861595,-1.0981655259861596,8,
XRP,TREND_PULLBACK,SHORT,30826,30827,2025-11-18T02:30:00+00:00,2025-11-18T02:45:00+00:00,2.1481,2.180766811005249,2.099099783492126,0.03266681100524904,1.5,2025-11-18T08:00:00+00:00,2.180766811005249,SL,-1.0,0.17227046905198576,-1.1722704690519858,21,
CRV,TREND_PULLBACK,SHORT,30784,30785,2025-11-17T16:00:00+00:00,2025-11-17T16:15:00+00:00,0.419,0.4348230317498082,0.39526545237528765,0.015823031749808203,1.5,2025-11-18T08:15:00+00:00,0.4348230317498082,SL,-1.0,0.07014900550194529,-1.0701490055019454,64,
BNB,TREND_PULLBACK,SHORT,30827,30828,2025-11-18T02:45:00+00:00,2025-11-18T03:00:00+00:00,903.48,922.1917665310297,875.4123502034556,18.71176653102964,1.5,2025-11-18T09:45:00+00:00,922.1917665310297,SL,-1.0,0.12683854795615285,-1.126838547956153,27,
BTC,TREND_PULLBACK,SHORT,30864,30865,2025-11-18T12:00:00+00:00,2025-11-18T12:15:00+00:00,91068.0,91814.78638065486,89947.82042901771,746.7863806548557,1.5,2025-11-18T12:30:00+00:00,91814.78638065486,SL,-1.0,0.31836095094071054,-1.3183609509407106,1,
ETH,TREND_PULLBACK,SHORT,30864,30865,2025-11-18T12:00:00+00:00,2025-11-18T12:15:00+00:00,3038.99,3087.0820407444407,2966.8519388833383,48.092040744440965,1.5,2025-11-18T14:30:00+00:00,3087.0820407444407,SL,-1.0,0.16559691644793284,-1.165596916447933,9,
DOGE,TREND_PULLBACK,SHORT,30870,30871,2025-11-18T13:30:00+00:00,2025-11-18T13:45:00+00:00,0.1563,0.15842048063711248,0.15311927904433126,0.002120480637112482,1.5,2025-11-18T14:30:00+00:00,0.15842048063711248,SL,-1.0,0.19294523027825383,-1.1929452302782537,3,
ADA,TREND_PULLBACK,SHORT,30827,30828,2025-11-18T02:45:00+00:00,2025-11-18T03:00:00+00:00,0.462,0.4728792642943533,0.4456811035584701,0.010879264294353264,1.5,2025-11-18T15:15:00+00:00,0.4728792642943533,SL,-1.0,0.11171187781635811,-1.1117118778163582,49,
SUI,TREND_PULLBACK,SHORT,30867,30868,2025-11-18T12:45:00+00:00,2025-11-18T13:00:00+00:00,1.6459,1.6705917715805483,1.6088623426291773,0.02469177158054836,1.5,2025-11-18T15:15:00+00:00,1.6705917715805483,SL,-1.0,0.17461036722254347,-1.1746103672225434,9,
AVAX,TREND_PULLBACK,SHORT,30874,30875,2025-11-18T14:30:00+00:00,2025-11-18T14:45:00+00:00,14.525,14.771265870642678,14.155601194035984,0.24626587064267724,1.5,2025-11-18T15:15:00+00:00,14.771265870642678,SL,-1.0,0.1546505227559349,-1.154650522755935,2,
LINK,TREND_PULLBACK,SHORT,30875,30876,2025-11-18T14:45:00+00:00,2025-11-18T15:00:00+00:00,13.385,13.673512299878679,12.952231550181981,0.2885122998786791,1.5,2025-11-18T15:15:00+00:00,13.673512299878679,SL,-1.0,0.12192224041967709,-1.1219222404196771,1,
BNB,TREND_PULLBACK,SHORT,30863,30864,2025-11-18T11:45:00+00:00,2025-11-18T12:00:00+00:00,916.11,928.9356511840635,896.8715232239047,12.825651184063531,1.5,2025-11-18T16:00:00+00:00,928.9356511840635,SL,-1.0,0.18701267577895803,-1.187012675778958,16,
LINK,TREND_PULLBACK,SHORT,30908,30909,2025-11-18T23:00:00+00:00,2025-11-18T23:15:00+00:00,13.802,13.972749108477746,13.54587633728338,0.1707491084777466,1.5,2025-11-19T03:30:00+00:00,13.54587633728338,TP,1.5,0.20821332278347943,1.2917866772165205,17,
BTC,TREND_PULLBACK,SHORT,30908,30909,2025-11-18T23:00:00+00:00,2025-11-18T23:15:00+00:00,92788.7,93643.41396741709,91506.62904887437,854.7139674170903,1.5,2025-11-19T04:30:00+00:00,91506.62904887437,TP,1.4999999999999916,0.28030889501846945,1.2196911049815222,21,
AVAX,TREND_PULLBACK,SHORT,30918,30919,2025-11-19T01:30:00+00:00,2025-11-19T01:45:00+00:00,14.568,14.710819392404325,14.35377091139351,0.14281939240432528,1.5,2025-11-19T04:30:00+00:00,14.35377091139351,TP,1.5000000000000062,0.26325768197059557,1.2367423180294106,11,
ADA,TREND_PULLBACK,SHORT,30908,30909,2025-11-18T23:00:00+00:00,2025-11-18T23:15:00+00:00,0.4752,0.482120346419176,0.464819480371236,0.006920346419175993,1.5,2025-11-19T05:00:00+00:00,0.464819480371236,TP,1.500000000000004,0.17658441506575817,1.3234155849342457,23,
SUI,TREND_PULLBACK,SHORT,30908,30909,2025-11-18T23:00:00+00:00,2025-11-18T23:15:00+00:00,1.6705,1.6911042077849296,1.6395936883226057,0.02060420778492955,1.5,2025-11-19T05:00:00+00:00,1.6395936883226057,TP,1.5000000000000053,0.20884674818542656,1.2911532518145787,23,
SUI,TREND_PULLBACK,SHORT,30949,30950,2025-11-19T09:15:00+00:00,2025-11-19T09:30:00+00:00,1.6456,1.6684963610838843,1.6112554583741734,0.022896361083884376,1.5,2025-11-19T14:15:00+00:00,1.6112554583741734,TP,1.5,0.18491637515563414,1.3150836248443658,19,
AVAX,TREND_PULLBACK,SHORT,30966,30967,2025-11-19T13:30:00+00:00,2025-11-19T13:45:00+00:00,14.408,14.622828996416182,14.085756505375727,0.21482899641618225,1.5,2025-11-19T14:15:00+00:00,14.085756505375727,TP,1.4999999999999958,0.17242497090675893,1.3275750290932369,2,
ADA,TREND_PULLBACK,SHORT,30966,30967,2025-11-19T13:30:00+00:00,2025-11-19T13:45:00+00:00,0.4658,0.47204966861002434,0.4564254970849635,0.00624966861002435,1.5,2025-11-19T15:00:00+00:00,0.47204966861002434,SL,-1.0,0.19508307484295256,-1.1950830748429526,5,
BTC,TREND_PULLBACK,SHORT,30966,30967,2025-11-19T13:30:00+00:00,2025-11-19T13:45:00+00:00,91442.7,92065.35912592731,90508.71131110903,622.6591259273118,1.5,2025-11-19T15:00:00+00:00,92065.35912592731,SL,-1.0,0.38313174404763267,-1.3831317440476327,5,
ETH,TREND_PULLBACK,SHORT,30966,30967,2025-11-19T13:30:00+00:00,2025-11-19T13:45:00+00:00,3075.8,3118.098659723338,3012.352010414993,42.298659723338005,1.5,2025-11-19T15:30:00+00:00,3012.352010414993,TP,1.5000000000000053,0.1871122552181639,1.3128877447818414,7,
XRP,TREND_PULLBACK,SHORT,30973,30974,2025-11-19T15:15:00+00:00,2025-11-19T15:30:00+00:00,2.1157,2.1554276198781923,2.0561085701827113,0.0397276198781924,1.5,2025-11-19T17:15:00+00:00,2.0561085701827113,TP,1.5,0.13651336671730877,1.3634866332826912,7,
LINK,TREND_PULLBACK,SHORT,30973,30974,2025-11-19T15:15:00+00:00,2025-11-19T15:30:00+00:00,13.245,13.554469383031455,12.780795925452816,0.30946938303145544,1.5,2025-11-19T17:30:00+00:00,12.780795925452816,TP,1.5,0.1093275669847111,1.3906724330152889,8,
AVAX,TREND_PULLBACK,SHORT,30973,30974,2025-11-19T15:15:00+00:00,2025-11-19T15:30:00+00:00,14.243,14.577476105938132,13.741285841092804,0.3344761059381316,1.5,2025-11-19T18:15:00+00:00,13.741285841092804,TP,1.4999999999999973,0.10876583094443769,1.3912341690555596,11,
ADA,TREND_PULLBACK,SHORT,31025,31026,2025-11-20T04:15:00+00:00,2025-11-20T04:30:00+00:00,0.4643,0.470307809558973,0.45528828566154045,0.00600780955897301,1.5,2025-11-20T07:45:00+00:00,0.470307809558973,SL,-1.0,0.2022351308742813,-1.2022351308742814,13,
DOGE,TREND_PULLBACK,SHORT,31034,31035,2025-11-20T06:30:00+00:00,2025-11-20T06:45:00+00:00,0.15669,0.15866042790022858,0.15373435814965714,0.001970427900228583,1.5,2025-11-20T12:45:00+00:00,0.15866042790022858,SL,-1.0,0.2080540760830374,-1.2080540760830374,24,
SUI,TREND_PULLBACK,SHORT,31045,31046,2025-11-20T09:15:00+00:00,2025-11-20T09:30:00+00:00,1.6246,1.645940024207532,1.5925899636887022,0.021340024207531894,1.5,2025-11-20T12:45:00+00:00,1.645940024207532,SL,-1.0,0.19923604538223377,-1.1992360453822337,13,
AVAX,TREND_PULLBACK,SHORT,31029,31030,2025-11-20T05:15:00+00:00,2025-11-20T05:30:00+00:00,14.302,14.47122567304703,14.048161490429454,0.1692256730470305,1.5,2025-11-20T13:30:00+00:00,14.47122567304703,SL,-1.0,0.22103734440202605,-1.221037344402026,32,
XRP,TREND_PULLBACK,SHORT,31058,31059,2025-11-20T12:30:00+00:00,2025-11-20T12:45:00+00:00,2.1146,2.132244734736905,2.088132897894642,0.01764473473690531,1.5,2025-11-20T13:30:00+00:00,2.132244734736905,SL,-1.0,0.31289210279883645,-1.3128921027988365,3,
BTC,TREND_PULLBACK,SHORT,31062,31063,2025-11-20T13:30:00+00:00,2025-11-20T13:45:00+00:00,91581.9,92442.33185994593,90291.25221008109,860.4318599459366,1.5,2025-11-20T15:15:00+00:00,90291.25221008109,TP,1.5,0.2747865448496541,1.225213455150346,6,
ETH,TREND_PULLBACK,SHORT,31025,31026,2025-11-20T04:15:00+00:00,2025-11-20T04:30:00+00:00,3018.6,3064.1622314593424,2950.2566528109865,45.562231459342456,1.5,2025-11-20T15:45:00+00:00,2950.2566528109865,TP,1.4999999999999951,0.1703058300728422,1.329694169927153,45,
ADA,TREND_PULLBACK,SHORT,31062,31063,2025-11-20T13:30:00+00:00,2025-11-20T13:45:00+00:00,0.4658,0.47288785227340063,0.455168221589899,0.007087852273400641,1.5,2025-11-20T15:45:00+00:00,0.455168221589899,TP,1.500000000000004,0.16891699232501675,1.3310830076749873,8,
BNB,TREND_PULLBACK,SHORT,31034,31035,2025-11-20T06:30:00+00:00,2025-11-20T06:45:00+00:00,903.69,913.431258385927,889.0781124211096,9.741258385926926,1.5,2025-11-20T16:00:00+00:00,889.0781124211096,TP,1.5000000000000058,0.2392502543115404,1.2607497456884653,37,
DOGE,TREND_PULLBACK,SHORT,31062,31063,2025-11-20T13:30:00+00:00,2025-11-20T13:45:00+00:00,0.15775,0.15985047861315033,0.1545992820802745,0.002100478613150325,1.5,2025-11-20T16:00:00+00:00,0.1545992820802745,TP,1.5,0.19331502075869827,1.3066849792413018,9,
AVAX,TREND_PULLBACK,SHORT,31068,31069,2025-11-20T15:00:00+00:00,2025-11-20T15:15:00+00:00,14.322,14.543011027267125,13.990483459099309,0.22101102726712618,1.5,2025-11-20T16:00:00+00:00,13.990483459099309,TP,1.500000000000004,0.16653571069258483,1.3334642893074191,3,
BTC,TREND_PULLBACK,SHORT,31100,31101,2025-11-20T23:00:00+00:00,2025-11-20T23:15:00+00:00,87536.1,88604.40500749272,85933.64248876093,1068.305007492716,1.5,2025-11-21T02:30:00+00:00,85933.64248876093,TP,1.5,0.21109202302126887,1.288907976978731,13,
ADA,TREND_PULLBACK,SHORT,31100,31101,2025-11-20T23:00:00+00:00,2025-11-20T23:15:00+00:00,0.4386,0.4478536878272282,0.42471946825915774,0.009253687827228185,1.5,2025-11-21T02:45:00+00:00,0.42471946825915774,TP,1.499999999999997,0.12128303112134257,1.3787169688786542,14,
ETH,TREND_PULLBACK,SHORT,31100,31101,2025-11-20T23:00:00+00:00,2025-11-20T23:15:00+00:00,2866.91,2921.9163822706146,2784.4004265940775,55.00638227061472,1.5,2025-11-21T02:45:00+00:00,2784.4004265940775,TP,1.5000000000000042,0.13356092968319105,1.3664390703168132,14,
AVAX,TREND_PULLBACK,SHORT,31112,31113,2025-11-21T02:00:00+00:00,2025-11-21T02:15:00+00:00,13.864,14.040885355471428,13.59867196679286,0.17688535547142692,1.5,2025-11-21T04:30:00+00:00,13.59867196679286,TP,1.5,0.20183397015361024,1.2981660298463897,9,
LINK,TREND_PULLBACK,SHORT,31102,31103,2025-11-20T23:30:00+00:00,2025-11-20T23:45:00+00:00,13.001,13.307738307918012,12.540892538122982,0.30673830791801215,1.5,2025-11-21T07:30:00+00:00,12.540892538122982,TP,1.4999999999999971,0.10825012540799132,1.3917498745920058,31,
CRV,TREND_PULLBACK,SHORT,31114,31115,2025-11-21T02:30:00+00:00,2025-11-21T02:45:00+00:00,0.411,0.422214896726615,0.39417765491007745,0.01121489672661502,1.5,2025-11-21T07:30:00+00:00,0.39417765491007745,TP,1.5,0.09333398041009285,1.4066660195899072,19,
ADA,TREND_PULLBACK,SHORT,31119,31120,2025-11-21T03:45:00+00:00,2025-11-21T04:00:00+00:00,0.4297,0.43989770107037196,0.4144034483944421,0.010197701070371934,1.5,2025-11-21T07:30:00+00:00,0.4144034483944421,TP,1.5000000000000027,0.10760606487092804,1.3923939351290746,14,
AVAX,TREND_PULLBACK,SHORT,31132,31133,2025-11-21T07:00:00+00:00,2025-11-21T07:15:00+00:00,13.671,13.838678668820359,13.41948199676946,0.16767866882035953,1.5,2025-11-21T07:30:00+00:00,13.41948199676946,TP,1.5000000000000053,0.21003045195647552,1.2899695480435298,1,
SUI,TREND_PULLBACK,SHORT,31132,31133,2025-11-21T07:00:00+00:00,2025-11-21T07:15:00+00:00,1.4793,1.504410183437154,1.4416347248442691,0.025110183437153877,1.5,2025-11-21T07:30:00+00:00,1.4416347248442691,TP,1.5000000000000044,0.1512221187790712,1.3487778812209332,1,
ADA,TREND_PULLBACK,SHORT,31155,31156,2025-11-21T12:45:00+00:00,2025-11-21T13:00:00+00:00,0.4044,0.4119758050224753,0.39303629246628696,0.007575805022475346,1.5,2025-11-21T14:30:00+00:00,0.4119758050224753,SL,-1.0,0.1400892107677883,-1.1400892107677882,6,
DOGE,TREND_PULLBACK,SHORT,31155,31156,2025-11-21T12:45:00+00:00,2025-11-21T13:00:00+00:00,0.13886,0.14099502070434056,0.13565746894348918,0.0021350207043405456,1.5,2025-11-21T14:30:00+00:00,0.14099502070434056,SL,-1.0,0.1704018730010466,-1.1704018730010466,6,
LINK,TREND_PULLBACK,SHORT,31155,31156,2025-11-21T12:45:00+00:00,2025-11-21T13:00:00+00:00,12.056,12.251398271736575,11.762902592395136,0.19539827173657542,1.5,2025-11-21T14:30:00+00:00,12.251398271736575,SL,-1.0,0.161719023778564,-1.161719023778564,6,
SOL,TREND_PULLBACK,SHORT,31155,31156,2025-11-21T12:45:00+00:00,2025-11-21T13:00:00+00:00,126.16,128.2555875912583,123.01661861311256,2.095587591258294,1.5,2025-11-21T14:30:00+00:00,128.2555875912583,SL,-1.0,0.1578269814386728,-1.1578269814386728,6,
CRV,TREND_PULLBACK,SHORT,31155,31156,2025-11-21T12:45:00+00:00,2025-11-21T13:00:00+00:00,0.38,0.38828625408762524,0.3675706188685621,0.008286254087625233,1.5,2025-11-21T16:00:00+00:00,0.3675706188685621,TP,1.5000000000000033,0.11728361141863705,1.3827163885813663,12,
ADA,TREND_PULLBACK,SHORT,31166,31167,2025-11-21T15:30:00+00:00,2025-11-21T15:45:00+00:00,0.4022,0.4159850160288321,0.38152247595675187,0.013785016028832087,1.5,2025-11-21T17:00:00+00:00,0.4159850160288321,SL,-1.0,0.07715917911251038,-1.0771591791125104,5,
DOGE,TREND_PULLBACK,SHORT,31166,31167,2025-11-21T15:30:00+00:00,2025-11-21T15:45:00+00:00,0.13865,0.1429100207812147,0.13225996882817792,0.004260020781214707,1.5,2025-11-21T17:00:00+00:00,0.1429100207812147,SL,-1.0,0.08592165292470931,-1.0859216529247093,5,
ETH,TREND_PULLBACK,SHORT,31165,31166,2025-11-21T15:15:00+00:00,2025-11-21T15:30:00+00:00,2728.26,2801.2328717433943,2618.800692384909,72.97287174339408,1.5,2025-11-21T17:15:00+00:00,2801.2328717433943,SL,-1.0,0.09850702818088206,-1.098507028180882,7,
LINK,TREND_PULLBACK,SHORT,31166,31167,2025-11-21T15:30:00+00:00,2025-11-21T15:45:00+00:00,11.946,12.348096097850762,11.342855853223856,0.4020960978507624,1.5,2025-11-21T17:30:00+00:00,12.348096097850762,SL,-1.0,0.07854422138393331,-1.0785442213839334,7,
BNB,TREND_PULLBACK,SHORT,31176,31177,2025-11-21T18:00:00+00:00,2025-11-21T18:15:00+00:00,818.21,840.0157034943608,785.501444758459,21.805703494360728,1.5,2025-11-22T00:00:00+00:00,840.0157034943608,SL,-1.0,0.09885915467483829,-1.0988591546748383,23,
CRV,TREND_PULLBACK,SHORT,31209,31210,2025-11-22T02:15:00+00:00,2025-11-22T02:30:00+00:00,0.379,0.3870148532840221,0.3669777200739669,0.008014853284022072,1.5,2025-11-22T05:30:00+00:00,0.3669777200739669,TP,1.5,0.12099672966309115,1.3790032703369088,12,
ADA,TREND_PULLBACK,SHORT,31193,31194,2025-11-21T22:15:00+00:00,2025-11-21T22:30:00+00:00,0.4073,0.41724701368640604,0.3923794794703909,0.009947013686406048,1.5,2025-11-22T13:15:00+00:00,0.3923794794703909,TP,1.5,0.10451210343987369,1.3954878965601263,59,
BTC,TREND_PULLBACK,SHORT,31176,31177,2025-11-21T18:00:00+00:00,2025-11-21T18:15:00+00:00,83630.2,85853.74600201001,80294.88099698498,2223.5460020100145,1.5,2025-11-22T18:15:00+00:00,84565.9,TIME,-0.4208143205286305,0.09833613957271085,-0.5191504601013414,96,
LINK,TREND_PULLBACK,SHORT,31226,31227,2025-11-22T06:30:00+00:00,2025-11-22T06:45:00+00:00,11.926,12.119093873382381,11.636359189926429,0.19309387338238082,1.5,2025-11-22T22:15:00+00:00,12.119093873382381,SL,-1.0,0.1618830338210479,-1.161883033821048,62,
DOGE,TREND_PULLBACK,SHORT,31193,31194,2025-11-21T22:15:00+00:00,2025-11-21T22:30:00+00:00,0.13953,0.14262827126769992,0.13488259309845008,0.0030982712676999313,1.5,2025-11-22T22:30:00+00:00,0.14044,TIME,-0.29371217733158017,0.11747228326788646,-0.4111844605994666,96,
ETH,TREND_PULLBACK,SHORT,31210,31211,2025-11-22T02:30:00+00:00,2025-11-22T02:45:00+00:00,2742.04,2789.9011484569874,2670.248277314519,47.861148456987394,1.5,2025-11-22T22:45:00+00:00,2789.9011484569874,SL,-1.0,0.15025806368723213,-1.1502580636872322,80,
CRV,TREND_PULLBACK,SHORT,31260,31261,2025-11-22T15:00:00+00:00,2025-11-22T15:15:00+00:00,0.368,0.3767964455790792,0.35480533163138117,0.008796445579079215,1.5,2025-11-22T22:45:00+00:00,0.3767964455790792,SL,-1.0,0.11007120666506243,-1.1100712066650624,30,
AVAX,TREND_PULLBACK,SHORT,31282,31283,2025-11-22T20:30:00+00:00,2025-11-22T20:45:00+00:00,13.198,13.290167513876504,13.059748729185245,0.0921675138765039,1.5,2025-11-22T22:45:00+00:00,13.290167513876504,SL,-1.0,0.3736090550752917,-1.3736090550752917,8,
AVAX,TREND_PULLBACK,SHORT,31297,31298,2025-11-23T00:15:00+00:00,2025-11-23T00:30:00+00:00,13.212,13.337043614661557,13.024434578007664,0.125043614661557,1.5,2025-11-23T02:15:00+00:00,13.337043614661557,SL,-1.0,0.276013747622979,-1.276013747622979,7,
DOGE,TREND_PULLBACK,SHORT,31325,31326,2025-11-23T07:15:00+00:00,2025-11-23T07:30:00+00:00,0.14207,0.14397909889587662,0.13920635165618506,0.0019090988958766208,1.5,2025-11-23T09:30:00+00:00,0.14397909889587662,SL,-1.0,0.1947850000687822,-1.1947850000687823,8,
CRV,TREND_PULLBACK,SHORT,31325,31326,2025-11-23T07:15:00+00:00,2025-11-23T07:30:00+00:00,0.375,0.38326388388740695,0.36260417416888957,0.008263883887406953,1.5,2025-11-23T12:00:00+00:00,0.38326388388740695,SL,-1.0,0.11928326468330089,-1.1192832646833009,18,
ADA,TREND_PULLBACK,SHORT,31336,31337,2025-11-23T10:00:00+00:00,2025-11-23T10:15:00+00:00,0.4094,0.4145119987775874,0.4017320018336189,0.00511199877758739,1.5,2025-11-23T12:00:00+00:00,0.4145119987775874,SL,-1.0,0.20952383695920263,-1.2095238369592027,7,
BTC,TREND_PULLBACK,SHORT,31339,31340,2025-11-23T10:45:00+00:00,2025-11-23T11:00:00+00:00,86024.0,86604.92556239618,85152.61165640573,580.9255623961799,1.5,2025-11-23T12:00:00+00:00,86604.92556239618,SL,-1.0,0.38631042900822915,-1.386310429008229,4,
SUI,TREND_PULLBACK,SHORT,31340,31341,2025-11-23T11:00:00+00:00,2025-11-23T11:15:00+00:00,1.3629,1.3826175665856164,1.3333236501215753,0.01971756658561641,1.5,2025-11-23T12:30:00+00:00,1.3826175665856164,SL,-1.0,0.18101487427789112,-1.1810148742778912,5,
AVAX,TREND_PULLBACK,SHORT,31339,31340,2025-11-23T10:45:00+00:00,2025-11-23T11:00:00+00:00,13.276,13.381016847549851,13.118474728675222,0.10501684754985163,1.5,2025-11-23T14:00:00+00:00,13.381016847549851,SL,-1.0,0.3299863089621353,-1.3299863089621353,12,
AVAX,TREND_PULLBACK,SHORT,31355,31356,2025-11-23T14:45:00+00:00,2025-11-23T15:00:00+00:00,13.276,13.392455978601925,13.101316032097113,0.11645597860192503,1.5,2025-11-23T15:30:00+00:00,13.392455978601925,SL,-1.0,0.2977004116782152,-1.2977004116782151,2,
CRV,TREND_PULLBACK,SHORT,31355,31356,2025-11-23T14:45:00+00:00,2025-11-23T15:00:00+00:00,0.38,0.38775283921805,0.368370741172925,0.007752839218049978,1.5,2025-11-23T15:45:00+00:00,0.38775283921805,SL,-1.0,0.12873718426402567,-1.1287371842640257,3,
BNB,TREND_PULLBACK,SHORT,31355,31356,2025-11-23T14:45:00+00:00,2025-11-23T15:00:00+00:00,844.54,851.8717257910229,833.5424113134657,7.331725791022905,1.5,2025-11-23T16:00:00+00:00,851.8717257910229,SL,-1.0,0.3007934702397874,-1.3007934702397874,4,
UNI,TREND_PULLBACK,SHORT,31362,31363,2025-11-23T16:30:00+00:00,2025-11-23T16:45:00+00:00,6.216,6.3110252498238655,6.073462125264202,0.09502524982386529,1.5,2025-11-23T17:15:00+00:00,6.073462125264202,TP,1.5000000000000047,0.16812690092850527,1.3318730990714993,2,
SUI,TREND_PULLBACK,SHORT,31352,31353,2025-11-23T14:00:00+00:00,2025-11-23T14:15:00+00:00,1.3724,1.3933593885208286,1.3409609172187573,0.02095938852082857,1.5,2025-11-23T21:45:00+00:00,1.3933593885208286,SL,-1.0,0.1715454246913755,-1.1715454246913755,30,
AVAX,TREND_PULLBACK,SHORT,31364,31365,2025-11-23T17:00:00+00:00,2025-11-23T17:15:00+00:00,13.304,13.447106569114805,13.089340146327793,0.14310656911480457,1.5,2025-11-23T21:45:00+00:00,13.447106569114805,SL,-1.0,0.2430107768983721,-1.243010776898372,18,
UNI,TREND_PULLBACK,SHORT,31388,31389,2025-11-23T23:00:00+00:00,2025-11-23T23:15:00+00:00,6.189,6.324185658015303,5.986221512977046,0.13518565801530258,1.5,2025-11-24T02:00:00+00:00,6.324185658015303,SL,-1.0,0.12033185764113014,-1.12033185764113,11,
ADA,TREND_PULLBACK,SHORT,31363,31364,2025-11-23T16:45:00+00:00,2025-11-23T17:00:00+00:00,0.4116,0.41893382836366816,0.4005992574544978,0.007333828363668138,1.5,2025-11-24T02:15:00+00:00,0.41893382836366816,SL,-1.0,0.14722105881582717,-1.1472210588158271,37,
ADA,TREND_PULLBACK,SHORT,31409,31410,2025-11-24T04:15:00+00:00,2025-11-24T04:30:00+00:00,0.4098,0.418469937755315,0.3967950933670275,0.008669937755314994,1.5,2025-11-24T05:00:00+00:00,0.418469937755315,SL,-1.0,0.12419361585633311,-1.124193615856333,2,
AVAX,TREND_PULLBACK,SHORT,31409,31410,2025-11-24T04:15:00+00:00,2025-11-24T04:30:00+00:00,13.316,13.496280770536812,13.045578844194784,0.18028077053681102,1.5,2025-11-24T05:00:00+00:00,13.496280770536812,SL,-1.0,0.19334266709593806,-1.193342667095938,2,
SUI,TREND_PULLBACK,SHORT,31409,31410,2025-11-24T04:15:00+00:00,2025-11-24T04:30:00+00:00,1.3732,1.4097541098185264,1.3183688352722103,0.03655410981852647,1.5,2025-11-24T05:00:00+00:00,1.4097541098185264,SL,-1.0,0.09897219110860359,-1.0989721911086037,2,
UNI,TREND_PULLBACK,SHORT,31409,31410,2025-11-24T04:15:00+00:00,2025-11-24T04:30:00+00:00,6.224,6.38864434768499,5.977033478472515,0.16464434768499014,1.5,2025-11-24T05:00:00+00:00,6.38864434768499,SL,-1.0,0.09958700606814255,-1.0995870060681425,2,
ADA,TREND_PULLBACK,SHORT,31448,31449,2025-11-24T14:00:00+00:00,2025-11-24T14:15:00+00:00,0.4063,0.41298347359160764,0.39627478961258855,0.006683473591607647,1.5,2025-11-24T15:30:00+00:00,0.41298347359160764,SL,-1.0,0.15935852832671962,-1.1593585283267196,5,
AVAX,TREND_PULLBACK,SHORT,31416,31417,2025-11-24T06:00:00+00:00,2025-11-24T06:15:00+00:00,13.408,13.609209821701802,13.106185267447296,0.20120982170180213,1.5,2025-11-24T16:15:00+00:00,13.609209821701802,SL,-1.0,0.17455595592279066,-1.1745559559227907,40,
SUI,TREND_PULLBACK,SHORT,31416,31417,2025-11-24T06:00:00+00:00,2025-11-24T06:15:00+00:00,1.3876,1.4246644384648068,1.3320033423027895,0.03706443846480689,1.5,2025-11-24T16:15:00+00:00,1.4246644384648068,SL,-1.0,0.0986375059607502,-1.0986375059607503,40,
UNI,TREND_PULLBACK,SHORT,31537,31538,2025-11-25T12:15:00+00:00,2025-11-25T12:30:00+00:00,6.171,6.229699019748678,6.082951470376983,0.05869901974867808,1.5,2025-11-25T13:45:00+00:00,6.082951470376983,TP,1.5,0.2713867621588149,1.2286132378411851,5,
UNI,TREND_PULLBACK,SHORT,31554,31555,2025-11-25T16:30:00+00:00,2025-11-25T16:45:00+00:00,6.028,6.146381626846838,5.8504275597297415,0.11838162684683873,1.5,2025-11-25T18:15:00+00:00,6.146381626846838,SL,-1.0,0.13369216606034104,-1.133692166060341,6,
UNI,TREND_PULLBACK,SHORT,31576,31577,2025-11-25T22:00:00+00:00,2025-11-25T22:15:00+00:00,6.086,6.204282681179592,5.908575978230613,0.11828268117959162,1.5,2025-11-25T22:45:00+00:00,6.204282681179592,SL,-1.0,0.13507782649325156,-1.1350778264932515,2,
UNI,TREND_PULLBACK,SHORT,31598,31599,2025-11-26T03:30:00+00:00,2025-11-26T03:45:00+00:00,6.198,6.299649244127349,6.045526133808977,0.10164924412734866,1.5,2025-11-26T12:00:00+00:00,6.045526133808977,TP,1.5000000000000044,0.15658339725587123,1.3434166027441332,33,
UNI,TREND_PULLBACK,SHORT,31642,31643,2025-11-26T14:30:00+00:00,2025-11-26T14:45:00+00:00,6.101,6.163668679649603,6.006996980525596,0.06266867964960277,1.5,2025-11-26T15:45:00+00:00,6.006996980525596,TP,1.5,0.2511684650561015,1.2488315349438985,4,
CRV,TREND_PULLBACK,SHORT,32137,32138,2025-12-01T18:15:00+00:00,2025-12-01T18:30:00+00:00,0.379,0.38789576430484257,0.3656563535427362,0.008895764304842568,1.5,2025-12-01T23:30:00+00:00,0.38789576430484257,SL,-1.0,0.11207181973712815,-1.1120718197371282,20,
FET,TREND_PULLBACK,SHORT,32116,32117,2025-12-01T13:00:00+00:00,2025-12-01T13:15:00+00:00,0.2283,0.23384680270722968,0.21997979593915548,0.005546802707229681,1.5,2025-12-02T01:00:00+00:00,0.23384680270722968,SL,-1.0,0.10831300034095863,-1.1083130003409587,47,
UNI,TREND_PULLBACK,SHORT,32164,32165,2025-12-02T01:00:00+00:00,2025-12-02T01:15:00+00:00,5.57,5.671374485987879,5.417938271018182,0.10137448598787913,1.5,2025-12-02T08:15:00+00:00,5.417938271018182,TP,1.5,0.14090645800198234,1.3590935419980177,28,
BNB,TREND_PULLBACK,SHORT,32172,32173,2025-12-02T03:00:00+00:00,2025-12-02T03:15:00+00:00,825.08,834.0799104158714,811.580134376193,8.99991041587134,1.5,2025-12-02T09:45:00+00:00,834.0799104158714,SL,-1.0,0.23965881701854785,-1.2396588170185479,26,
DOGE,TREND_PULLBACK,SHORT,32173,32174,2025-12-02T03:15:00+00:00,2025-12-02T03:30:00+00:00,0.13527,0.13688170575596498,0.13285244136605254,0.0016117057559649761,1.5,2025-12-02T10:45:00+00:00,0.13688170575596498,SL,-1.0,0.21951725131795263,-1.2195172513179526,29,
ADA,TREND_PULLBACK,SHORT,32192,32193,2025-12-02T08:00:00+00:00,2025-12-02T08:15:00+00:00,0.3879,0.3925142475466637,0.38097862868000454,0.0046142475466636745,1.5,2025-12-02T10:45:00+00:00,0.3925142475466637,SL,-1.0,0.21987084818286867,-1.2198708481828686,10,
XRP,TREND_PULLBACK,SHORT,32160,32161,2025-12-02T00:00:00+00:00,2025-12-02T00:15:00+00:00,2.0217,2.051228246416475,1.9774076303752879,0.02952824641647478,1.5,2025-12-02T14:00:00+00:00,2.051228246416475,SL,-1.0,0.17931328009330316,-1.1793132800933033,55,
FET,TREND_PULLBACK,SHORT,32171,32172,2025-12-02T02:45:00+00:00,2025-12-02T03:00:00+00:00,0.2287,0.23318451879773971,0.2219732218033904,0.004484518797739728,1.5,2025-12-02T14:15:00+00:00,0.23318451879773971,SL,-1.0,0.13389393634378305,-1.133893936343783,45,
CRV,TREND_PULLBACK,SHORT,32200,32201,2025-12-02T10:00:00+00:00,2025-12-02T10:15:00+00:00,0.378,0.38290583233406933,0.37064125149889604,0.004905832334069327,1.5,2025-12-02T14:15:00+00:00,0.38290583233406933,SL,-1.0,0.20163297778539852,-1.2016329777853985,16,
AVAX,TREND_PULLBACK,SHORT,32206,32207,2025-12-02T11:30:00+00:00,2025-12-02T11:45:00+00:00,12.904,13.103371366129618,12.604942950805572,0.19937136612961837,1.5,2025-12-02T14:15:00+00:00,13.103371366129618,SL,-1.0,0.16958093547890774,-1.1695809354789077,10,
CRV,TREND_PULLBACK,SHORT,32237,32238,2025-12-02T19:15:00+00:00,2025-12-02T19:30:00+00:00,0.393,0.4036334540475273,0.37704981892870904,0.010633454047527302,1.5,2025-12-03T01:30:00+00:00,0.37704981892870904,TP,1.5000000000000027,0.09414295299842941,1.4058570470015732,24,
CRV,TREND_PULLBACK,SHORT,32284,32285,2025-12-03T07:00:00+00:00,2025-12-03T07:15:00+00:00,0.389,0.3995730572959785,0.3731404140560323,0.01057305729597846,1.5,2025-12-03T17:45:00+00:00,0.3995730572959785,SL,-1.0,0.09695823504850329,-1.0969582350485032,42,
FET,TREND_PULLBACK,SHORT,32452,32453,2025-12-05T01:00:00+00:00,2025-12-05T01:15:00+00:00,0.2488,0.25326045945390047,0.24210931081914927,0.004460459453900473,1.5,2025-12-05T11:30:00+00:00,0.24210931081914927,TP,1.500000000000003,0.14307541872325108,1.356924581276752,41,
XRP,TREND_PULLBACK,SHORT,32544,32545,2025-12-06T00:00:00+00:00,2025-12-06T00:15:00+00:00,2.0214,2.0430930414421677,1.988860437836748,0.021693041442167882,1.5,2025-12-06T05:45:00+00:00,2.0430930414421677,SL,-1.0,0.24357308162440777,-1.2435730816244077,22,
UNI,TREND_PULLBACK,SHORT,32573,32574,2025-12-06T07:15:00+00:00,2025-12-06T07:30:00+00:00,5.486,5.534564116473699,5.413153825289451,0.04856411647369896,1.5,2025-12-06T14:15:00+00:00,5.534564116473699,SL,-1.0,0.2950065684644914,-1.2950065684644914,27,
FET,TREND_PULLBACK,SHORT,32579,32580,2025-12-06T08:45:00+00:00,2025-12-06T09:00:00+00:00,0.2342,0.2374376939217294,0.2293434591174059,0.003237693921729401,1.5,2025-12-06T14:15:00+00:00,0.2374376939217294,SL,-1.0,0.18937213242527506,-1.189372132425275,21,
XRP,TREND_PULLBACK,SHORT,32570,32571,2025-12-06T06:30:00+00:00,2025-12-06T06:45:00+00:00,2.0363,2.052239790547007,2.01239031417949,0.015939790547006893,1.5,2025-12-07T03:15:00+00:00,2.052239790547007,SL,-1.0,0.33344865555395625,-1.3334486555539562,82,
DOGE,TREND_PULLBACK,SHORT,32604,32605,2025-12-06T15:00:00+00:00,2025-12-06T15:15:00+00:00,0.13955,0.14065969437485168,0.13788545843772249,0.0011096943748516719,1.5,2025-12-07T06:00:00+00:00,0.14065969437485168,SL,-1.0,0.32826389945069145,-1.3282638994506915,59,
UNI,TREND_PULLBACK,SHORT,32620,32621,2025-12-06T19:00:00+00:00,2025-12-06T19:15:00+00:00,5.558,5.631913449921513,5.447129825117729,0.0739134499215135,1.5,2025-12-07T06:45:00+00:00,5.631913449921513,SL,-1.0,0.19680974843340251,-1.1968097484334026,46,
FET,TREND_PULLBACK,SHORT,32619,32620,2025-12-06T18:45:00+00:00,2025-12-06T19:00:00+00:00,0.2356,0.23831272915381027,0.2315309062692846,0.002712729153810267,1.5,2025-12-07T08:00:00+00:00,0.2315309062692846,TP,1.5,0.22385949489174234,1.2761405051082577,52,
DOGE,TREND_PULLBACK,SHORT,32668,32669,2025-12-07T07:00:00+00:00,2025-12-07T07:15:00+00:00,0.13989,0.14084736803483205,0.1384539479477519,0.0009573680348320679,1.5,2025-12-07T09:45:00+00:00,0.1384539479477519,TP,1.4999999999999856,0.37796032368633353,1.122039676313652,10,
BTC,TREND_PULLBACK,SHORT,32675,32676,2025-12-07T08:45:00+00:00,2025-12-07T09:00:00+00:00,89269.4,89671.77907212006,88665.8313918199,402.37907212006394,1.5,2025-12-07T13:15:00+00:00,88665.8313918199,TP,1.5,0.5748703569263779,0.9251296430736221,17,
DOGE,TREND_PULLBACK,SHORT,32692,32693,2025-12-07T13:00:00+00:00,2025-12-07T13:15:00+00:00,0.13895,0.14000658992311474,0.13736511511532787,0.001056589923114748,1.5,2025-12-07T14:15:00+00:00,0.13736511511532787,TP,1.5,0.339970732061312,1.1600292679386879,4,
FET,TREND_PULLBACK,SHORT,32692,32693,2025-12-07T13:00:00+00:00,2025-12-07T13:15:00+00:00,0.2306,0.2330294001141784,0.22695589982873243,0.002429400114178387,1.5,2025-12-07T14:15:00+00:00,0.22695589982873243,TP,1.4999999999999942,0.2448434353426869,1.2551565646573073,4,
BTC,TREND_PULLBACK,SHORT,32701,32702,2025-12-07T15:15:00+00:00,2025-12-07T15:30:00+00:00,88703.0,89540.5105790021,87446.73413149684,837.5105790021044,1.5,2025-12-07T15:45:00+00:00,89540.5105790021,SL,-1.0,0.27667299919816357,-1.2766729991981636,1,
UNI,TREND_PULLBACK,SHORT,32704,32705,2025-12-07T16:00:00+00:00,2025-12-07T16:15:00+00:00,5.475,5.568489920120357,5.334765119819464,0.09348992012035762,1.5,2025-12-07T17:15:00+00:00,5.568489920120357,SL,-1.0,0.15356240413591177,-1.1535624041359118,4,
UNI,TREND_PULLBACK,SHORT,32870,32871,2025-12-09T09:30:00+00:00,2025-12-09T09:45:00+00:00,5.445,5.5021589779144655,5.3592615331283024,0.057158977914465225,1.5,2025-12-09T12:15:00+00:00,5.5021589779144655,SL,-1.0,0.24897762679705457,-1.2489776267970545,10,
UNI,TREND_PULLBACK,SHORT,32886,32887,2025-12-09T13:30:00+00:00,2025-12-09T13:45:00+00:00,5.486,5.555311432969667,5.3820328505454995,0.06931143296966713,1.5,2025-12-09T15:00:00+00:00,5.555311432969667,SL,-1.0,0.20709000301786,-1.20709000301786,5,
DOGE,TREND_PULLBACK,SHORT,32890,32891,2025-12-09T14:30:00+00:00,2025-12-09T14:45:00+00:00,0.14095,0.1425114201465406,0.13860786978018907,0.0015614201465406208,1.5,2025-12-09T15:00:00+00:00,0.1425114201465406,SL,-1.0,0.23600300470499674,-1.2360030047049968,1,
UNI,TREND_PULLBACK,SHORT,33055,33056,2025-12-11T07:45:00+00:00,2025-12-11T08:00:00+00:00,5.353,5.405965529447071,5.273551705829393,0.05296552944707145,1.5,2025-12-11T11:30:00+00:00,5.405965529447071,SL,-1.0,0.26407090298716046,-1.2640709029871604,14,
FET,TREND_PULLBACK,SHORT,33103,33104,2025-12-11T19:45:00+00:00,2025-12-11T20:00:00+00:00,0.2391,0.2451441760353473,0.23003373594697907,0.006044176035347293,1.5,2025-12-11T21:15:00+00:00,0.2451441760353473,SL,-1.0,0.10415272903443488,-1.1041527290344348,5,
FET,TREND_PULLBACK,SHORT,33132,33133,2025-12-12T03:00:00+00:00,2025-12-12T03:15:00+00:00,0.2408,0.24418149530680647,0.23572775703979026,0.0033814953068064812,1.5,2025-12-12T06:00:00+00:00,0.24418149530680647,SL,-1.0,0.1864488596597451,-1.1864488596597451,11,
ADA,TREND_PULLBACK,SHORT,33328,33329,2025-12-14T04:00:00+00:00,2025-12-14T04:15:00+00:00,0.409,0.4116725562865751,0.40499116557013726,0.002672556286575145,1.5,2025-12-14T10:00:00+00:00,0.40499116557013726,TP,1.5,0.3959462034744408,1.1040537965255592,23,
ADA,TREND_PULLBACK,SHORT,33436,33437,2025-12-15T07:00:00+00:00,2025-12-15T07:15:00+00:00,0.4023,0.4076000802458976,0.39434987963115353,0.00530008024589762,1.5,2025-12-15T14:45:00+00:00,0.39434987963115353,TP,1.5000000000000053,0.19540172893082358,1.3045982710691817,30,
XRP,TREND_PULLBACK,SHORT,33504,33505,2025-12-16T00:00:00+00:00,2025-12-16T00:15:00+00:00,1.8894,1.9035537286235171,1.8681694070647241,0.014153728623517159,1.5,2025-12-16T01:45:00+00:00,1.8681694070647241,TP,1.5000000000000078,0.34512744726981165,1.1548725527301962,6,
ETH,TREND_PULLBACK,SHORT,33507,33508,2025-12-16T00:45:00+00:00,2025-12-16T01:00:00+00:00,2941.43,2982.876022384483,2879.260966423275,41.44602238448306,1.5,2025-12-16T04:45:00+00:00,2879.260966423275,TP,1.5000000000000056,0.18257236330556106,1.3174276366944444,15,
DOGE,TREND_PULLBACK,SHORT,33507,33508,2025-12-16T00:45:00+00:00,2025-12-16T01:00:00+00:00,0.12881,0.13049949184269463,0.12627576223595807,0.0016894918426946237,1.5,2025-12-16T10:30:00+00:00,0.13049949184269463,SL,-1.0,0.19952883516611003,-1.19952883516611,38,
LINK,TREND_PULLBACK,SHORT,33507,33508,2025-12-16T00:45:00+00:00,2025-12-16T01:00:00+00:00,12.714,12.920852340544224,12.403721489183665,0.20685234054422352,1.5,2025-12-16T10:30:00+00:00,12.920852340544224,SL,-1.0,0.16110674868376837,-1.1611067486837683,38,
ADA,TREND_PULLBACK,SHORT,33514,33515,2025-12-16T02:30:00+00:00,2025-12-16T02:45:00+00:00,0.383,0.3893864182130577,0.3734203726804135,0.006386418213057687,1.5,2025-12-16T10:30:00+00:00,0.3893864182130577,SL,-1.0,0.1572246461442166,-1.1572246461442166,31,
FET,TREND_PULLBACK,SHORT,33532,33533,2025-12-16T07:00:00+00:00,2025-12-16T07:15:00+00:00,0.2195,0.22227211816901815,0.2153418227464728,0.0027721181690181507,1.5,2025-12-16T10:30:00+00:00,0.22227211816901815,SL,-1.0,0.2071714546797746,-1.2071714546797745,13,
AVAX,TREND_PULLBACK,SHORT,33533,33534,2025-12-16T07:15:00+00:00,2025-12-16T07:30:00+00:00,12.216,12.367385267221072,11.98892209916839,0.15138526722107315,1.5,2025-12-16T10:30:00+00:00,12.367385267221072,SL,-1.0,0.21110641368236602,-1.211106413682366,12,
AVAX,TREND_PULLBACK,SHORT,33555,33556,2025-12-16T12:45:00+00:00,2025-12-16T13:00:00+00:00,12.236,12.384883182567446,12.012675226148833,0.14888318256744526,1.5,2025-12-16T13:30:00+00:00,12.384883182567446,SL,-1.0,0.21498162240613167,-1.2149816224061316,2,
BNB,TREND_PULLBACK,SHORT,33558,33559,2025-12-16T13:30:00+00:00,2025-12-16T13:45:00+00:00,864.24,872.9675716595538,851.1486425106693,8.727571659553746,1.5,2025-12-16T14:45:00+00:00,872.9675716595538,SL,-1.0,0.2587626812190384,-1.2587626812190384,4,
DOGE,TREND_PULLBACK,SHORT,33558,33559,2025-12-16T13:30:00+00:00,2025-12-16T13:45:00+00:00,0.13032,0.13219776663743213,0.12750335004385177,0.0018777666374321378,1.5,2025-12-16T14:45:00+00:00,0.13219776663743213,SL,-1.0,0.1817441474492036,-1.1817441474492036,4,
ADA,TREND_PULLBACK,SHORT,33558,33559,2025-12-16T13:30:00+00:00,2025-12-16T13:45:00+00:00,0.3835,0.3906869620623781,0.3727195569064329,0.007186962062378066,1.5,2025-12-16T15:45:00+00:00,0.3906869620623781,SL,-1.0,0.14003734010919122,-1.1400373401091912,8,
ETH,TREND_PULLBACK,SHORT,33558,33559,2025-12-16T13:30:00+00:00,2025-12-16T13:45:00+00:00,2931.23,2973.5645679510008,2867.728148073499,42.334567951000736,1.5,2025-12-16T15:45:00+00:00,2973.5645679510008,SL,-1.0,0.1813230489849571,-1.181323048984957,8,
LINK,TREND_PULLBACK,SHORT,33562,33563,2025-12-16T14:30:00+00:00,2025-12-16T14:45:00+00:00,12.827,13.088753958185487,12.43436906272177,0.2617539581854871,1.5,2025-12-16T15:45:00+00:00,13.088753958185487,SL,-1.0,0.12871048972549634,-1.1287104897254963,4,
UNI,TREND_PULLBACK,SHORT,33596,33597,2025-12-16T23:00:00+00:00,2025-12-16T23:15:00+00:00,5.18,5.221321337935403,5.118017993096895,0.04132133793540316,1.5,2025-12-17T01:15:00+00:00,5.221321337935403,SL,-1.0,0.32723329918441324,-1.3272332991844134,8,
BTC,TREND_PULLBACK,SHORT,33600,33601,2025-12-17T00:00:00+00:00,2025-12-17T00:15:00+00:00,87500.9,88070.7418187012,86646.13727194819,569.8418187011994,1.5,2025-12-17T05:00:00+00:00,86646.13727194819,TP,1.5000000000000129,0.3972877051556696,1.1027122948443433,19,
ADA,TREND_PULLBACK,SHORT,33606,33607,2025-12-17T01:30:00+00:00,2025-12-17T01:45:00+00:00,0.3846,0.38890784959071273,0.3781382256139309,0.004307849590712731,1.5,2025-12-17T05:00:00+00:00,0.3781382256139309,TP,1.5,0.23017509604694836,1.2698249039530516,13,
DOGE,TREND_PULLBACK,SHORT,33596,33597,2025-12-16T23:00:00+00:00,2025-12-16T23:15:00+00:00,0.13156,0.13265232125460386,0.12992151811809424,0.0010923212546038452,1.5,2025-12-17T05:30:00+00:00,0.12992151811809424,TP,1.5,0.3111959710761138,1.1888040289238861,25,
LINK,TREND_PULLBACK,SHORT,33600,33601,2025-12-17T00:00:00+00:00,2025-12-17T00:15:00+00:00,12.852,13.013345664136356,12.609981503795467,0.16134566413635554,1.5,2025-12-17T09:15:00+00:00,12.609981503795467,TP,1.5,0.20515317924478177,1.2948468207552182,36,
BTC,TREND_PULLBACK,SHORT,33626,33627,2025-12-17T06:30:00+00:00,2025-12-17T06:45:00+00:00,86769.4,87245.19389274123,86055.70916088815,475.7938927412324,1.5,2025-12-17T13:00:00+00:00,87245.19389274123,SL,-1.0,0.47545581293031886,-1.4754558129303188,25,
CRV,TREND_PULLBACK,SHORT,33558,33559,2025-12-16T13:30:00+00:00,2025-12-16T13:45:00+00:00,0.364,0.3725969824857089,0.3511045262714366,0.008596982485708893,1.5,2025-12-17T13:45:00+00:00,0.361,TIME,0.3489596500850179,0.10963149006837634,0.23932816001664153,96,
UNI,TREND_PULLBACK,SHORT,33643,33644,2025-12-17T10:45:00+00:00,2025-12-17T11:00:00+00:00,5.066,5.113270809729379,4.995093785405931,0.047270809729378804,1.5,2025-12-17T13:45:00+00:00,5.113270809729379,SL,-1.0,0.2799413026433488,-1.2799413026433488,11,
ADA,TREND_PULLBACK,SHORT,33652,33653,2025-12-17T13:00:00+00:00,2025-12-17T13:15:00+00:00,0.3794,0.3827924023117091,0.3743113965324364,0.003392402311709064,1.5,2025-12-17T13:45:00+00:00,0.3827924023117091,SL,-1.0,0.292079191075082,-1.292079191075082,2,
FET,TREND_PULLBACK,SHORT,33656,33657,2025-12-17T14:00:00+00:00,2025-12-17T14:15:00+00:00,0.2137,0.21626972337852865,0.20984541493220704,0.002569723378528649,1.5,2025-12-17T14:15:00+00:00,0.21626972337852865,SL,-1.0,0.21751782509451753,-1.2175178250945176,0,True
ETH,TREND_PULLBACK,SHORT,33633,33634,2025-12-17T08:15:00+00:00,2025-12-17T08:30:00+00:00,2928.35,2955.3480278790285,2887.8529581814573,26.99802787902854,1.5,2025-12-17T14:45:00+00:00,2955.3480278790285,SL,-1.0,0.28330985768720385,-1.283309857687204,25,
CRV,TREND_PULLBACK,SHORT,33658,33659,2025-12-17T14:30:00+00:00,2025-12-17T14:45:00+00:00,0.358,0.36378016558800763,0.3493297516179885,0.005780165588007646,1.5,2025-12-17T14:45:00+00:00,0.36378016558800763,SL,-1.0,0.1623334489259564,-1.1623334489259565,0,True
LINK,TREND_PULLBACK,SHORT,33658,33659,2025-12-17T14:30:00+00:00,2025-12-17T14:45:00+00:00,12.67,12.839711560788704,12.415432658816943,0.16971156078870386,1.5,2025-12-17T14:45:00+00:00,12.839711560788704,SL,-1.0,0.19540581015758735,-1.1954058101575873,0,True
UNI,TREND_PULLBACK,SHORT,33658,33659,2025-12-17T14:30:00+00:00,2025-12-17T14:45:00+00:00,5.083,5.151045739717453,4.98093139042382,0.0680457397174532,1.5,2025-12-17T14:45:00+00:00,5.151045739717453,SL,-1.0,0.19551935972591467,-1.1955193597259146,0,True
BNB,TREND_PULLBACK,SHORT,33633,33634,2025-12-17T08:15:00+00:00,2025-12-17T08:30:00+00:00,864.45,871.0724422929662,854.5163365605508,6.622442292966184,1.5,2025-12-17T15:00:00+00:00,871.0724422929662,SL,-1.0,0.3406868758036873,-1.3406868758036872,26,
LINK,TREND_PULLBACK,SHORT,33662,33663,2025-12-17T15:30:00+00:00,2025-12-17T15:45:00+00:00,12.742,13.072549169296288,12.24617624605557,0.33054916929628675,1.5,2025-12-17T16:15:00+00:00,12.24617624605557,TP,1.5,0.09827472623522084,1.4017252737647792,2,
SOL,TREND_PULLBACK,SHORT,33662,33663,2025-12-17T15:30:00+00:00,2025-12-17T15:45:00+00:00,129.02,132.3499055270725,124.02514170939126,3.3299055270724978,1.5,2025-12-17T16:30:00+00:00,124.02514170939126,TP,1.5,0.09878919433231316,1.4012108056676869,3,
ADA,TREND_PULLBACK,SHORT,33663,33664,2025-12-17T15:45:00+00:00,2025-12-17T16:00:00+00:00,0.3818,0.3924802130546178,0.3657796804180733,0.010680213054617804,1.5,2025-12-17T18:45:00+00:00,0.3657796804180733,TP,1.4999999999999973,0.09099571137518599,1.4090042886248113,11,
ADA,TREND_PULLBACK,SHORT,33698,33699,2025-12-18T00:30:00+00:00,2025-12-18T00:45:00+00:00,0.3655,0.3699607738434276,0.3588088392348585,0.0044607738434276345,1.5,2025-12-18T13:00:00+00:00,0.3699607738434276,SL,-1.0,0.21433478574690407,-1.214334785746904,49,
DOGE,TREND_PULLBACK,SHORT,33700,33701,2025-12-18T01:00:00+00:00,2025-12-18T01:15:00+00:00,0.12569,0.1271185176150007,0.12354722357749894,0.0014285176150007073,1.5,2025-12-18T13:00:00+00:00,0.1271185176150007,SL,-1.0,0.23006441744110948,-1.2300644174411095,47,
BNB,TREND_PULLBACK,SHORT,33700,33701,2025-12-18T01:00:00+00:00,2025-12-18T01:15:00+00:00,840.42,848.1624794711349,828.8062807932974,7.7424794711349705,1.5,2025-12-18T13:30:00+00:00,848.1624794711349,SL,-1.0,0.2835212197199003,-1.2835212197199004,49,
BTC,TREND_PULLBACK,SHORT,33663,33664,2025-12-17T15:45:00+00:00,2025-12-17T16:00:00+00:00,87191.0,88870.25981488849,84672.11027766726,1679.2598148884863,1.5,2025-12-18T13:45:00+00:00,88870.25981488849,SL,-1.0,0.13629793062996273,-1.1362979306299628,87,
BNB,TREND_PULLBACK,SHORT,33754,33755,2025-12-18T14:30:00+00:00,2025-12-18T14:45:00+00:00,839.16,850.1575018638047,822.6637472042929,10.9975018638047,1.5,2025-12-18T15:30:00+00:00,850.1575018638047,SL,-1.0,0.19969196455886554,-1.1996919645588655,3,
CRV,TREND_PULLBACK,SHORT,33668,33669,2025-12-17T17:00:00+00:00,2025-12-17T17:15:00+00:00,0.357,0.3706835047238965,0.33647474291415524,0.013683504723896511,1.5,2025-12-18T17:15:00+00:00,0.346,TIME,0.8038876166564185,0.06678844480566365,0.7370991718507549,96,
FET,TREND_PULLBACK,SHORT,33754,33755,2025-12-18T14:30:00+00:00,2025-12-18T14:45:00+00:00,0.2062,0.21152849198024437,0.19820726202963343,0.005328491980244376,1.5,2025-12-18T17:15:00+00:00,0.19820726202963343,TP,1.5,0.09866383257921545,1.4013361674207845,10,
CRV,TREND_PULLBACK,SHORT,33802,33803,2025-12-19T02:30:00+00:00,2025-12-19T02:45:00+00:00,0.338,0.34102277121982005,0.33346584317026995,0.0030227712198200307,1.5,2025-12-19T03:00:00+00:00,0.34102277121982005,SL,-1.0,0.29202660022623933,-1.2920266002262393,1,
LINK,TREND_PULLBACK,SHORT,33849,33850,2025-12-19T14:15:00+00:00,2025-12-19T14:30:00+00:00,12.418,12.545297342189604,12.227053986715593,0.1272973421896051,1.5,2025-12-19T14:30:00+00:00,12.545297342189604,SL,-1.0,0.2549329466479347,-1.2549329466479346,0,True
BNB,TREND_PULLBACK,SHORT,33849,33850,2025-12-19T14:15:00+00:00,2025-12-19T14:30:00+00:00,846.18,851.9983218404977,837.4525172392532,5.818321840497788,1.5,2025-12-19T15:15:00+00:00,851.9983218404977,SL,-1.0,0.37942758735459925,-1.3794275873545994,3,
BNB,TREND_PULLBACK,SHORT,33863,33864,2025-12-19T17:45:00+00:00,2025-12-19T18:00:00+00:00,845.32,854.4442608707033,831.6336086939452,9.12426087070321,1.5,2025-12-19T19:30:00+00:00,854.4442608707033,SL,-1.0,0.2421778125861073,-1.2421778125861074,6,
LINK,TREND_PULLBACK,SHORT,33862,33863,2025-12-19T17:30:00+00:00,2025-12-19T17:45:00+00:00,12.473,12.721209671498077,12.100685492752888,0.24820967149807593,1.5,2025-12-20T17:45:00+00:00,12.596,TIME,-0.4955487804227355,0.13129907389709686,-0.6268478543198324,96,
SUI,TREND_PULLBACK,SHORT,34211,34212,2025-12-23T08:45:00+00:00,2025-12-23T09:00:00+00:00,1.4297,1.4460352864687789,1.4051970702968317,0.01633528646877891,1.5,2025-12-23T14:45:00+00:00,1.4051970702968317,TP,1.4999999999999931,0.22560768667446388,1.2743923133255293,23,
DOGE,TREND_PULLBACK,SHORT,34224,34225,2025-12-23T12:00:00+00:00,2025-12-23T12:15:00+00:00,0.13046,0.1316140971114359,0.12872885433284614,0.0011540971114359089,1.5,2025-12-23T14:45:00+00:00,0.12872885433284614,TP,1.499999999999988,0.29195594312984446,1.2080440568701436,10,
BNB,TREND_PULLBACK,SHORT,34331,34332,2025-12-24T14:45:00+00:00,2025-12-24T15:00:00+00:00,838.82,844.2350192521714,830.6974711217431,5.415019252171305,1.5,2025-12-24T16:30:00+00:00,844.2350192521714,SL,-1.0,0.40405609345719196,-1.404056093457192,6,
BNB,TREND_PULLBACK,SHORT,34367,34368,2025-12-24T23:45:00+00:00,2025-12-25T00:00:00+00:00,846.89,850.7928766179458,841.0356850730813,3.9028766179458216,1.5,2025-12-25T08:15:00+00:00,841.0356850730813,TP,1.5,0.5622271994214155,0.9377728005785845,33,
BNB,TREND_PULLBACK,SHORT,34456,34457,2025-12-25T22:00:00+00:00,2025-12-25T22:15:00+00:00,840.99,844.4635074612096,835.7797388081856,3.4735074612095787,1.5,2025-12-25T22:45:00+00:00,835.7797388081856,TP,1.5000000000000164,0.6275503032003189,0.8724496967996975,2,
DOGE,TREND_PULLBACK,SHORT,34495,34496,2025-12-26T07:45:00+00:00,2025-12-26T08:00:00+00:00,0.12531,0.126728262382281,0.12318260642657852,0.0014182623822809881,1.5,2025-12-26T14:45:00+00:00,0.12318260642657852,TP,1.5,0.22777194995118388,1.2722280500488161,27,
ADA,TREND_PULLBACK,SHORT,34494,34495,2025-12-26T07:30:00+00:00,2025-12-26T07:45:00+00:00,0.3531,0.35825842510002387,0.34536236234996426,0.005158425100023845,1.5,2025-12-26T15:00:00+00:00,0.34536236234996426,TP,1.5,0.1760229243322262,1.3239770756677738,29,
SUI,TREND_PULLBACK,SHORT,34494,34495,2025-12-26T07:30:00+00:00,2025-12-26T07:45:00+00:00,1.3999,1.4177372862139008,1.3731440706791487,0.017837286213900905,1.5,2025-12-26T15:00:00+00:00,1.3731440706791487,TP,1.4999999999999938,0.2021023404935605,1.2978976595064333,29,
ADA,TREND_PULLBACK,SHORT,34552,34553,2025-12-26T22:00:00+00:00,2025-12-26T22:15:00+00:00,0.3487,0.35191656997281934,0.343875145040771,0.0032165699728193275,1.5,2025-12-27T01:15:00+00:00,0.35191656997281934,SL,-1.0,0.2831592499653742,-1.2831592499653741,12,
DOGE,TREND_PULLBACK,SHORT,34547,34548,2025-12-26T20:45:00+00:00,2025-12-26T21:00:00+00:00,0.12212,0.1228912545774485,0.12096311813382726,0.0007712545774484908,1.5,2025-12-27T03:15:00+00:00,0.1228912545774485,SL,-1.0,0.41298248368834534,-1.4129824836883453,25,
SOL,TREND_PULLBACK,SHORT,34560,34561,2025-12-27T00:00:00+00:00,2025-12-27T00:15:00+00:00,122.17,122.75641949626728,121.29037075559907,0.5864194962672826,1.5,2025-12-27T03:15:00+00:00,122.75641949626728,SL,-1.0,0.5429634372183676,-1.5429634372183676,12,
BNB,TREND_PULLBACK,SHORT,34568,34569,2025-12-27T02:00:00+00:00,2025-12-27T02:15:00+00:00,835.15,837.6313034807379,831.4280447788931,2.4813034807378926,1.5,2025-12-27T06:00:00+00:00,837.6313034807379,SL,-1.0,0.876400533593041,-1.8764005335930412,15,
LINK,TREND_PULLBACK,SHORT,34552,34553,2025-12-26T22:00:00+00:00,2025-12-26T22:15:00+00:00,12.172,12.280304933001803,12.009542600497298,0.10830493300180244,1.5,2025-12-27T08:15:00+00:00,12.280304933001803,SL,-1.0,0.293504603454889,-1.293504603454889,40,
SUI,TREND_PULLBACK,SHORT,34594,34595,2025-12-27T08:30:00+00:00,2025-12-27T08:45:00+00:00,1.4005,1.4081210778772282,1.389068383184158,0.0076210778772281,1.5,2025-12-27T09:45:00+00:00,1.4081210778772282,SL,-1.0,0.47909330675523754,-1.4790933067552374,4,
BNB,TREND_PULLBACK,SHORT,34597,34598,2025-12-27T09:15:00+00:00,2025-12-27T09:30:00+00:00,838.84,842.9403080300231,832.6895379549655,4.1003080300230295,1.5,2025-12-27T10:15:00+00:00,842.9403080300231,SL,-1.0,0.5332073552597829,-1.533207355259783,3,
DOGE,TREND_PULLBACK,SHORT,34595,34596,2025-12-27T08:45:00+00:00,2025-12-27T09:00:00+00:00,0.12247,0.12307098583783461,0.12156852124324807,0.0006009858378346195,1.5,2025-12-27T12:00:00+00:00,0.12307098583783461,SL,-1.0,0.5311327846581038,-1.5311327846581038,12,
ADA,TREND_PULLBACK,SHORT,34601,34602,2025-12-27T10:15:00+00:00,2025-12-27T10:30:00+00:00,0.3531,0.3556206781402727,0.349318982789591,0.0025206781402726808,1.5,2025-12-27T12:00:00+00:00,0.3556206781402727,SL,-1.0,0.3655115132956588,-1.3655115132956588,6,
SOL,TREND_PULLBACK,SHORT,34595,34596,2025-12-27T08:45:00+00:00,2025-12-27T09:00:00+00:00,122.82,123.46548735463419,121.8517689680487,0.6454873546341986,1.5,2025-12-27T15:30:00+00:00,123.46548735463419,SL,-1.0,0.4960145714124288,-1.4960145714124287,26,
XRP,TREND_PULLBACK,SHORT,34602,34603,2025-12-27T10:30:00+00:00,2025-12-27T10:45:00+00:00,1.8455,1.852978822108535,1.8342817668371971,0.007478822108535121,1.5,2025-12-27T18:00:00+00:00,1.852978822108535,SL,-1.0,0.6428849889682486,-1.6428849889682486,29,
DOGE,TREND_PULLBACK,SHORT,34625,34626,2025-12-27T16:15:00+00:00,2025-12-27T16:30:00+00:00,0.12279,0.12343002107897062,0.12182996838154406,0.0006400210789706262,1.5,2025-12-27T21:00:00+00:00,0.12343002107897062,SL,-1.0,0.5001179459862011,-1.500117945986201,18,
DOGE,TREND_PULLBACK,SHORT,34689,34690,2025-12-28T08:15:00+00:00,2025-12-28T08:30:00+00:00,0.1239,0.12449718901536105,0.12300421647695842,0.0005971890153610576,1.5,2025-12-28T14:15:00+00:00,0.12449718901536105,SL,-1.0,0.5407272026340533,-1.5407272026340533,23,
DOGE,TREND_PULLBACK,SHORT,34719,34720,2025-12-28T15:45:00+00:00,2025-12-28T16:00:00+00:00,0.12421,0.12499274877606326,0.12303587683590511,0.0007827487760632551,1.5,2025-12-28T21:00:00+00:00,0.12303587683590511,TP,1.5000000000000089,0.4106293739649389,1.08937062603507,20,
DOGE,TREND_PULLBACK,SHORT,34748,34749,2025-12-28T23:00:00+00:00,2025-12-28T23:15:00+00:00,0.12335,0.12430759904023199,0.12191360143965202,0.0009575990402319878,1.5,2025-12-29T00:15:00+00:00,0.12430759904023199,SL,-1.0,0.3362105278158015,-1.3362105278158016,4,
UNI,TREND_PULLBACK,LONG,34758,34759,2025-12-29T01:30:00+00:00,2025-12-29T01:45:00+00:00,6.23,6.12152967316294,6.39270549025559,0.10847032683706015,1.5,2025-12-29T02:15:00+00:00,6.39270549025559,TP,1.499999999999996,0.1512811624692714,1.3487188375307246,2,
LINK,TREND_PULLBACK,SHORT,34857,34858,2025-12-30T02:15:00+00:00,2025-12-30T02:30:00+00:00,12.315,12.399628305021048,12.188057542468426,0.08462830502104879,1.5,2025-12-30T03:45:00+00:00,12.399628305021048,SL,-1.0,0.37964859143210083,-1.3796485914321008,5,
ADA,TREND_PULLBACK,SHORT,34855,34856,2025-12-30T01:45:00+00:00,2025-12-30T02:00:00+00:00,0.3524,0.3561152219045971,0.34682716714310435,0.00371522190459711,1.5,2025-12-30T08:00:00+00:00,0.3561152219045971,SL,-1.0,0.24791783966827682,-1.2479178396682769,24,
ADA,TREND_PULLBACK,SHORT,34905,34906,2025-12-30T14:15:00+00:00,2025-12-30T14:30:00+00:00,0.3516,0.354898383604476,0.34665242459328605,0.003298383604475985,1.5,2025-12-30T14:45:00+00:00,0.354898383604476,SL,-1.0,0.2784539364795117,-1.2784539364795118,1,
ADA,TREND_PULLBACK,SHORT,34912,34913,2025-12-30T16:00:00+00:00,2025-12-30T16:15:00+00:00,0.3528,0.35770723038555724,0.3454391544216642,0.0049072303855572375,1.5,2025-12-31T13:30:00+00:00,0.3454391544216642,TP,1.4999999999999944,0.18497417676164168,1.3150258232383527,85,
DOGE,TREND_PULLBACK,SHORT,34908,34909,2025-12-30T15:00:00+00:00,2025-12-30T15:15:00+00:00,0.12409,0.12568366937881678,0.12169949593177484,0.0015936693788167755,1.5,2025-12-31T15:00:00+00:00,0.12169949593177484,TP,1.5,0.20049726057266692,1.299502739427333,95,
ADA,TREND_PULLBACK,SHORT,35056,35057,2026-01-01T04:00:00+00:00,2026-01-01T04:15:00+00:00,0.3321,0.33454931341986516,0.3284260298702023,0.002449313419865151,1.5,2026-01-01T05:15:00+00:00,0.33454931341986516,SL,-1.0,0.3538314453417475,-1.3538314453417475,4,
FET,TREND_PULLBACK,SHORT,35061,35062,2026-01-01T05:15:00+00:00,2026-01-01T05:30:00+00:00,0.1995,0.20078883187101226,0.19756675219348163,0.0012888318710122526,1.5,2026-01-01T09:00:00+00:00,0.20078883187101226,SL,-1.0,0.40375745908860206,-1.403757459088602,14,
FET,TREND_PULLBACK,SHORT,35090,35091,2026-01-01T12:30:00+00:00,2026-01-01T12:45:00+00:00,0.2006,0.20241435820565193,0.1978784626915221,0.001814358205651928,1.5,2026-01-01T13:15:00+00:00,0.20241435820565193,SL,-1.0,0.2887625299322275,-1.2887625299322276,2,
DOGE,TREND_PULLBACK,SHORT,35097,35098,2026-01-01T14:15:00+00:00,2026-01-01T14:30:00+00:00,0.12035,0.12116299999529316,0.11913050000706026,0.0008129999952931621,1.5,2026-01-01T15:15:00+00:00,0.12116299999529316,SL,-1.0,0.3861831510597572,-1.386183151059757,3,
XRP,TREND_PULLBACK,SHORT,35097,35098,2026-01-01T14:15:00+00:00,2026-01-01T14:30:00+00:00,1.8524,1.8610467219558962,1.8394299170661559,0.008646721955896108,1.5,2026-01-01T15:45:00+00:00,1.8610467219558962,SL,-1.0,0.5583018354430671,-1.558301835443067,5,
CRV,TREND_PULLBACK,LONG,35464,35465,2026-01-05T10:00:00+00:00,2026-01-05T10:15:00+00:00,0.427,0.4186358390438727,0.43954624143419097,0.008364160956127298,1.5,2026-01-05T11:30:00+00:00,0.4186358390438727,SL,-1.0,0.1314329789351681,-1.131432978935168,5,
AVAX,TREND_PULLBACK,LONG,35482,35483,2026-01-05T14:30:00+00:00,2026-01-05T14:45:00+00:00,14.204,13.993362573592394,14.51995613961141,0.2106374264076063,1.5,2026-01-05T17:15:00+00:00,13.993362573592394,SL,-1.0,0.17402686678641652,-1.1740268667864164,10,
ETH,TREND_PULLBACK,LONG,35482,35483,2026-01-05T14:30:00+00:00,2026-01-05T14:45:00+00:00,3168.0,3137.6611355639425,3213.5082966540863,30.33886443605752,1.5,2026-01-05T17:45:00+00:00,3213.5082966540863,TP,1.5,0.27344335194664127,1.2265566480533587,12,
SUI,TREND_PULLBACK,LONG,35482,35483,2026-01-05T14:30:00+00:00,2026-01-05T14:45:00+00:00,1.687,1.6594058788017534,1.72839118179737,0.02759412119824667,1.5,2026-01-05T17:45:00+00:00,1.72839118179737,TP,1.5,0.16090414709850223,1.3390958529014978,12,
FET,TREND_PULLBACK,LONG,35504,35505,2026-01-05T20:00:00+00:00,2026-01-05T20:15:00+00:00,0.2901,0.2823826709571153,0.30167599356432717,0.007717329042884746,1.5,2026-01-06T00:30:00+00:00,0.2823826709571153,SL,-1.0,0.09643588709365915,-1.0964358870936592,17,
BTC,TREND_PULLBACK,LONG,35525,35526,2026-01-06T01:15:00+00:00,2026-01-06T01:30:00+00:00,94070.8,93421.05181830074,95045.4222725489,649.7481816992658,1.5,2026-01-06T07:15:00+00:00,93421.05181830074,SL,-1.0,0.3751290334146791,-1.375129033414679,23,
BNB,TREND_PULLBACK,LONG,35544,35545,2026-01-06T06:00:00+00:00,2026-01-06T06:15:00+00:00,908.36,902.7892010893473,916.716198365979,5.570798910652684,1.5,2026-01-06T14:00:00+00:00,916.716198365979,TP,1.5,0.4258992463969221,1.0741007536030778,31,
BTC,TREND_PULLBACK,LONG,35575,35576,2026-01-06T13:45:00+00:00,2026-01-06T14:00:00+00:00,93678.0,93495.14345340243,93952.28481989636,182.85654659756983,1.5,2026-01-06T14:00:00+00:00,93952.28481989636,TP,1.5000000000000397,1.333938405840521,0.1660615941595187,0,True
DOGE,TREND_PULLBACK,LONG,35523,35524,2026-01-06T00:45:00+00:00,2026-01-06T01:00:00+00:00,0.15194,0.14898916539039728,0.15636625191440406,0.002950834609602715,1.5,2026-01-06T14:15:00+00:00,0.15636625191440406,TP,1.5,0.13582534452606504,1.364174655473935,53,
FET,TREND_PULLBACK,LONG,35576,35577,2026-01-06T14:00:00+00:00,2026-01-06T14:15:00+00:00,0.3083,0.3003056493015201,0.32029152604771993,0.007994350698479924,1.5,2026-01-06T14:45:00+00:00,0.3003056493015201,SL,-1.0,0.0989683057365016,-1.0989683057365016,2,
UNI,TREND_PULLBACK,LONG,35576,35577,2026-01-06T14:00:00+00:00,2026-01-06T14:15:00+00:00,6.217,6.110759237531034,6.376361143703448,0.10624076246896585,1.5,2026-01-06T15:30:00+00:00,6.110759237531034,SL,-1.0,0.1508468749315664,-1.1508468749315663,5,
SUI,TREND_PULLBACK,LONG,35552,35553,2026-01-06T08:00:00+00:00,2026-01-06T08:15:00+00:00,1.9766,1.9279383875375649,2.0495924186936527,0.048661612462435055,1.5,2026-01-06T16:00:00+00:00,1.9279383875375649,SL,-1.0,0.10431014606672227,-1.1043101460667222,31,
LINK,TREND_PULLBACK,LONG,35583,35584,2026-01-06T15:45:00+00:00,2026-01-06T16:00:00+00:00,13.988,13.748399717131718,14.347400424302421,0.23960028286828106,1.5,2026-01-06T16:30:00+00:00,13.748399717131718,SL,-1.0,0.15048947021524822,-1.1504894702152482,2,
CRV,TREND_PULLBACK,LONG,35490,35491,2026-01-05T16:30:00+00:00,2026-01-05T16:45:00+00:00,0.426,0.4166437166988964,0.4400344249516554,0.009356283301103607,1.5,2026-01-06T16:45:00+00:00,0.421,TIME,-0.5344002355518923,0.1176856198732376,-0.6520858554251299,96,
CRV,TREND_PULLBACK,LONG,35612,35613,2026-01-06T23:00:00+00:00,2026-01-06T23:15:00+00:00,0.429,0.41927031620637273,0.4435945256904409,0.009729683793627264,1.5,2026-01-07T01:15:00+00:00,0.41927031620637273,SL,-1.0,0.11333887456759523,-1.1133388745675952,8,
SUI,TREND_PULLBACK,LONG,35605,35606,2026-01-06T21:15:00+00:00,2026-01-06T21:30:00+00:00,1.8787,1.833165319956832,1.947002020064752,0.04553468004316796,1.5,2026-01-07T08:00:00+00:00,1.947002020064752,TP,1.5,0.10922252273144917,1.3907774772685508,42,
BTC,TREND_PULLBACK,LONG,35648,35649,2026-01-07T08:00:00+00:00,2026-01-07T08:15:00+00:00,92893.2,92444.40593095696,93566.39110356456,448.7940690430405,1.5,2026-01-07T09:00:00+00:00,92444.40593095696,SL,-1.0,0.5368584487401891,-1.536858448740189,3,
SOL,TREND_PULLBACK,LONG,35627,35628,2026-01-07T02:45:00+00:00,2026-01-07T03:00:00+00:00,139.9,137.93794647006888,142.8430802948967,1.9620535299311257,1.5,2026-01-07T09:15:00+00:00,137.93794647006888,SL,-1.0,0.18408739868772514,-1.1840873986877252,25,
XRP,TREND_PULLBACK,LONG,35644,35645,2026-01-07T07:00:00+00:00,2026-01-07T07:15:00+00:00,2.2728,2.242736271899766,2.317895592150351,0.030063728100234055,1.5,2026-01-07T09:30:00+00:00,2.242736271899766,SL,-1.0,0.19525845676551318,-1.1952584567655131,9,
UNI,TREND_PULLBACK,LONG,35605,35606,2026-01-06T21:15:00+00:00,2026-01-06T21:30:00+00:00,6.015,5.880224691276242,6.217162963085636,0.13477530872375798,1.5,2026-01-07T09:45:00+00:00,5.880224691276242,SL,-1.0,0.1147375750431739,-1.1147375750431738,49,
FET,TREND_PULLBACK,LONG,35644,35645,2026-01-07T07:00:00+00:00,2026-01-07T07:15:00+00:00,0.2885,0.28261400751480115,0.2973289887277982,0.005885992485198832,1.5,2026-01-07T14:00:00+00:00,0.28261400751480115,SL,-1.0,0.12613815115058902,-1.126138151150589,27,
ETH,TREND_PULLBACK,LONG,35669,35670,2026-01-07T13:15:00+00:00,2026-01-07T13:30:00+00:00,3222.0,3194.3855226181927,3263.421716072711,27.61447738180732,1.5,2026-01-07T14:00:00+00:00,3194.3855226181927,SL,-1.0,0.30206261245048877,-1.3020626124504888,2,
SOL,TREND_PULLBACK,LONG,35675,35676,2026-01-07T14:45:00+00:00,2026-01-07T15:00:00+00:00,137.98,136.3928265921275,140.3607601118087,1.5871734078724842,1.5,2026-01-07T15:00:00+00:00,136.3928265921275,SL,-1.0,0.22472949256873023,-1.2247294925687302,0,True
FET,TREND_PULLBACK,LONG,35675,35676,2026-01-07T14:45:00+00:00,2026-01-07T15:00:00+00:00,0.2887,0.2807697319508793,0.3005954020736811,0.007930268049120726,1.5,2026-01-07T15:15:00+00:00,0.2807697319508793,SL,-1.0,0.09335253826864347,-1.0933525382686435,1,
UNI,TREND_PULLBACK,SHORT,35807,35808,2026-01-08T23:45:00+00:00,2026-01-09T00:00:00+00:00,5.483,5.544322985716958,5.391015521424562,0.06132298571695838,1.5,2026-01-09T01:15:00+00:00,5.544322985716958,SL,-1.0,0.2337707421422514,-1.2337707421422515,5,
SOL,TREND_PULLBACK,LONG,35816,35817,2026-01-09T02:00:00+00:00,2026-01-09T02:15:00+00:00,139.15,137.1705595132666,142.11916073010013,1.9794404867334094,1.5,2026-01-09T08:45:00+00:00,137.1705595132666,SL,-1.0,0.18147387091189968,-1.1814738709118997,26,
UNI,TREND_PULLBACK,SHORT,35833,35834,2026-01-09T06:15:00+00:00,2026-01-09T06:30:00+00:00,5.466,5.524103000284697,5.3788454995729555,0.058103000284696726,1.5,2026-01-09T08:45:00+00:00,5.3788454995729555,TP,1.4999999999999925,0.24264322118247098,1.2573567788175215,9,
SOL,TREND_PULLBACK,LONG,35861,35862,2026-01-09T13:15:00+00:00,2026-01-09T13:30:00+00:00,138.47,137.13928654083531,140.46607018874704,1.3307134591646843,1.5,2026-01-09T14:00:00+00:00,137.13928654083531,SL,-1.0,0.26924810148684686,-1.2692481014868469,2,
UNI,TREND_PULLBACK,SHORT,35864,35865,2026-01-09T14:00:00+00:00,2026-01-09T14:15:00+00:00,5.441,5.511758574431935,5.334862138352097,0.07075857443193545,1.5,2026-01-09T15:15:00+00:00,5.511758574431935,SL,-1.0,0.20122771354668811,-1.2012277135466882,4,
UNI,TREND_PULLBACK,SHORT,35896,35897,2026-01-09T22:00:00+00:00,2026-01-09T22:15:00+00:00,5.461,5.50992574923551,5.387611376146736,0.04892574923550974,1.5,2026-01-10T06:30:00+00:00,5.50992574923551,SL,-1.0,0.2915071040681135,-1.2915071040681134,33,
UNI,TREND_PULLBACK,SHORT,35976,35977,2026-01-10T18:00:00+00:00,2026-01-10T18:15:00+00:00,5.487,5.5273869313844015,5.4264196029233975,0.040386931384401414,1.5,2026-01-11T03:45:00+00:00,5.5273869313844015,SL,-1.0,0.35453802801987605,-1.354538028019876,38,
FET,TREND_PULLBACK,LONG,35935,35936,2026-01-10T07:45:00+00:00,2026-01-10T08:00:00+00:00,0.281,0.2765292685330643,0.28770609720040363,0.004470731466935718,1.5,2026-01-11T08:00:00+00:00,0.2825,TIME,0.3355155663214235,0.16385461873917845,0.17166094758224504,96,
FET,TREND_PULLBACK,LONG,36035,36036,2026-01-11T08:45:00+00:00,2026-01-11T09:00:00+00:00,0.2832,0.28021930659794586,0.2876710401030812,0.0029806934020541465,1.5,2026-01-11T12:15:00+00:00,0.2876710401030812,TP,1.4999999999999907,0.24897976813803283,1.2510202318619579,13,
BNB,TREND_PULLBACK,LONG,36053,36054,2026-01-11T13:15:00+00:00,2026-01-11T13:30:00+00:00,914.39,911.2930887420488,919.0353668869268,3.0969112579512057,1.5,2026-01-11T14:45:00+00:00,911.2930887420488,SL,-1.0,0.7663726266844351,-1.766372626684435,5,
UNI,TREND_PULLBACK,SHORT,36025,36026,2026-01-11T06:15:00+00:00,2026-01-11T06:30:00+00:00,5.495,5.536704441730955,5.432443337403567,0.04170444173095511,1.5,2026-01-11T16:30:00+00:00,5.536704441730955,SL,-1.0,0.3438774187835604,-1.3438774187835603,40,
FET,TREND_PULLBACK,LONG,36063,36064,2026-01-11T15:45:00+00:00,2026-01-11T16:00:00+00:00,0.2888,0.28339114350138983,0.29691328474791523,0.005408856498610171,1.5,2026-01-11T18:45:00+00:00,0.29691328474791523,TP,1.499999999999995,0.14077416739895796,1.359225832601037,11,
BNB,TREND_PULLBACK,LONG,36087,36088,2026-01-11T21:45:00+00:00,2026-01-11T22:00:00+00:00,905.22,900.7536849594867,911.91947256077,4.4663150405133365,1.5,2026-01-11T23:00:00+00:00,900.7536849594867,SL,-1.0,0.5256605880129522,-1.5256605880129523,4,
SOL,TREND_PULLBACK,LONG,36092,36093,2026-01-11T23:00:00+00:00,2026-01-11T23:15:00+00:00,138.92,137.17836395219112,141.5324540717133,1.7416360478088677,1.5,2026-01-12T01:00:00+00:00,141.5324540717133,TP,1.5,0.20933661240642756,1.2906633875935725,7,
UNI,TREND_PULLBACK,SHORT,36096,36097,2026-01-12T00:00:00+00:00,2026-01-12T00:15:00+00:00,5.442,5.484968384433356,5.3775474233499665,0.04296838443335549,1.5,2026-01-12T01:00:00+00:00,5.484968384433356,SL,-1.0,0.33059327426646884,-1.3305932742664688,3,
FET,TREND_PULLBACK,LONG,36099,36100,2026-01-12T00:45:00+00:00,2026-01-12T01:00:00+00:00,0.2937,0.2838057239751703,0.3085414140372446,0.009894276024829729,1.5,2026-01-12T02:45:00+00:00,0.3085414140372446,TP,1.5,0.07912795603070828,1.4208720439692917,7,
BTC,TREND_PULLBACK,LONG,36154,36155,2026-01-12T14:30:00+00:00,2026-01-12T14:45:00+00:00,90761.2,90099.14297076024,91754.28554385965,662.0570292397606,1.5,2026-01-12T16:00:00+00:00,91754.28554385965,TP,1.5000000000000109,0.35838322187965377,1.141616778120357,5,
SOL,TREND_PULLBACK,LONG,36154,36155,2026-01-12T14:30:00+00:00,2026-01-12T14:45:00+00:00,140.15,138.42459896964104,142.73810154553846,1.7254010303589666,1.5,2026-01-12T16:00:00+00:00,142.73810154553846,TP,1.5,0.2131414816256887,1.2868585183743113,5,
UNI,TREND_PULLBACK,SHORT,36230,36231,2026-01-13T09:30:00+00:00,2026-01-13T09:45:00+00:00,5.42,5.478301795679657,5.332547306480514,0.05830179567965743,1.5,2026-01-13T13:30:00+00:00,5.478301795679657,SL,-1.0,0.24300782110090235,-1.2430078211009024,15,
SOL,TREND_PULLBACK,LONG,36254,36255,2026-01-13T15:30:00+00:00,2026-01-13T15:45:00+00:00,142.74,140.61887445854165,145.92168831218754,2.1211255414583547,1.5,2026-01-13T22:00:00+00:00,145.92168831218754,TP,1.5,0.17691559856840822,1.3230844014315917,25,
AVAX,TREND_PULLBACK,LONG,36312,36313,2026-01-14T06:00:00+00:00,2026-01-14T06:15:00+00:00,14.724,14.642596012262318,14.846105981606524,0.08140398773768176,1.5,2026-01-14T10:15:00+00:00,14.642596012262318,SL,-1.0,0.4689767157226028,-1.4689767157226028,16,
XRP,TREND_PULLBACK,LONG,36324,36325,2026-01-14T09:00:00+00:00,2026-01-14T09:15:00+00:00,2.1523,2.133294248101123,2.1808086278483154,0.019005751898876877,1.5,2026-01-14T10:15:00+00:00,2.133294248101123,SL,-1.0,0.2931361280613522,-1.2931361280613523,4,
BTC,TREND_PULLBACK,LONG,36336,36337,2026-01-14T12:00:00+00:00,2026-01-14T12:15:00+00:00,94987.9,94500.13685109596,95719.54472335606,487.7631489040359,1.5,2026-01-14T14:15:00+00:00,95719.54472335606,TP,1.5000000000000149,0.508278820770733,0.9917211792292818,8,
SOL,TREND_PULLBACK,LONG,36341,36342,2026-01-14T13:15:00+00:00,2026-01-14T13:30:00+00:00,144.76,143.45995256746238,146.7100711488064,1.3000474325376103,1.5,2026-01-14T14:45:00+00:00,146.7100711488064,TP,1.5,0.2914594367944236,1.2085405632055763,5,
ETH,TREND_PULLBACK,LONG,36344,36345,2026-01-14T14:00:00+00:00,2026-01-14T14:15:00+00:00,3309.69,3283.2401064042647,3349.364840393603,26.449893595735375,1.5,2026-01-14T14:45:00+00:00,3349.364840393603,TP,1.5,0.3272894562383967,1.1727105437616032,2,
BNB,TREND_PULLBACK,LONG,36344,36345,2026-01-14T14:00:00+00:00,2026-01-14T14:15:00+00:00,937.0,930.697937777504,946.453093333744,6.302062222496033,1.5,2026-01-14T15:00:00+00:00,946.453093333744,TP,1.5,0.38852187345813033,1.1114781265418696,3,
FET,TREND_PULLBACK,LONG,36315,36316,2026-01-14T06:45:00+00:00,2026-01-14T07:00:00+00:00,0.2904,0.28516446024471853,0.2982533096329222,0.00523553975528146,1.5,2026-01-14T16:00:00+00:00,0.2982533096329222,TP,1.5,0.14616435712303352,1.3538356428769664,36,
DOGE,TREND_PULLBACK,LONG,36346,36347,2026-01-14T14:30:00+00:00,2026-01-14T14:45:00+00:00,0.14726,0.1454788034578452,0.1499317948132322,0.001781196542154806,1.5,2026-01-14T16:00:00+00:00,0.1499317948132322,TP,1.5,0.21690438091116832,1.2830956190888316,5,
CRV,TREND_PULLBACK,LONG,36320,36321,2026-01-14T08:00:00+00:00,2026-01-14T08:15:00+00:00,0.433,0.4258821501884446,0.4436767747173331,0.007117849811555388,1.5,2026-01-14T18:30:00+00:00,0.4258821501884446,SL,-1.0,0.15686574243703955,-1.1568657424370397,41,
ADA,TREND_PULLBACK,LONG,36346,36347,2026-01-14T14:30:00+00:00,2026-01-14T14:45:00+00:00,0.4176,0.41153413187220383,0.4266988021916943,0.006065868127796192,1.5,2026-01-14T18:30:00+00:00,0.41153413187220383,SL,-1.0,0.17769498919612528,-1.1776949891961253,15,
XRP,TREND_PULLBACK,LONG,36384,36385,2026-01-15T00:00:00+00:00,2026-01-15T00:15:00+00:00,2.1423,2.123632924861645,2.170300612707533,0.018667075138355305,1.5,2026-01-15T01:15:00+00:00,2.123632924861645,SL,-1.0,0.2970852563252045,-1.2970852563252044,4,
ADA,TREND_PULLBACK,LONG,36365,36366,2026-01-14T19:15:00+00:00,2026-01-14T19:30:00+00:00,0.4192,0.41004690783948694,0.43292963824076963,0.009153092160513077,1.5,2026-01-15T01:30:00+00:00,0.41004690783948694,SL,-1.0,0.11777669898725289,-1.1177766989872528,24,
CRV,TREND_PULLBACK,LONG,36365,36366,2026-01-14T19:15:00+00:00,2026-01-14T19:30:00+00:00,0.433,0.4214542930726442,0.4503185603910337,0.011545706927355792,1.5,2026-01-15T03:15:00+00:00,0.4214542930726442,SL,-1.0,0.09620810470795761,-1.0962081047079577,31,
FET,TREND_PULLBACK,LONG,36384,36385,2026-01-15T00:00:00+00:00,2026-01-15T00:15:00+00:00,0.29,0.2826925940148934,0.3009611089776599,0.0073074059851065964,1.5,2026-01-15T03:15:00+00:00,0.2826925940148934,SL,-1.0,0.10188299017965416,-1.101882990179654,12,
LINK,TREND_PULLBACK,LONG,36414,36415,2026-01-15T07:30:00+00:00,2026-01-15T07:45:00+00:00,13.931,13.786261727074786,14.14810740938782,0.14473827292521335,1.5,2026-01-15T13:45:00+00:00,14.14810740938782,TP,1.5,0.2521989443045605,1.2478010556954395,24,
BTC,TREND_PULLBACK,LONG,36409,36410,2026-01-15T06:15:00+00:00,2026-01-15T06:30:00+00:00,96451.4,95813.69738657658,97407.95392013513,637.7026134234184,1.5,2026-01-15T14:30:00+00:00,95813.69738657658,SL,-1.0,0.39194543246538754,-1.3919454324653875,32,
AVAX,TREND_PULLBACK,LONG,36414,36415,2026-01-15T07:30:00+00:00,2026-01-15T07:45:00+00:00,14.337,14.180306152536325,14.572040771195512,0.15669384746367498,1.5,2026-01-15T14:30:00+00:00,14.180306152536325,SL,-1.0,0.2365919185620318,-1.2365919185620318,27,
DOGE,TREND_PULLBACK,LONG,36414,36415,2026-01-15T07:30:00+00:00,2026-01-15T07:45:00+00:00,0.14418,0.1426086315576894,0.1465370526634659,0.0015713684423105945,1.5,2026-01-15T14:30:00+00:00,0.1426086315576894,SL,-1.0,0.23726149194951449,-1.2372614919495144,27,
UNI,TREND_PULLBACK,SHORT,36427,36428,2026-01-15T10:45:00+00:00,2026-01-15T11:00:00+00:00,5.523,5.595087005122351,5.414869492316473,0.07208700512235122,1.5,2026-01-15T14:45:00+00:00,5.414869492316473,TP,1.4999999999999938,0.19725095134521847,1.3027490486547753,15,
BTC,TREND_PULLBACK,LONG,36447,36448,2026-01-15T15:45:00+00:00,2026-01-15T16:00:00+00:00,96717.3,95593.70865546886,98402.68701679673,1123.5913445311453,1.5,2026-01-15T19:00:00+00:00,95593.70865546886,SL,-1.0,0.22250466103085892,-1.222504661030859,12,
CRV,TREND_PULLBACK,LONG,36489,36490,2026-01-16T02:15:00+00:00,2026-01-16T02:30:00+00:00,0.432,0.42406924393419315,0.44389613409871026,0.007930756065806843,1.5,2026-01-16T04:00:00+00:00,0.42406924393419315,SL,-1.0,0.1403258413044167,-1.1403258413044166,6,
BNB,TREND_PULLBACK,LONG,36481,36482,2026-01-16T00:15:00+00:00,2026-01-16T00:30:00+00:00,933.54,928.4821200158513,941.126819976223,5.0578799841487125,1.5,2026-01-16T04:30:00+00:00,928.4821200158513,SL,-1.0,0.4785856452914671,-1.4785856452914672,16,
BTC,TREND_PULLBACK,LONG,36489,36490,2026-01-16T02:15:00+00:00,2026-01-16T02:30:00+00:00,95636.1,95198.97721647727,96291.7841752841,437.1227835227328,1.5,2026-01-16T04:30:00+00:00,95198.97721647727,SL,-1.0,0.567542140865139,-1.567542140865139,8,
BTC,TREND_PULLBACK,LONG,36502,36503,2026-01-16T05:30:00+00:00,2026-01-16T05:45:00+00:00,95552.3,95051.32364874605,96303.76452688093,500.97635125395027,1.5,2026-01-16T15:00:00+00:00,95051.32364874605,SL,-1.0,0.4946036077814083,-1.4946036077814084,37,
UNI,TREND_PULLBACK,SHORT,36484,36485,2026-01-16T01:00:00+00:00,2026-01-16T01:15:00+00:00,5.311,5.374282102233745,5.216076846649383,0.06328210223374509,1.5,2026-01-16T15:15:00+00:00,5.216076846649383,TP,1.499999999999993,0.21625703662775264,1.2837429633722404,56,
CRV,TREND_PULLBACK,LONG,36516,36517,2026-01-16T09:00:00+00:00,2026-01-16T09:15:00+00:00,0.426,0.4210574709074864,0.43341379363877036,0.004942529092513581,1.5,2026-01-16T15:15:00+00:00,0.4210574709074864,SL,-1.0,0.2227957977723743,-1.2227957977723742,24,
ETH,TREND_PULLBACK,LONG,36502,36503,2026-01-16T05:30:00+00:00,2026-01-16T05:45:00+00:00,3310.0,3282.229605654714,3351.655591517929,27.77039434528615,1.5,2026-01-16T15:30:00+00:00,3282.229605654714,SL,-1.0,0.30859837209354624,-1.3085983720935461,39,
CRV,TREND_PULLBACK,LONG,36589,36590,2026-01-17T03:15:00+00:00,2026-01-17T03:30:00+00:00,0.428,0.4234100716449034,0.43488489253264484,0.004589928355096584,1.5,2026-01-17T04:30:00+00:00,0.43488489253264484,TP,1.499999999999994,0.2443938714308829,1.2556061285691111,4,
CRV,TREND_PULLBACK,LONG,36604,36605,2026-01-17T07:00:00+00:00,2026-01-17T07:15:00+00:00,0.432,0.4280083985061139,0.43798740224082916,0.00399160149388611,1.5,2026-01-17T08:45:00+00:00,0.43798740224082916,TP,1.5,0.2833408156213471,1.216659184378653,6,
SOL,TREND_PULLBACK,LONG,36609,36610,2026-01-17T08:15:00+00:00,2026-01-17T08:30:00+00:00,144.14,143.48330857238224,145.12503714142662,0.6566914276177442,1.5,2026-01-17T11:00:00+00:00,143.48330857238224,SL,-1.0,0.5693850801441369,-1.569385080144137,10,
UNI,TREND_PULLBACK,SHORT,36622,36623,2026-01-17T11:30:00+00:00,2026-01-17T11:45:00+00:00,5.358,5.402957813871252,5.290563279193121,0.044957813871252306,1.5,2026-01-17T13:15:00+00:00,5.402957813871252,SL,-1.0,0.3111638212234752,-1.311163821223475,6,
CRV,TREND_PULLBACK,LONG,36625,36626,2026-01-17T12:15:00+00:00,2026-01-17T12:30:00+00:00,0.437,0.43052274930403406,0.4467158760439489,0.0064772506959659415,1.5,2026-01-17T15:45:00+00:00,0.4467158760439489,TP,1.5,0.1773639299730409,1.322636070026959,13,
SOL,TREND_PULLBACK,LONG,36638,36639,2026-01-17T15:30:00+00:00,2026-01-17T15:45:00+00:00,143.98,143.3163941685365,144.97540874719522,0.6636058314634852,1.5,2026-01-18T00:45:00+00:00,143.3163941685365,SL,-1.0,0.5628119807136571,-1.5628119807136571,36,
UNI,TREND_PULLBACK,SHORT,36642,36643,2026-01-17T16:30:00+00:00,2026-01-17T16:45:00+00:00,5.379,5.436760421166621,5.292359368250067,0.05776042116662161,1.5,2026-01-18T01:45:00+00:00,5.292359368250067,TP,1.5,0.24017773587048966,1.2598222641295103,36,
UNI,TREND_PULLBACK,SHORT,36709,36710,2026-01-18T09:15:00+00:00,2026-01-18T09:30:00+00:00,5.312,5.335855476386758,5.276216785419864,0.02385547638675778,1.5,2026-01-18T13:00:00+00:00,5.276216785419864,TP,1.4999999999999813,0.5770030159065122,0.9229969840934692,14,
UNI,TREND_PULLBACK,SHORT,36762,36763,2026-01-18T22:30:00+00:00,2026-01-18T22:45:00+00:00,5.356,5.398718013307662,5.291922980038507,0.04271801330766234,1.5,2026-01-18T23:00:00+00:00,5.291922980038507,TP,1.4999999999999896,0.3240389428776914,1.175961057122298,1,
DOGE,TREND_PULLBACK,SHORT,36816,36817,2026-01-19T12:00:00+00:00,2026-01-19T12:15:00+00:00,0.12734,0.12827110568974426,0.12594334146538363,0.0009311056897442493,1.5,2026-01-19T13:45:00+00:00,0.12827110568974426,SL,-1.0,0.35688154530334815,-1.3568815453033483,6,
UNI,TREND_PULLBACK,SHORT,36797,36798,2026-01-19T07:15:00+00:00,2026-01-19T07:30:00+00:00,4.98,5.018718311231155,4.921922533153268,0.03871831123115488,1.5,2026-01-19T16:45:00+00:00,5.018718311231155,SL,-1.0,0.3357154119403154,-1.3357154119403154,37,
DOGE,TREND_PULLBACK,SHORT,36829,36830,2026-01-19T15:15:00+00:00,2026-01-19T15:30:00+00:00,0.12792,0.12922497663924462,0.12596253504113308,0.001304976639244615,1.5,2026-01-19T16:45:00+00:00,0.12922497663924462,SL,-1.0,0.2561643324316677,-1.2561643324316676,5,
ADA,TREND_PULLBACK,SHORT,36816,36817,2026-01-19T12:00:00+00:00,2026-01-19T12:15:00+00:00,0.3667,0.37184415677035815,0.3589837648444628,0.0051441567703581215,1.5,2026-01-19T19:15:00+00:00,0.37184415677035815,SL,-1.0,0.18664038571566038,-1.1866403857156604,28,
UNI,TREND_PULLBACK,SHORT,36840,36841,2026-01-19T18:00:00+00:00,2026-01-19T18:15:00+00:00,4.986,5.034075607021379,4.913886589467932,0.04807560702137881,1.5,2026-01-19T19:15:00+00:00,5.034075607021379,SL,-1.0,0.27095026139420764,-1.2709502613942076,4,
DOGE,TREND_PULLBACK,SHORT,36856,36857,2026-01-19T22:00:00+00:00,2026-01-19T22:15:00+00:00,0.12897,0.13022289340775667,0.127090659888365,0.0012528934077566667,1.5,2026-01-20T05:15:00+00:00,0.127090659888365,TP,1.500000000000011,0.26568809109699243,1.2343119089030186,28,
UNI,TREND_PULLBACK,SHORT,36853,36854,2026-01-19T21:15:00+00:00,2026-01-19T21:30:00+00:00,5.01,5.057662686791789,4.938505969812315,0.04766268679178953,1.5,2026-01-20T06:15:00+00:00,4.938505969812315,TP,1.5000000000000093,0.27134554577783226,1.2286544542221771,35,
AVAX,TREND_PULLBACK,SHORT,36864,36865,2026-01-20T00:00:00+00:00,2026-01-20T00:15:00+00:00,12.695,12.806889101009155,12.527166348486269,0.1118891010091545,1.5,2026-01-20T06:15:00+00:00,12.527166348486269,TP,1.5,0.2930474546430527,1.2069525453569474,24,
ADA,TREND_PULLBACK,SHORT,36856,36857,2026-01-19T22:00:00+00:00,2026-01-19T22:15:00+00:00,0.3685,0.37252513218628336,0.3624623017205749,0.0040251321862833644,1.5,2026-01-20T08:00:00+00:00,0.3624623017205749,TP,1.5000000000000069,0.23607944988116492,1.263920550118842,39,
AVAX,TREND_PULLBACK,SHORT,36905,36906,2026-01-20T10:15:00+00:00,2026-01-20T10:30:00+00:00,12.546,12.694238568489274,12.323642147266089,0.1482385684892744,1.5,2026-01-20T13:45:00+00:00,12.323642147266089,TP,1.499999999999994,0.21809799649937356,1.2819020035006203,13,
ADA,TREND_PULLBACK,SHORT,36921,36922,2026-01-20T14:15:00+00:00,2026-01-20T14:30:00+00:00,0.3578,0.3612731815886634,0.3525902276170049,0.0034731815886633877,1.5,2026-01-20T14:30:00+00:00,0.3612731815886634,SL,-1.0,0.2691466346350774,-1.2691466346350775,0,True
DOGE,TREND_PULLBACK,SHORT,36923,36924,2026-01-20T14:45:00+00:00,2026-01-20T15:00:00+00:00,0.12557,0.12716866586878223,0.12317200119682663,0.0015986658687822397,1.5,2026-01-20T22:30:00+00:00,0.12317200119682663,TP,1.5,0.20227153645445176,1.2977284635455482,30,
XRP,TREND_PULLBACK,SHORT,36925,36926,2026-01-20T15:15:00+00:00,2026-01-20T15:30:00+00:00,1.9205,1.9460105822761111,1.8822341265858336,0.025510582276111027,1.5,2026-01-20T22:30:00+00:00,1.8822341265858336,TP,1.5,0.1937844581929004,1.3062155418070995,28,
ADA,TREND_PULLBACK,SHORT,36926,36927,2026-01-20T15:30:00+00:00,2026-01-20T15:45:00+00:00,0.3585,0.36515488285701403,0.3485176757144789,0.006654882857014044,1.5,2026-01-20T22:30:00+00:00,0.3485176757144789,TP,1.5000000000000042,0.13811257060071236,1.361887429399292,27,
ADA,TREND_PULLBACK,SHORT,36987,36988,2026-01-21T06:45:00+00:00,2026-01-21T07:00:00+00:00,0.3587,0.362634522971406,0.35279821554289104,0.003934522971406007,1.5,2026-01-21T07:15:00+00:00,0.362634522971406,SL,-1.0,0.23833508831382605,-1.238335088313826,1,
UNI,TREND_PULLBACK,SHORT,36986,36987,2026-01-21T06:30:00+00:00,2026-01-21T06:45:00+00:00,4.91,4.965597930359134,4.826603104461299,0.055597930359134295,1.5,2026-01-21T12:00:00+00:00,4.826603104461299,TP,1.5,0.22766286360010426,1.2723371363998957,21,
AVAX,TREND_PULLBACK,SHORT,36987,36988,2026-01-21T06:45:00+00:00,2026-01-21T07:00:00+00:00,12.245,12.365776591072862,12.063835113390706,0.12077659107286287,1.5,2026-01-21T12:00:00+00:00,12.063835113390706,TP,1.4999999999999927,0.2616524060390409,1.2383475939609518,20,
LINK,TREND_PULLBACK,SHORT,36990,36991,2026-01-21T07:30:00+00:00,2026-01-21T07:45:00+00:00,12.315,12.425203298488983,12.149695052266525,0.11020329848898314,1.5,2026-01-21T12:00:00+00:00,12.149695052266525,TP,1.5,0.2885948424776586,1.2114051575223415,17,
XRP,TREND_PULLBACK,SHORT,36990,36991,2026-01-21T07:30:00+00:00,2026-01-21T07:45:00+00:00,1.9082,1.9257227444545892,1.8819158833181158,0.017522744454589345,1.5,2026-01-21T12:00:00+00:00,1.8819158833181158,TP,1.5000000000000064,0.2811860129035375,1.218813987096469,17,
CRV,TREND_PULLBACK,SHORT,36992,36993,2026-01-21T08:00:00+00:00,2026-01-21T08:15:00+00:00,0.372,0.3777607506836315,0.3633588739745527,0.005760750683631521,1.5,2026-01-21T12:00:00+00:00,0.3633588739745527,TP,1.5000000000000049,0.16594478543971397,1.3340552145602909,15,
ADA,TREND_PULLBACK,SHORT,37013,37014,2026-01-21T13:15:00+00:00,2026-01-21T13:30:00+00:00,0.3546,0.3590471042824852,0.34792934357627225,0.004447104282485181,1.5,2026-01-21T14:00:00+00:00,0.3590471042824852,SL,-1.0,0.20861692837317047,-1.2086169283731705,2,
AVAX,TREND_PULLBACK,SHORT,37025,37026,2026-01-21T16:15:00+00:00,2026-01-21T16:30:00+00:00,12.22,12.429592289487427,11.905611565768861,0.2095922894874267,1.5,2026-01-21T16:30:00+00:00,11.905611565768861,TP,1.4999999999999958,0.14963954595944706,1.3503604540405487,0,True
DOGE,TREND_PULLBACK,SHORT,37080,37081,2026-01-22T06:00:00+00:00,2026-01-22T06:15:00+00:00,0.12686,0.12766909182401415,0.1256463622639788,0.0008090918240141465,1.5,2026-01-22T12:15:00+00:00,0.1256463622639788,TP,1.499999999999983,0.40571201092427933,1.0942879890757036,24,
AVAX,TREND_PULLBACK,SHORT,37069,37070,2026-01-22T03:15:00+00:00,2026-01-22T03:30:00+00:00,12.508,12.658254585359066,12.282618121961399,0.15025458535906644,1.5,2026-01-22T13:00:00+00:00,12.282618121961399,TP,1.500000000000006,0.21448798704901004,1.285512012950996,38,
CRV,TREND_PULLBACK,SHORT,37080,37081,2026-01-22T06:00:00+00:00,2026-01-22T06:15:00+00:00,0.368,0.37473954272707355,0.35789068590938966,0.006739542727073555,1.5,2026-01-22T15:00:00+00:00,0.35789068590938966,TP,1.5,0.14001808874827948,1.3599819112517206,35,
XRP,TREND_PULLBACK,SHORT,37067,37068,2026-01-22T02:45:00+00:00,2026-01-22T03:00:00+00:00,1.9446,1.9697303876879921,1.9069044184680122,0.02513038768799203,1.5,2026-01-22T15:15:00+00:00,1.9069044184680122,TP,1.4999999999999956,0.19923909675300686,1.3007609032469887,49,
SUI,TREND_PULLBACK,SHORT,37070,37071,2026-01-22T03:30:00+00:00,2026-01-22T03:45:00+00:00,1.5183,1.5423592766241219,1.4822110850638173,0.024059276624121884,1.5,2026-01-22T15:15:00+00:00,1.4822110850638173,TP,1.4999999999999953,0.1621272522662692,1.3378727477337262,46,
CRV,TREND_PULLBACK,SHORT,37120,37121,2026-01-22T16:00:00+00:00,2026-01-22T16:15:00+00:00,0.359,0.36515498476672903,0.3497675228499064,0.006154984766729044,1.5,2026-01-22T16:15:00+00:00,0.36515498476672903,SL,-1.0,0.15294944112380618,-1.1529494411238062,0,True
DOGE,TREND_PULLBACK,SHORT,37153,37154,2026-01-23T00:15:00+00:00,2026-01-23T00:30:00+00:00,0.12426,0.124729380220345,0.12355592966948248,0.0004693802203450115,1.5,2026-01-23T01:15:00+00:00,0.124729380220345,SL,-1.0,0.6896033966845203,-1.6896033966845203,3,
FET,TREND_PULLBACK,SHORT,37145,37146,2026-01-22T22:15:00+00:00,2026-01-22T22:30:00+00:00,0.2361,0.2383751570891058,0.2326872643663413,0.002275157089105806,1.5,2026-01-23T01:30:00+00:00,0.2383751570891058,SL,-1.0,0.2711099410099469,-1.271109941009947,12,
UNI,TREND_PULLBACK,SHORT,37153,37154,2026-01-23T00:15:00+00:00,2026-01-23T00:30:00+00:00,4.833,4.857999961796863,4.7955000573047055,0.024999961796862813,1.5,2026-01-23T01:30:00+00:00,4.857999961796863,SL,-1.0,0.5039327680859438,-1.5039327680859438,4,
SUI,TREND_PULLBACK,SHORT,37154,37155,2026-01-23T00:30:00+00:00,2026-01-23T00:45:00+00:00,1.4911,1.5028790155033438,1.4734314767449845,0.011779015503343704,1.5,2026-01-23T01:30:00+00:00,1.5028790155033438,SL,-1.0,0.33043276995853155,-1.3304327699585317,3,
ADA,TREND_PULLBACK,SHORT,37153,37154,2026-01-23T00:15:00+00:00,2026-01-23T00:30:00+00:00,0.3592,0.3610325047758862,0.3564512428361707,0.0018325047758862012,1.5,2026-01-23T01:45:00+00:00,0.3610325047758862,SL,-1.0,0.5109412365683224,-1.5109412365683224,5,
SOL,TREND_PULLBACK,SHORT,37163,37164,2026-01-23T02:45:00+00:00,2026-01-23T03:00:00+00:00,128.11,129.12193832036894,126.59209251944662,1.0119383203689267,1.5,2026-01-23T04:45:00+00:00,129.12193832036894,SL,-1.0,0.33045642514512685,-1.330456425145127,7,
AVAX,TREND_PULLBACK,SHORT,37177,37178,2026-01-23T06:15:00+00:00,2026-01-23T06:30:00+00:00,12.244,12.352817801115387,12.080773298326918,0.10881780111538752,1.5,2026-01-23T08:30:00+00:00,12.080773298326918,TP,1.5000000000000082,0.2905977235681655,1.2094022764318426,8,
ADA,TREND_PULLBACK,SHORT,37175,37176,2026-01-23T05:45:00+00:00,2026-01-23T06:00:00+00:00,0.3604,0.36382874555211214,0.3552568816718318,0.0034287455521121446,1.5,2026-01-23T14:30:00+00:00,0.3552568816718318,TP,1.5,0.2713394540461812,1.2286605459538187,34,
DOGE,TREND_PULLBACK,SHORT,37177,37178,2026-01-23T06:15:00+00:00,2026-01-23T06:30:00+00:00,0.12507,0.12607758809251918,0.1235586178612212,0.0010075880925191905,1.5,2026-01-23T14:30:00+00:00,0.1235586178612212,TP,1.5,0.32078307159374414,1.179216928406256,32,
FET,TREND_PULLBACK,SHORT,37177,37178,2026-01-23T06:15:00+00:00,2026-01-23T06:30:00+00:00,0.2384,0.24158712392238968,0.23361931411641548,0.0031871239223896786,1.5,2026-01-23T14:30:00+00:00,0.23361931411641548,TP,1.5,0.19253255389305643,1.3074674461069435,32,
LINK,TREND_PULLBACK,SHORT,37177,37178,2026-01-23T06:15:00+00:00,2026-01-23T06:30:00+00:00,12.295,12.397530134555224,12.141204798167164,0.10253013455522364,1.5,2026-01-23T14:30:00+00:00,12.141204798167164,TP,1.5,0.3098315083211686,1.1901684916788313,32,
SUI,TREND_PULLBACK,SHORT,37185,37186,2026-01-23T08:15:00+00:00,2026-01-23T08:30:00+00:00,1.4968,1.5114308549570565,1.474853717564415,0.014630854957056627,1.5,2026-01-23T14:30:00+00:00,1.474853717564415,TP,1.5,0.2640412911051721,1.2359587088948278,24,
ADA,TREND_PULLBACK,SHORT,37229,37230,2026-01-23T19:15:00+00:00,2026-01-23T19:30:00+00:00,0.3617,0.368478989500865,0.35153151574870256,0.006778989500864974,1.5,2026-01-24T19:30:00+00:00,0.3586,TIME,0.4572952944689616,0.13813120670573692,0.3191640877632247,96,
BTC,TREND_PULLBACK,SHORT,37229,37230,2026-01-23T19:15:00+00:00,2026-01-23T19:30:00+00:00,89796.6,90806.45860068576,88281.81209897138,1009.8586006857513,1.5,2026-01-24T19:30:00+00:00,89295.8,TIME,0.495911011363305,0.2305472467550427,0.2653637646082623,96,
DOGE,TREND_PULLBACK,SHORT,37229,37230,2026-01-23T19:15:00+00:00,2026-01-23T19:30:00+00:00,0.12485,0.1269850804657677,0.12164737930134845,0.0021350804657676997,1.5,2026-01-24T19:30:00+00:00,0.12411,TIME,0.346591152822864,0.15158585598488325,0.19500529683798076,96,
LINK,TREND_PULLBACK,SHORT,37229,37230,2026-01-23T19:15:00+00:00,2026-01-23T19:30:00+00:00,12.25,12.431086579977666,11.9783701300335,0.18108657997766642,1.5,2026-01-24T19:30:00+00:00,12.186,TIME,0.35342210343744546,0.17542326992932236,0.1779988335081231,96,
SUI,TREND_PULLBACK,SHORT,37229,37230,2026-01-23T19:15:00+00:00,2026-01-23T19:30:00+00:00,1.4963,1.5242855366378285,1.4543216950432571,0.027985536637828545,1.5,2026-01-24T19:30:00+00:00,1.4826,TIME,0.48953858478030804,0.13837755016515846,0.3511610346151496,96,
BTC,TREND_PULLBACK,SHORT,37340,37341,2026-01-24T23:00:00+00:00,2026-01-24T23:15:00+00:00,89317.9,89498.78907081854,89046.56639377217,180.88907081854995,1.5,2026-01-25T01:30:00+00:00,89046.56639377217,TP,1.5,1.2818563623697128,0.2181436376302872,9,
XRP,TREND_PULLBACK,SHORT,37341,37342,2026-01-24T23:15:00+00:00,2026-01-24T23:30:00+00:00,1.9157,1.9229549667169294,1.9048175499246058,0.00725496671692949,1.5,2026-01-25T01:30:00+00:00,1.9048175499246058,TP,1.4999999999999847,0.6845893315144009,0.8154106684855837,8,
FET,TREND_PULLBACK,SHORT,37343,37344,2026-01-24T23:45:00+00:00,2026-01-25T00:00:00+00:00,0.2306,0.23273418595800902,0.22739872106298648,0.002134185958009016,1.5,2026-01-25T01:45:00+00:00,0.22739872106298648,TP,1.5,0.27898147073244267,1.2210185292675573,7,
ETH,TREND_PULLBACK,SHORT,37340,37341,2026-01-24T23:00:00+00:00,2026-01-24T23:15:00+00:00,2957.12,2965.9259567120366,2943.9110649319446,8.805956712036732,1.5,2026-01-25T03:15:00+00:00,2943.9110649319446,TP,1.5000000000000258,0.8711535424567426,0.6288464575432832,16,
CRV,TREND_PULLBACK,SHORT,37343,37344,2026-01-24T23:45:00+00:00,2026-01-25T00:00:00+00:00,0.359,0.3621055071014697,0.3543417393477954,0.003105507101469729,1.5,2026-01-25T03:15:00+00:00,0.3543417393477954,TP,1.5,0.2986128290330601,1.20138717096694,13,
AVAX,TREND_PULLBACK,SHORT,37349,37350,2026-01-25T01:15:00+00:00,2026-01-25T01:30:00+00:00,12.031,12.093496307671538,11.937255538492694,0.062496307671537465,1.5,2026-01-25T03:15:00+00:00,11.937255538492694,TP,1.5,0.4985691692987976,1.0014308307012025,7,
SUI,TREND_PULLBACK,SHORT,37354,37355,2026-01-25T02:30:00+00:00,2026-01-25T02:45:00+00:00,1.4855,1.4956563800810412,1.4702654298784383,0.010156380081041139,1.5,2026-01-25T07:00:00+00:00,1.4702654298784383,TP,1.5,0.3783331293414999,1.1216668706585002,17,
ADA,TREND_PULLBACK,SHORT,37349,37350,2026-01-25T01:15:00+00:00,2026-01-25T01:30:00+00:00,0.3577,0.3601100735229644,0.3540848897155534,0.0024100735229644066,1.5,2026-01-25T07:15:00+00:00,0.3540848897155534,TP,1.5,0.38393864245770776,1.1160613575422922,23,
FET,TREND_PULLBACK,SHORT,37368,37369,2026-01-25T06:00:00+00:00,2026-01-25T06:15:00+00:00,0.2269,0.2285546741262331,0.22441798881065034,0.0016546741262331022,1.5,2026-01-25T08:30:00+00:00,0.22441798881065034,TP,1.5,0.3545794160627324,1.1454205839372675,9,
LINK,TREND_PULLBACK,SHORT,37383,37384,2026-01-25T09:45:00+00:00,2026-01-25T10:00:00+00:00,12.061,12.121247056040527,11.970629415939209,0.06024705604052727,1.5,2026-01-25T10:45:00+00:00,12.121247056040527,SL,-1.0,0.5218001216807266,-1.5218001216807266,3,
LINK,TREND_PULLBACK,SHORT,37396,37397,2026-01-25T13:00:00+00:00,2026-01-25T13:15:00+00:00,12.073,12.141751392986276,11.969872910520587,0.0687513929862753,1.5,2026-01-25T14:15:00+00:00,11.969872910520587,TP,1.5,0.45461965825065215,1.045380341749348,4,
SOL,TREND_PULLBACK,SHORT,37400,37401,2026-01-25T14:00:00+00:00,2026-01-25T14:15:00+00:00,126.51,127.25725506928696,125.38911739606958,0.7472550692869504,1.5,2026-01-25T15:45:00+00:00,125.38911739606958,TP,1.5,0.4382290145282915,1.0617709854717086,6,
ETH,TREND_PULLBACK,SHORT,37390,37391,2026-01-25T11:30:00+00:00,2026-01-25T11:45:00+00:00,2933.94,2950.540869342641,2909.0386959860384,16.60086934264109,1.5,2026-01-25T16:00:00+00:00,2909.0386959860384,TP,1.5,0.45755870659562675,1.0424412934043732,17,
FET,TREND_PULLBACK,SHORT,37392,37393,2026-01-25T12:00:00+00:00,2026-01-25T12:15:00+00:00,0.2275,0.23061239961727545,0.22283140057408685,0.003112399617275441,1.5,2026-01-25T16:00:00+00:00,0.22283140057408685,TP,1.5,0.18809628991626479,1.3119037100837352,15,
XRP,TREND_PULLBACK,SHORT,37393,37394,2026-01-25T12:15:00+00:00,2026-01-25T12:30:00+00:00,1.8981,1.9098542146471196,1.8804686780293203,0.011754214647119676,1.5,2026-01-25T16:00:00+00:00,1.8804686780293203,TP,1.5000000000000095,0.4179045073540338,1.0820954926459758,14,
UNI,TREND_PULLBACK,SHORT,37400,37401,2026-01-25T14:00:00+00:00,2026-01-25T14:15:00+00:00,4.843,4.886347554626001,4.777978668060999,0.04334755462600093,1.5,2026-01-25T16:00:00+00:00,4.777978668060999,TP,1.5,0.28853466767366687,1.2114653323263331,7,
BNB,TREND_PULLBACK,SHORT,37454,37455,2026-01-26T03:30:00+00:00,2026-01-26T03:45:00+00:00,868.84,876.3094587735084,857.6358118397375,7.469458773508336,1.5,2026-01-26T08:15:00+00:00,876.3094587735084,SL,-1.0,0.3037294086757475,-1.3037294086757476,18,
CRV,TREND_PULLBACK,SHORT,37469,37470,2026-01-26T07:15:00+00:00,2026-01-26T07:30:00+00:00,0.348,0.3536526041845586,0.33952109372316197,0.005652604184558652,1.5,2026-01-26T14:30:00+00:00,0.3536526041845586,SL,-1.0,0.1613678148439374,-1.1613678148439375,28,
ADA,TREND_PULLBACK,SHORT,37476,37477,2026-01-26T09:00:00+00:00,2026-01-26T09:15:00+00:00,0.3465,0.35116092195987064,0.339508617060194,0.0046609219598706675,1.5,2026-01-26T14:30:00+00:00,0.35116092195987064,SL,-1.0,0.19458793911516134,-1.1945879391151613,21,
AVAX,TREND_PULLBACK,SHORT,37476,37477,2026-01-26T09:00:00+00:00,2026-01-26T09:15:00+00:00,11.629,11.760195599210737,11.432206601183893,0.13119559921073787,1.5,2026-01-26T14:30:00+00:00,11.760195599210737,SL,-1.0,0.23176047414618878,-1.2317604741461887,21,
BNB,TREND_PULLBACK,SHORT,37476,37477,2026-01-26T09:00:00+00:00,2026-01-26T09:15:00+00:00,871.36,876.9825967028116,862.9261049457825,5.62259670281162,1.5,2026-01-26T14:30:00+00:00,876.9825967028116,SL,-1.0,0.4042341102958891,-1.404234110295889,21,
BTC,TREND_PULLBACK,SHORT,37476,37477,2026-01-26T09:00:00+00:00,2026-01-26T09:15:00+00:00,87797.7,88460.66052097971,86803.25921853042,662.9605209797155,1.5,2026-01-26T14:30:00+00:00,88460.66052097971,SL,-1.0,0.3456252090828263,-1.3456252090828262,21,
SUI,TREND_PULLBACK,SHORT,37497,37498,2026-01-26T14:15:00+00:00,2026-01-26T14:30:00+00:00,1.4338,1.4481870106358705,1.4122194840461941,0.014387010635870556,1.5,2026-01-26T14:30:00+00:00,1.4481870106358705,SL,-1.0,0.26041428679321516,-1.260414286793215,0,True
FET,TREND_PULLBACK,SHORT,37502,37503,2026-01-26T15:30:00+00:00,2026-01-26T15:45:00+00:00,0.2209,0.22494153523801325,0.21483769714298018,0.004041535238013233,1.5,2026-01-26T18:30:00+00:00,0.22494153523801325,SL,-1.0,0.14340936344138824,-1.1434093634413882,11,
ETH,TREND_PULLBACK,SHORT,37502,37503,2026-01-26T15:30:00+00:00,2026-01-26T15:45:00+00:00,2891.86,2939.7136309951416,2820.079553507288,47.85363099514143,1.5,2026-01-26T21:30:00+00:00,2939.7136309951416,SL,-1.0,0.15842153589271807,-1.1584215358927181,23,
CRV,TREND_PULLBACK,SHORT,37502,37503,2026-01-26T15:30:00+00:00,2026-01-26T15:45:00+00:00,0.351,0.35852181876594846,0.33971727185107725,0.007521818765948485,1.5,2026-01-27T06:00:00+00:00,0.33971727185107725,TP,1.5,0.11937703916390134,1.3806229608360987,57,
UNI,TREND_PULLBACK,SHORT,37560,37561,2026-01-27T06:00:00+00:00,2026-01-27T06:15:00+00:00,4.706,4.7517365448558495,4.637395182716227,0.045736544855849104,1.5,2026-01-27T10:00:00+00:00,4.637395182716227,TP,1.5,0.2655734878052934,1.2344265121947067,15,
BTC,TREND_PULLBACK,SHORT,37585,37586,2026-01-27T12:15:00+00:00,2026-01-27T12:30:00+00:00,88007.4,88220.07703914483,87688.38444128275,212.67703914483718,1.5,2026-01-27T14:00:00+00:00,88220.07703914483,SL,-1.0,1.0772000638718207,-2.0772000638718207,6,
AVAX,TREND_PULLBACK,SHORT,37502,37503,2026-01-26T15:30:00+00:00,2026-01-26T15:45:00+00:00,11.715,11.880604198842935,11.466593701735597,0.1656041988429351,1.5,2026-01-27T15:45:00+00:00,11.711,TIME,0.024153976939880018,0.1838950957329498,-0.15974111879306976,96,
DOGE,TREND_PULLBACK,SHORT,37502,37503,2026-01-26T15:30:00+00:00,2026-01-26T15:45:00+00:00,0.12184,0.12361099590610071,0.11918350614084894,0.0017709959061007058,1.5,2026-01-27T15:45:00+00:00,0.12293,TIME,-0.6154729077832278,0.17967348140324038,-0.7951463891864682,96,
LINK,TREND_PULLBACK,SHORT,37519,37520,2026-01-26T19:45:00+00:00,2026-01-26T20:00:00+00:00,11.923,12.066067759915072,11.708398360127394,0.1430677599150716,1.5,2026-01-27T16:00:00+00:00,12.066067759915072,SL,-1.0,0.2179791457306819,-1.217979145730682,80,
FET,TREND_PULLBACK,SHORT,37528,37529,2026-01-26T22:00:00+00:00,2026-01-26T22:15:00+00:00,0.2214,0.22442112509583192,0.21686831235625215,0.0030211250958319114,1.5,2026-01-27T16:00:00+00:00,0.22442112509583192,SL,-1.0,0.1918382868104934,-1.1918382868104933,71,
SUI,TREND_PULLBACK,SHORT,37593,37594,2026-01-27T14:15:00+00:00,2026-01-27T14:30:00+00:00,1.4348,1.447357635955527,1.4159635460667097,0.012557635955526836,1.5,2026-01-27T16:00:00+00:00,1.447357635955527,SL,-1.0,0.29836865314551103,-1.298368653145511,6,
BTC,TREND_PULLBACK,SHORT,37604,37605,2026-01-27T17:00:00+00:00,2026-01-27T17:15:00+00:00,87971.7,88805.3348922276,86721.24766165859,833.6348922276084,1.5,2026-01-27T20:15:00+00:00,88805.3348922276,SL,-1.0,0.2756724166688917,-1.2756724166688918,12,
FET,TREND_PULLBACK,SHORT,37604,37605,2026-01-27T17:00:00+00:00,2026-01-27T17:15:00+00:00,0.2216,0.22661337775520424,0.2140799333671936,0.005013377755204246,1.5,2026-01-27T20:15:00+00:00,0.22661337775520424,SL,-1.0,0.11622451359802372,-1.1162245135980238,12,
UNI,TREND_PULLBACK,SHORT,37604,37605,2026-01-27T17:00:00+00:00,2026-01-27T17:15:00+00:00,4.691,4.768959480001217,4.574060779998174,0.07795948000121733,1.5,2026-01-27T20:15:00+00:00,4.768959480001217,SL,-1.0,0.15774793936298126,-1.1577479393629813,12,
CRV,TREND_PULLBACK,SHORT,37648,37649,2026-01-28T04:00:00+00:00,2026-01-28T04:15:00+00:00,0.342,0.34764373049951075,0.33353440425073394,0.005643730499510724,1.5,2026-01-28T06:00:00+00:00,0.34764373049951075,SL,-1.0,0.1588553616667359,-1.1588553616667359,7,
CRV,TREND_PULLBACK,SHORT,37660,37661,2026-01-28T07:00:00+00:00,2026-01-28T07:15:00+00:00,0.344,0.3505204008987807,0.3342193986518288,0.006520400898780754,1.5,2026-01-28T11:45:00+00:00,0.3505204008987807,SL,-1.0,0.13846947989612776,-1.1384694798961277,18,
SUI,TREND_PULLBACK,SHORT,37604,37605,2026-01-27T17:00:00+00:00,2026-01-27T17:15:00+00:00,1.4383,1.4632244376945966,1.4009133434581047,0.024924437694596735,1.5,2026-01-28T15:00:00+00:00,1.4009133434581047,TP,1.5000000000000044,0.14808668471167505,1.3519133152883294,87,
CRV,TREND_PULLBACK,SHORT,37689,37690,2026-01-28T14:15:00+00:00,2026-01-28T14:30:00+00:00,0.348,0.3537002370188978,0.33944964447165327,0.005700237018897825,1.5,2026-01-28T20:15:00+00:00,0.3537002370188978,SL,-1.0,0.1600302417426405,-1.1600302417426405,23,
SUI,TREND_PULLBACK,SHORT,37708,37709,2026-01-28T19:00:00+00:00,2026-01-28T19:15:00+00:00,1.4098,1.4268004186465524,1.3842993720301713,0.01700041864655244,1.5,2026-01-29T01:15:00+00:00,1.3842993720301713,TP,1.5,0.21366116089004858,1.2863388391099515,24,
LINK,TREND_PULLBACK,SHORT,37728,37729,2026-01-29T00:00:00+00:00,2026-01-29T00:15:00+00:00,11.793,11.936446228310704,11.577830657533942,0.14344622831070453,1.5,2026-01-29T04:00:00+00:00,11.577830657533942,TP,1.5,0.2118011760405895,1.2881988239594104,15,
LINK,TREND_PULLBACK,SHORT,37759,37760,2026-01-29T07:45:00+00:00,2026-01-29T08:00:00+00:00,11.623,11.675986109492818,11.54352083576077,0.05298610949281901,1.5,2026-01-29T10:45:00+00:00,11.54352083576077,TP,1.5000000000000167,0.5683843817702934,0.9316156182297233,11,
SOL,TREND_PULLBACK,SHORT,37760,37761,2026-01-29T08:00:00+00:00,2026-01-29T08:15:00+00:00,123.25,124.18860992938815,121.84208510591777,0.93860992938815,1.5,2026-01-29T14:30:00+00:00,121.84208510591777,TP,1.5,0.3394591306373577,1.1605408693626422,25,
SUI,TREND_PULLBACK,SHORT,37785,37786,2026-01-29T14:15:00+00:00,2026-01-29T14:30:00+00:00,1.3552,1.369463345135339,1.3338049822969913,0.014263345135339112,1.5,2026-01-29T14:45:00+00:00,1.3338049822969913,TP,1.5,0.2450832146187829,1.254916785381217,1,
BTC,TREND_PULLBACK,SHORT,37825,37826,2026-01-30T00:15:00+00:00,2026-01-30T00:30:00+00:00,84337.5,84883.69795567745,83518.20306648384,546.1979556774459,1.5,2026-01-30T01:15:00+00:00,83518.20306648384,TP,1.4999999999999867,0.39951159047415613,1.1004884095258305,3,
UNI,TREND_PULLBACK,SHORT,37818,37819,2026-01-29T22:30:00+00:00,2026-01-29T22:45:00+00:00,4.379,4.4210309381242405,4.3159535928136386,0.04203093812424097,1.5,2026-01-30T01:30:00+00:00,4.3159535928136386,TP,1.4999999999999893,0.2689314151695932,1.2310685848303962,11,
CRV,TREND_PULLBACK,SHORT,37824,37825,2026-01-30T00:00:00+00:00,2026-01-30T00:15:00+00:00,0.329,0.33383687537583584,0.32174468693624625,0.004836875375835825,1.5,2026-01-30T01:30:00+00:00,0.32174468693624625,TP,1.5000000000000058,0.17489970844471772,1.325100291555288,5,
BNB,TREND_PULLBACK,SHORT,37825,37826,2026-01-30T00:15:00+00:00,2026-01-30T00:30:00+00:00,865.69,871.919503620584,856.3457445691241,6.229503620583955,1.5,2026-01-30T01:30:00+00:00,856.3457445691241,TP,1.5,0.3593619338373561,1.1406380661626438,4,
ETH,TREND_PULLBACK,SHORT,37825,37826,2026-01-30T00:15:00+00:00,2026-01-30T00:30:00+00:00,2806.1,2835.9793877884063,2761.2809183173904,29.879387788406348,1.5,2026-01-30T01:30:00+00:00,2761.2809183173904,TP,1.5,0.24222702436429783,1.2577729756357021,4,
LINK,TREND_PULLBACK,SHORT,37829,37830,2026-01-30T01:15:00+00:00,2026-01-30T01:30:00+00:00,11.081,11.194668427762384,10.910497358356423,0.11366842776238428,1.5,2026-01-30T01:30:00+00:00,10.910497358356423,TP,1.5,0.2515117621370333,1.2484882378629667,0,True
SOL,TREND_PULLBACK,SHORT,37829,37830,2026-01-30T01:15:00+00:00,2026-01-30T01:30:00+00:00,117.17,118.39861141649394,115.3270828752591,1.2286114164939335,1.5,2026-01-30T01:30:00+00:00,115.3270828752591,TP,1.5000000000000058,0.2460063480448126,1.253993651955193,0,True
DOGE,TREND_PULLBACK,SHORT,37853,37854,2026-01-30T07:15:00+00:00,2026-01-30T07:30:00+00:00,0.11439,0.1157534254641067,0.11234486180383996,0.001363425464106699,1.5,2026-01-30T11:45:00+00:00,0.1157534254641067,SL,-1.0,0.21943733704530913,-1.219437337045309,17,
CRV,TREND_PULLBACK,SHORT,37858,37859,2026-01-30T08:30:00+00:00,2026-01-30T08:45:00+00:00,0.319,0.32520909681598437,0.30968635477602346,0.006209096815984361,1.5,2026-01-30T11:45:00+00:00,0.32520909681598437,SL,-1.0,0.13487820381618754,-1.1348782038161875,12,
SOL,TREND_PULLBACK,SHORT,37861,37862,2026-01-30T09:15:00+00:00,2026-01-30T09:30:00+00:00,114.81,116.59510011868223,112.13234982197667,1.785100118682223,1.5,2026-01-30T11:45:00+00:00,116.59510011868223,SL,-1.0,0.16852087286642492,-1.168520872866425,9,
BNB,TREND_PULLBACK,SHORT,37872,37873,2026-01-30T12:00:00+00:00,2026-01-30T12:15:00+00:00,840.04,847.4292901061463,828.9560648407805,7.389290106146291,1.5,2026-01-30T13:30:00+00:00,847.4292901061463,SL,-1.0,0.29687697270314206,-1.2968769727031422,5,
BTC,TREND_PULLBACK,SHORT,37854,37855,2026-01-30T07:30:00+00:00,2026-01-30T07:45:00+00:00,82521.0,83498.9322696907,81054.10159546394,977.9322696907038,1.5,2026-01-30T14:30:00+00:00,83498.9322696907,SL,-1.0,0.22069617563479973,-1.2206961756347998,27,
ETH,TREND_PULLBACK,SHORT,37854,37855,2026-01-30T07:30:00+00:00,2026-01-30T07:45:00+00:00,2729.18,2771.1143991200215,2666.278401319967,41.93439912002168,1.5,2026-01-30T18:15:00+00:00,2666.278401319967,TP,1.5000000000000053,0.16726353706990546,1.3327364629301,42,
AVAX,TREND_PULLBACK,SHORT,37876,37877,2026-01-30T13:00:00+00:00,2026-01-30T13:15:00+00:00,10.905,11.059638836559193,10.673041745161209,0.15463883655919375,1.5,2026-01-30T18:15:00+00:00,10.673041745161209,TP,1.5,0.1813998015820032,1.3186001984179967,20,
SUI,TREND_PULLBACK,SHORT,37879,37880,2026-01-30T13:45:00+00:00,2026-01-30T14:00:00+00:00,1.2771,1.3017096086706204,1.2401855869940692,0.024609608670620453,1.5,2026-01-30T18:15:00+00:00,1.2401855869940692,TP,1.5,0.1329753474300079,1.367024652569992,17,
CRV,TREND_PULLBACK,SHORT,37881,37882,2026-01-30T14:15:00+00:00,2026-01-30T14:30:00+00:00,0.321,0.32696751786991163,0.31204872319513255,0.0059675178699116205,1.5,2026-01-30T18:15:00+00:00,0.31204872319513255,TP,1.5000000000000047,0.1379071429853733,1.3620928570146313,15,
LINK,TREND_PULLBACK,SHORT,37873,37874,2026-01-30T12:15:00+00:00,2026-01-30T12:30:00+00:00,10.743,10.915003978325839,10.484994032511242,0.17200397832583825,1.5,2026-01-30T18:45:00+00:00,10.915003978325839,SL,-1.0,0.16369042998811914,-1.1636904299881192,25,
BNB,TREND_PULLBACK,SHORT,37896,37897,2026-01-30T18:00:00+00:00,2026-01-30T18:15:00+00:00,845.17,856.7922600953408,827.7366098569887,11.622260095340835,1.5,2026-01-30T20:45:00+00:00,856.7922600953408,SL,-1.0,0.19037183129389065,-1.1903718312938907,10,
ADA,TREND_PULLBACK,SHORT,37905,37906,2026-01-30T20:15:00+00:00,2026-01-30T20:30:00+00:00,0.3257,0.33391184512436006,0.31338223231345985,0.008211845124360073,1.5,2026-01-31T05:30:00+00:00,0.31338223231345985,TP,1.5000000000000033,0.10117176948977594,1.3988282305102273,36,
AVAX,TREND_PULLBACK,SHORT,37905,37906,2026-01-30T20:15:00+00:00,2026-01-30T20:30:00+00:00,10.899,11.10288239013056,10.593176414804159,0.20388239013056086,1.5,2026-01-31T07:30:00+00:00,10.593176414804159,TP,1.4999999999999956,0.13703895329730773,1.3629610467026878,44,
DOGE,TREND_PULLBACK,SHORT,37905,37906,2026-01-30T20:15:00+00:00,2026-01-30T20:30:00+00:00,0.11656,0.11936870727258672,0.11234693909111991,0.0028087072725867246,1.5,2026-01-31T07:30:00+00:00,0.11234693909111991,TP,1.5,0.10594874863708942,1.3940512513629106,44,
SOL,TREND_PULLBACK,SHORT,37945,37946,2026-01-31T06:15:00+00:00,2026-01-31T06:30:00+00:00,117.87,119.00672877403642,116.16490683894538,1.1367287740364134,1.5,2026-01-31T08:15:00+00:00,116.16490683894538,TP,1.5,0.2676499318393105,1.2323500681606894,7,
FET,TREND_PULLBACK,SHORT,37906,37907,2026-01-30T20:30:00+00:00,2026-01-30T20:45:00+00:00,0.2057,0.21174557878239303,0.19663163182641044,0.006045578782393035,1.5,2026-01-31T08:30:00+00:00,0.19663163182641044,TP,1.5,0.08651464817522417,1.4134853518247759,47,
CRV,TREND_PULLBACK,SHORT,37905,37906,2026-01-30T20:15:00+00:00,2026-01-30T20:30:00+00:00,0.317,0.3276430433425083,0.3010354349862375,0.010643043342508318,1.5,2026-01-31T14:00:00+00:00,0.3010354349862375,TP,1.5,0.07549025590012821,1.4245097440998717,70,
BNB,TREND_PULLBACK,SHORT,38042,38043,2026-02-01T06:30:00+00:00,2026-02-01T06:45:00+00:00,779.46,786.7156365255257,768.5765452117115,7.255636525525688,1.5,2026-02-01T11:15:00+00:00,768.5765452117115,TP,1.5,0.2773633301083007,1.2226366698916993,18,
AVAX,TREND_PULLBACK,SHORT,38038,38039,2026-02-01T05:30:00+00:00,2026-02-01T05:45:00+00:00,10.164,10.27442886384293,9.998356704235604,0.11042886384293027,1.5,2026-02-01T14:15:00+00:00,9.998356704235604,TP,1.5,0.23735699891640546,1.2626430010835945,34,
LINK,TREND_PULLBACK,SHORT,38038,38039,2026-02-01T05:30:00+00:00,2026-02-01T05:45:00+00:00,9.967,10.11528800071419,9.744567998928718,0.14828800071418868,1.5,2026-02-01T14:15:00+00:00,9.744567998928718,TP,1.5,0.17280587960719232,1.3271941203928077,34,
UNI,TREND_PULLBACK,SHORT,38038,38039,2026-02-01T05:30:00+00:00,2026-02-01T05:45:00+00:00,3.962,4.031288351400738,3.8580674728988935,0.06928835140073764,1.5,2026-02-01T14:15:00+00:00,3.8580674728988935,TP,1.500000000000003,0.1467214547503339,1.3532785452496692,34,
BTC,TREND_PULLBACK,SHORT,38038,38039,2026-02-01T05:30:00+00:00,2026-02-01T05:45:00+00:00,78545.4,79321.06216470058,77381.90675294911,775.6621647005813,1.5,2026-02-01T14:30:00+00:00,77381.90675294911,TP,1.5000000000000093,0.26133219847983896,1.2386678015201704,35,
SUI,TREND_PULLBACK,SHORT,38064,38065,2026-02-01T12:00:00+00:00,2026-02-01T12:15:00+00:00,1.1384,1.1604862883725051,1.1052705674412424,0.022086288372505036,1.5,2026-02-01T15:15:00+00:00,1.1052705674412424,TP,1.500000000000005,0.13206255793095004,1.367937442069055,12,
SOL,TREND_PULLBACK,SHORT,38072,38073,2026-02-01T14:00:00+00:00,2026-02-01T14:15:00+00:00,104.19,106.18522454307669,101.19716318538497,1.995224543076688,1.5,2026-02-01T15:15:00+00:00,101.19716318538497,TP,1.5,0.13382118472203358,1.3661788152779664,4,
CRV,TREND_PULLBACK,SHORT,38085,38086,2026-02-01T17:15:00+00:00,2026-02-01T17:30:00+00:00,0.28,0.2876376316538004,0.26854355251929946,0.007637631653800381,1.5,2026-02-01T18:15:00+00:00,0.2876376316538004,SL,-1.0,0.09661750587078355,-1.0966175058707837,3,
UNI,TREND_PULLBACK,SHORT,38082,38083,2026-02-01T16:30:00+00:00,2026-02-01T16:45:00+00:00,3.828,3.935068734850428,3.667396897724358,0.107068734850428,1.5,2026-02-02T01:15:00+00:00,3.935068734850428,SL,-1.0,0.09425710847712715,-1.094257108477127,34,
CRV,TREND_PULLBACK,SHORT,38103,38104,2026-02-01T21:45:00+00:00,2026-02-01T22:00:00+00:00,0.28,0.2873264753879521,0.26901028691807194,0.007326475387952058,1.5,2026-02-02T03:15:00+00:00,0.26901028691807194,TP,1.5,0.09741565148327007,1.40258434851673,21,
DOGE,TREND_PULLBACK,SHORT,38100,38101,2026-02-01T21:00:00+00:00,2026-02-01T21:15:00+00:00,0.10381,0.10648279465997414,0.0998008080100388,0.002672794659974137,1.5,2026-02-02T03:30:00+00:00,0.0998008080100388,TP,1.5,0.09903269202715771,1.4009673079728422,25,
AVAX,TREND_PULLBACK,SHORT,38116,38117,2026-02-02T01:00:00+00:00,2026-02-02T01:15:00+00:00,9.909,10.165814810431474,9.523777784352792,0.25681481043147336,1.5,2026-02-02T03:30:00+00:00,9.523777784352792,TP,1.4999999999999964,0.09836898065658689,1.4016310193434096,9,
UNI,TREND_PULLBACK,SHORT,38132,38133,2026-02-02T05:00:00+00:00,2026-02-02T05:15:00+00:00,3.794,3.9257788097719075,3.596331785342139,0.13177880977190748,1.5,2026-02-02T10:30:00+00:00,3.9257788097719075,SL,-1.0,0.0761557375580644,-1.0761557375580644,21,
ADA,TREND_PULLBACK,SHORT,38116,38117,2026-02-02T01:00:00+00:00,2026-02-02T01:15:00+00:00,0.2862,0.29433650290702956,0.27399524563945565,0.008136502907029552,1.5,2026-02-02T11:30:00+00:00,0.29433650290702956,SL,-1.0,0.09275452395243607,-1.092754523952436,41,
LINK,TREND_PULLBACK,SHORT,38116,38117,2026-02-02T01:00:00+00:00,2026-02-02T01:15:00+00:00,9.391,9.704485545638281,8.920771681542579,0.31348554563828124,1.5,2026-02-02T13:45:00+00:00,9.704485545638281,SL,-1.0,0.07918748265980137,-1.0791874826598014,50,
CRV,TREND_PULLBACK,SHORT,38168,38169,2026-02-02T14:00:00+00:00,2026-02-02T14:15:00+00:00,0.283,0.2879203415505446,0.2756194876741831,0.004920341550544605,1.5,2026-02-02T14:30:00+00:00,0.2879203415505446,SL,-1.0,0.1508424641646185,-1.1508424641646184,1,
UNI,TREND_PULLBACK,SHORT,38168,38169,2026-02-02T14:00:00+00:00,2026-02-02T14:15:00+00:00,3.909,3.9711767736515955,3.815734839522606,0.062176773651595685,1.5,2026-02-02T15:15:00+00:00,3.9711767736515955,SL,-1.0,0.1647597519798966,-1.1647597519798967,4,
ETH,TREND_PULLBACK,SHORT,38208,38209,2026-02-03T00:00:00+00:00,2026-02-03T00:15:00+00:00,2332.52,2363.4781787446673,2286.082731882999,30.958178744667293,1.5,2026-02-03T03:00:00+00:00,2286.082731882999,TP,1.5000000000000073,0.19394498626577475,1.3060550137342326,11,
BNB,TREND_PULLBACK,SHORT,38208,38209,2026-02-03T00:00:00+00:00,2026-02-03T00:15:00+00:00,771.45,779.1088501556274,759.9617247665591,7.658850155627306,1.5,2026-02-03T04:30:00+00:00,779.1088501556274,SL,-1.0,0.2631891816973687,-1.2631891816973688,17,
CRV,TREND_PULLBACK,SHORT,38198,38199,2026-02-02T21:30:00+00:00,2026-02-02T21:45:00+00:00,0.287,0.2906953832256694,0.28145692516149584,0.003695383225669424,1.5,2026-02-03T04:45:00+00:00,0.2906953832256694,SL,-1.0,0.2032276363048449,-1.2032276363048449,28,
SUI,TREND_PULLBACK,SHORT,38232,38233,2026-02-03T06:00:00+00:00,2026-02-03T06:15:00+00:00,1.1332,1.1527357341665112,1.103896398750233,0.01953573416651122,1.5,2026-02-03T08:15:00+00:00,1.1527357341665112,SL,-1.0,0.1521169580363494,-1.1521169580363493,8,
FET,TREND_PULLBACK,SHORT,38208,38209,2026-02-03T00:00:00+00:00,2026-02-03T00:15:00+00:00,0.1838,0.18666347715412065,0.179504784268819,0.002863477154120664,1.5,2026-02-03T14:45:00+00:00,0.179504784268819,TP,1.5,0.1649380086269627,1.3350619913730373,58,
CRV,TREND_PULLBACK,SHORT,38237,38238,2026-02-03T07:15:00+00:00,2026-02-03T07:30:00+00:00,0.287,0.2905636067345138,0.2816545898982292,0.0035636067345138356,1.5,2026-02-03T14:45:00+00:00,0.2816545898982292,TP,1.5,0.20744459811123073,1.2925554018887693,29,
AVAX,TREND_PULLBACK,SHORT,38240,38241,2026-02-03T08:00:00+00:00,2026-02-03T08:15:00+00:00,10.094,10.208587998850192,9.922118001724712,0.11458799885019211,1.5,2026-02-03T15:00:00+00:00,9.922118001724712,TP,1.4999999999999922,0.2270827107842324,1.2729172892157599,27,
LINK,TREND_PULLBACK,SHORT,38266,38267,2026-02-03T14:30:00+00:00,2026-02-03T14:45:00+00:00,9.596,9.742349436920234,9.376475844619648,0.14634943692023406,1.5,2026-02-03T15:30:00+00:00,9.742349436920234,SL,-1.0,0.17177964464392484,-1.1717796446439248,3,
XRP,TREND_PULLBACK,SHORT,38231,38232,2026-02-03T05:45:00+00:00,2026-02-03T06:00:00+00:00,1.607,1.6289835933385137,1.5740246099922293,0.02198359333851374,1.5,2026-02-03T17:00:00+00:00,1.5740246099922293,TP,1.500000000000005,0.18810992039891317,1.311890079601092,44,
BNB,TREND_PULLBACK,SHORT,38266,38267,2026-02-03T14:30:00+00:00,2026-02-03T14:45:00+00:00,771.11,778.9065693374317,759.4151459938524,7.79656933743172,1.5,2026-02-03T17:00:00+00:00,759.4151459938524,TP,1.5,0.2551997684724539,1.2448002315275462,9,
UNI,TREND_PULLBACK,SHORT,38182,38183,2026-02-02T17:30:00+00:00,2026-02-02T17:45:00+00:00,3.933,4.012133059848388,3.8143004102274176,0.07913305984838814,1.5,2026-02-03T17:30:00+00:00,3.8143004102274176,TP,1.5,0.12727285602997934,1.3727271439700206,95,
ETH,TREND_PULLBACK,SHORT,38270,38271,2026-02-03T15:30:00+00:00,2026-02-03T15:45:00+00:00,2280.09,2330.660837720527,2204.2337434192095,50.570837720526924,1.5,2026-02-03T17:30:00+00:00,2204.2337434192095,TP,1.5000000000000044,0.11527633571469796,1.3847236642853065,7,
CRV,TREND_PULLBACK,SHORT,38270,38271,2026-02-03T15:30:00+00:00,2026-02-03T15:45:00+00:00,0.284,0.29111627253147876,0.27332559120278177,0.0071162725314787845,1.5,2026-02-03T18:00:00+00:00,0.27332559120278177,TP,1.500000000000004,0.10181218683779918,1.3981878131622048,9,
BNB,TREND_PULLBACK,SHORT,38314,38315,2026-02-04T02:30:00+00:00,2026-02-04T02:45:00+00:00,754.2,765.483914609036,737.2741280864461,11.283914609035946,1.5,2026-02-04T07:30:00+00:00,765.483914609036,SL,-1.0,0.17508011691348072,-1.1750801169134808,19,
CRV,TREND_PULLBACK,SHORT,38315,38316,2026-02-04T02:45:00+00:00,2026-02-04T03:00:00+00:00,0.281,0.2860871702381363,0.27336924464279566,0.005087170238136263,1.5,2026-02-04T07:30:00+00:00,0.2860871702381363,SL,-1.0,0.14491618852913854,-1.1449161885291386,18,
XRP,TREND_PULLBACK,SHORT,38329,38330,2026-02-04T06:15:00+00:00,2026-02-04T06:30:00+00:00,1.5884,1.6065686364345249,1.5611470453482128,0.01816863643452482,1.5,2026-02-04T07:30:00+00:00,1.6065686364345249,SL,-1.0,0.22860599596083622,-1.2286059959608362,4,
SOL,TREND_PULLBACK,SHORT,38331,38332,2026-02-04T06:45:00+00:00,2026-02-04T07:00:00+00:00,98.12,99.2289576580577,96.45656351291348,1.1089576580576903,1.5,2026-02-04T11:00:00+00:00,96.45656351291348,TP,1.4999999999999936,0.22809665520487218,1.2719033447951213,16,
LINK,TREND_PULLBACK,SHORT,38336,38337,2026-02-04T08:00:00+00:00,2026-02-04T08:15:00+00:00,9.652,9.74543245202409,9.511851321963864,0.093432452024091,1.5,2026-02-04T11:00:00+00:00,9.511851321963864,TP,1.4999999999999905,0.2666419020248912,1.2333580979750993,11,
AVAX,TREND_PULLBACK,SHORT,38337,38338,2026-02-04T08:15:00+00:00,2026-02-04T08:30:00+00:00,10.087,10.184300040272602,9.941049939591096,0.09730004027260186,1.5,2026-02-04T11:00:00+00:00,9.941049939591096,TP,1.500000000000009,0.26758945678257723,1.232410543217432,10,
BNB,TREND_PULLBACK,SHORT,38337,38338,2026-02-04T08:15:00+00:00,2026-02-04T08:30:00+00:00,759.58,767.7543146559658,747.3185280160515,8.174314655965759,1.5,2026-02-04T13:30:00+00:00,747.3185280160515,TP,1.4999999999999931,0.2396492145052402,1.2603507854947529,20,
BTC,TREND_PULLBACK,SHORT,38337,38338,2026-02-04T08:15:00+00:00,2026-02-04T08:30:00+00:00,76088.4,76870.43805378843,74915.34291931734,782.0380537884339,1.5,2026-02-04T13:45:00+00:00,74915.34291931734,TP,1.5000000000000093,0.25101702512320356,1.2489829748768058,21,
FET,TREND_PULLBACK,SHORT,38347,38348,2026-02-04T10:45:00+00:00,2026-02-04T11:00:00+00:00,0.1843,0.18664984366472134,0.18077523450291796,0.0023498436647213516,1.5,2026-02-04T13:45:00+00:00,0.18077523450291796,TP,1.5,0.20196994888597067,1.2980300511140292,11,
XRP,TREND_PULLBACK,SHORT,38353,38354,2026-02-04T12:15:00+00:00,2026-02-04T12:30:00+00:00,1.589,1.6083475703956673,1.559978644406499,0.01934757039566737,1.5,2026-02-04T14:30:00+00:00,1.559978644406499,TP,1.5,0.211585855691998,1.288414144308002,8,
CRV,TREND_PULLBACK,SHORT,38353,38354,2026-02-04T12:15:00+00:00,2026-02-04T12:30:00+00:00,0.281,0.2865819580631784,0.27262706290523253,0.005581958063178349,1.5,2026-02-04T17:30:00+00:00,0.27262706290523253,TP,1.4999999999999951,0.128935970788537,1.3710640292114582,20,
XRP,TREND_PULLBACK,SHORT,38394,38395,2026-02-04T22:30:00+00:00,2026-02-04T22:45:00+00:00,1.5174,1.5555897697455978,1.4601153453816034,0.038189769745597735,1.5,2026-02-05T01:15:00+00:00,1.4601153453816034,TP,1.5000000000000029,0.10135620022800167,1.3986437997720012,10,
CRV,TREND_PULLBACK,SHORT,38406,38407,2026-02-05T01:30:00+00:00,2026-02-05T01:45:00+00:00,0.274,0.2796036106302522,0.2655945840546218,0.005603610630252165,1.5,2026-02-05T02:45:00+00:00,0.2655945840546218,TP,1.5,0.1251823164664533,1.3748176835335466,4,
SUI,TREND_PULLBACK,SHORT,38394,38395,2026-02-04T22:30:00+00:00,2026-02-04T22:45:00+00:00,1.0778,1.1100454800009203,1.0294317799986197,0.0322454800009202,1.5,2026-02-05T10:00:00+00:00,1.0294317799986197,TP,1.5000000000000036,0.08495458321352421,1.4150454167864794,45,
FET,TREND_PULLBACK,SHORT,38400,38401,2026-02-05T00:00:00+00:00,2026-02-05T00:15:00+00:00,0.1773,0.1813082725009232,0.1712875912486152,0.004008272500923199,1.5,2026-02-05T10:45:00+00:00,0.1712875912486152,TP,1.5000000000000036,0.11305715080968809,1.3869428491903155,42,
ADA,TREND_PULLBACK,SHORT,38411,38412,2026-02-05T02:45:00+00:00,2026-02-05T03:00:00+00:00,0.2841,0.2919241121646555,0.27236383175301676,0.007824112164655506,1.5,2026-02-05T10:45:00+00:00,0.27236383175301676,TP,1.5,0.09245815576964868,1.4075418442303513,31,
AVAX,TREND_PULLBACK,SHORT,38394,38395,2026-02-04T22:30:00+00:00,2026-02-04T22:45:00+00:00,9.681,9.949860303999673,9.277709544000489,0.26886030399967353,1.5,2026-02-05T11:15:00+00:00,9.277709544000489,TP,1.5,0.09166962188375179,1.4083303781162482,50,
SOL,TREND_PULLBACK,SHORT,38406,38407,2026-02-05T01:30:00+00:00,2026-02-05T01:45:00+00:00,91.99,93.68598539926417,89.44602190110373,1.695985399264174,1.5,2026-02-05T11:15:00+00:00,89.44602190110373,TP,1.5,0.1390736197220618,1.360926380277938,38,
CRV,TREND_PULLBACK,SHORT,38440,38441,2026-02-05T10:00:00+00:00,2026-02-05T10:15:00+00:00,0.265,0.27210764794053305,0.25433852808920043,0.007107647940533035,1.5,2026-02-05T11:15:00+00:00,0.25433852808920043,TP,1.500000000000004,0.09498783453606577,1.4050121654639383,4,
BNB,TREND_PULLBACK,SHORT,38443,38444,2026-02-05T10:45:00+00:00,2026-02-05T11:00:00+00:00,691.45,703.6725628471954,673.116155729207,12.222562847195377,1.5,2026-02-05T12:45:00+00:00,673.116155729207,TP,1.5,0.14513617353622538,1.3548638264637747,7,
BTC,TREND_PULLBACK,SHORT,38443,38444,2026-02-05T10:45:00+00:00,2026-02-05T11:00:00+00:00,70820.3,72067.17339007174,68949.9899148924,1246.8733900717343,1.5,2026-02-05T15:00:00+00:00,68949.9899148924,TP,1.5,0.1457256032057165,1.3542743967942834,16,
ADA,TREND_PULLBACK,SHORT,38459,38460,2026-02-05T14:45:00+00:00,2026-02-05T15:00:00+00:00,0.2717,0.2800130602793292,0.2592304095810062,0.00831306027932921,1.5,2026-02-05T15:15:00+00:00,0.2592304095810062,TP,1.5,0.08302712951228615,1.4169728704877138,1,
DOGE,TREND_PULLBACK,SHORT,38459,38460,2026-02-05T14:45:00+00:00,2026-02-05T15:00:00+00:00,0.09843,0.1012298333629587,0.09423024995556196,0.0027998333629586925,1.5,2026-02-05T15:15:00+00:00,0.09423024995556196,TP,1.5,0.08945472550464988,1.4105452744953502,1,
LINK,TREND_PULLBACK,SHORT,38459,38460,2026-02-05T14:45:00+00:00,2026-02-05T15:00:00+00:00,8.847,9.116565525063576,8.442651712404635,0.26956552506357667,1.5,2026-02-05T15:15:00+00:00,8.442651712404635,TP,1.5,0.0833806445420829,1.4166193554579172,1,
SOL,TREND_PULLBACK,SHORT,38459,38460,2026-02-05T14:45:00+00:00,2026-02-05T15:00:00+00:00,88.57,91.64830536814121,83.95254194778818,3.0783053681412156,1.5,2026-02-05T15:30:00+00:00,83.95254194778818,TP,1.4999999999999978,0.072858042887263,1.4271419571127348,2,
CRV,TREND_PULLBACK,SHORT,38468,38469,2026-02-05T17:00:00+00:00,2026-02-05T17:15:00+00:00,0.248,0.2634099879603446,0.2248850180594831,0.015409987960344596,1.5,2026-02-06T00:00:00+00:00,0.2248850180594831,TP,1.5,0.039892991808903475,1.4601070081910965,27,
UNI,TREND_PULLBACK,SHORT,38508,38509,2026-02-06T03:00:00+00:00,2026-02-06T03:15:00+00:00,3.097,3.2943891305289386,2.8009163042065923,0.19738913052893858,1.5,2026-02-06T10:15:00+00:00,3.2943891305289386,SL,-1.0,0.042093532948965964,-1.042093532948966,28,
AVAX,TREND_PULLBACK,SHORT,38529,38530,2026-02-06T08:15:00+00:00,2026-02-06T08:30:00+00:00,8.38,8.647497418850294,7.97875387172456,0.26749741885029366,1.5,2026-02-06T10:15:00+00:00,8.647497418850294,SL,-1.0,0.08275125322571344,-1.0827512532257135,7,
CRV,TREND_PULLBACK,SHORT,38529,38530,2026-02-06T08:15:00+00:00,2026-02-06T08:30:00+00:00,0.231,0.24077914483199248,0.2163312827520113,0.009779144831992465,1.5,2026-02-06T13:00:00+00:00,0.24077914483199248,SL,-1.0,0.06271641322614811,-1.0627164132261482,18,
BTC,TREND_PULLBACK,SHORT,38522,38523,2026-02-06T06:30:00+00:00,2026-02-06T06:45:00+00:00,65034.3,67073.39299475543,61975.660507866865,2039.092994755425,1.5,2026-02-06T13:15:00+00:00,67073.39299475543,SL,-1.0,0.08422372169140871,-1.0842237216914088,26,
ETH,TREND_PULLBACK,SHORT,38523,38524,2026-02-06T06:45:00+00:00,2026-02-06T07:00:00+00:00,1907.54,1973.170228953753,1809.0946565693705,65.63022895375298,1.5,2026-02-06T14:30:00+00:00,1973.170228953753,SL,-1.0,0.07686889681879422,-1.0768688968187943,30,
ETH,TREND_PULLBACK,SHORT,38592,38593,2026-02-07T00:00:00+00:00,2026-02-07T00:15:00+00:00,2051.57,2100.451789132939,1978.2473163005916,48.88178913293905,1.5,2026-02-07T04:00:00+00:00,2100.451789132939,SL,-1.0,0.11042206968311688,-1.1104220696831169,15,
AVAX,TREND_PULLBACK,SHORT,38593,38594,2026-02-07T00:15:00+00:00,2026-02-07T00:30:00+00:00,9.174,9.35794913160121,8.898076302598184,0.18394913160121007,1.5,2026-02-07T04:15:00+00:00,9.35794913160121,SL,-1.0,0.13096845666719686,-1.130968456667197,15,
SUI,TREND_PULLBACK,SHORT,38609,38610,2026-02-07T04:15:00+00:00,2026-02-07T04:30:00+00:00,1.0073,1.0209777145542058,0.9867834281686915,0.013677714554205744,1.5,2026-02-07T06:45:00+00:00,0.9867834281686915,TP,1.5,0.18952789563971367,1.3104721043602863,9,
BNB,TREND_PULLBACK,SHORT,38589,38590,2026-02-06T23:15:00+00:00,2026-02-06T23:30:00+00:00,659.72,671.6670534159841,641.7994198760239,11.9470534159841,1.5,2026-02-07T07:00:00+00:00,641.7994198760239,TP,1.5,0.14162280747611938,1.3583771925238806,30,
DOGE,TREND_PULLBACK,SHORT,38609,38610,2026-02-07T04:15:00+00:00,2026-02-07T04:30:00+00:00,0.09821,0.0995920569563203,0.09613691456551957,0.0013820569563202934,1.5,2026-02-07T07:00:00+00:00,0.09613691456551957,TP,1.5,0.18280794274054743,1.3171920572594527,10,
ADA,TREND_PULLBACK,SHORT,38589,38590,2026-02-06T23:15:00+00:00,2026-02-06T23:30:00+00:00,0.2762,0.2821075834741962,0.26733862478870574,0.005907583474196176,1.5,2026-02-07T07:15:00+00:00,0.26733862478870574,TP,1.5,0.11960901023433478,1.3803909897656652,31,
CRV,TREND_PULLBACK,SHORT,38593,38594,2026-02-07T00:15:00+00:00,2026-02-07T00:30:00+00:00,0.256,0.26282751532071114,0.2457587270189333,0.0068275153207111305,1.5,2026-02-07T12:15:00+00:00,0.26282751532071114,SL,-1.0,0.09878788083725214,-1.0987878808372522,47,
ADA,TREND_PULLBACK,SHORT,38651,38652,2026-02-07T14:45:00+00:00,2026-02-07T15:00:00+00:00,0.269,0.2737310228543314,0.261903465718503,0.004731022854331357,1.5,2026-02-07T15:30:00+00:00,0.2737310228543314,SL,-1.0,0.1491327248746397,-1.1491327248746397,2,
FET,TREND_PULLBACK,SHORT,38646,38647,2026-02-07T13:30:00+00:00,2026-02-07T13:45:00+00:00,0.164,0.16758189316743438,0.15862716024884843,0.0035818931674343746,1.5,2026-02-07T16:00:00+00:00,0.16758189316743438,SL,-1.0,0.12034319310154641,-1.1203431931015464,9,
UNI,TREND_PULLBACK,SHORT,38646,38647,2026-02-07T13:30:00+00:00,2026-02-07T13:45:00+00:00,3.487,3.5583085020989653,3.3800372468515523,0.07130850209896522,1.5,2026-02-07T16:00:00+00:00,3.5583085020989653,SL,-1.0,0.1284405194771517,-1.1284405194771516,9,
ETH,TREND_PULLBACK,SHORT,38650,38651,2026-02-07T14:30:00+00:00,2026-02-07T14:45:00+00:00,2029.48,2070.627111765274,1967.759332352089,41.147111765274076,1.5,2026-02-07T16:00:00+00:00,2070.627111765274,SL,-1.0,0.1295385998341979,-1.129538599834198,5,
BTC,TREND_PULLBACK,SHORT,38684,38685,2026-02-07T23:00:00+00:00,2026-02-07T23:15:00+00:00,69030.0,69807.77987042238,67863.33019436643,777.7798704223824,1.5,2026-02-08T08:00:00+00:00,69807.77987042238,SL,-1.0,0.23205680771030035,-1.2320568077103005,35,
BNB,TREND_PULLBACK,SHORT,38689,38690,2026-02-08T00:15:00+00:00,2026-02-08T00:30:00+00:00,647.17,652.6931485003107,638.8852772495338,5.523148500310754,1.5,2026-02-08T10:15:00+00:00,638.8852772495338,TP,1.5,0.30270268132937733,1.1972973186706226,39,
FET,TREND_PULLBACK,SHORT,38726,38727,2026-02-08T09:30:00+00:00,2026-02-08T09:45:00+00:00,0.164,0.16686189348490646,0.15970715977264033,0.0028618934849064526,1.5,2026-02-08T13:15:00+00:00,0.16686189348490646,SL,-1.0,0.150292267618911,-1.150292267618911,14,
BNB,TREND_PULLBACK,SHORT,38740,38741,2026-02-08T13:00:00+00:00,2026-02-08T13:15:00+00:00,641.43,648.5147620026378,630.8028569960431,7.084762002637831,1.5,2026-02-08T18:30:00+00:00,648.5147620026378,SL,-1.0,0.2366950632892209,-1.2366950632892209,21,
BNB,TREND_PULLBACK,SHORT,38781,38782,2026-02-08T23:15:00+00:00,2026-02-08T23:30:00+00:00,640.24,649.1017734122588,626.9473398816118,8.861773412258799,1.5,2026-02-09T08:15:00+00:00,626.9473398816118,TP,1.5,0.1858932140565982,1.3141067859434017,35,
DOGE,TREND_PULLBACK,SHORT,38781,38782,2026-02-08T23:15:00+00:00,2026-02-08T23:30:00+00:00,0.09651,0.0982444183584351,0.09390837246234734,0.0017344183584351025,1.5,2026-02-09T08:30:00+00:00,0.09390837246234734,TP,1.5,0.14272443727152462,1.3572755627284754,36,
SUI,TREND_PULLBACK,SHORT,38781,38782,2026-02-08T23:15:00+00:00,2026-02-08T23:30:00+00:00,0.9735,0.9928156111391454,0.9445265832912819,0.019315611139145372,1.5,2026-02-09T10:00:00+00:00,0.9445265832912819,TP,1.5000000000000029,0.1290890844880091,1.3709109155119938,42,
FET,TREND_PULLBACK,SHORT,38781,38782,2026-02-08T23:15:00+00:00,2026-02-08T23:30:00+00:00,0.1621,0.16522295416146,0.15741556875781,0.0031229541614599954,1.5,2026-02-09T10:15:00+00:00,0.15741556875781,TP,1.5000000000000044,0.1330055511256577,1.3669944488743466,43,
SOL,TREND_PULLBACK,SHORT,38839,38840,2026-02-09T13:45:00+00:00,2026-02-09T14:00:00+00:00,83.72,84.9066486272554,81.94002705911691,1.1866486272553942,1.5,2026-02-09T14:30:00+00:00,84.9066486272554,SL,-1.0,0.18473424919595172,-1.1847342491959516,2,
ADA,TREND_PULLBACK,SHORT,38845,38846,2026-02-09T15:15:00+00:00,2026-02-09T15:30:00+00:00,0.2639,0.2690562219775981,0.2561656670336029,0.0051562219775980744,1.5,2026-02-09T16:30:00+00:00,0.2690562219775981,SL,-1.0,0.1343702989477627,-1.1343702989477626,4,
ETH,TREND_PULLBACK,SHORT,38845,38846,2026-02-09T15:15:00+00:00,2026-02-09T15:30:00+00:00,2035.92,2078.2850664444722,1972.3724003332918,42.36506644447218,1.5,2026-02-09T16:30:00+00:00,2078.2850664444722,SL,-1.0,0.12624709543151644,-1.1262470954315165,4,
BTC,TREND_PULLBACK,SHORT,38845,38846,2026-02-09T15:15:00+00:00,2026-02-09T15:30:00+00:00,68884.5,70124.65219391527,67024.27170912709,1240.1521939152735,1.5,2026-02-09T16:45:00+00:00,70124.65219391527,SL,-1.0,0.14571751655864587,-1.145717516558646,5,
DOGE,TREND_PULLBACK,SHORT,38845,38846,2026-02-09T15:15:00+00:00,2026-02-09T15:30:00+00:00,0.09409,0.09568506606639514,0.09169740090040727,0.0015950660663951455,1.5,2026-02-09T16:45:00+00:00,0.09568506606639514,SL,-1.0,0.15466919589348022,-1.1546691958934803,5,
CRV,TREND_PULLBACK,SHORT,38781,38782,2026-02-08T23:15:00+00:00,2026-02-08T23:30:00+00:00,0.252,0.2587419452703596,0.2418870820944606,0.006741945270359595,1.5,2026-02-09T23:30:00+00:00,0.253,TIME,-0.1483251435452047,0.09737545673742681,-0.24570060028263152,96,
ADA,TREND_PULLBACK,SHORT,38870,38871,2026-02-09T21:30:00+00:00,2026-02-09T21:45:00+00:00,0.2685,0.27304788986563233,0.2616781652015515,0.004547889865632315,1.5,2026-02-10T06:45:00+00:00,0.2616781652015515,TP,1.500000000000006,0.15154975936652101,1.348450240633485,36,
AVAX,TREND_PULLBACK,SHORT,38870,38871,2026-02-09T21:30:00+00:00,2026-02-09T21:45:00+00:00,9.006,9.151666821189856,8.787499768215216,0.14566682118985597,1.5,2026-02-10T06:45:00+00:00,8.787499768215216,TP,1.5,0.15879765556585532,1.3412023444341448,36,
DOGE,TREND_PULLBACK,SHORT,38870,38871,2026-02-09T21:30:00+00:00,2026-02-09T21:45:00+00:00,0.09555,0.09711720777543421,0.09319918833684868,0.0015672077754342179,1.5,2026-02-10T06:45:00+00:00,0.09319918833684868,TP,1.4999999999999956,0.1565675902609141,1.3434324097390815,36,
SUI,TREND_PULLBACK,SHORT,38879,38880,2026-02-09T23:45:00+00:00,2026-02-10T00:00:00+00:00,0.9624,0.9783010587828836,0.9385484118256746,0.015901058782883615,1.5,2026-02-10T06:45:00+00:00,0.9385484118256746,TP,1.5,0.1554131060777844,1.3445868939222156,27,
BNB,TREND_PULLBACK,SHORT,38870,38871,2026-02-09T21:30:00+00:00,2026-02-09T21:45:00+00:00,634.77,643.2730944847259,622.015358272911,8.50309448472592,1.5,2026-02-10T14:30:00+00:00,622.015358272911,TP,1.5000000000000067,0.1921442797900942,1.3078557202099124,67,
DOGE,TREND_PULLBACK,SHORT,38936,38937,2026-02-10T14:00:00+00:00,2026-02-10T14:15:00+00:00,0.09306,0.09385813581096142,0.09186279628355788,0.0007981358109614145,1.5,2026-02-10T14:30:00+00:00,0.09186279628355788,TP,1.5,0.3012014144297646,1.1987985855702354,1,
FET,TREND_PULLBACK,SHORT,38938,38939,2026-02-10T14:30:00+00:00,2026-02-10T14:45:00+00:00,0.1559,0.15820765590794503,0.15243851613808249,0.0023076559079450165,1.5,2026-02-10T17:45:00+00:00,0.15820765590794503,SL,-1.0,0.17695010390173727,-1.1769501039017372,12,
SOL,TREND_PULLBACK,SHORT,38937,38938,2026-02-10T14:15:00+00:00,2026-02-10T14:30:00+00:00,84.18,85.37115422638517,82.39326866042225,1.1911542263851658,1.5,2026-02-10T19:15:00+00:00,82.39326866042225,TP,1.500000000000006,0.18179446830802573,1.3182055316919803,19,
FET,TREND_PULLBACK,SHORT,38973,38974,2026-02-10T23:15:00+00:00,2026-02-10T23:30:00+00:00,0.1562,0.15816917430971186,0.15324623853543223,0.0019691743097118575,1.5,2026-02-11T00:45:00+00:00,0.15816917430971186,SL,-1.0,0.20753872553945016,-1.20753872553945,5,
AVAX,TREND_PULLBACK,SHORT,38938,38939,2026-02-10T14:30:00+00:00,2026-02-10T14:45:00+00:00,8.763,8.882057178360533,8.5844142324592,0.1190571783605332,1.5,2026-02-11T03:30:00+00:00,8.882057178360533,SL,-1.0,0.19266855344417186,-1.1926685534441719,51,
FET,TREND_PULLBACK,SHORT,38986,38987,2026-02-11T02:30:00+00:00,2026-02-11T02:45:00+00:00,0.1571,0.15907225778646944,0.1541416133202958,0.00197225778646945,1.5,2026-02-11T04:30:00+00:00,0.1541416133202958,TP,1.500000000000007,0.20515274427725114,1.294847255722756,7,
ADA,TREND_PULLBACK,SHORT,38938,38939,2026-02-10T14:30:00+00:00,2026-02-10T14:45:00+00:00,0.2629,0.2665499803096142,0.2574250295355788,0.0036499803096141648,1.5,2026-02-11T05:45:00+00:00,0.2574250295355788,TP,1.5,0.18532224314047227,1.3146777568595278,60,
LINK,TREND_PULLBACK,SHORT,38938,38939,2026-02-10T14:30:00+00:00,2026-02-10T14:45:00+00:00,8.543,8.673133807389275,8.347799288916086,0.13013380738927616,1.5,2026-02-11T06:00:00+00:00,8.347799288916086,TP,1.4999999999999931,0.1687343167475817,1.3312656832524115,61,
UNI,TREND_PULLBACK,SHORT,38953,38954,2026-02-10T18:15:00+00:00,2026-02-10T18:30:00+00:00,3.348,3.4095715724615125,3.255642641307731,0.06157157246151268,1.5,2026-02-11T06:00:00+00:00,3.255642641307731,TP,1.5,0.13942693178846813,1.3605730682115318,46,
DOGE,TREND_PULLBACK,SHORT,38992,38993,2026-02-11T04:00:00+00:00,2026-02-11T04:15:00+00:00,0.09282,0.0938404197436389,0.09128937038454166,0.001020419743638895,1.5,2026-02-11T06:00:00+00:00,0.09128937038454166,TP,1.5,0.23455267598644414,1.265447324013556,7,
AVAX,TREND_PULLBACK,SHORT,38993,38994,2026-02-11T04:15:00+00:00,2026-02-11T04:30:00+00:00,8.788,8.905899965751146,8.611150051373281,0.11789996575114614,1.5,2026-02-11T06:00:00+00:00,8.611150051373281,TP,1.5,0.191848190308447,1.308151809691553,6,
DOGE,TREND_PULLBACK,SHORT,39024,39025,2026-02-11T12:00:00+00:00,2026-02-11T12:15:00+00:00,0.08987,0.09057975173675349,0.08880537239486977,0.0007097517367534861,1.5,2026-02-11T13:30:00+00:00,0.09057975173675349,SL,-1.0,0.33051652445516516,-1.330516524455165,5,
LINK,TREND_PULLBACK,SHORT,39024,39025,2026-02-11T12:00:00+00:00,2026-02-11T12:15:00+00:00,8.26,8.315012870106388,8.177480694840417,0.055012870106388334,1.5,2026-02-11T13:30:00+00:00,8.315012870106388,SL,-1.0,0.39168137727531716,-1.3916813772753172,5,
SOL,TREND_PULLBACK,SHORT,39024,39025,2026-02-11T12:00:00+00:00,2026-02-11T12:15:00+00:00,80.93,81.73712852915176,79.71930720627238,0.807128529151754,1.5,2026-02-11T13:30:00+00:00,81.73712852915176,SL,-1.0,0.2619994950620037,-1.2619994950620037,5,
BTC,TREND_PULLBACK,SHORT,39028,39029,2026-02-11T13:00:00+00:00,2026-02-11T13:15:00+00:00,66895.2,67586.7531389454,65857.8702915819,691.5531389453972,1.5,2026-02-11T13:30:00+00:00,67586.7531389454,SL,-1.0,0.2528027554718868,-1.2528027554718868,1,
SOL,TREND_PULLBACK,SHORT,39034,39035,2026-02-11T14:30:00+00:00,2026-02-11T14:45:00+00:00,81.08,82.85109769195873,78.4233534620619,1.7710976919587296,1.5,2026-02-11T17:00:00+00:00,78.4233534620619,TP,1.500000000000004,0.11707674875424788,1.382923251245756,9,
ADA,TREND_PULLBACK,SHORT,39035,39036,2026-02-11T14:45:00+00:00,2026-02-11T15:00:00+00:00,0.2536,0.2593127387605269,0.24503089185920962,0.005712738760526914,1.5,2026-02-11T19:00:00+00:00,0.2593127387605269,SL,-1.0,0.1167192459413607,-1.1167192459413606,16,
DOGE,TREND_PULLBACK,SHORT,39034,39035,2026-02-11T14:30:00+00:00,2026-02-11T14:45:00+00:00,0.08981,0.09173909950972,0.08691635073541999,0.0019290995097200059,1.5,2026-02-11T21:15:00+00:00,0.09173909950972,SL,-1.0,0.12234404092347297,-1.122344040923473,26,
SUI,TREND_PULLBACK,SHORT,39034,39035,2026-02-11T14:30:00+00:00,2026-02-11T14:45:00+00:00,0.898,0.920622586438495,0.8640661203422575,0.022622586438495018,1.5,2026-02-12T06:00:00+00:00,0.920622586438495,SL,-1.0,0.10450658985424675,-1.1045065898542468,61,
AVAX,TREND_PULLBACK,SHORT,39068,39069,2026-02-11T23:00:00+00:00,2026-02-11T23:15:00+00:00,8.647,8.794345445713535,8.425981831429699,0.14734544571353503,1.5,2026-02-12T06:00:00+00:00,8.794345445713535,SL,-1.0,0.15388157380520112,-1.153881573805201,27,
LINK,TREND_PULLBACK,SHORT,39067,39068,2026-02-11T22:45:00+00:00,2026-02-11T23:00:00+00:00,8.331,8.494199217945225,8.086201173082163,0.16319921794522507,1.5,2026-02-12T06:15:00+00:00,8.494199217945225,SL,-1.0,0.13402490072391154,-1.1340249007239116,29,
ADA,TREND_PULLBACK,SHORT,39068,39069,2026-02-11T23:00:00+00:00,2026-02-11T23:15:00+00:00,0.2559,0.2605361018335536,0.24894584724966967,0.004636101833553563,1.5,2026-02-12T06:15:00+00:00,0.2605361018335536,SL,-1.0,0.14481280965932064,-1.1448128096593206,28,
BTC,TREND_PULLBACK,SHORT,39034,39035,2026-02-11T14:30:00+00:00,2026-02-11T14:45:00+00:00,67199.4,68452.65049796198,65319.52425305702,1253.2504979619844,1.5,2026-02-12T14:45:00+00:00,67547.5,TIME,-0.27775771927964954,0.13977330971330965,-0.4175310289929592,96,
UNI,TREND_PULLBACK,SHORT,39128,39129,2026-02-12T14:00:00+00:00,2026-02-12T14:15:00+00:00,3.397,3.4815840910976656,3.270123863353501,0.08458409109766585,1.5,2026-02-12T16:00:00+00:00,3.270123863353501,TP,1.5,0.1024691630527993,1.3975308369472006,7,
SOL,TREND_PULLBACK,SHORT,39130,39131,2026-02-12T14:30:00+00:00,2026-02-12T14:45:00+00:00,81.08,82.3327348481314,79.2008977278029,1.2527348481313965,1.5,2026-02-12T16:00:00+00:00,79.2008977278029,TP,1.5000000000000058,0.1663282276827736,1.3336717723172322,5,
BNB,TREND_PULLBACK,SHORT,39128,39129,2026-02-12T14:00:00+00:00,2026-02-12T14:15:00+00:00,613.38,619.7711527544145,603.7932708683782,6.39115275441452,1.5,2026-02-12T16:15:00+00:00,603.7932708683782,TP,1.5000000000000089,0.24758057160125643,1.2524194283987524,8,
CRV,TREND_PULLBACK,SHORT,39134,39135,2026-02-12T15:30:00+00:00,2026-02-12T15:45:00+00:00,0.238,0.24287764499992423,0.23068353250011364,0.004877644999924241,1.5,2026-02-12T16:15:00+00:00,0.23068353250011364,TP,1.4999999999999971,0.12491450121105803,1.3750854987889392,2,
BNB,TREND_PULLBACK,SHORT,39177,39178,2026-02-13T02:15:00+00:00,2026-02-13T02:30:00+00:00,611.2,617.7504810764574,601.374278385314,6.550481076457345,1.5,2026-02-13T05:45:00+00:00,601.374278385314,TP,1.5,0.24064592256687103,1.2593540774331289,13,
UNI,TREND_PULLBACK,SHORT,39192,39193,2026-02-13T06:00:00+00:00,2026-02-13T06:15:00+00:00,3.259,3.3211220990962635,3.165816851355604,0.06212209909626365,1.5,2026-02-13T07:00:00+00:00,3.3211220990962635,SL,-1.0,0.13769912564560513,-1.137699125645605,3,
SOL,TREND_PULLBACK,SHORT,39188,39189,2026-02-13T05:00:00+00:00,2026-02-13T05:15:00+00:00,78.17,79.28638979766907,76.4954153034964,1.116389797669072,1.5,2026-02-13T08:15:00+00:00,79.28638979766907,SL,-1.0,0.18335289982437336,-1.1833528998243734,12,
CRV,TREND_PULLBACK,SHORT,39170,39171,2026-02-13T00:30:00+00:00,2026-02-13T00:45:00+00:00,0.236,0.2416878412244247,0.22746823816336292,0.0056878412244247,1.5,2026-02-13T09:45:00+00:00,0.2416878412244247,SL,-1.0,0.10917924201629993,-1.1091792420163,36,
UNI,TREND_PULLBACK,SHORT,39204,39205,2026-02-13T09:00:00+00:00,2026-02-13T09:15:00+00:00,3.292,3.349601167962114,3.2055982480568286,0.05760116796211401,1.5,2026-02-13T13:15:00+00:00,3.349601167962114,SL,-1.0,0.1498942091596066,-1.1498942091596067,16,
BNB,TREND_PULLBACK,SHORT,39222,39223,2026-02-13T13:30:00+00:00,2026-02-13T13:45:00+00:00,599.44,605.0618894701599,591.0071657947602,5.621889470159886,1.5,2026-02-13T14:45:00+00:00,605.0618894701599,SL,-1.0,0.2785277911674552,-1.278527791167455,4,
XRP,TREND_PULLBACK,SHORT,39854,39855,2026-02-20T03:30:00+00:00,2026-02-20T03:45:00+00:00,1.4132,1.428162663359972,1.390756004960042,0.014962663359971984,1.5,2026-02-20T09:00:00+00:00,1.428162663359972,SL,-1.0,0.24686590705833272,-1.2468659070583328,21,
XRP,TREND_PULLBACK,SHORT,39948,39949,2026-02-21T03:00:00+00:00,2026-02-21T03:15:00+00:00,1.4261,1.436373757804708,1.4106893632929378,0.010273757804708072,1.5,2026-02-21T09:15:00+00:00,1.436373757804708,SL,-1.0,0.36220591879641434,-1.3622059187964144,24,
ETH,TREND_PULLBACK,SHORT,40162,40163,2026-02-23T08:30:00+00:00,2026-02-23T08:45:00+00:00,1877.33,1894.3117418084582,1851.8573872873126,16.98174180845831,1.5,2026-02-23T09:30:00+00:00,1894.3117418084582,SL,-1.0,0.28872976162603237,-1.2887297616260325,3,
CRV,TREND_PULLBACK,SHORT,40174,40175,2026-02-23T11:30:00+00:00,2026-02-23T11:45:00+00:00,0.228,0.2313155607250252,0.2230266589124622,0.0033155607250252017,1.5,2026-02-23T12:30:00+00:00,0.2313155607250252,SL,-1.0,0.18009328691694954,-1.1800932869169496,3,
XRP,TREND_PULLBACK,SHORT,40183,40184,2026-02-23T13:45:00+00:00,2026-02-23T14:00:00+00:00,1.3951,1.4177965395050622,1.3610551907424067,0.02269653950506223,1.5,2026-02-23T16:00:00+00:00,1.3610551907424067,TP,1.5,0.1578655524630077,1.3421344475369923,8,
FET,TREND_PULLBACK,SHORT,40184,40185,2026-02-23T14:00:00+00:00,2026-02-23T14:15:00+00:00,0.1577,0.1599535397991469,0.15431969030127968,0.0022535397991468864,1.5,2026-02-23T16:00:00+00:00,0.15431969030127968,TP,1.5,0.17999486742822096,1.320005132571779,7,
DOGE,TREND_PULLBACK,SHORT,40185,40186,2026-02-23T14:15:00+00:00,2026-02-23T14:30:00+00:00,0.09621,0.09751815360449939,0.09424776959325093,0.0013081536044993874,1.5,2026-02-23T16:00:00+00:00,0.09424776959325093,TP,1.4999999999999947,0.1892706633377183,1.3107293366622763,6,
ETH,TREND_PULLBACK,SHORT,40186,40187,2026-02-23T14:30:00+00:00,2026-02-23T14:45:00+00:00,1903.78,1929.1186972651735,1865.7719541022398,25.33869726517355,1.5,2026-02-23T17:15:00+00:00,1865.7719541022398,TP,1.4999999999999956,0.19339658582480593,1.3066034141751897,10,
AVAX,TREND_PULLBACK,SHORT,40230,40231,2026-02-24T01:30:00+00:00,2026-02-24T01:45:00+00:00,8.382,8.475050779792047,8.242423830311928,0.09305077979204768,1.5,2026-02-24T04:15:00+00:00,8.242423830311928,TP,1.5,0.2322576020072482,1.2677423979927518,10,
FET,TREND_PULLBACK,SHORT,40228,40229,2026-02-24T01:00:00+00:00,2026-02-24T01:15:00+00:00,0.1535,0.15566946024047562,0.15024580963928658,0.0021694602404756236,1.5,2026-02-24T13:30:00+00:00,0.15024580963928658,TP,1.4999999999999936,0.18201280906835282,1.3179871909316407,49,
LINK,TREND_PULLBACK,SHORT,40228,40229,2026-02-24T01:00:00+00:00,2026-02-24T01:15:00+00:00,8.247,8.365992492431976,8.068511261352036,0.11899249243197652,1.5,2026-02-24T13:30:00+00:00,8.068511261352036,TP,1.4999999999999925,0.1782479230938262,1.3217520769061664,49,
ADA,TREND_PULLBACK,SHORT,40230,40231,2026-02-24T01:30:00+00:00,2026-02-24T01:45:00+00:00,0.2613,0.2656417195391039,0.2547874206913441,0.00434171953910395,1.5,2026-02-24T13:30:00+00:00,0.2547874206913441,TP,1.4999999999999936,0.15452717312947659,1.345472826870517,47,
ETH,TREND_PULLBACK,SHORT,40277,40278,2026-02-24T13:15:00+00:00,2026-02-24T13:30:00+00:00,1819.86,1834.7645958412372,1797.503106238144,14.904595841237324,1.5,2026-02-24T13:30:00+00:00,1797.503106238144,TP,1.4999999999999925,0.3155115434327132,1.1844884565672793,0,True
AVAX,TREND_PULLBACK,SHORT,40277,40278,2026-02-24T13:15:00+00:00,2026-02-24T13:30:00+00:00,8.253,8.347704397889657,8.110943403165514,0.09470439788965734,1.5,2026-02-24T14:45:00+00:00,8.347704397889657,SL,-1.0,0.2278765949433633,-1.2278765949433632,5,
BTC,TREND_PULLBACK,SHORT,40279,40280,2026-02-24T13:45:00+00:00,2026-02-24T14:00:00+00:00,62877.0,63478.48777305478,61974.768340417824,601.4877730547814,1.5,2026-02-24T14:45:00+00:00,63478.48777305478,SL,-1.0,0.2730930560246165,-1.2730930560246165,3,
XRP,TREND_PULLBACK,SHORT,40280,40281,2026-02-24T14:00:00+00:00,2026-02-24T14:15:00+00:00,1.3251,1.340809991768677,1.3015350123469842,0.015709991768677156,1.5,2026-02-24T14:45:00+00:00,1.340809991768677,SL,-1.0,0.22060374316740364,-1.2206037431674037,2,
SOL,TREND_PULLBACK,SHORT,40261,40262,2026-02-24T09:15:00+00:00,2026-02-24T09:30:00+00:00,76.52,77.48976673977167,75.06534989034249,0.9697667397716714,1.5,2026-02-24T16:00:00+00:00,77.48976673977167,SL,-1.0,0.20645448905459743,-1.2064544890545974,26,
CRV,TREND_PULLBACK,SHORT,40228,40229,2026-02-24T01:00:00+00:00,2026-02-24T01:15:00+00:00,0.221,0.22642594225510096,0.21286108661734857,0.005425942255100957,1.5,2026-02-24T17:00:00+00:00,0.22642594225510096,SL,-1.0,0.10719865741011443,-1.1071986574101145,63,
DOGE,TREND_PULLBACK,SHORT,40296,40297,2026-02-24T18:00:00+00:00,2026-02-24T18:15:00+00:00,0.09156,0.09296678610721618,0.08944982083917574,0.0014067861072161736,1.5,2026-02-25T01:00:00+00:00,0.09296678610721618,SL,-1.0,0.17051975471529102,-1.170519754715291,27,
AVAX,TREND_PULLBACK,SHORT,40300,40301,2026-02-24T19:00:00+00:00,2026-02-24T19:15:00+00:00,8.339,8.46423030578988,8.151154541315183,0.12523030578987893,1.5,2026-02-25T01:00:00+00:00,8.46423030578988,SL,-1.0,0.17443221319110033,-1.1744322131911002,23,
FET,TREND_PULLBACK,SHORT,40304,40305,2026-02-24T20:00:00+00:00,2026-02-24T20:15:00+00:00,0.1538,0.15613809332589074,0.15029286001116388,0.0023380933258907444,1.5,2026-02-25T01:00:00+00:00,0.15613809332589074,SL,-1.0,0.1723282457812746,-1.1723282457812747,19,
BNB,TREND_PULLBACK,SHORT,40308,40309,2026-02-24T21:00:00+00:00,2026-02-24T21:15:00+00:00,586.05,591.7308288366742,577.5287567449886,5.680828836674209,1.5,2026-02-25T01:00:00+00:00,591.7308288366742,SL,-1.0,0.2695231842936592,-1.2695231842936592,15,
BTC,TREND_PULLBACK,SHORT,40309,40310,2026-02-24T21:15:00+00:00,2026-02-24T21:30:00+00:00,63887.4,64596.66843569219,62823.49734646172,709.2684356921891,1.5,2026-02-25T01:00:00+00:00,64596.66843569219,SL,-1.0,0.2354951673598624,-1.2354951673598624,14,
SUI,TREND_PULLBACK,SHORT,40350,40351,2026-02-25T07:30:00+00:00,2026-02-25T07:45:00+00:00,0.8741,0.8820321618035516,0.8622017572946725,0.007932161803551607,1.5,2026-02-25T08:15:00+00:00,0.8820321618035516,SL,-1.0,0.28781205765651696,-1.287812057656517,2,
DOGE,TREND_PULLBACK,SHORT,40333,40334,2026-02-25T03:15:00+00:00,2026-02-25T03:30:00+00:00,0.09283,0.09450323209225117,0.09032015186162323,0.0016732320922511756,1.5,2026-02-25T12:15:00+00:00,0.09450323209225117,SL,-1.0,0.14554657590404904,-1.145546575904049,35,
BTC,TREND_PULLBACK,SHORT,40364,40365,2026-02-25T11:00:00+00:00,2026-02-25T11:15:00+00:00,65210.6,65749.94561415198,64401.581578772035,539.3456141519782,1.5,2026-02-25T12:15:00+00:00,65749.94561415198,SL,-1.0,0.31565790993977466,-1.3156579099397747,4,
BTC,TREND_PULLBACK,SHORT,40622,40623,2026-02-28T03:30:00+00:00,2026-02-28T03:45:00+00:00,65732.1,66105.86605362293,65171.45091956562,373.7660536229232,1.5,2026-02-28T06:15:00+00:00,65171.45091956562,TP,1.5,0.45529714254659764,1.0447028574534023,10,
AVAX,TREND_PULLBACK,SHORT,40661,40662,2026-02-28T13:15:00+00:00,2026-02-28T13:30:00+00:00,8.519,8.603800166932125,8.391799749601812,0.08480016693212455,1.5,2026-02-28T13:45:00+00:00,8.603800166932125,SL,-1.0,0.26249524054391005,-1.26249524054391,1,
BTC,TREND_PULLBACK,SHORT,40668,40669,2026-02-28T15:00:00+00:00,2026-02-28T15:15:00+00:00,64193.0,65164.01298614527,62736.48052078209,971.0129861452733,1.5,2026-02-28T16:30:00+00:00,65164.01298614527,SL,-1.0,0.17318420997598255,-1.1731842099759826,5,
ETH,TREND_PULLBACK,SHORT,40668,40669,2026-02-28T15:00:00+00:00,2026-02-28T15:15:00+00:00,1874.63,1912.4949646674345,1817.8325529988485,37.86496466743438,1.5,2026-02-28T18:30:00+00:00,1912.4949646674345,SL,-1.0,0.13002157792324306,-1.130021577923243,13,
ETH,TREND_PULLBACK,SHORT,40708,40709,2026-03-01T01:00:00+00:00,2026-03-01T01:15:00+00:00,1948.03,1976.9819653866575,1904.6020519200138,28.951965386657548,1.5,2026-03-01T01:45:00+00:00,1976.9819653866575,SL,-1.0,0.1762407313927689,-1.176240731392769,2,
LINK,TREND_PULLBACK,SHORT,41378,41379,2026-03-08T00:30:00+00:00,2026-03-08T00:45:00+00:00,8.668,8.72720459635551,8.579193105466734,0.05920459635551012,1.5,2026-03-08T02:45:00+00:00,8.579193105466734,TP,1.5,0.3787096343410848,1.1212903656589153,8,
FET,TREND_PULLBACK,SHORT,41400,41401,2026-03-08T06:00:00+00:00,2026-03-08T06:15:00+00:00,0.1406,0.14214707442008115,0.1382793883698783,0.001547074420081146,1.5,2026-03-08T07:15:00+00:00,0.14214707442008115,SL,-1.0,0.23759115397100677,-1.2375911539710067,4,
LINK,TREND_PULLBACK,SHORT,41408,41409,2026-03-08T08:00:00+00:00,2026-03-08T08:15:00+00:00,8.6,8.672643214958665,8.491035177562,0.07264321495866533,1.5,2026-03-08T09:00:00+00:00,8.672643214958665,SL,-1.0,0.3091057601487358,-1.3091057601487357,3,
CRV,TREND_PULLBACK,SHORT,41385,41386,2026-03-08T02:15:00+00:00,2026-03-08T02:30:00+00:00,0.233,0.23666212952007748,0.2275068057198838,0.0036621295200774673,1.5,2026-03-08T09:15:00+00:00,0.23666212952007748,SL,-1.0,0.16672287668383318,-1.1667228766838331,27,
ADA,TREND_PULLBACK,SHORT,41408,41409,2026-03-08T08:00:00+00:00,2026-03-08T08:15:00+00:00,0.251,0.25351400389280093,0.2472289941607986,0.002514003892800931,1.5,2026-03-08T09:15:00+00:00,0.25351400389280093,SL,-1.0,0.26088591467132444,-1.2608859146713245,4,
AVAX,TREND_PULLBACK,SHORT,41420,41421,2026-03-08T11:00:00+00:00,2026-03-08T11:15:00+00:00,8.899,8.979443300691008,8.778335048963486,0.0804433006910088,1.5,2026-03-08T12:15:00+00:00,8.979443300691008,SL,-1.0,0.28892370267318085,-1.2889237026731808,4,
ETH,TREND_PULLBACK,SHORT,41420,41421,2026-03-08T11:00:00+00:00,2026-03-08T11:15:00+00:00,1955.19,1974.1815796743795,1926.702630488431,18.99157967437941,1.5,2026-03-08T12:15:00+00:00,1926.702630488431,TP,1.5,0.2657209408674355,1.2342790591325645,4,
FET,TREND_PULLBACK,SHORT,41424,41425,2026-03-08T12:00:00+00:00,2026-03-08T12:15:00+00:00,0.1421,0.14409477506537163,0.13910783740194255,0.001994775065371629,1.5,2026-03-08T12:30:00+00:00,0.14409477506537163,SL,-1.0,0.18651386516888765,-1.1865138651688876,1,
BNB,TREND_PULLBACK,SHORT,41420,41421,2026-03-08T11:00:00+00:00,2026-03-08T11:15:00+00:00,619.65,623.5833626319809,613.7499560520287,3.9333626319809127,1.5,2026-03-08T13:15:00+00:00,613.7499560520287,TP,1.4999999999999856,0.40764610153936554,1.09235389846062,8,
LINK,TREND_PULLBACK,SHORT,41420,41421,2026-03-08T11:00:00+00:00,2026-03-08T11:15:00+00:00,8.656,8.743920083201154,8.52411987519827,0.08792008320115308,1.5,2026-03-08T16:30:00+00:00,8.52411987519827,TP,1.50000000000001,0.25402791972636396,1.245972080273646,21,
CRV,TREND_PULLBACK,SHORT,41424,41425,2026-03-08T12:00:00+00:00,2026-03-08T12:15:00+00:00,0.234,0.2385675522007977,0.22714867169880348,0.0045675522007976865,1.5,2026-03-08T19:15:00+00:00,0.2385675522007977,SL,-1.0,0.13450044812925133,-1.1345004481292513,28,
UNI,TREND_PULLBACK,SHORT,41456,41457,2026-03-08T20:00:00+00:00,2026-03-08T20:15:00+00:00,3.688,3.7370815634129873,3.6143776548805198,0.049081563412987084,1.5,2026-03-08T22:00:00+00:00,3.6143776548805198,TP,1.4999999999999956,0.19341459992761323,1.3065854000723824,7,
ADA,TREND_PULLBACK,SHORT,41460,41461,2026-03-08T21:00:00+00:00,2026-03-08T21:15:00+00:00,0.2512,0.2548143609908073,0.24577845851378902,0.003614360990807308,1.5,2026-03-08T22:00:00+00:00,0.24577845851378902,TP,1.5,0.1787513747827436,1.3212486252172564,3,
BNB,TREND_PULLBACK,SHORT,41460,41461,2026-03-08T21:00:00+00:00,2026-03-08T21:15:00+00:00,615.85,620.8456539274406,608.3565191088392,4.995653927440571,1.5,2026-03-08T22:00:00+00:00,608.3565191088392,TP,1.5,0.3185706011578847,1.1814293988421154,3,
ETH,TREND_PULLBACK,SHORT,41460,41461,2026-03-08T21:00:00+00:00,2026-03-08T21:15:00+00:00,1947.0,1973.673299690211,1906.9900504646835,26.673299690211024,1.5,2026-03-08T22:00:00+00:00,1906.9900504646835,TP,1.5,0.1878352931130903,1.3121647068869098,3,
FET,TREND_PULLBACK,SHORT,41460,41461,2026-03-08T21:00:00+00:00,2026-03-08T21:15:00+00:00,0.1423,0.14441446982979622,0.13912829525530568,0.0021144698297962117,1.5,2026-03-09T03:00:00+00:00,0.14441446982979622,SL,-1.0,0.1762753034005966,-1.1762753034005966,23,
CRV,TREND_PULLBACK,SHORT,41477,41478,2026-03-09T01:15:00+00:00,2026-03-09T01:30:00+00:00,0.233,0.23763632033962992,0.22604551949055515,0.004636320339629907,1.5,2026-03-09T03:00:00+00:00,0.23763632033962992,SL,-1.0,0.1319639653049422,-1.1319639653049423,6,
SOL,TREND_PULLBACK,SHORT,41500,41501,2026-03-09T07:00:00+00:00,2026-03-09T07:15:00+00:00,82.74,84.22044774005072,80.51932838992391,1.480447740050721,1.5,2026-03-09T09:30:00+00:00,84.22044774005072,SL,-1.0,0.1466100938183942,-1.1466100938183943,9,
LINK,TREND_PULLBACK,SHORT,41517,41518,2026-03-09T11:15:00+00:00,2026-03-09T11:30:00+00:00,8.73,8.857633868495046,8.538549197257431,0.127633868495046,1.5,2026-03-09T13:00:00+00:00,8.857633868495046,SL,-1.0,0.1791368098345386,-1.1791368098345387,6,
SOL,TREND_PULLBACK,SHORT,41517,41518,2026-03-09T11:15:00+00:00,2026-03-09T11:30:00+00:00,83.18,84.44104272368318,81.28843591447524,1.2610427236831754,1.5,2026-03-09T13:00:00+00:00,84.44104272368318,SL,-1.0,0.1727993441049625,-1.1727993441049624,6,
FET,TREND_PULLBACK,SHORT,41511,41512,2026-03-09T09:45:00+00:00,2026-03-09T10:00:00+00:00,0.1435,0.14544154484573127,0.14058768273140307,0.00194154484573128,1.5,2026-03-09T13:30:00+00:00,0.14544154484573127,SL,-1.0,0.19346656304401377,-1.1934665630440138,14,
ADA,TREND_PULLBACK,SHORT,41532,41533,2026-03-09T15:00:00+00:00,2026-03-09T15:15:00+00:00,0.2568,0.26115185753082987,0.25027221370375513,0.004351857530829895,1.5,2026-03-09T19:15:00+00:00,0.26115185753082987,SL,-1.0,0.15472414021367883,-1.1547241402136788,16,
FET,TREND_PULLBACK,SHORT,41542,41543,2026-03-09T17:30:00+00:00,2026-03-09T17:45:00+00:00,0.1433,0.1450851708517764,0.1406222437223354,0.001785170851776402,1.5,2026-03-09T19:15:00+00:00,0.1450851708517764,SL,-1.0,0.21000831474155546,-1.2100083147415555,6,
UNI,TREND_PULLBACK,LONG,41916,41917,2026-03-13T15:00:00+00:00,2026-03-13T15:15:00+00:00,4.116,4.05964204858761,4.200536927118584,0.05635795141238997,1.5,2026-03-13T15:45:00+00:00,4.05964204858761,SL,-1.0,0.18858624908831076,-1.1885862490883108,2,
UNI,TREND_PULLBACK,LONG,42001,42002,2026-03-14T12:15:00+00:00,2026-03-14T12:30:00+00:00,3.933,3.8990188590171666,3.9839717114742497,0.033981140982833224,1.5,2026-03-15T09:00:00+00:00,3.9839717114742497,TP,1.5,0.3028757401087834,1.1971242598912166,82,
AVAX,TREND_PULLBACK,LONG,42119,42120,2026-03-15T17:45:00+00:00,2026-03-15T18:00:00+00:00,9.765,9.663524469293142,9.91721329606029,0.10147553070685866,1.5,2026-03-15T22:30:00+00:00,9.91721329606029,TP,1.5000000000000087,0.25214824802240704,1.2478517519776016,18,
UNI,TREND_PULLBACK,LONG,42187,42188,2026-03-16T10:45:00+00:00,2026-03-16T11:00:00+00:00,4.067,4.016443892362546,4.1428341614561806,0.050556107637453884,1.5,2026-03-16T13:30:00+00:00,4.1428341614561806,TP,1.4999999999999911,0.2111077159347258,1.2888922840652652,10,
AVAX,TREND_PULLBACK,LONG,42210,42211,2026-03-16T16:30:00+00:00,2026-03-16T16:45:00+00:00,10.229,10.038948391357327,10.514077412964008,0.19005160864267268,1.5,2026-03-17T00:00:00+00:00,10.514077412964008,TP,1.5,0.14188777895352409,1.358112221046476,29,
UNI,TREND_PULLBACK,LONG,42240,42241,2026-03-17T00:00:00+00:00,2026-03-17T00:15:00+00:00,4.163,4.098555641089189,4.259666538366217,0.06444435891081124,1.5,2026-03-17T03:15:00+00:00,4.098555641089189,SL,-1.0,0.16665574015996906,-1.166655740159969,12,
ETH,TREND_PULLBACK,LONG,42244,42245,2026-03-17T01:00:00+00:00,2026-03-17T01:15:00+00:00,2363.8,2316.2334252430155,2435.149862135477,47.566574756984664,1.5,2026-03-17T03:30:00+00:00,2316.2334252430155,SL,-1.0,0.12790585582205583,-1.1279058558220558,9,
FET,TREND_PULLBACK,LONG,42268,42269,2026-03-17T07:00:00+00:00,2026-03-17T07:15:00+00:00,0.2355,0.227106129778535,0.24809080533219746,0.008393870221464983,1.5,2026-03-17T12:15:00+00:00,0.227106129778535,SL,-1.0,0.0716460884961282,-1.0716460884961283,20,
FET,TREND_PULLBACK,LONG,42312,42313,2026-03-17T18:00:00+00:00,2026-03-17T18:15:00+00:00,0.2348,0.22708804023715143,0.2463679396442729,0.00771195976284858,1.5,2026-03-18T06:30:00+00:00,0.22708804023715143,SL,-1.0,0.07786016405335937,-1.0778601640533594,49,
ETH,TREND_PULLBACK,LONG,42269,42270,2026-03-17T07:15:00+00:00,2026-03-17T07:30:00+00:00,2334.25,2297.1278260323124,2389.9332609515313,37.12217396768756,1.5,2026-03-18T07:30:00+00:00,2312.47,TIME,-0.5867113283548069,0.16272581463731264,-0.7494371429921195,96,
BNB,TREND_PULLBACK,LONG,42355,42356,2026-03-18T04:45:00+00:00,2026-03-18T05:00:00+00:00,671.75,669.4534768540888,675.1947847188669,2.2965231459112374,1.5,2026-03-18T08:00:00+00:00,675.1947847188669,TP,1.5000000000000246,0.7624692236401287,0.737530776359896,12,
LINK,TREND_PULLBACK,LONG,42285,42286,2026-03-17T11:15:00+00:00,2026-03-17T11:30:00+00:00,9.788,9.691259841943035,9.933110237085447,0.09674015805696534,1.5,2026-03-18T11:15:00+00:00,9.691259841943035,SL,-1.0,0.261763452770198,-1.261763452770198,95,
BTC,TREND_PULLBACK,LONG,42298,42299,2026-03-17T14:30:00+00:00,2026-03-17T14:45:00+00:00,74198.9,73412.39276576562,75378.66085135157,786.5072342343774,1.5,2026-03-18T11:30:00+00:00,73412.39276576562,SL,-1.0,0.24398336371603052,-1.2439833637160305,83,
FET,TREND_PULLBACK,LONG,42390,42391,2026-03-18T13:30:00+00:00,2026-03-18T13:45:00+00:00,0.2231,0.21599476027068046,0.2337578595939793,0.007105239729319535,1.5,2026-03-18T16:00:00+00:00,0.21599476027068046,SL,-1.0,0.08033834326467575,-1.0803383432646758,9,
BNB,TREND_PULLBACK,SHORT,42537,42538,2026-03-20T02:15:00+00:00,2026-03-20T02:30:00+00:00,640.17,644.5525730993133,633.5961403510298,4.38257309931339,1.5,2026-03-20T03:30:00+00:00,644.5525730993133,SL,-1.0,0.38108647755145597,-1.381086477551456,4,
DOGE,TREND_PULLBACK,SHORT,42546,42547,2026-03-20T04:30:00+00:00,2026-03-20T04:45:00+00:00,0.09381,0.09469312435706467,0.092485313464403,0.0008831243570646685,1.5,2026-03-20T05:00:00+00:00,0.09469312435706467,SL,-1.0,0.27748533907353157,-1.2774853390735315,1,
BNB,TREND_PULLBACK,SHORT,42546,42547,2026-03-20T04:30:00+00:00,2026-03-20T04:45:00+00:00,641.6,646.2011478912452,634.6982781631323,4.601147891245205,1.5,2026-03-20T08:00:00+00:00,646.2011478912452,SL,-1.0,0.3638530062126622,-1.3638530062126621,13,
CRV,TREND_PULLBACK,SHORT,42546,42547,2026-03-20T04:30:00+00:00,2026-03-20T04:45:00+00:00,0.239,0.24223436829508582,0.23414844755737124,0.003234368295085832,1.5,2026-03-20T11:30:00+00:00,0.23414844755737124,TP,1.5,0.19017406977403592,1.309825930225964,27,
FET,TREND_PULLBACK,LONG,42613,42614,2026-03-20T21:15:00+00:00,2026-03-20T21:30:00+00:00,0.2218,0.2161818713678901,0.23022719294816485,0.005618128632109892,1.5,2026-03-20T22:00:00+00:00,0.23022719294816485,TP,1.5000000000000024,0.10459627917275496,1.3954037208272474,2,
DOGE,TREND_PULLBACK,SHORT,42559,42560,2026-03-20T07:45:00+00:00,2026-03-20T08:00:00+00:00,0.09402,0.09511059519130116,0.09238410721304827,0.0010905951913011552,1.5,2026-03-21T08:00:00+00:00,0.09432,TIME,-0.27507915163469043,0.22450309881514022,-0.4995822504498306,96,
BNB,TREND_PULLBACK,SHORT,42657,42658,2026-03-21T08:15:00+00:00,2026-03-21T08:30:00+00:00,642.07,644.126558804886,638.9851617926711,2.056558804885981,1.5,2026-03-21T09:00:00+00:00,644.126558804886,SL,-1.0,0.8130356022273106,-1.8130356022273106,2,
UNI,TREND_PULLBACK,SHORT,42564,42565,2026-03-20T09:00:00+00:00,2026-03-20T09:15:00+00:00,3.599,3.640494374876882,3.5367584376846777,0.04149437487688168,1.5,2026-03-21T09:15:00+00:00,3.599,TIME,-0.0,0.22551008486727236,-0.22551008486727236,96,
CRV,TREND_PULLBACK,SHORT,42583,42584,2026-03-20T13:45:00+00:00,2026-03-20T14:00:00+00:00,0.234,0.23835496980956772,0.22746754528564844,0.004354969809567705,1.5,2026-03-21T14:00:00+00:00,0.235,TIME,-0.22962271697108227,0.1400009705372726,-0.36962368750835484,96,
BNB,TREND_PULLBACK,SHORT,42664,42665,2026-03-21T10:00:00+00:00,2026-03-21T10:15:00+00:00,642.21,644.1945561699087,639.2331657451371,1.9845561699086147,1.5,2026-03-21T14:00:00+00:00,644.1945561699087,SL,-1.0,0.84266998756598,-1.84266998756598,15,
ADA,TREND_PULLBACK,SHORT,42677,42678,2026-03-21T13:15:00+00:00,2026-03-21T13:30:00+00:00,0.2643,0.26536029880515183,0.2627095517922722,0.0010602988051518492,1.5,2026-03-21T14:00:00+00:00,0.26536029880515183,SL,-1.0,0.64940032479626,-1.64940032479626,2,
DOGE,TREND_PULLBACK,SHORT,42681,42682,2026-03-21T14:15:00+00:00,2026-03-21T14:30:00+00:00,0.09392,0.09437328823949585,0.09324006764075624,0.00045328823949584984,1.5,2026-03-21T15:45:00+00:00,0.09437328823949585,SL,-1.0,0.5400124101688409,-1.540012410168841,5,
FET,TREND_PULLBACK,LONG,42621,42622,2026-03-20T23:15:00+00:00,2026-03-20T23:30:00+00:00,0.2254,0.21774881664789106,0.2368767750281634,0.007651183352108931,1.5,2026-03-21T23:30:00+00:00,0.2236,TIME,-0.2352577264409503,0.07628885273532388,-0.31154657917627415,96,
SUI,TREND_PULLBACK,SHORT,42642,42643,2026-03-21T04:30:00+00:00,2026-03-21T04:45:00+00:00,0.9647,0.9714707430202681,0.9545438854695978,0.006770743020268144,1.5,2026-03-21T23:45:00+00:00,0.9545438854695978,TP,1.5,0.36849974126054874,1.1315002587394511,76,
UNI,TREND_PULLBACK,SHORT,42681,42682,2026-03-21T14:15:00+00:00,2026-03-21T14:30:00+00:00,3.585,3.604091399193771,3.5563629012093436,0.019091399193770897,1.5,2026-03-21T23:45:00+00:00,3.5563629012093436,TP,1.5,0.4862803232673086,1.0137196767326915,37,
LINK,TREND_PULLBACK,SHORT,42682,42683,2026-03-21T14:30:00+00:00,2026-03-21T14:45:00+00:00,9.103,9.153197909073564,9.027703136389654,0.05019790907356381,1.5,2026-03-21T23:45:00+00:00,9.027703136389654,TP,1.5,0.4695397579760826,1.0304602420239175,36,
DOGE,TREND_PULLBACK,SHORT,42692,42693,2026-03-21T17:00:00+00:00,2026-03-21T17:15:00+00:00,0.09389,0.09458313203049373,0.0928503019542594,0.0006931320304937316,1.5,2026-03-21T23:45:00+00:00,0.0928503019542594,TP,1.5,0.35023975499676846,1.1497602450032316,26,
BNB,TREND_PULLBACK,SHORT,42717,42718,2026-03-21T23:15:00+00:00,2026-03-21T23:30:00+00:00,641.43,642.7697206356478,639.4204190465282,1.3397206356478364,1.5,2026-03-21T23:45:00+00:00,639.4204190465282,TP,1.5,1.242875193868539,0.25712480613146105,1,
CRV,TREND_PULLBACK,SHORT,42731,42732,2026-03-22T02:45:00+00:00,2026-03-22T03:00:00+00:00,0.227,0.2303725546498871,0.2219411680251694,0.0033725546498870884,1.5,2026-03-22T10:30:00+00:00,0.2219411680251694,TP,1.4999999999999958,0.17305087063667288,1.3269491293633229,30,
ADA,TREND_PULLBACK,SHORT,42750,42751,2026-03-22T07:30:00+00:00,2026-03-22T07:45:00+00:00,0.2575,0.2594741694462785,0.2545387458305823,0.0019741694462784842,1.5,2026-03-22T16:30:00+00:00,0.2545387458305823,TP,1.5,0.33717995729017963,1.1628200427098203,35,
SOL,TREND_PULLBACK,SHORT,42785,42786,2026-03-22T16:15:00+00:00,2026-03-22T16:30:00+00:00,87.32,87.86073479978569,86.50889780032145,0.5407347997856959,1.5,2026-03-22T18:30:00+00:00,86.50889780032145,TP,1.5,0.41790831148647606,1.0820916885135239,8,
CRV,TREND_PULLBACK,SHORT,42793,42794,2026-03-22T18:15:00+00:00,2026-03-22T18:30:00+00:00,0.218,0.22031108175455355,0.2145333773681697,0.002311081754553551,1.5,2026-03-22T19:15:00+00:00,0.2145333773681697,TP,1.499999999999994,0.24330311529253668,1.2566968847074573,3,
BNB,TREND_PULLBACK,SHORT,42737,42738,2026-03-22T04:15:00+00:00,2026-03-22T04:30:00+00:00,633.13,638.9760738504849,624.3608892242726,5.846073850484913,1.5,2026-03-22T21:00:00+00:00,624.3608892242726,TP,1.5000000000000098,0.27963008983472865,1.2203699101652812,66,
UNI,TREND_PULLBACK,SHORT,42757,42758,2026-03-22T09:15:00+00:00,2026-03-22T09:30:00+00:00,3.474,3.5109403056393473,3.4185895415409795,0.03694030563934714,1.5,2026-03-22T21:00:00+00:00,3.4185895415409795,TP,1.5,0.24256340733843573,1.2574365926615643,46,
DOGE,TREND_PULLBACK,SHORT,42774,42775,2026-03-22T13:30:00+00:00,2026-03-22T13:45:00+00:00,0.09123,0.09213227950385833,0.08987658074421252,0.000902279503858322,1.5,2026-03-22T21:00:00+00:00,0.08987658074421252,TP,1.5,0.260937496596892,1.239062503403108,29,
LINK,TREND_PULLBACK,SHORT,42774,42775,2026-03-22T13:30:00+00:00,2026-03-22T13:45:00+00:00,8.772,8.854904207457514,8.64764368881373,0.08290420745751348,1.5,2026-03-22T21:00:00+00:00,8.64764368881373,TP,1.5,0.2731530460268035,1.2268469539731965,29,
BNB,TREND_PULLBACK,SHORT,42823,42824,2026-03-23T01:45:00+00:00,2026-03-23T02:00:00+00:00,626.09,629.2066414192192,621.4150378711713,3.1166414192191496,1.5,2026-03-23T02:15:00+00:00,629.2066414192192,SL,-1.0,0.5236039102162229,-1.5236039102162229,1,
DOGE,TREND_PULLBACK,SHORT,42840,42841,2026-03-23T06:00:00+00:00,2026-03-23T06:15:00+00:00,0.09057,0.09142238592834057,0.08929142110748914,0.0008523859283405683,1.5,2026-03-23T09:30:00+00:00,0.08929142110748914,TP,1.5000000000000082,0.2743121861419489,1.2256878138580594,13,
CRV,TREND_PULLBACK,SHORT,42804,42805,2026-03-22T21:00:00+00:00,2026-03-22T21:15:00+00:00,0.216,0.22044795015132176,0.20932807477301735,0.004447950151321767,1.5,2026-03-23T11:00:00+00:00,0.22044795015132176,SL,-1.0,0.1275604078045059,-1.1275604078045058,55,
ADA,TREND_PULLBACK,SHORT,42830,42831,2026-03-23T03:30:00+00:00,2026-03-23T03:45:00+00:00,0.2512,0.2545785634221206,0.24613215486681905,0.0033785634221206173,1.5,2026-03-23T11:00:00+00:00,0.2545785634221206,SL,-1.0,0.19461293168090277,-1.1946129316809029,29,
LINK,TREND_PULLBACK,SHORT,42840,42841,2026-03-23T06:00:00+00:00,2026-03-23T06:15:00+00:00,8.704,8.799863276097126,8.560205085854314,0.0958632760971252,1.5,2026-03-23T11:00:00+00:00,8.799863276097126,SL,-1.0,0.237369545308171,-1.237369545308171,19,
SOL,TREND_PULLBACK,SHORT,42840,42841,2026-03-23T06:00:00+00:00,2026-03-23T06:15:00+00:00,86.53,87.56310807131091,84.98033789303364,1.033108071310906,1.5,2026-03-23T11:00:00+00:00,87.56310807131091,SL,-1.0,0.2190681176321916,-1.2190681176321916,19,
CRV,TREND_PULLBACK,SHORT,42888,42889,2026-03-23T18:00:00+00:00,2026-03-23T18:15:00+00:00,0.218,0.2217055695503538,0.21244164567446927,0.00370556955035381,1.5,2026-03-23T19:00:00+00:00,0.2217055695503538,SL,-1.0,0.15425894255874417,-1.1542589425587442,3,
CRV,TREND_PULLBACK,SHORT,42913,42914,2026-03-24T00:15:00+00:00,2026-03-24T00:30:00+00:00,0.218,0.2213782372988754,0.21293264405168688,0.003378237298875403,1.5,2026-03-24T07:00:00+00:00,0.2213782372988754,SL,-1.0,0.16907980640634235,-1.1690798064063423,26,
FET,TREND_PULLBACK,LONG,42940,42941,2026-03-24T07:00:00+00:00,2026-03-24T07:15:00+00:00,0.2314,0.22357249078999197,0.24314126381501203,0.007827509210008021,1.5,2026-03-24T14:45:00+00:00,0.22357249078999197,SL,-1.0,0.07556225386113387,-1.0755622538611338,30,
AVAX,TREND_PULLBACK,SHORT,42879,42880,2026-03-23T15:45:00+00:00,2026-03-23T16:00:00+00:00,9.418,9.652241639215973,9.06663754117604,0.2342416392159734,1.5,2026-03-24T16:00:00+00:00,9.454,TIME,-0.15368744908247914,0.10473628891138244,-0.2584237379938616,96,
XRP,TREND_PULLBACK,SHORT,43017,43018,2026-03-25T02:15:00+00:00,2026-03-25T02:30:00+00:00,1.4126,1.4249086374710525,1.3941370437934215,0.012308637471052375,1.5,2026-03-25T07:30:00+00:00,1.4249086374710525,SL,-1.0,0.2996888353717175,-1.2996888353717175,20,
FET,TREND_PULLBACK,LONG,43049,43050,2026-03-25T10:15:00+00:00,2026-03-25T10:30:00+00:00,0.2518,0.2446119406008423,0.2625820890987366,0.007188059399157731,1.5,2026-03-25T11:15:00+00:00,0.2625820890987366,TP,1.4999999999999962,0.09302882442884555,1.4069711755711507,3,
FET,TREND_PULLBACK,LONG,43080,43081,2026-03-25T18:00:00+00:00,2026-03-25T18:15:00+00:00,0.2551,0.24641639975611604,0.26812540036582594,0.008683600243883954,1.5,2026-03-26T05:30:00+00:00,0.24641639975611604,SL,-1.0,0.07508076159334352,-1.0750807615933435,45,
DOGE,TREND_PULLBACK,SHORT,43159,43160,2026-03-26T13:45:00+00:00,2026-03-26T14:00:00+00:00,0.0917,0.09237754534179815,0.09068368198730278,0.000677545341798147,1.5,2026-03-26T15:15:00+00:00,0.09068368198730278,TP,1.5,0.34993788895995337,1.1500621110400466,5,
BNB,TREND_PULLBACK,SHORT,43161,43162,2026-03-26T14:15:00+00:00,2026-03-26T14:30:00+00:00,629.71,633.5303906603936,623.9794140094098,3.820390660393514,1.5,2026-03-26T18:15:00+00:00,623.9794140094098,TP,1.5,0.4266046022749825,1.0733953977250175,15,
FET,TREND_PULLBACK,LONG,43168,43169,2026-03-26T16:00:00+00:00,2026-03-26T16:15:00+00:00,0.2435,0.2367896928912706,0.25356546066309404,0.006710307108729385,1.5,2026-03-27T03:00:00+00:00,0.2367896928912706,SL,-1.0,0.0930473956916823,-1.0930473956916824,43,
UNI,TREND_PULLBACK,SHORT,43212,43213,2026-03-27T03:00:00+00:00,2026-03-27T03:15:00+00:00,3.533,3.560356912337799,3.491964631493301,0.027356912337799244,1.5,2026-03-27T08:15:00+00:00,3.491964631493301,TP,1.5,0.3338261974953553,1.1661738025046446,20,
BNB,TREND_PULLBACK,SHORT,43212,43213,2026-03-27T03:00:00+00:00,2026-03-27T03:15:00+00:00,629.01,632.4121851910536,623.9067222134196,3.4021851910536043,1.5,2026-03-27T08:30:00+00:00,623.9067222134196,TP,1.5,0.4787487004412696,1.0212512995587304,21,
LINK,TREND_PULLBACK,SHORT,43212,43213,2026-03-27T03:00:00+00:00,2026-03-27T03:15:00+00:00,8.912,8.987766475911899,8.798350286132154,0.07576647591189811,1.5,2026-03-27T08:30:00+00:00,8.798350286132154,TP,1.5,0.30387391118393403,1.196126088816066,21,
SOL,TREND_PULLBACK,SHORT,43212,43213,2026-03-27T03:00:00+00:00,2026-03-27T03:15:00+00:00,86.38,87.21309024128905,85.13036463806641,0.8330902412890566,1.5,2026-03-27T08:30:00+00:00,85.13036463806641,TP,1.5,0.26763424054096546,1.2323657594590345,21,
DOGE,TREND_PULLBACK,SHORT,43212,43213,2026-03-27T03:00:00+00:00,2026-03-27T03:15:00+00:00,0.09211,0.09287553008488388,0.09096170487267419,0.0007655300848838781,1.5,2026-03-27T09:00:00+00:00,0.09096170487267419,TP,1.499999999999991,0.3108868234363085,1.1891131765636824,23,
ADA,TREND_PULLBACK,SHORT,43296,43297,2026-03-28T00:00:00+00:00,2026-03-28T00:15:00+00:00,0.2458,0.24694882813924715,0.24407675779112925,0.00114882813924716,1.5,2026-03-28T02:00:00+00:00,0.24694882813924715,SL,-1.0,0.5575886024177613,-1.5575886024177614,7,
BTC,TREND_PULLBACK,SHORT,43305,43306,2026-03-28T02:15:00+00:00,2026-03-28T02:30:00+00:00,66012.1,66443.6681596125,65364.74776058127,431.5681596124923,1.5,2026-03-28T06:15:00+00:00,66443.6681596125,SL,-1.0,0.39899259195142883,-1.3989925919514288,15,
SUI,TREND_PULLBACK,SHORT,43320,43321,2026-03-28T06:00:00+00:00,2026-03-28T06:15:00+00:00,0.8741,0.8789610871593556,0.8668083692609665,0.004861087159355626,1.5,2026-03-28T07:00:00+00:00,0.8789610871593556,SL,-1.0,0.4688209321491076,-1.4688209321491077,3,
AVAX,TREND_PULLBACK,SHORT,43296,43297,2026-03-28T00:00:00+00:00,2026-03-28T00:15:00+00:00,8.763,8.815513965043213,8.684229052435182,0.05251396504321271,1.5,2026-03-28T07:45:00+00:00,8.815513965043213,SL,-1.0,0.4351617352784476,-1.4351617352784476,30,
LINK,TREND_PULLBACK,SHORT,43331,43332,2026-03-28T08:45:00+00:00,2026-03-28T09:00:00+00:00,8.554,8.602827710619431,8.480758434070854,0.04882771061943103,1.5,2026-03-28T10:15:00+00:00,8.480758434070854,TP,1.5,0.45353725749901147,1.0464627425009885,5,
XRP,TREND_PULLBACK,SHORT,43263,43264,2026-03-27T15:45:00+00:00,2026-03-27T16:00:00+00:00,1.3348,1.3495654407838429,1.3126518388242356,0.014765440783842898,1.5,2026-03-28T13:30:00+00:00,1.3495654407838429,SL,-1.0,0.23634073131345845,-1.2363407313134585,86,
BNB,TREND_PULLBACK,SHORT,43331,43332,2026-03-28T08:45:00+00:00,2026-03-28T09:00:00+00:00,612.46,614.6338245412643,609.1992631881037,2.1738245412642527,1.5,2026-03-28T13:30:00+00:00,614.6338245412643,SL,-1.0,0.7338319821230349,-1.7338319821230348,18,
ETH,TREND_PULLBACK,SHORT,43337,43338,2026-03-28T10:15:00+00:00,2026-03-28T10:30:00+00:00,1993.68,2004.402545958554,1977.5961810621693,10.722545958553837,1.5,2026-03-28T13:30:00+00:00,2004.402545958554,SL,-1.0,0.48472697900631,-1.48472697900631,12,
SOL,TREND_PULLBACK,SHORT,43264,43265,2026-03-27T16:00:00+00:00,2026-03-27T16:15:00+00:00,82.85,84.13720835117766,80.91918747323349,1.287208351177668,1.5,2026-03-28T15:15:00+00:00,84.13720835117766,SL,-1.0,0.16864664578808958,-1.1686466457880895,92,
UNI,TREND_PULLBACK,SHORT,43263,43264,2026-03-27T15:45:00+00:00,2026-03-27T16:00:00+00:00,3.405,3.4612285523972552,3.3206571714041164,0.05622855239725544,1.5,2026-03-28T16:00:00+00:00,3.419,TIME,-0.2489838241093254,0.15777037860275792,-0.4067542027120833,96,
SUI,TREND_PULLBACK,SHORT,43372,43373,2026-03-28T19:00:00+00:00,2026-03-28T19:15:00+00:00,0.8821,0.8902468806083665,0.8698796790874501,0.008146880608366547,1.5,2026-03-28T23:00:00+00:00,0.8698796790874501,TP,1.5000000000000069,0.27956388368754304,1.220436116312464,15,
SOL,TREND_PULLBACK,SHORT,43380,43381,2026-03-28T21:00:00+00:00,2026-03-28T21:15:00+00:00,83.05,83.61542571033861,82.20186143449207,0.5654257103386158,1.5,2026-03-28T23:00:00+00:00,82.20186143449207,TP,1.5,0.37993924920072397,1.1200607507992761,7,
UNI,TREND_PULLBACK,SHORT,43420,43421,2026-03-29T07:00:00+00:00,2026-03-29T07:15:00+00:00,3.392,3.407664329718735,3.3685035054218972,0.015664329718735104,1.5,2026-03-29T10:00:00+00:00,3.3685035054218972,TP,1.5,0.5610616422697563,0.9389383577302437,11,
BTC,TREND_PULLBACK,SHORT,43413,43414,2026-03-29T05:15:00+00:00,2026-03-29T05:30:00+00:00,66603.6,66939.67942035814,66099.4808694628,336.07942035813176,1.5,2026-03-29T11:45:00+00:00,66939.67942035814,SL,-1.0,0.5165632071772437,-1.5165632071772437,25,
SUI,TREND_PULLBACK,SHORT,43420,43421,2026-03-29T07:00:00+00:00,2026-03-29T07:15:00+00:00,0.8639,0.871113199213883,0.8530802011791756,0.00721319921388297,1.5,2026-03-29T13:00:00+00:00,0.8530802011791756,TP,1.4999999999999922,0.3094430356556546,1.1905569643443377,23,
AVAX,TREND_PULLBACK,SHORT,43424,43425,2026-03-29T08:00:00+00:00,2026-03-29T08:15:00+00:00,8.734,8.795029261390594,8.642456107914109,0.06102926139059406,1.5,2026-03-29T13:00:00+00:00,8.642456107914109,TP,1.5,0.37014036259940486,1.1298596374005951,19,
UNI,TREND_PULLBACK,SHORT,43437,43438,2026-03-29T11:15:00+00:00,2026-03-29T11:30:00+00:00,3.374,3.3991267890440997,3.3363098164338507,0.025126789044099596,1.5,2026-03-29T13:00:00+00:00,3.3363098164338507,TP,1.5,0.3471753890261789,1.1528246109738212,6,
XRP,TREND_PULLBACK,SHORT,43419,43420,2026-03-29T06:45:00+00:00,2026-03-29T07:00:00+00:00,1.3338,1.3424512137295987,1.3208231794056022,0.00865121372959865,1.5,2026-03-29T15:15:00+00:00,1.3208231794056022,TP,1.4999999999999871,0.3989047365019132,1.101095263498074,33,
ETH,TREND_PULLBACK,SHORT,43453,43454,2026-03-29T15:15:00+00:00,2026-03-29T15:30:00+00:00,1988.66,2005.9821038296304,1962.6768442555544,17.32210382963035,1.5,2026-03-29T20:15:00+00:00,2005.9821038296304,SL,-1.0,0.29979238007427056,-1.2997923800742706,19,
UNI,TREND_PULLBACK,SHORT,43467,43468,2026-03-29T18:45:00+00:00,2026-03-29T19:00:00+00:00,3.356,3.374738655845795,3.3278920162313073,0.018738655845794927,1.5,2026-03-29T20:15:00+00:00,3.374738655845795,SL,-1.0,0.466947059842773,-1.466947059842773,5,
BTC,TREND_PULLBACK,SHORT,43444,43445,2026-03-29T13:00:00+00:00,2026-03-29T13:15:00+00:00,66567.8,66953.03947805855,65989.94078291219,385.2394780585455,1.5,2026-03-29T22:30:00+00:00,65989.94078291219,TP,1.4999999999999811,0.4473193242972811,1.0526806757027,37,
AVAX,TREND_PULLBACK,SHORT,43453,43454,2026-03-29T15:15:00+00:00,2026-03-29T15:30:00+00:00,8.652,8.730064690287623,8.534902964568563,0.07806469028762386,1.5,2026-03-29T22:30:00+00:00,8.534902964568563,TP,1.5000000000000113,0.2862110100176919,1.2137889899823193,28,
BNB,TREND_PULLBACK,SHORT,43475,43476,2026-03-29T20:45:00+00:00,2026-03-29T21:00:00+00:00,609.48,612.3385953569907,605.192106964514,2.8585953569906906,1.5,2026-03-29T22:30:00+00:00,605.192106964514,TP,1.5,0.5523949848978261,0.9476050151021739,6,
LINK,TREND_PULLBACK,SHORT,43480,43481,2026-03-29T22:00:00+00:00,2026-03-29T22:15:00+00:00,8.419,8.48669133801398,8.317462992979031,0.06769133801397942,1.5,2026-03-29T22:30:00+00:00,8.317462992979031,TP,1.5,0.32142076858311575,1.1785792314168844,1,
SOL,TREND_PULLBACK,SHORT,43480,43481,2026-03-29T22:00:00+00:00,2026-03-29T22:15:00+00:00,81.51,82.26266822056593,80.38099766915113,0.7526682205659228,1.5,2026-03-29T22:30:00+00:00,80.38099766915113,TP,1.4999999999999905,0.27961629203854954,1.220383707961441,1,
ETH,TREND_PULLBACK,SHORT,43485,43486,2026-03-29T23:15:00+00:00,2026-03-29T23:30:00+00:00,1982.15,2009.9758826432646,1940.4111760351034,27.82588264326455,1.5,2026-03-30T00:15:00+00:00,2009.9758826432646,SL,-1.0,0.18650850051983753,-1.1865085005198375,3,
SUI,TREND_PULLBACK,SHORT,43601,43602,2026-03-31T04:15:00+00:00,2026-03-31T04:30:00+00:00,0.8706,0.881318475962314,0.854522286056529,0.010718475962314011,1.5,2026-03-31T09:45:00+00:00,0.854522286056529,TP,1.5,0.20923300847607817,1.2907669915239217,21,
XRP,TREND_PULLBACK,SHORT,43606,43607,2026-03-31T05:30:00+00:00,2026-03-31T05:45:00+00:00,1.3215,1.3331213538727424,1.304067969190886,0.011621353872742546,1.5,2026-03-31T09:45:00+00:00,1.304067969190886,TP,1.5,0.29370402083304387,1.206295979166956,16,
ADA,TREND_PULLBACK,SHORT,43612,43613,2026-03-31T07:00:00+00:00,2026-03-31T07:15:00+00:00,0.2438,0.24676741203437794,0.23934888194843307,0.0029674120343779475,1.5,2026-03-31T14:45:00+00:00,0.23934888194843307,TP,1.5,0.211663745801526,1.288336254198474,30,
BNB,TREND_PULLBACK,SHORT,43643,43644,2026-03-31T14:45:00+00:00,2026-03-31T15:00:00+00:00,608.35,615.3146567152501,597.903014927125,6.964656715250044,1.5,2026-03-31T16:30:00+00:00,615.3146567152501,SL,-1.0,0.22840523499839344,-1.2284052349983934,6,
BTC,TREND_PULLBACK,SHORT,43643,43644,2026-03-31T14:45:00+00:00,2026-03-31T15:00:00+00:00,66556.0,67460.83725646097,65198.74411530854,904.8372564609745,1.5,2026-03-31T16:30:00+00:00,67460.83725646097,SL,-1.0,0.1925449987711834,-1.1925449987711834,6,
SUI,TREND_PULLBACK,SHORT,43643,43644,2026-03-31T14:45:00+00:00,2026-03-31T15:00:00+00:00,0.8596,0.8739685846226761,0.8380471230659858,0.014368584622676095,1.5,2026-03-31T16:30:00+00:00,0.8739685846226761,SL,-1.0,0.15684489594422885,-1.1568448959442288,6,
XRP,TREND_PULLBACK,SHORT,43643,43644,2026-03-31T14:45:00+00:00,2026-03-31T15:00:00+00:00,1.3138,1.331156035391664,1.2877659469125042,0.01735603539166397,1.5,2026-03-31T16:30:00+00:00,1.331156035391664,SL,-1.0,0.19811222830650788,-1.198112228306508,6,
SOL,TREND_PULLBACK,SHORT,43645,43646,2026-03-31T15:15:00+00:00,2026-03-31T15:30:00+00:00,81.03,82.62313088087369,78.64030367868946,1.5931308808736873,1.5,2026-03-31T16:30:00+00:00,82.62313088087369,SL,-1.0,0.13354148908874472,-1.1335414890887447,4,
ADA,TREND_PULLBACK,SHORT,43673,43674,2026-03-31T22:15:00+00:00,2026-03-31T22:30:00+00:00,0.2393,0.24286445046057553,0.23395332430913673,0.003564450460575519,1.5,2026-04-01T00:45:00+00:00,0.24286445046057553,SL,-1.0,0.17585145102494773,-1.1758514510249478,9,
SOL,TREND_PULLBACK,SHORT,43687,43688,2026-04-01T01:45:00+00:00,2026-04-01T02:00:00+00:00,82.68,83.65094364611205,81.22358453083194,0.9709436461120475,1.5,2026-04-01T04:45:00+00:00,83.65094364611205,SL,-1.0,0.22270110897351975,-1.2227011089735198,11,
SOL,TREND_PULLBACK,SHORT,43810,43811,2026-04-02T08:30:00+00:00,2026-04-02T08:45:00+00:00,79.06,79.87294746798837,77.84057879801745,0.8129474679883657,1.5,2026-04-02T12:45:00+00:00,77.84057879801745,TP,1.5000000000000087,0.2509027464494689,1.2490972535505398,16,
LINK,TREND_PULLBACK,SHORT,43833,43834,2026-04-02T14:15:00+00:00,2026-04-02T14:30:00+00:00,8.482,8.5462235436644,8.385664684503398,0.06422354366440075,1.5,2026-04-02T14:30:00+00:00,8.5462235436644,SL,-1.0,0.3446818618797912,-1.344681861879791,0,True
LINK,TREND_PULLBACK,SHORT,43847,43848,2026-04-02T17:45:00+00:00,2026-04-02T18:00:00+00:00,8.533,8.653255042240598,8.3526174366391,0.1202550422405988,1.5,2026-04-03T01:15:00+00:00,8.653255042240598,SL,-1.0,0.1857895614074296,-1.1857895614074296,29,
BNB,TREND_PULLBACK,SHORT,43881,43882,2026-04-03T02:15:00+00:00,2026-04-03T02:30:00+00:00,583.82,588.425124648385,576.9123130274227,4.605124648384958,1.5,2026-04-03T05:30:00+00:00,588.425124648385,SL,-1.0,0.3309180051352893,-1.3309180051352894,12,
SOL,TREND_PULLBACK,SHORT,43881,43882,2026-04-03T02:15:00+00:00,2026-04-03T02:30:00+00:00,79.07,79.95664227890987,77.74003658163518,0.8866422789098749,1.5,2026-04-03T07:30:00+00:00,79.95664227890987,SL,-1.0,0.2331657759618261,-1.2331657759618262,20,
XRP,TREND_PULLBACK,SHORT,43878,43879,2026-04-03T01:30:00+00:00,2026-04-03T01:45:00+00:00,1.3138,1.3259761899471645,1.2955357150792535,0.012176189947164406,1.5,2026-04-03T12:15:00+00:00,1.3259761899471645,SL,-1.0,0.28183767351054595,-1.281837673510546,42,
UNI,TREND_PULLBACK,SHORT,43920,43921,2026-04-03T12:00:00+00:00,2026-04-03T12:15:00+00:00,3.2,3.2298885863323505,3.1551671205014746,0.029888586332350364,1.5,2026-04-03T12:30:00+00:00,3.2298885863323505,SL,-1.0,0.27966713009724126,-1.2796671300972413,1,
UNI,TREND_PULLBACK,SHORT,43932,43933,2026-04-03T15:00:00+00:00,2026-04-03T15:15:00+00:00,3.2,3.223463948393172,3.164804077410242,0.023463948393172007,1.5,2026-04-03T15:30:00+00:00,3.164804077410242,TP,1.5000000000000095,0.35263652825971586,1.1473634717402936,1,
BNB,TREND_PULLBACK,SHORT,43922,43923,2026-04-03T12:30:00+00:00,2026-04-03T12:45:00+00:00,586.23,590.4353228166318,579.9220157750524,4.205322816631792,1.5,2026-04-04T06:00:00+00:00,590.4353228166318,SL,-1.0,0.36374494571781535,-1.3637449457178152,69,
BTC,TREND_PULLBACK,SHORT,43960,43961,2026-04-03T22:00:00+00:00,2026-04-03T22:15:00+00:00,66839.1,67009.50697389962,66583.48953915059,170.4069738996186,1.5,2026-04-04T06:45:00+00:00,67009.50697389962,SL,-1.0,1.0211036853959354,-2.0211036853959357,34,
BNB,TREND_PULLBACK,SHORT,43998,43999,2026-04-04T07:30:00+00:00,2026-04-04T07:45:00+00:00,589.93,591.8704706271709,587.0192940592435,1.9404706271709529,1.5,2026-04-04T08:15:00+00:00,591.8704706271709,SL,-1.0,0.7917360821148738,-1.7917360821148738,2,
UNI,TREND_PULLBACK,SHORT,43960,43961,2026-04-03T22:00:00+00:00,2026-04-03T22:15:00+00:00,3.161,3.1897443867231594,3.1178834199152607,0.028744386723159376,1.5,2026-04-04T08:45:00+00:00,3.1178834199152607,TP,1.5000000000000078,0.28397017214193215,1.2160298278580757,42,
BTC,TREND_PULLBACK,SHORT,44008,44009,2026-04-04T10:00:00+00:00,2026-04-04T10:15:00+00:00,66880.9,67035.85480283755,66648.46779574367,154.9548028375575,1.5,2026-04-04T10:30:00+00:00,67035.85480283755,SL,-1.0,1.1235003888597956,-2.123500388859796,1,
SOL,TREND_PULLBACK,SHORT,43922,43923,2026-04-03T12:30:00+00:00,2026-04-03T12:45:00+00:00,79.76,80.65987683772966,78.41018474340552,0.89987683772965,1.5,2026-04-04T12:45:00+00:00,80.05,TIME,-0.32226632339115363,0.2308682602878765,-0.5531345836790301,96,
UNI,TREND_PULLBACK,SHORT,44024,44025,2026-04-04T14:00:00+00:00,2026-04-04T14:15:00+00:00,3.132,3.1603350805745425,3.0894973791381863,0.02833508057454237,1.5,2026-04-05T05:45:00+00:00,3.0894973791381863,TP,1.5000000000000078,0.2854393362885388,1.214560663711469,62,
SUI,TREND_PULLBACK,SHORT,44150,44151,2026-04-05T21:30:00+00:00,2026-04-05T21:45:00+00:00,0.8459,0.8534231244915184,0.8346153132627224,0.007523124491518374,1.5,2026-04-05T22:30:00+00:00,0.8534231244915184,SL,-1.0,0.2936439592790937,-1.2936439592790938,3,
UNI,TREND_PULLBACK,SHORT,44185,44186,2026-04-06T06:15:00+00:00,2026-04-06T06:30:00+00:00,3.142,3.17958198916239,3.0856270162564146,0.037581989162390084,1.5,2026-04-06T09:00:00+00:00,3.17958198916239,SL,-1.0,0.21867008024512097,-1.218670080245121,10,
DOGE,TREND_PULLBACK,SHORT,44280,44281,2026-04-07T06:00:00+00:00,2026-04-07T06:15:00+00:00,0.09028,0.09086296017057191,0.08940555974414213,0.0005829601705719112,1.5,2026-04-07T08:00:00+00:00,0.09086296017057191,SL,-1.0,0.4039484344028527,-1.4039484344028528,7,
UNI,TREND_PULLBACK,SHORT,44296,44297,2026-04-07T10:00:00+00:00,2026-04-07T10:15:00+00:00,3.081,3.1127802523258152,3.0333296215112773,0.03178025232581527,1.5,2026-04-07T12:00:00+00:00,3.0333296215112773,TP,1.4999999999999931,0.25011219000007584,1.2498878099999173,7,
DOGE,TREND_PULLBACK,SHORT,44299,44300,2026-04-07T10:45:00+00:00,2026-04-07T11:00:00+00:00,0.09052,0.09131844679139797,0.08932232981290306,0.0007984467913979693,1.5,2026-04-07T17:30:00+00:00,0.09131844679139797,SL,-1.0,0.2960622841441086,-1.2960622841441087,26,
ETH,TREND_PULLBACK,LONG,44397,44398,2026-04-08T11:15:00+00:00,2026-04-08T11:30:00+00:00,2252.9,2234.773858297944,2280.089212553084,18.126141702055975,1.5,2026-04-08T13:30:00+00:00,2234.773858297944,SL,-1.0,0.3218542650544105,-1.3218542650544105,8,
ETH,TREND_PULLBACK,LONG,44422,44423,2026-04-08T17:30:00+00:00,2026-04-08T17:45:00+00:00,2232.86,2202.899035407957,2277.8014468880647,29.960964592043183,1.5,2026-04-08T18:45:00+00:00,2202.899035407957,SL,-1.0,0.19246665868567414,-1.192466658685674,4,
ETH,TREND_PULLBACK,LONG,44470,44471,2026-04-09T05:30:00+00:00,2026-04-09T05:45:00+00:00,2186.61,2169.6593056746588,2212.0360414880124,16.950694325341374,1.5,2026-04-09T13:30:00+00:00,2169.6593056746588,SL,-1.0,0.3340954646861054,-1.3340954646861054,31,
UNI,TREND_PULLBACK,SHORT,44470,44471,2026-04-09T05:30:00+00:00,2026-04-09T05:45:00+00:00,3.079,3.1090933784116475,3.033859932382529,0.030093378411647276,1.5,2026-04-09T15:15:00+00:00,3.1090933784116475,SL,-1.0,0.26731865335603555,-1.2673186533560354,38,
ETH,TREND_PULLBACK,LONG,44508,44509,2026-04-09T15:00:00+00:00,2026-04-09T15:15:00+00:00,2184.52,2160.811201593452,2220.0831976098216,23.708798406547885,1.5,2026-04-09T15:45:00+00:00,2220.0831976098216,TP,1.4999999999999905,0.24151304754910602,1.2584869524508844,2,
BTC,TREND_PULLBACK,LONG,44550,44551,2026-04-10T01:30:00+00:00,2026-04-10T01:45:00+00:00,72263.3,71493.72241271193,73417.66638093212,769.5775872880768,1.5,2026-04-10T07:45:00+00:00,71493.72241271193,SL,-1.0,0.24283988024532863,-1.2428398802453287,24,
BTC,TREND_PULLBACK,LONG,44587,44588,2026-04-10T10:45:00+00:00,2026-04-10T11:00:00+00:00,71872.5,71467.32317802348,72480.26523296478,405.17682197652175,1.5,2026-04-10T14:00:00+00:00,72480.26523296478,TP,1.5,0.4631523439258532,1.0368476560741469,12,
ETH,TREND_PULLBACK,LONG,44550,44551,2026-04-10T01:30:00+00:00,2026-04-10T01:45:00+00:00,2198.41,2168.6062953424207,2243.1155569863686,29.803704657579146,1.5,2026-04-10T14:15:00+00:00,2243.1155569863686,TP,1.5,0.19373374184252437,1.3062662581574755,50,
BTC,TREND_PULLBACK,LONG,44677,44678,2026-04-11T09:15:00+00:00,2026-04-11T09:30:00+00:00,72822.6,72555.04079722139,73223.93880416793,267.5592027786188,1.5,2026-04-11T13:00:00+00:00,72555.04079722139,SL,-1.0,0.7063518319448756,-1.7063518319448756,14,
CRV,TREND_PULLBACK,SHORT,44820,44821,2026-04-12T21:00:00+00:00,2026-04-12T21:15:00+00:00,0.211,0.2142159704279014,0.2061760443581479,0.0032159704279013934,1.5,2026-04-13T19:30:00+00:00,0.2142159704279014,SL,-1.0,0.17188614570594582,-1.1718861457059457,89,
BTC,TREND_PULLBACK,LONG,44952,44953,2026-04-14T06:00:00+00:00,2026-04-14T06:15:00+00:00,74299.0,73998.40806168306,74749.88790747541,300.59193831693847,1.5,2026-04-14T07:00:00+00:00,74749.88790747541,TP,1.5,0.6446066230672407,0.8553933769327593,3,
ETH,TREND_PULLBACK,LONG,44952,44953,2026-04-14T06:00:00+00:00,2026-04-14T06:15:00+00:00,2360.38,2348.4933097268536,2378.21003540972,11.886690273146542,1.5,2026-04-14T07:00:00+00:00,2378.21003540972,TP,1.500000000000019,0.5182407301340385,0.9817592698659806,3,
BTC,TREND_PULLBACK,LONG,44980,44981,2026-04-14T13:00:00+00:00,2026-04-14T13:15:00+00:00,74534.2,74127.93899646397,75143.59150530404,406.2610035360267,1.5,2026-04-14T13:30:00+00:00,75143.59150530404,TP,1.5,0.4789559599944228,1.0210440400055771,1,
ETH,TREND_PULLBACK,LONG,44980,44981,2026-04-14T13:00:00+00:00,2026-04-14T13:15:00+00:00,2379.75,2361.819156576847,2406.646265134729,17.930843423152965,1.5,2026-04-14T14:30:00+00:00,2406.646265134729,TP,1.4999999999999873,0.34701742677874625,1.152982573221241,5,
BTC,TREND_PULLBACK,LONG,45058,45059,2026-04-15T08:30:00+00:00,2026-04-15T08:45:00+00:00,74059.9,73581.85568502535,74776.96647246197,478.0443149746425,1.5,2026-04-15T15:30:00+00:00,73581.85568502535,SL,-1.0,0.4014989330031338,-1.4014989330031338,27,
ETH,TREND_PULLBACK,LONG,45016,45017,2026-04-14T22:00:00+00:00,2026-04-14T22:15:00+00:00,2327.0,2300.052061439636,2367.421907840546,26.947938560364037,1.5,2026-04-15T19:00:00+00:00,2367.421907840546,TP,1.4999999999999916,0.22646439045875086,1.2735356095412407,83,
AVAX,TREND_PULLBACK,LONG,45129,45130,2026-04-16T02:15:00+00:00,2026-04-16T02:30:00+00:00,9.424,9.311608699232515,9.592586951151226,0.11239130076748438,1.5,2026-04-16T07:00:00+00:00,9.592586951151226,TP,1.5,0.21995975549425015,1.28004024450575,18,
ETH,TREND_PULLBACK,LONG,45130,45131,2026-04-16T02:30:00+00:00,2026-04-16T02:45:00+00:00,2365.16,2341.3897034227916,2400.8154448658124,23.770296577208228,1.5,2026-04-16T07:45:00+00:00,2341.3897034227916,SL,-1.0,0.2574016943615365,-1.2574016943615365,20,
BTC,TREND_PULLBACK,LONG,45138,45139,2026-04-16T04:30:00+00:00,2026-04-16T04:45:00+00:00,75058.8,74615.28249324433,75724.0762601335,443.5175067556702,1.5,2026-04-16T07:45:00+00:00,74615.28249324433,SL,-1.0,0.4387116726564932,-1.4387116726564932,12,
LINK,TREND_PULLBACK,LONG,45136,45137,2026-04-16T04:00:00+00:00,2026-04-16T04:15:00+00:00,9.297,9.211474622852533,9.425288065721201,0.08552537714746755,1.5,2026-04-16T10:00:00+00:00,9.211474622852533,SL,-1.0,0.28133190185435797,-1.281331901854358,23,
ETH,TREND_PULLBACK,LONG,45168,45169,2026-04-16T12:00:00+00:00,2026-04-16T12:15:00+00:00,2343.14,2325.910802237145,2368.983796644282,17.22919776285471,1.5,2026-04-16T13:45:00+00:00,2325.910802237145,SL,-1.0,0.35229533762706006,-1.3522953376270601,6,
SUI,TREND_PULLBACK,LONG,45168,45169,2026-04-16T12:00:00+00:00,2026-04-16T12:15:00+00:00,0.9768,0.9617461316108127,0.9993808025837809,0.01505386838918732,1.5,2026-04-16T13:45:00+00:00,0.9617461316108127,SL,-1.0,0.16740613813949412,-1.1674061381394942,6,
AVAX,TREND_PULLBACK,LONG,45180,45181,2026-04-16T15:00:00+00:00,2026-04-16T15:15:00+00:00,9.474,9.293274678421334,9.745087982368,0.1807253215786666,1.5,2026-04-16T18:45:00+00:00,9.745087982368,TP,1.5,0.13824744733517014,1.36175255266483,14,
LINK,TREND_PULLBACK,LONG,45180,45181,2026-04-16T15:00:00+00:00,2026-04-16T15:15:00+00:00,9.301,9.14823209645949,9.530151855310766,0.15276790354051073,1.5,2026-04-16T18:45:00+00:00,9.530151855310766,TP,1.5,0.16024634000041965,1.3397536599995803,14,
SUI,TREND_PULLBACK,LONG,45180,45181,2026-04-16T15:00:00+00:00,2026-04-16T15:15:00+00:00,0.9756,0.9540900229305612,1.0078649656041583,0.0215099770694388,1.5,2026-04-16T22:00:00+00:00,1.0078649656041583,TP,1.5000000000000027,0.11987481190525878,1.3801251880947438,27,
LINK,TREND_PULLBACK,LONG,45207,45208,2026-04-16T21:45:00+00:00,2026-04-16T22:00:00+00:00,9.532,9.42057562904631,9.699136556430535,0.1114243709536904,1.5,2026-04-17T01:45:00+00:00,9.42057562904631,SL,-1.0,0.22112171786906704,-1.221121717869067,15,
DOGE,TREND_PULLBACK,LONG,45220,45221,2026-04-17T01:00:00+00:00,2026-04-17T01:15:00+00:00,0.0993,0.0979889175639099,0.10126662365413515,0.0013110824360900997,1.5,2026-04-17T01:45:00+00:00,0.0979889175639099,SL,-1.0,0.19562125597376048,-1.1956212559737605,2,
BTC,TREND_PULLBACK,LONG,45241,45242,2026-04-17T06:15:00+00:00,2026-04-17T06:30:00+00:00,74773.0,74406.2202670414,75323.16959943791,366.77973295860284,1.5,2026-04-17T08:30:00+00:00,75323.16959943791,TP,1.5000000000000198,0.5319950993619714,0.9680049006380483,8,
DOGE,TREND_PULLBACK,LONG,45243,45244,2026-04-17T06:45:00+00:00,2026-04-17T07:00:00+00:00,0.09757,0.09647572070326342,0.09921141894510488,0.0010942792967365833,1.5,2026-04-17T09:15:00+00:00,0.09921141894510488,TP,1.5,0.2337756415492312,1.2662243584507689,9,
ETH,TREND_PULLBACK,LONG,45182,45183,2026-04-16T15:30:00+00:00,2026-04-16T15:45:00+00:00,2337.64,2302.904570255901,2389.743144616148,34.73542974409884,1.5,2026-04-17T13:00:00+00:00,2389.743144616148,TP,1.5,0.1769259264467589,1.3230740735532411,85,
AVAX,TREND_PULLBACK,LONG,45261,45262,2026-04-17T11:15:00+00:00,2026-04-17T11:30:00+00:00,9.629,9.478371672970178,9.854942490544731,0.1506283270298212,1.5,2026-04-17T13:15:00+00:00,9.854942490544731,TP,1.5,0.16815645328579876,1.3318435467142011,7,
XRP,TREND_PULLBACK,LONG,45306,45307,2026-04-17T22:30:00+00:00,2026-04-17T22:45:00+00:00,1.4846,1.4699681013722656,1.5065478479416012,0.014631898627734286,1.5,2026-04-18T02:00:00+00:00,1.4699681013722656,SL,-1.0,0.26250445205406026,-1.2625044520540603,13,
LINK,TREND_PULLBACK,LONG,45338,45339,2026-04-18T06:30:00+00:00,2026-04-18T06:45:00+00:00,9.621,9.54244991527655,9.738825127085178,0.07855008472345126,1.5,2026-04-18T08:15:00+00:00,9.54244991527655,SL,-1.0,0.31715414410523035,-1.3171541441052304,6,
XRP,TREND_PULLBACK,LONG,45338,45339,2026-04-18T06:30:00+00:00,2026-04-18T06:45:00+00:00,1.4713,1.4591899282073266,1.4894651076890102,0.012110071792673427,1.5,2026-04-18T08:15:00+00:00,1.4591899282073266,SL,-1.0,0.3145841719100582,-1.3145841719100582,6,
SUI,TREND_PULLBACK,LONG,45332,45333,2026-04-18T05:00:00+00:00,2026-04-18T05:15:00+00:00,1.0022,0.9901331952899799,1.0203002070650302,0.012066804710020085,1.5,2026-04-18T08:30:00+00:00,0.9901331952899799,SL,-1.0,0.21464117602949612,-1.2146411760294962,13,
ETH,TREND_PULLBACK,LONG,45377,45378,2026-04-18T16:15:00+00:00,2026-04-18T16:30:00+00:00,2366.33,2344.415878276125,2399.201182585812,21.914121723874814,1.5,2026-04-18T18:30:00+00:00,2344.415878276125,SL,-1.0,0.2794531178991797,-1.2794531178991797,8,
CRV,TREND_PULLBACK,LONG,45402,45403,2026-04-18T22:30:00+00:00,2026-04-18T22:45:00+00:00,0.231,0.2276453174501018,0.23603202382484734,0.003354682549898208,1.5,2026-04-19T00:15:00+00:00,0.2276453174501018,SL,-1.0,0.17773333357674162,-1.1777333335767417,6,
BTC,TREND_PULLBACK,LONG,45424,45425,2026-04-19T04:00:00+00:00,2026-04-19T04:15:00+00:00,75657.9,75264.7504684395,76247.62429734075,393.1495315604989,1.5,2026-04-19T06:15:00+00:00,75264.7504684395,SL,-1.0,0.49904535007382983,-1.4990453500738299,8,
CRV,TREND_PULLBACK,LONG,45602,45603,2026-04-21T00:30:00+00:00,2026-04-21T00:45:00+00:00,0.232,0.22869205585011862,0.2369619162248221,0.003307944149881392,1.5,2026-04-21T08:45:00+00:00,0.2369619162248221,TP,1.5,0.1842989069552846,1.3157010930447153,32,
FET,TREND_PULLBACK,SHORT,45648,45649,2026-04-21T12:00:00+00:00,2026-04-21T12:15:00+00:00,0.2133,0.2162018241042312,0.2089472638436532,0.0029018241042312043,1.5,2026-04-21T15:30:00+00:00,0.2089472638436532,TP,1.4999999999999951,0.18916427160293986,1.3108357283970553,13,
XRP,TREND_PULLBACK,LONG,45657,45658,2026-04-21T14:15:00+00:00,2026-04-21T14:30:00+00:00,1.4361,1.4234943740592345,1.4550084389111482,0.01260562594076542,1.5,2026-04-21T17:00:00+00:00,1.4234943740592345,SL,-1.0,0.29490583837293194,-1.294905838372932,10,
CRV,TREND_PULLBACK,LONG,45755,45756,2026-04-22T14:45:00+00:00,2026-04-22T15:00:00+00:00,0.236,0.23263236799024237,0.2410514480146364,0.0033676320097576207,1.5,2026-04-22T19:00:00+00:00,0.23263236799024237,SL,-1.0,0.18090518103584682,-1.1809051810358469,16,
FET,TREND_PULLBACK,SHORT,45823,45824,2026-04-23T07:45:00+00:00,2026-04-23T08:00:00+00:00,0.2078,0.2106011431045266,0.20359828534321012,0.0028011431045265878,1.5,2026-04-23T15:15:00+00:00,0.2106011431045266,SL,-1.0,0.1941783999385533,-1.1941783999385533,29,
FET,TREND_PULLBACK,SHORT,45896,45897,2026-04-24T02:00:00+00:00,2026-04-24T02:15:00+00:00,0.2096,0.21247564317217402,0.205286535241739,0.0028756431721740083,1.5,2026-04-25T02:15:00+00:00,0.2087,TIME,0.31297346232272794,0.18910204341830442,0.12387141890442352,96,
DOGE,TREND_PULLBACK,LONG,46013,46014,2026-04-25T07:15:00+00:00,2026-04-25T07:30:00+00:00,0.09867,0.09802013927319297,0.09964479109021052,0.0006498607268070195,1.5,2026-04-25T11:30:00+00:00,0.09802013927319297,SL,-1.0,0.393464584806464,-1.393464584806464,16,
FET,TREND_PULLBACK,SHORT,46084,46085,2026-04-26T01:00:00+00:00,2026-04-26T01:15:00+00:00,0.2069,0.2089291170797976,0.2038563243803036,0.00202911707979761,1.5,2026-04-26T03:45:00+00:00,0.2089291170797976,SL,-1.0,0.2664103799558258,-1.2664103799558257,10,
DOGE,TREND_PULLBACK,LONG,46091,46092,2026-04-26T02:45:00+00:00,2026-04-26T03:00:00+00:00,0.09787,0.09734573423679642,0.09865639864480537,0.0005242657632035796,1.5,2026-04-26T05:15:00+00:00,0.09865639864480537,TP,1.5,0.4873183338867751,1.012681666113225,9,
DOGE,TREND_PULLBACK,LONG,46165,46166,2026-04-26T21:15:00+00:00,2026-04-26T21:30:00+00:00,0.09921,0.09851797628551663,0.10024803557172507,0.0006920237144833752,1.5,2026-04-27T01:00:00+00:00,0.10024803557172507,TP,1.5,0.3746915615988935,1.1253084384011065,14,
DOGE,TREND_PULLBACK,LONG,46223,46224,2026-04-27T11:45:00+00:00,2026-04-27T12:00:00+00:00,0.09844,0.09764982460235797,0.09962526309646305,0.0007901753976420345,1.5,2026-04-27T15:15:00+00:00,0.09764982460235797,SL,-1.0,0.32260783206331595,-1.322607832063316,13,
CRV,TREND_PULLBACK,LONG,46283,46284,2026-04-28T02:45:00+00:00,2026-04-28T03:00:00+00:00,0.231,0.22754229653743935,0.23618655519384102,0.003457703462560663,1.5,2026-04-28T06:30:00+00:00,0.22754229653743935,SL,-1.0,0.17239910592483693,-1.1723991059248369,14,
DOGE,TREND_PULLBACK,LONG,46358,46359,2026-04-28T21:30:00+00:00,2026-04-28T21:45:00+00:00,0.09947,0.09890898783021843,0.10031151825467237,0.0005610121697815773,1.5,2026-04-28T23:30:00+00:00,0.09890898783021843,SL,-1.0,0.45969178222941415,-1.4596917822294142,7,
FET,TREND_PULLBACK,SHORT,46362,46363,2026-04-28T22:30:00+00:00,2026-04-28T22:45:00+00:00,0.1963,0.19872936417565681,0.19265595373651478,0.002429364175656812,1.5,2026-04-29T03:00:00+00:00,0.19872936417565681,SL,-1.0,0.21138789259107757,-1.2113878925910775,17,
CRV,TREND_PULLBACK,LONG,46364,46365,2026-04-28T23:00:00+00:00,2026-04-28T23:15:00+00:00,0.228,0.22492934752911603,0.232605978706326,0.0030706524708839777,1.5,2026-04-29T03:30:00+00:00,0.232605978706326,TP,1.5000000000000044,0.195003432656723,1.3049965673432815,17,
DOGE,TREND_PULLBACK,LONG,46369,46370,2026-04-29T00:15:00+00:00,2026-04-29T00:30:00+00:00,0.09961,0.09882115153776565,0.10079327269335153,0.0007888484622343567,1.5,2026-04-29T03:30:00+00:00,0.10079327269335153,TP,1.4999999999999911,0.33025893688559743,1.1697410631143936,12,
FET,TREND_PULLBACK,SHORT,46403,46404,2026-04-29T08:45:00+00:00,2026-04-29T09:00:00+00:00,0.1994,0.20123595973215744,0.19664606040176383,0.001835959732157444,1.5,2026-04-29T09:15:00+00:00,0.20123595973215744,SL,-1.0,0.28368092095341274,-1.2836809209534128,1,
SOL,TREND_PULLBACK,SHORT,46510,46511,2026-04-30T11:30:00+00:00,2026-04-30T11:45:00+00:00,82.89,83.47416578147534,82.01375132778699,0.5841657814753347,1.5,2026-04-30T13:30:00+00:00,83.47416578147534,SL,-1.0,0.3702260939860436,-1.3702260939860436,7,
DOGE,TREND_PULLBACK,LONG,46513,46514,2026-04-30T12:15:00+00:00,2026-04-30T12:30:00+00:00,0.1066,0.105090973909726,0.10886353913541101,0.0015090260902740071,1.5,2026-05-01T01:00:00+00:00,0.10886353913541101,TP,1.5,0.18561812991926044,1.3143818700807395,50,
FET,TREND_PULLBACK,SHORT,46474,46475,2026-04-30T02:30:00+00:00,2026-04-30T02:45:00+00:00,0.198,0.20108192949690068,0.193377105754649,0.0030819294969006705,1.5,2026-05-01T02:45:00+00:00,0.1966,TIME,0.4542608782608157,0.16644767523587942,0.2878132030249363,96,
SUI,TREND_PULLBACK,SHORT,46474,46475,2026-04-30T02:30:00+00:00,2026-04-30T02:45:00+00:00,0.9065,0.9164621887962762,0.8915567168055857,0.009962188796276195,1.5,2026-05-01T02:45:00+00:00,0.9112,TIME,-0.4717838716083025,0.23719787371258,-0.7089817453208824,96,
FET,TREND_PULLBACK,SHORT,46598,46599,2026-05-01T09:30:00+00:00,2026-05-01T09:45:00+00:00,0.1977,0.19963388094661044,0.1947991785800843,0.0019338809466104556,1.5,2026-05-01T12:30:00+00:00,0.19963388094661044,SL,-1.0,0.2670971272228164,-1.2670971272228164,11,
SUI,TREND_PULLBACK,SHORT,46587,46588,2026-05-01T06:45:00+00:00,2026-05-01T07:00:00+00:00,0.9135,0.9205553440544985,0.9029169839182523,0.00705534405449848,1.5,2026-05-01T13:00:00+00:00,0.9205553440544985,SL,-1.0,0.33793843770817084,-1.337938437708171,24,
CRV,TREND_PULLBACK,LONG,46558,46559,2026-04-30T23:30:00+00:00,2026-04-30T23:45:00+00:00,0.2346,0.23198682445997584,0.23851976331003624,0.0026131755400241596,1.5,2026-05-01T13:45:00+00:00,0.23851976331003624,TP,1.5,0.23536715497396732,1.2646328450260327,56,
CRV,TREND_PULLBACK,LONG,46620,46621,2026-05-01T15:00:00+00:00,2026-05-01T15:15:00+00:00,0.2377,0.2353038930205447,0.24129416046918295,0.0023961069794553036,1.5,2026-05-01T15:45:00+00:00,0.2353038930205447,SL,-1.0,0.2566267141655302,-1.25662671416553,2,
DOGE,TREND_PULLBACK,LONG,46645,46646,2026-05-01T21:15:00+00:00,2026-05-01T21:30:00+00:00,0.10922,0.10802760476583605,0.11100859285124592,0.001192395234163951,1.5,2026-05-01T23:00:00+00:00,0.10802760476583605,SL,-1.0,0.2368525788293738,-1.2368525788293738,6,
DOGE,TREND_PULLBACK,LONG,46656,46657,2026-05-02T00:00:00+00:00,2026-05-02T00:15:00+00:00,0.10888,0.10776373483789754,0.1105543977431537,0.0011162651621024616,1.5,2026-05-02T05:00:00+00:00,0.10776373483789754,SL,-1.0,0.25230282629156836,-1.2523028262915683,19,
DOGE,TREND_PULLBACK,LONG,46708,46709,2026-05-02T13:00:00+00:00,2026-05-02T13:15:00+00:00,0.10789,0.10712804415577547,0.1090329337663368,0.0007619558442245322,1.5,2026-05-02T14:30:00+00:00,0.1090329337663368,TP,1.5,0.37009994218659537,1.1299000578134046,5,
BNB,TREND_PULLBACK,SHORT,46667,46668,2026-05-02T02:45:00+00:00,2026-05-02T03:00:00+00:00,616.47,618.141507409265,613.9627388861024,1.6715074092650184,1.5,2026-05-02T15:15:00+00:00,618.141507409265,SL,-1.0,0.9602081036169501,-1.96020810361695,49,
BTC,TREND_PULLBACK,LONG,46683,46684,2026-05-02T06:45:00+00:00,2026-05-02T07:00:00+00:00,78278.3,77963.49424305296,78750.50863542056,314.8057569470402,1.5,2026-05-02T21:30:00+00:00,78750.50863542056,TP,1.499999999999977,0.6484552671645989,0.851544732835378,58,
BTC,TREND_PULLBACK,LONG,46753,46754,2026-05-03T00:15:00+00:00,2026-05-03T00:30:00+00:00,78595.3,78359.13305598924,78949.55041601615,236.1669440107653,1.5,2026-05-03T01:00:00+00:00,78359.13305598924,SL,-1.0,0.8639683416637899,-1.86396834166379,2,
DOGE,TREND_PULLBACK,LONG,46743,46744,2026-05-02T21:45:00+00:00,2026-05-02T22:00:00+00:00,0.1087,0.10769823430767944,0.11020264853848086,0.0010017656923205637,1.5,2026-05-03T01:15:00+00:00,0.10769823430767944,SL,-1.0,0.2808218595990428,-1.2808218595990428,13,
BNB,TREND_PULLBACK,SHORT,46776,46777,2026-05-03T06:00:00+00:00,2026-05-03T06:15:00+00:00,615.98,617.9282023582089,613.0576964626867,1.948202358208846,1.5,2026-05-03T07:00:00+00:00,617.9282023582089,SL,-1.0,0.8233645012833494,-1.8233645012833493,3,
BTC,TREND_PULLBACK,LONG,46779,46780,2026-05-03T06:45:00+00:00,2026-05-03T07:00:00+00:00,78249.0,77996.23356327988,78628.14965508018,252.76643672012142,1.5,2026-05-03T11:30:00+00:00,78628.14965508018,TP,1.5,0.8068329687988579,0.6931670312011421,18,
DOGE,TREND_PULLBACK,LONG,46769,46770,2026-05-03T04:15:00+00:00,2026-05-03T04:30:00+00:00,0.10798,0.10707447610390582,0.10933828584414129,0.0009055238960941903,1.5,2026-05-03T12:00:00+00:00,0.10933828584414129,TP,1.5,0.31198930565604566,1.1880106943439543,30,
BTC,TREND_PULLBACK,LONG,46820,46821,2026-05-03T17:00:00+00:00,2026-05-03T17:15:00+00:00,78648.8,78439.32735566578,78963.00896650134,209.47264433422242,1.5,2026-05-03T20:15:00+00:00,78963.00896650134,TP,1.5,0.9781484943185831,0.5218515056814169,12,
DOGE,TREND_PULLBACK,LONG,46822,46823,2026-05-03T17:30:00+00:00,2026-05-03T17:45:00+00:00,0.10863,0.10778337569322269,0.10989993646016598,0.000846624306777316,1.5,2026-05-03T21:30:00+00:00,0.10778337569322269,SL,-1.0,0.33230487968400424,-1.3323048796840042,15,
CRV,TREND_PULLBACK,LONG,46830,46831,2026-05-03T19:30:00+00:00,2026-05-03T19:45:00+00:00,0.2351,0.2337243804437117,0.23716342933443246,0.0013756195562883156,1.5,2026-05-03T21:30:00+00:00,0.2337243804437117,SL,-1.0,0.44305250807955665,-1.4430525080795567,7,
ETH,TREND_PULLBACK,LONG,46836,46837,2026-05-03T21:00:00+00:00,2026-05-03T21:15:00+00:00,2331.86,2320.7944808804664,2348.4582786793007,11.065519119533747,1.5,2026-05-03T21:30:00+00:00,2320.7944808804664,SL,-1.0,0.5466034408152974,-1.5466034408152973,1,
BTC,TREND_PULLBACK,LONG,46839,46840,2026-05-03T21:45:00+00:00,2026-05-03T22:00:00+00:00,78794.6,78508.01479943837,79224.47780084246,286.5852005616325,1.5,2026-05-03T22:00:00+00:00,79224.47780084246,TP,1.5000000000000253,0.7168018471941886,0.7831981528058367,0,True
DOGE,TREND_PULLBACK,LONG,46851,46852,2026-05-04T00:45:00+00:00,2026-05-04T01:00:00+00:00,0.10895,0.1076304456442935,0.11092933153355977,0.0013195543557065065,1.5,2026-05-04T01:30:00+00:00,0.11092933153355977,TP,1.5000000000000053,0.216620959763786,1.2833790402362193,2,
BTC,TREND_PULLBACK,LONG,46905,46906,2026-05-04T14:15:00+00:00,2026-05-04T14:30:00+00:00,79201.7,78460.46321057333,80313.55518413999,741.2367894266645,1.5,2026-05-04T14:45:00+00:00,80313.55518413999,TP,1.4999999999999902,0.2797619258749683,1.2202380741250218,1,
LINK,TREND_PULLBACK,LONG,46944,46945,2026-05-05T00:00:00+00:00,2026-05-05T00:15:00+00:00,9.383,9.312454907221019,9.48881763916847,0.07054509277898013,1.5,2026-05-05T02:15:00+00:00,9.48881763916847,TP,1.5000000000000127,0.34776852598071933,1.1522314740192934,8,
DOGE,TREND_PULLBACK,LONG,46944,46945,2026-05-05T00:00:00+00:00,2026-05-05T00:15:00+00:00,0.1104,0.10964312789367016,0.11153530815949475,0.0007568721063298395,1.5,2026-05-05T02:30:00+00:00,0.11153530815949475,TP,1.499999999999991,0.3811950502527966,1.1188049497471944,9,
BTC,TREND_PULLBACK,LONG,46946,46947,2026-05-05T00:30:00+00:00,2026-05-05T00:45:00+00:00,80042.8,79582.96377835695,80732.55433246458,459.83622164305416,1.5,2026-05-05T02:30:00+00:00,80732.55433246458,TP,1.5,0.45452696154598593,1.045473038454014,7,
LINK,TREND_PULLBACK,LONG,46981,46982,2026-05-05T09:15:00+00:00,2026-05-05T09:30:00+00:00,9.567,9.482819482493705,9.693270776259443,0.08418051750629552,1.5,2026-05-05T10:45:00+00:00,9.693270776259443,TP,1.4999999999999893,0.2974364229498204,1.202563577050169,5,
BTC,TREND_PULLBACK,LONG,46986,46987,2026-05-05T10:30:00+00:00,2026-05-05T10:45:00+00:00,80777.0,80405.0675468138,81334.89867977929,371.932453186193,1.5,2026-05-05T13:00:00+00:00,81334.89867977929,TP,1.5,0.5666229619877023,0.9333770380122977,9,
CRV,TREND_PULLBACK,LONG,47001,47002,2026-05-05T14:15:00+00:00,2026-05-05T14:30:00+00:00,0.2407,0.238515310838598,0.243977033742103,0.0021846891614019925,1.5,2026-05-05T14:30:00+00:00,0.238515310838598,SL,-1.0,0.28515722744300576,-1.2851572274430056,0,True
ETH,TREND_PULLBACK,LONG,46913,46914,2026-05-04T16:15:00+00:00,2026-05-04T16:30:00+00:00,2356.48,2324.765619861851,2404.0515702072234,31.714380138148954,1.5,2026-05-05T16:30:00+00:00,2360.76,TIME,0.13495455315085364,0.1933637666347883,-0.05840921348393466,96,
DOGE,TREND_PULLBACK,LONG,46986,46987,2026-05-05T10:30:00+00:00,2026-05-05T10:45:00+00:00,0.11156,0.11065257819051175,0.1129211327142324,0.0009074218094882597,1.5,2026-05-05T17:15:00+00:00,0.1129211327142324,TP,1.5000000000000075,0.3215984776617581,1.1784015223382496,26,
ETH,TREND_PULLBACK,LONG,47024,47025,2026-05-05T20:00:00+00:00,2026-05-05T20:15:00+00:00,2379.44,2361.4995602454906,2406.3506596317643,17.940439754509498,1.5,2026-05-05T22:30:00+00:00,2361.4995602454906,SL,-1.0,0.343537923966995,-1.343537923966995,9,
CRV,TREND_PULLBACK,LONG,47026,47027,2026-05-05T20:30:00+00:00,2026-05-05T20:45:00+00:00,0.2403,0.23760767767977536,0.244338483480337,0.0026923223202246493,1.5,2026-05-06T03:30:00+00:00,0.244338483480337,TP,1.5,0.23400988202328907,1.265990117976711,27,
LINK,TREND_PULLBACK,LONG,47040,47041,2026-05-06T00:00:00+00:00,2026-05-06T00:15:00+00:00,9.781,9.707972312011275,9.89054153198309,0.07302768798872528,1.5,2026-05-06T04:00:00+00:00,9.89054153198309,TP,1.5000000000000122,0.3501823033960246,1.1498176966039877,15,
ETH,TREND_PULLBACK,LONG,47053,47054,2026-05-06T03:15:00+00:00,2026-05-06T03:30:00+00:00,2375.0,2354.7973689541027,2405.303946568846,20.202631045897306,1.5,2026-05-06T05:30:00+00:00,2354.7973689541027,SL,-1.0,0.30435325803215135,-1.3043532580321513,8,
XRP,TREND_PULLBACK,LONG,47035,47036,2026-05-05T22:45:00+00:00,2026-05-05T23:00:00+00:00,1.4149,1.4059695304463895,1.4282957043304159,0.008930469553610543,1.5,2026-05-06T07:15:00+00:00,1.4282957043304159,TP,1.5,0.4138813075215294,1.0861186924784705,33,
DOGE,TREND_PULLBACK,LONG,47060,47061,2026-05-06T05:00:00+00:00,2026-05-06T05:15:00+00:00,0.1153,0.11423772831478676,0.11689340752781985,0.001062271685213237,1.5,2026-05-06T07:15:00+00:00,0.11689340752781985,TP,1.4999999999999936,0.28415652416224685,1.2158434758377468,8,
BTC,TREND_PULLBACK,LONG,47072,47073,2026-05-06T08:00:00+00:00,2026-05-06T08:15:00+00:00,81507.5,81047.9921321313,82196.76180180305,459.50786786869867,1.5,2026-05-06T10:15:00+00:00,82196.76180180305,TP,1.5,0.46313796829949955,1.0368620317005004,8,
CRV,TREND_PULLBACK,LONG,47119,47120,2026-05-06T19:45:00+00:00,2026-05-06T20:00:00+00:00,0.2462,0.24247654027969695,0.2517851895804546,0.0037234597203030517,1.5,2026-05-06T21:30:00+00:00,0.2517851895804546,TP,1.5000000000000038,0.17386538195232595,1.3261346180476778,6,
BNB,TREND_PULLBACK,LONG,47112,47113,2026-05-06T18:00:00+00:00,2026-05-06T18:15:00+00:00,649.84,645.1279380664295,656.9080929003559,4.712061933570567,1.5,2026-05-06T23:00:00+00:00,645.1279380664295,SL,-1.0,0.3572657454887731,-1.357265745488773,19,
ADA,TREND_PULLBACK,LONG,47120,47121,2026-05-06T20:00:00+00:00,2026-05-06T20:15:00+00:00,0.2673,0.2642430438220102,0.27188543426698464,0.003056956177989789,1.5,2026-05-06T23:00:00+00:00,0.2642430438220102,SL,-1.0,0.2260437888982134,-1.2260437888982134,11,
BTC,TREND_PULLBACK,LONG,47120,47121,2026-05-06T20:00:00+00:00,2026-05-06T20:15:00+00:00,81586.8,81009.27849621515,82453.08225567729,577.5215037848538,1.5,2026-05-06T23:00:00+00:00,81009.27849621515,SL,-1.0,0.36600351789467556,-1.3660035178946757,11,
SUI,TREND_PULLBACK,LONG,47125,47126,2026-05-06T21:15:00+00:00,2026-05-06T21:30:00+00:00,0.993,0.982975464918979,1.0080368026215314,0.010024535081020969,1.5,2026-05-07T00:30:00+00:00,0.982975464918979,SL,-1.0,0.256248103641037,-1.256248103641037,12,
BNB,TREND_PULLBACK,LONG,47136,47137,2026-05-07T00:00:00+00:00,2026-05-07T00:15:00+00:00,649.62,645.5308281806823,655.7537577289766,4.0891718193176985,1.5,2026-05-07T00:30:00+00:00,645.5308281806823,SL,-1.0,0.41174500633133615,-1.4117450063313361,1,
LINK,TREND_PULLBACK,LONG,47119,47120,2026-05-06T19:45:00+00:00,2026-05-06T20:00:00+00:00,10.014,9.908434074712746,10.17234888793088,0.10556592528725339,1.5,2026-05-07T01:00:00+00:00,9.908434074712746,SL,-1.0,0.24533640212647082,-1.2453364021264708,20,
XRP,TREND_PULLBACK,LONG,47135,47136,2026-05-06T23:45:00+00:00,2026-05-07T00:00:00+00:00,1.4241,1.4151386773055699,1.437541984041645,0.008961322694430063,1.5,2026-05-07T01:00:00+00:00,1.4151386773055699,SL,-1.0,0.4118823087122395,-1.4118823087122396,4,
LINK,TREND_PULLBACK,LONG,47153,47154,2026-05-07T04:15:00+00:00,2026-05-07T04:30:00+00:00,9.925,9.824304953784083,10.076042569323878,0.10069504621591818,1.5,2026-05-07T07:00:00+00:00,10.076042569323878,TP,1.5,0.2582188133105069,1.2417811866894932,10,
BTC,TREND_PULLBACK,LONG,47156,47157,2026-05-07T05:00:00+00:00,2026-05-07T05:15:00+00:00,81080.1,80632.34163523954,81751.7375471407,447.7583647604624,1.5,2026-05-07T10:15:00+00:00,80632.34163523954,SL,-1.0,0.4695080888958406,-1.4695080888958407,20,
CRV,TREND_PULLBACK,LONG,47182,47183,2026-05-07T11:30:00+00:00,2026-05-07T11:45:00+00:00,0.2463,0.2428473499479666,0.25147897507805006,0.003452650052033379,1.5,2026-05-07T13:45:00+00:00,0.2428473499479666,SL,-1.0,0.18417492226235296,-1.184174922262353,8,
AVAX,TREND_PULLBACK,LONG,47153,47154,2026-05-07T04:15:00+00:00,2026-05-07T04:30:00+00:00,9.54,9.430407937624842,9.704388093562734,0.10959206237515673,1.5,2026-05-07T14:30:00+00:00,9.430407937624842,SL,-1.0,0.22503026026183062,-1.2250302602618306,40,
LINK,TREND_PULLBACK,LONG,47207,47208,2026-05-07T17:45:00+00:00,2026-05-07T18:00:00+00:00,9.909,9.765455272349959,10.124317091475064,0.1435447276500419,1.5,2026-05-08T02:00:00+00:00,9.765455272349959,SL,-1.0,0.17817994622840114,-1.178179946228401,32,
UNI,TREND_PULLBACK,LONG,47230,47231,2026-05-07T23:30:00+00:00,2026-05-07T23:45:00+00:00,3.434,3.391178581700383,3.498232127449426,0.042821418299617164,1.5,2026-05-08T02:15:00+00:00,3.391178581700383,SL,-1.0,0.20720313591971384,-1.207203135919714,10,
UNI,TREND_PULLBACK,LONG,47245,47246,2026-05-08T03:15:00+00:00,2026-05-08T03:30:00+00:00,3.421,3.376391833241517,3.487912250137724,0.04460816675848278,1.5,2026-05-08T09:15:00+00:00,3.487912250137724,TP,1.5,0.20134398200686165,1.2986560179931383,23,
ADA,TREND_PULLBACK,LONG,47245,47246,2026-05-08T03:15:00+00:00,2026-05-08T03:30:00+00:00,0.2619,0.25917276902123665,0.2659908464681451,0.002727230978763373,1.5,2026-05-08T14:15:00+00:00,0.2659908464681451,TP,1.5,0.25163182207609097,1.248368177923909,43,
AVAX,TREND_PULLBACK,LONG,47207,47208,2026-05-07T17:45:00+00:00,2026-05-07T18:00:00+00:00,9.502,9.367393154306177,9.703910268540737,0.13460684569382408,1.5,2026-05-08T14:30:00+00:00,9.703910268540737,TP,1.5,0.1854859849096702,1.3145140150903298,82,
UNI,TREND_PULLBACK,LONG,47287,47288,2026-05-08T13:45:00+00:00,2026-05-08T14:00:00+00:00,3.499,3.448671279021066,3.5744930814684013,0.05032872097893426,1.5,2026-05-08T14:30:00+00:00,3.5744930814684013,TP,1.4999999999999956,0.18270961047783899,1.3172903895221566,2,
SOL,TREND_PULLBACK,LONG,47245,47246,2026-05-08T03:15:00+00:00,2026-05-08T03:30:00+00:00,88.16,87.36498445348704,89.35252331976943,0.7950155465129569,1.5,2026-05-08T15:45:00+00:00,89.35252331976943,TP,1.5,0.290266374447483,1.209733625552517,49,
CRV,TREND_PULLBACK,LONG,47287,47288,2026-05-08T13:45:00+00:00,2026-05-08T14:00:00+00:00,0.2467,0.2432304815752783,0.25190427763708256,0.003469518424721707,1.5,2026-05-08T15:45:00+00:00,0.25190427763708256,TP,1.5,0.1868229193739471,1.313177080626053,7,
UNI,TREND_PULLBACK,LONG,47328,47329,2026-05-09T00:00:00+00:00,2026-05-09T00:15:00+00:00,3.711,3.6571097052704182,3.7918354420943725,0.05389029472958162,1.5,2026-05-09T00:45:00+00:00,3.7918354420943725,TP,1.5000000000000042,0.1809915147739703,1.319008485226034,2,
LINK,TREND_PULLBACK,LONG,47327,47328,2026-05-08T23:45:00+00:00,2026-05-09T00:00:00+00:00,10.34,10.239325957077464,10.491011064383805,0.10067404292253634,1.5,2026-05-09T01:30:00+00:00,10.491011064383805,TP,1.5000000000000089,0.2689900355401034,1.2310099644599055,6,
SOL,TREND_PULLBACK,LONG,47328,47329,2026-05-09T00:00:00+00:00,2026-05-09T00:15:00+00:00,92.03,91.50004700373785,92.82492949439323,0.5299529962621534,1.5,2026-05-09T01:30:00+00:00,92.82492949439323,TP,1.5,0.45345796709834174,1.0465420329016584,5,
SUI,TREND_PULLBACK,LONG,47357,47358,2026-05-09T07:15:00+00:00,2026-05-09T07:30:00+00:00,1.0743,1.057682023197508,1.099226965203738,0.016617976802492107,1.5,2026-05-09T09:00:00+00:00,1.057682023197508,SL,-1.0,0.16678183289683748,-1.1667818328968376,6,
XRP,TREND_PULLBACK,LONG,47356,47357,2026-05-09T07:00:00+00:00,2026-05-09T07:15:00+00:00,1.4266,1.420005620025156,1.436491569962266,0.006594379974844022,1.5,2026-05-09T09:15:00+00:00,1.420005620025156,SL,-1.0,0.5611728957308428,-1.5611728957308428,8,
ADA,TREND_PULLBACK,LONG,47360,47361,2026-05-09T08:00:00+00:00,2026-05-09T08:15:00+00:00,0.2758,0.2732990170445931,0.27955147443311035,0.002500982955406905,1.5,2026-05-09T09:15:00+00:00,0.2732990170445931,SL,-1.0,0.28541926709845666,-1.2854192670984568,4,
AVAX,TREND_PULLBACK,LONG,47360,47361,2026-05-09T08:00:00+00:00,2026-05-09T08:15:00+00:00,9.982,9.903785537601593,10.09932169359761,0.07821446239840668,1.5,2026-05-09T09:15:00+00:00,9.903785537601593,SL,-1.0,0.33052098558448567,-1.3305209855844857,4,
AVAX,TREND_PULLBACK,LONG,47381,47382,2026-05-09T13:15:00+00:00,2026-05-09T13:30:00+00:00,9.946,9.881972973141062,10.042040540288406,0.06402702685893757,1.5,2026-05-09T14:00:00+00:00,9.881972973141062,SL,-1.0,0.40258569122494314,-1.4025856912249433,2,
BNB,TREND_PULLBACK,LONG,47372,47373,2026-05-09T11:00:00+00:00,2026-05-09T11:15:00+00:00,650.65,648.0873950678422,654.4939073982366,2.5626049321577966,1.5,2026-05-09T14:15:00+00:00,648.0873950678422,SL,-1.0,0.6588446749638235,-1.6588446749638235,12,
UNI,TREND_PULLBACK,LONG,47377,47378,2026-05-09T12:15:00+00:00,2026-05-09T12:30:00+00:00,3.667,3.6281883354267124,3.7252174968599308,0.03881166457328744,1.5,2026-05-09T14:15:00+00:00,3.6281883354267124,SL,-1.0,0.24435295265800114,-1.244352952658001,7,
CRV,TREND_PULLBACK,LONG,47391,47392,2026-05-09T15:45:00+00:00,2026-05-09T16:00:00+00:00,0.2496,0.24665886962363648,0.2540116955645453,0.00294113037636351,1.5,2026-05-09T18:00:00+00:00,0.2540116955645453,TP,1.5000000000000095,0.22259985803260823,1.2774001419674013,8,
CRV,TREND_PULLBACK,LONG,47418,47419,2026-05-09T22:30:00+00:00,2026-05-09T22:45:00+00:00,0.2513,0.249579308435907,0.25388103734613954,0.0017206915640930187,1.5,2026-05-09T23:30:00+00:00,0.249579308435907,SL,-1.0,0.3784194184213941,-1.378419418421394,3,
BTC,TREND_PULLBACK,LONG,47418,47419,2026-05-09T22:30:00+00:00,2026-05-09T22:45:00+00:00,80771.2,80565.59971949586,81079.60042075621,205.6002805041353,1.5,2026-05-10T01:00:00+00:00,80565.59971949586,SL,-1.0,1.0201242873845502,-2.02012428738455,9,
AVAX,TREND_PULLBACK,LONG,47425,47426,2026-05-10T00:15:00+00:00,2026-05-10T00:30:00+00:00,9.98,9.897505737974715,10.103741393037929,0.08249426202528554,1.5,2026-05-10T01:00:00+00:00,9.897505737974715,SL,-1.0,0.31324308897322595,-1.313243088973226,2,
UNI,TREND_PULLBACK,LONG,47441,47442,2026-05-10T04:15:00+00:00,2026-05-10T04:30:00+00:00,3.729,3.6777800242088183,3.8058299636867727,0.05121997579118176,1.5,2026-05-10T05:15:00+00:00,3.8058299636867727,TP,1.5,0.1912394295680085,1.3087605704319916,3,
CRV,TREND_PULLBACK,LONG,47433,47434,2026-05-10T02:15:00+00:00,2026-05-10T02:30:00+00:00,0.2501,0.2474255486986231,0.2541116769520653,0.00267445130137689,1.5,2026-05-10T07:15:00+00:00,0.2541116769520653,TP,1.5,0.24508772311547644,1.2549122768845236,19,
SOL,TREND_PULLBACK,LONG,47433,47434,2026-05-10T02:15:00+00:00,2026-05-10T02:30:00+00:00,93.04,92.49709917857993,93.85435123213011,0.5429008214200763,1.5,2026-05-10T08:00:00+00:00,93.85435123213011,TP,1.499999999999987,0.4475267802436677,1.0524732197563191,22,
SUI,TREND_PULLBACK,LONG,47428,47429,2026-05-10T01:00:00+00:00,2026-05-10T01:15:00+00:00,1.08,1.0570661943522235,1.114400708471665,0.022933805647776584,1.5,2026-05-10T08:15:00+00:00,1.114400708471665,TP,1.5,0.12438933881388908,1.375610661186111,28,
FET,TREND_PULLBACK,LONG,47444,47445,2026-05-10T05:00:00+00:00,2026-05-10T05:15:00+00:00,0.2317,0.22957281545453773,0.23489077681819337,0.002127184545462263,1.5,2026-05-10T08:15:00+00:00,0.23489077681819337,TP,1.4999999999999936,0.2851506284010901,1.2148493715989035,12,
LINK,TREND_PULLBACK,LONG,47396,47397,2026-05-09T17:00:00+00:00,2026-05-09T17:15:00+00:00,10.367,10.276704814873522,10.50244277768972,0.09029518512647883,1.5,2026-05-10T09:00:00+00:00,10.50244277768972,TP,1.5,0.30046204094929924,1.1995379590507007,63,
ADA,TREND_PULLBACK,LONG,47453,47454,2026-05-10T07:15:00+00:00,2026-05-10T07:30:00+00:00,0.2706,0.26841170179255924,0.2738824473111612,0.002188298207440764,1.5,2026-05-10T13:30:00+00:00,0.2738824473111612,TP,1.5000000000000127,0.32346011119404067,1.176539888805972,24,
BTC,TREND_PULLBACK,LONG,47465,47466,2026-05-10T10:15:00+00:00,2026-05-10T10:30:00+00:00,80778.9,80583.0357752548,81072.69633711778,195.8642247451935,1.5,2026-05-10T15:00:00+00:00,81072.69633711778,TP,1.5,1.0742496518288571,0.4257503481711429,18,
FET,TREND_PULLBACK,LONG,47476,47477,2026-05-10T13:00:00+00:00,2026-05-10T13:15:00+00:00,0.2336,0.2307509689683582,0.2378735465474627,0.002849031031641802,1.5,2026-05-10T15:15:00+00:00,0.2378735465474627,TP,1.5,0.21513125118840792,1.2848687488115922,8,
BNB,TREND_PULLBACK,LONG,47477,47478,2026-05-10T13:15:00+00:00,2026-05-10T13:30:00+00:00,651.26,648.5145831821574,655.3781252267639,2.7454168178426244,1.5,2026-05-10T15:30:00+00:00,655.3781252267639,TP,1.5,0.6187146344246528,0.8812853655753472,8,
SOL,TREND_PULLBACK,LONG,47477,47478,2026-05-10T13:15:00+00:00,2026-05-10T13:30:00+00:00,93.62,92.82540861858233,94.81188707212652,0.7945913814176748,1.5,2026-05-10T16:30:00+00:00,94.81188707212652,TP,1.5000000000000089,0.3082860686919547,1.1917139313080543,12,
BTC,TREND_PULLBACK,LONG,47512,47513,2026-05-10T22:00:00+00:00,2026-05-10T22:15:00+00:00,81280.0,80645.05804922397,82232.41292616405,634.9419507760322,1.5,2026-05-10T23:00:00+00:00,82232.41292616405,TP,1.5,0.33478042605975694,1.1652195739402431,3,
SUI,TREND_PULLBACK,LONG,47545,47546,2026-05-11T06:15:00+00:00,2026-05-11T06:30:00+00:00,1.3119,1.2549752584609744,1.3972871123085386,0.056924741539025714,1.5,2026-05-11T07:15:00+00:00,1.2549752584609744,SL,-1.0,0.05862016665831628,-1.0586201666583164,3,
CRV,TREND_PULLBACK,LONG,47554,47555,2026-05-11T08:30:00+00:00,2026-05-11T08:45:00+00:00,0.2589,0.2553416667009644,0.2642374999485534,0.0035583332990355987,1.5,2026-05-11T10:15:00+00:00,0.2642374999485534,TP,1.4999999999999922,0.19112283554703507,1.308877164452957,6,
LINK,TREND_PULLBACK,LONG,47569,47570,2026-05-11T12:15:00+00:00,2026-05-11T12:30:00+00:00,10.573,10.475379452067317,10.719430821899024,0.09762054793268327,1.5,2026-05-11T13:30:00+00:00,10.475379452067317,SL,-1.0,0.2802985013621957,-1.2802985013621957,4,
BTC,TREND_PULLBACK,LONG,47565,47566,2026-05-11T11:15:00+00:00,2026-05-11T11:30:00+00:00,81059.8,80701.92488590867,81596.612671137,357.8751140913373,1.5,2026-05-11T14:15:00+00:00,80701.92488590867,SL,-1.0,0.587607894685884,-1.587607894685884,11,
BNB,TREND_PULLBACK,LONG,47557,47558,2026-05-11T09:15:00+00:00,2026-05-11T09:30:00+00:00,652.56,648.6010626649609,658.4984060025586,3.9589373350390815,1.5,2026-05-11T15:00:00+00:00,658.4984060025586,TP,1.5,0.4305134897485062,1.0694865102514939,22,
SOL,TREND_PULLBACK,LONG,47512,47513,2026-05-10T22:00:00+00:00,2026-05-10T22:15:00+00:00,95.46,93.86730399163515,97.84904401254725,1.5926960083648396,1.5,2026-05-11T16:00:00+00:00,97.84904401254725,TP,1.5,0.15778388085138315,1.3422161191486168,71,
ADA,TREND_PULLBACK,LONG,47575,47576,2026-05-11T13:45:00+00:00,2026-05-11T14:00:00+00:00,0.2804,0.2768019758851016,0.2857970361723476,0.0035980241148984016,1.5,2026-05-12T01:30:00+00:00,0.2768019758851016,SL,-1.0,0.20132232178524073,-1.2013223217852407,46,
LINK,TREND_PULLBACK,LONG,47581,47582,2026-05-11T15:15:00+00:00,2026-05-11T15:30:00+00:00,10.562,10.40782594151195,10.793261087732073,0.15417405848804933,1.5,2026-05-12T01:30:00+00:00,10.40782594151195,SL,-1.0,0.1768181624801596,-1.1768181624801597,40,
UNI,TREND_PULLBACK,LONG,47583,47584,2026-05-11T15:45:00+00:00,2026-05-11T16:00:00+00:00,3.902,3.8304077450245013,4.009388382463248,0.07159225497549881,1.5,2026-05-12T01:30:00+00:00,3.8304077450245013,SL,-1.0,0.14040806609558557,-1.1404080660955855,38,
AVAX,TREND_PULLBACK,LONG,47541,47542,2026-05-11T05:15:00+00:00,2026-05-11T05:30:00+00:00,10.072,9.935652380772934,10.276521428840596,0.13634761922706495,1.5,2026-05-12T05:30:00+00:00,10.051,TIME,-0.15401809081115608,0.1918618025624262,-0.34587989337358227,96,
SUI,TREND_PULLBACK,LONG,47627,47628,2026-05-12T02:45:00+00:00,2026-05-12T03:00:00+00:00,1.2965,1.2622935193940812,1.3478097209088782,0.0342064806059188,1.5,2026-05-12T10:00:00+00:00,1.2622935193940812,SL,-1.0,0.09724565393134095,-1.0972456539313409,28,
XRP,TREND_PULLBACK,LONG,47578,47579,2026-05-11T14:30:00+00:00,2026-05-11T14:45:00+00:00,1.4638,1.4473647614075786,1.488452857888632,0.016435238592421353,1.5,2026-05-12T10:45:00+00:00,1.4473647614075786,SL,-1.0,0.2302682841230534,-1.2302682841230534,80,
BNB,TREND_PULLBACK,LONG,47654,47655,2026-05-12T09:30:00+00:00,2026-05-12T09:45:00+00:00,662.1,657.9206954558875,668.3689568161687,4.179304544112483,1.5,2026-05-12T13:45:00+00:00,657.9206954558875,SL,-1.0,0.4106010667516619,-1.410601066751662,16,
BTC,TREND_PULLBACK,LONG,47664,47665,2026-05-12T12:00:00+00:00,2026-05-12T12:15:00+00:00,80796.4,80435.93123803487,81337.10314294769,360.4687619651231,1.5,2026-05-12T13:45:00+00:00,80435.93123803487,SL,-1.0,0.5814707201444691,-1.581470720144469,6,
CRV,TREND_PULLBACK,LONG,47624,47625,2026-05-12T02:00:00+00:00,2026-05-12T02:15:00+00:00,0.284,0.2760649371900682,0.2959025942148976,0.007935062809931781,1.5,2026-05-12T15:00:00+00:00,0.2760649371900682,SL,-1.0,0.09175534407059698,-1.091755344070597,51,
BNB,TREND_PULLBACK,LONG,47686,47687,2026-05-12T17:30:00+00:00,2026-05-12T17:45:00+00:00,656.9,651.2857474832615,665.3213787751076,5.614252516738475,1.5,2026-05-12T20:15:00+00:00,665.3213787751076,TP,1.4999999999999898,0.30616503039058257,1.1938349696094073,10,
BNB,TREND_PULLBACK,LONG,47712,47713,2026-05-13T00:00:00+00:00,2026-05-13T00:15:00+00:00,665.91,663.3521253005598,669.7468120491602,2.5578746994401627,1.5,2026-05-13T01:00:00+00:00,669.7468120491602,TP,1.5,0.6788267838311005,0.8211732161688995,3,
CRV,TREND_PULLBACK,LONG,47712,47713,2026-05-13T00:00:00+00:00,2026-05-13T00:15:00+00:00,0.2782,0.2738846267076489,0.28467305993852665,0.004315373292351099,1.5,2026-05-13T01:15:00+00:00,0.28467305993852665,TP,1.5,0.1695647000497195,1.3304352999502804,4,
SUI,TREND_PULLBACK,LONG,47716,47717,2026-05-13T01:00:00+00:00,2026-05-13T01:15:00+00:00,1.2438,1.225269834905146,1.271595247642281,0.018530165094853945,1.5,2026-05-13T05:30:00+00:00,1.225269834905146,SL,-1.0,0.17321976188264446,-1.1732197618826445,17,
SUI,TREND_PULLBACK,LONG,47737,47738,2026-05-13T06:15:00+00:00,2026-05-13T06:30:00+00:00,1.2485,1.2270950494040505,1.2806074258939242,0.02140495059594949,1.5,2026-05-13T11:00:00+00:00,1.2270950494040505,SL,-1.0,0.15035183332001087,-1.150351833320011,18,
CRV,TREND_PULLBACK,LONG,47746,47747,2026-05-13T08:30:00+00:00,2026-05-13T08:45:00+00:00,0.2828,0.2780602809150359,0.28990957862744615,0.004739719084964122,1.5,2026-05-13T11:45:00+00:00,0.2780602809150359,SL,-1.0,0.1538315567060797,-1.1538315567060797,12,
BNB,TREND_PULLBACK,LONG,47832,47833,2026-05-14T06:00:00+00:00,2026-05-14T06:15:00+00:00,670.74,665.6749982936069,678.3375025595897,5.0650017063931045,1.5,2026-05-14T12:45:00+00:00,678.3375025595897,TP,1.5,0.3462586697875736,1.1537413302124264,26,
BTC,TREND_PULLBACK,LONG,47904,47905,2026-05-15T00:00:00+00:00,2026-05-15T00:15:00+00:00,81441.5,80891.2294052252,82266.9058921622,550.2705947748036,1.5,2026-05-15T02:00:00+00:00,80891.2294052252,SL,-1.0,0.38350686049861904,-1.3835068604986192,7,
BTC,TREND_PULLBACK,LONG,47915,47916,2026-05-15T02:45:00+00:00,2026-05-15T03:00:00+00:00,81262.0,80647.420500955,82183.8692485675,614.579499044994,1.5,2026-05-15T05:00:00+00:00,80647.420500955,SL,-1.0,0.3424817244608933,-1.3424817244608933,8,
BNB,TREND_PULLBACK,LONG,47917,47918,2026-05-15T03:15:00+00:00,2026-05-15T03:30:00+00:00,683.49,677.5102523227566,692.4596215158651,5.979747677243381,1.5,2026-05-15T05:30:00+00:00,677.5102523227566,SL,-1.0,0.29588210465014436,-1.2958821046501443,8,
LINK,TREND_PULLBACK,LONG,47933,47934,2026-05-15T07:15:00+00:00,2026-05-15T07:30:00+00:00,10.377,10.257693063289183,10.555960405066227,0.11930693671081727,1.5,2026-05-15T09:45:00+00:00,10.257693063289183,SL,-1.0,0.22484108402930583,-1.2248410840293058,9,
XRP,TREND_PULLBACK,LONG,47947,47948,2026-05-15T10:45:00+00:00,2026-05-15T11:00:00+00:00,1.4738,1.4597366617858927,1.494895007321161,0.014063338214107324,1.5,2026-05-15T12:30:00+00:00,1.4597366617858927,SL,-1.0,0.2711730033269153,-1.2711730033269153,6,
BTC,TREND_PULLBACK,LONG,47933,47934,2026-05-15T07:15:00+00:00,2026-05-15T07:30:00+00:00,80865.7,80310.44584039522,81698.58123940717,555.2541596047813,1.5,2026-05-15T12:45:00+00:00,80310.44584039522,SL,-1.0,0.377356902182691,-1.377356902182691,21,
DOGE,TREND_PULLBACK,LONG,47938,47939,2026-05-15T08:30:00+00:00,2026-05-15T08:45:00+00:00,0.11516,0.11327483638418892,0.11798774542371662,0.001885163615811078,1.5,2026-05-15T13:30:00+00:00,0.11327483638418892,SL,-1.0,0.15752759325968557,-1.1575275932596856,19,
BNB,TREND_PULLBACK,LONG,48000,48001,2026-05-16T00:00:00+00:00,2026-05-16T00:15:00+00:00,674.16,670.5083194037916,679.6375208943125,3.6516805962083936,1.5,2026-05-16T02:00:00+00:00,670.5083194037916,SL,-1.0,0.4787025505571272,-1.4787025505571272,7,
FET,TREND_PULLBACK,SHORT,48081,48082,2026-05-16T20:15:00+00:00,2026-05-16T20:30:00+00:00,0.1967,0.1984600435108905,0.19405993473366429,0.0017600435108904855,1.5,2026-05-17T00:45:00+00:00,0.19405993473366429,TP,1.5,0.28862236189646784,1.2113776381035322,17,
ETH,TREND_PULLBACK,SHORT,48064,48065,2026-05-16T16:00:00+00:00,2026-05-16T16:15:00+00:00,2175.42,2190.180560506957,2153.2791592395643,14.760560506957063,1.5,2026-05-17T05:00:00+00:00,2190.180560506957,SL,-1.0,0.3844895135238344,-1.3844895135238344,51,
ETH,TREND_PULLBACK,SHORT,48141,48142,2026-05-17T11:15:00+00:00,2026-05-17T11:30:00+00:00,2187.8,2197.1103061970402,2173.83454070444,9.310306197040063,1.5,2026-05-17T12:30:00+00:00,2197.1103061970402,SL,-1.0,0.6122659424314553,-1.6122659424314554,4,
FET,TREND_PULLBACK,SHORT,48140,48141,2026-05-17T11:00:00+00:00,2026-05-17T11:15:00+00:00,0.1962,0.19803058434072646,0.19345412348891033,0.0018305843407264433,1.5,2026-05-17T14:15:00+00:00,0.19345412348891033,TP,1.5000000000000075,0.2767151172802918,1.2232848827197158,12,
FET,TREND_PULLBACK,SHORT,48163,48164,2026-05-17T16:45:00+00:00,2026-05-17T17:00:00+00:00,0.1944,0.19643784007136184,0.1913432398929572,0.002037840071361846,1.5,2026-05-17T19:45:00+00:00,0.19643784007136184,SL,-1.0,0.24932731436241945,-1.2493273143624195,11,
ETH,TREND_PULLBACK,SHORT,48152,48153,2026-05-17T14:00:00+00:00,2026-05-17T14:15:00+00:00,2186.62,2196.8564191689925,2171.2653712465108,10.236419168992597,1.5,2026-05-17T23:00:00+00:00,2171.2653712465108,TP,1.5000000000000222,0.5534406992419011,0.9465593007581211,35,
FET,TREND_PULLBACK,SHORT,48184,48185,2026-05-17T22:00:00+00:00,2026-05-17T22:15:00+00:00,0.1954,0.1976158830946699,0.19207617535799512,0.0022158830946699126,1.5,2026-05-17T23:30:00+00:00,0.19207617535799512,TP,1.5,0.22732202306928548,1.2726779769307146,5,
ETH,TREND_PULLBACK,SHORT,48222,48223,2026-05-18T07:30:00+00:00,2026-05-18T07:45:00+00:00,2114.74,2129.4625167681816,2092.656224847727,14.722516768181777,1.5,2026-05-18T11:30:00+00:00,2129.4625167681816,SL,-1.0,0.3747635923039292,-1.3747635923039292,15,
ETH,TREND_PULLBACK,SHORT,48246,48247,2026-05-18T13:30:00+00:00,2026-05-18T13:45:00+00:00,2124.82,2146.7907568763294,2091.863864685506,21.970756876329233,1.5,2026-05-18T16:15:00+00:00,2091.863864685506,TP,1.5000000000000104,0.249499325623916,1.2505006743760945,10,
FET,TREND_PULLBACK,SHORT,48249,48250,2026-05-18T14:15:00+00:00,2026-05-18T14:30:00+00:00,0.1893,0.1926917051262409,0.18421244231063866,0.0033917051262409015,1.5,2026-05-18T21:00:00+00:00,0.1926917051262409,SL,-1.0,0.14641285081716215,-1.1464128508171623,26,
FET,TREND_PULLBACK,SHORT,48293,48294,2026-05-19T01:15:00+00:00,2026-05-19T01:30:00+00:00,0.1924,0.19529500127385063,0.188057498089224,0.0028950012738506448,1.5,2026-05-19T22:15:00+00:00,0.188057498089224,TP,1.5000000000000049,0.17084439719714878,1.3291556028028562,83,
ETH,TREND_PULLBACK,SHORT,48293,48294,2026-05-19T01:15:00+00:00,2026-05-19T01:30:00+00:00,2124.97,2146.6583914581206,2092.4374128128184,21.688391458120805,1.5,2026-05-20T01:30:00+00:00,2106.3,TIME,0.8608291691917518,0.2536218977152585,0.6072072714764933,96,
ETH,TREND_PULLBACK,SHORT,48394,48395,2026-05-20T02:30:00+00:00,2026-05-20T02:45:00+00:00,2106.29,2122.845330998751,2081.4570035018737,16.555330998750833,1.5,2026-05-20T05:00:00+00:00,2122.845330998751,SL,-1.0,0.3320909700152303,-1.3320909700152304,9,
FET,TREND_PULLBACK,SHORT,48394,48395,2026-05-20T02:30:00+00:00,2026-05-20T02:45:00+00:00,0.1881,0.18992165772080358,0.1853675134187946,0.0018216577208035878,1.5,2026-05-20T05:00:00+00:00,0.18992165772080358,SL,-1.0,0.26976975390319813,-1.2697697539031982,9,
AVAX,TREND_PULLBACK,SHORT,48361,48362,2026-05-19T18:15:00+00:00,2026-05-19T18:30:00+00:00,9.122,9.201863864857662,9.002204202713507,0.07986386485766239,1.5,2026-05-20T05:30:00+00:00,9.201863864857662,SL,-1.0,0.2982703512629905,-1.2982703512629905,44,
ETH,TREND_PULLBACK,SHORT,48430,48431,2026-05-20T11:30:00+00:00,2026-05-20T11:45:00+00:00,2125.69,2136.7999184712276,2109.025122293159,11.109918471227502,1.5,2026-05-20T12:45:00+00:00,2136.7999184712276,SL,-1.0,0.4987648566785892,-1.4987648566785892,4,
SOL,TREND_PULLBACK,SHORT,48430,48431,2026-05-20T11:30:00+00:00,2026-05-20T11:45:00+00:00,84.71,85.18517556845347,83.99723664731977,0.47517556845347997,1.5,2026-05-20T12:45:00+00:00,85.18517556845347,SL,-1.0,0.46480446997268593,-1.4648044699726859,4,
XRP,TREND_PULLBACK,SHORT,48430,48431,2026-05-20T11:30:00+00:00,2026-05-20T11:45:00+00:00,1.367,1.3747384222604442,1.3553923666093337,0.007738422260444189,1.5,2026-05-20T12:45:00+00:00,1.3747384222604442,SL,-1.0,0.46059258967524824,-1.4605925896752483,4,
ADA,TREND_PULLBACK,SHORT,48436,48437,2026-05-20T13:00:00+00:00,2026-05-20T13:15:00+00:00,0.2488,0.2506598113507798,0.24601028297383026,0.0018598113507798109,1.5,2026-05-20T14:30:00+00:00,0.2506598113507798,SL,-1.0,0.3491202236634194,-1.3491202236634194,5,
AVAX,TREND_PULLBACK,SHORT,48437,48438,2026-05-20T13:15:00+00:00,2026-05-20T13:30:00+00:00,9.205,9.26779862162649,9.110802067560265,0.06279862162648975,1.5,2026-05-20T14:30:00+00:00,9.26779862162649,SL,-1.0,0.38240709089042435,-1.3824070908904242,4,
XRP,TREND_PULLBACK,SHORT,48444,48445,2026-05-20T15:00:00+00:00,2026-05-20T15:15:00+00:00,1.3679,1.3786521277335277,1.3517718083997081,0.01075212773352785,1.5,2026-05-20T15:15:00+00:00,1.3786521277335277,SL,-1.0,0.3320754602756262,-1.3320754602756262,0,True
ETH,TREND_PULLBACK,SHORT,48449,48450,2026-05-20T16:15:00+00:00,2026-05-20T16:30:00+00:00,2125.85,2146.596618816976,2094.7300717745356,20.746618816976024,1.5,2026-05-20T17:15:00+00:00,2146.596618816976,SL,-1.0,0.2677149782073083,-1.2677149782073083,3,
XRP,TREND_PULLBACK,SHORT,48449,48450,2026-05-20T16:15:00+00:00,2026-05-20T16:30:00+00:00,1.367,1.3805032138949997,1.3467451791575002,0.013503213894999755,1.5,2026-05-21T01:15:00+00:00,1.3805032138949997,SL,-1.0,0.2645114123080078,-1.264511412308008,35,
FET,TREND_PULLBACK,SHORT,48449,48450,2026-05-20T16:15:00+00:00,2026-05-20T16:30:00+00:00,0.1912,0.19406021323561345,0.18690968014657983,0.0028602132356134458,1.5,2026-05-21T03:15:00+00:00,0.19406021323561345,SL,-1.0,0.17510522326454445,-1.1751052232645445,43,
ADA,TREND_PULLBACK,SHORT,48500,48501,2026-05-21T05:00:00+00:00,2026-05-21T05:15:00+00:00,0.251,0.2530609637952277,0.24790855430715847,0.0020609637952276882,1.5,2026-05-21T06:45:00+00:00,0.24790855430715847,TP,1.5,0.3146979690284433,1.1853020309715567,6,
XRP,TREND_PULLBACK,SHORT,48501,48502,2026-05-21T05:15:00+00:00,2026-05-21T05:30:00+00:00,1.378,1.386423736465053,1.3653643953024204,0.008423736465053011,1.5,2026-05-21T10:15:00+00:00,1.3653643953024204,TP,1.5,0.4233719476729503,1.0766280523270497,19,
XRP,TREND_PULLBACK,SHORT,48576,48577,2026-05-22T00:00:00+00:00,2026-05-22T00:15:00+00:00,1.369,1.3786855515452776,1.3544716726820836,0.009685551545277615,1.5,2026-05-22T11:15:00+00:00,1.3544716726820836,TP,1.5,0.36554585022191705,1.134454149778083,44,
XRP,TREND_PULLBACK,SHORT,48625,48626,2026-05-22T12:15:00+00:00,2026-05-22T12:30:00+00:00,1.3612,1.36698780768547,1.3525182884717948,0.005787807685470048,1.5,2026-05-22T13:00:00+00:00,1.36698780768547,SL,-1.0,0.6127785066001334,-1.6127785066001334,2,
UNI,TREND_PULLBACK,LONG,48645,48646,2026-05-22T17:15:00+00:00,2026-05-22T17:30:00+00:00,3.626,3.5664837028424206,3.7152744457363687,0.059516297157579334,1.5,2026-05-22T18:30:00+00:00,3.5664837028424206,SL,-1.0,0.1571036717714285,-1.1571036717714285,4,
ETH,TREND_PULLBACK,SHORT,48632,48633,2026-05-22T14:00:00+00:00,2026-05-22T14:15:00+00:00,2122.85,2136.182375082883,2102.8514373756752,13.332375082883118,1.5,2026-05-22T18:45:00+00:00,2102.8514373756752,TP,1.5,0.41203550263457117,1.0879644973654288,18,
SOL,TREND_PULLBACK,SHORT,48698,48699,2026-05-23T06:30:00+00:00,2026-05-23T06:45:00+00:00,84.28,84.74325695313665,83.58511457029502,0.46325695313664994,1.5,2026-05-23T07:45:00+00:00,83.58511457029502,TP,1.5000000000000153,0.47106610589180375,1.0289338941082116,4,
XRP,TREND_PULLBACK,SHORT,48788,48789,2026-05-24T05:00:00+00:00,2026-05-24T05:15:00+00:00,1.359,1.3645260303511229,1.3507109544733158,0.005526030351122868,1.5,2026-05-24T09:00:00+00:00,1.3645260303511229,SL,-1.0,0.6407101688714081,-1.640710168871408,15,
ETH,TREND_PULLBACK,SHORT,48782,48783,2026-05-24T03:30:00+00:00,2026-05-24T03:45:00+00:00,2116.75,2130.9076768854193,2095.513484671871,14.157676885419278,1.5,2026-05-24T10:15:00+00:00,2130.9076768854193,SL,-1.0,0.3900325614605601,-1.39003256146056,26,
CRV,TREND_PULLBACK,SHORT,48800,48801,2026-05-24T08:00:00+00:00,2026-05-24T08:15:00+00:00,0.2313,0.23316304277302222,0.22850543584046668,0.001863042773022211,1.5,2026-05-24T12:15:00+00:00,0.22850543584046668,TP,1.5000000000000075,0.32084452125752694,1.1791554787424805,16,
ADA,TREND_PULLBACK,SHORT,48777,48778,2026-05-24T02:15:00+00:00,2026-05-24T02:30:00+00:00,0.2449,0.24738071252267724,0.24117893121598416,0.002480712522677231,1.5,2026-05-24T14:15:00+00:00,0.24117893121598416,TP,1.5,0.2547262549788794,1.2452737450211206,47,
ADA,TREND_PULLBACK,SHORT,48848,48849,2026-05-24T20:00:00+00:00,2026-05-24T20:15:00+00:00,0.2421,0.24362775552406676,0.23980836671389988,0.001527755524066754,1.5,2026-05-24T21:30:00+00:00,0.23980836671389988,TP,1.5,0.4100661832728522,1.0899338167271477,5,
CRV,TREND_PULLBACK,SHORT,48853,48854,2026-05-24T21:15:00+00:00,2026-05-24T21:30:00+00:00,0.225,0.2271887978607848,0.2217168032088228,0.002188797860784797,1.5,2026-05-24T23:45:00+00:00,0.2271887978607848,SL,-1.0,0.2685699980574028,-1.2685699980574028,9,
ADA,TREND_PULLBACK,SHORT,48857,48858,2026-05-24T22:15:00+00:00,2026-05-24T22:30:00+00:00,0.2415,0.24293264870346284,0.2393510269448057,0.0014326487034628521,1.5,2026-05-25T00:30:00+00:00,0.24293264870346284,SL,-1.0,0.43957911090995594,-1.439579110909956,8,
AVAX,TREND_PULLBACK,SHORT,48857,48858,2026-05-24T22:15:00+00:00,2026-05-24T22:30:00+00:00,9.186,9.245241370106026,9.097137944840961,0.059241370106025926,1.5,2026-05-25T04:45:00+00:00,9.245241370106026,SL,-1.0,0.4044574549551244,-1.4044574549551245,25,
CRV,TREND_PULLBACK,SHORT,48893,48894,2026-05-25T07:15:00+00:00,2026-05-25T07:30:00+00:00,0.2276,0.2300532659823049,0.22392010102654264,0.002453265982304914,1.5,2026-05-25T17:00:00+00:00,0.2300532659823049,SL,-1.0,0.24251314373096408,-1.242513143730964,38,
ETH,TREND_PULLBACK,SHORT,48988,48989,2026-05-26T07:00:00+00:00,2026-05-26T07:15:00+00:00,2093.24,2107.1256251741474,2072.411562238778,13.885625174147663,1.5,2026-05-26T10:15:00+00:00,2107.1256251741474,SL,-1.0,0.3932466305437033,-1.3932466305437032,12,
XRP,TREND_PULLBACK,SHORT,48988,48989,2026-05-26T07:00:00+00:00,2026-05-26T07:15:00+00:00,1.3432,1.3506847889356925,1.331972816596461,0.007484788935692599,1.5,2026-05-26T10:15:00+00:00,1.3506847889356925,SL,-1.0,0.4678889753211646,-1.4678889753211646,12,
ADA,TREND_PULLBACK,SHORT,49018,49019,2026-05-26T14:30:00+00:00,2026-05-26T14:45:00+00:00,0.2437,0.2467941280434394,0.2390588079348409,0.0030941280434393925,1.5,2026-05-26T17:15:00+00:00,0.2390588079348409,TP,1.5,0.2028314412023092,1.2971685587976909,10,
XRP,TREND_PULLBACK,SHORT,49018,49019,2026-05-26T14:30:00+00:00,2026-05-26T14:45:00+00:00,1.3494,1.36201353049648,1.3304797042552798,0.012613530496480063,1.5,2026-05-26T17:15:00+00:00,1.3304797042552798,TP,1.5,0.2761989291185419,1.2238010708814582,10,
ADA,TREND_PULLBACK,SHORT,49063,49064,2026-05-27T01:45:00+00:00,2026-05-27T02:00:00+00:00,0.2404,0.24236216099348412,0.23745675850977382,0.001962160993484119,1.5,2026-05-27T04:30:00+00:00,0.23745675850977382,TP,1.5,0.31659674620258615,1.183403253797414,10,
ETH,TREND_PULLBACK,SHORT,49061,49062,2026-05-27T01:15:00+00:00,2026-05-27T01:30:00+00:00,2074.04,2087.381208465101,2054.0281873023487,13.341208465100863,1.5,2026-05-27T08:15:00+00:00,2087.381208465101,SL,-1.0,0.4054990659321604,-1.4054990659321605,27,
FET,TREND_PULLBACK,LONG,49079,49080,2026-05-27T05:45:00+00:00,2026-05-27T06:00:00+00:00,0.2465,0.2388463388045963,0.25798049179310556,0.007653661195403699,1.5,2026-05-27T10:00:00+00:00,0.2388463388045963,SL,-1.0,0.08243770194908598,-1.082437701949086,16,
ETH,TREND_PULLBACK,SHORT,49092,49093,2026-05-27T09:00:00+00:00,2026-05-27T09:15:00+00:00,2079.64,2093.813320642732,2058.3800190359016,14.173320642732051,1.5,2026-05-27T12:15:00+00:00,2093.813320642732,SL,-1.0,0.38279592013729624,-1.3827959201372964,12,
XRP,TREND_PULLBACK,SHORT,49093,49094,2026-05-27T09:15:00+00:00,2026-05-27T09:30:00+00:00,1.3301,1.3387420176823601,1.31713697347646,0.00864201768236006,1.5,2026-05-27T12:15:00+00:00,1.3387420176823601,SL,-1.0,0.4014681235921262,-1.4014681235921262,11,
ADA,TREND_PULLBACK,SHORT,49091,49092,2026-05-27T08:45:00+00:00,2026-05-27T09:00:00+00:00,0.2398,0.2416345553004591,0.23704816704931136,0.0018345553004590898,1.5,2026-05-27T15:15:00+00:00,0.2416345553004591,SL,-1.0,0.3411534783028763,-1.3411534783028762,25,
XRP,TREND_PULLBACK,SHORT,49108,49109,2026-05-27T13:00:00+00:00,2026-05-27T13:15:00+00:00,1.3274,1.338065923666839,1.3114011144997413,0.010665923666839161,1.5,2026-05-27T15:15:00+00:00,1.338065923666839,SL,-1.0,0.32487628910565536,-1.3248762891056554,8,
FET,TREND_PULLBACK,LONG,49100,49101,2026-05-27T11:00:00+00:00,2026-05-27T11:15:00+00:00,0.2443,0.23745765444347935,0.25456351833478097,0.006842345556520635,1.5,2026-05-27T16:30:00+00:00,0.23745765444347935,SL,-1.0,0.09153073980306135,-1.0915307398030614,21,
ETH,TREND_PULLBACK,SHORT,49108,49109,2026-05-27T13:00:00+00:00,2026-05-27T13:15:00+00:00,2074.15,2090.8790678423884,2049.0563982364174,16.729067842388304,1.5,2026-05-27T17:45:00+00:00,2049.0563982364174,TP,1.5000000000000135,0.3204104596985188,1.1795895403014947,18,
FET,TREND_PULLBACK,LONG,49145,49146,2026-05-27T22:15:00+00:00,2026-05-27T22:30:00+00:00,0.2459,0.23790173295637607,0.2578974005654359,0.007998267043623941,1.5,2026-05-28T01:15:00+00:00,0.23790173295637607,SL,-1.0,0.07863481544351149,-1.0786348154435115,11,
XRP,TREND_PULLBACK,SHORT,49195,49196,2026-05-28T10:45:00+00:00,2026-05-28T11:00:00+00:00,1.2878,1.2982583356842727,1.272112496473591,0.01045833568427268,1.5,2026-05-28T13:45:00+00:00,1.2982583356842727,SL,-1.0,0.3214541909804222,-1.3214541909804223,11,
DOGE,TREND_PULLBACK,SHORT,49195,49196,2026-05-28T10:45:00+00:00,2026-05-28T11:00:00+00:00,0.09806,0.09904601796139613,0.09658097305790579,0.000986017961396135,1.5,2026-05-28T14:00:00+00:00,0.09658097305790579,TP,1.5,0.25662135466274816,1.243378645337252,12,
LINK,TREND_PULLBACK,SHORT,49195,49196,2026-05-28T10:45:00+00:00,2026-05-28T11:00:00+00:00,8.87,8.95401589038297,8.743976164425543,0.08401589038296997,1.5,2026-05-28T14:15:00+00:00,8.95401589038297,SL,-1.0,0.27579569236100915,-1.2757956923610092,13,
ETH,TREND_PULLBACK,SHORT,49210,49211,2026-05-28T14:30:00+00:00,2026-05-28T14:45:00+00:00,1983.43,2006.2616117804114,1949.182582329383,22.831611780411322,1.5,2026-05-28T16:30:00+00:00,2006.2616117804114,SL,-1.0,0.2271674529681888,-1.2271674529681889,7,
SOL,TREND_PULLBACK,SHORT,49210,49211,2026-05-28T14:30:00+00:00,2026-05-28T14:45:00+00:00,80.82,81.87658438850183,79.23512341724725,1.0565843885018324,1.5,2026-05-28T16:30:00+00:00,81.87658438850183,SL,-1.0,0.20017857731643512,-1.200178577316435,7,
LINK,TREND_PULLBACK,SHORT,49212,49213,2026-05-28T15:00:00+00:00,2026-05-28T15:15:00+00:00,8.872,8.99548184389475,8.686777234157876,0.12348184389474959,1.5,2026-05-28T16:45:00+00:00,8.99548184389475,SL,-1.0,0.1881064103388467,-1.1881064103388468,6,
SUI,TREND_PULLBACK,SHORT,49193,49194,2026-05-28T10:15:00+00:00,2026-05-28T10:30:00+00:00,0.9166,0.9285146555566036,0.8987280166650945,0.011914655556603648,1.5,2026-05-28T17:15:00+00:00,0.9285146555566036,SL,-1.0,0.20131921068369818,-1.2013192106836983,27,
CRV,TREND_PULLBACK,SHORT,49195,49196,2026-05-28T10:45:00+00:00,2026-05-28T11:00:00+00:00,0.2101,0.21297157109802148,0.20579264335296782,0.0028715710980214693,1.5,2026-05-28T17:30:00+00:00,0.21297157109802148,SL,-1.0,0.1915303586968042,-1.1915303586968042,26,
UNI,TREND_PULLBACK,SHORT,49241,49242,2026-05-28T22:15:00+00:00,2026-05-28T22:30:00+00:00,3.043,3.0840811172070413,2.9813783241894383,0.04108111720704111,1.5,2026-05-29T00:15:00+00:00,3.0840811172070413,SL,-1.0,0.193889699061153,-1.193889699061153,7,
ADA,TREND_PULLBACK,SHORT,49253,49254,2026-05-29T01:15:00+00:00,2026-05-29T01:30:00+00:00,0.2345,0.2364185791726622,0.23162213124100667,0.0019185791726622214,1.5,2026-05-29T06:15:00+00:00,0.2364185791726622,SL,-1.0,0.31908725042343705,-1.319087250423437,19,
DOGE,TREND_PULLBACK,SHORT,49278,49279,2026-05-29T07:30:00+00:00,2026-05-29T07:45:00+00:00,0.09909,0.09988963416776356,0.09789054874835465,0.0007996341677635604,1.5,2026-05-29T08:00:00+00:00,0.09988963416776356,SL,-1.0,0.323489834284543,-1.323489834284543,1,
SUI,TREND_PULLBACK,SHORT,49241,49242,2026-05-28T22:15:00+00:00,2026-05-28T22:30:00+00:00,0.9257,0.9406993596382726,0.903200960542591,0.014999359638272591,1.5,2026-05-29T11:45:00+00:00,0.903200960542591,TP,1.5000000000000038,0.15851151689427606,1.3414884831057277,53,
AVAX,TREND_PULLBACK,SHORT,49290,49291,2026-05-29T10:30:00+00:00,2026-05-29T10:45:00+00:00,8.91,8.98091419443002,8.80362870835497,0.07091419443002067,1.5,2026-05-29T13:00:00+00:00,8.80362870835497,TP,1.5,0.32472648820097083,1.1752735117990292,9,
ETH,TREND_PULLBACK,SHORT,49294,49295,2026-05-29T11:30:00+00:00,2026-05-29T11:45:00+00:00,2006.25,2017.69346442124,1989.08480336814,11.443464421239923,1.5,2026-05-29T13:30:00+00:00,1989.08480336814,TP,1.50000000000001,0.45387786890290416,1.0461221310971058,7,
CRV,TREND_PULLBACK,SHORT,49228,49229,2026-05-28T19:00:00+00:00,2026-05-28T19:15:00+00:00,0.2121,0.21524028287965857,0.20738957568051217,0.0031402828796585625,1.5,2026-05-29T14:15:00+00:00,0.20738957568051217,TP,1.5,0.17365838342689666,1.3263416165731035,76,
LINK,TREND_PULLBACK,SHORT,49241,49242,2026-05-28T22:15:00+00:00,2026-05-28T22:30:00+00:00,8.985,9.081354139172142,8.840468791241786,0.09635413917214208,1.5,2026-05-29T14:15:00+00:00,8.840468791241786,TP,1.5,0.2404993664798796,1.2595006335201204,63,
SOL,TREND_PULLBACK,SHORT,49241,49242,2026-05-28T22:15:00+00:00,2026-05-28T22:30:00+00:00,82.03,82.89335148754147,80.73497276868781,0.8633514875414647,1.5,2026-05-29T14:15:00+00:00,80.73497276868781,TP,1.4999999999999918,0.24508495977906303,1.2549150402209288,63,
FET,TREND_PULLBACK,LONG,49307,49308,2026-05-29T14:45:00+00:00,2026-05-29T15:00:00+00:00,0.2353,0.2276774947467499,0.24673375787987517,0.007622505253250117,1.5,2026-05-29T16:00:00+00:00,0.24673375787987517,TP,1.4999999999999982,0.08220970198435043,1.4177902980156478,4,
LINK,TREND_PULLBACK,SHORT,49323,49324,2026-05-29T18:45:00+00:00,2026-05-29T19:00:00+00:00,8.975,9.112806611138485,8.768290083292271,0.13780661113848502,1.5,2026-05-30T01:00:00+00:00,9.112806611138485,SL,-1.0,0.17063149873738728,-1.1706314987373874,24,
UNI,TREND_PULLBACK,SHORT,49323,49324,2026-05-29T18:45:00+00:00,2026-05-29T19:00:00+00:00,3.011,3.0648946895071933,2.9301579657392103,0.05389468950719323,1.5,2026-05-30T01:30:00+00:00,3.0648946895071933,SL,-1.0,0.14655735413978274,-1.1465573541397827,26,
DOGE,TREND_PULLBACK,SHORT,49323,49324,2026-05-29T18:45:00+00:00,2026-05-29T19:00:00+00:00,0.09963,0.10096638458232632,0.09762542312651051,0.001336384582326322,1.5,2026-05-30T02:00:00+00:00,0.10096638458232632,SL,-1.0,0.19513492104426822,-1.1951349210442683,28,
CRV,TREND_PULLBACK,SHORT,49361,49362,2026-05-30T04:15:00+00:00,2026-05-30T04:30:00+00:00,0.2137,0.21635656337401835,0.20971515493897247,0.0026565633740183447,1.5,2026-05-30T05:45:00+00:00,0.21635656337401835,SL,-1.0,0.21044991354396467,-1.2104499135439646,5,
FET,TREND_PULLBACK,LONG,49367,49368,2026-05-30T05:45:00+00:00,2026-05-30T06:00:00+00:00,0.2411,0.2345065021535042,0.25099024676974374,0.006593497846495822,1.5,2026-05-30T08:30:00+00:00,0.25099024676974374,TP,1.5,0.09702245085901573,1.4029775491409842,10,
BTC,TREND_PULLBACK,SHORT,49358,49359,2026-05-30T03:30:00+00:00,2026-05-30T03:45:00+00:00,73505.7,73819.13213859571,73035.55179210642,313.4321385957155,1.5,2026-05-30T14:00:00+00:00,73819.13213859571,SL,-1.0,0.6110486392310008,-1.6110486392310008,41,
ETH,TREND_PULLBACK,SHORT,49358,49359,2026-05-30T03:30:00+00:00,2026-05-30T03:45:00+00:00,2014.67,2025.796365561881,1997.9804516571787,11.126365561880903,1.5,2026-05-30T14:15:00+00:00,2025.796365561881,SL,-1.0,0.4720864370325881,-1.4720864370325881,42,
UNI,TREND_PULLBACK,SHORT,49406,49407,2026-05-30T15:30:00+00:00,2026-05-30T15:45:00+00:00,3.034,3.057655594004026,2.9985166089939606,0.02365559400402617,1.5,2026-05-30T16:30:00+00:00,3.057655594004026,SL,-1.0,0.3347686923802209,-1.334768692380221,3,
SOL,TREND_PULLBACK,SHORT,49323,49324,2026-05-29T18:45:00+00:00,2026-05-29T19:00:00+00:00,82.03,83.2236192915633,80.23957106265506,1.1936192915632944,1.5,2026-05-30T19:00:00+00:00,82.89,TIME,-0.7204977383313312,0.17961841058986533,-0.9001161489211966,96,
BTC,TREND_PULLBACK,SHORT,49426,49427,2026-05-30T20:30:00+00:00,2026-05-30T20:45:00+00:00,73893.6,74118.18481829751,73556.72277255375,224.58481829750235,1.5,2026-05-31T01:00:00+00:00,74118.18481829751,SL,-1.0,0.8567601395429081,-1.856760139542908,17,
SUI,TREND_PULLBACK,SHORT,49358,49359,2026-05-30T03:30:00+00:00,2026-05-30T03:45:00+00:00,0.9055,0.9180361040602532,0.8866958439096202,0.012536104060253184,1.5,2026-05-31T01:15:00+00:00,0.9180361040602532,SL,-1.0,0.18910156806966164,-1.1891015680696617,86,
UNI,TREND_PULLBACK,SHORT,49442,49443,2026-05-31T00:30:00+00:00,2026-05-31T00:45:00+00:00,3.052,3.072797732545462,3.020803401181807,0.020797732545462022,1.5,2026-05-31T01:30:00+00:00,3.020803401181807,TP,1.5000000000000107,0.3795915927026827,1.120408407297328,3,
SUI,TREND_PULLBACK,SHORT,49463,49464,2026-05-31T05:45:00+00:00,2026-05-31T06:00:00+00:00,0.9132,0.9233423632739662,0.8979864550890506,0.010142363273966226,1.5,2026-05-31T07:15:00+00:00,0.8979864550890506,TP,1.5000000000000056,0.23214928592229467,1.2678507140777109,5,
UNI,TREND_PULLBACK,SHORT,49466,49467,2026-05-31T06:30:00+00:00,2026-05-31T06:45:00+00:00,3.049,3.07455192223459,3.0106721166481147,0.02555192223459013,1.5,2026-05-31T14:00:00+00:00,3.0106721166481147,TP,1.5,0.3082967175353455,1.1917032824646545,29,
SUI,TREND_PULLBACK,SHORT,49495,49496,2026-05-31T13:45:00+00:00,2026-05-31T14:00:00+00:00,0.9012,0.9088015934999208,0.8897976097501188,0.0076015934999208445,1.5,2026-05-31T14:00:00+00:00,0.8897976097501188,TP,1.4999999999999927,0.30629063402290574,1.193709365977087,0,True
FET,TREND_PULLBACK,LONG,49477,49478,2026-05-31T09:15:00+00:00,2026-05-31T09:30:00+00:00,0.2729,0.2641919025814383,0.28596214612784243,0.008708097418561656,1.5,2026-05-31T14:15:00+00:00,0.2641919025814383,SL,-1.0,0.08018048487463945,-1.0801804848746395,19,
FET,TREND_PULLBACK,LONG,49515,49516,2026-05-31T18:45:00+00:00,2026-05-31T19:00:00+00:00,0.2668,0.2591199771993183,0.2783200342010225,0.007680022800681696,1.5,2026-05-31T20:15:00+00:00,0.2783200342010225,TP,1.5,0.09227264851328662,1.4077273514867135,5,
BNB,TREND_PULLBACK,LONG,49530,49531,2026-05-31T22:30:00+00:00,2026-05-31T22:45:00+00:00,714.63,706.6568002256979,726.5897996614531,7.973199774302088,1.5,2026-05-31T23:30:00+00:00,706.6568002256979,SL,-1.0,0.23173542524903534,-1.2317354252490353,3,
SOL,TREND_PULLBACK,SHORT,49534,49535,2026-05-31T23:30:00+00:00,2026-05-31T23:45:00+00:00,82.06,82.7517925152801,81.02231122707985,0.691792515280099,1.5,2026-06-01T00:15:00+00:00,82.7517925152801,SL,-1.0,0.3097103908143825,-1.3097103908143826,2,
DOGE,TREND_PULLBACK,SHORT,49534,49535,2026-05-31T23:30:00+00:00,2026-05-31T23:45:00+00:00,0.10001,0.10082767199232806,0.0987834920115079,0.000817671992328059,1.5,2026-06-01T00:30:00+00:00,0.10082767199232806,SL,-1.0,0.31930771267664343,-1.3193077126766435,3,
BNB,TREND_PULLBACK,LONG,49537,49538,2026-06-01T00:15:00+00:00,2026-06-01T00:30:00+00:00,713.74,705.4045832593498,726.2431251109754,8.335416740650203,1.5,2026-06-01T01:15:00+00:00,705.4045832593498,SL,-1.0,0.22133122021842003,-1.22133122021842,3,
BNB,TREND_PULLBACK,LONG,49546,49547,2026-06-01T02:30:00+00:00,2026-06-01T02:45:00+00:00,708.29,696.440408336425,726.0643874953624,11.849591663574984,1.5,2026-06-01T05:15:00+00:00,696.440408336425,SL,-1.0,0.15411075610738884,-1.154110756107389,10,
UNI,TREND_PULLBACK,SHORT,49540,49541,2026-06-01T01:00:00+00:00,2026-06-01T01:15:00+00:00,3.013,3.0468252691905584,2.962262096214162,0.033825269190558505,1.5,2026-06-01T06:30:00+00:00,2.962262096214162,TP,1.5000000000000067,0.22964608740635278,1.2703539125936538,21,
BNB,TREND_PULLBACK,LONG,49573,49574,2026-06-01T09:15:00+00:00,2026-06-01T09:30:00+00:00,695.32,686.0984475174126,709.1523287238812,9.221552482587413,1.5,2026-06-01T09:30:00+00:00,709.1523287238812,TP,1.5,0.19799421309900225,1.3020057869009978,0,True
BTC,TREND_PULLBACK,SHORT,49575,49576,2026-06-01T09:45:00+00:00,2026-06-01T10:00:00+00:00,72855.2,73204.48544275966,72331.2718358605,349.28544275966124,1.5,2026-06-01T11:45:00+00:00,72331.2718358605,TP,1.5,0.5403672477598497,0.9596327522401503,7,
SUI,TREND_PULLBACK,SHORT,49540,49541,2026-06-01T01:00:00+00:00,2026-06-01T01:15:00+00:00,0.8906,0.9037666727217077,0.8708499909174383,0.013166672721707795,1.5,2026-06-01T12:00:00+00:00,0.8708499909174383,TP,1.4999999999999958,0.17391523557939992,1.326084764420596,43,
FET,TREND_PULLBACK,LONG,49570,49571,2026-06-01T08:30:00+00:00,2026-06-01T08:45:00+00:00,0.279,0.2680852807078899,0.2953720789381652,0.010914719292110131,1.5,2026-06-01T12:45:00+00:00,0.2680852807078899,SL,-1.0,0.06516071058596681,-1.0651607105859668,16,
DOGE,TREND_PULLBACK,SHORT,49553,49554,2026-06-01T04:15:00+00:00,2026-06-01T04:30:00+00:00,0.10033,0.10139934003114845,0.09872598995327733,0.0010693400311484469,1.5,2026-06-01T13:45:00+00:00,0.09872598995327733,TP,1.5,0.24199298576837566,1.2580070142316244,37,
SUI,TREND_PULLBACK,SHORT,49587,49588,2026-06-01T12:45:00+00:00,2026-06-01T13:00:00+00:00,0.8753,0.88570931818048,0.8596860227292799,0.010409318180480076,1.5,2026-06-01T13:45:00+00:00,0.8596860227292799,TP,1.5,0.21667911292956957,1.2833208870704305,3,
SOL,TREND_PULLBACK,SHORT,49620,49621,2026-06-01T21:00:00+00:00,2026-06-01T21:15:00+00:00,80.74,81.53350977391553,79.5497353391267,0.793509773915531,1.5,2026-06-01T23:15:00+00:00,81.53350977391553,SL,-1.0,0.2658512467529434,-1.2658512467529435,8,
UNI,TREND_PULLBACK,SHORT,49620,49621,2026-06-01T21:00:00+00:00,2026-06-01T21:15:00+00:00,2.971,3.010757077084142,2.911364384373787,0.039757077084142,1.5,2026-06-02T02:00:00+00:00,2.911364384373787,TP,1.5000000000000056,0.19234496750104724,1.3076550324989582,19,
CRV,TREND_PULLBACK,SHORT,49634,49635,2026-06-02T00:30:00+00:00,2026-06-02T00:45:00+00:00,0.2149,0.2175338704140869,0.21094919437886966,0.0026338704140868863,1.5,2026-06-02T02:00:00+00:00,0.21094919437886966,TP,1.5000000000000053,0.21018648059967474,1.2898135194003306,5,
SUI,TREND_PULLBACK,SHORT,49648,49649,2026-06-02T04:00:00+00:00,2026-06-02T04:15:00+00:00,0.8687,0.8818876905464598,0.8489184641803105,0.01318769054645974,1.5,2026-06-02T06:15:00+00:00,0.8489184641803105,TP,1.4999999999999958,0.16931728838858984,1.330682711611406,8,
DOGE,TREND_PULLBACK,SHORT,49648,49649,2026-06-02T04:00:00+00:00,2026-06-02T04:15:00+00:00,0.10039,0.10134984219208522,0.09895023671187216,0.0009598421920852251,1.5,2026-06-02T06:45:00+00:00,0.09895023671187216,TP,1.5,0.2699842847733707,1.2300157152266293,10,
UNI,TREND_PULLBACK,SHORT,49648,49649,2026-06-02T04:00:00+00:00,2026-06-02T04:15:00+00:00,2.949,2.9816378970449406,2.9000431544325886,0.0326378970449408,1.5,2026-06-02T06:45:00+00:00,2.9000431544325886,TP,1.5,0.23297322404971013,1.2670267759502898,10,
SOL,TREND_PULLBACK,SHORT,49651,49652,2026-06-02T04:45:00+00:00,2026-06-02T05:00:00+00:00,80.4,81.2919761522705,79.06203577159428,0.8919761522704874,1.5,2026-06-02T09:15:00+00:00,79.06203577159428,TP,1.499999999999992,0.2324060413222905,1.2675939586777014,17,
DOGE,TREND_PULLBACK,SHORT,49677,49678,2026-06-02T11:15:00+00:00,2026-06-02T11:30:00+00:00,0.09884,0.09961252051087752,0.09768121923368372,0.0007725205108775196,1.5,2026-06-02T14:00:00+00:00,0.09768121923368372,TP,1.4999999999999911,0.3307065397054473,1.169293460294544,10,
UNI,TREND_PULLBACK,SHORT,49674,49675,2026-06-02T10:30:00+00:00,2026-06-02T10:45:00+00:00,2.91,2.93472402977166,2.8729139553425105,0.024724029771659772,1.5,2026-06-02T14:15:00+00:00,2.8729139553425105,TP,1.5,0.30406807512271405,1.195931924877286,14,
SOL,TREND_PULLBACK,SHORT,49676,49677,2026-06-02T11:00:00+00:00,2026-06-02T11:15:00+00:00,79.12,79.84281571127126,78.03577643309313,0.7228157112712523,1.5,2026-06-02T14:15:00+00:00,78.03577643309313,TP,1.4999999999999902,0.28264813032868913,1.217351869671301,12,
SUI,TREND_PULLBACK,SHORT,49677,49678,2026-06-02T11:15:00+00:00,2026-06-02T11:30:00+00:00,0.8455,0.8540370451851982,0.8326944322222027,0.008537045185198155,1.5,2026-06-02T14:15:00+00:00,0.8326944322222027,TP,1.5000000000000064,0.2555512726665069,1.2444487273334994,11,
ETH,TREND_PULLBACK,SHORT,49687,49688,2026-06-02T13:45:00+00:00,2026-06-02T14:00:00+00:00,1973.43,1986.892750128816,1953.235874806776,13.46275012881597,1.5,2026-06-02T14:15:00+00:00,1953.235874806776,TP,1.5,0.3791696041600497,1.1208303958399504,1,
FET,TREND_PULLBACK,LONG,49603,49604,2026-06-01T16:45:00+00:00,2026-06-01T17:00:00+00:00,0.272,0.2594244260650971,0.29086336090235443,0.01257557393490294,1.5,2026-06-02T15:15:00+00:00,0.2594244260650971,SL,-1.0,0.05493600192411086,-1.054936001924111,89,
AVAX,TREND_PULLBACK,SHORT,49718,49719,2026-06-02T21:30:00+00:00,2026-06-02T21:45:00+00:00,8.347,8.429597920277152,8.223103119584271,0.08259792027715207,1.5,2026-06-02T22:15:00+00:00,8.223103119584271,TP,1.5,0.26079511424960394,1.2392048857503961,2,
UNI,TREND_PULLBACK,SHORT,49722,49723,2026-06-02T22:30:00+00:00,2026-06-02T22:45:00+00:00,2.813,2.8706977983661455,2.726453302450782,0.0576977983661453,1.5,2026-06-03T06:30:00+00:00,2.8706977983661455,SL,-1.0,0.1280604693265287,-1.1280604693265288,31,
SOL,TREND_PULLBACK,SHORT,49781,49782,2026-06-03T13:15:00+00:00,2026-06-03T13:30:00+00:00,74.75,75.69943149696063,73.32585275455907,0.9494314969606279,1.5,2026-06-03T15:30:00+00:00,73.32585275455907,TP,1.4999999999999925,0.2027514456779282,1.2972485543220642,8,
ADA,TREND_PULLBACK,SHORT,49775,49776,2026-06-03T11:45:00+00:00,2026-06-03T12:00:00+00:00,0.2161,0.21898999191560825,0.2117650121265876,0.0028899919156082643,1.5,2026-06-03T15:45:00+00:00,0.2117650121265876,TP,1.4999999999999951,0.19246576876582502,1.30753423123417,15,
BTC,TREND_PULLBACK,SHORT,49765,49766,2026-06-03T09:15:00+00:00,2026-06-03T09:30:00+00:00,66801.2,67488.39707354145,65770.40438968781,687.1970735414507,1.5,2026-06-03T16:15:00+00:00,65770.40438968781,TP,1.5000000000000107,0.250791355700089,1.2492086442999217,27,
AVAX,TREND_PULLBACK,SHORT,49804,49805,2026-06-03T19:00:00+00:00,2026-06-03T19:15:00+00:00,8.157,8.228128853527702,8.050306719708448,0.07112885352770171,1.5,2026-06-03T19:45:00+00:00,8.050306719708448,TP,1.4999999999999876,0.29621591928815916,1.2037840807118285,2,
CRV,TREND_PULLBACK,SHORT,49781,49782,2026-06-03T13:15:00+00:00,2026-06-03T13:30:00+00:00,0.2073,0.21060036298066714,0.2023494555289993,0.003300362980667132,1.5,2026-06-03T20:30:00+00:00,0.2023494555289993,TP,1.5000000000000042,0.16135930965994874,1.3386406903400554,28,
SUI,TREND_PULLBACK,SHORT,49775,49776,2026-06-03T11:45:00+00:00,2026-06-03T12:00:00+00:00,0.8289,0.8434331707193065,0.8071002439210402,0.014533170719306487,1.5,2026-06-03T20:45:00+00:00,0.8071002439210402,TP,1.5000000000000038,0.14634110877621628,1.3536588912237875,35,
BTC,TREND_PULLBACK,SHORT,49816,49817,2026-06-03T22:00:00+00:00,2026-06-03T22:15:00+00:00,65299.6,66074.40921692304,64137.38617461543,774.809216923044,1.5,2026-06-03T23:45:00+00:00,64137.38617461543,TP,1.5000000000000047,0.21717356783032804,1.2828264321696765,6,
DOGE,TREND_PULLBACK,SHORT,49820,49821,2026-06-03T23:00:00+00:00,2026-06-03T23:15:00+00:00,0.09161,0.09334444704284861,0.08900832943572708,0.0017344470428486136,1.5,2026-06-04T01:15:00+00:00,0.08900832943572708,TP,1.5,0.13537676415926145,1.3646232358407386,8,
AVAX,TREND_PULLBACK,SHORT,49852,49853,2026-06-04T07:00:00+00:00,2026-06-04T07:15:00+00:00,7.878,8.046361408600635,7.6254578870990475,0.1683614086006351,1.5,2026-06-04T09:15:00+00:00,7.6254578870990475,TP,1.5,0.11970970913552179,1.3802902908644783,8,
LINK,TREND_PULLBACK,SHORT,49852,49853,2026-06-04T07:00:00+00:00,2026-06-04T07:15:00+00:00,8.134,8.296100836069769,7.890848745895347,0.16210083606976866,1.5,2026-06-04T09:15:00+00:00,7.890848745895347,TP,1.5,0.1285144720703209,1.3714855279296791,8,
DOGE,TREND_PULLBACK,SHORT,49844,49845,2026-06-04T05:00:00+00:00,2026-06-04T05:15:00+00:00,0.08987,0.09204437151662856,0.08660844272505717,0.0021743715166285538,1.5,2026-06-04T10:45:00+00:00,0.08660844272505717,TP,1.5,0.10551185654708256,1.3944881434529175,22,
SOL,TREND_PULLBACK,SHORT,49872,49873,2026-06-04T12:00:00+00:00,2026-06-04T12:15:00+00:00,68.43,69.48889053629141,66.84166419556291,1.0588905362914005,1.5,2026-06-04T12:30:00+00:00,69.48889053629141,SL,-1.0,0.16932303345077593,-1.1693230334507758,1,
CRV,TREND_PULLBACK,SHORT,49894,49895,2026-06-04T17:30:00+00:00,2026-06-04T17:45:00+00:00,0.1952,0.19969004902520124,0.18846492646219817,0.004490049025201226,1.5,2026-06-05T02:30:00+00:00,0.18846492646219817,TP,1.5,0.11108217340199422,1.3889178265980058,35,
UNI,TREND_PULLBACK,SHORT,49893,49894,2026-06-04T17:15:00+00:00,2026-06-04T17:30:00+00:00,2.651,2.713963714256759,2.5565544286148607,0.0629637142567594,1.5,2026-06-05T03:00:00+00:00,2.5565544286148607,TP,1.5,0.10751939965918629,1.3924806003408137,38,
DOGE,TREND_PULLBACK,SHORT,49877,49878,2026-06-04T13:15:00+00:00,2026-06-04T13:30:00+00:00,0.08835,0.09018730294103657,0.08559404558844515,0.001837302941036567,1.5,2026-06-05T05:30:00+00:00,0.08559404558844515,TP,1.5,0.1230756530207275,1.3769243469792725,64,
ETH,TREND_PULLBACK,SHORT,49893,49894,2026-06-04T17:15:00+00:00,2026-06-04T17:30:00+00:00,1764.02,1795.7006678240402,1716.4989982639395,31.680667824040256,1.5,2026-06-05T05:30:00+00:00,1716.4989982639395,TP,1.5000000000000036,0.14282131686345514,1.3571786831365484,48,
LINK,TREND_PULLBACK,SHORT,49894,49895,2026-06-04T17:30:00+00:00,2026-06-04T17:45:00+00:00,7.976,8.137032363627364,7.734451454558954,0.16103236362736428,1.5,2026-06-05T05:30:00+00:00,7.734451454558954,TP,1.4999999999999973,0.12682908224701767,1.3731709177529796,47,
BNB,TREND_PULLBACK,SHORT,49940,49941,2026-06-05T05:00:00+00:00,2026-06-05T05:15:00+00:00,598.37,605.9761889557585,586.9607165663622,7.606188955758512,1.5,2026-06-05T05:45:00+00:00,586.9607165663622,TP,1.5000000000000075,0.20258896281687297,1.2974110371831347,2,
SOL,TREND_PULLBACK,SHORT,49938,49939,2026-06-05T04:30:00+00:00,2026-06-05T04:45:00+00:00,67.18,68.45310814294858,65.27033778557714,1.2731081429485727,1.5,2026-06-05T06:15:00+00:00,65.27033778557714,TP,1.5000000000000056,0.1352480856201748,1.3647519143798308,6,
BTC,TREND_PULLBACK,SHORT,49942,49943,2026-06-05T05:30:00+00:00,2026-06-05T05:45:00+00:00,62858.7,63866.2945467941,61347.30817980884,1007.5945467941056,1.5,2026-06-05T06:15:00+00:00,61347.30817980884,TP,1.5,0.16025077859690545,1.3397492214030946,2,
ETH,TREND_PULLBACK,SHORT,49973,49974,2026-06-05T13:15:00+00:00,2026-06-05T13:30:00+00:00,1664.44,1689.821502378274,1626.367746432589,25.381502378274035,1.5,2026-06-05T13:45:00+00:00,1626.367746432589,TP,1.5,0.1685499150761176,1.3314500849238824,1,
UNI,TREND_PULLBACK,SHORT,49967,49968,2026-06-05T11:45:00+00:00,2026-06-05T12:00:00+00:00,2.51,2.5798649221124133,2.40520261683138,0.06986492211241346,1.5,2026-06-05T15:45:00+00:00,2.40520261683138,TP,1.499999999999997,0.09145882094593322,1.4085411790540636,15,
AVAX,TREND_PULLBACK,SHORT,49974,49975,2026-06-05T13:30:00+00:00,2026-06-05T13:45:00+00:00,7.11,7.270626186917916,6.869060719623127,0.16062618691791553,1.5,2026-06-05T15:45:00+00:00,6.869060719623127,TP,1.5000000000000027,0.11313708732186281,1.3868629126781398,8,
XRP,TREND_PULLBACK,SHORT,49964,49965,2026-06-05T11:00:00+00:00,2026-06-05T11:15:00+00:00,1.1247,1.1508870022640874,1.085419496603869,0.026187002264087322,1.5,2026-06-05T16:00:00+00:00,1.085419496603869,TP,1.5,0.10971684794655764,1.3902831520534424,19,
LINK,TREND_PULLBACK,SHORT,49970,49971,2026-06-05T12:30:00+00:00,2026-06-05T12:45:00+00:00,7.51,7.69630384668461,7.230544229973084,0.18630384668461009,1.5,2026-06-05T16:00:00+00:00,7.230544229973084,TP,1.5000000000000024,0.10285728308876606,1.3971427169112365,13,
ADA,TREND_PULLBACK,SHORT,49974,49975,2026-06-05T13:30:00+00:00,2026-06-05T13:45:00+00:00,0.1619,0.16668468763992825,0.15472296854010759,0.004784687639928259,1.5,2026-06-05T16:00:00+00:00,0.15472296854010759,TP,1.5000000000000029,0.08602648491977868,1.4139735150802242,9,
SUI,TREND_PULLBACK,SHORT,50008,50009,2026-06-05T22:00:00+00:00,2026-06-05T22:15:00+00:00,0.7041,0.7263364984478597,0.6707452523282103,0.022236498447859798,1.5,2026-06-06T00:45:00+00:00,0.7263364984478597,SL,-1.0,0.08362681077430138,-1.0836268107743015,10,
ADA,TREND_PULLBACK,SHORT,50008,50009,2026-06-05T22:00:00+00:00,2026-06-05T22:15:00+00:00,0.1598,0.16514041440380234,0.1517893783942965,0.0053404144038023404,1.5,2026-06-06T04:00:00+00:00,0.1517893783942965,TP,1.5,0.07584920593880896,1.424150794061191,23,
XRP,TREND_PULLBACK,SHORT,50009,50010,2026-06-05T22:15:00+00:00,2026-06-05T22:30:00+00:00,1.1014,1.1273895480847926,1.0624156778728109,0.025989548084792702,1.5,2026-06-06T04:15:00+00:00,1.0624156778728109,TP,1.5,0.10823429372673876,1.3917657062732611,23,
SUI,TREND_PULLBACK,SHORT,50022,50023,2026-06-06T01:30:00+00:00,2026-06-06T01:45:00+00:00,0.7084,0.7337630698275095,0.6703553952587358,0.025363069827509466,1.5,2026-06-06T04:30:00+00:00,0.6703553952587358,TP,1.5000000000000022,0.07066896972748508,1.429331030272517,11,
CRV,TREND_PULLBACK,SHORT,50013,50014,2026-06-05T23:15:00+00:00,2026-06-05T23:30:00+00:00,0.1798,0.18580883036031917,0.1707867544595212,0.006008830360319184,1.5,2026-06-06T05:00:00+00:00,0.1707867544595212,TP,1.5,0.07584883470951706,1.424151165290483,22,
SUI,TREND_PULLBACK,SHORT,50055,50056,2026-06-06T09:45:00+00:00,2026-06-06T10:00:00+00:00,0.7027,0.7249370845053693,0.669344373241946,0.02223708450536932,1.5,2026-06-06T13:45:00+00:00,0.7249370845053693,SL,-1.0,0.08346095053103078,-1.0834609505310309,15,
BTC,TREND_PULLBACK,SHORT,50013,50014,2026-06-05T23:15:00+00:00,2026-06-05T23:30:00+00:00,60908.1,62200.12980176664,58970.05529735003,1292.0298017666428,1.5,2026-06-06T23:30:00+00:00,60822.3,TIME,0.06640713695820169,0.12248132340571344,-0.05607418644751175,96,
DOGE,TREND_PULLBACK,SHORT,50055,50056,2026-06-06T09:45:00+00:00,2026-06-06T10:00:00+00:00,0.08132,0.08304524266702067,0.07873213599946902,0.0017252426670206628,1.5,2026-06-07T01:00:00+00:00,0.08304524266702067,SL,-1.0,0.12385203516681156,-1.1238520351668115,60,
BNB,TREND_PULLBACK,SHORT,50114,50115,2026-06-07T00:30:00+00:00,2026-06-07T00:45:00+00:00,574.17,577.6528952730819,568.9456570903772,3.4828952730819083,1.5,2026-06-07T01:00:00+00:00,577.6528952730819,SL,-1.0,0.42992098425343395,-1.429920984253434,1,
LINK,TREND_PULLBACK,SHORT,50055,50056,2026-06-06T09:45:00+00:00,2026-06-06T10:00:00+00:00,7.346,7.512496204628711,7.096255693056934,0.16649620462871084,1.5,2026-06-07T01:15:00+00:00,7.512496204628711,SL,-1.0,0.11601492724168944,-1.1160149272416895,61,
ADA,TREND_PULLBACK,SHORT,50076,50077,2026-06-06T15:00:00+00:00,2026-06-06T15:15:00+00:00,0.1579,0.16259458745384223,0.1508581188192367,0.004694587453842214,1.5,2026-06-07T04:45:00+00:00,0.16259458745384223,SL,-1.0,0.08874964366655898,-1.088749643666559,54,
ETH,TREND_PULLBACK,SHORT,50055,50056,2026-06-06T09:45:00+00:00,2026-06-06T10:00:00+00:00,1569.97,1601.4305693675315,1522.779145948703,31.460569367531434,1.5,2026-06-07T05:00:00+00:00,1601.4305693675315,SL,-1.0,0.13104723859297687,-1.1310472385929768,76,
UNI,TREND_PULLBACK,SHORT,50152,50153,2026-06-07T10:00:00+00:00,2026-06-07T10:15:00+00:00,2.558,2.5972089782850247,2.4991865325724625,0.0392089782850249,1.5,2026-06-07T12:30:00+00:00,2.4991865325724625,TP,1.5,0.1676744148891822,1.3323255851108178,9,
BTC,TREND_PULLBACK,SHORT,50170,50171,2026-06-07T14:30:00+00:00,2026-06-07T14:45:00+00:00,61966.0,62460.43807697838,61224.34288453242,494.438076978382,1.5,2026-06-07T19:30:00+00:00,61224.34288453242,TP,1.5000000000000073,0.32389788166920275,1.1761021183308045,19,
AVAX,TREND_PULLBACK,SHORT,50212,50213,2026-06-08T01:00:00+00:00,2026-06-08T01:15:00+00:00,6.69,6.871210545808616,6.418184181287078,0.1812105458086153,1.5,2026-06-08T15:00:00+00:00,6.871210545808616,SL,-1.0,0.09728779101063245,-1.0972877910106325,55,
AVAX,TREND_PULLBACK,SHORT,50288,50289,2026-06-08T20:00:00+00:00,2026-06-08T20:15:00+00:00,6.775,6.881036536167901,6.615945195748149,0.10603653616790076,1.5,2026-06-09T00:30:00+00:00,6.615945195748149,TP,1.5,0.16417198621905182,1.3358280137809482,17,
AVAX,TREND_PULLBACK,SHORT,50333,50334,2026-06-09T07:15:00+00:00,2026-06-09T07:30:00+00:00,6.73,6.812714590309866,6.605928114535203,0.08271459030986517,1.5,2026-06-09T14:15:00+00:00,6.605928114535203,TP,1.4999999999999947,0.20959671666085808,1.2904032833391366,27,
UNI,TREND_PULLBACK,SHORT,50359,50360,2026-06-09T13:45:00+00:00,2026-06-09T14:00:00+00:00,2.51,2.5402758609171565,2.4645862086242647,0.030275860917156727,1.5,2026-06-09T14:30:00+00:00,2.4645862086242647,TP,1.5,0.2136012610477691,1.286398738952231,2,
ETH,TREND_PULLBACK,SHORT,50405,50406,2026-06-10T01:15:00+00:00,2026-06-10T01:30:00+00:00,1641.21,1651.5538152179201,1625.6942771731199,10.34381521792011,1.5,2026-06-10T02:15:00+00:00,1625.6942771731199,TP,1.5,0.410581151233966,1.0894188487660341,3,
UNI,TREND_PULLBACK,SHORT,50405,50406,2026-06-10T01:15:00+00:00,2026-06-10T01:30:00+00:00,2.482,2.504789808382328,2.4478152874265087,0.022789808382327692,1.5,2026-06-10T02:30:00+00:00,2.4478152874265087,TP,1.5,0.28121166120133423,1.2187883387986658,4,
SOL,TREND_PULLBACK,SHORT,50408,50409,2026-06-10T02:00:00+00:00,2026-06-10T02:15:00+00:00,64.84,65.51604442174417,63.825933367383755,0.6760444217441659,1.5,2026-06-10T06:30:00+00:00,63.825933367383755,TP,1.5,0.24741822874014763,1.2525817712598524,17,
AVAX,TREND_PULLBACK,SHORT,50395,50396,2026-06-09T22:45:00+00:00,2026-06-09T23:00:00+00:00,6.615,6.711917247255323,6.469624129117017,0.09691724725532236,1.5,2026-06-10T08:30:00+00:00,6.469624129117017,TP,1.4999999999999953,0.1755106737920478,1.3244893262079476,38,
ADA,TREND_PULLBACK,SHORT,50431,50432,2026-06-10T07:45:00+00:00,2026-06-10T08:00:00+00:00,0.1613,0.16289074302067455,0.15891388546898816,0.001590743020674551,1.5,2026-06-10T08:30:00+00:00,0.15891388546898816,TP,1.5000000000000087,0.2616878060751528,1.2383121939248558,2,
BTC,TREND_PULLBACK,SHORT,50389,50390,2026-06-09T21:15:00+00:00,2026-06-09T21:30:00+00:00,61776.9,62424.678323756656,60805.23251436502,647.7783237566546,1.5,2026-06-10T09:15:00+00:00,60805.23251436502,TP,1.4999999999999944,0.24600510147440305,1.2539948985255913,47,
DOGE,TREND_PULLBACK,SHORT,50432,50433,2026-06-10T08:00:00+00:00,2026-06-10T08:15:00+00:00,0.08382,0.08455850617181225,0.08271224074228165,0.0007385061718122449,1.5,2026-06-10T12:30:00+00:00,0.08455850617181225,SL,-1.0,0.2963984139580167,-1.2963984139580167,17,
ADA,TREND_PULLBACK,SHORT,50440,50441,2026-06-10T10:00:00+00:00,2026-06-10T10:15:00+00:00,0.1595,0.16235238782944486,0.15522141825583272,0.002852387829444858,1.5,2026-06-10T12:30:00+00:00,0.16235238782944486,SL,-1.0,0.14668696166036807,-1.146686961660368,9,
ETH,TREND_PULLBACK,SHORT,50445,50446,2026-06-10T11:15:00+00:00,2026-06-10T11:30:00+00:00,1616.03,1635.111035133151,1587.4084473002733,19.08103513315109,1.5,2026-06-10T12:30:00+00:00,1635.111035133151,SL,-1.0,0.22150178521133115,-1.2215017852113312,4,
SOL,TREND_PULLBACK,SHORT,50432,50433,2026-06-10T08:00:00+00:00,2026-06-10T08:15:00+00:00,64.07,64.86826983705394,62.87259524441907,0.7982698370539509,1.5,2026-06-10T13:30:00+00:00,64.86826983705394,SL,-1.0,0.20997881043179334,-1.2099788104317932,21,
LINK,TREND_PULLBACK,SHORT,50433,50434,2026-06-10T08:15:00+00:00,2026-06-10T08:30:00+00:00,7.723,7.81573404933933,7.583898925991004,0.09273404933933005,1.5,2026-06-10T13:30:00+00:00,7.81573404933933,SL,-1.0,0.21783103841636972,-1.2178310384163697,20,
UNI,TREND_PULLBACK,SHORT,50465,50466,2026-06-10T16:15:00+00:00,2026-06-10T16:30:00+00:00,2.473,2.5205044020231235,2.4017433969653146,0.04750440202312367,1.5,2026-06-10T18:30:00+00:00,2.4017433969653146,TP,1.4999999999999953,0.1334016669227869,1.3665983330772085,8,
LINK,TREND_PULLBACK,SHORT,50460,50461,2026-06-10T15:00:00+00:00,2026-06-10T15:15:00+00:00,7.734,7.884542612683156,7.508186080975266,0.15054261268315638,1.5,2026-06-10T21:15:00+00:00,7.508186080975266,TP,1.4999999999999971,0.13162281132300854,1.3683771886769887,24,
AVAX,TREND_PULLBACK,SHORT,50460,50461,2026-06-10T15:00:00+00:00,2026-06-10T15:15:00+00:00,6.513,6.6463189586371065,6.31302156204434,0.13331895863710663,1.5,2026-06-10T21:45:00+00:00,6.31302156204434,TP,1.5,0.12506719375181813,1.3749328062481818,26,
BTC,TREND_PULLBACK,SHORT,50470,50471,2026-06-10T17:30:00+00:00,2026-06-10T17:45:00+00:00,61719.5,62582.76131839264,60424.60802241105,863.2613183926369,1.5,2026-06-11T03:45:00+00:00,62582.76131839264,SL,-1.0,0.18718890360428864,-1.1871889036042886,40,
AVAX,TREND_PULLBACK,SHORT,50532,50533,2026-06-11T09:00:00+00:00,2026-06-11T09:15:00+00:00,6.561,6.64114021801814,6.440789672972791,0.08014021801813964,1.5,2026-06-11T17:30:00+00:00,6.64114021801814,SL,-1.0,0.21415941593194576,-1.2141594159319458,33,
FET,TREND_PULLBACK,SHORT,50532,50533,2026-06-11T09:00:00+00:00,2026-06-11T09:15:00+00:00,0.1889,0.193093959201162,0.182609061198257,0.004193959201162001,1.5,2026-06-11T18:45:00+00:00,0.193093959201162,SL,-1.0,0.11840652785175454,-1.1184065278517545,38,
AVAX,TREND_PULLBACK,SHORT,50577,50578,2026-06-11T20:15:00+00:00,2026-06-11T20:30:00+00:00,6.616,6.720916327847384,6.4586255082289235,0.10491632784738414,1.5,2026-06-12T20:30:00+00:00,6.587,TIME,0.27641074173111146,0.16359608034478063,0.11281466138633084,96,
CRV,TREND_PULLBACK,LONG,50936,50937,2026-06-15T14:00:00+00:00,2026-06-15T14:15:00+00:00,0.2408,0.2371693111710601,0.24624603324340982,0.003630688828939882,1.5,2026-06-15T17:00:00+00:00,0.2371693111710601,SL,-1.0,0.17114110677003624,-1.1711411067700364,11,
BNB,TREND_PULLBACK,SHORT,51259,51260,2026-06-18T22:45:00+00:00,2026-06-18T23:00:00+00:00,578.39,581.9983389252766,572.977491612085,3.6083389252765983,1.5,2026-06-19T01:00:00+00:00,581.9983389252766,SL,-1.0,0.418060739814574,-1.418060739814574,8,
AVAX,TREND_PULLBACK,SHORT,51268,51269,2026-06-19T01:00:00+00:00,2026-06-19T01:15:00+00:00,6.293,6.339696849876473,6.222954725185291,0.046696849876473046,1.5,2026-06-19T03:15:00+00:00,6.222954725185291,TP,1.4999999999999905,0.3484333779640767,1.1515666220359138,8,
ADA,TREND_PULLBACK,SHORT,51276,51277,2026-06-19T03:00:00+00:00,2026-06-19T03:15:00+00:00,0.1631,0.165200135939838,0.15994979609024296,0.002100135939838016,1.5,2026-06-19T04:30:00+00:00,0.15994979609024296,TP,1.5000000000000067,0.1999702623772573,1.3000297376227494,5,
SUI,TREND_PULLBACK,SHORT,51276,51277,2026-06-19T03:00:00+00:00,2026-06-19T03:15:00+00:00,0.7233,0.7320611984695018,0.7101582022957474,0.00876119846950174,1.5,2026-06-19T04:30:00+00:00,0.7101582022957474,TP,1.5,0.21269871576033947,1.2873012842396605,5,
LINK,TREND_PULLBACK,SHORT,51310,51311,2026-06-19T11:30:00+00:00,2026-06-19T11:45:00+00:00,7.82,7.870463346127178,7.744304980809234,0.05046334612717729,1.5,2026-06-19T13:30:00+00:00,7.870463346127178,SL,-1.0,0.40420629853913115,-1.404206298539131,7,
SUI,TREND_PULLBACK,SHORT,51316,51317,2026-06-19T13:00:00+00:00,2026-06-19T13:15:00+00:00,0.7103,0.7156645391879244,0.7022531912181136,0.005364539187924344,1.5,2026-06-19T13:30:00+00:00,0.7156645391879244,SL,-1.0,0.34555696882914544,-1.3455569688291455,1,
AVAX,TREND_PULLBACK,SHORT,51330,51331,2026-06-19T16:30:00+00:00,2026-06-19T16:45:00+00:00,6.104,6.1976969287534,5.963454606869901,0.09369692875339997,1.5,2026-06-19T18:15:00+00:00,5.963454606869901,TP,1.4999999999999953,0.16743015163516356,1.3325698483648318,6,
LINK,TREND_PULLBACK,SHORT,51331,51332,2026-06-19T16:45:00+00:00,2026-06-19T17:00:00+00:00,7.861,7.95239291268814,7.72391063096779,0.0913929126881401,1.5,2026-06-19T23:45:00+00:00,7.95239291268814,SL,-1.0,0.22493440882711122,-1.2249344088271112,27,
SUI,TREND_PULLBACK,SHORT,51350,51351,2026-06-19T21:30:00+00:00,2026-06-19T21:45:00+00:00,0.7097,0.7166143234140657,0.6993285148789015,0.006914323414065726,1.5,2026-06-19T23:45:00+00:00,0.7166143234140657,SL,-1.0,0.2681692060666834,-1.2681692060666834,8,
ADA,TREND_PULLBACK,SHORT,51338,51339,2026-06-19T18:30:00+00:00,2026-06-19T18:45:00+00:00,0.1605,0.16259552212215161,0.1573567168167726,0.0020955221221516107,1.5,2026-06-20T00:15:00+00:00,0.16259552212215161,SL,-1.0,0.2004389141583152,-1.2004389141583152,22,
LINK,TREND_PULLBACK,SHORT,51364,51365,2026-06-20T01:00:00+00:00,2026-06-20T01:15:00+00:00,7.881,7.961403597035719,7.760394604446422,0.08040359703571909,1.5,2026-06-20T05:00:00+00:00,7.961403597035719,SL,-1.0,0.25614680730013983,-1.2561468073001398,15,
SUI,TREND_PULLBACK,SHORT,51368,51369,2026-06-20T02:00:00+00:00,2026-06-20T02:15:00+00:00,0.7102,0.7180250595652248,0.698462410652163,0.007825059565224723,1.5,2026-06-20T05:00:00+00:00,0.7180250595652248,SL,-1.0,0.23727520052193635,-1.2372752005219363,11,
ADA,TREND_PULLBACK,SHORT,51372,51373,2026-06-20T03:00:00+00:00,2026-06-20T03:15:00+00:00,0.1617,0.1631728187848228,0.15949077182276583,0.001472818784822777,1.5,2026-06-20T05:00:00+00:00,0.1631728187848228,SL,-1.0,0.28675263295958625,-1.2867526329595862,7,
LINK,TREND_PULLBACK,SHORT,51392,51393,2026-06-20T08:00:00+00:00,2026-06-20T08:15:00+00:00,7.943,8.016217595041487,7.833173607437768,0.07321759504148773,1.5,2026-06-20T14:00:00+00:00,7.833173607437768,TP,1.5,0.28011061655395736,1.2198893834460427,23,
ADA,TREND_PULLBACK,SHORT,51404,51405,2026-06-20T11:00:00+00:00,2026-06-20T11:15:00+00:00,0.1626,0.16422954630999603,0.16015568053500595,0.0016295463099960383,1.5,2026-06-20T14:00:00+00:00,0.16015568053500595,TP,1.4999999999999916,0.2574841734301664,1.242515826569825,11,
SUI,TREND_PULLBACK,SHORT,51404,51405,2026-06-20T11:00:00+00:00,2026-06-20T11:15:00+00:00,0.7171,0.7237939846534266,0.70705902301986,0.006693984653426632,1.5,2026-06-20T14:00:00+00:00,0.70705902301986,TP,1.5,0.27657767768829405,1.223422322311706,11,
SUI,TREND_PULLBACK,SHORT,51460,51461,2026-06-21T01:00:00+00:00,2026-06-21T01:15:00+00:00,0.7093,0.7159526165618134,0.69932107515728,0.006652616561813374,1.5,2026-06-21T21:00:00+00:00,0.69932107515728,TP,1.4999999999999916,0.2752612270209231,1.2247387729790684,79,
ADA,TREND_PULLBACK,SHORT,51499,51500,2026-06-21T10:45:00+00:00,2026-06-21T11:00:00+00:00,0.1614,0.1629355949725427,0.15909660754118593,0.0015355949725427143,1.5,2026-06-21T21:00:00+00:00,0.15909660754118593,TP,1.499999999999991,0.2713251848654071,1.2286748151345839,40,
FET,TREND_PULLBACK,SHORT,51588,51589,2026-06-22T09:00:00+00:00,2026-06-22T09:15:00+00:00,0.1826,0.18486301201367572,0.17920548197948644,0.002263012013675708,1.5,2026-06-22T11:30:00+00:00,0.18486301201367572,SL,-1.0,0.21109119736482035,-1.2110911973648204,9,
ADA,TREND_PULLBACK,SHORT,51589,51590,2026-06-22T09:15:00+00:00,2026-06-22T09:30:00+00:00,0.1602,0.16224104415610127,0.15713843376584813,0.0020410441561012627,1.5,2026-06-22T11:30:00+00:00,0.16224104415610127,SL,-1.0,0.20537201811626812,-1.2053720181162682,8,
FET,TREND_PULLBACK,SHORT,51610,51611,2026-06-22T14:30:00+00:00,2026-06-22T14:45:00+00:00,0.1846,0.18836130781752666,0.17895803827370999,0.0037613078175266768,1.5,2026-06-22T21:30:00+00:00,0.17895803827370999,TP,1.4999999999999962,0.12565455226863279,1.3743454477313635,27,
ADA,TREND_PULLBACK,SHORT,51609,51610,2026-06-22T14:15:00+00:00,2026-06-22T14:30:00+00:00,0.1606,0.16291512724497004,0.1571273091325449,0.0023151272449700444,1.5,2026-06-22T22:30:00+00:00,0.1571273091325449,TP,1.500000000000006,0.17841157662919419,1.3215884233708117,32,
ADA,TREND_PULLBACK,SHORT,51654,51655,2026-06-23T01:30:00+00:00,2026-06-23T01:45:00+00:00,0.1583,0.1602438998627795,0.15538415020583074,0.0019438998627795134,1.5,2026-06-23T06:15:00+00:00,0.15538415020583074,TP,1.499999999999993,0.20977901335128257,1.2902209866487104,18,
DOGE,TREND_PULLBACK,SHORT,51740,51741,2026-06-23T23:00:00+00:00,2026-06-23T23:15:00+00:00,0.0787,0.07925853205439119,0.07786220191841323,0.0005585320543911865,1.5,2026-06-24T01:30:00+00:00,0.07925853205439119,SL,-1.0,0.36765319028026205,-1.367653190280262,9,
FET,TREND_PULLBACK,SHORT,51756,51757,2026-06-24T03:00:00+00:00,2026-06-24T03:15:00+00:00,0.1745,0.1769551072702072,0.17081733909468919,0.002455107270207202,1.5,2026-06-24T06:00:00+00:00,0.1769551072702072,SL,-1.0,0.18609844262027272,-1.1860984426202728,11,
ADA,TREND_PULLBACK,SHORT,51768,51769,2026-06-24T06:00:00+00:00,2026-06-24T06:15:00+00:00,0.1515,0.15344042981702255,0.14858935527446615,0.0019404298170225542,1.5,2026-06-24T10:00:00+00:00,0.14858935527446615,TP,1.500000000000007,0.20104626224276964,1.2989537377572375,15,
DOGE,TREND_PULLBACK,SHORT,51780,51781,2026-06-24T09:00:00+00:00,2026-06-24T09:15:00+00:00,0.07898,0.0793266374003537,0.07846004389946944,0.0003466374003537054,1.5,2026-06-24T10:15:00+00:00,0.07846004389946944,TP,1.5,0.5904500116273226,0.9095499883726774,4,
DOGE,TREND_PULLBACK,SHORT,51795,51796,2026-06-24T12:45:00+00:00,2026-06-24T13:00:00+00:00,0.07857,0.07932692602485242,0.07743461096272138,0.0007569260248524168,1.5,2026-06-24T13:00:00+00:00,0.07743461096272138,TP,1.5,0.26793370500252034,1.2320662949974797,0,True
LINK,TREND_PULLBACK,SHORT,51707,51708,2026-06-23T14:45:00+00:00,2026-06-23T15:00:00+00:00,7.608,7.700092334765782,7.469861497851326,0.09209233476578227,1.5,2026-06-24T13:15:00+00:00,7.469861497851326,TP,1.5,0.21284312095092772,1.2871568790490722,89,
SUI,TREND_PULLBACK,SHORT,51716,51717,2026-06-23T17:00:00+00:00,2026-06-23T17:15:00+00:00,0.6992,0.7126218659526617,0.6790672010710075,0.013421865952661705,1.5,2026-06-24T13:45:00+00:00,0.6790672010710075,TP,1.5,0.13349465474560088,1.3665053452543992,82,
XRP,TREND_PULLBACK,SHORT,51850,51851,2026-06-25T02:30:00+00:00,2026-06-25T02:45:00+00:00,1.0689,1.080325145712964,1.051762281430554,0.011425145712963936,1.5,2026-06-25T04:45:00+00:00,1.080325145712964,SL,-1.0,0.24454766351527168,-1.2445476635152717,8,
SOL,TREND_PULLBACK,SHORT,51856,51857,2026-06-25T04:00:00+00:00,2026-06-25T04:15:00+00:00,67.56,68.08965703342793,66.76551444985812,0.5296570334279238,1.5,2026-06-25T04:45:00+00:00,68.08965703342793,SL,-1.0,0.3329410222350109,-1.3329410222350109,2,
CRV,TREND_PULLBACK,SHORT,51841,51842,2026-06-25T00:15:00+00:00,2026-06-25T00:30:00+00:00,0.1932,0.1970258951279618,0.18746115730805735,0.003825895127961776,1.5,2026-06-25T08:45:00+00:00,0.1970258951279618,SL,-1.0,0.1325947645451035,-1.1325947645451035,33,
BTC,TREND_PULLBACK,SHORT,51881,51882,2026-06-25T10:15:00+00:00,2026-06-25T10:30:00+00:00,61550.4,61873.51385356739,61065.729219648914,323.113853567389,1.5,2026-06-25T11:00:00+00:00,61065.729219648914,TP,1.5000000000000113,0.49332755691423413,1.0066724430857772,2,
ETH,TREND_PULLBACK,SHORT,51881,51882,2026-06-25T10:15:00+00:00,2026-06-25T10:30:00+00:00,1642.92,1656.050813579323,1623.2237796310158,13.130813579322876,1.5,2026-06-25T12:15:00+00:00,1623.2237796310158,TP,1.5,0.32336053572540896,1.176639464274591,7,
BTC,TREND_PULLBACK,SHORT,51891,51892,2026-06-25T12:45:00+00:00,2026-06-25T13:00:00+00:00,61216.4,61746.9385188654,60420.59222170191,530.5385188653963,1.5,2026-06-25T13:30:00+00:00,60420.59222170191,TP,1.4999999999999931,0.29805204384854744,1.2019479561514457,2,
LINK,TREND_PULLBACK,SHORT,51891,51892,2026-06-25T12:45:00+00:00,2026-06-25T13:00:00+00:00,7.446,7.523252381509452,7.330121427735822,0.07725238150945213,1.5,2026-06-25T13:30:00+00:00,7.330121427735822,TP,1.4999999999999942,0.24865198302923874,1.2513480169707556,2,
SOL,TREND_PULLBACK,SHORT,51891,51892,2026-06-25T12:45:00+00:00,2026-06-25T13:00:00+00:00,68.26,69.13360723465877,66.94958914801185,0.8736072346587633,1.5,2026-06-25T13:30:00+00:00,66.94958914801185,TP,1.5000000000000082,0.2012030795064023,1.2987969204936058,2,
ADA,TREND_PULLBACK,SHORT,51892,51893,2026-06-25T13:00:00+00:00,2026-06-25T13:15:00+00:00,0.1481,0.1491153684130404,0.14657694738043942,0.0010153684130403962,1.5,2026-06-25T13:30:00+00:00,0.14657694738043942,TP,1.5,0.37728180892242363,1.1227181910775763,1,
SUI,TREND_PULLBACK,SHORT,51881,51882,2026-06-25T10:15:00+00:00,2026-06-25T10:30:00+00:00,0.6914,0.6994690900311681,0.679296364953248,0.008069090031168069,1.5,2026-06-25T13:45:00+00:00,0.679296364953248,TP,1.4999999999999931,0.22083100666324781,1.2791689933367454,13,
LINK,TREND_PULLBACK,SHORT,51939,51940,2026-06-26T00:45:00+00:00,2026-06-26T01:00:00+00:00,7.229,7.318182441331624,7.095226338002565,0.08918244133162379,1.5,2026-06-26T02:00:00+00:00,7.095226338002565,TP,1.4999999999999951,0.20880224808109413,1.291197751918901,4,
DOGE,TREND_PULLBACK,SHORT,51940,51941,2026-06-26T01:00:00+00:00,2026-06-26T01:15:00+00:00,0.07435,0.0753082532935882,0.0729126200596177,0.0009582532935882015,1.5,2026-06-26T02:00:00+00:00,0.0729126200596177,TP,1.5,0.19978163118088146,1.3002183688191185,3,
XRP,TREND_PULLBACK,SHORT,51940,51941,2026-06-26T01:00:00+00:00,2026-06-26T01:15:00+00:00,1.0375,1.0495752934132352,1.0193870598801476,0.0120752934132351,1.5,2026-06-26T02:00:00+00:00,1.0193870598801476,TP,1.499999999999991,0.22144001692856682,1.278559983071424,3,
BNB,TREND_PULLBACK,SHORT,51940,51941,2026-06-26T01:00:00+00:00,2026-06-26T01:15:00+00:00,560.03,566.0064227848757,551.0653658226864,5.976422784875695,1.5,2026-06-26T02:15:00+00:00,551.0653658226864,TP,1.5,0.24168704717893133,1.2583129528210686,4,
ADA,TREND_PULLBACK,SHORT,51941,51942,2026-06-26T01:15:00+00:00,2026-06-26T01:30:00+00:00,0.1424,0.14460416434134124,0.13909375348798814,0.0022041643413412415,1.5,2026-06-26T02:15:00+00:00,0.13909375348798814,TP,1.5,0.16602295603408032,1.3339770439659198,3,
ETH,TREND_PULLBACK,SHORT,51960,51961,2026-06-26T06:00:00+00:00,2026-06-26T06:15:00+00:00,1545.67,1566.9736710493655,1513.7144934259518,21.303671049365448,1.5,2026-06-26T06:30:00+00:00,1566.9736710493655,SL,-1.0,0.18994082113771196,-1.189940821137712,1,
BNB,TREND_PULLBACK,SHORT,51975,51976,2026-06-26T09:45:00+00:00,2026-06-26T10:00:00+00:00,564.49,570.4343066743536,555.5735399884696,5.944306674353584,1.5,2026-06-26T12:30:00+00:00,555.5735399884696,TP,1.5,0.24495415222555836,1.2550458477744417,10,
FET,TREND_PULLBACK,SHORT,51971,51972,2026-06-26T08:45:00+00:00,2026-06-26T09:00:00+00:00,0.1668,0.17023456062222062,0.16164815906666907,0.0034345606222206115,1.5,2026-06-26T13:45:00+00:00,0.17023456062222062,SL,-1.0,0.1275694264862341,-1.1275694264862341,19,
SOL,TREND_PULLBACK,SHORT,51975,51976,2026-06-26T09:45:00+00:00,2026-06-26T10:00:00+00:00,68.98,70.28056026122786,67.02915960815821,1.300560261227858,1.5,2026-06-26T13:45:00+00:00,70.28056026122786,SL,-1.0,0.13920056896762145,-1.1392005689676215,15,
ADA,TREND_PULLBACK,SHORT,51986,51987,2026-06-26T12:30:00+00:00,2026-06-26T12:45:00+00:00,0.1428,0.14533350372595483,0.13899974441106777,0.0025335037259548165,1.5,2026-06-26T13:45:00+00:00,0.14533350372595483,SL,-1.0,0.1478480378798628,-1.1478480378798628,4,
DOGE,TREND_PULLBACK,SHORT,51994,51995,2026-06-26T14:30:00+00:00,2026-06-26T14:45:00+00:00,0.07393,0.07526584062390758,0.07192623906413861,0.0013358406239075832,1.5,2026-06-26T15:30:00+00:00,0.07526584062390758,SL,-1.0,0.145192913989789,-1.145192913989789,3,
BTC,TREND_PULLBACK,SHORT,51994,51995,2026-06-26T14:30:00+00:00,2026-06-26T14:45:00+00:00,59578.1,60551.75724718101,58117.614129228474,973.6572471810141,1.5,2026-06-26T16:00:00+00:00,60551.75724718101,SL,-1.0,0.1603940348346236,-1.1603940348346236,5,
ETH,TREND_PULLBACK,SHORT,52018,52019,2026-06-26T20:30:00+00:00,2026-06-26T20:45:00+00:00,1567.86,1589.562723727551,1535.3059144086733,21.702723727551074,1.5,2026-06-27T13:30:00+00:00,1589.562723727551,SL,-1.0,0.1891306175378837,-1.1891306175378837,67,
XRP,TREND_PULLBACK,SHORT,52053,52054,2026-06-27T05:15:00+00:00,2026-06-27T05:30:00+00:00,1.0534,1.0640664530094668,1.0374003204857996,0.010666453009466892,1.5,2026-06-27T13:45:00+00:00,1.0640664530094668,SL,-1.0,0.25807139322408046,-1.2580713932240806,33,
LINK,TREND_PULLBACK,SHORT,52068,52069,2026-06-27T09:00:00+00:00,2026-06-27T09:15:00+00:00,7.352,7.402697009185594,7.275954486221609,0.050697009185594055,1.5,2026-06-27T14:00:00+00:00,7.402697009185594,SL,-1.0,0.37834788323946594,-1.378347883239466,19,
DOGE,TREND_PULLBACK,SHORT,52034,52035,2026-06-27T00:30:00+00:00,2026-06-27T00:45:00+00:00,0.07525,0.07609841374490575,0.07397737938264137,0.0008484137449057544,1.5,2026-06-27T15:00:00+00:00,0.07609841374490575,SL,-1.0,0.23190682500108917,-1.2319068250010892,57,
CRV,TREND_PULLBACK,SHORT,52044,52045,2026-06-27T03:00:00+00:00,2026-06-27T03:15:00+00:00,0.193,0.1953699827334232,0.1894450258998652,0.0023699827334232038,1.5,2026-06-27T16:00:00+00:00,0.1953699827334232,SL,-1.0,0.2130315003705533,-1.2130315003705534,51,
BNB,TREND_PULLBACK,SHORT,52100,52101,2026-06-27T17:00:00+00:00,2026-06-27T17:15:00+00:00,564.82,567.9007702408725,560.1988446386914,3.0807702408724253,1.5,2026-06-27T19:15:00+00:00,560.1988446386914,TP,1.5,0.4747268973930802,1.0252731026069197,8,
ETH,TREND_PULLBACK,SHORT,52100,52101,2026-06-27T17:00:00+00:00,2026-06-27T17:15:00+00:00,1595.11,1609.0083475176039,1574.262478723594,13.898347517603952,1.5,2026-06-27T19:30:00+00:00,1574.262478723594,TP,1.4999999999999918,0.2964513743178429,1.2035486256821488,9,
BTC,TREND_PULLBACK,SHORT,52100,52101,2026-06-27T17:00:00+00:00,2026-06-27T17:15:00+00:00,60544.2,60915.16408673635,59987.75386989546,370.96408673635597,1.5,2026-06-27T22:15:00+00:00,59987.75386989546,TP,1.5000000000000098,0.422390052388615,1.0776099476113947,20,
BNB,TREND_PULLBACK,SHORT,52145,52146,2026-06-28T04:15:00+00:00,2026-06-28T04:30:00+00:00,558.13,559.7310344986773,555.728448251984,1.6010344986773362,1.5,2026-06-28T05:15:00+00:00,555.728448251984,TP,1.5,0.9044252225194584,0.5955747774805416,3,
SUI,TREND_PULLBACK,SHORT,52147,52148,2026-06-28T04:45:00+00:00,2026-06-28T05:00:00+00:00,0.6835,0.6870044612113441,0.678243308182984,0.0035044612113440676,1.5,2026-06-28T06:00:00+00:00,0.678243308182984,TP,1.4999999999999842,0.5051464958172353,0.994853504182749,4,
ADA,TREND_PULLBACK,SHORT,52137,52138,2026-06-28T02:15:00+00:00,2026-06-28T02:30:00+00:00,0.1448,0.14630529545907883,0.14254205681138177,0.0015052954590788203,1.5,2026-06-28T08:30:00+00:00,0.14630529545907883,SL,-1.0,0.25140372397614913,-1.251403723976149,24,
BTC,TREND_PULLBACK,SHORT,52137,52138,2026-06-28T02:15:00+00:00,2026-06-28T02:30:00+00:00,60087.2,60405.503194166304,59609.74520875054,318.30319416630664,1.5,2026-06-28T08:30:00+00:00,60405.503194166304,SL,-1.0,0.49211103445784105,-1.492111034457841,24,
CRV,TREND_PULLBACK,SHORT,52137,52138,2026-06-28T02:15:00+00:00,2026-06-28T02:30:00+00:00,0.1914,0.19307190553153447,0.18889214170269825,0.0016719055315344844,1.5,2026-06-28T08:30:00+00:00,0.19307190553153447,SL,-1.0,0.29894839616462254,-1.2989483961646227,24,
SUI,TREND_PULLBACK,SHORT,52167,52168,2026-06-28T09:45:00+00:00,2026-06-28T10:00:00+00:00,0.683,0.69020746422959,0.6721888036556152,0.007207464229589955,1.5,2026-06-28T12:30:00+00:00,0.69020746422959,SL,-1.0,0.2476834635085006,-1.2476834635085006,10,
ETH,TREND_PULLBACK,SHORT,52169,52170,2026-06-28T10:15:00+00:00,2026-06-28T10:30:00+00:00,1573.03,1584.8839153167235,1555.2491270249147,11.853915316723487,1.5,2026-06-28T12:30:00+00:00,1584.8839153167235,SL,-1.0,0.3463233860056352,-1.3463233860056352,8,
BTC,TREND_PULLBACK,SHORT,52185,52186,2026-06-28T14:15:00+00:00,2026-06-28T14:30:00+00:00,60130.2,60492.12433895713,59587.313491564295,361.92433895713475,1.5,2026-06-28T16:30:00+00:00,59587.313491564295,TP,1.5,0.4300146488834681,1.0699853511165318,8,
BNB,TREND_PULLBACK,SHORT,52178,52179,2026-06-28T12:30:00+00:00,2026-06-28T12:45:00+00:00,555.97,559.1560853998164,551.1908719002754,3.1860853998164202,1.5,2026-06-28T17:00:00+00:00,551.1908719002754,TP,1.5,0.4517484476572065,1.0482515523427935,17,
DOGE,TREND_PULLBACK,SHORT,52178,52179,2026-06-28T12:30:00+00:00,2026-06-28T12:45:00+00:00,0.07361,0.07420342487425445,0.07271986268861831,0.0005934248742544557,1.5,2026-06-28T17:30:00+00:00,0.07271986268861831,TP,1.5,0.3205609163825432,1.1794390836174569,19,
ADA,TREND_PULLBACK,SHORT,52167,52168,2026-06-28T09:45:00+00:00,2026-06-28T10:00:00+00:00,0.1447,0.146402230577392,0.142146654133912,0.0017022305773919943,1.5,2026-06-28T19:45:00+00:00,0.142146654133912,TP,1.5,0.21906588644730532,1.2809341135526946,39,
LINK,TREND_PULLBACK,SHORT,52167,52168,2026-06-28T09:45:00+00:00,2026-06-28T10:00:00+00:00,7.287,7.3519515697327344,7.189572645400898,0.06495156973273453,1.5,2026-06-28T21:45:00+00:00,7.189572645400898,TP,1.5,0.2897473381545762,1.210252661845424,47,
SUI,TREND_PULLBACK,SHORT,52193,52194,2026-06-28T16:15:00+00:00,2026-06-28T16:30:00+00:00,0.6829,0.6907997305695929,0.6710504041456106,0.007899730569592922,1.5,2026-06-28T22:45:00+00:00,0.6710504041456106,TP,1.5,0.22280956418492062,1.2771904358150794,25,
ADA,TREND_PULLBACK,SHORT,52214,52215,2026-06-28T21:30:00+00:00,2026-06-28T21:45:00+00:00,0.1429,0.1442309710829901,0.14090354337551486,0.0013309710829901011,1.5,2026-06-28T23:30:00+00:00,0.1442309710829901,SL,-1.0,0.28044956586833925,-1.2804495658683392,7,
CRV,TREND_PULLBACK,SHORT,52225,52226,2026-06-29T00:15:00+00:00,2026-06-29T00:30:00+00:00,0.1884,0.1909101266933748,0.18463480995993786,0.0025101266933747757,1.5,2026-06-29T00:30:00+00:00,0.1909101266933748,SL,-1.0,0.1964455284280602,-1.1964455284280602,0,True
BNB,TREND_PULLBACK,SHORT,52209,52210,2026-06-28T20:15:00+00:00,2026-06-28T20:30:00+00:00,551.49,556.8940977443023,543.3838533835467,5.404097744302248,1.5,2026-06-29T03:00:00+00:00,556.8940977443023,SL,-1.0,0.26663087813072767,-1.2666308781307276,26,
ADA,TREND_PULLBACK,SHORT,52232,52233,2026-06-29T02:00:00+00:00,2026-06-29T02:15:00+00:00,0.1422,0.14479717042178475,0.13830424436732286,0.0025971704217847558,1.5,2026-06-29T03:00:00+00:00,0.14479717042178475,SL,-1.0,0.14365492476690506,-1.143654924766905,3,
ADA,TREND_PULLBACK,SHORT,52244,52245,2026-06-29T05:00:00+00:00,2026-06-29T05:15:00+00:00,0.1431,0.1456785389214441,0.13923219161783384,0.002578538921444107,1.5,2026-06-29T06:00:00+00:00,0.1456785389214441,SL,-1.0,0.14559101570110425,-1.1455910157011042,3,
BTC,TREND_PULLBACK,SHORT,52244,52245,2026-06-29T05:00:00+00:00,2026-06-29T05:15:00+00:00,59504.9,60235.14370996545,58409.53443505183,730.2437099654489,1.5,2026-06-29T06:15:00+00:00,60235.14370996545,SL,-1.0,0.21316452945595404,-1.213164529455954,4,
ADA,TREND_PULLBACK,SHORT,52257,52258,2026-06-29T08:15:00+00:00,2026-06-29T08:30:00+00:00,0.1438,0.1459856288816416,0.14052155667753763,0.002185628881641588,1.5,2026-06-29T11:30:00+00:00,0.1459856288816416,SL,-1.0,0.17236289322054768,-1.1723628932205477,12,
DOGE,TREND_PULLBACK,SHORT,52229,52230,2026-06-29T01:15:00+00:00,2026-06-29T01:30:00+00:00,0.07261,0.0736562597614236,0.07104061035786458,0.0010462597614236124,1.5,2026-06-29T12:00:00+00:00,0.0736562597614236,SL,-1.0,0.18173893778646794,-1.181738937786468,42,
LINK,TREND_PULLBACK,SHORT,52243,52244,2026-06-29T04:45:00+00:00,2026-06-29T05:00:00+00:00,7.28,7.384079769439797,7.1238803458403055,0.1040797694397968,1.5,2026-06-29T12:00:00+00:00,7.384079769439797,SL,-1.0,0.18316051047075566,-1.1831605104707557,28,
ETH,TREND_PULLBACK,SHORT,52244,52245,2026-06-29T05:00:00+00:00,2026-06-29T05:15:00+00:00,1566.17,1589.3734349219667,1531.3648476170501,23.20343492196662,1.5,2026-06-29T12:00:00+00:00,1589.3734349219667,SL,-1.0,0.17679306875013626,-1.1767930687501362,27,
BTC,TREND_PULLBACK,SHORT,52270,52271,2026-06-29T11:30:00+00:00,2026-06-29T11:45:00+00:00,59830.4,60331.551203392824,59078.67319491076,501.15120339282294,1.5,2026-06-29T12:00:00+00:00,60331.551203392824,SL,-1.0,0.3117034050938244,-1.3117034050938243,1,
ADA,TREND_PULLBACK,SHORT,52274,52275,2026-06-29T12:30:00+00:00,2026-06-29T12:45:00+00:00,0.1449,0.14749643594215409,0.14100534608676887,0.002596435942154085,1.5,2026-06-29T17:00:00+00:00,0.14749643594215409,SL,-1.0,0.1463989003362219,-1.1463989003362218,17,
BNB,TREND_PULLBACK,SHORT,52274,52275,2026-06-29T12:30:00+00:00,2026-06-29T12:45:00+00:00,553.85,559.9190505159195,544.7464242261208,6.069050515919457,1.5,2026-06-29T17:00:00+00:00,559.9190505159195,SL,-1.0,0.23857105190882388,-1.2385710519088238,17,
LINK,TREND_PULLBACK,SHORT,52284,52285,2026-06-29T15:00:00+00:00,2026-06-29T15:15:00+00:00,7.24,7.371814547432146,7.042278178851781,0.13181454743214616,1.5,2026-06-29T17:00:00+00:00,7.371814547432146,SL,-1.0,0.14410669597329526,-1.1441066959732953,7,
DOGE,TREND_PULLBACK,SHORT,52289,52290,2026-06-29T16:15:00+00:00,2026-06-29T16:30:00+00:00,0.07216,0.07330537078263666,0.07044194382604502,0.0011453707826366566,1.5,2026-06-29T17:00:00+00:00,0.07330537078263666,SL,-1.0,0.16510372438705467,-1.1651037243870546,2,
CRV,TREND_PULLBACK,SHORT,52251,52252,2026-06-29T06:45:00+00:00,2026-06-29T07:00:00+00:00,0.1906,0.19349081187345724,0.18626378218981413,0.002890811873457244,1.5,2026-06-29T17:15:00+00:00,0.19349081187345724,SL,-1.0,0.17272589061229324,-1.1727258906122933,41,
CRV,TREND_PULLBACK,SHORT,52349,52350,2026-06-30T07:15:00+00:00,2026-06-30T07:30:00+00:00,0.1907,0.19259708167434156,0.18785437748848768,0.0018970816743415497,1.5,2026-06-30T11:15:00+00:00,0.18785437748848768,TP,1.5,0.25940933244523706,1.2405906675547629,15,
DOGE,TREND_PULLBACK,SHORT,52361,52362,2026-06-30T10:15:00+00:00,2026-06-30T10:30:00+00:00,0.07234,0.0727464730451222,0.0717302904323167,0.00040647304512220206,1.5,2026-06-30T11:45:00+00:00,0.0717302904323167,TP,1.5,0.4607719498489855,1.0392280501510145,5,
ADA,TREND_PULLBACK,SHORT,52352,52353,2026-06-30T08:00:00+00:00,2026-06-30T08:15:00+00:00,0.1449,0.14592251562059433,0.14336622656910852,0.0010225156205943275,1.5,2026-06-30T12:00:00+00:00,0.14336622656910852,TP,1.4999999999999865,0.3664942490776067,1.1335057509223798,15,
ADA,TREND_PULLBACK,SHORT,52379,52380,2026-06-30T14:45:00+00:00,2026-06-30T15:00:00+00:00,0.1436,0.14563177344904477,0.14055233982643286,0.0020317734490447603,1.5,2026-06-30T16:45:00+00:00,0.14563177344904477,SL,-1.0,0.185060645250845,-1.185060645250845,7,
XRP,TREND_PULLBACK,SHORT,52410,52411,2026-06-30T22:30:00+00:00,2026-06-30T22:45:00+00:00,1.0393,1.0472520596613675,1.0273719105079486,0.007952059661367583,1.5,2026-07-01T01:00:00+00:00,1.0273719105079486,TP,1.499999999999986,0.3378588187300249,1.1621411812699611,9,
DOGE,TREND_PULLBACK,SHORT,52417,52418,2026-07-01T00:15:00+00:00,2026-07-01T00:30:00+00:00,0.07182,0.07241112981781267,0.07093330527328098,0.0005911298178126745,1.5,2026-07-01T01:00:00+00:00,0.07093330527328098,TP,1.5,0.3139400031315528,1.186059996868447,2,
ETH,TREND_PULLBACK,SHORT,52417,52418,2026-07-01T00:15:00+00:00,2026-07-01T00:30:00+00:00,1567.85,1577.8908232331098,1552.7887651503352,10.040823233109904,1.5,2026-07-01T01:00:00+00:00,1552.7887651503352,TP,1.4999999999999887,0.40403364350822557,1.095966356491763,2,
LINK,TREND_PULLBACK,SHORT,52417,52418,2026-07-01T00:15:00+00:00,2026-07-01T00:30:00+00:00,7.18,7.22254533046115,7.116182004308274,0.0425453304611505,1.5,2026-07-01T01:00:00+00:00,7.116182004308274,TP,1.5,0.43682905748190975,1.0631709425180902,2,
DOGE,TREND_PULLBACK,SHORT,52440,52441,2026-07-01T06:00:00+00:00,2026-07-01T06:15:00+00:00,0.07207,0.07281234642223142,0.07095648036665286,0.0007423464222314213,1.5,2026-07-01T08:15:00+00:00,0.07095648036665286,TP,1.5,0.2504685399004792,1.2495314600995209,8,
ETH,TREND_PULLBACK,SHORT,52440,52441,2026-07-01T06:00:00+00:00,2026-07-01T06:15:00+00:00,1586.58,1602.6284115726282,1562.5073826410576,16.04841157262831,1.5,2026-07-01T14:00:00+00:00,1602.6284115726282,SL,-1.0,0.25834151350627504,-1.258341513506275,31,
SOL,TREND_PULLBACK,LONG,52610,52611,2026-07-03T00:30:00+00:00,2026-07-03T00:45:00+00:00,80.8,80.2317175758078,81.65242363628829,0.5682824241921907,1.5,2026-07-03T10:45:00+00:00,81.65242363628829,TP,1.5000000000000124,0.3716253428519758,1.1283746571480366,40,
SOL,TREND_PULLBACK,LONG,52666,52667,2026-07-03T14:30:00+00:00,2026-07-03T14:45:00+00:00,81.53,80.6615732448505,82.83264013272425,0.8684267551494997,1.5,2026-07-03T19:30:00+00:00,82.83264013272425,TP,1.5,0.24604427593408038,1.2539557240659196,19,
SOL,TREND_PULLBACK,LONG,52704,52705,2026-07-04T00:00:00+00:00,2026-07-04T00:15:00+00:00,82.55,81.90473445776449,83.51789831335326,0.6452655422355065,1.5,2026-07-04T01:00:00+00:00,81.90473445776449,SL,-1.0,0.33132275133493055,-1.3313227513349306,3,
UNI,TREND_PULLBACK,LONG,52722,52723,2026-07-04T04:30:00+00:00,2026-07-04T04:45:00+00:00,3.21,3.16777624408581,3.2733356338712847,0.04222375591418981,1.5,2026-07-04T15:30:00+00:00,3.2733356338712847,TP,1.5,0.1996112411496824,1.3003887588503176,43,
SOL,TREND_PULLBACK,LONG,52831,52832,2026-07-05T07:45:00+00:00,2026-07-05T08:00:00+00:00,80.66,80.08388764421744,81.52416853367383,0.5761123557825556,1.5,2026-07-05T09:15:00+00:00,80.08388764421744,SL,-1.0,0.36271927140606913,-1.3627192714060692,5,
SOL,TREND_PULLBACK,LONG,52898,52899,2026-07-06T00:30:00+00:00,2026-07-06T00:45:00+00:00,81.84,80.86618473024382,83.30072290463428,0.9738152697561873,1.5,2026-07-06T02:45:00+00:00,80.86618473024382,SL,-1.0,0.217205507777953,-1.2172055077779529,8,
SOL,TREND_PULLBACK,LONG,52993,52994,2026-07-07T00:15:00+00:00,2026-07-07T00:30:00+00:00,82.28,81.54834827558543,83.37747758662186,0.7316517244145757,1.5,2026-07-07T02:15:00+00:00,81.54834827558543,SL,-1.0,0.29109048151109396,-1.291090481511094,7,
FET,TREND_PULLBACK,SHORT,52985,52986,2026-07-06T22:15:00+00:00,2026-07-06T22:30:00+00:00,0.1729,0.17625920666189845,0.16786119000715233,0.003359206661898456,1.5,2026-07-07T03:00:00+00:00,0.16786119000715233,TP,1.4999999999999958,0.13187326401613597,1.3681267359838598,18,
SOL,TREND_PULLBACK,LONG,53018,53019,2026-07-07T06:30:00+00:00,2026-07-07T06:45:00+00:00,81.33,80.53508366110908,82.52237450833637,0.7949163388909142,1.5,2026-07-07T14:00:00+00:00,80.53508366110908,SL,-1.0,0.26471289928828373,-1.2647128992882837,29,
FET,TREND_PULLBACK,SHORT,53147,53148,2026-07-08T14:45:00+00:00,2026-07-08T15:00:00+00:00,0.1571,0.15903064553752846,0.15420403169370728,0.0019306455375284748,1.5,2026-07-08T19:45:00+00:00,0.15903064553752846,SL,-1.0,0.2128665418950451,-1.212866541895045,19,
FET,TREND_PULLBACK,SHORT,53170,53171,2026-07-08T20:30:00+00:00,2026-07-08T20:45:00+00:00,0.1579,0.16018017013645602,0.154479744795316,0.002280170136456011,1.5,2026-07-09T00:00:00+00:00,0.16018017013645602,SL,-1.0,0.18134796810385737,-1.1813479681038574,13,
AVAX,TREND_PULLBACK,SHORT,53186,53187,2026-07-09T00:30:00+00:00,2026-07-09T00:45:00+00:00,6.441,6.494538282903159,6.3606925756452615,0.05353828290315921,1.5,2026-07-09T01:00:00+00:00,6.494538282903159,SL,-1.0,0.31409673332616,-1.31409673332616,1,
FET,TREND_PULLBACK,SHORT,53190,53191,2026-07-09T01:30:00+00:00,2026-07-09T01:45:00+00:00,0.1586,0.16114193016421988,0.15478710475367016,0.0025419301642198855,1.5,2026-07-09T05:45:00+00:00,0.16114193016421988,SL,-1.0,0.16352318213315378,-1.1635231821331538,16,
UNI,TREND_PULLBACK,LONG,53130,53131,2026-07-08T10:30:00+00:00,2026-07-08T10:45:00+00:00,3.3,3.196368081758555,3.455447877362167,0.10363191824144469,1.5,2026-07-09T10:45:00+00:00,3.352,TIME,0.501775909221799,0.08344533370358509,0.41833057551821395,96,
XRP,TREND_PULLBACK,SHORT,53234,53235,2026-07-09T12:30:00+00:00,2026-07-09T12:45:00+00:00,1.0929,1.0987760505957949,1.0840859241063077,0.005876050595794879,1.5,2026-07-09T13:45:00+00:00,1.0987760505957949,SL,-1.0,0.4848799068907799,-1.4848799068907799,4,
FET,TREND_PULLBACK,SHORT,53233,53234,2026-07-09T12:15:00+00:00,2026-07-09T12:30:00+00:00,0.1598,0.16112692644679866,0.157809610329802,0.0013269264467986597,1.5,2026-07-09T18:00:00+00:00,0.16112692644679866,SL,-1.0,0.3144145671279567,-1.3144145671279568,22,
XRP,TREND_PULLBACK,SHORT,53242,53243,2026-07-09T14:30:00+00:00,2026-07-09T14:45:00+00:00,1.0929,1.1028295557238192,1.078005666414271,0.009929555723819261,1.5,2026-07-10T01:45:00+00:00,1.1028295557238192,SL,-1.0,0.2874699031693477,-1.2874699031693477,44,
FET,TREND_PULLBACK,SHORT,53276,53277,2026-07-09T23:00:00+00:00,2026-07-09T23:15:00+00:00,0.1601,0.16112465834468603,0.15856301248297094,0.0010246583446860413,1.5,2026-07-10T01:45:00+00:00,0.16112465834468603,SL,-1.0,0.4075427268159744,-1.4075427268159744,10,
UNI,TREND_PULLBACK,LONG,53312,53313,2026-07-10T08:00:00+00:00,2026-07-10T08:15:00+00:00,3.509,3.4574402383131106,3.5863396425303335,0.05155976168688925,1.5,2026-07-10T09:30:00+00:00,3.5863396425303335,TP,1.4999999999999958,0.17889806379060363,1.321101936209392,5,
UNI,TREND_PULLBACK,LONG,53396,53397,2026-07-11T05:00:00+00:00,2026-07-11T05:15:00+00:00,3.499,3.4572972293287743,3.5615541560068387,0.04170277067122585,1.5,2026-07-11T10:15:00+00:00,3.5615541560068387,TP,1.4999999999999947,0.22009857510839295,1.2799014248916016,20,
ETH,TREND_PULLBACK,LONG,53429,53430,2026-07-11T13:15:00+00:00,2026-07-11T13:30:00+00:00,1800.8,1795.4431983757027,1808.8352024364458,5.356801624297304,1.5,2026-07-11T14:30:00+00:00,1808.8352024364458,TP,1.4999999999999787,0.8759939404668429,0.6240060595331358,4,
UNI,TREND_PULLBACK,LONG,53500,53501,2026-07-12T07:00:00+00:00,2026-07-12T07:15:00+00:00,3.646,3.58554788390182,3.7366781741472694,0.06045211609817969,1.5,2026-07-12T11:00:00+00:00,3.58554788390182,SL,-1.0,0.15551171498784713,-1.155511714987847,15,
UNI,TREND_PULLBACK,LONG,53526,53527,2026-07-12T13:30:00+00:00,2026-07-12T13:45:00+00:00,3.647,3.6002622579948214,3.7171066130077675,0.04673774200517844,1.5,2026-07-12T21:00:00+00:00,3.7171066130077675,TP,1.5,0.20483100351423464,1.2951689964857653,29,
ETH,TREND_PULLBACK,LONG,53478,53479,2026-07-12T01:30:00+00:00,2026-07-12T01:45:00+00:00,1806.07,1788.0415986965313,1833.112601955203,18.028401303468627,1.5,2026-07-13T00:00:00+00:00,1833.112601955203,TP,1.5000000000000062,0.262415801762275,1.2375841982377311,89,
AVAX,TREND_PULLBACK,SHORT,53557,53558,2026-07-12T21:15:00+00:00,2026-07-12T21:30:00+00:00,6.44,6.491999486591848,6.36200077011223,0.051999486591847166,1.5,2026-07-13T00:00:00+00:00,6.491999486591848,SL,-1.0,0.32330317921264323,-1.3233031792126433,10,
UNI,TREND_PULLBACK,LONG,53568,53569,2026-07-13T00:00:00+00:00,2026-07-13T00:15:00+00:00,3.643,3.5743716130380934,3.7459425804428594,0.06862838696190643,1.5,2026-07-13T01:45:00+00:00,3.5743716130380934,SL,-1.0,0.13671577480259756,-1.1367157748025976,6,
AVAX,TREND_PULLBACK,SHORT,53580,53581,2026-07-13T03:00:00+00:00,2026-07-13T03:15:00+00:00,6.437,6.536695485574378,6.287456771638434,0.09969548557437768,1.5,2026-07-13T09:00:00+00:00,6.536695485574378,SL,-1.0,0.1691731981049832,-1.1691731981049833,23,
AVAX,TREND_PULLBACK,SHORT,53622,53623,2026-07-13T13:30:00+00:00,2026-07-13T13:45:00+00:00,6.582,6.690471562976687,6.419292655534969,0.10847156297668725,1.5,2026-07-13T18:15:00+00:00,6.419292655534969,TP,1.5,0.15581669507083595,1.344183304929164,18,
DOGE,TREND_PULLBACK,SHORT,53653,53654,2026-07-13T21:15:00+00:00,2026-07-13T21:30:00+00:00,0.07144,0.07213454059841039,0.07039818910238443,0.0006945405984103842,1.5,2026-07-14T00:00:00+00:00,0.07213454059841039,SL,-1.0,0.2687343305850196,-1.2687343305850196,10,
XRP,TREND_PULLBACK,SHORT,53673,53674,2026-07-14T02:15:00+00:00,2026-07-14T02:30:00+00:00,1.0624,1.0706889422029475,1.0499665866955787,0.008288942202947513,1.5,2026-07-14T05:00:00+00:00,1.0706889422029475,SL,-1.0,0.33454396917832996,-1.33454396917833,10,
DOGE,TREND_PULLBACK,SHORT,53676,53677,2026-07-14T03:00:00+00:00,2026-07-14T03:15:00+00:00,0.07175,0.07240212380833128,0.07077181428750307,0.0006521238083312814,1.5,2026-07-14T06:15:00+00:00,0.07240212380833128,SL,-1.0,0.28736531093744677,-1.2873653109374468,12,
AVAX,TREND_PULLBACK,SHORT,53676,53677,2026-07-14T03:00:00+00:00,2026-07-14T03:15:00+00:00,6.428,6.501355557501614,6.317966663747579,0.07335555750161404,1.5,2026-07-14T06:30:00+00:00,6.501355557501614,SL,-1.0,0.2291327719018735,-1.2291327719018734,13,
XRP,TREND_PULLBACK,SHORT,53694,53695,2026-07-14T07:30:00+00:00,2026-07-14T07:45:00+00:00,1.0678,1.0738332181478587,1.058750172778212,0.006033218147858621,1.5,2026-07-14T12:15:00+00:00,1.0738332181478587,SL,-1.0,0.4614656913376138,-1.4614656913376138,18,
DOGE,TREND_PULLBACK,SHORT,53699,53700,2026-07-14T08:45:00+00:00,2026-07-14T09:00:00+00:00,0.07209,0.07247379722203943,0.07151430416694085,0.00038379722203943367,1.5,2026-07-14T12:15:00+00:00,0.07247379722203943,SL,-1.0,0.4896672659327948,-1.4896672659327947,13,
ADA,TREND_PULLBACK,SHORT,53709,53710,2026-07-14T11:15:00+00:00,2026-07-14T11:30:00+00:00,0.1585,0.15925065636952784,0.15737401544570823,0.0007506563695278412,1.5,2026-07-14T12:15:00+00:00,0.15925065636952784,SL,-1.0,0.5502862162352777,-1.5502862162352777,3,
FET,TREND_PULLBACK,SHORT,53699,53700,2026-07-14T08:45:00+00:00,2026-07-14T09:00:00+00:00,0.16,0.16168894976390707,0.15746657535413938,0.0016889497639070716,1.5,2026-07-14T12:30:00+00:00,0.16168894976390707,SL,-1.0,0.24760691148424757,-1.2476069114842476,14,
AVAX,TREND_PULLBACK,SHORT,53703,53704,2026-07-14T09:45:00+00:00,2026-07-14T10:00:00+00:00,6.471,6.53129072240592,6.38056391639112,0.06029072240592015,1.5,2026-07-14T12:45:00+00:00,6.53129072240592,SL,-1.0,0.2803578604569505,-1.2803578604569505,11,
UNI,TREND_PULLBACK,LONG,53760,53761,2026-07-15T00:00:00+00:00,2026-07-15T00:15:00+00:00,3.681,3.6269806661145445,3.7620290008281834,0.054019333885455545,1.5,2026-07-15T02:45:00+00:00,3.6269806661145445,SL,-1.0,0.1758699003229812,-1.175869900322981,10,
LINK,TREND_PULLBACK,LONG,53774,53775,2026-07-15T03:30:00+00:00,2026-07-15T03:45:00+00:00,8.3,8.24770681330452,8.378439780043223,0.052293186695481,1.5,2026-07-15T05:45:00+00:00,8.378439780043223,TP,1.5000000000000169,0.4146232632621311,1.0853767367378857,8,
CRV,TREND_PULLBACK,LONG,53754,53755,2026-07-14T22:30:00+00:00,2026-07-14T22:45:00+00:00,0.2234,0.21986233369258792,0.2287064994611181,0.003537666307412063,1.5,2026-07-15T06:15:00+00:00,0.21986233369258792,SL,-1.0,0.16288733411430953,-1.1628873341143096,30,
UNI,TREND_PULLBACK,LONG,53782,53783,2026-07-15T05:30:00+00:00,2026-07-15T05:45:00+00:00,3.677,3.633510069982765,3.7422348950258524,0.04348993001723489,1.5,2026-07-15T07:00:00+00:00,3.633510069982765,SL,-1.0,0.21852560091982975,-1.2185256009198298,5,
LINK,TREND_PULLBACK,LONG,53792,53793,2026-07-15T08:00:00+00:00,2026-07-15T08:15:00+00:00,8.353,8.287478555922847,8.451282166115728,0.06552144407715232,1.5,2026-07-15T12:30:00+00:00,8.451282166115728,TP,1.5,0.3334109484862241,1.166589051513776,17,
LINK,TREND_PULLBACK,LONG,53856,53857,2026-07-16T00:00:00+00:00,2026-07-16T00:15:00+00:00,8.559,8.487633100652735,8.666050349020896,0.07136689934726448,1.5,2026-07-16T00:45:00+00:00,8.487633100652735,SL,-1.0,0.3105168254966086,-1.3105168254966086,2,
ETH,TREND_PULLBACK,LONG,53856,53857,2026-07-16T00:00:00+00:00,2026-07-16T00:15:00+00:00,1923.44,1909.9849816990732,1943.6225274513904,13.455018300926895,1.5,2026-07-16T01:15:00+00:00,1909.9849816990732,SL,-1.0,0.37037872151132584,-1.370378721511326,4,
UNI,TREND_PULLBACK,LONG,53856,53857,2026-07-16T00:00:00+00:00,2026-07-16T00:15:00+00:00,3.635,3.58838635698074,3.7049204645288896,0.046613643019259854,1.5,2026-07-16T01:45:00+00:00,3.7049204645288896,TP,1.5,0.20470179942694097,1.295298200573059,6,
UNI,TREND_PULLBACK,LONG,53876,53877,2026-07-16T05:00:00+00:00,2026-07-16T05:15:00+00:00,3.7,3.657376279494106,3.763935580758842,0.04262372050589436,1.5,2026-07-16T07:30:00+00:00,3.657376279494106,SL,-1.0,0.22439592437782782,-1.2243959243778277,9,
ETH,TREND_PULLBACK,LONG,53877,53878,2026-07-16T05:15:00+00:00,2026-07-16T05:30:00+00:00,1924.42,1911.1215456449045,1944.3676815326435,13.2984543550956,1.5,2026-07-16T07:30:00+00:00,1911.1215456449045,SL,-1.0,0.37494613104625957,-1.3749461310462596,8,
UNI,TREND_PULLBACK,LONG,53909,53910,2026-07-16T13:15:00+00:00,2026-07-16T13:30:00+00:00,3.713,3.6432021414969507,3.817696787754574,0.06979785850304943,1.5,2026-07-16T15:00:00+00:00,3.6432021414969507,SL,-1.0,0.1370108336995501,-1.1370108336995501,6,
LINK,TREND_PULLBACK,LONG,53909,53910,2026-07-16T13:15:00+00:00,2026-07-16T13:30:00+00:00,8.456,8.367152268660055,8.589271597009915,0.0888477313399445,1.5,2026-07-16T17:00:00+00:00,8.367152268660055,SL,-1.0,0.24615257609200908,-1.2461525760920091,14,
ETH,TREND_PULLBACK,LONG,53917,53918,2026-07-16T15:15:00+00:00,2026-07-16T15:30:00+00:00,1890.65,1866.3667360162851,1927.0748959755724,24.28326398371496,1.5,2026-07-16T17:15:00+00:00,1866.3667360162851,SL,-1.0,0.20113118895781884,-1.201131188957819,7,
CRV,TREND_PULLBACK,LONG,53952,53953,2026-07-17T00:00:00+00:00,2026-07-17T00:15:00+00:00,0.221,0.217445818616514,0.22633127207522902,0.0035541813834860103,1.5,2026-07-17T01:15:00+00:00,0.217445818616514,SL,-1.0,0.160368732684774,-1.160368732684774,4,
BNB,TREND_PULLBACK,SHORT,54177,54178,2026-07-19T08:15:00+00:00,2026-07-19T08:30:00+00:00,569.0,570.4298701106746,566.855194833988,1.429870110674642,1.5,2026-07-19T11:15:00+00:00,570.4298701106746,SL,-1.0,1.0359394325999223,-2.035939432599922,11,
BTC,TREND_PULLBACK,LONG,54248,54249,2026-07-20T02:00:00+00:00,2026-07-20T02:15:00+00:00,64794.6,64233.17023316035,65636.74465025947,561.4297668396466,1.5,2026-07-20T05:00:00+00:00,64233.17023316035,SL,-1.0,0.2987659565101339,-1.298765956510134,11,
FET,TREND_PULLBACK,SHORT,54274,54275,2026-07-20T08:30:00+00:00,2026-07-20T08:45:00+00:00,0.1523,0.15358271484863084,0.15037592772705372,0.0012827148486308504,1.5,2026-07-20T13:30:00+00:00,0.15358271484863084,SL,-1.0,0.31000462006630924,-1.3100046200663091,19,
BTC,TREND_PULLBACK,LONG,54337,54338,2026-07-21T00:15:00+00:00,2026-07-21T00:30:00+00:00,65321.8,64965.86643650962,65855.70034523559,355.9335634903837,1.5,2026-07-21T05:45:00+00:00,65855.70034523559,TP,1.5000000000000204,0.479108372856255,1.0208916271437654,21,
SOL,TREND_PULLBACK,LONG,54391,54392,2026-07-21T13:45:00+00:00,2026-07-21T14:00:00+00:00,78.56,78.01519331362825,79.37721002955763,0.5448066863717571,1.5,2026-07-21T14:15:00+00:00,78.01519331362825,SL,-1.0,0.37361463506125697,-1.373614635061257,1,
LINK,TREND_PULLBACK,LONG,54385,54386,2026-07-21T12:15:00+00:00,2026-07-21T12:30:00+00:00,8.707,8.668158074427563,8.765262888358658,0.03884192557243793,1.5,2026-07-21T15:00:00+00:00,8.668158074427563,SL,-1.0,0.5815289835369021,-1.5815289835369022,10,
LINK,TREND_PULLBACK,LONG,54429,54430,2026-07-21T23:15:00+00:00,2026-07-21T23:30:00+00:00,8.638,8.587285426141287,8.714071860788069,0.0507145738587127,1.5,2026-07-22T00:15:00+00:00,8.714071860788069,TP,1.5,0.4447970613312983,1.0552029386687016,3,
SOL,TREND_PULLBACK,LONG,54420,54421,2026-07-21T21:00:00+00:00,2026-07-21T21:15:00+00:00,77.98,77.52351992395285,78.66472011407075,0.456480076047157,1.5,2026-07-22T05:15:00+00:00,77.52351992395285,SL,-1.0,0.44285520115505544,-1.4428552011550555,32,
UNI,TREND_PULLBACK,LONG,54401,54402,2026-07-21T16:15:00+00:00,2026-07-21T16:30:00+00:00,3.674,3.6255376436030677,3.7466935345953982,0.048462356396932194,1.5,2026-07-22T10:15:00+00:00,3.7466935345953982,TP,1.5,0.19905968904938956,1.3009403109506104,71,
ETH,TREND_PULLBACK,LONG,54529,54530,2026-07-23T00:15:00+00:00,2026-07-23T00:30:00+00:00,1937.45,1921.1168265867457,1961.9497601198816,16.33317341325437,1.5,2026-07-23T02:15:00+00:00,1921.1168265867457,SL,-1.0,0.30711342784692247,-1.3071134278469225,7,
LINK,TREND_PULLBACK,LONG,54512,54513,2026-07-22T20:00:00+00:00,2026-07-22T20:15:00+00:00,8.649,8.560841544622514,8.781237683066227,0.08815845537748501,1.5,2026-07-23T05:00:00+00:00,8.560841544622514,SL,-1.0,0.2537793330453826,-1.2537793330453826,35,
BTC,TREND_PULLBACK,LONG,54486,54487,2026-07-22T13:30:00+00:00,2026-07-22T13:45:00+00:00,65864.8,65508.70590551022,66398.94114173467,356.0940944897811,1.5,2026-07-23T07:00:00+00:00,65508.70590551022,SL,-1.0,0.47960794722492744,-1.4796079472249275,69,
ETH,TREND_PULLBACK,LONG,54549,54550,2026-07-23T05:15:00+00:00,2026-07-23T05:30:00+00:00,1924.69,1913.119322397402,1942.0460164038973,11.570677602598153,1.5,2026-07-23T07:00:00+00:00,1913.119322397402,SL,-1.0,0.4311892777996275,-1.4311892777996276,6,
SUI,TREND_PULLBACK,LONG,54528,54529,2026-07-23T00:00:00+00:00,2026-07-23T00:15:00+00:00,0.7645,0.7581887777281323,0.7739668334078014,0.006311222271867645,1.5,2026-07-23T08:30:00+00:00,0.7739668334078014,TP,1.4999999999999911,0.3168969174711526,1.1831030825288384,33,
ETH,TREND_PULLBACK,LONG,54562,54563,2026-07-23T08:30:00+00:00,2026-07-23T08:45:00+00:00,1924.67,1912.5898264447567,1942.7902603328653,12.080173555243391,1.5,2026-07-23T12:30:00+00:00,1912.5898264447567,SL,-1.0,0.4129442140517059,-1.412944214051706,15,
UNI,TREND_PULLBACK,LONG,54528,54529,2026-07-23T00:00:00+00:00,2026-07-23T00:15:00+00:00,3.807,3.752908908533351,3.8881366371999735,0.05409109146664903,1.5,2026-07-23T15:00:00+00:00,3.752908908533351,SL,-1.0,0.18169131579001205,-1.181691315790012,59,
UNI,TREND_PULLBACK,LONG,54591,54592,2026-07-23T15:45:00+00:00,2026-07-23T16:00:00+00:00,3.803,3.7405720871690327,3.8966418692464506,0.06242791283096727,1.5,2026-07-24T00:30:00+00:00,3.7405720871690327,SL,-1.0,0.15708748328448313,-1.157087483284483,34,
DOGE,TREND_PULLBACK,SHORT,54634,54635,2026-07-24T02:30:00+00:00,2026-07-24T02:45:00+00:00,0.06911,0.06959927266730546,0.06837609099904182,0.0004892726673054598,1.5,2026-07-24T07:00:00+00:00,0.06959927266730546,SL,-1.0,0.368551252741285,-1.3685512527412849,17,
AVAX,TREND_PULLBACK,SHORT,54647,54648,2026-07-24T05:45:00+00:00,2026-07-24T06:00:00+00:00,6.246,6.307078398746315,6.154382401880529,0.06107839874631438,1.5,2026-07-24T07:00:00+00:00,6.307078398746315,SL,-1.0,0.26718123351842027,-1.2671812335184203,4,
UNI,TREND_PULLBACK,LONG,54662,54663,2026-07-24T09:30:00+00:00,2026-07-24T09:45:00+00:00,3.854,3.8069609169103504,3.9245586246344746,0.04703908308964966,1.5,2026-07-24T12:45:00+00:00,3.8069609169103504,SL,-1.0,0.2117228597547825,-1.2117228597547824,12,
AVAX,TREND_PULLBACK,SHORT,54664,54665,2026-07-24T10:00:00+00:00,2026-07-24T10:15:00+00:00,6.252,6.298726406206374,6.1819103906904385,0.046726406206373916,1.5,2026-07-24T13:00:00+00:00,6.1819103906904385,TP,1.5000000000000095,0.345930381131957,1.1540696188680526,11,
DOGE,TREND_PULLBACK,SHORT,54668,54669,2026-07-24T11:00:00+00:00,2026-07-24T11:15:00+00:00,0.06958,0.07015004661931512,0.06872493007102733,0.0005700466193151177,1.5,2026-07-24T13:00:00+00:00,0.06872493007102733,TP,1.5,0.3154065001005565,1.1845934998994436,7,
UNI,TREND_PULLBACK,LONG,54683,54684,2026-07-24T14:45:00+00:00,2026-07-24T15:00:00+00:00,3.816,3.7485567373025437,3.9171648940461843,0.06744326269745615,1.5,2026-07-25T03:00:00+00:00,3.7485567373025437,SL,-1.0,0.14581032063361649,-1.1458103206336165,48,
SUI,TREND_PULLBACK,SHORT,54718,54719,2026-07-24T23:30:00+00:00,2026-07-24T23:45:00+00:00,0.7095,0.713664300803483,0.7032535487947755,0.0041643008034829565,1.5,2026-07-25T03:15:00+00:00,0.713664300803483,SL,-1.0,0.444279526948947,-1.444279526948947,14,
SUI,TREND_PULLBACK,SHORT,54742,54743,2026-07-25T05:30:00+00:00,2026-07-25T05:45:00+00:00,0.711,0.7149937005503088,0.7050094491745368,0.0039937005503087875,1.5,2026-07-25T06:30:00+00:00,0.7050094491745368,TP,1.5,0.46092897069725686,1.0390710293027432,3,
DOGE,TREND_PULLBACK,SHORT,54755,54756,2026-07-25T08:45:00+00:00,2026-07-25T09:00:00+00:00,0.06937,0.0695740170364166,0.06906397444537511,0.00020401703641659275,1.5,2026-07-25T09:45:00+00:00,0.0695740170364166,SL,-1.0,0.8853536220304156,-1.8853536220304155,3,
BNB,TREND_PULLBACK,SHORT,54748,54749,2026-07-25T07:00:00+00:00,2026-07-25T07:15:00+00:00,564.96,566.4245870597524,562.7631194103715,1.4645870597523754,1.5,2026-07-25T10:15:00+00:00,566.4245870597524,SL,-1.0,1.0042420854287442,-2.004242085428744,12,
AVAX,TREND_PULLBACK,SHORT,54745,54746,2026-07-25T06:15:00+00:00,2026-07-25T06:30:00+00:00,6.25,6.290029479217501,6.189955781173749,0.040029479217500885,1.5,2026-07-25T11:45:00+00:00,6.290029479217501,SL,-1.0,0.40725082218545333,-1.4072508221854534,21,
DOGE,TREND_PULLBACK,SHORT,54766,54767,2026-07-25T11:30:00+00:00,2026-07-25T11:45:00+00:00,0.06934,0.06965720672584798,0.06886418991122803,0.0003172067258479794,1.5,2026-07-25T12:15:00+00:00,0.06965720672584798,SL,-1.0,0.5696486045828698,-1.56964860458287,2,
BNB,TREND_PULLBACK,SHORT,54768,54769,2026-07-25T12:00:00+00:00,2026-07-25T12:15:00+00:00,565.65,566.7997874092024,563.9253188861964,1.1497874092024176,1.5,2026-07-25T12:45:00+00:00,566.7997874092024,SL,-1.0,1.280397325496185,-2.280397325496185,2,
CRV,TREND_PULLBACK,SHORT,54740,54741,2026-07-25T05:00:00+00:00,2026-07-25T05:15:00+00:00,0.2028,0.20434284044926956,0.20048573932609567,0.0015428404492695558,1.5,2026-07-25T13:30:00+00:00,0.20434284044926956,SL,-1.0,0.34305925336261184,-1.3430592533626118,33,
SUI,TREND_PULLBACK,SHORT,54777,54778,2026-07-25T14:15:00+00:00,2026-07-25T14:30:00+00:00,0.7061,0.7099090094194266,0.7003864858708599,0.0038090094194266344,1.5,2026-07-25T15:45:00+00:00,0.7099090094194266,SL,-1.0,0.4832783302810392,-1.4832783302810393,5,
SOL,TREND_PULLBACK,SHORT,54840,54841,2026-07-26T06:00:00+00:00,2026-07-26T06:15:00+00:00,74.84,75.23386123001977,74.24920815497035,0.39386123001976614,1.5,2026-07-26T09:30:00+00:00,75.23386123001977,SL,-1.0,0.4953420258938273,-1.4953420258938273,13,
CRV,TREND_PULLBACK,SHORT,54781,54782,2026-07-25T15:15:00+00:00,2026-07-25T15:30:00+00:00,0.203,0.2045663290601958,0.20065050640970633,0.001566329060195798,1.5,2026-07-26T11:30:00+00:00,0.2045663290601958,SL,-1.0,0.3382662310511067,-1.3382662310511066,80,
SOL,TREND_PULLBACK,SHORT,54862,54863,2026-07-26T11:30:00+00:00,2026-07-26T11:45:00+00:00,74.88,75.23512373992149,74.34731439011776,0.3551237399214955,1.5,2026-07-26T15:15:00+00:00,75.23512373992149,SL,-1.0,0.549525810088163,-1.549525810088163,14,
SUI,TREND_PULLBACK,SHORT,54862,54863,2026-07-26T11:30:00+00:00,2026-07-26T11:45:00+00:00,0.7176,0.7208374436805052,0.7127438344792423,0.0032374436805051587,1.5,2026-07-26T16:30:00+00:00,0.7208374436805052,SL,-1.0,0.5776065505154591,-1.577606550515459,19,
CRV,TREND_PULLBACK,SHORT,54875,54876,2026-07-26T14:45:00+00:00,2026-07-26T15:00:00+00:00,0.2033,0.20512554456477114,0.2005616831528433,0.001825544564771131,1.5,2026-07-26T18:00:00+00:00,0.20512554456477114,SL,-1.0,0.29084647845930195,-1.290846478459302,12,
UNI,TREND_PULLBACK,LONG,54911,54912,2026-07-26T23:45:00+00:00,2026-07-27T00:00:00+00:00,3.89,3.8545728300543756,3.9431407549184367,0.03542716994562456,1.5,2026-07-27T00:00:00+00:00,3.8545728300543756,SL,-1.0,0.28418709974642303,-1.284187099746423,0,True
UNI,TREND_PULLBACK,LONG,54938,54939,2026-07-27T06:30:00+00:00,2026-07-27T06:45:00+00:00,3.901,3.862779584816414,3.958330622775378,0.038220415183585654,1.5,2026-07-27T11:15:00+00:00,3.862779584816414,SL,-1.0,0.2640712669336961,-1.264071266933696,18,
SUI,TREND_PULLBACK,SHORT,54914,54915,2026-07-27T00:30:00+00:00,2026-07-27T00:45:00+00:00,0.7177,0.7244040526596605,0.7076439210105093,0.006704052659660453,1.5,2026-07-27T12:30:00+00:00,0.7076439210105093,TP,1.5,0.2763920857100651,1.2236079142899348,47,
ETH,TREND_PULLBACK,LONG,54968,54969,2026-07-27T14:00:00+00:00,2026-07-27T14:15:00+00:00,1963.0,1940.5020017552638,1996.7469973671043,22.49799824473621,1.5,2026-07-27T14:15:00+00:00,1940.5020017552638,SL,-1.0,0.22555573820747013,-1.2255557382074702,0,True
BNB,TREND_PULLBACK,SHORT,55040,55041,2026-07-28T08:00:00+00:00,2026-07-28T08:15:00+00:00,565.58,566.9768292300602,563.4847561549099,1.3968292300601206,1.5,2026-07-28T09:30:00+00:00,566.9768292300602,SL,-1.0,1.0540471564557026,-2.0540471564557023,5,
SUI,TREND_PULLBACK,SHORT,55038,55039,2026-07-28T07:30:00+00:00,2026-07-28T07:45:00+00:00,0.6807,0.6844379344124477,0.6750930983813284,0.003737934412447741,1.5,2026-07-28T11:15:00+00:00,0.6844379344124477,SL,-1.0,0.4747754023789987,-1.4747754023789987,14,
XRP,TREND_PULLBACK,SHORT,55047,55048,2026-07-28T09:45:00+00:00,2026-07-28T10:00:00+00:00,1.0557,1.0610106481924662,1.047734027711301,0.005310648192466072,1.5,2026-07-28T11:30:00+00:00,1.047734027711301,TP,1.5,0.5149021620193044,0.9850978379806956,6,
SOL,TREND_PULLBACK,SHORT,55047,55048,2026-07-28T09:45:00+00:00,2026-07-28T10:00:00+00:00,73.21,73.59396310478547,72.63405534282177,0.38396310478547946,1.5,2026-07-28T13:30:00+00:00,72.63405534282177,TP,1.5000000000000184,0.4937903397035933,1.0062096602964252,14,
DOGE,TREND_PULLBACK,SHORT,55048,55049,2026-07-28T10:00:00+00:00,2026-07-28T10:15:00+00:00,0.07001,0.07043208713274604,0.06937686930088094,0.00042208713274603793,1.5,2026-07-28T13:30:00+00:00,0.06937686930088094,TP,1.5000000000000164,0.4293021891292093,1.0706978108708072,13,
BNB,TREND_PULLBACK,SHORT,55097,55098,2026-07-28T22:15:00+00:00,2026-07-28T22:30:00+00:00,570.91,573.0328472846902,567.7257290729647,2.1228472846902378,1.5,2026-07-29T00:00:00+00:00,573.0328472846902,SL,-1.0,0.700533529752752,-1.700533529752752,6,
DOGE,TREND_PULLBACK,SHORT,55098,55099,2026-07-28T22:30:00+00:00,2026-07-28T22:45:00+00:00,0.07064,0.07118791070022952,0.0698181339496557,0.0005479107002295258,1.5,2026-07-29T00:00:00+00:00,0.07118791070022952,SL,-1.0,0.3365079087396196,-1.3365079087396197,5,
XRP,TREND_PULLBACK,SHORT,55099,55100,2026-07-28T22:45:00+00:00,2026-07-28T23:00:00+00:00,1.0628,1.0700876854694785,1.0518684717957822,0.007287685469478555,1.5,2026-07-29T00:00:00+00:00,1.0700876854694785,SL,-1.0,0.3804711389813475,-1.3804711389813475,4,
FET,TREND_PULLBACK,SHORT,55105,55106,2026-07-29T00:15:00+00:00,2026-07-29T00:30:00+00:00,0.1384,0.14024568557126055,0.13563147164310918,0.0018456855712605524,1.5,2026-07-29T02:00:00+00:00,0.13563147164310918,TP,1.4999999999999925,0.19301278542950256,1.30698721457049,6,
SUI,TREND_PULLBACK,SHORT,55108,55109,2026-07-29T01:00:00+00:00,2026-07-29T01:15:00+00:00,0.6906,0.696535755261924,0.6816963671071139,0.005935755261924025,1.5,2026-07-29T03:45:00+00:00,0.6816963671071139,TP,1.5000000000000093,0.30054899478132874,1.1994510052186806,10,
BNB,TREND_PULLBACK,SHORT,55116,55117,2026-07-29T03:00:00+00:00,2026-07-29T03:15:00+00:00,570.11,573.0019605039678,565.7720592440484,2.8919605039677663,1.5,2026-07-29T09:30:00+00:00,573.0019605039678,SL,-1.0,0.5138540262276423,-1.5138540262276423,25,
SUI,TREND_PULLBACK,SHORT,55137,55138,2026-07-29T08:15:00+00:00,2026-07-29T08:30:00+00:00,0.6851,0.6901823886269045,0.6774764170596433,0.005082388626904466,1.5,2026-07-29T09:30:00+00:00,0.6901823886269045,SL,-1.0,0.35177693727524206,-1.351776937275242,4,
XRP,TREND_PULLBACK,SHORT,55149,55150,2026-07-29T11:15:00+00:00,2026-07-29T11:30:00+00:00,1.0857,1.0937610492091459,1.0736084261862815,0.008061049209145743,1.5,2026-07-29T13:30:00+00:00,1.0736084261862815,TP,1.5,0.34823022180007807,1.1517697781999219,8,
AVAX,TREND_PULLBACK,SHORT,55141,55142,2026-07-29T09:15:00+00:00,2026-07-29T09:30:00+00:00,6.407,6.452837913821857,6.338243129267214,0.04583791382185698,1.5,2026-07-29T18:00:00+00:00,6.452837913821857,SL,-1.0,0.3647153173885684,-1.3647153173885684,34,
SUI,TREND_PULLBACK,SHORT,55160,55161,2026-07-29T14:00:00+00:00,2026-07-29T14:15:00+00:00,0.6857,0.6925982227845419,0.6753526658231872,0.006898222784541885,1.5,2026-07-29T18:00:00+00:00,0.6925982227845419,SL,-1.0,0.25974627749557355,-1.2597462774955734,15,
SOL,TREND_PULLBACK,SHORT,55137,55138,2026-07-29T08:15:00+00:00,2026-07-29T08:30:00+00:00,73.73,74.40974865869792,72.71037701195313,0.6797486586979176,1.5,2026-07-29T18:45:00+00:00,74.40974865869792,SL,-1.0,0.28331306107349186,-1.2833130610734917,41,
DOGE,TREND_PULLBACK,SHORT,55136,55137,2026-07-29T08:00:00+00:00,2026-07-29T08:15:00+00:00,0.07068,0.07123812363406726,0.06984281454889912,0.0005581236340672507,1.5,2026-07-29T19:45:00+00:00,0.06984281454889912,TP,1.5000000000000124,0.32731038028673953,1.1726896197132728,46,
AVAX,TREND_PULLBACK,SHORT,55181,55182,2026-07-29T19:15:00+00:00,2026-07-29T19:30:00+00:00,6.39,6.476318692660801,6.2605219610087985,0.08631869266080106,1.5,2026-07-30T01:45:00+00:00,6.476318692660801,SL,-1.0,0.1937727945693822,-1.1937727945693821,25,
FET,TREND_PULLBACK,SHORT,55183,55184,2026-07-29T19:45:00+00:00,2026-07-29T20:00:00+00:00,0.1372,0.13994106029019165,0.1330884095647125,0.002741060290191666,1.5,2026-07-30T01:45:00+00:00,0.13994106029019165,SL,-1.0,0.13143942133139166,-1.1314394213313916,23,
SOL,TREND_PULLBACK,SHORT,55227,55228,2026-07-30T06:45:00+00:00,2026-07-30T07:00:00+00:00,73.5,73.98446511444756,72.77330232832867,0.48446511444755913,1.5,2026-07-30T09:00:00+00:00,73.98446511444756,SL,-1.0,0.395755646652522,-1.395755646652522,8,
SUI,TREND_PULLBACK,SHORT,55182,55183,2026-07-29T19:30:00+00:00,2026-07-29T19:45:00+00:00,0.6856,0.6959591940825225,0.6700612088762162,0.010359194082522505,1.5,2026-07-30T12:30:00+00:00,0.6959591940825225,SL,-1.0,0.1733751620058401,-1.1733751620058401,67,
DOGE,TREND_PULLBACK,SHORT,55214,55215,2026-07-30T03:30:00+00:00,2026-07-30T03:45:00+00:00,0.07022,0.07087271726240806,0.06924092410638794,0.0006527172624080507,1.5,2026-07-30T17:45:00+00:00,0.07087271726240806,SL,-1.0,0.2810106963686581,-1.281010696368658,56,
AVAX,TREND_PULLBACK,SHORT,55250,55251,2026-07-30T12:30:00+00:00,2026-07-30T12:45:00+00:00,6.458,6.511793423216496,6.377309865175257,0.053793423216495384,1.5,2026-07-31T01:15:00+00:00,6.511793423216496,SL,-1.0,0.31343481120962047,-1.3134348112096204,50,
UNI,TREND_PULLBACK,LONG,55298,55299,2026-07-31T00:30:00+00:00,2026-07-31T00:45:00+00:00,4.443,4.378479309505938,4.539781035741092,0.06452069049406184,1.5,2026-07-31T01:15:00+00:00,4.539781035741092,TP,1.5,0.18099024137905292,1.319009758620947,2,
DOGE,TREND_PULLBACK,SHORT,55280,55281,2026-07-30T20:00:00+00:00,2026-07-30T20:15:00+00:00,0.07065,0.0711630394396969,0.06988044084045467,0.0005130394396968968,1.5,2026-07-31T02:30:00+00:00,0.06988044084045467,TP,1.4999999999999865,0.35609264894044773,1.1439073510595388,25,
SUI,TREND_PULLBACK,SHORT,55342,55343,2026-07-31T11:30:00+00:00,2026-07-31T11:45:00+00:00,0.6875,0.692669115475426,0.6797463267868611,0.005169115475425978,1.5,2026-07-31T14:00:00+00:00,0.6797463267868611,TP,1.4999999999999893,0.3438538437132603,1.156146156286729,9,
UNI,TREND_PULLBACK,LONG,55337,55338,2026-07-31T10:15:00+00:00,2026-07-31T10:30:00+00:00,4.398,4.282360127664844,4.571459808502734,0.11563987233515594,1.5,2026-07-31T14:30:00+00:00,4.282360127664844,SL,-1.0,0.09758284870169025,-1.0975828487016903,16,
UNI,TREND_PULLBACK,LONG,55382,55383,2026-07-31T21:30:00+00:00,2026-07-31T21:45:00+00:00,4.296,4.209646835340152,4.425529746989772,0.08635316465984832,1.5,2026-08-01T05:15:00+00:00,4.209646835340152,SL,-1.0,0.12804789412753895,-1.128047894127539,30,
SUI,TREND_PULLBACK,SHORT,55355,55356,2026-07-31T14:45:00+00:00,2026-07-31T15:00:00+00:00,0.6843,0.6925528816357444,0.6719206775463835,0.008252881635744336,1.5,2026-08-01T15:00:00+00:00,0.6845,TIME,-0.024233959582523418,0.21561438519765108,-0.2398483447801745,96,
SOL,TREND_PULLBACK,SHORT,55414,55415,2026-08-01T05:30:00+00:00,2026-08-01T05:45:00+00:00,72.92,73.22915307817784,72.45627038273324,0.3091530781778431,1.5,2026-08-01T16:45:00+00:00,72.45627038273324,TP,1.5,0.6113125336207571,0.8886874663792429,44,
BTC,TREND_PULLBACK,SHORT,55404,55405,2026-08-01T03:00:00+00:00,2026-08-01T03:15:00+00:00,62958.5,63134.24930173863,62694.876047392056,175.74930173862958,1.5,2026-08-01T17:45:00+00:00,62694.876047392056,TP,1.5,0.9294454501135897,0.5705545498864103,58,
BTC,TREND_PULLBACK,SHORT,55521,55522,2026-08-02T08:15:00+00:00,2026-08-02T08:30:00+00:00,63361.2,63546.09702575283,63083.85446137075,184.89702575283445,1.5,2026-08-02T09:00:00+00:00,63083.85446137075,TP,1.4999999999999802,0.889027663535913,0.6109723364640672,2,
SOL,TREND_PULLBACK,SHORT,55522,55523,2026-08-02T08:30:00+00:00,2026-08-02T08:45:00+00:00,73.23,73.6134869468423,72.65476957973655,0.38348694684229656,1.5,2026-08-02T13:30:00+00:00,72.65476957973655,TP,1.5000000000000184,0.49454147531036663,1.0054585246896517,19,
DOGE,TREND_PULLBACK,SHORT,55521,55522,2026-08-02T08:15:00+00:00,2026-08-02T08:30:00+00:00,0.07012,0.0705157874533105,0.06952631882003427,0.0003957874533104949,1.5,2026-08-02T14:45:00+00:00,0.0705157874533105,SL,-1.0,0.4619310747727933,-1.4619310747727934,25,
UNI,TREND_PULLBACK,LONG,55557,55558,2026-08-02T17:15:00+00:00,2026-08-02T17:30:00+00:00,4.222,4.17448207200129,4.293276891998067,0.047517927998710796,1.5,2026-08-02T17:45:00+00:00,4.17448207200129,SL,-1.0,0.2297117562427769,-1.2297117562427768,1,
UNI,TREND_PULLBACK,LONG,55564,55565,2026-08-02T19:00:00+00:00,2026-08-02T19:15:00+00:00,4.196,4.136410013999422,4.285384979000867,0.059589986000577966,1.5,2026-08-03T00:00:00+00:00,4.136410013999422,SL,-1.0,0.181777740610548,-1.181777740610548,19,
ADA,TREND_PULLBACK,LONG,55544,55545,2026-08-02T14:00:00+00:00,2026-08-02T14:15:00+00:00,0.1886,0.18523358328569298,0.1936496250714605,0.0033664167143070134,1.5,2026-08-03T01:15:00+00:00,0.18523358328569298,SL,-1.0,0.14436229959470182,-1.1443622995947018,44,
BTC,TREND_PULLBACK,SHORT,55584,55585,2026-08-03T00:00:00+00:00,2026-08-03T00:15:00+00:00,63401.2,63747.37441343291,62881.93837985063,346.17441343291284,1.5,2026-08-03T03:45:00+00:00,62881.93837985063,TP,1.4999999999999896,0.47423516448196684,1.0257648355180227,14,
BNB,TREND_PULLBACK,LONG,55615,55616,2026-08-03T07:45:00+00:00,2026-08-03T08:00:00+00:00,584.01,581.4166945074352,587.8999582388471,2.5933054925648094,1.5,2026-08-03T10:15:00+00:00,587.8999582388471,TP,1.499999999999978,0.5874675968868438,0.9125324031131342,9,
BNB,TREND_PULLBACK,LONG,55638,55639,2026-08-03T13:30:00+00:00,2026-08-03T13:45:00+00:00,586.68,583.951492906155,590.7727606407675,2.7285070938449962,1.5,2026-08-03T15:00:00+00:00,590.7727606407675,TP,1.5000000000000209,0.5609985740135863,0.9390014259864345,5,
ADA,TREND_PULLBACK,LONG,55672,55673,2026-08-03T22:00:00+00:00,2026-08-03T22:15:00+00:00,0.1941,0.19210477899608963,0.19709283150586554,0.0019952210039103635,1.5,2026-08-04T00:30:00+00:00,0.19210477899608963,SL,-1.0,0.25163438622134326,-1.2516343862213433,9,
BNB,TREND_PULLBACK,LONG,55704,55705,2026-08-04T06:00:00+00:00,2026-08-04T06:15:00+00:00,591.21,589.075508430179,594.4117373547317,2.13449156982108,1.5,2026-08-04T09:00:00+00:00,589.075508430179,SL,-1.0,0.7188462033081953,-1.7188462033081953,11,
ADA,TREND_PULLBACK,LONG,55730,55731,2026-08-04T12:30:00+00:00,2026-08-04T12:45:00+00:00,0.195,0.19290217070317464,0.19814674394523807,0.0020978292968253653,1.5,2026-08-04T13:15:00+00:00,0.19290217070317464,SL,-1.0,0.24037838668629552,-1.2403783866862956,2,
BNB,TREND_PULLBACK,LONG,55734,55735,2026-08-04T13:30:00+00:00,2026-08-04T13:45:00+00:00,591.89,589.2953965382427,595.7819051926359,2.5946034617572877,1.5,2026-08-04T13:45:00+00:00,589.2953965382427,SL,-1.0,0.5918210771443725,-1.5918210771443726,0,True
BNB,TREND_PULLBACK,LONG,55772,55773,2026-08-04T23:00:00+00:00,2026-08-04T23:15:00+00:00,594.81,592.8832699324662,597.7000951013006,1.9267300675337538,1.5,2026-08-05T00:30:00+00:00,592.8832699324662,SL,-1.0,0.8013583619881706,-1.8013583619881706,5,
ADA,TREND_PULLBACK,LONG,55760,55761,2026-08-04T20:00:00+00:00,2026-08-04T20:15:00+00:00,0.1929,0.19044063120671598,0.196589053189926,0.0024593687932840114,1.5,2026-08-05T03:00:00+00:00,0.19044063120671598,SL,-1.0,0.2026303748870824,-1.2026303748870824,27,
BNB,TREND_PULLBACK,LONG,55807,55808,2026-08-05T07:45:00+00:00,2026-08-05T08:00:00+00:00,600.48,597.9133166514298,604.3300250228554,2.5666833485702227,1.5,2026-08-05T10:00:00+00:00,597.9133166514298,SL,-1.0,0.6069744881131117,-1.6069744881131118,8,
BNB,TREND_PULLBACK,LONG,55825,55826,2026-08-05T12:15:00+00:00,2026-08-05T12:30:00+00:00,599.8,596.3433363155505,604.9849955266742,3.456663684449495,1.5,2026-08-05T21:00:00+00:00,596.3433363155505,SL,-1.0,0.4498517874925576,-1.4498517874925576,34,
ADA,TREND_PULLBACK,LONG,55860,55861,2026-08-05T21:00:00+00:00,2026-08-05T21:15:00+00:00,0.1912,0.18876879296657154,0.19484681055014272,0.002431207033428473,1.5,2026-08-06T03:30:00+00:00,0.18876879296657154,SL,-1.0,0.20317456475928522,-1.2031745647592853,25,
XRP,TREND_PULLBACK,SHORT,55908,55909,2026-08-06T09:00:00+00:00,2026-08-06T09:15:00+00:00,1.0488,1.0571366509001205,1.036295023649819,0.00833665090012059,1.5,2026-08-06T18:30:00+00:00,1.036295023649819,TP,1.5000000000000133,0.325145380707444,1.1748546192925693,37,
BNB,TREND_PULLBACK,LONG,55930,55931,2026-08-06T14:30:00+00:00,2026-08-06T14:45:00+00:00,594.03,591.0066886725531,598.5649669911703,3.0233113274468906,1.5,2026-08-06T18:45:00+00:00,591.0066886725531,SL,-1.0,0.5095564195749804,-1.5095564195749804,16,
FET,TREND_PULLBACK,SHORT,55960,55961,2026-08-06T22:00:00+00:00,2026-08-06T22:15:00+00:00,0.137,0.13869140209408473,0.13446289685887292,0.0016914020940847208,1.5,2026-08-07T00:15:00+00:00,0.13446289685887292,TP,1.5000000000000082,0.2086445128279818,1.2913554871720265,8,
SUI,TREND_PULLBACK,SHORT,55961,55962,2026-08-06T22:15:00+00:00,2026-08-06T22:30:00+00:00,0.6735,0.6776768906556697,0.6672346640164954,0.004176890655669729,1.5,2026-08-07T02:15:00+00:00,0.6776768906556697,SL,-1.0,0.4205352983009142,-1.4205352983009143,15,
DOGE,TREND_PULLBACK,SHORT,55983,55984,2026-08-07T03:45:00+00:00,2026-08-07T04:00:00+00:00,0.06903,0.06949251418198069,0.06833622872702896,0.0004625141819806916,1.5,2026-08-07T08:30:00+00:00,0.06949251418198069,SL,-1.0,0.3893486415170997,-1.3893486415170997,18,
SUI,TREND_PULLBACK,SHORT,56005,56006,2026-08-07T09:15:00+00:00,2026-08-07T09:30:00+00:00,0.6731,0.6782459065316324,0.6653811402025515,0.005145906531632383,1.5,2026-08-07T12:00:00+00:00,0.6782459065316324,SL,-1.0,0.34138779390807295,-1.341387793908073,10,
ADA,TREND_PULLBACK,LONG,56000,56001,2026-08-07T08:00:00+00:00,2026-08-07T08:15:00+00:00,0.2026,0.1994753566989289,0.20728696495160664,0.003124643301071095,1.5,2026-08-07T13:45:00+00:00,0.1994753566989289,SL,-1.0,0.16728244261654832,-1.1672824426165482,22,
FET,TREND_PULLBACK,SHORT,56020,56021,2026-08-07T13:00:00+00:00,2026-08-07T13:15:00+00:00,0.1335,0.13551662033184822,0.1304750695022277,0.0020166203318482123,1.5,2026-08-07T15:15:00+00:00,0.13551662033184822,SL,-1.0,0.17341965709077545,-1.1734196570907756,8,
SUI,TREND_PULLBACK,SHORT,56023,56024,2026-08-07T13:45:00+00:00,2026-08-07T14:00:00+00:00,0.6721,0.6793487124851961,0.6612269312722059,0.007248712485196096,1.5,2026-08-08T01:30:00+00:00,0.6793487124851961,SL,-1.0,0.24237177703196305,-1.242371777031963,46,
AVAX,TREND_PULLBACK,SHORT,56104,56105,2026-08-08T10:00:00+00:00,2026-08-08T10:15:00+00:00,6.512,6.557483245711016,6.443775131433474,0.045483245711016806,1.5,2026-08-08T11:00:00+00:00,6.557483245711016,SL,-1.0,0.37355135839193154,-1.3735513583919317,3,
BTC,TREND_PULLBACK,LONG,56098,56099,2026-08-08T08:30:00+00:00,2026-08-08T08:45:00+00:00,64986.0,64897.81417879008,65118.27873181488,88.18582120991778,1.5,2026-08-08T12:00:00+00:00,64897.81417879008,SL,-1.0,1.9146950849445348,-2.914695084944535,13,
ADA,TREND_PULLBACK,LONG,56123,56124,2026-08-08T14:45:00+00:00,2026-08-08T15:00:00+00:00,0.2002,0.19802484754444463,0.20346272868333304,0.002175152455555357,1.5,2026-08-08T22:30:00+00:00,0.19802484754444463,SL,-1.0,0.23800276642015952,-1.2380027664201596,30,
XRP,TREND_PULLBACK,SHORT,56136,56137,2026-08-08T18:00:00+00:00,2026-08-08T18:15:00+00:00,1.0434,1.0484422863019554,1.0358365705470671,0.0050422863019552455,1.5,2026-08-09T01:15:00+00:00,1.0358365705470671,TP,1.500000000000022,0.5360678430066621,0.9639321569933599,28,
CRV,TREND_PULLBACK,LONG,56142,56143,2026-08-08T19:30:00+00:00,2026-08-08T19:45:00+00:00,0.2263,0.2243589727485367,0.22921154087719497,0.0019410272514633065,1.5,2026-08-09T05:00:00+00:00,0.22921154087719497,TP,1.500000000000007,0.30507815008466815,1.194921849915339,37,
ADA,TREND_PULLBACK,LONG,56184,56185,2026-08-09T06:00:00+00:00,2026-08-09T06:15:00+00:00,0.1987,0.19682073109033368,0.20151890336449946,0.001879268909666304,1.5,2026-08-09T09:00:00+00:00,0.19682073109033368,SL,-1.0,0.27360477671539546,-1.2736047767153955,11,
BTC,TREND_PULLBACK,LONG,56185,56186,2026-08-09T06:15:00+00:00,2026-08-09T06:30:00+00:00,64815.5,64738.78194019697,64930.577089704544,76.71805980303179,1.5,2026-08-09T10:15:00+00:00,64930.577089704544,TP,1.4999999999999525,2.1985683768549933,-0.6985683768550408,15,
CRV,TREND_PULLBACK,LONG,56199,56200,2026-08-09T09:45:00+00:00,2026-08-09T10:00:00+00:00,0.2276,0.22523146873160152,0.2311527969025977,0.002368531268398477,1.5,2026-08-09T10:15:00+00:00,0.2311527969025977,TP,1.5,0.2517925956606132,1.2482074043393867,1,
BNB,TREND_PULLBACK,LONG,56160,56161,2026-08-09T00:00:00+00:00,2026-08-09T00:15:00+00:00,602.43,599.5551327769064,606.7423008346403,2.874867223093588,1.5,2026-08-09T13:15:00+00:00,606.7423008346403,TP,1.5,0.5467814229672547,0.9532185770327453,52,
CRV,TREND_PULLBACK,LONG,56246,56247,2026-08-09T21:30:00+00:00,2026-08-09T21:45:00+00:00,0.2389,0.23646482127028387,0.2425527680945742,0.002435178729716131,1.5,2026-08-09T22:45:00+00:00,0.23646482127028387,SL,-1.0,0.25376957350617396,-1.253769573506174,4,
BTC,TREND_PULLBACK,LONG,56256,56257,2026-08-10T00:00:00+00:00,2026-08-10T00:15:00+00:00,65120.2,64800.01516993154,65600.47724510268,320.1848300684578,1.5,2026-08-10T00:30:00+00:00,64800.01516993154,SL,-1.0,0.5274961955093243,-1.5274961955093243,1,
ETH,TREND_PULLBACK,LONG,56256,56257,2026-08-10T00:00:00+00:00,2026-08-10T00:15:00+00:00,1921.06,1907.1318678961604,1941.952198155759,13.928132103839516,1.5,2026-08-10T00:30:00+00:00,1907.1318678961604,SL,-1.0,0.3573091776529829,-1.3573091776529829,1,
CRV,TREND_PULLBACK,LONG,56256,56257,2026-08-10T00:00:00+00:00,2026-08-10T00:15:00+00:00,0.2395,0.2357738512843361,0.24508922307349584,0.0037261487156639017,1.5,2026-08-10T13:15:00+00:00,0.24508922307349584,TP,1.5,0.16906624991839628,1.3309337500816036,52,
BNB,TREND_PULLBACK,LONG,56278,56279,2026-08-10T05:30:00+00:00,2026-08-10T05:45:00+00:00,603.84,600.357881858815,609.0631772117777,3.482118141185083,1.5,2026-08-10T13:45:00+00:00,600.357881858815,SL,-1.0,0.4495704002402633,-1.4495704002402632,32,
XRP,TREND_PULLBACK,SHORT,56290,56291,2026-08-10T08:30:00+00:00,2026-08-10T08:45:00+00:00,1.0327,1.0402446889077288,1.0213829666384067,0.007544688907728858,1.5,2026-08-10T15:15:00+00:00,1.0213829666384067,TP,1.5,0.3539321354780365,1.1460678645219635,26,
CRV,TREND_PULLBACK,LONG,56322,56323,2026-08-10T16:30:00+00:00,2026-08-10T16:45:00+00:00,0.243,0.23812508991271236,0.25031236513093147,0.004874910087287632,1.5,2026-08-10T17:45:00+00:00,0.25031236513093147,TP,1.5000000000000058,0.13155239033896304,1.3684476096610427,4,
XRP,TREND_PULLBACK,SHORT,56342,56343,2026-08-10T21:30:00+00:00,2026-08-10T21:45:00+00:00,1.0195,1.0247706891496053,1.0115939662755922,0.005270689149605268,1.5,2026-08-10T22:00:00+00:00,1.0115939662755922,TP,1.5,0.5009633619459452,0.9990366380540548,1,
DOGE,TREND_PULLBACK,SHORT,56351,56352,2026-08-10T23:45:00+00:00,2026-08-11T00:00:00+00:00,0.06967,0.06999688879441562,0.06917966680837656,0.0003268887944156279,1.5,2026-08-11T01:00:00+00:00,0.06999688879441562,SL,-1.0,0.5554395211292688,-1.5554395211292689,4,
DOGE,TREND_PULLBACK,SHORT,56373,56374,2026-08-11T05:15:00+00:00,2026-08-11T05:30:00+00:00,0.0699,0.07024522189281567,0.06938216716077651,0.0003452218928156614,1.5,2026-08-11T06:30:00+00:00,0.07024522189281567,SL,-1.0,0.5277440169703952,-1.527744016970395,4,
CRV,TREND_PULLBACK,LONG,56369,56370,2026-08-11T04:15:00+00:00,2026-08-11T04:30:00+00:00,0.268,0.25994031469953066,0.2800895279507041,0.008059685300469355,1.5,2026-08-11T07:15:00+00:00,0.25994031469953066,SL,-1.0,0.08515498850425612,-1.0851549885042562,11,
DOGE,TREND_PULLBACK,SHORT,56381,56382,2026-08-11T07:15:00+00:00,2026-08-11T07:30:00+00:00,0.06995,0.07035295862514278,0.06934556206228583,0.0004029586251427797,1.5,2026-08-11T09:00:00+00:00,0.07035295862514278,SL,-1.0,0.45263666002448344,-1.4526366600244836,6,
XRP,TREND_PULLBACK,SHORT,56401,56402,2026-08-11T12:15:00+00:00,2026-08-11T12:30:00+00:00,1.0056,1.0114077346970511,0.9968883979544234,0.005807734697051092,1.5,2026-08-11T14:45:00+00:00,0.9968883979544234,TP,1.5,0.44823585324284126,1.0517641467571588,9,
CRV,TREND_PULLBACK,LONG,56389,56390,2026-08-11T09:15:00+00:00,2026-08-11T09:30:00+00:00,0.263,0.2565332627611807,0.27270010585822896,0.006466737238819298,1.5,2026-08-11T16:15:00+00:00,0.27270010585822896,TP,1.5,0.10769111406525136,1.3923088859347486,27,
XRP,TREND_PULLBACK,SHORT,56414,56415,2026-08-11T15:30:00+00:00,2026-08-11T15:45:00+00:00,0.9996,1.0127777010616366,0.9798334484075453,0.013177701061636515,1.5,2026-08-11T17:15:00+00:00,1.0127777010616366,SL,-1.0,0.19852408239827227,-1.1985240823982724,6,
CRV,TREND_PULLBACK,LONG,56420,56421,2026-08-11T17:00:00+00:00,2026-08-11T17:15:00+00:00,0.2692,0.2603805100387018,0.2824292349419473,0.008819489961298221,1.5,2026-08-12T04:00:00+00:00,0.2603805100387018,SL,-1.0,0.07806059829665846,-1.0780605982966585,43,
CRV,TREND_PULLBACK,LONG,56468,56469,2026-08-12T05:00:00+00:00,2026-08-12T05:15:00+00:00,0.2705,0.2613841135719048,0.2841738296421429,0.009115886428095243,1.5,2026-08-12T07:45:00+00:00,0.2841738296421429,TP,1.5,0.07910102700626273,1.4208989729937374,10,
SOL,TREND_PULLBACK,LONG,56479,56480,2026-08-12T07:45:00+00:00,2026-08-12T08:00:00+00:00,76.25,75.85992258921421,76.83511611617868,0.3900774107857927,1.5,2026-08-12T09:30:00+00:00,76.83511611617868,TP,1.4999999999999818,0.5101824546828657,0.9898175453171161,6,
LINK,TREND_PULLBACK,LONG,56485,56486,2026-08-12T09:15:00+00:00,2026-08-12T09:30:00+00:00,8.768,8.702947912380216,8.865578131429679,0.06505208761978487,1.5,2026-08-12T10:30:00+00:00,8.865578131429679,TP,1.5000000000000135,0.3523891762681358,1.1476108237318776,4,
AVAX,TREND_PULLBACK,SHORT,56486,56487,2026-08-12T09:30:00+00:00,2026-08-12T09:45:00+00:00,6.244,6.276678114982888,6.194982827525668,0.03267811498288786,1.5,2026-08-12T10:45:00+00:00,6.276678114982888,SL,-1.0,0.4980973216478754,-1.4980973216478755,4,
XRP,TREND_PULLBACK,SHORT,56457,56458,2026-08-12T02:15:00+00:00,2026-08-12T02:30:00+00:00,1.0208,1.0269160421577972,1.011625936763304,0.0061160421577972635,1.5,2026-08-12T14:00:00+00:00,1.011625936763304,TP,1.5,0.43200384327368435,1.0679961567263156,46,
LINK,TREND_PULLBACK,LONG,56499,56500,2026-08-12T12:45:00+00:00,2026-08-12T13:00:00+00:00,8.846,8.768264602049301,8.962603096926049,0.07773539795069873,1.5,2026-08-12T14:00:00+00:00,8.768264602049301,SL,-1.0,0.29457035773055135,-1.2945703577305514,4,
CRV,TREND_PULLBACK,LONG,56503,56504,2026-08-12T13:45:00+00:00,2026-08-12T14:00:00+00:00,0.2767,0.2717671049965494,0.28409934250517593,0.004932895003450621,1.5,2026-08-12T14:30:00+00:00,0.2717671049965494,SL,-1.0,0.14454133647619843,-1.1445413364761985,2,
BNB,TREND_PULLBACK,LONG,56504,56505,2026-08-12T14:00:00+00:00,2026-08-12T14:15:00+00:00,613.64,609.7908949533725,619.4136575699413,3.8491050466275283,1.5,2026-08-12T14:45:00+00:00,609.7908949533725,SL,-1.0,0.41320258713980756,-1.4132025871398075,2,
CRV,TREND_PULLBACK,LONG,56511,56512,2026-08-12T15:45:00+00:00,2026-08-12T16:00:00+00:00,0.2752,0.2681935726544907,0.285709641018264,0.007006427345509325,1.5,2026-08-12T17:45:00+00:00,0.2681935726544907,SL,-1.0,0.10082337397013086,-1.100823373970131,7,
CRV,TREND_PULLBACK,LONG,56548,56549,2026-08-13T01:00:00+00:00,2026-08-13T01:15:00+00:00,0.267,0.26131969659007515,0.2755204551148873,0.0056803034099248695,1.5,2026-08-13T02:15:00+00:00,0.26131969659007515,SL,-1.0,0.12091178164304815,-1.120911781643048,4,
AVAX,TREND_PULLBACK,SHORT,56533,56534,2026-08-12T21:15:00+00:00,2026-08-12T21:30:00+00:00,6.346,6.431812240174638,6.217281639738043,0.08581224017463818,1.5,2026-08-13T03:00:00+00:00,6.431812240174638,SL,-1.0,0.19357560038546182,-1.1935756003854618,22,
BNB,TREND_PULLBACK,LONG,56544,56545,2026-08-13T00:00:00+00:00,2026-08-13T00:15:00+00:00,611.62,609.2205947360283,615.2191078959577,2.399405263971744,1.5,2026-08-13T05:15:00+00:00,615.2191078959577,TP,1.5000000000000238,0.6647025678457988,0.8352974321542249,20,
LINK,TREND_PULLBACK,LONG,56555,56556,2026-08-13T02:45:00+00:00,2026-08-13T03:00:00+00:00,8.684,8.607831733700488,8.798252399449266,0.07616826629951134,1.5,2026-08-13T05:15:00+00:00,8.798252399449266,TP,1.5,0.29837791016427334,1.2016220898357266,9,
LINK,TREND_PULLBACK,LONG,56587,56588,2026-08-13T10:45:00+00:00,2026-08-13T11:00:00+00:00,8.737,8.67983153390235,8.822752699146475,0.05716846609765014,1.5,2026-08-13T11:15:00+00:00,8.67983153390235,SL,-1.0,0.39605542250159703,-1.396055422501597,1,
LINK,TREND_PULLBACK,LONG,56592,56593,2026-08-13T12:00:00+00:00,2026-08-13T12:15:00+00:00,8.718,8.65370070230498,8.81444894654253,0.06429929769502074,1.5,2026-08-13T13:30:00+00:00,8.81444894654253,TP,1.4999999999999862,0.3544701800416444,1.145529819958342,5,
BTC,TREND_PULLBACK,SHORT,56597,56598,2026-08-13T13:15:00+00:00,2026-08-13T13:30:00+00:00,63575.9,63848.73361281768,63166.649580773475,272.83361281768157,1.5,2026-08-13T14:15:00+00:00,63848.73361281768,SL,-1.0,0.6071540159069709,-1.6071540159069708,3,
BTC,TREND_PULLBACK,SHORT,56605,56606,2026-08-13T15:15:00+00:00,2026-08-13T15:30:00+00:00,63606.2,63973.07129707601,63055.89305438598,366.8712970760098,1.5,2026-08-13T16:30:00+00:00,63055.89305438598,TP,1.5,0.44882421242288334,1.0511757875771166,4,
XRP,TREND_PULLBACK,SHORT,56605,56606,2026-08-13T15:15:00+00:00,2026-08-13T15:30:00+00:00,1.006,1.0129557100158466,0.9955664349762301,0.006955710015846606,1.5,2026-08-14T02:00:00+00:00,1.0129557100158466,SL,-1.0,0.37733637788825297,-1.377336377888253,42,
BNB,TREND_PULLBACK,LONG,56643,56644,2026-08-14T00:45:00+00:00,2026-08-14T01:00:00+00:00,611.28,610.0923997632929,613.0614003550606,1.1876002367071123,1.5,2026-08-14T03:15:00+00:00,613.0614003550606,TP,1.5,1.3402185106284314,0.15978148937156855,9,
BTC,TREND_PULLBACK,SHORT,56653,56654,2026-08-14T03:15:00+00:00,2026-08-14T03:30:00+00:00,63438.6,63659.364907987656,63107.45263801851,220.76490798765735,1.5,2026-08-14T06:45:00+00:00,63107.45263801851,TP,1.5,0.7451812424763702,0.7548187575236298,13,
XRP,TREND_PULLBACK,SHORT,56652,56653,2026-08-14T03:00:00+00:00,2026-08-14T03:15:00+00:00,1.0097,1.014311055198891,1.0027834172016636,0.004611055198890934,1.5,2026-08-14T07:00:00+00:00,1.0027834172016636,TP,1.5,0.567381722732668,0.932618277267332,15,
DOGE,TREND_PULLBACK,SHORT,56696,56697,2026-08-14T14:00:00+00:00,2026-08-14T14:15:00+00:00,0.06932,0.06965490520316053,0.06881764219525921,0.0003349052031605265,1.5,2026-08-14T15:15:00+00:00,0.06965490520316053,SL,-1.0,0.5394582558262354,-1.5394582558262355,4,
XRP,TREND_PULLBACK,SHORT,56696,56697,2026-08-14T14:00:00+00:00,2026-08-14T14:15:00+00:00,1.001,1.0063630317731507,0.9929554523402737,0.005363031773150784,1.5,2026-08-14T15:15:00+00:00,1.0063630317731507,SL,-1.0,0.48658520994962723,-1.4865852099496273,4,
XRP,TREND_PULLBACK,SHORT,56707,56708,2026-08-14T16:45:00+00:00,2026-08-14T17:00:00+00:00,1.0018,1.0086376854908563,0.9915434717637156,0.006837685490856282,1.5,2026-08-14T22:15:00+00:00,0.9915434717637156,TP,1.5,0.3789800681470531,1.1210199318529468,21,
UNI,TREND_PULLBACK,SHORT,56735,56736,2026-08-14T23:45:00+00:00,2026-08-15T00:00:00+00:00,3.199,3.2170924327829833,3.171861350825525,0.018092432782983447,1.5,2026-08-15T00:00:00+00:00,3.2170924327829833,SL,-1.0,0.4610170595997903,-1.4610170595997902,0,True
DOGE,TREND_PULLBACK,SHORT,56712,56713,2026-08-14T18:00:00+00:00,2026-08-14T18:15:00+00:00,0.06972,0.07014204460255696,0.06908693309616457,0.0004220446025569591,1.5,2026-08-15T02:00:00+00:00,0.07014204460255696,SL,-1.0,0.43080910615077833,-1.4308091061507784,31,
LINK,TREND_PULLBACK,LONG,56776,56777,2026-08-15T10:00:00+00:00,2026-08-15T10:15:00+00:00,9.341,9.196190478664644,9.558214282003032,0.14480952133535574,1.5,2026-08-15T16:00:00+00:00,9.558214282003032,TP,1.4999999999999938,0.1696641100670867,1.3303358899329072,23,
DOGE,TREND_PULLBACK,SHORT,56757,56758,2026-08-15T05:15:00+00:00,2026-08-15T05:30:00+00:00,0.07015,0.07046179165721235,0.06968231251418149,0.0003117916572123458,1.5,2026-08-15T19:00:00+00:00,0.06968231251418149,TP,1.5,0.5830239586706877,0.9169760413293123,54,
DOGE,TREND_PULLBACK,SHORT,56819,56820,2026-08-15T20:45:00+00:00,2026-08-15T21:00:00+00:00,0.06988,0.07002218937485294,0.06966671593772059,0.00014218937485294125,1.5,2026-08-15T21:15:00+00:00,0.07002218937485294,SL,-1.0,1.2790888656442156,-2.2790888656442156,1,
BNB,TREND_PULLBACK,LONG,56815,56816,2026-08-15T19:45:00+00:00,2026-08-15T20:00:00+00:00,611.69,610.007110800696,614.2143337989562,1.6828891993040997,1.5,2026-08-15T22:00:00+00:00,610.007110800696,SL,-1.0,0.9437378555270616,-1.9437378555270617,8,
LINK,TREND_PULLBACK,LONG,56839,56840,2026-08-16T01:45:00+00:00,2026-08-16T02:00:00+00:00,9.495,9.401641204631884,9.635038193052171,0.09335879536811476,1.5,2026-08-16T03:45:00+00:00,9.401641204631884,SL,-1.0,0.2631314325464343,-1.2631314325464342,7,
BTC,TREND_PULLBACK,SHORT,56758,56759,2026-08-15T05:30:00+00:00,2026-08-15T05:45:00+00:00,63049.9,63159.52387020352,62885.46419469472,109.62387020351889,1.5,2026-08-16T05:45:00+00:00,63027.7,TIME,0.20251063895837307,1.4951203574159055,-1.2926097184575325,96,
XRP,TREND_PULLBACK,SHORT,56758,56759,2026-08-15T05:30:00+00:00,2026-08-15T05:45:00+00:00,1.0031,1.0074115912335433,0.9966326131496853,0.004311591233543188,1.5,2026-08-16T05:45:00+00:00,0.9996,TIME,0.8117652649376553,0.6038397099765141,0.20792555496114118,96,
UNI,TREND_PULLBACK,SHORT,56764,56765,2026-08-15T07:00:00+00:00,2026-08-15T07:15:00+00:00,3.268,3.3136923786883727,3.1994614319674404,0.04569237868837295,1.5,2026-08-16T07:15:00+00:00,3.249,TIME,0.4158242697230051,0.18541604186949107,0.23040822785351406,96,
FET,TREND_PULLBACK,SHORT,56864,56865,2026-08-16T08:00:00+00:00,2026-08-16T08:15:00+00:00,0.1242,0.12502621931803498,0.12296067102294754,0.0008262193180349764,1.5,2026-08-16T08:15:00+00:00,0.12502621931803498,SL,-1.0,0.3921405346512726,-1.3921405346512725,0,True
BTC,TREND_PULLBACK,SHORT,56866,56867,2026-08-16T08:30:00+00:00,2026-08-16T08:45:00+00:00,63039.6,63069.01261914868,62995.48107127698,29.41261914867937,1.5,2026-08-16T09:30:00+00:00,62995.48107127698,TP,1.4999999999998763,5.57058875186968,-4.070588751869804,3,
LINK,TREND_PULLBACK,LONG,56876,56877,2026-08-16T11:00:00+00:00,2026-08-16T11:15:00+00:00,9.426,9.35946284081743,9.525805738773855,0.06653715918256964,1.5,2026-08-16T12:00:00+00:00,9.35946284081743,SL,-1.0,0.3670295214446143,-1.3670295214446142,3,
DOGE,TREND_PULLBACK,SHORT,56853,56854,2026-08-16T05:15:00+00:00,2026-08-16T05:30:00+00:00,0.06966,0.06990391609215715,0.06929412586176427,0.0002439160921571537,1.5,2026-08-16T13:00:00+00:00,0.06990391609215715,SL,-1.0,0.7438340345454044,-1.7438340345454044,30,
UNI,TREND_PULLBACK,SHORT,56874,56875,2026-08-16T10:30:00+00:00,2026-08-16T10:45:00+00:00,3.263,3.3000268306442813,3.207459754033578,0.03702683064428136,1.5,2026-08-16T14:45:00+00:00,3.3000268306442813,SL,-1.0,0.23042574077712177,-1.2304257407771217,16,
XRP,TREND_PULLBACK,SHORT,56859,56860,2026-08-16T06:45:00+00:00,2026-08-16T07:00:00+00:00,0.9997,1.002251184462329,0.9958732233065066,0.002551184462328937,1.5,2026-08-16T16:15:00+00:00,1.002251184462329,SL,-1.0,1.020128719906522,-2.020128719906522,37,
FET,TREND_PULLBACK,SHORT,56895,56896,2026-08-16T15:45:00+00:00,2026-08-16T16:00:00+00:00,0.1235,0.12487685708814339,0.12143471436778491,0.0013768570881433906,1.5,2026-08-16T17:00:00+00:00,0.12487685708814339,SL,-1.0,0.23451229397379514,-1.2345122939737951,4,
CRV,TREND_PULLBACK,LONG,56897,56898,2026-08-16T16:15:00+00:00,2026-08-16T16:30:00+00:00,0.2487,0.2450936303947179,0.25410955440792315,0.0036063696052821004,1.5,2026-08-16T17:00:00+00:00,0.25410955440792315,TP,1.5,0.1812494259526041,1.318750574047396,2,
BTC,TREND_PULLBACK,SHORT,56902,56903,2026-08-16T17:30:00+00:00,2026-08-16T17:45:00+00:00,63096.6,63213.92429001715,62920.613564974265,117.32429001715354,1.5,2026-08-16T21:30:00+00:00,62920.613564974265,TP,1.500000000000031,1.3963210654035467,0.10367893459648436,15,
DOGE,TREND_PULLBACK,SHORT,56911,56912,2026-08-16T19:45:00+00:00,2026-08-16T20:00:00+00:00,0.06989,0.07009539126738192,0.06958191309892711,0.00020539126738192137,1.5,2026-08-16T21:30:00+00:00,0.06958191309892711,TP,1.5,0.882771158383555,0.617228841616445,6,
FET,TREND_PULLBACK,SHORT,56914,56915,2026-08-16T20:30:00+00:00,2026-08-16T20:45:00+00:00,0.1237,0.12515378649764136,0.12151932025353797,0.0014537864976413573,1.5,2026-08-16T21:30:00+00:00,0.12151932025353797,TP,1.5,0.21927918359869253,1.2807208164013075,3,
XRP,TREND_PULLBACK,SHORT,56914,56915,2026-08-16T20:30:00+00:00,2026-08-16T20:45:00+00:00,0.9991,1.002713593511207,0.9936796097331895,0.003613593511207047,1.5,2026-08-16T21:30:00+00:00,0.9936796097331895,TP,1.4999999999999847,0.7169078327760791,0.7830921672239056,3,
UNI,TREND_PULLBACK,SHORT,56927,56928,2026-08-16T23:45:00+00:00,2026-08-17T00:00:00+00:00,3.272,3.303144303484405,3.2252835447733923,0.031144303484405,1.5,2026-08-17T01:30:00+00:00,3.303144303484405,SL,-1.0,0.2744542866020375,-1.2744542866020376,6,
LINK,TREND_PULLBACK,LONG,56930,56931,2026-08-17T00:30:00+00:00,2026-08-17T00:45:00+00:00,9.411,9.321179697030463,9.545730454454304,0.08982030296953702,1.5,2026-08-17T01:30:00+00:00,9.545730454454304,TP,1.49999999999999,0.27436725078904084,1.2256327492109491,3,
FET,TREND_PULLBACK,SHORT,56940,56941,2026-08-17T03:00:00+00:00,2026-08-17T03:15:00+00:00,0.1213,0.12301792093688985,0.11872311859466525,0.0017179209368898413,1.5,2026-08-17T04:30:00+00:00,0.12301792093688985,SL,-1.0,0.18488237170737926,-1.1848823717073793,5,
CRV,TREND_PULLBACK,LONG,56928,56929,2026-08-17T00:00:00+00:00,2026-08-17T00:15:00+00:00,0.2502,0.24674049129927847,0.2553892630510822,0.0034595087007215086,1.5,2026-08-17T06:00:00+00:00,0.24674049129927847,SL,-1.0,0.18673826100056595,-1.186738261000566,23,
SUI,TREND_PULLBACK,SHORT,56951,56952,2026-08-17T05:45:00+00:00,2026-08-17T06:00:00+00:00,0.6754,0.6796731784506889,0.6689902323239667,0.004273178450688864,1.5,2026-08-17T06:45:00+00:00,0.6796731784506889,SL,-1.0,0.4122446914665862,-1.4122446914665863,3,
LINK,TREND_PULLBACK,LONG,56952,56953,2026-08-17T06:00:00+00:00,2026-08-17T06:15:00+00:00,9.456,9.379230932385655,9.571153601421518,0.07676906761434488,1.5,2026-08-17T08:00:00+00:00,9.379230932385655,SL,-1.0,0.3189539872375107,-1.3189539872375107,7,
UNI,TREND_PULLBACK,SHORT,56941,56942,2026-08-17T03:15:00+00:00,2026-08-17T03:30:00+00:00,3.265,3.3045742720974607,3.205638591853809,0.03957427209746056,1.5,2026-08-17T10:45:00+00:00,3.3045742720974607,SL,-1.0,0.2158080515718375,-1.2158080515718375,29,
FET,TREND_PULLBACK,SHORT,56956,56957,2026-08-17T07:00:00+00:00,2026-08-17T07:15:00+00:00,0.1217,0.12352754721311543,0.11895867918032686,0.001827547213115427,1.5,2026-08-17T15:45:00+00:00,0.12352754721311543,SL,-1.0,0.17443916583342192,-1.174439165833422,34,
XRP,TREND_PULLBACK,SHORT,56960,56961,2026-08-17T08:00:00+00:00,2026-08-17T08:15:00+00:00,1.0009,1.0058832872922683,0.9934250690615973,0.004983287292268379,1.5,2026-08-17T15:45:00+00:00,1.0058832872922683,SL,-1.0,0.5235135203879488,-1.5235135203879488,30,
SUI,TREND_PULLBACK,SHORT,56992,56993,2026-08-17T16:00:00+00:00,2026-08-17T16:15:00+00:00,0.6763,0.6796695679364261,0.6712456480953609,0.0033695679364260656,1.5,2026-08-17T23:00:00+00:00,0.6712456480953609,TP,1.5,0.5198913853572653,0.9801086146427347,27,
LINK,TREND_PULLBACK,LONG,57021,57022,2026-08-17T23:15:00+00:00,2026-08-17T23:30:00+00:00,9.523,9.452098838299843,9.629351742550234,0.07090116170015648,1.5,2026-08-18T01:45:00+00:00,9.452098838299843,SL,-1.0,0.3479157167284518,-1.3479157167284517,9,
UNI,TREND_PULLBACK,SHORT,56983,56984,2026-08-17T13:45:00+00:00,2026-08-17T14:00:00+00:00,3.283,3.321183141518219,3.225725287722671,0.038183141518219,1.5,2026-08-18T02:15:00+00:00,3.225725287722671,TP,1.5000000000000058,0.22159891872705556,1.2784010812729503,49,
FET,TREND_PULLBACK,SHORT,57019,57020,2026-08-17T22:45:00+00:00,2026-08-17T23:00:00+00:00,0.1231,0.12453999759724706,0.12094000360412942,0.0014399975972470558,1.5,2026-08-18T02:30:00+00:00,0.12094000360412942,TP,1.5,0.22031425975423924,1.2796857402457609,14,
SUI,TREND_PULLBACK,SHORT,57023,57024,2026-08-17T23:45:00+00:00,2026-08-18T00:00:00+00:00,0.6747,0.6784191186473788,0.6691213220289317,0.0037191186473788385,1.5,2026-08-18T02:30:00+00:00,0.6691213220289317,TP,1.5,0.4697262669661909,1.030273733033809,10,
XRP,TREND_PULLBACK,SHORT,57028,57029,2026-08-18T01:00:00+00:00,2026-08-18T01:15:00+00:00,1.0007,1.0053806709898192,0.993678993515271,0.00468067098981928,1.5,2026-08-18T02:30:00+00:00,0.993678993515271,TP,1.5,0.5539147479515444,0.9460852520484556,5,
SOL,TREND_PULLBACK,LONG,57040,57041,2026-08-18T04:00:00+00:00,2026-08-18T04:15:00+00:00,75.63,75.21929138209273,76.24606292686089,0.410708617907261,1.5,2026-08-18T11:15:00+00:00,76.24606292686089,TP,1.5,0.4807273896782495,1.0192726103217504,28,
XRP,TREND_PULLBACK,SHORT,57077,57078,2026-08-18T13:15:00+00:00,2026-08-18T13:30:00+00:00,0.9961,1.0003900617329209,0.9896649074006186,0.004290061732920902,1.5,2026-08-18T14:15:00+00:00,1.0003900617329209,SL,-1.0,0.604988282647785,-1.604988282647785,3,
SOL,TREND_PULLBACK,LONG,57079,57080,2026-08-18T13:45:00+00:00,2026-08-18T14:00:00+00:00,76.18,75.89950423399002,76.60074364901499,0.2804957660099916,1.5,2026-08-18T14:15:00+00:00,76.60074364901499,TP,1.4999999999999747,0.7080854359015336,0.7919145640984411,1,
UNI,TREND_PULLBACK,SHORT,57080,57081,2026-08-18T14:00:00+00:00,2026-08-18T14:15:00+00:00,3.267,3.298639312706477,3.2195410309402845,0.03163931270647691,1.5,2026-08-18T14:15:00+00:00,3.298639312706477,SL,-1.0,0.2697698014398127,-1.2697698014398127,0,True
LINK,TREND_PULLBACK,LONG,57058,57059,2026-08-18T08:30:00+00:00,2026-08-18T08:45:00+00:00,9.431,9.349925515435391,9.552611726846912,0.08107448456460808,1.5,2026-08-18T15:30:00+00:00,9.552611726846912,TP,1.5000000000000109,0.30439533938984936,1.1956046606101616,27,
FET,TREND_PULLBACK,SHORT,57055,57056,2026-08-18T07:45:00+00:00,2026-08-18T08:00:00+00:00,0.122,0.12350113220529559,0.11974830169205661,0.0015011322052955883,1.5,2026-08-18T20:45:00+00:00,0.11974830169205661,TP,1.5000000000000047,0.20935717126779652,1.2906428287322083,51,
UNI,TREND_PULLBACK,SHORT,57088,57089,2026-08-18T16:00:00+00:00,2026-08-18T16:15:00+00:00,3.272,3.3089037575455493,3.2166443636816755,0.03690375754554953,1.5,2026-08-18T21:00:00+00:00,3.3089037575455493,SL,-1.0,0.23182395110442996,-1.23182395110443,19,
FET,TREND_PULLBACK,SHORT,57114,57115,2026-08-18T22:30:00+00:00,2026-08-18T22:45:00+00:00,0.1201,0.12121913142605281,0.11842130286092079,0.0011191314260528135,1.5,2026-08-18T23:15:00+00:00,0.12121913142605281,SL,-1.0,0.28031995487817174,-1.2803199548781716,2,
XRP,TREND_PULLBACK,SHORT,57105,57106,2026-08-18T20:15:00+00:00,2026-08-18T20:30:00+00:00,1.0002,1.0041537341440838,0.9942693987838742,0.0039537341440838425,1.5,2026-08-19T06:45:00+00:00,1.0041537341440838,SL,-1.0,0.6590376994078572,-1.659037699407857,41,
SOL,TREND_PULLBACK,LONG,57112,57113,2026-08-18T22:00:00+00:00,2026-08-18T22:15:00+00:00,77.06,76.57592942439543,77.78610586340687,0.48407057560457645,1.5,2026-08-19T12:30:00+00:00,77.78610586340687,TP,1.5000000000000147,0.4158483241230203,1.0841516758769942,57,
FET,TREND_PULLBACK,SHORT,57148,57149,2026-08-19T07:00:00+00:00,2026-08-19T07:15:00+00:00,0.121,0.12215860705774124,0.11926208941338812,0.0011586070577412483,1.5,2026-08-19T13:00:00+00:00,0.12215860705774124,SL,-1.0,0.2728329566637765,-1.2728329566637764,23,
SUI,TREND_PULLBACK,SHORT,57172,57173,2026-08-19T13:00:00+00:00,2026-08-19T13:15:00+00:00,0.6571,0.6603184384726367,0.652272342291045,0.0032184384726366977,1.5,2026-08-19T14:30:00+00:00,0.6603184384726367,SL,-1.0,0.5321350662985794,-1.5321350662985793,5,
FET,TREND_PULLBACK,SHORT,57175,57176,2026-08-19T13:45:00+00:00,2026-08-19T14:00:00+00:00,0.1215,0.122752861137668,0.11962070829349798,0.0012528611376680099,1.5,2026-08-19T14:45:00+00:00,0.122752861137668,SL,-1.0,0.25344286763495166,-1.2534428676349516,3,
CRV,TREND_PULLBACK,LONG,57216,57217,2026-08-20T00:00:00+00:00,2026-08-20T00:15:00+00:00,0.2562,0.2508787110198423,0.26418193347023644,0.005321288980157657,1.5,2026-08-20T03:30:00+00:00,0.26418193347023644,TP,1.499999999999995,0.12713019646816182,1.3728698035318332,13,
LINK,TREND_PULLBACK,LONG,57240,57241,2026-08-20T06:00:00+00:00,2026-08-20T06:15:00+00:00,10.473,10.37049209376897,10.626761859346548,0.10250790623103079,1.5,2026-08-20T08:00:00+00:00,10.626761859346548,TP,1.5000000000000087,0.26758609580152665,1.232413904198482,7,
BTC,TREND_PULLBACK,LONG,57241,57242,2026-08-20T06:15:00+00:00,2026-08-20T06:30:00+00:00,69586.6,69064.5175701297,70369.72364480546,522.0824298703083,1.5,2026-08-20T08:00:00+00:00,70369.72364480546,TP,1.499999999999986,0.34849519985463606,1.15150480014535,6,
ETH,TREND_PULLBACK,LONG,57230,57231,2026-08-20T03:30:00+00:00,2026-08-20T03:45:00+00:00,2250.31,2210.8438305577156,2309.5092541634267,39.466169442284354,1.5,2026-08-20T11:30:00+00:00,2309.5092541634267,TP,1.5000000000000058,0.15019864137261324,1.3498013586273925,31,
ETH,TREND_PULLBACK,LONG,57267,57268,2026-08-20T12:45:00+00:00,2026-08-20T13:00:00+00:00,2289.57,2256.7134399161027,2338.8548401258463,32.85656008389742,1.5,2026-08-20T13:30:00+00:00,2256.7134399161027,SL,-1.0,0.17987788304069702,-1.179877883040697,2,
ETH,TREND_PULLBACK,LONG,57276,57277,2026-08-20T15:00:00+00:00,2026-08-20T15:15:00+00:00,2297.01,2256.800553333637,2357.324169999545,40.20944666636342,1.5,2026-08-20T16:30:00+00:00,2357.324169999545,TP,1.4999999999999944,0.15047793298933837,1.349522067010656,5,
LINK,TREND_PULLBACK,LONG,57276,57277,2026-08-20T15:00:00+00:00,2026-08-20T15:15:00+00:00,10.627,10.467385089145365,10.866422366281954,0.15961491085463564,1.5,2026-08-20T17:45:00+00:00,10.866422366281954,TP,1.5,0.1750553812708222,1.3249446187291778,10,
CRV,TREND_PULLBACK,LONG,57276,57277,2026-08-20T15:00:00+00:00,2026-08-20T15:15:00+00:00,0.2695,0.26324076552159353,0.27888885171760974,0.0062592344784064835,1.5,2026-08-20T20:15:00+00:00,0.27888885171760974,TP,1.5,0.11389659705069698,1.3861034029493031,20,
BNB,TREND_PULLBACK,LONG,57272,57273,2026-08-20T14:00:00+00:00,2026-08-20T14:15:00+00:00,644.14,636.5075009540369,655.5887485689445,7.632499045963073,1.5,2026-08-20T22:15:00+00:00,655.5887485689445,TP,1.4999999999999925,0.22137537954011327,1.2786246204598792,32,
SOL,TREND_PULLBACK,LONG,57279,57280,2026-08-20T15:45:00+00:00,2026-08-20T16:00:00+00:00,87.35,86.0190681092995,89.34639783605074,1.3309318907004979,1.5,2026-08-21T01:45:00+00:00,89.34639783605074,TP,1.5,0.17258983633337324,1.3274101636666267,39,
DOGE,TREND_PULLBACK,LONG,57309,57310,2026-08-20T23:15:00+00:00,2026-08-20T23:30:00+00:00,0.08055,0.07905937160795848,0.08278594258806227,0.001490628392041518,1.5,2026-08-21T01:45:00+00:00,0.08278594258806227,TP,1.4999999999999953,0.14244779349309938,1.357552206506896,9,
AVAX,TREND_PULLBACK,LONG,57315,57316,2026-08-21T00:45:00+00:00,2026-08-21T01:00:00+00:00,7.271,7.1301126538915,7.48233101916275,0.1408873461085003,1.5,2026-08-21T07:30:00+00:00,7.48233101916275,TP,1.499999999999997,0.13613238416842044,1.3638676158315763,26,
ADA,TREND_PULLBACK,LONG,57349,57350,2026-08-21T09:15:00+00:00,2026-08-21T09:30:00+00:00,0.2111,0.20556955595933094,0.21939566606100364,0.005530444040669075,1.5,2026-08-21T15:00:00+00:00,0.21939566606100364,TP,1.5000000000000024,0.10119338732366936,1.398806612676333,22,
DOGE,TREND_PULLBACK,LONG,57366,57367,2026-08-21T13:30:00+00:00,2026-08-21T13:45:00+00:00,0.08402,0.08203586957650343,0.08699619563524486,0.0019841304234965718,1.5,2026-08-21T20:30:00+00:00,0.08699619563524486,TP,1.5,0.11204961714866947,1.3879503828513304,27,
ETH,TREND_PULLBACK,LONG,57387,57388,2026-08-21T18:45:00+00:00,2026-08-21T19:00:00+00:00,2419.8,2383.980210985883,2473.529683521176,35.819789014117305,1.5,2026-08-21T21:15:00+00:00,2473.529683521176,TP,1.5,0.17759257560312267,1.3224074243968773,9,
AVAX,TREND_PULLBACK,LONG,57349,57350,2026-08-21T09:15:00+00:00,2026-08-21T09:30:00+00:00,7.509,7.31051883906295,7.8067217414055765,0.19848116093705048,1.5,2026-08-21T22:00:00+00:00,7.8067217414055765,TP,1.5000000000000022,0.10031399539295303,1.3996860046070492,50,
BNB,TREND_PULLBACK,LONG,57349,57350,2026-08-21T09:15:00+00:00,2026-08-21T09:30:00+00:00,674.06,665.5795758064351,686.7806362903473,8.480424193564886,1.5,2026-08-21T22:00:00+00:00,686.7806362903473,TP,1.5,0.20860900195533547,1.2913909980446645,50,
SOL,TREND_PULLBACK,LONG,57393,57394,2026-08-21T20:15:00+00:00,2026-08-21T20:30:00+00:00,91.82,90.30851423148287,94.08722865277568,1.5114857685171188,1.5,2026-08-21T22:00:00+00:00,94.08722865277568,TP,1.5000000000000047,0.15989525160115406,1.3401047483988506,6,
XRP,TREND_PULLBACK,LONG,57397,57398,2026-08-21T21:15:00+00:00,2026-08-21T21:30:00+00:00,1.3919,1.354553959486349,1.4479190607704764,0.03734604051365098,1.5,2026-08-21T22:30:00+00:00,1.4479190607704764,TP,1.5,0.09885290992634627,1.4011470900736538,4,
ETH,TREND_PULLBACK,LONG,57426,57427,2026-08-22T04:30:00+00:00,2026-08-22T04:45:00+00:00,2527.58,2488.1952617859483,2586.657107321077,39.384738214051595,1.5,2026-08-22T05:00:00+00:00,2488.1952617859483,SL,-1.0,0.1655592530508521,-1.165559253050852,1,
BTC,TREND_PULLBACK,LONG,57366,57367,2026-08-21T13:30:00+00:00,2026-08-21T13:45:00+00:00,77299.9,75846.07789795041,79480.63315307436,1453.822102049584,1.5,2026-08-22T13:45:00+00:00,77290.6,TIME,-0.006396931224857093,0.13823400381427536,-0.14463093503913246,96,
DOGE,TREND_PULLBACK,LONG,57473,57474,2026-08-22T16:15:00+00:00,2026-08-22T16:30:00+00:00,0.09115,0.08886892243397389,0.09457161634903916,0.0022810775660261073,1.5,2026-08-22T20:00:00+00:00,0.09457161634903916,TP,1.5,0.10584388047547333,1.3941561195245267,14,
SOL,TREND_PULLBACK,LONG,57473,57474,2026-08-22T16:15:00+00:00,2026-08-22T16:30:00+00:00,93.91,92.36339711908755,96.22990432136866,1.5466028809124452,1.5,2026-08-23T00:30:00+00:00,96.22990432136866,TP,1.5,0.15982245906069306,1.3401775409393069,32,
CRV,TREND_PULLBACK,LONG,57490,57491,2026-08-22T20:30:00+00:00,2026-08-22T20:45:00+00:00,0.3418,0.33162524302636104,0.3570621354604584,0.010174756973638954,1.5,2026-08-23T00:45:00+00:00,0.33162524302636104,SL,-1.0,0.08604164386455784,-1.086041643864558,16,
BTC,TREND_PULLBACK,LONG,57473,57474,2026-08-22T16:15:00+00:00,2026-08-22T16:30:00+00:00,77209.0,76752.74718707269,77893.37921939098,456.25281292731233,1.5,2026-08-23T04:00:00+00:00,76752.74718707269,SL,-1.0,0.43868282161162553,-1.4386828216116254,46,
ADA,TREND_PULLBACK,LONG,57456,57457,2026-08-22T12:00:00+00:00,2026-08-22T12:15:00+00:00,0.2268,0.2169528125982246,0.2415707811026631,0.009847187401775398,1.5,2026-08-23T04:45:00+00:00,0.2169528125982246,SL,-1.0,0.058583089042631986,-1.058583089042632,66,
ETH,TREND_PULLBACK,LONG,57456,57457,2026-08-22T12:00:00+00:00,2026-08-22T12:15:00+00:00,2432.32,2394.7170044478603,2488.72449332821,37.60299555213987,1.5,2026-08-23T04:45:00+00:00,2394.7170044478603,SL,-1.0,0.16687894178752785,-1.1668789417875278,66,
XRP,TREND_PULLBACK,LONG,57520,57521,2026-08-23T04:00:00+00:00,2026-08-23T04:15:00+00:00,1.4864,1.4500228940032984,1.5409656589950522,0.03637710599670152,1.5,2026-08-23T04:45:00+00:00,1.4500228940032984,SL,-1.0,0.1049382477690893,-1.1049382477690892,2,
CRV,TREND_PULLBACK,LONG,57536,57537,2026-08-23T08:00:00+00:00,2026-08-23T08:15:00+00:00,0.3239,0.31514077832952575,0.3370388325057114,0.008759221670474271,1.5,2026-08-23T10:30:00+00:00,0.3370388325057114,TP,1.5,0.09809324556241104,1.401906754437589,9,
ADA,TREND_PULLBACK,LONG,57536,57537,2026-08-23T08:00:00+00:00,2026-08-23T08:15:00+00:00,0.2194,0.2138230432567232,0.22776543511491526,0.005576956743276823,1.5,2026-08-23T13:15:00+00:00,0.22776543511491526,TP,1.5000000000000024,0.10423517563592032,1.3957648243640821,20,
ETH,TREND_PULLBACK,LONG,57536,57537,2026-08-23T08:00:00+00:00,2026-08-23T08:15:00+00:00,2406.58,2376.619563411181,2451.5206548832284,29.960436588818993,1.5,2026-08-23T13:15:00+00:00,2451.5206548832284,TP,1.5,0.2107956882612687,1.2892043117387313,20,
BTC,TREND_PULLBACK,LONG,57538,57539,2026-08-23T08:30:00+00:00,2026-08-23T08:45:00+00:00,76529.3,75859.194877882,77534.45768317702,670.1051221180096,1.5,2026-08-23T13:15:00+00:00,77534.45768317702,TP,1.5000000000000109,0.2988827847712811,1.2011172152287297,18,
XRP,TREND_PULLBACK,LONG,57536,57537,2026-08-23T08:00:00+00:00,2026-08-23T08:15:00+00:00,1.472,1.4269337106449738,1.5395994340325392,0.04506628935502621,1.5,2026-08-23T14:00:00+00:00,1.5395994340325392,TP,1.4999999999999976,0.08687378793048234,1.4131262120695152,23,
BNB,TREND_PULLBACK,LONG,57563,57564,2026-08-23T14:45:00+00:00,2026-08-23T15:00:00+00:00,695.95,688.7834954323291,706.6997568515064,7.166504567670927,1.5,2026-08-23T21:15:00+00:00,706.6997568515064,TP,1.5,0.2544398969802886,1.2455601030197114,25,
LINK,TREND_PULLBACK,LONG,57550,57551,2026-08-23T11:30:00+00:00,2026-08-23T11:45:00+00:00,11.423,11.219678815233125,11.727981777150312,0.20332118476687455,1.5,2026-08-23T21:30:00+00:00,11.727981777150312,TP,1.5,0.14802331761347648,1.3519766823865236,39,
CRV,TREND_PULLBACK,LONG,57588,57589,2026-08-23T21:00:00+00:00,2026-08-23T21:15:00+00:00,0.3304,0.32252636530607887,0.34221045204088174,0.007873634693921161,1.5,2026-08-24T00:15:00+00:00,0.32252636530607887,SL,-1.0,0.1078033599340368,-1.107803359934037,12,
SOL,TREND_PULLBACK,LONG,57593,57594,2026-08-23T22:15:00+00:00,2026-08-23T22:30:00+00:00,95.56,94.4012094167724,97.29818587484141,1.1587905832275993,1.5,2026-08-24T00:15:00+00:00,94.4012094167724,SL,-1.0,0.21310975064534204,-1.213109750645342,7,
ADA,TREND_PULLBACK,LONG,57563,57564,2026-08-23T14:45:00+00:00,2026-08-23T15:00:00+00:00,0.2255,0.21960530119208296,0.23434204821187557,0.005894698807917043,1.5,2026-08-24T01:30:00+00:00,0.21960530119208296,SL,-1.0,0.0981622488960001,-1.0981622488960001,42,
AVAX,TREND_PULLBACK,LONG,57563,57564,2026-08-23T14:45:00+00:00,2026-08-23T15:00:00+00:00,7.566,7.427686894410205,7.773469658384692,0.13831310558979482,1.5,2026-08-24T01:45:00+00:00,7.427686894410205,SL,-1.0,0.14092513417015945,-1.1409251341701594,43,
DOGE,TREND_PULLBACK,LONG,57563,57564,2026-08-23T14:45:00+00:00,2026-08-23T15:00:00+00:00,0.09271,0.09052477365382128,0.09598783951926809,0.002185226346178723,1.5,2026-08-24T01:45:00+00:00,0.09052477365382128,SL,-1.0,0.10900710865330451,-1.1090071086533044,43,
BTC,TREND_PULLBACK,LONG,57603,57604,2026-08-24T00:45:00+00:00,2026-08-24T01:00:00+00:00,77674.1,76950.23667935206,78759.89498097192,723.8633206479426,1.5,2026-08-24T01:45:00+00:00,76950.23667935206,SL,-1.0,0.27769280739798874,-1.2776928073979887,3,
ETH,TREND_PULLBACK,LONG,57603,57604,2026-08-24T00:45:00+00:00,2026-08-24T01:00:00+00:00,2464.6,2430.879239691444,2515.1811404628334,33.72076030855578,1.5,2026-08-24T01:45:00+00:00,2430.879239691444,SL,-1.0,0.18873011620631053,-1.1887301162063104,3,
BTC,TREND_PULLBACK,LONG,57611,57612,2026-08-24T02:45:00+00:00,2026-08-24T03:00:00+00:00,77461.6,76744.34230407893,78537.48654388162,717.257695921071,1.5,2026-08-24T04:45:00+00:00,76744.34230407893,SL,-1.0,0.27949191223089037,-1.2794919122308903,7,
UNI,TREND_PULLBACK,LONG,57620,57621,2026-08-24T05:00:00+00:00,2026-08-24T05:15:00+00:00,4.499,4.372167523223598,4.689248715164602,0.12683247677640175,1.5,2026-08-24T07:30:00+00:00,4.372167523223598,SL,-1.0,0.09092716686848143,-1.0909271668684815,9,
XRP,TREND_PULLBACK,LONG,57620,57621,2026-08-24T05:00:00+00:00,2026-08-24T05:15:00+00:00,1.4851,1.4542810538131963,1.531328419280206,0.03081894618680381,1.5,2026-08-24T08:15:00+00:00,1.4542810538131963,SL,-1.0,0.12398851494777363,-1.1239885149477735,12,
BTC,TREND_PULLBACK,LONG,57637,57638,2026-08-24T09:15:00+00:00,2026-08-24T09:30:00+00:00,77413.0,76774.25102679804,78371.12345980294,638.7489732019603,1.5,2026-08-24T11:30:00+00:00,78371.12345980294,TP,1.5,0.31705625996162823,1.1829437400383718,8,
ADA,TREND_PULLBACK,LONG,57640,57641,2026-08-24T10:00:00+00:00,2026-08-24T10:15:00+00:00,0.221,0.21666299586835552,0.22750550619746673,0.0043370041316444785,1.5,2026-08-24T13:00:00+00:00,0.22750550619746673,TP,1.500000000000003,0.13443776864368048,1.3655622313563227,11,
SOL,TREND_PULLBACK,LONG,57620,57621,2026-08-24T05:00:00+00:00,2026-08-24T05:15:00+00:00,94.5,93.0237713378381,96.71434299324285,1.4762286621619012,1.5,2026-08-24T14:30:00+00:00,96.71434299324285,TP,1.5,0.16838763008921548,1.3316123699107845,37,
UNI,TREND_PULLBACK,LONG,57646,57647,2026-08-24T11:30:00+00:00,2026-08-24T11:45:00+00:00,4.387,4.270254042357609,4.562118936463585,0.11674595764239015,1.5,2026-08-24T17:15:00+00:00,4.270254042357609,SL,-1.0,0.09640102734467988,-1.0964010273446798,22,
CRV,TREND_PULLBACK,LONG,57617,57618,2026-08-24T04:15:00+00:00,2026-08-24T04:30:00+00:00,0.3281,0.3198384596289594,0.34049231055656093,0.008261540371040599,1.5,2026-08-24T23:30:00+00:00,0.34049231055656093,TP,1.5000000000000033,0.10520677315458682,1.3947932268454166,76,
AVAX,TREND_PULLBACK,LONG,57620,57621,2026-08-24T05:00:00+00:00,2026-08-24T05:15:00+00:00,7.521,7.403062818892638,7.697905771661042,0.11793718110736151,1.5,2026-08-25T02:15:00+00:00,7.697905771661042,TP,1.5,0.16775521779809965,1.3322447822019003,84,
BTC,TREND_PULLBACK,LONG,57655,57656,2026-08-24T13:45:00+00:00,2026-08-24T14:00:00+00:00,78565.3,77516.33933314584,80138.74100028125,1048.9606668541674,1.5,2026-08-25T02:15:00+00:00,80138.74100028125,TP,1.5,0.19668540472456894,1.303314595275431,49,
BNB,TREND_PULLBACK,LONG,57657,57658,2026-08-24T14:15:00+00:00,2026-08-24T14:30:00+00:00,706.19,697.2030788690004,719.6703816964996,8.98692113099969,1.5,2026-08-25T02:15:00+00:00,719.6703816964996,TP,1.5,0.2062573454452088,1.2937426545547912,47,
UNI,TREND_PULLBACK,LONG,57694,57695,2026-08-24T23:30:00+00:00,2026-08-24T23:45:00+00:00,4.331,4.25266506133871,4.448502407991937,0.07833493866129082,1.5,2026-08-25T02:15:00+00:00,4.448502407991937,TP,1.5,0.14569939449035943,1.3543006055096405,10,
ETH,TREND_PULLBACK,LONG,57711,57712,2026-08-25T03:45:00+00:00,2026-08-25T04:00:00+00:00,2497.96,2478.612471422821,2526.981292865769,19.34752857717922,1.5,2026-08-25T07:45:00+00:00,2478.612471422821,SL,-1.0,0.33438607866849823,-1.3343860786684982,15,
LINK,TREND_PULLBACK,LONG,57712,57713,2026-08-25T04:00:00+00:00,2026-08-25T04:15:00+00:00,11.759,11.602998647462199,11.993002028806703,0.15600135253780145,1.5,2026-08-25T07:45:00+00:00,11.602998647462199,SL,-1.0,0.19468163415020145,-1.1946816341502013,14,
UNI,TREND_PULLBACK,LONG,57714,57715,2026-08-25T04:30:00+00:00,2026-08-25T04:45:00+00:00,4.396,4.323412894549637,4.504880658175544,0.07258710545036262,1.5,2026-08-25T07:45:00+00:00,4.323412894549637,SL,-1.0,0.1561604735797865,-1.1561604735797866,12,
FET,TREND_PULLBACK,LONG,57682,57683,2026-08-24T20:30:00+00:00,2026-08-24T20:45:00+00:00,0.1737,0.1680433259961634,0.1821850110057549,0.005656674003836598,1.5,2026-08-25T13:15:00+00:00,0.1680433259961634,SL,-1.0,0.07853843504039512,-1.078538435040395,66,
UNI,TREND_PULLBACK,LONG,57744,57745,2026-08-25T12:00:00+00:00,2026-08-25T12:15:00+00:00,4.385,4.306644040937461,4.502533938593809,0.0783559590625389,1.5,2026-08-25T16:15:00+00:00,4.306644040937461,SL,-1.0,0.14420265399598295,-1.1442026539959829,16,
BTC,TREND_PULLBACK,LONG,57753,57754,2026-08-25T14:15:00+00:00,2026-08-25T14:30:00+00:00,79175.9,78257.33057937601,80553.75413093597,918.5694206239859,1.5,2026-08-25T20:45:00+00:00,78257.33057937601,SL,-1.0,0.2228064587803943,-1.2228064587803944,25,
ETH,TREND_PULLBACK,LONG,57753,57754,2026-08-25T14:15:00+00:00,2026-08-25T14:30:00+00:00,2474.7,2440.6703683991473,2525.7444474012786,34.029631600852554,1.5,2026-08-25T20:45:00+00:00,2440.6703683991473,SL,-1.0,0.18777698077574254,-1.1877769807757426,25,
SOL,TREND_PULLBACK,LONG,57814,57815,2026-08-26T05:30:00+00:00,2026-08-26T05:45:00+00:00,97.14,96.02276015804753,98.81585976292871,1.1172398419524683,1.5,2026-08-26T09:30:00+00:00,96.02276015804753,SL,-1.0,0.22476068143669467,-1.2247606814366947,15,
BTC,TREND_PULLBACK,LONG,57784,57785,2026-08-25T22:00:00+00:00,2026-08-25T22:15:00+00:00,78893.6,78169.92627264198,79979.11059103704,723.673727358022,1.5,2026-08-26T12:30:00+00:00,78169.92627264198,SL,-1.0,0.2821472943336793,-1.2821472943336794,57,
BNB,TREND_PULLBACK,LONG,57895,57896,2026-08-27T01:45:00+00:00,2026-08-27T02:00:00+00:00,705.28,701.1144824902206,711.5282762646691,4.16551750977942,1.5,2026-08-27T08:00:00+00:00,711.5282762646691,TP,1.5,0.4421661305755987,1.0578338694244014,24,
ETH,TREND_PULLBACK,LONG,57901,57902,2026-08-27T03:15:00+00:00,2026-08-27T03:30:00+00:00,2496.79,2480.076990231476,2521.859514652786,16.71300976852399,1.5,2026-08-27T08:00:00+00:00,2521.859514652786,TP,1.5,0.3903692069477448,1.109630793052255,18,
SOL,TREND_PULLBACK,LONG,57910,57911,2026-08-27T05:30:00+00:00,2026-08-27T05:45:00+00:00,101.23,100.2528144253729,102.69577836194065,0.9771855746271001,1.5,2026-08-27T08:00:00+00:00,102.69577836194065,TP,1.5,0.2712929035732931,1.2287070964267068,9,
BTC,TREND_PULLBACK,LONG,57911,57912,2026-08-27T05:45:00+00:00,2026-08-27T06:00:00+00:00,78888.1,78450.116372631,79545.07544105352,437.9836273690016,1.5,2026-08-27T08:00:00+00:00,79545.07544105352,TP,1.5000000000000167,0.4702530304856474,1.0297469695143693,8,
UNI,TREND_PULLBACK,LONG,57901,57902,2026-08-27T03:15:00+00:00,2026-08-27T03:30:00+00:00,4.399,4.301807605686693,4.544788591469961,0.09719239431330706,1.5,2026-08-27T13:15:00+00:00,4.544788591469961,TP,1.5,0.11962793231979318,1.3803720676802067,39,
BTC,TREND_PULLBACK,LONG,57943,57944,2026-08-27T13:45:00+00:00,2026-08-27T14:00:00+00:00,79492.9,78788.86823314085,80548.94765028871,704.0317668591451,1.5,2026-08-27T15:00:00+00:00,80548.94765028871,TP,1.5,0.2955184861523451,1.204481513847655,4,
BNB,TREND_PULLBACK,LONG,57943,57944,2026-08-27T13:45:00+00:00,2026-08-27T14:00:00+00:00,709.16,703.8352475375477,717.1471286936783,5.324752462452238,1.5,2026-08-28T01:00:00+00:00,717.1471286936783,TP,1.4999999999999893,0.34822262262457493,1.1517773773754145,44,
ETH,TREND_PULLBACK,LONG,57985,57986,2026-08-28T00:15:00+00:00,2026-08-28T00:30:00+00:00,2511.87,2499.8376330659967,2529.9185504010047,12.032366934003221,1.5,2026-08-28T01:30:00+00:00,2529.9185504010047,TP,1.5,0.5447245044529783,0.9552754955470217,4,
XRP,TREND_PULLBACK,LONG,57967,57968,2026-08-27T19:45:00+00:00,2026-08-27T20:00:00+00:00,1.4566,1.4304393798325559,1.495840930251166,0.026160620167444026,1.5,2026-08-28T02:15:00+00:00,1.4304393798325559,SL,-1.0,0.14346568123231984,-1.1434656812323198,25,
AVAX,TREND_PULLBACK,LONG,57976,57977,2026-08-27T22:00:00+00:00,2026-08-27T22:15:00+00:00,7.526,7.447620430380196,7.643569354429705,0.07837956961980375,1.5,2026-08-28T02:15:00+00:00,7.447620430380196,SL,-1.0,0.24835179184979803,-1.248351791849798,16,
SUI,TREND_PULLBACK,LONG,57988,57989,2026-08-28T01:00:00+00:00,2026-08-28T01:15:00+00:00,0.7841,0.7721881853345556,0.8019677219981667,0.011911814665444442,1.5,2026-08-28T02:15:00+00:00,0.7721881853345556,SL,-1.0,0.16984604762228606,-1.169846047622286,4,
DOGE,TREND_PULLBACK,LONG,57976,57977,2026-08-27T22:00:00+00:00,2026-08-27T22:15:00+00:00,0.08902,0.08790496915377702,0.09069254626933448,0.0011150308462229835,1.5,2026-08-28T02:30:00+00:00,0.08790496915377702,SL,-1.0,0.2062745265559356,-1.2062745265559356,17,
ETH,TREND_PULLBACK,LONG,58008,58009,2026-08-28T06:00:00+00:00,2026-08-28T06:15:00+00:00,2502.15,2481.012723669946,2533.8559144950814,21.137276330054192,1.5,2026-08-28T10:00:00+00:00,2481.012723669946,SL,-1.0,0.30647806461043325,-1.3064780646104333,15,
BTC,TREND_PULLBACK,LONG,58027,58028,2026-08-28T10:45:00+00:00,2026-08-28T11:00:00+00:00,79528.4,79051.930945476,80243.103581786,476.46905452400097,1.5,2026-08-28T13:15:00+00:00,79051.930945476,SL,-1.0,0.4326711845642732,-1.4326711845642732,9,
UNI,TREND_PULLBACK,LONG,58028,58029,2026-08-28T11:00:00+00:00,2026-08-28T11:15:00+00:00,4.617,4.5219186199313155,4.759622070103027,0.0950813800686845,1.5,2026-08-28T14:00:00+00:00,4.5219186199313155,SL,-1.0,0.12495184858831934,-1.1249518485883194,11,
BTC,TREND_PULLBACK,LONG,58042,58043,2026-08-28T14:30:00+00:00,2026-08-28T14:45:00+00:00,79382.7,78495.55395987678,80713.41906018482,887.146040123218,1.5,2026-08-28T15:45:00+00:00,78495.55395987678,SL,-1.0,0.2313505565772838,-1.2313505565772838,4,
ETH,TREND_PULLBACK,LONG,58043,58044,2026-08-28T14:45:00+00:00,2026-08-28T15:00:00+00:00,2512.04,2475.3810426417976,2567.0284360373034,36.658957358202315,1.5,2026-08-28T15:45:00+00:00,2475.3810426417976,SL,-1.0,0.17686393238305353,-1.1768639323830534,3,
SOL,TREND_PULLBACK,LONG,58042,58043,2026-08-28T14:30:00+00:00,2026-08-28T14:45:00+00:00,106.18,103.94671361539008,109.5299295769149,2.233286384609926,1.5,2026-08-28T16:15:00+00:00,103.94671361539008,SL,-1.0,0.1223151359281309,-1.122315135928131,6,
SOL,TREND_PULLBACK,LONG,58094,58095,2026-08-29T03:30:00+00:00,2026-08-29T03:45:00+00:00,104.06,103.32592668088708,105.16110997866939,0.7340733191129232,1.5,2026-08-29T06:15:00+00:00,103.32592668088708,SL,-1.0,0.367268088439651,-1.3672680884396509,10,
UNI,TREND_PULLBACK,LONG,58218,58219,2026-08-30T10:30:00+00:00,2026-08-30T10:45:00+00:00,4.886,4.774183349612317,5.053724975581526,0.1118166503876834,1.5,2026-08-30T11:15:00+00:00,5.053724975581526,TP,1.500000000000004,0.11556098687856332,1.3844390131214406,2,
SOL,TREND_PULLBACK,LONG,58237,58238,2026-08-30T15:15:00+00:00,2026-08-30T15:30:00+00:00,106.35,105.56360023312895,107.52959965030655,0.7863997668710425,1.5,2026-08-30T17:15:00+00:00,105.56360023312895,SL,-1.0,0.35031505845835703,-1.350315058458357,7,
UNI,TREND_PULLBACK,LONG,58273,58274,2026-08-31T00:15:00+00:00,2026-08-31T00:30:00+00:00,5.238,5.059973397699274,5.50503990345109,0.17802660230072664,1.5,2026-08-31T02:30:00+00:00,5.059973397699274,SL,-1.0,0.0751986795456266,-1.0751986795456265,8,
UNI,TREND_PULLBACK,LONG,58314,58315,2026-08-31T10:30:00+00:00,2026-08-31T10:45:00+00:00,5.18,5.056595812497458,5.365106281253812,0.12340418750254134,1.5,2026-08-31T12:45:00+00:00,5.056595812497458,SL,-1.0,0.10783730135553662,-1.1078373013555367,8,
UNI,TREND_PULLBACK,LONG,58329,58330,2026-08-31T14:15:00+00:00,2026-08-31T14:30:00+00:00,5.128,5.008733026275249,5.306900460587126,0.11926697372475115,1.5,2026-09-01T00:00:00+00:00,5.306900460587126,TP,1.4999999999999962,0.11373953891099761,1.3862604610889986,38,
ETH,TREND_PULLBACK,LONG,58368,58369,2026-09-01T00:00:00+00:00,2026-09-01T00:15:00+00:00,2471.18,2455.812684376175,2494.230973435737,15.367315623824652,1.5,2026-09-01T01:15:00+00:00,2455.812684376175,SL,-1.0,0.41679956646162214,-1.4167995664616222,4,
UNI,TREND_PULLBACK,LONG,58428,58429,2026-09-01T15:00:00+00:00,2026-09-01T15:15:00+00:00,5.736,5.596055631228974,5.945916553156539,0.139944368771026,1.5,2026-09-01T18:30:00+00:00,5.596055631228974,SL,-1.0,0.10526806080136966,-1.1052680608013696,13,
UNI,TREND_PULLBACK,LONG,58471,58472,2026-09-02T01:45:00+00:00,2026-09-02T02:00:00+00:00,5.847,5.7331122625104065,6.017831606234392,0.11388773748959391,1.5,2026-09-02T02:45:00+00:00,6.017831606234392,TP,1.500000000000004,0.13543408121101758,1.3645659187889865,3,
CRV,TREND_PULLBACK,LONG,58443,58444,2026-09-01T18:45:00+00:00,2026-09-01T19:00:00+00:00,0.3682,0.35353694557729215,0.39019458163406184,0.014663054422707877,1.5,2026-09-02T03:30:00+00:00,0.39019458163406184,TP,1.5,0.0672378978964608,1.4327621021035393,34,
UNI,TREND_PULLBACK,LONG,58556,58557,2026-09-02T23:00:00+00:00,2026-09-02T23:15:00+00:00,5.87,5.778556980452054,6.007164529321919,0.09144301954794631,1.5,2026-09-03T00:45:00+00:00,5.778556980452054,SL,-1.0,0.1656017501330178,-1.1656017501330178,6,
UNI,TREND_PULLBACK,LONG,58592,58593,2026-09-03T08:00:00+00:00,2026-09-03T08:15:00+00:00,5.762,5.616629857971828,5.980055213042256,0.14537014202817122,1.5,2026-09-03T09:30:00+00:00,5.980055213042256,TP,1.499999999999997,0.10500555041073564,1.3949944495892612,5,
CRV,TREND_PULLBACK,LONG,58564,58565,2026-09-03T01:00:00+00:00,2026-09-03T01:15:00+00:00,0.3601,0.3520919786243181,0.3721120320635227,0.00800802137568185,1.5,2026-09-03T18:30:00+00:00,0.3721120320635227,TP,1.4999999999999964,0.11886527233470716,1.3811347276652892,69,
CRV,TREND_PULLBACK,LONG,58640,58641,2026-09-03T20:00:00+00:00,2026-09-03T20:15:00+00:00,0.3722,0.3654925002949348,0.38226124955759777,0.0067074997050651786,1.5,2026-09-03T22:00:00+00:00,0.3654925002949348,SL,-1.0,0.1429743261351506,-1.1429743261351506,7,
BNB,TREND_PULLBACK,LONG,58650,58651,2026-09-03T22:30:00+00:00,2026-09-03T22:45:00+00:00,723.64,719.4322807893942,729.9515788159086,4.207719210605774,1.5,2026-09-04T00:30:00+00:00,729.9515788159086,TP,1.5,0.4490958065114404,1.0509041934885597,7,
SUI,TREND_PULLBACK,LONG,58673,58674,2026-09-04T04:15:00+00:00,2026-09-04T04:30:00+00:00,0.7772,0.7671017311618659,0.7923474032572012,0.010098268838134139,1.5,2026-09-04T05:30:00+00:00,0.7671017311618659,SL,-1.0,0.1988055856593108,-1.1988055856593107,4,
DOGE,TREND_PULLBACK,LONG,58673,58674,2026-09-04T04:15:00+00:00,2026-09-04T04:30:00+00:00,0.08752,0.08653024116843369,0.08900463824734947,0.0009897588315663092,1.5,2026-09-04T06:30:00+00:00,0.08653024116843369,SL,-1.0,0.22860651130629,-1.22860651130629,8,
SOL,TREND_PULLBACK,LONG,58673,58674,2026-09-04T04:15:00+00:00,2026-09-04T04:30:00+00:00,104.24,103.22602989932415,105.76095515101377,1.0139701006758486,1.5,2026-09-04T08:00:00+00:00,103.22602989932415,SL,-1.0,0.26598993273011945,-1.2659899327301194,14,
ETH,TREND_PULLBACK,LONG,58680,58681,2026-09-04T06:00:00+00:00,2026-09-04T06:15:00+00:00,2513.83,2495.5079264695414,2541.3131102956877,18.32207353045851,1.5,2026-09-04T09:15:00+00:00,2541.3131102956877,TP,1.5,0.35867589072053774,1.1413241092794624,12,
CRV,TREND_PULLBACK,LONG,58659,58660,2026-09-04T00:45:00+00:00,2026-09-04T01:00:00+00:00,0.3699,0.36053200399191393,0.3839519940121291,0.009367996008086077,1.5,2026-09-04T12:30:00+00:00,0.36053200399191393,SL,-1.0,0.1013622982300446,-1.1013622982300446,46,
XRP,TREND_PULLBACK,LONG,58673,58674,2026-09-04T04:15:00+00:00,2026-09-04T04:30:00+00:00,1.455,1.4365566250666864,1.4826650623999706,0.018443374933313716,1.5,2026-09-04T12:30:00+00:00,1.4365566250666864,SL,-1.0,0.20381430330285594,-1.2038143033028559,32,
LINK,TREND_PULLBACK,LONG,58684,58685,2026-09-04T07:00:00+00:00,2026-09-04T07:15:00+00:00,11.952,11.792601155058835,12.191098267411748,0.1593988449411654,1.5,2026-09-04T12:30:00+00:00,11.792601155058835,SL,-1.0,0.19365247918182812,-1.1936524791818282,21,
BTC,TREND_PULLBACK,LONG,58689,58690,2026-09-04T08:15:00+00:00,2026-09-04T08:30:00+00:00,80947.1,80425.03357342721,81730.1996398592,522.0664265727974,1.5,2026-09-04T12:30:00+00:00,80425.03357342721,SL,-1.0,0.4018334889347706,-1.4018334889347706,16,
SOL,TREND_PULLBACK,LONG,58701,58702,2026-09-04T11:15:00+00:00,2026-09-04T11:30:00+00:00,104.19,103.23838322609222,105.61742516086166,0.951616773907773,1.5,2026-09-04T12:30:00+00:00,103.23838322609222,SL,-1.0,0.28336711330400943,-1.2833671133040094,4,
DOGE,TREND_PULLBACK,LONG,58705,58706,2026-09-04T12:15:00+00:00,2026-09-04T12:30:00+00:00,0.08792,0.08699003359787714,0.08931494960318428,0.0009299664021228532,1.5,2026-09-04T12:30:00+00:00,0.08699003359787714,SL,-1.0,0.24450672966054302,-1.244506729660543,0,True
DOGE,TREND_PULLBACK,LONG,58738,58739,2026-09-04T20:30:00+00:00,2026-09-04T20:45:00+00:00,0.08473,0.08408342811631861,0.08569985782552209,0.0006465718836813905,1.5,2026-09-05T06:30:00+00:00,0.08569985782552209,TP,1.5,0.34266694974685236,1.1573330502531476,39,
AVAX,TREND_PULLBACK,LONG,58751,58752,2026-09-04T23:45:00+00:00,2026-09-05T00:00:00+00:00,7.382,7.335009891841757,7.452485162237363,0.04699010815824245,1.5,2026-09-05T06:30:00+00:00,7.452485162237363,TP,1.5,0.41040192216552407,1.0895980778344758,26,
BNB,TREND_PULLBACK,LONG,58760,58761,2026-09-05T02:00:00+00:00,2026-09-05T02:15:00+00:00,721.7,718.7306064279697,726.1540903580456,2.969393572030299,1.5,2026-09-05T06:30:00+00:00,726.1540903580456,TP,1.500000000000019,0.6338702741174567,0.8661297258825624,17,
LINK,TREND_PULLBACK,LONG,58754,58755,2026-09-05T00:30:00+00:00,2026-09-05T00:45:00+00:00,11.637,11.561903796887279,11.749644304669083,0.07509620311272158,1.5,2026-09-05T07:30:00+00:00,11.749644304669083,TP,1.5,0.4048491979073105,1.0951508020926894,27,
UNI,TREND_PULLBACK,LONG,58710,58711,2026-09-04T13:30:00+00:00,2026-09-04T13:45:00+00:00,6.264,6.052026616801914,6.581960074797129,0.21197338319808612,1.5,2026-09-05T13:45:00+00:00,6.239,TIME,-0.11793933569781358,0.07667896673994659,-0.19461830243776018,96,
AVAX,TREND_PULLBACK,LONG,58832,58833,2026-09-05T20:00:00+00:00,2026-09-05T20:15:00+00:00,7.6,7.55315053086618,7.670274203700729,0.04684946913381971,1.5,2026-09-06T01:15:00+00:00,7.670274203700729,TP,1.5,0.4237263907539273,1.0762736092460727,20,
LINK,TREND_PULLBACK,LONG,58834,58835,2026-09-05T20:30:00+00:00,2026-09-05T20:45:00+00:00,12.026,11.881651518356625,12.242522722465061,0.14434848164337488,1.5,2026-09-06T01:30:00+00:00,12.242522722465061,TP,1.4999999999999938,0.21856190782213594,1.2814380921778579,19,
CRV,TREND_PULLBACK,LONG,58869,58870,2026-09-06T05:15:00+00:00,2026-09-06T05:30:00+00:00,0.3837,0.3756636714043957,0.39575449289340636,0.00803632859560427,1.5,2026-09-06T06:15:00+00:00,0.3756636714043957,SL,-1.0,0.12283877657338209,-1.122838776573382,3,
SUI,TREND_PULLBACK,LONG,58823,58824,2026-09-05T17:45:00+00:00,2026-09-05T18:00:00+00:00,0.8025,0.787629268671297,0.8248060969930544,0.01487073132870298,1.5,2026-09-06T07:00:00+00:00,0.787629268671297,SL,-1.0,0.139009172015818,-1.139009172015818,52,
DOGE,TREND_PULLBACK,LONG,58852,58853,2026-09-06T01:00:00+00:00,2026-09-06T01:15:00+00:00,0.09043,0.0889766539976411,0.09261001900353835,0.001453346002358899,1.5,2026-09-06T09:30:00+00:00,0.0889766539976411,SL,-1.0,0.16047703012110284,-1.160477030121103,33,
FET,TREND_PULLBACK,LONG,58840,58841,2026-09-05T22:00:00+00:00,2026-09-05T22:15:00+00:00,0.1659,0.1634813568610635,0.16952796470840475,0.0024186431389364993,1.5,2026-09-06T10:00:00+00:00,0.16952796470840475,TP,1.5000000000000058,0.1802896620427701,1.3197103379572357,47,
UNI,TREND_PULLBACK,LONG,58893,58894,2026-09-06T11:15:00+00:00,2026-09-06T11:30:00+00:00,7.037,6.905787131486509,7.233819302770236,0.131212868513491,1.5,2026-09-06T14:15:00+00:00,6.905787131486509,SL,-1.0,0.13813906727501218,-1.1381390672750122,11,
LINK,TREND_PULLBACK,LONG,58896,58897,2026-09-06T12:00:00+00:00,2026-09-06T12:15:00+00:00,12.292,12.189795387810655,12.445306918284018,0.10220461218934496,1.5,2026-09-06T14:15:00+00:00,12.189795387810655,SL,-1.0,0.31139821699232295,-1.3113982169923228,8,
AVAX,TREND_PULLBACK,LONG,58903,58904,2026-09-06T13:45:00+00:00,2026-09-06T14:00:00+00:00,7.68,7.6185801666534,7.772129750019899,0.06141983334659962,1.5,2026-09-06T14:15:00+00:00,7.6185801666534,SL,-1.0,0.3238067108456341,-1.3238067108456342,1,
SUI,TREND_PULLBACK,LONG,58884,58885,2026-09-06T09:00:00+00:00,2026-09-06T09:15:00+00:00,0.7978,0.785630735149394,0.8160538972759089,0.012169264850605988,1.5,2026-09-06T14:30:00+00:00,0.785630735149394,SL,-1.0,0.1691523671285458,-1.1691523671285458,21,
CRV,TREND_PULLBACK,LONG,58913,58914,2026-09-06T16:15:00+00:00,2026-09-06T16:30:00+00:00,0.3702,0.3637150356328177,0.3799274465507734,0.0064849643671822665,1.5,2026-09-06T19:45:00+00:00,0.3799274465507734,TP,1.5,0.15037332902720593,1.349626670972794,13,
FET,TREND_PULLBACK,LONG,58910,58911,2026-09-06T15:30:00+00:00,2026-09-06T15:45:00+00:00,0.1695,0.16559515166898092,0.17535727249652866,0.0039048483310190896,1.5,2026-09-06T20:00:00+00:00,0.17535727249652866,TP,1.5000000000000036,0.11480969713578758,1.385190302864216,17,
LINK,TREND_PULLBACK,LONG,58913,58914,2026-09-06T16:15:00+00:00,2026-09-06T16:30:00+00:00,12.32,12.128111714119033,12.607832428821451,0.1918882858809674,1.5,2026-09-06T20:30:00+00:00,12.607832428821451,TP,1.5,0.16888046088217273,1.3311195391178272,16,
AVAX,TREND_PULLBACK,LONG,58914,58915,2026-09-06T16:30:00+00:00,2026-09-06T16:45:00+00:00,7.646,7.568417572551959,7.762373641172061,0.077582427448041,1.5,2026-09-06T20:45:00+00:00,7.762373641172061,TP,1.5,0.25818843767087457,1.2418115623291255,16,
BNB,TREND_PULLBACK,LONG,58929,58930,2026-09-06T20:15:00+00:00,2026-09-06T20:30:00+00:00,751.11,747.230522352881,756.9292164706785,3.8794776471189607,1.5,2026-09-07T00:00:00+00:00,756.9292164706785,TP,1.5000000000000147,0.5053389037742706,0.9946610962257441,14,
SUI,TREND_PULLBACK,LONG,58937,58938,2026-09-06T22:15:00+00:00,2026-09-06T22:30:00+00:00,0.8035,0.7930386832703838,0.8191919750944242,0.010461316729616144,1.5,2026-09-07T00:15:00+00:00,0.8191919750944242,TP,1.5,0.20164761493653346,1.2983523850634666,7,
DOGE,TREND_PULLBACK,LONG,58937,58938,2026-09-06T22:15:00+00:00,2026-09-06T22:30:00+00:00,0.09005,0.08930092079965356,0.09117361880051968,0.0007490792003464475,1.5,2026-09-07T00:30:00+00:00,0.09117361880051968,TP,1.5,0.31450706992226646,1.1854929300777335,8,
UNI,TREND_PULLBACK,LONG,58938,58939,2026-09-06T22:30:00+00:00,2026-09-06T22:45:00+00:00,7.181,7.056621851884003,7.367567222173996,0.1243781481159969,1.5,2026-09-07T02:00:00+00:00,7.056621851884003,SL,-1.0,0.14881157733742365,-1.1488115773374237,13,
FET,TREND_PULLBACK,LONG,58954,58955,2026-09-07T02:30:00+00:00,2026-09-07T02:45:00+00:00,0.1754,0.17112528435376992,0.18181207346934514,0.004274715646230082,1.5,2026-09-07T03:30:00+00:00,0.17112528435376992,SL,-1.0,0.1053831194730313,-1.1053831194730313,3,
SOL,TREND_PULLBACK,LONG,58938,58939,2026-09-06T22:30:00+00:00,2026-09-06T22:45:00+00:00,105.84,104.75013073080939,107.47480390378593,1.0898692691906149,1.5,2026-09-07T04:00:00+00:00,104.75013073080939,SL,-1.0,0.2511926684136748,-1.2511926684136747,21,
UNI,TREND_PULLBACK,LONG,58971,58972,2026-09-07T06:45:00+00:00,2026-09-07T07:00:00+00:00,7.114,6.957108156274188,7.349337765588718,0.15689184372581177,1.5,2026-09-07T07:30:00+00:00,6.957108156274188,SL,-1.0,0.11659268046543443,-1.1165926804654345,2,
SOL,TREND_PULLBACK,LONG,58972,58973,2026-09-07T07:00:00+00:00,2026-09-07T07:15:00+00:00,105.39,104.50969401836917,106.71045897244625,0.8803059816308263,1.5,2026-09-07T07:30:00+00:00,104.50969401836917,SL,-1.0,0.309971314426798,-1.309971314426798,1,
FET,TREND_PULLBACK,LONG,58976,58977,2026-09-07T08:00:00+00:00,2026-09-07T08:15:00+00:00,0.1749,0.17092302363543693,0.1808654645468446,0.003976976364563067,1.5,2026-09-07T12:45:00+00:00,0.1808654645468446,TP,1.5,0.11629314874284152,1.3837068512571584,18,
AVAX,TREND_PULLBACK,LONG,58978,58979,2026-09-07T08:30:00+00:00,2026-09-07T08:45:00+00:00,7.888,7.763913057213989,8.074130414179017,0.12408694278601118,1.5,2026-09-07T12:45:00+00:00,8.074130414179017,TP,1.5,0.16722766370525843,1.3327723362947417,16,
DOGE,TREND_PULLBACK,LONG,58977,58978,2026-09-07T08:15:00+00:00,2026-09-07T08:30:00+00:00,0.08982,0.08866851772716912,0.09154722340924631,0.0011514822728308782,1.5,2026-09-07T13:00:00+00:00,0.09154722340924631,TP,1.5,0.20475989600115152,1.2952401039988484,18,
LINK,TREND_PULLBACK,LONG,58996,58997,2026-09-07T13:00:00+00:00,2026-09-07T13:15:00+00:00,13.304,13.071340453455317,13.652989319817024,0.23265954654468324,1.5,2026-09-07T14:00:00+00:00,13.071340453455317,SL,-1.0,0.1473738907288155,-1.1473738907288156,3,
BNB,TREND_PULLBACK,LONG,58999,59000,2026-09-07T13:45:00+00:00,2026-09-07T14:00:00+00:00,745.99,743.0861686002767,750.345747099585,2.9038313997233445,1.5,2026-09-07T14:30:00+00:00,743.0861686002767,SL,-1.0,0.6666361619220689,-1.6666361619220689,2,
CRV,TREND_PULLBACK,LONG,58999,59000,2026-09-07T13:45:00+00:00,2026-09-07T14:00:00+00:00,0.3816,0.37535136574870237,0.39097295137694643,0.0062486342512976245,1.5,2026-09-07T15:15:00+00:00,0.37535136574870237,SL,-1.0,0.15748029663745525,-1.1574802966374553,5,
DOGE,TREND_PULLBACK,LONG,59003,59004,2026-09-07T14:45:00+00:00,2026-09-07T15:00:00+00:00,0.09057,0.08931125001768261,0.09245812497347608,0.0012587499823173837,1.5,2026-09-07T15:15:00+00:00,0.08931125001768261,SL,-1.0,0.18577607015530834,-1.1857760701553084,1,
SUI,TREND_PULLBACK,LONG,59003,59004,2026-09-07T14:45:00+00:00,2026-09-07T15:00:00+00:00,0.8262,0.8112378960920035,0.8486431558619949,0.014962103907996571,1.5,2026-09-07T15:15:00+00:00,0.8112378960920035,SL,-1.0,0.1422707179424096,-1.1422707179424096,1,
FET,TREND_PULLBACK,LONG,59007,59008,2026-09-07T15:45:00+00:00,2026-09-07T16:00:00+00:00,0.1792,0.17492382001348802,0.18561426997976796,0.004276179986511974,1.5,2026-09-07T19:15:00+00:00,0.18561426997976796,TP,1.5,0.11090706014938932,1.3890929398506107,13,
CRV,TREND_PULLBACK,LONG,59012,59013,2026-09-07T17:00:00+00:00,2026-09-07T17:15:00+00:00,0.3769,0.3683342764517971,0.3897485853223044,0.008565723548202897,1.5,2026-09-07T22:30:00+00:00,0.3683342764517971,SL,-1.0,0.11310247802599152,-1.1131024780259915,21,
LINK,TREND_PULLBACK,LONG,59042,59043,2026-09-08T00:30:00+00:00,2026-09-08T00:45:00+00:00,12.761,12.596681772996002,13.007477340505996,0.16431822700399756,1.5,2026-09-08T03:00:00+00:00,12.596681772996002,SL,-1.0,0.2006167356229618,-1.2006167356229618,9,
SUI,TREND_PULLBACK,LONG,59053,59054,2026-09-08T03:15:00+00:00,2026-09-08T03:30:00+00:00,0.8246,0.8120064599784571,0.8434903100323143,0.012593540021542893,1.5,2026-09-08T05:00:00+00:00,0.8120064599784571,SL,-1.0,0.16894283849755326,-1.1689428384975533,6,
LINK,TREND_PULLBACK,LONG,59061,59062,2026-09-08T05:15:00+00:00,2026-09-08T05:30:00+00:00,12.7,12.55203175516536,12.921952367251958,0.14796824483463844,1.5,2026-09-08T11:00:00+00:00,12.55203175516536,SL,-1.0,0.221855988887355,-1.221855988887355,22,
FET,TREND_PULLBACK,LONG,59064,59065,2026-09-08T06:00:00+00:00,2026-09-08T06:15:00+00:00,0.1852,0.18097453282944514,0.19153820075583228,0.0042254671705548585,1.5,2026-09-08T11:00:00+00:00,0.18097453282944514,SL,-1.0,0.11265663025273727,-1.1126566302527372,19,
AVAX,TREND_PULLBACK,LONG,59036,59037,2026-09-07T23:00:00+00:00,2026-09-07T23:15:00+00:00,8.089,7.992505196701716,8.233742204947427,0.09649480329828464,1.5,2026-09-08T13:30:00+00:00,7.992505196701716,SL,-1.0,0.2166537061181187,-1.2166537061181186,57,
UNI,TREND_PULLBACK,LONG,59052,59053,2026-09-08T03:00:00+00:00,2026-09-08T03:15:00+00:00,6.995,6.835114240592627,7.23482863911106,0.15988575940737348,1.5,2026-09-08T13:30:00+00:00,6.835114240592627,SL,-1.0,0.11244996789839974,-1.1124499678983997,41,
FET,TREND_PULLBACK,LONG,59100,59101,2026-09-08T15:00:00+00:00,2026-09-08T15:15:00+00:00,0.1826,0.178136750375163,0.18929487443725554,0.004463249624837018,1.5,2026-09-08T18:45:00+00:00,0.178136750375163,SL,-1.0,0.10507092699410389,-1.105070926994104,14,
AVAX,TREND_PULLBACK,LONG,59120,59121,2026-09-08T20:00:00+00:00,2026-09-08T20:15:00+00:00,8.032,7.937760079841621,8.173359880237568,0.09423992015837879,1.5,2026-09-08T21:30:00+00:00,7.937760079841621,SL,-1.0,0.22029611303685187,-1.220296113036852,5,
ADA,TREND_PULLBACK,LONG,59136,59137,2026-09-09T00:00:00+00:00,2026-09-09T00:15:00+00:00,0.2208,0.21776622013140665,0.22535066980289004,0.0030337798685933504,1.5,2026-09-09T02:15:00+00:00,0.21776622013140665,SL,-1.0,0.18792928652241975,-1.1879292865224198,8,
BNB,TREND_PULLBACK,LONG,59125,59126,2026-09-08T21:15:00+00:00,2026-09-08T21:30:00+00:00,752.73,747.2544566381436,760.9433150427847,5.475543361856467,1.5,2026-09-09T03:15:00+00:00,747.2544566381436,SL,-1.0,0.35612534953397784,-1.3561253495339778,23,
ADA,TREND_PULLBACK,LONG,59184,59185,2026-09-09T12:00:00+00:00,2026-09-09T12:15:00+00:00,0.2203,0.21711115857863247,0.22508326213205126,0.003188841421367522,1.5,2026-09-09T14:00:00+00:00,0.21711115857863247,SL,-1.0,0.1783200952991778,-1.1783200952991777,7,
DOGE,TREND_PULLBACK,LONG,59096,59097,2026-09-08T14:00:00+00:00,2026-09-08T14:15:00+00:00,0.08954,0.0880383080239649,0.09179253796405265,0.0015016919760350994,1.5,2026-09-09T14:15:00+00:00,0.0904,TIME,0.5726873511508319,0.15577229134407555,0.41691505980675636,96,
SUI,TREND_PULLBACK,LONG,59099,59100,2026-09-08T14:45:00+00:00,2026-09-08T15:00:00+00:00,0.8172,0.8006889824656994,0.841966526301451,0.01651101753430062,1.5,2026-09-09T15:00:00+00:00,0.8006889824656994,SL,-1.0,0.12738498235108922,-1.1273849823510893,96,
FET,TREND_PULLBACK,LONG,59153,59154,2026-09-09T04:15:00+00:00,2026-09-09T04:30:00+00:00,0.1782,0.1747125386602808,0.1834311920095788,0.0034874613397191945,1.5,2026-09-09T15:00:00+00:00,0.1747125386602808,SL,-1.0,0.13155308563085202,-1.131553085630852,42,
AVAX,TREND_PULLBACK,LONG,59183,59184,2026-09-09T11:45:00+00:00,2026-09-09T12:00:00+00:00,7.968,7.886289399966466,8.0905659000503,0.08171060003353414,1.5,2026-09-09T15:00:00+00:00,7.886289399966466,SL,-1.0,0.2522387084600749,-1.2522387084600748,12,
ETH,TREND_PULLBACK,LONG,59508,59509,2026-09-12T21:00:00+00:00,2026-09-12T21:15:00+00:00,2524.78,2513.609041887295,2541.536437169058,11.170958112705193,1.5,2026-09-13T06:45:00+00:00,2513.609041887295,SL,-1.0,0.5863333913143944,-1.5863333913143944,38,
ETH,TREND_PULLBACK,LONG,59653,59654,2026-09-14T09:15:00+00:00,2026-09-14T09:30:00+00:00,2518.17,2504.663333189521,2538.430000215719,13.506666810479146,1.5,2026-09-14T11:45:00+00:00,2504.663333189521,SL,-1.0,0.48344150520395773,-1.4834415052039578,9,
SUI,TREND_PULLBACK,SHORT,59671,59672,2026-09-14T13:45:00+00:00,2026-09-14T14:00:00+00:00,0.7215,0.7305723070650355,0.7078915394024468,0.009072307065035479,1.5,2026-09-14T16:15:00+00:00,0.7305723070650355,SL,-1.0,0.20807210179863592,-1.208072101798636,9,
ETH,TREND_PULLBACK,LONG,59672,59673,2026-09-14T14:00:00+00:00,2026-09-14T14:15:00+00:00,2512.99,2486.163435168403,2553.229847247395,26.826564831596897,1.5,2026-09-14T20:00:00+00:00,2553.229847247395,TP,1.4999999999999916,0.24550611838547373,1.254493881614518,23,
XRP,TREND_PULLBACK,LONG,59750,59751,2026-09-15T09:30:00+00:00,2026-09-15T09:45:00+00:00,1.4015,1.3863709408560037,1.4241935887159944,0.015129059143996315,1.5,2026-09-15T13:00:00+00:00,1.4241935887159944,TP,1.5,0.2428043694170178,1.2571956305829821,13,
SUI,TREND_PULLBACK,SHORT,59757,59758,2026-09-15T11:15:00+00:00,2026-09-15T11:30:00+00:00,0.7074,0.714662688192534,0.6965059677111991,0.00726268819253395,1.5,2026-09-15T13:00:00+00:00,0.714662688192534,SL,-1.0,0.25454507279422245,-1.2545450727942224,6,
XRP,TREND_PULLBACK,LONG,59767,59768,2026-09-15T13:45:00+00:00,2026-09-15T14:00:00+00:00,1.4144,1.3861776262834669,1.4567335605748,0.028222373716533244,1.5,2026-09-15T14:30:00+00:00,1.3861776262834669,SL,-1.0,0.1290022926751792,-1.1290022926751793,2,
SUI,TREND_PULLBACK,SHORT,59768,59769,2026-09-15T14:00:00+00:00,2026-09-15T14:15:00+00:00,0.7089,0.7184412515588768,0.6945881226616847,0.009541251558876862,1.5,2026-09-15T14:45:00+00:00,0.6945881226616847,TP,1.5,0.1912259149862477,1.3087740850137524,2,
SUI,TREND_PULLBACK,SHORT,59808,59809,2026-09-16T00:00:00+00:00,2026-09-16T00:15:00+00:00,0.6851,0.6940333355439914,0.671699996684013,0.008933335543991339,1.5,2026-09-16T04:15:00+00:00,0.6940333355439914,SL,-1.0,0.20069472677684153,-1.2006947267768415,16,
SUI,TREND_PULLBACK,SHORT,59837,59838,2026-09-16T07:15:00+00:00,2026-09-16T07:30:00+00:00,0.6885,0.6980314300676337,0.6742028548985495,0.009531430067633684,1.5,2026-09-16T18:00:00+00:00,0.6980314300676337,SL,-1.0,0.18911022231687197,-1.189110222316872,42,
AVAX,TREND_PULLBACK,LONG,60048,60049,2026-09-18T12:00:00+00:00,2026-09-18T12:15:00+00:00,7.978,7.885477504098382,8.116783743852427,0.09252249590161732,1.5,2026-09-18T13:30:00+00:00,8.116783743852427,TP,1.5000000000000095,0.2261419632394764,1.2738580367605332,5,
BNB,TREND_PULLBACK,LONG,60053,60054,2026-09-18T13:15:00+00:00,2026-09-18T13:30:00+00:00,751.65,745.6972851959702,760.5790722060447,5.952714804029824,1.5,2026-09-18T13:45:00+00:00,760.5790722060447,TP,1.4999999999999905,0.33025230648325354,1.169747693516737,1,
AVAX,TREND_PULLBACK,LONG,60096,60097,2026-09-19T00:00:00+00:00,2026-09-19T00:15:00+00:00,8.237,8.152234424563579,8.364148363154632,0.08476557543642116,1.5,2026-09-19T00:45:00+00:00,8.364148363154632,TP,1.5,0.2546020924294713,1.2453979075705286,2,
FET,TREND_PULLBACK,LONG,60057,60058,2026-09-18T14:15:00+00:00,2026-09-18T14:30:00+00:00,0.1851,0.18170331910387222,0.19019502134419164,0.0033966808961277684,1.5,2026-09-19T01:15:00+00:00,0.18170331910387222,SL,-1.0,0.1403853730795373,-1.1403853730795372,43,
ETH,TREND_PULLBACK,LONG,60099,60100,2026-09-19T00:45:00+00:00,2026-09-19T01:00:00+00:00,2625.69,2602.858911007101,2659.9366334893484,22.831088992898913,1.5,2026-09-19T01:15:00+00:00,2602.858911007101,SL,-1.0,0.29771306950900667,-1.2977130695090067,1,
BNB,TREND_PULLBACK,LONG,60098,60099,2026-09-19T00:30:00+00:00,2026-09-19T00:45:00+00:00,764.66,759.7069978122519,772.0895032816221,4.953002187748098,1.5,2026-09-19T03:30:00+00:00,759.7069978122519,SL,-1.0,0.40009614816199085,-1.400096148161991,11,
SOL,TREND_PULLBACK,LONG,60097,60098,2026-09-19T00:15:00+00:00,2026-09-19T00:30:00+00:00,113.14,112.03887338482362,114.79168992276458,1.1011266151763834,1.5,2026-09-19T05:45:00+00:00,112.03887338482362,SL,-1.0,0.2658482061605418,-1.2658482061605418,21,
UNI,TREND_PULLBACK,LONG,60102,60103,2026-09-19T01:30:00+00:00,2026-09-19T01:45:00+00:00,8.975,8.712713405583333,9.368429891624999,0.2622865944166666,1.5,2026-09-19T08:15:00+00:00,9.368429891624999,TP,1.4999999999999967,0.09091756638248233,1.4090824336175143,26,
LINK,TREND_PULLBACK,LONG,60097,60098,2026-09-19T00:15:00+00:00,2026-09-19T00:30:00+00:00,12.319,12.178919955621735,12.5291200665674,0.1400800443782657,1.5,2026-09-19T10:00:00+00:00,12.5291200665674,TP,1.5,0.23060069854996107,1.2693993014500389,38,
SUI,TREND_PULLBACK,LONG,60130,60131,2026-09-19T08:30:00+00:00,2026-09-19T08:45:00+00:00,0.8238,0.8084519887110337,0.8468220169334493,0.015348011288966235,1.5,2026-09-19T10:30:00+00:00,0.8468220169334493,TP,1.4999999999999964,0.14150423668080103,1.3584957633191954,7,
BTC,TREND_PULLBACK,LONG,60128,60129,2026-09-19T08:00:00+00:00,2026-09-19T08:15:00+00:00,81213.6,80863.90091484351,81738.14862773474,349.6990851564915,1.5,2026-09-19T15:30:00+00:00,81738.14862773474,TP,1.5,0.6057701670030315,0.8942298329969685,29,
DOGE,TREND_PULLBACK,LONG,60158,60159,2026-09-19T15:30:00+00:00,2026-09-19T15:45:00+00:00,0.08908,0.08805557920078688,0.09061663119881969,0.0010244207992131243,1.5,2026-09-19T17:00:00+00:00,0.09061663119881969,TP,1.4999999999999931,0.22803678013751982,1.2719632198624733,5,
ETH,TREND_PULLBACK,LONG,60160,60161,2026-09-19T16:00:00+00:00,2026-09-19T16:15:00+00:00,2643.83,2628.8762919572873,2666.260562064069,14.953708042712606,1.5,2026-09-19T17:15:00+00:00,2666.260562064069,TP,1.5,0.4616325068649035,1.0383674931350966,4,
SOL,TREND_PULLBACK,LONG,60153,60154,2026-09-19T14:15:00+00:00,2026-09-19T14:30:00+00:00,112.06,111.12876414770469,113.45685377844298,0.9312358522953161,1.5,2026-09-19T18:00:00+00:00,111.12876414770469,SL,-1.0,0.31157025653261083,-1.3115702565326108,14,
ADA,TREND_PULLBACK,LONG,60158,60159,2026-09-19T15:30:00+00:00,2026-09-19T15:45:00+00:00,0.2278,0.22533467695184406,0.23149798457223392,0.002465323048155943,1.5,2026-09-19T19:45:00+00:00,0.23149798457223392,TP,1.5,0.24219437707789424,1.2578056229221057,16,
FET,TREND_PULLBACK,LONG,60130,60131,2026-09-19T08:30:00+00:00,2026-09-19T08:45:00+00:00,0.1798,0.1763288015427393,0.185006797685891,0.0034711984572606824,1.5,2026-09-19T21:00:00+00:00,0.1763288015427393,SL,-1.0,0.13337394784708298,-1.133373947847083,49,
LINK,TREND_PULLBACK,LONG,60164,60165,2026-09-19T17:00:00+00:00,2026-09-19T17:15:00+00:00,12.618,12.447161956650822,12.874257065023768,0.1708380433491783,1.5,2026-09-19T21:00:00+00:00,12.447161956650822,SL,-1.0,0.1907345103282746,-1.1907345103282747,15,
ETH,TREND_PULLBACK,LONG,60188,60189,2026-09-19T23:00:00+00:00,2026-09-19T23:15:00+00:00,2635.01,2616.04541059357,2663.456884109645,18.96458940643015,1.5,2026-09-20T01:30:00+00:00,2616.04541059357,SL,-1.0,0.35995358968631747,-1.3599535896863175,9,
ADA,TREND_PULLBACK,LONG,60193,60194,2026-09-20T00:15:00+00:00,2026-09-20T00:30:00+00:00,0.2288,0.2252827914210323,0.23407581286845155,0.003517208578967701,1.5,2026-09-20T02:30:00+00:00,0.2252827914210323,SL,-1.0,0.1678341262947212,-1.1678341262947212,8,
DOGE,TREND_PULLBACK,LONG,60230,60231,2026-09-20T09:30:00+00:00,2026-09-20T09:45:00+00:00,0.08529,0.08434960490905656,0.08670059263641516,0.0009403950909434439,1.5,2026-09-20T10:30:00+00:00,0.08434960490905656,SL,-1.0,0.23450939770488066,-1.2345093977048807,3,
AVAX,TREND_PULLBACK,LONG,60224,60225,2026-09-20T08:00:00+00:00,2026-09-20T08:15:00+00:00,9.673,9.45202373011549,10.004464404826765,0.2209762698845097,1.5,2026-09-20T11:30:00+00:00,10.004464404826765,TP,1.5,0.11576222071104833,1.3842377792889518,13,
LINK,TREND_PULLBACK,LONG,60238,60239,2026-09-20T11:30:00+00:00,2026-09-20T11:45:00+00:00,12.038,11.903386343547837,12.239920484678246,0.1346136564521636,1.5,2026-09-20T15:00:00+00:00,12.239920484678246,TP,1.5,0.23445835632061124,1.2655416436793887,13,
ETH,TREND_PULLBACK,LONG,60251,60252,2026-09-20T14:45:00+00:00,2026-09-20T15:00:00+00:00,2584.39,2568.090486977491,2608.8392695337634,16.299513022509018,1.5,2026-09-20T15:45:00+00:00,2608.8392695337634,TP,1.5,0.4141963039675321,1.085803696032468,3,
SUI,TREND_PULLBACK,LONG,60229,60230,2026-09-20T09:15:00+00:00,2026-09-20T09:30:00+00:00,0.8234,0.8064978461145551,0.8487532308281673,0.016902153885444915,1.5,2026-09-20T16:00:00+00:00,0.8487532308281673,TP,1.4999999999999967,0.12861078030703285,1.3713892196929638,26,
BTC,TREND_PULLBACK,LONG,60230,60231,2026-09-20T09:30:00+00:00,2026-09-20T09:45:00+00:00,80520.4,80141.89761473908,81088.15357789137,378.5023852609156,1.5,2026-09-20T16:00:00+00:00,81088.15357789137,TP,1.5,0.5550589053921953,0.9449410946078047,25,
BNB,TREND_PULLBACK,LONG,60237,60238,2026-09-20T11:15:00+00:00,2026-09-20T11:30:00+00:00,751.81,747.0204655580618,758.9943016629072,4.7895344419381445,1.5,2026-09-20T16:00:00+00:00,758.9943016629072,TP,1.5000000000000118,0.410070251288767,1.0899297487112447,18,
XRP,TREND_PULLBACK,LONG,60229,60230,2026-09-20T09:15:00+00:00,2026-09-20T09:30:00+00:00,1.3821,1.369864318272266,1.4004535225916013,0.012235681727734038,1.5,2026-09-20T16:15:00+00:00,1.4004535225916013,TP,1.500000000000009,0.2956369460942969,1.2043630539057122,27,
SOL,TREND_PULLBACK,LONG,60254,60255,2026-09-20T15:30:00+00:00,2026-09-20T15:45:00+00:00,108.35,107.63921472405424,109.41617791391863,0.7107852759457529,1.5,2026-09-20T16:15:00+00:00,109.41617791391863,TP,1.50000000000001,0.39828629104818447,1.1017137089518254,2,
UNI,TREND_PULLBACK,LONG,60255,60256,2026-09-20T15:45:00+00:00,2026-09-20T16:00:00+00:00,8.719,8.5200824879649,9.017376268052647,0.19891751203509855,1.5,2026-09-21T07:30:00+00:00,8.5200824879649,SL,-1.0,0.11266382233053485,-1.1126638223305347,62,
BNB,TREND_PULLBACK,LONG,60296,60297,2026-09-21T02:00:00+00:00,2026-09-21T02:15:00+00:00,779.18,770.1660532370439,792.700920144434,9.013946762956039,1.5,2026-09-21T07:30:00+00:00,770.1660532370439,SL,-1.0,0.2234481656232498,-1.2234481656232499,21,
AVAX,TREND_PULLBACK,LONG,60284,60285,2026-09-20T23:00:00+00:00,2026-09-20T23:15:00+00:00,11.311,10.917808583740866,11.9007871243887,0.3931914162591337,1.5,2026-09-21T07:45:00+00:00,10.917808583740866,SL,-1.0,0.07349461347299147,-1.0734946134729915,34,
ADA,TREND_PULLBACK,LONG,60296,60297,2026-09-21T02:00:00+00:00,2026-09-21T02:15:00+00:00,0.2294,0.2252134634601606,0.23567980480975909,0.004186536539839386,1.5,2026-09-21T08:30:00+00:00,0.23567980480975909,TP,1.5000000000000033,0.14441621146721964,1.3555837885327837,25,
BTC,TREND_PULLBACK,LONG,60296,60297,2026-09-21T02:00:00+00:00,2026-09-21T02:15:00+00:00,81341.7,80614.64585222561,82432.28122166157,727.0541477743827,1.5,2026-09-21T08:30:00+00:00,82432.28122166157,TP,1.5,0.2928340017588737,1.2071659982411262,25,
ETH,TREND_PULLBACK,LONG,60319,60320,2026-09-21T07:45:00+00:00,2026-09-21T08:00:00+00:00,2660.8,2637.616402339253,2695.575396491121,23.183597660747182,1.5,2026-09-21T08:30:00+00:00,2695.575396491121,TP,1.5,0.30035407434749445,1.1996459256525056,2,
BNB,TREND_PULLBACK,LONG,60321,60322,2026-09-21T08:15:00+00:00,2026-09-21T08:30:00+00:00,774.94,766.6458058030648,787.3812912954029,8.294194196935223,1.5,2026-09-21T09:30:00+00:00,787.3812912954029,TP,1.5,0.24487221187014196,1.2551277881298581,4,
LINK,TREND_PULLBACK,LONG,60343,60344,2026-09-21T13:45:00+00:00,2026-09-21T14:00:00+00:00,13.032,12.837184912571693,13.32422263114246,0.19481508742830655,1.5,2026-09-21T17:15:00+00:00,12.837184912571693,SL,-1.0,0.17262492772136695,-1.172624927721367,13,
AVAX,TREND_PULLBACK,LONG,60322,60323,2026-09-21T08:30:00+00:00,2026-09-21T08:45:00+00:00,11.159,10.809655619543747,11.68301657068438,0.3493443804562535,1.5,2026-09-21T17:45:00+00:00,10.809655619543747,SL,-1.0,0.08175099959560732,-1.0817509995956074,36,
CRV,TREND_PULLBACK,LONG,60328,60329,2026-09-21T10:00:00+00:00,2026-09-21T10:15:00+00:00,0.355,0.3438093425878375,0.37178598611824365,0.011190657412162464,1.5,2026-09-21T17:45:00+00:00,0.3438093425878375,SL,-1.0,0.08117951536759992,-1.0811795153675998,30,
UNI,TREND_PULLBACK,LONG,60378,60379,2026-09-21T22:30:00+00:00,2026-09-21T22:45:00+00:00,8.921,8.697753653149306,9.25586952027604,0.22324634685069356,1.5,2026-09-22T00:30:00+00:00,9.25586952027604,TP,1.5,0.10584688488614989,1.3941531151138502,7,
XRP,TREND_PULLBACK,LONG,60383,60384,2026-09-21T23:45:00+00:00,2026-09-22T00:00:00+00:00,1.5362,1.5157015984026605,1.5669476023960094,0.02049840159733951,1.5,2026-09-22T01:00:00+00:00,1.5157015984026605,SL,-1.0,0.1935503145981098,-1.19355031459811,4,
DOGE,TREND_PULLBACK,LONG,60397,60398,2026-09-22T03:15:00+00:00,2026-09-22T03:30:00+00:00,0.10043,0.09717854400447352,0.10530718399328973,0.003251455995526481,1.5,2026-09-22T04:00:00+00:00,0.10530718399328973,TP,1.5,0.08225802211663312,1.4177419778833669,2,
UNI,TREND_PULLBACK,LONG,60389,60390,2026-09-22T01:15:00+00:00,2026-09-22T01:30:00+00:00,9.057,8.842546232331575,9.378680651502638,0.2144537676684255,1.5,2026-09-22T04:45:00+00:00,8.842546232331575,SL,-1.0,0.10850548514497864,-1.1085054851449787,13,
BTC,TREND_PULLBACK,LONG,60416,60417,2026-09-22T08:00:00+00:00,2026-09-22T08:15:00+00:00,85455.3,84987.9589149942,86156.3116275087,467.34108500579896,1.5,2026-09-22T08:45:00+00:00,86156.3116275087,TP,1.4999999999999845,0.47737103001118136,1.0226289699888031,2,
CRV,TREND_PULLBACK,LONG,60390,60391,2026-09-22T01:30:00+00:00,2026-09-22T01:45:00+00:00,0.3644,0.35323712203978136,0.38114431694032797,0.011162877960218642,1.5,2026-09-22T10:15:00+00:00,0.35323712203978136,SL,-1.0,0.08357416984906668,-1.0835741698490666,34,
ADA,TREND_PULLBACK,LONG,60347,60348,2026-09-21T14:45:00+00:00,2026-09-21T15:00:00+00:00,0.244,0.237827559924518,0.25325866011322296,0.006172440075481983,1.5,2026-09-22T13:45:00+00:00,0.25325866011322296,TP,1.4999999999999978,0.10472945062924925,1.3952705493707485,91,
BNB,TREND_PULLBACK,LONG,60418,60419,2026-09-22T08:30:00+00:00,2026-09-22T08:45:00+00:00,789.43,782.269931781727,800.1701023274094,7.160068218272954,1.5,2026-09-22T14:30:00+00:00,782.269931781727,SL,-1.0,0.28536179391445493,-1.285361793914455,23,
LINK,TREND_PULLBACK,LONG,60418,60419,2026-09-22T08:30:00+00:00,2026-09-22T08:45:00+00:00,13.013,12.789083843938464,13.348874234092303,0.22391615606153614,1.5,2026-09-22T14:30:00+00:00,12.789083843938464,SL,-1.0,0.14980030734317298,-1.149800307343173,23,
AVAX,TREND_PULLBACK,LONG,60416,60417,2026-09-22T08:00:00+00:00,2026-09-22T08:15:00+00:00,10.815,10.58810638613743,11.155340420793856,0.22689361386257012,1.5,2026-09-22T15:15:00+00:00,11.155340420793856,TP,1.500000000000004,0.12588032805688276,1.3741196719431212,28,
UNI,TREND_PULLBACK,LONG,60444,60445,2026-09-22T15:00:00+00:00,2026-09-22T15:15:00+00:00,9.112,8.669844580415218,9.775233129377174,0.44215541958478255,1.5,2026-09-22T22:15:00+00:00,9.775233129377174,TP,1.5,0.05553115936303083,1.4444688406369692,28,
BTC,TREND_PULLBACK,LONG,60438,60439,2026-09-22T13:30:00+00:00,2026-09-22T13:45:00+00:00,85896.5,85337.13181970845,86735.55227043733,559.3681802915526,1.5,2026-09-23T01:00:00+00:00,86735.55227043733,TP,1.5,0.4012056385377445,1.0987943614622555,45,
SOL,TREND_PULLBACK,LONG,60444,60445,2026-09-22T15:00:00+00:00,2026-09-22T15:15:00+00:00,117.16,115.53490961774959,119.59763557337561,1.6250903822504057,1.5,2026-09-23T03:30:00+00:00,119.59763557337561,TP,1.5000000000000044,0.18939557430594808,1.3106044256940563,49,
CRV,TREND_PULLBACK,LONG,60487,60488,2026-09-23T01:45:00+00:00,2026-09-23T02:00:00+00:00,0.3626,0.3579177192096265,0.3696234211855602,0.004682280790373472,1.5,2026-09-23T03:45:00+00:00,0.3696234211855602,TP,1.5,0.20329631864416717,1.2967036813558328,7,
ADA,TREND_PULLBACK,LONG,60463,60464,2026-09-22T19:45:00+00:00,2026-09-22T20:00:00+00:00,0.2528,0.2469889749087662,0.2615165376368508,0.0058110250912338235,1.5,2026-09-23T04:15:00+00:00,0.2615165376368508,TP,1.5000000000000049,0.11505913129449993,1.384940868705505,33,
FET,TREND_PULLBACK,LONG,60428,60429,2026-09-22T11:00:00+00:00,2026-09-22T11:15:00+00:00,0.2061,0.20109999841687126,0.21360000237469312,0.005000001583128744,1.5,2026-09-23T05:00:00+00:00,0.21360000237469312,TP,1.5,0.10912196606659601,1.390878033933404,71,
ETH,TREND_PULLBACK,LONG,60474,60475,2026-09-22T22:30:00+00:00,2026-09-22T22:45:00+00:00,2756.64,2733.8040189115345,2790.8939716326977,22.83598108846536,1.5,2026-09-23T08:45:00+00:00,2733.8040189115345,SL,-1.0,0.3125583786803118,-1.3125583786803117,40,
UNI,TREND_PULLBACK,LONG,60497,60498,2026-09-23T04:15:00+00:00,2026-09-23T04:30:00+00:00,10.541,10.267432232277878,10.951351651583185,0.2735677677221222,1.5,2026-09-23T08:45:00+00:00,10.267432232277878,SL,-1.0,0.09888212389640284,-1.0988821238964028,17,
SUI,TREND_PULLBACK,LONG,60506,60507,2026-09-23T06:30:00+00:00,2026-09-23T06:45:00+00:00,1.0328,1.010656911884271,1.0660146321735935,0.02214308811572896,1.5,2026-09-23T08:45:00+00:00,1.010656911884271,SL,-1.0,0.1199694447118493,-1.1199694447118493,8,
AVAX,TREND_PULLBACK,LONG,60518,60519,2026-09-23T09:30:00+00:00,2026-09-23T09:45:00+00:00,11.141,10.93043927598599,11.456841086021015,0.2105607240140106,1.5,2026-09-23T12:00:00+00:00,10.93043927598599,SL,-1.0,0.13626886587297532,-1.1362688658729754,9,
BTC,TREND_PULLBACK,LONG,60534,60535,2026-09-23T13:30:00+00:00,2026-09-23T13:45:00+00:00,85788.9,85244.00346934244,86606.24479598633,544.8965306575556,1.5,2026-09-23T14:00:00+00:00,85244.00346934244,SL,-1.0,0.40804586192140435,-1.4080458619214045,1,
UNI,TREND_PULLBACK,LONG,60581,60582,2026-09-24T01:15:00+00:00,2026-09-24T01:30:00+00:00,9.261,9.098546732483317,9.504679901275022,0.16245326751668188,1.5,2026-09-24T08:30:00+00:00,9.098546732483317,SL,-1.0,0.1469186253811573,-1.1469186253811574,28,
XRP,TREND_PULLBACK,LONG,60568,60569,2026-09-23T22:00:00+00:00,2026-09-23T22:15:00+00:00,1.507,1.477975564470285,1.5505366532945724,0.029024435529714898,1.5,2026-09-24T08:45:00+00:00,1.477975564470285,SL,-1.0,0.1336965960918892,-1.1336965960918892,42,
LINK,TREND_PULLBACK,LONG,60686,60687,2026-09-25T03:30:00+00:00,2026-09-25T03:45:00+00:00,13.329,13.150649765742928,13.596525351385608,0.17835023425707242,1.5,2026-09-25T08:00:00+00:00,13.596525351385608,TP,1.4999999999999951,0.19626093064923045,1.3037390693507647,17,
ADA,TREND_PULLBACK,LONG,60701,60702,2026-09-25T07:15:00+00:00,2026-09-25T07:30:00+00:00,0.248,0.24517794785891195,0.2522330782116321,0.0028220521410880495,1.5,2026-09-25T08:15:00+00:00,0.2522330782116321,TP,1.5000000000000098,0.2304362106592388,1.269563789340771,3,
XRP,TREND_PULLBACK,LONG,60701,60702,2026-09-25T07:15:00+00:00,2026-09-25T07:30:00+00:00,1.5364,1.5154245628503586,1.567863155724462,0.02097543714964134,1.5,2026-09-25T11:00:00+00:00,1.567863155724462,TP,1.5,0.1923937066794722,1.3076062933205277,14,
ADA,TREND_PULLBACK,LONG,60772,60773,2026-09-26T01:00:00+00:00,2026-09-26T01:15:00+00:00,0.2581,0.2549447986924763,0.2628328019612855,0.0031552013075236696,1.5,2026-09-26T01:45:00+00:00,0.2628328019612855,TP,1.5,0.21463373539267935,1.2853662646073207,2,
SUI,TREND_PULLBACK,LONG,60776,60777,2026-09-26T02:00:00+00:00,2026-09-26T02:15:00+00:00,1.1857,1.159469170171168,1.2250462447432482,0.02623082982883207,1.5,2026-09-26T05:00:00+00:00,1.159469170171168,SL,-1.0,0.11622659066132424,-1.1162265906613242,11,
XRP,TREND_PULLBACK,LONG,60762,60763,2026-09-25T22:30:00+00:00,2026-09-25T22:45:00+00:00,1.5705,1.5465388968280034,1.606441654757995,0.023961103171996623,1.5,2026-09-26T06:00:00+00:00,1.5465388968280034,SL,-1.0,0.1691136896656811,-1.169113689665681,29,
AVAX,TREND_PULLBACK,LONG,60796,60797,2026-09-26T07:00:00+00:00,2026-09-26T07:15:00+00:00,10.671,10.511774755462945,10.909837866805582,0.15922524453705478,1.5,2026-09-26T09:30:00+00:00,10.511774755462945,SL,-1.0,0.17294749499155768,-1.1729474949915577,9,
SUI,TREND_PULLBACK,LONG,60798,60799,2026-09-26T07:30:00+00:00,2026-09-26T07:45:00+00:00,1.1622,1.1447157341217102,1.1884263988174344,0.017484265878289662,1.5,2026-09-26T10:15:00+00:00,1.1884263988174344,TP,1.5,0.174775100066231,1.325224899933769,10,
DOGE,TREND_PULLBACK,LONG,60727,60728,2026-09-25T13:45:00+00:00,2026-09-25T14:00:00+00:00,0.0979,0.09594842123476795,0.10082736814784808,0.0019515787652320538,1.5,2026-09-26T14:00:00+00:00,0.09737,TIME,-0.2715749983767541,0.13007468851497556,-0.40164968689172964,96,
LINK,TREND_PULLBACK,LONG,60731,60732,2026-09-25T14:45:00+00:00,2026-09-25T15:00:00+00:00,14.037,13.612959792459975,14.673060311310039,0.4240402075400258,1.5,2026-09-26T15:00:00+00:00,14.332,TIME,0.695688745440854,0.08697217703469516,0.6087165684061588,96,
FET,TREND_PULLBACK,LONG,60753,60754,2026-09-25T20:15:00+00:00,2026-09-25T20:30:00+00:00,0.2417,0.23443112415280887,0.2526033137707867,0.007268875847191131,1.5,2026-09-26T15:00:00+00:00,0.2526033137707867,TP,1.500000000000002,0.08840353328504527,1.4115964667149568,74,
XRP,TREND_PULLBACK,LONG,60826,60827,2026-09-26T14:30:00+00:00,2026-09-26T14:45:00+00:00,1.5447,1.5331904070754263,1.5619643893868604,0.011509592924573653,1.5,2026-09-26T17:30:00+00:00,1.5331904070754263,SL,-1.0,0.34764544284230375,-1.3476454428423037,11,
ADA,TREND_PULLBACK,LONG,60808,60809,2026-09-26T10:00:00+00:00,2026-09-26T10:15:00+00:00,0.2563,0.25265230103371783,0.2617715484494232,0.0036476989662821424,1.5,2026-09-26T20:00:00+00:00,0.25265230103371783,SL,-1.0,0.18138503134708972,-1.1813850313470897,39,
SOL,TREND_PULLBACK,LONG,60849,60850,2026-09-26T20:15:00+00:00,2026-09-26T20:30:00+00:00,121.35,120.42209185080993,122.74186222378509,0.9279081491900598,1.5,2026-09-26T20:30:00+00:00,120.42209185080993,SL,-1.0,0.33872287863879436,-1.3387228786387944,0,True
SOL,TREND_PULLBACK,LONG,60853,60854,2026-09-26T21:15:00+00:00,2026-09-26T21:30:00+00:00,121.49,120.26233158972778,123.33150261540831,1.2276684102722157,1.5,2026-09-27T04:30:00+00:00,120.26233158972778,SL,-1.0,0.255995860475843,-1.255995860475843,28,
DOGE,TREND_PULLBACK,LONG,60872,60873,2026-09-27T02:00:00+00:00,2026-09-27T02:15:00+00:00,0.09661,0.0957110647800385,0.09795840282994225,0.0008989352199614969,1.5,2026-09-27T04:30:00+00:00,0.0957110647800385,SL,-1.0,0.27812614153081994,-1.2781261415308198,9,
AVAX,TREND_PULLBACK,LONG,60868,60869,2026-09-27T01:00:00+00:00,2026-09-27T01:15:00+00:00,10.824,10.672597933005076,11.051103100492387,0.1514020669949243,1.5,2026-09-27T04:45:00+00:00,10.672597933005076,SL,-1.0,0.18457857192823837,-1.1845785719282385,14,
ADA,TREND_PULLBACK,LONG,60885,60886,2026-09-27T05:15:00+00:00,2026-09-27T05:30:00+00:00,0.2525,0.24953434711801292,0.2569484793229806,0.0029656528819870798,1.5,2026-09-27T07:15:00+00:00,0.2569484793229806,TP,1.4999999999999907,0.22331778177496095,1.2766822182250297,7,
LINK,TREND_PULLBACK,LONG,60860,60861,2026-09-26T23:00:00+00:00,2026-09-26T23:15:00+00:00,14.132,13.938770074776194,14.421844887835707,0.19322992522380567,1.5,2026-09-27T07:45:00+00:00,14.421844887835707,TP,1.4999999999999953,0.19210274139056224,1.307897258609433,34,
ADA,TREND_PULLBACK,LONG,60909,60910,2026-09-27T11:15:00+00:00,2026-09-27T11:30:00+00:00,0.2566,0.2537342359690215,0.26089864604646773,0.0028657640309784904,1.5,2026-09-27T13:00:00+00:00,0.2537342359690215,SL,-1.0,0.23150353608604823,-1.2315035360860482,6,
LINK,TREND_PULLBACK,LONG,60936,60937,2026-09-27T18:00:00+00:00,2026-09-27T18:15:00+00:00,14.132,14.02818184920811,14.287727226187833,0.10381815079188961,1.5,2026-09-27T20:15:00+00:00,14.02818184920811,SL,-1.0,0.3526188448237167,-1.3526188448237166,8,
AVAX,TREND_PULLBACK,LONG,60919,60920,2026-09-27T13:45:00+00:00,2026-09-27T14:00:00+00:00,11.006,10.807788154199077,11.303317768701385,0.19821184580092321,1.5,2026-09-27T22:00:00+00:00,10.807788154199077,SL,-1.0,0.14306876809441788,-1.1430687680944178,32,
DOGE,TREND_PULLBACK,LONG,60948,60949,2026-09-27T21:00:00+00:00,2026-09-27T21:15:00+00:00,0.09728,0.09636835477553057,0.09864746783670415,0.0009116452244694317,1.5,2026-09-27T22:00:00+00:00,0.09636835477553057,SL,-1.0,0.2761412602744686,-1.2761412602744686,3,
SOL,TREND_PULLBACK,LONG,60961,60962,2026-09-28T00:15:00+00:00,2026-09-28T00:30:00+00:00,122.65,121.0931743201646,124.98523851975312,1.5568256798354128,1.5,2026-09-28T01:30:00+00:00,121.0931743201646,SL,-1.0,0.20353346602666075,-1.2035334660266608,4,
FET,TREND_PULLBACK,LONG,60872,60873,2026-09-27T02:00:00+00:00,2026-09-27T02:15:00+00:00,0.2427,0.23755371858627558,0.25041942212058665,0.005146281413724418,1.5,2026-09-28T02:15:00+00:00,0.2458,TIME,0.602376697032681,0.12339978111309845,0.4789769159195826,96,
AVAX,TREND_PULLBACK,LONG,60959,60960,2026-09-27T23:45:00+00:00,2026-09-28T00:00:00+00:00,10.897,10.691128456040893,11.20580731593866,0.20587154395910723,1.5,2026-09-28T02:45:00+00:00,10.691128456040893,SL,-1.0,0.1363207680534406,-1.1363207680534406,11,
ADA,TREND_PULLBACK,LONG,60959,60960,2026-09-27T23:45:00+00:00,2026-09-28T00:00:00+00:00,0.2551,0.2502829045009006,0.26232564324864904,0.004817095499099366,1.5,2026-09-28T03:15:00+00:00,0.2502829045009006,SL,-1.0,0.1363887794987679,-1.136388779498768,13,
SUI,TREND_PULLBACK,LONG,60965,60966,2026-09-28T01:15:00+00:00,2026-09-28T01:30:00+00:00,1.2735,1.2406227322495578,1.3228159016256635,0.03287726775044231,1.5,2026-09-28T03:30:00+00:00,1.2406227322495578,SL,-1.0,0.09941092358200765,-1.0994109235820075,8,
LINK,TREND_PULLBACK,LONG,60965,60966,2026-09-28T01:15:00+00:00,2026-09-28T01:30:00+00:00,14.118,13.870496293324452,14.489255560013323,0.24750370667554833,1.5,2026-09-28T04:00:00+00:00,13.870496293324452,SL,-1.0,0.14700808189922912,-1.1470080818992292,10,
SUI,TREND_PULLBACK,LONG,61008,61009,2026-09-28T12:00:00+00:00,2026-09-28T12:15:00+00:00,1.1923,1.1587059695594626,1.242691045660806,0.033594030440537326,1.5,2026-09-28T14:15:00+00:00,1.1587059695594626,SL,-1.0,0.09097770408457179,-1.0909777040845718,8,
SUI,TREND_PULLBACK,LONG,61025,61026,2026-09-28T16:15:00+00:00,2026-09-28T16:30:00+00:00,1.1731,1.1341481835489053,1.231527724676642,0.03895181645109469,1.5,2026-09-29T01:15:00+00:00,1.1341481835489053,SL,-1.0,0.07700340861842613,-1.0770034086184261,35,
CRV,TREND_PULLBACK,LONG,61062,61063,2026-09-29T01:30:00+00:00,2026-09-29T01:45:00+00:00,0.374,0.36410782594923163,0.38883826107615255,0.009892174050768365,1.5,2026-09-29T03:15:00+00:00,0.38883826107615255,TP,1.5,0.10024992830792033,1.3997500716920797,6,
LINK,TREND_PULLBACK,LONG,61084,61085,2026-09-29T07:00:00+00:00,2026-09-29T07:15:00+00:00,15.1,14.708369795172251,15.687445307241623,0.3916302048277487,1.5,2026-09-29T15:45:00+00:00,14.708369795172251,SL,-1.0,0.0989476303309337,-1.0989476303309338,34,
CRV,TREND_PULLBACK,LONG,61105,61106,2026-09-29T12:15:00+00:00,2026-09-29T12:30:00+00:00,0.3999,0.38618221333849684,0.4204766799922547,0.01371778666150314,1.5,2026-09-29T17:30:00+00:00,0.38618221333849684,SL,-1.0,0.07449502624267153,-1.0744950262426716,20,
CRV,TREND_PULLBACK,LONG,61156,61157,2026-09-30T01:00:00+00:00,2026-09-30T01:15:00+00:00,0.3852,0.37488524395430833,0.40067213406853747,0.010314756045691653,1.5,2026-09-30T09:00:00+00:00,0.40067213406853747,TP,1.5,0.09904584943778894,1.4009541505622112,31,
CRV,TREND_PULLBACK,LONG,61230,61231,2026-09-30T19:30:00+00:00,2026-09-30T19:45:00+00:00,0.3915,0.38215019964064,0.40552470053904,0.009349800359360005,1.5,2026-09-30T23:45:00+00:00,0.3945,PERIOD_END_MARK,0.3208624660094189,0.109285755922808,0.21157671008661094,16,
