coin,family,side,signal_index,entry_index,signal_time,entry_time,entry,sl,tp,risk_price,target_rr,closed_at,exit,result,gross_R,cost_R,R,hold_bars,entry_bar_exit
SOL,RANGE_MEAN_REVERSION,LONG,798,799,2025-01-09T07:30:00+00:00,2025-01-09T07:45:00+00:00,190.32,189.2511423093413,191.92328653598804,1.0688576906586889,1.5,2025-01-09T08:00:00+00:00,189.2511423093413,SL,-1.0,0.46165405302744966,-1.4616540530274498,1,
FET,RANGE_MEAN_REVERSION,LONG,798,799,2025-01-09T07:30:00+00:00,2025-01-09T07:45:00+00:00,1.2878,1.2730757281758887,1.3098864077361672,0.014724271824111401,1.5,2025-01-09T08:30:00+00:00,1.3098864077361672,TP,1.5,0.22934868157806615,1.270651318421934,3,
LINK,RANGE_MEAN_REVERSION,LONG,798,799,2025-01-09T07:30:00+00:00,2025-01-09T07:45:00+00:00,19.823,19.6548298899095,20.07525516513575,0.1681701100905002,1.5,2025-01-09T08:30:00+00:00,20.07525516513575,TP,1.5,0.3084242002741392,1.191575799725861,3,
UNI,RANGE_MEAN_REVERSION,LONG,798,799,2025-01-09T07:30:00+00:00,2025-01-09T07:45:00+00:00,12.767,12.648005332502073,12.945492001246889,0.11899466749792609,1.5,2025-01-09T08:30:00+00:00,12.945492001246889,TP,1.5,0.2809053573951415,1.2190946426048586,3,
CRV,RANGE_MEAN_REVERSION,LONG,799,800,2025-01-09T07:45:00+00:00,2025-01-09T08:00:00+00:00,0.822,0.813197833510775,0.8352032497338373,0.008802166489224938,1.5,2025-01-09T08:30:00+00:00,0.8352032497338373,TP,1.4999999999999938,0.24475386000608215,1.2552461399939117,2,
ETH,RANGE_MEAN_REVERSION,LONG,800,801,2025-01-09T08:00:00+00:00,2025-01-09T08:15:00+00:00,3276.0,3254.9094038967696,3307.6358941548456,21.090596103230382,1.5,2025-01-09T08:30:00+00:00,3307.6358941548456,TP,1.5,0.4058077173594152,1.0941922826405848,1,
BTC,RANGE_MEAN_REVERSION,LONG,801,802,2025-01-09T08:15:00+00:00,2025-01-09T08:30:00+00:00,92945.7,92488.14451084698,93632.03323372953,457.55548915301915,1.5,2025-01-09T09:30:00+00:00,93632.03323372953,TP,1.5,0.5301019416308054,0.9698980583691946,4,
BTC,RANGE_MEAN_REVERSION,LONG,822,823,2025-01-09T13:30:00+00:00,2025-01-09T13:45:00+00:00,92296.3,91752.01759792045,93112.72360311933,544.2824020795524,1.5,2025-01-09T14:00:00+00:00,91752.01759792045,SL,-1.0,0.43959314496140167,-1.4395931449614017,1,
BNB,RANGE_MEAN_REVERSION,LONG,824,825,2025-01-09T14:00:00+00:00,2025-01-09T14:15:00+00:00,686.27,679.7462154239686,696.0556768640471,6.523784576031403,1.5,2025-01-09T15:30:00+00:00,696.0556768640471,TP,1.5,0.2754571919075292,1.2245428080924707,5,
DOGE,RANGE_MEAN_REVERSION,SHORT,893,894,2025-01-10T07:15:00+00:00,2025-01-10T07:30:00+00:00,0.33362,0.3355087339349057,0.3307868990976415,0.0018887339349056842,1.5,2025-01-10T07:30:00+00:00,0.3355087339349057,SL,-1.0,0.4605557924487734,-1.4605557924487735,0,True
SOL,RANGE_MEAN_REVERSION,LONG,918,919,2025-01-10T13:30:00+00:00,2025-01-10T13:45:00+00:00,186.75,184.03459355871857,190.82310966192216,2.7154064412814307,1.5,2025-01-10T15:00:00+00:00,184.03459355871857,SL,-1.0,0.17751301031710875,-1.1775130103171088,5,
FET,RANGE_MEAN_REVERSION,LONG,918,919,2025-01-10T13:30:00+00:00,2025-01-10T13:45:00+00:00,1.2977,1.2731467761847195,1.334529835722921,0.024553223815280578,1.5,2025-01-10T17:45:00+00:00,1.334529835722921,TP,1.5,0.13936657818067033,1.3606334218193297,16,
DOGE,RANGE_MEAN_REVERSION,SHORT,1004,1005,2025-01-11T11:00:00+00:00,2025-01-11T11:15:00+00:00,0.33679,0.33927904036229556,0.3330564394565566,0.0024890403622955803,1.5,2025-01-11T11:30:00+00:00,0.33927904036229556,SL,-1.0,0.35310385712685105,-1.353103857126851,1,
ADA,RANGE_MEAN_REVERSION,SHORT,1044,1045,2025-01-11T21:00:00+00:00,2025-01-11T21:15:00+00:00,0.9914,0.9996266810542014,0.9790599784186977,0.008226681054201435,1.5,2025-01-11T21:15:00+00:00,0.9996266810542014,SL,-1.0,0.3146268426255054,-1.3146268426255054,0,True
AVAX,RANGE_MEAN_REVERSION,SHORT,1044,1045,2025-01-11T21:00:00+00:00,2025-01-11T21:15:00+00:00,37.365,37.6760226352389,36.89846604714165,0.31102263523889917,1.5,2025-01-11T21:15:00+00:00,37.6760226352389,SL,-1.0,0.31365347204031957,-1.3136534720403197,0,True
DOGE,RANGE_MEAN_REVERSION,SHORT,1044,1045,2025-01-11T21:00:00+00:00,2025-01-11T21:15:00+00:00,0.34422,0.34674128447022845,0.34043807329465736,0.0025212844702284243,1.5,2025-01-11T21:15:00+00:00,0.34674128447022845,SL,-1.0,0.35626668883179097,-1.356266688831791,0,True
FET,RANGE_MEAN_REVERSION,SHORT,1044,1045,2025-01-11T21:00:00+00:00,2025-01-11T21:15:00+00:00,1.3378,1.347186564042221,1.323720153936669,0.009386564042220824,1.5,2025-01-11T21:45:00+00:00,1.347186564042221,SL,-1.0,0.37185944905448626,-1.3718594490544862,2,
SOL,RANGE_MEAN_REVERSION,SHORT,1045,1046,2025-01-11T21:15:00+00:00,2025-01-11T21:30:00+00:00,190.94,192.14505897538902,189.13241153691646,1.2050589753890222,1.5,2025-01-11T22:15:00+00:00,189.13241153691646,TP,1.5,0.41001655942895726,1.0899834405710427,3,
UNI,RANGE_MEAN_REVERSION,SHORT,1045,1046,2025-01-11T21:15:00+00:00,2025-01-11T21:30:00+00:00,13.91,13.994613054686866,13.783080417969702,0.08461305468686575,1.5,2025-01-11T22:15:00+00:00,13.783080417969702,TP,1.5,0.42547813309178345,1.0745218669082166,3,
BTC,RANGE_MEAN_REVERSION,SHORT,1047,1048,2025-01-11T21:45:00+00:00,2025-01-11T22:00:00+00:00,94891.5,95105.74333450728,94570.13499823908,214.24333450727863,1.5,2025-01-11T22:30:00+00:00,94570.13499823908,TP,1.5,1.1496279502191145,0.35037204978088554,2,
LINK,RANGE_MEAN_REVERSION,SHORT,1045,1046,2025-01-11T21:15:00+00:00,2025-01-11T21:30:00+00:00,20.547,20.756174658987245,20.233238011519134,0.2091746589872443,1.5,2025-01-11T22:45:00+00:00,20.233238011519134,TP,1.5,0.2534451815131571,1.246554818486843,5,
DOGE,RANGE_MEAN_REVERSION,LONG,1094,1095,2025-01-12T09:30:00+00:00,2025-01-12T09:45:00+00:00,0.33464,0.3331268990744556,0.33690965138831663,0.0015131009255444083,1.5,2025-01-12T11:15:00+00:00,0.33690965138831663,TP,1.5000000000000184,0.576970466454975,0.9230295335450435,6,
ADA,RANGE_MEAN_REVERSION,LONG,1098,1099,2025-01-12T10:30:00+00:00,2025-01-12T10:45:00+00:00,0.9814,0.9712001744333854,0.9966997383499221,0.010199825566614695,1.5,2025-01-12T12:15:00+00:00,0.9966997383499221,TP,1.5,0.2521150624645815,1.2478849375354186,6,
BTC,RANGE_MEAN_REVERSION,SHORT,1117,1118,2025-01-12T15:15:00+00:00,2025-01-12T15:30:00+00:00,95222.7,95587.66465883396,94675.25301174904,364.9646588339674,1.5,2025-01-12T19:15:00+00:00,94675.25301174904,TP,1.50000000000002,0.6764143676376637,0.8235856323623563,15,
SOL,RANGE_MEAN_REVERSION,SHORT,1118,1119,2025-01-12T15:30:00+00:00,2025-01-12T15:45:00+00:00,190.13,191.1057661569732,188.6663507645402,0.9757661569732079,1.5,2025-01-12T19:15:00+00:00,188.6663507645402,TP,1.4999999999999853,0.5046652340571218,0.9953347659428635,14,
FET,RANGE_MEAN_REVERSION,LONG,1144,1145,2025-01-12T22:00:00+00:00,2025-01-12T22:15:00+00:00,1.2836,1.273440871531369,1.2988386927029467,0.010159128468631096,1.5,2025-01-12T23:45:00+00:00,1.2988386927029467,TP,1.5,0.3304584946316952,1.1695415053683047,6,
DOGE,RANGE_MEAN_REVERSION,LONG,1144,1145,2025-01-12T22:00:00+00:00,2025-01-12T22:15:00+00:00,0.33282,0.3304425491858019,0.3363861762212972,0.002377450814198101,1.5,2025-01-13T00:00:00+00:00,0.3363861762212972,TP,1.5000000000000118,0.3659247223506161,1.1340752776493956,7,
LINK,RANGE_MEAN_REVERSION,LONG,1144,1145,2025-01-12T22:00:00+00:00,2025-01-12T22:15:00+00:00,19.656,19.52212693042184,19.856809604367236,0.1338730695781578,1.5,2025-01-13T00:00:00+00:00,19.856809604367236,TP,1.5,0.3836966810990205,1.1163033189009794,7,
AVAX,RANGE_MEAN_REVERSION,LONG,1144,1145,2025-01-12T22:00:00+00:00,2025-01-12T22:15:00+00:00,36.236,35.9912279325387,36.603158101191944,0.2447720674612981,1.5,2025-01-13T00:15:00+00:00,36.603158101191944,TP,1.5,0.3868533959518134,1.1131466040481865,8,
UNI,RANGE_MEAN_REVERSION,LONG,1144,1145,2025-01-12T22:00:00+00:00,2025-01-12T22:15:00+00:00,13.593,13.500220467126958,13.732169299309563,0.09277953287304186,1.5,2025-01-13T00:15:00+00:00,13.732169299309563,TP,1.5,0.3828723748556829,1.1171276251443172,8,
DOGE,RANGE_MEAN_REVERSION,SHORT,1287,1288,2025-01-14T09:45:00+00:00,2025-01-14T10:00:00+00:00,0.35403,0.3570017257352274,0.3495724113971589,0.002971725735227415,1.5,2025-01-14T10:00:00+00:00,0.3495724113971589,TP,1.5,0.30779527328968304,1.192204726710317,0,True
ADA,RANGE_MEAN_REVERSION,SHORT,1287,1288,2025-01-14T09:45:00+00:00,2025-01-14T10:00:00+00:00,0.9838,0.994761675972357,0.9673574860414645,0.010961675972356977,1.5,2025-01-14T11:00:00+00:00,0.9673574860414645,TP,1.5,0.2313975288313969,1.268602471168603,4,
BTC,RANGE_MEAN_REVERSION,SHORT,1287,1288,2025-01-14T09:45:00+00:00,2025-01-14T10:00:00+00:00,97129.9,97605.1884049651,96416.96739255234,475.28840496510384,1.5,2025-01-14T11:15:00+00:00,96416.96739255234,TP,1.5,0.5293857897265377,0.9706142102734623,5,
ADA,RANGE_MEAN_REVERSION,SHORT,1322,1323,2025-01-14T18:30:00+00:00,2025-01-14T18:45:00+00:00,1.008,1.0167019651834788,0.9949470522247819,0.008701965183478766,1.5,2025-01-14T19:30:00+00:00,0.9949470522247819,TP,1.5,0.2992233493229501,1.2007766506770499,3,
ADA,RANGE_MEAN_REVERSION,SHORT,1375,1376,2025-01-15T07:45:00+00:00,2025-01-15T08:00:00+00:00,1.0502,1.0626218570787316,1.0315672143819028,0.012421857078731557,1.5,2025-01-15T09:30:00+00:00,1.0315672143819028,TP,1.4999999999999911,0.2178657636731418,1.2821342363268493,6,
SUI,RANGE_MEAN_REVERSION,SHORT,1400,1401,2025-01-15T14:00:00+00:00,2025-01-15T14:15:00+00:00,4.7946,4.875876026076288,4.672685960885568,0.0812760260762877,1.5,2025-01-15T17:45:00+00:00,4.672685960885568,TP,1.5000000000000056,0.15142806979267343,1.3485719302073322,14,
SUI,RANGE_MEAN_REVERSION,SHORT,1435,1436,2025-01-15T22:45:00+00:00,2025-01-15T23:00:00+00:00,4.8682,4.910763892317144,4.804354161524284,0.04256389231714408,1.5,2025-01-16T00:00:00+00:00,4.804354161524284,TP,1.5,0.29542223996551237,1.2045777600344876,4,
SOL,RANGE_MEAN_REVERSION,LONG,1475,1476,2025-01-16T08:45:00+00:00,2025-01-16T09:00:00+00:00,199.65,198.365905467431,201.57614179885354,1.2840945325690143,1.5,2025-01-16T11:00:00+00:00,201.57614179885354,TP,1.500000000000011,0.4061959389352639,1.0938040610647473,8,
AVAX,RANGE_MEAN_REVERSION,LONG,1476,1477,2025-01-16T09:00:00+00:00,2025-01-16T09:15:00+00:00,38.511,38.213079083950205,38.9578813740747,0.2979209160497973,1.5,2025-01-16T11:30:00+00:00,38.9578813740747,TP,1.500000000000012,0.3380412061080786,1.1619587938919334,9,
SUI,RANGE_MEAN_REVERSION,LONG,1475,1476,2025-01-16T08:45:00+00:00,2025-01-16T09:00:00+00:00,4.6038,4.567169196683799,4.658746204974301,0.03663080331620083,1.5,2025-01-16T11:45:00+00:00,4.658746204974301,TP,1.5000000000000122,0.3287208845114527,1.1712791154885596,11,
UNI,RANGE_MEAN_REVERSION,LONG,1475,1476,2025-01-16T08:45:00+00:00,2025-01-16T09:00:00+00:00,14.076,13.956778889317116,14.254831666024327,0.11922111068288466,1.5,2025-01-16T11:45:00+00:00,14.254831666024327,TP,1.4999999999999925,0.3089224798768708,1.1910775201231216,11,
ETH,RANGE_MEAN_REVERSION,SHORT,1571,1572,2025-01-17T08:45:00+00:00,2025-01-17T09:00:00+00:00,3405.91,3422.5207585537682,3380.9938621693473,16.61075855376839,1.5,2025-01-17T10:00:00+00:00,3422.5207585537682,SL,-1.0,0.5344102713542863,-1.5344102713542864,4,
DOGE,RANGE_MEAN_REVERSION,SHORT,1635,1636,2025-01-18T00:45:00+00:00,2025-01-18T01:00:00+00:00,0.43037,0.43560650129793543,0.4225152480530968,0.005236501297935459,1.5,2025-01-18T01:45:00+00:00,0.4225152480530968,TP,1.4999999999999947,0.21173504204155583,1.2882649579584389,3,
BNB,RANGE_MEAN_REVERSION,LONG,1647,1648,2025-01-18T03:45:00+00:00,2025-01-18T04:00:00+00:00,708.0,704.5617688239907,713.1573467640139,3.4382311760092534,1.5,2025-01-18T05:00:00+00:00,704.5617688239907,SL,-1.0,0.5340915736802236,-1.5340915736802236,4,
ADA,RANGE_MEAN_REVERSION,LONG,1649,1650,2025-01-18T04:15:00+00:00,2025-01-18T04:30:00+00:00,1.0922,1.0781998850954304,1.1132001723568545,0.01400011490456965,1.5,2025-01-18T05:15:00+00:00,1.0781998850954304,SL,-1.0,0.20153547809119146,-1.2015354780911915,3,
BTC,RANGE_MEAN_REVERSION,LONG,1649,1650,2025-01-18T04:15:00+00:00,2025-01-18T04:30:00+00:00,102977.2,102375.26505152984,103880.10242270523,601.9349484701524,1.5,2025-01-18T08:00:00+00:00,102375.26505152984,SL,-1.0,0.4435000912398862,-1.443500091239886,14,
ADA,RANGE_MEAN_REVERSION,SHORT,1728,1729,2025-01-19T00:00:00+00:00,2025-01-19T00:15:00+00:00,1.1016,1.1141568112555584,1.0827647831166622,0.01255681125555852,1.5,2025-01-19T00:15:00+00:00,1.1141568112555584,SL,-1.0,0.22939612581634714,-1.229396125816347,0,True
CRV,RANGE_MEAN_REVERSION,SHORT,1734,1735,2025-01-19T01:30:00+00:00,2025-01-19T01:45:00+00:00,0.957,0.9697487835948626,0.937876824607706,0.012748783594862645,1.5,2025-01-19T02:15:00+00:00,0.9697487835948626,SL,-1.0,0.1964715613874461,-1.1964715613874461,2,
AVAX,RANGE_MEAN_REVERSION,SHORT,1735,1736,2025-01-19T01:45:00+00:00,2025-01-19T02:00:00+00:00,40.265,40.76196746601314,39.51954880098029,0.4969674660131389,1.5,2025-01-19T03:15:00+00:00,39.51954880098029,TP,1.500000000000007,0.20870564078038098,1.2912943592196262,5,
DOGE,RANGE_MEAN_REVERSION,LONG,1762,1763,2025-01-19T08:30:00+00:00,2025-01-19T08:45:00+00:00,0.38099,0.37679713480840454,0.3872792977873932,0.004192865191595452,1.5,2025-01-19T08:45:00+00:00,0.37679713480840454,SL,-1.0,0.23495228924259093,-1.234952289242591,0,True
ADA,RANGE_MEAN_REVERSION,LONG,1762,1763,2025-01-19T08:30:00+00:00,2025-01-19T08:45:00+00:00,1.0453,1.034607734526558,1.0613383982101627,0.01069226547344182,1.5,2025-01-19T09:00:00+00:00,1.034607734526558,SL,-1.0,0.2528818669533232,-1.2528818669533233,1,
CRV,RANGE_MEAN_REVERSION,LONG,1763,1764,2025-01-19T08:45:00+00:00,2025-01-19T09:00:00+00:00,0.875,0.8647443253414532,0.8903835119878203,0.01025567465854682,1.5,2025-01-19T09:00:00+00:00,0.8647443253414532,SL,-1.0,0.2205284097091626,-1.2205284097091627,0,True
ETH,RANGE_MEAN_REVERSION,LONG,1763,1764,2025-01-19T08:45:00+00:00,2025-01-19T09:00:00+00:00,3221.2,3201.9824525599097,3250.026321160135,19.21754744009013,1.5,2025-01-19T09:00:00+00:00,3201.9824525599097,SL,-1.0,0.43450587096813853,-1.4345058709681386,0,True
LINK,RANGE_MEAN_REVERSION,LONG,1764,1765,2025-01-19T09:00:00+00:00,2025-01-19T09:15:00+00:00,22.449,22.15832667803725,22.885009982944133,0.2906733219627533,1.5,2025-01-19T09:30:00+00:00,22.885009982944133,TP,1.5000000000000062,0.2027506775643455,1.2972493224356607,1,
LINK,RANGE_MEAN_REVERSION,SHORT,1962,1963,2025-01-21T10:30:00+00:00,2025-01-21T10:45:00+00:00,25.62,26.033271320950583,25.000093018574127,0.4132713209505816,1.5,2025-01-21T10:45:00+00:00,26.033271320950583,SL,-1.0,0.1624822466818726,-1.1624822466818725,0,True
BNB,RANGE_MEAN_REVERSION,SHORT,1969,1970,2025-01-21T12:15:00+00:00,2025-01-21T12:30:00+00:00,692.05,693.9868624230503,689.1447063654244,1.9368624230503428,1.5,2025-01-21T13:00:00+00:00,689.1447063654244,TP,1.5,0.9270421568958187,0.5729578431041813,2,
BTC,RANGE_MEAN_REVERSION,SHORT,1969,1970,2025-01-21T12:15:00+00:00,2025-01-21T12:30:00+00:00,104439.0,105019.60884968773,103568.0867254684,580.6088496877346,1.5,2025-01-21T14:15:00+00:00,105019.60884968773,SL,-1.0,0.4689838807159785,-1.4689838807159785,7,
SUI,RANGE_MEAN_REVERSION,SHORT,1992,1993,2025-01-21T18:00:00+00:00,2025-01-21T18:15:00+00:00,4.7245,4.791874281588696,4.623438577616955,0.0673742815886964,1.5,2025-01-21T18:45:00+00:00,4.791874281588696,SL,-1.0,0.18362031140590113,-1.1836203114059012,2,
FET,RANGE_MEAN_REVERSION,SHORT,1991,1992,2025-01-21T17:45:00+00:00,2025-01-21T18:00:00+00:00,1.2916,1.3145931102013517,1.2571103346979726,0.02299311020135164,1.5,2025-01-21T19:00:00+00:00,1.2571103346979726,TP,1.5,0.14410070695492913,1.3558992930450708,4,
BNB,RANGE_MEAN_REVERSION,SHORT,2035,2036,2025-01-22T04:45:00+00:00,2025-01-22T05:00:00+00:00,702.64,705.6154961867886,698.176755719817,2.9754961867886323,1.5,2025-01-22T07:00:00+00:00,698.176755719817,TP,1.5,0.6120195315730457,0.8879804684269543,8,
UNI,RANGE_MEAN_REVERSION,LONG,2049,2050,2025-01-22T08:15:00+00:00,2025-01-22T08:30:00+00:00,13.186,13.079219123721142,13.346171314418287,0.10678087627885802,1.5,2025-01-22T09:30:00+00:00,13.346171314418287,TP,1.5,0.3230149808723095,1.1769850191276905,4,
SUI,RANGE_MEAN_REVERSION,LONG,2049,2050,2025-01-22T08:15:00+00:00,2025-01-22T08:30:00+00:00,4.5455,4.514206314763367,4.592440527854949,0.03129368523663256,1.5,2025-01-22T11:15:00+00:00,4.592440527854949,TP,1.5000000000000142,0.37960766194150347,1.1203923380585108,11,
XRP,RANGE_MEAN_REVERSION,SHORT,2064,2065,2025-01-22T12:00:00+00:00,2025-01-22T12:15:00+00:00,3.2502,3.2726619222334685,3.2165071166497974,0.022461922233468545,1.5,2025-01-22T13:00:00+00:00,3.2165071166497974,TP,1.49999999999999,0.3742653529054882,1.1257346470945018,3,
SOL,RANGE_MEAN_REVERSION,SHORT,2097,2098,2025-01-22T20:15:00+00:00,2025-01-22T20:30:00+00:00,268.65,271.81906580953165,263.8964012857025,3.1690658095316735,1.5,2025-01-22T20:30:00+00:00,271.81906580953165,SL,-1.0,0.22170880246132324,-1.2217088024613232,0,True
XRP,RANGE_MEAN_REVERSION,SHORT,2097,2098,2025-01-22T20:15:00+00:00,2025-01-22T20:30:00+00:00,3.266,3.307012424664755,3.2044813630028672,0.04101242466475519,1.5,2025-01-22T21:00:00+00:00,3.2044813630028672,TP,1.5,0.20509945073138822,1.2949005492686119,2,
UNI,RANGE_MEAN_REVERSION,LONG,2108,2109,2025-01-22T23:00:00+00:00,2025-01-22T23:15:00+00:00,12.858,12.752881824956543,13.015677262565188,0.105118175043458,1.5,2025-01-23T01:45:00+00:00,12.752881824956543,SL,-1.0,0.3167306353889708,-1.3167306353889707,10,
ADA,RANGE_MEAN_REVERSION,LONG,2121,2122,2025-01-23T02:15:00+00:00,2025-01-23T02:30:00+00:00,0.9647,0.9556823388041374,0.9782264917937938,0.009017661195862559,1.5,2025-01-23T03:00:00+00:00,0.9782264917937938,TP,1.5,0.2800952912813812,1.2199047087186188,2,
LINK,RANGE_MEAN_REVERSION,LONG,2121,2122,2025-01-23T02:15:00+00:00,2025-01-23T02:30:00+00:00,24.552,24.358137326375715,24.842794010436428,0.19386267362428455,1.5,2025-01-23T03:15:00+00:00,24.842794010436428,TP,1.500000000000009,0.3312305097886753,1.168769490211334,3,
BTC,RANGE_MEAN_REVERSION,LONG,2120,2121,2025-01-23T02:00:00+00:00,2025-01-23T02:15:00+00:00,102499.0,102032.30191620003,103199.04712569996,466.69808379997266,1.5,2025-01-23T04:15:00+00:00,102032.30191620003,SL,-1.0,0.5697274141905864,-1.5697274141905864,8,
AVAX,RANGE_MEAN_REVERSION,LONG,2121,2122,2025-01-23T02:15:00+00:00,2025-01-23T02:30:00+00:00,35.944,35.568769766662975,36.50684535000555,0.3752302333370281,1.5,2025-01-23T04:30:00+00:00,35.568769766662975,SL,-1.0,0.24775882228327856,-1.2477588222832785,8,
FET,RANGE_MEAN_REVERSION,LONG,2132,2133,2025-01-23T05:00:00+00:00,2025-01-23T05:15:00+00:00,1.2311,1.2199316657251755,1.247852501412237,0.011168334274824554,1.5,2025-01-23T07:45:00+00:00,1.247852501412237,TP,1.50000000000001,0.2885513786151904,1.2114486213848195,10,
ETH,RANGE_MEAN_REVERSION,LONG,2131,2132,2025-01-23T04:45:00+00:00,2025-01-23T05:00:00+00:00,3196.0,3166.329212977342,3240.5061805339865,29.670787022657805,1.5,2025-01-23T13:45:00+00:00,3240.5061805339865,TP,1.4999999999999922,0.28200997932088745,1.2179900206791048,35,
CRV,RANGE_MEAN_REVERSION,LONG,2119,2120,2025-01-23T01:45:00+00:00,2025-01-23T02:00:00+00:00,0.761,0.7441162119077005,0.7863256821384492,0.016883788092299512,1.5,2025-01-23T14:45:00+00:00,0.7863256821384492,TP,1.4999999999999967,0.11913934099287914,1.3808606590071175,51,
LINK,RANGE_MEAN_REVERSION,SHORT,2171,2172,2025-01-23T14:45:00+00:00,2025-01-23T15:00:00+00:00,25.664,25.99104116052103,25.17343825921846,0.32704116052102705,1.5,2025-01-23T15:00:00+00:00,25.17343825921846,TP,1.5,0.2020805871398406,1.2979194128601594,0,True
CRV,RANGE_MEAN_REVERSION,SHORT,2248,2249,2025-01-24T10:00:00+00:00,2025-01-24T10:15:00+00:00,0.824,0.836573590570523,0.8051396141442153,0.012573590570523097,1.5,2025-01-24T10:30:00+00:00,0.836573590570523,SL,-1.0,0.1716888788157725,-1.1716888788157724,1,
ADA,RANGE_MEAN_REVERSION,LONG,2290,2291,2025-01-24T20:30:00+00:00,2025-01-24T20:45:00+00:00,0.9771,0.971391139571399,0.9856632906429015,0.00570886042860097,1.5,2025-01-24T21:00:00+00:00,0.971391139571399,SL,-1.0,0.44370299696809584,-1.443702996968096,1,
XRP,RANGE_MEAN_REVERSION,LONG,2290,2291,2025-01-24T20:30:00+00:00,2025-01-24T20:45:00+00:00,3.1117,3.0926968892491273,3.1402046661263086,0.019003110750872576,1.5,2025-01-24T22:00:00+00:00,3.0926968892491273,SL,-1.0,0.42444187489953494,-1.4244418748995349,5,
SUI,RANGE_MEAN_REVERSION,LONG,2293,2294,2025-01-24T21:15:00+00:00,2025-01-24T21:30:00+00:00,4.2374,4.184948660007979,4.316077009988032,0.052451339992020785,1.5,2025-01-24T22:00:00+00:00,4.184948660007979,SL,-1.0,0.2087468739535732,-1.2087468739535732,2,
DOGE,RANGE_MEAN_REVERSION,LONG,2290,2291,2025-01-24T20:30:00+00:00,2025-01-24T20:45:00+00:00,0.35325,0.35108816811649174,0.3564927478252624,0.0021618318835082695,1.5,2025-01-24T22:15:00+00:00,0.35108816811649174,SL,-1.0,0.4235480221827049,-1.4235480221827048,6,
UNI,RANGE_MEAN_REVERSION,LONG,2290,2291,2025-01-24T20:30:00+00:00,2025-01-24T20:45:00+00:00,12.556,12.480866445666615,12.668700331500075,0.07513355433338376,1.5,2025-01-24T22:45:00+00:00,12.480866445666615,SL,-1.0,0.43320094022098893,-1.4332009402209889,8,
BNB,RANGE_MEAN_REVERSION,LONG,2290,2291,2025-01-24T20:30:00+00:00,2025-01-24T20:45:00+00:00,681.35,680.0593935595315,683.2859096607028,1.2906064404685367,1.5,2025-01-24T23:00:00+00:00,680.0593935595315,SL,-1.0,1.371318285832262,-2.371318285832262,9,
UNI,RANGE_MEAN_REVERSION,LONG,2332,2333,2025-01-25T07:00:00+00:00,2025-01-25T07:15:00+00:00,12.156,12.101860465543862,12.23720930168421,0.05413953445613906,1.5,2025-01-25T09:45:00+00:00,12.101860465543862,SL,-1.0,0.5824804169817006,-1.5824804169817006,10,
AVAX,RANGE_MEAN_REVERSION,SHORT,2366,2367,2025-01-25T15:30:00+00:00,2025-01-25T15:45:00+00:00,36.02,36.322951679229035,35.56557248115645,0.3029516792290323,1.5,2025-01-25T15:45:00+00:00,36.322951679229035,SL,-1.0,0.31043180688857913,-1.3104318068885792,0,True
ETH,RANGE_MEAN_REVERSION,SHORT,2365,2366,2025-01-25T15:15:00+00:00,2025-01-25T15:30:00+00:00,3331.19,3348.0007809530484,3305.9738285704275,16.81078095304838,1.5,2025-01-25T16:15:00+00:00,3348.0007809530484,SL,-1.0,0.5165106867723741,-1.516510686772374,3,
SOL,RANGE_MEAN_REVERSION,SHORT,2368,2369,2025-01-25T16:00:00+00:00,2025-01-25T16:15:00+00:00,254.34,255.88436100460748,252.02345849308878,1.544361004607481,1.5,2025-01-25T16:30:00+00:00,255.88436100460748,SL,-1.0,0.4294926298495693,-1.4294926298495694,1,
DOGE,RANGE_MEAN_REVERSION,SHORT,2364,2365,2025-01-25T15:00:00+00:00,2025-01-25T15:15:00+00:00,0.35437,0.3596971281929319,0.34637930771060216,0.005327128192931907,1.5,2025-01-25T22:00:00+00:00,0.3596971281929319,SL,-1.0,0.17425660375180635,-1.1742566037518063,27,
LINK,RANGE_MEAN_REVERSION,SHORT,2415,2416,2025-01-26T03:45:00+00:00,2025-01-26T04:00:00+00:00,25.567,25.720202894128047,25.33719565880793,0.15320289412804655,1.5,2025-01-26T04:15:00+00:00,25.720202894128047,SL,-1.0,0.4351965029240312,-1.4351965029240312,1,
UNI,RANGE_MEAN_REVERSION,SHORT,2419,2420,2025-01-26T04:45:00+00:00,2025-01-26T05:00:00+00:00,12.363,12.434838860427664,12.255241709358502,0.07183886042766474,1.5,2025-01-26T06:00:00+00:00,12.255241709358502,TP,1.5,0.4454930664496119,1.054506933550388,4,
BTC,RANGE_MEAN_REVERSION,SHORT,2417,2418,2025-01-26T04:15:00+00:00,2025-01-26T04:30:00+00:00,105337.5,105626.28908667905,104904.31636998142,288.7890866790549,1.5,2025-01-26T08:00:00+00:00,104904.31636998142,TP,1.5,0.9464151309316032,0.5535848690683968,14,
AVAX,RANGE_MEAN_REVERSION,SHORT,2417,2418,2025-01-26T04:15:00+00:00,2025-01-26T04:30:00+00:00,37.815,38.06934438804314,37.43348341793528,0.25434438804314397,1.5,2025-01-26T08:30:00+00:00,37.43348341793528,TP,1.500000000000014,0.3846085584822194,1.1153914415177946,16,
ETH,RANGE_MEAN_REVERSION,LONG,2437,2438,2025-01-26T09:15:00+00:00,2025-01-26T09:30:00+00:00,3310.5,3297.8716992256996,3329.4424511614507,12.628300774300442,1.5,2025-01-26T09:30:00+00:00,3297.8716992256996,SL,-1.0,0.6802881371400746,-1.6802881371400746,0,True
DOGE,RANGE_MEAN_REVERSION,LONG,2438,2439,2025-01-26T09:30:00+00:00,2025-01-26T09:45:00+00:00,0.35078,0.3494050736170744,0.35284238957438835,0.0013749263829255787,1.5,2025-01-26T10:15:00+00:00,0.3494050736170744,SL,-1.0,0.6620286053173116,-1.6620286053173117,2,
BNB,RANGE_MEAN_REVERSION,LONG,2439,2440,2025-01-26T09:45:00+00:00,2025-01-26T10:00:00+00:00,685.94,684.1027736846487,688.695839473027,1.8372263153513586,1.5,2025-01-26T14:15:00+00:00,684.1027736846487,SL,-1.0,0.969426352599041,-1.969426352599041,17,
AVAX,RANGE_MEAN_REVERSION,SHORT,2472,2473,2025-01-26T18:00:00+00:00,2025-01-26T18:15:00+00:00,38.078,38.275694684083184,37.781457973875234,0.19769468408318147,1.5,2025-01-26T18:45:00+00:00,37.781457973875234,TP,1.499999999999982,0.49883635376125673,1.0011636462387252,2,
ETH,RANGE_MEAN_REVERSION,LONG,2487,2488,2025-01-26T21:45:00+00:00,2025-01-26T22:00:00+00:00,3295.0,3283.907526041606,3311.638710937591,11.092473958393839,1.5,2025-01-26T22:00:00+00:00,3283.907526041606,SL,-1.0,0.7710254552711594,-1.7710254552711593,0,True
BNB,RANGE_MEAN_REVERSION,LONG,2488,2489,2025-01-26T22:00:00+00:00,2025-01-26T22:15:00+00:00,680.37,678.9241895173305,682.5387157240042,1.445810482669458,1.5,2025-01-26T22:15:00+00:00,678.9241895173305,SL,-1.0,1.2222089046621756,-2.2222089046621756,0,True
SOL,RANGE_MEAN_REVERSION,LONG,2488,2489,2025-01-26T22:00:00+00:00,2025-01-26T22:15:00+00:00,248.56,247.03867367445525,250.84198948831713,1.5213263255447487,1.5,2025-01-26T22:45:00+00:00,247.03867367445525,SL,-1.0,0.42349774992955047,-1.4234977499295505,2,
AVAX,RANGE_MEAN_REVERSION,LONG,2488,2489,2025-01-26T22:00:00+00:00,2025-01-26T22:15:00+00:00,36.935,36.69356819907304,37.29714770139044,0.2414318009269607,1.5,2025-01-26T23:00:00+00:00,36.69356819907304,SL,-1.0,0.39645621782754226,-1.3964562178275424,3,
CRV,RANGE_MEAN_REVERSION,LONG,2488,2489,2025-01-26T22:00:00+00:00,2025-01-26T22:15:00+00:00,0.785,0.7781544051854911,0.7952683922217635,0.006845594814508971,1.5,2025-01-26T23:00:00+00:00,0.7781544051854911,SL,-1.0,0.2968479411656355,-1.2968479411656355,3,
DOGE,RANGE_MEAN_REVERSION,LONG,2488,2489,2025-01-26T22:00:00+00:00,2025-01-26T22:15:00+00:00,0.34383,0.34165262846038735,0.34709605730941906,0.0021773715396126714,1.5,2025-01-26T23:00:00+00:00,0.34165262846038735,SL,-1.0,0.4092675047810282,-1.4092675047810281,3,
FET,RANGE_MEAN_REVERSION,LONG,2488,2489,2025-01-26T22:00:00+00:00,2025-01-26T22:15:00+00:00,1.1892,1.1814076822050128,1.200888476692481,0.007792317794987236,1.5,2025-01-26T23:15:00+00:00,1.1814076822050128,SL,-1.0,0.3954907984950279,-1.395490798495028,4,
XRP,RANGE_MEAN_REVERSION,SHORT,2581,2582,2025-01-27T21:15:00+00:00,2025-01-27T21:30:00+00:00,3.0467,3.07944295904077,2.9975855614388447,0.03274295904077018,1.5,2025-01-27T21:30:00+00:00,2.9975855614388447,TP,1.5,0.23997743209728153,1.2600225679027184,0,True
SOL,RANGE_MEAN_REVERSION,SHORT,2610,2611,2025-01-28T04:30:00+00:00,2025-01-28T04:45:00+00:00,240.74,243.3016363138326,236.89754552925112,2.5616363138325937,1.5,2025-01-28T05:45:00+00:00,243.3016363138326,SL,-1.0,0.24564538057571622,-1.2456453805757162,4,
SOL,RANGE_MEAN_REVERSION,LONG,2675,2676,2025-01-28T20:45:00+00:00,2025-01-28T21:00:00+00:00,228.02,226.016766379315,231.02485043102755,2.003233620685023,1.5,2025-01-28T21:45:00+00:00,226.016766379315,SL,-1.0,0.29464750900659764,-1.2946475090065976,3,
DOGE,RANGE_MEAN_REVERSION,SHORT,2714,2715,2025-01-29T06:30:00+00:00,2025-01-29T06:45:00+00:00,0.33137,0.3336324823198376,0.3279762765202436,0.002262482319837611,1.5,2025-01-29T09:00:00+00:00,0.3279762765202436,TP,1.5,0.3788538597454491,1.1211461402545508,9,
AVAX,RANGE_MEAN_REVERSION,SHORT,2713,2714,2025-01-29T06:15:00+00:00,2025-01-29T06:30:00+00:00,33.486,33.80225966420166,33.01161050369751,0.3162596642016595,1.5,2025-01-29T12:15:00+00:00,33.01161050369751,TP,1.4999999999999887,0.27334150838687044,1.2266584916131182,23,
SOL,RANGE_MEAN_REVERSION,LONG,2740,2741,2025-01-29T13:00:00+00:00,2025-01-29T13:15:00+00:00,227.72,225.91079747669477,230.43380378495783,1.8092025233052311,1.5,2025-01-29T13:15:00+00:00,225.91079747669477,SL,-1.0,0.325955789428341,-1.325955789428341,0,True
AVAX,RANGE_MEAN_REVERSION,LONG,2742,2743,2025-01-29T13:30:00+00:00,2025-01-29T13:45:00+00:00,32.504,32.217915067056445,32.933127399415326,0.2860849329435524,1.5,2025-01-29T13:45:00+00:00,32.217915067056445,SL,-1.0,0.2941031836995582,-1.2941031836995582,0,True
XRP,RANGE_MEAN_REVERSION,LONG,2741,2742,2025-01-29T13:15:00+00:00,2025-01-29T13:30:00+00:00,3.034,3.012757248250728,3.0658641276239074,0.021242751749271704,1.5,2025-01-29T14:00:00+00:00,3.0658641276239074,TP,1.5,0.3732954873034728,1.1267045126965272,2,
BTC,RANGE_MEAN_REVERSION,SHORT,2799,2800,2025-01-30T03:45:00+00:00,2025-01-30T04:00:00+00:00,105155.6,105543.87753499832,104573.18369750254,388.27753499831306,1.5,2025-01-30T04:45:00+00:00,105543.87753499832,SL,-1.0,0.705447253848173,-1.705447253848173,3,
CRV,RANGE_MEAN_REVERSION,SHORT,2823,2824,2025-01-30T09:45:00+00:00,2025-01-30T10:00:00+00:00,0.756,0.7628195202412401,0.7457707196381398,0.006819520241240107,1.5,2025-01-30T10:15:00+00:00,0.7628195202412401,SL,-1.0,0.2895314195818799,-1.28953141958188,1,
BTC,RANGE_MEAN_REVERSION,SHORT,2844,2845,2025-01-30T15:00:00+00:00,2025-01-30T15:15:00+00:00,106169.8,106689.10593105505,105390.84110341744,519.3059310550452,1.5,2025-01-30T15:15:00+00:00,105390.84110341744,TP,1.5,0.5296084966248734,0.9703915033751266,0,True
XRP,RANGE_MEAN_REVERSION,SHORT,2844,2845,2025-01-30T15:00:00+00:00,2025-01-30T15:15:00+00:00,3.1413,3.1629594000040493,3.1088108999939266,0.02165940000404909,1.5,2025-01-30T17:00:00+00:00,3.1088108999939266,TP,1.5,0.3751324675878907,1.1248675324121093,7,
DOGE,RANGE_MEAN_REVERSION,SHORT,2843,2844,2025-01-30T14:45:00+00:00,2025-01-30T15:00:00+00:00,0.33693,0.3395338155965775,0.33302427660513373,0.002603815596577519,1.5,2025-01-30T17:30:00+00:00,0.33302427660513373,TP,1.5,0.3344862672807732,1.1655137327192269,10,
CRV,RANGE_MEAN_REVERSION,SHORT,2843,2844,2025-01-30T14:45:00+00:00,2025-01-30T15:00:00+00:00,0.795,0.8071928292300264,0.7767107561549604,0.012192829230026403,1.5,2025-01-30T20:30:00+00:00,0.7767107561549604,TP,1.5,0.1675758713957666,1.3324241286042333,22,
DOGE,RANGE_MEAN_REVERSION,LONG,2892,2893,2025-01-31T03:00:00+00:00,2025-01-31T03:15:00+00:00,0.32742,0.3257773757841935,0.3298839363237097,0.0016426242158064652,1.5,2025-01-31T04:45:00+00:00,0.3257773757841935,SL,-1.0,0.5169512176603024,-1.5169512176603024,6,
UNI,RANGE_MEAN_REVERSION,LONG,2894,2895,2025-01-31T03:30:00+00:00,2025-01-31T03:45:00+00:00,11.79,11.732732813035678,11.87590078044648,0.05726718696432087,1.5,2025-01-31T05:00:00+00:00,11.87590078044648,TP,1.5,0.5372303520644087,0.9627696479355913,5,
LINK,RANGE_MEAN_REVERSION,SHORT,2908,2909,2025-01-31T07:00:00+00:00,2025-01-31T07:15:00+00:00,25.215,25.401364952891022,24.935452570663465,0.18636495289102228,1.5,2025-01-31T07:45:00+00:00,24.935452570663465,TP,1.5000000000000095,0.34982751494046155,1.150172485059548,2,
XRP,RANGE_MEAN_REVERSION,LONG,2914,2915,2025-01-31T08:30:00+00:00,2025-01-31T08:45:00+00:00,3.0614,3.051367972209622,3.0764480416855666,0.010032027790377818,1.5,2025-01-31T09:30:00+00:00,3.0764480416855666,TP,1.5,0.7953728419536934,0.7046271580463066,3,
LINK,RANGE_MEAN_REVERSION,SHORT,2925,2926,2025-01-31T11:15:00+00:00,2025-01-31T11:30:00+00:00,25.505,25.774131747214884,25.10130237917767,0.2691317472148853,1.5,2025-01-31T12:00:00+00:00,25.774131747214884,SL,-1.0,0.2476960520683318,-1.2476960520683318,2,
ADA,RANGE_MEAN_REVERSION,SHORT,2927,2928,2025-01-31T11:45:00+00:00,2025-01-31T12:00:00+00:00,0.9739,0.9799073828098703,0.9648889257851945,0.006007382809870343,1.5,2025-01-31T13:00:00+00:00,0.9799073828098703,SL,-1.0,0.4228046851749824,-1.4228046851749823,4,
DOGE,RANGE_MEAN_REVERSION,SHORT,2929,2930,2025-01-31T12:15:00+00:00,2025-01-31T12:30:00+00:00,0.33263,0.33486063164555707,0.3292840525316644,0.0022306316455570907,1.5,2025-01-31T13:00:00+00:00,0.33486063164555707,SL,-1.0,0.3890099124467995,-1.3890099124467996,2,
SOL,RANGE_MEAN_REVERSION,SHORT,2929,2930,2025-01-31T12:15:00+00:00,2025-01-31T12:30:00+00:00,239.67,240.96540027727488,237.72689958408765,1.2954002772748936,1.5,2025-01-31T13:00:00+00:00,240.96540027727488,SL,-1.0,0.4823420461781055,-1.4823420461781054,2,
UNI,RANGE_MEAN_REVERSION,SHORT,2931,2932,2025-01-31T12:45:00+00:00,2025-01-31T13:00:00+00:00,12.199,12.2755621821351,12.08415672679735,0.0765621821351008,1.5,2025-01-31T13:15:00+00:00,12.2755621821351,SL,-1.0,0.4155698015585792,-1.4155698015585791,1,
CRV,RANGE_MEAN_REVERSION,SHORT,2927,2928,2025-01-31T11:45:00+00:00,2025-01-31T12:00:00+00:00,0.81,0.8181280870976138,0.7978078693535795,0.008128087097613701,1.5,2025-01-31T14:45:00+00:00,0.7978078693535795,TP,1.5,0.25715155424125485,1.2428484457587452,11,
BTC,RANGE_MEAN_REVERSION,SHORT,2942,2943,2025-01-31T15:30:00+00:00,2025-01-31T15:45:00+00:00,105604.8,106057.64470476394,104925.5329428541,452.8447047639347,1.5,2025-01-31T16:15:00+00:00,104925.5329428541,TP,1.5,0.6043781233312268,0.8956218766687732,2,
XRP,RANGE_MEAN_REVERSION,LONG,2955,2956,2025-01-31T18:45:00+00:00,2025-01-31T19:00:00+00:00,3.0296,3.00314272365326,3.0692859145201097,0.02645727634673989,1.5,2025-01-31T20:15:00+00:00,3.00314272365326,SL,-1.0,0.29642376781220003,-1.2964237678122,5,
FET,RANGE_MEAN_REVERSION,LONG,2955,2956,2025-01-31T18:45:00+00:00,2025-01-31T19:00:00+00:00,1.0366,1.0258956333618323,1.0526565499572516,0.01070436663816765,1.5,2025-01-31T21:15:00+00:00,1.0258956333618323,SL,-1.0,0.2504813609251852,-1.2504813609251852,9,
BNB,RANGE_MEAN_REVERSION,LONG,3010,3011,2025-02-01T08:30:00+00:00,2025-02-01T08:45:00+00:00,672.44,671.2512380099672,674.2231429850493,1.1887619900328446,1.5,2025-02-01T08:45:00+00:00,671.2512380099672,SL,-1.0,1.4694267011049829,-2.469426701104983,0,True
DOGE,RANGE_MEAN_REVERSION,LONG,3010,3011,2025-02-01T08:30:00+00:00,2025-02-01T08:45:00+00:00,0.32417,0.3227022223764856,0.3263716664352716,0.0014677776235144102,1.5,2025-02-01T09:30:00+00:00,0.3227022223764856,SL,-1.0,0.5729300376414788,-1.5729300376414788,3,
XRP,RANGE_MEAN_REVERSION,LONG,3013,3014,2025-02-01T09:15:00+00:00,2025-02-01T09:30:00+00:00,3.0059,2.984210101595934,3.038434847606099,0.0216898984040661,1.5,2025-02-01T09:30:00+00:00,2.984210101595934,SL,-1.0,0.35902165086282267,-1.3590216508628226,0,True
LINK,RANGE_MEAN_REVERSION,LONG,3015,3016,2025-02-01T09:45:00+00:00,2025-02-01T10:00:00+00:00,24.621,24.41133174690768,24.935502379638475,0.2096682530923175,1.5,2025-02-01T10:15:00+00:00,24.935502379638475,TP,1.5,0.3072637471022578,1.1927362528977423,1,
BNB,RANGE_MEAN_REVERSION,LONG,3015,3016,2025-02-01T09:45:00+00:00,2025-02-01T10:00:00+00:00,669.17,667.8221609856288,671.1917585215567,1.347839014371175,1.5,2025-02-01T10:30:00+00:00,671.1917585215567,TP,1.5,1.2927881353033552,0.20721186469664477,2,
CRV,RANGE_MEAN_REVERSION,LONG,3015,3016,2025-02-01T09:45:00+00:00,2025-02-01T10:00:00+00:00,0.748,0.741706840929933,0.7574397386051005,0.006293159070067,1.5,2025-02-01T10:30:00+00:00,0.741706840929933,SL,-1.0,0.3077339809222866,-1.3077339809222865,2,
AVAX,RANGE_MEAN_REVERSION,LONG,3015,3016,2025-02-01T09:45:00+00:00,2025-02-01T10:00:00+00:00,33.723,33.54368602385872,33.991970964211916,0.1793139761412803,1.5,2025-02-01T12:30:00+00:00,33.991970964211916,TP,1.4999999999999802,0.4909235975232497,1.0090764024767305,10,
ETH,RANGE_MEAN_REVERSION,LONG,3015,3016,2025-02-01T09:45:00+00:00,2025-02-01T10:00:00+00:00,3234.93,3212.748938652207,3268.201592021689,22.18106134779282,1.5,2025-02-01T12:45:00+00:00,3268.201592021689,TP,1.5,0.38113915908128715,1.1188608409187129,11,
CRV,RANGE_MEAN_REVERSION,LONG,3036,3037,2025-02-01T15:00:00+00:00,2025-02-01T15:15:00+00:00,0.731,0.7235488100917151,0.7421767848624272,0.007451189908284861,1.5,2025-02-01T16:00:00+00:00,0.7421767848624272,TP,1.4999999999999925,0.25702335383933145,1.242976646160661,3,
LINK,RANGE_MEAN_REVERSION,LONG,3036,3037,2025-02-01T15:00:00+00:00,2025-02-01T15:15:00+00:00,24.342,24.185656402041314,24.576515396938028,0.1563435979586849,1.5,2025-02-01T16:00:00+00:00,24.576515396938028,TP,1.5000000000000113,0.4067583888713159,1.0932416111286956,3,
BNB,RANGE_MEAN_REVERSION,LONG,3054,3055,2025-02-01T19:30:00+00:00,2025-02-01T19:45:00+00:00,662.74,661.2369537064824,664.9945694402765,1.5030462935176274,1.5,2025-02-01T19:45:00+00:00,661.2369537064824,SL,-1.0,1.1451211098696885,-2.1451211098696885,0,True
ADA,RANGE_MEAN_REVERSION,LONG,3054,3055,2025-02-01T19:30:00+00:00,2025-02-01T19:45:00+00:00,0.9107,0.905472253061419,0.9185416204078714,0.005227746938580968,1.5,2025-02-01T20:00:00+00:00,0.905472253061419,SL,-1.0,0.4516331713678409,-1.451633171367841,1,
AVAX,RANGE_MEAN_REVERSION,LONG,3054,3055,2025-02-01T19:30:00+00:00,2025-02-01T19:45:00+00:00,32.896,32.71417931731899,33.168731024021525,0.18182068268101403,1.5,2025-02-01T20:00:00+00:00,32.71417931731899,SL,-1.0,0.4691063296806174,-1.4691063296806175,1,
FET,RANGE_MEAN_REVERSION,LONG,3054,3055,2025-02-01T19:30:00+00:00,2025-02-01T19:45:00+00:00,0.9776,0.9703468086931569,0.9884797869602646,0.007253191306843099,1.5,2025-02-01T20:00:00+00:00,0.9703468086931569,SL,-1.0,0.34913333237356503,-1.349133332373565,1,
UNI,RANGE_MEAN_REVERSION,LONG,3054,3055,2025-02-01T19:30:00+00:00,2025-02-01T19:45:00+00:00,11.24,11.1686869994071,11.346969500889351,0.07131300059289991,1.5,2025-02-01T20:00:00+00:00,11.1686869994071,SL,-1.0,0.40849905146369075,-1.4084990514636908,1,
SOL,RANGE_MEAN_REVERSION,LONG,3055,3056,2025-02-01T19:45:00+00:00,2025-02-01T20:00:00+00:00,221.62,219.77318825781978,224.39021761327035,1.846811742180222,1.5,2025-02-01T20:00:00+00:00,219.77318825781978,SL,-1.0,0.310703647605014,-1.310703647605014,0,True
LINK,RANGE_MEAN_REVERSION,LONG,3084,3085,2025-02-02T03:00:00+00:00,2025-02-02T03:15:00+00:00,22.479,22.250699158682067,22.821451261976897,0.2283008413179317,1.5,2025-02-02T03:15:00+00:00,22.250699158682067,SL,-1.0,0.25470168471831844,-1.2547016847183183,0,True
LINK,RANGE_MEAN_REVERSION,LONG,3119,3120,2025-02-02T11:45:00+00:00,2025-02-02T12:00:00+00:00,22.119,21.939555726004482,22.38816641099328,0.179444273995518,1.5,2025-02-02T12:45:00+00:00,21.939555726004482,SL,-1.0,0.31918612485364917,-1.3191861248536492,3,
LINK,RANGE_MEAN_REVERSION,SHORT,3245,3246,2025-02-03T19:15:00+00:00,2025-02-03T19:30:00+00:00,21.634,22.024962618117186,21.04755607282422,0.3909626181171859,1.5,2025-02-03T20:30:00+00:00,21.04755607282422,TP,1.5,0.14192155547219165,1.3580784445278082,4,
XRP,RANGE_MEAN_REVERSION,LONG,3285,3286,2025-02-04T05:15:00+00:00,2025-02-04T05:30:00+00:00,2.5541,2.5095293958738463,2.6209559061892307,0.04457060412615377,1.5,2025-02-04T05:30:00+00:00,2.5095293958738463,SL,-1.0,0.147691922595532,-1.147691922595532,0,True
SOL,RANGE_MEAN_REVERSION,LONG,3286,3287,2025-02-04T05:30:00+00:00,2025-02-04T05:45:00+00:00,203.1,200.49841197903285,207.0023820314507,2.6015880209671423,1.5,2025-02-04T06:15:00+00:00,207.0023820314507,TP,1.5,0.20492602685135877,1.2950739731486411,2,
LINK,RANGE_MEAN_REVERSION,LONG,3285,3286,2025-02-04T05:15:00+00:00,2025-02-04T05:30:00+00:00,20.033,19.56408379730311,20.73637430404534,0.46891620269689227,1.5,2025-02-04T07:45:00+00:00,19.56408379730311,SL,-1.0,0.10977698923696247,-1.1097769892369624,9,
BTC,RANGE_MEAN_REVERSION,LONG,3285,3286,2025-02-04T05:15:00+00:00,2025-02-04T05:30:00+00:00,98804.1,98045.78360884389,99941.57458673418,758.3163911561132,1.5,2025-02-04T08:30:00+00:00,98045.78360884389,SL,-1.0,0.33746448273569546,-1.3374644827356954,12,
XRP,RANGE_MEAN_REVERSION,LONG,3351,3352,2025-02-04T21:45:00+00:00,2025-02-04T22:00:00+00:00,2.4492,2.3897948454820184,2.538307731776972,0.05940515451798145,1.5,2025-02-04T23:00:00+00:00,2.538307731776972,TP,1.5,0.10914473843086264,1.3908552615691374,4,
XRP,RANGE_MEAN_REVERSION,LONG,3426,3427,2025-02-05T16:30:00+00:00,2025-02-05T16:45:00+00:00,2.4394,2.404834174799867,2.4912487378001993,0.03456582520013285,1.5,2025-02-05T17:30:00+00:00,2.404834174799867,SL,-1.0,0.18218874830205484,-1.1821887483020548,3,
BTC,RANGE_MEAN_REVERSION,LONG,3518,3519,2025-02-06T15:30:00+00:00,2025-02-06T15:45:00+00:00,97140.3,96676.79714025157,97835.55428962265,463.5028597484343,1.5,2025-02-06T16:30:00+00:00,96676.79714025157,SL,-1.0,0.5436044697093764,-1.5436044697093765,3,
BTC,RANGE_MEAN_REVERSION,SHORT,3609,3610,2025-02-07T14:15:00+00:00,2025-02-07T14:30:00+00:00,99629.2,100232.83182360163,98723.75226459754,603.6318236016377,1.5,2025-02-07T15:00:00+00:00,98723.75226459754,TP,1.5,0.4271789986244144,1.0728210013755857,2,
SOL,RANGE_MEAN_REVERSION,LONG,3800,3801,2025-02-09T14:00:00+00:00,2025-02-09T14:15:00+00:00,197.71,195.60328334764637,200.87007497853045,2.10671665235364,1.5,2025-02-09T15:15:00+00:00,200.87007497853045,TP,1.4999999999999933,0.24595338765334385,1.2540466123466496,4,
SUI,RANGE_MEAN_REVERSION,SHORT,3941,3942,2025-02-11T01:15:00+00:00,2025-02-11T01:30:00+00:00,3.3726,3.4278018290256145,3.289797256461578,0.05520182902561466,1.5,2025-02-11T01:30:00+00:00,3.4278018290256145,SL,-1.0,0.16014908443760326,-1.1601490844376032,0,True
CRV,RANGE_MEAN_REVERSION,SHORT,3956,3957,2025-02-11T05:00:00+00:00,2025-02-11T05:15:00+00:00,0.577,0.5854773153302566,0.564284027004615,0.00847731533025664,1.5,2025-02-11T05:15:00+00:00,0.5854773153302566,SL,-1.0,0.17826640287115322,-1.1782664028711531,0,True
UNI,RANGE_MEAN_REVERSION,SHORT,3956,3957,2025-02-11T05:00:00+00:00,2025-02-11T05:15:00+00:00,9.84,9.953274425050388,9.670088362424417,0.11327442505038832,1.5,2025-02-11T05:15:00+00:00,9.953274425050388,SL,-1.0,0.22715857300639014,-1.22715857300639,0,True
SUI,RANGE_MEAN_REVERSION,SHORT,3959,3960,2025-02-11T05:45:00+00:00,2025-02-11T06:00:00+00:00,3.4794,3.520361800657058,3.4179572990144136,0.04096180065705779,1.5,2025-02-11T06:30:00+00:00,3.520361800657058,SL,-1.0,0.22215064266922754,-1.2221506426692275,2,
AVAX,RANGE_MEAN_REVERSION,SHORT,3956,3957,2025-02-11T05:00:00+00:00,2025-02-11T05:15:00+00:00,26.538,26.83508656505427,26.092370152418596,0.29708656505426845,1.5,2025-02-11T08:15:00+00:00,26.83508656505427,SL,-1.0,0.2335514987757729,-1.233551498775773,12,
FET,RANGE_MEAN_REVERSION,SHORT,3958,3959,2025-02-11T05:30:00+00:00,2025-02-11T05:45:00+00:00,0.813,0.8257073920433285,0.7939389119350071,0.012707392043328603,1.5,2025-02-11T08:30:00+00:00,0.8257073920433285,SL,-1.0,0.16764412417532581,-1.1676441241753257,11,
BTC,RANGE_MEAN_REVERSION,SHORT,3959,3960,2025-02-11T05:45:00+00:00,2025-02-11T06:00:00+00:00,98378.9,98638.84113397682,97988.98829903475,259.9411339768267,1.5,2025-02-11T09:30:00+00:00,97988.98829903475,TP,1.5,0.9820617879258109,0.5179382120741891,14,
BTC,RANGE_MEAN_REVERSION,LONG,3992,3993,2025-02-11T14:00:00+00:00,2025-02-11T14:15:00+00:00,96873.0,96355.90986825139,97648.63519762292,517.0901317486132,1.5,2025-02-11T16:15:00+00:00,96355.90986825139,SL,-1.0,0.48579071114597905,-1.4857907111459792,8,
AVAX,RANGE_MEAN_REVERSION,LONG,4007,4008,2025-02-11T17:45:00+00:00,2025-02-11T18:00:00+00:00,25.495,25.304242525050416,25.78113621242438,0.19075747494958506,1.5,2025-02-11T18:00:00+00:00,25.304242525050416,SL,-1.0,0.3461935911031474,-1.3461935911031473,0,True
LINK,RANGE_MEAN_REVERSION,LONG,4008,4009,2025-02-11T18:00:00+00:00,2025-02-11T18:15:00+00:00,18.641,18.473807313543364,18.89178902968495,0.16719268645663377,1.5,2025-02-11T18:45:00+00:00,18.473807313543364,SL,-1.0,0.28858468949909005,-1.28858468949909,2,
BTC,RANGE_MEAN_REVERSION,LONG,4009,4010,2025-02-11T18:15:00+00:00,2025-02-11T18:30:00+00:00,95638.9,95354.4719348133,96065.54209778004,284.42806518670113,1.5,2025-02-11T19:00:00+00:00,95354.4719348133,SL,-1.0,0.8729496625175739,-1.8729496625175739,2,
UNI,RANGE_MEAN_REVERSION,LONG,4011,4012,2025-02-11T18:45:00+00:00,2025-02-11T19:00:00+00:00,9.359,9.27351653274319,9.487225200885213,0.08548346725680922,1.5,2025-02-11T19:15:00+00:00,9.27351653274319,SL,-1.0,0.28335621225795227,-1.2833562122579523,1,
SUI,RANGE_MEAN_REVERSION,LONG,4014,4015,2025-02-11T19:30:00+00:00,2025-02-11T19:45:00+00:00,3.2564,3.21042722650706,3.325359160239411,0.045972773492940266,1.5,2025-02-11T21:15:00+00:00,3.325359160239411,TP,1.5000000000000049,0.18611639581904205,1.3138836041809627,6,
DOGE,RANGE_MEAN_REVERSION,SHORT,4081,4082,2025-02-12T12:15:00+00:00,2025-02-12T12:30:00+00:00,0.2582,0.26120967245415305,0.2536854913187704,0.0030096724541530673,1.5,2025-02-12T13:30:00+00:00,0.2536854913187704,TP,1.5,0.2211041729129497,1.2788958270870503,4,
AVAX,RANGE_MEAN_REVERSION,LONG,4154,4155,2025-02-13T06:30:00+00:00,2025-02-13T06:45:00+00:00,25.707,25.5333096508346,25.967535523748104,0.17369034916540116,1.5,2025-02-13T06:45:00+00:00,25.5333096508346,SL,-1.0,0.38351239931385933,-1.3835123993138594,0,True
CRV,RANGE_MEAN_REVERSION,LONG,4162,4163,2025-02-13T08:30:00+00:00,2025-02-13T08:45:00+00:00,0.525,0.5202918788498389,0.5320621817252418,0.004708121150161171,1.5,2025-02-13T09:30:00+00:00,0.5320621817252418,TP,1.5,0.2918745700067154,1.2081254299932846,3,
DOGE,RANGE_MEAN_REVERSION,LONG,4155,4156,2025-02-13T06:45:00+00:00,2025-02-13T07:00:00+00:00,0.25801,0.2557226054188221,0.2614410918717669,0.0022873945811779373,1.5,2025-02-13T12:45:00+00:00,0.2557226054188221,SL,-1.0,0.29197078306469776,-1.2919707830646978,23,
SOL,RANGE_MEAN_REVERSION,LONG,4176,4177,2025-02-13T12:00:00+00:00,2025-02-13T12:15:00+00:00,191.51,190.4432297264355,193.11015541034672,1.0667702735644866,1.5,2025-02-13T13:00:00+00:00,190.4432297264355,SL,-1.0,0.46546028788863714,-1.4654602878886371,3,
SOL,RANGE_MEAN_REVERSION,LONG,4184,4185,2025-02-13T14:00:00+00:00,2025-02-13T14:15:00+00:00,189.6,188.48055053834696,191.27917419247956,1.1194494616530335,1.5,2025-02-13T14:45:00+00:00,191.27917419247956,TP,1.5000000000000127,0.4423093166877505,1.0576906833122621,2,
ADA,RANGE_MEAN_REVERSION,SHORT,4204,4205,2025-02-13T19:00:00+00:00,2025-02-13T19:15:00+00:00,0.8082,0.8170414608785196,0.7949378086822207,0.008841460878519558,1.5,2025-02-13T19:30:00+00:00,0.7949378086822207,TP,1.4999999999999938,0.23571660610410933,1.2642833938958844,1,
SUI,RANGE_MEAN_REVERSION,SHORT,4261,4262,2025-02-14T09:15:00+00:00,2025-02-14T09:30:00+00:00,3.5836,3.613107158788097,3.5393392618178545,0.029507158788097065,1.5,2025-02-14T09:45:00+00:00,3.613107158788097,SL,-1.0,0.3170660846614125,-1.3170660846614126,1,
DOGE,RANGE_MEAN_REVERSION,SHORT,4263,4264,2025-02-14T09:45:00+00:00,2025-02-14T10:00:00+00:00,0.27162,0.2740805762107479,0.2679291356838781,0.0024605762107479112,1.5,2025-02-14T10:00:00+00:00,0.2740805762107479,SL,-1.0,0.2883108216584526,-1.2883108216584527,0,True
FET,RANGE_MEAN_REVERSION,SHORT,4264,4265,2025-02-14T10:00:00+00:00,2025-02-14T10:15:00+00:00,0.8066,0.8122698851431109,0.7980951722853336,0.005669885143110953,1.5,2025-02-14T11:00:00+00:00,0.7980951722853336,TP,1.5,0.36792698111452926,1.1320730188854706,3,
AVAX,RANGE_MEAN_REVERSION,SHORT,4262,4263,2025-02-14T09:30:00+00:00,2025-02-14T09:45:00+00:00,26.281,26.450707604574582,26.026438593138124,0.16970760457458312,1.5,2025-02-14T11:30:00+00:00,26.026438593138124,TP,1.5,0.4006872310851283,1.0993127689148716,7,
SOL,RANGE_MEAN_REVERSION,SHORT,4264,4265,2025-02-14T10:00:00+00:00,2025-02-14T10:15:00+00:00,200.41,201.72458613557916,198.43812079663127,1.3145861355791624,1.5,2025-02-14T12:00:00+00:00,198.43812079663127,TP,1.4999999999999891,0.3944226574451022,1.105577342554887,7,
LINK,RANGE_MEAN_REVERSION,SHORT,4283,4284,2025-02-14T14:45:00+00:00,2025-02-14T15:00:00+00:00,19.453,19.687712537648142,19.100931193527785,0.23471253764814293,1.5,2025-02-14T15:15:00+00:00,19.100931193527785,TP,1.5,0.2135382756021371,1.2864617243978629,1,
UNI,RANGE_MEAN_REVERSION,SHORT,4296,4297,2025-02-14T18:00:00+00:00,2025-02-14T18:15:00+00:00,10.316,10.407750707763007,10.178373938355492,0.09175070776300664,1.5,2025-02-14T18:30:00+00:00,10.178373938355492,TP,1.4999999999999902,0.29038125993186414,1.2096187400681262,1,
BNB,RANGE_MEAN_REVERSION,LONG,4314,4315,2025-02-14T22:30:00+00:00,2025-02-14T22:45:00+00:00,654.14,648.7362177125899,662.2456734311152,5.403782287410081,1.5,2025-02-15T02:30:00+00:00,662.2456734311152,TP,1.5000000000000104,0.31668584788241727,1.1833141521175932,15,
XRP,RANGE_MEAN_REVERSION,SHORT,4329,4330,2025-02-15T02:15:00+00:00,2025-02-15T02:30:00+00:00,2.8144,2.8449197569443063,2.7686203645835405,0.03051975694430631,1.5,2025-02-15T06:15:00+00:00,2.7686203645835405,TP,1.5,0.2378107560687053,1.2621892439312947,15,
FET,RANGE_MEAN_REVERSION,LONG,4354,4355,2025-02-15T08:30:00+00:00,2025-02-15T08:45:00+00:00,0.7776,0.7708921019619575,0.7876618470570638,0.0067078980380425035,1.5,2025-02-15T11:30:00+00:00,0.7708921019619575,SL,-1.0,0.30009993013221015,-1.3000999301322103,11,
AVAX,RANGE_MEAN_REVERSION,LONG,4377,4378,2025-02-15T14:15:00+00:00,2025-02-15T14:30:00+00:00,25.728,25.578397247351923,25.95240412897212,0.14960275264807876,1.5,2025-02-15T14:30:00+00:00,25.578397247351923,SL,-1.0,0.44583615769728996,-1.44583615769729,0,True
ADA,RANGE_MEAN_REVERSION,LONG,4378,4379,2025-02-15T14:30:00+00:00,2025-02-15T14:45:00+00:00,0.7815,0.7759841228693001,0.7897738156960499,0.005515877130699898,1.5,2025-02-15T15:00:00+00:00,0.7897738156960499,TP,1.50000000000001,0.37032296260480274,1.1296770373952072,1,
UNI,RANGE_MEAN_REVERSION,LONG,4378,4379,2025-02-15T14:30:00+00:00,2025-02-15T14:45:00+00:00,9.76,9.69698078120433,9.854528828193505,0.06301921879567018,1.5,2025-02-15T15:00:00+00:00,9.854528828193505,TP,1.5,0.4046208119356042,1.095379188064396,1,
LINK,RANGE_MEAN_REVERSION,LONG,4378,4379,2025-02-15T14:30:00+00:00,2025-02-15T14:45:00+00:00,18.88,18.74910371509367,19.07634442735949,0.13089628490632776,1.5,2025-02-15T20:45:00+00:00,18.74910371509367,SL,-1.0,0.37371446305468825,-1.3737144630546883,24,
SUI,RANGE_MEAN_REVERSION,LONG,4378,4379,2025-02-15T14:30:00+00:00,2025-02-15T14:45:00+00:00,3.4015,3.365466886328763,3.455549670506856,0.03603311367123707,1.5,2025-02-16T00:30:00+00:00,3.455549670506856,TP,1.5000000000000062,0.24738812895801782,1.2526118710419885,39,
ETH,RANGE_MEAN_REVERSION,LONG,4378,4379,2025-02-15T14:30:00+00:00,2025-02-15T14:45:00+00:00,2679.48,2653.2614091504656,2718.8078862743014,26.218590849534394,1.5,2025-02-16T05:45:00+00:00,2718.8078862743014,TP,1.4999999999999913,0.2676640515285824,1.232335948471409,60,
LINK,RANGE_MEAN_REVERSION,SHORT,4442,4443,2025-02-16T06:30:00+00:00,2025-02-16T06:45:00+00:00,19.176,19.31141904105851,18.97287143841223,0.13541904105851188,1.5,2025-02-16T07:00:00+00:00,18.97287143841223,TP,1.5,0.3662227444699414,1.1337772555300587,1,
BTC,RANGE_MEAN_REVERSION,LONG,4447,4448,2025-02-16T07:45:00+00:00,2025-02-16T08:00:00+00:00,97207.4,97072.52540422457,97409.71189366313,134.87459577542904,1.5,2025-02-16T09:00:00+00:00,97072.52540422457,SL,-1.0,1.8725832064477117,-2.872583206447712,4,
BNB,RANGE_MEAN_REVERSION,LONG,4447,4448,2025-02-16T07:45:00+00:00,2025-02-16T08:00:00+00:00,654.16,652.2035769048716,657.0946346426924,1.9564230951283434,1.5,2025-02-16T09:30:00+00:00,657.0946346426924,TP,1.499999999999971,0.871299786472657,0.6287002135273139,6,
FET,RANGE_MEAN_REVERSION,SHORT,4455,4456,2025-02-16T09:45:00+00:00,2025-02-16T10:00:00+00:00,0.7931,0.8009049026655186,0.7813926460017222,0.007804902665518587,1.5,2025-02-16T10:15:00+00:00,0.8009049026655186,SL,-1.0,0.26550060420612426,-1.2655006042061243,1,
BTC,RANGE_MEAN_REVERSION,LONG,4471,4472,2025-02-16T13:45:00+00:00,2025-02-16T14:00:00+00:00,96806.2,96636.71271773982,97060.43092339026,169.48728226017556,1.5,2025-02-16T14:00:00+00:00,96636.71271773982,SL,-1.0,1.4837442855861467,-2.4837442855861465,0,True
DOGE,RANGE_MEAN_REVERSION,LONG,4471,4472,2025-02-16T13:45:00+00:00,2025-02-16T14:00:00+00:00,0.26605,0.2647734952236367,0.267964757164545,0.0012765047763633186,1.5,2025-02-16T14:00:00+00:00,0.2647734952236367,SL,-1.0,0.5405937812130206,-1.5405937812130206,0,True
SOL,RANGE_MEAN_REVERSION,LONG,4471,4472,2025-02-16T13:45:00+00:00,2025-02-16T14:00:00+00:00,190.56,189.40761307584455,192.28858038623318,1.1523869241554507,1.5,2025-02-16T14:30:00+00:00,189.40761307584455,SL,-1.0,0.4286389290303728,-1.428638929030373,2,
CRV,RANGE_MEAN_REVERSION,LONG,4471,4472,2025-02-16T13:45:00+00:00,2025-02-16T14:00:00+00:00,0.5,0.49535356989469764,0.5069696451579535,0.004646430105302357,1.5,2025-02-16T14:45:00+00:00,0.5069696451579535,TP,1.499999999999994,0.2817346885755328,1.2182653114244613,3,
SUI,RANGE_MEAN_REVERSION,LONG,4472,4473,2025-02-16T14:00:00+00:00,2025-02-16T14:15:00+00:00,3.3197,3.300162835562238,3.349005746656643,0.01953716443776221,1.5,2025-02-16T14:45:00+00:00,3.349005746656643,TP,1.4999999999999887,0.44373468310975744,1.0562653168902312,2,
ADA,RANGE_MEAN_REVERSION,LONG,4472,4473,2025-02-16T14:00:00+00:00,2025-02-16T14:15:00+00:00,0.7651,0.7590338690548392,0.7741991964177413,0.006066130945160841,1.5,2025-02-16T15:15:00+00:00,0.7741991964177413,TP,1.5,0.32987895801019596,1.170121041989804,4,
XRP,RANGE_MEAN_REVERSION,LONG,4473,4474,2025-02-16T14:15:00+00:00,2025-02-16T14:30:00+00:00,2.7144,2.6987672088505916,2.7378491867241124,0.0156327911494083,1.5,2025-02-16T17:00:00+00:00,2.7378491867241124,TP,1.5,0.4534010513541354,1.0465989486458647,10,
AVAX,RANGE_MEAN_REVERSION,LONG,4473,4474,2025-02-16T14:15:00+00:00,2025-02-16T14:30:00+00:00,24.964,24.78734327769352,25.22898508345972,0.176656722306479,1.5,2025-02-16T18:15:00+00:00,24.78734327769352,SL,-1.0,0.3661153983644896,-1.3661153983644896,15,
DOGE,RANGE_MEAN_REVERSION,LONG,4489,4490,2025-02-16T18:15:00+00:00,2025-02-16T18:30:00+00:00,0.26407,0.2627318955186865,0.26607715672197035,0.0013381044813135512,1.5,2025-02-16T18:45:00+00:00,0.26607715672197035,TP,1.5,0.5150504413990277,0.9849495586009723,1,
CRV,RANGE_MEAN_REVERSION,SHORT,4521,4522,2025-02-17T02:15:00+00:00,2025-02-17T02:30:00+00:00,0.523,0.5280603945673795,0.5154094081489308,0.0050603945673795,1.5,2025-02-17T03:00:00+00:00,0.5154094081489308,TP,1.5,0.2667642241369067,1.2332357758630934,2,
AVAX,RANGE_MEAN_REVERSION,LONG,4629,4630,2025-02-18T05:15:00+00:00,2025-02-18T05:30:00+00:00,24.325,24.117071661266465,24.636892508100303,0.20792833873353445,1.5,2025-02-18T05:45:00+00:00,24.117071661266465,SL,-1.0,0.3028672933339313,-1.3028672933339314,1,
LINK,RANGE_MEAN_REVERSION,LONG,4629,4630,2025-02-18T05:15:00+00:00,2025-02-18T05:30:00+00:00,18.521,18.38078233860638,18.73132649209043,0.14021766139362057,1.5,2025-02-18T05:45:00+00:00,18.38078233860638,SL,-1.0,0.34212749352251626,-1.3421274935225163,1,
CRV,RANGE_MEAN_REVERSION,LONG,4630,4631,2025-02-18T05:30:00+00:00,2025-02-18T05:45:00+00:00,0.5,0.4960720765299182,0.5058918852051227,0.003927923470081807,1.5,2025-02-18T05:45:00+00:00,0.4960720765299182,SL,-1.0,0.32966367836640287,-1.3296636783664029,0,True
SUI,RANGE_MEAN_REVERSION,LONG,4629,4630,2025-02-18T05:15:00+00:00,2025-02-18T05:30:00+00:00,3.1263,3.0966136643081796,3.170829503537731,0.029686335691820442,1.5,2025-02-18T06:00:00+00:00,3.0966136643081796,SL,-1.0,0.27250880161102653,-1.2725088016110266,2,
DOGE,RANGE_MEAN_REVERSION,LONG,4631,4632,2025-02-18T05:45:00+00:00,2025-02-18T06:00:00+00:00,0.25231,0.2506352369784045,0.25482214453239316,0.0016747630215954712,1.5,2025-02-18T06:00:00+00:00,0.2506352369784045,SL,-1.0,0.39040079082296225,-1.3904007908229623,0,True
ETH,RANGE_MEAN_REVERSION,LONG,4631,4632,2025-02-18T05:45:00+00:00,2025-02-18T06:00:00+00:00,2676.31,2663.8201373640086,2695.044793953987,12.489862635991358,1.5,2025-02-18T06:00:00+00:00,2663.8201373640086,SL,-1.0,0.5558243017475901,-1.5558243017475901,0,True
FET,RANGE_MEAN_REVERSION,LONG,4631,4632,2025-02-18T05:45:00+00:00,2025-02-18T06:00:00+00:00,0.741,0.7351548853587331,0.7497676719619004,0.005845114641266913,1.5,2025-02-18T06:00:00+00:00,0.7351548853587331,SL,-1.0,0.32830859080471597,-1.328308590804716,0,True
XRP,RANGE_MEAN_REVERSION,LONG,4631,4632,2025-02-18T05:45:00+00:00,2025-02-18T06:00:00+00:00,2.6074,2.5925995169702905,2.6296007245445647,0.01480048302970971,1.5,2025-02-18T06:00:00+00:00,2.5925995169702905,SL,-1.0,0.45674180758098987,-1.45674180758099,0,True
UNI,RANGE_MEAN_REVERSION,LONG,4633,4634,2025-02-18T06:15:00+00:00,2025-02-18T06:30:00+00:00,9.513,9.429517656980671,9.638223514528992,0.08348234301932855,1.5,2025-02-18T08:45:00+00:00,9.429517656980671,SL,-1.0,0.29497582438927733,-1.2949758243892773,9,
XRP,RANGE_MEAN_REVERSION,SHORT,4751,4752,2025-02-19T11:45:00+00:00,2025-02-19T12:00:00+00:00,2.6132,2.6409648899774423,2.5715526650338365,0.02776488997744231,1.5,2025-02-19T16:15:00+00:00,2.6409648899774423,SL,-1.0,0.24600905541207155,-1.2460090554120715,17,
XRP,RANGE_MEAN_REVERSION,SHORT,4799,4800,2025-02-19T23:45:00+00:00,2025-02-20T00:00:00+00:00,2.7356,2.7584599912745453,2.7013100130881815,0.02285999127454552,1.5,2025-02-20T01:15:00+00:00,2.7013100130881815,TP,1.5,0.30918572680667633,1.1908142731933236,5,
SUI,RANGE_MEAN_REVERSION,SHORT,4817,4818,2025-02-20T04:15:00+00:00,2025-02-20T04:30:00+00:00,3.3223,3.3612870257195393,3.263819461420691,0.03898702571953949,1.5,2025-02-20T08:00:00+00:00,3.263819461420691,TP,1.4999999999999942,0.21961037401106034,1.2803896259889338,14,
ETH,RANGE_MEAN_REVERSION,SHORT,4856,4857,2025-02-20T14:00:00+00:00,2025-02-20T14:15:00+00:00,2758.46,2772.249848575206,2737.775227137191,13.789848575206179,1.5,2025-02-20T14:45:00+00:00,2737.775227137191,TP,1.4999999999999836,0.5181424405286856,0.9818575594712979,2,
BTC,RANGE_MEAN_REVERSION,SHORT,4857,4858,2025-02-20T14:15:00+00:00,2025-02-20T14:30:00+00:00,97752.8,98071.13931576755,97275.29102634868,318.3393157675455,1.5,2025-02-20T14:45:00+00:00,97275.29102634868,TP,1.5,0.7964348284249885,0.7035651715750115,1,
ETH,RANGE_MEAN_REVERSION,SHORT,4933,4934,2025-02-21T09:15:00+00:00,2025-02-21T09:30:00+00:00,2792.65,2823.192038007564,2746.8369429886543,30.54203800756386,1.5,2025-02-21T13:00:00+00:00,2823.192038007564,SL,-1.0,0.23903429913883975,-1.2390342991388397,14,
BNB,RANGE_MEAN_REVERSION,SHORT,4937,4938,2025-02-21T10:15:00+00:00,2025-02-21T10:30:00+00:00,662.58,666.1645615332695,657.2031577000957,3.5845615332694933,1.5,2025-02-21T13:00:00+00:00,666.1645615332695,SL,-1.0,0.4818909966981962,-1.4818909966981961,10,
BTC,RANGE_MEAN_REVERSION,SHORT,4949,4950,2025-02-21T13:15:00+00:00,2025-02-21T13:30:00+00:00,99161.4,99504.92060074452,98646.11909888321,343.5206007445231,1.5,2025-02-21T14:30:00+00:00,98646.11909888321,TP,1.5,0.7485716264795163,0.7514283735204837,4,
ADA,RANGE_MEAN_REVERSION,SHORT,4951,4952,2025-02-21T13:45:00+00:00,2025-02-21T14:00:00+00:00,0.8156,0.8212163525104347,0.807175471234348,0.005616352510434686,1.5,2025-02-21T14:30:00+00:00,0.807175471234348,TP,1.5,0.37561889298885476,1.1243811070111454,2,
CRV,RANGE_MEAN_REVERSION,SHORT,4933,4934,2025-02-21T09:15:00+00:00,2025-02-21T09:30:00+00:00,0.542,0.5526202558830211,0.5260696161754684,0.010620255883021068,1.5,2025-02-21T15:15:00+00:00,0.5260696161754684,TP,1.5,0.13073983492694669,1.3692601650730534,23,
BNB,RANGE_MEAN_REVERSION,SHORT,5014,5015,2025-02-22T05:30:00+00:00,2025-02-22T05:45:00+00:00,658.56,661.1127822275769,654.7308266586346,2.5527822275769267,1.5,2025-02-22T07:30:00+00:00,654.7308266586346,TP,1.5,0.668791115909936,0.831208884090064,7,
ETH,RANGE_MEAN_REVERSION,SHORT,5031,5032,2025-02-22T09:45:00+00:00,2025-02-22T10:00:00+00:00,2713.72,2724.0388997385085,2698.241650392237,10.318899738508662,1.5,2025-02-22T10:00:00+00:00,2724.0388997385085,SL,-1.0,0.6850620462256493,-1.6850620462256494,0,True
ETH,RANGE_MEAN_REVERSION,SHORT,5055,5056,2025-02-22T15:45:00+00:00,2025-02-22T16:00:00+00:00,2774.61,2792.717138322325,2747.449292516513,18.107138322324772,1.5,2025-02-22T16:00:00+00:00,2792.717138322325,SL,-1.0,0.39970563823968175,-1.3997056382396817,0,True
LINK,RANGE_MEAN_REVERSION,SHORT,5057,5058,2025-02-22T16:15:00+00:00,2025-02-22T16:30:00+00:00,17.799,17.900620109882542,17.646569835176187,0.10162010988254266,1.5,2025-02-22T17:15:00+00:00,17.900620109882542,SL,-1.0,0.45669608305373427,-1.4566960830537343,3,
BNB,RANGE_MEAN_REVERSION,SHORT,5060,5061,2025-02-22T17:00:00+00:00,2025-02-22T17:15:00+00:00,660.23,662.9740878603203,656.1138682095195,2.744087860320292,1.5,2025-02-22T17:15:00+00:00,662.9740878603203,SL,-1.0,0.6268623315937258,-1.6268623315937258,0,True
SUI,RANGE_MEAN_REVERSION,SHORT,5053,5054,2025-02-22T15:15:00+00:00,2025-02-22T15:30:00+00:00,3.4269,3.4598569837872826,3.377464524319076,0.032956983787282734,1.5,2025-02-23T00:45:00+00:00,3.4598569837872826,SL,-1.0,0.2716505896506864,-1.2716505896506864,37,
BTC,RANGE_MEAN_REVERSION,SHORT,5043,5044,2025-02-22T12:45:00+00:00,2025-02-22T13:00:00+00:00,96781.0,97079.40700241488,96333.38949637767,298.4070024148823,1.5,2025-02-23T01:45:00+00:00,96333.38949637767,TP,1.5000000000000244,0.8412962977197567,0.6587037022802678,51,
XRP,RANGE_MEAN_REVERSION,LONG,5089,5090,2025-02-23T00:15:00+00:00,2025-02-23T00:30:00+00:00,2.5603,2.5374275152275483,2.5946087271586773,0.022872484772451518,1.5,2025-02-23T07:30:00+00:00,2.5946087271586773,TP,1.5000000000000098,0.2929887772131201,1.2070112227868897,28,
ETH,RANGE_MEAN_REVERSION,SHORT,5117,5118,2025-02-23T07:15:00+00:00,2025-02-23T07:30:00+00:00,2808.2,2827.324391504922,2779.5134127426163,19.124391504922187,1.5,2025-02-23T07:30:00+00:00,2827.324391504922,SL,-1.0,0.3830805130229008,-1.3830805130229007,0,True
CRV,RANGE_MEAN_REVERSION,SHORT,5119,5120,2025-02-23T07:45:00+00:00,2025-02-23T08:00:00+00:00,0.518,0.5234022352382142,0.5098966471426788,0.005402235238214148,1.5,2025-02-23T08:15:00+00:00,0.5234022352382142,SL,-1.0,0.2506042121662996,-1.2506042121662997,1,
SOL,RANGE_MEAN_REVERSION,SHORT,5119,5120,2025-02-23T07:45:00+00:00,2025-02-23T08:00:00+00:00,172.79,173.35089758160717,171.94865362758924,0.5608975816071791,1.5,2025-02-23T08:30:00+00:00,171.94865362758924,TP,1.4999999999999747,0.7990054947851996,0.7009945052147751,2,
LINK,RANGE_MEAN_REVERSION,SHORT,5120,5121,2025-02-23T08:00:00+00:00,2025-02-23T08:15:00+00:00,18.09,18.171939958165552,17.967090062751673,0.08193995816555244,1.5,2025-02-23T08:45:00+00:00,17.967090062751673,TP,1.4999999999999782,0.5720556628412229,0.9279443371587554,2,
SOL,RANGE_MEAN_REVERSION,LONG,5135,5136,2025-02-23T11:45:00+00:00,2025-02-23T12:00:00+00:00,169.51,168.64347827338867,170.80978258991698,0.8665217266113245,1.5,2025-02-23T12:15:00+00:00,168.64347827338867,SL,-1.0,0.5073150600326335,-1.5073150600326335,1,
SOL,RANGE_MEAN_REVERSION,LONG,5151,5152,2025-02-23T15:45:00+00:00,2025-02-23T16:00:00+00:00,166.69,166.0323090504509,167.67653642432367,0.6576909495491066,1.5,2025-02-23T16:45:00+00:00,167.67653642432367,TP,1.5000000000000215,0.6609129981940942,0.8390870018059273,3,
AVAX,RANGE_MEAN_REVERSION,LONG,5152,5153,2025-02-23T16:00:00+00:00,2025-02-23T16:15:00+00:00,24.481,24.366184887608764,24.653222668586857,0.11481511239123776,1.5,2025-02-23T16:45:00+00:00,24.653222668586857,TP,1.4999999999999845,0.5563247567228576,0.9436752432771268,2,
ADA,RANGE_MEAN_REVERSION,LONG,5151,5152,2025-02-23T15:45:00+00:00,2025-02-23T16:00:00+00:00,0.761,0.7565811376586636,0.7676282935120046,0.0044188623413363715,1.5,2025-02-23T17:45:00+00:00,0.7676282935120046,TP,1.5,0.44971230784361194,1.0502876921563882,7,
SUI,RANGE_MEAN_REVERSION,LONG,5818,5819,2025-03-02T14:30:00+00:00,2025-03-02T14:45:00+00:00,2.8057,2.78375915130312,2.8386112730453195,0.021940848696879733,1.5,2025-03-02T15:15:00+00:00,2.8386112730453195,TP,1.5,0.33442665579305586,1.165573344206944,2,
XRP,RANGE_MEAN_REVERSION,LONG,5882,5883,2025-03-03T06:30:00+00:00,2025-03-03T06:45:00+00:00,2.7083,2.662855354965728,2.776466967551408,0.045444645034272035,1.5,2025-03-03T06:45:00+00:00,2.662855354965728,SL,-1.0,0.15364850921796394,-1.153648509217964,0,True
BNB,RANGE_MEAN_REVERSION,LONG,5883,5884,2025-03-03T06:45:00+00:00,2025-03-03T07:00:00+00:00,601.25,596.4396343411668,608.4655484882499,4.810365658833234,1.5,2025-03-03T08:45:00+00:00,596.4396343411668,SL,-1.0,0.32367529520015115,-1.3236752952001511,7,
ADA,RANGE_MEAN_REVERSION,LONG,5956,5957,2025-03-04T01:00:00+00:00,2025-03-04T01:15:00+00:00,0.8167,0.7959217797618957,0.8478673303571564,0.020778220238104272,1.5,2025-03-04T01:30:00+00:00,0.7959217797618957,SL,-1.0,0.10089450827198147,-1.1008945082719814,1,
ADA,RANGE_MEAN_REVERSION,SHORT,6022,6023,2025-03-04T17:30:00+00:00,2025-03-04T17:45:00+00:00,0.9291,0.9691919703660606,0.8689620444509092,0.0400919703660606,1.5,2025-03-05T00:00:00+00:00,0.9691919703660606,SL,-1.0,0.06155296282382144,-1.0615529628238214,25,
LINK,RANGE_MEAN_REVERSION,SHORT,6081,6082,2025-03-05T08:15:00+00:00,2025-03-05T08:30:00+00:00,15.583,15.804066517334405,15.251400223998392,0.22106651733440508,1.5,2025-03-05T08:30:00+00:00,15.804066517334405,SL,-1.0,0.1845742492555404,-1.1845742492555404,0,True
SOL,RANGE_MEAN_REVERSION,SHORT,6090,6091,2025-03-05T10:30:00+00:00,2025-03-05T10:45:00+00:00,148.96,150.55831158706468,146.562532619403,1.5983115870646714,1.5,2025-03-05T12:00:00+00:00,146.562532619403,TP,1.5000000000000089,0.24036570560736298,1.259634294392646,5,
BNB,RANGE_MEAN_REVERSION,SHORT,6151,6152,2025-03-06T01:45:00+00:00,2025-03-06T02:00:00+00:00,602.25,607.0669285201969,595.0246072197046,4.816928520196939,1.5,2025-03-06T05:00:00+00:00,607.0669285201969,SL,-1.0,0.3263722931499886,-1.3263722931499886,12,
DOGE,RANGE_MEAN_REVERSION,SHORT,6164,6165,2025-03-06T05:00:00+00:00,2025-03-06T05:15:00+00:00,0.21418,0.21713170226663703,0.2097524466000445,0.0029517022666370185,1.5,2025-03-06T05:15:00+00:00,0.21713170226663703,SL,-1.0,0.1899599493093387,-1.1899599493093387,0,True
XRP,RANGE_MEAN_REVERSION,SHORT,6178,6179,2025-03-06T08:30:00+00:00,2025-03-06T08:45:00+00:00,2.5659,2.5890287082267713,2.531206937659843,0.023128708226771266,1.5,2025-03-06T08:45:00+00:00,2.5890287082267713,SL,-1.0,0.28974412470377336,-1.2897441247037733,0,True
LINK,RANGE_MEAN_REVERSION,SHORT,6153,6154,2025-03-06T02:15:00+00:00,2025-03-06T02:30:00+00:00,17.13,17.426365066232513,16.68545240065123,0.29636506623251435,1.5,2025-03-06T10:00:00+00:00,17.426365066232513,SL,-1.0,0.15158087003026713,-1.1515808700302672,30,
FET,RANGE_MEAN_REVERSION,SHORT,6189,6190,2025-03-06T11:15:00+00:00,2025-03-06T11:30:00+00:00,0.6524,0.6581509994365928,0.6437735008451106,0.005750999436592852,1.5,2025-03-06T12:00:00+00:00,0.6437735008451106,TP,1.5000000000000095,0.2929969946401052,1.2070030053599043,2,
UNI,RANGE_MEAN_REVERSION,LONG,6195,6196,2025-03-06T12:45:00+00:00,2025-03-06T13:00:00+00:00,7.355,7.2850909593209865,7.459863561018521,0.06990904067901393,1.5,2025-03-06T13:45:00+00:00,7.2850909593209865,SL,-1.0,0.2722411588295554,-1.2722411588295555,3,
UNI,RANGE_MEAN_REVERSION,LONG,6215,6216,2025-03-06T17:45:00+00:00,2025-03-06T18:00:00+00:00,7.086,7.006130620140153,7.205804069789771,0.0798693798598471,1.5,2025-03-06T19:30:00+00:00,7.205804069789771,TP,1.5,0.23262162950719412,1.2673783704928059,6,
DOGE,RANGE_MEAN_REVERSION,SHORT,6285,6286,2025-03-07T11:15:00+00:00,2025-03-07T11:30:00+00:00,0.20466,0.2062936727249067,0.20220949091263996,0.001633672724906693,1.5,2025-03-07T12:30:00+00:00,0.20220949091263996,TP,1.5000000000000084,0.32376762500986345,1.1762323749901449,4,
CRV,RANGE_MEAN_REVERSION,LONG,6370,6371,2025-03-08T08:30:00+00:00,2025-03-08T08:45:00+00:00,0.41,0.4072017985915687,0.41419730211264694,0.002798201408431289,1.5,2025-03-08T09:45:00+00:00,0.4072017985915687,SL,-1.0,0.37965899629956035,-1.3796589962995602,4,
ETH,RANGE_MEAN_REVERSION,SHORT,6390,6391,2025-03-08T13:30:00+00:00,2025-03-08T13:45:00+00:00,2185.62,2205.6794397384756,2155.5308403922863,20.059439738475703,1.5,2025-03-08T17:15:00+00:00,2205.6794397384756,SL,-1.0,0.284588669777764,-1.284588669777764,14,
SUI,RANGE_MEAN_REVERSION,LONG,6401,6402,2025-03-08T16:15:00+00:00,2025-03-08T16:30:00+00:00,2.4952,2.473837804090538,2.527243293864193,0.021362195909461867,1.5,2025-03-08T17:30:00+00:00,2.527243293864193,TP,1.5,0.3056416255002844,1.1943583744997155,4,
CRV,RANGE_MEAN_REVERSION,SHORT,6411,6412,2025-03-08T18:45:00+00:00,2025-03-08T19:00:00+00:00,0.429,0.4326268203731351,0.42355976944029733,0.003626820373135109,1.5,2025-03-08T19:45:00+00:00,0.4326268203731351,SL,-1.0,0.3088421127172675,-1.3088421127172676,3,
BNB,RANGE_MEAN_REVERSION,LONG,6439,6440,2025-03-09T01:45:00+00:00,2025-03-09T02:00:00+00:00,588.61,587.0371646773483,590.9692529839776,1.5728353226517129,1.5,2025-03-09T03:00:00+00:00,587.0371646773483,SL,-1.0,0.9717109554125821,-1.9717109554125822,4,
FET,RANGE_MEAN_REVERSION,SHORT,6368,6369,2025-03-08T08:00:00+00:00,2025-03-08T08:15:00+00:00,0.6076,0.625660371118259,0.5805094433226116,0.018060371118258978,1.5,2025-03-09T06:00:00+00:00,0.5805094433226116,TP,1.5,0.08552107075794627,1.4144789292420537,87,
BNB,RANGE_MEAN_REVERSION,LONG,6457,6458,2025-03-09T06:15:00+00:00,2025-03-09T06:30:00+00:00,584.7,582.5937384974962,587.8593922537557,2.1062615025037985,1.5,2025-03-09T09:00:00+00:00,582.5937384974962,SL,-1.0,0.7204622304698883,-1.7204622304698884,10,
BTC,RANGE_MEAN_REVERSION,LONG,6472,6473,2025-03-09T10:00:00+00:00,2025-03-09T10:15:00+00:00,85441.0,85196.37353301456,85807.93970047816,244.62646698544268,1.5,2025-03-09T10:15:00+00:00,85196.37353301456,SL,-1.0,0.9068053360150911,-1.9068053360150912,0,True
DOGE,RANGE_MEAN_REVERSION,LONG,6472,6473,2025-03-09T10:00:00+00:00,2025-03-09T10:15:00+00:00,0.18754,0.18628811800595127,0.18941782299107313,0.0012518819940487425,1.5,2025-03-09T10:15:00+00:00,0.18628811800595127,SL,-1.0,0.3881967755091899,-1.38819677550919,0,True
XRP,RANGE_MEAN_REVERSION,LONG,6472,6473,2025-03-09T10:00:00+00:00,2025-03-09T10:15:00+00:00,2.276,2.256888237899099,2.304667643151351,0.01911176210090071,1.5,2025-03-09T10:15:00+00:00,2.256888237899099,SL,-1.0,0.3083313133638846,-1.3083313133638845,0,True
ADA,RANGE_MEAN_REVERSION,LONG,6472,6473,2025-03-09T10:00:00+00:00,2025-03-09T10:15:00+00:00,0.7875,0.7785285672930743,0.8009571490603885,0.008971432706925686,1.5,2025-03-09T10:30:00+00:00,0.7785285672930743,SL,-1.0,0.2269244170899693,-1.2269244170899694,1,
BNB,RANGE_MEAN_REVERSION,LONG,6473,6474,2025-03-09T10:15:00+00:00,2025-03-09T10:30:00+00:00,581.66,579.9439061619462,584.2341407570807,1.71609383805378,1.5,2025-03-09T10:30:00+00:00,579.9439061619462,SL,-1.0,0.8799548396042933,-1.8799548396042933,0,True
CRV,RANGE_MEAN_REVERSION,LONG,6473,6474,2025-03-09T10:15:00+00:00,2025-03-09T10:30:00+00:00,0.405,0.40241671334560275,0.4088749299815959,0.0025832866543972766,1.5,2025-03-09T10:30:00+00:00,0.40241671334560275,SL,-1.0,0.40632026862469206,-1.406320268624692,0,True
LINK,RANGE_MEAN_REVERSION,LONG,6473,6474,2025-03-09T10:15:00+00:00,2025-03-09T10:30:00+00:00,14.827,14.721634926450074,14.985047610324889,0.10536507354992608,1.5,2025-03-09T10:45:00+00:00,14.721634926450074,SL,-1.0,0.36457266255485893,-1.3645726625548589,1,
SUI,RANGE_MEAN_REVERSION,LONG,6473,6474,2025-03-09T10:15:00+00:00,2025-03-09T10:30:00+00:00,2.4264,2.403083130548339,2.461375304177492,0.023316869451661226,1.5,2025-03-09T10:45:00+00:00,2.403083130548339,SL,-1.0,0.2692611923195177,-1.2692611923195176,1,
ETH,RANGE_MEAN_REVERSION,LONG,6474,6475,2025-03-09T10:30:00+00:00,2025-03-09T10:45:00+00:00,2143.86,2133.776062818063,2158.9859057729054,10.083937181937017,1.5,2025-03-09T10:45:00+00:00,2133.776062818063,SL,-1.0,0.5514638559653628,-1.5514638559653628,0,True
SOL,RANGE_MEAN_REVERSION,LONG,6474,6475,2025-03-09T10:30:00+00:00,2025-03-09T10:45:00+00:00,136.44,135.6344523402878,137.6483214895683,0.8055476597122038,1.5,2025-03-09T10:45:00+00:00,135.6344523402878,SL,-1.0,0.43907617852026115,-1.4390761785202613,0,True
UNI,RANGE_MEAN_REVERSION,LONG,6474,6475,2025-03-09T10:30:00+00:00,2025-03-09T10:45:00+00:00,6.897,6.858951380028466,6.954072929957302,0.038048619971534414,1.5,2025-03-09T10:45:00+00:00,6.858951380028466,SL,-1.0,0.46999698825912073,-1.4699969882591208,0,True
BTC,RANGE_MEAN_REVERSION,LONG,6480,6481,2025-03-09T12:00:00+00:00,2025-03-09T12:15:00+00:00,84386.0,83962.8128031522,85020.78079527168,423.18719684779353,1.5,2025-03-09T13:45:00+00:00,83962.8128031522,SL,-1.0,0.5171551934327829,-1.517155193432783,6,
BNB,RANGE_MEAN_REVERSION,LONG,6488,6489,2025-03-09T14:00:00+00:00,2025-03-09T14:15:00+00:00,568.84,566.4896563938818,572.3655154091774,2.3503436061182583,1.5,2025-03-09T15:00:00+00:00,572.3655154091774,TP,1.5,0.6312128857116922,0.8687871142883078,3,
SUI,RANGE_MEAN_REVERSION,LONG,6495,6496,2025-03-09T15:45:00+00:00,2025-03-09T16:00:00+00:00,2.3427,2.3223519651717974,2.373222052242303,0.020348034828202355,1.5,2025-03-09T16:15:00+00:00,2.3223519651717974,SL,-1.0,0.29804192915562794,-1.298041929155628,1,
SOL,RANGE_MEAN_REVERSION,LONG,6495,6496,2025-03-09T15:45:00+00:00,2025-03-09T16:00:00+00:00,130.1,129.072790672993,131.64081399051048,1.0272093270070002,1.5,2025-03-09T16:30:00+00:00,129.072790672993,SL,-1.0,0.32799996944789694,-1.327999969447897,2,
AVAX,RANGE_MEAN_REVERSION,LONG,6498,6499,2025-03-09T16:30:00+00:00,2025-03-09T16:45:00+00:00,18.939,18.74345328560248,19.232320071596277,0.19554671439751914,1.5,2025-03-09T16:45:00+00:00,18.74345328560248,SL,-1.0,0.2505139982648807,-1.2505139982648807,0,True
CRV,RANGE_MEAN_REVERSION,LONG,6498,6499,2025-03-09T16:30:00+00:00,2025-03-09T16:45:00+00:00,0.385,0.3799834413627565,0.39252483795586524,0.0050165586372434845,1.5,2025-03-09T17:00:00+00:00,0.3799834413627565,SL,-1.0,0.1982391806184554,-1.1982391806184554,1,
LINK,RANGE_MEAN_REVERSION,LONG,6498,6499,2025-03-09T16:30:00+00:00,2025-03-09T16:45:00+00:00,14.118,13.932254252179614,14.396618621730578,0.1857457478203859,1.5,2025-03-09T17:00:00+00:00,13.932254252179614,SL,-1.0,0.19631852118141124,-1.1963185211814111,1,
SOL,RANGE_MEAN_REVERSION,SHORT,6968,6969,2025-03-14T14:00:00+00:00,2025-03-14T14:15:00+00:00,128.65,130.18053703438804,126.35419444841796,1.5305370343880327,1.5,2025-03-14T14:30:00+00:00,130.18053703438804,SL,-1.0,0.21984420538980415,-1.2198442053898042,1,
BTC,RANGE_MEAN_REVERSION,SHORT,6972,6973,2025-03-14T15:00:00+00:00,2025-03-14T15:15:00+00:00,84220.4,84748.08086367854,83428.87870448218,527.6808636785427,1.5,2025-03-14T15:15:00+00:00,84748.08086367854,SL,-1.0,0.41627248634999947,-1.4162724863499996,0,True
ADA,RANGE_MEAN_REVERSION,SHORT,6974,6975,2025-03-14T15:30:00+00:00,2025-03-14T15:45:00+00:00,0.7478,0.7547632216896959,0.7373551674654562,0.006963221689695875,1.5,2025-03-14T16:00:00+00:00,0.7373551674654562,TP,1.500000000000008,0.27727132694369494,1.222728673056313,1,
CRV,RANGE_MEAN_REVERSION,SHORT,6973,6974,2025-03-14T15:15:00+00:00,2025-03-14T15:30:00+00:00,0.415,0.4196123700218063,0.4080814449672905,0.004612370021806311,1.5,2025-03-14T16:30:00+00:00,0.4080814449672905,TP,1.500000000000006,0.23198613151128725,1.2680138684887188,4,
XRP,RANGE_MEAN_REVERSION,SHORT,6973,6974,2025-03-14T15:15:00+00:00,2025-03-14T15:30:00+00:00,2.376,2.4005472476130434,2.339179128580435,0.0245472476130435,1.5,2025-03-14T17:45:00+00:00,2.339179128580435,TP,1.499999999999991,0.2497116158920176,1.2502883841079733,9,
XRP,RANGE_MEAN_REVERSION,SHORT,7021,7022,2025-03-15T03:15:00+00:00,2025-03-15T03:30:00+00:00,2.4213,2.4380846518727144,2.3961230221909284,0.016784651872714385,1.5,2025-03-15T04:00:00+00:00,2.4380846518727144,SL,-1.0,0.3763676539341249,-1.376367653934125,2,
DOGE,RANGE_MEAN_REVERSION,SHORT,7061,7062,2025-03-15T13:15:00+00:00,2025-03-15T13:30:00+00:00,0.17577,0.17655981595657105,0.17458527606514346,0.0007898159565710439,1.5,2025-03-15T13:30:00+00:00,0.17655981595657105,SL,-1.0,0.5799183429163131,-1.579918342916313,0,True
BNB,RANGE_MEAN_REVERSION,SHORT,7072,7073,2025-03-15T16:00:00+00:00,2025-03-15T16:15:00+00:00,603.34,605.74577646515,599.731335302275,2.405776465149984,1.5,2025-03-15T16:15:00+00:00,605.74577646515,SL,-1.0,0.6533489425031446,-1.6533489425031447,0,True
CRV,RANGE_MEAN_REVERSION,SHORT,7077,7078,2025-03-15T17:15:00+00:00,2025-03-15T17:30:00+00:00,0.418,0.42081138877521373,0.4137829168371794,0.0028113887752137523,1.5,2025-03-15T18:15:00+00:00,0.4137829168371794,TP,1.4999999999999902,0.38462051261697866,1.1153794873830116,3,
AVAX,RANGE_MEAN_REVERSION,SHORT,7090,7091,2025-03-15T20:30:00+00:00,2025-03-15T20:45:00+00:00,19.048,19.250630630359147,18.744054054461273,0.20263063035914897,1.5,2025-03-15T20:45:00+00:00,19.250630630359147,SL,-1.0,0.24570924805998315,-1.2457092480599832,0,True
CRV,RANGE_MEAN_REVERSION,SHORT,7091,7092,2025-03-15T20:45:00+00:00,2025-03-15T21:00:00+00:00,0.421,0.4248769470555377,0.4151845794166934,0.003876947055537705,1.5,2025-03-16T01:45:00+00:00,0.4151845794166934,TP,1.500000000000007,0.2803855553531506,1.2196144446468566,19,
BTC,RANGE_MEAN_REVERSION,LONG,7112,7113,2025-03-16T02:00:00+00:00,2025-03-16T02:15:00+00:00,83760.0,83601.10110085695,83998.34834871459,158.8988991430524,1.5,2025-03-16T02:30:00+00:00,83998.34834871459,TP,1.5000000000000457,1.3724818361201618,0.1275181638798839,1,
ETH,RANGE_MEAN_REVERSION,LONG,7111,7112,2025-03-16T01:45:00+00:00,2025-03-16T02:00:00+00:00,1921.45,1915.033006980939,1931.0754895285916,6.41699301906101,1.5,2025-03-16T05:15:00+00:00,1931.0754895285916,TP,1.5,0.7804719627262466,0.7195280372737534,13,
ADA,RANGE_MEAN_REVERSION,LONG,7143,7144,2025-03-16T09:45:00+00:00,2025-03-16T10:00:00+00:00,0.7269,0.7223281139884077,0.7337578290173885,0.004571886011592308,1.5,2025-03-16T10:45:00+00:00,0.7223281139884077,SL,-1.0,0.4120830098143167,-1.4120830098143167,3,
ETH,RANGE_MEAN_REVERSION,LONG,7143,7144,2025-03-16T09:45:00+00:00,2025-03-16T10:00:00+00:00,1907.0,1900.0628114863932,1917.40578277041,6.93718851360677,1.5,2025-03-16T11:00:00+00:00,1900.0628114863932,SL,-1.0,0.7134275860061846,-1.7134275860061847,4,
BNB,RANGE_MEAN_REVERSION,LONG,7145,7146,2025-03-16T10:15:00+00:00,2025-03-16T10:30:00+00:00,599.38,597.2840381974235,602.5239427038648,2.0959618025765394,1.5,2025-03-16T11:00:00+00:00,597.2840381974235,SL,-1.0,0.7422192750575384,-1.7422192750575385,2,
AVAX,RANGE_MEAN_REVERSION,LONG,7146,7147,2025-03-16T10:30:00+00:00,2025-03-16T10:45:00+00:00,18.827,18.694563670095604,19.025654494856596,0.13243632990439735,1.5,2025-03-16T11:00:00+00:00,18.694563670095604,SL,-1.0,0.3683130815112136,-1.3683130815112137,1,
BTC,RANGE_MEAN_REVERSION,LONG,7148,7149,2025-03-16T11:00:00+00:00,2025-03-16T11:15:00+00:00,83207.8,82925.00959139652,83631.98561290524,282.79040860348323,1.5,2025-03-16T11:15:00+00:00,82925.00959139652,SL,-1.0,0.7637198642463268,-1.7637198642463268,0,True
XRP,RANGE_MEAN_REVERSION,LONG,7149,7150,2025-03-16T11:15:00+00:00,2025-03-16T11:30:00+00:00,2.3161,2.3005801994472193,2.3393797008291712,0.015519800552780794,1.5,2025-03-16T11:30:00+00:00,2.3005801994472193,SL,-1.0,0.3867114296263312,-1.3867114296263312,0,True
ADA,RANGE_MEAN_REVERSION,LONG,7150,7151,2025-03-16T11:30:00+00:00,2025-03-16T11:45:00+00:00,0.7063,0.7012291392019805,0.7139062911970293,0.00507086079801955,1.5,2025-03-16T13:45:00+00:00,0.7012291392019805,SL,-1.0,0.3608436424989634,-1.3608436424989634,8,
LINK,RANGE_MEAN_REVERSION,LONG,7151,7152,2025-03-16T11:45:00+00:00,2025-03-16T12:00:00+00:00,13.512,13.410633344300074,13.66404998354989,0.10136665569992687,1.5,2025-03-16T13:45:00+00:00,13.410633344300074,SL,-1.0,0.3452755060914508,-1.3452755060914507,7,
BNB,RANGE_MEAN_REVERSION,SHORT,7204,7205,2025-03-17T01:00:00+00:00,2025-03-17T01:15:00+00:00,611.27,613.835638857526,607.421541713711,2.5656388575259825,1.5,2025-03-17T01:15:00+00:00,613.835638857526,SL,-1.0,0.6207566298128749,-1.6207566298128748,0,True
CRV,RANGE_MEAN_REVERSION,SHORT,7227,7228,2025-03-17T06:45:00+00:00,2025-03-17T07:00:00+00:00,0.427,0.43165928566406636,0.42001107150390043,0.0046592856640663705,1.5,2025-03-17T07:00:00+00:00,0.43165928566406636,SL,-1.0,0.23957686904070996,-1.23957686904071,0,True
CRV,RANGE_MEAN_REVERSION,SHORT,7231,7232,2025-03-17T07:45:00+00:00,2025-03-17T08:00:00+00:00,0.436,0.4418332597837203,0.42725011032441956,0.00583325978372029,1.5,2025-03-17T09:15:00+00:00,0.4418332597837203,SL,-1.0,0.19563387883112957,-1.1956338788311296,5,
DOGE,RANGE_MEAN_REVERSION,LONG,7299,7300,2025-03-18T00:45:00+00:00,2025-03-18T01:00:00+00:00,0.17099,0.16971101775937322,0.17290847336094017,0.0012789822406267803,1.5,2025-03-18T01:15:00+00:00,0.16971101775937322,SL,-1.0,0.34629982263876574,-1.3462998226387657,1,
XRP,RANGE_MEAN_REVERSION,LONG,7301,7302,2025-03-18T01:15:00+00:00,2025-03-18T01:30:00+00:00,2.3061,2.2889691277064106,2.3317963084403837,0.017130872293589228,1.5,2025-03-18T01:45:00+00:00,2.2889691277064106,SL,-1.0,0.34870319290476476,-1.3487031929047648,1,
ETH,RANGE_MEAN_REVERSION,LONG,7303,7304,2025-03-18T01:45:00+00:00,2025-03-18T02:00:00+00:00,1902.4,1893.8432003870228,1915.235199419466,8.55679961297733,1.5,2025-03-18T02:30:00+00:00,1915.235199419466,TP,1.4999999999999867,0.5799978945070167,0.92000210549297,2,
SOL,RANGE_MEAN_REVERSION,LONG,7302,7303,2025-03-18T01:30:00+00:00,2025-03-18T01:45:00+00:00,125.09,124.15624127945846,126.49063808081232,0.9337587205415474,1.5,2025-03-18T03:00:00+00:00,124.15624127945846,SL,-1.0,0.3470062517599575,-1.3470062517599575,5,
UNI,RANGE_MEAN_REVERSION,LONG,7303,7304,2025-03-18T01:45:00+00:00,2025-03-18T02:00:00+00:00,6.176,6.135377434798554,6.23693384780217,0.04062256520144647,1.5,2025-03-18T05:15:00+00:00,6.23693384780217,TP,1.5000000000000109,0.3972376909759562,1.1027623090240546,13,
ADA,RANGE_MEAN_REVERSION,LONG,7303,7304,2025-03-18T01:45:00+00:00,2025-03-18T02:00:00+00:00,0.7061,0.7013806040208979,0.7131790939686531,0.004719395979102092,1.5,2025-03-18T06:15:00+00:00,0.7013806040208979,SL,-1.0,0.38770317077213956,-1.3877031707721397,17,
BTC,RANGE_MEAN_REVERSION,LONG,7321,7322,2025-03-18T06:15:00+00:00,2025-03-18T06:30:00+00:00,82658.9,82380.52389498659,83076.4641575201,278.3761050134053,1.5,2025-03-18T06:30:00+00:00,82380.52389498659,SL,-1.0,0.7707243804318289,-1.770724380431829,0,True
XRP,RANGE_MEAN_REVERSION,LONG,7323,7324,2025-03-18T06:45:00+00:00,2025-03-18T07:00:00+00:00,2.2511,2.2339759768432184,2.2767860347351725,0.017124023156781742,1.5,2025-03-18T07:00:00+00:00,2.2767860347351725,TP,1.4999999999999871,0.34374234321357783,1.1562576567864093,0,True
ADA,RANGE_MEAN_REVERSION,LONG,7351,7352,2025-03-18T13:45:00+00:00,2025-03-18T14:00:00+00:00,0.6852,0.6778925613329175,0.6961611580006237,0.0073074386670825,1.5,2025-03-18T14:30:00+00:00,0.6961611580006237,TP,1.4999999999999925,0.2457454091938035,1.2542545908061888,2,
BTC,RANGE_MEAN_REVERSION,LONG,7351,7352,2025-03-18T13:45:00+00:00,2025-03-18T14:00:00+00:00,81330.3,80956.63570869289,81890.79643696066,373.66429130711185,1.5,2025-03-18T14:30:00+00:00,81890.79643696066,TP,1.4999999999999805,0.5678557740312778,0.9321442259687026,2,
DOGE,RANGE_MEAN_REVERSION,LONG,7351,7352,2025-03-18T13:45:00+00:00,2025-03-18T14:00:00+00:00,0.16338,0.16193333549640998,0.165549996755385,0.0014466645035900172,1.5,2025-03-18T14:30:00+00:00,0.165549996755385,TP,1.4999999999999905,0.2955826971083161,1.2044173028916743,2,
FET,RANGE_MEAN_REVERSION,SHORT,7390,7391,2025-03-18T23:30:00+00:00,2025-03-18T23:45:00+00:00,0.5121,0.5158048459296519,0.5065427311055222,0.003704845929651923,1.5,2025-03-19T00:00:00+00:00,0.5158048459296519,SL,-1.0,0.36068336580843813,-1.360683365808438,1,
UNI,RANGE_MEAN_REVERSION,SHORT,7392,7393,2025-03-19T00:00:00+00:00,2025-03-19T00:15:00+00:00,6.387,6.423381715289304,6.332427427066042,0.03638171528930467,1.5,2025-03-19T00:15:00+00:00,6.423381715289304,SL,-1.0,0.4577435697423483,-1.4577435697423482,0,True
AVAX,RANGE_MEAN_REVERSION,SHORT,7390,7391,2025-03-18T23:30:00+00:00,2025-03-18T23:45:00+00:00,19.001,19.158878234357935,18.7641826484631,0.15787823435793413,1.5,2025-03-19T00:30:00+00:00,19.158878234357935,SL,-1.0,0.31421583796153146,-1.3142158379615314,3,
LINK,RANGE_MEAN_REVERSION,SHORT,7393,7394,2025-03-19T00:15:00+00:00,2025-03-19T00:30:00+00:00,14.001,14.082136884836377,13.879294672745434,0.08113688483637738,1.5,2025-03-19T01:15:00+00:00,13.879294672745434,TP,1.4999999999999891,0.4467066137387499,1.0532933862612393,3,
BNB,RANGE_MEAN_REVERSION,LONG,7396,7397,2025-03-19T01:00:00+00:00,2025-03-19T01:15:00+00:00,621.14,618.5339157572724,625.0491263640913,2.6060842427275475,1.5,2025-03-19T01:45:00+00:00,618.5339157572724,SL,-1.0,0.6183898678569831,-1.6183898678569832,2,
FET,RANGE_MEAN_REVERSION,SHORT,7408,7409,2025-03-19T04:00:00+00:00,2025-03-19T04:15:00+00:00,0.5211,0.52464203746838,0.5157869437974301,0.0035420374683799993,1.5,2025-03-19T07:00:00+00:00,0.5157869437974301,TP,1.4999999999999842,0.3805586583908058,1.1194413416091784,11,
ETH,RANGE_MEAN_REVERSION,SHORT,7434,7435,2025-03-19T10:30:00+00:00,2025-03-19T10:45:00+00:00,1969.0,1989.1293878219112,1938.8059182671332,20.129387821911223,1.5,2025-03-19T11:00:00+00:00,1989.1293878219112,SL,-1.0,0.2556246742172375,-1.2556246742172374,1,
BTC,RANGE_MEAN_REVERSION,SHORT,7438,7439,2025-03-19T11:30:00+00:00,2025-03-19T11:45:00+00:00,83964.5,84235.05093541308,83558.67359688038,270.55093541307724,1.5,2025-03-19T12:15:00+00:00,83558.67359688038,TP,1.5,0.8049505552196217,0.6950494447803783,2,
SOL,RANGE_MEAN_REVERSION,SHORT,7437,7438,2025-03-19T11:15:00+00:00,2025-03-19T11:30:00+00:00,128.67,129.6368152962443,127.21977705563353,0.966815296244306,1.5,2025-03-19T12:30:00+00:00,127.21977705563353,TP,1.5,0.344074728093942,1.155925271906058,4,
ADA,RANGE_MEAN_REVERSION,SHORT,7437,7438,2025-03-19T11:15:00+00:00,2025-03-19T11:30:00+00:00,0.7223,0.7268922188860809,0.7154116716708787,0.004592218886080857,1.5,2025-03-19T13:00:00+00:00,0.7268922188860809,SL,-1.0,0.41024827676707876,-1.4102482767670788,6,
LINK,RANGE_MEAN_REVERSION,SHORT,7437,7438,2025-03-19T11:15:00+00:00,2025-03-19T11:30:00+00:00,14.384,14.52826516841567,14.167602247376497,0.14426516841566972,1.5,2025-03-19T13:00:00+00:00,14.52826516841567,SL,-1.0,0.26053374582175226,-1.2605337458217523,6,
AVAX,RANGE_MEAN_REVERSION,SHORT,7438,7439,2025-03-19T11:30:00+00:00,2025-03-19T11:45:00+00:00,19.571,19.763096622394134,19.282855066408803,0.19209662239413205,1.5,2025-03-19T14:00:00+00:00,19.763096622394134,SL,-1.0,0.266190654327061,-1.266190654327061,9,
BNB,RANGE_MEAN_REVERSION,LONG,7442,7443,2025-03-19T12:30:00+00:00,2025-03-19T12:45:00+00:00,607.23,603.5812389266569,612.7031416100148,3.6487610733431666,1.5,2025-03-19T14:00:00+00:00,612.7031416100148,TP,1.5,0.43464426752391633,1.0653557324760836,5,
SUI,RANGE_MEAN_REVERSION,SHORT,7448,7449,2025-03-19T14:00:00+00:00,2025-03-19T14:15:00+00:00,2.4126,2.438850929657787,2.373223605513319,0.026250929657787303,1.5,2025-03-19T14:15:00+00:00,2.438850929657787,SL,-1.0,0.24025382303686124,-1.2402538230368612,0,True
BTC,RANGE_MEAN_REVERSION,SHORT,7455,7456,2025-03-19T15:45:00+00:00,2025-03-19T16:00:00+00:00,84693.3,85053.95981982187,84152.31027026719,360.65981982187077,1.5,2025-03-19T17:30:00+00:00,84152.31027026719,TP,1.5000000000000202,0.6086047884673087,0.8913952115327115,6,
BNB,RANGE_MEAN_REVERSION,SHORT,7493,7494,2025-03-20T01:15:00+00:00,2025-03-20T01:30:00+00:00,624.61,627.8089594215237,619.8115608677144,3.198959421523682,1.5,2025-03-20T01:45:00+00:00,619.8115608677144,TP,1.5000000000000178,0.5057107065013932,0.9942892934986246,1,
CRV,RANGE_MEAN_REVERSION,LONG,7513,7514,2025-03-20T06:15:00+00:00,2025-03-20T06:30:00+00:00,0.453,0.45051596724227805,0.456726049136583,0.0024840327577219656,1.5,2025-03-20T06:30:00+00:00,0.45051596724227805,SL,-1.0,0.4728483365461438,-1.4728483365461438,0,True
SUI,RANGE_MEAN_REVERSION,SHORT,7523,7524,2025-03-20T08:45:00+00:00,2025-03-20T09:00:00+00:00,2.4751,2.499737694309735,2.438143458535397,0.02463769430973528,1.5,2025-03-20T10:15:00+00:00,2.438143458535397,TP,1.5,0.25924570764611626,1.2407542923538837,5,
SOL,RANGE_MEAN_REVERSION,LONG,7529,7530,2025-03-20T10:15:00+00:00,2025-03-20T10:30:00+00:00,131.18,130.11289319847245,132.78066020229136,1.067106801527558,1.5,2025-03-20T12:00:00+00:00,130.11289319847245,SL,-1.0,0.31831936660113397,-1.318319366601134,6,
CRV,RANGE_MEAN_REVERSION,LONG,7529,7530,2025-03-20T10:15:00+00:00,2025-03-20T10:30:00+00:00,0.444,0.43883020764433817,0.45175468853349277,0.00516979235566184,1.5,2025-03-20T13:30:00+00:00,0.45175468853349277,TP,1.5,0.2252471695150826,1.2747528304849174,12,
FET,RANGE_MEAN_REVERSION,LONG,7530,7531,2025-03-20T10:30:00+00:00,2025-03-20T10:45:00+00:00,0.5264,0.5224585829049243,0.5323121256426135,0.003941417095075672,1.5,2025-03-20T13:45:00+00:00,0.5323121256426135,TP,1.500000000000014,0.34919566494369536,1.1508043350563186,12,
AVAX,RANGE_MEAN_REVERSION,LONG,7529,7530,2025-03-20T10:15:00+00:00,2025-03-20T10:30:00+00:00,18.816,18.652955283842648,19.060567074236026,0.1630447161573514,1.5,2025-03-20T14:15:00+00:00,19.060567074236026,TP,1.5,0.30200020188931903,1.197999798110681,15,
ETH,RANGE_MEAN_REVERSION,LONG,7529,7530,2025-03-20T10:15:00+00:00,2025-03-20T10:30:00+00:00,1979.49,1964.6117781667735,2001.8073327498396,14.878221833226462,1.5,2025-03-20T14:15:00+00:00,2001.8073327498396,TP,1.4999999999999925,0.3478699666257363,1.1521300333742561,15,
ADA,RANGE_MEAN_REVERSION,SHORT,7546,7547,2025-03-20T14:30:00+00:00,2025-03-20T14:45:00+00:00,0.7469,0.7518780998404087,0.739432850239387,0.004978099840408645,1.5,2025-03-20T14:45:00+00:00,0.7518780998404087,SL,-1.0,0.3913966357156446,-1.3913966357156446,0,True
ETH,RANGE_MEAN_REVERSION,LONG,7554,7555,2025-03-20T16:30:00+00:00,2025-03-20T16:45:00+00:00,1956.29,1945.4567633211489,1972.5398550182767,10.833236678851108,1.5,2025-03-20T17:45:00+00:00,1972.5398550182767,TP,1.5000000000000104,0.4714637889795851,1.0285362110204255,4,
XRP,RANGE_MEAN_REVERSION,LONG,7554,7555,2025-03-20T16:30:00+00:00,2025-03-20T16:45:00+00:00,2.4035,2.3806845075756997,2.437723238636451,0.022815492424300476,1.5,2025-03-20T18:00:00+00:00,2.437723238636451,TP,1.5000000000000098,0.2758472222814778,1.224152777718532,5,
LINK,RANGE_MEAN_REVERSION,LONG,7555,7556,2025-03-20T16:45:00+00:00,2025-03-20T17:00:00+00:00,14.11,14.000981143009332,14.273528285486002,0.1090188569906676,1.5,2025-03-20T21:30:00+00:00,14.273528285486002,TP,1.5000000000000082,0.3384605910360118,1.1615394089639963,18,
SUI,RANGE_MEAN_REVERSION,LONG,7598,7599,2025-03-21T03:30:00+00:00,2025-03-21T03:45:00+00:00,2.3178,2.304597772657674,2.337603341013489,0.013202227342326012,1.5,2025-03-21T05:45:00+00:00,2.304597772657674,SL,-1.0,0.4551593415748793,-1.4551593415748794,8,
BTC,RANGE_MEAN_REVERSION,LONG,7614,7615,2025-03-21T07:30:00+00:00,2025-03-21T07:45:00+00:00,83755.5,83513.39845759235,84118.65231361147,242.10154240764678,1.5,2025-03-21T08:00:00+00:00,84118.65231361147,TP,1.5,0.9014250625476474,0.5985749374523526,1,
SUI,RANGE_MEAN_REVERSION,LONG,7618,7619,2025-03-21T08:30:00+00:00,2025-03-21T08:45:00+00:00,2.2765,2.2613646195600405,2.299203070659939,0.015135380439959434,1.5,2025-03-21T09:30:00+00:00,2.299203070659939,TP,1.5,0.393013840349418,1.1069861596505821,3,
SUI,RANGE_MEAN_REVERSION,LONG,7626,7627,2025-03-21T10:30:00+00:00,2025-03-21T10:45:00+00:00,2.2615,2.2464895467287453,2.2840156799068816,0.015010453271254498,1.5,2025-03-21T11:00:00+00:00,2.2464895467287453,SL,-1.0,0.3904203493954575,-1.3904203493954574,1,
ADA,RANGE_MEAN_REVERSION,LONG,7625,7626,2025-03-21T10:15:00+00:00,2025-03-21T10:30:00+00:00,0.7033,0.6990256433776709,0.7097115349334937,0.004274356622329112,1.5,2025-03-21T12:00:00+00:00,0.7097115349334937,TP,1.5,0.4297523949727434,1.0702476050272565,6,
CRV,RANGE_MEAN_REVERSION,SHORT,7701,7702,2025-03-22T05:15:00+00:00,2025-03-22T05:30:00+00:00,0.451,0.45368472719856456,0.44697290920215316,0.0026847271985645516,1.5,2025-03-22T05:30:00+00:00,0.45368472719856456,SL,-1.0,0.43806690899058803,-1.438066908990588,0,True
AVAX,RANGE_MEAN_REVERSION,SHORT,7669,7670,2025-03-21T21:15:00+00:00,2025-03-21T21:30:00+00:00,19.293,19.526693022808708,18.942460465786937,0.2336930228087084,1.5,2025-03-22T09:15:00+00:00,19.526693022808708,SL,-1.0,0.21594825691890854,-1.2159482569189086,47,
ETH,RANGE_MEAN_REVERSION,SHORT,7718,7719,2025-03-22T09:30:00+00:00,2025-03-22T09:45:00+00:00,2001.61,2007.1157952727256,1993.3513070909114,5.505795272725663,1.5,2025-03-22T09:45:00+00:00,1993.3513070909114,TP,1.5,0.9432696716758139,0.5567303283241861,0,True
SOL,RANGE_MEAN_REVERSION,SHORT,7718,7719,2025-03-22T09:30:00+00:00,2025-03-22T09:45:00+00:00,131.01,131.66030756247727,130.03453865628407,0.6503075624772805,1.5,2025-03-22T10:30:00+00:00,131.66030756247727,SL,-1.0,0.5250921556723405,-1.5250921556723405,3,
FET,RANGE_MEAN_REVERSION,SHORT,7718,7719,2025-03-22T09:30:00+00:00,2025-03-22T09:45:00+00:00,0.5208,0.5247314574755968,0.514902813786605,0.003931457475596756,1.5,2025-03-22T12:30:00+00:00,0.514902813786605,TP,1.4999999999999858,0.34247188638819354,1.1575281136117923,11,
FET,RANGE_MEAN_REVERSION,LONG,7736,7737,2025-03-22T14:00:00+00:00,2025-03-22T14:15:00+00:00,0.5062,0.5026094350654605,0.5115858474018091,0.003590564934539464,1.5,2025-03-22T15:45:00+00:00,0.5115858474018091,TP,1.4999999999999845,0.3684995608614607,1.1315004391385237,6,
ADA,RANGE_MEAN_REVERSION,LONG,7738,7739,2025-03-22T14:30:00+00:00,2025-03-22T14:45:00+00:00,0.7021,0.6985550932745795,0.7074173600881306,0.0035449067254204047,1.5,2025-03-22T19:00:00+00:00,0.7074173600881306,TP,1.5000000000000158,0.5169029004274467,0.9830970995725691,17,
SOL,RANGE_MEAN_REVERSION,SHORT,7790,7791,2025-03-23T03:30:00+00:00,2025-03-23T03:45:00+00:00,130.33,130.77039513956544,129.66940729065186,0.44039513956542464,1.5,2025-03-23T03:45:00+00:00,130.77039513956544,SL,-1.0,0.7707408261053472,-1.7707408261053472,0,True
SOL,RANGE_MEAN_REVERSION,SHORT,7817,7818,2025-03-23T10:15:00+00:00,2025-03-23T10:30:00+00:00,131.97,132.73014086339128,130.82978870491308,0.7601408633912854,1.5,2025-03-23T11:00:00+00:00,132.73014086339128,SL,-1.0,0.45269265171089307,-1.4526926517108931,2,
BTC,RANGE_MEAN_REVERSION,SHORT,7820,7821,2025-03-23T11:00:00+00:00,2025-03-23T11:15:00+00:00,84650.0,84864.19160454035,84328.71259318947,214.19160454034864,1.5,2025-03-23T11:15:00+00:00,84864.19160454035,SL,-1.0,1.0288379395579448,-2.0288379395579446,0,True
SUI,RANGE_MEAN_REVERSION,SHORT,7821,7822,2025-03-23T11:15:00+00:00,2025-03-23T11:30:00+00:00,2.2927,2.3067264849490106,2.271660272576484,0.014026484949010598,1.5,2025-03-23T12:00:00+00:00,2.271660272576484,TP,1.5000000000000158,0.4230331673202258,1.07696683267979,2,
DOGE,RANGE_MEAN_REVERSION,SHORT,7821,7822,2025-03-23T11:15:00+00:00,2025-03-23T11:30:00+00:00,0.17172,0.17258617522843017,0.17042073715735478,0.0008661752284301605,1.5,2025-03-23T13:00:00+00:00,0.17042073715735478,TP,1.499999999999984,0.5135022841863965,0.9864977158135875,6,
XRP,RANGE_MEAN_REVERSION,SHORT,7821,7822,2025-03-23T11:15:00+00:00,2025-03-23T11:30:00+00:00,2.4145,2.4319910203734283,2.388263469439857,0.017491020373428423,1.5,2025-03-23T18:15:00+00:00,2.388263469439857,TP,1.5000000000000127,0.3569598786676162,1.1430401213323964,27,
CRV,RANGE_MEAN_REVERSION,SHORT,7969,7970,2025-03-25T00:15:00+00:00,2025-03-25T00:30:00+00:00,0.525,0.5331759345658559,0.5127360981512162,0.008175934565855858,1.5,2025-03-25T01:15:00+00:00,0.5127360981512162,TP,1.5,0.1650033909555099,1.33499660904449,3,
ETH,RANGE_MEAN_REVERSION,LONG,7981,7982,2025-03-25T03:15:00+00:00,2025-03-25T03:30:00+00:00,2052.27,2039.7246482923122,2071.088027561532,12.545351707687814,1.5,2025-03-25T04:00:00+00:00,2039.7246482923122,SL,-1.0,0.4240290082517296,-1.4240290082517295,2,
FET,RANGE_MEAN_REVERSION,SHORT,8007,8008,2025-03-25T09:45:00+00:00,2025-03-25T10:00:00+00:00,0.5672,0.5710937162021765,0.5613594256967354,0.0038937162021764893,1.5,2025-03-25T12:00:00+00:00,0.5613594256967354,TP,1.4999999999999858,0.37679357642595235,1.1232064235740333,8,
SOL,RANGE_MEAN_REVERSION,SHORT,8007,8008,2025-03-25T09:45:00+00:00,2025-03-25T10:00:00+00:00,142.77,143.85597498005836,141.14103752991247,1.085974980058353,1.5,2025-03-25T12:00:00+00:00,141.14103752991247,TP,1.500000000000013,0.339864504768843,1.1601354952311702,8,
AVAX,RANGE_MEAN_REVERSION,SHORT,8013,8014,2025-03-25T11:15:00+00:00,2025-03-25T11:30:00+00:00,22.29,22.425504053685835,22.086743919471246,0.1355040536858354,1.5,2025-03-25T12:15:00+00:00,22.425504053685835,SL,-1.0,0.4289920019999231,-1.4289920019999232,3,
AVAX,RANGE_MEAN_REVERSION,SHORT,8045,8046,2025-03-25T19:15:00+00:00,2025-03-25T19:30:00+00:00,23.173,23.33529073907843,22.92956389138235,0.16229073907843272,1.5,2025-03-25T19:30:00+00:00,22.92956389138235,TP,1.4999999999999891,0.36929607566721445,1.1307039243327748,0,True
ADA,RANGE_MEAN_REVERSION,SHORT,8095,8096,2025-03-26T07:45:00+00:00,2025-03-26T08:00:00+00:00,0.7677,0.7724678670744227,0.760548199388366,0.0047678670744226714,1.5,2025-03-26T08:00:00+00:00,0.7724678670744227,SL,-1.0,0.419940026838771,-1.419940026838771,0,True
DOGE,RANGE_MEAN_REVERSION,SHORT,8095,8096,2025-03-26T07:45:00+00:00,2025-03-26T08:00:00+00:00,0.20115,0.20297302614065207,0.1984154607890219,0.0018230261406520787,1.5,2025-03-26T08:15:00+00:00,0.20297302614065207,SL,-1.0,0.28818014304223394,-1.288180143042234,1,
SUI,RANGE_MEAN_REVERSION,SHORT,8107,8108,2025-03-26T10:45:00+00:00,2025-03-26T11:00:00+00:00,2.6089,2.6346778784398235,2.5702331823402655,0.025777878439823265,1.5,2025-03-26T11:15:00+00:00,2.6346778784398235,SL,-1.0,0.26443802417195766,-1.2644380241719577,1,
ETH,RANGE_MEAN_REVERSION,LONG,8120,8121,2025-03-26T14:00:00+00:00,2025-03-26T14:15:00+00:00,2029.22,2018.9981302833332,2044.5528045750002,10.221869716666788,1.5,2025-03-26T14:15:00+00:00,2018.9981302833332,SL,-1.0,0.5148454945368275,-1.5148454945368275,0,True
BNB,RANGE_MEAN_REVERSION,LONG,8121,8122,2025-03-26T14:15:00+00:00,2025-03-26T14:30:00+00:00,624.49,621.5386257329559,628.9170614005661,2.951374267044116,1.5,2025-03-26T17:15:00+00:00,621.5386257329559,SL,-1.0,0.5488416808198151,-1.548841680819815,11,
BNB,RANGE_MEAN_REVERSION,LONG,8139,8140,2025-03-26T18:45:00+00:00,2025-03-26T19:00:00+00:00,617.46,615.461552049371,620.4576719259436,1.9984479506290427,1.5,2025-03-26T19:00:00+00:00,615.461552049371,SL,-1.0,0.8020213972346274,-1.8020213972346273,0,True
DOGE,RANGE_MEAN_REVERSION,SHORT,8171,8172,2025-03-27T02:45:00+00:00,2025-03-27T03:00:00+00:00,0.19979,0.20152344928565055,0.19718982607152416,0.0017334492856505568,1.5,2025-03-27T05:15:00+00:00,0.19718982607152416,TP,1.5,0.29771495374282086,1.2022850462571792,9,
BNB,RANGE_MEAN_REVERSION,SHORT,8187,8188,2025-03-27T06:45:00+00:00,2025-03-27T07:00:00+00:00,634.09,636.4140036596394,630.6039945105409,2.324003659639402,1.5,2025-03-27T07:00:00+00:00,636.4140036596394,SL,-1.0,0.7106938915121185,-1.7106938915121184,0,True
SUI,RANGE_MEAN_REVERSION,SHORT,8190,8191,2025-03-27T07:30:00+00:00,2025-03-27T07:45:00+00:00,2.7502,2.7830851165763333,2.7008723251355002,0.032885116576333306,1.5,2025-03-27T08:15:00+00:00,2.7830851165763333,SL,-1.0,0.21873939947429205,-1.218739399474292,2,
BTC,RANGE_MEAN_REVERSION,LONG,8213,8214,2025-03-27T13:15:00+00:00,2025-03-27T13:30:00+00:00,86284.6,85973.20126764418,86751.69809853374,311.3987323558249,1.5,2025-03-27T13:30:00+00:00,85973.20126764418,SL,-1.0,0.7191266963542235,-1.7191266963542235,0,True
XRP,RANGE_MEAN_REVERSION,LONG,8213,8214,2025-03-27T13:15:00+00:00,2025-03-27T13:30:00+00:00,2.3242,2.3101232123764124,2.3453151814353808,0.014076787623587439,1.5,2025-03-27T13:30:00+00:00,2.3101232123764124,SL,-1.0,0.42798260066055993,-1.42798260066056,0,True
ADA,RANGE_MEAN_REVERSION,LONG,8214,8215,2025-03-27T13:30:00+00:00,2025-03-27T13:45:00+00:00,0.7234,0.717260074918049,0.7326098876229266,0.006139925081951048,1.5,2025-03-27T14:00:00+00:00,0.7326098876229266,TP,1.499999999999991,0.30827947061991456,1.1917205293800763,1,
DOGE,RANGE_MEAN_REVERSION,LONG,8214,8215,2025-03-27T13:30:00+00:00,2025-03-27T13:45:00+00:00,0.18998,0.1878299768355067,0.19320503474673997,0.0021500231644933088,1.5,2025-03-27T14:30:00+00:00,0.19320503474673997,TP,1.5,0.23169078054475642,1.2683092194552437,3,
FET,RANGE_MEAN_REVERSION,LONG,8214,8215,2025-03-27T13:30:00+00:00,2025-03-27T13:45:00+00:00,0.5377,0.5322010778225812,0.545948383266128,0.0054989221774187635,1.5,2025-03-27T14:30:00+00:00,0.545948383266128,TP,1.49999999999999,0.25618527645852973,1.2438147235414603,3,
BTC,RANGE_MEAN_REVERSION,LONG,8274,8275,2025-03-28T04:30:00+00:00,2025-03-28T04:45:00+00:00,86201.0,85879.0089723885,86683.98654141725,321.991027611497,1.5,2025-03-28T05:30:00+00:00,85879.0089723885,SL,-1.0,0.6947523144465331,-1.694752314446533,3,
SUI,RANGE_MEAN_REVERSION,LONG,8274,8275,2025-03-28T04:30:00+00:00,2025-03-28T04:45:00+00:00,2.7035,2.669497872653485,2.754503191019773,0.0340021273465152,1.5,2025-03-28T05:30:00+00:00,2.669497872653485,SL,-1.0,0.20542530069564593,-1.205425300695646,3,
AVAX,RANGE_MEAN_REVERSION,LONG,8274,8275,2025-03-28T04:30:00+00:00,2025-03-28T04:45:00+00:00,21.415,21.160930802845698,21.79610379573145,0.2540691971543012,1.5,2025-03-28T05:45:00+00:00,21.160930802845698,SL,-1.0,0.21784895872318222,-1.2178489587231822,4,
FET,RANGE_MEAN_REVERSION,LONG,8277,8278,2025-03-28T05:15:00+00:00,2025-03-28T05:30:00+00:00,0.5272,0.5238413955664766,0.5322379066502851,0.0033586044335234266,1.5,2025-03-28T05:45:00+00:00,0.5238413955664766,SL,-1.0,0.40682189322397,-1.40682189322397,1,
DOGE,RANGE_MEAN_REVERSION,LONG,8274,8275,2025-03-28T04:30:00+00:00,2025-03-28T04:45:00+00:00,0.18438,0.1819788651480659,0.18798170227790112,0.002401134851934078,1.5,2025-03-28T07:45:00+00:00,0.1819788651480659,SL,-1.0,0.19835059422375223,-1.1983505942237522,12,
LINK,RANGE_MEAN_REVERSION,LONG,8323,8324,2025-03-28T16:45:00+00:00,2025-03-28T17:00:00+00:00,14.041,13.929623640330375,14.208064539504438,0.11137635966962556,1.5,2025-03-28T20:30:00+00:00,14.208064539504438,TP,1.499999999999992,0.3297269188029589,1.170273081197033,14,
ADA,RANGE_MEAN_REVERSION,LONG,8364,8365,2025-03-29T03:00:00+00:00,2025-03-29T03:15:00+00:00,0.6923,0.6868614387788773,0.7004578418316841,0.00543856122112274,1.5,2025-03-29T03:30:00+00:00,0.7004578418316841,TP,1.5,0.33291621088112183,1.1670837891188781,1,
DOGE,RANGE_MEAN_REVERSION,LONG,8364,8365,2025-03-29T03:00:00+00:00,2025-03-29T03:15:00+00:00,0.17581,0.1741797317836639,0.17825540232450415,0.001630268216336106,1.5,2025-03-29T03:30:00+00:00,0.17825540232450415,TP,1.5,0.2823369911831491,1.217663008816851,1,
DOGE,RANGE_MEAN_REVERSION,LONG,8390,8391,2025-03-29T09:30:00+00:00,2025-03-29T09:45:00+00:00,0.17201,0.17034194540599928,0.17451208189100106,0.0016680545940007119,1.5,2025-03-29T11:00:00+00:00,0.17034194540599928,SL,-1.0,0.26681232774303854,-1.2668123277430385,5,
SUI,RANGE_MEAN_REVERSION,SHORT,8459,8460,2025-03-30T02:45:00+00:00,2025-03-30T03:00:00+00:00,2.3666,2.387905359064956,2.334641961402566,0.021305359064955898,1.5,2025-03-30T03:00:00+00:00,2.387905359064956,SL,-1.0,0.2901080872629375,-1.2901080872629376,0,True
BNB,RANGE_MEAN_REVERSION,SHORT,8459,8460,2025-03-30T02:45:00+00:00,2025-03-30T03:00:00+00:00,611.03,612.9465198322732,608.1552202515901,1.9165198322732522,1.5,2025-03-30T06:00:00+00:00,608.1552202515901,TP,1.5,0.8269889826535803,0.6730110173464197,12,
BNB,RANGE_MEAN_REVERSION,LONG,8536,8537,2025-03-30T22:00:00+00:00,2025-03-30T22:15:00+00:00,595.75,591.6916330943835,601.8375503584248,4.058366905616481,1.5,2025-03-30T22:30:00+00:00,601.8375503584248,TP,1.500000000000014,0.3836183005807995,1.1163816994192146,1,
CRV,RANGE_MEAN_REVERSION,SHORT,8650,8651,2025-04-01T02:30:00+00:00,2025-04-01T02:45:00+00:00,0.532,0.5414573279457967,0.517814008081305,0.009457327945796679,1.5,2025-04-01T07:45:00+00:00,0.5414573279457967,SL,-1.0,0.1475569562912075,-1.1475569562912076,20,
SUI,RANGE_MEAN_REVERSION,SHORT,8772,8773,2025-04-02T09:00:00+00:00,2025-04-02T09:15:00+00:00,2.4396,2.474290037388876,2.3875649439166864,0.03469003738887588,1.5,2025-04-02T10:15:00+00:00,2.474290037388876,SL,-1.0,0.18414673287881808,-1.184146732878818,4,
SUI,RANGE_MEAN_REVERSION,LONG,8861,8862,2025-04-03T07:15:00+00:00,2025-04-03T07:30:00+00:00,2.3028,2.278708752853473,2.338936870719791,0.024091247146527106,1.5,2025-04-03T08:00:00+00:00,2.338936870719791,TP,1.5000000000000093,0.25047511634554803,1.2495248836544612,2,
LINK,RANGE_MEAN_REVERSION,LONG,8860,8861,2025-04-03T07:00:00+00:00,2025-04-03T07:15:00+00:00,12.901,12.818048720113666,13.025426919829501,0.0829512798863341,1.5,2025-04-03T08:15:00+00:00,13.025426919829501,TP,1.5,0.4063150688206682,1.0936849311793317,4,
CRV,RANGE_MEAN_REVERSION,LONG,8878,8879,2025-04-03T11:30:00+00:00,2025-04-03T11:45:00+00:00,0.496,0.48951842075000407,0.5057223688749939,0.006481579249995928,1.5,2025-04-03T12:00:00+00:00,0.48951842075000407,SL,-1.0,0.19766385591533273,-1.1976638559153328,1,
CRV,RANGE_MEAN_REVERSION,SHORT,8961,8962,2025-04-04T08:15:00+00:00,2025-04-04T08:30:00+00:00,0.545,0.5528269925116064,0.5332595112325905,0.007826992511606345,1.5,2025-04-04T09:30:00+00:00,0.5332595112325905,TP,1.5,0.17909016298709696,1.320909837012903,4,
BTC,RANGE_MEAN_REVERSION,LONG,9077,9078,2025-04-05T13:15:00+00:00,2025-04-05T13:30:00+00:00,82783.2,82515.61187118766,83184.58219321849,267.5881288123346,1.5,2025-04-05T13:45:00+00:00,82515.61187118766,SL,-1.0,0.8030567588566304,-1.8030567588566304,1,
DOGE,RANGE_MEAN_REVERSION,LONG,9079,9080,2025-04-05T13:45:00+00:00,2025-04-05T14:00:00+00:00,0.16671,0.16549200845183965,0.16853698732224054,0.001217991548160352,1.5,2025-04-05T14:30:00+00:00,0.16853698732224054,TP,1.5000000000000113,0.3578194644923231,1.1421805355076882,2,
UNI,RANGE_MEAN_REVERSION,LONG,9078,9079,2025-04-05T13:30:00+00:00,2025-04-05T13:45:00+00:00,5.821,5.796630205682441,5.857554691476338,0.02436979431755848,1.5,2025-04-05T15:30:00+00:00,5.796630205682441,SL,-1.0,0.6197392998309178,-1.619739299830918,7,
CRV,RANGE_MEAN_REVERSION,SHORT,9110,9111,2025-04-05T21:30:00+00:00,2025-04-05T21:45:00+00:00,0.502,0.5103411374407214,0.4894882938389179,0.008341137440721402,1.5,2025-04-06T00:00:00+00:00,0.4894882938389179,TP,1.5,0.1545274599718281,1.345472540028172,9,
SOL,RANGE_MEAN_REVERSION,SHORT,9125,9126,2025-04-06T01:15:00+00:00,2025-04-06T01:30:00+00:00,120.85,121.38090432951583,120.05364350572624,0.5309043295158347,1.5,2025-04-06T02:15:00+00:00,120.05364350572624,TP,1.5,0.5898892119471845,0.9101107880528155,3,
DOGE,RANGE_MEAN_REVERSION,LONG,9149,9150,2025-04-06T07:15:00+00:00,2025-04-06T07:30:00+00:00,0.16531,0.1646907348264476,0.16623889776032863,0.0006192651735524024,1.5,2025-04-06T08:00:00+00:00,0.1646907348264476,SL,-1.0,0.6927580842523833,-1.6927580842523833,2,
BTC,RANGE_MEAN_REVERSION,LONG,9153,9154,2025-04-06T08:15:00+00:00,2025-04-06T08:30:00+00:00,82743.9,82584.00579001546,82983.7413149768,159.89420998452988,1.5,2025-04-06T08:45:00+00:00,82983.7413149768,TP,1.5000000000000455,1.3474279883575189,0.15257201164252665,1,
LINK,RANGE_MEAN_REVERSION,LONG,9153,9154,2025-04-06T08:15:00+00:00,2025-04-06T08:30:00+00:00,12.561,12.502313606342236,12.649029590486645,0.05868639365776396,1.5,2025-04-06T08:45:00+00:00,12.649029590486645,TP,1.499999999999985,0.5584435577819307,0.9415564422180542,1,
XRP,RANGE_MEAN_REVERSION,LONG,9150,9151,2025-04-06T07:30:00+00:00,2025-04-06T07:45:00+00:00,2.0904,2.0787652550110187,2.1078521174834712,0.011634744988981094,1.5,2025-04-06T11:00:00+00:00,2.0787652550110187,SL,-1.0,0.4658387301696218,-1.4658387301696219,13,
XRP,RANGE_MEAN_REVERSION,LONG,9171,9172,2025-04-06T12:45:00+00:00,2025-04-06T13:00:00+00:00,2.0689,2.060060046851656,2.0821599297225166,0.008839953148344293,1.5,2025-04-06T13:15:00+00:00,2.060060046851656,SL,-1.0,0.6072032250433934,-1.6072032250433934,1,
DOGE,RANGE_MEAN_REVERSION,LONG,9172,9173,2025-04-06T13:00:00+00:00,2025-04-06T13:15:00+00:00,0.16273,0.16196798094771606,0.16387302857842595,0.0007620190522839576,1.5,2025-04-06T13:15:00+00:00,0.16196798094771606,SL,-1.0,0.5539328366749778,-1.5539328366749778,0,True
CRV,RANGE_MEAN_REVERSION,LONG,9172,9173,2025-04-06T13:00:00+00:00,2025-04-06T13:15:00+00:00,0.462,0.45884699784929933,0.46672950322605106,0.00315300215070069,1.5,2025-04-06T13:30:00+00:00,0.45884699784929933,SL,-1.0,0.3796702444170735,-1.3796702444170734,1,
BTC,RANGE_MEAN_REVERSION,LONG,9175,9176,2025-04-06T13:45:00+00:00,2025-04-06T14:00:00+00:00,82256.1,82035.52776269882,82586.95835595178,220.5722373011813,1.5,2025-04-06T14:00:00+00:00,82586.95835595178,TP,1.5,0.971545551175264,0.528454448824736,0,True
SOL,RANGE_MEAN_REVERSION,LONG,9175,9176,2025-04-06T13:45:00+00:00,2025-04-06T14:00:00+00:00,114.63,113.76426643327717,115.92860035008422,0.8657335667228239,1.5,2025-04-06T16:45:00+00:00,113.76426643327717,SL,-1.0,0.342960649530089,-1.342960649530089,11,
CRV,RANGE_MEAN_REVERSION,LONG,9189,9190,2025-04-06T17:15:00+00:00,2025-04-06T17:30:00+00:00,0.448,0.441808940402492,0.457286589396262,0.006191059597507986,1.5,2025-04-06T18:00:00+00:00,0.441808940402492,SL,-1.0,0.1868422689694108,-1.1868422689694107,2,
CRV,RANGE_MEAN_REVERSION,LONG,9380,9381,2025-04-08T17:00:00+00:00,2025-04-08T17:15:00+00:00,0.448,0.4413819337438273,0.45792709938425913,0.006618066256172728,1.5,2025-04-08T17:30:00+00:00,0.45792709938425913,TP,1.5000000000000042,0.17795307324115728,1.3220469267588468,1,
LINK,RANGE_MEAN_REVERSION,LONG,9567,9568,2025-04-10T15:45:00+00:00,2025-04-10T16:00:00+00:00,11.822,11.683897615998442,12.029153576002336,0.1381023840015576,1.5,2025-04-10T16:15:00+00:00,11.683897615998442,SL,-1.0,0.22126820707492875,-1.2212682070749288,1,
SOL,RANGE_MEAN_REVERSION,LONG,9567,9568,2025-04-10T15:45:00+00:00,2025-04-10T16:00:00+00:00,109.55,108.57871324857652,111.0069301271352,0.9712867514234773,1.5,2025-04-10T16:15:00+00:00,108.57871324857652,SL,-1.0,0.29195016487928516,-1.2919501648792853,1,
DOGE,RANGE_MEAN_REVERSION,LONG,9567,9568,2025-04-10T15:45:00+00:00,2025-04-10T16:00:00+00:00,0.14949,0.14807793279116474,0.15160810081325293,0.0014120672088352715,1.5,2025-04-10T16:45:00+00:00,0.15160810081325293,TP,1.5000000000000098,0.27720177099792126,1.2227982290020885,3,
UNI,RANGE_MEAN_REVERSION,SHORT,9624,9625,2025-04-11T06:00:00+00:00,2025-04-11T06:15:00+00:00,5.19,5.225619229786574,5.136571155320141,0.03561922978657339,1.5,2025-04-11T07:15:00+00:00,5.136571155320141,TP,1.4999999999999876,0.3768903084753546,1.123109691524633,4,
FET,RANGE_MEAN_REVERSION,SHORT,9638,9639,2025-04-11T09:30:00+00:00,2025-04-11T09:45:00+00:00,0.4388,0.44191091282633105,0.4341336307605035,0.003110912826331025,1.5,2025-04-11T10:00:00+00:00,0.44191091282633105,SL,-1.0,0.36803480219165796,-1.368034802191658,1,
BTC,RANGE_MEAN_REVERSION,SHORT,9638,9639,2025-04-11T09:30:00+00:00,2025-04-11T09:45:00+00:00,82173.5,82544.90691651698,81616.38962522453,371.4069165169785,1.5,2025-04-11T10:15:00+00:00,82544.90691651698,SL,-1.0,0.5765480379299375,-1.5765480379299375,2,
SUI,RANGE_MEAN_REVERSION,SHORT,9624,9625,2025-04-11T06:00:00+00:00,2025-04-11T06:15:00+00:00,2.1987,2.221337278899509,2.1647440816507366,0.02263727889950884,1.5,2025-04-11T10:30:00+00:00,2.221337278899509,SL,-1.0,0.2538312351090057,-1.2538312351090057,17,
AVAX,RANGE_MEAN_REVERSION,SHORT,9642,9643,2025-04-11T10:30:00+00:00,2025-04-11T10:45:00+00:00,18.912,19.057865486612858,18.693201770080712,0.14586548661285903,1.5,2025-04-11T12:30:00+00:00,19.057865486612858,SL,-1.0,0.33839961925746753,-1.3383996192574674,7,
SOL,RANGE_MEAN_REVERSION,SHORT,9654,9655,2025-04-11T13:30:00+00:00,2025-04-11T13:45:00+00:00,120.37,122.19530080164861,117.63204879752709,1.8253008016486092,1.5,2025-04-11T21:00:00+00:00,122.19530080164861,SL,-1.0,0.17275776724435402,-1.172757767244354,29,
FET,RANGE_MEAN_REVERSION,SHORT,9719,9720,2025-04-12T05:45:00+00:00,2025-04-12T06:00:00+00:00,0.4561,0.45969524947467266,0.450707125787991,0.003595249474672657,1.5,2025-04-12T06:00:00+00:00,0.45969524947467266,SL,-1.0,0.3311408103120496,-1.3311408103120497,0,True
ADA,RANGE_MEAN_REVERSION,SHORT,9720,9721,2025-04-12T06:00:00+00:00,2025-04-12T06:15:00+00:00,0.6313,0.6343927707016042,0.6266608439475937,0.003092770701604186,1.5,2025-04-12T06:45:00+00:00,0.6343927707016042,SL,-1.0,0.5320150637286606,-1.5320150637286605,2,
SOL,RANGE_MEAN_REVERSION,SHORT,9747,9748,2025-04-12T12:45:00+00:00,2025-04-12T13:00:00+00:00,126.31,127.02034092237295,125.24448861644058,0.71034092237295,1.5,2025-04-12T13:00:00+00:00,127.02034092237295,SL,-1.0,0.46362166788720804,-1.463621667887208,0,True
ETH,RANGE_MEAN_REVERSION,SHORT,9748,9749,2025-04-12T13:00:00+00:00,2025-04-12T13:15:00+00:00,1619.08,1630.4467069006478,1602.0299396490282,11.366706900647841,1.5,2025-04-12T13:30:00+00:00,1630.4467069006478,SL,-1.0,0.37164543397613914,-1.371645433976139,1,
UNI,RANGE_MEAN_REVERSION,SHORT,9750,9751,2025-04-12T13:30:00+00:00,2025-04-12T13:45:00+00:00,5.403,5.443679522731353,5.34198071590297,0.040679522731353224,1.5,2025-04-12T13:45:00+00:00,5.443679522731353,SL,-1.0,0.3466285352626037,-1.3466285352626037,0,True
BNB,RANGE_MEAN_REVERSION,SHORT,9751,9752,2025-04-12T13:45:00+00:00,2025-04-12T14:00:00+00:00,594.98,596.5161299966766,592.6758050049852,1.53612999667655,1.5,2025-04-12T14:00:00+00:00,596.5161299966766,SL,-1.0,1.0083423748946085,-2.0083423748946085,0,True
SUI,RANGE_MEAN_REVERSION,SHORT,9751,9752,2025-04-12T13:45:00+00:00,2025-04-12T14:00:00+00:00,2.2592,2.2791538819487727,2.2292691770768407,0.01995388194877279,1.5,2025-04-12T14:00:00+00:00,2.2791538819487727,SL,-1.0,0.2956747996044078,-1.2956747996044078,0,True
ADA,RANGE_MEAN_REVERSION,SHORT,9751,9752,2025-04-12T13:45:00+00:00,2025-04-12T14:00:00+00:00,0.6535,0.6604869201678795,0.6430196197481808,0.006986920167879496,1.5,2025-04-12T14:15:00+00:00,0.6604869201678795,SL,-1.0,0.2444829703466714,-1.2444829703466713,1,
BTC,RANGE_MEAN_REVERSION,SHORT,9751,9752,2025-04-12T13:45:00+00:00,2025-04-12T14:00:00+00:00,84413.0,84860.65610327499,83741.51584508752,447.6561032749887,1.5,2025-04-12T14:15:00+00:00,84860.65610327499,SL,-1.0,0.49157322177528856,-1.4915732217752886,1,
LINK,RANGE_MEAN_REVERSION,SHORT,9751,9752,2025-04-12T13:45:00+00:00,2025-04-12T14:00:00+00:00,13.05,13.152885176506503,12.895672235240248,0.10288517650650242,1.5,2025-04-12T14:15:00+00:00,13.152885176506503,SL,-1.0,0.331085117274456,-1.331085117274456,1,
SOL,RANGE_MEAN_REVERSION,SHORT,9751,9752,2025-04-12T13:45:00+00:00,2025-04-12T14:00:00+00:00,128.5,129.53484899739416,126.94772650390875,1.034848997394164,1.5,2025-04-12T14:15:00+00:00,129.53484899739416,SL,-1.0,0.32414903482661883,-1.3241490348266187,1,
DOGE,RANGE_MEAN_REVERSION,SHORT,9752,9753,2025-04-12T14:00:00+00:00,2025-04-12T14:15:00+00:00,0.16559,0.1669685851275679,0.1635221223086481,0.0013785851275679162,1.5,2025-04-12T14:30:00+00:00,0.1669685851275679,SL,-1.0,0.3136013525900595,-1.3136013525900596,1,
AVAX,RANGE_MEAN_REVERSION,SHORT,9754,9755,2025-04-12T14:30:00+00:00,2025-04-12T14:45:00+00:00,19.915,20.12717543030983,19.59673685453525,0.21217543030983066,1.5,2025-04-12T15:15:00+00:00,20.12717543030983,SL,-1.0,0.24533862371995355,-1.2453386237199535,2,
FET,RANGE_MEAN_REVERSION,SHORT,9754,9755,2025-04-12T14:30:00+00:00,2025-04-12T14:45:00+00:00,0.4769,0.4840856375460918,0.4661215436808623,0.007185637546091805,1.5,2025-04-12T15:15:00+00:00,0.4840856375460918,SL,-1.0,0.17385810525461176,-1.1738581052546118,2,
ETH,RANGE_MEAN_REVERSION,SHORT,9753,9754,2025-04-12T14:15:00+00:00,2025-04-12T14:30:00+00:00,1656.36,1677.918528308075,1624.022207537887,21.55852830807521,1.5,2025-04-13T01:45:00+00:00,1624.022207537887,TP,1.5000000000000053,0.19781020340808206,1.3021897965919234,45,
UNI,RANGE_MEAN_REVERSION,SHORT,9754,9755,2025-04-12T14:30:00+00:00,2025-04-12T14:45:00+00:00,5.531,5.586732896416342,5.447400655375487,0.05573289641634194,1.5,2025-04-13T01:45:00+00:00,5.447400655375487,TP,1.499999999999992,0.25607714240028867,1.2439228575997032,44,
BTC,RANGE_MEAN_REVERSION,LONG,9847,9848,2025-04-13T13:45:00+00:00,2025-04-13T14:00:00+00:00,83576.9,83264.8494358818,84044.97584617729,312.0505641181953,1.5,2025-04-13T14:30:00+00:00,84044.97584617729,TP,1.5,0.698311311231898,0.801688688768102,2,
AVAX,RANGE_MEAN_REVERSION,LONG,9847,9848,2025-04-13T13:45:00+00:00,2025-04-13T14:00:00+00:00,19.581,19.414983670239003,19.830024494641492,0.16601632976099623,1.5,2025-04-13T16:15:00+00:00,19.830024494641492,TP,1.4999999999999893,0.30861019465249556,1.1913898053474938,9,
SUI,RANGE_MEAN_REVERSION,LONG,9852,9853,2025-04-13T15:00:00+00:00,2025-04-13T15:15:00+00:00,2.258,2.2324392299973046,2.2963411550040433,0.02556077000269541,1.5,2025-04-13T17:15:00+00:00,2.2963411550040433,TP,1.5000000000000087,0.2316300917727016,1.268369908227307,8,
AVAX,RANGE_MEAN_REVERSION,SHORT,9863,9864,2025-04-13T17:45:00+00:00,2025-04-13T18:00:00+00:00,20.358,20.559260914950965,20.056108627573554,0.20126091495096432,1.5,2025-04-13T19:00:00+00:00,20.056108627573554,TP,1.5,0.2610459225460948,1.2389540774539052,4,
ETH,RANGE_MEAN_REVERSION,SHORT,9931,9932,2025-04-14T10:45:00+00:00,2025-04-14T11:00:00+00:00,1678.4,1691.7920450772879,1658.3119323840683,13.392045077287776,1.5,2025-04-14T13:30:00+00:00,1658.3119323840683,TP,1.5000000000000084,0.3239031445209104,1.176096855479098,10,
ADA,RANGE_MEAN_REVERSION,LONG,10047,10048,2025-04-15T15:45:00+00:00,2025-04-15T16:00:00+00:00,0.6229,0.6152493472916046,0.6343759790625931,0.007650652708395378,1.5,2025-04-15T18:15:00+00:00,0.6152493472916046,SL,-1.0,0.21038651378238774,-1.2103865137823877,9,
ADA,RANGE_MEAN_REVERSION,LONG,10074,10075,2025-04-15T22:30:00+00:00,2025-04-15T22:45:00+00:00,0.6115,0.6084884595015995,0.6160173107476009,0.003011540498400578,1.5,2025-04-15T22:45:00+00:00,0.6084884595015995,SL,-1.0,0.5266357859688064,-1.5266357859688064,0,True
BNB,RANGE_MEAN_REVERSION,LONG,10078,10079,2025-04-15T23:30:00+00:00,2025-04-15T23:45:00+00:00,579.49,578.2210500751355,581.3934248872968,1.2689499248645006,1.5,2025-04-16T00:00:00+00:00,578.2210500751355,SL,-1.0,1.1860392089612077,-2.1860392089612075,1,
ADA,RANGE_MEAN_REVERSION,LONG,10078,10079,2025-04-15T23:30:00+00:00,2025-04-15T23:45:00+00:00,0.6079,0.6047059811491353,0.612691028276297,0.003194018850864677,1.5,2025-04-16T00:15:00+00:00,0.6047059811491353,SL,-1.0,0.49354366680306844,-1.4935436668030684,2,
FET,RANGE_MEAN_REVERSION,SHORT,10200,10201,2025-04-17T06:00:00+00:00,2025-04-17T06:15:00+00:00,0.4719,0.475189675166561,0.4669654872501584,0.0032896751665610346,1.5,2025-04-17T06:15:00+00:00,0.475189675166561,SL,-1.0,0.3742669155397553,-1.3742669155397553,0,True
AVAX,RANGE_MEAN_REVERSION,SHORT,10200,10201,2025-04-17T06:00:00+00:00,2025-04-17T06:15:00+00:00,19.339,19.490585782460347,19.111621326309475,0.15158578246034793,1.5,2025-04-17T07:15:00+00:00,19.490585782460347,SL,-1.0,0.3330026121044874,-1.3330026121044873,4,
SOL,RANGE_MEAN_REVERSION,SHORT,10201,10202,2025-04-17T06:15:00+00:00,2025-04-17T06:30:00+00:00,134.34,135.62271878786325,132.41592181820513,1.2827187878632458,1.5,2025-04-17T11:00:00+00:00,132.41592181820513,TP,1.5,0.2703497459028706,1.2296502540971295,18,
BNB,RANGE_MEAN_REVERSION,SHORT,10240,10241,2025-04-17T16:00:00+00:00,2025-04-17T16:15:00+00:00,591.36,592.9199314874423,589.0201027688365,1.5599314874423271,1.5,2025-04-17T18:00:00+00:00,592.9199314874423,SL,-1.0,0.9869432877837175,-1.9869432877837174,7,
CRV,RANGE_MEAN_REVERSION,SHORT,10322,10323,2025-04-18T12:30:00+00:00,2025-04-18T12:45:00+00:00,0.605,0.6102512432269771,0.5971231351595343,0.00525124322697712,1.5,2025-04-18T13:45:00+00:00,0.5971231351595343,TP,1.5,0.29759811308664097,1.202401886913359,4,
BNB,RANGE_MEAN_REVERSION,SHORT,10336,10337,2025-04-18T16:00:00+00:00,2025-04-18T16:15:00+00:00,594.62,595.6473787386117,593.0789318920824,1.0273787386116737,1.5,2025-04-18T19:15:00+00:00,593.0789318920824,TP,1.5000000000000553,1.5028621417123835,-0.0028621417123282367,12,
DOGE,RANGE_MEAN_REVERSION,SHORT,10345,10346,2025-04-18T18:15:00+00:00,2025-04-18T18:30:00+00:00,0.15838,0.1591996147369934,0.15715057789450987,0.000819614736993407,1.5,2025-04-19T00:00:00+00:00,0.15715057789450987,TP,1.5000000000000169,0.5004665396422251,0.9995334603577918,22,
SOL,RANGE_MEAN_REVERSION,SHORT,10376,10377,2025-04-19T02:00:00+00:00,2025-04-19T02:15:00+00:00,137.17,138.77422223417042,134.76366664874433,1.604222234170436,1.5,2025-04-19T03:30:00+00:00,138.77422223417042,SL,-1.0,0.22361458485203214,-1.2236145848520321,5,
UNI,RANGE_MEAN_REVERSION,SHORT,10380,10381,2025-04-19T03:00:00+00:00,2025-04-19T03:15:00+00:00,5.244,5.268315125808612,5.207527311287082,0.02431512580861206,1.5,2025-04-19T03:30:00+00:00,5.268315125808612,SL,-1.0,0.5620373824556111,-1.562037382455611,1,
BTC,RANGE_MEAN_REVERSION,SHORT,10386,10387,2025-04-19T04:30:00+00:00,2025-04-19T04:45:00+00:00,85188.1,85326.68750359247,84980.21874461131,138.58750359246915,1.5,2025-04-19T04:45:00+00:00,84980.21874461131,TP,1.4999999999999476,1.5962392613587404,-0.0962392613587928,0,True
FET,RANGE_MEAN_REVERSION,SHORT,10399,10400,2025-04-19T07:45:00+00:00,2025-04-19T08:00:00+00:00,0.5245,0.5284367062453431,0.5185949406319852,0.003936706245343147,1.5,2025-04-19T08:00:00+00:00,0.5284367062453431,SL,-1.0,0.3477063394654258,-1.3477063394654258,0,True
CRV,RANGE_MEAN_REVERSION,SHORT,10398,10399,2025-04-19T07:30:00+00:00,2025-04-19T07:45:00+00:00,0.623,0.6282875108152957,0.6150687337770565,0.00528751081529566,1.5,2025-04-19T08:15:00+00:00,0.6150687337770565,TP,1.5,0.304394527053119,1.195605472946881,2,
AVAX,RANGE_MEAN_REVERSION,SHORT,10398,10399,2025-04-19T07:30:00+00:00,2025-04-19T07:45:00+00:00,19.501,19.595832425364424,19.358751361953367,0.09483242536442305,1.5,2025-04-19T09:00:00+00:00,19.595832425364424,SL,-1.0,0.5359546796115308,-1.5359546796115309,5,
UNI,RANGE_MEAN_REVERSION,SHORT,10404,10405,2025-04-19T09:00:00+00:00,2025-04-19T09:15:00+00:00,5.296,5.321148811965986,5.258276782051022,0.02514881196598573,1.5,2025-04-19T09:45:00+00:00,5.258276782051022,TP,1.5,0.5455748699073205,0.9544251300926795,2,
FET,RANGE_MEAN_REVERSION,SHORT,10418,10419,2025-04-19T12:30:00+00:00,2025-04-19T12:45:00+00:00,0.5403,0.5460428565399058,0.5316857151901413,0.005742856539905805,1.5,2025-04-19T12:45:00+00:00,0.5460428565399058,SL,-1.0,0.2459134585181613,-1.2459134585181613,0,True
BNB,RANGE_MEAN_REVERSION,LONG,10417,10418,2025-04-19T12:15:00+00:00,2025-04-19T12:30:00+00:00,588.33,587.0515070405978,590.2477394391034,1.2784929594022287,1.5,2025-04-19T15:15:00+00:00,590.2477394391034,TP,1.5,1.198403988072962,0.301596011927038,11,
ETH,RANGE_MEAN_REVERSION,SHORT,10429,10430,2025-04-19T15:15:00+00:00,2025-04-19T15:30:00+00:00,1610.11,1614.5466921426105,1603.454961786084,4.436692142610582,1.5,2025-04-19T15:30:00+00:00,1603.454961786084,TP,1.5000000000000255,0.9416101717311759,0.5583898282688496,0,True
ADA,RANGE_MEAN_REVERSION,LONG,10434,10435,2025-04-19T16:30:00+00:00,2025-04-19T16:45:00+00:00,0.6207,0.6188573803422488,0.6234639294866269,0.0018426196577512322,1.5,2025-04-19T16:45:00+00:00,0.6188573803422488,SL,-1.0,0.8745291453210352,-1.874529145321035,0,True
DOGE,RANGE_MEAN_REVERSION,LONG,10435,10436,2025-04-19T16:45:00+00:00,2025-04-19T17:00:00+00:00,0.1565,0.1558034871314983,0.15754476930275255,0.0006965128685016975,1.5,2025-04-19T17:30:00+00:00,0.15754476930275255,TP,1.5,0.5861459544484833,0.9138540455515167,2,
AVAX,RANGE_MEAN_REVERSION,SHORT,10438,10439,2025-04-19T17:30:00+00:00,2025-04-19T17:45:00+00:00,19.881,20.049114638202983,19.628828042695524,0.168114638202983,1.5,2025-04-19T18:00:00+00:00,20.049114638202983,SL,-1.0,0.3087723328826865,-1.3087723328826866,1,
LINK,RANGE_MEAN_REVERSION,SHORT,10440,10441,2025-04-19T18:00:00+00:00,2025-04-19T18:15:00+00:00,12.96,13.040273250064374,12.839590124903442,0.0802732500643728,1.5,2025-04-19T22:30:00+00:00,13.040273250064374,SL,-1.0,0.42106623561371287,-1.421066235613713,17,
BNB,RANGE_MEAN_REVERSION,SHORT,10458,10459,2025-04-19T22:30:00+00:00,2025-04-19T22:45:00+00:00,593.32,594.0198449413083,592.2702325880377,0.6998449413082426,1.5,2025-04-19T23:15:00+00:00,592.2702325880377,TP,1.4999999999999187,2.2022982683611443,-0.7022982683612256,2,
BTC,RANGE_MEAN_REVERSION,LONG,10492,10493,2025-04-20T07:00:00+00:00,2025-04-20T07:15:00+00:00,84834.9,84646.73663876162,85117.14504185756,188.1633612383739,1.5,2025-04-20T08:15:00+00:00,84646.73663876162,SL,-1.0,1.1709300162387668,-2.170930016238767,4,
XRP,RANGE_MEAN_REVERSION,LONG,10493,10494,2025-04-20T07:15:00+00:00,2025-04-20T07:30:00+00:00,2.0636,2.0580856211452216,2.071871568282168,0.005514378854778457,1.5,2025-04-20T08:45:00+00:00,2.0580856211452216,SL,-1.0,0.971676311801768,-1.971676311801768,5,
UNI,RANGE_MEAN_REVERSION,LONG,10494,10495,2025-04-20T07:30:00+00:00,2025-04-20T07:45:00+00:00,5.265,5.235134016659243,5.309798975011134,0.029865983340756408,1.5,2025-04-20T08:45:00+00:00,5.235134016659243,SL,-1.0,0.4570475402036871,-1.457047540203687,4,
ADA,RANGE_MEAN_REVERSION,LONG,10493,10494,2025-04-20T07:15:00+00:00,2025-04-20T07:30:00+00:00,0.6233,0.6210132655621344,0.6267301016567983,0.002286734437865534,1.5,2025-04-20T09:30:00+00:00,0.6210132655621344,SL,-1.0,0.7073874510503587,-1.7073874510503586,8,
AVAX,RANGE_MEAN_REVERSION,LONG,10494,10495,2025-04-20T07:30:00+00:00,2025-04-20T07:45:00+00:00,19.619,19.450741076052218,19.871388385921673,0.16825892394778208,1.5,2025-04-20T10:30:00+00:00,19.450741076052218,SL,-1.0,0.30186014629827534,-1.3018601462982753,11,
BTC,RANGE_MEAN_REVERSION,LONG,10506,10507,2025-04-20T10:30:00+00:00,2025-04-20T10:45:00+00:00,84199.7,84040.72147300477,84438.16779049284,158.97852699522628,1.5,2025-04-20T10:45:00+00:00,84040.72147300477,SL,-1.0,1.3757364094930482,-2.375736409493048,0,True
XRP,RANGE_MEAN_REVERSION,LONG,10507,10508,2025-04-20T10:45:00+00:00,2025-04-20T11:00:00+00:00,2.0459,2.03411450316559,2.063578245251615,0.011785496834410214,1.5,2025-04-20T19:30:00+00:00,2.063578245251615,TP,1.4999999999999811,0.45329626691927644,1.0467037330807047,34,
ETH,RANGE_MEAN_REVERSION,SHORT,10545,10546,2025-04-20T20:15:00+00:00,2025-04-20T20:30:00+00:00,1592.85,1602.9562081427023,1577.6906877859465,10.106208142702371,1.5,2025-04-20T22:15:00+00:00,1577.6906877859465,TP,1.4999999999999887,0.40783871021872686,1.0921612897812618,7,
AVAX,RANGE_MEAN_REVERSION,LONG,10652,10653,2025-04-21T23:00:00+00:00,2025-04-21T23:15:00+00:00,19.753,19.632351431717602,19.933972852423597,0.12064856828239812,1.5,2025-04-21T23:45:00+00:00,19.933972852423597,TP,1.5,0.4276309735179658,1.0723690264820342,2,
DOGE,RANGE_MEAN_REVERSION,SHORT,10686,10687,2025-04-22T07:30:00+00:00,2025-04-22T07:45:00+00:00,0.16399,0.1653445920072201,0.16195811198916985,0.0013545920072201012,1.5,2025-04-22T13:00:00+00:00,0.1653445920072201,SL,-1.0,0.3160619340195328,-1.3160619340195328,21,
ETH,RANGE_MEAN_REVERSION,SHORT,10708,10709,2025-04-22T13:00:00+00:00,2025-04-22T13:15:00+00:00,1639.13,1646.506814943292,1628.064777585062,7.376814943291947,1.5,2025-04-22T13:30:00+00:00,1646.506814943292,SL,-1.0,0.5790206060828977,-1.5790206060828977,1,
SOL,RANGE_MEAN_REVERSION,SHORT,10709,10710,2025-04-22T13:15:00+00:00,2025-04-22T13:30:00+00:00,142.11,143.48624451738772,140.04563322391846,1.376244517387704,1.5,2025-04-22T13:45:00+00:00,143.48624451738772,SL,-1.0,0.269774094052221,-1.269774094052221,1,
UNI,RANGE_MEAN_REVERSION,SHORT,10742,10743,2025-04-22T21:30:00+00:00,2025-04-22T21:45:00+00:00,5.7,5.7520150810062285,5.621977378490658,0.052015081006228314,1.5,2025-04-22T21:45:00+00:00,5.7520150810062285,SL,-1.0,0.28621736844984336,-1.2862173684498432,0,True
DOGE,RANGE_MEAN_REVERSION,LONG,10882,10883,2025-04-24T08:30:00+00:00,2025-04-24T08:45:00+00:00,0.17058,0.16926852092856537,0.17254721860715197,0.0013114790714346403,1.5,2025-04-24T09:15:00+00:00,0.17254721860715197,TP,1.5,0.34012390582896773,1.1598760941710322,2,
ETH,RANGE_MEAN_REVERSION,LONG,10882,10883,2025-04-24T08:30:00+00:00,2025-04-24T08:45:00+00:00,1730.41,1714.410071440881,1754.4098928386788,15.999928559119098,1.5,2025-04-24T11:45:00+00:00,1754.4098928386788,TP,1.500000000000007,0.2831428805416931,1.216857119458314,12,
UNI,RANGE_MEAN_REVERSION,LONG,10883,10884,2025-04-24T08:45:00+00:00,2025-04-24T09:00:00+00:00,5.671,5.615175973115318,5.754736040327024,0.055824026884682354,1.5,2025-04-24T11:45:00+00:00,5.754736040327024,TP,1.5,0.2660764133534909,1.233923586646509,11,
DOGE,RANGE_MEAN_REVERSION,SHORT,10906,10907,2025-04-24T14:30:00+00:00,2025-04-24T14:45:00+00:00,0.17692,0.17826692000372787,0.17489961999440817,0.0013469200037278806,1.5,2025-04-24T14:45:00+00:00,0.17826692000372787,SL,-1.0,0.3428139716738015,-1.3428139716738015,0,True
UNI,RANGE_MEAN_REVERSION,SHORT,10908,10909,2025-04-24T15:00:00+00:00,2025-04-24T15:15:00+00:00,5.901,5.954066764177625,5.821399853733562,0.05306676417762546,1.5,2025-04-24T17:00:00+00:00,5.821399853733562,TP,1.5,0.28716881547262124,1.2128311845273787,7,
XRP,RANGE_MEAN_REVERSION,SHORT,11066,11067,2025-04-26T06:30:00+00:00,2025-04-26T06:45:00+00:00,2.2178,2.2388336198597227,2.186249570210416,0.02103361985972274,1.5,2025-04-26T07:30:00+00:00,2.2388336198597227,SL,-1.0,0.27544586925391024,-1.2754458692539101,3,
ETH,RANGE_MEAN_REVERSION,SHORT,11073,11074,2025-04-26T08:15:00+00:00,2025-04-26T08:30:00+00:00,1827.67,1847.0585988242517,1798.5871017636227,19.38859882425163,1.5,2025-04-26T09:00:00+00:00,1798.5871017636227,TP,1.4999999999999942,0.24313950043652358,1.2568604995634707,2,
CRV,RANGE_MEAN_REVERSION,SHORT,11138,11139,2025-04-27T00:30:00+00:00,2025-04-27T00:45:00+00:00,0.687,0.6957437098616093,0.6738844352075862,0.008743709861609217,1.5,2025-04-27T01:15:00+00:00,0.6738844352075862,TP,1.5,0.2023339970986026,1.2976660029013973,2,
AVAX,RANGE_MEAN_REVERSION,SHORT,11139,11140,2025-04-27T00:45:00+00:00,2025-04-27T01:00:00+00:00,22.723,22.81826608615999,22.580100870760013,0.09526608615999166,1.5,2025-04-27T01:15:00+00:00,22.580100870760013,TP,1.4999999999999813,0.6182056333570823,0.881794366642899,1,
UNI,RANGE_MEAN_REVERSION,SHORT,11139,11140,2025-04-27T00:45:00+00:00,2025-04-27T01:00:00+00:00,5.969,6.0215462089975755,5.890180686503637,0.05254620899757523,1.5,2025-04-27T01:15:00+00:00,5.890180686503637,TP,1.5000000000000084,0.2933976624872434,1.206602337512765,1,
ETH,RANGE_MEAN_REVERSION,SHORT,11140,11141,2025-04-27T01:00:00+00:00,2025-04-27T01:15:00+00:00,1849.91,1862.6593456049227,1830.7859815926163,12.74934560492261,1.5,2025-04-27T01:15:00+00:00,1830.7859815926163,TP,1.4999999999999911,0.3753059117185526,1.1246940882814385,0,True
BNB,RANGE_MEAN_REVERSION,LONG,11142,11143,2025-04-27T01:30:00+00:00,2025-04-27T01:45:00+00:00,602.87,600.4035859997657,606.5696210003514,2.4664140002342947,1.5,2025-04-27T01:45:00+00:00,600.4035859997657,SL,-1.0,0.6342226656397103,-1.6342226656397103,0,True
XRP,RANGE_MEAN_REVERSION,LONG,11143,11144,2025-04-27T01:45:00+00:00,2025-04-27T02:00:00+00:00,2.1606,2.1490958965960774,2.177856155105884,0.011504103403922716,1.5,2025-04-27T03:15:00+00:00,2.177856155105884,TP,1.4999999999999807,0.49025924086482936,1.0097407591351513,5,
AVAX,RANGE_MEAN_REVERSION,LONG,11232,11233,2025-04-28T00:00:00+00:00,2025-04-28T00:15:00+00:00,21.438,21.246765622537808,21.724851566193287,0.19123437746219096,1.5,2025-04-28T01:30:00+00:00,21.246765622537808,SL,-1.0,0.2901685149170951,-1.2901685149170952,5,
FET,RANGE_MEAN_REVERSION,LONG,11412,11413,2025-04-29T21:00:00+00:00,2025-04-29T21:15:00+00:00,0.6959,0.6884491348545692,0.7070762977181462,0.007450865145430807,1.5,2025-04-29T23:00:00+00:00,0.6884491348545692,SL,-1.0,0.24153622971079614,-1.2415362297107961,7,
ADA,RANGE_MEAN_REVERSION,LONG,11413,11414,2025-04-29T21:15:00+00:00,2025-04-29T21:30:00+00:00,0.6971,0.6901089420337433,0.7075865869493851,0.006991057966256764,1.5,2025-04-29T23:00:00+00:00,0.6901089420337433,SL,-1.0,0.2579540369065841,-1.257954036906584,6,
AVAX,RANGE_MEAN_REVERSION,LONG,11413,11414,2025-04-29T21:15:00+00:00,2025-04-29T21:30:00+00:00,21.539,21.361114018615265,21.80582897207711,0.17788598138473688,1.5,2025-04-29T23:00:00+00:00,21.361114018615265,SL,-1.0,0.31351626356423545,-1.3135162635642355,6,
DOGE,RANGE_MEAN_REVERSION,LONG,11413,11414,2025-04-29T21:15:00+00:00,2025-04-29T21:30:00+00:00,0.17508,0.17372359066511756,0.1771146140023237,0.001356409334882458,1.5,2025-04-29T23:00:00+00:00,0.17372359066511756,SL,-1.0,0.334297808341128,-1.334297808341128,6,
ETH,RANGE_MEAN_REVERSION,LONG,11413,11414,2025-04-29T21:15:00+00:00,2025-04-29T21:30:00+00:00,1795.25,1782.8885297226586,1813.7922054160122,12.361470277341368,1.5,2025-04-29T23:00:00+00:00,1782.8885297226586,SL,-1.0,0.3762966689460739,-1.3762966689460738,6,
CRV,RANGE_MEAN_REVERSION,LONG,11421,11422,2025-04-29T23:15:00+00:00,2025-04-29T23:30:00+00:00,0.642,0.6361473413322491,0.6507789880016264,0.005852658667750865,1.5,2025-04-30T00:00:00+00:00,0.6507789880016264,TP,1.5000000000000095,0.28715371591078315,1.2128462840892265,2,
ADA,RANGE_MEAN_REVERSION,LONG,11475,11476,2025-04-30T12:45:00+00:00,2025-04-30T13:00:00+00:00,0.6865,0.6798391658215713,0.696491251267643,0.006660834178428665,1.5,2025-04-30T13:00:00+00:00,0.6798391658215713,SL,-1.0,0.2666694392904208,-1.2666694392904208,0,True
AVAX,RANGE_MEAN_REVERSION,LONG,11475,11476,2025-04-30T12:45:00+00:00,2025-04-30T13:00:00+00:00,21.191,20.942907698933432,21.563138451599848,0.248092301066567,1.5,2025-04-30T13:00:00+00:00,20.942907698933432,SL,-1.0,0.22078105516832108,-1.2207810551683211,0,True
ETH,RANGE_MEAN_REVERSION,LONG,11475,11476,2025-04-30T12:45:00+00:00,2025-04-30T13:00:00+00:00,1774.28,1760.6462797633747,1794.730580354938,13.633720236625322,1.5,2025-04-30T13:00:00+00:00,1760.6462797633747,SL,-1.0,0.33706164450605314,-1.3370616445060532,0,True
LINK,RANGE_MEAN_REVERSION,LONG,11475,11476,2025-04-30T12:45:00+00:00,2025-04-30T13:00:00+00:00,14.297,14.168391464742017,14.489912802886977,0.12860853525798355,1.5,2025-04-30T13:00:00+00:00,14.168391464742017,SL,-1.0,0.28773369380138003,-1.2877336938013801,0,True
SOL,RANGE_MEAN_REVERSION,LONG,11475,11476,2025-04-30T12:45:00+00:00,2025-04-30T13:00:00+00:00,144.7,143.72451419777335,146.16322870333994,0.9754858022266433,1.5,2025-04-30T13:00:00+00:00,143.72451419777335,SL,-1.0,0.3843745009934952,-1.3843745009934951,0,True
BTC,RANGE_MEAN_REVERSION,SHORT,11558,11559,2025-05-01T09:30:00+00:00,2025-05-01T09:45:00+00:00,95386.0,95565.47132407442,95116.79301388838,179.47132407441677,1.5,2025-05-01T09:45:00+00:00,95565.47132407442,SL,-1.0,1.3831564123211502,-2.38315641232115,0,True
ETH,RANGE_MEAN_REVERSION,SHORT,11562,11563,2025-05-01T10:30:00+00:00,2025-05-01T10:45:00+00:00,1838.57,1855.8534159405524,1812.6448760891712,17.28341594055246,1.5,2025-05-01T11:00:00+00:00,1855.8534159405524,SL,-1.0,0.27788201459955136,-1.2778820145995513,1,
BTC,RANGE_MEAN_REVERSION,SHORT,11562,11563,2025-05-01T10:30:00+00:00,2025-05-01T10:45:00+00:00,96092.8,96494.41200637468,95490.38199043798,401.61200637467846,1.5,2025-05-01T13:15:00+00:00,96494.41200637468,SL,-1.0,0.6233961426310396,-1.6233961426310395,10,
SUI,RANGE_MEAN_REVERSION,LONG,11614,11615,2025-05-01T23:30:00+00:00,2025-05-01T23:45:00+00:00,3.5319,3.505401984114241,3.5716470238286377,0.02649801588575862,1.5,2025-05-02T01:00:00+00:00,3.5716470238286377,TP,1.5,0.3485019848576805,1.1514980151423195,5,
XRP,RANGE_MEAN_REVERSION,LONG,11646,11647,2025-05-02T07:30:00+00:00,2025-05-02T07:45:00+00:00,2.1954,2.186985906935252,2.208021139597121,0.008414093064747608,1.5,2025-05-02T08:15:00+00:00,2.208021139597121,TP,1.4999999999999736,0.680340404773972,0.8196595952260016,2,
SUI,RANGE_MEAN_REVERSION,LONG,11647,11648,2025-05-02T07:45:00+00:00,2025-05-02T08:00:00+00:00,3.4255,3.395153172966777,3.4710202405498345,0.030346827033223,1.5,2025-05-02T08:30:00+00:00,3.4710202405498345,TP,1.5,0.2954337302842103,1.2045662697157897,2,
ETH,RANGE_MEAN_REVERSION,LONG,11646,11647,2025-05-02T07:30:00+00:00,2025-05-02T07:45:00+00:00,1818.04,1810.6248952336216,1829.1626571495676,7.415104766378363,1.5,2025-05-02T10:30:00+00:00,1829.1626571495676,TP,1.5000000000000153,0.6394196176152186,0.8605803823847967,11,
FET,RANGE_MEAN_REVERSION,LONG,11744,11745,2025-05-03T08:00:00+00:00,2025-05-03T08:15:00+00:00,0.695,0.6882771955519561,0.7050842066720657,0.006722804448043851,1.5,2025-05-03T10:00:00+00:00,0.6882771955519561,SL,-1.0,0.26748663717874266,-1.2674866371787425,7,
AVAX,RANGE_MEAN_REVERSION,LONG,11756,11757,2025-05-03T11:00:00+00:00,2025-05-03T11:15:00+00:00,20.678,20.550138567147034,20.86979214927945,0.12786143285296703,1.5,2025-05-03T13:15:00+00:00,20.86979214927945,TP,1.5,0.42242706490059434,1.0775729350994057,8,
ADA,RANGE_MEAN_REVERSION,SHORT,11768,11769,2025-05-03T14:00:00+00:00,2025-05-03T14:15:00+00:00,0.7119,0.7149195163613151,0.7073707254580273,0.0030195163613151443,1.5,2025-05-03T14:30:00+00:00,0.7149195163613151,SL,-1.0,0.6142922075314825,-1.6142922075314825,1,
AVAX,RANGE_MEAN_REVERSION,LONG,11782,11783,2025-05-03T17:30:00+00:00,2025-05-03T17:45:00+00:00,20.576,20.400313129807873,20.839530305288193,0.17568687019212703,1.5,2025-05-03T19:30:00+00:00,20.839530305288193,TP,1.5000000000000102,0.3064553961146686,1.1935446038853417,7,
SOL,RANGE_MEAN_REVERSION,LONG,11780,11781,2025-05-03T17:00:00+00:00,2025-05-03T17:15:00+00:00,146.37,145.68040109378796,147.40439835931807,0.6895989062120407,1.5,2025-05-03T19:45:00+00:00,147.40439835931807,TP,1.5,0.5538099240396465,0.9461900759603535,10,
LINK,RANGE_MEAN_REVERSION,LONG,11782,11783,2025-05-03T17:30:00+00:00,2025-05-03T17:45:00+00:00,14.205,14.103986596745454,14.35652010488182,0.10101340325454622,1.5,2025-05-03T19:45:00+00:00,14.35652010488182,TP,1.5000000000000089,0.36757474691533365,1.1324252530846752,8,
DOGE,RANGE_MEAN_REVERSION,LONG,11781,11782,2025-05-03T17:15:00+00:00,2025-05-03T17:30:00+00:00,0.17605,0.17474199641623328,0.1780120053756501,0.0013080035837667314,1.5,2025-05-04T00:45:00+00:00,0.17474199641623328,SL,-1.0,0.34864552437069724,-1.3486455243706972,29,
BTC,RANGE_MEAN_REVERSION,LONG,11807,11808,2025-05-03T23:45:00+00:00,2025-05-04T00:00:00+00:00,95803.3,95615.46229731063,96085.05655403406,187.83770268937224,1.5,2025-05-04T01:30:00+00:00,95615.46229731063,SL,-1.0,1.32478404188119,-2.3247840418811903,6,
BNB,RANGE_MEAN_REVERSION,LONG,11844,11845,2025-05-04T09:00:00+00:00,2025-05-04T09:15:00+00:00,593.64,592.4274512868787,595.4588230696818,1.2125487131212367,1.5,2025-05-04T10:00:00+00:00,592.4274512868787,SL,-1.0,1.271608859906296,-2.271608859906296,3,
FET,RANGE_MEAN_REVERSION,LONG,11780,11781,2025-05-03T17:00:00+00:00,2025-05-03T17:15:00+00:00,0.6797,0.6683990212989318,0.6966514680516023,0.011300978701068165,1.5,2025-05-04T15:45:00+00:00,0.6683990212989318,SL,-1.0,0.1550776064663287,-1.1550776064663286,90,
ADA,RANGE_MEAN_REVERSION,LONG,11947,11948,2025-05-05T10:45:00+00:00,2025-05-05T11:00:00+00:00,0.6709,0.6663532527846748,0.6777201208229879,0.00454674721532522,1.5,2025-05-05T11:15:00+00:00,0.6663532527846748,SL,-1.0,0.3823456960089063,-1.3823456960089062,1,
FET,RANGE_MEAN_REVERSION,LONG,12033,12034,2025-05-06T08:15:00+00:00,2025-05-06T08:30:00+00:00,0.6486,0.6419263815828529,0.6586104276257205,0.006673618417147087,1.5,2025-05-06T08:45:00+00:00,0.6586104276257205,TP,1.4999999999999918,0.25464050380032127,1.2453594961996706,1,
CRV,RANGE_MEAN_REVERSION,LONG,12033,12034,2025-05-06T08:15:00+00:00,2025-05-06T08:30:00+00:00,0.66,0.6524355189255296,0.6713467216117056,0.007564481074470386,1.5,2025-05-06T10:15:00+00:00,0.6524355189255296,SL,-1.0,0.2255496653116609,-1.2255496653116609,7,
ADA,RANGE_MEAN_REVERSION,LONG,12149,12150,2025-05-07T13:15:00+00:00,2025-05-07T13:30:00+00:00,0.6705,0.6677185010455068,0.6746722484317398,0.0027814989544932,1.5,2025-05-07T13:30:00+00:00,0.6746722484317398,TP,1.5,0.628698393050407,0.871301606949593,0,True
FET,RANGE_MEAN_REVERSION,LONG,12161,12162,2025-05-07T16:15:00+00:00,2025-05-07T16:30:00+00:00,0.6586,0.651747783185282,0.6688783252220769,0.006852216814717926,1.5,2025-05-07T18:00:00+00:00,0.6688783252220769,TP,1.500000000000008,0.25184868918362446,1.2481513108163835,6,
SUI,RANGE_MEAN_REVERSION,LONG,12162,12163,2025-05-07T16:30:00+00:00,2025-05-07T16:45:00+00:00,3.2611,3.2327307719963945,3.3036538420054082,0.028369228003605418,1.5,2025-05-07T18:00:00+00:00,3.2327307719963945,SL,-1.0,0.29757524605612923,-1.2975752460561292,5,
ETH,RANGE_MEAN_REVERSION,LONG,12167,12168,2025-05-07T17:45:00+00:00,2025-05-07T18:00:00+00:00,1795.27,1782.3999668663046,1814.575049700543,12.870033133695415,1.5,2025-05-07T18:30:00+00:00,1814.575049700543,TP,1.5,0.3646298743648414,1.1353701256351587,2,
FET,RANGE_MEAN_REVERSION,SHORT,12197,12198,2025-05-08T01:15:00+00:00,2025-05-08T01:30:00+00:00,0.701,0.7093091738944585,0.6885362391583122,0.00830917389445851,1.5,2025-05-08T02:30:00+00:00,0.7093091738944585,SL,-1.0,0.22064791871614506,-1.220647918716145,4,
ADA,RANGE_MEAN_REVERSION,SHORT,12203,12204,2025-05-08T02:45:00+00:00,2025-05-08T03:00:00+00:00,0.6965,0.701493636367462,0.689009545448807,0.004993636367461973,1.5,2025-05-08T03:00:00+00:00,0.701493636367462,SL,-1.0,0.36394154350517793,-1.3639415435051778,0,True
DOGE,RANGE_MEAN_REVERSION,SHORT,12203,12204,2025-05-08T02:45:00+00:00,2025-05-08T03:00:00+00:00,0.17691,0.17784426805323272,0.17550859792015094,0.0009342680532327119,1.5,2025-05-08T03:00:00+00:00,0.17784426805323272,SL,-1.0,0.4936276552253356,-1.4936276552253356,0,True
LINK,RANGE_MEAN_REVERSION,SHORT,12202,12203,2025-05-08T02:30:00+00:00,2025-05-08T02:45:00+00:00,14.229,14.350002251517026,14.04749662272446,0.1210022515170266,1.5,2025-05-08T03:15:00+00:00,14.350002251517026,SL,-1.0,0.30704141833050325,-1.3070414183305032,2,
XRP,RANGE_MEAN_REVERSION,SHORT,12204,12205,2025-05-08T03:00:00+00:00,2025-05-08T03:15:00+00:00,2.1696,2.1808476818722187,2.1527284771916717,0.011247681872218696,1.5,2025-05-08T03:45:00+00:00,2.1808476818722187,SL,-1.0,0.5028220081866767,-1.5028220081866768,2,
SOL,RANGE_MEAN_REVERSION,SHORT,12224,12225,2025-05-08T08:00:00+00:00,2025-05-08T08:15:00+00:00,152.09,152.86662959976252,150.92505560035625,0.776629599762515,1.5,2025-05-08T08:30:00+00:00,152.86662959976252,SL,-1.0,0.5104667895750039,-1.510466789575004,1,
LINK,RANGE_MEAN_REVERSION,SHORT,12224,12225,2025-05-08T08:00:00+00:00,2025-05-08T08:15:00+00:00,14.729,14.81452212408858,14.600716813867129,0.0855221240885804,1.5,2025-05-08T09:45:00+00:00,14.81452212408858,SL,-1.0,0.4490835461656115,-1.4490835461656115,6,
SUI,RANGE_MEAN_REVERSION,SHORT,12226,12227,2025-05-08T08:30:00+00:00,2025-05-08T08:45:00+00:00,3.6944,3.7422168556425492,3.622674716536176,0.04781685564254934,1.5,2025-05-08T10:30:00+00:00,3.7422168556425492,SL,-1.0,0.20217979167439648,-1.2021797916743964,7,
CRV,RANGE_MEAN_REVERSION,SHORT,12226,12227,2025-05-08T08:30:00+00:00,2025-05-08T08:45:00+00:00,0.729,0.7347553061106761,0.7203670408339858,0.005755306110676095,1.5,2025-05-08T10:45:00+00:00,0.7347553061106761,SL,-1.0,0.3306308754653436,-1.3306308754653435,8,
DOGE,RANGE_MEAN_REVERSION,SHORT,12235,12236,2025-05-08T10:45:00+00:00,2025-05-08T11:00:00+00:00,0.18503,0.18618280001428295,0.18330079997857557,0.0011528000142829453,1.5,2025-05-08T11:15:00+00:00,0.18330079997857557,TP,1.500000000000012,0.4153626249475595,1.0846373750524525,1,
SOL,RANGE_MEAN_REVERSION,SHORT,12232,12233,2025-05-08T10:00:00+00:00,2025-05-08T10:15:00+00:00,154.54,155.65300961093703,152.87048558359442,1.1130096109370413,1.5,2025-05-08T12:30:00+00:00,155.65300961093703,SL,-1.0,0.3623067658460934,-1.3623067658460934,9,
ADA,RANGE_MEAN_REVERSION,SHORT,12253,12254,2025-05-08T15:15:00+00:00,2025-05-08T15:30:00+00:00,0.7327,0.7399810556249639,0.7217784165625543,0.007281055624963839,1.5,2025-05-08T15:30:00+00:00,0.7399810556249639,SL,-1.0,0.2629406326396471,-1.262940632639647,0,True
LINK,RANGE_MEAN_REVERSION,SHORT,12253,12254,2025-05-08T15:15:00+00:00,2025-05-08T15:30:00+00:00,15.132,15.254495581850279,14.94825662722458,0.12249558185027887,1.5,2025-05-08T15:30:00+00:00,15.254495581850279,SL,-1.0,0.32248056345972964,-1.3224805634597296,0,True
UNI,RANGE_MEAN_REVERSION,SHORT,12385,12386,2025-05-10T00:15:00+00:00,2025-05-10T00:30:00+00:00,6.559,6.731293137800887,6.30056029329867,0.17229313780088695,1.5,2025-05-10T14:45:00+00:00,6.731293137800887,SL,-1.0,0.10027898556881591,-1.100278985568816,57,
CRV,RANGE_MEAN_REVERSION,LONG,12820,12821,2025-05-14T13:00:00+00:00,2025-05-14T13:15:00+00:00,0.737,0.7293138042369318,0.7485292936446022,0.007686195763068171,1.5,2025-05-14T13:45:00+00:00,0.7293138042369318,SL,-1.0,0.2480040847602732,-1.2480040847602731,2,
FET,RANGE_MEAN_REVERSION,LONG,12871,12872,2025-05-15T01:45:00+00:00,2025-05-15T02:00:00+00:00,0.8115,0.7991026115277743,0.8300960827083386,0.012397388472225712,1.5,2025-05-15T05:45:00+00:00,0.7991026115277743,SL,-1.0,0.1688890688290425,-1.1688890688290425,15,
CRV,RANGE_MEAN_REVERSION,LONG,12880,12881,2025-05-15T04:00:00+00:00,2025-05-15T04:15:00+00:00,0.702,0.6923755437880188,0.7164366843179717,0.009624456211981158,1.5,2025-05-15T05:45:00+00:00,0.6923755437880188,SL,-1.0,0.18834188311521124,-1.1883418831152113,6,
SUI,RANGE_MEAN_REVERSION,LONG,12887,12888,2025-05-15T05:45:00+00:00,2025-05-15T06:00:00+00:00,3.8005,3.7642494653193124,3.8548758020210316,0.03625053468068762,1.5,2025-05-15T06:30:00+00:00,3.7642494653193124,SL,-1.0,0.27128356565052925,-1.2712835656505292,2,
SUI,RANGE_MEAN_REVERSION,LONG,12894,12895,2025-05-15T07:30:00+00:00,2025-05-15T07:45:00+00:00,3.7179,3.6890281719444578,3.7612077420833137,0.028871828055542448,1.5,2025-05-15T07:45:00+00:00,3.6890281719444578,SL,-1.0,0.33350872708870055,-1.3335087270887005,0,True
FET,RANGE_MEAN_REVERSION,LONG,12894,12895,2025-05-15T07:30:00+00:00,2025-05-15T07:45:00+00:00,0.7775,0.7647012441755086,0.7966981337367371,0.012798755824491415,1.5,2025-05-15T14:00:00+00:00,0.7647012441755086,SL,-1.0,0.15664503994925058,-1.1566450399492505,25,
UNI,RANGE_MEAN_REVERSION,LONG,13058,13059,2025-05-17T00:30:00+00:00,2025-05-17T00:45:00+00:00,5.971,5.899618595661942,6.078072106507086,0.07138140433805784,1.5,2025-05-17T01:15:00+00:00,5.899618595661942,SL,-1.0,0.21618801587702688,-1.2161880158770269,2,
LINK,RANGE_MEAN_REVERSION,LONG,13058,13059,2025-05-17T00:30:00+00:00,2025-05-17T00:45:00+00:00,15.545,15.364254412279983,15.816118381580026,0.1807455877200166,1.5,2025-05-17T01:30:00+00:00,15.364254412279983,SL,-1.0,0.22231265085268823,-1.2223126508526883,3,
AVAX,RANGE_MEAN_REVERSION,SHORT,13175,13176,2025-05-18T05:45:00+00:00,2025-05-18T06:00:00+00:00,22.864,23.00879527271643,22.646807090925357,0.14479527271642922,1.5,2025-05-18T07:45:00+00:00,23.00879527271643,SL,-1.0,0.41185483984219123,-1.4118548398421913,7,
BTC,RANGE_MEAN_REVERSION,SHORT,13184,13185,2025-05-18T08:00:00+00:00,2025-05-18T08:15:00+00:00,103864.4,104159.25619595248,103422.11570607127,294.85619595248136,1.5,2025-05-18T13:30:00+00:00,104159.25619595248,SL,-1.0,0.9171615070904614,-1.9171615070904613,21,
BTC,RANGE_MEAN_REVERSION,SHORT,13209,13210,2025-05-18T14:15:00+00:00,2025-05-18T14:30:00+00:00,104765.4,105007.68984765865,104401.96522851201,242.28984765865607,1.5,2025-05-18T14:30:00+00:00,105007.68984765865,SL,-1.0,1.1255321650379253,-2.1255321650379253,0,True
SUI,RANGE_MEAN_REVERSION,SHORT,13210,13211,2025-05-18T14:30:00+00:00,2025-05-18T14:45:00+00:00,3.948,3.977262670907678,3.904105993638483,0.02926267090767798,1.5,2025-05-18T14:45:00+00:00,3.977262670907678,SL,-1.0,0.35208137714717996,-1.35208137714718,0,True
XRP,RANGE_MEAN_REVERSION,SHORT,13210,13211,2025-05-18T14:30:00+00:00,2025-05-18T14:45:00+00:00,2.4279,2.441317225944053,2.407774161083921,0.013417225944052813,1.5,2025-05-18T15:45:00+00:00,2.441317225944053,SL,-1.0,0.4717802636790979,-1.471780263679098,4,
AVAX,RANGE_MEAN_REVERSION,SHORT,13211,13212,2025-05-18T14:45:00+00:00,2025-05-18T15:00:00+00:00,23.543,23.797660617318996,23.161009074021504,0.25466061731899714,1.5,2025-05-18T15:45:00+00:00,23.797660617318996,SL,-1.0,0.24166618085836128,-1.2416661808583613,3,
CRV,RANGE_MEAN_REVERSION,SHORT,13211,13212,2025-05-18T14:45:00+00:00,2025-05-18T15:00:00+00:00,0.709,0.7178648237525992,0.6957027643711011,0.008864823752599227,1.5,2025-05-18T15:45:00+00:00,0.7178648237525992,SL,-1.0,0.20924547657639583,-1.2092454765763958,3,
ETH,RANGE_MEAN_REVERSION,SHORT,13211,13212,2025-05-18T14:45:00+00:00,2025-05-18T15:00:00+00:00,2556.82,2576.9159864360595,2526.676020345911,20.09598643605932,1.5,2025-05-18T15:45:00+00:00,2576.9159864360595,SL,-1.0,0.3320989891987394,-1.3320989891987394,3,
FET,RANGE_MEAN_REVERSION,SHORT,13211,13212,2025-05-18T14:45:00+00:00,2025-05-18T15:00:00+00:00,0.7905,0.803118127255738,0.771572809116393,0.012618127255737965,1.5,2025-05-18T17:45:00+00:00,0.771572809116393,TP,1.5,0.16093471009557883,1.339065289904421,11,
SUI,RANGE_MEAN_REVERSION,LONG,13299,13300,2025-05-19T12:45:00+00:00,2025-05-19T13:00:00+00:00,3.598,3.5638863084367354,3.6491705373448964,0.03411369156326449,1.5,2025-05-19T13:30:00+00:00,3.6491705373448964,TP,1.4999999999999936,0.27617420650815067,1.2238257934918428,2,
ETH,RANGE_MEAN_REVERSION,SHORT,13316,13317,2025-05-19T17:00:00+00:00,2025-05-19T17:15:00+00:00,2517.9,2559.6474196662593,2455.2788705006114,41.74741966625925,1.5,2025-05-20T00:15:00+00:00,2559.6474196662593,SL,-1.0,0.15811304502972648,-1.1581130450297266,28,
SOL,RANGE_MEAN_REVERSION,SHORT,13350,13351,2025-05-20T01:30:00+00:00,2025-05-20T01:45:00+00:00,169.7,171.11109086754087,167.5833636986887,1.411090867540878,1.5,2025-05-20T02:00:00+00:00,171.11109086754087,SL,-1.0,0.31398007620864166,-1.3139800762086415,1,
UNI,RANGE_MEAN_REVERSION,SHORT,13316,13317,2025-05-19T17:00:00+00:00,2025-05-19T17:15:00+00:00,5.984,6.093589890540388,5.819615164189418,0.10958989054038781,1.5,2025-05-20T02:15:00+00:00,6.093589890540388,SL,-1.0,0.14326929957025708,-1.1432692995702571,36,
SUI,RANGE_MEAN_REVERSION,SHORT,13352,13353,2025-05-20T02:00:00+00:00,2025-05-20T02:15:00+00:00,3.9178,3.943961185401243,3.878558221898136,0.026161185401242903,1.5,2025-05-20T02:15:00+00:00,3.878558221898136,TP,1.5,0.3874161485047255,1.1125838514952746,0,True
ETH,RANGE_MEAN_REVERSION,SHORT,13354,13355,2025-05-20T02:30:00+00:00,2025-05-20T02:45:00+00:00,2574.9,2599.886454105756,2537.420318841366,24.98645410575591,1.5,2025-05-20T06:15:00+00:00,2537.420318841366,TP,1.5,0.26598477664595044,1.2340152233540496,14,
LINK,RANGE_MEAN_REVERSION,SHORT,13353,13354,2025-05-20T02:15:00+00:00,2025-05-20T02:30:00+00:00,16.278,16.496238473706658,15.95064228944001,0.21823847370665916,1.5,2025-05-20T07:30:00+00:00,15.95064228944001,TP,1.5,0.19197914219555684,1.3080208578044432,20,
ETH,RANGE_MEAN_REVERSION,LONG,13394,13395,2025-05-20T12:30:00+00:00,2025-05-20T12:45:00+00:00,2486.45,2468.330474007949,2513.629288988076,18.119525992050967,1.5,2025-05-20T13:30:00+00:00,2468.330474007949,SL,-1.0,0.3554847195801972,-1.3554847195801971,3,
LINK,RANGE_MEAN_REVERSION,LONG,13394,13395,2025-05-20T12:30:00+00:00,2025-05-20T12:45:00+00:00,15.5,15.38464198749755,15.673037018753675,0.11535801250244937,1.5,2025-05-20T18:15:00+00:00,15.38464198749755,SL,-1.0,0.34804721157010504,-1.348047211570105,22,
FET,RANGE_MEAN_REVERSION,SHORT,13427,13428,2025-05-20T20:45:00+00:00,2025-05-20T21:00:00+00:00,0.755,0.7633683828995442,0.7424474256506837,0.008368382899544224,1.5,2025-05-20T21:30:00+00:00,0.7424474256506837,TP,1.5,0.23262339650494637,1.2673766034950535,2,
FET,RANGE_MEAN_REVERSION,SHORT,13453,13454,2025-05-21T03:15:00+00:00,2025-05-21T03:30:00+00:00,0.7738,0.7812940477889808,0.7625589283165288,0.007494047788980773,1.5,2025-05-21T04:00:00+00:00,0.7812940477889808,SL,-1.0,0.26976372703390855,-1.2697637270339086,2,
BNB,RANGE_MEAN_REVERSION,SHORT,13455,13456,2025-05-21T03:45:00+00:00,2025-05-21T04:00:00+00:00,657.01,659.7299407942392,652.9300888086412,2.7199407942391645,1.5,2025-05-21T04:00:00+00:00,659.7299407942392,SL,-1.0,0.6293379350969782,-1.629337935096978,0,True
ETH,RANGE_MEAN_REVERSION,SHORT,13461,13462,2025-05-21T05:15:00+00:00,2025-05-21T05:30:00+00:00,2579.54,2604.4015279919504,2542.2477080120743,24.861527991950425,1.5,2025-05-21T06:15:00+00:00,2604.4015279919504,SL,-1.0,0.271066363602893,-1.271066363602893,3,
SUI,RANGE_MEAN_REVERSION,SHORT,13551,13552,2025-05-22T03:45:00+00:00,2025-05-22T04:00:00+00:00,4.0493,4.0928213893716725,3.9840179159424904,0.043521389371672825,1.5,2025-05-22T07:15:00+00:00,4.0928213893716725,SL,-1.0,0.24320817784076937,-1.2432081778407693,13,
ADA,RANGE_MEAN_REVERSION,SHORT,13569,13570,2025-05-22T08:15:00+00:00,2025-05-22T08:30:00+00:00,0.7993,0.8048501642534845,0.7909747536197732,0.005550164253484535,1.5,2025-05-22T09:00:00+00:00,0.8048501642534845,SL,-1.0,0.37573576533708264,-1.3757357653370827,2,
AVAX,RANGE_MEAN_REVERSION,SHORT,13569,13570,2025-05-22T08:15:00+00:00,2025-05-22T08:30:00+00:00,24.378,24.59469151237699,24.052962731434516,0.2166915123769897,1.5,2025-05-22T09:15:00+00:00,24.59469151237699,SL,-1.0,0.2938024580091978,-1.2938024580091978,3,
XRP,RANGE_MEAN_REVERSION,SHORT,13572,13573,2025-05-22T09:00:00+00:00,2025-05-22T09:15:00+00:00,2.4432,2.455993722832571,2.4240094157511436,0.012793722832570964,1.5,2025-05-22T10:00:00+00:00,2.4240094157511436,TP,1.5,0.49456849450950385,1.005431505490496,3,
SOL,RANGE_MEAN_REVERSION,SHORT,13572,13573,2025-05-22T09:00:00+00:00,2025-05-22T09:15:00+00:00,180.13,181.6070853256717,177.91437201149245,1.477085325671709,1.5,2025-05-22T11:00:00+00:00,177.91437201149245,TP,1.4999999999999905,0.3151190222563967,1.1848809777435938,7,
XRP,RANGE_MEAN_REVERSION,SHORT,13641,13642,2025-05-23T02:15:00+00:00,2025-05-23T02:30:00+00:00,2.471,2.482860007873808,2.4532099881892884,0.01186000787380781,1.5,2025-05-23T04:15:00+00:00,2.4532099881892884,TP,1.5,0.5397528444128088,0.9602471555871912,7,
ETH,RANGE_MEAN_REVERSION,SHORT,13641,13642,2025-05-23T02:15:00+00:00,2025-05-23T02:30:00+00:00,2722.0,2745.5935952295135,2686.6096071557295,23.59359522951354,1.5,2025-05-23T04:30:00+00:00,2686.6096071557295,TP,1.5000000000000095,0.2980127624003245,1.2019872375996852,8,
UNI,RANGE_MEAN_REVERSION,SHORT,13642,13643,2025-05-23T02:30:00+00:00,2025-05-23T02:45:00+00:00,6.687,6.838896858023728,6.459154712964409,0.15189685802372743,1.5,2025-05-23T06:30:00+00:00,6.459154712964409,TP,1.5,0.11251056374177368,1.3874894362582264,15,
SUI,RANGE_MEAN_REVERSION,LONG,13726,13727,2025-05-23T23:30:00+00:00,2025-05-23T23:45:00+00:00,3.56,3.515315030222412,3.6270274546663823,0.04468496977758818,1.5,2025-05-24T00:00:00+00:00,3.6270274546663823,TP,1.5,0.20908900101242459,1.2909109989875753,1,
UNI,RANGE_MEAN_REVERSION,LONG,13726,13727,2025-05-23T23:30:00+00:00,2025-05-23T23:45:00+00:00,5.956,5.894730741481888,6.047903887777169,0.061269258518112046,1.5,2025-05-24T00:15:00+00:00,6.047903887777169,TP,1.5000000000000073,0.25469665263693775,1.2453033473630697,2,
LINK,RANGE_MEAN_REVERSION,LONG,13726,13727,2025-05-23T23:30:00+00:00,2025-05-23T23:45:00+00:00,15.501,15.350346205963652,15.726980691054521,0.15065379403634793,1.5,2025-05-24T03:00:00+00:00,15.726980691054521,TP,1.5,0.26946798889496454,1.2305320111050355,13,
BTC,RANGE_MEAN_REVERSION,LONG,13818,13819,2025-05-24T22:30:00+00:00,2025-05-24T22:45:00+00:00,108200.4,107897.39251808825,108654.91122286761,303.0074819117435,1.5,2025-05-24T23:00:00+00:00,107897.39251808825,SL,-1.0,0.9271293517278226,-1.9271293517278227,1,
ETH,RANGE_MEAN_REVERSION,LONG,13819,13820,2025-05-24T22:45:00+00:00,2025-05-24T23:00:00+00:00,2524.3,2504.5881152823977,2553.867827076404,19.711884717602516,1.5,2025-05-25T00:30:00+00:00,2504.5881152823977,SL,-1.0,0.3316554780796352,-1.3316554780796352,6,
XRP,RANGE_MEAN_REVERSION,LONG,13820,13821,2025-05-24T23:00:00+00:00,2025-05-24T23:15:00+00:00,2.3276,2.3154350712430225,2.345847393135466,0.012164928756977389,1.5,2025-05-25T00:30:00+00:00,2.3154350712430225,SL,-1.0,0.4961759919188936,-1.4961759919188937,5,
SOL,RANGE_MEAN_REVERSION,LONG,13827,13828,2025-05-25T00:45:00+00:00,2025-05-25T01:00:00+00:00,172.21,170.88288891090144,174.20066663364787,1.3271110890985653,1.5,2025-05-25T01:00:00+00:00,170.88288891090144,SL,-1.0,0.33608396406899865,-1.3360839640689988,0,True
UNI,RANGE_MEAN_REVERSION,LONG,13828,13829,2025-05-25T01:00:00+00:00,2025-05-25T01:15:00+00:00,6.01,5.965907979006463,6.076138031490305,0.04409202099353671,1.5,2025-05-25T02:15:00+00:00,5.965907979006463,SL,-1.0,0.35309518642818755,-1.3530951864281875,4,
LINK,RANGE_MEAN_REVERSION,LONG,13828,13829,2025-05-25T01:00:00+00:00,2025-05-25T01:15:00+00:00,15.151,15.056407011381546,15.29288948292768,0.09459298861845333,1.5,2025-05-25T02:30:00+00:00,15.29288948292768,TP,1.5000000000000093,0.41839312729025285,1.0816068727097565,5,
ADA,RANGE_MEAN_REVERSION,LONG,13827,13828,2025-05-25T00:45:00+00:00,2025-05-25T01:00:00+00:00,0.7361,0.7300133692562794,0.7452299461155809,0.006086630743720622,1.5,2025-05-25T03:30:00+00:00,0.7452299461155809,TP,1.5,0.31638668600637004,1.18361331399363,10,
AVAX,RANGE_MEAN_REVERSION,LONG,13857,13858,2025-05-25T08:15:00+00:00,2025-05-25T08:30:00+00:00,22.289,22.15706962397413,22.486895564038807,0.13193037602587054,1.5,2025-05-25T08:45:00+00:00,22.15706962397413,SL,-1.0,0.4379574458260938,-1.4379574458260937,1,
SUI,RANGE_MEAN_REVERSION,LONG,13859,13860,2025-05-25T08:45:00+00:00,2025-05-25T09:00:00+00:00,3.5138,3.467171315645756,3.5837430265313652,0.04662868435424361,1.5,2025-05-25T09:15:00+00:00,3.467171315645756,SL,-1.0,0.1946283245178792,-1.1946283245178793,1,
BTC,RANGE_MEAN_REVERSION,LONG,13859,13860,2025-05-25T08:45:00+00:00,2025-05-25T09:00:00+00:00,107065.3,106715.35200026941,107590.22199959589,349.9479997305898,1.5,2025-05-25T09:30:00+00:00,106715.35200026941,SL,-1.0,0.7941604118734931,-1.794160411873493,2,
ETH,RANGE_MEAN_REVERSION,LONG,13859,13860,2025-05-25T08:45:00+00:00,2025-05-25T09:00:00+00:00,2476.49,2450.7294009352045,2515.1308985971928,25.760599064795315,1.5,2025-05-25T12:15:00+00:00,2515.1308985971928,TP,1.5,0.2519004760663516,1.2480995239336483,13,
UNI,RANGE_MEAN_REVERSION,LONG,13859,13860,2025-05-25T08:45:00+00:00,2025-05-25T09:00:00+00:00,5.923,5.862098992210926,6.014351511683611,0.0609010077890737,1.5,2025-05-25T12:15:00+00:00,6.014351511683611,TP,1.5,0.25481609465209687,1.2451839053479032,13,
LINK,RANGE_MEAN_REVERSION,LONG,13859,13860,2025-05-25T08:45:00+00:00,2025-05-25T09:00:00+00:00,15.105,15.009038262448739,15.248942606326892,0.0959617375512618,1.5,2025-05-25T13:30:00+00:00,15.248942606326892,TP,1.4999999999999907,0.41120686635280806,1.0887931336471826,18,
ADA,RANGE_MEAN_REVERSION,SHORT,13879,13880,2025-05-25T13:45:00+00:00,2025-05-25T14:00:00+00:00,0.7491,0.7540689031847778,0.7416466452228332,0.004968903184777829,1.5,2025-05-25T14:30:00+00:00,0.7416466452228332,TP,1.500000000000011,0.390019802504229,1.1099801974957821,2,
LINK,RANGE_MEAN_REVERSION,LONG,13885,13886,2025-05-25T15:15:00+00:00,2025-05-25T15:30:00+00:00,14.9,14.79899991094756,15.051500133578662,0.10100008905244096,1.5,2025-05-25T15:45:00+00:00,15.051500133578662,TP,1.5,0.38551401824443476,1.1144859817555652,1,
DOGE,RANGE_MEAN_REVERSION,SHORT,13916,13917,2025-05-25T23:00:00+00:00,2025-05-25T23:15:00+00:00,0.22409,0.22567544310809862,0.2217118353378521,0.0015854431080986053,1.5,2025-05-26T00:30:00+00:00,0.22567544310809862,SL,-1.0,0.36878969232881714,-1.3687896923288172,5,
ETH,RANGE_MEAN_REVERSION,SHORT,13948,13949,2025-05-26T07:00:00+00:00,2025-05-26T07:15:00+00:00,2585.01,2605.036064040627,2554.97090393906,20.026064040626807,1.5,2025-05-26T09:30:00+00:00,2554.97090393906,TP,1.5,0.33366392724826394,1.166336072751736,9,
AVAX,RANGE_MEAN_REVERSION,SHORT,13948,13949,2025-05-26T07:00:00+00:00,2025-05-26T07:15:00+00:00,23.801,24.02020556823156,23.472191647652657,0.2192055682315619,1.5,2025-05-26T13:45:00+00:00,23.472191647652657,TP,1.499999999999992,0.2803539601559261,1.2196460398440658,26,
XRP,RANGE_MEAN_REVERSION,LONG,13977,13978,2025-05-26T14:15:00+00:00,2025-05-26T14:30:00+00:00,2.3197,2.3089125874675287,2.3358811187987074,0.010787412532471397,1.5,2025-05-26T15:30:00+00:00,2.3358811187987074,TP,1.5000000000000207,0.5610479284277217,0.938952071572299,4,
SOL,RANGE_MEAN_REVERSION,LONG,14021,14022,2025-05-27T01:15:00+00:00,2025-05-27T01:30:00+00:00,172.06,170.4822978047232,174.4265532929152,1.5777021952767996,1.5,2025-05-27T06:00:00+00:00,174.4265532929152,TP,1.5,0.2854990762066879,1.2145009237933122,18,
SOL,RANGE_MEAN_REVERSION,SHORT,14069,14070,2025-05-27T13:15:00+00:00,2025-05-27T13:30:00+00:00,178.65,179.75654873597722,176.9901768960342,1.1065487359772135,1.5,2025-05-27T14:15:00+00:00,176.9901768960342,TP,1.4999999999999871,0.41781461126206104,1.082185388737926,3,
UNI,RANGE_MEAN_REVERSION,LONG,14104,14105,2025-05-27T22:00:00+00:00,2025-05-27T22:15:00+00:00,6.36,6.257997977362746,6.513003033955882,0.10200202263725444,1.5,2025-05-28T00:00:00+00:00,6.257997977362746,SL,-1.0,0.16081443236578055,-1.1608144323657805,7,
ETH,RANGE_MEAN_REVERSION,LONG,14121,14122,2025-05-28T02:15:00+00:00,2025-05-28T02:30:00+00:00,2621.43,2608.730510179086,2640.4792347313705,12.69948982091364,1.5,2025-05-28T02:45:00+00:00,2640.4792347313705,TP,1.500000000000018,0.5386422684386747,0.9613577315613433,1,
ETH,RANGE_MEAN_REVERSION,SHORT,14161,14162,2025-05-28T12:15:00+00:00,2025-05-28T12:30:00+00:00,2670.77,2689.531679818927,2642.62748027161,18.76167981892695,1.5,2025-05-28T14:00:00+00:00,2642.62748027161,TP,1.4999999999999878,0.36816621917749753,1.1318337808224903,6,
SOL,RANGE_MEAN_REVERSION,LONG,14169,14170,2025-05-28T14:15:00+00:00,2025-05-28T14:30:00+00:00,171.95,170.74637078377097,173.7554438243435,1.203629216229018,1.5,2025-05-28T14:30:00+00:00,170.74637078377097,SL,-1.0,0.3701349851033648,-1.3701349851033648,0,True
XRP,RANGE_MEAN_REVERSION,LONG,14168,14169,2025-05-28T14:00:00+00:00,2025-05-28T14:15:00+00:00,2.2769,2.2681597852978044,2.290010322053293,0.008740214702195548,1.5,2025-05-28T14:45:00+00:00,2.2681597852978044,SL,-1.0,0.6760220340357207,-1.6760220340357206,2,
BTC,RANGE_MEAN_REVERSION,LONG,14169,14170,2025-05-28T14:15:00+00:00,2025-05-28T14:30:00+00:00,107904.3,107383.91670357418,108684.87494463872,520.3832964258181,1.5,2025-05-28T15:00:00+00:00,107383.91670357418,SL,-1.0,0.5378241070321197,-1.5378241070321197,2,
AVAX,RANGE_MEAN_REVERSION,LONG,14264,14265,2025-05-29T14:00:00+00:00,2025-05-29T14:15:00+00:00,22.88,22.711363927611245,23.132954108583128,0.1686360723887539,1.5,2025-05-29T14:15:00+00:00,22.711363927611245,SL,-1.0,0.35145963889186954,-1.3514596388918696,0,True
SOL,RANGE_MEAN_REVERSION,LONG,14265,14266,2025-05-29T14:15:00+00:00,2025-05-29T14:30:00+00:00,169.36,168.256203354604,171.01569496809404,1.1037966453960166,1.5,2025-05-29T16:45:00+00:00,168.256203354604,SL,-1.0,0.3976285543099451,-1.3976285543099451,9,
BNB,RANGE_MEAN_REVERSION,LONG,14275,14276,2025-05-29T16:45:00+00:00,2025-05-29T17:00:00+00:00,678.53,676.5096304819211,681.5605542771182,2.0203695180788372,1.5,2025-05-29T18:30:00+00:00,676.5096304819211,SL,-1.0,0.8718957120782296,-1.8718957120782296,6,
AVAX,RANGE_MEAN_REVERSION,LONG,14303,14304,2025-05-29T23:45:00+00:00,2025-05-30T00:00:00+00:00,22.236,22.054120545038746,22.508819182441883,0.1818794549612548,1.5,2025-05-30T00:30:00+00:00,22.054120545038746,SL,-1.0,0.31656767786562723,-1.3165676778656272,2,
BTC,RANGE_MEAN_REVERSION,LONG,14335,14336,2025-05-30T07:45:00+00:00,2025-05-30T08:00:00+00:00,104997.5,104494.68998355465,105751.71502466802,502.8100164453499,1.5,2025-05-30T10:30:00+00:00,105751.71502466802,TP,1.5,0.5448856836006298,0.9551143163993702,10,
AVAX,RANGE_MEAN_REVERSION,LONG,14331,14332,2025-05-30T06:45:00+00:00,2025-05-30T07:00:00+00:00,21.409,21.187620614138268,21.741069078792595,0.22137938586173078,1.5,2025-05-30T11:00:00+00:00,21.741069078792595,TP,1.5,0.2533889484970668,1.2466110515029332,16,
UNI,RANGE_MEAN_REVERSION,LONG,14396,14397,2025-05-30T23:00:00+00:00,2025-05-30T23:15:00+00:00,6.176,6.084709172744516,6.312936240883227,0.09129082725548443,1.5,2025-05-31T00:15:00+00:00,6.084709172744516,SL,-1.0,0.1745949993416268,-1.1745949993416267,4,
CRV,RANGE_MEAN_REVERSION,LONG,14397,14398,2025-05-30T23:15:00+00:00,2025-05-30T23:30:00+00:00,0.663,0.651399533845182,0.6804006992322271,0.011600466154818023,1.5,2025-05-31T00:15:00+00:00,0.651399533845182,SL,-1.0,0.14729747677329796,-1.147297476773298,3,
BNB,RANGE_MEAN_REVERSION,LONG,14504,14505,2025-06-01T02:00:00+00:00,2025-06-01T02:15:00+00:00,653.09,651.465977706672,655.526033439992,1.6240222933280393,1.5,2025-06-01T02:15:00+00:00,655.526033439992,TP,1.499999999999965,1.047523085404075,0.45247691459589,0,True
ETH,RANGE_MEAN_REVERSION,LONG,14504,14505,2025-06-01T02:00:00+00:00,2025-06-01T02:15:00+00:00,2496.1,2481.7985948559226,2517.5521077161156,14.301405144077307,1.5,2025-06-01T03:45:00+00:00,2517.5521077161156,TP,1.499999999999984,0.45574177322919696,1.0442582267707872,6,
SOL,RANGE_MEAN_REVERSION,LONG,14509,14510,2025-06-01T03:15:00+00:00,2025-06-01T03:30:00+00:00,153.66,152.7841085680497,154.97383714792545,0.8758914319502935,1.5,2025-06-01T04:00:00+00:00,154.97383714792545,TP,1.5000000000000162,0.45807502352080587,1.0419249764792102,2,
DOGE,RANGE_MEAN_REVERSION,LONG,14503,14504,2025-06-01T01:45:00+00:00,2025-06-01T02:00:00+00:00,0.18935,0.18754734048685134,0.19205398926972295,0.0018026595131486467,1.5,2025-06-01T04:45:00+00:00,0.19205398926972295,TP,1.4999999999999922,0.27505204528868465,1.2249479547113076,11,
SOL,RANGE_MEAN_REVERSION,LONG,14530,14531,2025-06-01T08:30:00+00:00,2025-06-01T08:45:00+00:00,153.38,152.64667422841455,154.47998865737816,0.7333257715854415,1.5,2025-06-01T09:00:00+00:00,152.64667422841455,SL,-1.0,0.542507425638165,-1.542507425638165,1,
DOGE,RANGE_MEAN_REVERSION,LONG,14534,14535,2025-06-01T09:30:00+00:00,2025-06-01T09:45:00+00:00,0.18737,0.1862327752830814,0.1890758370753779,0.0011372247169186,1.5,2025-06-01T11:15:00+00:00,0.1890758370753779,TP,1.4999999999999878,0.43032795622311465,1.0696720437768732,6,
ETH,RANGE_MEAN_REVERSION,LONG,14534,14535,2025-06-01T09:30:00+00:00,2025-06-01T09:45:00+00:00,2484.69,2475.6272016455728,2498.284197531641,9.062798354427287,1.5,2025-06-01T11:15:00+00:00,2498.284197531641,TP,1.5,0.714775525555704,0.785224474444296,6,
CRV,RANGE_MEAN_REVERSION,LONG,14534,14535,2025-06-01T09:30:00+00:00,2025-06-01T09:45:00+00:00,0.651,0.6448779575394911,0.6601830636907635,0.0061220424605089585,1.5,2025-06-01T14:00:00+00:00,0.6601830636907635,TP,1.500000000000009,0.2784263575094978,1.2215736424905113,17,
SOL,RANGE_MEAN_REVERSION,SHORT,14561,14562,2025-06-01T16:15:00+00:00,2025-06-01T16:30:00+00:00,155.53,156.46803317208105,154.1229502418784,0.9380331720810489,1.5,2025-06-01T16:30:00+00:00,156.46803317208105,SL,-1.0,0.4323913643947983,-1.4323913643947983,0,True
DOGE,RANGE_MEAN_REVERSION,SHORT,14560,14561,2025-06-01T16:00:00+00:00,2025-06-01T16:15:00+00:00,0.19388,0.19544619057797474,0.19153071413303788,0.0015661905779747465,1.5,2025-06-01T18:15:00+00:00,0.19153071413303788,TP,1.5,0.3199061055652883,1.1800938944347117,8,
ETH,RANGE_MEAN_REVERSION,SHORT,14561,14562,2025-06-01T16:15:00+00:00,2025-06-01T16:30:00+00:00,2535.76,2548.6157101689964,2516.476434746506,12.855710168996211,1.5,2025-06-01T18:15:00+00:00,2516.476434746506,TP,1.4999999999999822,0.5108941691148354,0.9891058308851468,7,
BTC,RANGE_MEAN_REVERSION,SHORT,14560,14561,2025-06-01T16:00:00+00:00,2025-06-01T16:15:00+00:00,105050.0,105433.73228773927,104474.4015683911,383.7322877392726,1.5,2025-06-01T18:30:00+00:00,104474.4015683911,TP,1.4999999999999811,0.7098222660480907,0.7901777339518904,9,
ETH,RANGE_MEAN_REVERSION,LONG,14605,14606,2025-06-02T03:15:00+00:00,2025-06-02T03:30:00+00:00,2493.01,2477.46307533617,2516.330386995746,15.546924663830396,1.5,2025-06-02T09:00:00+00:00,2477.46307533617,SL,-1.0,0.41562013952314547,-1.4156201395231456,22,
CRV,RANGE_MEAN_REVERSION,SHORT,14741,14742,2025-06-03T13:15:00+00:00,2025-06-03T13:30:00+00:00,0.701,0.7067971761334892,0.692304235799766,0.00579717613348929,1.5,2025-06-03T14:45:00+00:00,0.7067971761334892,SL,-1.0,0.31569444964784715,-1.315694449647847,5,
BTC,RANGE_MEAN_REVERSION,SHORT,14747,14748,2025-06-03T14:45:00+00:00,2025-06-03T15:00:00+00:00,106495.0,106845.44817685473,105969.32773471791,350.4481768547266,1.5,2025-06-03T16:45:00+00:00,105969.32773471791,TP,1.5,0.7881439947385704,0.7118560052614296,7,
BNB,RANGE_MEAN_REVERSION,SHORT,14816,14817,2025-06-04T08:00:00+00:00,2025-06-04T08:15:00+00:00,671.26,672.3955255590233,669.556711661465,1.1355255590233355,1.5,2025-06-04T09:15:00+00:00,669.556711661465,TP,1.5,1.5350264124914195,-0.03502641249141947,4,
BTC,RANGE_MEAN_REVERSION,SHORT,14824,14825,2025-06-04T10:00:00+00:00,2025-06-04T10:15:00+00:00,105902.3,106073.6301263204,105645.30481051942,171.33012632039026,1.5,2025-06-04T10:30:00+00:00,105645.30481051942,TP,1.5,1.6051577860825148,-0.1051577860825148,1,
SUI,RANGE_MEAN_REVERSION,LONG,14829,14830,2025-06-04T11:15:00+00:00,2025-06-04T11:30:00+00:00,3.2037,3.184130991367865,3.233053512948203,0.019569008632135176,1.5,2025-06-04T12:15:00+00:00,3.184130991367865,SL,-1.0,0.424353652496302,-1.424353652496302,3,
AVAX,RANGE_MEAN_REVERSION,LONG,14830,14831,2025-06-04T11:30:00+00:00,2025-06-04T11:45:00+00:00,21.069,20.97486644170638,21.21020033744043,0.09413355829362047,1.5,2025-06-04T12:15:00+00:00,20.97486644170638,SL,-1.0,0.5806327452716982,-1.5806327452716982,2,
AVAX,RANGE_MEAN_REVERSION,LONG,14865,14866,2025-06-04T20:15:00+00:00,2025-06-04T20:30:00+00:00,20.291,20.08115594527796,20.60576608208306,0.2098440547220406,1.5,2025-06-04T21:00:00+00:00,20.08115594527796,SL,-1.0,0.25010859992379286,-1.2501085999237929,2,
BTC,RANGE_MEAN_REVERSION,SHORT,14929,14930,2025-06-05T12:15:00+00:00,2025-06-05T12:30:00+00:00,105354.5,105576.64273880774,105021.28589178839,222.14273880774272,1.5,2025-06-05T12:45:00+00:00,105576.64273880774,SL,-1.0,1.2343886954494165,-2.2343886954494163,1,
LINK,RANGE_MEAN_REVERSION,SHORT,14931,14932,2025-06-05T12:45:00+00:00,2025-06-05T13:00:00+00:00,13.995,14.074466949166752,13.875799576249872,0.07946694916675234,1.5,2025-06-05T13:30:00+00:00,13.875799576249872,TP,1.499999999999989,0.4559384729001742,1.0440615270998146,2,
BNB,RANGE_MEAN_REVERSION,SHORT,15023,15024,2025-06-06T11:45:00+00:00,2025-06-06T12:00:00+00:00,646.09,647.6947239980154,643.682914002977,1.6047239980154018,1.5,2025-06-06T12:00:00+00:00,647.6947239980154,SL,-1.0,1.0481055578887637,-2.0481055578887637,0,True
BNB,RANGE_MEAN_REVERSION,SHORT,15028,15029,2025-06-06T13:00:00+00:00,2025-06-06T13:15:00+00:00,649.2,651.0085528646828,646.487170702976,1.8085528646827242,1.5,2025-06-06T14:15:00+00:00,651.0085528646828,SL,-1.0,0.9345986792709059,-1.934598679270906,4,
BTC,RANGE_MEAN_REVERSION,SHORT,15030,15031,2025-06-06T13:30:00+00:00,2025-06-06T13:45:00+00:00,104308.8,104646.726801135,103801.9097982975,337.9268011349923,1.5,2025-06-06T14:30:00+00:00,104646.726801135,SL,-1.0,0.803849188431083,-1.803849188431083,3,
XRP,RANGE_MEAN_REVERSION,SHORT,15030,15031,2025-06-06T13:30:00+00:00,2025-06-06T13:45:00+00:00,2.1704,2.180130190346498,2.155804714480253,0.009730190346497913,1.5,2025-06-06T14:45:00+00:00,2.180130190346498,SL,-1.0,0.5812516555224473,-1.5812516555224474,4,
ETH,RANGE_MEAN_REVERSION,SHORT,15031,15032,2025-06-06T13:45:00+00:00,2025-06-06T14:00:00+00:00,2502.13,2527.1205275316797,2464.6442087024807,24.990527531679618,1.5,2025-06-06T15:15:00+00:00,2527.1205275316797,SL,-1.0,0.26162015497684704,-1.261620154976847,5,
FET,RANGE_MEAN_REVERSION,LONG,15046,15047,2025-06-06T17:30:00+00:00,2025-06-06T17:45:00+00:00,0.7214,0.7156719823398722,0.7299920264901918,0.005728017660127871,1.5,2025-06-06T18:00:00+00:00,0.7299920264901918,TP,1.4999999999999902,0.32940010774951567,1.1705998922504746,1,
FET,RANGE_MEAN_REVERSION,SHORT,15085,15086,2025-06-07T03:15:00+00:00,2025-06-07T03:30:00+00:00,0.7498,0.7574556611133914,0.738316508329913,0.007655661113391332,1.5,2025-06-07T06:00:00+00:00,0.7574556611133914,SL,-1.0,0.25594554545001436,-1.2559455454500144,10,
AVAX,RANGE_MEAN_REVERSION,LONG,15171,15172,2025-06-08T00:45:00+00:00,2025-06-08T01:00:00+00:00,20.473,20.35866736879635,20.64449894680547,0.11433263120364856,1.5,2025-06-08T03:00:00+00:00,20.35866736879635,SL,-1.0,0.4642696229468157,-1.4642696229468157,8,
ADA,RANGE_MEAN_REVERSION,LONG,15172,15173,2025-06-08T01:00:00+00:00,2025-06-08T01:15:00+00:00,0.6572,0.6537157194459222,0.6624264208311167,0.00348428055407779,1.5,2025-06-08T06:15:00+00:00,0.6624264208311167,TP,1.5,0.4923582703673841,1.007641729632616,20,
XRP,RANGE_MEAN_REVERSION,SHORT,15193,15194,2025-06-08T06:15:00+00:00,2025-06-08T06:30:00+00:00,2.2157,2.2272252038449376,2.198412194232594,0.011525203844937604,1.5,2025-06-08T09:15:00+00:00,2.198412194232594,TP,1.4999999999999807,0.4978953890713973,1.0021046109285834,11,
DOGE,RANGE_MEAN_REVERSION,LONG,15205,15206,2025-06-08T09:15:00+00:00,2025-06-08T09:30:00+00:00,0.18113,0.17975827866487412,0.18318758200268886,0.0013717213351258917,1.5,2025-06-08T11:15:00+00:00,0.18318758200268886,TP,1.5000000000000102,0.3452690021476039,1.1547309978524063,7,
LINK,RANGE_MEAN_REVERSION,LONG,15205,15206,2025-06-08T09:15:00+00:00,2025-06-08T09:30:00+00:00,13.591,13.497959439728236,13.730560840407644,0.09304056027176344,1.5,2025-06-08T11:15:00+00:00,13.730560840407644,TP,1.5,0.38174779890388494,1.1182522010961151,7,
SOL,RANGE_MEAN_REVERSION,LONG,15205,15206,2025-06-08T09:15:00+00:00,2025-06-08T09:30:00+00:00,148.05,147.266717531159,149.22492370326154,0.7832824688410085,1.5,2025-06-08T11:15:00+00:00,149.22492370326154,TP,1.5000000000000182,0.4933819103420832,1.006618089657935,7,
SUI,RANGE_MEAN_REVERSION,LONG,15205,15206,2025-06-08T09:15:00+00:00,2025-06-08T09:30:00+00:00,3.1907,3.1696033556568377,3.2223449665147434,0.021096644343162385,1.5,2025-06-08T11:45:00+00:00,3.2223449665147434,TP,1.4999999999999896,0.3951793622179184,1.1048206377820713,9,
UNI,RANGE_MEAN_REVERSION,SHORT,15124,15125,2025-06-07T13:00:00+00:00,2025-06-07T13:15:00+00:00,6.331,6.433094174346431,6.177858738480355,0.10209417434643075,1.5,2025-06-08T13:15:00+00:00,6.348,TIME,-0.16651292895826025,0.16144603847884725,-0.3279589674371075,96,
SOL,RANGE_MEAN_REVERSION,SHORT,15233,15234,2025-06-08T16:15:00+00:00,2025-06-08T16:30:00+00:00,151.58,152.37032561975136,150.394511570373,0.7903256197513429,1.5,2025-06-08T17:00:00+00:00,152.37032561975136,SL,-1.0,0.4999653477385647,-1.4999653477385646,2,
BNB,RANGE_MEAN_REVERSION,SHORT,15245,15246,2025-06-08T19:15:00+00:00,2025-06-08T19:30:00+00:00,654.22,655.3210075493905,652.5684886759143,1.1010075493904878,1.5,2025-06-08T20:00:00+00:00,655.3210075493905,SL,-1.0,1.546223103335349,-2.546223103335349,2,
FET,RANGE_MEAN_REVERSION,LONG,15260,15261,2025-06-08T23:00:00+00:00,2025-06-08T23:15:00+00:00,0.7453,0.740786181376241,0.7520707279356385,0.004513818623758992,1.5,2025-06-08T23:30:00+00:00,0.740786181376241,SL,-1.0,0.4279994826598209,-1.4279994826598208,1,
CRV,RANGE_MEAN_REVERSION,LONG,15260,15261,2025-06-08T23:00:00+00:00,2025-06-08T23:15:00+00:00,0.644,0.6381815886579618,0.6527276170130574,0.005818411342038199,1.5,2025-06-09T02:15:00+00:00,0.6527276170130574,TP,1.5000000000000095,0.28972614739996283,1.2102738526000467,12,
ADA,RANGE_MEAN_REVERSION,LONG,15277,15278,2025-06-09T03:15:00+00:00,2025-06-09T03:30:00+00:00,0.6618,0.6584247993330264,0.6668628010004605,0.00337520066697361,1.5,2025-06-09T05:00:00+00:00,0.6584247993330264,SL,-1.0,0.5085007999455796,-1.5085007999455797,6,
FET,RANGE_MEAN_REVERSION,LONG,15288,15289,2025-06-09T06:00:00+00:00,2025-06-09T06:15:00+00:00,0.7309,0.7274145600827483,0.7361281598758775,0.003485439917251698,1.5,2025-06-09T06:30:00+00:00,0.7361281598758775,TP,1.5,0.5471724238880112,0.9528275761119888,1,
ADA,RANGE_MEAN_REVERSION,SHORT,15305,15306,2025-06-09T10:15:00+00:00,2025-06-09T10:30:00+00:00,0.6745,0.6772949318004735,0.6703076022992898,0.0027949318004735213,1.5,2025-06-09T10:45:00+00:00,0.6772949318004735,SL,-1.0,0.6287571707627664,-1.6287571707627664,1,
UNI,RANGE_MEAN_REVERSION,SHORT,15348,15349,2025-06-09T21:00:00+00:00,2025-06-09T21:15:00+00:00,6.69,6.7471006666846804,6.604348999972981,0.05710066668468006,1.5,2025-06-09T21:15:00+00:00,6.7471006666846804,SL,-1.0,0.3059199109382161,-1.305919910938216,0,True
FET,RANGE_MEAN_REVERSION,LONG,15492,15493,2025-06-11T09:00:00+00:00,2025-06-11T09:15:00+00:00,0.7923,0.7871438425100548,0.8000342362349179,0.005156157489945246,1.5,2025-06-11T09:30:00+00:00,0.7871438425100548,SL,-1.0,0.3982184406250313,-1.3982184406250313,1,
CRV,RANGE_MEAN_REVERSION,LONG,15495,15496,2025-06-11T09:45:00+00:00,2025-06-11T10:00:00+00:00,0.696,0.6902983209567306,0.704552518564904,0.005701679043269348,1.5,2025-06-11T12:00:00+00:00,0.704552518564904,TP,1.5,0.31933019384591205,1.180669806154088,8,
XRP,RANGE_MEAN_REVERSION,LONG,15544,15545,2025-06-11T22:00:00+00:00,2025-06-11T22:15:00+00:00,2.2683,2.250097169575849,2.295604245636226,0.01820283042415083,1.5,2025-06-12T01:30:00+00:00,2.250097169575849,SL,-1.0,0.3226924705432246,-1.3226924705432246,13,
LINK,RANGE_MEAN_REVERSION,LONG,15546,15547,2025-06-11T22:30:00+00:00,2025-06-11T22:45:00+00:00,14.821,14.688298054433508,15.020052918349737,0.13270194556649173,1.5,2025-06-12T01:30:00+00:00,14.688298054433508,SL,-1.0,0.28908458958155836,-1.2890845895815584,11,
CRV,RANGE_MEAN_REVERSION,LONG,15565,15566,2025-06-12T03:15:00+00:00,2025-06-12T03:30:00+00:00,0.653,0.6471426485377041,0.6617860271934439,0.005857351462295934,1.5,2025-06-12T04:00:00+00:00,0.6471426485377041,SL,-1.0,0.28855796924238264,-1.2885579692423828,2,
FET,RANGE_MEAN_REVERSION,LONG,15565,15566,2025-06-12T03:15:00+00:00,2025-06-12T03:30:00+00:00,0.7555,0.7488837398577844,0.7654243902133232,0.006616260142215502,1.5,2025-06-12T04:30:00+00:00,0.7488837398577844,SL,-1.0,0.2955897772726089,-1.2955897772726088,4,
DOGE,RANGE_MEAN_REVERSION,LONG,15565,15566,2025-06-12T03:15:00+00:00,2025-06-12T03:30:00+00:00,0.1906,0.18924852387956936,0.19262721418064593,0.001351476120430628,1.5,2025-06-12T05:00:00+00:00,0.18924852387956936,SL,-1.0,0.3653805447084756,-1.3653805447084757,6,
SOL,RANGE_MEAN_REVERSION,LONG,15545,15546,2025-06-11T22:15:00+00:00,2025-06-11T22:30:00+00:00,159.82,158.5884465537994,161.6673301693009,1.2315534462005928,1.5,2025-06-12T07:30:00+00:00,158.5884465537994,SL,-1.0,0.3361047641066153,-1.3361047641066153,36,
ADA,RANGE_MEAN_REVERSION,LONG,15565,15566,2025-06-12T03:15:00+00:00,2025-06-12T03:30:00+00:00,0.6901,0.6859194690311058,0.6963707964533414,0.004180530968894258,1.5,2025-06-12T07:30:00+00:00,0.6859194690311058,SL,-1.0,0.4278942849725087,-1.4278942849725087,16,
FET,RANGE_MEAN_REVERSION,LONG,15584,15585,2025-06-12T08:00:00+00:00,2025-06-12T08:15:00+00:00,0.7373,0.7261732432366104,0.7539901351450844,0.01112675676338959,1.5,2025-06-12T10:15:00+00:00,0.7261732432366104,SL,-1.0,0.1709856031424581,-1.1709856031424581,8,
SUI,RANGE_MEAN_REVERSION,LONG,15593,15594,2025-06-12T10:15:00+00:00,2025-06-12T10:30:00+00:00,3.2907,3.269809639250801,3.3220355411237987,0.020890360749199033,1.5,2025-06-12T11:15:00+00:00,3.269809639250801,SL,-1.0,0.4082582696114065,-1.4082582696114065,3,
LINK,RANGE_MEAN_REVERSION,LONG,15593,15594,2025-06-12T10:15:00+00:00,2025-06-12T10:30:00+00:00,14.26,14.035506597011388,14.596740104482919,0.2244934029886121,1.5,2025-06-12T20:30:00+00:00,14.035506597011388,SL,-1.0,0.1638540736004646,-1.1638540736004646,40,
AVAX,RANGE_MEAN_REVERSION,LONG,15632,15633,2025-06-12T20:00:00+00:00,2025-06-12T20:15:00+00:00,20.546,20.379231958229518,20.79615206265572,0.16676804177048155,1.5,2025-06-12T20:30:00+00:00,20.379231958229518,SL,-1.0,0.3190227634795879,-1.319022763479588,1,
ADA,RANGE_MEAN_REVERSION,LONG,15632,15633,2025-06-12T20:00:00+00:00,2025-06-12T20:15:00+00:00,0.6676,0.6620263892360089,0.6759604161459867,0.005573610763991099,1.5,2025-06-12T20:45:00+00:00,0.6620263892360089,SL,-1.0,0.31012468921835384,-1.3101246892183538,2,
BNB,RANGE_MEAN_REVERSION,LONG,15804,15805,2025-06-14T15:00:00+00:00,2025-06-14T15:15:00+00:00,645.61,644.7790425612943,646.8564361580586,0.8309574387056955,1.5,2025-06-14T15:30:00+00:00,644.7790425612943,SL,-1.0,2.0187625469032158,-3.0187625469032158,1,
BNB,RANGE_MEAN_REVERSION,LONG,15811,15812,2025-06-14T16:45:00+00:00,2025-06-14T17:00:00+00:00,641.05,639.2897320723453,643.690401891482,1.760267927654695,1.5,2025-06-14T17:15:00+00:00,643.690401891482,TP,1.5,0.94881153955022,0.55118846044978,1,
ETH,RANGE_MEAN_REVERSION,LONG,15811,15812,2025-06-14T16:45:00+00:00,2025-06-14T17:00:00+00:00,2496.44,2484.707494513429,2514.0387582298563,11.732505486570972,1.5,2025-06-14T17:15:00+00:00,2514.0387582298563,TP,1.4999999999999807,0.5551774421204666,0.9448225578795141,1,
BTC,RANGE_MEAN_REVERSION,LONG,15811,15812,2025-06-14T16:45:00+00:00,2025-06-14T17:00:00+00:00,104400.7,104182.66852861173,104727.7472070824,218.03147138826898,1.5,2025-06-14T18:00:00+00:00,104727.7472070824,TP,1.5,1.2469162347901064,0.2530837652098936,4,
BNB,RANGE_MEAN_REVERSION,LONG,15818,15819,2025-06-14T18:30:00+00:00,2025-06-14T18:45:00+00:00,639.11,637.6117271771319,641.3574092343022,1.4982728228681026,1.5,2025-06-14T19:00:00+00:00,641.3574092343022,TP,1.5,1.1110177042510054,0.38898229574899457,1,
DOGE,RANGE_MEAN_REVERSION,SHORT,16013,16014,2025-06-16T19:15:00+00:00,2025-06-16T19:30:00+00:00,0.1806,0.18169475156428797,0.17895787265356808,0.0010947515642879546,1.5,2025-06-16T20:00:00+00:00,0.17895787265356808,TP,1.5,0.42696923183084007,1.07303076816916,2,
BNB,RANGE_MEAN_REVERSION,SHORT,15994,15995,2025-06-16T14:30:00+00:00,2025-06-16T14:45:00+00:00,658.23,660.3585915704119,655.0371126443822,2.1285915704119134,1.5,2025-06-16T22:30:00+00:00,655.0371126443822,TP,1.4999999999999734,0.8020548752372066,0.6979451247627667,31,
CRV,RANGE_MEAN_REVERSION,LONG,16066,16067,2025-06-17T08:30:00+00:00,2025-06-17T08:45:00+00:00,0.589,0.5846032504992142,0.5955951242511786,0.004396749500785724,1.5,2025-06-17T10:30:00+00:00,0.5846032504992142,SL,-1.0,0.34700276314953354,-1.3470027631495336,7,
BTC,RANGE_MEAN_REVERSION,LONG,16074,16075,2025-06-17T10:30:00+00:00,2025-06-17T10:45:00+00:00,105736.0,105453.10483940394,106160.34274089409,282.89516059606103,1.5,2025-06-17T12:45:00+00:00,105453.10483940394,SL,-1.0,0.9704861536434773,-1.9704861536434772,8,
DOGE,RANGE_MEAN_REVERSION,LONG,16074,16075,2025-06-17T10:30:00+00:00,2025-06-17T10:45:00+00:00,0.1709,0.16992835700050107,0.17235746449924838,0.0009716429994989229,1.5,2025-06-17T15:00:00+00:00,0.16992835700050107,SL,-1.0,0.45600787977595325,-1.4560078797759533,17,
UNI,RANGE_MEAN_REVERSION,SHORT,16147,16148,2025-06-18T04:45:00+00:00,2025-06-18T05:00:00+00:00,7.73,7.843596129580449,7.559605805629327,0.11359612958044885,1.5,2025-06-18T06:15:00+00:00,7.559605805629327,TP,1.5,0.17497504202589567,1.3250249579741042,5,
BNB,RANGE_MEAN_REVERSION,LONG,16168,16169,2025-06-18T10:00:00+00:00,2025-06-18T10:15:00+00:00,647.28,645.9431046806345,649.2853429790482,1.3368953193654534,1.5,2025-06-18T10:15:00+00:00,645.9431046806345,SL,-1.0,1.2575330407191403,-2.2575330407191405,0,True
CRV,RANGE_MEAN_REVERSION,LONG,16170,16171,2025-06-18T10:30:00+00:00,2025-06-18T10:45:00+00:00,0.572,0.5669421755774746,0.5795867366337879,0.005057824422525337,1.5,2025-06-18T10:45:00+00:00,0.5669421755774746,SL,-1.0,0.2927394675182202,-1.2927394675182202,0,True
UNI,RANGE_MEAN_REVERSION,LONG,16171,16172,2025-06-18T10:45:00+00:00,2025-06-18T11:00:00+00:00,7.162,7.076172787484579,7.290740818773132,0.08582721251542136,1.5,2025-06-18T11:45:00+00:00,7.290740818773132,TP,1.500000000000005,0.2189114910498714,1.2810885089501336,3,
XRP,RANGE_MEAN_REVERSION,LONG,16171,16172,2025-06-18T10:45:00+00:00,2025-06-18T11:00:00+00:00,2.1283,2.118111377655326,2.1435829335170107,0.010188622344673881,1.5,2025-06-18T12:00:00+00:00,2.1435829335170107,TP,1.5,0.5450636627507534,0.9549363372492466,4,
ETH,RANGE_MEAN_REVERSION,LONG,16180,16181,2025-06-18T13:00:00+00:00,2025-06-18T13:15:00+00:00,2481.96,2469.557122019294,2500.564316971059,12.402877980705853,1.5,2025-06-18T13:15:00+00:00,2469.557122019294,SL,-1.0,0.5189902108719087,-1.5189902108719087,0,True
CRV,RANGE_MEAN_REVERSION,LONG,16339,16340,2025-06-20T04:45:00+00:00,2025-06-20T05:00:00+00:00,0.571,0.5678070588273912,0.5757894117589131,0.00319294117260871,1.5,2025-06-20T05:15:00+00:00,0.5678070588273912,SL,-1.0,0.4636631545785875,-1.4636631545785874,1,
XRP,RANGE_MEAN_REVERSION,LONG,16341,16342,2025-06-20T05:15:00+00:00,2025-06-20T05:30:00+00:00,2.142,2.1347074340461276,2.152938848930808,0.0072925659538722876,1.5,2025-06-20T06:00:00+00:00,2.152938848930808,TP,1.4999999999999696,0.7656318144980649,0.7343681855019046,2,
BTC,RANGE_MEAN_REVERSION,SHORT,16353,16354,2025-06-20T08:15:00+00:00,2025-06-20T08:30:00+00:00,106358.6,106583.81869892038,106020.77195161945,225.21869892037648,1.5,2025-06-20T08:30:00+00:00,106020.77195161945,TP,1.4999999999999678,1.2258892572446434,0.27411074275532443,0,True
ETH,RANGE_MEAN_REVERSION,SHORT,16353,16354,2025-06-20T08:15:00+00:00,2025-06-20T08:30:00+00:00,2559.99,2574.2735075245014,2538.5647387132476,14.283507524501601,1.5,2025-06-20T13:45:00+00:00,2538.5647387132476,TP,1.499999999999984,0.4640401630312088,1.0359598369687752,21,
FET,RANGE_MEAN_REVERSION,LONG,16381,16382,2025-06-20T15:15:00+00:00,2025-06-20T15:30:00+00:00,0.6689,0.6637708799689581,0.676593680046563,0.005129120031041934,1.5,2025-06-20T15:30:00+00:00,0.6637708799689581,SL,-1.0,0.3377718075370737,-1.3377718075370737,0,True
XRP,RANGE_MEAN_REVERSION,LONG,16380,16381,2025-06-20T15:00:00+00:00,2025-06-20T15:15:00+00:00,2.1374,2.12614536139119,2.1542819579132146,0.01125463860880993,1.5,2025-06-20T16:00:00+00:00,2.12614536139119,SL,-1.0,0.4924732958968483,-1.4924732958968483,3,
ETH,RANGE_MEAN_REVERSION,LONG,16380,16381,2025-06-20T15:00:00+00:00,2025-06-20T15:15:00+00:00,2497.56,2479.234404930252,2525.0483926046218,18.325595069748033,1.5,2025-06-20T16:15:00+00:00,2479.234404930252,SL,-1.0,0.35304898431864584,-1.353048984318646,4,
UNI,RANGE_MEAN_REVERSION,LONG,16385,16386,2025-06-20T16:15:00+00:00,2025-06-20T16:30:00+00:00,7.471,7.383307918510418,7.602538122234373,0.08769208148958185,1.5,2025-06-20T17:15:00+00:00,7.383307918510418,SL,-1.0,0.22020916787518285,-1.2202091678751827,3,
UNI,RANGE_MEAN_REVERSION,LONG,16449,16450,2025-06-21T08:15:00+00:00,2025-06-21T08:30:00+00:00,6.898,6.815299425103999,7.022050862344001,0.08270057489600102,1.5,2025-06-21T09:45:00+00:00,7.022050862344001,TP,1.4999999999999947,0.2188142723772315,1.2811857276227632,5,
UNI,RANGE_MEAN_REVERSION,LONG,16471,16472,2025-06-21T13:45:00+00:00,2025-06-21T14:00:00+00:00,6.741,6.685583742014927,6.8241243869776085,0.05541625798507255,1.5,2025-06-21T14:30:00+00:00,6.8241243869776085,TP,1.5,0.31822180609562506,1.181778193904375,2,
BTC,RANGE_MEAN_REVERSION,LONG,16492,16493,2025-06-21T19:00:00+00:00,2025-06-21T19:15:00+00:00,102572.9,102311.38412703076,102965.17380945385,261.5158729692339,1.5,2025-06-21T19:30:00+00:00,102311.38412703076,SL,-1.0,1.0184833767106547,-2.0184833767106545,1,
UNI,RANGE_MEAN_REVERSION,LONG,16565,16566,2025-06-22T13:15:00+00:00,2025-06-22T13:30:00+00:00,6.188,6.0812213585783965,6.348167962132404,0.1067786414216032,1.5,2025-06-22T14:45:00+00:00,6.348167962132404,TP,1.4999999999999958,0.15262432761646796,1.3473756723835277,5,
UNI,RANGE_MEAN_REVERSION,SHORT,16731,16732,2025-06-24T06:45:00+00:00,2025-06-24T07:00:00+00:00,7.025,7.149156705318029,6.838764942022957,0.12415670531802903,1.5,2025-06-24T08:00:00+00:00,6.838764942022957,TP,1.5,0.14516247333129503,1.354837526668705,4,
UNI,RANGE_MEAN_REVERSION,SHORT,16807,16808,2025-06-25T01:45:00+00:00,2025-06-25T02:00:00+00:00,7.274,7.327162718687974,7.194255921968038,0.0531627186879744,1.5,2025-06-25T02:00:00+00:00,7.327162718687974,SL,-1.0,0.357045538729908,-1.357045538729908,0,True
BTC,RANGE_MEAN_REVERSION,SHORT,16854,16855,2025-06-25T13:30:00+00:00,2025-06-25T13:45:00+00:00,107808.1,108209.22433800202,107206.41349299697,401.1243380020169,1.5,2025-06-25T14:15:00+00:00,107206.41349299697,TP,1.5000000000000182,0.6968384639365628,0.8031615360634554,2,
XRP,RANGE_MEAN_REVERSION,SHORT,16855,16856,2025-06-25T13:45:00+00:00,2025-06-25T14:00:00+00:00,2.2224,2.235290696727865,2.203063954908202,0.012890696727865247,1.5,2025-06-25T14:15:00+00:00,2.203063954908202,TP,1.5,0.44629885124396995,1.05370114875603,1,
SOL,RANGE_MEAN_REVERSION,SHORT,16904,16905,2025-06-26T02:00:00+00:00,2025-06-26T02:15:00+00:00,145.84,146.72960930187,144.505586047195,0.8896093018699958,1.5,2025-06-26T03:00:00+00:00,146.72960930187,SL,-1.0,0.4275365503631082,-1.4275365503631083,3,
LINK,RANGE_MEAN_REVERSION,SHORT,16908,16909,2025-06-26T03:00:00+00:00,2025-06-26T03:15:00+00:00,13.429,13.606759174870426,13.162361237694363,0.1777591748704257,1.5,2025-06-26T10:00:00+00:00,13.162361237694363,TP,1.499999999999995,0.1944696786210948,1.3055303213789,27,
DOGE,RANGE_MEAN_REVERSION,LONG,16935,16936,2025-06-26T09:45:00+00:00,2025-06-26T10:00:00+00:00,0.16237,0.16177182983785687,0.16326725524321467,0.0005981701621431135,1.5,2025-06-26T10:45:00+00:00,0.16177182983785687,SL,-1.0,0.7044556974882958,-1.7044556974882958,3,
XRP,RANGE_MEAN_REVERSION,LONG,16947,16948,2025-06-26T12:45:00+00:00,2025-06-26T13:00:00+00:00,2.1562,2.149533448663127,2.1661998270053098,0.0066665513368731055,1.5,2025-06-26T13:00:00+00:00,2.149533448663127,SL,-1.0,0.8396325476865686,-1.8396325476865685,0,True
BNB,RANGE_MEAN_REVERSION,LONG,16945,16946,2025-06-26T12:15:00+00:00,2025-06-26T12:30:00+00:00,643.14,641.7345319295757,645.2482021056364,1.4054680704242628,1.5,2025-06-26T13:45:00+00:00,641.7345319295757,SL,-1.0,1.1884559504821985,-2.1884559504821985,5,
AVAX,RANGE_MEAN_REVERSION,LONG,16949,16950,2025-06-26T13:15:00+00:00,2025-06-26T13:30:00+00:00,17.221,17.141756956837547,17.339864564743678,0.07924304316245312,1.5,2025-06-26T13:45:00+00:00,17.141756956837547,SL,-1.0,0.5637287799802098,-1.5637287799802098,1,
XRP,RANGE_MEAN_REVERSION,LONG,16952,16953,2025-06-26T14:00:00+00:00,2025-06-26T14:15:00+00:00,2.1194,2.1063980066331704,2.1389029900502448,0.013001993366829723,1.5,2025-06-26T14:30:00+00:00,2.1389029900502448,TP,1.5,0.42576501393917504,1.074234986060825,1,
ETH,RANGE_MEAN_REVERSION,LONG,17063,17064,2025-06-27T17:45:00+00:00,2025-06-27T18:00:00+00:00,2403.49,2387.128592521771,2428.0321112173424,16.361407478228557,1.5,2025-06-27T18:45:00+00:00,2387.128592521771,SL,-1.0,0.38063987945813227,-1.3806398794581323,3,
SOL,RANGE_MEAN_REVERSION,SHORT,17117,17118,2025-06-28T07:15:00+00:00,2025-06-28T07:30:00+00:00,145.18,145.64649535354297,144.48025696968557,0.46649535354296745,1.5,2025-06-28T07:30:00+00:00,145.64649535354297,SL,-1.0,0.8104570411863334,-1.8104570411863334,0,True
UNI,RANGE_MEAN_REVERSION,SHORT,17129,17130,2025-06-28T10:15:00+00:00,2025-06-28T10:30:00+00:00,7.08,7.113239029244453,7.03014145613332,0.0332390292444531,1.5,2025-06-28T10:30:00+00:00,7.03014145613332,TP,1.5000000000000133,0.5518567873348591,0.9481432126651542,0,True
SOL,RANGE_MEAN_REVERSION,SHORT,17151,17152,2025-06-28T15:45:00+00:00,2025-06-28T16:00:00+00:00,148.1,149.17323631151444,146.49014553272832,1.0732363115144494,1.5,2025-06-28T16:00:00+00:00,149.17323631151444,SL,-1.0,0.3600839843553558,-1.3600839843553558,0,True
AVAX,RANGE_MEAN_REVERSION,SHORT,17152,17153,2025-06-28T16:00:00+00:00,2025-06-28T16:15:00+00:00,17.833,17.923959738026674,17.696560392959984,0.09095973802667601,1.5,2025-06-28T16:30:00+00:00,17.923959738026674,SL,-1.0,0.51103981462438,-1.51103981462438,1,
ETH,RANGE_MEAN_REVERSION,SHORT,17152,17153,2025-06-28T16:00:00+00:00,2025-06-28T16:15:00+00:00,2437.51,2447.0296892579763,2423.230466113036,9.519689257976097,1.5,2025-06-28T17:45:00+00:00,2447.0296892579763,SL,-1.0,0.6670282426199036,-1.6670282426199035,6,
LINK,RANGE_MEAN_REVERSION,SHORT,17152,17153,2025-06-28T16:00:00+00:00,2025-06-28T16:15:00+00:00,13.295,13.351724652672216,13.209913020991676,0.056724652672215825,1.5,2025-06-28T17:45:00+00:00,13.351724652672216,SL,-1.0,0.6106823121270725,-1.6106823121270724,6,
SUI,RANGE_MEAN_REVERSION,SHORT,17159,17160,2025-06-28T17:45:00+00:00,2025-06-28T18:00:00+00:00,2.7838,2.8024531051877606,2.7558203422183585,0.018653105187760755,1.5,2025-06-28T20:00:00+00:00,2.7558203422183585,TP,1.500000000000012,0.3860754749621601,1.1139245250378518,8,
SUI,RANGE_MEAN_REVERSION,SHORT,17176,17177,2025-06-28T22:00:00+00:00,2025-06-28T22:15:00+00:00,2.802,2.8175136563904712,2.7787295154142932,0.015513656390471198,1.5,2025-06-28T22:30:00+00:00,2.8175136563904712,SL,-1.0,0.47089915938802906,-1.4708991593880292,1,
BTC,RANGE_MEAN_REVERSION,SHORT,17219,17220,2025-06-29T08:45:00+00:00,2025-06-29T09:00:00+00:00,107658.0,107741.62159636823,107532.56760544765,83.62159636823344,1.5,2025-06-29T09:00:00+00:00,107741.62159636823,SL,-1.0,3.3486505907181394,-4.348650590718139,0,True
ETH,RANGE_MEAN_REVERSION,SHORT,17221,17222,2025-06-29T09:15:00+00:00,2025-06-29T09:30:00+00:00,2447.48,2452.6399373640606,2439.7400939539093,5.1599373640606245,1.5,2025-06-29T09:30:00+00:00,2452.6399373640606,SL,-1.0,1.2345413265947613,-2.234541326594761,0,True
BTC,RANGE_MEAN_REVERSION,SHORT,17225,17226,2025-06-29T10:15:00+00:00,2025-06-29T10:30:00+00:00,108097.7,108340.47444803898,107733.53832794153,242.77444803898106,1.5,2025-06-29T11:45:00+00:00,108340.47444803898,SL,-1.0,1.1589754566645027,-2.1589754566645025,5,
SUI,RANGE_MEAN_REVERSION,SHORT,17222,17223,2025-06-29T09:30:00+00:00,2025-06-29T09:45:00+00:00,2.8308,2.8449094098810295,2.809635885178456,0.014109409881029489,1.5,2025-06-29T12:00:00+00:00,2.809635885178456,TP,1.4999999999999842,0.5196933615622608,0.9803066384377235,9,
SOL,RANGE_MEAN_REVERSION,SHORT,17222,17223,2025-06-29T09:30:00+00:00,2025-06-29T09:45:00+00:00,151.43,152.5869824935829,149.69452625962566,1.1569824935828876,1.5,2025-06-29T16:45:00+00:00,149.69452625962566,TP,1.5000000000000122,0.3383472838255772,1.161652716174435,28,
UNI,RANGE_MEAN_REVERSION,SHORT,17223,17224,2025-06-29T09:45:00+00:00,2025-06-29T10:00:00+00:00,7.219,7.326372626925258,7.057941059612114,0.10737262692525729,1.5,2025-06-29T22:00:00+00:00,7.326372626925258,SL,-1.0,0.1761061916475741,-1.1761061916475741,48,
XRP,RANGE_MEAN_REVERSION,SHORT,17275,17276,2025-06-29T22:45:00+00:00,2025-06-29T23:00:00+00:00,2.2131,2.2225910839869965,2.198863374019505,0.009491083986996607,1.5,2025-06-30T01:00:00+00:00,2.198863374019505,TP,1.5,0.6043095176571434,0.8956904823428566,8,
SUI,RANGE_MEAN_REVERSION,LONG,17331,17332,2025-06-30T12:45:00+00:00,2025-06-30T13:00:00+00:00,2.7512,2.7343631699691735,2.7764552450462396,0.016836830030826366,1.5,2025-06-30T13:15:00+00:00,2.7764552450462396,TP,1.500000000000013,0.42679957007366776,1.0732004299263453,1,
FET,RANGE_MEAN_REVERSION,LONG,17331,17332,2025-06-30T12:45:00+00:00,2025-06-30T13:00:00+00:00,0.6773,0.6717716414063067,0.6855925378905399,0.005528358593693272,1.5,2025-06-30T13:45:00+00:00,0.6717716414063067,SL,-1.0,0.317235776968035,-1.317235776968035,3,
BNB,RANGE_MEAN_REVERSION,LONG,17394,17395,2025-07-01T04:30:00+00:00,2025-07-01T04:45:00+00:00,654.0,653.0823271991319,655.3765092013022,0.9176728008681039,1.5,2025-07-01T04:45:00+00:00,653.0823271991319,SL,-1.0,1.851648020679537,-2.851648020679537,0,True
CRV,RANGE_MEAN_REVERSION,LONG,17394,17395,2025-07-01T04:30:00+00:00,2025-07-01T04:45:00+00:00,0.508,0.5049666812670884,0.5125499780993674,0.003033318732911572,1.5,2025-07-01T04:45:00+00:00,0.5049666812670884,SL,-1.0,0.43413066729826055,-1.4341306672982606,0,True
FET,RANGE_MEAN_REVERSION,LONG,17397,17398,2025-07-01T05:15:00+00:00,2025-07-01T05:30:00+00:00,0.6608,0.6558590086460387,0.668211487030942,0.00494099135396131,1.5,2025-07-01T06:30:00+00:00,0.668211487030942,TP,1.5,0.34966969366483,1.15033030633517,4,
SOL,RANGE_MEAN_REVERSION,LONG,17398,17399,2025-07-01T05:30:00+00:00,2025-07-01T05:45:00+00:00,151.26,150.51731996860693,152.37402004708957,0.7426800313930642,1.5,2025-07-01T07:15:00+00:00,150.51731996860693,SL,-1.0,0.5282362516510939,-1.528236251651094,6,
SUI,RANGE_MEAN_REVERSION,LONG,17414,17415,2025-07-01T09:30:00+00:00,2025-07-01T09:45:00+00:00,2.7314,2.704834242013259,2.771248636980111,0.026565757986740657,1.5,2025-07-01T11:00:00+00:00,2.704834242013259,SL,-1.0,0.2660230706816093,-1.2660230706816094,5,
DOGE,RANGE_MEAN_REVERSION,LONG,17425,17426,2025-07-01T12:15:00+00:00,2025-07-01T12:30:00+00:00,0.16014,0.15950743092907688,0.1610888536063847,0.000632569070923128,1.5,2025-07-01T13:00:00+00:00,0.15950743092907688,SL,-1.0,0.6569111252963837,-1.6569111252963837,2,
ADA,RANGE_MEAN_REVERSION,LONG,17427,17428,2025-07-01T12:45:00+00:00,2025-07-01T13:00:00+00:00,0.5524,0.5488876936670656,0.5576684594994017,0.003512306332934423,1.5,2025-07-01T13:30:00+00:00,0.5488876936670656,SL,-1.0,0.4076164964150682,-1.4076164964150681,2,
ETH,RANGE_MEAN_REVERSION,LONG,17427,17428,2025-07-01T12:45:00+00:00,2025-07-01T13:00:00+00:00,2436.25,2427.983081591063,2448.650377613405,8.266918408936817,1.5,2025-07-01T13:30:00+00:00,2427.983081591063,SL,-1.0,0.7649165859956306,-1.7649165859956306,2,
CRV,RANGE_MEAN_REVERSION,LONG,17449,17450,2025-07-01T18:15:00+00:00,2025-07-01T18:30:00+00:00,0.498,0.4942023873147121,0.5036964190279318,0.0037976126852878878,1.5,2025-07-01T19:00:00+00:00,0.5036964190279318,TP,1.5,0.34290104143087313,1.157098958569127,2,
LINK,RANGE_MEAN_REVERSION,LONG,17451,17452,2025-07-01T18:45:00+00:00,2025-07-01T19:00:00+00:00,12.848,12.778791684887588,12.95181247266862,0.06920831511241232,1.5,2025-07-01T20:00:00+00:00,12.778791684887588,SL,-1.0,0.48137032575120364,-1.4813703257512036,4,
AVAX,RANGE_MEAN_REVERSION,LONG,17451,17452,2025-07-01T18:45:00+00:00,2025-07-01T19:00:00+00:00,17.091,17.000399061137742,17.22690140829339,0.09060093886225928,1.5,2025-07-01T22:00:00+00:00,17.000399061137742,SL,-1.0,0.48916511612376357,-1.4891651161237636,12,
ADA,RANGE_MEAN_REVERSION,SHORT,17489,17490,2025-07-02T04:15:00+00:00,2025-07-02T04:30:00+00:00,0.5515,0.5541640033012323,0.5475039950481515,0.0026640033012322872,1.5,2025-07-02T05:15:00+00:00,0.5541640033012323,SL,-1.0,0.5395500837505423,-1.5395500837505423,3,
AVAX,RANGE_MEAN_REVERSION,SHORT,17494,17495,2025-07-02T05:30:00+00:00,2025-07-02T05:45:00+00:00,17.559,17.629974264487757,17.452538603268366,0.07097426448775579,1.5,2025-07-02T06:45:00+00:00,17.629974264487757,SL,-1.0,0.6445387898556659,-1.644538789855666,4,
SUI,RANGE_MEAN_REVERSION,SHORT,17515,17516,2025-07-02T10:45:00+00:00,2025-07-02T11:00:00+00:00,2.7698,2.784097657050501,2.7483535144242484,0.014297657050501122,1.5,2025-07-02T11:30:00+00:00,2.7483535144242484,TP,1.5,0.5017325246656476,0.9982674753343524,2,
BTC,RANGE_MEAN_REVERSION,SHORT,17506,17507,2025-07-02T08:30:00+00:00,2025-07-02T08:45:00+00:00,107612.7,107844.86034494443,107264.45948258333,232.16034494443738,1.5,2025-07-02T12:15:00+00:00,107264.45948258333,TP,1.5000000000000313,1.203221451941814,0.29677854805821724,14,
DOGE,RANGE_MEAN_REVERSION,SHORT,17529,17530,2025-07-02T14:15:00+00:00,2025-07-02T14:30:00+00:00,0.1633,0.1642840089416432,0.16182398658753522,0.0009840089416431885,1.5,2025-07-02T15:00:00+00:00,0.1642840089416432,SL,-1.0,0.4327798189648534,-1.4327798189648533,2,
ADA,RANGE_MEAN_REVERSION,SHORT,17532,17533,2025-07-02T15:00:00+00:00,2025-07-02T15:15:00+00:00,0.5724,0.576173786608123,0.5667393200878155,0.0037737866081229976,1.5,2025-07-02T15:30:00+00:00,0.576173786608123,SL,-1.0,0.39566252086871956,-1.3956625208687194,1,
ETH,RANGE_MEAN_REVERSION,SHORT,17535,17536,2025-07-02T15:45:00+00:00,2025-07-02T16:00:00+00:00,2497.73,2510.0264060553814,2479.285390916928,12.29640605538134,1.5,2025-07-02T16:00:00+00:00,2510.0264060553814,SL,-1.0,0.5294297617166729,-1.5294297617166728,0,True
LINK,RANGE_MEAN_REVERSION,SHORT,17535,17536,2025-07-02T15:45:00+00:00,2025-07-02T16:00:00+00:00,13.359,13.41533983076719,13.274490253849216,0.056339830767189625,1.5,2025-07-02T16:00:00+00:00,13.41533983076719,SL,-1.0,0.6177981244535,-1.6177981244535,0,True
XRP,RANGE_MEAN_REVERSION,SHORT,17535,17536,2025-07-02T15:45:00+00:00,2025-07-02T16:00:00+00:00,2.2111,2.2201896564800685,2.197465515279897,0.009089656480068431,1.5,2025-07-02T16:00:00+00:00,2.2201896564800685,SL,-1.0,0.6337617451282075,-1.6337617451282074,0,True
CRV,RANGE_MEAN_REVERSION,SHORT,17537,17538,2025-07-02T16:15:00+00:00,2025-07-02T16:30:00+00:00,0.526,0.533015836609578,0.5154762450856332,0.007015836609577941,1.5,2025-07-02T16:45:00+00:00,0.533015836609578,SL,-1.0,0.1962304232845115,-1.1962304232845116,1,
FET,RANGE_MEAN_REVERSION,SHORT,17589,17590,2025-07-03T05:15:00+00:00,2025-07-03T05:30:00+00:00,0.733,0.7376465547662906,0.7260301678505641,0.0046465547662906115,1.5,2025-07-03T05:45:00+00:00,0.7376465547662906,SL,-1.0,0.41145334927848454,-1.4114533492784846,1,
CRV,RANGE_MEAN_REVERSION,SHORT,17591,17592,2025-07-03T05:45:00+00:00,2025-07-03T06:00:00+00:00,0.542,0.5456615097951076,0.5365077353073386,0.003661509795107598,1.5,2025-07-03T06:15:00+00:00,0.5456615097951076,SL,-1.0,0.38616855938032224,-1.3861685593803221,1,
XRP,RANGE_MEAN_REVERSION,SHORT,17591,17592,2025-07-03T05:45:00+00:00,2025-07-03T06:00:00+00:00,2.2693,2.2783622166866957,2.2557066749699564,0.009062216686695823,1.5,2025-07-03T07:30:00+00:00,2.2783622166866957,SL,-1.0,0.652374698827497,-1.652374698827497,6,
SOL,RANGE_MEAN_REVERSION,SHORT,17590,17591,2025-07-03T05:30:00+00:00,2025-07-03T05:45:00+00:00,155.56,156.24650768335562,154.53023847496658,0.6865076833556145,1.5,2025-07-03T09:15:00+00:00,156.24650768335562,SL,-1.0,0.5904499975980454,-1.5904499975980455,14,
BNB,RANGE_MEAN_REVERSION,LONG,17689,17690,2025-07-04T06:15:00+00:00,2025-07-04T06:30:00+00:00,658.32,657.3439604312495,659.7840593531259,0.9760395687505934,1.5,2025-07-04T07:00:00+00:00,657.3439604312495,SL,-1.0,1.7523502154221293,-2.7523502154221293,2,
CRV,RANGE_MEAN_REVERSION,LONG,17691,17692,2025-07-04T06:45:00+00:00,2025-07-04T07:00:00+00:00,0.512,0.5089467442803367,0.516579883579495,0.003053255719663306,1.5,2025-07-04T07:00:00+00:00,0.5089467442803367,SL,-1.0,0.4346936154141707,-1.4346936154141707,0,True
DOGE,RANGE_MEAN_REVERSION,LONG,17689,17690,2025-07-04T06:15:00+00:00,2025-07-04T06:30:00+00:00,0.1682,0.167452299824689,0.16932155026296647,0.000747700175310978,1.5,2025-07-04T07:15:00+00:00,0.167452299824689,SL,-1.0,0.5835868496227288,-1.5835868496227288,3,
FET,RANGE_MEAN_REVERSION,LONG,17693,17694,2025-07-04T07:15:00+00:00,2025-07-04T07:30:00+00:00,0.6953,0.6908405663388777,0.7019891504916835,0.004459433661122336,1.5,2025-07-04T07:45:00+00:00,0.6908405663388777,SL,-1.0,0.40408331487254906,-1.4040833148725491,1,
LINK,RANGE_MEAN_REVERSION,LONG,17693,17694,2025-07-04T07:15:00+00:00,2025-07-04T07:30:00+00:00,13.395,13.33438755985128,13.48591866022308,0.060612440148720026,1.5,2025-07-04T08:00:00+00:00,13.33438755985128,SL,-1.0,0.5732850177710664,-1.5732850177710664,2,
AVAX,RANGE_MEAN_REVERSION,LONG,17694,17695,2025-07-04T07:30:00+00:00,2025-07-04T07:45:00+00:00,18.166,18.05261954273773,18.336070685893404,0.11338045726227008,1.5,2025-07-04T08:00:00+00:00,18.05261954273773,SL,-1.0,0.41527619964209983,-1.4152761996420997,1,
CRV,RANGE_MEAN_REVERSION,LONG,17719,17720,2025-07-04T13:45:00+00:00,2025-07-04T14:00:00+00:00,0.502,0.49868888284493024,0.5069666757326047,0.003311117155069765,1.5,2025-07-04T14:00:00+00:00,0.49868888284493024,SL,-1.0,0.3928871999308643,-1.3928871999308643,0,True
AVAX,RANGE_MEAN_REVERSION,LONG,17720,17721,2025-07-04T14:00:00+00:00,2025-07-04T14:15:00+00:00,17.88,17.782830966915878,18.02575354962618,0.09716903308412128,1.5,2025-07-04T14:15:00+00:00,17.782830966915878,SL,-1.0,0.47712402589057723,-1.4771240258905771,0,True
DOGE,RANGE_MEAN_REVERSION,LONG,17720,17721,2025-07-04T14:00:00+00:00,2025-07-04T14:15:00+00:00,0.16414,0.16322790494523964,0.16550814258214055,0.0009120950547603646,1.5,2025-07-04T14:15:00+00:00,0.16322790494523964,SL,-1.0,0.46659421538100987,-1.4665942153810099,0,True
LINK,RANGE_MEAN_REVERSION,LONG,17720,17721,2025-07-04T14:00:00+00:00,2025-07-04T14:15:00+00:00,13.168,13.094861997909895,13.277707003135156,0.07313800209010424,1.5,2025-07-04T14:15:00+00:00,13.094861997909895,SL,-1.0,0.4668123222072855,-1.4668123222072855,0,True
BNB,RANGE_MEAN_REVERSION,LONG,17720,17721,2025-07-04T14:00:00+00:00,2025-07-04T14:15:00+00:00,654.29,652.7830745853106,656.5503881220341,1.5069254146893627,1.5,2025-07-04T15:15:00+00:00,652.7830745853106,SL,-1.0,1.127590642773236,-2.127590642773236,4,
SOL,RANGE_MEAN_REVERSION,LONG,17720,17721,2025-07-04T14:00:00+00:00,2025-07-04T14:15:00+00:00,148.11,147.23870176519281,149.4169473522108,0.8712982348071989,1.5,2025-07-04T15:15:00+00:00,147.23870176519281,SL,-1.0,0.44066807088127746,-1.4406680708812774,4,
ADA,RANGE_MEAN_REVERSION,LONG,17720,17721,2025-07-04T14:00:00+00:00,2025-07-04T14:15:00+00:00,0.5729,0.5695766569695699,0.577885014545645,0.003323343030430026,1.5,2025-07-04T16:00:00+00:00,0.5695766569695699,SL,-1.0,0.44690531204907247,-1.4469053120490725,7,
FET,RANGE_MEAN_REVERSION,LONG,17720,17721,2025-07-04T14:00:00+00:00,2025-07-04T14:15:00+00:00,0.6801,0.675524157625141,0.6869637635622887,0.004575842374859085,1.5,2025-07-04T16:00:00+00:00,0.675524157625141,SL,-1.0,0.3851337656636292,-1.3851337656636291,7,
AVAX,RANGE_MEAN_REVERSION,LONG,17725,17726,2025-07-04T15:15:00+00:00,2025-07-04T15:30:00+00:00,17.762,17.663421630680478,17.909867553979282,0.09857836931952235,1.5,2025-07-04T16:00:00+00:00,17.663421630680478,SL,-1.0,0.46717194084041647,-1.4671719408404165,2,
DOGE,RANGE_MEAN_REVERSION,LONG,17725,17726,2025-07-04T15:15:00+00:00,2025-07-04T15:30:00+00:00,0.1631,0.1621758553148109,0.16448621702778363,0.0009241446851890878,1.5,2025-07-04T16:00:00+00:00,0.1621758553148109,SL,-1.0,0.45756754184301107,-1.457567541843011,2,
BTC,RANGE_MEAN_REVERSION,LONG,17720,17721,2025-07-04T14:00:00+00:00,2025-07-04T14:15:00+00:00,107689.0,107380.4921370056,108151.76179449161,308.5078629944037,1.5,2025-07-04T16:15:00+00:00,107380.4921370056,SL,-1.0,0.9062664953313655,-1.9062664953313655,8,
SUI,RANGE_MEAN_REVERSION,LONG,17728,17729,2025-07-04T16:00:00+00:00,2025-07-04T16:15:00+00:00,2.8365,2.811881046505315,2.873428430242028,0.024618953494685236,1.5,2025-07-04T22:00:00+00:00,2.873428430242028,TP,1.5,0.3015118803046239,1.198488119695376,23,
FET,RANGE_MEAN_REVERSION,LONG,17836,17837,2025-07-05T19:00:00+00:00,2025-07-05T19:15:00+00:00,0.6532,0.6500790648727602,0.6578814026908597,0.0031209351272397656,1.5,2025-07-05T19:30:00+00:00,0.6578814026908597,TP,1.5000000000000178,0.5461202344841872,0.9538797655158305,1,
ETH,RANGE_MEAN_REVERSION,LONG,17826,17827,2025-07-05T16:30:00+00:00,2025-07-05T16:45:00+00:00,2496.85,2485.9533945221165,2513.194908216825,10.89660547788344,1.5,2025-07-05T21:15:00+00:00,2513.194908216825,TP,1.4999999999999791,0.5977144344540379,0.9022855655459412,18,
XRP,RANGE_MEAN_REVERSION,SHORT,17891,17892,2025-07-06T08:45:00+00:00,2025-07-06T09:00:00+00:00,2.2416,2.2556150824209906,2.220577376368514,0.014015082420990588,1.5,2025-07-06T09:30:00+00:00,2.2556150824209906,SL,-1.0,0.4171491420122569,-1.4171491420122568,2,
DOGE,RANGE_MEAN_REVERSION,SHORT,17907,17908,2025-07-06T12:45:00+00:00,2025-07-06T13:00:00+00:00,0.16684,0.16779069266877744,0.1654139609968338,0.0009506926687774531,1.5,2025-07-06T13:15:00+00:00,0.16779069266877744,SL,-1.0,0.45758205017908277,-1.4575820501790828,1,
AVAX,RANGE_MEAN_REVERSION,SHORT,17910,17911,2025-07-06T13:30:00+00:00,2025-07-06T13:45:00+00:00,18.205,18.275968571787704,18.098547142318438,0.07096857178770577,1.5,2025-07-06T13:45:00+00:00,18.275968571787704,SL,-1.0,0.6682572010211951,-1.6682572010211951,0,True
BNB,RANGE_MEAN_REVERSION,SHORT,17910,17911,2025-07-06T13:30:00+00:00,2025-07-06T13:45:00+00:00,660.1,660.9664801109919,658.8002798335121,0.8664801109919154,1.5,2025-07-06T13:45:00+00:00,660.9664801109919,SL,-1.0,1.9820263643192997,-2.9820263643192995,0,True
ETH,RANGE_MEAN_REVERSION,SHORT,17910,17911,2025-07-06T13:30:00+00:00,2025-07-06T13:45:00+00:00,2540.95,2547.825207987812,2530.6371880182814,6.875207987812246,1.5,2025-07-06T13:45:00+00:00,2547.825207987812,SL,-1.0,0.9622120206561546,-1.9622120206561546,0,True
SUI,RANGE_MEAN_REVERSION,SHORT,17911,17912,2025-07-06T13:45:00+00:00,2025-07-06T14:00:00+00:00,2.947,2.964318378744934,2.921022431882599,0.017318378744934027,1.5,2025-07-06T14:15:00+00:00,2.921022431882599,TP,1.5000000000000129,0.44048171447219603,1.059518285527817,1,
ADA,RANGE_MEAN_REVERSION,SHORT,17911,17912,2025-07-06T13:45:00+00:00,2025-07-06T14:00:00+00:00,0.5868,0.5918477409434356,0.5792283885848466,0.00504774094343563,1.5,2025-07-06T18:30:00+00:00,0.5792283885848466,TP,1.499999999999989,0.3003000594021334,1.1996999405978555,18,
BTC,RANGE_MEAN_REVERSION,SHORT,17911,17912,2025-07-06T13:45:00+00:00,2025-07-06T14:00:00+00:00,108713.2,109017.66201553505,108256.50697669742,304.4620155350567,1.5,2025-07-06T18:45:00+00:00,108256.50697669742,TP,1.499999999999976,0.9264230172490246,0.5735769827509514,19,
LINK,RANGE_MEAN_REVERSION,SHORT,17911,17912,2025-07-06T13:45:00+00:00,2025-07-06T14:00:00+00:00,13.428,13.525961624642282,13.28105756303658,0.09796162464228075,1.5,2025-07-06T18:45:00+00:00,13.28105756303658,TP,1.5,0.3544426193291353,1.1455573806708648,19,
XRP,RANGE_MEAN_REVERSION,SHORT,17994,17995,2025-07-07T10:30:00+00:00,2025-07-07T10:45:00+00:00,2.2915,2.3019554017570982,2.275816897364353,0.010455401757098137,1.5,2025-07-07T12:15:00+00:00,2.275816897364353,TP,1.5,0.5678894130053589,0.9321105869946411,6,
BTC,RANGE_MEAN_REVERSION,LONG,18001,18002,2025-07-07T12:15:00+00:00,2025-07-07T12:30:00+00:00,108386.6,108255.61243829514,108583.0813425573,130.9875617048674,1.5,2025-07-07T13:00:00+00:00,108255.61243829514,SL,-1.0,2.1500886992945554,-3.1500886992945554,2,
DOGE,RANGE_MEAN_REVERSION,LONG,18001,18002,2025-07-07T12:15:00+00:00,2025-07-07T12:30:00+00:00,0.16954,0.16860158522336682,0.17094762216494974,0.000938414776633173,1.5,2025-07-07T14:30:00+00:00,0.16860158522336682,SL,-1.0,0.46843258624667894,-1.468432586246679,8,
LINK,RANGE_MEAN_REVERSION,SHORT,18093,18094,2025-07-08T11:15:00+00:00,2025-07-08T11:30:00+00:00,13.5,13.55629955940223,13.415550660896654,0.056299559402230415,1.5,2025-07-08T12:45:00+00:00,13.55629955940223,SL,-1.0,0.6247507049909425,-1.6247507049909427,5,
BTC,RANGE_MEAN_REVERSION,SHORT,18091,18092,2025-07-08T10:45:00+00:00,2025-07-08T11:00:00+00:00,108780.0,108965.30142781266,108502.047858281,185.30142781266477,1.5,2025-07-08T13:30:00+00:00,108965.30142781266,SL,-1.0,1.5276131177053436,-2.527613117705344,10,
ETH,RANGE_MEAN_REVERSION,SHORT,18092,18093,2025-07-08T11:00:00+00:00,2025-07-08T11:15:00+00:00,2578.15,2589.885220296698,2560.547169554953,11.735220296698117,1.5,2025-07-08T13:45:00+00:00,2589.885220296698,SL,-1.0,0.5725027410244736,-1.5725027410244736,10,
AVAX,RANGE_MEAN_REVERSION,SHORT,18092,18093,2025-07-08T11:00:00+00:00,2025-07-08T11:15:00+00:00,18.194,18.30554767708123,18.026678484378152,0.11154767708123003,1.5,2025-07-08T15:00:00+00:00,18.026678484378152,TP,1.500000000000016,0.42212337595701344,1.0778766240430024,15,
FET,RANGE_MEAN_REVERSION,LONG,18150,18151,2025-07-09T01:30:00+00:00,2025-07-09T01:45:00+00:00,0.6637,0.6602294664653245,0.6689058003020131,0.003470533534675413,1.5,2025-07-09T03:00:00+00:00,0.6689058003020131,TP,1.5,0.4991703791603447,1.0008296208396552,5,
CRV,RANGE_MEAN_REVERSION,SHORT,18169,18170,2025-07-09T06:15:00+00:00,2025-07-09T06:30:00+00:00,0.532,0.5364014319027377,0.5253978521458935,0.004401431902737674,1.5,2025-07-09T06:45:00+00:00,0.5364014319027377,SL,-1.0,0.31556136552053776,-1.3155613655205378,1,
ADA,RANGE_MEAN_REVERSION,SHORT,18189,18190,2025-07-09T11:15:00+00:00,2025-07-09T11:30:00+00:00,0.6037,0.6081201254505387,0.5970698118241919,0.004420125450538714,1.5,2025-07-09T11:45:00+00:00,0.6081201254505387,SL,-1.0,0.3564075682272091,-1.3564075682272092,1,
SUI,RANGE_MEAN_REVERSION,SHORT,18194,18195,2025-07-09T12:30:00+00:00,2025-07-09T12:45:00+00:00,2.9719,2.9837801225102725,2.954079816234592,0.011880122510272262,1.5,2025-07-09T12:45:00+00:00,2.954079816234592,TP,1.4999999999999813,0.6484591176937635,0.8515408823062178,0,True
BTC,RANGE_MEAN_REVERSION,SHORT,18194,18195,2025-07-09T12:30:00+00:00,2025-07-09T12:45:00+00:00,109424.3,109559.79430666128,109221.05854000809,135.4943066612759,1.5,2025-07-09T13:00:00+00:00,109559.79430666128,SL,-1.0,2.1010426903791126,-3.1010426903791126,1,
DOGE,RANGE_MEAN_REVERSION,SHORT,18193,18194,2025-07-09T12:15:00+00:00,2025-07-09T12:30:00+00:00,0.17447,0.17515927630290273,0.17343608554564588,0.0006892763029027471,1.5,2025-07-09T13:30:00+00:00,0.17343608554564588,TP,1.4999999999999798,0.6561634417209224,0.8438365582790573,4,
AVAX,RANGE_MEAN_REVERSION,SHORT,18193,18194,2025-07-09T12:15:00+00:00,2025-07-09T12:30:00+00:00,18.679,18.770513908138106,18.541729137792835,0.09151390813810778,1.5,2025-07-09T13:45:00+00:00,18.541729137792835,TP,1.5000000000000193,0.528738733418616,0.9712612665814033,5,
SOL,RANGE_MEAN_REVERSION,SHORT,18193,18194,2025-07-09T12:15:00+00:00,2025-07-09T12:30:00+00:00,154.28,154.95672857589258,153.26490713616113,0.6767285758925823,1.5,2025-07-09T14:00:00+00:00,153.26490713616113,TP,1.5,0.5907957688201294,0.9092042311798706,6,
AVAX,RANGE_MEAN_REVERSION,SHORT,18358,18359,2025-07-11T05:30:00+00:00,2025-07-11T05:45:00+00:00,21.101,21.21194402343585,20.93458396484622,0.1109440234358523,1.5,2025-07-11T05:45:00+00:00,21.21194402343585,SL,-1.0,0.49580703427680795,-1.495807034276808,0,True
FET,RANGE_MEAN_REVERSION,SHORT,18548,18549,2025-07-13T05:00:00+00:00,2025-07-13T05:15:00+00:00,0.7097,0.7147370290876797,0.7021444563684804,0.0050370290876796675,1.5,2025-07-13T05:30:00+00:00,0.7147370290876797,SL,-1.0,0.3676310193132138,-1.3676310193132137,1,
SOL,RANGE_MEAN_REVERSION,SHORT,18853,18854,2025-07-16T09:15:00+00:00,2025-07-16T09:30:00+00:00,167.12,168.04694408318514,165.72958387522232,0.9269440831851341,1.5,2025-07-16T15:00:00+00:00,168.04694408318514,SL,-1.0,0.4700575096298629,-1.470057509629863,22,
SUI,RANGE_MEAN_REVERSION,SHORT,19230,19231,2025-07-20T07:30:00+00:00,2025-07-20T07:45:00+00:00,3.9399,3.968020794461206,3.8977188083081917,0.028120794461205634,1.5,2025-07-20T07:45:00+00:00,3.968020794461206,SL,-1.0,0.36557633700505404,-1.365576337005054,0,True
BTC,RANGE_MEAN_REVERSION,SHORT,19256,19257,2025-07-20T14:00:00+00:00,2025-07-20T14:15:00+00:00,118530.4,118874.08224458314,118014.87663312527,343.68224458314944,1.5,2025-07-20T17:45:00+00:00,118014.87663312527,TP,1.5,0.8947475887095618,0.6052524112904382,14,
ADA,RANGE_MEAN_REVERSION,LONG,19539,19540,2025-07-23T12:45:00+00:00,2025-07-23T13:00:00+00:00,0.8347,0.8224335892133354,0.8530996161799969,0.012266410786664572,1.5,2025-07-23T13:30:00+00:00,0.8224335892133354,SL,-1.0,0.17562379928767383,-1.175623799287674,2,
ADA,RANGE_MEAN_REVERSION,LONG,19605,19606,2025-07-24T05:15:00+00:00,2025-07-24T05:30:00+00:00,0.7928,0.7855736228518778,0.8036395657221831,0.007226377148122132,1.5,2025-07-24T05:45:00+00:00,0.7855736228518778,SL,-1.0,0.28394389991679997,-1.2839438999168,1,
BTC,RANGE_MEAN_REVERSION,LONG,19682,19683,2025-07-25T00:30:00+00:00,2025-07-25T00:45:00+00:00,117739.8,117435.64508409155,118196.03237386269,304.1549159084534,1.5,2025-07-25T01:15:00+00:00,117435.64508409155,SL,-1.0,1.0051722415735642,-2.005172241573564,2,
CRV,RANGE_MEAN_REVERSION,LONG,19680,19681,2025-07-25T00:00:00+00:00,2025-07-25T00:15:00+00:00,0.943,0.9308750384459401,0.9611874423310898,0.012124961554059843,1.5,2025-07-25T01:45:00+00:00,0.9611874423310898,TP,1.5000000000000047,0.20416095044866805,1.2958390495513366,6,
BTC,RANGE_MEAN_REVERSION,LONG,19692,19693,2025-07-25T03:00:00+00:00,2025-07-25T03:15:00+00:00,116185.1,115592.99470288643,117073.25794567037,592.1052971135796,1.5,2025-07-25T03:30:00+00:00,115592.99470288643,SL,-1.0,0.5088816542979749,-1.508881654297975,1,
SUI,RANGE_MEAN_REVERSION,LONG,19694,19695,2025-07-25T03:30:00+00:00,2025-07-25T03:45:00+00:00,3.6051,3.569261463296913,3.658857805054631,0.03583853670308734,1.5,2025-07-25T04:30:00+00:00,3.658857805054631,TP,1.5,0.2634913703314659,1.2365086296685341,3,
SUI,RANGE_MEAN_REVERSION,SHORT,19725,19726,2025-07-25T11:15:00+00:00,2025-07-25T11:30:00+00:00,3.7785,3.8082143971154996,3.7339284043267513,0.02971439711549939,1.5,2025-07-25T12:30:00+00:00,3.7339284043267513,TP,1.4999999999999925,0.32866751048873316,1.1713324895112593,4,
UNI,RANGE_MEAN_REVERSION,SHORT,19720,19721,2025-07-25T10:00:00+00:00,2025-07-25T10:15:00+00:00,10.499,10.685062990020548,10.21990551496918,0.18606299002054705,1.5,2025-07-25T14:15:00+00:00,10.21990551496918,TP,1.4999999999999953,0.1447605306487095,1.355239469351286,16,
CRV,RANGE_MEAN_REVERSION,SHORT,19785,19786,2025-07-26T02:15:00+00:00,2025-07-26T02:30:00+00:00,1.073,1.0850082029050536,1.0549876956424193,0.012008202905053666,1.5,2025-07-26T02:30:00+00:00,1.0549876956424193,TP,1.5000000000000093,0.230374522000366,1.2696254779996434,0,True
SUI,RANGE_MEAN_REVERSION,SHORT,19764,19765,2025-07-25T21:00:00+00:00,2025-07-25T21:15:00+00:00,3.9683,4.007186842459631,3.909969736310554,0.0388868424596307,1.5,2025-07-26T04:45:00+00:00,4.007186842459631,SL,-1.0,0.2666231619592388,-1.2666231619592387,30,
SOL,RANGE_MEAN_REVERSION,SHORT,19815,19816,2025-07-26T09:45:00+00:00,2025-07-26T10:00:00+00:00,188.94,189.59275904806557,187.96086142790165,0.652759048065576,1.5,2025-07-26T10:00:00+00:00,189.59275904806557,SL,-1.0,0.7538655928566306,-1.7538655928566307,0,True
SUI,RANGE_MEAN_REVERSION,SHORT,19835,19836,2025-07-26T14:45:00+00:00,2025-07-26T15:00:00+00:00,4.1312,4.189993725474181,4.043009411788729,0.058793725474180825,1.5,2025-07-26T15:30:00+00:00,4.189993725474181,SL,-1.0,0.18399160379566265,-1.1839916037956626,2,
CRV,RANGE_MEAN_REVERSION,LONG,19838,19839,2025-07-26T15:30:00+00:00,2025-07-26T15:45:00+00:00,1.032,1.020709079164431,1.0489363812533534,0.01129092083556893,1.5,2025-07-26T16:00:00+00:00,1.0489363812533534,TP,1.5,0.2395922648848373,1.2604077351151628,1,
AVAX,RANGE_MEAN_REVERSION,SHORT,19836,19837,2025-07-26T15:00:00+00:00,2025-07-26T15:15:00+00:00,24.782,25.025458438749613,24.41681234187558,0.24345843874961304,1.5,2025-07-26T18:30:00+00:00,25.025458438749613,SL,-1.0,0.26595790354577475,-1.2659579035457749,13,
SUI,RANGE_MEAN_REVERSION,SHORT,19841,19842,2025-07-26T16:15:00+00:00,2025-07-26T16:30:00+00:00,4.2901,4.374266471802819,4.163850292295772,0.08416647180281878,1.5,2025-07-26T21:00:00+00:00,4.163850292295772,TP,1.5,0.1305761682125832,1.3694238317874168,18,
DOGE,RANGE_MEAN_REVERSION,SHORT,19893,19894,2025-07-27T05:15:00+00:00,2025-07-27T05:30:00+00:00,0.24242,0.24411054693417605,0.23988417959873592,0.001690546934176057,1.5,2025-07-27T06:15:00+00:00,0.23988417959873592,TP,1.4999999999999918,0.3708831862653629,1.1291168137346288,3,
XRP,RANGE_MEAN_REVERSION,SHORT,19893,19894,2025-07-27T05:15:00+00:00,2025-07-27T05:30:00+00:00,3.2307,3.246519046082118,3.2069714308768233,0.015819046082117705,1.5,2025-07-27T06:15:00+00:00,3.2069714308768233,TP,1.500000000000014,0.5290440913248489,0.9709559086751651,3,
ETH,RANGE_MEAN_REVERSION,SHORT,19893,19894,2025-07-27T05:15:00+00:00,2025-07-27T05:30:00+00:00,3798.22,3818.666293220684,3767.5505601689733,20.44629322068431,1.5,2025-07-27T06:45:00+00:00,3767.5505601689733,TP,1.5,0.4810408234911581,1.018959176508842,5,
LINK,RANGE_MEAN_REVERSION,SHORT,19894,19895,2025-07-27T05:30:00+00:00,2025-07-27T05:45:00+00:00,18.992,19.1281793683099,18.787730947535152,0.13617936830990018,1.5,2025-07-27T06:45:00+00:00,18.787730947535152,TP,1.499999999999987,0.3606541199400259,1.139345880059961,4,
ETH,RANGE_MEAN_REVERSION,SHORT,19915,19916,2025-07-27T10:45:00+00:00,2025-07-27T11:00:00+00:00,3815.71,3849.557029186167,3764.93945622075,33.847029186166765,1.5,2025-07-27T16:30:00+00:00,3849.557029186167,SL,-1.0,0.29440832408460343,-1.2944083240846034,22,
FET,RANGE_MEAN_REVERSION,SHORT,19961,19962,2025-07-27T22:15:00+00:00,2025-07-27T22:30:00+00:00,0.7501,0.754358997270613,0.7437115040940805,0.004258997270612963,1.5,2025-07-27T22:30:00+00:00,0.754358997270613,SL,-1.0,0.45921529697771196,-1.459215296977712,0,True
ETH,RANGE_MEAN_REVERSION,SHORT,20095,20096,2025-07-29T07:45:00+00:00,2025-07-29T08:00:00+00:00,3876.56,3891.861538676285,3853.6076919855723,15.301538676284963,1.5,2025-07-29T10:00:00+00:00,3853.6076919855723,TP,1.5000000000000149,0.6567455869752492,0.8432544130247657,8,
SUI,RANGE_MEAN_REVERSION,LONG,20208,20209,2025-07-30T12:00:00+00:00,2025-07-30T12:15:00+00:00,3.6903,3.6657398817003197,3.7271401774495208,0.02456011829968041,1.5,2025-07-30T12:15:00+00:00,3.7271401774495208,TP,1.5,0.39261505637006044,1.1073849436299397,0,True
XRP,RANGE_MEAN_REVERSION,LONG,20207,20208,2025-07-30T11:45:00+00:00,2025-07-30T12:00:00+00:00,3.0499,3.029331288543658,3.0807530671845136,0.020568711456342204,1.5,2025-07-30T12:45:00+00:00,3.0807530671845136,TP,1.5000000000000109,0.38747439304869175,1.1125256069513192,3,
DOGE,RANGE_MEAN_REVERSION,LONG,20207,20208,2025-07-30T11:45:00+00:00,2025-07-30T12:00:00+00:00,0.21599,0.21354516733087098,0.2196572490036935,0.00244483266912901,1.5,2025-07-30T14:30:00+00:00,0.2196572490036935,TP,1.4999999999999942,0.23164833767808118,1.268351662321913,10,
ADA,RANGE_MEAN_REVERSION,LONG,20207,20208,2025-07-30T11:45:00+00:00,2025-07-30T12:00:00+00:00,0.7562,0.7479444293455794,0.7685833559816309,0.008255570654420619,1.5,2025-07-30T14:45:00+00:00,0.7685833559816309,TP,1.4999999999999933,0.24010676496538733,1.259893235034606,11,
ETH,RANGE_MEAN_REVERSION,SHORT,20259,20260,2025-07-31T00:45:00+00:00,2025-07-31T01:00:00+00:00,3842.61,3861.6045703621844,3814.1181444567237,18.994570362184277,1.5,2025-07-31T02:45:00+00:00,3861.6045703621844,SL,-1.0,0.5272811519554219,-1.527281151955422,7,
AVAX,RANGE_MEAN_REVERSION,SHORT,20277,20278,2025-07-31T05:15:00+00:00,2025-07-31T05:30:00+00:00,24.035,24.130938879713934,23.8910916804291,0.095938879713934,1.5,2025-07-31T06:00:00+00:00,23.8910916804291,TP,1.5,0.6494126194753649,0.8505873805246351,2,
BTC,RANGE_MEAN_REVERSION,SHORT,20259,20260,2025-07-31T00:45:00+00:00,2025-07-31T01:00:00+00:00,118368.6,118678.21531648313,117904.17702527533,309.6153164831194,1.5,2025-07-31T06:45:00+00:00,118678.21531648313,SL,-1.0,0.9953023752564562,-1.9953023752564563,23,
SUI,RANGE_MEAN_REVERSION,SHORT,20284,20285,2025-07-31T07:00:00+00:00,2025-07-31T07:15:00+00:00,3.9055,3.9341045174499185,3.8625932238251224,0.028604517449918543,1.5,2025-07-31T08:15:00+00:00,3.9341045174499185,SL,-1.0,0.3562893829804466,-1.3562893829804465,4,
SOL,RANGE_MEAN_REVERSION,SHORT,20295,20296,2025-07-31T09:45:00+00:00,2025-07-31T10:00:00+00:00,182.45,183.01493285955726,181.6026007106641,0.564932859557274,1.5,2025-07-31T10:45:00+00:00,181.6026007106641,TP,1.499999999999975,0.8377427032563723,0.6622572967436026,3,
LINK,RANGE_MEAN_REVERSION,LONG,20309,20310,2025-07-31T13:15:00+00:00,2025-07-31T13:30:00+00:00,17.662,17.53895786260339,17.846563206094913,0.12304213739660952,1.5,2025-07-31T13:30:00+00:00,17.53895786260339,SL,-1.0,0.37191523318454134,-1.3719152331845414,0,True
AVAX,RANGE_MEAN_REVERSION,LONG,20309,20310,2025-07-31T13:15:00+00:00,2025-07-31T13:30:00+00:00,23.184,23.032750254588958,23.410874618116566,0.15124974541104308,1.5,2025-07-31T13:45:00+00:00,23.032750254588958,SL,-1.0,0.3972355468611516,-1.3972355468611517,1,
DOGE,RANGE_MEAN_REVERSION,LONG,20309,20310,2025-07-31T13:15:00+00:00,2025-07-31T13:30:00+00:00,0.21837,0.21700692073980019,0.22041461889029973,0.0013630792601998232,1.5,2025-07-31T14:00:00+00:00,0.21700692073980019,SL,-1.0,0.4152289697950271,-1.415228969795027,2,
ADA,RANGE_MEAN_REVERSION,LONG,20309,20310,2025-07-31T13:15:00+00:00,2025-07-31T13:30:00+00:00,0.7643,0.7585252387625135,0.7729621418562296,0.0057747612374864365,1.5,2025-07-31T14:15:00+00:00,0.7585252387625135,SL,-1.0,0.3428146600313737,-1.3428146600313737,3,
ETH,RANGE_MEAN_REVERSION,LONG,20309,20310,2025-07-31T13:15:00+00:00,2025-07-31T13:30:00+00:00,3799.5,3779.803283639911,3829.045074540133,19.696716360088885,1.5,2025-07-31T14:15:00+00:00,3779.803283639911,SL,-1.0,0.5002404506721251,-1.5002404506721252,3,
SOL,RANGE_MEAN_REVERSION,LONG,20310,20311,2025-07-31T13:30:00+00:00,2025-07-31T13:45:00+00:00,177.09,176.08397446520672,178.5990383021899,1.006025534793281,1.5,2025-07-31T14:15:00+00:00,176.08397446520672,SL,-1.0,0.45637625579663876,-1.4563762557966387,2,
SUI,RANGE_MEAN_REVERSION,LONG,20309,20310,2025-07-31T13:15:00+00:00,2025-07-31T13:30:00+00:00,3.7744,3.7318410192610774,3.838238471108384,0.042558980738922614,1.5,2025-07-31T17:45:00+00:00,3.7318410192610774,SL,-1.0,0.22928446959057575,-1.2292844695905758,17,
CRV,RANGE_MEAN_REVERSION,LONG,20344,20345,2025-07-31T22:00:00+00:00,2025-07-31T22:15:00+00:00,0.953,0.9428278100849079,0.968258284872638,0.010172189915092056,1.5,2025-07-31T22:30:00+00:00,0.9428278100849079,SL,-1.0,0.24228569990162993,-1.2422856999016298,1,
DOGE,RANGE_MEAN_REVERSION,LONG,20346,20347,2025-07-31T22:30:00+00:00,2025-07-31T22:45:00+00:00,0.21059,0.20854238222995586,0.2136614266550662,0.002047617770044141,1.5,2025-07-31T23:30:00+00:00,0.20854238222995586,SL,-1.0,0.26610049242110095,-1.266100492421101,3,
UNI,RANGE_MEAN_REVERSION,LONG,20346,20347,2025-07-31T22:30:00+00:00,2025-07-31T22:45:00+00:00,9.37,9.297895213517387,9.478157179723917,0.07210478648261187,1.5,2025-07-31T23:30:00+00:00,9.297895213517387,SL,-1.0,0.3365693868800917,-1.3365693868800916,3,
CRV,RANGE_MEAN_REVERSION,LONG,20350,20351,2025-07-31T23:30:00+00:00,2025-07-31T23:45:00+00:00,0.936,0.9238767189131076,0.9541849216303386,0.012123281086892423,1.5,2025-08-01T00:45:00+00:00,0.9541849216303386,TP,1.4999999999999953,0.20268773614233737,1.297312263857658,4,
AVAX,RANGE_MEAN_REVERSION,LONG,20376,20377,2025-08-01T06:00:00+00:00,2025-08-01T06:15:00+00:00,21.812,21.629502983123615,22.08574552531458,0.1824970168763862,1.5,2025-08-01T07:45:00+00:00,22.08574552531458,TP,1.4999999999999902,0.3127013808755195,1.1872986191244708,6,
UNI,RANGE_MEAN_REVERSION,LONG,20385,20386,2025-08-01T08:15:00+00:00,2025-08-01T08:30:00+00:00,9.108,8.949888263709596,9.345167604435607,0.15811173629040454,1.5,2025-08-01T13:45:00+00:00,8.949888263709596,SL,-1.0,0.14847256309743742,-1.1484725630974375,21,
CRV,RANGE_MEAN_REVERSION,SHORT,20463,20464,2025-08-02T03:45:00+00:00,2025-08-02T04:00:00+00:00,0.916,0.9271934916510339,0.8992097625234492,0.011193491651033893,1.5,2025-08-02T06:15:00+00:00,0.8992097625234492,TP,1.5,0.21081649630412885,1.2891835036958712,9,
AVAX,RANGE_MEAN_REVERSION,LONG,20474,20475,2025-08-02T06:30:00+00:00,2025-08-02T06:45:00+00:00,21.275,21.141480310856064,21.4752795337159,0.13351968914393453,1.5,2025-08-02T07:15:00+00:00,21.4752795337159,TP,1.4999999999999867,0.4162334690123514,1.0837665309876352,2,
LINK,RANGE_MEAN_REVERSION,LONG,20474,20475,2025-08-02T06:30:00+00:00,2025-08-02T06:45:00+00:00,15.835,15.714850899199709,16.01522365120044,0.12014910080029217,1.5,2025-08-02T07:15:00+00:00,16.01522365120044,TP,1.5000000000000073,0.34461590199816033,1.155384098001847,2,
UNI,RANGE_MEAN_REVERSION,LONG,20474,20475,2025-08-02T06:30:00+00:00,2025-08-02T06:45:00+00:00,8.892,8.806532903151599,9.0202006452726,0.08546709684840081,1.5,2025-08-02T07:15:00+00:00,9.0202006452726,TP,1.5,0.2724540986826568,1.227545901317343,2,
BNB,RANGE_MEAN_REVERSION,LONG,20476,20477,2025-08-02T07:00:00+00:00,2025-08-02T07:15:00+00:00,752.09,748.3009502727189,757.7735745909217,3.789049727281167,1.5,2025-08-02T07:15:00+00:00,757.7735745909217,TP,1.499999999999985,0.518025042753034,0.9819749572469509,0,True
DOGE,RANGE_MEAN_REVERSION,LONG,20474,20475,2025-08-02T06:30:00+00:00,2025-08-02T06:45:00+00:00,0.19595,0.19387060735654346,0.19906908896518483,0.0020793926434565513,1.5,2025-08-02T07:45:00+00:00,0.19906908896518483,TP,1.4999999999999933,0.24695904223317525,1.253040957766818,4,
XRP,RANGE_MEAN_REVERSION,LONG,20507,20508,2025-08-02T14:45:00+00:00,2025-08-02T15:00:00+00:00,2.8772,2.857650293616409,2.906524559575387,0.019549706383591214,1.5,2025-08-02T15:30:00+00:00,2.857650293616409,SL,-1.0,0.38135127123744644,-1.3813512712374465,2,
BNB,RANGE_MEAN_REVERSION,LONG,20511,20512,2025-08-02T15:45:00+00:00,2025-08-02T16:00:00+00:00,743.44,739.3990293510052,749.5014559734923,4.040970648994858,1.5,2025-08-02T17:00:00+00:00,749.5014559734923,TP,1.499999999999986,0.4802865601729368,1.0197134398270493,4,
SOL,RANGE_MEAN_REVERSION,LONG,20519,20520,2025-08-02T17:45:00+00:00,2025-08-02T18:00:00+00:00,159.23,157.56463095470724,161.72805356793913,1.6653690452927492,1.5,2025-08-02T18:15:00+00:00,157.56463095470724,SL,-1.0,0.24729234724590718,-1.2472923472459072,1,
LINK,RANGE_MEAN_REVERSION,LONG,20521,20522,2025-08-02T18:15:00+00:00,2025-08-02T18:30:00+00:00,15.522,15.38291443778703,15.730628343319456,0.13908556221297097,1.5,2025-08-02T19:15:00+00:00,15.730628343319456,TP,1.4999999999999936,0.29211095817482574,1.2078890418251678,3,
SUI,RANGE_MEAN_REVERSION,LONG,20523,20524,2025-08-02T18:45:00+00:00,2025-08-02T19:00:00+00:00,3.2836,3.2442303414635925,3.342654487804611,0.03936965853640739,1.5,2025-08-02T19:15:00+00:00,3.342654487804611,TP,1.5,0.21880125849148552,1.2811987415085144,1,
BNB,RANGE_MEAN_REVERSION,LONG,20521,20522,2025-08-02T18:15:00+00:00,2025-08-02T18:30:00+00:00,736.92,732.9864799357107,742.8202800964339,3.9335200642892687,1.5,2025-08-02T19:30:00+00:00,742.8202800964339,TP,1.5,0.4890434859070542,1.0109565140929457,4,
UNI,RANGE_MEAN_REVERSION,LONG,20521,20522,2025-08-02T18:15:00+00:00,2025-08-02T18:30:00+00:00,8.752,8.66534279257627,8.881985811135596,0.0866572074237304,1.5,2025-08-02T19:30:00+00:00,8.881985811135596,TP,1.5,0.26453866026842066,1.2354613397315792,4,
ETH,RANGE_MEAN_REVERSION,LONG,20522,20523,2025-08-02T18:30:00+00:00,2025-08-02T18:45:00+00:00,3388.28,3367.3643355747104,3419.653496637935,20.915664425289833,1.5,2025-08-02T19:30:00+00:00,3419.653496637935,TP,1.5,0.42314283522966184,1.0768571647703382,3,
CRV,RANGE_MEAN_REVERSION,SHORT,20578,20579,2025-08-03T08:30:00+00:00,2025-08-03T08:45:00+00:00,0.904,0.9113172940728125,0.8930240588907814,0.0073172940728124525,1.5,2025-08-03T10:30:00+00:00,0.9113172940728125,SL,-1.0,0.3225116359697715,-1.3225116359697715,7,
XRP,RANGE_MEAN_REVERSION,SHORT,20612,20613,2025-08-03T17:00:00+00:00,2025-08-03T17:15:00+00:00,2.922,2.93766416461926,2.8985037530711106,0.01566416461925968,1.5,2025-08-03T18:30:00+00:00,2.8985037530711106,TP,1.5,0.48305511739125595,1.016944882608744,5,
BTC,RANGE_MEAN_REVERSION,SHORT,20621,20622,2025-08-03T19:15:00+00:00,2025-08-03T19:30:00+00:00,114465.0,114713.96171137197,114091.55743294203,248.96171137197234,1.5,2025-08-03T19:30:00+00:00,114713.96171137197,SL,-1.0,1.1967006837434693,-2.1967006837434693,0,True
UNI,RANGE_MEAN_REVERSION,SHORT,20643,20644,2025-08-04T00:45:00+00:00,2025-08-04T01:00:00+00:00,9.315,9.368133116203614,9.235300325694578,0.053133116203614605,1.5,2025-08-04T01:15:00+00:00,9.235300325694578,TP,1.5,0.4538674210447006,1.0461325789552993,1,
LINK,RANGE_MEAN_REVERSION,SHORT,20644,20645,2025-08-04T01:00:00+00:00,2025-08-04T01:15:00+00:00,16.577,16.697670374223275,16.39599443866509,0.12067037422327331,1.5,2025-08-04T02:00:00+00:00,16.39599443866509,TP,1.5,0.35522300354312986,1.1447769964568701,3,
XRP,RANGE_MEAN_REVERSION,SHORT,20644,20645,2025-08-04T01:00:00+00:00,2025-08-04T01:15:00+00:00,3.018,3.0417467284529076,2.982379907320638,0.023746728452907817,1.5,2025-08-04T02:00:00+00:00,2.982379907320638,TP,1.5,0.32848709644303226,1.1715129035569678,3,
CRV,RANGE_MEAN_REVERSION,LONG,20689,20690,2025-08-04T12:15:00+00:00,2025-08-04T12:30:00+00:00,0.89,0.882004537091586,0.901993194362621,0.00799546290841402,1.5,2025-08-04T13:00:00+00:00,0.901993194362621,TP,1.5,0.2913641373059043,1.2086358626940956,2,
ADA,RANGE_MEAN_REVERSION,SHORT,20644,20645,2025-08-04T01:00:00+00:00,2025-08-04T01:15:00+00:00,0.7389,0.7455155971182187,0.728976604322672,0.006615597118218686,1.5,2025-08-04T13:30:00+00:00,0.7455155971182187,SL,-1.0,0.2916955554834763,-1.2916955554834764,49,
AVAX,RANGE_MEAN_REVERSION,SHORT,20696,20697,2025-08-04T14:00:00+00:00,2025-08-04T14:15:00+00:00,22.235,22.37733818260557,22.021492726091644,0.1423381826055703,1.5,2025-08-04T14:15:00+00:00,22.37733818260557,SL,-1.0,0.4074524388027251,-1.407452438802725,0,True
BNB,RANGE_MEAN_REVERSION,SHORT,20697,20698,2025-08-04T14:15:00+00:00,2025-08-04T14:30:00+00:00,765.44,767.4637506963796,762.4043739554306,2.0237506963795795,1.5,2025-08-04T14:30:00+00:00,762.4043739554306,TP,1.500000000000028,0.9814438555575543,0.5185561444424737,0,True
DOGE,RANGE_MEAN_REVERSION,SHORT,20697,20698,2025-08-04T14:15:00+00:00,2025-08-04T14:30:00+00:00,0.20582,0.20697927490181645,0.20408108764727534,0.0011592749018164428,1.5,2025-08-04T14:30:00+00:00,0.20408108764727534,TP,1.5,0.4596592344977996,1.0403407655022003,0,True
LINK,RANGE_MEAN_REVERSION,SHORT,20696,20697,2025-08-04T14:00:00+00:00,2025-08-04T14:15:00+00:00,16.878,16.982003564338182,16.72199465349273,0.10400356433818203,1.5,2025-08-04T14:45:00+00:00,16.72199465349273,TP,1.499999999999983,0.41998553922160764,1.0800144607783753,2,
SOL,RANGE_MEAN_REVERSION,SHORT,20696,20697,2025-08-04T14:00:00+00:00,2025-08-04T14:15:00+00:00,166.27,167.36124360091958,164.63313459862064,1.0912436009195687,1.5,2025-08-04T14:45:00+00:00,164.63313459862064,TP,1.500000000000013,0.3942053585612854,1.1057946414387276,2,
SUI,RANGE_MEAN_REVERSION,SHORT,20696,20697,2025-08-04T14:00:00+00:00,2025-08-04T14:15:00+00:00,3.5399,3.5769657964302004,3.484301305354699,0.03706579643020058,1.5,2025-08-04T14:45:00+00:00,3.484301305354699,TP,1.499999999999994,0.2463581678099583,1.2536418321900358,2,
XRP,RANGE_MEAN_REVERSION,SHORT,20696,20697,2025-08-04T14:00:00+00:00,2025-08-04T14:15:00+00:00,3.0675,3.0905783169526573,3.032882524571014,0.023078316952657385,1.5,2025-08-04T14:45:00+00:00,3.032882524571014,TP,1.4999999999999905,0.3436341262757963,1.1563658737241942,2,
AVAX,RANGE_MEAN_REVERSION,LONG,20767,20768,2025-08-05T07:45:00+00:00,2025-08-05T08:00:00+00:00,22.209,22.064060434850024,22.426409347724963,0.14493956514997564,1.5,2025-08-05T09:00:00+00:00,22.426409347724963,TP,1.5,0.40034639328467864,1.0996536067153213,4,
SOL,RANGE_MEAN_REVERSION,SHORT,20957,20958,2025-08-07T07:15:00+00:00,2025-08-07T07:30:00+00:00,170.05,170.76097845733733,168.98353231399403,0.710978457337319,1.5,2025-08-07T10:00:00+00:00,170.76097845733733,SL,-1.0,0.6231613172272734,-1.6231613172272734,10,
AVAX,RANGE_MEAN_REVERSION,SHORT,20971,20972,2025-08-07T10:45:00+00:00,2025-08-07T11:00:00+00:00,22.778,22.871712955190723,22.63743056721391,0.09371295519072476,1.5,2025-08-07T11:15:00+00:00,22.871712955190723,SL,-1.0,0.6332595821033459,-1.6332595821033458,1,
BTC,RANGE_MEAN_REVERSION,SHORT,20971,20972,2025-08-07T10:45:00+00:00,2025-08-07T11:00:00+00:00,116291.5,116529.6870427313,115934.21943590305,238.18704273129697,1.5,2025-08-07T11:15:00+00:00,116529.6870427313,SL,-1.0,1.2707137201287448,-2.270713720128745,1,
ETH,RANGE_MEAN_REVERSION,SHORT,20970,20971,2025-08-07T10:30:00+00:00,2025-08-07T10:45:00+00:00,3810.5,3835.431712437884,3773.102431343174,24.931712437884016,1.5,2025-08-07T11:30:00+00:00,3835.431712437884,SL,-1.0,0.39867743745775547,-1.3986774374577555,3,
CRV,RANGE_MEAN_REVERSION,SHORT,20970,20971,2025-08-07T10:30:00+00:00,2025-08-07T10:45:00+00:00,0.942,0.9487439698560969,0.9318840452158546,0.006743969856096932,1.5,2025-08-07T11:45:00+00:00,0.9487439698560969,SL,-1.0,0.3644688830556952,-1.3644688830556952,4,
BNB,RANGE_MEAN_REVERSION,SHORT,20971,20972,2025-08-07T10:45:00+00:00,2025-08-07T11:00:00+00:00,777.64,780.3529836543916,773.5705245184126,2.7129836543915644,1.5,2025-08-07T12:15:00+00:00,773.5705245184126,TP,1.5,0.7433047665472166,0.7566952334527834,5,
DOGE,RANGE_MEAN_REVERSION,SHORT,20972,20973,2025-08-07T11:00:00+00:00,2025-08-07T11:15:00+00:00,0.21375,0.21502836404384307,0.2118324539342354,0.0012783640438430721,1.5,2025-08-07T13:30:00+00:00,0.21502836404384307,SL,-1.0,0.4360353186884706,-1.4360353186884707,9,
SOL,RANGE_MEAN_REVERSION,LONG,20995,20996,2025-08-07T16:45:00+00:00,2025-08-07T17:00:00+00:00,168.13,166.3358879523718,170.8211680714423,1.7941120476282038,1.5,2025-08-07T19:30:00+00:00,170.8211680714423,TP,1.499999999999992,0.2456014489593287,1.2543985510406632,10,
AVAX,RANGE_MEAN_REVERSION,SHORT,21010,21011,2025-08-07T20:30:00+00:00,2025-08-07T20:45:00+00:00,22.942,23.029268281155908,22.81109757826614,0.08726828115590735,1.5,2025-08-07T21:00:00+00:00,23.029268281155908,SL,-1.0,0.6848152384110208,-1.6848152384110207,1,
DOGE,RANGE_MEAN_REVERSION,SHORT,21007,21008,2025-08-07T19:45:00+00:00,2025-08-07T20:00:00+00:00,0.21715,0.21908496757421328,0.21424754863868012,0.00193496757421327,1.5,2025-08-07T21:15:00+00:00,0.21908496757421328,SL,-1.0,0.29308266732947924,-1.2930826673294793,5,
XRP,RANGE_MEAN_REVERSION,SHORT,21008,21009,2025-08-07T20:00:00+00:00,2025-08-07T20:15:00+00:00,3.1041,3.1289015586424638,3.066897662036304,0.024801558642463917,1.5,2025-08-07T21:15:00+00:00,3.1289015586424638,SL,-1.0,0.3267093872222144,-1.3267093872222144,4,
SOL,RANGE_MEAN_REVERSION,SHORT,21010,21011,2025-08-07T20:30:00+00:00,2025-08-07T20:45:00+00:00,172.92,173.5665683511454,171.95014747328185,0.6465683511454188,1.5,2025-08-07T21:15:00+00:00,173.5665683511454,SL,-1.0,0.6966510780469408,-1.6966510780469408,2,
UNI,RANGE_MEAN_REVERSION,SHORT,21011,21012,2025-08-07T20:45:00+00:00,2025-08-07T21:00:00+00:00,10.352,10.417511733073397,10.253732400389906,0.06551173307339653,1.5,2025-08-07T22:45:00+00:00,10.417511733073397,SL,-1.0,0.41214548885075847,-1.4121454888507585,7,
ETH,RANGE_MEAN_REVERSION,SHORT,21019,21020,2025-08-07T22:45:00+00:00,2025-08-07T23:00:00+00:00,3915.13,3938.4256244406492,3880.186563339026,23.295624440649135,1.5,2025-08-08T00:15:00+00:00,3880.186563339026,TP,1.5000000000000098,0.4350135175882133,1.0649864824117965,5,
SOL,RANGE_MEAN_REVERSION,SHORT,21055,21056,2025-08-08T07:45:00+00:00,2025-08-08T08:00:00+00:00,177.04,178.31476326525078,175.12785510212382,1.2747632652507832,1.5,2025-08-08T08:45:00+00:00,175.12785510212382,TP,1.5,0.3591397901968054,1.1408602098031946,3,
AVAX,RANGE_MEAN_REVERSION,SHORT,21127,21128,2025-08-09T01:45:00+00:00,2025-08-09T02:00:00+00:00,24.03,24.13581983273971,23.87127025089044,0.10581983273970863,1.5,2025-08-09T02:15:00+00:00,24.13581983273971,SL,-1.0,0.5917186236400589,-1.591718623640059,1,
CRV,RANGE_MEAN_REVERSION,SHORT,21141,21142,2025-08-09T05:15:00+00:00,2025-08-09T05:30:00+00:00,0.979,0.9864121161494539,0.967881825775819,0.007412116149453918,1.5,2025-08-09T05:45:00+00:00,0.967881825775819,TP,1.5000000000000075,0.34146070062529044,1.1585392993747172,1,
ADA,RANGE_MEAN_REVERSION,SHORT,21142,21143,2025-08-09T05:30:00+00:00,2025-08-09T05:45:00+00:00,0.8124,0.8196483052409802,0.8015275421385297,0.007248305240980191,1.5,2025-08-09T06:30:00+00:00,0.8015275421385297,TP,1.5,0.28946156860474065,1.2105384313952594,3,
CRV,RANGE_MEAN_REVERSION,SHORT,21154,21155,2025-08-09T08:30:00+00:00,2025-08-09T08:45:00+00:00,0.994,1.0064054623174916,0.9753918065237626,0.012405462317491622,1.5,2025-08-09T19:15:00+00:00,1.0064054623174916,SL,-1.0,0.2096275845637782,-1.2096275845637783,42,
FET,RANGE_MEAN_REVERSION,SHORT,21318,21319,2025-08-11T01:30:00+00:00,2025-08-11T01:45:00+00:00,0.73,0.733938157608517,0.7240927635872245,0.003938157608517012,1.5,2025-08-11T02:00:00+00:00,0.733938157608517,SL,-1.0,0.48325125453974094,-1.483251254539741,1,
SUI,RANGE_MEAN_REVERSION,SHORT,21321,21322,2025-08-11T02:15:00+00:00,2025-08-11T02:30:00+00:00,3.9547,3.9759446917137056,3.9228329624294416,0.021244691713705688,1.5,2025-08-11T02:30:00+00:00,3.9759446917137056,SL,-1.0,0.48529007801871676,-1.4852900780187168,0,True
ADA,RANGE_MEAN_REVERSION,SHORT,21323,21324,2025-08-11T02:45:00+00:00,2025-08-11T03:00:00+00:00,0.8268,0.8330906990659582,0.8173639514010627,0.00629069906595825,1.5,2025-08-11T04:00:00+00:00,0.8330906990659582,SL,-1.0,0.3430235473292417,-1.3430235473292416,4,
SUI,RANGE_MEAN_REVERSION,LONG,21344,21345,2025-08-11T08:00:00+00:00,2025-08-11T08:15:00+00:00,3.8408,3.7973725232208553,3.905941215168718,0.043427476779144936,1.5,2025-08-11T11:00:00+00:00,3.7973725232208553,SL,-1.0,0.22864842760000256,-1.2286484276000025,11,
SUI,RANGE_MEAN_REVERSION,LONG,21400,21401,2025-08-11T22:00:00+00:00,2025-08-11T22:15:00+00:00,3.6387,3.614730035620734,3.674654946568899,0.023969964379265907,1.5,2025-08-12T00:15:00+00:00,3.674654946568899,TP,1.5000000000000093,0.39663644384734537,1.103363556152664,8,
XRP,RANGE_MEAN_REVERSION,SHORT,21489,21490,2025-08-12T20:15:00+00:00,2025-08-12T20:30:00+00:00,3.2909,3.31736825729217,3.251197614061746,0.026468257292169728,1.5,2025-08-13T00:45:00+00:00,3.251197614061746,TP,1.4999999999999916,0.3213179773946158,1.1786820226053758,17,
AVAX,RANGE_MEAN_REVERSION,SHORT,21489,21490,2025-08-12T20:15:00+00:00,2025-08-12T20:30:00+00:00,24.803,25.02795082375318,24.465573764370234,0.2249508237531792,1.5,2025-08-13T01:30:00+00:00,24.465573764370234,TP,1.499999999999992,0.2847251004688802,1.2152748995311118,20,
CRV,RANGE_MEAN_REVERSION,SHORT,21519,21520,2025-08-13T03:45:00+00:00,2025-08-13T04:00:00+00:00,1.015,1.0319528271948823,0.9895707592076762,0.016952827194882447,1.5,2025-08-13T07:00:00+00:00,1.0319528271948823,SL,-1.0,0.15696725063985997,-1.15696725063986,12,
ADA,RANGE_MEAN_REVERSION,SHORT,21538,21539,2025-08-13T08:30:00+00:00,2025-08-13T08:45:00+00:00,0.8704,0.8759494186176895,0.8620758720734656,0.005549418617689539,1.5,2025-08-13T08:45:00+00:00,0.8759494186176895,SL,-1.0,0.40909767321683876,-1.4090976732168388,0,True
ADA,RANGE_MEAN_REVERSION,SHORT,21595,21596,2025-08-13T22:45:00+00:00,2025-08-13T23:00:00+00:00,0.9027,0.9085432733441205,0.893935089983819,0.005843273344120603,1.5,2025-08-13T23:00:00+00:00,0.9085432733441205,SL,-1.0,0.402961853173706,-1.402961853173706,0,True
FET,RANGE_MEAN_REVERSION,SHORT,21596,21597,2025-08-13T23:00:00+00:00,2025-08-13T23:15:00+00:00,0.7617,0.7679347988438111,0.7523478017342835,0.006234798843811062,1.5,2025-08-13T23:45:00+00:00,0.7523478017342835,TP,1.4999999999999911,0.31568975865329685,1.1843102413466942,2,
CRV,RANGE_MEAN_REVERSION,LONG,21629,21630,2025-08-14T07:15:00+00:00,2025-08-14T07:30:00+00:00,1.006,0.9970258138811183,1.0194612791783224,0.008974186118881677,1.5,2025-08-14T08:30:00+00:00,0.9970258138811183,SL,-1.0,0.29015818521601416,-1.2901581852160142,4,
DOGE,RANGE_MEAN_REVERSION,LONG,21686,21687,2025-08-14T21:30:00+00:00,2025-08-14T21:45:00+00:00,0.21921,0.21602012907872362,0.22399480638191455,0.003189870921276372,1.5,2025-08-14T23:45:00+00:00,0.22399480638191455,TP,1.5,0.1806236874518878,1.3193763125481122,8,
CRV,RANGE_MEAN_REVERSION,LONG,21686,21687,2025-08-14T21:30:00+00:00,2025-08-14T21:45:00+00:00,0.905,0.8950406475497815,0.9199390286753277,0.009959352450218506,1.5,2025-08-15T00:15:00+00:00,0.9199390286753277,TP,1.4999999999999944,0.23821034039475888,1.2617896596052356,10,
BNB,RANGE_MEAN_REVERSION,LONG,21751,21752,2025-08-15T13:45:00+00:00,2025-08-15T14:00:00+00:00,832.53,828.2946968851338,838.8829546722992,4.235303114866156,1.5,2025-08-15T14:45:00+00:00,828.2946968851338,SL,-1.0,0.509779830957602,-1.509779830957602,3,
FET,RANGE_MEAN_REVERSION,LONG,21754,21755,2025-08-15T14:30:00+00:00,2025-08-15T14:45:00+00:00,0.6967,0.6908918552341744,0.7054122171487384,0.005808144765825585,1.5,2025-08-15T14:45:00+00:00,0.6908918552341744,SL,-1.0,0.31057583523368326,-1.3105758352336832,0,True
XRP,RANGE_MEAN_REVERSION,LONG,21756,21757,2025-08-15T15:00:00+00:00,2025-08-15T15:15:00+00:00,3.0535,3.0317055797681,3.0861916303478507,0.021794420231900258,1.5,2025-08-15T15:15:00+00:00,3.0317055797681,SL,-1.0,0.3629721355064828,-1.3629721355064828,0,True
SOL,RANGE_MEAN_REVERSION,LONG,21756,21757,2025-08-15T15:00:00+00:00,2025-08-15T15:15:00+00:00,187.23,184.6562131144868,191.09068032826977,2.5737868855131865,1.5,2025-08-15T15:30:00+00:00,184.6562131144868,SL,-1.0,0.1878368717200288,-1.1878368717200287,1,
UNI,RANGE_MEAN_REVERSION,SHORT,21812,21813,2025-08-16T05:00:00+00:00,2025-08-16T05:15:00+00:00,11.123,11.200986867488727,11.00601969876691,0.07798686748872719,1.5,2025-08-16T05:30:00+00:00,11.00601969876691,TP,1.4999999999999887,0.3688791015045615,1.131120898495427,1,
XRP,RANGE_MEAN_REVERSION,SHORT,21823,21824,2025-08-16T07:45:00+00:00,2025-08-16T08:00:00+00:00,3.1222,3.130071633984801,3.110392549022798,0.007871633984801285,1.5,2025-08-16T08:30:00+00:00,3.130071633984801,SL,-1.0,1.0325623802978978,-2.0325623802978976,2,
ADA,RANGE_MEAN_REVERSION,LONG,21832,21833,2025-08-16T10:00:00+00:00,2025-08-16T10:15:00+00:00,0.9197,0.9103569651198928,0.9337145523201607,0.009343034880107126,1.5,2025-08-16T10:15:00+00:00,0.9103569651198928,SL,-1.0,0.25463610969935524,-1.2546361096993552,0,True
LINK,RANGE_MEAN_REVERSION,SHORT,21867,21868,2025-08-16T18:45:00+00:00,2025-08-16T19:00:00+00:00,22.46,22.649216455095676,22.17617531735649,0.18921645509567497,1.5,2025-08-16T19:15:00+00:00,22.649216455095676,SL,-1.0,0.309920093165115,-1.309920093165115,1,
BNB,RANGE_MEAN_REVERSION,SHORT,21891,21892,2025-08-17T00:45:00+00:00,2025-08-17T01:00:00+00:00,847.82,852.0245549864151,841.5131675203775,4.204554986415019,1.5,2025-08-17T01:45:00+00:00,852.0245549864151,SL,-1.0,0.5255723682107215,-1.5255723682107214,3,
ADA,RANGE_MEAN_REVERSION,SHORT,21903,21904,2025-08-17T03:45:00+00:00,2025-08-17T04:00:00+00:00,0.9373,0.9475828943128495,0.9218756585307258,0.010282894312849455,1.5,2025-08-17T04:00:00+00:00,0.9475828943128495,SL,-1.0,0.23829358622744584,-1.2382935862274458,0,True
UNI,RANGE_MEAN_REVERSION,SHORT,21908,21909,2025-08-17T05:00:00+00:00,2025-08-17T05:15:00+00:00,11.181,11.235965732078265,11.0985514018826,0.05496573207826572,1.5,2025-08-17T05:45:00+00:00,11.0985514018826,TP,1.5,0.526935887640073,0.973064112359927,2,
BTC,RANGE_MEAN_REVERSION,SHORT,21907,21908,2025-08-17T04:45:00+00:00,2025-08-17T05:00:00+00:00,118023.5,118227.79333947545,117717.05999078683,204.29333947545092,1.5,2025-08-17T08:45:00+00:00,118227.79333947545,SL,-1.0,1.5033612066350515,-2.5033612066350512,15,
ETH,RANGE_MEAN_REVERSION,SHORT,21924,21925,2025-08-17T09:00:00+00:00,2025-08-17T09:15:00+00:00,4543.51,4567.264937615702,4507.877593576447,23.754937615702147,1.5,2025-08-17T10:45:00+00:00,4567.264937615702,SL,-1.0,0.4985913922616012,-1.4985913922616012,6,
BNB,RANGE_MEAN_REVERSION,SHORT,21925,21926,2025-08-17T09:15:00+00:00,2025-08-17T09:30:00+00:00,862.6,866.1951174360651,857.2073238459025,3.5951174360650384,1.5,2025-08-17T13:15:00+00:00,857.2073238459025,TP,1.5,0.6218849761544275,0.8781150238455725,15,
AVAX,RANGE_MEAN_REVERSION,SHORT,21948,21949,2025-08-17T15:00:00+00:00,2025-08-17T15:15:00+00:00,25.111,25.21672163665633,24.952417545015507,0.10572163665633028,1.5,2025-08-17T15:15:00+00:00,25.21672163665633,SL,-1.0,0.6188519228124884,-1.6188519228124885,0,True
FET,RANGE_MEAN_REVERSION,SHORT,21951,21952,2025-08-17T15:45:00+00:00,2025-08-17T16:00:00+00:00,0.7314,0.7345654730561454,0.7266517904157821,0.0031654730561453404,1.5,2025-08-17T16:15:00+00:00,0.7266517904157821,TP,1.4999999999999825,0.5987943330810293,0.9012056669189532,1,
CRV,RANGE_MEAN_REVERSION,SHORT,21952,21953,2025-08-17T16:00:00+00:00,2025-08-17T16:15:00+00:00,0.905,0.9122938215266662,0.8940592677100008,0.007293821526666133,1.5,2025-08-17T16:30:00+00:00,0.8940592677100008,TP,1.5000000000000075,0.32065180639154073,1.1793481936084669,1,
DOGE,RANGE_MEAN_REVERSION,SHORT,21952,21953,2025-08-17T16:00:00+00:00,2025-08-17T16:15:00+00:00,0.2408,0.24347101026827594,0.23679348459758603,0.0026710102682759584,1.5,2025-08-17T16:45:00+00:00,0.23679348459758603,TP,1.500000000000005,0.23244820034990438,1.2675517996501007,2,
ADA,RANGE_MEAN_REVERSION,SHORT,21928,21929,2025-08-17T10:00:00+00:00,2025-08-17T10:15:00+00:00,0.9792,0.9926818681248731,0.9589771978126902,0.013481868124873175,1.5,2025-08-17T17:45:00+00:00,0.9589771978126902,TP,1.5,0.18689029842295687,1.3131097015770432,30,
BTC,RANGE_MEAN_REVERSION,LONG,21963,21964,2025-08-17T18:45:00+00:00,2025-08-17T19:00:00+00:00,117501.1,117130.06402494527,118057.65396258212,371.0359750547359,1.5,2025-08-18T00:15:00+00:00,117130.06402494527,SL,-1.0,0.8220780025102193,-1.8220780025102195,21,
ADA,RANGE_MEAN_REVERSION,LONG,21991,21992,2025-08-18T01:45:00+00:00,2025-08-18T02:00:00+00:00,0.9393,0.930639174659592,0.9522912380106121,0.008660825340408018,1.5,2025-08-18T02:00:00+00:00,0.930639174659592,SL,-1.0,0.28068005432643295,-1.280680054326433,0,True
BNB,RANGE_MEAN_REVERSION,SHORT,22074,22075,2025-08-18T22:30:00+00:00,2025-08-18T22:45:00+00:00,854.64,857.3169086045943,850.6246370931085,2.6769086045943595,1.5,2025-08-18T23:30:00+00:00,850.6246370931085,TP,1.4999999999999787,0.8281358670282157,0.671864132971763,3,
ETH,RANGE_MEAN_REVERSION,LONG,22094,22095,2025-08-19T03:30:00+00:00,2025-08-19T03:45:00+00:00,4225.23,4193.511230667509,4272.808153998735,31.71876933249041,1.5,2025-08-19T04:00:00+00:00,4193.511230667509,SL,-1.0,0.34504376525911257,-1.3450437652591125,1,
UNI,RANGE_MEAN_REVERSION,LONG,22096,22097,2025-08-19T04:00:00+00:00,2025-08-19T04:15:00+00:00,10.188,10.090315596049201,10.3345266059262,0.09768440395079914,1.5,2025-08-19T04:45:00+00:00,10.3345266059262,TP,1.500000000000009,0.273117135475809,1.2268828645242,2,
AVAX,RANGE_MEAN_REVERSION,LONG,22095,22096,2025-08-19T03:45:00+00:00,2025-08-19T04:00:00+00:00,23.098,22.9375625849067,23.338656122639946,0.16043741509329834,1.5,2025-08-19T07:30:00+00:00,22.9375625849067,SL,-1.0,0.37301916965925086,-1.3730191696592509,14,
CRV,RANGE_MEAN_REVERSION,LONG,22096,22097,2025-08-19T04:00:00+00:00,2025-08-19T04:15:00+00:00,0.845,0.8313941568048788,0.8654087647926817,0.013605843195121148,1.5,2025-08-19T09:30:00+00:00,0.8654087647926817,TP,1.5,0.16342474055763126,1.3365752594423688,21,
AVAX,RANGE_MEAN_REVERSION,LONG,22156,22157,2025-08-19T19:00:00+00:00,2025-08-19T19:15:00+00:00,22.389,22.233012804381424,22.622980793427864,0.15598719561857521,1.5,2025-08-19T19:15:00+00:00,22.622980793427864,TP,1.5000000000000113,0.37513063043033573,1.1248693695696756,0,True
ETH,RANGE_MEAN_REVERSION,LONG,22175,22176,2025-08-19T23:45:00+00:00,2025-08-20T00:00:00+00:00,4073.93,4048.067385485048,4112.723921772427,25.86261451495193,1.5,2025-08-20T00:30:00+00:00,4112.723921772427,TP,1.4999999999999825,0.4115071232319274,1.088492876768055,2,
DOGE,RANGE_MEAN_REVERSION,LONG,22175,22176,2025-08-19T23:45:00+00:00,2025-08-20T00:00:00+00:00,0.20932,0.2077319952417675,0.21170200713734877,0.0015880047582325085,1.5,2025-08-20T01:00:00+00:00,0.21170200713734877,TP,1.5,0.3446643383409913,1.1553356616590087,4,
SUI,RANGE_MEAN_REVERSION,LONG,22323,22324,2025-08-21T12:45:00+00:00,2025-08-21T13:00:00+00:00,3.4192,3.388603519761237,3.4650947203581444,0.030596480238763046,1.5,2025-08-21T14:15:00+00:00,3.4650947203581444,TP,1.4999999999999927,0.29250368233948865,1.207496317660504,5,
DOGE,RANGE_MEAN_REVERSION,LONG,22413,22414,2025-08-22T11:15:00+00:00,2025-08-22T11:30:00+00:00,0.21246,0.21127992887957414,0.2142301066806388,0.0011800711204258685,1.5,2025-08-22T12:00:00+00:00,0.21127992887957414,SL,-1.0,0.46680399003803197,-1.466803990038032,2,
CRV,RANGE_MEAN_REVERSION,LONG,22414,22415,2025-08-22T11:30:00+00:00,2025-08-22T11:45:00+00:00,0.843,0.8373623151648731,0.8514565272526902,0.005637684835126833,1.5,2025-08-22T12:00:00+00:00,0.8373623151648731,SL,-1.0,0.3874766102751095,-1.3874766102751095,1,
ADA,RANGE_MEAN_REVERSION,LONG,22416,22417,2025-08-22T12:00:00+00:00,2025-08-22T12:15:00+00:00,0.8288,0.8231895225533364,0.8372157161699953,0.005610477446663542,1.5,2025-08-22T12:30:00+00:00,0.8231895225533364,SL,-1.0,0.3827813942281279,-1.382781394228128,1,
UNI,RANGE_MEAN_REVERSION,LONG,22416,22417,2025-08-22T12:00:00+00:00,2025-08-22T12:15:00+00:00,10.136,10.042639538077642,10.276040692883534,0.09336046192235692,1.5,2025-08-22T12:30:00+00:00,10.042639538077642,SL,-1.0,0.2809779521154997,-1.2809779521154998,1,
ETH,RANGE_MEAN_REVERSION,LONG,22417,22418,2025-08-22T12:15:00+00:00,2025-08-22T12:30:00+00:00,4228.34,4208.506064058559,4258.090903912162,19.83393594144127,1.5,2025-08-22T12:30:00+00:00,4208.506064058559,SL,-1.0,0.5529865537358957,-1.5529865537358956,0,True
ADA,RANGE_MEAN_REVERSION,LONG,22474,22475,2025-08-23T02:30:00+00:00,2025-08-23T02:45:00+00:00,0.897,0.8866158118364936,0.9125762822452597,0.010384188163506392,1.5,2025-08-23T04:30:00+00:00,0.9125762822452597,TP,1.5000000000000053,0.2265414618724026,1.2734585381276027,7,
AVAX,RANGE_MEAN_REVERSION,SHORT,22503,22504,2025-08-23T09:45:00+00:00,2025-08-23T10:00:00+00:00,25.826,26.03088985945018,25.51866521082473,0.20488985945018,1.5,2025-08-23T11:45:00+00:00,26.03088985945018,SL,-1.0,0.3290253456085622,-1.3290253456085623,7,
SOL,RANGE_MEAN_REVERSION,SHORT,22567,22568,2025-08-24T01:45:00+00:00,2025-08-24T02:00:00+00:00,208.24,209.68924051754348,206.0661392236848,1.4492405175434726,1.5,2025-08-24T02:15:00+00:00,209.68924051754348,SL,-1.0,0.374891542222224,-1.3748915422222239,1,
XRP,RANGE_MEAN_REVERSION,SHORT,22567,22568,2025-08-24T01:45:00+00:00,2025-08-24T02:00:00+00:00,3.0731,3.0952723503533472,3.0398414744699798,0.02217235035334708,1.5,2025-08-24T06:15:00+00:00,3.0398414744699798,TP,1.49999999999999,0.35841143542147486,1.141588564578515,17,
CRV,RANGE_MEAN_REVERSION,LONG,22585,22586,2025-08-24T06:15:00+00:00,2025-08-24T06:30:00+00:00,0.875,0.8688063495474561,0.8842904756788159,0.006193650452543942,1.5,2025-08-24T06:45:00+00:00,0.8688063495474561,SL,-1.0,0.36601165528813145,-1.3660116552881314,1,
BNB,RANGE_MEAN_REVERSION,LONG,22587,22588,2025-08-24T06:45:00+00:00,2025-08-24T07:00:00+00:00,871.81,869.6665473672919,875.0251789490621,2.1434526327080903,1.5,2025-08-24T07:30:00+00:00,875.0251789490621,TP,1.5000000000000264,1.0594522584642743,0.44054774153575216,2,
FET,RANGE_MEAN_REVERSION,LONG,22586,22587,2025-08-24T06:30:00+00:00,2025-08-24T06:45:00+00:00,0.6775,0.6731729650417414,0.6839905524373879,0.004327034958258591,1.5,2025-08-24T08:00:00+00:00,0.6731729650417414,SL,-1.0,0.4057916960441922,-1.4057916960441923,5,
BNB,RANGE_MEAN_REVERSION,LONG,22601,22602,2025-08-24T10:15:00+00:00,2025-08-24T10:30:00+00:00,864.22,861.5915955172128,868.1626067241809,2.628404482787232,1.5,2025-08-24T11:00:00+00:00,861.5915955172128,SL,-1.0,0.8535805995100304,-1.8535805995100305,2,
UNI,RANGE_MEAN_REVERSION,LONG,22602,22603,2025-08-24T10:30:00+00:00,2025-08-24T10:45:00+00:00,10.938,10.86219395725192,11.051709064122122,0.07580604274808067,1.5,2025-08-24T11:00:00+00:00,10.86219395725192,SL,-1.0,0.3738521510561906,-1.3738521510561905,1,
SUI,RANGE_MEAN_REVERSION,LONG,22602,22603,2025-08-24T10:30:00+00:00,2025-08-24T10:45:00+00:00,3.6257,3.606534634553421,3.6544480481698693,0.01916536544657932,1.5,2025-08-24T11:15:00+00:00,3.606534634553421,SL,-1.0,0.49056747971364784,-1.490567479713648,2,
XRP,RANGE_MEAN_REVERSION,LONG,22604,22605,2025-08-24T11:00:00+00:00,2025-08-24T11:15:00+00:00,3.005,2.9940429723939475,3.0214355414090788,0.010957027606052439,1.5,2025-08-24T13:15:00+00:00,3.0214355414090788,TP,1.5000000000000202,0.7150083476566453,0.7849916523433749,8,
ADA,RANGE_MEAN_REVERSION,LONG,22602,22603,2025-08-24T10:30:00+00:00,2025-08-24T10:45:00+00:00,0.8932,0.8851564636904887,0.9052653044642669,0.008043536309511268,1.5,2025-08-24T15:00:00+00:00,0.9052653044642669,TP,1.5,0.2906687812223734,1.2093312187776266,17,
FET,RANGE_MEAN_REVERSION,LONG,22602,22603,2025-08-24T10:30:00+00:00,2025-08-24T10:45:00+00:00,0.6685,0.6637524352998609,0.6756213470502086,0.00474756470013904,1.5,2025-08-24T15:00:00+00:00,0.6756213470502086,TP,1.5000000000000118,0.3680534887948124,1.1319465112051994,17,
ADA,RANGE_MEAN_REVERSION,SHORT,22631,22632,2025-08-24T17:45:00+00:00,2025-08-24T18:00:00+00:00,0.922,0.9300163974763448,0.9099754037854829,0.00801639747634475,1.5,2025-08-24T18:15:00+00:00,0.9300163974763448,SL,-1.0,0.30033706834320484,-1.3003370683432047,1,
LINK,RANGE_MEAN_REVERSION,SHORT,22634,22635,2025-08-24T18:30:00+00:00,2025-08-24T18:45:00+00:00,26.356,26.561864806032485,26.047202790951275,0.20586480603248347,1.5,2025-08-24T19:00:00+00:00,26.561864806032485,SL,-1.0,0.33416699810742456,-1.3341669981074245,1,
XRP,RANGE_MEAN_REVERSION,SHORT,22634,22635,2025-08-24T18:30:00+00:00,2025-08-24T18:45:00+00:00,3.1003,3.1188872373368497,3.072419143994725,0.01858723733684986,1.5,2025-08-24T19:00:00+00:00,3.1188872373368497,SL,-1.0,0.4349728398049352,-1.434972839804935,1,
UNI,RANGE_MEAN_REVERSION,SHORT,22634,22635,2025-08-24T18:30:00+00:00,2025-08-24T18:45:00+00:00,11.383,11.463883008907633,11.261675486638548,0.08088300890763378,1.5,2025-08-24T19:30:00+00:00,11.261675486638548,TP,1.5,0.36395874152317464,1.1360412584768254,3,
CRV,RANGE_MEAN_REVERSION,LONG,22733,22734,2025-08-25T19:15:00+00:00,2025-08-25T19:30:00+00:00,0.811,0.7999323190836901,0.827601521374465,0.011067680916309941,1.5,2025-08-25T19:30:00+00:00,0.7999323190836901,SL,-1.0,0.18921868371924705,-1.189218683719247,0,True
AVAX,RANGE_MEAN_REVERSION,LONG,22734,22735,2025-08-25T19:30:00+00:00,2025-08-25T19:45:00+00:00,23.697,23.50212801047084,23.98930798429374,0.19487198952915818,1.5,2025-08-25T19:45:00+00:00,23.50212801047084,SL,-1.0,0.31486755260140215,-1.3148675526014022,0,True
SUI,RANGE_MEAN_REVERSION,LONG,22734,22735,2025-08-25T19:30:00+00:00,2025-08-25T19:45:00+00:00,3.4028,3.3781138963721844,3.4398291554417235,0.024686103627815648,1.5,2025-08-25T19:45:00+00:00,3.3781138963721844,SL,-1.0,0.35709110672901495,-1.357091106729015,0,True
LINK,RANGE_MEAN_REVERSION,LONG,22734,22735,2025-08-25T19:30:00+00:00,2025-08-25T19:45:00+00:00,23.888,23.53675169479578,24.414872457806336,0.3512483052042228,1.5,2025-08-25T20:00:00+00:00,23.53675169479578,SL,-1.0,0.1755230595842696,-1.1755230595842696,1,
UNI,RANGE_MEAN_REVERSION,LONG,22734,22735,2025-08-25T19:30:00+00:00,2025-08-25T19:45:00+00:00,9.83,9.737625148913983,9.968562276629026,0.09237485108601717,1.5,2025-08-25T20:00:00+00:00,9.737625148913983,SL,-1.0,0.2753770360062721,-1.2753770360062722,1,
ADA,RANGE_MEAN_REVERSION,LONG,22736,22737,2025-08-25T20:00:00+00:00,2025-08-25T20:15:00+00:00,0.8461,0.8347531369121327,0.8631202946318008,0.011346863087867254,1.5,2025-08-25T20:30:00+00:00,0.8347531369121327,SL,-1.0,0.19257384715624376,-1.1925738471562437,1,
XRP,RANGE_MEAN_REVERSION,SHORT,22831,22832,2025-08-26T19:45:00+00:00,2025-08-26T20:00:00+00:00,3.0595,3.093504297022959,3.008493554465561,0.03400429702295904,1.5,2025-08-26T22:15:00+00:00,3.008493554465561,TP,1.5000000000000064,0.23198219964609595,1.2680178003539104,9,
SOL,RANGE_MEAN_REVERSION,SHORT,22858,22859,2025-08-27T02:30:00+00:00,2025-08-27T02:45:00+00:00,199.27,200.56222238637838,197.33166642043244,1.29222238637837,1.5,2025-08-27T03:15:00+00:00,197.33166642043244,TP,1.500000000000011,0.3989887280869292,1.101011271913082,2,
DOGE,RANGE_MEAN_REVERSION,SHORT,22864,22865,2025-08-27T04:00:00+00:00,2025-08-27T04:15:00+00:00,0.22205,0.22383404212382096,0.21937393681426853,0.001784042123820967,1.5,2025-08-27T06:45:00+00:00,0.21937393681426853,TP,1.5000000000000078,0.32165782982158797,1.1783421701784198,10,
AVAX,RANGE_MEAN_REVERSION,SHORT,22864,22865,2025-08-27T04:00:00+00:00,2025-08-27T04:15:00+00:00,24.54,24.71435131897207,24.278473021541892,0.17435131897207157,1.5,2025-08-27T07:15:00+00:00,24.278473021541892,TP,1.5,0.3640007732787524,1.1359992267212475,12,
SOL,RANGE_MEAN_REVERSION,SHORT,22864,22865,2025-08-27T04:00:00+00:00,2025-08-27T04:15:00+00:00,204.56,206.9546657806102,200.9680013290847,2.394665780610211,1.5,2025-08-27T07:15:00+00:00,200.9680013290847,TP,1.499999999999994,0.22015030489702495,1.279849695102969,12,
AVAX,RANGE_MEAN_REVERSION,SHORT,22902,22903,2025-08-27T13:30:00+00:00,2025-08-27T13:45:00+00:00,24.814,25.101202341004345,24.383196488493482,0.2872023410043454,1.5,2025-08-27T14:30:00+00:00,25.101202341004345,SL,-1.0,0.22593744471715108,-1.2259374447171512,3,
SUI,RANGE_MEAN_REVERSION,SHORT,22906,22907,2025-08-27T14:30:00+00:00,2025-08-27T14:45:00+00:00,3.4995,3.529362412300058,3.4547063815499124,0.02986241230005815,1.5,2025-08-27T19:00:00+00:00,3.4547063815499124,TP,1.5000000000000073,0.3027373745019682,1.1972626254980392,17,
BTC,RANGE_MEAN_REVERSION,SHORT,22963,22964,2025-08-28T04:45:00+00:00,2025-08-28T05:00:00+00:00,112931.1,113235.78846622491,112474.06730066265,304.68846622490673,1.5,2025-08-28T06:45:00+00:00,113235.78846622491,SL,-1.0,0.9649756639920295,-1.9649756639920295,7,
BNB,RANGE_MEAN_REVERSION,SHORT,22964,22965,2025-08-28T05:00:00+00:00,2025-08-28T05:15:00+00:00,871.08,874.903922815652,865.3441157765221,3.8239228156519403,1.5,2025-08-28T12:00:00+00:00,874.903922815652,SL,-1.0,0.5935734608370679,-1.5935734608370677,27,
ETH,RANGE_MEAN_REVERSION,SHORT,22976,22977,2025-08-28T08:00:00+00:00,2025-08-28T08:15:00+00:00,4617.26,4646.218368548797,4573.822447176804,28.958368548796898,1.5,2025-08-28T12:15:00+00:00,4573.822447176804,TP,1.5000000000000158,0.4126063649337129,1.087393635066303,16,
ETH,RANGE_MEAN_REVERSION,LONG,23007,23008,2025-08-28T15:45:00+00:00,2025-08-28T16:00:00+00:00,4502.04,4466.181963261997,4555.827055107004,35.85803673800274,1.5,2025-08-28T16:45:00+00:00,4466.181963261997,SL,-1.0,0.3251346033645113,-1.3251346033645113,3,
XRP,RANGE_MEAN_REVERSION,LONG,23060,23061,2025-08-29T05:00:00+00:00,2025-08-29T05:15:00+00:00,2.909,2.8980368503474514,2.9254447244788224,0.01096314965254841,1.5,2025-08-29T05:30:00+00:00,2.8980368503474514,SL,-1.0,0.688592981461023,-1.688592981461023,1,
BNB,RANGE_MEAN_REVERSION,LONG,23069,23070,2025-08-29T07:15:00+00:00,2025-08-29T07:30:00+00:00,859.24,856.3966088663054,863.5050867005418,2.843391133694581,1.5,2025-08-29T07:45:00+00:00,856.3966088663054,SL,-1.0,0.7843900070927647,-1.7843900070927647,1,
ETH,RANGE_MEAN_REVERSION,LONG,23069,23070,2025-08-29T07:15:00+00:00,2025-08-29T07:30:00+00:00,4381.81,4357.158668758168,4418.786996862749,24.65133124183285,1.5,2025-08-29T08:15:00+00:00,4357.158668758168,SL,-1.0,0.460853783430032,-1.4608537834300321,3,
SUI,RANGE_MEAN_REVERSION,LONG,23069,23070,2025-08-29T07:15:00+00:00,2025-08-29T07:30:00+00:00,3.3562,3.3319059670933386,3.392641049359992,0.02429403290666121,1.5,2025-08-29T08:15:00+00:00,3.3319059670933386,SL,-1.0,0.35788779041446733,-1.3578877904144673,3,
UNI,RANGE_MEAN_REVERSION,LONG,23069,23070,2025-08-29T07:15:00+00:00,2025-08-29T07:30:00+00:00,9.671,9.615653994741828,9.754019007887255,0.055346005258170905,1.5,2025-08-29T08:15:00+00:00,9.615653994741828,SL,-1.0,0.45301643860670177,-1.4530164386067017,3,
BTC,RANGE_MEAN_REVERSION,LONG,23071,23072,2025-08-29T07:45:00+00:00,2025-08-29T08:00:00+00:00,109969.0,109665.06443285187,110424.90335072219,303.93556714813167,1.5,2025-08-29T08:30:00+00:00,109665.06443285187,SL,-1.0,0.9394237286600584,-1.9394237286600584,2,
LINK,RANGE_MEAN_REVERSION,LONG,23069,23070,2025-08-29T07:15:00+00:00,2025-08-29T07:30:00+00:00,23.613,23.158771969427452,24.29434204585882,0.4542280305725477,1.5,2025-08-29T14:00:00+00:00,23.158771969427452,SL,-1.0,0.13386074717496851,-1.1338607471749684,26,
SOL,RANGE_MEAN_REVERSION,LONG,23186,23187,2025-08-30T12:30:00+00:00,2025-08-30T12:45:00+00:00,199.98,198.5035578831277,202.1946631753084,1.4764421168722777,1.5,2025-08-30T13:00:00+00:00,198.5035578831277,SL,-1.0,0.3508628068301569,-1.350862806830157,1,
ADA,RANGE_MEAN_REVERSION,LONG,23186,23187,2025-08-30T12:30:00+00:00,2025-08-30T12:45:00+00:00,0.8097,0.802210164349253,0.8209347534761204,0.007489835650747012,1.5,2025-08-30T15:15:00+00:00,0.8209347534761204,TP,1.4999999999999927,0.28302692854248834,1.2169730714575042,10,
SOL,RANGE_MEAN_REVERSION,SHORT,23235,23236,2025-08-31T00:45:00+00:00,2025-08-31T01:00:00+00:00,205.33,206.42830893269362,203.6825366009596,1.0983089326936124,1.5,2025-08-31T01:45:00+00:00,206.42830893269362,SL,-1.0,0.48737271060857945,-1.4873727106085795,3,
DOGE,RANGE_MEAN_REVERSION,SHORT,23238,23239,2025-08-31T01:30:00+00:00,2025-08-31T01:45:00+00:00,0.21855,0.2195968487477258,0.21697972687841127,0.0010468487477258148,1.5,2025-08-31T03:15:00+00:00,0.2195968487477258,SL,-1.0,0.5441004773702303,-1.5441004773702303,6,
ETH,RANGE_MEAN_REVERSION,SHORT,23236,23237,2025-08-31T01:00:00+00:00,2025-08-31T01:15:00+00:00,4443.83,4480.020105077767,4389.5448423833495,36.19010507776693,1.5,2025-08-31T03:45:00+00:00,4480.020105077767,SL,-1.0,0.32055737643403726,-1.3205573764340373,10,
BNB,RANGE_MEAN_REVERSION,SHORT,23297,23298,2025-08-31T16:15:00+00:00,2025-08-31T16:30:00+00:00,865.22,867.6699221989406,861.5451167015891,2.4499221989406124,1.5,2025-08-31T16:45:00+00:00,867.6699221989406,SL,-1.0,0.9195218116855927,-1.9195218116855925,1,
ADA,RANGE_MEAN_REVERSION,LONG,23327,23328,2025-08-31T23:45:00+00:00,2025-09-01T00:00:00+00:00,0.8106,0.8064384506936707,0.816842323959494,0.004161549306329282,1.5,2025-09-01T00:00:00+00:00,0.8064384506936707,SL,-1.0,0.5051363881967279,-1.505136388196728,0,True
BNB,RANGE_MEAN_REVERSION,LONG,23327,23328,2025-08-31T23:45:00+00:00,2025-09-01T00:00:00+00:00,858.09,856.5267725077833,860.4348412383251,1.563227492216697,1.5,2025-09-01T00:00:00+00:00,856.5267725077833,SL,-1.0,1.42589726406317,-2.42589726406317,0,True
DOGE,RANGE_MEAN_REVERSION,LONG,23327,23328,2025-08-31T23:45:00+00:00,2025-09-01T00:00:00+00:00,0.21358,0.21257712869601486,0.2150843069559777,0.0010028713039851311,1.5,2025-09-01T00:00:00+00:00,0.21257712869601486,SL,-1.0,0.5524181069927524,-1.5524181069927523,0,True
SOL,RANGE_MEAN_REVERSION,LONG,23327,23328,2025-08-31T23:45:00+00:00,2025-09-01T00:00:00+00:00,200.57,199.62537998031613,201.9869300295258,0.9446200196838674,1.5,2025-09-01T00:00:00+00:00,199.62537998031613,SL,-1.0,0.550754783016903,-1.5507547830169028,0,True
UNI,RANGE_MEAN_REVERSION,LONG,23327,23328,2025-08-31T23:45:00+00:00,2025-09-01T00:00:00+00:00,9.614,9.576398547328358,9.670402179007464,0.03760145267164283,1.5,2025-09-01T00:00:00+00:00,9.576398547328358,SL,-1.0,0.6634721889439409,-1.663472188943941,0,True
XRP,RANGE_MEAN_REVERSION,LONG,23327,23328,2025-08-31T23:45:00+00:00,2025-09-01T00:00:00+00:00,2.7744,2.762789423730441,2.791815864404338,0.011610576269558859,1.5,2025-09-01T00:00:00+00:00,2.762789423730441,SL,-1.0,0.6199818237896191,-1.619981823789619,0,True
ETH,RANGE_MEAN_REVERSION,LONG,23326,23327,2025-08-31T23:30:00+00:00,2025-08-31T23:45:00+00:00,4384.88,4363.539393772301,4416.890909341549,21.340606227699027,1.5,2025-09-01T00:15:00+00:00,4363.539393772301,SL,-1.0,0.5329251236144587,-1.5329251236144588,2,
LINK,RANGE_MEAN_REVERSION,LONG,23328,23329,2025-09-01T00:00:00+00:00,2025-09-01T00:15:00+00:00,23.115,22.984179567884997,23.3112306481725,0.1308204321150015,1.5,2025-09-01T00:15:00+00:00,22.984179567884997,SL,-1.0,0.4581007146159572,-1.4581007146159572,0,True
SOL,RANGE_MEAN_REVERSION,LONG,23475,23476,2025-09-02T12:45:00+00:00,2025-09-02T13:00:00+00:00,197.86,196.54934481079917,199.8259827838013,1.310655189200844,1.5,2025-09-02T13:15:00+00:00,199.8259827838013,TP,1.5000000000000109,0.39445292848851504,1.105547071511496,1,
ETH,RANGE_MEAN_REVERSION,SHORT,23575,23576,2025-09-03T13:45:00+00:00,2025-09-03T14:00:00+00:00,4417.44,4452.554679853119,4364.767980220321,35.114679853119014,1.5,2025-09-03T14:00:00+00:00,4452.554679853119,SL,-1.0,0.32838098288356826,-1.3283809828835682,0,True
BNB,RANGE_MEAN_REVERSION,SHORT,23579,23580,2025-09-03T14:45:00+00:00,2025-09-03T15:00:00+00:00,861.61,865.6059055095777,855.6161417356334,3.9959055095777103,1.5,2025-09-03T20:00:00+00:00,855.6161417356334,TP,1.5000000000000142,0.5586703636774044,0.9413296363226098,20,
ETH,RANGE_MEAN_REVERSION,SHORT,23579,23580,2025-09-03T14:45:00+00:00,2025-09-03T15:00:00+00:00,4464.75,4494.606936830615,4419.964594754078,29.85693683061527,1.5,2025-09-04T02:45:00+00:00,4419.964594754078,TP,1.4999999999999847,0.38684909435641807,1.1131509056435667,47,
BNB,RANGE_MEAN_REVERSION,LONG,23627,23628,2025-09-04T02:45:00+00:00,2025-09-04T03:00:00+00:00,851.12,849.9947427347498,852.8078858978753,1.125257265250184,1.5,2025-09-04T03:00:00+00:00,849.9947427347498,SL,-1.0,1.9652831702121847,-2.9652831702121847,0,True
ETH,RANGE_MEAN_REVERSION,LONG,23630,23631,2025-09-04T03:30:00+00:00,2025-09-04T03:45:00+00:00,4396.5,4375.869100855712,4427.446348716432,20.630899144288378,1.5,2025-09-04T05:00:00+00:00,4375.869100855712,SL,-1.0,0.5527669807968413,-1.5527669807968412,5,
UNI,RANGE_MEAN_REVERSION,LONG,23631,23632,2025-09-04T03:45:00+00:00,2025-09-04T04:00:00+00:00,9.531,9.495414861338878,9.584377707991685,0.035585138661122784,1.5,2025-09-04T05:00:00+00:00,9.495414861338878,SL,-1.0,0.6950749737210697,-1.6950749737210697,4,
AVAX,RANGE_MEAN_REVERSION,LONG,23715,23716,2025-09-05T00:45:00+00:00,2025-09-05T01:00:00+00:00,23.913,23.8175684770995,24.05614728435075,0.09543152290050116,1.5,2025-09-05T01:30:00+00:00,24.05614728435075,TP,1.4999999999999813,0.6534517062530132,0.8465482937469682,2,
BTC,RANGE_MEAN_REVERSION,SHORT,23740,23741,2025-09-05T07:00:00+00:00,2025-09-05T07:15:00+00:00,112299.9,112686.83839172515,111719.49241241226,386.93839172515436,1.5,2025-09-05T07:15:00+00:00,112686.83839172515,SL,-1.0,0.7558897389458207,-1.7558897389458208,0,True
DOGE,RANGE_MEAN_REVERSION,SHORT,23743,23744,2025-09-05T07:45:00+00:00,2025-09-05T08:00:00+00:00,0.218,0.21882068756967288,0.21676896864549067,0.0008206875696728788,1.5,2025-09-05T08:15:00+00:00,0.21676896864549067,TP,1.5000000000000169,0.688690410486445,0.8113095895135719,1,
SOL,RANGE_MEAN_REVERSION,SHORT,23742,23743,2025-09-05T07:30:00+00:00,2025-09-05T07:45:00+00:00,207.68,208.5512522212921,206.37312166806188,0.8712522212920817,1.5,2025-09-05T09:00:00+00:00,206.37312166806188,TP,1.5,0.617810830221148,0.882189169778852,5,
ADA,RANGE_MEAN_REVERSION,SHORT,23742,23743,2025-09-05T07:30:00+00:00,2025-09-05T07:45:00+00:00,0.8282,0.8311005604435038,0.8238491593347445,0.00290056044350373,1.5,2025-09-05T09:15:00+00:00,0.8238491593347445,TP,1.5,0.7404306681300867,0.7595693318699133,6,
AVAX,RANGE_MEAN_REVERSION,SHORT,23743,23744,2025-09-05T07:45:00+00:00,2025-09-05T08:00:00+00:00,24.841,24.95538238927916,24.669426416081265,0.11438238927915734,1.5,2025-09-05T09:15:00+00:00,24.669426416081265,TP,1.5,0.5627051047501936,0.9372948952498064,5,
ETH,RANGE_MEAN_REVERSION,SHORT,23743,23744,2025-09-05T07:45:00+00:00,2025-09-05T08:00:00+00:00,4415.0,4438.475281392476,4379.787077911285,23.475281392476063,1.5,2025-09-05T09:15:00+00:00,4379.787077911285,TP,1.5000000000000193,0.48703242402662195,1.0129675759733974,5,
BNB,RANGE_MEAN_REVERSION,SHORT,23764,23765,2025-09-05T13:00:00+00:00,2025-09-05T13:15:00+00:00,854.8,857.076726174154,851.3849107387689,2.276726174154078,1.5,2025-09-05T13:15:00+00:00,857.076726174154,SL,-1.0,0.977473606308087,-1.977473606308087,0,True
UNI,RANGE_MEAN_REVERSION,SHORT,23764,23765,2025-09-05T13:00:00+00:00,2025-09-05T13:15:00+00:00,9.668,9.751428170750883,9.542857743873675,0.08342817075088327,1.5,2025-09-05T14:00:00+00:00,9.542857743873675,TP,1.4999999999999893,0.29934870730425756,1.2006512926957318,3,
CRV,RANGE_MEAN_REVERSION,SHORT,23762,23763,2025-09-05T12:30:00+00:00,2025-09-05T12:45:00+00:00,0.771,0.7813961330477333,0.7554058004284001,0.010396133047733236,1.5,2025-09-05T14:15:00+00:00,0.7554058004284001,TP,1.5000000000000053,0.19087169541270743,1.309128304587298,6,
BTC,RANGE_MEAN_REVERSION,LONG,23872,23873,2025-09-06T16:00:00+00:00,2025-09-06T16:15:00+00:00,110263.3,109956.42096811037,110723.61854783446,306.87903188963537,1.5,2025-09-06T16:15:00+00:00,109956.42096811037,SL,-1.0,0.932894096725064,-1.932894096725064,0,True
FET,RANGE_MEAN_REVERSION,SHORT,23909,23910,2025-09-07T01:15:00+00:00,2025-09-07T01:30:00+00:00,0.6093,0.6110177880843805,0.6067233178734293,0.0017177880843805005,1.5,2025-09-07T01:45:00+00:00,0.6110177880843805,SL,-1.0,0.9235208573948254,-1.9235208573948253,1,
SUI,RANGE_MEAN_REVERSION,SHORT,23909,23910,2025-09-07T01:15:00+00:00,2025-09-07T01:30:00+00:00,3.3637,3.3725414383603405,3.3504378424594896,0.008841438360340348,1.5,2025-09-07T01:45:00+00:00,3.3725414383603405,SL,-1.0,0.9904625823270842,-1.9904625823270843,1,
FET,RANGE_MEAN_REVERSION,SHORT,23927,23928,2025-09-07T05:45:00+00:00,2025-09-07T06:00:00+00:00,0.6244,0.6270624525781271,0.6204063211328092,0.002662452578127139,1.5,2025-09-07T06:00:00+00:00,0.6204063211328092,TP,1.5,0.6078035833453167,0.8921964166546833,0,True
BNB,RANGE_MEAN_REVERSION,SHORT,23918,23919,2025-09-07T03:30:00+00:00,2025-09-07T03:45:00+00:00,867.8,870.0289043855514,864.4566434216728,2.228904385551459,1.5,2025-09-07T08:00:00+00:00,870.0289043855514,SL,-1.0,1.0135820945689724,-2.0135820945689726,17,
ETH,RANGE_MEAN_REVERSION,LONG,23873,23874,2025-09-06T16:15:00+00:00,2025-09-06T16:30:00+00:00,4257.61,4223.495671390686,4308.78149291397,34.114328609313816,1.5,2025-09-07T08:15:00+00:00,4308.78149291397,TP,1.5,0.32644080639323353,1.1735591936067664,63,
SOL,RANGE_MEAN_REVERSION,SHORT,23911,23912,2025-09-07T01:45:00+00:00,2025-09-07T02:00:00+00:00,202.62,203.47750652545895,201.33374021181157,0.8575065254589447,1.5,2025-09-07T08:15:00+00:00,203.47750652545895,SL,-1.0,0.6156533423469237,-1.6156533423469237,25,
FET,RANGE_MEAN_REVERSION,SHORT,23951,23952,2025-09-07T11:45:00+00:00,2025-09-07T12:00:00+00:00,0.6264,0.628509037454361,0.6232364438184583,0.0021090374543610846,1.5,2025-09-07T12:45:00+00:00,0.628509037454361,SL,-1.0,0.7735195718394119,-1.773519571839412,3,
XRP,RANGE_MEAN_REVERSION,SHORT,23934,23935,2025-09-07T07:30:00+00:00,2025-09-07T07:45:00+00:00,2.8312,2.8361022761776336,2.8238465857335493,0.004902276177633613,1.5,2025-09-07T13:30:00+00:00,2.8361022761776336,SL,-1.0,1.5028718685097213,-2.5028718685097213,23,
DOGE,RANGE_MEAN_REVERSION,SHORT,23960,23961,2025-09-07T14:00:00+00:00,2025-09-07T14:15:00+00:00,0.22192,0.22382435095677547,0.2190634735648368,0.0019043509567754635,1.5,2025-09-07T14:30:00+00:00,0.22382435095677547,SL,-1.0,0.3042861685668433,-1.3042861685668434,1,
SOL,RANGE_MEAN_REVERSION,SHORT,23967,23968,2025-09-07T15:45:00+00:00,2025-09-07T16:00:00+00:00,205.08,205.81359071950467,203.97961392074302,0.7335907195046616,1.5,2025-09-07T16:30:00+00:00,203.97961392074302,TP,1.5,0.7248967086934184,0.7751032913065816,2,
BTC,RANGE_MEAN_REVERSION,SHORT,23938,23939,2025-09-07T08:30:00+00:00,2025-09-07T08:45:00+00:00,111150.1,111444.43489668136,110708.59765497799,294.3348966813501,1.5,2025-09-07T23:15:00+00:00,111444.43489668136,SL,-1.0,0.9831416479268641,-1.983141647926864,58,
UNI,RANGE_MEAN_REVERSION,SHORT,23997,23998,2025-09-07T23:15:00+00:00,2025-09-07T23:30:00+00:00,9.436,9.46204723094328,9.396929153585079,0.026047230943280653,1.5,2025-09-07T23:45:00+00:00,9.396929153585079,TP,1.5,0.9399389882545797,0.5600610117454203,1,
BTC,RANGE_MEAN_REVERSION,LONG,24101,24102,2025-09-09T01:15:00+00:00,2025-09-09T01:30:00+00:00,111327.7,111089.30048322662,111685.29927516007,238.39951677338104,1.5,2025-09-09T02:15:00+00:00,111089.30048322662,SL,-1.0,1.2128468402184251,-2.2128468402184254,3,
ETH,RANGE_MEAN_REVERSION,SHORT,24121,24122,2025-09-09T06:15:00+00:00,2025-09-09T06:30:00+00:00,4344.12,4359.382538639613,4321.22619204058,15.262538639613012,1.5,2025-09-09T06:30:00+00:00,4359.382538639613,SL,-1.0,0.7413283967625965,-1.7413283967625965,0,True
XRP,RANGE_MEAN_REVERSION,SHORT,24121,24122,2025-09-09T06:15:00+00:00,2025-09-09T06:30:00+00:00,2.9902,3.0000806596736966,2.9753790104894557,0.009880659673696446,1.5,2025-09-09T07:00:00+00:00,3.0000806596736966,SL,-1.0,0.788142200495656,-1.788142200495656,2,
SUI,RANGE_MEAN_REVERSION,SHORT,24202,24203,2025-09-10T02:30:00+00:00,2025-09-10T02:45:00+00:00,3.5539,3.5719448982266098,3.5268326526600857,0.018044898226609707,1.5,2025-09-10T03:00:00+00:00,3.5268326526600857,TP,1.4999999999999878,0.5101138467427947,0.9898861532571931,1,
XRP,RANGE_MEAN_REVERSION,SHORT,24242,24243,2025-09-10T12:30:00+00:00,2025-09-10T12:45:00+00:00,2.9957,3.010966716626708,2.9727999250599373,0.015266716626708199,1.5,2025-09-10T13:00:00+00:00,3.010966716626708,SL,-1.0,0.511483046587367,-1.511483046587367,1,
ETH,RANGE_MEAN_REVERSION,SHORT,24242,24243,2025-09-10T12:30:00+00:00,2025-09-10T12:45:00+00:00,4377.47,4403.522814344467,4338.390778483299,26.05281434446715,1.5,2025-09-10T13:45:00+00:00,4403.522814344467,SL,-1.0,0.43815959795038717,-1.4381595979503872,4,
FET,RANGE_MEAN_REVERSION,SHORT,24244,24245,2025-09-10T13:00:00+00:00,2025-09-10T13:15:00+00:00,0.6579,0.6625042920792309,0.6509935618811538,0.004604292079230854,1.5,2025-09-10T13:45:00+00:00,0.6625042920792309,SL,-1.0,0.37280988046912644,-1.3728098804691264,2,
UNI,RANGE_MEAN_REVERSION,SHORT,24303,24304,2025-09-11T03:45:00+00:00,2025-09-11T04:00:00+00:00,9.895,9.931315816671065,9.840526274993401,0.03631581667106509,1.5,2025-09-11T05:00:00+00:00,9.840526274993401,TP,1.5000000000000244,0.7064741071328621,0.7935258928671624,4,
SUI,RANGE_MEAN_REVERSION,SHORT,24376,24377,2025-09-11T22:00:00+00:00,2025-09-11T22:15:00+00:00,3.6549,3.6727361900678237,3.6281457148982645,0.017836190067823665,1.5,2025-09-11T22:15:00+00:00,3.6727361900678237,SL,-1.0,0.5340785790499543,-1.5340785790499543,0,True
BTC,RANGE_MEAN_REVERSION,SHORT,24378,24379,2025-09-11T22:30:00+00:00,2025-09-11T22:45:00+00:00,115094.1,115325.29324224306,114747.31013663542,231.19324224305456,1.5,2025-09-11T23:00:00+00:00,115325.29324224306,SL,-1.0,1.29564864573335,-2.2956486457333503,1,
UNI,RANGE_MEAN_REVERSION,SHORT,24378,24379,2025-09-11T22:30:00+00:00,2025-09-11T22:45:00+00:00,9.971,10.01256340038065,9.908654899429026,0.04156340038064954,1.5,2025-09-11T23:00:00+00:00,10.01256340038065,SL,-1.0,0.6250362622541727,-1.6250362622541727,1,
FET,RANGE_MEAN_REVERSION,SHORT,24517,24518,2025-09-13T09:15:00+00:00,2025-09-13T09:30:00+00:00,0.6917,0.6943276275634478,0.6877585586548283,0.0026276275634478097,1.5,2025-09-13T10:00:00+00:00,0.6943276275634478,SL,-1.0,0.6857272852885684,-1.6857272852885683,2,
UNI,RANGE_MEAN_REVERSION,LONG,24623,24624,2025-09-14T11:45:00+00:00,2025-09-14T12:00:00+00:00,9.505,9.450347166944171,9.586979249583745,0.054652833055829575,1.5,2025-09-14T12:45:00+00:00,9.450347166944171,SL,-1.0,0.4508814994431286,-1.4508814994431285,3,
XRP,RANGE_MEAN_REVERSION,LONG,24882,24883,2025-09-17T04:30:00+00:00,2025-09-17T04:45:00+00:00,3.0093,3.0013114978051614,3.021282753292258,0.00798850219483871,1.5,2025-09-17T06:30:00+00:00,3.021282753292258,TP,1.5,0.9813801621466818,0.5186198378533182,7,
BTC,RANGE_MEAN_REVERSION,LONG,24922,24923,2025-09-17T14:30:00+00:00,2025-09-17T14:45:00+00:00,115542.4,115186.99561565123,116075.50657652313,355.4043843487598,1.5,2025-09-17T17:30:00+00:00,116075.50657652313,TP,1.4999999999999796,0.8472131797170127,0.6527868202829669,11,
XRP,RANGE_MEAN_REVERSION,LONG,25070,25071,2025-09-19T03:30:00+00:00,2025-09-19T03:45:00+00:00,3.0522,3.0404178464748615,3.069873230287708,0.011782153525138561,1.5,2025-09-19T04:00:00+00:00,3.0404178464748615,SL,-1.0,0.6722373107359567,-1.6722373107359567,1,
BTC,RANGE_MEAN_REVERSION,LONG,25115,25116,2025-09-19T14:45:00+00:00,2025-09-19T15:00:00+00:00,115849.7,115603.39937728405,116219.15093407393,246.30062271594943,1.5,2025-09-19T15:00:00+00:00,115603.39937728405,SL,-1.0,1.221633245878858,-2.221633245878858,0,True
XRP,RANGE_MEAN_REVERSION,LONG,25116,25117,2025-09-19T15:00:00+00:00,2025-09-19T15:15:00+00:00,2.9943,2.979639656629165,3.0162905150562525,0.014660343370834994,1.5,2025-09-19T21:00:00+00:00,2.979639656629165,SL,-1.0,0.5297366751359786,-1.5297366751359784,23,
CRV,RANGE_MEAN_REVERSION,SHORT,25212,25213,2025-09-20T15:00:00+00:00,2025-09-20T15:15:00+00:00,0.792,0.7984215814037445,0.7823676278943833,0.006421581403744492,1.5,2025-09-20T16:00:00+00:00,0.7984215814037445,SL,-1.0,0.32196867497767123,-1.3219686749776711,3,
SOL,RANGE_MEAN_REVERSION,SHORT,25213,25214,2025-09-20T15:15:00+00:00,2025-09-20T15:30:00+00:00,240.65,241.57875040122042,239.25687439816937,0.9287504012204124,1.5,2025-09-20T16:15:00+00:00,239.25687439816937,TP,1.5000000000000153,0.6717401531109114,0.8282598468891039,3,
CRV,RANGE_MEAN_REVERSION,SHORT,25238,25239,2025-09-20T21:30:00+00:00,2025-09-20T21:45:00+00:00,0.808,0.8143765532188161,0.798435170171776,0.006376553218816028,1.5,2025-09-21T02:15:00+00:00,0.798435170171776,TP,1.5,0.32750698528805944,1.1724930147119406,18,
FET,RANGE_MEAN_REVERSION,LONG,25285,25286,2025-09-21T09:15:00+00:00,2025-09-21T09:30:00+00:00,0.6364,0.6338574005569363,0.6402138991645955,0.0025425994430636756,1.5,2025-09-21T09:30:00+00:00,0.6338574005569363,SL,-1.0,0.6494670740328099,-1.64946707403281,0,True
SOL,RANGE_MEAN_REVERSION,LONG,25285,25286,2025-09-21T09:15:00+00:00,2025-09-21T09:30:00+00:00,237.64,236.98017229801857,238.62974155297212,0.6598277019814134,1.5,2025-09-21T10:15:00+00:00,238.62974155297212,TP,1.5000000000000215,0.9383520306279963,0.5616479693720252,3,
ADA,RANGE_MEAN_REVERSION,LONG,25285,25286,2025-09-21T09:15:00+00:00,2025-09-21T09:30:00+00:00,0.882,0.8762876340971129,0.8905685488543307,0.005712365902887151,1.5,2025-09-21T17:00:00+00:00,0.8762876340971129,SL,-1.0,0.4001448722272794,-1.4001448722272793,30,
XRP,RANGE_MEAN_REVERSION,LONG,25286,25287,2025-09-21T09:30:00+00:00,2025-09-21T09:45:00+00:00,2.9702,2.954662856964183,2.993505714553726,0.015537143035817103,1.5,2025-09-21T17:15:00+00:00,2.954662856964183,SL,-1.0,0.495736036946922,-1.495736036946922,30,
DOGE,RANGE_MEAN_REVERSION,SHORT,25590,25591,2025-09-24T13:30:00+00:00,2025-09-24T13:45:00+00:00,0.24447,0.24642363352666227,0.24153954971000657,0.0019536335266622795,1.5,2025-09-24T14:15:00+00:00,0.24642363352666227,SL,-1.0,0.3266537530582513,-1.3266537530582512,2,
SOL,RANGE_MEAN_REVERSION,SHORT,25595,25596,2025-09-24T14:45:00+00:00,2025-09-24T15:00:00+00:00,215.48,216.9222611541889,213.3166082687166,1.4422611541889125,1.5,2025-09-24T15:45:00+00:00,213.3166082687166,TP,1.5000000000000098,0.3865011472647045,1.1134988527353054,3,
BTC,RANGE_MEAN_REVERSION,SHORT,25595,25596,2025-09-24T14:45:00+00:00,2025-09-24T15:00:00+00:00,113662.6,113997.73649520263,113159.89525719607,335.1364952026197,1.5,2025-09-24T16:00:00+00:00,113159.89525719607,TP,1.5000000000000218,0.879848205299397,0.6201517947006248,4,
AVAX,RANGE_MEAN_REVERSION,LONG,25618,25619,2025-09-24T20:30:00+00:00,2025-09-24T20:45:00+00:00,33.819,33.5667064049113,34.197440392633055,0.25229359508870175,1.5,2025-09-24T20:45:00+00:00,33.5667064049113,SL,-1.0,0.34722014364092624,-1.3472201436409263,0,True
DOGE,RANGE_MEAN_REVERSION,LONG,25639,25640,2025-09-25T01:45:00+00:00,2025-09-25T02:00:00+00:00,0.23743,0.2359337583160219,0.23967436252596716,0.0014962416839781056,1.5,2025-09-25T02:30:00+00:00,0.23967436252596716,TP,1.5,0.41452906834858183,1.0854709316514182,2,
SOL,RANGE_MEAN_REVERSION,LONG,25639,25640,2025-09-25T01:45:00+00:00,2025-09-25T02:00:00+00:00,208.11,206.63458006183563,210.3231299072466,1.4754199381643787,1.5,2025-09-25T02:30:00+00:00,210.3231299072466,TP,1.5000000000000095,0.3686835556500504,1.131316444349959,2,
AVAX,RANGE_MEAN_REVERSION,LONG,25647,25648,2025-09-25T03:45:00+00:00,2025-09-25T04:00:00+00:00,31.826,31.530976476318386,32.26853528552242,0.2950235236816141,1.5,2025-09-25T04:00:00+00:00,31.530976476318386,SL,-1.0,0.2791779733066311,-1.279177973306631,0,True
DOGE,RANGE_MEAN_REVERSION,LONG,25860,25861,2025-09-27T09:00:00+00:00,2025-09-27T09:15:00+00:00,0.22888,0.22792707258569184,0.23030939112146226,0.0009529274143081634,1.5,2025-09-27T10:30:00+00:00,0.23030939112146226,TP,1.5000000000000147,0.626434080387215,0.8735659196127996,5,
AVAX,RANGE_MEAN_REVERSION,LONG,25860,25861,2025-09-27T09:00:00+00:00,2025-09-27T09:15:00+00:00,28.35,28.198601150996513,28.577098273505236,0.15139884900348832,1.5,2025-09-27T14:15:00+00:00,28.577098273505236,TP,1.5000000000000118,0.4888097118482828,1.011190288151729,20,
BNB,RANGE_MEAN_REVERSION,SHORT,25882,25883,2025-09-27T14:30:00+00:00,2025-09-27T14:45:00+00:00,984.06,988.454119389606,977.4688209155909,4.3941193896060895,1.5,2025-09-27T15:30:00+00:00,977.4688209155909,TP,1.4999999999999871,0.5803182028285447,0.9196817971714424,3,
AVAX,RANGE_MEAN_REVERSION,SHORT,26002,26003,2025-09-28T20:30:00+00:00,2025-09-28T20:45:00+00:00,29.214,29.381949439062545,28.96207584140618,0.16794943906254645,1.5,2025-09-28T21:45:00+00:00,28.96207584140618,TP,1.5,0.45030753907825133,1.0496924609217486,4,
BNB,RANGE_MEAN_REVERSION,SHORT,26009,26010,2025-09-28T22:15:00+00:00,2025-09-28T22:30:00+00:00,987.38,990.7032321601883,982.3951517597175,3.323232160188354,1.5,2025-09-28T23:30:00+00:00,990.7032321601883,SL,-1.0,0.7737973388120127,-1.7737973388120127,4,
AVAX,RANGE_MEAN_REVERSION,LONG,26142,26143,2025-09-30T07:30:00+00:00,2025-09-30T07:45:00+00:00,29.449,29.3256874157994,29.633968876300905,0.1233125842006011,1.5,2025-09-30T08:45:00+00:00,29.3256874157994,SL,-1.0,0.6196212181900473,-1.6196212181900473,4,
AVAX,RANGE_MEAN_REVERSION,SHORT,26190,26191,2025-09-30T19:30:00+00:00,2025-09-30T19:45:00+00:00,29.92,30.202245006780878,29.496632489828688,0.28224500678087594,1.5,2025-09-30T20:45:00+00:00,30.202245006780878,SL,-1.0,0.2769186934438656,-1.2769186934438657,4,
AVAX,RANGE_MEAN_REVERSION,SHORT,26244,26245,2025-10-01T09:00:00+00:00,2025-10-01T09:15:00+00:00,30.942,31.153391368406545,30.624912947390182,0.21139136840654515,1.5,2025-10-01T10:00:00+00:00,30.624912947390182,TP,1.5,0.3786199381503654,1.1213800618496346,3,
DOGE,RANGE_MEAN_REVERSION,SHORT,26265,26266,2025-10-01T14:15:00+00:00,2025-10-01T14:30:00+00:00,0.2449,0.2464976189279516,0.24250357160807262,0.0015976189279515995,1.5,2025-10-01T18:30:00+00:00,0.2464976189279516,SL,-1.0,0.3998556185268796,-1.3998556185268796,16,
BTC,RANGE_MEAN_REVERSION,SHORT,26301,26302,2025-10-01T23:15:00+00:00,2025-10-01T23:30:00+00:00,118312.2,118635.02885859375,117827.95671210936,322.8288585937553,1.5,2025-10-02T00:00:00+00:00,118635.02885859375,SL,-1.0,0.9541631403647082,-1.9541631403647082,2,
CRV,RANGE_MEAN_REVERSION,SHORT,26302,26303,2025-10-01T23:30:00+00:00,2025-10-01T23:45:00+00:00,0.731,0.7347502357584071,0.7253746463623892,0.003750235758407161,1.5,2025-10-02T00:00:00+00:00,0.7347502357584071,SL,-1.0,0.5080948050304022,-1.5080948050304022,1,
ADA,RANGE_MEAN_REVERSION,SHORT,26305,26306,2025-10-02T00:15:00+00:00,2025-10-02T00:30:00+00:00,0.8524,0.8572065264262667,0.8451902103606,0.004806526426266666,1.5,2025-10-02T01:45:00+00:00,0.8572065264262667,SL,-1.0,0.46238973579937265,-1.4623897357993727,5,
BNB,RANGE_MEAN_REVERSION,SHORT,26311,26312,2025-10-02T01:45:00+00:00,2025-10-02T02:00:00+00:00,1035.75,1040.4996665428919,1028.625500185662,4.749666542891873,1.5,2025-10-02T04:30:00+00:00,1028.625500185662,TP,1.500000000000024,0.565026644714173,0.934973355285851,10,
LINK,RANGE_MEAN_REVERSION,LONG,26363,26364,2025-10-02T14:45:00+00:00,2025-10-02T15:00:00+00:00,22.086,21.95642466538847,22.280363001917287,0.12957533461152693,1.5,2025-10-02T15:00:00+00:00,21.95642466538847,SL,-1.0,0.441867676719946,-1.441867676719946,0,True
AVAX,RANGE_MEAN_REVERSION,LONG,26428,26429,2025-10-03T07:00:00+00:00,2025-10-03T07:15:00+00:00,30.196,30.010541272253057,30.47418809162042,0.18545872774694416,1.5,2025-10-03T08:15:00+00:00,30.010541272253057,SL,-1.0,0.42202653175063976,-1.4220265317506398,4,
FET,RANGE_MEAN_REVERSION,SHORT,26464,26465,2025-10-03T16:00:00+00:00,2025-10-03T16:15:00+00:00,0.6062,0.6096474409396818,0.6010288385904772,0.003447440939681856,1.5,2025-10-03T16:30:00+00:00,0.6096474409396818,SL,-1.0,0.45848549717793,-1.45848549717793,1,
LINK,RANGE_MEAN_REVERSION,LONG,26528,26529,2025-10-04T08:00:00+00:00,2025-10-04T08:15:00+00:00,22.005,21.917534159058768,22.136198761411848,0.08746584094123122,1.5,2025-10-04T08:30:00+00:00,21.917534159058768,SL,-1.0,0.6528182178588066,-1.6528182178588064,1,
AVAX,RANGE_MEAN_REVERSION,LONG,26530,26531,2025-10-04T08:30:00+00:00,2025-10-04T08:45:00+00:00,30.553,30.433671586397303,30.73199262040405,0.11932841360269819,1.5,2025-10-04T10:30:00+00:00,30.433671586397303,SL,-1.0,0.6644073332466041,-1.664407333246604,7,
ADA,RANGE_MEAN_REVERSION,LONG,26531,26532,2025-10-04T08:45:00+00:00,2025-10-04T09:00:00+00:00,0.8465,0.8437103899009065,0.8506844151486403,0.002789610099093509,1.5,2025-10-04T10:30:00+00:00,0.8437103899009065,SL,-1.0,0.7876633037660667,-1.7876633037660667,6,
FET,RANGE_MEAN_REVERSION,LONG,26531,26532,2025-10-04T08:45:00+00:00,2025-10-04T09:00:00+00:00,0.5833,0.5808152019530392,0.5870271970704414,0.00248479804696089,1.5,2025-10-04T10:30:00+00:00,0.5808152019530392,SL,-1.0,0.6090433644657363,-1.6090433644657363,6,
AVAX,RANGE_MEAN_REVERSION,LONG,26556,26557,2025-10-04T15:00:00+00:00,2025-10-04T15:15:00+00:00,29.924,29.74805435818085,30.187918462728724,0.17594564181915118,1.5,2025-10-04T22:30:00+00:00,30.187918462728724,TP,1.49999999999999,0.4441456644994399,1.05585433550055,29,
DOGE,RANGE_MEAN_REVERSION,SHORT,26602,26603,2025-10-05T02:30:00+00:00,2025-10-05T02:45:00+00:00,0.25416,0.25616367083945507,0.2511544937408174,0.002003670839455074,1.5,2025-10-05T02:45:00+00:00,0.25616367083945507,SL,-1.0,0.33110267366655793,-1.3311026736665579,0,True
FET,RANGE_MEAN_REVERSION,SHORT,26602,26603,2025-10-05T02:30:00+00:00,2025-10-05T02:45:00+00:00,0.5983,0.6051586161952335,0.5880120757071499,0.006858616195233425,1.5,2025-10-05T04:45:00+00:00,0.6051586161952335,SL,-1.0,0.2281066845730617,-1.2281066845730617,8,
ADA,RANGE_MEAN_REVERSION,SHORT,26604,26605,2025-10-05T03:00:00+00:00,2025-10-05T03:15:00+00:00,0.8586,0.8658513062550482,0.8477230406174276,0.007251306255048218,1.5,2025-10-05T04:45:00+00:00,0.8658513062550482,SL,-1.0,0.30915625671869457,-1.3091562567186945,6,
AVAX,RANGE_MEAN_REVERSION,SHORT,26604,26605,2025-10-05T03:00:00+00:00,2025-10-05T03:15:00+00:00,30.486,30.77268099036119,30.055978514458214,0.2866809903611909,1.5,2025-10-05T04:45:00+00:00,30.77268099036119,SL,-1.0,0.2777871151733339,-1.277787115173334,6,
UNI,RANGE_MEAN_REVERSION,SHORT,26604,26605,2025-10-05T03:00:00+00:00,2025-10-05T03:15:00+00:00,8.178,8.225441685146514,8.106837472280231,0.047441685146512924,1.5,2025-10-05T04:45:00+00:00,8.225441685146514,SL,-1.0,0.44948812684108186,-1.4494881268410817,6,
LINK,RANGE_MEAN_REVERSION,SHORT,26604,26605,2025-10-05T03:00:00+00:00,2025-10-05T03:15:00+00:00,22.498,22.65737223558886,22.258941646616712,0.15937223558885805,1.5,2025-10-05T07:00:00+00:00,22.65737223558886,SL,-1.0,0.3683325623774425,-1.3683325623774425,15,
ADA,RANGE_MEAN_REVERSION,LONG,26663,26664,2025-10-05T17:45:00+00:00,2025-10-05T18:00:00+00:00,0.8438,0.8394703891069459,0.8502944163395811,0.004329610893054059,1.5,2025-10-05T18:15:00+00:00,0.8394703891069459,SL,-1.0,0.5054152809319689,-1.505415280931969,1,
UNI,RANGE_MEAN_REVERSION,LONG,26664,26665,2025-10-05T18:00:00+00:00,2025-10-05T18:15:00+00:00,8.092,8.039858815943907,8.170211776084141,0.05214118405609369,1.5,2025-10-05T19:00:00+00:00,8.039858815943907,SL,-1.0,0.40220445393349613,-1.4022044539334961,3,
AVAX,RANGE_MEAN_REVERSION,LONG,26664,26665,2025-10-05T18:00:00+00:00,2025-10-05T18:15:00+00:00,29.833,29.612896578108074,30.163155132837886,0.220103421891924,1.5,2025-10-05T20:00:00+00:00,29.612896578108074,SL,-1.0,0.35110615222277936,-1.3511061522227794,7,
DOGE,RANGE_MEAN_REVERSION,LONG,26671,26672,2025-10-05T19:45:00+00:00,2025-10-05T20:00:00+00:00,0.25136,0.24956531864906187,0.25405202202640714,0.0017946813509381043,1.5,2025-10-06T00:15:00+00:00,0.25405202202640714,TP,1.5000000000000078,0.3661015523958544,1.1338984476041534,17,
FET,RANGE_MEAN_REVERSION,LONG,26688,26689,2025-10-06T00:00:00+00:00,2025-10-06T00:15:00+00:00,0.5762,0.5710762079761825,0.5838856880357264,0.005123792023817519,1.5,2025-10-06T02:45:00+00:00,0.5838856880357264,TP,1.5000000000000109,0.2943350134892506,1.2056649865107603,10,
DOGE,RANGE_MEAN_REVERSION,SHORT,26734,26735,2025-10-06T11:30:00+00:00,2025-10-06T11:45:00+00:00,0.26101,0.2627353830123783,0.2584219254814326,0.0017253830123782898,1.5,2025-10-06T14:00:00+00:00,0.2627353830123783,SL,-1.0,0.3946190457604966,-1.3946190457604966,9,
LINK,RANGE_MEAN_REVERSION,SHORT,26742,26743,2025-10-06T13:30:00+00:00,2025-10-06T13:45:00+00:00,22.422,22.652044094709623,22.076933857935565,0.23004409470962273,1.5,2025-10-06T14:00:00+00:00,22.652044094709623,SL,-1.0,0.2547175027339288,-1.2547175027339288,1,
SUI,RANGE_MEAN_REVERSION,SHORT,26716,26717,2025-10-06T07:00:00+00:00,2025-10-06T07:15:00+00:00,3.6428,3.6760169161709735,3.5929746257435395,0.033216916170973665,1.5,2025-10-06T15:00:00+00:00,3.6760169161709735,SL,-1.0,0.2864342355578572,-1.286434235557857,31,
ADA,RANGE_MEAN_REVERSION,SHORT,26744,26745,2025-10-06T14:00:00+00:00,2025-10-06T14:15:00+00:00,0.8655,0.8720798112364883,0.8556302831452678,0.006579811236488209,1.5,2025-10-06T15:15:00+00:00,0.8720798112364883,SL,-1.0,0.34330069259145424,-1.3433006925914541,4,
FET,RANGE_MEAN_REVERSION,SHORT,26744,26745,2025-10-06T14:00:00+00:00,2025-10-06T14:15:00+00:00,0.5886,0.5925660359307703,0.5826509461038446,0.003966035930770273,1.5,2025-10-06T17:15:00+00:00,0.5925660359307703,SL,-1.0,0.3871663982660332,-1.3871663982660332,12,
AVAX,RANGE_MEAN_REVERSION,LONG,26878,26879,2025-10-07T23:30:00+00:00,2025-10-07T23:45:00+00:00,27.924,27.74200266142695,28.19699600785957,0.18199733857304778,1.5,2025-10-08T00:30:00+00:00,28.19699600785957,TP,1.5,0.40087011921295085,1.099129880787049,3,
DOGE,RANGE_MEAN_REVERSION,LONG,26879,26880,2025-10-07T23:45:00+00:00,2025-10-08T00:00:00+00:00,0.24672,0.24515097698237495,0.24907353452643755,0.001569023017625043,1.5,2025-10-08T00:30:00+00:00,0.24907353452643755,TP,1.4999999999999911,0.41078530247438066,1.0892146975256105,2,
SOL,RANGE_MEAN_REVERSION,LONG,26895,26896,2025-10-08T03:45:00+00:00,2025-10-08T04:00:00+00:00,218.2,217.03182716263044,219.95225925605433,1.1681728373695535,1.5,2025-10-08T04:30:00+00:00,219.95225925605433,TP,1.5000000000000122,0.4875973133525937,1.0124026866474185,2,
FET,RANGE_MEAN_REVERSION,LONG,26893,26894,2025-10-08T03:15:00+00:00,2025-10-08T03:30:00+00:00,0.5525,0.548516021432405,0.5584759678513925,0.003983978567595026,1.5,2025-10-08T11:30:00+00:00,0.548516021432405,SL,-1.0,0.3592692088015322,-1.3592692088015321,32,
DOGE,RANGE_MEAN_REVERSION,SHORT,26932,26933,2025-10-08T13:00:00+00:00,2025-10-08T13:15:00+00:00,0.25272,0.25430463911068885,0.25034304133396673,0.0015846391106888458,1.5,2025-10-08T13:30:00+00:00,0.25034304133396673,TP,1.5,0.41270087890855445,1.0872991210914456,1,
CRV,RANGE_MEAN_REVERSION,SHORT,26936,26937,2025-10-08T14:00:00+00:00,2025-10-08T14:15:00+00:00,0.755,0.7629741649459632,0.7430387525810553,0.007974164945963147,1.5,2025-10-08T14:45:00+00:00,0.7430387525810553,TP,1.4999999999999931,0.2442199768317123,1.2557800231682807,2,
UNI,RANGE_MEAN_REVERSION,SHORT,26936,26937,2025-10-08T14:00:00+00:00,2025-10-08T14:15:00+00:00,7.929,8.002525255596334,7.8187121166055,0.0735252555963335,1.5,2025-10-08T17:00:00+00:00,8.002525255596334,SL,-1.0,0.28168528846716495,-1.281685288467165,11,
CRV,RANGE_MEAN_REVERSION,LONG,26982,26983,2025-10-09T01:30:00+00:00,2025-10-09T01:45:00+00:00,0.729,0.7248884203892031,0.7351673694161953,0.004111579610796889,1.5,2025-10-09T02:00:00+00:00,0.7248884203892031,SL,-1.0,0.45969070902646136,-1.4596907090264613,1,
ADA,RANGE_MEAN_REVERSION,LONG,26984,26985,2025-10-09T02:00:00+00:00,2025-10-09T02:15:00+00:00,0.8233,0.8189997288662417,0.8297504067006375,0.004300271133758304,1.5,2025-10-09T02:15:00+00:00,0.8189997288662417,SL,-1.0,0.4964779152565199,-1.49647791525652,0,True
SUI,RANGE_MEAN_REVERSION,LONG,26987,26988,2025-10-09T02:45:00+00:00,2025-10-09T03:00:00+00:00,3.4438,3.4220003867291253,3.476499419906312,0.02179961327087465,1.5,2025-10-09T03:15:00+00:00,3.476499419906312,TP,1.5,0.4126857267646037,1.0873142732353962,1,
UNI,RANGE_MEAN_REVERSION,LONG,26987,26988,2025-10-09T02:45:00+00:00,2025-10-09T03:00:00+00:00,7.853,7.7987125550521,7.934431167421849,0.05428744494789939,1.5,2025-10-09T03:15:00+00:00,7.934431167421849,TP,1.5,0.3780553779487194,1.1219446220512805,1,
BTC,RANGE_MEAN_REVERSION,LONG,26987,26988,2025-10-09T02:45:00+00:00,2025-10-09T03:00:00+00:00,121573.2,121214.59981947881,122111.10027078178,358.6001805211854,1.5,2025-10-09T04:15:00+00:00,122111.10027078178,TP,1.5000000000000202,0.8834061095329009,0.6165938904671193,5,
DOGE,RANGE_MEAN_REVERSION,LONG,26987,26988,2025-10-09T02:45:00+00:00,2025-10-09T03:00:00+00:00,0.2472,0.24543890212248706,0.2498416468162694,0.0017610978775129404,1.5,2025-10-09T04:15:00+00:00,0.2498416468162694,TP,1.5,0.36690416195019365,1.1330958380498064,5,
FET,RANGE_MEAN_REVERSION,LONG,27006,27007,2025-10-09T07:30:00+00:00,2025-10-09T07:45:00+00:00,0.5378,0.5342155339596429,0.5431766990605355,0.003584466040357004,1.5,2025-10-09T08:00:00+00:00,0.5342155339596429,SL,-1.0,0.38879436391835215,-1.3887943639183522,1,
CRV,RANGE_MEAN_REVERSION,LONG,27011,27012,2025-10-09T08:45:00+00:00,2025-10-09T09:00:00+00:00,0.703,0.698395533990396,0.7099066990144058,0.004604466009603958,1.5,2025-10-09T09:30:00+00:00,0.7099066990144058,TP,1.499999999999988,0.3989124265197288,1.1010875734802592,2,
ADA,RANGE_MEAN_REVERSION,LONG,27010,27011,2025-10-09T08:30:00+00:00,2025-10-09T08:45:00+00:00,0.8047,0.800573470800625,0.8108897937990625,0.004126529199374951,1.5,2025-10-09T11:15:00+00:00,0.8108897937990625,TP,1.5000000000000135,0.5089668897185825,0.991033110281431,10,
BTC,RANGE_MEAN_REVERSION,SHORT,27026,27027,2025-10-09T12:30:00+00:00,2025-10-09T12:45:00+00:00,123481.2,123956.69028019863,122767.96457970205,475.4902801986318,1.5,2025-10-09T13:30:00+00:00,122767.96457970205,TP,1.5,0.6732501741568382,0.8267498258431618,3,
CRV,RANGE_MEAN_REVERSION,SHORT,27027,27028,2025-10-09T12:45:00+00:00,2025-10-09T13:00:00+00:00,0.73,0.73567425980317,0.7214886102952449,0.005674259803170045,1.5,2025-10-09T13:30:00+00:00,0.7214886102952449,TP,1.5,0.33254296751263346,1.1674570324873665,2,
BTC,RANGE_MEAN_REVERSION,SHORT,27126,27127,2025-10-10T13:30:00+00:00,2025-10-10T13:45:00+00:00,122187.2,122671.33952433876,121460.99071349185,484.13952433876693,1.5,2025-10-10T13:45:00+00:00,121460.99071349185,TP,1.5,0.6542383589940182,0.8457616410059818,0,True
CRV,RANGE_MEAN_REVERSION,SHORT,27126,27127,2025-10-10T13:30:00+00:00,2025-10-10T13:45:00+00:00,0.752,0.7606651635952212,0.7390022546071682,0.008665163595221181,1.5,2025-10-10T14:15:00+00:00,0.7390022546071682,TP,1.5000000000000064,0.22368913289280404,1.2763108671072023,2,
BNB,RANGE_MEAN_REVERSION,LONG,27132,27133,2025-10-10T15:00:00+00:00,2025-10-10T15:15:00+00:00,1233.72,1224.5323118774504,1247.5015321838246,9.187688122549616,1.5,2025-10-10T15:15:00+00:00,1224.5323118774504,SL,-1.0,0.3478272186446246,-1.3478272186446247,0,True
BTC,RANGE_MEAN_REVERSION,LONG,27249,27250,2025-10-11T20:15:00+00:00,2025-10-11T20:30:00+00:00,110569.2,110188.32621667089,111140.51067499365,380.87378332910885,1.5,2025-10-11T20:45:00+00:00,110188.32621667089,SL,-1.0,0.7534905174444411,-1.753490517444441,1,
BTC,RANGE_MEAN_REVERSION,LONG,27267,27268,2025-10-12T00:45:00+00:00,2025-10-12T01:00:00+00:00,109600.7,109235.05237705144,110149.17143442284,365.6476229485561,1.5,2025-10-12T01:30:00+00:00,110149.17143442284,TP,1.50000000000002,0.7812845344408051,0.7187154655592148,2,
BNB,RANGE_MEAN_REVERSION,SHORT,27304,27305,2025-10-12T10:00:00+00:00,2025-10-12T10:15:00+00:00,1215.09,1232.0317483033073,1189.6773775450388,16.94174830330735,1.5,2025-10-12T12:00:00+00:00,1232.0317483033073,SL,-1.0,0.1877762681773083,-1.1877762681773083,7,
BTC,RANGE_MEAN_REVERSION,SHORT,27325,27326,2025-10-12T15:15:00+00:00,2025-10-12T15:30:00+00:00,113100.0,114027.1850024743,111709.22249628854,927.1850024743035,1.5,2025-10-12T16:00:00+00:00,114027.1850024743,SL,-1.0,0.3184535337772568,-1.318453533777257,2,
BNB,RANGE_MEAN_REVERSION,SHORT,27390,27391,2025-10-13T07:30:00+00:00,2025-10-13T07:45:00+00:00,1346.75,1362.589002781741,1322.9914958273885,15.839002781741101,1.5,2025-10-13T08:30:00+00:00,1362.589002781741,SL,-1.0,0.22237136719721523,-1.2223713671972152,3,
BTC,RANGE_MEAN_REVERSION,LONG,27463,27464,2025-10-14T01:45:00+00:00,2025-10-14T02:00:00+00:00,114216.1,113886.93384027136,114709.84923959296,329.16615972864383,1.5,2025-10-14T02:15:00+00:00,113886.93384027136,SL,-1.0,0.9008640020493229,-1.9008640020493228,1,
ETH,RANGE_MEAN_REVERSION,LONG,27475,27476,2025-10-14T04:45:00+00:00,2025-10-14T05:00:00+00:00,4097.95,4069.081814644974,4141.252278032538,28.868185355025616,1.5,2025-10-14T05:30:00+00:00,4069.081814644974,SL,-1.0,0.36778000516718123,-1.3677800051671811,2,
BNB,RANGE_MEAN_REVERSION,LONG,27482,27483,2025-10-14T06:30:00+00:00,2025-10-14T06:45:00+00:00,1195.93,1181.4996116616117,1217.5755825075826,14.430388338388411,1.5,2025-10-14T06:45:00+00:00,1181.4996116616117,SL,-1.0,0.2141770839900529,-1.214177083990053,0,True
BTC,RANGE_MEAN_REVERSION,LONG,27498,27499,2025-10-14T10:30:00+00:00,2025-10-14T10:45:00+00:00,110321.1,109682.99714340047,111278.2542848993,638.1028565995366,1.5,2025-10-14T11:00:00+00:00,111278.2542848993,TP,1.4999999999999887,0.45146195098631736,1.0485380490136713,1,
BNB,RANGE_MEAN_REVERSION,LONG,27505,27506,2025-10-14T12:15:00+00:00,2025-10-14T12:30:00+00:00,1161.9,1147.4686209615677,1183.5470685576488,14.431379038432397,1.5,2025-10-14T12:45:00+00:00,1147.4686209615677,SL,-1.0,0.20803134608653098,-1.208031346086531,1,
CRV,RANGE_MEAN_REVERSION,SHORT,27585,27586,2025-10-15T08:15:00+00:00,2025-10-15T08:30:00+00:00,0.626,0.6436922071936785,0.5994616892094823,0.017692207193678477,1.5,2025-10-15T09:45:00+00:00,0.5994616892094823,TP,1.5,0.09004530517489928,1.4099546948251007,5,
ETH,RANGE_MEAN_REVERSION,SHORT,27586,27587,2025-10-15T08:30:00+00:00,2025-10-15T08:45:00+00:00,4191.81,4232.604306956522,4130.618539565217,40.79430695652172,1.5,2025-10-15T10:15:00+00:00,4130.618539565217,TP,1.500000000000011,0.2652124256692426,1.2347875743307686,6,
CRV,RANGE_MEAN_REVERSION,LONG,27605,27606,2025-10-15T13:15:00+00:00,2025-10-15T13:30:00+00:00,0.566,0.5589310244117266,0.57660346338241,0.007068975588273352,1.5,2025-10-15T13:30:00+00:00,0.57660346338241,TP,1.5,0.21012726438908938,1.2898727356109105,0,True
ETH,RANGE_MEAN_REVERSION,LONG,27611,27612,2025-10-15T14:45:00+00:00,2025-10-15T15:00:00+00:00,4007.87,3969.2012286591266,4065.8731570113096,38.66877134087326,1.5,2025-10-15T15:45:00+00:00,3969.2012286591266,SL,-1.0,0.26818003876672103,-1.268180038766721,3,
BNB,RANGE_MEAN_REVERSION,SHORT,27657,27658,2025-10-16T02:15:00+00:00,2025-10-16T02:30:00+00:00,1192.16,1200.4825429133232,1179.6761856300154,8.322542913323105,1.5,2025-10-16T04:30:00+00:00,1179.6761856300154,TP,1.5,0.37048616912302057,1.1295138308769794,8,
BNB,RANGE_MEAN_REVERSION,LONG,27767,27768,2025-10-17T05:45:00+00:00,2025-10-17T06:00:00+00:00,1128.61,1119.9068232955246,1141.664765056713,8.703176704475254,1.5,2025-10-17T06:30:00+00:00,1119.9068232955246,SL,-1.0,0.3358626360856389,-1.335862636085639,2,
UNI,RANGE_MEAN_REVERSION,LONG,27770,27771,2025-10-17T06:30:00+00:00,2025-10-17T06:45:00+00:00,6.16,6.0983475571145505,6.252478664328175,0.06165244288544969,1.5,2025-10-17T06:45:00+00:00,6.0983475571145505,SL,-1.0,0.2584788384437215,-1.2584788384437215,0,True
CRV,RANGE_MEAN_REVERSION,LONG,27771,27772,2025-10-17T06:45:00+00:00,2025-10-17T07:00:00+00:00,0.519,0.5102046459786586,0.5321930310320122,0.008795354021341462,1.5,2025-10-17T07:00:00+00:00,0.5102046459786586,SL,-1.0,0.15212190851280713,-1.1521219085128072,0,True
ETH,RANGE_MEAN_REVERSION,LONG,27771,27772,2025-10-17T06:45:00+00:00,2025-10-17T07:00:00+00:00,3818.74,3792.4551451351676,3858.1672822972478,26.28485486483214,1.5,2025-10-17T07:00:00+00:00,3792.4551451351676,SL,-1.0,0.37643554585169686,-1.3764355458516968,0,True
SOL,RANGE_MEAN_REVERSION,LONG,27771,27772,2025-10-17T06:45:00+00:00,2025-10-17T07:00:00+00:00,180.33,178.66531071078438,182.82703393382346,1.6646892892156302,1.5,2025-10-17T07:00:00+00:00,178.66531071078438,SL,-1.0,0.28034895577655633,-1.2803489557765564,0,True
BNB,RANGE_MEAN_REVERSION,SHORT,27868,27869,2025-10-18T07:00:00+00:00,2025-10-18T07:15:00+00:00,1122.57,1135.8642958854498,1102.628556171825,13.294295885449856,1.5,2025-10-18T09:15:00+00:00,1102.628556171825,TP,1.5000000000000087,0.21759393261206073,1.282406067387948,8,
BNB,RANGE_MEAN_REVERSION,LONG,27940,27941,2025-10-19T01:00:00+00:00,2025-10-19T01:15:00+00:00,1079.35,1072.5277221645242,1089.5834167532134,6.822277835475688,1.5,2025-10-19T03:30:00+00:00,1089.5834167532134,TP,1.5,0.4132950181414853,1.0867049818585146,9,
SOL,RANGE_MEAN_REVERSION,LONG,27971,27972,2025-10-19T08:45:00+00:00,2025-10-19T09:00:00+00:00,184.08,182.83846968203613,185.94229547694584,1.2415303179638784,1.5,2025-10-19T09:30:00+00:00,185.94229547694584,TP,1.5000000000000115,0.3874484393654774,1.1125515606345342,2,
BNB,RANGE_MEAN_REVERSION,LONG,27972,27973,2025-10-19T09:00:00+00:00,2025-10-19T09:15:00+00:00,1070.39,1064.10489577898,1079.81765633153,6.285104221019992,1.5,2025-10-19T09:30:00+00:00,1079.81765633153,TP,1.5,0.4447452030918515,1.0552547969081485,1,
ETH,RANGE_MEAN_REVERSION,SHORT,27991,27992,2025-10-19T13:45:00+00:00,2025-10-19T14:00:00+00:00,3970.24,4002.0445665866605,3922.533150120009,31.804566586660712,1.5,2025-10-19T17:00:00+00:00,4002.0445665866605,SL,-1.0,0.3258642091010117,-1.3258642091010118,12,
DOGE,RANGE_MEAN_REVERSION,LONG,28033,28034,2025-10-20T00:15:00+00:00,2025-10-20T00:30:00+00:00,0.1929,0.19161838352317861,0.19482242471523203,0.0012816164768213734,1.5,2025-10-20T00:30:00+00:00,0.19161838352317861,SL,-1.0,0.39003392014739413,-1.3900339201473941,0,True
BNB,RANGE_MEAN_REVERSION,LONG,28034,28035,2025-10-20T00:30:00+00:00,2025-10-20T00:45:00+00:00,1095.64,1083.4036215717908,1113.994567642314,12.236378428209264,1.5,2025-10-20T03:30:00+00:00,1113.994567642314,TP,1.5,0.2347528686521171,1.2652471313478828,11,
BTC,RANGE_MEAN_REVERSION,LONG,28137,28138,2025-10-21T02:15:00+00:00,2025-10-21T02:30:00+00:00,109429.9,109042.33216773838,110011.25174839242,387.56783226161497,1.5,2025-10-21T03:45:00+00:00,109042.33216773838,SL,-1.0,0.7328108222003977,-1.7328108222003977,5,
BNB,RANGE_MEAN_REVERSION,LONG,28137,28138,2025-10-21T02:15:00+00:00,2025-10-21T02:30:00+00:00,1080.97,1073.8643455621482,1091.6284816567777,7.105654437851854,1.5,2025-10-21T04:00:00+00:00,1073.8643455621482,SL,-1.0,0.39423316651993884,-1.3942331665199388,6,
SUI,RANGE_MEAN_REVERSION,LONG,28144,28145,2025-10-21T04:00:00+00:00,2025-10-21T04:15:00+00:00,2.5038,2.481935763042045,2.5365963554369326,0.02186423695795492,1.5,2025-10-21T04:30:00+00:00,2.481935763042045,SL,-1.0,0.29644101024053787,-1.296441010240538,1,
ETH,RANGE_MEAN_REVERSION,LONG,28145,28146,2025-10-21T04:15:00+00:00,2025-10-21T04:30:00+00:00,3875.33,3853.816549525777,3907.600175711334,21.513450474222736,1.5,2025-10-21T04:30:00+00:00,3853.816549525777,SL,-1.0,0.4670515557893803,-1.4670515557893804,0,True
ADA,RANGE_MEAN_REVERSION,LONG,28144,28145,2025-10-21T04:00:00+00:00,2025-10-21T04:15:00+00:00,0.6448,0.6397292228963075,0.6524061656555389,0.005070777103692525,1.5,2025-10-21T04:45:00+00:00,0.6397292228963075,SL,-1.0,0.32931599153691693,-1.3293159915369168,2,
CRV,RANGE_MEAN_REVERSION,LONG,28144,28145,2025-10-21T04:00:00+00:00,2025-10-21T04:15:00+00:00,0.537,0.5310655627189297,0.5459016559216056,0.005934437281070348,1.5,2025-10-21T04:45:00+00:00,0.5310655627189297,SL,-1.0,0.23397083257811063,-1.2339708325781107,2,
UNI,RANGE_MEAN_REVERSION,LONG,28144,28145,2025-10-21T04:00:00+00:00,2025-10-21T04:15:00+00:00,6.188,6.144605841697835,6.253091237453246,0.04339415830216442,1.5,2025-10-21T04:45:00+00:00,6.144605841697835,SL,-1.0,0.3694595821531932,-1.3694595821531932,2,
BNB,RANGE_MEAN_REVERSION,LONG,28147,28148,2025-10-21T04:45:00+00:00,2025-10-21T05:00:00+00:00,1063.21,1057.7999583438911,1071.3250624841635,5.410041656108888,1.5,2025-10-21T06:15:00+00:00,1071.3250624841635,TP,1.500000000000021,0.5129157514149763,0.9870842485850448,5,
DOGE,RANGE_MEAN_REVERSION,LONG,28144,28145,2025-10-21T04:00:00+00:00,2025-10-21T04:15:00+00:00,0.19435,0.19261461095135693,0.1969530835729646,0.0017353890486430656,1.5,2025-10-21T08:30:00+00:00,0.19261461095135693,SL,-1.0,0.2898796639463132,-1.2898796639463133,17,
UNI,RANGE_MEAN_REVERSION,SHORT,28179,28180,2025-10-21T12:45:00+00:00,2025-10-21T13:00:00+00:00,6.294,6.3253629206420845,6.246955619036872,0.0313629206420849,1.5,2025-10-21T13:30:00+00:00,6.246955619036872,TP,1.5,0.519825385231219,0.980174614768781,2,
FET,RANGE_MEAN_REVERSION,LONG,28263,28264,2025-10-22T09:45:00+00:00,2025-10-22T10:00:00+00:00,0.2388,0.2368509671266105,0.24172354931008427,0.0019490328733895168,1.5,2025-10-22T11:00:00+00:00,0.2368509671266105,SL,-1.0,0.3172579927752795,-1.3172579927752794,4,
BNB,RANGE_MEAN_REVERSION,SHORT,28345,28346,2025-10-23T06:15:00+00:00,2025-10-23T06:30:00+00:00,1105.0,1111.7758082332782,1094.8362876500828,6.775808233278212,1.5,2025-10-23T08:00:00+00:00,1111.7758082332782,SL,-1.0,0.42530845789728183,-1.4253084578972819,6,
ADA,RANGE_MEAN_REVERSION,SHORT,28345,28346,2025-10-23T06:15:00+00:00,2025-10-23T06:30:00+00:00,0.6384,0.64261570179994,0.6320764473000899,0.004215701799940019,1.5,2025-10-23T08:15:00+00:00,0.64261570179994,SL,-1.0,0.3950280383597379,-1.395028038359738,7,
ETH,RANGE_MEAN_REVERSION,SHORT,28345,28346,2025-10-23T06:15:00+00:00,2025-10-23T06:30:00+00:00,3874.55,3898.8037625406455,3838.1693561890324,24.25376254064531,1.5,2025-10-23T08:15:00+00:00,3898.8037625406455,SL,-1.0,0.4166512257373643,-1.4166512257373642,7,
LINK,RANGE_MEAN_REVERSION,SHORT,28345,28346,2025-10-23T06:15:00+00:00,2025-10-23T06:30:00+00:00,17.569,17.67685714329024,17.40721428506464,0.10785714329023932,1.5,2025-10-23T08:15:00+00:00,17.67685714329024,SL,-1.0,0.42481761419342,-1.4248176141934201,7,
BTC,RANGE_MEAN_REVERSION,SHORT,28345,28346,2025-10-23T06:15:00+00:00,2025-10-23T06:30:00+00:00,109823.6,110372.55316056348,109000.17025915481,548.9531605634693,1.5,2025-10-23T12:00:00+00:00,109000.17025915481,TP,1.4999999999999867,0.5182061453930022,0.9817938546069844,22,
XRP,RANGE_MEAN_REVERSION,LONG,28368,28369,2025-10-23T12:00:00+00:00,2025-10-23T12:15:00+00:00,2.3787,2.368350910994111,2.3942236335088327,0.010349089005888601,1.5,2025-10-23T13:15:00+00:00,2.3942236335088327,TP,1.5,0.5995504261322875,0.9004495738677125,4,
SOL,RANGE_MEAN_REVERSION,SHORT,28374,28375,2025-10-23T13:30:00+00:00,2025-10-23T13:45:00+00:00,190.88,193.28654597111586,187.2701810433262,2.406545971115861,1.5,2025-10-23T17:30:00+00:00,193.28654597111586,SL,-1.0,0.20752419266309818,-1.2075241926630982,15,
ADA,RANGE_MEAN_REVERSION,SHORT,28387,28388,2025-10-23T16:45:00+00:00,2025-10-23T17:00:00+00:00,0.6477,0.6518666864710926,0.6414499702933613,0.004166686471092529,1.5,2025-10-23T17:45:00+00:00,0.6518666864710926,SL,-1.0,0.40546287898869443,-1.4054628789886945,3,
FET,RANGE_MEAN_REVERSION,SHORT,28434,28435,2025-10-24T04:30:00+00:00,2025-10-24T04:45:00+00:00,0.2624,0.264985945650661,0.25852108152400854,0.0025859456506610035,1.5,2025-10-24T04:45:00+00:00,0.264985945650661,SL,-1.0,0.26512611708239503,-1.265126117082395,0,True
XRP,RANGE_MEAN_REVERSION,SHORT,28434,28435,2025-10-24T04:30:00+00:00,2025-10-24T04:45:00+00:00,2.4254,2.4364341360689568,2.4088487958965645,0.011034136068956979,1.5,2025-10-24T05:15:00+00:00,2.4364341360689568,SL,-1.0,0.5728028309050107,-1.5728028309050108,2,
ADA,RANGE_MEAN_REVERSION,SHORT,28435,28436,2025-10-24T04:45:00+00:00,2025-10-24T05:00:00+00:00,0.6509,0.654442394107335,0.6455864088389976,0.003542394107334923,1.5,2025-10-24T06:45:00+00:00,0.654442394107335,SL,-1.0,0.4790390512523214,-1.4790390512523213,7,
ETH,RANGE_MEAN_REVERSION,SHORT,28435,28436,2025-10-24T04:45:00+00:00,2025-10-24T05:00:00+00:00,3972.84,3989.762957400754,3947.455563898869,16.922957400754058,1.5,2025-10-24T07:30:00+00:00,3947.455563898869,TP,1.5,0.6084270018081912,0.8915729981918088,10,
SUI,RANGE_MEAN_REVERSION,SHORT,28436,28437,2025-10-24T05:00:00+00:00,2025-10-24T05:15:00+00:00,2.4731,2.489862821162417,2.4479557682563744,0.01676282116241712,1.5,2025-10-24T08:00:00+00:00,2.4479557682563744,TP,1.5,0.38164056257287043,1.1183594374271295,11,
XRP,RANGE_MEAN_REVERSION,SHORT,28453,28454,2025-10-24T09:15:00+00:00,2025-10-24T09:30:00+00:00,2.4592,2.467405683790438,2.4468914743143433,0.008205683790437845,1.5,2025-10-24T10:15:00+00:00,2.4468914743143433,TP,1.5,0.7772562384186544,0.7227437615813456,3,
DOGE,RANGE_MEAN_REVERSION,SHORT,28435,28436,2025-10-24T04:45:00+00:00,2025-10-24T05:00:00+00:00,0.19756,0.19864312048216382,0.1959353192767543,0.0010831204821638019,1.5,2025-10-24T11:30:00+00:00,0.1959353192767543,TP,1.5,0.4722871771733508,1.0277128228266492,26,
BTC,RANGE_MEAN_REVERSION,SHORT,28435,28436,2025-10-24T04:45:00+00:00,2025-10-24T05:00:00+00:00,111117.7,111683.16516902154,110269.50224646769,565.4651690215396,1.5,2025-10-24T12:30:00+00:00,111683.16516902154,SL,-1.0,0.5122174460734911,-1.5122174460734912,30,
XRP,RANGE_MEAN_REVERSION,SHORT,28466,28467,2025-10-24T12:30:00+00:00,2025-10-24T12:45:00+00:00,2.4823,2.5083159849333487,2.443276022599977,0.02601598493334878,1.5,2025-10-24T13:30:00+00:00,2.5083159849333487,SL,-1.0,0.2493774806925307,-1.2493774806925306,3,
CRV,RANGE_MEAN_REVERSION,SHORT,28466,28467,2025-10-24T12:30:00+00:00,2025-10-24T12:45:00+00:00,0.545,0.5538845008523738,0.5316732487214393,0.0088845008523738,1.5,2025-10-24T14:15:00+00:00,0.5316732487214393,TP,1.5000000000000062,0.1575412335026002,1.3424587664974061,6,
LINK,RANGE_MEAN_REVERSION,SHORT,28466,28467,2025-10-24T12:30:00+00:00,2025-10-24T12:45:00+00:00,17.93,18.165633616622983,17.576549575065524,0.23563361662298377,1.5,2025-10-24T14:15:00+00:00,17.576549575065524,TP,1.5,0.19589104096907903,1.304108959030921,6,
SUI,RANGE_MEAN_REVERSION,SHORT,28466,28467,2025-10-24T12:30:00+00:00,2025-10-24T12:45:00+00:00,2.5091,2.544830148928499,2.4555047766072517,0.035730148928498906,1.5,2025-10-24T14:15:00+00:00,2.4555047766072517,TP,1.5,0.18063138282756025,1.3193686171724397,6,
BNB,RANGE_MEAN_REVERSION,LONG,28473,28474,2025-10-24T14:15:00+00:00,2025-10-24T14:30:00+00:00,1108.02,1100.06623198335,1119.950652024975,7.953768016649974,1.5,2025-10-24T16:00:00+00:00,1100.06623198335,SL,-1.0,0.36089965102947247,-1.3608996510294724,6,
UNI,RANGE_MEAN_REVERSION,LONG,28473,28474,2025-10-24T14:15:00+00:00,2025-10-24T14:30:00+00:00,6.216,6.174436507384886,6.278345238922672,0.04156349261511405,1.5,2025-10-24T16:00:00+00:00,6.174436507384886,SL,-1.0,0.38754123982696864,-1.3875412398269686,6,
BTC,RANGE_MEAN_REVERSION,SHORT,28541,28542,2025-10-25T07:15:00+00:00,2025-10-25T07:30:00+00:00,111587.9,111774.85699049228,111307.46451426158,186.95699049228278,1.5,2025-10-25T07:30:00+00:00,111774.85699049228,SL,-1.0,1.5531464393123398,-2.5531464393123398,0,True
FET,RANGE_MEAN_REVERSION,LONG,28538,28539,2025-10-25T06:30:00+00:00,2025-10-25T06:45:00+00:00,0.2579,0.25656546582028145,0.25990180126957785,0.0013345341797185717,1.5,2025-10-25T09:15:00+00:00,0.25656546582028145,SL,-1.0,0.5011524738222923,-1.5011524738222923,10,
XRP,RANGE_MEAN_REVERSION,SHORT,28568,28569,2025-10-25T14:00:00+00:00,2025-10-25T14:15:00+00:00,2.6013,2.6133932686391597,2.5831600970412607,0.012093268639159493,1.5,2025-10-25T14:30:00+00:00,2.6133932686391597,SL,-1.0,0.5605681517137016,-1.5605681517137016,1,
SUI,RANGE_MEAN_REVERSION,SHORT,28587,28588,2025-10-25T18:45:00+00:00,2025-10-25T19:00:00+00:00,2.5544,2.57107679887166,2.529384801692509,0.016676798871660292,1.5,2025-10-25T21:30:00+00:00,2.529384801692509,TP,1.5000000000000133,0.39629429443027736,1.103705705569736,10,
XRP,RANGE_MEAN_REVERSION,SHORT,28588,28589,2025-10-25T19:00:00+00:00,2025-10-25T19:15:00+00:00,2.6338,2.6615079395294847,2.5922380907057727,0.027707939529484804,1.5,2025-10-25T21:45:00+00:00,2.5922380907057727,TP,1.5,0.2451950463760749,1.2548049536239252,10,
CRV,RANGE_MEAN_REVERSION,SHORT,28586,28587,2025-10-25T18:30:00+00:00,2025-10-25T18:45:00+00:00,0.535,0.5399206647089391,0.5276190029365915,0.004920664708939038,1.5,2025-10-26T02:45:00+00:00,0.5276190029365915,TP,1.5,0.28073538546694005,1.21926461453306,32,
AVAX,RANGE_MEAN_REVERSION,LONG,28618,28619,2025-10-26T02:30:00+00:00,2025-10-26T02:45:00+00:00,19.439,19.373022160334692,19.537966759497962,0.06597783966530812,1.5,2025-10-26T02:45:00+00:00,19.373022160334692,SL,-1.0,0.7647359941517641,-1.764735994151764,0,True
LINK,RANGE_MEAN_REVERSION,LONG,28615,28616,2025-10-26T01:45:00+00:00,2025-10-26T02:00:00+00:00,17.823,17.724635714058486,17.97054642891227,0.09836428594151414,1.5,2025-10-26T03:15:00+00:00,17.724635714058486,SL,-1.0,0.4698039129339374,-1.4698039129339375,5,
UNI,RANGE_MEAN_REVERSION,LONG,28616,28617,2025-10-26T02:00:00+00:00,2025-10-26T02:15:00+00:00,6.179,6.151648328551969,6.2200275071720466,0.027351671448030856,1.5,2025-10-26T03:30:00+00:00,6.151648328551969,SL,-1.0,0.5860644698652084,-1.5860644698652084,5,
FET,RANGE_MEAN_REVERSION,SHORT,28632,28633,2025-10-26T06:00:00+00:00,2025-10-26T06:15:00+00:00,0.2616,0.263306966989441,0.2590395495158385,0.0017069669894410056,1.5,2025-10-26T06:30:00+00:00,0.263306966989441,SL,-1.0,0.3997611326448309,-1.399761132644831,1,
CRV,RANGE_MEAN_REVERSION,SHORT,28641,28642,2025-10-26T08:15:00+00:00,2025-10-26T08:30:00+00:00,0.539,0.5413931171438713,0.5354103242841932,0.0023931171438712484,1.5,2025-10-26T08:45:00+00:00,0.5413931171438713,SL,-1.0,0.5868960722979956,-1.5868960722979955,1,
FET,RANGE_MEAN_REVERSION,SHORT,28644,28645,2025-10-26T09:00:00+00:00,2025-10-26T09:15:00+00:00,0.2683,0.27013737275483213,0.2655439408677518,0.001837372754832145,1.5,2025-10-26T09:15:00+00:00,0.27013737275483213,SL,-1.0,0.3809616653672587,-1.3809616653672587,0,True
ADA,RANGE_MEAN_REVERSION,SHORT,28646,28647,2025-10-26T09:30:00+00:00,2025-10-26T09:45:00+00:00,0.6627,0.6667767859122828,0.6565848211315757,0.0040767859122828876,1.5,2025-10-26T11:30:00+00:00,0.6667767859122828,SL,-1.0,0.4239417665957731,-1.4239417665957732,7,
ETH,RANGE_MEAN_REVERSION,SHORT,28646,28647,2025-10-26T09:30:00+00:00,2025-10-26T09:45:00+00:00,3987.36,4015.1065876091507,3945.7401185862745,27.746587609150538,1.5,2025-10-26T11:30:00+00:00,4015.1065876091507,SL,-1.0,0.3749364321997213,-1.3749364321997213,7,
BTC,RANGE_MEAN_REVERSION,SHORT,28853,28854,2025-10-28T13:15:00+00:00,2025-10-28T13:30:00+00:00,115011.5,115283.29958113469,114603.80062829796,271.79958113469183,1.5,2025-10-28T13:45:00+00:00,115283.29958113469,SL,-1.0,1.1014852863482305,-2.1014852863482307,1,
FET,RANGE_MEAN_REVERSION,SHORT,28854,28855,2025-10-28T13:30:00+00:00,2025-10-28T13:45:00+00:00,0.2717,0.27325919959845907,0.2693612006023114,0.0015591995984590712,1.5,2025-10-28T13:45:00+00:00,0.27325919959845907,SL,-1.0,0.45436579138305455,-1.4543657913830546,0,True
BTC,RANGE_MEAN_REVERSION,LONG,28901,28902,2025-10-29T01:15:00+00:00,2025-10-29T01:30:00+00:00,112162.6,111827.87374043933,112664.68938934102,334.7262595606735,1.5,2025-10-29T01:30:00+00:00,112664.68938934102,TP,1.5,0.8731776126251745,0.6268223873748255,0,True
SOL,RANGE_MEAN_REVERSION,SHORT,28941,28942,2025-10-29T11:15:00+00:00,2025-10-29T11:30:00+00:00,198.6,199.96702166710887,196.54946749933669,1.3670216671088724,1.5,2025-10-29T13:00:00+00:00,199.96702166710887,SL,-1.0,0.37902627341895384,-1.3790262734189538,6,
BNB,RANGE_MEAN_REVERSION,LONG,28960,28961,2025-10-29T16:00:00+00:00,2025-10-29T16:15:00+00:00,1095.81,1090.9725846606934,1103.0661230089597,4.837415339306517,1.5,2025-10-29T17:00:00+00:00,1103.0661230089597,TP,1.5,0.5909227881849488,0.9090772118150512,3,
ETH,RANGE_MEAN_REVERSION,LONG,28960,28961,2025-10-29T16:00:00+00:00,2025-10-29T16:15:00+00:00,3938.14,3911.373849980814,3978.2892250287787,26.766150019185716,1.5,2025-10-29T17:30:00+00:00,3978.2892250287787,TP,1.5000000000000084,0.38449153072670766,1.1155084692733008,5,
SOL,RANGE_MEAN_REVERSION,LONG,29041,29042,2025-10-30T12:15:00+00:00,2025-10-30T12:30:00+00:00,188.9,187.13777123545228,191.5433431468216,1.7622287645477286,1.5,2025-10-30T12:30:00+00:00,187.13777123545228,SL,-1.0,0.2774038833326783,-1.2774038833326782,0,True
XRP,RANGE_MEAN_REVERSION,LONG,29043,29044,2025-10-30T12:45:00+00:00,2025-10-30T13:00:00+00:00,2.4997,2.478491921910222,2.5315121171346666,0.02120807808977787,1.5,2025-10-30T13:15:00+00:00,2.478491921910222,SL,-1.0,0.3051502107398677,-1.3051502107398676,1,
BTC,RANGE_MEAN_REVERSION,LONG,29043,29044,2025-10-30T12:45:00+00:00,2025-10-30T13:00:00+00:00,108337.9,107937.2666883768,108938.8499674348,400.6333116231981,1.5,2025-10-30T13:30:00+00:00,107937.2666883768,SL,-1.0,0.7017831731359451,-1.701783173135945,2,
ETH,RANGE_MEAN_REVERSION,LONG,29043,29044,2025-10-30T12:45:00+00:00,2025-10-30T13:00:00+00:00,3815.66,3779.025693655709,3870.6114595164363,36.63430634429096,1.5,2025-10-30T13:30:00+00:00,3779.025693655709,SL,-1.0,0.26950398102163137,-1.2695039810216313,2,
BTC,RANGE_MEAN_REVERSION,SHORT,29091,29092,2025-10-31T00:45:00+00:00,2025-10-31T01:00:00+00:00,109276.3,109865.52992264541,108392.4551160319,589.2299226454052,1.5,2025-10-31T01:00:00+00:00,109865.52992264541,SL,-1.0,0.48348593299610937,-1.4834859329961094,0,True
BNB,RANGE_MEAN_REVERSION,SHORT,29107,29108,2025-10-31T04:45:00+00:00,2025-10-31T05:00:00+00:00,1098.41,1103.3567283754955,1090.9899074367568,4.946728375495468,1.5,2025-10-31T06:00:00+00:00,1103.3567283754955,SL,-1.0,0.5786241995956477,-1.5786241995956476,4,
FET,RANGE_MEAN_REVERSION,LONG,29157,29158,2025-10-31T17:15:00+00:00,2025-10-31T17:30:00+00:00,0.2332,0.22986083619833594,0.23820874570249606,0.003339163801664047,1.5,2025-10-31T19:45:00+00:00,0.23820874570249606,TP,1.5,0.18352839387748662,1.3164716061225135,9,
FET,RANGE_MEAN_REVERSION,SHORT,29216,29217,2025-11-01T08:00:00+00:00,2025-11-01T08:15:00+00:00,0.2436,0.2459684836775737,0.24004727448363947,0.002368483677573696,1.5,2025-11-01T10:15:00+00:00,0.2459684836775737,SL,-1.0,0.2687115958649214,-1.2687115958649213,8,
BTC,RANGE_MEAN_REVERSION,SHORT,29299,29300,2025-11-02T04:45:00+00:00,2025-11-02T05:00:00+00:00,110624.8,110906.87080735274,110201.69378897091,282.07080735273485,1.5,2025-11-02T07:45:00+00:00,110906.87080735274,SL,-1.0,1.020988930943925,-2.020988930943925,11,
BNB,RANGE_MEAN_REVERSION,LONG,29322,29323,2025-11-02T10:30:00+00:00,2025-11-02T10:45:00+00:00,1082.3,1077.9932530038218,1088.760120494267,4.306746996178163,1.5,2025-11-02T16:00:00+00:00,1077.9932530038218,SL,-1.0,0.6520887415483532,-1.6520887415483532,21,
XRP,RANGE_MEAN_REVERSION,LONG,29918,29919,2025-11-08T15:30:00+00:00,2025-11-08T15:45:00+00:00,2.2461,2.231371881739226,2.2681921773911617,0.014728118260774359,1.5,2025-11-08T16:30:00+00:00,2.2681921773911617,TP,1.5,0.398460938912909,1.101539061087091,3,
ADA,RANGE_MEAN_REVERSION,LONG,29963,29964,2025-11-09T02:45:00+00:00,2025-11-09T03:00:00+00:00,0.5524,0.5486117064294779,0.5580824403557831,0.0037882935705221277,1.5,2025-11-09T03:15:00+00:00,0.5486117064294779,SL,-1.0,0.37782584472751085,-1.377825844727511,1,
AVAX,RANGE_MEAN_REVERSION,LONG,29963,29964,2025-11-09T02:45:00+00:00,2025-11-09T03:00:00+00:00,16.905,16.799276266957776,17.06358559956334,0.10572373304222538,1.5,2025-11-09T03:15:00+00:00,16.799276266957776,SL,-1.0,0.4144344688391343,-1.4144344688391344,1,
UNI,RANGE_MEAN_REVERSION,LONG,29963,29964,2025-11-09T02:45:00+00:00,2025-11-09T03:00:00+00:00,5.851,5.795427594974189,5.934358607538716,0.055572405025810845,1.5,2025-11-09T03:15:00+00:00,5.795427594974189,SL,-1.0,0.2724437761229596,-1.2724437761229597,1,
BTC,RANGE_MEAN_REVERSION,SHORT,30007,30008,2025-11-09T13:45:00+00:00,2025-11-09T14:00:00+00:00,102877.9,103114.27686163409,102523.33470754884,236.3768616340967,1.5,2025-11-09T14:00:00+00:00,103114.27686163409,SL,-1.0,1.132893583868009,-2.132893583868009,0,True
DOGE,RANGE_MEAN_REVERSION,SHORT,30051,30052,2025-11-10T00:45:00+00:00,2025-11-10T01:00:00+00:00,0.18234,0.18439351834523895,0.17925972248214156,0.0020535183452389527,1.5,2025-11-10T09:45:00+00:00,0.18439351834523895,SL,-1.0,0.23216426332599152,-1.2321642633259915,35,
UNI,RANGE_MEAN_REVERSION,SHORT,30087,30088,2025-11-10T09:45:00+00:00,2025-11-10T10:00:00+00:00,6.878,6.968094845385075,6.742857731922388,0.0900948453850745,1.5,2025-11-10T10:30:00+00:00,6.968094845385075,SL,-1.0,0.19978860302237159,-1.1997886030223717,2,
UNI,RANGE_MEAN_REVERSION,SHORT,30093,30094,2025-11-10T11:15:00+00:00,2025-11-10T11:30:00+00:00,7.085,7.170806389232787,6.95629041615082,0.08580638923278716,1.5,2025-11-10T11:30:00+00:00,7.170806389232787,SL,-1.0,0.21598098313780603,-1.2159809831378061,0,True
BNB,RANGE_MEAN_REVERSION,LONG,30108,30109,2025-11-10T15:00:00+00:00,2025-11-10T15:15:00+00:00,984.7,977.726728755805,995.1599068662927,6.973271244195075,1.5,2025-11-10T15:45:00+00:00,977.726728755805,SL,-1.0,0.36584762847225605,-1.365847628472256,2,
FET,RANGE_MEAN_REVERSION,SHORT,30150,30151,2025-11-11T01:30:00+00:00,2025-11-11T01:45:00+00:00,0.3666,0.3799867939775875,0.3465198090336187,0.013386793977587519,1.5,2025-11-11T02:00:00+00:00,0.3799867939775875,SL,-1.0,0.07250151408887016,-1.07250151408887,1,
XRP,RANGE_MEAN_REVERSION,LONG,30167,30168,2025-11-11T05:45:00+00:00,2025-11-11T06:00:00+00:00,2.4751,2.4614980130125454,2.4955029804811817,0.013601986987454406,1.5,2025-11-11T06:00:00+00:00,2.4614980130125454,SL,-1.0,0.47181175976976514,-1.471811759769765,0,True
ADA,RANGE_MEAN_REVERSION,LONG,30223,30224,2025-11-11T19:45:00+00:00,2025-11-11T20:00:00+00:00,0.5621,0.5579817677105996,0.5682773484341007,0.0041182322894004475,1.5,2025-11-11T20:45:00+00:00,0.5579817677105996,SL,-1.0,0.3535755624498215,-1.3535755624498216,3,
CRV,RANGE_MEAN_REVERSION,LONG,30226,30227,2025-11-11T20:30:00+00:00,2025-11-11T20:45:00+00:00,0.473,0.46747378487815416,0.4812893226827687,0.005526215121845812,1.5,2025-11-11T21:30:00+00:00,0.46747378487815416,SL,-1.0,0.2212392918814268,-1.2212392918814268,3,
LINK,RANGE_MEAN_REVERSION,LONG,30226,30227,2025-11-11T20:30:00+00:00,2025-11-11T20:45:00+00:00,15.446,15.320679709137252,15.63398043629412,0.12532029086274754,1.5,2025-11-11T21:30:00+00:00,15.320679709137252,SL,-1.0,0.31915568777033343,-1.3191556877703334,3,
SOL,RANGE_MEAN_REVERSION,LONG,30238,30239,2025-11-11T23:30:00+00:00,2025-11-11T23:45:00+00:00,155.01,153.99604338989369,156.53093491515943,1.0139566101063053,1.5,2025-11-11T23:45:00+00:00,153.99604338989369,SL,-1.0,0.3961785468953606,-1.3961785468953605,0,True
FET,RANGE_MEAN_REVERSION,LONG,30226,30227,2025-11-11T20:30:00+00:00,2025-11-11T20:45:00+00:00,0.3327,0.32753830657607697,0.34044254013588454,0.0051616934239230305,1.5,2025-11-12T00:15:00+00:00,0.32753830657607697,SL,-1.0,0.16628453649937247,-1.1662845364993726,14,
FET,RANGE_MEAN_REVERSION,SHORT,30274,30275,2025-11-12T08:30:00+00:00,2025-11-12T08:45:00+00:00,0.3516,0.35670565773715684,0.3439415133942648,0.005105657737156821,1.5,2025-11-12T08:45:00+00:00,0.35670565773715684,SL,-1.0,0.18034842961703632,-1.1803484296170363,0,True
ETH,RANGE_MEAN_REVERSION,SHORT,30281,30282,2025-11-12T10:15:00+00:00,2025-11-12T10:30:00+00:00,3508.18,3523.693424575223,3484.909863137165,15.513424575223326,1.5,2025-11-12T10:30:00+00:00,3523.693424575223,SL,-1.0,0.5892596703984809,-1.589259670398481,0,True
BTC,RANGE_MEAN_REVERSION,SHORT,30277,30278,2025-11-12T09:15:00+00:00,2025-11-12T09:30:00+00:00,104714.9,105243.1879291324,103922.46810630138,528.2879291324061,1.5,2025-11-12T12:15:00+00:00,105243.1879291324,SL,-1.0,0.5166605164651852,-1.5166605164651852,11,
SUI,RANGE_MEAN_REVERSION,SHORT,30295,30296,2025-11-12T13:45:00+00:00,2025-11-12T14:00:00+00:00,2.0895,2.1013734256476964,2.071689861528456,0.011873425647696223,1.5,2025-11-12T14:30:00+00:00,2.071689861528456,TP,1.5,0.4556011870960422,1.0443988129039579,2,
CRV,RANGE_MEAN_REVERSION,LONG,30303,30304,2025-11-12T15:45:00+00:00,2025-11-12T16:00:00+00:00,0.462,0.4532115270558413,0.47518270941623814,0.008788472944158743,1.5,2025-11-12T16:00:00+00:00,0.4532115270558413,SL,-1.0,0.135379034871283,-1.135379034871283,0,True
FET,RANGE_MEAN_REVERSION,LONG,30304,30305,2025-11-12T16:00:00+00:00,2025-11-12T16:15:00+00:00,0.3135,0.3075828754578279,0.3223756868132581,0.005917124542172081,1.5,2025-11-13T03:15:00+00:00,0.3075828754578279,SL,-1.0,0.1364527199555597,-1.1364527199555596,44,
CRV,RANGE_MEAN_REVERSION,SHORT,30360,30361,2025-11-13T06:00:00+00:00,2025-11-13T06:15:00+00:00,0.472,0.47721613553781905,0.46417579669327136,0.005216135537819078,1.5,2025-11-13T09:00:00+00:00,0.46417579669327136,TP,1.5,0.23331996012705328,1.2666800398729468,11,
BTC,RANGE_MEAN_REVERSION,LONG,30481,30482,2025-11-14T12:15:00+00:00,2025-11-14T12:30:00+00:00,95725.4,95158.49592358281,96575.75611462576,566.9040764171805,1.5,2025-11-14T12:30:00+00:00,95158.49592358281,SL,-1.0,0.43772672489665887,-1.4377267248966588,0,True
SUI,RANGE_MEAN_REVERSION,LONG,30482,30483,2025-11-14T12:30:00+00:00,2025-11-14T12:45:00+00:00,1.7492,1.7297412980252287,1.7783880529621572,0.019458701974771397,1.5,2025-11-14T12:45:00+00:00,1.7783880529621572,TP,1.5,0.2356716534739301,1.26432834652607,0,True
FET,RANGE_MEAN_REVERSION,LONG,30450,30451,2025-11-14T04:30:00+00:00,2025-11-14T04:45:00+00:00,0.2774,0.2687027649959144,0.29044585250612837,0.00869723500408559,1.5,2025-11-14T23:00:00+00:00,0.2687027649959144,SL,-1.0,0.08162750508192455,-1.0816275050819246,73,
LINK,RANGE_MEAN_REVERSION,LONG,30450,30451,2025-11-14T04:30:00+00:00,2025-11-14T04:45:00+00:00,14.12,13.811911905045665,14.582132142431501,0.30808809495433387,1.5,2025-11-14T23:00:00+00:00,13.811911905045665,SL,-1.0,0.11786072253762876,-1.1178607225376287,73,
FET,RANGE_MEAN_REVERSION,SHORT,30553,30554,2025-11-15T06:15:00+00:00,2025-11-15T06:30:00+00:00,0.2895,0.29294415459465933,0.2843337681080109,0.0034441545946593544,1.5,2025-11-15T06:30:00+00:00,0.29294415459465933,SL,-1.0,0.21984419693214904,-1.219844196932149,0,True
FET,RANGE_MEAN_REVERSION,SHORT,30579,30580,2025-11-15T12:45:00+00:00,2025-11-15T13:00:00+00:00,0.2975,0.3026359079823754,0.2897961380264369,0.005135907982375398,1.5,2025-11-15T13:15:00+00:00,0.3026359079823754,SL,-1.0,0.1519062808473936,-1.1519062808473937,1,
UNI,RANGE_MEAN_REVERSION,SHORT,30647,30648,2025-11-16T05:45:00+00:00,2025-11-16T06:00:00+00:00,7.707,7.787736561578439,7.585895157632342,0.08073656157843878,1.5,2025-11-16T06:00:00+00:00,7.787736561578439,SL,-1.0,0.24949238778867355,-1.2494923877886737,0,True
FET,RANGE_MEAN_REVERSION,LONG,30670,30671,2025-11-16T11:30:00+00:00,2025-11-16T11:45:00+00:00,0.2781,0.2752290691665485,0.28240639625017727,0.0028709308334515238,1.5,2025-11-16T14:15:00+00:00,0.2752290691665485,SL,-1.0,0.2505555973467025,-1.2505555973467026,10,
FET,RANGE_MEAN_REVERSION,LONG,30691,30692,2025-11-16T16:45:00+00:00,2025-11-16T17:00:00+00:00,0.2693,0.2662169019972538,0.2739246470041193,0.0030830980027461985,1.5,2025-11-16T17:30:00+00:00,0.2662169019972538,SL,-1.0,0.2258027386662152,-1.2258027386662151,2,
FET,RANGE_MEAN_REVERSION,LONG,30775,30776,2025-11-17T13:45:00+00:00,2025-11-17T14:00:00+00:00,0.2713,0.2665576014470276,0.2784135978294585,0.004742398552972371,1.5,2025-11-17T14:30:00+00:00,0.2784135978294585,TP,1.4999999999999942,0.15068908047181995,1.3493109195281743,2,
FET,RANGE_MEAN_REVERSION,SHORT,30851,30852,2025-11-18T08:45:00+00:00,2025-11-18T09:00:00+00:00,0.282,0.2856232242634077,0.27656516360488836,0.0036232242634077205,1.5,2025-11-18T09:30:00+00:00,0.27656516360488836,TP,1.5000000000000075,0.2004111972918313,1.2995888027081763,2,
UNI,RANGE_MEAN_REVERSION,SHORT,30881,30882,2025-11-18T16:15:00+00:00,2025-11-18T16:30:00+00:00,7.714,7.822953201979165,7.550570197031254,0.10895320197916458,1.5,2025-11-18T19:30:00+00:00,7.550570197031254,TP,1.499999999999996,0.18213270372664625,1.3178672962733498,12,
UNI,RANGE_MEAN_REVERSION,LONG,30970,30971,2025-11-19T14:30:00+00:00,2025-11-19T14:45:00+00:00,7.082,7.003042833095793,7.20043575035631,0.07895716690420684,1.5,2025-11-19T15:15:00+00:00,7.003042833095793,SL,-1.0,0.23190492264292406,-1.231904922642924,2,
CRV,RANGE_MEAN_REVERSION,SHORT,31042,31043,2025-11-20T08:30:00+00:00,2025-11-20T08:45:00+00:00,0.446,0.44914429813238427,0.4412835528014236,0.00314429813238426,1.5,2025-11-20T09:45:00+00:00,0.4412835528014236,TP,1.5,0.36684454529354626,1.1331554547064537,4,
UNI,RANGE_MEAN_REVERSION,LONG,31133,31134,2025-11-21T07:15:00+00:00,2025-11-21T07:30:00+00:00,6.423,6.3420721325885365,6.544391801117195,0.08092786741146352,1.5,2025-11-21T07:30:00+00:00,6.3420721325885365,SL,-1.0,0.20505413404745737,-1.2050541340474574,0,True
FET,RANGE_MEAN_REVERSION,LONG,31237,31238,2025-11-22T09:15:00+00:00,2025-11-22T09:30:00+00:00,0.2717,0.26817323371041296,0.27699014943438055,0.0035267662895870355,1.5,2025-11-22T10:30:00+00:00,0.26817323371041296,SL,-1.0,0.19900247030707494,-1.199002470307075,4,
FET,RANGE_MEAN_REVERSION,SHORT,31296,31297,2025-11-23T00:00:00+00:00,2025-11-23T00:15:00+00:00,0.2817,0.285673991485758,0.27573901277136303,0.003973991485757999,1.5,2025-11-23T02:15:00+00:00,0.285673991485758,SL,-1.0,0.18560336416795273,-1.1856033641679526,8,
UNI,RANGE_MEAN_REVERSION,SHORT,31291,31292,2025-11-22T22:45:00+00:00,2025-11-22T23:00:00+00:00,6.245,6.381268130217852,6.040597804673222,0.1362681302178519,1.5,2025-11-23T23:00:00+00:00,6.189,TIME,0.4109544903160617,0.11862054593512286,0.29233394438093885,96,
FET,RANGE_MEAN_REVERSION,LONG,31392,31393,2025-11-24T00:00:00+00:00,2025-11-24T00:15:00+00:00,0.2726,0.26857149274712067,0.27864276087931905,0.004028507252879343,1.5,2025-11-24T02:00:00+00:00,0.27864276087931905,TP,1.5000000000000069,0.1778861360199661,1.3221138639800407,7,
ETH,RANGE_MEAN_REVERSION,LONG,31524,31525,2025-11-25T09:00:00+00:00,2025-11-25T09:15:00+00:00,2868.58,2856.3995150246724,2886.850727462991,12.180484975327545,1.5,2025-11-25T09:30:00+00:00,2886.850727462991,TP,1.4999999999999813,0.6142661774845043,0.885733822515477,1,
BNB,RANGE_MEAN_REVERSION,LONG,31525,31526,2025-11-25T09:15:00+00:00,2025-11-25T09:30:00+00:00,847.9,844.7939801788677,852.5590297316983,3.106019821132236,1.5,2025-11-25T09:45:00+00:00,852.5590297316983,TP,1.4999999999999818,0.7117136611978798,0.788286338802102,1,
FET,RANGE_MEAN_REVERSION,LONG,31544,31545,2025-11-25T14:00:00+00:00,2025-11-25T14:15:00+00:00,0.2675,0.26495090597954984,0.2713236410306753,0.002549094020450171,1.5,2025-11-25T14:30:00+00:00,0.26495090597954984,SL,-1.0,0.2715420350212012,-1.2715420350212012,1,
UNI,RANGE_MEAN_REVERSION,LONG,31547,31548,2025-11-25T14:45:00+00:00,2025-11-25T15:00:00+00:00,5.959,5.881012359972656,6.075981460041015,0.07798764002734337,1.5,2025-11-25T15:00:00+00:00,5.881012359972656,SL,-1.0,0.19736481399575412,-1.1973648139957542,0,True
BNB,RANGE_MEAN_REVERSION,LONG,31547,31548,2025-11-25T14:45:00+00:00,2025-11-25T15:00:00+00:00,842.28,835.0374489306963,853.1438266039554,7.2425510693036586,1.5,2025-11-25T16:15:00+00:00,853.1438266039554,TP,1.4999999999999922,0.3043197008201493,1.195680299179843,5,
FET,RANGE_MEAN_REVERSION,LONG,31624,31625,2025-11-26T10:00:00+00:00,2025-11-26T10:15:00+00:00,0.2653,0.262787945863727,0.26906808120440945,0.0025120541362729787,1.5,2025-11-26T11:00:00+00:00,0.262787945863727,SL,-1.0,0.273288031380325,-1.273288031380325,3,
UNI,RANGE_MEAN_REVERSION,LONG,31623,31624,2025-11-26T09:45:00+00:00,2025-11-26T10:00:00+00:00,6.088,6.056522263807623,6.135216604288566,0.03147773619237704,1.5,2025-11-26T12:00:00+00:00,6.056522263807623,SL,-1.0,0.5015570003656509,-1.5015570003656509,8,
LINK,RANGE_MEAN_REVERSION,SHORT,31655,31656,2025-11-26T17:45:00+00:00,2025-11-26T18:00:00+00:00,13.364,13.470619997237465,13.204070004143805,0.1066199972374644,1.5,2025-11-26T18:15:00+00:00,13.470619997237465,SL,-1.0,0.32719008535249455,-1.3271900853524945,1,
XRP,RANGE_MEAN_REVERSION,SHORT,31655,31656,2025-11-26T17:45:00+00:00,2025-11-26T18:00:00+00:00,2.2334,2.2482772321515667,2.21108415177265,0.014877232151566666,1.5,2025-11-26T18:15:00+00:00,2.2482772321515667,SL,-1.0,0.39161722707832475,-1.3916172270783247,1,
SUI,RANGE_MEAN_REVERSION,SHORT,31657,31658,2025-11-26T18:15:00+00:00,2025-11-26T18:30:00+00:00,1.5486,1.5630147806952503,1.5269778289571243,0.014414780695250373,1.5,2025-11-26T21:45:00+00:00,1.5630147806952503,SL,-1.0,0.2806216272327107,-1.2806216272327107,13,
BTC,RANGE_MEAN_REVERSION,SHORT,31688,31689,2025-11-27T02:00:00+00:00,2025-11-27T02:15:00+00:00,90984.3,91412.53052866389,90341.95420700416,428.2305286638875,1.5,2025-11-27T02:15:00+00:00,91412.53052866389,SL,-1.0,0.5537108258654118,-1.5537108258654118,0,True
BNB,RANGE_MEAN_REVERSION,SHORT,31690,31691,2025-11-27T02:30:00+00:00,2025-11-27T02:45:00+00:00,903.12,907.4210814046157,896.6683778930765,4.301081404615729,1.5,2025-11-27T03:00:00+00:00,896.6683778930765,TP,1.4999999999999867,0.5439852611834108,0.9560147388165758,1,
XRP,RANGE_MEAN_REVERSION,LONG,31731,31732,2025-11-27T12:45:00+00:00,2025-11-27T13:00:00+00:00,2.1736,2.1667938691098065,2.1838091963352904,0.00680613089019344,1.5,2025-11-27T14:15:00+00:00,2.1838091963352904,TP,1.5000000000000326,0.8322837228119896,0.667716277188043,5,
SUI,RANGE_MEAN_REVERSION,SHORT,31745,31746,2025-11-27T16:15:00+00:00,2025-11-27T16:30:00+00:00,1.5616,1.5755007654513566,1.5407488518229653,0.013900765451356545,1.5,2025-11-27T16:30:00+00:00,1.5755007654513566,SL,-1.0,0.2933817572390431,-1.2933817572390431,0,True
CRV,RANGE_MEAN_REVERSION,SHORT,31745,31746,2025-11-27T16:15:00+00:00,2025-11-27T16:30:00+00:00,0.441,0.4449026292021901,0.43514605619671487,0.003902629202190089,1.5,2025-11-27T17:00:00+00:00,0.4449026292021901,SL,-1.0,0.2951019321324577,-1.2951019321324577,2,
AVAX,RANGE_MEAN_REVERSION,SHORT,31745,31746,2025-11-27T16:15:00+00:00,2025-11-27T16:30:00+00:00,15.109,15.186062910123763,14.993405634814355,0.07706291012376276,1.5,2025-11-27T19:45:00+00:00,14.993405634814355,TP,1.5000000000000115,0.5078075466188727,0.9921924533811388,13,
FET,RANGE_MEAN_REVERSION,LONG,31772,31773,2025-11-27T23:00:00+00:00,2025-11-27T23:15:00+00:00,0.2626,0.25911419935081975,0.2678287009737704,0.0034858006491802485,1.5,2025-11-28T01:00:00+00:00,0.25911419935081975,SL,-1.0,0.19456891756433745,-1.1945689175643375,7,
ADA,RANGE_MEAN_REVERSION,LONG,31781,31782,2025-11-28T01:15:00+00:00,2025-11-28T01:30:00+00:00,0.4254,0.4224906858403112,0.42976397123953325,0.002909314159688814,1.5,2025-11-28T01:45:00+00:00,0.4224906858403112,SL,-1.0,0.3788720746852256,-1.3788720746852257,1,
SOL,RANGE_MEAN_REVERSION,LONG,31781,31782,2025-11-28T01:15:00+00:00,2025-11-28T01:30:00+00:00,139.51,138.77011942413708,140.61982086379436,0.7398805758629123,1.5,2025-11-28T01:45:00+00:00,138.77011942413708,SL,-1.0,0.4889493886624307,-1.4889493886624308,1,
XRP,RANGE_MEAN_REVERSION,LONG,31783,31784,2025-11-28T01:45:00+00:00,2025-11-28T02:00:00+00:00,2.1712,2.1583170054941303,2.1905244917588043,0.012882994505869494,1.5,2025-11-28T04:15:00+00:00,2.1905244917588043,TP,1.5000000000000173,0.44013383974533893,1.0598661602546784,9,
UNI,RANGE_MEAN_REVERSION,SHORT,31812,31813,2025-11-28T09:00:00+00:00,2025-11-28T09:15:00+00:00,6.279,6.328704896577709,6.204442655133436,0.04970489657770916,1.5,2025-11-28T11:00:00+00:00,6.204442655133436,TP,1.5000000000000089,0.32649651380526856,1.1735034861947402,7,
ETH,RANGE_MEAN_REVERSION,SHORT,31811,31812,2025-11-28T08:45:00+00:00,2025-11-28T09:00:00+00:00,3063.61,3089.208508016463,3025.212237975306,25.5985080164628,1.5,2025-11-28T11:15:00+00:00,3025.212237975306,TP,1.5,0.3092160255698237,1.1907839744301763,9,
BTC,RANGE_MEAN_REVERSION,SHORT,31831,31832,2025-11-28T13:45:00+00:00,2025-11-28T14:00:00+00:00,92329.2,92871.13651590237,91516.29522614644,541.9365159023728,1.5,2025-11-28T14:15:00+00:00,92871.13651590237,SL,-1.0,0.4442594850243398,-1.4442594850243398,1,
FET,RANGE_MEAN_REVERSION,SHORT,31891,31892,2025-11-29T04:45:00+00:00,2025-11-29T05:00:00+00:00,0.2761,0.2784480503114825,0.2725779245327763,0.002348050311482497,1.5,2025-11-29T06:15:00+00:00,0.2725779245327763,TP,1.4999999999999882,0.3037759874243334,1.1962240125756547,5,
AVAX,RANGE_MEAN_REVERSION,LONG,31903,31904,2025-11-29T07:45:00+00:00,2025-11-29T08:00:00+00:00,14.669,14.62985439348996,14.72771840976506,0.039145606510039954,1.5,2025-11-29T08:00:00+00:00,14.62985439348996,SL,-1.0,0.9729957997142824,-1.9729957997142824,0,True
CRV,RANGE_MEAN_REVERSION,SHORT,31920,31921,2025-11-29T12:00:00+00:00,2025-11-29T12:15:00+00:00,0.431,0.43451410470232754,0.4257288429465087,0.0035141047023275473,1.5,2025-11-29T13:30:00+00:00,0.4257288429465087,TP,1.499999999999992,0.31693634372725915,1.1830636562727328,5,
UNI,RANGE_MEAN_REVERSION,LONG,31944,31945,2025-11-29T18:00:00+00:00,2025-11-29T18:15:00+00:00,6.008,5.957510818776769,6.083733771834846,0.05048918122323087,1.5,2025-11-30T01:00:00+00:00,6.083733771834846,TP,1.5,0.31133905368527987,1.1886609463147202,27,
AVAX,RANGE_MEAN_REVERSION,LONG,31989,31990,2025-11-30T05:15:00+00:00,2025-11-30T05:30:00+00:00,14.054,14.00196591088868,14.13205113366698,0.052034089111320014,1.5,2025-11-30T06:00:00+00:00,14.00196591088868,SL,-1.0,0.7009396398988876,-1.7009396398988876,2,
FET,RANGE_MEAN_REVERSION,LONG,31981,31982,2025-11-30T03:15:00+00:00,2025-11-30T03:30:00+00:00,0.2553,0.2529225126509045,0.25886623102364337,0.0023774873490955417,1.5,2025-11-30T08:15:00+00:00,0.25886623102364337,TP,1.5000000000000118,0.28114391463955396,1.2188560853604578,19,
SUI,RANGE_MEAN_REVERSION,SHORT,32001,32002,2025-11-30T08:15:00+00:00,2025-11-30T08:30:00+00:00,1.5299,1.5448467771692407,1.507479834246139,0.014946777169240644,1.5,2025-11-30T09:45:00+00:00,1.5448467771692407,SL,-1.0,0.26742693525570804,-1.267426935255708,5,
XRP,RANGE_MEAN_REVERSION,SHORT,31920,31921,2025-11-29T12:00:00+00:00,2025-11-29T12:15:00+00:00,2.2094,2.2285608085424267,2.18065878718636,0.019160808542426633,1.5,2025-11-30T11:30:00+00:00,2.18065878718636,TP,1.5000000000000115,0.29785154476677905,1.2021484552332324,93,
BTC,RANGE_MEAN_REVERSION,SHORT,32005,32006,2025-11-30T09:15:00+00:00,2025-11-30T09:30:00+00:00,91360.5,91704.74221162965,90844.13668255552,344.24221162965114,1.5,2025-11-30T13:15:00+00:00,91704.74221162965,SL,-1.0,0.6913295547007223,-1.6913295547007223,15,
ETH,RANGE_MEAN_REVERSION,SHORT,32019,32020,2025-11-30T12:45:00+00:00,2025-11-30T13:00:00+00:00,3024.59,3037.7791215792654,3004.8063176311025,13.189121579265247,1.5,2025-11-30T13:15:00+00:00,3037.7791215792654,SL,-1.0,0.597543953984242,-1.597543953984242,1,
BNB,RANGE_MEAN_REVERSION,SHORT,32020,32021,2025-11-30T13:00:00+00:00,2025-11-30T13:15:00+00:00,884.79,887.3357492879165,880.9713760681251,2.5457492879165784,1.5,2025-11-30T13:15:00+00:00,887.3357492879165,SL,-1.0,0.9049451511227461,-1.904945151122746,0,True
SOL,RANGE_MEAN_REVERSION,SHORT,32020,32021,2025-11-30T13:00:00+00:00,2025-11-30T13:15:00+00:00,137.55,138.02095862334104,136.84356206498848,0.47095862334103344,1.5,2025-11-30T13:15:00+00:00,138.02095862334104,SL,-1.0,0.760666072252659,-1.760666072252659,0,True
SOL,RANGE_MEAN_REVERSION,SHORT,32024,32025,2025-11-30T14:00:00+00:00,2025-11-30T14:15:00+00:00,139.31,140.5054408642556,137.5168387036166,1.1954408642556018,1.5,2025-11-30T15:00:00+00:00,137.5168387036166,TP,1.5,0.30103947512183704,1.198960524878163,3,
ADA,RANGE_MEAN_REVERSION,SHORT,32022,32023,2025-11-30T13:30:00+00:00,2025-11-30T13:45:00+00:00,0.4246,0.42716010288771833,0.42075984566842245,0.002560102887718352,1.5,2025-11-30T15:15:00+00:00,0.42075984566842245,TP,1.5,0.4292670441649263,1.0707329558350738,6,
SUI,RANGE_MEAN_REVERSION,LONG,32111,32112,2025-12-01T11:45:00+00:00,2025-12-01T12:00:00+00:00,1.3496,1.3418407182910448,1.3612389225634325,0.007759281708955124,1.5,2025-12-01T12:30:00+00:00,1.3418407182910448,SL,-1.0,0.45092742666376545,-1.4509274266637655,2,
ADA,RANGE_MEAN_REVERSION,LONG,32113,32114,2025-12-01T12:15:00+00:00,2025-12-01T12:30:00+00:00,0.3795,0.3777534665416933,0.38211980018746006,0.0017465334583067205,1.5,2025-12-01T12:30:00+00:00,0.3777534665416933,SL,-1.0,0.5636476655068574,-1.5636476655068574,0,True
BNB,RANGE_MEAN_REVERSION,SHORT,32206,32207,2025-12-02T11:30:00+00:00,2025-12-02T11:45:00+00:00,843.66,846.6783912328007,839.1324131507989,3.0183912328006954,1.5,2025-12-02T14:00:00+00:00,846.6783912328007,SL,-1.0,0.7280169266075184,-1.7280169266075185,9,
SOL,RANGE_MEAN_REVERSION,SHORT,32213,32214,2025-12-02T13:15:00+00:00,2025-12-02T13:30:00+00:00,130.48,131.4005224531206,129.09921632031907,0.9205224531206113,1.5,2025-12-02T14:15:00+00:00,131.4005224531206,SL,-1.0,0.36983853901111746,-1.3698385390111174,3,
ETH,RANGE_MEAN_REVERSION,SHORT,32216,32217,2025-12-02T14:00:00+00:00,2025-12-02T14:15:00+00:00,2855.56,2873.624198195003,2828.4637027074955,18.064198195002973,1.5,2025-12-02T14:30:00+00:00,2873.624198195003,SL,-1.0,0.4123039050642058,-1.4123039050642059,1,
DOGE,RANGE_MEAN_REVERSION,SHORT,32217,32218,2025-12-02T14:15:00+00:00,2025-12-02T14:30:00+00:00,0.13889,0.13965663944752396,0.1377400408287141,0.000766639447523948,1.5,2025-12-02T14:30:00+00:00,0.13965663944752396,SL,-1.0,0.4723349841327722,-1.4723349841327722,0,True
BNB,RANGE_MEAN_REVERSION,SHORT,32265,32266,2025-12-03T02:15:00+00:00,2025-12-03T02:30:00+00:00,888.15,892.2262119032595,882.0356821451107,4.076211903259491,1.5,2025-12-03T04:15:00+00:00,892.2262119032595,SL,-1.0,0.5678039146157946,-1.5678039146157947,7,
BTC,RANGE_MEAN_REVERSION,SHORT,32265,32266,2025-12-03T02:15:00+00:00,2025-12-03T02:30:00+00:00,92761.1,93278.8103198725,91984.53452019126,517.7103198724944,1.5,2025-12-03T04:15:00+00:00,93278.8103198725,SL,-1.0,0.46715677499996394,-1.4671567749999639,7,
ETH,RANGE_MEAN_REVERSION,SHORT,32265,32266,2025-12-03T02:15:00+00:00,2025-12-03T02:30:00+00:00,3040.25,3057.800055518146,3013.924916722781,17.55005551814611,1.5,2025-12-03T04:15:00+00:00,3057.800055518146,SL,-1.0,0.45170598258090316,-1.451705982580903,7,
DOGE,RANGE_MEAN_REVERSION,SHORT,32276,32277,2025-12-03T05:00:00+00:00,2025-12-03T05:15:00+00:00,0.14973,0.15090418553537752,0.14796872169693373,0.0011741855353775144,1.5,2025-12-03T06:00:00+00:00,0.15090418553537752,SL,-1.0,0.3328472625668448,-1.3328472625668448,3,
BNB,RANGE_MEAN_REVERSION,SHORT,32280,32281,2025-12-03T06:00:00+00:00,2025-12-03T06:15:00+00:00,904.38,908.3534762044738,898.4197856932892,3.9734762044738545,1.5,2025-12-03T06:15:00+00:00,908.3534762044738,SL,-1.0,0.5930710032722739,-1.593071003272274,0,True
XRP,RANGE_MEAN_REVERSION,SHORT,32276,32277,2025-12-03T05:00:00+00:00,2025-12-03T05:15:00+00:00,2.2084,2.225724642744448,2.1824130358833287,0.017324642744447782,1.5,2025-12-03T09:00:00+00:00,2.1824130358833287,TP,1.4999999999999871,0.3294761704957899,1.170523829504197,15,
ADA,RANGE_MEAN_REVERSION,SHORT,32281,32282,2025-12-03T06:15:00+00:00,2025-12-03T06:30:00+00:00,0.4457,0.4488708074118459,0.4409437888822312,0.0031708074118458884,1.5,2025-12-03T09:30:00+00:00,0.4409437888822312,TP,1.4999999999999913,0.36351527413514273,1.1364847258648485,12,
ADA,RANGE_MEAN_REVERSION,LONG,32312,32313,2025-12-03T14:00:00+00:00,2025-12-03T14:15:00+00:00,0.4292,0.4243602599227309,0.43645961011590373,0.004839740077269117,1.5,2025-12-03T14:30:00+00:00,0.43645961011590373,TP,1.5000000000000058,0.23252436601629894,1.2674756339837068,1,
CRV,RANGE_MEAN_REVERSION,SHORT,32344,32345,2025-12-03T22:00:00+00:00,2025-12-03T22:15:00+00:00,0.409,0.4138336808516898,0.40174947872246525,0.004833680851689837,1.5,2025-12-03T22:15:00+00:00,0.4138336808516898,SL,-1.0,0.2212979751721174,-1.2212979751721174,0,True
XRP,RANGE_MEAN_REVERSION,LONG,32398,32399,2025-12-04T11:30:00+00:00,2025-12-04T11:45:00+00:00,2.1447,2.1366723499572298,2.156741475064155,0.008027650042770063,1.5,2025-12-04T12:15:00+00:00,2.1366723499572298,SL,-1.0,0.6933266927794276,-1.6933266927794275,2,
SUI,RANGE_MEAN_REVERSION,LONG,32407,32408,2025-12-04T13:45:00+00:00,2025-12-04T14:00:00+00:00,1.6459,1.6346878836056928,1.6627181745914605,0.011212116394307081,1.5,2025-12-04T14:15:00+00:00,1.6627181745914605,TP,1.5,0.3836210288677365,1.1163789711322636,1,
AVAX,RANGE_MEAN_REVERSION,LONG,32425,32426,2025-12-04T18:15:00+00:00,2025-12-04T18:30:00+00:00,14.532,14.450001460778717,14.654997808831926,0.0819985392212832,1.5,2025-12-04T19:00:00+00:00,14.450001460778717,SL,-1.0,0.4594789401959633,-1.4594789401959634,2,
SUI,RANGE_MEAN_REVERSION,LONG,32429,32430,2025-12-04T19:15:00+00:00,2025-12-04T19:30:00+00:00,1.6225,1.6011157384442833,1.654576392333575,0.02138426155571671,1.5,2025-12-04T20:45:00+00:00,1.654576392333575,TP,1.499999999999995,0.19922124965286717,1.3007787503471278,5,
AVAX,RANGE_MEAN_REVERSION,LONG,32482,32483,2025-12-05T08:30:00+00:00,2025-12-05T08:45:00+00:00,14.195,14.091025738037926,14.350961392943113,0.10397426196207427,1.5,2025-12-05T09:15:00+00:00,14.091025738037926,SL,-1.0,0.35366284660777136,-1.3536628466077714,2,
ETH,RANGE_MEAN_REVERSION,LONG,32486,32487,2025-12-05T09:30:00+00:00,2025-12-05T09:45:00+00:00,3112.61,3097.026337105927,3135.98549434111,15.583662894073314,1.5,2025-12-05T10:00:00+00:00,3135.98549434111,TP,1.5,0.5212621832144997,0.9787378167855003,1,
SUI,RANGE_MEAN_REVERSION,LONG,32486,32487,2025-12-05T09:30:00+00:00,2025-12-05T09:45:00+00:00,1.6097,1.5999376439470516,1.6243435340794223,0.009762356052948284,1.5,2025-12-05T10:00:00+00:00,1.6243435340794223,TP,1.5,0.430660034473291,1.069339965526709,1,
DOGE,RANGE_MEAN_REVERSION,LONG,32486,32487,2025-12-05T09:30:00+00:00,2025-12-05T09:45:00+00:00,0.14429,0.14369003503510497,0.14518994744734254,0.0005999649648950334,1.5,2025-12-05T10:15:00+00:00,0.14518994744734254,TP,1.499999999999977,0.6272431786869169,0.87275682131306,2,
UNI,RANGE_MEAN_REVERSION,LONG,32487,32488,2025-12-05T09:45:00+00:00,2025-12-05T10:00:00+00:00,5.809,5.778768838785896,5.854346741821156,0.030231161214103963,1.5,2025-12-05T10:15:00+00:00,5.854346741821156,TP,1.5,0.5015470843803943,0.9984529156196057,1,
BNB,RANGE_MEAN_REVERSION,LONG,32486,32487,2025-12-05T09:30:00+00:00,2025-12-05T09:45:00+00:00,891.79,888.7035302432209,896.4197046351685,3.0864697567790245,1.5,2025-12-05T10:30:00+00:00,896.4197046351685,TP,1.5,0.753181725147276,0.746818274852724,3,
ADA,RANGE_MEAN_REVERSION,LONG,32486,32487,2025-12-05T09:30:00+00:00,2025-12-05T09:45:00+00:00,0.4307,0.42798558928291813,0.43477161607562287,0.0027144107170818943,1.5,2025-12-05T11:30:00+00:00,0.42798558928291813,SL,-1.0,0.411246263891801,-1.411246263891801,7,
BTC,RANGE_MEAN_REVERSION,LONG,32487,32488,2025-12-05T09:45:00+00:00,2025-12-05T10:00:00+00:00,91086.4,90778.20017646236,91548.69973530645,308.1998235376377,1.5,2025-12-05T13:15:00+00:00,90778.20017646236,SL,-1.0,0.7671126398309852,-1.767112639830985,13,
DOGE,RANGE_MEAN_REVERSION,LONG,32503,32504,2025-12-05T13:45:00+00:00,2025-12-05T14:00:00+00:00,0.14309,0.14240912489521929,0.14411131265717106,0.0006808751047807093,1.5,2025-12-05T14:30:00+00:00,0.14240912489521929,SL,-1.0,0.5451056438365766,-1.5451056438365764,2,
LINK,RANGE_MEAN_REVERSION,LONG,32503,32504,2025-12-05T13:45:00+00:00,2025-12-05T14:00:00+00:00,13.852,13.761839099951516,13.987241350072727,0.09016090004848465,1.5,2025-12-05T14:30:00+00:00,13.761839099951516,SL,-1.0,0.3981547523442266,-1.3981547523442266,2,
ADA,RANGE_MEAN_REVERSION,LONG,32504,32505,2025-12-05T14:00:00+00:00,2025-12-05T14:15:00+00:00,0.4261,0.4240233765944801,0.4292149351082798,0.002076623405519895,1.5,2025-12-05T14:30:00+00:00,0.4240233765944801,SL,-1.0,0.5321910494869629,-1.532191049486963,1,
BNB,RANGE_MEAN_REVERSION,LONG,32503,32504,2025-12-05T13:45:00+00:00,2025-12-05T14:00:00+00:00,887.12,883.1440356152968,893.0839465770548,3.975964384703161,1.5,2025-12-05T15:00:00+00:00,893.0839465770548,TP,1.5000000000000142,0.582063848321657,0.9179361516783572,4,
BTC,RANGE_MEAN_REVERSION,LONG,32506,32507,2025-12-05T14:30:00+00:00,2025-12-05T14:45:00+00:00,90168.1,89643.66269285715,90954.75596071429,524.4373071428563,1.5,2025-12-05T15:00:00+00:00,90954.75596071429,TP,1.5,0.448975901489002,1.051024098510998,1,
SOL,RANGE_MEAN_REVERSION,LONG,32507,32508,2025-12-05T14:45:00+00:00,2025-12-05T15:00:00+00:00,134.66,133.82765814104334,135.90851278843496,0.8323418589566529,1.5,2025-12-05T15:00:00+00:00,135.90851278843496,TP,1.499999999999983,0.4225896641385706,1.0774103358614124,0,True
SUI,RANGE_MEAN_REVERSION,LONG,32576,32577,2025-12-06T08:00:00+00:00,2025-12-06T08:15:00+00:00,1.5188,1.5115045513927434,1.5297431729108846,0.007295448607256505,1.5,2025-12-06T08:30:00+00:00,1.5115045513927434,SL,-1.0,0.5399799421371015,-1.5399799421371014,1,
BNB,RANGE_MEAN_REVERSION,SHORT,32603,32604,2025-12-06T14:45:00+00:00,2025-12-06T15:00:00+00:00,894.94,899.278536465829,888.4321953012566,4.338536465828952,1.5,2025-12-06T19:00:00+00:00,888.4321953012566,TP,1.500000000000013,0.534370028269122,0.965629971730891,16,
BTC,RANGE_MEAN_REVERSION,LONG,32637,32638,2025-12-06T23:15:00+00:00,2025-12-06T23:30:00+00:00,88983.7,88749.71358304785,89334.67962542822,233.9864169521461,1.5,2025-12-07T00:00:00+00:00,89334.67962542822,TP,1.500000000000031,0.9907151728404231,0.509284827159608,2,
SOL,RANGE_MEAN_REVERSION,SHORT,32771,32772,2025-12-08T08:45:00+00:00,2025-12-08T09:00:00+00:00,136.65,137.30309765230956,135.67035352153567,0.6530976523095546,1.5,2025-12-08T09:00:00+00:00,137.30309765230956,SL,-1.0,0.5453074677095914,-1.5453074677095913,0,True
LINK,RANGE_MEAN_REVERSION,SHORT,32772,32773,2025-12-08T09:00:00+00:00,2025-12-08T09:15:00+00:00,14.201,14.333634502539963,14.002048246190057,0.1326345025399629,1.5,2025-12-08T11:15:00+00:00,14.002048246190057,TP,1.4999999999999933,0.2764285462525121,1.223571453747481,8,
ETH,RANGE_MEAN_REVERSION,SHORT,32772,32773,2025-12-08T09:00:00+00:00,2025-12-08T09:15:00+00:00,3164.25,3189.603328331987,3126.220007502019,25.353328331987086,1.5,2025-12-08T12:30:00+00:00,3126.220007502019,TP,1.5000000000000089,0.32254585680710507,1.1774541431929038,13,
BTC,RANGE_MEAN_REVERSION,SHORT,32772,32773,2025-12-08T09:00:00+00:00,2025-12-08T09:15:00+00:00,92030.0,92436.22484027216,91420.66273959176,406.2248402721598,1.5,2025-12-08T13:30:00+00:00,91420.66273959176,TP,1.5,0.587078479498423,0.912921520501577,17,
AVAX,RANGE_MEAN_REVERSION,SHORT,32772,32773,2025-12-08T09:00:00+00:00,2025-12-08T09:15:00+00:00,13.832,13.98782165252646,13.598267521210312,0.15582165252645908,1.5,2025-12-08T15:00:00+00:00,13.598267521210312,TP,1.5,0.22884719292473377,1.2711528070752662,23,
ADA,RANGE_MEAN_REVERSION,SHORT,32772,32773,2025-12-08T09:00:00+00:00,2025-12-08T09:15:00+00:00,0.4356,0.4406796648000722,0.42798050279989164,0.0050796648000722144,1.5,2025-12-08T17:00:00+00:00,0.4406796648000722,SL,-1.0,0.22425959370860435,-1.2242595937086043,31,
ADA,RANGE_MEAN_REVERSION,SHORT,32879,32880,2025-12-09T11:45:00+00:00,2025-12-09T12:00:00+00:00,0.4374,0.4448337244577609,0.42624941331335864,0.007433724457760915,1.5,2025-12-09T12:15:00+00:00,0.4448337244577609,SL,-1.0,0.15428387860108336,-1.1542838786010834,1,
ADA,RANGE_MEAN_REVERSION,SHORT,32884,32885,2025-12-09T13:00:00+00:00,2025-12-09T13:15:00+00:00,0.4495,0.4526643588001369,0.4447534617997947,0.0031643588001368794,1.5,2025-12-09T13:15:00+00:00,0.4526643588001369,SL,-1.0,0.3706323272788933,-1.3706323272788934,0,True
XRP,RANGE_MEAN_REVERSION,SHORT,32883,32884,2025-12-09T12:45:00+00:00,2025-12-09T13:00:00+00:00,2.083,2.08934737769653,2.0734789334552053,0.006347377696529932,1.5,2025-12-09T13:30:00+00:00,2.0734789334552053,TP,1.5,0.851284242380248,0.648715757619752,2,
CRV,RANGE_MEAN_REVERSION,SHORT,32885,32886,2025-12-09T13:15:00+00:00,2025-12-09T13:30:00+00:00,0.397,0.39974378918798464,0.3928843162180231,0.0027437891879846243,1.5,2025-12-09T14:15:00+00:00,0.3928843162180231,TP,1.4999999999999898,0.3742450825231491,1.1257549174768406,3,
FET,RANGE_MEAN_REVERSION,SHORT,32881,32882,2025-12-09T12:15:00+00:00,2025-12-09T12:30:00+00:00,0.245,0.24770439731572957,0.24094340402640563,0.0027043973157295786,1.5,2025-12-09T15:00:00+00:00,0.24770439731572957,SL,-1.0,0.2368423133631359,-1.2368423133631359,10,
CRV,RANGE_MEAN_REVERSION,SHORT,32893,32894,2025-12-09T15:15:00+00:00,2025-12-09T15:30:00+00:00,0.401,0.407451718669634,0.3913224219955491,0.006451718669633955,1.5,2025-12-09T15:45:00+00:00,0.407451718669634,SL,-1.0,0.1629003507572585,-1.1629003507572584,1,
FET,RANGE_MEAN_REVERSION,SHORT,32895,32896,2025-12-09T15:45:00+00:00,2025-12-09T16:00:00+00:00,0.2531,0.25552470185948617,0.24946294721077072,0.002424701859486178,1.5,2025-12-09T16:00:00+00:00,0.25552470185948617,SL,-1.0,0.27269831539513495,-1.272698315395135,0,True
ADA,RANGE_MEAN_REVERSION,SHORT,32967,32968,2025-12-10T09:45:00+00:00,2025-12-10T10:00:00+00:00,0.4728,0.4762354100068458,0.4676468849897313,0.0034354100068458293,1.5,2025-12-10T10:00:00+00:00,0.4676468849897313,TP,1.499999999999992,0.35587628494135554,1.1441237150586365,0,True
AVAX,RANGE_MEAN_REVERSION,LONG,32972,32973,2025-12-10T11:00:00+00:00,2025-12-10T11:15:00+00:00,14.33,14.276405058644238,14.410392412033643,0.053594941355761705,1.5,2025-12-10T11:30:00+00:00,14.276405058644238,SL,-1.0,0.6938775495504781,-1.693877549550478,1,
UNI,RANGE_MEAN_REVERSION,SHORT,32997,32998,2025-12-10T17:15:00+00:00,2025-12-10T17:30:00+00:00,5.678,5.726164379594694,5.605753430607958,0.04816437959469422,1.5,2025-12-10T18:30:00+00:00,5.726164379594694,SL,-1.0,0.3078086714337387,-1.3078086714337387,4,
LINK,RANGE_MEAN_REVERSION,SHORT,33002,33003,2025-12-10T18:30:00+00:00,2025-12-10T18:45:00+00:00,14.384,14.60927199955949,14.046092000660764,0.2252719995594905,1.5,2025-12-10T19:00:00+00:00,14.60927199955949,SL,-1.0,0.16731441845027756,-1.1673144184502775,1,
SUI,RANGE_MEAN_REVERSION,SHORT,33002,33003,2025-12-10T18:30:00+00:00,2025-12-10T18:45:00+00:00,1.6509,1.6794651648520973,1.6080522527218541,0.028565164852097258,1.5,2025-12-10T19:00:00+00:00,1.6794651648520973,SL,-1.0,0.15156484258797673,-1.1515648425879768,1,
ETH,RANGE_MEAN_REVERSION,SHORT,33002,33003,2025-12-10T18:30:00+00:00,2025-12-10T18:45:00+00:00,3392.11,3441.6398474739667,3317.8152287890503,49.52984747396658,1.5,2025-12-10T20:15:00+00:00,3441.6398474739667,SL,-1.0,0.17936406540289906,-1.1793640654028992,6,
XRP,RANGE_MEAN_REVERSION,LONG,33032,33033,2025-12-11T02:00:00+00:00,2025-12-11T02:15:00+00:00,2.0045,1.9931598369817172,2.0215102445274247,0.011340163018283,1.5,2025-12-11T03:00:00+00:00,1.9931598369817172,SL,-1.0,0.4582789312373657,-1.4582789312373656,3,
ADA,RANGE_MEAN_REVERSION,LONG,33056,33057,2025-12-11T08:00:00+00:00,2025-12-11T08:15:00+00:00,0.4234,0.4202288240130757,0.42815676398038643,0.0031711759869242906,1.5,2025-12-11T11:45:00+00:00,0.4202288240130757,SL,-1.0,0.34583935919642844,-1.3458393591964284,14,
ADA,RANGE_MEAN_REVERSION,LONG,33074,33075,2025-12-11T12:30:00+00:00,2025-12-11T12:45:00+00:00,0.4171,0.4123879834187273,0.42416802487190913,0.004712016581272738,1.5,2025-12-11T14:30:00+00:00,0.4123879834187273,SL,-1.0,0.22884774699860722,-1.2288477469986072,7,
ETH,RANGE_MEAN_REVERSION,LONG,33083,33084,2025-12-11T14:45:00+00:00,2025-12-11T15:00:00+00:00,3158.16,3132.906492345979,3196.040261481031,25.253507654020723,1.5,2025-12-11T15:15:00+00:00,3196.040261481031,TP,1.5,0.32710150419877043,1.1728984958012296,1,
AVAX,RANGE_MEAN_REVERSION,LONG,33083,33084,2025-12-11T14:45:00+00:00,2025-12-11T15:00:00+00:00,13.102,12.993408639058714,13.26488704141193,0.1085913609412863,1.5,2025-12-11T15:45:00+00:00,12.993408639058714,SL,-1.0,0.3124008294648645,-1.3124008294648646,3,
DOGE,RANGE_MEAN_REVERSION,SHORT,33110,33111,2025-12-11T21:30:00+00:00,2025-12-11T21:45:00+00:00,0.1423,0.14336976692824283,0.1406953496076358,0.0010697669282428157,1.5,2025-12-11T22:15:00+00:00,0.1406953496076358,TP,1.4999999999999871,0.34390103561550933,1.1560989643844777,2,
UNI,RANGE_MEAN_REVERSION,SHORT,33110,33111,2025-12-11T21:30:00+00:00,2025-12-11T21:45:00+00:00,5.584,5.6303758620832225,5.514436206875166,0.04637586208322286,1.5,2025-12-11T22:15:00+00:00,5.514436206875166,TP,1.4999999999999905,0.31110940952528926,1.1888905904747011,2,
BNB,RANGE_MEAN_REVERSION,SHORT,33110,33111,2025-12-11T21:30:00+00:00,2025-12-11T21:45:00+00:00,890.25,894.432245253801,883.9766321192984,4.182245253801057,1.5,2025-12-11T22:45:00+00:00,883.9766321192984,TP,1.5,0.5514967396182272,0.9485032603817728,4,
SUI,RANGE_MEAN_REVERSION,SHORT,33145,33146,2025-12-12T06:15:00+00:00,2025-12-12T06:30:00+00:00,1.6584,1.671313102335539,1.6390303464966918,0.012913102335538884,1.5,2025-12-12T08:30:00+00:00,1.6390303464966918,TP,1.5,0.33196201339225356,1.1680379866077464,8,
ADA,RANGE_MEAN_REVERSION,LONG,33182,33183,2025-12-12T15:30:00+00:00,2025-12-12T15:45:00+00:00,0.4137,0.40869299679908033,0.42121050480137956,0.00500700320091968,1.5,2025-12-12T15:45:00+00:00,0.40869299679908033,SL,-1.0,0.21352311011952854,-1.2135231101195285,0,True
AVAX,RANGE_MEAN_REVERSION,LONG,33182,33183,2025-12-12T15:30:00+00:00,2025-12-12T15:45:00+00:00,13.124,12.999702337631398,13.310446493552906,0.12429766236860296,1.5,2025-12-12T15:45:00+00:00,12.999702337631398,SL,-1.0,0.27322165511214935,-1.2732216551121494,0,True
BTC,RANGE_MEAN_REVERSION,LONG,33182,33183,2025-12-12T15:30:00+00:00,2025-12-12T15:45:00+00:00,90497.6,89925.78821870123,91355.31767194817,571.8117812987766,1.5,2025-12-12T15:45:00+00:00,89925.78821870123,SL,-1.0,0.4101881289531476,-1.4101881289531475,0,True
CRV,RANGE_MEAN_REVERSION,LONG,33182,33183,2025-12-12T15:30:00+00:00,2025-12-12T15:45:00+00:00,0.389,0.3825084937483732,0.3987372593774402,0.006491506251626811,1.5,2025-12-12T15:45:00+00:00,0.3825084937483732,SL,-1.0,0.15450359331034103,-1.154503593310341,0,True
DOGE,RANGE_MEAN_REVERSION,LONG,33182,33183,2025-12-12T15:30:00+00:00,2025-12-12T15:45:00+00:00,0.13743,0.13605716091279457,0.13948925863080813,0.0013728390872054241,1.5,2025-12-12T15:45:00+00:00,0.13605716091279457,SL,-1.0,0.2589766801514684,-1.2589766801514684,0,True
ETH,RANGE_MEAN_REVERSION,LONG,33182,33183,2025-12-12T15:30:00+00:00,2025-12-12T15:45:00+00:00,3107.75,3070.1702433966325,3164.1196349050515,37.579756603367514,1.5,2025-12-12T15:45:00+00:00,3070.1702433966325,SL,-1.0,0.21371336704442467,-1.2137133670444247,0,True
LINK,RANGE_MEAN_REVERSION,LONG,33182,33183,2025-12-12T15:30:00+00:00,2025-12-12T15:45:00+00:00,13.71,13.539144852012596,13.96628272198111,0.17085514798740498,1.5,2025-12-12T15:45:00+00:00,13.539144852012596,SL,-1.0,0.2073328707088635,-1.2073328707088635,0,True
SOL,RANGE_MEAN_REVERSION,LONG,33182,33183,2025-12-12T15:30:00+00:00,2025-12-12T15:45:00+00:00,134.76,133.39696107867164,136.80455838199254,1.3630389213283536,1.5,2025-12-12T15:45:00+00:00,133.39696107867164,SL,-1.0,0.2557550220668241,-1.255755022066824,0,True
UNI,RANGE_MEAN_REVERSION,LONG,33182,33183,2025-12-12T15:30:00+00:00,2025-12-12T15:45:00+00:00,5.374,5.30750874228727,5.473736886569094,0.06649125771272946,1.5,2025-12-12T15:45:00+00:00,5.30750874228727,SL,-1.0,0.20883890367913804,-1.208838903679138,0,True
XRP,RANGE_MEAN_REVERSION,LONG,33182,33183,2025-12-12T15:30:00+00:00,2025-12-12T15:45:00+00:00,2.0005,1.9864180317455942,2.021622952381609,0.014081968254405997,1.5,2025-12-12T15:45:00+00:00,1.9864180317455942,SL,-1.0,0.36805887839206053,-1.3680588783920604,0,True
BNB,RANGE_MEAN_REVERSION,LONG,33184,33185,2025-12-12T16:00:00+00:00,2025-12-12T16:15:00+00:00,876.08,869.9655760742797,885.2516358885805,6.114423925720303,1.5,2025-12-13T02:15:00+00:00,885.2516358885805,TP,1.5,0.3744802706635058,1.1255197293364942,40,
CRV,RANGE_MEAN_REVERSION,SHORT,33231,33232,2025-12-13T03:45:00+00:00,2025-12-13T04:00:00+00:00,0.403,0.4057829246801349,0.39882561297979774,0.0027829246801348573,1.5,2025-12-13T05:00:00+00:00,0.39882561297979774,TP,1.5,0.3745603696407713,1.1254396303592287,4,
AVAX,RANGE_MEAN_REVERSION,SHORT,33249,33250,2025-12-13T08:15:00+00:00,2025-12-13T08:30:00+00:00,13.431,13.490620766337159,13.341568850494259,0.059620766337159736,1.5,2025-12-13T12:15:00+00:00,13.341568850494259,TP,1.5000000000000149,0.5837620286331358,0.9162379713668791,15,
LINK,RANGE_MEAN_REVERSION,SHORT,33249,33250,2025-12-13T08:15:00+00:00,2025-12-13T08:30:00+00:00,13.902,13.997111748835199,13.7593323767472,0.09511174883519935,1.5,2025-12-13T12:30:00+00:00,13.7593323767472,TP,1.5000000000000093,0.37807876030204196,1.1219212396979674,16,
ETH,RANGE_MEAN_REVERSION,SHORT,33249,33250,2025-12-13T08:15:00+00:00,2025-12-13T08:30:00+00:00,3121.91,3136.3053716250733,3100.3169425623896,14.395371625073494,1.5,2025-12-13T13:15:00+00:00,3100.3169425623896,TP,1.5,0.5619094272802289,0.9380905727197711,19,
UNI,RANGE_MEAN_REVERSION,SHORT,33249,33250,2025-12-13T08:15:00+00:00,2025-12-13T08:30:00+00:00,5.471,5.504341556969692,5.420987664545462,0.033341556969691766,1.5,2025-12-13T13:15:00+00:00,5.420987664545462,TP,1.5,0.42468274582319254,1.0753172541768075,19,
XRP,RANGE_MEAN_REVERSION,SHORT,33236,33237,2025-12-13T05:00:00+00:00,2025-12-13T05:15:00+00:00,2.0388,2.051646589788972,2.019530115316542,0.012846589788972018,1.5,2025-12-13T17:00:00+00:00,2.019530115316542,TP,1.5,0.4106793504405713,1.0893206495594288,47,
FET,RANGE_MEAN_REVERSION,LONG,33332,33333,2025-12-14T05:00:00+00:00,2025-12-14T05:15:00+00:00,0.2417,0.24028453302986114,0.24382320045520828,0.0014154669701388622,1.5,2025-12-14T05:30:00+00:00,0.24028453302986114,SL,-1.0,0.442666558921788,-1.442666558921788,1,
XRP,RANGE_MEAN_REVERSION,LONG,33333,33334,2025-12-14T05:15:00+00:00,2025-12-14T05:30:00+00:00,2.0106,2.006398136209348,2.0169027956859784,0.004201863790652016,1.5,2025-12-14T06:45:00+00:00,2.0169027956859784,TP,1.5000000000000528,1.246055059195368,0.25394494080468477,5,
DOGE,RANGE_MEAN_REVERSION,LONG,33333,33334,2025-12-14T05:15:00+00:00,2025-12-14T05:30:00+00:00,0.13767,0.13732667456728845,0.1381849881490673,0.0003433254327115387,1.5,2025-12-14T07:45:00+00:00,0.1381849881490673,TP,1.5,1.0445235057639672,0.45547649423603276,9,
CRV,RANGE_MEAN_REVERSION,LONG,33333,33334,2025-12-14T05:15:00+00:00,2025-12-14T05:30:00+00:00,0.391,0.38862806269437733,0.39455790595843404,0.0023719373056226845,1.5,2025-12-14T10:00:00+00:00,0.38862806269437733,SL,-1.0,0.4272948020591214,-1.4272948020591214,18,
AVAX,RANGE_MEAN_REVERSION,LONG,33352,33353,2025-12-14T10:00:00+00:00,2025-12-14T10:15:00+00:00,13.116,13.059855703267392,13.200216445098912,0.05614429673260801,1.5,2025-12-14T11:30:00+00:00,13.059855703267392,SL,-1.0,0.6060920591153144,-1.6060920591153143,5,
DOGE,RANGE_MEAN_REVERSION,LONG,33352,33353,2025-12-14T10:00:00+00:00,2025-12-14T10:15:00+00:00,0.13705,0.13655111328616437,0.13779833007075346,0.0004988867138356334,1.5,2025-12-14T11:30:00+00:00,0.13655111328616437,SL,-1.0,0.7129503300206125,-1.7129503300206124,5,
SOL,RANGE_MEAN_REVERSION,LONG,33352,33353,2025-12-14T10:00:00+00:00,2025-12-14T10:15:00+00:00,131.3,130.52281675194914,132.46577487207634,0.7771832480508749,1.5,2025-12-14T11:30:00+00:00,130.52281675194914,SL,-1.0,0.43795290574154666,-1.4379529057415468,5,
XRP,RANGE_MEAN_REVERSION,LONG,33352,33353,2025-12-14T10:00:00+00:00,2025-12-14T10:15:00+00:00,2.0046,1.9990457570582458,2.012931364412631,0.005554242941754106,1.5,2025-12-14T11:30:00+00:00,1.9990457570582458,SL,-1.0,0.9370745101999429,-1.937074510199943,5,
ADA,RANGE_MEAN_REVERSION,LONG,33357,33358,2025-12-14T11:15:00+00:00,2025-12-14T11:30:00+00:00,0.4029,0.40094543007877087,0.40583185488184365,0.00195456992122911,1.5,2025-12-14T11:30:00+00:00,0.40094543007877087,SL,-1.0,0.5346439888143094,-1.5346439888143095,0,True
CRV,RANGE_MEAN_REVERSION,LONG,33371,33372,2025-12-14T14:45:00+00:00,2025-12-14T15:00:00+00:00,0.382,0.379284909866316,0.386072635200526,0.002715090133683984,1.5,2025-12-14T16:00:00+00:00,0.379284909866316,SL,-1.0,0.36450737695524366,-1.3645073769552436,4,
ETH,RANGE_MEAN_REVERSION,SHORT,33447,33448,2025-12-15T09:45:00+00:00,2025-12-15T10:00:00+00:00,3152.44,3169.108054413684,3127.4379183794745,16.668054413683876,1.5,2025-12-15T10:15:00+00:00,3169.108054413684,SL,-1.0,0.49303969538226944,-1.4930396953822695,1,
XRP,RANGE_MEAN_REVERSION,LONG,33460,33461,2025-12-15T13:00:00+00:00,2025-12-15T13:15:00+00:00,1.9716,1.9596678087790849,1.9894982868313726,0.011932191220915156,1.5,2025-12-15T13:15:00+00:00,1.9596678087790849,SL,-1.0,0.4283075972210946,-1.4283075972210946,0,True
BTC,RANGE_MEAN_REVERSION,SHORT,33751,33752,2025-12-18T13:45:00+00:00,2025-12-18T14:00:00+00:00,88804.0,89399.68219078494,87910.4767138226,595.6821907849371,1.5,2025-12-18T14:00:00+00:00,89399.68219078494,SL,-1.0,0.38890668620250873,-1.3889066862025088,0,True
DOGE,RANGE_MEAN_REVERSION,SHORT,33751,33752,2025-12-18T13:45:00+00:00,2025-12-18T14:00:00+00:00,0.12923,0.13009752555627535,0.127928711665587,0.0008675255562753392,1.5,2025-12-18T14:00:00+00:00,0.13009752555627535,SL,-1.0,0.38860616933359765,-1.3886061693335976,0,True
SOL,RANGE_MEAN_REVERSION,SHORT,33751,33752,2025-12-18T13:45:00+00:00,2025-12-18T14:00:00+00:00,126.33,127.25058821935862,124.94911767096207,0.9205882193586206,1.5,2025-12-18T14:00:00+00:00,127.25058821935862,SL,-1.0,0.3580914438757849,-1.358091443875785,0,True
SUI,RANGE_MEAN_REVERSION,SHORT,33751,33752,2025-12-18T13:45:00+00:00,2025-12-18T14:00:00+00:00,1.4557,1.4664038415486693,1.439644237676996,0.010703841548669324,1.5,2025-12-18T14:00:00+00:00,1.4664038415486693,SL,-1.0,0.3548945466672683,-1.3548945466672682,0,True
UNI,RANGE_MEAN_REVERSION,SHORT,33824,33825,2025-12-19T08:00:00+00:00,2025-12-19T08:15:00+00:00,5.201,5.264784227692515,5.105323658461226,0.06378422769251557,1.5,2025-12-19T14:30:00+00:00,5.264784227692515,SL,-1.0,0.21330538893703244,-1.2133053889370324,25,
SOL,RANGE_MEAN_REVERSION,SHORT,33841,33842,2025-12-19T12:15:00+00:00,2025-12-19T12:30:00+00:00,125.73,126.57811308118684,124.45783037821974,0.8481130811868383,1.5,2025-12-19T14:30:00+00:00,126.57811308118684,SL,-1.0,0.3867415257250168,-1.3867415257250169,8,
BTC,RANGE_MEAN_REVERSION,SHORT,33820,33821,2025-12-19T07:00:00+00:00,2025-12-19T07:15:00+00:00,88110.4,88629.55308967561,87331.67036548657,519.1530896756158,1.5,2025-12-19T15:00:00+00:00,88629.55308967561,SL,-1.0,0.4425706859611319,-1.4425706859611318,31,
XRP,RANGE_MEAN_REVERSION,SHORT,33843,33844,2025-12-19T12:45:00+00:00,2025-12-19T13:00:00+00:00,1.8791,1.8922064127202902,1.8594403809195645,0.013106412720290228,1.5,2025-12-19T15:15:00+00:00,1.8922064127202902,SL,-1.0,0.37406866708435316,-1.3740686670843532,9,
AVAX,RANGE_MEAN_REVERSION,SHORT,33857,33858,2025-12-19T16:15:00+00:00,2025-12-19T16:30:00+00:00,12.331,12.4697202401204,12.122919639819397,0.13872024012040107,1.5,2025-12-19T17:45:00+00:00,12.122919639819397,TP,1.5000000000000064,0.22916695865126294,1.2708330413487434,5,
FET,RANGE_MEAN_REVERSION,SHORT,33858,33859,2025-12-19T16:30:00+00:00,2025-12-19T16:45:00+00:00,0.2124,0.21542774853937321,0.2078583771909402,0.0030277485393732095,1.5,2025-12-19T17:45:00+00:00,0.2078583771909402,TP,1.5,0.1804429539783783,1.3195570460216217,4,
ADA,RANGE_MEAN_REVERSION,SHORT,33857,33858,2025-12-19T16:15:00+00:00,2025-12-19T16:30:00+00:00,0.3758,0.38071426418593857,0.3684286037210922,0.004914264185938544,1.5,2025-12-19T19:30:00+00:00,0.38071426418593857,SL,-1.0,0.20012528961218104,-1.200125289612181,12,
BNB,RANGE_MEAN_REVERSION,SHORT,33874,33875,2025-12-19T20:30:00+00:00,2025-12-19T20:45:00+00:00,860.8,863.7583144507686,856.3625283238471,2.9583144507686256,1.5,2025-12-19T21:45:00+00:00,856.3625283238471,TP,1.4999999999999807,0.7545889133729528,0.7454110866270279,4,
XRP,RANGE_MEAN_REVERSION,SHORT,33922,33923,2025-12-20T08:30:00+00:00,2025-12-20T08:45:00+00:00,1.9318,1.9425520912904655,1.9156718630643017,0.010752091290465504,1.5,2025-12-20T09:30:00+00:00,1.9425520912904655,SL,-1.0,0.46843517066711465,-1.4684351706671146,3,
ADA,RANGE_MEAN_REVERSION,LONG,33990,33991,2025-12-21T01:30:00+00:00,2025-12-21T01:45:00+00:00,0.3698,0.3686167144228186,0.3715749283657721,0.0011832855771813922,1.5,2025-12-21T02:15:00+00:00,0.3686167144228186,SL,-1.0,0.8112511022370973,-1.8112511022370974,2,
LINK,RANGE_MEAN_REVERSION,LONG,33990,33991,2025-12-21T01:30:00+00:00,2025-12-21T01:45:00+00:00,12.462,12.420833584947648,12.523749622578528,0.04116641505235208,1.5,2025-12-21T02:15:00+00:00,12.420833584947648,SL,-1.0,0.7857784949040328,-1.785778494904033,2,
DOGE,RANGE_MEAN_REVERSION,LONG,33992,33993,2025-12-21T02:00:00+00:00,2025-12-21T02:15:00+00:00,0.13105,0.1306585181011019,0.13163722284834714,0.00039148189889809393,1.5,2025-12-21T02:15:00+00:00,0.1306585181011019,SL,-1.0,0.8690595260957262,-1.8690595260957261,0,True
FET,RANGE_MEAN_REVERSION,LONG,33995,33996,2025-12-21T02:45:00+00:00,2025-12-21T03:00:00+00:00,0.207,0.20596154587078386,0.20855768119382417,0.001038454129216132,1.5,2025-12-21T03:15:00+00:00,0.20855768119382417,TP,1.4999999999999867,0.520220364437046,0.9797796355629407,1,
BNB,RANGE_MEAN_REVERSION,LONG,33993,33994,2025-12-21T02:15:00+00:00,2025-12-21T02:30:00+00:00,849.33,846.2356221655322,853.9715667517019,3.0943778344678776,1.5,2025-12-21T08:30:00+00:00,853.9715667517019,TP,1.5,0.7155855410132848,0.7844144589867152,24,
SUI,RANGE_MEAN_REVERSION,LONG,33993,33994,2025-12-21T02:15:00+00:00,2025-12-21T02:30:00+00:00,1.4395,1.4311046985085374,1.452092952237194,0.008395301491462615,1.5,2025-12-21T08:30:00+00:00,1.452092952237194,TP,1.5,0.44775888533973945,1.0522411146602606,24,
DOGE,RANGE_MEAN_REVERSION,SHORT,34019,34020,2025-12-21T08:45:00+00:00,2025-12-21T09:00:00+00:00,0.13274,0.13324114021149497,0.13198828968275755,0.0005011402114949715,1.5,2025-12-21T09:00:00+00:00,0.13324114021149497,SL,-1.0,0.6899775239417464,-1.6899775239417463,0,True
BTC,RANGE_MEAN_REVERSION,SHORT,34018,34019,2025-12-21T08:30:00+00:00,2025-12-21T08:45:00+00:00,88578.9,88805.5468646179,88238.92970307312,226.6468646179128,1.5,2025-12-21T09:30:00+00:00,88805.5468646179,SL,-1.0,1.017440860312603,-2.017440860312603,3,
ETH,RANGE_MEAN_REVERSION,SHORT,34018,34019,2025-12-21T08:30:00+00:00,2025-12-21T08:45:00+00:00,2992.87,3001.630765336275,2979.7288519955873,8.760765336275199,1.5,2025-12-21T09:30:00+00:00,3001.630765336275,SL,-1.0,0.8895171478534811,-1.8895171478534811,3,
BNB,RANGE_MEAN_REVERSION,SHORT,34023,34024,2025-12-21T09:45:00+00:00,2025-12-21T10:00:00+00:00,857.66,859.7682262174042,854.4976606738937,2.1082262174041944,1.5,2025-12-21T10:00:00+00:00,859.7682262174042,SL,-1.0,1.0590214065507824,-2.0590214065507824,0,True
AVAX,RANGE_MEAN_REVERSION,SHORT,34020,34021,2025-12-21T09:00:00+00:00,2025-12-21T09:15:00+00:00,12.277,12.332463970173327,12.193804044740007,0.05546397017332794,1.5,2025-12-21T10:45:00+00:00,12.193804044740007,TP,1.5,0.5735623533394315,0.9264376466605685,6,
SUI,RANGE_MEAN_REVERSION,SHORT,34022,34023,2025-12-21T09:30:00+00:00,2025-12-21T09:45:00+00:00,1.4686,1.4815678748894763,1.4491481876657852,0.012967874889476372,1.5,2025-12-21T12:30:00+00:00,1.4491481876657852,TP,1.5000000000000087,0.2924976278914949,1.2075023721085136,11,
LINK,RANGE_MEAN_REVERSION,SHORT,34023,34024,2025-12-21T09:45:00+00:00,2025-12-21T10:00:00+00:00,12.664,12.737096861487254,12.554354707769118,0.07309686148725447,1.5,2025-12-21T12:30:00+00:00,12.554354707769118,TP,1.5,0.44849888836631113,1.051501111633689,10,
UNI,RANGE_MEAN_REVERSION,SHORT,34004,34005,2025-12-21T05:00:00+00:00,2025-12-21T05:15:00+00:00,6.417,6.580768322640722,6.171347516038916,0.16376832264072227,1.5,2025-12-21T13:15:00+00:00,6.171347516038916,TP,1.5,0.09992684486823546,1.4000731551317644,32,
FET,RANGE_MEAN_REVERSION,LONG,34036,34037,2025-12-21T13:00:00+00:00,2025-12-21T13:15:00+00:00,0.2053,0.20270320800569427,0.20919518799145861,0.002596791994305736,1.5,2025-12-21T13:30:00+00:00,0.20270320800569427,SL,-1.0,0.20425362199609232,-1.2042536219960924,1,
XRP,RANGE_MEAN_REVERSION,LONG,34037,34038,2025-12-21T13:15:00+00:00,2025-12-21T13:30:00+00:00,1.9076,1.8998919952019828,1.9191620071970257,0.007708004798017143,1.5,2025-12-21T13:30:00+00:00,1.8998919952019828,SL,-1.0,0.6421557489216769,-1.642155748921677,0,True
ETH,RANGE_MEAN_REVERSION,LONG,34038,34039,2025-12-21T13:30:00+00:00,2025-12-21T13:45:00+00:00,2954.55,2939.610588634466,2976.959117048302,14.939411365534397,1.5,2025-12-21T15:45:00+00:00,2976.959117048302,TP,1.5,0.5161489742462129,0.9838510257537871,8,
SOL,RANGE_MEAN_REVERSION,LONG,34038,34039,2025-12-21T13:30:00+00:00,2025-12-21T13:45:00+00:00,123.77,123.0474486358001,124.85382704629984,0.7225513641999015,1.5,2025-12-21T15:45:00+00:00,124.85382704629984,TP,1.4999999999999902,0.4473190297247436,1.0526809702752467,8,
CRV,RANGE_MEAN_REVERSION,SHORT,34127,34128,2025-12-22T11:45:00+00:00,2025-12-22T12:00:00+00:00,0.37,0.3728621017032835,0.36570684744507476,0.0028621017032834928,1.5,2025-12-22T12:00:00+00:00,0.3728621017032835,SL,-1.0,0.33741663725868426,-1.3374166372586842,0,True
UNI,RANGE_MEAN_REVERSION,LONG,34159,34160,2025-12-22T19:45:00+00:00,2025-12-22T20:00:00+00:00,6.022,5.978767634894011,6.086848547658985,0.0432323651059896,1.5,2025-12-22T20:15:00+00:00,5.978767634894011,SL,-1.0,0.3608638548253004,-1.3608638548253005,1,
BTC,RANGE_MEAN_REVERSION,LONG,34200,34201,2025-12-23T06:00:00+00:00,2025-12-23T06:15:00+00:00,87503.1,87166.17348693778,88008.48976959335,336.9265130622225,1.5,2025-12-23T06:15:00+00:00,87166.17348693778,SL,-1.0,0.6739453463286356,-1.6739453463286356,0,True
ADA,RANGE_MEAN_REVERSION,LONG,34201,34202,2025-12-23T06:15:00+00:00,2025-12-23T06:30:00+00:00,0.3639,0.361815540100935,0.36702668984859754,0.0020844598990650276,1.5,2025-12-23T11:15:00+00:00,0.36702668984859754,TP,1.5,0.45585175192354893,1.044148248076451,19,
LINK,RANGE_MEAN_REVERSION,LONG,34201,34202,2025-12-23T06:15:00+00:00,2025-12-23T06:30:00+00:00,12.254,12.173891115494614,12.374163326758078,0.08010888450538545,1.5,2025-12-23T11:15:00+00:00,12.374163326758078,TP,1.5,0.3996636892707342,1.1003363107292659,19,
AVAX,RANGE_MEAN_REVERSION,LONG,34202,34203,2025-12-23T06:30:00+00:00,2025-12-23T06:45:00+00:00,12.158,12.071203509554485,12.288194735668272,0.08679649044551496,1.5,2025-12-23T11:15:00+00:00,12.288194735668272,TP,1.5,0.36614444885093766,1.1338555511490624,18,
BNB,RANGE_MEAN_REVERSION,LONG,34202,34203,2025-12-23T06:30:00+00:00,2025-12-23T06:45:00+00:00,848.75,845.8775253781266,853.0587119328101,2.87247462187338,1.5,2025-12-23T11:15:00+00:00,853.0587119328101,TP,1.5,0.7701900335919398,0.7298099664080602,18,
ETH,RANGE_MEAN_REVERSION,LONG,34201,34202,2025-12-23T06:15:00+00:00,2025-12-23T06:30:00+00:00,2952.04,2937.0588348733554,2974.511747689967,14.981165126644555,1.5,2025-12-23T13:30:00+00:00,2937.0588348733554,SL,-1.0,0.5110302450187394,-1.5110302450187394,28,
AVAX,RANGE_MEAN_REVERSION,LONG,34233,34234,2025-12-23T14:15:00+00:00,2025-12-23T14:30:00+00:00,12.028,11.961289574163747,12.128065638754382,0.06671042583625386,1.5,2025-12-23T14:30:00+00:00,11.961289574163747,SL,-1.0,0.46748429582748613,-1.467484295827486,0,True
ETH,RANGE_MEAN_REVERSION,LONG,34234,34235,2025-12-23T14:30:00+00:00,2025-12-23T14:45:00+00:00,2937.82,2918.4251224062814,2966.9123163905783,19.394877593718775,1.5,2025-12-23T14:45:00+00:00,2918.4251224062814,SL,-1.0,0.39253244174089297,-1.3925324417408929,0,True
SOL,RANGE_MEAN_REVERSION,LONG,34234,34235,2025-12-23T14:30:00+00:00,2025-12-23T14:45:00+00:00,122.97,122.14207345713041,124.21188981430439,0.8279265428695908,1.5,2025-12-23T14:45:00+00:00,122.14207345713041,SL,-1.0,0.3848719409210442,-1.3848719409210442,0,True
BNB,RANGE_MEAN_REVERSION,LONG,34235,34236,2025-12-23T14:45:00+00:00,2025-12-23T15:00:00+00:00,840.94,836.2577930030401,847.96331049544,4.6822069969599625,1.5,2025-12-23T16:00:00+00:00,847.96331049544,TP,1.5000000000000122,0.46891867554544314,1.0310813244545691,4,
BTC,RANGE_MEAN_REVERSION,LONG,34235,34236,2025-12-23T14:45:00+00:00,2025-12-23T15:00:00+00:00,86837.2,86354.85863478108,87560.71204782838,482.34136521891924,1.5,2025-12-23T16:00:00+00:00,87560.71204782838,TP,1.5,0.4700349213451291,1.0299650786548709,4,
ADA,RANGE_MEAN_REVERSION,LONG,34235,34236,2025-12-23T14:45:00+00:00,2025-12-23T15:00:00+00:00,0.3578,0.3533077402871055,0.3645383895693418,0.00449225971289452,1.5,2025-12-23T16:15:00+00:00,0.3645383895693418,TP,1.5000000000000062,0.20903508845330943,1.2909649115466968,5,
XRP,RANGE_MEAN_REVERSION,LONG,34282,34283,2025-12-24T02:30:00+00:00,2025-12-24T02:45:00+00:00,1.8546,1.8449941121286921,1.869008831806962,0.009605887871307894,1.5,2025-12-24T03:00:00+00:00,1.8449941121286921,SL,-1.0,0.5006796258920377,-1.5006796258920376,1,
FET,RANGE_MEAN_REVERSION,LONG,34283,34284,2025-12-24T02:45:00+00:00,2025-12-24T03:00:00+00:00,0.2037,0.2021430162683349,0.20603547559749763,0.0015569837316651014,1.5,2025-12-24T03:30:00+00:00,0.20603547559749763,TP,1.4999999999999911,0.34210769672403896,1.1578923032759523,2,
AVAX,RANGE_MEAN_REVERSION,LONG,34284,34285,2025-12-24T03:00:00+00:00,2025-12-24T03:15:00+00:00,11.97,11.914702770040604,12.052945844939096,0.05529722995939679,1.5,2025-12-24T03:45:00+00:00,12.052945844939096,TP,1.5,0.5647630020771748,0.9352369979228252,2,
LINK,RANGE_MEAN_REVERSION,LONG,34284,34285,2025-12-24T03:00:00+00:00,2025-12-24T03:15:00+00:00,12.188,12.126310093466337,12.280534859800497,0.061689906533663574,1.5,2025-12-24T04:00:00+00:00,12.280534859800497,TP,1.5000000000000144,0.515628846031445,0.9843711539685694,3,
SUI,RANGE_MEAN_REVERSION,LONG,34284,34285,2025-12-24T03:00:00+00:00,2025-12-24T03:15:00+00:00,1.3998,1.3885714965908362,1.4166427551137455,0.011228503409163704,1.5,2025-12-24T04:00:00+00:00,1.4166427551137455,TP,1.5,0.3260786810341777,1.1739213189658222,3,
CRV,RANGE_MEAN_REVERSION,SHORT,34337,34338,2025-12-24T16:15:00+00:00,2025-12-24T16:30:00+00:00,0.381,0.3841674765406588,0.37624878518901184,0.003167476540658798,1.5,2025-12-24T16:30:00+00:00,0.3841674765406588,SL,-1.0,0.3140410692026679,-1.3140410692026678,0,True
FET,RANGE_MEAN_REVERSION,SHORT,34336,34337,2025-12-24T16:00:00+00:00,2025-12-24T16:15:00+00:00,0.2099,0.2118595925979981,0.20696061110300285,0.0019595925979981055,1.5,2025-12-24T17:45:00+00:00,0.20696061110300285,TP,1.5,0.2765466633153855,1.2234533366846145,6,
BTC,RANGE_MEAN_REVERSION,SHORT,34363,34364,2025-12-24T22:45:00+00:00,2025-12-24T23:00:00+00:00,87962.0,88143.26238447388,87690.10642328917,181.2623844738846,1.5,2025-12-24T23:15:00+00:00,87690.10642328917,TP,1.5000000000000402,1.259763513610708,0.24023648638933226,1,
CRV,RANGE_MEAN_REVERSION,SHORT,34378,34379,2025-12-25T02:30:00+00:00,2025-12-25T02:45:00+00:00,0.384,0.3866272949356205,0.3800590575965693,0.0026272949356204722,1.5,2025-12-25T04:15:00+00:00,0.3800590575965693,TP,1.4999999999999893,0.37806062859896006,1.1219393714010293,6,
AVAX,RANGE_MEAN_REVERSION,SHORT,34380,34381,2025-12-25T03:00:00+00:00,2025-12-25T03:15:00+00:00,12.192,12.245054104682294,12.11241884297656,0.05305410468229432,1.5,2025-12-25T07:45:00+00:00,12.245054104682294,SL,-1.0,0.5987881715528965,-1.5987881715528967,18,
ETH,RANGE_MEAN_REVERSION,LONG,34401,34402,2025-12-25T08:15:00+00:00,2025-12-25T08:30:00+00:00,2922.07,2912.4517587264236,2936.497361910365,9.618241273576587,1.5,2025-12-25T10:30:00+00:00,2912.4517587264236,SL,-1.0,0.7885930567349844,-1.7885930567349844,8,
LINK,RANGE_MEAN_REVERSION,LONG,34409,34410,2025-12-25T10:15:00+00:00,2025-12-25T10:30:00+00:00,12.164,12.135572814828508,12.206640777757237,0.02842718517149123,1.5,2025-12-25T10:30:00+00:00,12.135572814828508,SL,-1.0,1.1112406827728114,-2.111240682772811,0,True
CRV,RANGE_MEAN_REVERSION,SHORT,34412,34413,2025-12-25T11:00:00+00:00,2025-12-25T11:15:00+00:00,0.386,0.38955732153610617,0.3806640176958408,0.0035573215361061616,1.5,2025-12-25T11:30:00+00:00,0.38955732153610617,SL,-1.0,0.28342237488617317,-1.283422374886173,1,
SUI,RANGE_MEAN_REVERSION,LONG,34410,34411,2025-12-25T10:30:00+00:00,2025-12-25T10:45:00+00:00,1.3932,1.3868297032555768,1.4027554451166349,0.006370296744423243,1.5,2025-12-25T12:15:00+00:00,1.4027554451166349,TP,1.5,0.5705765719365573,0.9294234280634427,6,
BNB,RANGE_MEAN_REVERSION,LONG,34410,34411,2025-12-25T10:30:00+00:00,2025-12-25T10:45:00+00:00,837.21,835.1150242236095,840.3524636645859,2.0949757763905836,1.5,2025-12-25T15:15:00+00:00,840.3524636645859,TP,1.5,1.0409815842936847,0.4590184157063153,18,
DOGE,RANGE_MEAN_REVERSION,LONG,34410,34411,2025-12-25T10:30:00+00:00,2025-12-25T10:45:00+00:00,0.12595,0.12516277831993636,0.1271308325200955,0.0007872216800636489,1.5,2025-12-25T15:15:00+00:00,0.1271308325200955,TP,1.5000000000000175,0.41793193786218286,1.0820680621378347,18,
ADA,RANGE_MEAN_REVERSION,LONG,34411,34412,2025-12-25T10:45:00+00:00,2025-12-25T11:00:00+00:00,0.3503,0.3485950346383298,0.3528574480425053,0.0017049653616701965,1.5,2025-12-25T15:15:00+00:00,0.3528574480425053,TP,1.5,0.5361426706990653,0.9638573293009347,17,
BTC,RANGE_MEAN_REVERSION,SHORT,34429,34430,2025-12-25T15:15:00+00:00,2025-12-25T15:30:00+00:00,88035.7,88323.06421568044,87604.65367647933,287.3642156804417,1.5,2025-12-25T15:30:00+00:00,88323.06421568044,SL,-1.0,0.7978251326022311,-1.797825132602231,0,True
SOL,RANGE_MEAN_REVERSION,SHORT,34431,34432,2025-12-25T15:45:00+00:00,2025-12-25T16:00:00+00:00,123.63,124.3404615301089,122.56430770483664,0.7104615301089012,1.5,2025-12-25T16:15:00+00:00,124.3404615301089,SL,-1.0,0.45373547521950863,-1.4537354752195086,1,
UNI,RANGE_MEAN_REVERSION,SHORT,34432,34433,2025-12-25T16:00:00+00:00,2025-12-25T16:15:00+00:00,5.917,5.96343585267903,5.847346220981454,0.046435852679030276,1.5,2025-12-25T16:30:00+00:00,5.96343585267903,SL,-1.0,0.33260004323033077,-1.3326000432303307,1,
XRP,RANGE_MEAN_REVERSION,SHORT,34431,34432,2025-12-25T15:45:00+00:00,2025-12-25T16:00:00+00:00,1.8822,1.8936766642320575,1.864985003651914,0.011476664232057399,1.5,2025-12-25T17:15:00+00:00,1.864985003651914,TP,1.5,0.4244561316990114,1.0755438683009886,5,
AVAX,RANGE_MEAN_REVERSION,SHORT,34433,34434,2025-12-25T16:15:00+00:00,2025-12-25T16:30:00+00:00,12.402,12.461326891154945,12.31300966326758,0.05932689115494583,1.5,2025-12-25T18:15:00+00:00,12.461326891154945,SL,-1.0,0.5448174399377214,-1.5448174399377215,7,
ETH,RANGE_MEAN_REVERSION,LONG,34459,34460,2025-12-25T22:45:00+00:00,2025-12-25T23:00:00+00:00,2920.22,2898.0492155152374,2953.4761767271434,22.170784484762407,1.5,2025-12-25T23:30:00+00:00,2898.0492155152374,SL,-1.0,0.34115842790173895,-1.341158427901739,2,
FET,RANGE_MEAN_REVERSION,LONG,34459,34460,2025-12-25T22:45:00+00:00,2025-12-25T23:00:00+00:00,0.2039,0.20176521624851182,0.20710217562723227,0.0021347837514881784,1.5,2025-12-25T23:30:00+00:00,0.20176521624851182,SL,-1.0,0.24703428661354304,-1.247034286613543,2,
LINK,RANGE_MEAN_REVERSION,LONG,34459,34460,2025-12-25T22:45:00+00:00,2025-12-25T23:00:00+00:00,12.13,12.034133220488034,12.27380016926795,0.09586677951196698,1.5,2025-12-25T23:30:00+00:00,12.034133220488034,SL,-1.0,0.3276773596291835,-1.3276773596291835,2,
SOL,RANGE_MEAN_REVERSION,LONG,34459,34460,2025-12-25T22:45:00+00:00,2025-12-25T23:00:00+00:00,121.76,121.01079319061164,122.88381021408256,0.7492068093883688,1.5,2025-12-25T23:30:00+00:00,121.01079319061164,SL,-1.0,0.421248215036171,-1.421248215036171,2,
XRP,RANGE_MEAN_REVERSION,LONG,34459,34460,2025-12-25T22:45:00+00:00,2025-12-25T23:00:00+00:00,1.8446,1.8351430258224821,1.8587854612662769,0.009456974177517896,1.5,2025-12-25T23:30:00+00:00,1.8351430258224821,SL,-1.0,0.505834725121853,-1.505834725121853,2,
CRV,RANGE_MEAN_REVERSION,LONG,34462,34463,2025-12-25T23:30:00+00:00,2025-12-25T23:45:00+00:00,0.388,0.38407403954922836,0.3938889406761575,0.003925960450771648,1.5,2025-12-26T00:15:00+00:00,0.38407403954922836,SL,-1.0,0.2556562308763758,-1.255656230876376,2,
SOL,RANGE_MEAN_REVERSION,SHORT,34519,34520,2025-12-26T13:45:00+00:00,2025-12-26T14:00:00+00:00,124.87,125.39725732743203,124.07911400885197,0.5272573274320251,1.5,2025-12-26T14:30:00+00:00,124.07911400885197,TP,1.4999999999999865,0.6138062600054259,0.8861937399945605,2,
AVAX,RANGE_MEAN_REVERSION,LONG,34525,34526,2025-12-26T15:15:00+00:00,2025-12-26T15:30:00+00:00,12.192,12.096139433509247,12.33579084973613,0.09586056649075303,1.5,2025-12-26T18:30:00+00:00,12.33579084973613,TP,1.5,0.3326302907643759,1.167369709235624,12,
UNI,RANGE_MEAN_REVERSION,LONG,34524,34525,2025-12-26T15:00:00+00:00,2025-12-26T15:15:00+00:00,5.776,5.7035905737898895,5.884614139315165,0.07240942621011026,1.5,2025-12-27T01:00:00+00:00,5.884614139315165,TP,1.4999999999999938,0.20934841186454733,1.2906515881354466,39,
UNI,RANGE_MEAN_REVERSION,SHORT,34573,34574,2025-12-27T03:15:00+00:00,2025-12-27T03:30:00+00:00,5.976,6.006876379072431,5.929685431391353,0.030876379072431348,1.5,2025-12-27T03:30:00+00:00,6.006876379072431,SL,-1.0,0.5045196282974478,-1.5045196282974478,0,True
FET,RANGE_MEAN_REVERSION,SHORT,34574,34575,2025-12-27T03:30:00+00:00,2025-12-27T03:45:00+00:00,0.2146,0.21720181494282748,0.21069727758575882,0.002601814942827463,1.5,2025-12-27T10:30:00+00:00,0.21069727758575882,TP,1.5,0.21250030190873218,1.2874996980912679,27,
SOL,RANGE_MEAN_REVERSION,SHORT,34576,34577,2025-12-27T04:00:00+00:00,2025-12-27T04:15:00+00:00,123.44,124.00706505563123,122.58940241655316,0.5670650556312324,1.5,2025-12-27T10:30:00+00:00,122.58940241655316,TP,1.4999999999999876,0.5640238628096893,0.9359761371902983,25,
AVAX,RANGE_MEAN_REVERSION,SHORT,34623,34624,2025-12-27T15:45:00+00:00,2025-12-27T16:00:00+00:00,12.556,12.594285061664507,12.498572407503236,0.03828506166450829,1.5,2025-12-27T16:45:00+00:00,12.594285061664507,SL,-1.0,0.853998117246699,-1.853998117246699,3,
CRV,RANGE_MEAN_REVERSION,SHORT,34656,34657,2025-12-28T00:00:00+00:00,2025-12-28T00:15:00+00:00,0.403,0.4057327952058013,0.3989008071912981,0.002732795205801275,1.5,2025-12-28T00:15:00+00:00,0.4057327952058013,SL,-1.0,0.3847169489816481,-1.384716948981648,0,True
AVAX,RANGE_MEAN_REVERSION,SHORT,34656,34657,2025-12-28T00:00:00+00:00,2025-12-28T00:15:00+00:00,12.713,12.83115308599076,12.535770371013857,0.11815308599076069,1.5,2025-12-28T02:15:00+00:00,12.83115308599076,SL,-1.0,0.28105401338721464,-1.2810540133872146,8,
AVAX,RANGE_MEAN_REVERSION,LONG,34704,34705,2025-12-28T12:00:00+00:00,2025-12-28T12:15:00+00:00,12.665,12.62910185747662,12.718847213785068,0.035898142523379306,1.5,2025-12-28T12:30:00+00:00,12.62910185747662,SL,-1.0,0.9159898006785282,-1.915989800678528,1,
AVAX,RANGE_MEAN_REVERSION,LONG,34731,34732,2025-12-28T18:45:00+00:00,2025-12-28T19:00:00+00:00,12.591,12.542311660756257,12.664032508865613,0.04868833924374272,1.5,2025-12-28T20:00:00+00:00,12.542311660756257,SL,-1.0,0.6710704383531054,-1.6710704383531054,4,
BNB,RANGE_MEAN_REVERSION,SHORT,34903,34904,2025-12-30T13:45:00+00:00,2025-12-30T14:00:00+00:00,863.3,865.0106374099685,860.7340438850472,1.7106374099685127,1.5,2025-12-30T14:00:00+00:00,860.7340438850472,TP,1.5,1.3101807805616827,0.18981921943831725,0,True
ETH,RANGE_MEAN_REVERSION,SHORT,34880,34881,2025-12-30T08:00:00+00:00,2025-12-30T08:15:00+00:00,2987.92,3010.155750210052,2954.5663746849223,22.23575021005172,1.5,2025-12-30T19:00:00+00:00,2954.5663746849223,TP,1.5000000000000102,0.34742395530231274,1.1525760446976974,43,
AVAX,RANGE_MEAN_REVERSION,SHORT,34950,34951,2025-12-31T01:30:00+00:00,2025-12-31T01:45:00+00:00,12.658,12.743184621367108,12.530223067949336,0.0851846213671088,1.5,2025-12-31T07:00:00+00:00,12.530223067949336,TP,1.5,0.3843967310392649,1.1156032689607351,21,
ETH,RANGE_MEAN_REVERSION,SHORT,35000,35001,2025-12-31T14:00:00+00:00,2025-12-31T14:15:00+00:00,3014.11,3033.2611770862413,2985.383234370638,19.151177086241205,1.5,2025-12-31T14:45:00+00:00,2985.383234370638,TP,1.5000000000000118,0.4072512707474841,1.0927487292525278,2,
DOGE,RANGE_MEAN_REVERSION,LONG,35004,35005,2025-12-31T15:00:00+00:00,2025-12-31T15:15:00+00:00,0.12178,0.12101536258696764,0.12292695611954854,0.0007646374130323569,1.5,2025-12-31T15:30:00+00:00,0.12101536258696764,SL,-1.0,0.4127890762123896,-1.4127890762123896,1,
BTC,RANGE_MEAN_REVERSION,LONG,35005,35006,2025-12-31T15:15:00+00:00,2025-12-31T15:30:00+00:00,87951.9,87737.80908182889,88273.03637725665,214.0909181711031,1.5,2025-12-31T15:30:00+00:00,87737.80908182889,SL,-1.0,1.066820693551518,-2.0668206935515183,0,True
XRP,RANGE_MEAN_REVERSION,LONG,35006,35007,2025-12-31T15:30:00+00:00,2025-12-31T15:45:00+00:00,1.8566,1.8488632097523108,1.8682051853715338,0.007736790247689251,1.5,2025-12-31T16:30:00+00:00,1.8488632097523108,SL,-1.0,0.6226228214105622,-1.6226228214105622,3,
BNB,RANGE_MEAN_REVERSION,SHORT,35048,35049,2026-01-01T02:00:00+00:00,2026-01-01T02:15:00+00:00,873.0,876.2530660423015,868.1204009365478,3.253066042301498,1.5,2026-01-01T04:00:00+00:00,868.1204009365478,TP,1.5,0.6957917520838738,0.8042082479161262,7,
AVAX,RANGE_MEAN_REVERSION,LONG,35057,35058,2026-01-01T04:15:00+00:00,2026-01-01T04:30:00+00:00,12.237,12.200240505600183,12.292139241599726,0.03675949439981707,1.5,2026-01-01T08:45:00+00:00,12.292139241599726,TP,1.5,0.8674733299443402,0.6325266700556598,17,
BNB,RANGE_MEAN_REVERSION,LONG,35089,35090,2026-01-01T12:15:00+00:00,2026-01-01T12:30:00+00:00,857.24,855.3255752906554,860.111637064017,1.9144247093446438,1.5,2026-01-01T13:00:00+00:00,860.111637064017,TP,1.5000000000000298,1.1661765110352567,0.3338234889647731,2,
AVAX,RANGE_MEAN_REVERSION,SHORT,35101,35102,2026-01-01T15:15:00+00:00,2026-01-01T15:30:00+00:00,12.455,12.493358649412913,12.39746202588063,0.03835864941291334,1.5,2026-01-01T15:30:00+00:00,12.493358649412913,SL,-1.0,0.8455163761140754,-1.8455163761140754,0,True
SUI,RANGE_MEAN_REVERSION,SHORT,35103,35104,2026-01-01T15:45:00+00:00,2026-01-01T16:00:00+00:00,1.4305,1.441154657470565,1.4145180137941529,0.010654657470564821,1.5,2026-01-01T17:15:00+00:00,1.441154657470565,SL,-1.0,0.350377388013191,-1.350377388013191,5,
AVAX,RANGE_MEAN_REVERSION,SHORT,35106,35107,2026-01-01T16:30:00+00:00,2026-01-01T16:45:00+00:00,12.559,12.623857494303842,12.461713758544235,0.06485749430384224,1.5,2026-01-01T17:30:00+00:00,12.623857494303842,SL,-1.0,0.5047637916634032,-1.5047637916634033,3,
LINK,RANGE_MEAN_REVERSION,SHORT,35103,35104,2026-01-01T15:45:00+00:00,2026-01-01T16:00:00+00:00,12.391,12.473021846239543,12.267967230640686,0.08202184623954345,1.5,2026-01-01T19:30:00+00:00,12.473021846239543,SL,-1.0,0.3940807221738456,-1.3940807221738456,14,
XRP,RANGE_MEAN_REVERSION,SHORT,35109,35110,2026-01-01T17:15:00+00:00,2026-01-01T17:30:00+00:00,1.8702,1.8751801286763436,1.8627298069854847,0.004980128676343565,1.5,2026-01-01T20:00:00+00:00,1.8751801286763436,SL,-1.0,0.9776844101253398,-1.97768441012534,10,
BTC,RANGE_MEAN_REVERSION,SHORT,35110,35111,2026-01-01T17:30:00+00:00,2026-01-01T17:45:00+00:00,88308.5,88552.55193091843,87942.42210362235,244.05193091843103,1.5,2026-01-01T22:00:00+00:00,88552.55193091843,SL,-1.0,0.9420919828208179,-1.9420919828208179,17,
BTC,RANGE_MEAN_REVERSION,SHORT,35131,35132,2026-01-01T22:45:00+00:00,2026-01-01T23:00:00+00:00,88603.5,88748.79208442722,88385.56187335917,145.29208442721574,1.5,2026-01-01T23:15:00+00:00,88748.79208442722,SL,-1.0,1.586858503811016,-2.586858503811016,1,
SOL,RANGE_MEAN_REVERSION,SHORT,35135,35136,2026-01-01T23:45:00+00:00,2026-01-02T00:00:00+00:00,126.84,127.44725070802401,125.929123937964,0.6072507080240115,1.5,2026-01-02T02:00:00+00:00,125.929123937964,TP,1.4999999999999882,0.5411271765966552,0.958872823403333,8,
SUI,RANGE_MEAN_REVERSION,SHORT,35132,35133,2026-01-01T23:00:00+00:00,2026-01-01T23:15:00+00:00,1.4695,1.4767810680097828,1.4585783979853257,0.007281068009782787,1.5,2026-01-02T03:00:00+00:00,1.4767810680097828,SL,-1.0,0.5260444461261091,-1.5260444461261091,15,
XRP,RANGE_MEAN_REVERSION,SHORT,35151,35152,2026-01-02T03:45:00+00:00,2026-01-02T04:00:00+00:00,1.8882,1.8950057922165309,1.877991311675204,0.0068057922165307705,1.5,2026-01-02T04:15:00+00:00,1.877991311675204,TP,1.4999999999999838,0.7193943848719949,0.7806056151279889,1,
BNB,RANGE_MEAN_REVERSION,SHORT,35176,35177,2026-01-02T10:00:00+00:00,2026-01-02T10:15:00+00:00,873.04,875.2630724215956,869.7053913676066,2.223072421595589,1.5,2026-01-02T11:00:00+00:00,869.7053913676066,TP,1.5,1.0191161505893715,0.48088384941062845,3,
AVAX,RANGE_MEAN_REVERSION,SHORT,35224,35225,2026-01-02T22:00:00+00:00,2026-01-02T22:15:00+00:00,13.919,14.025687686998346,13.758968469502483,0.1066876869983453,1.5,2026-01-02T23:15:00+00:00,13.758968469502483,TP,1.5,0.33725877861529874,1.1627412213847013,4,
AVAX,RANGE_MEAN_REVERSION,SHORT,35247,35248,2026-01-03T03:45:00+00:00,2026-01-03T04:00:00+00:00,14.245,14.34335051520706,14.097474227189409,0.09835051520706095,1.5,2026-01-03T04:15:00+00:00,14.097474227189409,TP,1.499999999999991,0.37463165716798374,1.1253683428320072,1,
ETH,RANGE_MEAN_REVERSION,LONG,35261,35262,2026-01-03T07:15:00+00:00,2026-01-03T07:30:00+00:00,3081.33,3068.9197555968294,3099.9453666047557,12.410244403170509,1.5,2026-01-03T08:15:00+00:00,3099.9453666047557,TP,1.5,0.6475019923486174,0.8524980076513826,3,
LINK,RANGE_MEAN_REVERSION,LONG,35261,35262,2026-01-03T07:15:00+00:00,2026-01-03T07:30:00+00:00,12.989,12.925622361185216,13.084066458222178,0.06337763881478509,1.5,2026-01-03T08:30:00+00:00,13.084066458222178,TP,1.5,0.5348098640080865,0.9651901359919135,4,
CRV,RANGE_MEAN_REVERSION,SHORT,35299,35300,2026-01-03T16:45:00+00:00,2026-01-03T17:00:00+00:00,0.413,0.4188889530870996,0.40416657036935055,0.005888953087099635,1.5,2026-01-03T17:30:00+00:00,0.4188889530870996,SL,-1.0,0.18364140841642476,-1.1836414084164248,2,
BTC,RANGE_MEAN_REVERSION,SHORT,35318,35319,2026-01-03T21:30:00+00:00,2026-01-03T21:45:00+00:00,90567.1,90790.65901913558,90231.76147129665,223.55901913557318,1.5,2026-01-04T00:00:00+00:00,90790.65901913558,SL,-1.0,1.0545988600079736,-2.0545988600079736,9,
SOL,RANGE_MEAN_REVERSION,SHORT,35322,35323,2026-01-03T22:30:00+00:00,2026-01-03T22:45:00+00:00,133.04,134.046349379139,131.53047593129148,1.0063493791390101,1.5,2026-01-04T00:00:00+00:00,134.046349379139,SL,-1.0,0.3450215813616746,-1.3450215813616746,5,
DOGE,RANGE_MEAN_REVERSION,SHORT,35325,35326,2026-01-03T23:15:00+00:00,2026-01-03T23:30:00+00:00,0.14345,0.1440723654695455,0.14251645179568173,0.0006223654695454994,1.5,2026-01-04T00:00:00+00:00,0.1440723654695455,SL,-1.0,0.6005781062747138,-1.6005781062747138,2,
ETH,RANGE_MEAN_REVERSION,SHORT,35328,35329,2026-01-04T00:00:00+00:00,2026-01-04T00:15:00+00:00,3146.52,3165.0259559180704,3118.7610661228946,18.505955918070413,1.5,2026-01-04T00:45:00+00:00,3165.0259559180704,SL,-1.0,0.44337130051637,-1.44337130051637,2,
XRP,RANGE_MEAN_REVERSION,SHORT,35329,35330,2026-01-04T00:15:00+00:00,2026-01-04T00:30:00+00:00,2.0276,2.038214483070223,2.011678275394666,0.010614483070222835,1.5,2026-01-04T00:45:00+00:00,2.038214483070223,SL,-1.0,0.49795725265406904,-1.497957252654069,1,
SUI,RANGE_MEAN_REVERSION,SHORT,35328,35329,2026-01-04T00:00:00+00:00,2026-01-04T00:15:00+00:00,1.6853,1.7012589356091836,1.6613615965862247,0.0159589356091836,1.5,2026-01-04T03:00:00+00:00,1.7012589356091836,SL,-1.0,0.2758659301663262,-1.2758659301663262,11,
DOGE,RANGE_MEAN_REVERSION,SHORT,35331,35332,2026-01-04T00:45:00+00:00,2026-01-04T01:00:00+00:00,0.14628,0.14775667705077597,0.14406498442383603,0.0014766770507759763,1.5,2026-01-04T03:00:00+00:00,0.14775667705077597,SL,-1.0,0.25885665383987794,-1.258856653839878,8,
ADA,RANGE_MEAN_REVERSION,SHORT,35343,35344,2026-01-04T03:45:00+00:00,2026-01-04T04:00:00+00:00,0.3994,0.40159282268758856,0.3961107659686171,0.0021928226875885803,1.5,2026-01-04T04:15:00+00:00,0.40159282268758856,SL,-1.0,0.474863141186741,-1.474863141186741,1,
DOGE,RANGE_MEAN_REVERSION,SHORT,35343,35344,2026-01-04T03:45:00+00:00,2026-01-04T04:00:00+00:00,0.15097,0.15262243033284772,0.1484913545007284,0.0016524303328477319,1.5,2026-01-04T04:15:00+00:00,0.15262243033284772,SL,-1.0,0.23884223836084112,-1.238842238360841,1,
XRP,RANGE_MEAN_REVERSION,SHORT,35343,35344,2026-01-04T03:45:00+00:00,2026-01-04T04:00:00+00:00,2.0567,2.066224461402747,2.0424133078958797,0.009524461402746986,1.5,2026-01-04T04:15:00+00:00,2.066224461402747,SL,-1.0,0.56274067090846,-1.5627406709084601,1,
BNB,RANGE_MEAN_REVERSION,SHORT,35347,35348,2026-01-04T04:45:00+00:00,2026-01-04T05:00:00+00:00,889.41,892.7710079875226,884.3684880187161,3.361007987522612,1.5,2026-01-04T06:45:00+00:00,884.3684880187161,TP,1.4999999999999831,0.6860775228695636,0.8139224771304195,7,
ADA,RANGE_MEAN_REVERSION,SHORT,35368,35369,2026-01-04T10:00:00+00:00,2026-01-04T10:15:00+00:00,0.4038,0.40630941520851016,0.40003587718723477,0.0025094152085101684,1.5,2026-01-04T11:00:00+00:00,0.40003587718723477,TP,1.499999999999989,0.41642635973494807,1.0835736402650409,3,
SUI,RANGE_MEAN_REVERSION,SHORT,35397,35398,2026-01-04T17:15:00+00:00,2026-01-04T17:30:00+00:00,1.7194,1.730069029818706,1.7033964552719412,0.010669029818705988,1.5,2026-01-04T17:45:00+00:00,1.730069029818706,SL,-1.0,0.4203109200146753,-1.4203109200146753,1,
DOGE,RANGE_MEAN_REVERSION,LONG,35463,35464,2026-01-05T09:45:00+00:00,2026-01-05T10:00:00+00:00,0.14682,0.145594778768449,0.1486578318473265,0.0012252212315509992,1.5,2026-01-05T10:30:00+00:00,0.145594778768449,SL,-1.0,0.3102616920193001,-1.3102616920193002,2,
ADA,RANGE_MEAN_REVERSION,LONG,35740,35741,2026-01-08T07:00:00+00:00,2026-01-08T07:15:00+00:00,0.3916,0.3868364422140158,0.39874533667897627,0.004763557785984196,1.5,2026-01-08T10:00:00+00:00,0.3868364422140158,SL,-1.0,0.21243940356003016,-1.21243940356003,11,
DOGE,RANGE_MEAN_REVERSION,LONG,35843,35844,2026-01-09T08:45:00+00:00,2026-01-09T09:00:00+00:00,0.13963,0.13833050214870607,0.1415792467769409,0.0012994978512939348,1.5,2026-01-09T13:30:00+00:00,0.1415792467769409,TP,1.4999999999999893,0.28131791094999975,1.2186820890499896,18,
SOL,RANGE_MEAN_REVERSION,LONG,35992,35993,2026-01-10T22:00:00+00:00,2026-01-10T22:15:00+00:00,135.41,135.15014100872915,135.79978848690627,0.2598589912708462,1.5,2026-01-10T22:30:00+00:00,135.79978848690627,TP,1.5,1.3567847828112982,0.14321521718870178,1,
AVAX,RANGE_MEAN_REVERSION,LONG,35992,35993,2026-01-10T22:00:00+00:00,2026-01-10T22:15:00+00:00,13.723,13.691548198890853,13.770177701663723,0.03145180110914758,1.5,2026-01-10T22:45:00+00:00,13.691548198890853,SL,-1.0,1.133127878269354,-2.133127878269354,2,
CRV,RANGE_MEAN_REVERSION,LONG,35994,35995,2026-01-10T22:30:00+00:00,2026-01-10T22:45:00+00:00,0.407,0.40515792878184703,0.4097631068272294,0.0018420712181529408,1.5,2026-01-10T22:45:00+00:00,0.40515792878184703,SL,-1.0,0.573162045534301,-1.573162045534301,0,True
SOL,RANGE_MEAN_REVERSION,SHORT,36053,36054,2026-01-11T13:15:00+00:00,2026-01-11T13:30:00+00:00,137.16,137.4427593774374,136.7358609338439,0.28275937743740087,1.5,2026-01-11T14:00:00+00:00,137.4427593774374,SL,-1.0,1.2624995514771211,-2.262499551477121,2,
BTC,RANGE_MEAN_REVERSION,SHORT,36051,36052,2026-01-11T12:45:00+00:00,2026-01-11T13:00:00+00:00,90889.3,91026.13627472152,90684.04558791773,136.8362747215142,1.5,2026-01-11T14:45:00+00:00,91026.13627472152,SL,-1.0,1.728270282411858,-2.728270282411858,7,
DOGE,RANGE_MEAN_REVERSION,SHORT,36051,36052,2026-01-11T12:45:00+00:00,2026-01-11T13:00:00+00:00,0.14087,0.14139014345948983,0.14008978481076523,0.0005201434594898358,1.5,2026-01-11T15:00:00+00:00,0.14008978481076523,TP,1.5000000000000266,0.7022057349567271,0.7977942650432995,8,
ADA,RANGE_MEAN_REVERSION,SHORT,36052,36053,2026-01-11T13:00:00+00:00,2026-01-11T13:15:00+00:00,0.3948,0.39809279689289506,0.38986080466065737,0.003292796892895078,1.5,2026-01-11T15:45:00+00:00,0.38986080466065737,TP,1.5,0.3097849880324695,1.1902150119675305,10,
BNB,RANGE_MEAN_REVERSION,LONG,36080,36081,2026-01-11T20:00:00+00:00,2026-01-11T20:15:00+00:00,903.22,901.2801190279606,906.1298214580592,1.9398809720394183,1.5,2026-01-11T20:15:00+00:00,901.2801190279606,SL,-1.0,1.20927530531429,-2.20927530531429,0,True
ADA,RANGE_MEAN_REVERSION,LONG,36151,36152,2026-01-12T13:45:00+00:00,2026-01-12T14:00:00+00:00,0.3822,0.3800601340547051,0.38540979891794225,0.002139865945294861,1.5,2026-01-12T14:30:00+00:00,0.38540979891794225,TP,1.4999999999999871,0.4663342303229286,1.0336657696770586,2,
BNB,RANGE_MEAN_REVERSION,SHORT,36220,36221,2026-01-13T07:00:00+00:00,2026-01-13T07:15:00+00:00,914.65,917.0402408405747,911.0646387391379,2.3902408405747337,1.5,2026-01-13T07:45:00+00:00,911.0646387391379,TP,1.5,0.9929664785537629,0.5070335214462371,2,
BTC,RANGE_MEAN_REVERSION,SHORT,36213,36214,2026-01-13T05:15:00+00:00,2026-01-13T05:30:00+00:00,92046.2,92364.46840248718,91568.79739626922,318.2684024871851,1.5,2026-01-13T09:00:00+00:00,92364.46840248718,SL,-1.0,0.7532443278998961,-1.7532443278998961,14,
ETH,RANGE_MEAN_REVERSION,SHORT,36213,36214,2026-01-13T05:15:00+00:00,2026-01-13T05:30:00+00:00,3138.93,3151.8181554815696,3119.597766777645,12.888155481569811,1.5,2026-01-13T13:30:00+00:00,3151.8181554815696,SL,-1.0,0.6345339807407369,-1.6345339807407369,32,
CRV,RANGE_MEAN_REVERSION,SHORT,36231,36232,2026-01-13T09:45:00+00:00,2026-01-13T10:00:00+00:00,0.409,0.41400455916921625,0.40149316124617557,0.005004559169216272,1.5,2026-01-13T13:30:00+00:00,0.41400455916921625,SL,-1.0,0.21378624784798606,-1.213786247847986,14,
SUI,RANGE_MEAN_REVERSION,SHORT,36213,36214,2026-01-13T05:15:00+00:00,2026-01-13T05:30:00+00:00,1.801,1.813947653113628,1.7815785203295578,0.01294765311362811,1.5,2026-01-13T14:15:00+00:00,1.813947653113628,SL,-1.0,0.3629562753810039,-1.3629562753810038,35,
ADA,RANGE_MEAN_REVERSION,SHORT,36250,36251,2026-01-13T14:30:00+00:00,2026-01-13T14:45:00+00:00,0.4014,0.4040634195741501,0.39740487063877483,0.0026634195741501165,1.5,2026-01-13T14:45:00+00:00,0.39740487063877483,TP,1.4999999999999896,0.38989213036844567,1.1101078696315438,0,True
LINK,RANGE_MEAN_REVERSION,SHORT,36250,36251,2026-01-13T14:30:00+00:00,2026-01-13T14:45:00+00:00,13.494,13.551575933795196,13.407636099307206,0.057575933795195766,1.5,2026-01-13T14:45:00+00:00,13.407636099307206,TP,1.5,0.6074087665429666,0.8925912334570334,0,True
DOGE,RANGE_MEAN_REVERSION,SHORT,36250,36251,2026-01-13T14:30:00+00:00,2026-01-13T14:45:00+00:00,0.14146,0.14227198093318819,0.14024202860021773,0.0008119809331881833,1.5,2026-01-13T15:00:00+00:00,0.14024202860021773,TP,1.5,0.45101137503608135,1.0489886249639186,1,
ETH,RANGE_MEAN_REVERSION,SHORT,36250,36251,2026-01-13T14:30:00+00:00,2026-01-13T14:45:00+00:00,3157.06,3171.2583081630023,3135.7625377554964,14.198308163002366,1.5,2026-01-13T15:00:00+00:00,3135.7625377554964,TP,1.5,0.5761721189006976,0.9238278810993024,1,
XRP,RANGE_MEAN_REVERSION,SHORT,36250,36251,2026-01-13T14:30:00+00:00,2026-01-13T14:45:00+00:00,2.0896,2.1020218139768065,2.07096727903479,0.01242181397680664,1.5,2026-01-13T15:00:00+00:00,2.07096727903479,TP,1.5,0.43542251339813487,1.0645774866018651,1,
LINK,RANGE_MEAN_REVERSION,SHORT,36273,36274,2026-01-13T20:15:00+00:00,2026-01-13T20:30:00+00:00,13.752,13.82206645133374,13.646900322999393,0.07006645133373901,1.5,2026-01-13T22:00:00+00:00,13.82206645133374,SL,-1.0,0.5116041372780763,-1.5116041372780762,6,
AVAX,RANGE_MEAN_REVERSION,SHORT,36280,36281,2026-01-13T22:00:00+00:00,2026-01-13T22:15:00+00:00,14.706,14.901068385018371,14.413397422472443,0.19506838501837187,1.5,2026-01-14T13:45:00+00:00,14.413397422472443,TP,1.4999999999999953,0.19406126034031043,1.3059387396596849,62,
ADA,RANGE_MEAN_REVERSION,LONG,36395,36396,2026-01-15T02:45:00+00:00,2026-01-15T03:00:00+00:00,0.4054,0.40273414183945844,0.4093987872408123,0.0026658581605415455,1.5,2026-01-15T03:15:00+00:00,0.40273414183945844,SL,-1.0,0.3940848766604601,-1.39408487666046,1,
XRP,RANGE_MEAN_REVERSION,LONG,36462,36463,2026-01-15T19:30:00+00:00,2026-01-15T19:45:00+00:00,2.0574,2.044391269320121,2.076913096019818,0.013008730679878955,1.5,2026-01-15T22:30:00+00:00,2.076913096019818,TP,1.499999999999983,0.4131538393010819,1.086846160698901,11,
DOGE,RANGE_MEAN_REVERSION,LONG,36525,36526,2026-01-16T11:15:00+00:00,2026-01-16T11:30:00+00:00,0.13805,0.1373104081095682,0.13915938783564769,0.0007395918904317955,1.5,2026-01-16T11:30:00+00:00,0.1373104081095682,SL,-1.0,0.4840081877228888,-1.4840081877228888,0,True
ADA,RANGE_MEAN_REVERSION,LONG,36542,36543,2026-01-16T15:30:00+00:00,2026-01-16T15:45:00+00:00,0.3824,0.3795789184559309,0.3866316223161037,0.002821081544069126,1.5,2026-01-16T15:45:00+00:00,0.3795789184559309,SL,-1.0,0.3511322088775601,-1.3511322088775601,0,True
XRP,RANGE_MEAN_REVERSION,LONG,36542,36543,2026-01-16T15:30:00+00:00,2026-01-16T15:45:00+00:00,2.0354,2.0249736802280047,2.051039479657993,0.010426319771995374,1.5,2026-01-16T17:45:00+00:00,2.051039479657993,TP,1.5,0.509515480028167,0.990484519971833,8,
LINK,RANGE_MEAN_REVERSION,LONG,36543,36544,2026-01-16T15:45:00+00:00,2026-01-16T16:00:00+00:00,13.479,13.374036252919394,13.636445620620908,0.10496374708060507,1.5,2026-01-16T17:45:00+00:00,13.636445620620908,TP,1.5000000000000084,0.33583099200657823,1.1641690079934301,7,
DOGE,RANGE_MEAN_REVERSION,LONG,36542,36543,2026-01-16T15:30:00+00:00,2026-01-16T15:45:00+00:00,0.13583,0.1348607016579523,0.13728394751307155,0.000969298342047703,1.5,2026-01-16T18:00:00+00:00,0.13728394751307155,TP,1.4999999999999858,0.3662939637521011,1.1337060362478848,9,
ADA,RANGE_MEAN_REVERSION,SHORT,36564,36565,2026-01-16T21:00:00+00:00,2026-01-16T21:15:00+00:00,0.3957,0.39911451854925445,0.3905782221761183,0.0034145185492544528,1.5,2026-01-17T14:30:00+00:00,0.39911451854925445,SL,-1.0,0.3026074860069625,-1.3026074860069625,69,
AVAX,RANGE_MEAN_REVERSION,SHORT,36631,36632,2026-01-17T13:45:00+00:00,2026-01-17T14:00:00+00:00,13.765,13.80535694934828,13.704464575977582,0.04035694934827916,1.5,2026-01-17T14:30:00+00:00,13.80535694934828,SL,-1.0,0.8881113318264493,-1.8881113318264493,2,
XRP,RANGE_MEAN_REVERSION,SHORT,36634,36635,2026-01-17T14:30:00+00:00,2026-01-17T14:45:00+00:00,2.0741,2.0808868198267043,2.0639197702599437,0.00678681982670426,1.5,2026-01-17T15:15:00+00:00,2.0808868198267043,SL,-1.0,0.7958783353171354,-1.7958783353171355,2,
ETH,RANGE_MEAN_REVERSION,SHORT,36637,36638,2026-01-17T15:15:00+00:00,2026-01-17T15:30:00+00:00,3316.63,3324.8042315442954,3304.3686526835572,8.174231544295253,1.5,2026-01-17T15:30:00+00:00,3324.8042315442954,SL,-1.0,1.056229500500644,-2.0562295005006437,0,True
LINK,RANGE_MEAN_REVERSION,SHORT,36634,36635,2026-01-17T14:30:00+00:00,2026-01-17T14:45:00+00:00,13.821,13.869622359318969,13.748066461021546,0.04862235931896919,1.5,2026-01-17T15:45:00+00:00,13.869622359318969,SL,-1.0,0.7403550459360521,-1.740355045936052,4,
DOGE,RANGE_MEAN_REVERSION,SHORT,36636,36637,2026-01-17T15:00:00+00:00,2026-01-17T15:15:00+00:00,0.13843,0.1389609463030864,0.1376335805453704,0.0005309463030863937,1.5,2026-01-17T15:45:00+00:00,0.1389609463030864,SL,-1.0,0.6791802261317099,-1.67918022613171,2,
BNB,RANGE_MEAN_REVERSION,SHORT,36639,36640,2026-01-17T15:45:00+00:00,2026-01-17T16:00:00+00:00,956.02,961.9262721125453,947.1605918311819,5.906272112545366,1.5,2026-01-17T22:45:00+00:00,947.1605918311819,TP,1.5,0.4188995566467871,1.081100443353213,27,
SUI,RANGE_MEAN_REVERSION,LONG,36666,36667,2026-01-17T22:30:00+00:00,2026-01-17T22:45:00+00:00,1.778,1.7707705034134062,1.7888442448798907,0.0072294965865937755,1.5,2026-01-18T00:00:00+00:00,1.7888442448798907,TP,1.5,0.6413859475281338,0.8586140524718662,5,
ETH,RANGE_MEAN_REVERSION,LONG,36667,36668,2026-01-17T22:45:00+00:00,2026-01-17T23:00:00+00:00,3300.37,3292.1492319044087,3312.701152143387,8.220768095591211,1.5,2026-01-18T00:00:00+00:00,3312.701152143387,TP,1.5000000000000278,1.0457651155975267,0.45423488440250104,4,
LINK,RANGE_MEAN_REVERSION,LONG,36666,36667,2026-01-17T22:30:00+00:00,2026-01-17T22:45:00+00:00,13.688,13.642739886708599,13.755890169937103,0.04526011329140189,1.5,2026-01-18T00:15:00+00:00,13.755890169937103,TP,1.5,0.7882670772654881,0.7117329227345119,6,
AVAX,RANGE_MEAN_REVERSION,LONG,36725,36726,2026-01-18T13:15:00+00:00,2026-01-18T13:30:00+00:00,13.527,13.484664345266538,13.590503482100193,0.04233565473346168,1.5,2026-01-18T14:15:00+00:00,13.590503482100193,TP,1.5000000000000209,0.8326965709796103,0.6673034290204106,3,
SOL,RANGE_MEAN_REVERSION,LONG,36676,36677,2026-01-18T01:00:00+00:00,2026-01-18T01:15:00+00:00,142.35,141.63879441171395,143.41680838242905,0.7112055882860489,1.5,2026-01-18T14:45:00+00:00,141.63879441171395,SL,-1.0,0.5190980481817316,-1.5190980481817316,54,
XRP,RANGE_MEAN_REVERSION,LONG,36679,36680,2026-01-18T01:45:00+00:00,2026-01-18T02:00:00+00:00,2.0507,2.043301857559474,2.061797213660789,0.0073981424405258345,1.5,2026-01-18T18:30:00+00:00,2.061797213660789,TP,1.50000000000003,0.7226471267264534,0.7773528732735766,66,
FET,RANGE_MEAN_REVERSION,SHORT,36845,36846,2026-01-19T19:15:00+00:00,2026-01-19T19:30:00+00:00,0.2503,0.2532121000757357,0.24593184988639652,0.0029121000757356685,1.5,2026-01-19T21:30:00+00:00,0.24593184988639652,TP,1.5,0.22152446278459265,1.2784755372154073,8,
SUI,RANGE_MEAN_REVERSION,LONG,36917,36918,2026-01-20T13:15:00+00:00,2026-01-20T13:30:00+00:00,1.5055,1.4981486117598752,1.5165270823601873,0.007351388240124823,1.5,2026-01-20T14:30:00+00:00,1.5165270823601873,TP,1.5,0.5344072546223647,0.9655927453776353,4,
SUI,RANGE_MEAN_REVERSION,LONG,36957,36958,2026-01-20T23:15:00+00:00,2026-01-20T23:30:00+00:00,1.4704,1.4430577840748493,1.5114133238877259,0.027342215925150626,1.5,2026-01-21T00:45:00+00:00,1.5114133238877259,TP,1.5,0.14177187875575192,1.358228121244248,5,
BNB,RANGE_MEAN_REVERSION,LONG,37008,37009,2026-01-21T12:00:00+00:00,2026-01-21T12:15:00+00:00,866.28,862.6852557609396,871.6721163585905,3.594744239060333,1.5,2026-01-21T12:45:00+00:00,871.6721163585905,TP,1.5000000000000158,0.6285114047103276,0.8714885952896881,2,
SUI,RANGE_MEAN_REVERSION,LONG,37008,37009,2026-01-21T12:00:00+00:00,2026-01-21T12:15:00+00:00,1.4606,1.448940130333863,1.4780898044992052,0.011659869666136968,1.5,2026-01-21T13:00:00+00:00,1.4780898044992052,TP,1.4999999999999905,0.3276448927164268,1.1723551072835636,3,
ETH,RANGE_MEAN_REVERSION,LONG,37009,37010,2026-01-21T12:15:00+00:00,2026-01-21T12:30:00+00:00,2909.93,2891.946130781327,2936.905803828009,17.98386921867268,1.5,2026-01-21T13:00:00+00:00,2936.905803828009,TP,1.5000000000000127,0.4226502346382946,1.0773497653617181,2,
BTC,RANGE_MEAN_REVERSION,LONG,37008,37009,2026-01-21T12:00:00+00:00,2026-01-21T12:15:00+00:00,88350.5,87939.37425959161,88967.18861061259,411.1257404083881,1.5,2026-01-21T13:30:00+00:00,88967.18861061259,TP,1.5000000000000178,0.5606873336727064,0.9393126663273114,5,
FET,RANGE_MEAN_REVERSION,LONG,37008,37009,2026-01-21T12:00:00+00:00,2026-01-21T12:15:00+00:00,0.2331,0.23085254106097505,0.23647118840853742,0.002247458939024949,1.5,2026-01-21T14:00:00+00:00,0.23647118840853742,TP,1.5,0.2716145484713223,1.2283854515286776,7,
BNB,RANGE_MEAN_REVERSION,LONG,37115,37116,2026-01-22T14:45:00+00:00,2026-01-22T15:00:00+00:00,883.43,879.765344931188,888.9269826032179,3.6646550688119532,1.5,2026-01-22T15:15:00+00:00,879.765344931188,SL,-1.0,0.625476042184139,-1.625476042184139,1,
BTC,RANGE_MEAN_REVERSION,LONG,37191,37192,2026-01-23T09:45:00+00:00,2026-01-23T10:00:00+00:00,88940.0,88725.47173363791,89261.79239954313,214.5282663620892,1.5,2026-01-23T11:30:00+00:00,89261.79239954313,TP,1.5,1.079868560203611,0.4201314397963889,6,
BNB,RANGE_MEAN_REVERSION,LONG,37314,37315,2026-01-24T16:30:00+00:00,2026-01-24T16:45:00+00:00,887.3,886.1540501840885,889.018924723867,1.1459498159114219,1.5,2026-01-24T17:15:00+00:00,889.018924723867,TP,1.4999999999999505,2.015109710807373,-0.5151097108074223,2,
BNB,RANGE_MEAN_REVERSION,LONG,37348,37349,2026-01-25T01:00:00+00:00,2026-01-25T01:15:00+00:00,885.75,884.7888838252723,887.1916742620916,0.9611161747277492,1.5,2026-01-25T01:30:00+00:00,884.7888838252723,SL,-1.0,2.3948203240100976,-3.3948203240100976,1,
XRP,RANGE_MEAN_REVERSION,LONG,37575,37576,2026-01-27T09:45:00+00:00,2026-01-27T10:00:00+00:00,1.8825,1.87842039966653,1.888619400500205,0.00407960033346999,1.5,2026-01-27T11:30:00+00:00,1.888619400500205,TP,1.5,1.201699877419213,0.2983001225807871,6,
ETH,RANGE_MEAN_REVERSION,SHORT,37603,37604,2026-01-27T16:45:00+00:00,2026-01-27T17:00:00+00:00,2989.59,3007.996317293001,2961.9805240604987,18.40631729300094,1.5,2026-01-27T17:00:00+00:00,2961.9805240604987,TP,1.5,0.4203470774797891,1.079652922520211,0,True
DOGE,RANGE_MEAN_REVERSION,SHORT,37670,37671,2026-01-28T09:30:00+00:00,2026-01-28T09:45:00+00:00,0.12681,0.12748741595139654,0.1257938760729052,0.0006774159513965317,1.5,2026-01-28T10:15:00+00:00,0.12748741595139654,SL,-1.0,0.4880113024431921,-1.488011302443192,2,
SOL,RANGE_MEAN_REVERSION,LONG,37738,37739,2026-01-29T02:30:00+00:00,2026-01-29T02:45:00+00:00,123.62,122.77481519089856,124.88777721365216,0.8451848091014398,1.5,2026-01-29T03:15:00+00:00,122.77481519089856,SL,-1.0,0.37898605878720176,-1.3789860587872018,2,
ADA,RANGE_MEAN_REVERSION,LONG,37739,37740,2026-01-29T02:45:00+00:00,2026-01-29T03:00:00+00:00,0.3504,0.34782744108950225,0.35425883836574656,0.0025725589104977353,1.5,2026-01-29T04:00:00+00:00,0.34782744108950225,SL,-1.0,0.3528376628081699,-1.35283766280817,4,
XRP,RANGE_MEAN_REVERSION,LONG,37738,37739,2026-01-29T02:30:00+00:00,2026-01-29T02:45:00+00:00,1.8777,1.8653035991906843,1.8962946012139734,0.012396400809315589,1.5,2026-01-29T04:15:00+00:00,1.8653035991906843,SL,-1.0,0.39252560108344375,-1.3925256010834437,6,
FET,RANGE_MEAN_REVERSION,LONG,37775,37776,2026-01-29T11:45:00+00:00,2026-01-29T12:00:00+00:00,0.2192,0.2179938027582103,0.22100929586268458,0.0012061972417897193,1.5,2026-01-29T12:30:00+00:00,0.2179938027582103,SL,-1.0,0.47119320447323343,-1.4711932044732334,2,
AVAX,RANGE_MEAN_REVERSION,LONG,37778,37779,2026-01-29T12:30:00+00:00,2026-01-29T12:45:00+00:00,11.562,11.497164311350556,11.659253532974166,0.06483568864944367,1.5,2026-01-29T14:30:00+00:00,11.497164311350556,SL,-1.0,0.46235205068671614,-1.4623520506867163,7,
BTC,RANGE_MEAN_REVERSION,LONG,37739,37740,2026-01-29T02:45:00+00:00,2026-01-29T03:00:00+00:00,87857.9,87451.91094713063,88466.88357930403,405.98905286936497,1.5,2026-01-29T14:45:00+00:00,87451.91094713063,SL,-1.0,0.5613519690261255,-1.5613519690261255,47,
XRP,RANGE_MEAN_REVERSION,LONG,38826,38827,2026-02-09T10:30:00+00:00,2026-02-09T10:45:00+00:00,1.3761,1.3656953164199552,1.3917070253700674,0.010404683580044871,1.5,2026-02-09T11:00:00+00:00,1.3917070253700674,TP,1.5,0.3458201400648043,1.1541798599351956,1,
ETH,RANGE_MEAN_REVERSION,LONG,38894,38895,2026-02-10T03:30:00+00:00,2026-02-10T03:45:00+00:00,2060.42,2040.1886346604042,2090.767048009394,20.231365339595868,1.5,2026-02-10T06:15:00+00:00,2040.1886346604042,SL,-1.0,0.26349142213478566,-1.2634914221347857,10,
UNI,RANGE_MEAN_REVERSION,LONG,38894,38895,2026-02-10T03:30:00+00:00,2026-02-10T03:45:00+00:00,3.396,3.36393494113714,3.4440975882942895,0.03206505886285971,1.5,2026-02-10T06:30:00+00:00,3.36393494113714,SL,-1.0,0.27406515799841996,-1.27406515799842,11,
SOL,RANGE_MEAN_REVERSION,LONG,38907,38908,2026-02-10T06:45:00+00:00,2026-02-10T07:00:00+00:00,84.56,83.92503494662684,85.51244758005976,0.6349650533731648,1.5,2026-02-10T11:30:00+00:00,83.92503494662684,SL,-1.0,0.3449489767461141,-1.344948976746114,18,
XRP,RANGE_MEAN_REVERSION,LONG,38927,38928,2026-02-10T11:45:00+00:00,2026-02-10T12:00:00+00:00,1.407,1.4003075840980581,1.417038623852913,0.006692415901941917,1.5,2026-02-10T14:15:00+00:00,1.417038623852913,TP,1.5,0.5485687477885993,0.9514312522114007,9,
DOGE,RANGE_MEAN_REVERSION,LONG,38907,38908,2026-02-10T06:45:00+00:00,2026-02-10T07:00:00+00:00,0.09329,0.09253891603318475,0.09441662595022288,0.0007510839668152525,1.5,2026-02-10T14:30:00+00:00,0.09253891603318475,SL,-1.0,0.32163859370807485,-1.3216385937080748,30,
BTC,RANGE_MEAN_REVERSION,LONG,38994,38995,2026-02-11T04:30:00+00:00,2026-02-11T04:45:00+00:00,67467.4,67113.92556582832,67997.6116512575,353.4744341716723,1.5,2026-02-11T06:00:00+00:00,67113.92556582832,SL,-1.0,0.49496004893696455,-1.4949600489369645,5,
ETH,RANGE_MEAN_REVERSION,LONG,38994,38995,2026-02-11T04:30:00+00:00,2026-02-11T04:45:00+00:00,1973.0,1955.8707700809557,1998.6938448785663,17.129229919044292,1.5,2026-02-11T06:00:00+00:00,1955.8707700809557,SL,-1.0,0.29817639352407105,-1.298176393524071,5,
FET,RANGE_MEAN_REVERSION,LONG,38994,38995,2026-02-11T04:30:00+00:00,2026-02-11T04:45:00+00:00,0.1536,0.15185517212136027,0.15621724181795957,0.0017448278786397209,1.5,2026-02-11T06:00:00+00:00,0.15185517212136027,SL,-1.0,0.22758217507811923,-1.2275821750781193,5,
LINK,RANGE_MEAN_REVERSION,LONG,39018,39019,2026-02-11T10:30:00+00:00,2026-02-11T10:45:00+00:00,8.208,8.160991179062737,8.278513231405896,0.047008820937262996,1.5,2026-02-11T11:45:00+00:00,8.278513231405896,TP,1.5000000000000189,0.45592437277741965,1.0440756272225993,4,
ADA,RANGE_MEAN_REVERSION,SHORT,39110,39111,2026-02-12T09:30:00+00:00,2026-02-12T09:45:00+00:00,0.2652,0.2671109481354297,0.26233357779685545,0.0019109481354296909,1.5,2026-02-12T10:45:00+00:00,0.2671109481354297,SL,-1.0,0.36212611935721445,-1.3621261193572145,4,
BTC,RANGE_MEAN_REVERSION,SHORT,39227,39228,2026-02-13T14:45:00+00:00,2026-02-13T15:00:00+00:00,67709.6,68204.56382991817,66967.15425512276,494.9638299181679,1.5,2026-02-13T15:00:00+00:00,68204.56382991817,SL,-1.0,0.3569723731289728,-1.356972373128973,0,True
ETH,RANGE_MEAN_REVERSION,SHORT,39227,39228,2026-02-13T14:45:00+00:00,2026-02-13T15:00:00+00:00,1989.99,2009.3779361870704,1960.9080957193944,19.38793618707041,1.5,2026-02-13T15:00:00+00:00,2009.3779361870704,SL,-1.0,0.26816564005974314,-1.2681656400597432,0,True
SUI,RANGE_MEAN_REVERSION,SHORT,39228,39229,2026-02-13T15:00:00+00:00,2026-02-13T15:15:00+00:00,0.9472,0.9571609563049306,0.9322585655426042,0.009960956304930546,1.5,2026-02-13T15:30:00+00:00,0.9571609563049306,SL,-1.0,0.24853730579773603,-1.248537305797736,1,
XRP,RANGE_MEAN_REVERSION,SHORT,39228,39229,2026-02-13T15:00:00+00:00,2026-02-13T15:15:00+00:00,1.3949,1.4070857628639155,1.3766213557041267,0.012185762863915484,1.5,2026-02-13T15:30:00+00:00,1.4070857628639155,SL,-1.0,0.2989210878630761,-1.2989210878630761,1,
LINK,RANGE_MEAN_REVERSION,SHORT,39230,39231,2026-02-13T15:30:00+00:00,2026-02-13T15:45:00+00:00,8.723,8.863491206846202,8.5122631897307,0.14049120684620142,1.5,2026-02-13T16:30:00+00:00,8.863491206846202,SL,-1.0,0.16273216724465925,-1.1627321672446593,3,
ETH,RANGE_MEAN_REVERSION,SHORT,39232,39233,2026-02-13T16:00:00+00:00,2026-02-13T16:15:00+00:00,2050.16,2072.5947566828663,2016.5078649757002,22.434756682866464,1.5,2026-02-13T16:30:00+00:00,2072.5947566828663,SL,-1.0,0.2388963365838893,-1.2388963365838892,1,
FET,RANGE_MEAN_REVERSION,SHORT,39230,39231,2026-02-13T15:30:00+00:00,2026-02-13T15:45:00+00:00,0.1647,0.16798625388130378,0.15977061917804436,0.003286253881303769,1.5,2026-02-13T16:45:00+00:00,0.16798625388130378,SL,-1.0,0.1316064265473338,-1.1316064265473338,4,
CRV,RANGE_MEAN_REVERSION,SHORT,39234,39235,2026-02-13T16:30:00+00:00,2026-02-13T16:45:00+00:00,0.251,0.25381975337250434,0.2467703699412435,0.002819753372504341,1.5,2026-02-13T21:00:00+00:00,0.25381975337250434,SL,-1.0,0.232738680546873,-1.232738680546873,17,
DOGE,RANGE_MEAN_REVERSION,SHORT,39252,39253,2026-02-13T21:00:00+00:00,2026-02-13T21:15:00+00:00,0.09742,0.09806392765671229,0.09645410851493158,0.0006439276567122842,1.5,2026-02-13T23:45:00+00:00,0.09645410851493158,TP,1.5,0.3914047462353746,1.1085952537646255,10,
ADA,RANGE_MEAN_REVERSION,SHORT,39269,39270,2026-02-14T01:15:00+00:00,2026-02-14T01:30:00+00:00,0.2762,0.2781091025159985,0.2733363462260022,0.0019091025159985175,1.5,2026-02-14T08:00:00+00:00,0.2781091025159985,SL,-1.0,0.3774558082827217,-1.3774558082827217,26,
AVAX,RANGE_MEAN_REVERSION,SHORT,39230,39231,2026-02-13T15:30:00+00:00,2026-02-13T15:45:00+00:00,9.13,9.254336065554918,8.943495901667625,0.1243360655549175,1.5,2026-02-14T08:30:00+00:00,9.254336065554918,SL,-1.0,0.1922180565916754,-1.1922180565916753,67,
SOL,RANGE_MEAN_REVERSION,SHORT,39296,39297,2026-02-14T08:00:00+00:00,2026-02-14T08:15:00+00:00,85.52,86.29069409557145,84.36395885664281,0.7706940955714572,1.5,2026-02-14T08:45:00+00:00,86.29069409557145,SL,-1.0,0.2898087627862642,-1.2898087627862642,2,
XRP,RANGE_MEAN_REVERSION,SHORT,39298,39299,2026-02-14T08:30:00+00:00,2026-02-14T08:45:00+00:00,1.4396,1.4469418034957071,1.4285872947564393,0.007341803495707122,1.5,2026-02-14T08:45:00+00:00,1.4469418034957071,SL,-1.0,0.5111147889940901,-1.5111147889940901,0,True
BNB,RANGE_MEAN_REVERSION,SHORT,39299,39300,2026-02-14T08:45:00+00:00,2026-02-14T09:00:00+00:00,627.23,629.1179231596568,624.3981152605148,1.8879231596567934,1.5,2026-02-14T09:45:00+00:00,629.1179231596568,SL,-1.0,0.8651052834186661,-1.865105283418666,3,
DOGE,RANGE_MEAN_REVERSION,SHORT,39302,39303,2026-02-14T09:30:00+00:00,2026-02-14T09:45:00+00:00,0.09773,0.09817620822015441,0.09706068766976839,0.0004462082201544121,1.5,2026-02-14T09:45:00+00:00,0.09817620822015441,SL,-1.0,0.5707605982652413,-1.5707605982652413,0,True
FET,RANGE_MEAN_REVERSION,SHORT,39299,39300,2026-02-14T08:45:00+00:00,2026-02-14T09:00:00+00:00,0.1724,0.1741198922536787,0.16982016161948196,0.0017198922536786898,1.5,2026-02-14T10:30:00+00:00,0.16982016161948196,TP,1.5,0.2586709772974186,1.2413290227025815,6,
BTC,RANGE_MEAN_REVERSION,SHORT,39296,39297,2026-02-14T08:00:00+00:00,2026-02-14T08:15:00+00:00,69524.8,69882.46476176569,68988.30285735147,357.6647617656854,1.5,2026-02-14T11:00:00+00:00,69882.46476176569,SL,-1.0,0.5067019834316893,-1.5067019834316893,11,
ETH,RANGE_MEAN_REVERSION,SHORT,39296,39297,2026-02-14T08:00:00+00:00,2026-02-14T08:15:00+00:00,2071.4,2088.1037240444125,2046.3444139333815,16.70372404441241,1.5,2026-02-14T11:00:00+00:00,2088.1037240444125,SL,-1.0,0.32372151424918677,-1.3237215142491867,11,
LINK,RANGE_MEAN_REVERSION,SHORT,39299,39300,2026-02-14T08:45:00+00:00,2026-02-14T09:00:00+00:00,8.958,8.996541756970243,8.900187364544635,0.03854175697024331,1.5,2026-02-14T11:15:00+00:00,8.996541756970243,SL,-1.0,0.6056004219548677,-1.6056004219548679,9,
AVAX,RANGE_MEAN_REVERSION,SHORT,39310,39311,2026-02-14T11:30:00+00:00,2026-02-14T11:45:00+00:00,9.337,9.374204023618317,9.281193964572523,0.037204023618317095,1.5,2026-02-14T11:45:00+00:00,9.374204023618317,SL,-1.0,0.653815444271673,-1.653815444271673,0,True
DOGE,RANGE_MEAN_REVERSION,SHORT,39311,39312,2026-02-14T11:45:00+00:00,2026-02-14T12:00:00+00:00,0.10054,0.10121019483524689,0.09953470774712968,0.0006701948352468845,1.5,2026-02-14T12:45:00+00:00,0.09953470774712968,TP,1.5,0.38809180016353717,1.1119081998364628,3,
ADA,RANGE_MEAN_REVERSION,SHORT,39309,39310,2026-02-14T11:15:00+00:00,2026-02-14T11:30:00+00:00,0.2828,0.2851065332168107,0.279340200174784,0.00230653321681068,1.5,2026-02-14T14:45:00+00:00,0.2851065332168107,SL,-1.0,0.32008144855711035,-1.3200814485571104,13,
CRV,RANGE_MEAN_REVERSION,SHORT,39325,39326,2026-02-14T15:15:00+00:00,2026-02-14T15:30:00+00:00,0.261,0.26351926171269263,0.25722110743096105,0.002519261712692622,1.5,2026-02-14T16:00:00+00:00,0.26351926171269263,SL,-1.0,0.27066463035224025,-1.2706646303522402,2,
BNB,RANGE_MEAN_REVERSION,SHORT,39323,39324,2026-02-14T14:45:00+00:00,2026-02-14T15:00:00+00:00,636.1,639.0662264266066,631.6506603600901,2.9662264266065677,1.5,2026-02-14T16:15:00+00:00,631.6506603600901,TP,1.500000000000019,0.5556136388257974,0.9443863611742217,5,
ADA,RANGE_MEAN_REVERSION,SHORT,39331,39332,2026-02-14T16:45:00+00:00,2026-02-14T17:00:00+00:00,0.2894,0.2919259516591305,0.28561107251130424,0.0025259516591304987,1.5,2026-02-14T17:15:00+00:00,0.2919259516591305,SL,-1.0,0.2991837687887544,-1.2991837687887544,1,
SOL,RANGE_MEAN_REVERSION,SHORT,39331,39332,2026-02-14T16:45:00+00:00,2026-02-14T17:00:00+00:00,88.04,88.49087858151495,87.3636821277276,0.4508785815149423,1.5,2026-02-14T21:30:00+00:00,87.3636821277276,TP,1.4999999999999842,0.5057343509196812,0.994265649080303,18,
ETH,RANGE_MEAN_REVERSION,LONG,39366,39367,2026-02-15T01:30:00+00:00,2026-02-15T01:45:00+00:00,2055.39,2045.7458929025759,2069.856160646136,9.644107097424012,1.5,2026-02-15T02:00:00+00:00,2069.856160646136,TP,1.4999999999999882,0.5560722163975566,0.9439277836024317,1,
AVAX,RANGE_MEAN_REVERSION,LONG,39431,39432,2026-02-15T17:45:00+00:00,2026-02-15T18:00:00+00:00,9.25,9.144189680091653,9.40871547986252,0.10581031990834688,1.5,2026-02-15T19:00:00+00:00,9.144189680091653,SL,-1.0,0.22599351939236323,-1.2259935193923632,4,
SUI,RANGE_MEAN_REVERSION,LONG,39435,39436,2026-02-15T18:45:00+00:00,2026-02-15T19:00:00+00:00,0.9652,0.9576238130200211,0.9765642804699682,0.007576186979978861,1.5,2026-02-15T19:00:00+00:00,0.9576238130200211,SL,-1.0,0.32993786498825317,-1.3299378649882532,0,True
DOGE,RANGE_MEAN_REVERSION,LONG,39431,39432,2026-02-15T17:45:00+00:00,2026-02-15T18:00:00+00:00,0.10498,0.10252280006272703,0.10866579990590947,0.0024571999372729747,1.5,2026-02-15T19:30:00+00:00,0.10252280006272703,SL,-1.0,0.10978090793088675,-1.1097809079308867,6,
FET,RANGE_MEAN_REVERSION,LONG,39431,39432,2026-02-15T17:45:00+00:00,2026-02-15T18:00:00+00:00,0.1693,0.16752545264911928,0.1719618210263211,0.0017745473508807286,1.5,2026-02-15T20:15:00+00:00,0.1719618210263211,TP,1.5,0.25000198902217713,1.2499980109778228,9,
CRV,RANGE_MEAN_REVERSION,LONG,39431,39432,2026-02-15T17:45:00+00:00,2026-02-15T18:00:00+00:00,0.249,0.24456041249851593,0.2556593812522261,0.004439587501484071,1.5,2026-02-16T04:15:00+00:00,0.2556593812522261,TP,1.499999999999997,0.14777435863322577,1.352225641366771,41,
XRP,RANGE_MEAN_REVERSION,SHORT,39494,39495,2026-02-16T09:30:00+00:00,2026-02-16T09:45:00+00:00,1.5044,1.5193773690404255,1.4819339464393617,0.01497736904042557,1.5,2026-02-16T11:00:00+00:00,1.4819339464393617,TP,1.4999999999999927,0.2592066817538242,1.2407933182461686,5,
BTC,RANGE_MEAN_REVERSION,LONG,39431,39432,2026-02-15T17:45:00+00:00,2026-02-15T18:00:00+00:00,68607.8,67984.78885942798,69542.31671085804,623.0111405720236,1.5,2026-02-16T12:15:00+00:00,69542.31671085804,TP,1.5,0.28826956699236306,1.211730433007637,73,
BNB,RANGE_MEAN_REVERSION,SHORT,39507,39508,2026-02-16T12:45:00+00:00,2026-02-16T13:00:00+00:00,628.02,630.681596220122,624.027605669817,2.6615962201219645,1.5,2026-02-16T13:00:00+00:00,630.681596220122,SL,-1.0,0.6147859929749886,-1.6147859929749886,0,True
ETH,RANGE_MEAN_REVERSION,SHORT,39508,39509,2026-02-16T13:00:00+00:00,2026-02-16T13:15:00+00:00,2008.44,2030.5435089244424,1975.2847366133365,22.103508924442394,1.5,2026-02-16T13:15:00+00:00,1975.2847366133365,TP,1.5,0.23429954833417854,1.2657004516658215,0,True
SUI,RANGE_MEAN_REVERSION,SHORT,39508,39509,2026-02-16T13:00:00+00:00,2026-02-16T13:15:00+00:00,0.987,0.9996688795338099,0.9679966806992851,0.012668879533809907,1.5,2026-02-16T13:15:00+00:00,0.9679966806992851,TP,1.5,0.20060934971608874,1.2993906502839112,0,True
BNB,RANGE_MEAN_REVERSION,SHORT,39544,39545,2026-02-16T22:00:00+00:00,2026-02-16T22:15:00+00:00,627.05,629.9935086823838,622.6347369764242,2.943508682383822,1.5,2026-02-17T02:00:00+00:00,622.6347369764242,TP,1.5000000000000193,0.5519230052868963,0.948076994713123,15,
BNB,RANGE_MEAN_REVERSION,LONG,39589,39590,2026-02-17T09:15:00+00:00,2026-02-17T09:30:00+00:00,618.76,617.2765512561513,620.985173115773,1.4834487438487258,1.5,2026-02-17T10:15:00+00:00,617.2765512561513,SL,-1.0,1.083183711803968,-2.0831837118039678,3,
XRP,RANGE_MEAN_REVERSION,LONG,39589,39590,2026-02-17T09:15:00+00:00,2026-02-17T09:30:00+00:00,1.4571,1.4512640303374704,1.4658539544937945,0.005835969662529639,1.5,2026-02-17T10:45:00+00:00,1.4512640303374704,SL,-1.0,0.6478569043485857,-1.6478569043485858,5,
AVAX,RANGE_MEAN_REVERSION,LONG,39594,39595,2026-02-17T10:30:00+00:00,2026-02-17T10:45:00+00:00,9.07,9.032275917351905,9.126586123972142,0.03772408264809535,1.5,2026-02-17T12:00:00+00:00,9.126586123972142,TP,1.4999999999999765,0.6270679179088834,0.8729320820910931,5,
LINK,RANGE_MEAN_REVERSION,LONG,39594,39595,2026-02-17T10:30:00+00:00,2026-02-17T10:45:00+00:00,8.747,8.717029009921776,8.791956485117336,0.029970990078224347,1.5,2026-02-17T12:00:00+00:00,8.791956485117336,TP,1.4999999999999705,0.7607570978183507,0.7392429021816198,5,
SOL,RANGE_MEAN_REVERSION,LONG,39594,39595,2026-02-17T10:30:00+00:00,2026-02-17T10:45:00+00:00,85.03,84.61423123242967,85.65365315135548,0.4157687675703272,1.5,2026-02-17T12:45:00+00:00,84.61423123242967,SL,-1.0,0.5304330623267769,-1.530433062326777,8,
XRP,RANGE_MEAN_REVERSION,LONG,39611,39612,2026-02-17T14:45:00+00:00,2026-02-17T15:00:00+00:00,1.4346,1.420721254759879,1.4554181178601815,0.013878745240121004,1.5,2026-02-17T15:15:00+00:00,1.4554181178601815,TP,1.499999999999992,0.270703402088349,1.229296597911643,1,
ETH,RANGE_MEAN_REVERSION,SHORT,39679,39680,2026-02-18T07:45:00+00:00,2026-02-18T08:00:00+00:00,2017.2,2026.936582602276,2002.595126096586,9.73658260227603,1.5,2026-02-18T08:15:00+00:00,2026.936582602276,SL,-1.0,0.5399612751350757,-1.5399612751350757,1,
ADA,RANGE_MEAN_REVERSION,SHORT,39681,39682,2026-02-18T08:15:00+00:00,2026-02-18T08:30:00+00:00,0.2858,0.2872458139777567,0.28363127903336494,0.001445813977756727,1.5,2026-02-18T10:30:00+00:00,0.28363127903336494,TP,1.499999999999981,0.5120027016836123,0.9879972983163686,8,
BTC,RANGE_MEAN_REVERSION,SHORT,39681,39682,2026-02-18T08:15:00+00:00,2026-02-18T08:30:00+00:00,68254.7,68563.35161877047,67791.7225718443,308.6516187704692,1.5,2026-02-18T10:30:00+00:00,67791.7225718443,TP,1.5,0.5730096282920225,0.9269903717079775,8,
LINK,RANGE_MEAN_REVERSION,SHORT,39681,39682,2026-02-18T08:15:00+00:00,2026-02-18T08:30:00+00:00,8.955,9.017110504216248,8.861834243675627,0.062110504216247975,1.5,2026-02-18T10:30:00+00:00,8.861834243675627,TP,1.5000000000000142,0.3729141279571068,1.1270858720429073,8,
SUI,RANGE_MEAN_REVERSION,SHORT,39681,39682,2026-02-18T08:15:00+00:00,2026-02-18T08:30:00+00:00,0.982,0.9888724559220284,0.9716913161169574,0.006872455922028453,1.5,2026-02-18T10:30:00+00:00,0.9716913161169574,TP,1.499999999999992,0.3695620226258804,1.1304379773741116,8,
BNB,RANGE_MEAN_REVERSION,SHORT,39681,39682,2026-02-18T08:15:00+00:00,2026-02-18T08:30:00+00:00,624.5,628.2522346410178,618.8716480384733,3.7522346410178216,1.5,2026-02-18T10:45:00+00:00,618.8716480384733,TP,1.5,0.4307788017253525,1.0692211982746476,9,
SOL,RANGE_MEAN_REVERSION,LONG,39692,39693,2026-02-18T11:00:00+00:00,2026-02-18T11:15:00+00:00,83.42,82.90122504282799,84.19816243575802,0.5187749571720133,1.5,2026-02-18T11:45:00+00:00,82.90122504282799,SL,-1.0,0.41678494608594585,-1.4167849460859459,2,
SUI,RANGE_MEAN_REVERSION,LONG,39779,39780,2026-02-19T08:45:00+00:00,2026-02-19T09:00:00+00:00,0.9089,0.8989743510001527,0.9237884734997711,0.00992564899984738,1.5,2026-02-19T13:30:00+00:00,0.8989743510001527,SL,-1.0,0.23678417968803211,-1.2367841796880321,18,
ETH,RANGE_MEAN_REVERSION,LONG,39796,39797,2026-02-19T13:00:00+00:00,2026-02-19T13:15:00+00:00,1938.55,1927.083061331211,1955.7504080031836,11.466938668788998,1.5,2026-02-19T13:30:00+00:00,1927.083061331211,SL,-1.0,0.4382445153743278,-1.4382445153743277,1,
FET,RANGE_MEAN_REVERSION,LONG,39796,39797,2026-02-19T13:00:00+00:00,2026-02-19T13:15:00+00:00,0.1607,0.15956410311364078,0.16240384532953886,0.0011358968863592334,1.5,2026-02-19T13:30:00+00:00,0.15956410311364078,SL,-1.0,0.3665326835978862,-1.3665326835978862,1,
SOL,RANGE_MEAN_REVERSION,LONG,39796,39797,2026-02-19T13:00:00+00:00,2026-02-19T13:15:00+00:00,80.52,79.87095484735543,81.49356772896684,0.6490451526445611,1.5,2026-02-19T13:30:00+00:00,79.87095484735543,SL,-1.0,0.32125383026433013,-1.3212538302643302,1,
UNI,RANGE_MEAN_REVERSION,LONG,39796,39797,2026-02-19T13:00:00+00:00,2026-02-19T13:15:00+00:00,3.34,3.308027910972091,3.387958133541863,0.03197208902790871,1.5,2026-02-19T13:30:00+00:00,3.308027910972091,SL,-1.0,0.2703119047591686,-1.2703119047591687,1,
BTC,RANGE_MEAN_REVERSION,LONG,39799,39800,2026-02-19T13:45:00+00:00,2026-02-19T14:00:00+00:00,65871.2,65575.94577760379,66314.08133359431,295.2542223962082,1.5,2026-02-19T14:30:00+00:00,66314.08133359431,TP,1.5,0.5820098501523732,0.9179901498476268,2,
AVAX,RANGE_MEAN_REVERSION,LONG,39799,39800,2026-02-19T13:45:00+00:00,2026-02-19T14:00:00+00:00,8.698,8.628663088556394,8.80200536716541,0.06933691144360665,1.5,2026-02-19T14:45:00+00:00,8.80200536716541,TP,1.5,0.3281081678381096,1.1718918321618905,3,
LINK,RANGE_MEAN_REVERSION,LONG,39799,39800,2026-02-19T13:45:00+00:00,2026-02-19T14:00:00+00:00,8.395,8.32847915140669,8.494781272889965,0.06652084859330998,1.5,2026-02-19T14:45:00+00:00,8.494781272889965,TP,1.5,0.33007269328439004,1.16992730671561,3,
BNB,RANGE_MEAN_REVERSION,LONG,39799,39800,2026-02-19T13:45:00+00:00,2026-02-19T14:00:00+00:00,598.02,593.7169690677489,604.4745463983766,4.30303093225109,1.5,2026-02-19T15:00:00+00:00,604.4745463983766,TP,1.499999999999987,0.3632887922328027,1.1367112077671842,4,
XRP,RANGE_MEAN_REVERSION,LONG,39799,39800,2026-02-19T13:45:00+00:00,2026-02-19T14:00:00+00:00,1.3918,1.380961292332991,1.4080580615005132,0.010838707667008896,1.5,2026-02-19T15:00:00+00:00,1.4080580615005132,TP,1.4999999999999898,0.33581637145077914,1.1641836285492106,4,
SUI,RANGE_MEAN_REVERSION,SHORT,39842,39843,2026-02-20T00:30:00+00:00,2026-02-20T00:45:00+00:00,0.9356,0.9404249043840921,0.9283626434238619,0.00482490438409211,1.5,2026-02-20T02:00:00+00:00,0.9404249043840921,SL,-1.0,0.5054675039240656,-1.5054675039240655,5,
AVAX,RANGE_MEAN_REVERSION,SHORT,39869,39870,2026-02-20T07:15:00+00:00,2026-02-20T07:30:00+00:00,9.161,9.202738662241664,9.098392006637503,0.04173866224166467,1.5,2026-02-20T07:30:00+00:00,9.202738662241664,SL,-1.0,0.5719603595029364,-1.5719603595029366,0,True
ADA,RANGE_MEAN_REVERSION,SHORT,39881,39882,2026-02-20T10:15:00+00:00,2026-02-20T10:30:00+00:00,0.279,0.280619876207107,0.27657018568933955,0.0016198762071069628,1.5,2026-02-20T11:30:00+00:00,0.27657018568933955,TP,1.500000000000017,0.445861997495498,1.054138002504519,4,
DOGE,RANGE_MEAN_REVERSION,LONG,39893,39894,2026-02-20T13:15:00+00:00,2026-02-20T13:30:00+00:00,0.09757,0.09681608618153352,0.09870087072769973,0.000753913818466484,1.5,2026-02-20T13:30:00+00:00,0.09681608618153352,SL,-1.0,0.3351867359985626,-1.3351867359985625,0,True
UNI,RANGE_MEAN_REVERSION,LONG,39894,39895,2026-02-20T13:30:00+00:00,2026-02-20T13:45:00+00:00,3.327,3.290247299585084,3.382129050622374,0.03675270041491574,1.5,2026-02-20T14:30:00+00:00,3.382129050622374,TP,1.500000000000006,0.23731229725556158,1.2626877027444445,3,
XRP,RANGE_MEAN_REVERSION,LONG,39895,39896,2026-02-20T13:45:00+00:00,2026-02-20T14:00:00+00:00,1.3831,1.371754890949084,1.4001176635763741,0.011345109050916014,1.5,2026-02-20T14:30:00+00:00,1.4001176635763741,TP,1.5000000000000098,0.31892006911622867,1.1810799308837812,2,
UNI,RANGE_MEAN_REVERSION,SHORT,39974,39975,2026-02-21T09:30:00+00:00,2026-02-21T09:45:00+00:00,3.627,3.657027689562824,3.5819584656557635,0.0300276895628242,1.5,2026-02-21T10:00:00+00:00,3.657027689562824,SL,-1.0,0.3153501363006984,-1.3153501363006983,1,
ETH,RANGE_MEAN_REVERSION,SHORT,39981,39982,2026-02-21T11:15:00+00:00,2026-02-21T11:30:00+00:00,1982.73,1991.2086205246815,1970.0120692129778,8.478620524681446,1.5,2026-02-21T12:15:00+00:00,1970.0120692129778,TP,1.5,0.6060614076332819,0.8939385923667181,3,
AVAX,RANGE_MEAN_REVERSION,SHORT,39993,39994,2026-02-21T14:15:00+00:00,2026-02-21T14:30:00+00:00,9.415,9.471474285246483,9.330288572130273,0.0564742852464839,1.5,2026-02-21T15:15:00+00:00,9.330288572130273,TP,1.5,0.4315039143463363,1.0684960856536638,3,
BNB,RANGE_MEAN_REVERSION,SHORT,39994,39995,2026-02-21T14:30:00+00:00,2026-02-21T14:45:00+00:00,633.77,635.9972266011812,630.4291600982282,2.2272266011812007,1.5,2026-02-21T15:15:00+00:00,630.4291600982282,TP,1.5,0.7378947913320069,0.7621052086679931,2,
XRP,RANGE_MEAN_REVERSION,SHORT,39994,39995,2026-02-21T14:30:00+00:00,2026-02-21T14:45:00+00:00,1.4584,1.4671161563113,1.4453257655330498,0.008716156311300072,1.5,2026-02-21T16:00:00+00:00,1.4453257655330498,TP,1.5,0.4330857961208273,1.0669142038791728,5,
SOL,RANGE_MEAN_REVERSION,SHORT,39993,39994,2026-02-21T14:15:00+00:00,2026-02-21T14:30:00+00:00,86.22,86.84675424494745,85.27986863257883,0.626754244947449,1.5,2026-02-21T20:30:00+00:00,85.27986863257883,TP,1.5,0.355721291111552,1.144278708888448,24,
ETH,RANGE_MEAN_REVERSION,SHORT,39994,39995,2026-02-21T14:30:00+00:00,2026-02-21T14:45:00+00:00,1988.45,2000.4108297223136,1970.5087554165298,11.96082972231352,1.5,2026-02-21T21:00:00+00:00,1970.5087554165298,TP,1.5,0.4302917524559493,1.0697082475440507,25,
FET,RANGE_MEAN_REVERSION,LONG,40034,40035,2026-02-22T00:30:00+00:00,2026-02-22T00:45:00+00:00,0.1625,0.16162434253621913,0.16381348619567132,0.0008756574637808767,1.5,2026-02-22T02:45:00+00:00,0.16162434253621913,SL,-1.0,0.4811946025992257,-1.4811946025992258,8,
CRV,RANGE_MEAN_REVERSION,LONG,40045,40046,2026-02-22T03:15:00+00:00,2026-02-22T03:30:00+00:00,0.234,0.23181610087742466,0.23727584868386303,0.0021838991225753557,1.5,2026-02-22T06:00:00+00:00,0.23181610087742466,SL,-1.0,0.2772842961842241,-1.2772842961842241,10,
FET,RANGE_MEAN_REVERSION,LONG,40081,40082,2026-02-22T12:15:00+00:00,2026-02-22T12:30:00+00:00,0.1598,0.15893459882179017,0.16109810176731473,0.0008654011782098237,1.5,2026-02-22T13:30:00+00:00,0.15893459882179017,SL,-1.0,0.47880103344146757,-1.4788010334414676,4,
UNI,RANGE_MEAN_REVERSION,LONG,40081,40082,2026-02-22T12:15:00+00:00,2026-02-22T12:30:00+00:00,3.504,3.4828897407276784,3.535665388908482,0.021110259272321574,1.5,2026-02-22T13:30:00+00:00,3.4828897407276784,SL,-1.0,0.4302626768234427,-1.4302626768234428,4,
DOGE,RANGE_MEAN_REVERSION,LONG,40082,40083,2026-02-22T12:30:00+00:00,2026-02-22T12:45:00+00:00,0.09643,0.09608133480352694,0.09695299779470959,0.00034866519647305805,1.5,2026-02-22T13:30:00+00:00,0.09608133480352694,SL,-1.0,0.7177795139180845,-1.7177795139180845,3,
ADA,RANGE_MEAN_REVERSION,LONG,40083,40084,2026-02-22T12:45:00+00:00,2026-02-22T13:00:00+00:00,0.2731,0.27201749521282076,0.2747237571807689,0.0010825047871792504,1.5,2026-02-22T13:30:00+00:00,0.27201749521282076,SL,-1.0,0.6546416719534769,-1.654641671953477,2,
AVAX,RANGE_MEAN_REVERSION,LONG,40086,40087,2026-02-22T13:30:00+00:00,2026-02-22T13:45:00+00:00,8.883,8.84564724514285,8.939029132285723,0.037352754857149506,1.5,2026-02-22T14:45:00+00:00,8.84564724514285,SL,-1.0,0.6170158401121074,-1.6170158401121073,4,
SOL,RANGE_MEAN_REVERSION,LONG,40086,40087,2026-02-22T13:30:00+00:00,2026-02-22T13:45:00+00:00,83.81,83.42369980249981,84.38945029625029,0.38630019750019073,1.5,2026-02-22T14:45:00+00:00,83.42369980249981,SL,-1.0,0.5627846197079472,-1.5627846197079474,4,
XRP,RANGE_MEAN_REVERSION,LONG,40087,40088,2026-02-22T13:45:00+00:00,2026-02-22T14:00:00+00:00,1.3994,1.3937552746782926,1.407867087982561,0.0056447253217073445,1.5,2026-02-22T14:45:00+00:00,1.3937552746782926,SL,-1.0,0.6432734367282712,-1.643273436728271,3,
BTC,RANGE_MEAN_REVERSION,LONG,40090,40091,2026-02-22T14:30:00+00:00,2026-02-22T14:45:00+00:00,67416.0,67237.00967045549,67684.48549431676,178.99032954451104,1.5,2026-02-22T15:30:00+00:00,67684.48549431676,TP,1.4999999999999594,0.98122972112265,0.5187702788773094,3,
ETH,RANGE_MEAN_REVERSION,LONG,40087,40088,2026-02-22T13:45:00+00:00,2026-02-22T14:00:00+00:00,1949.9,1938.9818390016594,1966.277241497511,10.918160998340682,1.5,2026-02-22T17:30:00+00:00,1938.9818390016594,SL,-1.0,0.4630401027673514,-1.4630401027673514,14,
XRP,RANGE_MEAN_REVERSION,LONG,40112,40113,2026-02-22T20:00:00+00:00,2026-02-22T20:15:00+00:00,1.3802,1.3755627779669894,1.387155833049516,0.004637222033010646,1.5,2026-02-22T21:00:00+00:00,1.387155833049516,TP,1.499999999999976,0.7758012356006829,0.7241987643992931,3,
LINK,RANGE_MEAN_REVERSION,LONG,40102,40103,2026-02-22T17:30:00+00:00,2026-02-22T17:45:00+00:00,8.624,8.582286103886451,8.686570844170324,0.041713896113549254,1.5,2026-02-22T22:15:00+00:00,8.686570844170324,TP,1.5,0.539478308047852,0.960521691952148,18,
AVAX,RANGE_MEAN_REVERSION,LONG,40102,40103,2026-02-22T17:30:00+00:00,2026-02-22T17:45:00+00:00,8.805,8.768395667912705,8.859906498130943,0.03660433208729508,1.5,2026-02-22T22:30:00+00:00,8.859906498130943,TP,1.5000000000000242,0.6273677769288101,0.8726322230712141,19,
CRV,RANGE_MEAN_REVERSION,LONG,40082,40083,2026-02-22T12:30:00+00:00,2026-02-22T12:45:00+00:00,0.228,0.22579511009366277,0.2313073348595059,0.002204889906337243,1.5,2026-02-22T23:00:00+00:00,0.2313073348595059,TP,1.5000000000000062,0.2708069612007331,1.229193038799273,41,
BNB,RANGE_MEAN_REVERSION,LONG,40276,40277,2026-02-24T13:00:00+00:00,2026-02-24T13:15:00+00:00,582.78,579.2375674465402,588.0936488301896,3.5424325534597756,1.5,2026-02-24T13:30:00+00:00,579.2375674465402,SL,-1.0,0.426436584150382,-1.426436584150382,1,
BNB,RANGE_MEAN_REVERSION,LONG,40281,40282,2026-02-24T14:15:00+00:00,2026-02-24T14:30:00+00:00,578.93,575.9009851743846,583.473522238423,3.029014825615377,1.5,2026-02-24T14:30:00+00:00,583.473522238423,TP,1.5,0.4988831900494078,1.0011168099505923,0,True
AVAX,RANGE_MEAN_REVERSION,SHORT,40357,40358,2026-02-25T09:15:00+00:00,2026-02-25T09:30:00+00:00,8.685,8.730327398186873,8.617008902719693,0.04532739818687226,1.5,2026-02-25T09:45:00+00:00,8.730327398186873,SL,-1.0,0.4994755164261761,-1.4994755164261762,1,
ADA,RANGE_MEAN_REVERSION,SHORT,40356,40357,2026-02-25T09:00:00+00:00,2026-02-25T09:15:00+00:00,0.2697,0.27125749709919766,0.2673637543512035,0.0015574970991976689,1.5,2026-02-25T12:00:00+00:00,0.27125749709919766,SL,-1.0,0.4515223473553996,-1.4515223473553995,11,
UNI,RANGE_MEAN_REVERSION,SHORT,40357,40358,2026-02-25T09:15:00+00:00,2026-02-25T09:30:00+00:00,3.549,3.570421996367392,3.5168670054489115,0.021421996367392282,1.5,2026-02-25T12:00:00+00:00,3.570421996367392,SL,-1.0,0.43204416789863637,-1.4320441678986364,10,
AVAX,RANGE_MEAN_REVERSION,SHORT,40365,40366,2026-02-25T11:15:00+00:00,2026-02-25T11:30:00+00:00,8.911,8.996625488807346,8.78256176678898,0.08562548880734688,1.5,2026-02-25T12:00:00+00:00,8.996625488807346,SL,-1.0,0.2718806451175795,-1.2718806451175795,2,
LINK,RANGE_MEAN_REVERSION,SHORT,40369,40370,2026-02-25T12:15:00+00:00,2026-02-25T12:30:00+00:00,8.731,8.791350274787586,8.64047458781862,0.060350274787586144,1.5,2026-02-25T12:45:00+00:00,8.791350274787586,SL,-1.0,0.37744741738788967,-1.3774474173878897,1,
BNB,RANGE_MEAN_REVERSION,SHORT,40370,40371,2026-02-25T12:30:00+00:00,2026-02-25T12:45:00+00:00,609.61,611.8411734456784,606.2632398314825,2.231173445678337,1.5,2026-02-25T12:45:00+00:00,611.8411734456784,SL,-1.0,0.7116822444059796,-1.7116822444059796,0,True
DOGE,RANGE_MEAN_REVERSION,SHORT,40370,40371,2026-02-25T12:30:00+00:00,2026-02-25T12:45:00+00:00,0.09524,0.09568024695340846,0.09457962956988733,0.00044024695340845466,1.5,2026-02-25T12:45:00+00:00,0.09568024695340846,SL,-1.0,0.5637661297093819,-1.563766129709382,0,True
XRP,RANGE_MEAN_REVERSION,SHORT,40370,40371,2026-02-25T12:30:00+00:00,2026-02-25T12:45:00+00:00,1.3939,1.4012069711006947,1.3829395433489577,0.007306971100694781,1.5,2026-02-25T12:45:00+00:00,1.4012069711006947,SL,-1.0,0.4972838967551685,-1.4972838967551685,0,True
UNI,RANGE_MEAN_REVERSION,SHORT,40371,40372,2026-02-25T12:45:00+00:00,2026-02-25T13:00:00+00:00,3.668,3.708881948259034,3.6066770776114496,0.040881948259033685,1.5,2026-02-25T13:00:00+00:00,3.708881948259034,SL,-1.0,0.23457655373891467,-1.2345765537389146,0,True
ADA,RANGE_MEAN_REVERSION,SHORT,40371,40372,2026-02-25T12:45:00+00:00,2026-02-25T13:00:00+00:00,0.2766,0.27927229677763904,0.27259155483354147,0.002672296777639027,1.5,2026-02-25T13:30:00+00:00,0.27927229677763904,SL,-1.0,0.27041681592318406,-1.2704168159231841,2,
BTC,RANGE_MEAN_REVERSION,SHORT,40371,40372,2026-02-25T12:45:00+00:00,2026-02-25T13:00:00+00:00,66038.7,66372.90862318302,65537.38706522547,334.20862318301806,1.5,2026-02-25T13:30:00+00:00,66372.90862318302,SL,-1.0,0.5150528121348741,-1.515052812134874,2,
SUI,RANGE_MEAN_REVERSION,SHORT,40372,40373,2026-02-25T13:00:00+00:00,2026-02-25T13:15:00+00:00,0.9078,0.9135461290440423,0.8991808064339366,0.0057461290440422585,1.5,2026-02-25T13:30:00+00:00,0.9135461290440423,SL,-1.0,0.412060005894264,-1.412060005894264,1,
DOGE,RANGE_MEAN_REVERSION,SHORT,40374,40375,2026-02-25T13:30:00+00:00,2026-02-25T13:45:00+00:00,0.0968,0.09736277536017021,0.09595583695974468,0.0005627753601702146,1.5,2026-02-25T13:45:00+00:00,0.09736277536017021,SL,-1.0,0.4485121876904453,-1.4485121876904454,0,True
SOL,RANGE_MEAN_REVERSION,SHORT,40374,40375,2026-02-25T13:30:00+00:00,2026-02-25T13:45:00+00:00,83.97,84.47770179087293,83.20844731369061,0.5077017908729289,1.5,2026-02-25T14:15:00+00:00,84.47770179087293,SL,-1.0,0.43132014947519287,-1.4313201494751928,2,
LINK,RANGE_MEAN_REVERSION,SHORT,40374,40375,2026-02-25T13:30:00+00:00,2026-02-25T13:45:00+00:00,8.934,9.011990498335342,8.817014252496985,0.07799049833534255,1.5,2026-02-25T14:30:00+00:00,9.011990498335342,SL,-1.0,0.29913628128804637,-1.2991362812880465,3,
XRP,RANGE_MEAN_REVERSION,SHORT,40374,40375,2026-02-25T13:30:00+00:00,2026-02-25T13:45:00+00:00,1.4149,1.424565409116174,1.4004018863257393,0.009665409116173862,1.5,2026-02-25T14:30:00+00:00,1.424565409116174,SL,-1.0,0.3819088242911607,-1.3819088242911608,3,
BNB,RANGE_MEAN_REVERSION,SHORT,40408,40409,2026-02-25T22:00:00+00:00,2026-02-25T22:15:00+00:00,636.55,643.0909765246803,626.7385352129795,6.540976524680332,1.5,2026-02-25T23:30:00+00:00,626.7385352129795,TP,1.4999999999999913,0.2510749105397736,1.2489250894602177,5,
AVAX,RANGE_MEAN_REVERSION,LONG,40462,40463,2026-02-26T11:30:00+00:00,2026-02-26T11:45:00+00:00,9.248,9.20916147961649,9.306257780575262,0.03883852038350888,1.5,2026-02-26T12:30:00+00:00,9.306257780575262,TP,1.4999999999999771,0.6210467050899704,0.8789532949100067,3,
ETH,RANGE_MEAN_REVERSION,LONG,40477,40478,2026-02-26T15:15:00+00:00,2026-02-26T15:30:00+00:00,2021.65,2006.4294134092788,2044.480879886082,15.220586590721268,1.5,2026-02-26T16:30:00+00:00,2006.4294134092788,SL,-1.0,0.34404082958434234,-1.3440408295843422,4,
UNI,RANGE_MEAN_REVERSION,LONG,40475,40476,2026-02-26T14:45:00+00:00,2026-02-26T15:00:00+00:00,3.845,3.748249894759805,3.990125157860293,0.09675010524019534,1.5,2026-02-26T16:45:00+00:00,3.748249894759805,SL,-1.0,0.10202805297917851,-1.1020280529791786,7,
LINK,RANGE_MEAN_REVERSION,LONG,40477,40478,2026-02-26T15:15:00+00:00,2026-02-26T15:30:00+00:00,9.074,8.993310198674124,9.195034701988813,0.08068980132587633,1.5,2026-02-26T16:45:00+00:00,8.993310198674124,SL,-1.0,0.2910839148484082,-1.2910839148484081,5,
SOL,RANGE_MEAN_REVERSION,SHORT,40527,40528,2026-02-27T03:45:00+00:00,2026-02-27T04:00:00+00:00,87.57,88.07911096427107,86.80633355359339,0.5091109642710734,1.5,2026-02-27T04:15:00+00:00,88.07911096427107,SL,-1.0,0.4485148823704609,-1.448514882370461,1,
ADA,RANGE_MEAN_REVERSION,SHORT,40529,40530,2026-02-27T04:15:00+00:00,2026-02-27T04:30:00+00:00,0.2934,0.29543682457468123,0.29034476313797813,0.0020368245746812397,1.5,2026-02-27T05:30:00+00:00,0.29543682457468123,SL,-1.0,0.37582415366668653,-1.3758241536666866,4,
UNI,RANGE_MEAN_REVERSION,SHORT,40528,40529,2026-02-27T04:00:00+00:00,2026-02-27T04:15:00+00:00,3.926,3.952345594840737,3.886481607738895,0.02634559484073673,1.5,2026-02-27T06:15:00+00:00,3.886481607738895,TP,1.5,0.385499972631347,1.114500027368653,8,
ETH,RANGE_MEAN_REVERSION,SHORT,40529,40530,2026-02-27T04:15:00+00:00,2026-02-27T04:30:00+00:00,2055.68,2070.9178992266193,2032.8231511600707,15.237899226619447,1.5,2026-02-27T06:15:00+00:00,2032.8231511600707,TP,1.5,0.3488049118492067,1.1511950881507933,7,
AVAX,RANGE_MEAN_REVERSION,SHORT,40529,40530,2026-02-27T04:15:00+00:00,2026-02-27T04:30:00+00:00,9.448,9.508704177102347,9.35694373434648,0.060704177102346435,1.5,2026-02-27T07:30:00+00:00,9.35694373434648,TP,1.5000000000000147,0.4027140803413589,1.0972859196586557,12,
FET,RANGE_MEAN_REVERSION,SHORT,40529,40530,2026-02-27T04:15:00+00:00,2026-02-27T04:30:00+00:00,0.1652,0.16672188240238378,0.16291717639642436,0.0015218824023837674,1.5,2026-02-27T09:15:00+00:00,0.16672188240238378,SL,-1.0,0.28352942806042747,-1.2835294280604275,19,
BNB,RANGE_MEAN_REVERSION,LONG,40553,40554,2026-02-27T10:15:00+00:00,2026-02-27T10:30:00+00:00,620.15,617.5061001928225,624.1158497107663,2.6438998071774904,1.5,2026-02-27T10:45:00+00:00,617.5061001928225,SL,-1.0,0.6085529133451981,-1.6085529133451981,1,
SOL,RANGE_MEAN_REVERSION,LONG,40554,40555,2026-02-27T10:30:00+00:00,2026-02-27T10:45:00+00:00,85.26,84.70226093045183,86.09660860432227,0.5577390695481768,1.5,2026-02-27T10:45:00+00:00,84.70226093045183,SL,-1.0,0.3961546738846523,-1.3961546738846522,0,True
ETH,RANGE_MEAN_REVERSION,LONG,40553,40554,2026-02-27T10:15:00+00:00,2026-02-27T10:30:00+00:00,1990.4,1975.25306710825,2013.1203993376253,15.146932891750112,1.5,2026-02-27T11:15:00+00:00,1975.25306710825,SL,-1.0,0.34035596672172647,-1.3403559667217264,3,
AVAX,RANGE_MEAN_REVERSION,LONG,40556,40557,2026-02-27T11:00:00+00:00,2026-02-27T11:15:00+00:00,9.103,9.042127616810557,9.194308574784163,0.06087238318944266,1.5,2026-02-27T11:30:00+00:00,9.042127616810557,SL,-1.0,0.3875101427923853,-1.3875101427923853,1,
ADA,RANGE_MEAN_REVERSION,LONG,40559,40560,2026-02-27T11:45:00+00:00,2026-02-27T12:00:00+00:00,0.2817,0.2798421949488682,0.2844867075766977,0.0018578050511318112,1.5,2026-02-27T13:00:00+00:00,0.2844867075766977,TP,1.4999999999999851,0.3961894276265938,1.1038105723733913,4,
CRV,RANGE_MEAN_REVERSION,LONG,40559,40560,2026-02-27T11:45:00+00:00,2026-02-27T12:00:00+00:00,0.246,0.24334750059178833,0.2499787491123175,0.0026524994082116615,1.5,2026-02-27T16:00:00+00:00,0.24334750059178833,SL,-1.0,0.2398310622803207,-1.2398310622803206,16,
ADA,RANGE_MEAN_REVERSION,LONG,40576,40577,2026-02-27T16:00:00+00:00,2026-02-27T16:15:00+00:00,0.2785,0.2766026814522984,0.28134597782155246,0.001897318547701643,1.5,2026-02-27T17:00:00+00:00,0.2766026814522984,SL,-1.0,0.3803438736010639,-1.3803438736010638,3,
ETH,RANGE_MEAN_REVERSION,LONG,40576,40577,2026-02-27T16:00:00+00:00,2026-02-27T16:15:00+00:00,1935.31,1917.3886366050851,1962.1920450923722,17.921363394914806,1.5,2026-02-27T17:15:00+00:00,1917.3886366050851,SL,-1.0,0.2794713838015124,-1.2794713838015124,4,
AVAX,RANGE_MEAN_REVERSION,LONG,40579,40580,2026-02-27T16:45:00+00:00,2026-02-27T17:00:00+00:00,8.906,8.858324880762275,8.977512678856588,0.04767511923772538,1.5,2026-02-27T17:30:00+00:00,8.858324880762275,SL,-1.0,0.4843956913843845,-1.4843956913843845,2,
SUI,RANGE_MEAN_REVERSION,LONG,40581,40582,2026-02-27T17:15:00+00:00,2026-02-27T17:30:00+00:00,0.894,0.887602309579893,0.9035965356301606,0.006397690420107072,1.5,2026-02-27T17:45:00+00:00,0.9035965356301606,TP,1.5,0.36526861146246253,1.1347313885375374,1,
LINK,RANGE_MEAN_REVERSION,LONG,40581,40582,2026-02-27T17:15:00+00:00,2026-02-27T17:30:00+00:00,8.679,8.62325282988008,8.762620755179881,0.05574717011992014,1.5,2026-02-27T22:15:00+00:00,8.62325282988008,SL,-1.0,0.4034810848776466,-1.4034810848776467,19,
CRV,RANGE_MEAN_REVERSION,LONG,40579,40580,2026-02-27T16:45:00+00:00,2026-02-27T17:00:00+00:00,0.24,0.23731027870894456,0.24403458193658314,0.0026897212910554358,1.5,2026-02-27T22:30:00+00:00,0.23731027870894456,SL,-1.0,0.23069429698351568,-1.2306942969835157,22,
ADA,RANGE_MEAN_REVERSION,LONG,40633,40634,2026-02-28T06:15:00+00:00,2026-02-28T06:30:00+00:00,0.2693,0.26642171538620485,0.2736174269206927,0.0028782846137951346,1.5,2026-02-28T06:30:00+00:00,0.26642171538620485,SL,-1.0,0.24196294788366476,-1.2419629478836647,0,True
AVAX,RANGE_MEAN_REVERSION,LONG,40633,40634,2026-02-28T06:15:00+00:00,2026-02-28T06:30:00+00:00,8.725,8.647842916788617,8.840735624817073,0.07715708321138237,1.5,2026-02-28T06:30:00+00:00,8.647842916788617,SL,-1.0,0.2927105957330106,-1.2927105957330105,0,True
DOGE,RANGE_MEAN_REVERSION,LONG,40633,40634,2026-02-28T06:15:00+00:00,2026-02-28T06:30:00+00:00,0.09063,0.08943896521938512,0.09241655217092233,0.0011910347806148858,1.5,2026-02-28T06:30:00+00:00,0.08943896521938512,SL,-1.0,0.1965430889132802,-1.1965430889132802,0,True
FET,RANGE_MEAN_REVERSION,LONG,40633,40634,2026-02-28T06:15:00+00:00,2026-02-28T06:30:00+00:00,0.1516,0.14998380528540237,0.1540242920718965,0.0016161947145976463,1.5,2026-02-28T06:30:00+00:00,0.14998380528540237,SL,-1.0,0.2425815053903494,-1.2425815053903495,0,True
LINK,RANGE_MEAN_REVERSION,LONG,40633,40634,2026-02-28T06:15:00+00:00,2026-02-28T06:30:00+00:00,8.475,8.364603151605287,8.64059527259207,0.11039684839471242,1.5,2026-02-28T06:30:00+00:00,8.364603151605287,SL,-1.0,0.19829808926081072,-1.1982980892608106,0,True
SOL,RANGE_MEAN_REVERSION,LONG,40633,40634,2026-02-28T06:15:00+00:00,2026-02-28T06:30:00+00:00,79.65,78.78086916632135,80.95369625051799,0.8691308336786534,1.5,2026-02-28T06:30:00+00:00,78.78086916632135,SL,-1.0,0.2369725269606165,-1.2369725269606164,0,True
UNI,RANGE_MEAN_REVERSION,LONG,40633,40634,2026-02-28T06:15:00+00:00,2026-02-28T06:30:00+00:00,3.647,3.5974293055091713,3.7213560417362426,0.049570694490828515,1.5,2026-02-28T06:30:00+00:00,3.5974293055091713,SL,-1.0,0.18998640615988102,-1.189986406159881,0,True
XRP,RANGE_MEAN_REVERSION,LONG,40633,40634,2026-02-28T06:15:00+00:00,2026-02-28T06:30:00+00:00,1.3313,1.318357667565281,1.3507134986520781,0.012942332434718873,1.5,2026-02-28T06:30:00+00:00,1.318357667565281,SL,-1.0,0.2661463832125469,-1.266146383212547,0,True
CRV,RANGE_MEAN_REVERSION,LONG,40633,40634,2026-02-28T06:15:00+00:00,2026-02-28T06:30:00+00:00,0.234,0.2306461702226405,0.2390307446660393,0.0033538297773595127,1.5,2026-02-28T06:45:00+00:00,0.2306461702226405,SL,-1.0,0.1801045555046018,-1.180104555504602,1,
BNB,RANGE_MEAN_REVERSION,LONG,40634,40635,2026-02-28T06:30:00+00:00,2026-02-28T06:45:00+00:00,598.67,592.7475386517701,607.5536920223446,5.922461348229831,1.5,2026-02-28T06:45:00+00:00,592.7475386517701,SL,-1.0,0.2615201196222641,-1.261520119622264,0,True
BTC,RANGE_MEAN_REVERSION,LONG,40634,40635,2026-02-28T06:30:00+00:00,2026-02-28T06:45:00+00:00,64003.7,63348.89386959857,64985.90919560214,654.8061304014263,1.5,2026-02-28T06:45:00+00:00,63348.89386959857,SL,-1.0,0.25283570868370336,-1.2528357086837034,0,True
ETH,RANGE_MEAN_REVERSION,LONG,40634,40635,2026-02-28T06:30:00+00:00,2026-02-28T06:45:00+00:00,1869.55,1846.0193833541189,1904.8459249688217,23.530616645881082,1.5,2026-02-28T06:45:00+00:00,1846.0193833541189,SL,-1.0,0.20527469683655164,-1.2052746968365518,0,True
SUI,RANGE_MEAN_REVERSION,LONG,40634,40635,2026-02-28T06:30:00+00:00,2026-02-28T06:45:00+00:00,0.8586,0.8443731590370908,0.8799402614443639,0.01422684096290927,1.5,2026-02-28T06:45:00+00:00,0.8443731590370908,SL,-1.0,0.15561185455857526,-1.1556118545585752,0,True
DOGE,RANGE_MEAN_REVERSION,SHORT,40711,40712,2026-03-01T01:45:00+00:00,2026-03-01T02:00:00+00:00,0.09544,0.09659291656950632,0.09371062514574052,0.001152916569506321,1.5,2026-03-01T02:00:00+00:00,0.09659291656950632,SL,-1.0,0.21653153241370734,-1.2165315324137074,0,True
UNI,RANGE_MEAN_REVERSION,SHORT,40711,40712,2026-03-01T01:45:00+00:00,2026-03-01T02:00:00+00:00,3.889,3.9457122763680066,3.8039315854479896,0.0567122763680068,1.5,2026-03-01T02:00:00+00:00,3.9457122763680066,SL,-1.0,0.1795929666654002,-1.1795929666654001,0,True
DOGE,RANGE_MEAN_REVERSION,LONG,40757,40758,2026-03-01T13:15:00+00:00,2026-03-01T13:30:00+00:00,0.09274,0.09211889047285347,0.0936716642907198,0.0006211095271465294,1.5,2026-03-01T13:45:00+00:00,0.0936716642907198,TP,1.5,0.3901649435185126,1.1098350564814874,1,
FET,RANGE_MEAN_REVERSION,LONG,40757,40758,2026-03-01T13:15:00+00:00,2026-03-01T13:30:00+00:00,0.1528,0.15126304559275774,0.15510543161086338,0.001536954407242247,1.5,2026-03-01T13:45:00+00:00,0.15510543161086338,TP,1.500000000000009,0.2604352212453318,1.2395647787546773,1,
AVAX,RANGE_MEAN_REVERSION,LONG,40758,40759,2026-03-01T13:30:00+00:00,2026-03-01T13:45:00+00:00,9.041,8.997162354222757,9.106756468665864,0.04383764577724314,1.5,2026-03-01T13:45:00+00:00,9.106756468665864,TP,1.4999999999999798,0.53816948859769,0.9618305114022898,0,True
BNB,RANGE_MEAN_REVERSION,LONG,40786,40787,2026-03-01T20:30:00+00:00,2026-03-01T20:45:00+00:00,612.54,609.6281413686004,616.9077879470993,2.911858631399582,1.5,2026-03-01T21:15:00+00:00,616.9077879470993,TP,1.5,0.5488872663996797,0.9511127336003203,2,
CRV,RANGE_MEAN_REVERSION,LONG,40786,40787,2026-03-01T20:30:00+00:00,2026-03-01T20:45:00+00:00,0.236,0.23343154923731735,0.23985267614402395,0.002568450762682639,1.5,2026-03-01T21:15:00+00:00,0.23985267614402395,TP,1.5,0.2408488758963479,1.2591511241036522,2,
UNI,RANGE_MEAN_REVERSION,LONG,40786,40787,2026-03-01T20:30:00+00:00,2026-03-01T20:45:00+00:00,3.675,3.642970041052057,3.723044938421914,0.032029958947942916,1.5,2026-03-01T21:30:00+00:00,3.723044938421914,TP,1.5,0.3002644628917377,1.1997355371082623,3,
LINK,RANGE_MEAN_REVERSION,LONG,40786,40787,2026-03-01T20:30:00+00:00,2026-03-01T20:45:00+00:00,8.553,8.48889175138519,8.649162372922218,0.06410824861481146,1.5,2026-03-01T22:00:00+00:00,8.649162372922218,TP,1.5,0.3488289193355411,1.1511710806644588,5,
SOL,RANGE_MEAN_REVERSION,SHORT,40804,40805,2026-03-02T01:00:00+00:00,2026-03-02T01:15:00+00:00,85.77,86.6181981129909,84.49770283051365,0.8481981129909002,1.5,2026-03-02T01:45:00+00:00,84.49770283051365,TP,1.5,0.2609626339525262,1.2390373660474738,2,
AVAX,RANGE_MEAN_REVERSION,LONG,40828,40829,2026-03-02T07:00:00+00:00,2026-03-02T07:15:00+00:00,8.896,8.844935475875713,8.972596786186433,0.0510645241242873,1.5,2026-03-02T08:45:00+00:00,8.972596786186433,TP,1.5000000000000173,0.4548985077292458,1.0451014922707715,6,
AVAX,RANGE_MEAN_REVERSION,SHORT,40861,40862,2026-03-02T15:15:00+00:00,2026-03-02T15:30:00+00:00,9.332,9.427351442641388,9.18897283603792,0.09535144264138751,1.5,2026-03-02T16:00:00+00:00,9.427351442641388,SL,-1.0,0.25576075410995935,-1.2557607541099594,2,
XRP,RANGE_MEAN_REVERSION,SHORT,40861,40862,2026-03-02T15:15:00+00:00,2026-03-02T15:30:00+00:00,1.3982,1.4191266914537572,1.3668099628193644,0.02092669145375714,1.5,2026-03-02T16:45:00+00:00,1.4191266914537572,SL,-1.0,0.17501690159589567,-1.1750169015958956,5,
ADA,RANGE_MEAN_REVERSION,LONG,40922,40923,2026-03-03T06:30:00+00:00,2026-03-03T06:45:00+00:00,0.2691,0.26777410649575956,0.2710888402563607,0.0013258935042404496,1.5,2026-03-03T07:30:00+00:00,0.26777410649575956,SL,-1.0,0.5263894394326238,-1.5263894394326238,3,
BTC,RANGE_MEAN_REVERSION,LONG,40931,40932,2026-03-03T08:45:00+00:00,2026-03-03T09:00:00+00:00,66972.8,66663.04969477771,67437.42545783344,309.75030522228917,1.5,2026-03-03T09:15:00+00:00,66663.04969477771,SL,-1.0,0.560860156307313,-1.560860156307313,1,
BNB,RANGE_MEAN_REVERSION,LONG,40930,40931,2026-03-03T08:30:00+00:00,2026-03-03T08:45:00+00:00,624.78,621.1718157025591,630.1922764461613,3.6081842974408573,1.5,2026-03-03T09:30:00+00:00,621.1718157025591,SL,-1.0,0.44890649337456034,-1.4489064933745603,3,
AVAX,RANGE_MEAN_REVERSION,LONG,40931,40932,2026-03-03T08:45:00+00:00,2026-03-03T09:00:00+00:00,8.995,8.959936900418304,9.047594649372542,0.035063099581694956,1.5,2026-03-03T09:30:00+00:00,8.959936900418304,SL,-1.0,0.6656975067523527,-1.6656975067523527,2,
ETH,RANGE_MEAN_REVERSION,LONG,40931,40932,2026-03-03T08:45:00+00:00,2026-03-03T09:00:00+00:00,1952.1,1939.134788301791,1971.5478175473131,12.965211698208805,1.5,2026-03-03T09:30:00+00:00,1939.134788301791,SL,-1.0,0.39016757632204296,-1.390167576322043,2,
DOGE,RANGE_MEAN_REVERSION,LONG,40930,40931,2026-03-03T08:30:00+00:00,2026-03-03T08:45:00+00:00,0.09004,0.0893184765676071,0.09112228514858935,0.000721523432392901,1.5,2026-03-03T10:00:00+00:00,0.0893184765676071,SL,-1.0,0.3231579309414862,-1.3231579309414863,5,
BNB,RANGE_MEAN_REVERSION,SHORT,41024,41025,2026-03-04T08:00:00+00:00,2026-03-04T08:15:00+00:00,641.09,643.9810807198859,636.7533789201713,2.8910807198858492,1.5,2026-03-04T08:30:00+00:00,643.9810807198859,SL,-1.0,0.5778435702071345,-1.5778435702071345,1,
BTC,RANGE_MEAN_REVERSION,SHORT,41023,41024,2026-03-04T07:45:00+00:00,2026-03-04T08:00:00+00:00,69464.5,69920.39398549509,68780.65902175737,455.8939854950877,1.5,2026-03-04T08:45:00+00:00,69920.39398549509,SL,-1.0,0.3974616203465927,-1.3974616203465926,3,
AVAX,RANGE_MEAN_REVERSION,SHORT,41028,41029,2026-03-04T09:00:00+00:00,2026-03-04T09:15:00+00:00,9.392,9.45255225559463,9.301171616608052,0.06055225559463118,1.5,2026-03-04T09:30:00+00:00,9.45255225559463,SL,-1.0,0.4045748204042973,-1.4045748204042974,1,
ETH,RANGE_MEAN_REVERSION,SHORT,41028,41029,2026-03-04T09:00:00+00:00,2026-03-04T09:15:00+00:00,2067.94,2084.6057531735632,2042.9413702396553,16.66575317356319,1.5,2026-03-04T09:30:00+00:00,2084.6057531735632,SL,-1.0,0.32391632246713853,-1.3239163224671384,1,
LINK,RANGE_MEAN_REVERSION,SHORT,41028,41029,2026-03-04T09:00:00+00:00,2026-03-04T09:15:00+00:00,9.196,9.27200668811307,9.081989967830395,0.0760066881130701,1.5,2026-03-04T09:30:00+00:00,9.27200668811307,SL,-1.0,0.3158723171680797,-1.3158723171680797,1,
SOL,RANGE_MEAN_REVERSION,SHORT,41028,41029,2026-03-04T09:00:00+00:00,2026-03-04T09:15:00+00:00,89.58,90.47869079787655,88.23196380318517,0.8986907978765544,1.5,2026-03-04T09:30:00+00:00,90.47869079787655,SL,-1.0,0.2604636640213964,-1.2604636640213964,1,
SUI,RANGE_MEAN_REVERSION,SHORT,41029,41030,2026-03-04T09:15:00+00:00,2026-03-04T09:30:00+00:00,0.9479,0.9551740045718006,0.936988993142299,0.0072740045718006074,1.5,2026-03-04T09:30:00+00:00,0.9551740045718006,SL,-1.0,0.34011474443312417,-1.3401147444331243,0,True
FET,RANGE_MEAN_REVERSION,SHORT,41029,41030,2026-03-04T09:15:00+00:00,2026-03-04T09:30:00+00:00,0.1548,0.15658548225615804,0.15212177661576293,0.0017854822561580441,1.5,2026-03-04T10:30:00+00:00,0.15212177661576293,TP,1.5,0.22346809004926566,1.2765319099507344,4,
CRV,RANGE_MEAN_REVERSION,SHORT,41030,41031,2026-03-04T09:30:00+00:00,2026-03-04T09:45:00+00:00,0.262,0.26567143699372014,0.2564928445094198,0.003671436993720134,1.5,2026-03-04T12:00:00+00:00,0.2564928445094198,TP,1.5000000000000075,0.18359043039964162,1.316409569600366,9,
XRP,RANGE_MEAN_REVERSION,SHORT,41029,41030,2026-03-04T09:15:00+00:00,2026-03-04T09:30:00+00:00,1.4113,1.4272704415491755,1.3873443376762369,0.015970441549175485,1.5,2026-03-04T12:15:00+00:00,1.3873443376762369,TP,1.4999999999999931,0.227810710666728,1.2721892893332651,11,
DOGE,RANGE_MEAN_REVERSION,SHORT,41028,41029,2026-03-04T09:00:00+00:00,2026-03-04T09:15:00+00:00,0.09242,0.0934129025274879,0.09093064620876815,0.0009929025274879044,1.5,2026-03-04T13:45:00+00:00,0.0934129025274879,SL,-1.0,0.24330965688742018,-1.2433096568874202,18,
SOL,RANGE_MEAN_REVERSION,SHORT,41131,41132,2026-03-05T10:45:00+00:00,2026-03-05T11:00:00+00:00,92.59,93.30660235631393,91.51509646552911,0.7166023563139277,1.5,2026-03-05T12:00:00+00:00,91.51509646552911,TP,1.5,0.3339880525041698,1.1660119474958301,4,
XRP,RANGE_MEAN_REVERSION,SHORT,41131,41132,2026-03-05T10:45:00+00:00,2026-03-05T11:00:00+00:00,1.447,1.4566871900528136,1.4324692149207798,0.009687190052813488,1.5,2026-03-05T12:00:00+00:00,1.4324692149207798,TP,1.5,0.38641855470873415,1.1135814452912658,4,
BNB,RANGE_MEAN_REVERSION,SHORT,41130,41131,2026-03-05T10:30:00+00:00,2026-03-05T10:45:00+00:00,662.83,667.0876888833809,656.4434666749287,4.257688883380865,1.5,2026-03-05T12:15:00+00:00,656.4434666749287,TP,1.5000000000000133,0.4028137221044551,1.0971862778955583,6,
SUI,RANGE_MEAN_REVERSION,SHORT,41131,41132,2026-03-05T10:45:00+00:00,2026-03-05T11:00:00+00:00,0.972,0.97982005830502,0.9602699125424701,0.007820058305019972,1.5,2026-03-05T12:30:00+00:00,0.97982005830502,SL,-1.0,0.3244689459882545,-1.3244689459882544,6,
SUI,RANGE_MEAN_REVERSION,SHORT,41215,41216,2026-03-06T07:45:00+00:00,2026-03-06T08:00:00+00:00,0.9741,0.9796303331042334,0.9658045003436497,0.005530333104233454,1.5,2026-03-06T08:15:00+00:00,0.9658045003436497,TP,1.50000000000001,0.4560079479690393,1.0439920520309707,1,
SOL,RANGE_MEAN_REVERSION,LONG,41232,41233,2026-03-06T12:00:00+00:00,2026-03-06T12:15:00+00:00,86.58,85.93574800595978,87.54637799106033,0.6442519940402178,1.5,2026-03-06T12:45:00+00:00,85.93574800595978,SL,-1.0,0.3481098614865094,-1.3481098614865095,2,
AVAX,RANGE_MEAN_REVERSION,LONG,41232,41233,2026-03-06T12:00:00+00:00,2026-03-06T12:15:00+00:00,9.189,9.136717402931707,9.267423895602441,0.05228259706829341,1.5,2026-03-06T13:30:00+00:00,9.136717402931707,SL,-1.0,0.4556665881132912,-1.4556665881132913,5,
UNI,RANGE_MEAN_REVERSION,LONG,41232,41233,2026-03-06T12:00:00+00:00,2026-03-06T12:15:00+00:00,3.902,3.8745905104893876,3.943114234265919,0.027409489510612506,1.5,2026-03-06T13:30:00+00:00,3.943114234265919,TP,1.500000000000008,0.37208458408526524,1.1279154159147429,5,
BTC,RANGE_MEAN_REVERSION,LONG,41232,41233,2026-03-06T12:00:00+00:00,2026-03-06T12:15:00+00:00,69900.0,69593.19163710265,70360.21254434602,306.8083628973545,1.5,2026-03-06T13:45:00+00:00,69593.19163710265,SL,-1.0,0.5910567346200492,-1.5910567346200493,6,
BNB,RANGE_MEAN_REVERSION,LONG,41240,41241,2026-03-06T14:00:00+00:00,2026-03-06T14:15:00+00:00,630.79,627.8432024253563,635.2101963619655,2.9467975746437105,1.5,2026-03-06T14:30:00+00:00,627.8432024253563,SL,-1.0,0.5552546863863883,-1.5552546863863883,1,
DOGE,RANGE_MEAN_REVERSION,LONG,41240,41241,2026-03-06T14:00:00+00:00,2026-03-06T14:15:00+00:00,0.09085,0.09004681914730675,0.09205477127903988,0.0008031808526932499,1.5,2026-03-06T14:30:00+00:00,0.09004681914730675,SL,-1.0,0.29279316620028184,-1.2927931662002818,1,
ETH,RANGE_MEAN_REVERSION,LONG,41240,41241,2026-03-06T14:00:00+00:00,2026-03-06T14:15:00+00:00,2005.65,1987.2527440938636,2033.2458838592047,18.39725590613648,1.5,2026-03-06T14:30:00+00:00,1987.2527440938636,SL,-1.0,0.28214933758629834,-1.2821493375862985,1,
SOL,RANGE_MEAN_REVERSION,LONG,41240,41241,2026-03-06T14:00:00+00:00,2026-03-06T14:15:00+00:00,85.1,84.42366380747058,86.11450428879412,0.6763361925294191,1.5,2026-03-06T14:30:00+00:00,84.42366380747058,SL,-1.0,0.3258449945219007,-1.3258449945219006,1,
XRP,RANGE_MEAN_REVERSION,LONG,41240,41241,2026-03-06T14:00:00+00:00,2026-03-06T14:15:00+00:00,1.3641,1.354267728820325,1.3788484067695126,0.009832271179675,1.5,2026-03-06T14:30:00+00:00,1.354267728820325,SL,-1.0,0.3594162511273649,-1.3594162511273649,1,
ADA,RANGE_MEAN_REVERSION,LONG,41242,41243,2026-03-06T14:30:00+00:00,2026-03-06T14:45:00+00:00,0.2601,0.2572048133911909,0.26444277991321363,0.0028951866088091083,1.5,2026-03-06T14:45:00+00:00,0.2572048133911909,SL,-1.0,0.2322807985372554,-1.2322807985372555,0,True
BTC,RANGE_MEAN_REVERSION,LONG,41242,41243,2026-03-06T14:30:00+00:00,2026-03-06T14:45:00+00:00,68703.0,68104.14147979532,69601.28778030703,598.8585202046816,1.5,2026-03-06T17:30:00+00:00,68104.14147979532,SL,-1.0,0.2969804685469742,-1.2969804685469741,11,
ADA,RANGE_MEAN_REVERSION,LONG,41337,41338,2026-03-07T14:15:00+00:00,2026-03-07T14:30:00+00:00,0.2522,0.25033515957287,0.25499726064069494,0.0018648404271299768,1.5,2026-03-07T14:30:00+00:00,0.25499726064069494,TP,1.5,0.3535725787796572,1.1464274212203427,0,True
CRV,RANGE_MEAN_REVERSION,LONG,41338,41339,2026-03-07T14:30:00+00:00,2026-03-07T14:45:00+00:00,0.235,0.23297604602431357,0.2380359309635296,0.0020239539756864156,1.5,2026-03-07T18:00:00+00:00,0.23297604602431357,SL,-1.0,0.3005843349897726,-1.3005843349897726,13,
AVAX,RANGE_MEAN_REVERSION,LONG,41359,41360,2026-03-07T19:45:00+00:00,2026-03-07T20:00:00+00:00,8.879,8.842129156764944,8.934306264852584,0.03687084323505552,1.5,2026-03-07T21:15:00+00:00,8.934306264852584,TP,1.500000000000024,0.6280653251317889,0.8719346748682351,5,
SOL,RANGE_MEAN_REVERSION,LONG,41359,41360,2026-03-07T19:45:00+00:00,2026-03-07T20:00:00+00:00,82.47,81.99729250203649,83.17906124694527,0.47270749796351197,1.5,2026-03-07T21:45:00+00:00,83.17906124694527,TP,1.5,0.4555539748126676,1.0444460251873324,7,
ETH,RANGE_MEAN_REVERSION,LONG,41359,41360,2026-03-07T19:45:00+00:00,2026-03-07T20:00:00+00:00,1954.01,1942.5968114871896,1971.1297827692156,11.413188512810393,1.5,2026-03-07T23:15:00+00:00,1971.1297827692156,TP,1.5,0.4470864309191622,1.0529135690808378,13,
BTC,RANGE_MEAN_REVERSION,LONG,41359,41360,2026-03-07T19:45:00+00:00,2026-03-07T20:00:00+00:00,67042.6,66732.71241993817,67507.43137009276,309.8875800618407,1.5,2026-03-08T02:45:00+00:00,66732.71241993817,SL,-1.0,0.5611967608098872,-1.5611967608098873,27,
FET,RANGE_MEAN_REVERSION,LONG,41371,41372,2026-03-07T22:45:00+00:00,2026-03-07T23:00:00+00:00,0.1419,0.1407576033213066,0.1436135950180401,0.001142396678693397,1.5,2026-03-08T02:45:00+00:00,0.1407576033213066,SL,-1.0,0.3216526195944222,-1.3216526195944223,15,
UNI,RANGE_MEAN_REVERSION,LONG,41388,41389,2026-03-08T03:00:00+00:00,2026-03-08T03:15:00+00:00,3.71,3.6941521759930773,3.733771736010384,0.01584782400692264,1.5,2026-03-08T04:45:00+00:00,3.6941521759930773,SL,-1.0,0.6073640030698498,-1.6073640030698497,6,
LINK,RANGE_MEAN_REVERSION,LONG,41395,41396,2026-03-08T04:45:00+00:00,2026-03-08T05:00:00+00:00,8.547,8.501012480536122,8.615981279195818,0.04598751946387836,1.5,2026-03-08T05:15:00+00:00,8.615981279195818,TP,1.5,0.4851724103205825,1.0148275896794174,1,
SUI,RANGE_MEAN_REVERSION,LONG,41387,41388,2026-03-08T02:45:00+00:00,2026-03-08T03:00:00+00:00,0.8787,0.871964201013233,0.8888036984801506,0.0067357989867670165,1.5,2026-03-08T07:00:00+00:00,0.8888036984801506,TP,1.5000000000000082,0.34112579851897423,1.158874201481034,16,
ADA,RANGE_MEAN_REVERSION,LONG,41395,41396,2026-03-08T04:45:00+00:00,2026-03-08T05:00:00+00:00,0.2503,0.24857919869696904,0.2528812019545465,0.0017208013030309832,1.5,2026-03-08T07:00:00+00:00,0.2528812019545465,TP,1.5,0.3801342789482608,1.119865721051739,8,
BTC,RANGE_MEAN_REVERSION,SHORT,41413,41414,2026-03-08T09:15:00+00:00,2026-03-08T09:30:00+00:00,67812.5,68013.73010354213,67510.65484468681,201.23010354212602,1.5,2026-03-08T10:15:00+00:00,68013.73010354213,SL,-1.0,0.8774735788854788,-1.8774735788854788,3,
SOL,RANGE_MEAN_REVERSION,SHORT,41417,41418,2026-03-08T10:15:00+00:00,2026-03-08T10:30:00+00:00,83.85,84.29011089989845,83.18983365015231,0.44011089989845686,1.5,2026-03-08T11:00:00+00:00,83.18983365015231,TP,1.5,0.493402421515349,1.006597578484651,2,
SUI,RANGE_MEAN_REVERSION,SHORT,41417,41418,2026-03-08T10:15:00+00:00,2026-03-08T10:30:00+00:00,0.9076,0.9130703610510935,0.8993944584233596,0.005470361051093553,1.5,2026-03-08T11:00:00+00:00,0.8993944584233596,TP,1.5,0.4294218926337179,1.0705781073662821,2,
AVAX,RANGE_MEAN_REVERSION,SHORT,41418,41419,2026-03-08T10:30:00+00:00,2026-03-08T10:45:00+00:00,8.989,9.033895210669906,8.921657183995144,0.044895210669904984,1.5,2026-03-08T11:00:00+00:00,8.921657183995144,TP,1.4999999999999802,0.5186266862714995,0.9813733137284807,1,
AVAX,RANGE_MEAN_REVERSION,SHORT,41527,41528,2026-03-09T13:45:00+00:00,2026-03-09T14:00:00+00:00,9.28,9.36451102459978,9.153233463100328,0.08451102459978088,1.5,2026-03-09T19:15:00+00:00,9.36451102459978,SL,-1.0,0.2868012125845479,-1.2868012125845478,21,
BTC,RANGE_MEAN_REVERSION,SHORT,41579,41580,2026-03-10T02:45:00+00:00,2026-03-10T03:00:00+00:00,70242.0,70779.82796766753,69435.25804849871,537.8279676675302,1.5,2026-03-10T03:45:00+00:00,69435.25804849871,TP,1.4999999999999865,0.3376180607537616,1.162381939246225,3,
DOGE,RANGE_MEAN_REVERSION,SHORT,41602,41603,2026-03-10T08:30:00+00:00,2026-03-10T08:45:00+00:00,0.09381,0.09461433457676494,0.09260349813485261,0.0008043345767649313,1.5,2026-03-10T09:15:00+00:00,0.09461433457676494,SL,-1.0,0.3045394814866726,-1.3045394814866726,2,
XRP,RANGE_MEAN_REVERSION,SHORT,41602,41603,2026-03-10T08:30:00+00:00,2026-03-10T08:45:00+00:00,1.4066,1.4152893807691345,1.3935659288462985,0.008689380769134392,1.5,2026-03-10T09:15:00+00:00,1.4152893807691345,SL,-1.0,0.42217694131101074,-1.4221769413110108,2,
BTC,RANGE_MEAN_REVERSION,SHORT,41602,41603,2026-03-10T08:30:00+00:00,2026-03-10T08:45:00+00:00,70880.1,71267.40762452155,70299.13856321768,387.30762452154886,1.5,2026-03-10T09:30:00+00:00,71267.40762452155,SL,-1.0,0.4771188280637545,-1.4771188280637544,3,
ADA,RANGE_MEAN_REVERSION,SHORT,41606,41607,2026-03-10T09:30:00+00:00,2026-03-10T09:45:00+00:00,0.2671,0.2686532691801869,0.2647700962297197,0.0015532691801868892,1.5,2026-03-10T11:30:00+00:00,0.2647700962297197,TP,1.4999999999999822,0.44514571841014877,1.0548542815898334,7,
LINK,RANGE_MEAN_REVERSION,SHORT,41600,41601,2026-03-10T08:00:00+00:00,2026-03-10T08:15:00+00:00,9.138,9.19033457793144,9.05949813310284,0.052334577931439696,1.5,2026-03-10T11:45:00+00:00,9.05949813310284,TP,1.5,0.4520290123295718,1.0479709876704282,14,
ETH,RANGE_MEAN_REVERSION,SHORT,41602,41603,2026-03-10T08:30:00+00:00,2026-03-10T08:45:00+00:00,2065.23,2076.071723110571,2048.967415334144,10.84172311057091,1.5,2026-03-10T12:30:00+00:00,2048.967415334144,TP,1.4999999999999791,0.49332164134680107,1.006678358653178,15,
SUI,RANGE_MEAN_REVERSION,SHORT,41606,41607,2026-03-10T09:30:00+00:00,2026-03-10T09:45:00+00:00,0.9729,0.9796499411594717,0.9627750882607924,0.006749941159471695,1.5,2026-03-10T12:30:00+00:00,0.9627750882607924,TP,1.5000000000000082,0.37279993340504647,1.1272000665949617,11,
CRV,RANGE_MEAN_REVERSION,SHORT,41606,41607,2026-03-10T09:30:00+00:00,2026-03-10T09:45:00+00:00,0.253,0.25629610365555866,0.24805584451666202,0.0032961036555586576,1.5,2026-03-10T13:30:00+00:00,0.24805584451666202,TP,1.5,0.19761896649492938,1.3023810335050707,15,
DOGE,RANGE_MEAN_REVERSION,SHORT,41621,41622,2026-03-10T13:15:00+00:00,2026-03-10T13:30:00+00:00,0.09659,0.09746939860543949,0.09527090209184075,0.0008793986054394937,1.5,2026-03-10T13:30:00+00:00,0.09527090209184075,TP,1.500000000000008,0.2836247080409477,1.2163752919590602,0,True
DOGE,RANGE_MEAN_REVERSION,LONG,41674,41675,2026-03-11T02:30:00+00:00,2026-03-11T02:45:00+00:00,0.09259,0.09197222218340896,0.09351666672488657,0.0006177778165910447,1.5,2026-03-11T05:30:00+00:00,0.09197222218340896,SL,-1.0,0.38837731364714995,-1.38837731364715,11,
CRV,RANGE_MEAN_REVERSION,SHORT,41716,41717,2026-03-11T13:00:00+00:00,2026-03-11T13:15:00+00:00,0.241,0.24422161783335536,0.23616757324996696,0.003221617833355367,1.5,2026-03-11T13:30:00+00:00,0.24422161783335536,SL,-1.0,0.19579855085616596,-1.195798550856166,1,
SUI,RANGE_MEAN_REVERSION,SHORT,41717,41718,2026-03-11T13:15:00+00:00,2026-03-11T13:30:00+00:00,0.9749,0.9819685990340938,0.9642971014488593,0.007068599034093848,1.5,2026-03-11T13:30:00+00:00,0.9819685990340938,SL,-1.0,0.35989156641566933,-1.3598915664156692,0,True
UNI,RANGE_MEAN_REVERSION,SHORT,41717,41718,2026-03-11T13:15:00+00:00,2026-03-11T13:30:00+00:00,3.918,3.943654506868474,3.8795182396972896,0.025654506868473703,1.5,2026-03-11T13:30:00+00:00,3.943654506868474,SL,-1.0,0.39837642997099854,-1.3983764299709986,0,True
AVAX,RANGE_MEAN_REVERSION,SHORT,41718,41719,2026-03-11T13:30:00+00:00,2026-03-11T13:45:00+00:00,9.769,9.897772932505415,9.575840601241879,0.12877293250541477,1.5,2026-03-11T15:00:00+00:00,9.575840601241879,TP,1.4999999999999931,0.19529176118247507,1.304708238817518,5,
UNI,RANGE_MEAN_REVERSION,SHORT,41722,41723,2026-03-11T14:30:00+00:00,2026-03-11T14:45:00+00:00,3.951,3.9831805987064843,3.902729101940274,0.032180598706484265,1.5,2026-03-11T15:00:00+00:00,3.902729101940274,TP,1.4999999999999931,0.3172671809385918,1.1827328190614013,1,
BNB,RANGE_MEAN_REVERSION,LONG,41769,41770,2026-03-12T02:15:00+00:00,2026-03-12T02:30:00+00:00,645.55,643.310987454775,648.9085188178374,2.2390125452249094,1.5,2026-03-12T02:30:00+00:00,643.310987454775,SL,-1.0,0.748329564863113,-1.748329564863113,0,True
ETH,RANGE_MEAN_REVERSION,SHORT,41718,41719,2026-03-11T13:30:00+00:00,2026-03-11T13:45:00+00:00,2062.01,2089.2609262213673,2021.1336106679496,27.25092622136708,1.5,2026-03-12T02:45:00+00:00,2021.1336106679496,TP,1.5,0.194785551534991,1.305214448465009,52,
BTC,RANGE_MEAN_REVERSION,LONG,41769,41770,2026-03-12T02:15:00+00:00,2026-03-12T02:30:00+00:00,69560.2,69307.07683778334,69939.88474332498,253.12316221665242,1.5,2026-03-12T02:45:00+00:00,69307.07683778334,SL,-1.0,0.7132000813683017,-1.7132000813683017,1,
LINK,RANGE_MEAN_REVERSION,LONG,41770,41771,2026-03-12T02:30:00+00:00,2026-03-12T02:45:00+00:00,8.898,8.853432245842216,8.964851631236677,0.04456775415778402,1.5,2026-03-12T02:45:00+00:00,8.853432245842216,SL,-1.0,0.5177927933701898,-1.5177927933701898,0,True
SOL,RANGE_MEAN_REVERSION,LONG,41772,41773,2026-03-12T03:00:00+00:00,2026-03-12T03:15:00+00:00,85.15,84.84083316207935,85.61375025688099,0.3091668379206567,1.5,2026-03-12T03:45:00+00:00,84.84083316207935,SL,-1.0,0.7147858567140911,-1.7147858567140912,2,
XRP,RANGE_MEAN_REVERSION,LONG,41770,41771,2026-03-12T02:30:00+00:00,2026-03-12T02:45:00+00:00,1.3723,1.3676056789485795,1.3793414815771308,0.004694321051420536,1.5,2026-03-12T05:15:00+00:00,1.3676056789485795,SL,-1.0,0.7587630551078953,-1.7587630551078952,10,
BNB,RANGE_MEAN_REVERSION,SHORT,41801,41802,2026-03-12T10:15:00+00:00,2026-03-12T10:30:00+00:00,650.75,652.5878381465837,647.9932427801243,1.8378381465837492,1.5,2026-03-12T10:30:00+00:00,652.5878381465837,SL,-1.0,0.9219196982824999,-1.9219196982824998,0,True
LINK,RANGE_MEAN_REVERSION,SHORT,41802,41803,2026-03-12T10:30:00+00:00,2026-03-12T10:45:00+00:00,9.084,9.130358692421092,9.014461961368362,0.046358692421092584,1.5,2026-03-12T11:45:00+00:00,9.014461961368362,TP,1.499999999999981,0.5075207975252111,0.9924792024747698,4,
BTC,RANGE_MEAN_REVERSION,SHORT,41806,41807,2026-03-12T11:30:00+00:00,2026-03-12T11:45:00+00:00,70641.4,70892.13936020412,70265.29095969381,250.73936020412657,1.5,2026-03-12T12:00:00+00:00,70265.29095969381,TP,1.499999999999971,0.7305542221152531,0.7694457778847178,1,
ETH,RANGE_MEAN_REVERSION,SHORT,41802,41803,2026-03-12T10:30:00+00:00,2026-03-12T10:45:00+00:00,2070.04,2079.9891289375437,2055.1163065936844,9.949128937543719,1.5,2026-03-12T13:15:00+00:00,2055.1163065936844,TP,1.5,0.5390123328621527,0.9609876671378473,10,
BTC,RANGE_MEAN_REVERSION,SHORT,41857,41858,2026-03-13T00:15:00+00:00,2026-03-13T00:30:00+00:00,71449.0,71921.19159526957,70740.71260709564,472.1915952695708,1.5,2026-03-13T00:30:00+00:00,71921.19159526957,SL,-1.0,0.3947153040016451,-1.3947153040016451,0,True
DOGE,RANGE_MEAN_REVERSION,SHORT,41857,41858,2026-03-13T00:15:00+00:00,2026-03-13T00:30:00+00:00,0.09689,0.09780785753149968,0.0955132137027505,0.0009178575314996718,1.5,2026-03-13T00:30:00+00:00,0.09780785753149968,SL,-1.0,0.27575871647248135,-1.2757587164724813,0,True
XRP,RANGE_MEAN_REVERSION,SHORT,41857,41858,2026-03-13T00:15:00+00:00,2026-03-13T00:30:00+00:00,1.406,1.4158152207541201,1.3912771688688195,0.009815220754120224,1.5,2026-03-13T00:30:00+00:00,1.4158152207541201,SL,-1.0,0.3737419543458006,-1.3737419543458005,0,True
SUI,RANGE_MEAN_REVERSION,SHORT,41857,41858,2026-03-13T00:15:00+00:00,2026-03-13T00:30:00+00:00,1.0108,1.0223407071968666,0.9934889392046998,0.011540707196866729,1.5,2026-03-13T01:30:00+00:00,1.0223407071968666,SL,-1.0,0.22902261310931768,-1.2290226131093176,4,
BNB,RANGE_MEAN_REVERSION,SHORT,41857,41858,2026-03-13T00:15:00+00:00,2026-03-13T00:30:00+00:00,659.44,664.2512060722297,652.2231908916556,4.811206072229652,1.5,2026-03-13T07:15:00+00:00,664.2512060722297,SL,-1.0,0.35766469821909563,-1.3576646982190956,27,
DOGE,RANGE_MEAN_REVERSION,SHORT,41895,41896,2026-03-13T09:45:00+00:00,2026-03-13T10:00:00+00:00,0.09857,0.09950015612077197,0.09717476581884206,0.0009301561207719633,1.5,2026-03-13T11:00:00+00:00,0.09950015612077197,SL,-1.0,0.27682579000104224,-1.2768257900010422,4,
BTC,RANGE_MEAN_REVERSION,SHORT,41897,41898,2026-03-13T10:15:00+00:00,2026-03-13T10:30:00+00:00,72316.4,72628.88487782211,71847.6726832668,312.4848778221203,1.5,2026-03-13T12:45:00+00:00,72628.88487782211,SL,-1.0,0.6030015649219046,-1.6030015649219047,9,
ADA,RANGE_MEAN_REVERSION,SHORT,41907,41908,2026-03-13T12:45:00+00:00,2026-03-13T13:00:00+00:00,0.2783,0.2813666480334302,0.2737000279498547,0.003066648033430208,1.5,2026-03-13T13:15:00+00:00,0.2813666480334302,SL,-1.0,0.2372514336539748,-1.2372514336539748,1,
BNB,RANGE_MEAN_REVERSION,SHORT,41907,41908,2026-03-13T12:45:00+00:00,2026-03-13T13:00:00+00:00,671.3,675.4239531047219,665.114070342917,4.123953104721977,1.5,2026-03-13T13:15:00+00:00,675.4239531047219,SL,-1.0,0.42452983692552615,-1.4245298369255261,1,
ETH,RANGE_MEAN_REVERSION,SHORT,41907,41908,2026-03-13T12:45:00+00:00,2026-03-13T13:00:00+00:00,2145.23,2161.6788516828924,2120.5567224756614,16.448851682892382,1.5,2026-03-13T13:15:00+00:00,2161.6788516828924,SL,-1.0,0.34038737871355346,-1.3403873787135534,1,
LINK,RANGE_MEAN_REVERSION,SHORT,41907,41908,2026-03-13T12:45:00+00:00,2026-03-13T13:00:00+00:00,9.385,9.467393605903716,9.261409591144425,0.08239360590371625,1.5,2026-03-13T13:15:00+00:00,9.467393605903716,SL,-1.0,0.29745162162601047,-1.2974516216260104,1,
SOL,RANGE_MEAN_REVERSION,SHORT,41908,41909,2026-03-13T13:00:00+00:00,2026-03-13T13:15:00+00:00,91.24,91.80967260471436,90.38549109292845,0.5696726047143699,1.5,2026-03-13T13:15:00+00:00,91.80967260471436,SL,-1.0,0.4177216394413816,-1.4177216394413816,0,True
BTC,RANGE_MEAN_REVERSION,SHORT,41911,41912,2026-03-13T13:45:00+00:00,2026-03-13T14:00:00+00:00,73344.7,73769.11069959626,72708.08395060559,424.41069959626475,1.5,2026-03-13T14:15:00+00:00,73769.11069959626,SL,-1.0,0.45062001050257755,-1.4506200105025775,1,
SOL,RANGE_MEAN_REVERSION,SHORT,41912,41913,2026-03-13T14:00:00+00:00,2026-03-13T14:15:00+00:00,92.41,93.79259593042605,90.33610610436092,1.3825959304260493,1.5,2026-03-13T15:00:00+00:00,90.33610610436092,TP,1.5,0.1718289000477975,1.3281710999522025,3,
CRV,RANGE_MEAN_REVERSION,LONG,41946,41947,2026-03-13T22:30:00+00:00,2026-03-13T22:45:00+00:00,0.233,0.23134476144194036,0.2354828578370895,0.0016552385580596574,1.5,2026-03-13T23:45:00+00:00,0.2354828578370895,TP,1.5,0.36793954093369186,1.1320604590663081,4,
ADA,RANGE_MEAN_REVERSION,LONG,41944,41945,2026-03-13T22:00:00+00:00,2026-03-13T22:15:00+00:00,0.2654,0.26280908605712794,0.2692863709143082,0.002590913942872086,1.5,2026-03-14T01:30:00+00:00,0.26280908605712794,SL,-1.0,0.26503072931595534,-1.2650307293159553,13,
ETH,RANGE_MEAN_REVERSION,LONG,41946,41947,2026-03-13T22:30:00+00:00,2026-03-13T22:45:00+00:00,2082.61,2069.8444167170146,2101.7583749244786,12.765583282985517,1.5,2026-03-14T03:30:00+00:00,2101.7583749244786,TP,1.5000000000000178,0.42612066889666106,1.0738793311033568,19,
LINK,RANGE_MEAN_REVERSION,LONG,41946,41947,2026-03-13T22:30:00+00:00,2026-03-13T22:45:00+00:00,9.039,8.982667128770098,9.123499306844852,0.056332871229901826,1.5,2026-03-14T03:30:00+00:00,9.123499306844852,TP,1.5,0.41913803758622037,1.0808619624137796,19,
SOL,RANGE_MEAN_REVERSION,LONG,41946,41947,2026-03-13T22:30:00+00:00,2026-03-13T22:45:00+00:00,87.84,87.37304165305673,88.54043752041491,0.4669583469432723,1.5,2026-03-14T03:30:00+00:00,88.54043752041491,TP,1.5,0.49103859108100467,1.0089614089189953,19,
CRV,RANGE_MEAN_REVERSION,LONG,41977,41978,2026-03-14T06:15:00+00:00,2026-03-14T06:30:00+00:00,0.227,0.22470354672800155,0.2304446799079977,0.0022964532719984554,1.5,2026-03-14T08:00:00+00:00,0.22470354672800155,SL,-1.0,0.2557050116832497,-1.2557050116832498,6,
ADA,RANGE_MEAN_REVERSION,LONG,41978,41979,2026-03-14T06:30:00+00:00,2026-03-14T06:45:00+00:00,0.2617,0.26071150847677954,0.26318273728483066,0.0009884915232204472,1.5,2026-03-14T08:30:00+00:00,0.26071150847677954,SL,-1.0,0.6870417652214473,-1.6870417652214473,7,
AVAX,RANGE_MEAN_REVERSION,LONG,41978,41979,2026-03-14T06:30:00+00:00,2026-03-14T06:45:00+00:00,9.591,9.55019435670832,9.65220846493752,0.04080564329168013,1.5,2026-03-14T09:45:00+00:00,9.55019435670832,SL,-1.0,0.609806650659869,-1.609806650659869,12,
ETH,RANGE_MEAN_REVERSION,LONG,41978,41979,2026-03-14T06:30:00+00:00,2026-03-14T06:45:00+00:00,2074.3,2062.3841175761427,2092.1738236357864,11.91588242385751,1.5,2026-03-14T10:30:00+00:00,2062.3841175761427,SL,-1.0,0.451304331610556,-1.451304331610556,15,
DOGE,RANGE_MEAN_REVERSION,LONG,41978,41979,2026-03-14T06:30:00+00:00,2026-03-14T06:45:00+00:00,0.09444,0.09389885980570455,0.09525171029144316,0.0005411401942954502,1.5,2026-03-14T11:30:00+00:00,0.09525171029144316,TP,1.4999999999999871,0.4557030247955275,1.0442969752044595,19,
LINK,RANGE_MEAN_REVERSION,SHORT,42039,42040,2026-03-14T21:45:00+00:00,2026-03-14T22:00:00+00:00,9.086,9.109297705566235,9.051053441650648,0.023297705566234228,1.5,2026-03-14T23:00:00+00:00,9.109297705566235,SL,-1.0,1.0152882630432971,-2.0152882630432973,4,
BNB,RANGE_MEAN_REVERSION,SHORT,42044,42045,2026-03-14T23:00:00+00:00,2026-03-14T23:15:00+00:00,656.52,657.9268755243647,654.4096867134529,1.4068755243647502,1.5,2026-03-14T23:45:00+00:00,657.9268755243647,SL,-1.0,1.214592839656688,-2.214592839656688,2,
DOGE,RANGE_MEAN_REVERSION,SHORT,42044,42045,2026-03-14T23:00:00+00:00,2026-03-14T23:15:00+00:00,0.09564,0.09605086108681628,0.09502370836977558,0.00041086108681627487,1.5,2026-03-14T23:45:00+00:00,0.09605086108681628,SL,-1.0,0.6065264572604688,-1.6065264572604687,2,
XRP,RANGE_MEAN_REVERSION,SHORT,42046,42047,2026-03-14T23:30:00+00:00,2026-03-14T23:45:00+00:00,1.4035,1.4066334386969195,1.3987998419546206,0.0031334386969195105,1.5,2026-03-14T23:45:00+00:00,1.4066334386969195,SL,-1.0,1.165867222453542,-2.1658672224535422,0,True
AVAX,RANGE_MEAN_REVERSION,SHORT,42044,42045,2026-03-14T23:00:00+00:00,2026-03-14T23:15:00+00:00,9.686,9.7336336291013,9.614549556348049,0.0476336291013002,1.5,2026-03-15T00:00:00+00:00,9.7336336291013,SL,-1.0,0.5299937081036429,-1.529993708103643,3,
BTC,RANGE_MEAN_REVERSION,SHORT,42047,42048,2026-03-14T23:45:00+00:00,2026-03-15T00:00:00+00:00,71174.4,71303.31736476591,70981.02395285112,128.91736476591905,1.5,2026-03-15T00:15:00+00:00,70981.02395285112,TP,1.5,1.4334923109408857,0.0665076890591143,1,
FET,RANGE_MEAN_REVERSION,SHORT,42053,42054,2026-03-15T01:15:00+00:00,2026-03-15T01:30:00+00:00,0.1822,0.18322367353238195,0.18066448970142707,0.0010236735323819468,1.5,2026-03-15T01:30:00+00:00,0.18322367353238195,SL,-1.0,0.464064724313736,-1.4640647243137361,0,True
SOL,RANGE_MEAN_REVERSION,SHORT,42044,42045,2026-03-14T23:00:00+00:00,2026-03-14T23:15:00+00:00,87.85,88.22462422831663,87.28806365752504,0.3746242283166339,1.5,2026-03-15T02:00:00+00:00,88.22462422831663,SL,-1.0,0.6110042922887169,-1.6110042922887169,11,
SUI,RANGE_MEAN_REVERSION,SHORT,42046,42047,2026-03-14T23:30:00+00:00,2026-03-14T23:45:00+00:00,0.9999,1.004939365901911,0.9923409511471335,0.005039365901911008,1.5,2026-03-15T02:00:00+00:00,1.004939365901911,SL,-1.0,0.5171863338369888,-1.5171863338369889,9,
ETH,RANGE_MEAN_REVERSION,SHORT,42044,42045,2026-03-14T23:00:00+00:00,2026-03-14T23:15:00+00:00,2092.69,2101.5409011723905,2079.413648241414,8.850901172390422,1.5,2026-03-15T02:30:00+00:00,2101.5409011723905,SL,-1.0,0.6160389846553347,-1.6160389846553347,13,
FET,RANGE_MEAN_REVERSION,SHORT,42057,42058,2026-03-15T02:15:00+00:00,2026-03-15T02:30:00+00:00,0.1872,0.18984416180129013,0.18323375729806482,0.0026441618012901236,1.5,2026-03-15T02:30:00+00:00,0.18984416180129013,SL,-1.0,0.1853734556268541,-1.185373455626854,0,True
XRP,RANGE_MEAN_REVERSION,SHORT,42057,42058,2026-03-15T02:15:00+00:00,2026-03-15T02:30:00+00:00,1.4148,1.4190159020593038,1.4084761469110445,0.004215902059303778,1.5,2026-03-15T02:45:00+00:00,1.4190159020593038,SL,-1.0,0.8738250132132984,-1.8738250132132985,1,
AVAX,RANGE_MEAN_REVERSION,SHORT,42060,42061,2026-03-15T03:00:00+00:00,2026-03-15T03:15:00+00:00,9.789,9.819989973071165,9.742515040393252,0.03098997307116491,1.5,2026-03-15T03:30:00+00:00,9.742515040393252,TP,1.5,0.8193285452105358,0.6806714547894642,1,
SUI,RANGE_MEAN_REVERSION,SHORT,42059,42060,2026-03-15T02:45:00+00:00,2026-03-15T03:00:00+00:00,1.0121,1.0208026379887525,0.9990460430168713,0.008702637988752482,1.5,2026-03-15T06:30:00+00:00,0.9990460430168713,TP,1.5,0.30042498140230217,1.1995750185976979,14,
BNB,RANGE_MEAN_REVERSION,SHORT,42059,42060,2026-03-15T02:45:00+00:00,2026-03-15T03:00:00+00:00,659.31,661.5404404198547,655.9643393702179,2.2304404198547445,1.5,2026-03-15T08:15:00+00:00,661.5404404198547,SL,-1.0,0.7698504552108305,-1.7698504552108305,21,
AVAX,RANGE_MEAN_REVERSION,SHORT,42085,42086,2026-03-15T09:15:00+00:00,2026-03-15T09:30:00+00:00,9.824,9.854519218085336,9.778221172871994,0.03051921808533642,1.5,2026-03-15T09:30:00+00:00,9.854519218085336,SL,-1.0,0.8382283881578986,-1.8382283881578987,0,True
BNB,RANGE_MEAN_REVERSION,SHORT,42084,42085,2026-03-15T09:00:00+00:00,2026-03-15T09:15:00+00:00,665.7,667.4866630044801,663.02000549328,1.7866630044800331,1.5,2026-03-15T09:45:00+00:00,663.02000549328,TP,1.5,0.9667945229794273,0.5332054770205727,2,
ETH,RANGE_MEAN_REVERSION,LONG,42102,42103,2026-03-15T13:30:00+00:00,2026-03-15T13:45:00+00:00,2089.68,2080.6980623985787,2103.1529064021315,8.981937601421123,1.5,2026-03-15T17:45:00+00:00,2103.1529064021315,TP,1.5,0.6068493258581937,0.8931506741418063,16,
SUI,RANGE_MEAN_REVERSION,SHORT,42232,42233,2026-03-16T22:00:00+00:00,2026-03-16T22:15:00+00:00,1.08,1.0889485189673784,1.0665772215489326,0.00894851896737836,1.5,2026-03-16T23:00:00+00:00,1.0665772215489326,TP,1.4999999999999876,0.3118449430778999,1.1881550569220876,3,
SUI,RANGE_MEAN_REVERSION,LONG,42290,42291,2026-03-17T12:30:00+00:00,2026-03-17T12:45:00+00:00,1.0131,1.0052871412054427,1.0248192881918357,0.007812858794557176,1.5,2026-03-17T14:45:00+00:00,1.0248192881918357,TP,1.5,0.3390941964156598,1.1609058035843403,8,
SOL,RANGE_MEAN_REVERSION,SHORT,42314,42315,2026-03-17T18:30:00+00:00,2026-03-17T18:45:00+00:00,95.28,95.952078650245,94.2718820246325,0.6720786502449982,1.5,2026-03-18T00:15:00+00:00,94.2718820246325,TP,1.5,0.36664971658033435,1.1333502834196656,22,
XRP,RANGE_MEAN_REVERSION,LONG,42382,42383,2026-03-18T11:30:00+00:00,2026-03-18T11:45:00+00:00,1.4914,1.4785777027624103,1.5106334458563846,0.012822297237589764,1.5,2026-03-18T12:15:00+00:00,1.4785777027624103,SL,-1.0,0.30111382867278536,-1.3011138286727855,2,
ADA,RANGE_MEAN_REVERSION,LONG,42382,42383,2026-03-18T11:30:00+00:00,2026-03-18T11:45:00+00:00,0.2803,0.2769127923213094,0.2853808115180359,0.003387207678690607,1.5,2026-03-18T12:30:00+00:00,0.2769127923213094,SL,-1.0,0.2138565741258961,-1.213856574125896,3,
UNI,RANGE_MEAN_REVERSION,LONG,42382,42383,2026-03-18T11:30:00+00:00,2026-03-18T11:45:00+00:00,3.864,3.828039950234146,3.9179400746487807,0.035960049765853874,1.5,2026-03-18T12:30:00+00:00,3.828039950234146,SL,-1.0,0.27807669901501725,-1.2780766990150172,3,
DOGE,RANGE_MEAN_REVERSION,LONG,42383,42384,2026-03-18T11:45:00+00:00,2026-03-18T12:00:00+00:00,0.09704,0.09618694315190932,0.09831958527213602,0.0008530568480906858,1.5,2026-03-18T12:30:00+00:00,0.09618694315190932,SL,-1.0,0.29446457954086824,-1.2944645795408682,2,
UNI,RANGE_MEAN_REVERSION,LONG,42461,42462,2026-03-19T07:15:00+00:00,2026-03-19T07:30:00+00:00,3.597,3.5652626785894443,3.6446059821158334,0.03173732141055563,1.5,2026-03-19T12:30:00+00:00,3.5652626785894443,SL,-1.0,0.29337515166196476,-1.2933751516619647,20,
ADA,RANGE_MEAN_REVERSION,LONG,42461,42462,2026-03-19T07:15:00+00:00,2026-03-19T07:30:00+00:00,0.268,0.2650319174740391,0.2724521237889414,0.0029680825259609245,1.5,2026-03-19T12:45:00+00:00,0.2650319174740391,SL,-1.0,0.2334643618077665,-1.2334643618077665,21,
SUI,RANGE_MEAN_REVERSION,LONG,42461,42462,2026-03-19T07:15:00+00:00,2026-03-19T07:30:00+00:00,0.9594,0.9493077091081343,0.9745384363377986,0.010092290891865696,1.5,2026-03-19T12:45:00+00:00,0.9493077091081343,SL,-1.0,0.2458629114466467,-1.2458629114466466,21,
AVAX,RANGE_MEAN_REVERSION,LONG,42752,42753,2026-03-22T08:00:00+00:00,2026-03-22T08:15:00+00:00,9.136,9.074931369624352,9.22760294556347,0.06106863037564736,1.5,2026-03-22T11:15:00+00:00,9.074931369624352,SL,-1.0,0.3876656580454822,-1.3876656580454823,12,
BTC,RANGE_MEAN_REVERSION,LONG,42720,42721,2026-03-22T00:00:00+00:00,2026-03-22T00:15:00+00:00,68652.2,68028.10920067444,69588.33619898833,624.0907993255532,1.5,2026-03-22T21:00:00+00:00,68028.10920067444,SL,-1.0,0.28470921563480506,-1.284709215634805,83,
FET,RANGE_MEAN_REVERSION,SHORT,42903,42904,2026-03-23T21:45:00+00:00,2026-03-23T22:00:00+00:00,0.2262,0.23003403614228185,0.22044894578657726,0.003834036142281838,1.5,2026-03-24T00:45:00+00:00,0.23003403614228185,SL,-1.0,0.15469448512605274,-1.1546944851260528,11,
DOGE,RANGE_MEAN_REVERSION,SHORT,43028,43029,2026-03-25T05:00:00+00:00,2026-03-25T05:15:00+00:00,0.09656,0.09723364290702254,0.09554953563946622,0.0006736429070225286,1.5,2026-03-25T06:15:00+00:00,0.09723364290702254,SL,-1.0,0.3739840992205444,-1.3739840992205443,4,
UNI,RANGE_MEAN_REVERSION,SHORT,43041,43042,2026-03-25T08:15:00+00:00,2026-03-25T08:30:00+00:00,3.671,3.694191231291722,3.636213153062416,0.023191231291722403,1.5,2026-03-25T08:30:00+00:00,3.694191231291722,SL,-1.0,0.4128607265495529,-1.412860726549553,0,True
SOL,RANGE_MEAN_REVERSION,SHORT,43028,43029,2026-03-25T05:00:00+00:00,2026-03-25T05:15:00+00:00,92.56,93.23609353562371,91.54585969656443,0.676093535623707,1.5,2026-03-25T11:15:00+00:00,93.23609353562371,SL,-1.0,0.35725074840937654,-1.3572507484093765,24,
BTC,RANGE_MEAN_REVERSION,SHORT,43053,43054,2026-03-25T11:15:00+00:00,2026-03-25T11:30:00+00:00,71832.9,72077.0465733242,71466.68014001369,244.14657332420757,1.5,2026-03-25T12:15:00+00:00,71466.68014001369,TP,1.4999999999999702,0.7630230137804963,0.7369769862194739,3,
CRV,RANGE_MEAN_REVERSION,SHORT,43025,43026,2026-03-25T04:15:00+00:00,2026-03-25T04:30:00+00:00,0.236,0.23950064197542884,0.23074903703685673,0.0035006419754288476,1.5,2026-03-25T17:00:00+00:00,0.23950064197542884,SL,-1.0,0.1765821351931686,-1.1765821351931687,50,
AVAX,RANGE_MEAN_REVERSION,LONG,43114,43115,2026-03-26T02:30:00+00:00,2026-03-26T02:45:00+00:00,9.576,9.541314010387282,9.628028984419078,0.034685989612718515,1.5,2026-03-26T03:15:00+00:00,9.541314010387282,SL,-1.0,0.716499903591929,-1.716499903591929,2,
DOGE,RANGE_MEAN_REVERSION,LONG,43114,43115,2026-03-26T02:30:00+00:00,2026-03-26T02:45:00+00:00,0.09469,0.09425108547853774,0.09534837178219338,0.00043891452146226084,1.5,2026-03-26T03:15:00+00:00,0.09425108547853774,SL,-1.0,0.559615595090805,-1.559615595090805,2,
LINK,RANGE_MEAN_REVERSION,LONG,43114,43115,2026-03-26T02:30:00+00:00,2026-03-26T02:45:00+00:00,9.257,9.209474730911811,9.328287903632283,0.04752526908818844,1.5,2026-03-26T05:00:00+00:00,9.209474730911811,SL,-1.0,0.5051295365764005,-1.5051295365764004,9,
SOL,RANGE_MEAN_REVERSION,LONG,43127,43128,2026-03-26T05:45:00+00:00,2026-03-26T06:00:00+00:00,89.17,88.79294243886184,89.73558634170723,0.3770575611381588,1.5,2026-03-26T07:30:00+00:00,88.79294243886184,SL,-1.0,0.6135716373706402,-1.6135716373706401,6,
BNB,RANGE_MEAN_REVERSION,LONG,43128,43129,2026-03-26T06:00:00+00:00,2026-03-26T06:15:00+00:00,635.37,632.8643815109698,639.1284277335453,2.505618489030212,1.5,2026-03-26T08:30:00+00:00,632.8643815109698,SL,-1.0,0.6580030851394237,-1.6580030851394238,9,
ETH,RANGE_MEAN_REVERSION,LONG,43127,43128,2026-03-26T05:45:00+00:00,2026-03-26T06:00:00+00:00,2118.63,2106.0018749001697,2137.5721876497455,12.628125099830413,1.5,2026-03-26T09:30:00+00:00,2106.0018749001697,SL,-1.0,0.43490394606907823,-1.4349039460690782,14,
BTC,RANGE_MEAN_REVERSION,LONG,43128,43129,2026-03-26T06:00:00+00:00,2026-03-26T06:15:00+00:00,70042.1,69670.66332117676,70599.25501823486,371.4366788232437,1.5,2026-03-26T09:30:00+00:00,69670.66332117676,SL,-1.0,0.4889839982764889,-1.488983998276489,13,
AVAX,RANGE_MEAN_REVERSION,LONG,43143,43144,2026-03-26T09:45:00+00:00,2026-03-26T10:00:00+00:00,9.288,9.243584654453759,9.354623018319362,0.04441534554624127,1.5,2026-03-26T10:00:00+00:00,9.243584654453759,SL,-1.0,0.5424039767000898,-1.5424039767000899,0,True
SUI,RANGE_MEAN_REVERSION,LONG,43143,43144,2026-03-26T09:45:00+00:00,2026-03-26T10:00:00+00:00,0.9282,0.9210343828139458,0.9389484257790814,0.007165617186054241,1.5,2026-03-26T11:15:00+00:00,0.9210343828139458,SL,-1.0,0.3354916450653847,-1.3354916450653846,5,
XRP,RANGE_MEAN_REVERSION,LONG,43142,43143,2026-03-26T09:30:00+00:00,2026-03-26T09:45:00+00:00,1.371,1.3638097267742402,1.3817854098386397,0.0071902732257598245,1.5,2026-03-26T13:45:00+00:00,1.3817854098386397,TP,1.5,0.4977030664105347,1.0022969335894654,16,
BTC,RANGE_MEAN_REVERSION,LONG,43149,43150,2026-03-26T11:15:00+00:00,2026-03-26T11:30:00+00:00,69282.0,68981.12256256872,69733.31615614692,300.87743743127794,1.5,2026-03-26T13:45:00+00:00,69733.31615614692,TP,1.5,0.6006429479919658,0.8993570520080342,9,
ADA,RANGE_MEAN_REVERSION,LONG,43142,43143,2026-03-26T09:30:00+00:00,2026-03-26T09:45:00+00:00,0.2576,0.25591823979989775,0.26012264030015336,0.0016817602001022447,1.5,2026-03-26T15:00:00+00:00,0.25591823979989775,SL,-1.0,0.39694940556880887,-1.396949405568809,21,
BNB,RANGE_MEAN_REVERSION,LONG,43142,43143,2026-03-26T09:30:00+00:00,2026-03-26T09:45:00+00:00,629.57,626.9489166986598,633.5016249520104,2.6210833013402635,1.5,2026-03-26T15:00:00+00:00,626.9489166986598,SL,-1.0,0.623205905311364,-1.623205905311364,21,
LINK,RANGE_MEAN_REVERSION,LONG,43142,43143,2026-03-26T09:30:00+00:00,2026-03-26T09:45:00+00:00,8.968,8.904068908451528,9.063896637322708,0.0639310915484721,1.5,2026-03-26T15:00:00+00:00,8.904068908451528,SL,-1.0,0.36341768955049625,-1.3634176895504964,21,
XRP,RANGE_MEAN_REVERSION,LONG,43165,43166,2026-03-26T15:15:00+00:00,2026-03-26T15:30:00+00:00,1.3581,1.3484598052332035,1.372560292150195,0.009640194766796562,1.5,2026-03-26T18:00:00+00:00,1.3484598052332035,SL,-1.0,0.36498513068656313,-1.3649851306865632,10,
SOL,RANGE_MEAN_REVERSION,LONG,43176,43177,2026-03-26T18:00:00+00:00,2026-03-26T18:15:00+00:00,86.49,86.06261327959061,87.13108008061408,0.4273867204093875,1.5,2026-03-26T18:15:00+00:00,86.06261327959061,SL,-1.0,0.5248604754228126,-1.5248604754228126,0,True
UNI,RANGE_MEAN_REVERSION,LONG,43177,43178,2026-03-26T18:15:00+00:00,2026-03-26T18:30:00+00:00,3.484,3.465885229663705,3.5111721555044424,0.01811477033629494,1.5,2026-03-26T20:00:00+00:00,3.5111721555044424,TP,1.5,0.502006022341641,0.997993977658359,6,
BTC,RANGE_MEAN_REVERSION,LONG,43234,43235,2026-03-27T08:30:00+00:00,2026-03-27T08:45:00+00:00,67780.4,67400.49371450333,68350.25942824499,379.90628549666144,1.5,2026-03-27T10:30:00+00:00,67400.49371450333,SL,-1.0,0.46257503110039666,-1.4625750311003967,7,
LINK,RANGE_MEAN_REVERSION,LONG,43234,43235,2026-03-27T08:30:00+00:00,2026-03-27T08:45:00+00:00,8.798,8.735285705713666,8.8920714414295,0.06271429428633368,1.5,2026-03-27T10:30:00+00:00,8.735285705713666,SL,-1.0,0.36344619160284064,-1.3634461916028406,7,
UNI,RANGE_MEAN_REVERSION,LONG,43234,43235,2026-03-27T08:30:00+00:00,2026-03-27T08:45:00+00:00,3.472,3.449297022270472,3.506054466594292,0.022702977729527785,1.5,2026-03-27T10:30:00+00:00,3.449297022270472,SL,-1.0,0.3963218497655093,-1.3963218497655094,7,
DOGE,RANGE_MEAN_REVERSION,SHORT,43336,43337,2026-03-28T10:00:00+00:00,2026-03-28T10:15:00+00:00,0.09168,0.09232139985513119,0.09071790021730322,0.0006413998551311889,1.5,2026-03-28T13:30:00+00:00,0.09232139985513119,SL,-1.0,0.37293712790556416,-1.3729371279055642,13,
DOGE,RANGE_MEAN_REVERSION,LONG,43388,43389,2026-03-28T23:00:00+00:00,2026-03-28T23:15:00+00:00,0.09072,0.0900315991269984,0.09175260130950239,0.0006884008730015934,1.5,2026-03-29T15:15:00+00:00,0.0900315991269984,SL,-1.0,0.3413375666427344,-1.3413375666427343,64,
DOGE,RANGE_MEAN_REVERSION,LONG,43561,43562,2026-03-30T18:15:00+00:00,2026-03-30T18:30:00+00:00,0.09114,0.09064670730745053,0.0918799390388242,0.0004932926925494685,1.5,2026-03-30T19:15:00+00:00,0.09064670730745053,SL,-1.0,0.4790720054625312,-1.4790720054625313,3,
AVAX,RANGE_MEAN_REVERSION,LONG,43621,43622,2026-03-31T09:15:00+00:00,2026-03-31T09:30:00+00:00,8.758,8.711691495632842,8.827462756550736,0.04630850436715761,1.5,2026-03-31T09:45:00+00:00,8.711691495632842,SL,-1.0,0.4904196163249281,-1.4904196163249281,1,
DOGE,RANGE_MEAN_REVERSION,LONG,43621,43622,2026-03-31T09:15:00+00:00,2026-03-31T09:30:00+00:00,0.09005,0.08946516646907778,0.09092725029638335,0.0005848335309222297,1.5,2026-03-31T09:45:00+00:00,0.08946516646907778,SL,-1.0,0.3990361428863324,-1.3990361428863323,1,
ADA,RANGE_MEAN_REVERSION,LONG,43623,43624,2026-03-31T09:45:00+00:00,2026-03-31T10:00:00+00:00,0.2402,0.2385768729506679,0.24263469057399814,0.001623127049332096,1.5,2026-03-31T13:30:00+00:00,0.24263469057399814,TP,1.5,0.3867134726172452,1.1132865273827548,14,
CRV,RANGE_MEAN_REVERSION,LONG,43619,43620,2026-03-31T08:45:00+00:00,2026-03-31T09:00:00+00:00,0.21,0.20775640178288113,0.21336539732567827,0.002243598217118864,1.5,2026-03-31T13:45:00+00:00,0.21336539732567827,TP,1.4999999999999938,0.245309080887999,1.2546909191119948,19,
