coin,variant,entry_time,exit_time,side,entry,sl,tp,result,R,mfe_R,mae_R,dist_ema20_atr,move5_atr,range_atr,h4_adx_pct
ADA,LEGACY_BASELINE,2026-05-07 08:30:00+00:00,2026-05-07 14:30:00+00:00,LONG,0.2677,0.26216101701808947,0.27462372872738816,SL,-1.0,0.45134639484624206,-1.0110159244555803,0.791473776664008,0.2633928730846785,0.965773867977252,1.0
ADA,LEGACY_BASELINE,2026-05-09 02:15:00+00:00,2026-05-09 15:00:00+00:00,LONG,0.2766,0.27034893608336935,0.28441382989578834,SL,-1.0,0.20796459888074076,-1.0718175480776968,1.147938759134917,0.37007871636963435,0.66614168946535,0.98
ADA,LEGACY_BASELINE,2026-06-03 21:45:00+00:00,2026-06-04 00:30:00+00:00,SHORT,0.2053,0.21255633484792955,0.1962295814400881,TP,1.25,1.3092008843432388,-0.17915380522591612,0.4225180898933309,1.5372922783960594,1.2526085231375146,0.93
ADA,LEGACY_BASELINE,2026-06-24 08:30:00+00:00,2026-06-24 10:00:00+00:00,SHORT,0.1507,0.15368659166362597,0.14696676042046752,TP,1.25,1.2723533807050416,-0.13393193481106092,0.8004133870040784,0.145646976649671,1.0195288365478181,0.85
ADA,LEGACY_BASELINE,2026-06-24 18:15:00+00:00,2026-06-24 22:00:00+00:00,SHORT,0.1421,0.1485250838885308,0.1340686451393365,SL,-1.0,0.3424079806844471,-1.13617193590748,0.8568628988229815,0.0,1.4338714827380694,0.86
ADA,LEGACY_BASELINE,2026-08-02 10:45:00+00:00,2026-08-02 13:30:00+00:00,LONG,0.1867,0.18277029646348836,0.19161212942063957,TP,1.25,1.3741494618684407,-0.15268327354094255,0.34235418047372757,0.6537214408750255,1.2420707376625557,0.84
ADA,LEGACY_BASELINE,2026-08-02 16:15:00+00:00,2026-08-03 01:15:00+00:00,LONG,0.1898,0.1848900729385831,0.19593740882677113,SL,-1.0,0.2444028159664169,-1.0183450665267324,0.38320150858814117,0.06622836463779146,0.6622836463779881,0.86
ADA,LEGACY_BASELINE,2026-08-21 16:00:00+00:00,2026-08-21 22:15:00+00:00,LONG,0.2173,0.2077584080696243,0.22922698991296958,TP,1.25,1.2576517721113163,-0.37729553163339374,0.29519590430906195,0.09863256047070772,1.3808558465899354,1.0
ADA,LEGACY_BASELINE,2026-08-21 23:45:00+00:00,2026-08-22 04:30:00+00:00,LONG,0.2292,0.21073551402803375,0.2522806074649578,TP,1.25,1.5326719651425222,-0.17872146590001114,1.1580683059745045,0.809583861315481,1.2481084528613626,1.0
ADA,EARLY_RECLAIM_LEGACY_STOP,2026-04-06 09:00:00+00:00,2026-04-06 16:45:00+00:00,LONG,0.2561,0.25286834507527955,0.26013956865590054,SL,-1.0,1.2068120176343986,-1.2686998134105147,0.2922550426972051,0.7509452947879502,1.5018905895758587,
ADA,EARLY_RECLAIM_LEGACY_STOP,2026-04-22 15:30:00+00:00,2026-04-22 16:45:00+00:00,LONG,0.2554,0.25275471562497714,0.2587066054687786,SL,-1.0,0.15121247597304277,-1.096290450804534,0.29167171690766697,0.09566774591632239,0.9566774591633301,0.0547945205479452
ADA,EARLY_RECLAIM_LEGACY_STOP,2026-04-25 05:30:00+00:00,2026-04-25 16:30:00+00:00,LONG,0.2515,0.248650546405156,0.255061816993555,SL,-1.0,0.8071722958260479,-1.0177389816937066,0.6735741185307704,0.1334305428487556,1.6011665141852895,0.006172839506172839
ADA,EARLY_RECLAIM_LEGACY_STOP,2026-04-26 14:15:00+00:00,2026-04-26 21:45:00+00:00,LONG,0.2523,0.25060848489869564,0.2544143938766305,SL,-1.0,0.7094231668843022,-1.1232533475668391,0.03848159970296367,0.6316998869333547,1.8950996608000639,0.03529411764705882
ADA,EARLY_RECLAIM_LEGACY_STOP,2026-05-04 09:30:00+00:00,2026-05-04 10:00:00+00:00,LONG,0.253,0.24990758510870756,0.25686551861411555,SL,-1.0,0.06467437489165302,-1.7462081220748291,1.056919712231922,1.4567215458689604,2.0169990635107964,0.155
ADA,EARLY_RECLAIM_LEGACY_STOP,2026-05-11 13:00:00+00:00,2026-05-12 10:30:00+00:00,LONG,0.2798,0.2741284973743685,0.28688937828203936,SL,-1.0,0.6523844286483089,-1.1637127646159076,0.83048028338398,0.4374763772134272,1.531167320247056,0.955
ADA,EARLY_RECLAIM_LEGACY_STOP,2026-05-21 13:30:00+00:00,2026-05-21 17:15:00+00:00,SHORT,0.2464,0.2512621843618842,0.2403222695476448,SL,-1.0,0.06170066325575106,-1.316280816122716,1.125460969755663,0.0,1.455022608409954,0.955
ADA,EARLY_RECLAIM_LEGACY_STOP,2026-05-24 18:15:00+00:00,2026-05-24 21:45:00+00:00,SHORT,0.2425,0.2458068078409967,0.2383664901987541,TP,1.25,1.2701070645623156,-0.15120322197170502,0.8685961228934923,0.42444350868682806,0.9903681869359584,0.58
ADA,EARLY_RECLAIM_LEGACY_STOP,2026-05-27 01:45:00+00:00,2026-05-27 04:30:00+00:00,SHORT,0.2403,0.24266486306689863,0.23734392116637673,TP,1.25,1.6068583645240413,-0.16914298573936473,0.2981777073007713,0.8093766826118896,1.1562524037313076,0.375
ADA,EARLY_RECLAIM_LEGACY_STOP,2026-05-27 08:45:00+00:00,2026-05-27 15:15:00+00:00,SHORT,0.2397,0.24192239276993704,0.23692200903757868,SL,-1.0,1.1249136668451354,-1.2149067601927486,0.503008198510813,0.24319279948839448,1.5807531966745134,0.37
ADA,EARLY_RECLAIM_LEGACY_STOP,2026-05-28 10:45:00+00:00,2026-05-28 14:15:00+00:00,SHORT,0.2297,0.23294647098528456,0.22564191126839428,SL,-1.0,0.24642142302401301,-1.3553178266320844,1.0448920583920898,1.3378297341128107,1.1467112006681195,0.385
ADA,EARLY_RECLAIM_LEGACY_STOP,2026-05-29 23:00:00+00:00,2026-05-30 01:15:00+00:00,SHORT,0.232,0.2359665697845362,0.22704178776932976,SL,-1.0,0.10084279912568926,-1.0840600906011282,0.8303858583247848,0.08572140417621762,1.714428083524543,0.335
ADA,EARLY_RECLAIM_LEGACY_STOP,2026-06-01 21:00:00+00:00,2026-06-02 02:00:00+00:00,SHORT,0.2297,0.2330273388547885,0.22554082643151435,TP,1.25,1.5928645176527672,-0.6010809500576486,0.5961810594790912,1.4192715821013868,1.330567108220036,0.195
ADA,EARLY_RECLAIM_LEGACY_STOP,2026-06-02 13:00:00+00:00,2026-06-02 14:15:00+00:00,SHORT,0.2225,0.22551502569758225,0.2187312178780222,TP,1.25,2.089534429193084,-0.39800655794154205,0.8491612374378719,0.3940786927392801,0.9851967318482413,0.41
ADA,EARLY_RECLAIM_LEGACY_STOP,2026-06-04 18:45:00+00:00,2026-06-04 21:30:00+00:00,SHORT,0.1883,0.19455417624038995,0.18048227969951255,TP,1.25,1.56695296443852,-0.1758824756002448,0.1281536518276936,0.5946878470611391,1.0194648806762436,1.0
ADA,EARLY_RECLAIM_LEGACY_STOP,2026-06-05 22:00:00+00:00,2026-06-06 04:00:00+00:00,SHORT,0.1599,0.1659160221596959,0.1523799723003801,TP,1.25,1.4295160110305685,-0.4155569799507472,0.5069709606815649,1.0830216609067629,1.5794065888223425,1.0
ADA,EARLY_RECLAIM_LEGACY_STOP,2026-06-06 10:00:00+00:00,2026-06-07 03:15:00+00:00,SHORT,0.1548,0.1620990650217253,0.14567616872284336,SL,-1.0,0.19180538820149612,-1.000128095622098,1.0818677407718682,2.4222446031999936,1.2111223015999968,1.0
ADA,EARLY_RECLAIM_LEGACY_STOP,2026-06-10 07:45:00+00:00,2026-06-10 13:30:00+00:00,SHORT,0.1612,0.16386268157026854,0.15787164803716436,SL,-1.0,1.0515714801442149,-1.6900255930889097,0.40160201303016335,0.37640626429508317,0.7528125285901401,0.63
ADA,EARLY_RECLAIM_LEGACY_STOP,2026-06-17 13:15:00+00:00,2026-06-17 15:45:00+00:00,SHORT,0.1686,0.17130807966242192,0.1652149004219726,SL,-1.0,0.664677640387505,-1.0339429961583422,0.6504020949911327,0.39679403812096553,1.0911836048326415,0.295
ADA,EARLY_RECLAIM_LEGACY_STOP,2026-06-18 03:15:00+00:00,2026-06-18 15:15:00+00:00,SHORT,0.1668,0.1697473821825118,0.16311577227186025,TP,1.25,1.6624922377131803,-0.23749889110188424,0.7836224036904927,0.9547613246597353,1.4321419869896028,0.265
ADA,EARLY_RECLAIM_LEGACY_STOP,2026-06-21 10:45:00+00:00,2026-06-21 21:00:00+00:00,SHORT,0.1614,0.16317014611160416,0.15918731736049477,TP,1.25,1.751267864092111,-0.7908951644287044,0.07698563966073277,0.14922118963078582,1.6414330859383957,0.395
ADA,EARLY_RECLAIM_LEGACY_STOP,2026-06-23 01:30:00+00:00,2026-06-23 06:15:00+00:00,SHORT,0.1583,0.16073676901966075,0.15525403872542407,TP,1.25,2.01085944562861,-0.6976451137895223,0.4281367251795647,0.23901458502979497,2.0316239727532075,0.645
ADA,EARLY_RECLAIM_LEGACY_STOP,2026-06-26 01:15:00+00:00,2026-06-26 02:15:00+00:00,SHORT,0.1424,0.1451816657365365,0.13892291782932936,TP,1.25,1.2582388868757088,-0.035949682482159115,0.847681044578798,2.041590055513608,1.1342166975075636,0.84
ADA,EARLY_RECLAIM_LEGACY_STOP,2026-06-28 02:15:00+00:00,2026-06-28 17:30:00+00:00,SHORT,0.1448,0.14662353147550589,0.14252058565561768,TP,1.25,1.3161275427583274,-0.9322570094537989,0.9556510414749985,0.32075365535911726,2.084898759834529,0.71
ADA,EARLY_RECLAIM_LEGACY_STOP,2026-06-28 21:30:00+00:00,2026-06-29 03:00:00+00:00,SHORT,0.1428,0.1447630324353694,0.1403462094557883,SL,-1.0,0.9169486797915892,-1.4263646130091183,0.8709926692076929,1.0557552883668455,0.904933104314451,0.685
ADA,EARLY_RECLAIM_LEGACY_STOP,2026-07-12 14:00:00+00:00,2026-07-12 22:00:00+00:00,SHORT,0.1639,0.1659301738337329,0.16136228270783384,TP,1.25,1.3791922413124562,-0.6895961206562349,0.8489074669176754,1.4281773565061604,1.5868637294512697,0.005
ADA,EARLY_RECLAIM_LEGACY_STOP,2026-07-14 02:15:00+00:00,2026-07-14 05:00:00+00:00,SHORT,0.1569,0.15911390998431948,0.15413261251960067,SL,-1.0,0.40652059314717803,-1.626082372588687,0.6177907183410604,0.9805157728214755,0.9805157728215144,0.425
ADA,EARLY_RECLAIM_LEGACY_STOP,2026-07-17 12:30:00+00:00,2026-07-17 14:45:00+00:00,SHORT,0.1598,0.1629533779618468,0.1558582775476915,SL,-1.0,0.6976645446940188,-1.0147847922822084,0.7658123154826262,1.2244061580203074,1.2244061580203074,0.005
ADA,EARLY_RECLAIM_LEGACY_STOP,2026-08-04 12:30:00+00:00,2026-08-04 13:15:00+00:00,LONG,0.195,0.19237257031257635,0.1982842871092796,SL,-1.0,0.07612001986478152,-1.0656802781069097,0.09713556901670319,0.16294212373158426,1.0591238042552638,0.885
ADA,EARLY_RECLAIM_LEGACY_STOP,2026-08-07 08:00:00+00:00,2026-08-07 14:30:00+00:00,LONG,0.2025,0.19723131799835217,0.20908585250205983,SL,-1.0,0.1518406310629082,-1.062884417440368,0.9552683291403001,0.7882195843411758,1.0246854596435242,0.825
ADA,EARLY_RECLAIM_STRUCTURE_STOP,2026-04-06 09:00:00+00:00,2026-04-06 10:15:00+00:00,LONG,0.2561,0.2533344242989317,0.25955696962633534,TP,1.25,1.4101946290942364,-0.03615883664343784,0.2922550426972051,0.7509452947879502,1.5018905895758587,
ADA,EARLY_RECLAIM_STRUCTURE_STOP,2026-04-09 19:00:00+00:00,2026-04-09 22:15:00+00:00,LONG,0.2554,0.25272390994002947,0.2587451125749632,TP,1.25,2.129973159446926,-0.5605192524860354,0.937428417210767,0.5327377271065366,1.198659885989735,
ADA,EARLY_RECLAIM_STRUCTURE_STOP,2026-04-22 15:30:00+00:00,2026-04-22 16:30:00+00:00,LONG,0.2554,0.2534205651562351,0.25787429355470615,SL,-1.0,0.2020778816034226,-1.1114283488188104,0.29167171690766697,0.09566774591632239,0.9566774591633301,0.0547945205479452
ADA,EARLY_RECLAIM_STRUCTURE_STOP,2026-04-25 05:30:00+00:00,2026-04-25 09:45:00+00:00,LONG,0.2515,0.24971285516335137,0.25373393104581077,TP,1.25,1.2869689981664463,-0.4476413906665981,0.6735741185307704,0.1334305428487556,1.6011665141852895,0.006172839506172839
ADA,EARLY_RECLAIM_STRUCTURE_STOP,2026-04-26 14:15:00+00:00,2026-04-26 17:00:00+00:00,LONG,0.2523,0.2510855151841522,0.2538181060198098,SL,-1.0,0.5763760821590003,-1.3174310449349362,0.03848159970296367,0.6316998869333547,1.8950996608000639,0.03529411764705882
ADA,EARLY_RECLAIM_STRUCTURE_STOP,2026-05-04 09:30:00+00:00,2026-05-04 10:00:00+00:00,LONG,0.253,0.25076896277176886,0.25578879653528896,SL,-1.0,0.08964440282269323,-2.420398876212991,1.056919712231922,1.4567215458689604,2.0169990635107964,0.155
ADA,EARLY_RECLAIM_STRUCTURE_STOP,2026-05-11 13:00:00+00:00,2026-05-12 01:30:00+00:00,LONG,0.2798,0.2767085232933395,0.2836643458833256,SL,-1.0,1.1968390355419618,-1.1968390355419618,0.83048028338398,0.4374763772134272,1.531167320247056,0.955
ADA,EARLY_RECLAIM_STRUCTURE_STOP,2026-05-21 13:30:00+00:00,2026-05-21 15:15:00+00:00,SHORT,0.2464,0.2484254198352247,0.24386822520596912,SL,-1.0,0.14811743954641057,-1.530546875312932,1.125460969755663,0.0,1.455022608409954,0.955
ADA,EARLY_RECLAIM_STRUCTURE_STOP,2026-05-24 18:15:00+00:00,2026-05-24 21:15:00+00:00,SHORT,0.2425,0.24395942509664784,0.24067571862919018,TP,1.25,1.4389227681663732,-0.34260065908723353,0.8685961228934923,0.42444350868682806,0.9903681869359584,0.58
ADA,EARLY_RECLAIM_STRUCTURE_STOP,2026-05-27 01:45:00+00:00,2026-05-27 04:30:00+00:00,SHORT,0.2403,0.24236216099348412,0.23772229875814488,TP,1.25,1.8427271255770217,-0.1939712763765194,0.2981777073007713,0.8093766826118896,1.1562524037313076,0.375
ADA,EARLY_RECLAIM_STRUCTURE_STOP,2026-05-27 08:45:00+00:00,2026-05-27 13:30:00+00:00,SHORT,0.2397,0.2416345553004591,0.2372818058744261,TP,1.25,1.2922866559600055,-0.930446392291201,0.503008198510813,0.24319279948839448,1.5807531966745134,0.37
ADA,EARLY_RECLAIM_STRUCTURE_STOP,2026-05-28 10:45:00+00:00,2026-05-28 13:00:00+00:00,SHORT,0.2297,0.23231617746321137,0.22642977817098575,SL,-1.0,0.3057896535114967,-1.0702637872902543,1.0448920583920898,1.3378297341128107,1.1467112006681195,0.385
ADA,EARLY_RECLAIM_STRUCTURE_STOP,2026-05-29 23:00:00+00:00,2026-05-30 00:30:00+00:00,SHORT,0.232,0.23465827035994852,0.2286771620500644,SL,-1.0,0.1504737840163707,-1.0156980421104658,0.8303858583247848,0.08572140417621762,1.714428083524543,0.335
ADA,EARLY_RECLAIM_STRUCTURE_STOP,2026-06-01 21:00:00+00:00,2026-06-02 02:00:00+00:00,SHORT,0.2297,0.2325183471369712,0.22617706607878596,TP,1.25,1.8805348462843163,-0.7096357910506862,0.5961810594790912,1.4192715821013868,1.330567108220036,0.195
ADA,EARLY_RECLAIM_STRUCTURE_STOP,2026-06-02 13:00:00+00:00,2026-06-02 14:15:00+00:00,SHORT,0.2225,0.22485976670342847,0.21955029162071443,TP,1.25,2.669755442708311,-0.5085248462301573,0.8491612374378719,0.3940786927392801,0.9851967318482413,0.41
ADA,EARLY_RECLAIM_STRUCTURE_STOP,2026-06-04 18:45:00+00:00,2026-06-04 21:00:00+00:00,SHORT,0.1883,0.19203021455625346,0.18363723180468317,TP,1.25,1.474446018334147,-0.29488920366683385,0.1281536518276936,0.5946878470611391,1.0194648806762436,1.0
ADA,EARLY_RECLAIM_STRUCTURE_STOP,2026-06-05 22:00:00+00:00,2026-06-06 04:00:00+00:00,SHORT,0.1599,0.16514041440380234,0.15334948199524706,TP,1.25,1.6410915888178594,-0.47706150837728534,0.5069709606815649,1.0830216609067629,1.5794065888223425,1.0
ADA,EARLY_RECLAIM_STRUCTURE_STOP,2026-06-06 10:00:00+00:00,2026-06-06 13:15:00+00:00,SHORT,0.1548,0.15954766255431324,0.14886542180710843,SL,-1.0,0.29488195169391,-1.011023834379131,1.0818677407718682,2.4222446031999936,1.2111223015999968,1.0
ADA,EARLY_RECLAIM_STRUCTURE_STOP,2026-06-10 07:45:00+00:00,2026-06-10 08:30:00+00:00,SHORT,0.1612,0.16289074302067455,0.15908657122415684,TP,1.25,1.5969310338615588,-0.23658237538688726,0.40160201303016335,0.37640626429508317,0.7528125285901401,0.63
ADA,EARLY_RECLAIM_STRUCTURE_STOP,2026-06-10 10:00:00+00:00,2026-06-10 12:30:00+00:00,SHORT,0.1595,0.16235238782944486,0.15593451521319393,SL,-1.0,0.38564180811768356,-1.4023338477006817,0.8832871959824257,0.2591748462277442,1.2958742311387212,0.62
ADA,EARLY_RECLAIM_STRUCTURE_STOP,2026-06-17 13:15:00+00:00,2026-06-17 15:45:00+00:00,SHORT,0.1686,0.17005525178057423,0.1667809352742822,SL,-1.0,1.23689936272727,-1.9240656753535332,0.6504020949911327,0.39679403812096553,1.0911836048326415,0.295
ADA,EARLY_RECLAIM_STRUCTURE_STOP,2026-06-18 03:15:00+00:00,2026-06-18 15:00:00+00:00,SHORT,0.1668,0.16938079841863268,0.16357400197670915,TP,1.25,1.35616946086565,-0.27123389217313215,0.7836224036904927,0.9547613246597353,1.4321419869896028,0.265
ADA,EARLY_RECLAIM_STRUCTURE_STOP,2026-06-21 10:45:00+00:00,2026-06-21 21:00:00+00:00,SHORT,0.1614,0.1629355949725427,0.1594805062843216,TP,1.25,2.0187614933818505,-0.9116987389466527,0.07698563966073277,0.14922118963078582,1.6414330859383957,0.395
ADA,EARLY_RECLAIM_STRUCTURE_STOP,2026-06-23 01:30:00+00:00,2026-06-23 06:15:00+00:00,SHORT,0.1583,0.1601438998627795,0.15599512517152564,TP,1.25,2.657411120262096,-0.9219589600909375,0.4281367251795647,0.23901458502979497,2.0316239727532075,0.645
ADA,EARLY_RECLAIM_STRUCTURE_STOP,2026-06-26 01:15:00+00:00,2026-06-26 02:00:00+00:00,SHORT,0.1424,0.14460416434134124,0.13964479457332346,TP,1.25,1.4971660407099845,-0.0453686679002976,0.847681044578798,2.041590055513608,1.1342166975075636,0.84
ADA,EARLY_RECLAIM_STRUCTURE_STOP,2026-06-28 02:15:00+00:00,2026-06-28 08:30:00+00:00,SHORT,0.1448,0.14630529545907883,0.14291838067615148,SL,-1.0,1.1293463949199303,-1.1293463949199118,0.9556510414749985,0.32075365535911726,2.084898759834529,0.71
ADA,EARLY_RECLAIM_STRUCTURE_STOP,2026-06-28 09:45:00+00:00,2026-06-28 17:30:00+00:00,SHORT,0.1446,0.146302230577392,0.14247221177826003,TP,1.25,1.2924218547234951,-0.5287180314777824,0.6303915936600315,2.2029917978241498,1.9092595581142957,0.705
ADA,EARLY_RECLAIM_STRUCTURE_STOP,2026-06-28 21:30:00+00:00,2026-06-28 22:45:00+00:00,SHORT,0.1428,0.1442309710829901,0.1410112861462624,TP,1.25,1.2578870540408322,-0.9084739834739194,0.8709926692076929,1.0557552883668455,0.904933104314451,0.685
ADA,EARLY_RECLAIM_STRUCTURE_STOP,2026-06-29 02:00:00+00:00,2026-06-29 03:00:00+00:00,SHORT,0.1421,0.1447814246991721,0.13874821912603488,SL,-1.0,0.03729360739866842,-1.3052762589531772,0.9896083152167473,1.771446351436438,1.771446351436438,0.695
ADA,EARLY_RECLAIM_STRUCTURE_STOP,2026-07-12 14:00:00+00:00,2026-07-12 22:00:00+00:00,SHORT,0.1639,0.16547543458433225,0.16193070676958465,TP,1.25,1.7772873769854152,-0.8886436884927165,0.8489074669176754,1.4281773565061604,1.5868637294512697,0.005
ADA,EARLY_RECLAIM_STRUCTURE_STOP,2026-07-14 02:15:00+00:00,2026-07-14 05:00:00+00:00,SHORT,0.1569,0.1586847749607987,0.15466903129900167,SL,-1.0,0.5042652545939268,-2.017061018375676,0.6177907183410604,0.9805157728214755,0.9805157728215144,0.425
ADA,EARLY_RECLAIM_STRUCTURE_STOP,2026-07-17 12:30:00+00:00,2026-07-17 13:30:00+00:00,SHORT,0.1598,0.16143344490461703,0.1577581938692287,TP,1.25,1.3468467738223513,-0.12244061580203501,0.7658123154826262,1.2244061580203074,1.2244061580203074,0.005
ADA,EARLY_RECLAIM_STRUCTURE_STOP,2026-08-04 12:30:00+00:00,2026-08-04 13:15:00+00:00,LONG,0.195,0.19290217070317464,0.1976222866210317,SL,-1.0,0.09533664169084907,-1.3347129836718474,0.09713556901670319,0.16294212373158426,1.0591238042552638,0.885
ADA,EARLY_RECLAIM_STRUCTURE_STOP,2026-08-07 08:00:00+00:00,2026-08-07 13:45:00+00:00,LONG,0.2025,0.1994753566989289,0.2062808041263389,SL,-1.0,0.2644939982564867,-1.2232847419362611,0.9552683291403001,0.7882195843411758,1.0246854596435242,0.825
AVAX,LEGACY_BASELINE,2026-06-03 20:15:00+00:00,2026-06-04 01:45:00+00:00,SHORT,8.083,8.340327218034325,7.761340977457094,TP,1.25,1.3484776412330937,-0.4080407848111678,0.7564232886404262,1.130757511361101,1.0855272109066816,0.85
AVAX,LEGACY_BASELINE,2026-06-04 07:15:00+00:00,2026-06-05 02:30:00+00:00,SHORT,7.851,8.148373440858052,7.479283198927435,TP,1.25,1.422453864001644,-0.13451100368809882,1.1471086898341216,1.2773377015232665,0.9949788411865449,0.93
AVAX,LEGACY_BASELINE,2026-06-05 04:15:00+00:00,2026-06-05 06:15:00+00:00,SHORT,7.465,7.799332768103522,7.047084039870597,TP,1.25,1.3998029647368864,-0.12562334298920722,0.6654601846167062,0.6383024781394364,1.174476559776574,1.0
AVAX,LEGACY_BASELINE,2026-06-05 12:45:00+00:00,2026-06-05 19:00:00+00:00,SHORT,7.084,7.393368654390786,6.697289182011517,TP,1.25,1.5289202486639746,-0.4363725868279866,0.9136172068599131,0.2226044197794785,0.7856626580451971,1.0
AVAX,LEGACY_BASELINE,2026-08-21 01:45:00+00:00,2026-08-21 08:45:00+00:00,LONG,7.304,7.064761026736726,7.603048716579094,TP,1.25,1.6552487021594713,-0.30095430948354057,1.0403731904145377,1.1181192874587023,1.3102960399906687,1.0
AVAX,LEGACY_BASELINE,2026-08-21 09:15:00+00:00,2026-08-22 01:00:00+00:00,LONG,7.509,7.183721290866076,7.915598386417406,TP,1.25,1.2912004020130232,-0.3258743871747178,0.7254453955386785,0.14584574948140483,1.3369193702462523,1.0
AVAX,EARLY_RECLAIM_LEGACY_STOP,2026-04-01 16:30:00+00:00,2026-04-01 20:30:00+00:00,LONG,9.243,9.088557667533205,9.436052915583494,SL,-1.0,0.38201961248341193,-1.010085755040902,0.8653470428092057,1.193309398168567,1.0517303170298966,
AVAX,EARLY_RECLAIM_LEGACY_STOP,2026-04-09 19:00:00+00:00,2026-04-09 22:15:00+00:00,LONG,9.301,8.987838722552848,9.69245159680894,TP,1.25,1.2741038842751957,-0.18201484061074388,0.6165751895739262,1.0488077751632585,0.9456463546553929,
AVAX,EARLY_RECLAIM_LEGACY_STOP,2026-04-17 11:15:00+00:00,2026-04-17 14:00:00+00:00,LONG,9.628,9.393748669188072,9.92081416351491,TP,1.25,1.2849446744089696,-0.08964730286574542,0.5389411072307754,0.11618000641097635,1.5601315146617751,0.6666666666666666
AVAX,EARLY_RECLAIM_LEGACY_STOP,2026-05-05 20:00:00+00:00,2026-05-06 03:30:00+00:00,LONG,9.423,9.300661018113038,9.575923727358703,TP,1.25,1.2587974627931091,-0.5313106174126722,0.785329576122354,0.955865958457325,1.1206704340533833,0.295
AVAX,EARLY_RECLAIM_LEGACY_STOP,2026-05-07 12:00:00+00:00,2026-05-07 14:30:00+00:00,LONG,9.622,9.47755729581025,9.802553380237187,SL,-1.0,0.16615584798573743,-1.5161721128697927,0.7983556883386864,1.3846749647911056,1.4835803194190764,0.76
AVAX,EARLY_RECLAIM_LEGACY_STOP,2026-05-09 00:15:00+00:00,2026-05-09 01:45:00+00:00,LONG,9.949,9.818079334484715,10.112650831894106,TP,1.25,1.2908580882539846,-0.007638213539960151,1.0373510313420353,0.708688376272079,1.417376752544158,0.68
AVAX,EARLY_RECLAIM_LEGACY_STOP,2026-05-28 03:00:00+00:00,2026-05-28 03:15:00+00:00,SHORT,9.023,9.121704516398532,8.899619354501834,TP,1.25,1.4386373104413555,-0.03039374599524117,0.688681136532242,0.5159132660953976,1.2529322176602076,0.12
AVAX,EARLY_RECLAIM_LEGACY_STOP,2026-05-28 10:15:00+00:00,2026-05-28 14:15:00+00:00,SHORT,8.826,8.919789758038013,8.708762802452485,SL,-1.0,0.9169444702602322,-1.023565920290489,0.2613655304121714,0.30158514632174266,1.3068689673942033,0.245
AVAX,EARLY_RECLAIM_LEGACY_STOP,2026-06-04 23:15:00+00:00,2026-06-05 05:45:00+00:00,SHORT,7.629,7.906515905052748,7.282105118684064,TP,1.25,1.3873078731354926,-0.3315125307232886,0.8664653406526303,0.4318900922448169,1.1836987713376768,1.0
AVAX,EARLY_RECLAIM_LEGACY_STOP,2026-06-05 15:00:00+00:00,2026-06-06 03:30:00+00:00,SHORT,6.993,7.356367046174728,6.538791192281591,TP,1.25,1.3044661176348784,-0.31098031918299707,1.113011757289318,0.25983292736892316,1.115116313291625,1.0
AVAX,EARLY_RECLAIM_LEGACY_STOP,2026-06-06 22:00:00+00:00,2026-06-07 01:00:00+00:00,SHORT,6.601,6.747698827500188,6.417626465624765,SL,-1.0,0.05453349652702403,-1.2338203589239178,0.6938969035369534,0.4250670780999877,1.3646890402157394,1.0
AVAX,EARLY_RECLAIM_LEGACY_STOP,2026-06-09 09:15:00+00:00,2026-06-09 14:45:00+00:00,SHORT,6.691,6.82295134909249,6.526060813634388,TP,1.25,1.265617980782772,-0.4016631915059097,0.9695573611482102,0.5890782114582935,1.1781564229165609,0.875
AVAX,EARLY_RECLAIM_LEGACY_STOP,2026-06-10 08:00:00+00:00,2026-06-10 13:30:00+00:00,SHORT,6.516,6.637765567914021,6.363793040107474,SL,-1.0,0.8541002336016297,-1.1497503144637284,1.0337642268992822,0.18311906009823203,1.4954723241354895,0.845
AVAX,EARLY_RECLAIM_LEGACY_STOP,2026-06-18 10:00:00+00:00,2026-06-18 15:15:00+00:00,SHORT,6.629,6.720179712816423,6.515025358979471,TP,1.25,3.4218138044387714,-0.515465541053284,1.079587879848185,1.268004254626386,1.5421673367077307,0.065
AVAX,EARLY_RECLAIM_LEGACY_STOP,2026-06-19 16:45:00+00:00,2026-06-19 18:30:00+00:00,SHORT,6.064,6.228638469647715,5.858201912940357,TP,1.25,2.034761381813235,-0.3948044472174903,1.1444911368721857,1.6822612435905697,1.216404283827029,0.575
AVAX,EARLY_RECLAIM_LEGACY_STOP,2026-06-26 01:00:00+00:00,2026-06-26 02:00:00+00:00,SHORT,6.192,6.3055168300486715,6.050103962439161,TP,1.25,1.7266162199557815,-0.04404633214172825,0.3361727137254657,1.012544385161445,1.246208474044866,0.22
AVAX,EARLY_RECLAIM_LEGACY_STOP,2026-07-14 03:00:00+00:00,2026-07-14 08:30:00+00:00,SHORT,6.428,6.528342223000645,6.302572221249194,SL,-1.0,0.12955662742210064,-1.046418913793902,0.9124994174633756,1.9766736827923197,1.0905785836095598,0.62
AVAX,EARLY_RECLAIM_LEGACY_STOP,2026-07-18 15:30:00+00:00,2026-07-18 18:15:00+00:00,SHORT,6.545,6.587840726320779,6.4914490920990255,SL,-1.0,0.5602145916083369,-1.2137982818180737,0.45729221897764294,1.3063569575888268,1.0094576490459213,0.17
AVAX,EARLY_RECLAIM_LEGACY_STOP,2026-07-19 23:00:00+00:00,2026-07-20 00:00:00+00:00,SHORT,6.429,6.50863375650549,6.329457804368138,SL,-1.0,0.13813237605137743,-1.3185363168540372,0.5264165666213682,0.7193101103521916,1.396307861271888,0.09
AVAX,EARLY_RECLAIM_LEGACY_STOP,2026-07-22 11:30:00+00:00,2026-07-22 13:30:00+00:00,SHORT,6.502,6.542513548885307,6.451358063893366,SL,-1.0,0.46897891008731,-1.0366902222982526,0.5184133592635625,1.084874352104664,0.9706770518831338,0.175
AVAX,EARLY_RECLAIM_LEGACY_STOP,2026-07-24 05:45:00+00:00,2026-07-24 13:00:00+00:00,SHORT,6.245,6.319431359498526,6.151960800626843,TP,1.25,1.531612491939743,-0.9538990081379074,0.818374837989072,0.8186200199463473,1.6781710408900627,0.635
AVAX,EARLY_RECLAIM_LEGACY_STOP,2026-07-31 09:15:00+00:00,2026-07-31 11:00:00+00:00,SHORT,6.429,6.504276936899898,6.334903828875128,SL,-1.0,0.411812718166574,-1.2354381544996984,0.678367657383686,1.408078884572833,1.712528373129122,0.095
AVAX,EARLY_RECLAIM_LEGACY_STOP,2026-07-31 19:30:00+00:00,2026-08-01 10:00:00+00:00,SHORT,6.419,6.500442560274745,6.317196799656568,TP,1.25,1.2524164227635204,-0.3806363637810792,0.5556071610280271,0.9039970722926979,1.179126616033934,0.055
AVAX,EARLY_RECLAIM_LEGACY_STOP,2026-08-09 05:00:00+00:00,2026-08-09 14:45:00+00:00,SHORT,6.455,6.504042387928968,6.39369701508879,SL,-1.0,0.5505441545608737,-1.1214788333647314,1.1474765070978856,0.06647880673749842,1.13013971453706,0.27
AVAX,EARLY_RECLAIM_LEGACY_STOP,2026-08-11 12:15:00+00:00,2026-08-11 14:15:00+00:00,SHORT,6.475,6.5459798557740925,6.386275180282384,TP,1.25,1.408850425369545,-0.09861952977587642,0.7498403865167608,1.0008766036699992,1.6971385888316823,0.045
AVAX,EARLY_RECLAIM_LEGACY_STOP,2026-08-14 13:15:00+00:00,2026-08-14 15:30:00+00:00,SHORT,6.365,6.420167742710553,6.29604032161181,SL,-1.0,0.14501227722826066,-1.3232370297078684,0.30497334003463944,1.051476406097462,0.8659217461979065,0.08
AVAX,EARLY_RECLAIM_LEGACY_STOP,2026-08-17 00:00:00+00:00,2026-08-17 02:30:00+00:00,SHORT,6.312,6.372236830993718,6.236703961257852,SL,-1.0,0.3984273343081899,-1.1288774472065306,0.7833287549961887,0.8122142640431744,1.6824438326609348,0.305
AVAX,EARLY_RECLAIM_LEGACY_STOP,2026-08-17 11:45:00+00:00,2026-08-18 01:00:00+00:00,SHORT,6.324,6.406809018281048,6.22048872714869,SL,-1.0,0.42265927946655074,-1.5336493854929039,0.7993592073488367,1.6062806017911073,1.9632318466335874,0.085
AVAX,EARLY_RECLAIM_LEGACY_STOP,2026-08-18 12:00:00+00:00,2026-08-18 14:15:00+00:00,SHORT,6.312,6.370559917622805,6.238800102971494,SL,-1.0,0.08538263377018027,-1.4344282473390528,0.47325759213922997,0.1708436260602928,1.4236968838357396,0.03
AVAX,EARLY_RECLAIM_LEGACY_STOP,2026-08-19 00:00:00+00:00,2026-08-19 08:15:00+00:00,SHORT,6.322,6.373442745326187,6.257696568342266,SL,-1.0,0.1555126957022561,-1.010832522064656,0.3194148609698033,0.3885319529180826,1.4246171606995979,0.1
AVAX,EARLY_RECLAIM_LEGACY_STOP,2026-08-19 13:30:00+00:00,2026-08-19 15:00:00+00:00,SHORT,6.319,6.408938740931187,6.206576573836017,SL,-1.0,0.4558658435230932,-1.767869978540758,0.923116654868207,0.3696127438161793,2.164874642351981,0.185
AVAX,EARLY_RECLAIM_LEGACY_STOP,2026-08-27 22:00:00+00:00,2026-08-28 02:15:00+00:00,LONG,7.526,7.421648172152079,7.656439784809901,SL,-1.0,0.6516416760720416,-1.2937003863194827,0.8083453220426359,0.1594803347432703,0.7017134728704121,0.465
AVAX,EARLY_RECLAIM_STRUCTURE_STOP,2026-04-01 16:30:00+00:00,2026-04-01 18:45:00+00:00,LONG,9.243,9.119394168833013,9.397507288958735,SL,-1.0,0.4773237592674112,-1.0193693841982083,0.8653470428092057,1.193309398168567,1.0517303170298966,
AVAX,EARLY_RECLAIM_STRUCTURE_STOP,2026-04-09 19:00:00+00:00,2026-04-09 21:45:00+00:00,LONG,9.301,9.214195169659352,9.40950603792581,TP,1.25,1.7625747253877684,-0.6566454859287789,0.6165751895739262,1.0488077751632585,0.9456463546553929,
AVAX,EARLY_RECLAIM_STRUCTURE_STOP,2026-04-17 11:15:00+00:00,2026-04-17 13:00:00+00:00,LONG,9.628,9.477371672970179,9.816285408787277,TP,1.25,1.427354364477768,-0.13941600769318271,0.5389411072307754,0.11618000641097635,1.5601315146617751,0.6666666666666666
AVAX,EARLY_RECLAIM_STRUCTURE_STOP,2026-04-24 14:30:00+00:00,2026-04-24 15:00:00+00:00,LONG,9.417,9.349496188875676,9.501379763905405,SL,-1.0,0.13332580561154986,-1.1703042937013468,0.36459651702876444,0.2888399642216257,1.6752717924854599,0.006369426751592357
AVAX,EARLY_RECLAIM_STRUCTURE_STOP,2026-05-05 20:00:00+00:00,2026-05-06 01:45:00+00:00,LONG,9.423,9.352279661773474,9.511400422783158,TP,1.25,1.3857399788741849,-0.9191132512940882,0.785329576122354,0.955865958457325,1.1206704340533833,0.295
AVAX,EARLY_RECLAIM_STRUCTURE_STOP,2026-05-07 12:00:00+00:00,2026-05-07 13:45:00+00:00,LONG,9.622,9.520893239525625,9.748383450592968,SL,-1.0,0.2373728511070598,-1.2956601456259877,0.7983556883386864,1.3846749647911056,1.4835803194190764,0.76
AVAX,EARLY_RECLAIM_STRUCTURE_STOP,2026-05-09 00:15:00+00:00,2026-05-09 01:30:00+00:00,LONG,9.949,9.846698336211789,10.076877079735263,TP,1.25,1.2512015470734774,-0.009775012086506116,1.0373510313420353,0.708688376272079,1.417376752544158,0.68
AVAX,EARLY_RECLAIM_STRUCTURE_STOP,2026-05-28 03:00:00+00:00,2026-05-28 03:15:00+00:00,SHORT,9.023,9.093457935659046,8.93492758042619,TP,1.25,2.015386892502113,-0.04257859632046895,0.688681136532242,0.5159132660953976,1.2529322176602076,0.12
AVAX,EARLY_RECLAIM_STRUCTURE_STOP,2026-05-28 10:15:00+00:00,2026-05-28 14:15:00+00:00,SHORT,8.826,8.90586334272471,8.726170821594115,SL,-1.0,1.07683947435615,-1.202053366723141,0.2613655304121714,0.30158514632174266,1.3068689673942033,0.245
AVAX,EARLY_RECLAIM_STRUCTURE_STOP,2026-06-04 23:15:00+00:00,2026-06-05 02:30:00+00:00,SHORT,7.629,7.7736353382842855,7.448205827144642,TP,1.25,1.3897018694347494,-0.6360824477014821,0.8664653406526303,0.4318900922448169,1.1836987713376768,1.0
AVAX,EARLY_RECLAIM_STRUCTURE_STOP,2026-06-05 15:00:00+00:00,2026-06-05 19:00:00+00:00,SHORT,6.993,7.22391761543682,6.704352980703976,TP,1.25,1.6542696375821448,-0.4893520132114695,1.113011757289318,0.25983292736892316,1.115116313291625,1.0
AVAX,EARLY_RECLAIM_STRUCTURE_STOP,2026-06-06 22:00:00+00:00,2026-06-07 00:30:00+00:00,SHORT,6.601,6.698054237875121,6.4796822026560985,SL,-1.0,0.08242813683513255,-1.0097446762303715,0.6938969035369534,0.4250670780999877,1.3646890402157394,1.0
AVAX,EARLY_RECLAIM_STRUCTURE_STOP,2026-06-09 09:15:00+00:00,2026-06-09 14:15:00+00:00,SHORT,6.691,6.775878372731226,6.584902034085967,TP,1.25,1.6140742993956845,-0.624422904145777,0.9695573611482102,0.5890782114582935,1.1781564229165609,0.875
AVAX,EARLY_RECLAIM_STRUCTURE_STOP,2026-06-10 08:00:00+00:00,2026-06-10 11:15:00+00:00,SHORT,6.516,6.597913919785051,6.413607600268686,TP,1.25,1.2696254833477012,-0.24415874679762942,1.0337642268992822,0.18311906009823203,1.4954723241354895,0.845
AVAX,EARLY_RECLAIM_STRUCTURE_STOP,2026-06-18 10:00:00+00:00,2026-06-18 15:00:00+00:00,SHORT,6.629,6.701949282041058,6.5378133974486765,TP,1.25,1.329690948094657,-0.6442832428912368,1.079587879848185,1.268004254626386,1.5421673367077307,0.065
AVAX,EARLY_RECLAIM_STRUCTURE_STOP,2026-06-19 16:45:00+00:00,2026-06-19 18:30:00+00:00,SHORT,6.064,6.160596174119284,5.943254782350895,TP,1.25,3.4680462560175185,-0.6729044974362298,1.1444911368721857,1.6822612435905697,1.216404283827029,0.575
AVAX,EARLY_RECLAIM_STRUCTURE_STOP,2026-06-26 01:00:00+00:00,2026-06-26 02:00:00+00:00,SHORT,6.192,6.288292075121678,6.071634906097903,TP,1.25,2.0354738409399498,-0.05192535308520177,0.3361727137254657,1.012544385161445,1.246208474044866,0.22
AVAX,EARLY_RECLAIM_STRUCTURE_STOP,2026-07-14 03:00:00+00:00,2026-07-14 06:30:00+00:00,SHORT,6.428,6.501355557501614,6.336305553122982,SL,-1.0,0.17721901983655242,-1.1587397450851589,0.9124994174633756,1.9766736827923197,1.0905785836095598,0.62
AVAX,EARLY_RECLAIM_STRUCTURE_STOP,2026-07-18 15:30:00+00:00,2026-07-18 17:45:00+00:00,SHORT,6.545,6.581946472108506,6.498816909864367,SL,-1.0,0.6495884080492313,-1.0826473467487188,0.45729221897764294,1.3063569575888268,1.0094576490459213,0.17
AVAX,EARLY_RECLAIM_STRUCTURE_STOP,2026-07-19 23:00:00+00:00,2026-07-20 00:00:00+00:00,SHORT,6.429,6.488084391263723,6.355144510920346,SL,-1.0,0.18617438150291898,-1.7771190961641994,0.5264165666213682,0.7193101103521916,1.396307861271888,0.09
AVAX,EARLY_RECLAIM_STRUCTURE_STOP,2026-07-22 11:30:00+00:00,2026-07-22 13:30:00+00:00,SHORT,6.502,6.53638380677545,6.459020241530688,SL,-1.0,0.5525857018707445,-1.2215052357142637,0.5184133592635625,1.084874352104664,0.9706770518831338,0.175
AVAX,EARLY_RECLAIM_STRUCTURE_STOP,2026-07-24 05:45:00+00:00,2026-07-24 07:00:00+00:00,SHORT,6.245,6.3060783987463145,6.168652001567107,SL,-1.0,0.29470320718068854,-1.1624404283238359,0.818374837989072,0.8186200199463473,1.6781710408900627,0.635
AVAX,EARLY_RECLAIM_STRUCTURE_STOP,2026-07-24 10:00:00+00:00,2026-07-24 13:00:00+00:00,SHORT,6.252,6.298726406206374,6.193591992242032,TP,1.25,2.589542184468148,-0.3638199763302445,0.3514616871788012,0.11658212624640042,0.932657009971169,0.725
AVAX,EARLY_RECLAIM_STRUCTURE_STOP,2026-07-29 19:15:00+00:00,2026-07-30 01:45:00+00:00,SHORT,6.39,6.476318692660801,6.282101634173999,SL,-1.0,0.9731380007119317,-1.5060469058637092,0.7431835403369899,1.8535961918322612,2.1142581563086824,0.64
AVAX,EARLY_RECLAIM_STRUCTURE_STOP,2026-07-31 09:15:00+00:00,2026-07-31 11:00:00+00:00,SHORT,6.429,6.491080008984934,6.351399988768833,SL,-1.0,0.49935559783060074,-1.4980667934917735,0.678367657383686,1.408078884572833,1.712528373129122,0.095
AVAX,EARLY_RECLAIM_STRUCTURE_STOP,2026-07-31 19:30:00+00:00,2026-08-01 09:45:00+00:00,SHORT,6.419,6.482606400686864,6.339491999141419,TP,1.25,1.2891784335304208,-0.48737233462736423,0.5556071610280271,0.9039970722926979,1.179126616033934,0.055
AVAX,EARLY_RECLAIM_STRUCTURE_STOP,2026-08-09 05:00:00+00:00,2026-08-09 06:45:00+00:00,SHORT,6.455,6.49260596982242,6.4079925377219755,SL,-1.0,0.7179711127647439,-1.037069385104617,1.1474765070978856,0.06647880673749842,1.13013971453706,0.27
AVAX,EARLY_RECLAIM_STRUCTURE_STOP,2026-08-11 12:15:00+00:00,2026-08-11 14:15:00+00:00,SHORT,6.475,6.532449639435232,6.403187950705959,TP,1.25,1.7406549629043095,-0.12184584740331188,0.7498403865167608,1.0008766036699992,1.6971385888316823,0.045
AVAX,EARLY_RECLAIM_STRUCTURE_STOP,2026-08-14 13:15:00+00:00,2026-08-14 13:30:00+00:00,SHORT,6.365,6.390509032761859,6.333113709047677,SL,-1.0,0.3136143998357206,-1.2936593993223255,0.30497334003463944,1.051476406097462,0.8659217461979065,0.08
AVAX,EARLY_RECLAIM_STRUCTURE_STOP,2026-08-17 00:00:00+00:00,2026-08-17 01:00:00+00:00,SHORT,6.312,6.343203940145917,6.272995074817604,SL,-1.0,0.7691336378601827,-1.8266923899179162,0.7833287549961887,0.8122142640431744,1.6824438326609348,0.305
AVAX,EARLY_RECLAIM_STRUCTURE_STOP,2026-08-17 11:45:00+00:00,2026-08-17 23:30:00+00:00,SHORT,6.324,6.3659258618826815,6.271592672646648,SL,-1.0,0.8348069289055596,-1.0256199412268299,0.7993592073488367,1.6062806017911073,1.9632318466335874,0.085
AVAX,EARLY_RECLAIM_STRUCTURE_STOP,2026-08-18 12:00:00+00:00,2026-08-18 14:15:00+00:00,SHORT,6.312,6.3424139464548235,6.273982566931471,SL,-1.0,0.16439826404728108,-2.761890835994369,0.47325759213922997,0.1708436260602928,1.4236968838357396,0.03
AVAX,EARLY_RECLAIM_STRUCTURE_STOP,2026-08-19 00:00:00+00:00,2026-08-19 03:15:00+00:00,SHORT,6.322,6.356037784462022,6.279452769422472,SL,-1.0,0.23503292374760948,-1.4395766579541178,0.3194148609698033,0.3885319529180826,1.4246171606995979,0.1
AVAX,EARLY_RECLAIM_STRUCTURE_STOP,2026-08-19 13:30:00+00:00,2026-08-19 14:45:00+00:00,SHORT,6.319,6.3663468523279665,6.259816434590042,SL,-1.0,0.8659498569408118,-1.4784509752647934,0.923116654868207,0.3696127438161793,2.164874642351981,0.185
AVAX,EARLY_RECLAIM_STRUCTURE_STOP,2026-08-27 22:00:00+00:00,2026-08-28 02:15:00+00:00,LONG,7.526,7.447620430380196,7.623974462024755,SL,-1.0,0.8675730210034135,-1.7223876152273494,0.8083453220426359,0.1594803347432703,0.7017134728704121,0.465
BNB,LEGACY_BASELINE,2026-05-07 08:15:00+00:00,2026-05-07 15:15:00+00:00,LONG,650.83,640.0661242940022,664.2848446324974,SL,-1.0,0.14864534334118656,-1.0377303032007243,1.296295210841814,0.6399563680793171,1.0846718103038688,0.97
BNB,LEGACY_BASELINE,2026-05-13 10:15:00+00:00,2026-05-13 12:30:00+00:00,LONG,682.11,674.1653966762055,692.0407541547431,SL,-1.0,0.0629358042965438,-1.6728336782021296,0.4017573763119599,0.08552680591391505,0.8980314620963511,0.92
BNB,LEGACY_BASELINE,2026-06-05 08:00:00+00:00,2026-06-05 18:45:00+00:00,SHORT,589.3,609.1678465979858,564.4651917525177,TP,1.25,1.4133388770399833,-0.4071905810275477,0.08945447250017455,1.4414026890969616,0.8685591819412134,0.91
BNB,LEGACY_BASELINE,2026-06-28 21:45:00+00:00,2026-06-29 12:00:00+00:00,SHORT,549.24,557.4721181838604,538.9498522701745,SL,-1.0,0.4203049473686606,-1.1309361445092965,1.2187531466190473,0.5835599540651364,1.5877036588078792,0.925
BNB,LEGACY_BASELINE,2026-06-30 16:15:00+00:00,2026-07-01 15:15:00+00:00,SHORT,546.04,553.9814722243352,536.1131597195808,SL,-1.0,1.0992923923159303,-1.2680268488684365,0.5566570071291137,0.20275434788161342,0.6227454970649986,0.955
BNB,LEGACY_BASELINE,2026-08-05 15:15:00+00:00,2026-08-05 22:00:00+00:00,LONG,601.93,594.7025648004923,610.9642939993846,SL,-1.0,0.1438961362214524,-1.0543159211609485,1.0321173913257082,1.0406942682932125,0.8845901280492159,0.825
BNB,LEGACY_BASELINE,2026-08-20 16:15:00+00:00,2026-08-21 06:30:00+00:00,LONG,649.96,635.2753957659024,668.315755292622,TP,1.25,1.6003155158538813,-0.18114209668814704,1.3624306912271498,0.8523599797874244,0.9985677135465538,1.0
BNB,LEGACY_BASELINE,2026-08-21 15:45:00+00:00,2026-08-22 02:00:00+00:00,LONG,679.54,668.1631068435995,693.7611164455005,TP,1.25,1.3342834279374454,-0.6451673492134847,0.26232523156247417,0.3660392075912121,0.5604975366240659,1.0
BNB,EARLY_RECLAIM_LEGACY_STOP,2026-04-21 00:00:00+00:00,2026-04-21 08:15:00+00:00,LONG,630.63,627.0319976541432,635.127502932321,TP,1.25,1.278487215356336,-0.642022927711533,0.6265429518876975,1.0333844004992974,1.0174861789532585,0.1678832116788321
BNB,EARLY_RECLAIM_LEGACY_STOP,2026-04-25 06:00:00+00:00,2026-04-25 11:30:00+00:00,LONG,637.61,635.3880788737382,640.3874014078273,SL,-1.0,0.5310719566293519,-1.0711451328626347,0.37258725126308223,0.6863629673414539,0.8988086477092458,0.006134969325153374
BNB,EARLY_RECLAIM_LEGACY_STOP,2026-05-10 13:15:00+00:00,2026-05-10 16:00:00+00:00,LONG,651.26,646.781833272863,656.8577084089213,TP,1.25,1.2549778385747996,-0.19427592874734528,0.9719066833261375,1.3568067244984274,1.475185834689457,0.79
BNB,EARLY_RECLAIM_LEGACY_STOP,2026-05-13 00:00:00+00:00,2026-05-13 01:00:00+00:00,LONG,665.91,659.1225004623997,674.3943744220003,TP,1.25,1.6677717526596263,-0.09134438927994445,0.677942649490905,0.4976959939382676,0.897081668086217,0.825
BNB,EARLY_RECLAIM_LEGACY_STOP,2026-05-15 03:15:00+00:00,2026-05-15 05:30:00+00:00,LONG,683.48,674.9681009291027,694.1198738386217,SL,-1.0,0.00117482596030555,-1.1137350103706762,0.902599483554779,1.7475653763400243,1.8562656150596857,0.755
BNB,EARLY_RECLAIM_LEGACY_STOP,2026-06-05 23:30:00+00:00,2026-06-06 08:30:00+00:00,SHORT,569.22,584.4769712903042,550.1487858871199,SL,-1.0,0.604313911625394,-1.0198616556280986,1.1502277037845037,1.55268189510114,1.37454133773119,0.995
BNB,EARLY_RECLAIM_LEGACY_STOP,2026-06-09 22:45:00+00:00,2026-06-10 09:00:00+00:00,SHORT,593.23,601.0761827171219,583.4222716035977,TP,1.25,1.3012697216086773,-0.25617552795626053,0.8017192725493922,0.9819643959580305,1.2262093472369326,0.325
BNB,EARLY_RECLAIM_LEGACY_STOP,2026-06-18 03:00:00+00:00,2026-06-18 04:00:00+00:00,SHORT,599.89,606.4316511474412,591.7129360656984,TP,1.25,1.3253534626943837,-0.03668798512648969,1.1790270093302626,1.2052962318575593,1.3903197762216724,0.095
BNB,EARLY_RECLAIM_LEGACY_STOP,2026-06-28 04:15:00+00:00,2026-06-28 05:15:00+00:00,SHORT,558.12,560.0977453825806,555.6478182717743,TP,1.25,1.501709990658538,-0.005056262594805247,0.4257791431249068,0.7635442859500581,0.7253670716525877,0.885
BNB,EARLY_RECLAIM_LEGACY_STOP,2026-06-29 02:00:00+00:00,2026-06-29 03:00:00+00:00,SHORT,548.33,556.3517938506562,538.3027576866798,SL,-1.0,0.03989132679766802,-1.080805635424144,0.996351792499918,1.7672168664942454,2.0501185270349422,0.93
BNB,EARLY_RECLAIM_LEGACY_STOP,2026-06-29 05:00:00+00:00,2026-06-29 17:00:00+00:00,SHORT,549.9,559.5581899332461,537.8272625834422,SL,-1.0,0.35720979022415805,-1.1762038309989915,1.0732872630113532,2.2827839322498975,1.346360241731842,0.93
BNB,EARLY_RECLAIM_LEGACY_STOP,2026-07-23 03:45:00+00:00,2026-07-23 12:45:00+00:00,SHORT,570.64,573.4080418935849,567.1799476330189,TP,1.25,1.2644317299212098,-0.44074477442968873,0.4551946865896087,0.2563977372723126,0.9323554082627862,0.005
BNB,EARLY_RECLAIM_LEGACY_STOP,2026-07-23 22:00:00+00:00,2026-07-24 03:15:00+00:00,SHORT,566.96,570.151929003977,562.9700887450289,SL,-1.0,0.25063214094151726,-1.1936355712338569,0.6134704525852296,1.150796030490187,0.9471153171290447,0.03
BNB,EARLY_RECLAIM_LEGACY_STOP,2026-08-04 06:00:00+00:00,2026-08-04 10:15:00+00:00,LONG,591.21,588.3938591233522,594.7301760958098,SL,-1.0,0.27697478008572846,-1.0546347395572433,0.13921467067514218,1.1473753704959109,1.5469078655792927,0.59
BNB,EARLY_RECLAIM_LEGACY_STOP,2026-08-05 07:45:00+00:00,2026-08-05 10:00:00+00:00,LONG,600.47,596.7327948483535,605.1415064395583,SL,-1.0,0.23279428468536104,-1.3325465950955127,0.030144839228551178,0.9144669775345505,0.6253340361081454,0.785
BNB,EARLY_RECLAIM_LEGACY_STOP,2026-08-05 12:15:00+00:00,2026-08-05 22:15:00+00:00,LONG,599.81,594.1073345262201,606.9383318422247,SL,-1.0,0.7750761499728017,-1.0626609657997872,0.8145802808867162,0.9908398133748884,1.6345240716988447,0.825
BNB,EARLY_RECLAIM_LEGACY_STOP,2026-08-09 00:15:00+00:00,2026-08-09 13:15:00+00:00,LONG,603.0,598.180763602851,609.0240454964362,TP,1.25,1.4255370423547251,-0.5208293997540531,0.7740608002689533,2.0099437920774976,1.1041751304116296,0.65
BNB,EARLY_RECLAIM_LEGACY_STOP,2026-08-15 19:45:00+00:00,2026-08-15 23:00:00+00:00,LONG,611.7,608.9868443202784,615.0914445996522,SL,-1.0,0.0995151151915018,-1.1794384022697473,0.9519788402993093,1.5301066766992502,1.7826485553776852,0.36
BNB,EARLY_RECLAIM_LEGACY_STOP,2026-08-23 16:30:00+00:00,2026-08-24 15:00:00+00:00,LONG,697.57,687.7280135744464,709.872483031942,TP,1.25,1.403172022686785,-0.4409678912715942,0.7788036174699813,0.585194245098721,0.8558963448722541,0.975
BNB,EARLY_RECLAIM_LEGACY_STOP,2026-08-27 13:45:00+00:00,2026-08-28 01:00:00+00:00,LONG,709.17,702.9857654423811,716.9002931970235,TP,1.25,1.3437394591966552,-0.47216837796078825,0.544050668633615,1.4490630959765978,1.7905341578683578,0.81
BNB,EARLY_RECLAIM_STRUCTURE_STOP,2026-04-21 00:00:00+00:00,2026-04-21 08:15:00+00:00,LONG,630.63,627.484994135358,634.5612573308025,TP,1.25,1.462636382245221,-0.7344978354318183,0.6265429518876975,1.0333844004992974,1.0174861789532585,0.1678832116788321
BNB,EARLY_RECLAIM_STRUCTURE_STOP,2026-04-25 06:00:00+00:00,2026-04-25 11:30:00+00:00,LONG,637.61,636.2922512679299,639.2571859150876,SL,-1.0,0.8954666176352677,-1.8061106355695113,0.37258725126308223,0.6863629673414539,0.8988086477092458,0.006134969325153374
BNB,EARLY_RECLAIM_STRUCTURE_STOP,2026-05-09 00:00:00+00:00,2026-05-09 01:30:00+00:00,LONG,650.48,647.2244554086367,654.5494307392041,TP,1.25,1.674067071438153,-0.03071682699887256,1.0561845249167614,0.014516306753857547,0.7621061045781814,0.83
BNB,EARLY_RECLAIM_STRUCTURE_STOP,2026-05-10 13:15:00+00:00,2026-05-10 15:30:00+00:00,LONG,651.26,648.5145831821574,654.6917710223033,TP,1.25,1.5808164253216919,-0.3168917718962832,0.9719066833261375,1.3568067244984274,1.475185834689457,0.79
BNB,EARLY_RECLAIM_STRUCTURE_STOP,2026-05-13 00:00:00+00:00,2026-05-13 01:00:00+00:00,LONG,665.91,663.3521253005598,669.1073433743002,TP,1.25,4.4255490710618615,-0.24238873004049136,0.677942649490905,0.4976959939382676,0.897081668086217,0.825
BNB,EARLY_RECLAIM_STRUCTURE_STOP,2026-05-15 03:15:00+00:00,2026-05-15 05:30:00+00:00,LONG,683.48,677.5002523227566,690.9546845965542,SL,-1.0,0.001672311364917128,-1.5853511739428823,0.902599483554779,1.7475653763400243,1.8562656150596857,0.755
BNB,EARLY_RECLAIM_STRUCTURE_STOP,2026-06-05 23:30:00+00:00,2026-06-06 07:15:00+00:00,SHORT,569.22,580.5874282257604,555.0107147177996,SL,-1.0,0.8110893525684262,-1.0714824635882172,1.1502277037845037,1.55268189510114,1.37454133773119,0.995
BNB,EARLY_RECLAIM_STRUCTURE_STOP,2026-06-09 22:45:00+00:00,2026-06-10 02:45:00+00:00,SHORT,593.23,598.2454567928047,586.9606790089941,TP,1.25,1.2800429283351389,-0.4007611037310886,0.8017192725493922,0.9819643959580305,1.2262093472369326,0.325
BNB,EARLY_RECLAIM_STRUCTURE_STOP,2026-06-10 08:00:00+00:00,2026-06-10 09:15:00+00:00,SHORT,586.81,591.1057885456389,581.4402643179512,TP,1.25,1.2547172521961878,-0.25140902270351345,0.5354553229546242,0.19151313398672815,1.2215432329967955,0.315
BNB,EARLY_RECLAIM_STRUCTURE_STOP,2026-06-18 03:00:00+00:00,2026-06-18 04:00:00+00:00,SHORT,599.89,604.6191278686031,593.9785901642462,TP,1.25,1.8333190052991626,-0.05074931502558452,1.1790270093302626,1.2052962318575593,1.3903197762216724,0.095
BNB,EARLY_RECLAIM_STRUCTURE_STOP,2026-06-28 04:15:00+00:00,2026-06-28 05:00:00+00:00,SHORT,558.12,559.7310344986773,556.1062068766533,TP,1.25,1.315924644531537,-0.006207191719482723,0.4257791431249068,0.7635442859500581,0.7253670716525877,0.885
BNB,EARLY_RECLAIM_STRUCTURE_STOP,2026-06-29 02:00:00+00:00,2026-06-29 02:45:00+00:00,SHORT,548.33,555.1344846266405,539.8243942166994,SL,-1.0,0.04702780850546804,-1.0096282638516099,0.996351792499918,1.7672168664942454,2.0501185270349422,0.93
BNB,EARLY_RECLAIM_STRUCTURE_STOP,2026-06-29 05:00:00+00:00,2026-06-29 12:00:00+00:00,SHORT,549.9,556.1204748331152,542.124406458606,SL,-1.0,0.03054429205122105,-1.3905690854902293,1.0732872630113532,2.2827839322498975,1.346360241731842,0.93
BNB,EARLY_RECLAIM_STRUCTURE_STOP,2026-07-23 03:45:00+00:00,2026-07-23 07:00:00+00:00,SHORT,570.64,572.0477272308302,568.8803409614623,TP,1.25,1.5201808653924258,-0.19179852039996728,0.4551946865896087,0.2563977372723126,0.9323554082627862,0.005
BNB,EARLY_RECLAIM_STRUCTURE_STOP,2026-07-23 09:45:00+00:00,2026-07-23 12:45:00+00:00,SHORT,569.74,571.6159313974143,567.3950857532321,TP,1.25,1.3859781885327573,-0.9062165078868192,0.9318304273855258,2.2921946964196205,1.0128302146970134,0.005
BNB,EARLY_RECLAIM_STRUCTURE_STOP,2026-07-23 22:00:00+00:00,2026-07-24 03:00:00+00:00,SHORT,566.96,569.4148225099427,563.8914718625717,SL,-1.0,0.32588914137777963,-1.05099248094322,0.6134704525852296,1.150796030490187,0.9471153171290447,0.03
BNB,EARLY_RECLAIM_STRUCTURE_STOP,2026-08-04 06:00:00+00:00,2026-08-04 08:15:00+00:00,LONG,591.21,589.3655084301789,593.5156144622764,SL,-1.0,0.42288076170259714,-1.0138295184408797,0.13921467067514218,1.1473753704959109,1.5469078655792927,0.59
BNB,EARLY_RECLAIM_STRUCTURE_STOP,2026-08-05 07:45:00+00:00,2026-08-05 10:00:00+00:00,LONG,600.47,597.9133166514298,603.6658541857128,SL,-1.0,0.3402846115012767,-1.9478360520417877,0.030144839228551178,0.9144669775345505,0.6253340361081454,0.785
BNB,EARLY_RECLAIM_STRUCTURE_STOP,2026-08-05 12:15:00+00:00,2026-08-05 15:00:00+00:00,LONG,599.81,596.3533363155505,604.1308296055618,TP,1.25,1.278689627771525,-0.503375554824046,0.8145802808867162,0.9908398133748884,1.6345240716988447,0.825
BNB,EARLY_RECLAIM_STRUCTURE_STOP,2026-08-09 00:15:00+00:00,2026-08-09 13:15:00+00:00,LONG,603.0,600.1019090071273,606.6226137410908,TP,1.25,2.37052598310252,-0.8660873679166375,0.7740608002689533,2.0099437920774976,1.1041751304116296,0.65
BNB,EARLY_RECLAIM_STRUCTURE_STOP,2026-08-15 19:45:00+00:00,2026-08-15 22:00:00+00:00,LONG,611.7,610.017110800696,613.8036114991302,SL,-1.0,0.16043836998397215,-1.170605884697966,0.9519788402993093,1.5301066766992502,1.7826485553776852,0.36
BNB,EARLY_RECLAIM_STRUCTURE_STOP,2026-08-23 16:30:00+00:00,2026-08-23 21:15:00+00:00,LONG,697.57,691.2900339361163,705.4199575798548,TP,1.25,1.4777149917050474,-0.1703830863280689,0.7788036174699813,0.585194245098721,0.8558963448722541,0.975
BNB,EARLY_RECLAIM_STRUCTURE_STOP,2026-08-27 13:45:00+00:00,2026-08-28 01:00:00+00:00,LONG,709.17,704.0152475375477,715.6134405780654,TP,1.25,1.6121045696240335,-0.5664675503371935,0.544050668633615,1.4490630959765978,1.7905341578683578,0.81
BTC,LEGACY_BASELINE,2026-06-02 02:30:00+00:00,2026-06-02 12:45:00+00:00,SHORT,70571.2,71863.09701314694,68956.32873356632,TP,1.25,1.2510285135369157,-0.3494860622830828,1.5434283475803616,2.0632101722020213,1.021407725826789,0.905
BTC,LEGACY_BASELINE,2026-06-03 16:45:00+00:00,2026-06-03 23:45:00+00:00,SHORT,66037.4,67572.20285094391,64118.896436320094,TP,1.25,1.2943681976992776,-0.07922841681276573,1.2069321296493845,0.6940284697834215,0.7582324952320465,1.0
BTC,LEGACY_BASELINE,2026-06-05 12:15:00+00:00,2026-06-05 14:15:00+00:00,SHORT,62192.3,63645.021303253634,60376.39837093296,TP,1.25,1.3025898331372,-0.145795342524152,0.6128188155080356,0.24369508349909114,0.7669014097404625,1.0
BTC,EARLY_RECLAIM_LEGACY_STOP,2026-04-01 03:00:00+00:00,2026-04-01 06:15:00+00:00,LONG,67950.0,67275.11558634459,68793.60551706926,TP,1.25,1.3483790432662695,-0.11483447895948998,0.16339299017249473,0.7837267722692188,1.7795524892929853,
BTC,EARLY_RECLAIM_LEGACY_STOP,2026-04-08 11:45:00+00:00,2026-04-08 13:00:00+00:00,LONG,71650.2,71179.86453597035,72238.11933003705,TP,1.25,2.444638110315938,-0.22877288282307615,0.26099273486779045,0.6989589102110747,1.2803559242092801,
BTC,EARLY_RECLAIM_LEGACY_STOP,2026-04-10 04:45:00+00:00,2026-04-10 14:15:00+00:00,LONG,72088.8,71328.43798999138,73039.25251251078,TP,1.25,1.2641346981408135,-0.9294257086726091,0.6470486131294673,0.9574281833108136,1.5793198453460517,
BTC,EARLY_RECLAIM_LEGACY_STOP,2026-04-14 13:00:00+00:00,2026-04-14 13:30:00+00:00,LONG,74534.2,74070.8292253292,75113.41346833849,TP,1.25,1.43168286880269,-0.17566925764324556,0.825669685371001,1.175455594832819,1.2496110312116855,
BTC,EARLY_RECLAIM_LEGACY_STOP,2026-04-21 06:30:00+00:00,2026-04-21 08:45:00+00:00,LONG,75955.5,75261.81976800333,76822.60028999584,TP,1.25,1.5042954258569887,-0.2674142803032788,1.1157405326080572,0.5599011566136768,2.1788854186468742,0.02877697841726619
BTC,EARLY_RECLAIM_LEGACY_STOP,2026-04-21 14:30:00+00:00,2026-04-21 17:15:00+00:00,LONG,76425.6,75319.91653833275,77807.70432708408,SL,-1.0,0.01230008449206961,-1.2732396285254963,0.9428749270761312,1.4093263986795925,1.634201821309062,0.0425531914893617
BTC,EARLY_RECLAIM_LEGACY_STOP,2026-04-26 23:30:00+00:00,2026-04-27 06:30:00+00:00,LONG,78560.2,77501.31223307614,79883.80970865482,SL,-1.0,0.8450376215030411,-1.0875562415320648,1.1413982192424723,0.2734978081955196,2.1092702316406755,0.046242774566473986
BTC,EARLY_RECLAIM_LEGACY_STOP,2026-05-02 06:45:00+00:00,2026-05-02 21:30:00+00:00,LONG,78278.3,77853.37769722118,78809.45287847353,TP,1.25,2.039667003431262,-0.5238604764783805,0.6546922775420883,1.01808811601214,1.0554127193292555,0.295
BTC,EARLY_RECLAIM_LEGACY_STOP,2026-05-03 11:00:00+00:00,2026-05-03 20:30:00+00:00,LONG,78487.5,77924.15192998543,79191.68508751821,TP,1.25,1.3819165120772674,-0.05573818687118581,1.1195231440556217,0.08750771889764372,1.8298836329484771,0.45
BTC,EARLY_RECLAIM_LEGACY_STOP,2026-05-05 00:45:00+00:00,2026-05-05 03:30:00+00:00,LONG,80130.9,79514.81968336708,80901.00039579114,TP,1.25,1.4918509408370604,-0.16134259984680033,0.6949613331047285,1.982292482300277,0.7777986558749588,0.655
BTC,EARLY_RECLAIM_LEGACY_STOP,2026-05-05 10:30:00+00:00,2026-05-05 13:00:00+00:00,LONG,80777.1,80331.82701872553,81333.6912265931,TP,1.25,1.907144685871977,-0.2090852216847536,0.4085405724986777,1.0519383201124757,0.7124949644212295,0.69
BTC,EARLY_RECLAIM_LEGACY_STOP,2026-05-06 08:00:00+00:00,2026-05-06 11:00:00+00:00,LONG,81507.4,80821.79685285252,82364.40393393433,TP,1.25,1.3704721221151297,-0.07584562617069637,0.8218492992991401,0.41185366613584745,1.7137900242113202,0.735
BTC,EARLY_RECLAIM_LEGACY_STOP,2026-05-09 22:30:00+00:00,2026-05-09 23:30:00+00:00,LONG,80771.1,80571.33802999364,81020.80246250797,SL,-1.0,0.22977346488188635,-1.0117040795781362,0.34098891663503844,0.06539011498198724,1.5205641662982428,0.425
BTC,EARLY_RECLAIM_LEGACY_STOP,2026-05-10 02:15:00+00:00,2026-05-10 15:00:00+00:00,LONG,80700.0,80435.71587575963,81030.35515530047,TP,1.25,1.4779548378954273,-0.3042180465099385,0.3856553050962432,1.0205734936681088,1.338992423692529,0.45
BTC,EARLY_RECLAIM_LEGACY_STOP,2026-05-15 00:00:00+00:00,2026-05-15 02:30:00+00:00,LONG,81441.5,80787.79176209007,82258.63529738742,SL,-1.0,0.278870586950016,-1.1237429137327486,0.609087620357979,0.10267675673844932,1.9213274524193997,0.505
BTC,EARLY_RECLAIM_LEGACY_STOP,2026-05-27 01:15:00+00:00,2026-05-27 13:15:00+00:00,SHORT,75844.9,76321.62208772995,75248.99739033755,TP,1.25,1.4408814226982007,-0.6515326392343476,0.6823146963217724,0.700760206335824,1.587697993623234,0.25
BTC,EARLY_RECLAIM_LEGACY_STOP,2026-06-01 09:45:00+00:00,2026-06-01 13:00:00+00:00,SHORT,72855.2,73752.76221963024,71733.2472254622,TP,1.25,1.2868188686415638,-0.025513551594721254,0.9690124922716782,0.6754342942684901,0.9651373422095189,0.66
BTC,EARLY_RECLAIM_LEGACY_STOP,2026-06-03 22:00:00+00:00,2026-06-04 00:15:00+00:00,SHORT,65299.7,66535.9372568047,63754.40342899412,TP,1.25,1.6093189143500315,0.0,0.9367383932279693,0.870171345704744,1.4437416046723144,1.0
BTC,EARLY_RECLAIM_LEGACY_STOP,2026-06-05 05:30:00+00:00,2026-06-05 13:45:00+00:00,SHORT,62858.7,64358.03781871764,60984.527726602944,TP,1.25,1.4459049674703475,-0.24884318620009988,0.6463824752914794,0.8741115191644456,1.732839866546821,1.0
BTC,EARLY_RECLAIM_LEGACY_STOP,2026-06-06 10:00:00+00:00,2026-06-07 04:45:00+00:00,SHORT,60594.6,61816.64794992575,59067.040062592816,SL,-1.0,0.36708870550231293,-1.0403847083719187,1.095504724076843,1.8879082989966127,1.326511691636061,1.0
BTC,EARLY_RECLAIM_LEGACY_STOP,2026-06-09 21:15:00+00:00,2026-06-10 09:15:00+00:00,SHORT,61777.0,62517.01280577948,60851.983992775655,TP,1.25,1.4663259764228378,-0.2302662854874703,0.40480994092997014,1.5533741767734817,1.4388990666256887,0.6
BTC,EARLY_RECLAIM_LEGACY_STOP,2026-06-19 07:30:00+00:00,2026-06-19 13:45:00+00:00,SHORT,62517.6,63187.478300508184,61680.252124364764,SL,-1.0,0.36603663652633983,-1.3326301200125164,1.194330424125111,1.5798263898730973,1.8299929387892713,0.155
BTC,EARLY_RECLAIM_LEGACY_STOP,2026-06-28 02:15:00+00:00,2026-06-28 17:30:00+00:00,SHORT,60087.2,60610.1126064097,59433.559241987874,TP,1.25,1.3780505406966825,-0.872229880116245,0.6037170073310076,0.2237860218226621,2.1174148752715456,0.755
BTC,EARLY_RECLAIM_LEGACY_STOP,2026-07-20 02:00:00+00:00,2026-07-20 05:00:00+00:00,LONG,64794.5,64079.10805101593,65688.7399362301,SL,-1.0,0.20338501181991903,-1.0462795968880372,0.4967635026287076,1.1886213794141505,1.466187712707498,0.47
BTC,EARLY_RECLAIM_LEGACY_STOP,2026-07-27 09:30:00+00:00,2026-07-27 12:30:00+00:00,LONG,65276.0,64943.93160196061,65691.08549754924,SL,-1.0,0.41196332083300674,-1.4003139194981291,0.21052104933137725,0.5475269846911899,1.1350969876657175,0.225
BTC,EARLY_RECLAIM_LEGACY_STOP,2026-08-01 03:00:00+00:00,2026-08-01 17:45:00+00:00,SHORT,62958.4,63160.98354113636,62705.170573579555,TP,1.25,1.6047700527713364,-0.8302747550788536,0.18657771112097862,0.15317435963223522,1.1429163757169638,0.52
BTC,EARLY_RECLAIM_LEGACY_STOP,2026-08-03 11:45:00+00:00,2026-08-03 13:15:00+00:00,SHORT,62534.1,62974.74099151525,61983.29876060593,SL,-1.0,0.30432938056639286,-1.010800194662739,1.017954895513304,1.1367087584547666,1.3274578309351897,0.65
BTC,EARLY_RECLAIM_LEGACY_STOP,2026-08-08 08:30:00+00:00,2026-08-08 14:15:00+00:00,LONG,64986.0,64884.22567151603,65113.21791060496,TP,1.25,1.3146733758216929,-0.9354028802557445,0.9039167273145768,0.33452089684331787,0.9128451591823055,0.455
BTC,EARLY_RECLAIM_LEGACY_STOP,2026-08-13 13:15:00+00:00,2026-08-13 14:30:00+00:00,SHORT,63575.9,63917.533445127076,63148.85819359116,SL,-1.0,0.12264607168193477,-1.1846029882977784,0.33496066037466504,0.36560744466137307,1.5192409605226027,0.63
BTC,EARLY_RECLAIM_LEGACY_STOP,2026-08-20 06:15:00+00:00,2026-08-20 08:00:00+00:00,LONG,69586.5,68645.2039540457,70763.12005744287,TP,1.25,1.902164582222135,-0.11101714540196207,0.8705016048388053,0.5521409168021074,1.5133220082075773,1.0
BTC,EARLY_RECLAIM_LEGACY_STOP,2026-08-23 23:15:00+00:00,2026-08-24 01:45:00+00:00,LONG,77641.9,76939.49967927895,78519.9004009013,SL,-1.0,0.2293563873015161,-1.0733195554724109,0.5460932124321556,0.11062319807209323,1.0386289152319128,0.94
BTC,EARLY_RECLAIM_STRUCTURE_STOP,2026-04-01 03:00:00+00:00,2026-04-01 05:15:00+00:00,LONG,67950.0,67366.04013112398,68679.94983609502,TP,1.25,1.3399893412301198,-0.13271459929116203,0.16339299017249473,0.7837267722692188,1.7795524892929853,
BTC,EARLY_RECLAIM_STRUCTURE_STOP,2026-04-08 11:45:00+00:00,2026-04-08 12:45:00+00:00,LONG,71650.2,71245.36194838073,72156.24756452409,TP,1.25,1.282735152792353,-0.265785292587031,0.26099273486779045,0.6989589102110747,1.2803559242092801,
BTC,EARLY_RECLAIM_STRUCTURE_STOP,2026-04-10 01:30:00+00:00,2026-04-10 07:45:00+00:00,LONG,72263.3,71493.72241271193,73225.27198411009,SL,-1.0,0.0835523293065101,-1.1450437416002042,0.9021758439319981,1.5047215760020671,1.7340681719989484,
BTC,EARLY_RECLAIM_STRUCTURE_STOP,2026-04-14 13:00:00+00:00,2026-04-14 13:30:00+00:00,LONG,74534.2,74127.93899646397,75042.02625442002,TP,1.25,1.632940386170191,-0.2003638037899341,0.825669685371001,1.175455594832819,1.2496110312116855,
BTC,EARLY_RECLAIM_STRUCTURE_STOP,2026-04-21 06:30:00+00:00,2026-04-21 08:45:00+00:00,LONG,75955.5,75527.29942000832,76490.7507249896,TP,1.25,2.436942051830649,-0.43320819416826584,1.1157405326080572,0.5599011566136768,2.1788854186468742,0.02877697841726619
BTC,EARLY_RECLAIM_STRUCTURE_STOP,2026-04-21 14:30:00+00:00,2026-04-21 14:45:00+00:00,LONG,76425.6,75647.3913458319,77398.36081771014,SL,-1.0,0.017476032844339778,-1.0972635621905493,0.9428749270761312,1.4093263986795925,1.634201821309062,0.0425531914893617
BTC,EARLY_RECLAIM_STRUCTURE_STOP,2026-04-26 23:30:00+00:00,2026-04-27 01:00:00+00:00,LONG,78560.2,77870.98058269033,79421.72427163708,TP,1.25,1.298280311795062,-0.34981602947449386,1.1413982192424723,0.2734978081955196,2.1092702316406755,0.046242774566473986
BTC,EARLY_RECLAIM_STRUCTURE_STOP,2026-05-02 06:45:00+00:00,2026-05-02 21:30:00+00:00,LONG,78278.3,77963.49424305296,78671.8071961838,TP,1.25,2.7531262719118637,-0.7071026977357782,0.6546922775420883,1.01808811601214,1.0554127193292555,0.295
BTC,EARLY_RECLAIM_STRUCTURE_STOP,2026-05-03 11:00:00+00:00,2026-05-03 11:45:00+00:00,LONG,78487.5,78230.37982496357,78808.90021879553,TP,1.25,1.2725566943692441,-0.12212188326157461,1.1195231440556217,0.08750771889764372,1.8298836329484771,0.45
BTC,EARLY_RECLAIM_STRUCTURE_STOP,2026-05-05 00:45:00+00:00,2026-05-05 02:30:00+00:00,LONG,80130.9,79628.1992084177,80759.27598947786,TP,1.25,1.3041554956308163,-0.19773193451143137,0.6949613331047285,1.982292482300277,0.7777986558749588,0.655
BTC,EARLY_RECLAIM_STRUCTURE_STOP,2026-05-05 10:30:00+00:00,2026-05-05 12:30:00+00:00,LONG,80777.1,80405.16754681381,81242.01556648275,TP,1.25,1.292976710906297,-0.25031426863253325,0.4085405724986777,1.0519383201124757,0.7124949644212295,0.69
BTC,EARLY_RECLAIM_STRUCTURE_STOP,2026-05-06 08:00:00+00:00,2026-05-06 10:00:00+00:00,LONG,81507.4,81047.8921321313,82081.78483483587,TP,1.25,1.28659385690637,-0.11316454763046332,0.8218492992991401,0.41185366613584745,1.7137900242113202,0.735
BTC,EARLY_RECLAIM_STRUCTURE_STOP,2026-05-09 22:30:00+00:00,2026-05-09 23:15:00+00:00,LONG,80771.1,80615.89971949586,80965.10035063018,SL,-1.0,0.2957468881557173,-1.0341476154465936,0.34098891663503844,0.06539011498198724,1.5205641662982428,0.425
BTC,EARLY_RECLAIM_STRUCTURE_STOP,2026-05-10 02:15:00+00:00,2026-05-10 15:00:00+00:00,LONG,80700.0,80470.01031924375,80987.4871009453,TP,1.25,1.6983370676268739,-0.3495809017849174,0.3856553050962432,1.0205734936681088,1.338992423692529,0.45
BTC,EARLY_RECLAIM_STRUCTURE_STOP,2026-05-15 00:00:00+00:00,2026-05-15 02:00:00+00:00,LONG,81441.5,80891.2294052252,82129.3382434685,SL,-1.0,0.3312915531577852,-1.1132704633267025,0.609087620357979,0.10267675673844932,1.9213274524193997,0.505
BTC,EARLY_RECLAIM_STRUCTURE_STOP,2026-05-27 01:15:00+00:00,2026-05-27 04:30:00+00:00,SHORT,75844.9,76190.38435702446,75413.0445537194,TP,1.25,1.641463610347557,-0.33170821679746515,0.6823146963217724,0.700760206335824,1.587697993623234,0.25
BTC,EARLY_RECLAIM_STRUCTURE_STOP,2026-06-01 09:45:00+00:00,2026-06-01 11:45:00+00:00,SHORT,72855.2,73204.48544275966,72418.59319655041,TP,1.25,1.9101855340106135,-0.06556242315476607,0.9690124922716782,0.6754342942684901,0.9651373422095189,0.66
BTC,EARLY_RECLAIM_STRUCTURE_STOP,2026-06-03 22:00:00+00:00,2026-06-03 23:15:00+00:00,SHORT,65299.7,66074.40921692304,64331.31347884619,TP,1.25,1.2607310958287155,0.0,0.9367383932279693,0.870171345704744,1.4437416046723144,1.0
BTC,EARLY_RECLAIM_STRUCTURE_STOP,2026-06-05 05:30:00+00:00,2026-06-05 06:15:00+00:00,SHORT,62858.7,63866.2945467941,61599.206816507365,TP,1.25,1.7775999341191318,-0.09368847846622119,0.6463824752914794,0.8741115191644456,1.732839866546821,1.0
BTC,EARLY_RECLAIM_STRUCTURE_STOP,2026-06-06 10:00:00+00:00,2026-06-07 01:15:00+00:00,SHORT,60594.6,61448.71987481437,59526.95015648203,SL,-1.0,0.5252190157704663,-1.2255890898540511,1.095504724076843,1.8879082989966127,1.326511691636061,1.0
BTC,EARLY_RECLAIM_STRUCTURE_STOP,2026-06-09 21:15:00+00:00,2026-06-10 09:15:00+00:00,SHORT,61777.0,62424.678323756656,60967.402095304176,TP,1.25,1.6753687134474635,-0.2630935662809424,0.40480994092997014,1.5533741767734817,1.4388990666256887,0.6
BTC,EARLY_RECLAIM_STRUCTURE_STOP,2026-06-19 07:30:00+00:00,2026-06-19 13:00:00+00:00,SHORT,62517.6,62974.29575127046,61946.730310911924,SL,-1.0,0.5369001119845901,-1.0013230881344106,1.194330424125111,1.5798263898730973,1.8299929387892713,0.155
BTC,EARLY_RECLAIM_STRUCTURE_STOP,2026-06-28 02:15:00+00:00,2026-06-28 05:15:00+00:00,SHORT,60087.2,60351.2031941663,59757.19600729212,TP,1.25,1.4105889937278864,-0.6181743388195511,0.6037170073310076,0.2237860218226621,2.1174148752715456,0.755
BTC,EARLY_RECLAIM_STRUCTURE_STOP,2026-07-20 02:00:00+00:00,2026-07-20 05:00:00+00:00,LONG,64794.5,64233.17023316035,65496.16220854956,SL,-1.0,0.2592059224280621,-1.3334407762020926,0.4967635026287076,1.1886213794141505,1.466187712707498,0.47
BTC,EARLY_RECLAIM_STRUCTURE_STOP,2026-07-27 09:30:00+00:00,2026-07-27 12:15:00+00:00,LONG,65276.0,64986.760541274394,65637.549323407,SL,-1.0,0.4729645139108825,-1.0351284756207302,0.21052104933137725,0.5475269846911899,1.1350969876657175,0.225
BTC,EARLY_RECLAIM_STRUCTURE_STOP,2026-08-01 03:00:00+00:00,2026-08-01 17:30:00+00:00,SHORT,62958.4,63134.24930173863,62738.588372826714,TP,1.25,1.4205345004513619,-0.9565008125536916,0.18657771112097862,0.15317435963223522,1.1429163757169638,0.52
BTC,EARLY_RECLAIM_STRUCTURE_STOP,2026-08-03 11:45:00+00:00,2026-08-03 13:15:00+00:00,SHORT,62534.1,62855.202478788124,62132.721901514844,SL,-1.0,0.41762368358570817,-1.3870961123719392,1.017954895513304,1.1367087584547666,1.3274578309351897,0.65
BTC,EARLY_RECLAIM_STRUCTURE_STOP,2026-08-08 08:30:00+00:00,2026-08-08 12:00:00+00:00,LONG,64986.0,64897.81417879008,65096.2322765124,SL,-1.0,0.4637933790131974,-1.0795386230330921,0.9039167273145768,0.33452089684331787,0.9128451591823055,0.455
BTC,EARLY_RECLAIM_STRUCTURE_STOP,2026-08-13 13:15:00+00:00,2026-08-13 14:15:00+00:00,SHORT,63575.9,63848.73361281768,63234.8579839779,SL,-1.0,0.15357345294547972,-1.0412939852460394,0.33496066037466504,0.36560744466137307,1.5192409605226027,0.63
BTC,EARLY_RECLAIM_STRUCTURE_STOP,2026-08-20 06:15:00+00:00,2026-08-20 08:00:00+00:00,LONG,69586.5,69064.5175701297,70238.97803733787,TP,1.25,3.4301920860533324,-0.20019830940663125,0.8705016048388053,0.5521409168021074,1.5133220082075773,1.0
BTC,EARLY_RECLAIM_STRUCTURE_STOP,2026-08-23 23:15:00+00:00,2026-08-24 01:45:00+00:00,LONG,77641.9,77104.4297915313,78313.73776058585,SL,-1.0,0.299737543517059,-1.4026823963842387,0.5460932124321556,0.11062319807209323,1.0386289152319128,0.94
CRV,LEGACY_BASELINE,2026-05-06 06:00:00+00:00,2026-05-06 10:30:00+00:00,LONG,0.2439,0.23840165295351595,0.25077293380810506,TP,1.25,1.3640463100261961,-0.10912370480209872,0.21982773214608228,0.5630817174403717,1.0635987996096141,0.82
CRV,LEGACY_BASELINE,2026-05-08 22:15:00+00:00,2026-05-09 06:45:00+00:00,LONG,0.2572,0.2515584399680059,0.2642519500399926,SL,-1.0,0.3190606835329192,-1.0635356117763843,0.49955558755718915,0.22967913402445397,1.263235237134449,0.815
CRV,LEGACY_BASELINE,2026-06-04 22:45:00+00:00,2026-06-05 06:00:00+00:00,SHORT,0.1925,0.20092354259942666,0.18197057175071668,TP,1.25,1.4720647344792912,-0.2967872448546962,0.8915387505768183,0.43870650471862965,1.6451493926948726,0.925
CRV,LEGACY_BASELINE,2026-08-09 05:45:00+00:00,2026-08-09 10:15:00+00:00,LONG,0.2275,0.2234974733212427,0.23250315834844665,TP,1.25,1.4740688753714453,-0.3997474916261599,0.20665735176043365,0.41579119102513323,0.9978988584603243,1.0
CRV,LEGACY_BASELINE,2026-08-10 12:15:00+00:00,2026-08-10 17:45:00+00:00,LONG,0.2421,0.23572711244337385,0.2500661094457827,TP,1.25,1.4436156166656968,-0.502127171014156,1.0889311541941111,1.2899830618110615,0.6789384535847653,1.0
CRV,LEGACY_BASELINE,2026-08-11 11:15:00+00:00,2026-08-12 00:00:00+00:00,LONG,0.2658,0.2555725418367707,0.2785843227040366,TP,1.25,1.3395312678232767,-0.3519936178221729,0.5622000647305636,0.38904200751946816,0.8134514702679342,1.0
CRV,LEGACY_BASELINE,2026-08-12 01:30:00+00:00,2026-08-12 04:00:00+00:00,LONG,0.2763,0.26101689820676444,0.29540387724154443,SL,-1.0,0.31407236992457593,-1.0730805972422932,1.3822173011062866,1.0356060256813708,0.7005570173726796,1.0
CRV,LEGACY_BASELINE,2026-08-12 08:15:00+00:00,2026-08-13 05:30:00+00:00,LONG,0.2778,0.2563631521950947,0.3045960597561316,SL,-1.0,0.11195675884076729,-1.128897318311064,0.5063442745653195,0.14136881980234997,1.1026767944583171,1.0
CRV,LEGACY_BASELINE,2026-08-21 12:15:00+00:00,2026-08-22 01:15:00+00:00,LONG,0.3232,0.3014848218160054,0.35034397272999324,TP,1.25,1.3999424615546872,-0.39603635425560163,0.7779264526931498,0.4987789421682467,1.6089643295749863,0.855
CRV,EARLY_RECLAIM_LEGACY_STOP,2026-04-01 12:30:00+00:00,2026-04-01 23:30:00+00:00,LONG,0.223,0.21693292720926205,0.23058384098842244,SL,-1.0,0.32964826185260526,-1.1537689164841185,0.7713326188719055,0.9675518002856581,1.9351036005713163,
CRV,EARLY_RECLAIM_LEGACY_STOP,2026-04-08 13:00:00+00:00,2026-04-08 16:30:00+00:00,LONG,0.227,0.2198581866814883,0.23592726664813965,SL,-1.0,0.14002046194738557,-1.1201636955790846,0.5478895954498437,0.9337881983989867,0.9337881983989867,
CRV,EARLY_RECLAIM_LEGACY_STOP,2026-04-10 02:30:00+00:00,2026-04-10 23:00:00+00:00,LONG,0.223,0.21582823677167776,0.2319647040354028,SL,-1.0,0.1394357242652501,-1.1154857941220009,0.706776530415078,1.3813660535718641,0.9209107023812427,
CRV,EARLY_RECLAIM_LEGACY_STOP,2026-04-15 22:00:00+00:00,2026-04-16 13:15:00+00:00,LONG,0.225,0.220027685271538,0.23121539341057754,TP,1.25,1.4077950375770298,-0.8044543071868742,0.5451434164834212,0.0,1.0140369440731023,0.27102803738317754
CRV,EARLY_RECLAIM_LEGACY_STOP,2026-04-21 00:30:00+00:00,2026-04-21 17:15:00+00:00,LONG,0.233,0.2279877782309517,0.2392652772113104,SL,-1.0,0.7980492851894445,-1.3965862490815377,0.6865133092615086,0.9939262315733259,0.9939262315733259,0.5072463768115942
CRV,EARLY_RECLAIM_LEGACY_STOP,2026-04-28 06:00:00+00:00,2026-04-28 07:15:00+00:00,LONG,0.231,0.2258579624479512,0.23742754694006102,SL,-1.0,0.0,-1.1668526219940467,0.4315503113354039,0.9336904472505895,1.4005356708758843,0.23756906077348067
CRV,EARLY_RECLAIM_LEGACY_STOP,2026-04-30 23:30:00+00:00,2026-05-01 22:45:00+00:00,LONG,0.2346,0.23035472978399033,0.23990658777001211,SL,-1.0,1.2248925829008186,-1.060003196741092,0.9027087638344062,1.6263737107996639,1.243697543552675,0.14720812182741116
CRV,EARLY_RECLAIM_LEGACY_STOP,2026-05-05 23:45:00+00:00,2026-05-06 03:45:00+00:00,LONG,0.2404,0.2361613412519431,0.24569832343507114,TP,1.25,1.2503955413796033,-0.3774778992844063,0.39600089044207565,0.8964196452171566,1.3446294678257245,0.715
CRV,EARLY_RECLAIM_LEGACY_STOP,2026-05-12 02:00:00+00:00,2026-05-12 15:00:00+00:00,LONG,0.2839,0.2739259748760273,0.2963675314049658,SL,-1.0,0.701822976480723,-1.0326823796787747,0.7363184693345783,1.4807696273422384,1.3547466803343842,0.97
CRV,EARLY_RECLAIM_LEGACY_STOP,2026-05-26 06:15:00+00:00,2026-05-26 10:15:00+00:00,SHORT,0.2202,0.22337650123783828,0.21622937345270216,SL,-1.0,0.4407364880968104,-1.479615352896416,0.21267271772950816,0.16999557124775258,1.4449623556058615,0.32
CRV,EARLY_RECLAIM_LEGACY_STOP,2026-05-28 10:45:00+00:00,2026-05-28 17:45:00+00:00,SHORT,0.2101,0.21358703245849459,0.2057412094268818,SL,-1.0,0.7169419928712977,-1.0897518291643709,0.7175669103821779,0.9266806413996816,1.347899114763201,0.595
CRV,EARLY_RECLAIM_LEGACY_STOP,2026-05-29 07:30:00+00:00,2026-05-29 15:30:00+00:00,SHORT,0.2104,0.2142081725614172,0.20563978429822852,SL,-1.0,1.1291505126542318,-1.3917436551319606,1.1260078178550055,1.9837873758323823,2.082976744624018,0.785
CRV,EARLY_RECLAIM_LEGACY_STOP,2026-06-03 03:15:00+00:00,2026-06-03 05:00:00+00:00,SHORT,0.2008,0.20447466208524956,0.19620667239343806,SL,-1.0,0.9524685314737755,-1.415096103903889,0.5363477419207072,0.889079640079164,1.0795967058104299,0.79
CRV,EARLY_RECLAIM_LEGACY_STOP,2026-06-06 02:00:00+00:00,2026-06-06 04:30:00+00:00,SHORT,0.1812,0.18752546768579223,0.1732931653927597,TP,1.25,1.5651016639033026,-0.15809107716195003,0.6285210622131499,1.3147315719031445,0.6573657859515722,1.0
CRV,EARLY_RECLAIM_LEGACY_STOP,2026-06-15 10:45:00+00:00,2026-06-16 00:30:00+00:00,LONG,0.2389,0.2338085453803351,0.24526431827458112,TP,1.25,1.3552119218248329,-0.6677855846673127,1.0961969307198418,1.3409727481010194,1.81031320993638,0.475
CRV,EARLY_RECLAIM_LEGACY_STOP,2026-06-23 14:30:00+00:00,2026-06-23 21:00:00+00:00,SHORT,0.2035,0.20723197436163288,0.19883503204795888,SL,-1.0,0.7770685752329549,-1.1254096606822186,0.4931111015688278,0.8258417216465693,0.9759947619459513,0.095
CRV,EARLY_RECLAIM_LEGACY_STOP,2026-06-25 00:15:00+00:00,2026-06-25 13:45:00+00:00,SHORT,0.1932,0.1987303580511847,0.18628705243601917,TP,1.25,2.1517594141035543,-0.849854558511483,0.7657706083104264,1.6336046313244525,1.241539519806591,0.535
CRV,EARLY_RECLAIM_LEGACY_STOP,2026-06-28 02:15:00+00:00,2026-06-28 16:15:00+00:00,SHORT,0.1914,0.19332600851005302,0.18899248936243368,TP,1.25,1.2980212636397617,-0.9345753098206504,0.7767269963113886,0.8264365936374273,2.0660914840935107,0.98
CRV,EARLY_RECLAIM_LEGACY_STOP,2026-06-29 00:15:00+00:00,2026-06-29 03:15:00+00:00,SHORT,0.1884,0.19199250260519193,0.1839093717435101,SL,-1.0,0.25052173899590846,-1.113429951092905,0.7928209631686298,0.2745988875214723,1.2814614751001194,0.91
CRV,EARLY_RECLAIM_LEGACY_STOP,2026-07-17 00:00:00+00:00,2026-07-17 01:30:00+00:00,LONG,0.221,0.2147781824869446,0.22877727189131924,SL,-1.0,0.0803623698301723,-1.1893630734865472,0.688952129344392,0.36995530950312067,1.7264581110145918,0.775
CRV,EARLY_RECLAIM_LEGACY_STOP,2026-07-22 13:30:00+00:00,2026-07-22 19:00:00+00:00,LONG,0.216,0.21203616787952134,0.22095479015059832,SL,-1.0,0.8829839139548015,-1.2109493677094405,1.0217698925831833,0.20750501643448166,2.0750501643447588,0.005
CRV,EARLY_RECLAIM_LEGACY_STOP,2026-07-25 11:30:00+00:00,2026-07-26 11:30:00+00:00,SHORT,0.2028,0.20470250418198874,0.20042186977251408,SL,-1.0,0.7358722326363362,-1.366619860610322,0.31548538153669275,0.49792185509776027,1.3277916135940429,0.465
CRV,EARLY_RECLAIM_LEGACY_STOP,2026-08-01 22:45:00+00:00,2026-08-02 04:00:00+00:00,SHORT,0.2009,0.20379409284004238,0.19728238394994702,SL,-1.0,0.4146377004209833,-1.0711473927541981,0.1331235537038334,0.3777895793443865,1.2592985978146451,0.17
CRV,EARLY_RECLAIM_LEGACY_STOP,2026-08-03 06:30:00+00:00,2026-08-03 09:30:00+00:00,SHORT,0.2007,0.20235183779132226,0.19863520276084715,SL,-1.0,0.24215452758214767,-1.3923885335974207,0.7719992701061681,0.6136496001383954,1.2272992002767484,0.23
CRV,EARLY_RECLAIM_LEGACY_STOP,2026-08-08 19:45:00+00:00,2026-08-09 10:15:00+00:00,LONG,0.2272,0.2239628182121953,0.23124647723475591,TP,1.25,1.9152461636096416,-0.7722766788748583,0.672987773732544,1.3190503190309781,0.9673035672893742,0.935
CRV,EARLY_RECLAIM_LEGACY_STOP,2026-08-09 21:30:00+00:00,2026-08-10 02:45:00+00:00,LONG,0.2389,0.23606895580043674,0.24243880524945408,TP,1.25,1.3069382670079124,-0.9890343642222005,0.4484724333288416,0.8841387457591267,0.7073109966072963,1.0
CRV,EARLY_RECLAIM_LEGACY_STOP,2026-08-10 16:30:00+00:00,2026-08-10 17:45:00+00:00,LONG,0.2431,0.23695003596508496,0.2507874550436438,TP,1.25,1.3333411306873242,-0.1300820615304742,0.688907233311261,0.9230939482832274,1.7436219023127328,1.0
CRV,EARLY_RECLAIM_LEGACY_STOP,2026-08-11 22:15:00+00:00,2026-08-12 00:00:00+00:00,LONG,0.269,0.2609884660366133,0.2790144174542334,TP,1.25,1.3106104334058568,-0.1872300619151224,0.5911370610766156,0.7469232196186597,1.671685301051287,1.0
CRV,EARLY_RECLAIM_LEGACY_STOP,2026-08-12 13:45:00+00:00,2026-08-12 14:30:00+00:00,LONG,0.2768,0.27094169999469137,0.2841228750066358,SL,-1.0,0.0,-1.6387006454604152,0.3361950523938111,1.2296993569401695,1.2296993569401695,1.0
CRV,EARLY_RECLAIM_LEGACY_STOP,2026-08-17 00:00:00+00:00,2026-08-17 08:45:00+00:00,LONG,0.2502,0.2454161965197114,0.2561797543503607,SL,-1.0,0.25084642480498437,-1.0033856992199028,0.449769329704654,0.7226459640001879,1.3007627352003501,0.555
CRV,EARLY_RECLAIM_LEGACY_STOP,2026-08-20 00:00:00+00:00,2026-08-20 03:30:00+00:00,LONG,0.2563,0.24987148440793694,0.26433564449007874,TP,1.25,1.4311235413909273,-0.015555690667290904,0.4263190445113616,0.5637731781127729,1.4564140434580186,0.395
CRV,EARLY_RECLAIM_LEGACY_STOP,2026-08-20 15:00:00+00:00,2026-08-20 20:15:00+00:00,LONG,0.2695,0.26234733157168233,0.2784408355353971,TP,1.25,1.859445902363483,-0.6431166278851145,0.1833670710044214,0.4700963065504317,1.6845117651389871,0.67
CRV,EARLY_RECLAIM_STRUCTURE_STOP,2026-04-01 12:30:00+00:00,2026-04-01 20:30:00+00:00,LONG,0.223,0.21783231802315514,0.22945960247105607,SL,-1.0,0.38702072011426397,-1.161062160342792,0.7713326188719055,0.9675518002856581,1.9351036005713163,
CRV,EARLY_RECLAIM_STRUCTURE_STOP,2026-04-08 13:00:00+00:00,2026-04-08 14:30:00+00:00,LONG,0.227,0.22164546670372073,0.2336931666203491,SL,-1.0,0.1867576396797971,-1.1205458380787827,0.5478895954498437,0.9337881983989867,0.9337881983989867,
CRV,EARLY_RECLAIM_STRUCTURE_STOP,2026-04-10 02:30:00+00:00,2026-04-10 22:45:00+00:00,LONG,0.223,0.21757059192919437,0.22978676008850704,SL,-1.0,0.18418214047624848,-1.1050928428574909,0.706776530415078,1.3813660535718641,0.9209107023812427,
CRV,EARLY_RECLAIM_STRUCTURE_STOP,2026-04-15 22:00:00+00:00,2026-04-16 13:15:00+00:00,LONG,0.225,0.2207179954264997,0.23035250571687538,TP,1.25,1.634748370732795,-0.9341419261330257,0.5451434164834212,0.0,1.0140369440731023,0.27102803738317754
CRV,EARLY_RECLAIM_STRUCTURE_STOP,2026-04-17 16:00:00+00:00,2026-04-18 08:30:00+00:00,LONG,0.24,0.2352791517534462,0.24590106030819225,SL,-1.0,1.0591316938963202,-1.0591316938963202,0.8463510378222939,0.0,1.1331620925349521,0.7521367521367521
CRV,EARLY_RECLAIM_STRUCTURE_STOP,2026-04-21 00:30:00+00:00,2026-04-21 14:45:00+00:00,LONG,0.233,0.22869205585011862,0.23838493018735174,SL,-1.0,0.9285171443344047,-1.160646430418014,0.6865133092615086,0.9939262315733259,0.9939262315733259,0.5072463768115942
CRV,EARLY_RECLAIM_STRUCTURE_STOP,2026-04-28 06:00:00+00:00,2026-04-28 07:00:00+00:00,LONG,0.231,0.2266076755911683,0.23649040551103967,SL,-1.0,0.0,-1.1383494329213069,0.4315503113354039,0.9336904472505895,1.4005356708758843,0.23756906077348067
CRV,EARLY_RECLAIM_STRUCTURE_STOP,2026-04-30 23:30:00+00:00,2026-05-01 03:15:00+00:00,LONG,0.2346,0.23198682445997584,0.2378664694250302,TP,1.25,1.3776342020891215,-0.22960570034818337,0.9027087638344062,1.6263737107996639,1.243697543552675,0.14720812182741116
CRV,EARLY_RECLAIM_STRUCTURE_STOP,2026-05-01 09:45:00+00:00,2026-05-01 13:45:00+00:00,LONG,0.236,0.23361537422026746,0.23898078222466565,TP,1.25,1.593541440462935,-0.6709648170370167,1.1431410062613507,1.7822502952545693,1.4677355372684706,0.205
CRV,EARLY_RECLAIM_STRUCTURE_STOP,2026-05-01 15:00:00+00:00,2026-05-01 15:45:00+00:00,LONG,0.2377,0.2353038930205447,0.2406951337243191,SL,-1.0,0.04173436363961901,-1.0850934546299087,0.6446420097140554,0.7348258652376813,1.1430624570363654,0.235
CRV,EARLY_RECLAIM_STRUCTURE_STOP,2026-05-05 23:45:00+00:00,2026-05-06 03:30:00+00:00,LONG,0.2404,0.237129871813763,0.24448766023279628,TP,1.25,1.3149331632005776,-0.4892774560746308,0.39600089044207565,0.8964196452171566,1.3446294678257245,0.715
CRV,EARLY_RECLAIM_STRUCTURE_STOP,2026-05-12 02:00:00+00:00,2026-05-12 15:00:00+00:00,LONG,0.2839,0.2759649371900682,0.2938188285124147,SL,-1.0,0.882160629054956,-1.2980363541808595,0.7363184693345783,1.4807696273422384,1.3547466803343842,0.97
CRV,EARLY_RECLAIM_STRUCTURE_STOP,2026-05-26 06:15:00+00:00,2026-05-26 10:15:00+00:00,SHORT,0.2202,0.2229647258045949,0.2167440927442564,SL,-1.0,0.5063793297958361,-1.699987750028857,0.21267271772950816,0.16999557124775258,1.4449623556058615,0.32
CRV,EARLY_RECLAIM_STRUCTURE_STOP,2026-05-28 10:45:00+00:00,2026-05-28 17:30:00+00:00,SHORT,0.2101,0.21297157109802148,0.20651053612747317,SL,-1.0,0.8706035527807471,-1.0795484054481226,0.7175669103821779,0.9266806413996816,1.347899114763201,0.595
CRV,EARLY_RECLAIM_STRUCTURE_STOP,2026-05-29 07:30:00+00:00,2026-05-29 14:15:00+00:00,SHORT,0.2104,0.21292043140354297,0.2072494607455713,TP,1.25,1.706057143215838,-0.9522179403995321,1.1260078178550055,1.9837873758323823,2.082976744624018,0.785
CRV,EARLY_RECLAIM_STRUCTURE_STOP,2026-06-03 03:15:00+00:00,2026-06-03 05:00:00+00:00,SHORT,0.2008,0.20392353035541222,0.19689558705573473,SL,-1.0,1.120526968446288,-1.6647829245487635,0.5363477419207072,0.889079640079164,1.0795967058104299,0.79
CRV,EARLY_RECLAIM_STRUCTURE_STOP,2026-06-05 23:15:00+00:00,2026-06-06 04:30:00+00:00,SHORT,0.1798,0.18580883036031917,0.172288962049601,TP,1.25,1.414584784441887,-0.7156134791882548,0.9037121542021233,1.1649521754227434,0.8737141315670576,1.0
CRV,EARLY_RECLAIM_STRUCTURE_STOP,2026-06-15 10:45:00+00:00,2026-06-15 13:15:00+00:00,LONG,0.2389,0.23517136345083775,0.2435607956864528,TP,1.25,1.2605143832149595,-0.16091672977211932,1.0961969307198418,1.3409727481010194,1.81031320993638,0.475
CRV,EARLY_RECLAIM_STRUCTURE_STOP,2026-06-23 14:30:00+00:00,2026-06-23 19:45:00+00:00,SHORT,0.2035,0.20586578333506136,0.20054277083117328,SL,-1.0,1.225809632277568,-1.0144631439538598,0.4931111015688278,0.8258417216465693,0.9759947619459513,0.095
CRV,EARLY_RECLAIM_STRUCTURE_STOP,2026-06-25 00:15:00+00:00,2026-06-25 08:45:00+00:00,SHORT,0.1932,0.1970258951279618,0.18841763109004778,SL,-1.0,1.0977823122500316,-1.202333008654792,0.7657706083104264,1.6336046313244525,1.241539519806591,0.535
CRV,EARLY_RECLAIM_STRUCTURE_STOP,2026-06-28 02:15:00+00:00,2026-06-28 08:30:00+00:00,SHORT,0.1914,0.19307190553153447,0.18931011808558187,SL,-1.0,1.136427844853264,-1.0766158530189045,0.7767269963113886,0.8264365936374273,2.0660914840935107,0.98
CRV,EARLY_RECLAIM_STRUCTURE_STOP,2026-06-29 00:15:00+00:00,2026-06-29 00:30:00+00:00,SHORT,0.1884,0.1909101266933748,0.18526234163328154,SL,-1.0,0.19919313288835166,-1.195158797330099,0.7928209631686298,0.2745988875214723,1.2814614751001194,0.91
CRV,EARLY_RECLAIM_STRUCTURE_STOP,2026-07-17 00:00:00+00:00,2026-07-17 01:15:00+00:00,LONG,0.221,0.217445818616514,0.2254427267293575,SL,-1.0,0.1406793705923896,-1.1817067129760743,0.688952129344392,0.36995530950312067,1.7264581110145918,0.775
CRV,EARLY_RECLAIM_STRUCTURE_STOP,2026-07-22 13:30:00+00:00,2026-07-22 16:15:00+00:00,LONG,0.216,0.21377350912168888,0.21878311359788888,TP,1.25,1.3923254885964178,-0.8084470578946945,1.0217698925831833,0.20750501643448166,2.0750501643447588,0.005
CRV,EARLY_RECLAIM_STRUCTURE_STOP,2026-07-25 11:30:00+00:00,2026-07-25 13:30:00+00:00,SHORT,0.2028,0.20430626045497188,0.20091717443128515,SL,-1.0,0.06638958067971315,-1.1950124522346341,0.31548538153669275,0.49792185509776027,1.3277916135940429,0.465
CRV,EARLY_RECLAIM_STRUCTURE_STOP,2026-07-26 06:15:00+00:00,2026-07-26 07:00:00+00:00,SHORT,0.2021,0.20329155289249756,0.20061055888437807,SL,-1.0,0.0,-1.5106337379846368,0.5405866251605261,0.8300283466863173,0.9960340160236084,0.525
CRV,EARLY_RECLAIM_STRUCTURE_STOP,2026-08-01 22:45:00+00:00,2026-08-02 02:00:00+00:00,SHORT,0.2009,0.20201616034602754,0.19950479956746556,SL,-1.0,1.0751143455963563,-2.4190072775917955,0.1331235537038334,0.3777895793443865,1.2592985978146451,0.17
CRV,EARLY_RECLAIM_STRUCTURE_STOP,2026-08-03 06:30:00+00:00,2026-08-03 08:15:00+00:00,SHORT,0.2007,0.20212369456435947,0.19892038179455063,SL,-1.0,0.28095913970138947,-1.0535967738802545,0.7719992701061681,0.6136496001383954,1.2272992002767484,0.23
CRV,EARLY_RECLAIM_STRUCTURE_STOP,2026-08-08 19:45:00+00:00,2026-08-09 10:15:00+00:00,LONG,0.2272,0.22436083183792693,0.23074896020259136,TP,1.25,2.1837382099526357,-0.8805396007873563,0.672987773732544,1.3190503190309781,0.9673035672893742,0.935
CRV,EARLY_RECLAIM_STRUCTURE_STOP,2026-08-09 21:30:00+00:00,2026-08-09 22:45:00+00:00,LONG,0.2389,0.23646482127028387,0.24194397341214516,SL,-1.0,0.6570359622788355,-1.0266186910606876,0.4484724333288416,0.8841387457591267,0.7073109966072963,1.0
CRV,EARLY_RECLAIM_STRUCTURE_STOP,2026-08-10 16:30:00+00:00,2026-08-10 17:45:00+00:00,LONG,0.2431,0.2382250899127124,0.2491936376091095,TP,1.25,1.6820823057605327,-0.16410559080591008,0.688907233311261,0.9230939482832274,1.7436219023127328,1.0
CRV,EARLY_RECLAIM_STRUCTURE_STOP,2026-08-11 22:15:00+00:00,2026-08-12 00:00:00+00:00,LONG,0.269,0.26247250292379865,0.2771593713452517,TP,1.25,1.6085798089871235,-0.22979711556958907,0.5911370610766156,0.7469232196186597,1.671685301051287,1.0
CRV,EARLY_RECLAIM_STRUCTURE_STOP,2026-08-12 13:45:00+00:00,2026-08-12 14:30:00+00:00,LONG,0.2768,0.2717671049965494,0.28309111875431325,SL,-1.0,0.0,-1.9074508793483924,0.3361950523938111,1.2296993569401695,1.2296993569401695,1.0
CRV,EARLY_RECLAIM_STRUCTURE_STOP,2026-08-17 00:00:00+00:00,2026-08-17 06:00:00+00:00,LONG,0.2502,0.24674049129927847,0.25452438587590187,SL,-1.0,0.34687006272010956,-1.0695160267203017,0.449769329704654,0.7226459640001879,1.3007627352003501,0.555
CRV,EARLY_RECLAIM_STRUCTURE_STOP,2026-08-20 00:00:00+00:00,2026-08-20 03:30:00+00:00,LONG,0.2563,0.2509787110198423,0.26295161122519706,TP,1.25,1.728904412879202,-0.018792439270423955,0.4263190445113616,0.5637731781127729,1.4564140434580186,0.395
CRV,EARLY_RECLAIM_STRUCTURE_STOP,2026-08-20 15:00:00+00:00,2026-08-20 20:00:00+00:00,LONG,0.2695,0.26324076552159353,0.2773240430980081,TP,1.25,1.4218991205240459,-0.7349141521809693,0.1833670710044214,0.4700963065504317,1.6845117651389871,0.67
DOGE,LEGACY_BASELINE,2026-04-16 16:30:00+00:00,2026-04-17 13:00:00+00:00,LONG,0.09701,0.09351220359110175,0.1013822455111228,TP,1.25,1.2522169640455518,-0.1944081131394923,0.5219684621898633,1.485522820826451,1.733109957630868,0.8090909090909091
DOGE,LEGACY_BASELINE,2026-04-17 15:45:00+00:00,2026-04-18 08:30:00+00:00,LONG,0.10053,0.09693100248534273,0.10502874689332158,SL,-1.0,0.45290389708847334,-1.0752994366456343,0.632721340371694,0.49365476290730215,0.9873095258145848,0.8347826086956521
DOGE,LEGACY_BASELINE,2026-05-06 04:15:00+00:00,2026-05-06 13:45:00+00:00,LONG,0.11531,0.11302576625172432,0.11816529218534459,SL,-1.0,0.8405444501681921,-1.808046134997198,0.2838031304651385,0.17537866307004538,0.862278426761102,0.87
DOGE,LEGACY_BASELINE,2026-06-04 00:45:00+00:00,2026-06-04 02:00:00+00:00,SHORT,0.09064,0.09400698375847096,0.0864312703019113,TP,1.25,1.4582784926262218,-0.1277107437534166,1.2528114701771396,1.1068442430410654,1.003881987874441,0.875
DOGE,LEGACY_BASELINE,2026-06-04 08:45:00+00:00,2026-06-05 06:15:00+00:00,SHORT,0.08874,0.09231062133062932,0.08427672333671335,TP,1.25,1.8932279214297265,-0.3948892558011691,1.0140526465980835,0.8282702241321054,0.7493873456433282,1.0
DOGE,LEGACY_BASELINE,2026-06-05 14:15:00+00:00,2026-06-06 04:30:00+00:00,SHORT,0.08287,0.08628066415285641,0.07860666980892948,TP,1.25,1.4953099371360756,-0.20817059909149382,0.9874253284775338,1.3394791288409205,0.8079397919992837,1.0
DOGE,LEGACY_BASELINE,2026-08-21 02:30:00+00:00,2026-08-21 20:30:00+00:00,LONG,0.08194,0.07844076212061006,0.08631404734923742,TP,1.25,1.5317621107069386,-0.21433238489369483,1.1087619817487129,0.031784481918638946,0.8740732527629239,1.0
DOGE,EARLY_RECLAIM_LEGACY_STOP,2026-04-01 03:00:00+00:00,2026-04-01 06:00:00+00:00,LONG,0.09233,0.09090073985506171,0.09411657518117285,TP,1.25,1.3293591140345133,-0.18191229981524673,0.7906260033226674,1.3274553113281444,2.1038914368220274,
DOGE,EARLY_RECLAIM_LEGACY_STOP,2026-04-01 12:30:00+00:00,2026-04-02 01:00:00+00:00,LONG,0.09301,0.0914301565651277,0.09498480429359038,SL,-1.0,0.791217643728752,-1.3862133118127706,1.0846563103743843,1.5903820470981527,2.2060138072651942,
DOGE,EARLY_RECLAIM_LEGACY_STOP,2026-04-08 13:00:00+00:00,2026-04-08 14:30:00+00:00,LONG,0.09486,0.0932197824097536,0.09691027198780801,SL,-1.0,0.09145128115438828,-1.0913186217757191,0.9726085044000962,1.624116520215432,1.7490485602320252,
DOGE,EARLY_RECLAIM_LEGACY_STOP,2026-04-11 02:15:00+00:00,2026-04-11 05:15:00+00:00,LONG,0.09382,0.09293778048583025,0.09492277439271218,SL,-1.0,0.26070608993096783,-1.0994995966654126,0.3684975539129115,1.3110362020446593,0.8149684499196425,
DOGE,EARLY_RECLAIM_LEGACY_STOP,2026-04-16 02:00:00+00:00,2026-04-16 03:45:00+00:00,LONG,0.0952,0.09395299802359505,0.09675875247050619,TP,1.25,1.7882890662523059,-0.08821156829048296,0.7374238438602633,0.7808525358166023,1.4861386971993353,0.7641509433962265
DOGE,EARLY_RECLAIM_LEGACY_STOP,2026-04-22 13:30:00+00:00,2026-04-22 19:00:00+00:00,LONG,0.09802,0.09677940571029545,0.09957074286213069,SL,-1.0,0.20151632332560412,-1.0962487988912855,0.8011769835323174,1.5873247928661849,1.4593147289253767,0.04827586206896552
DOGE,EARLY_RECLAIM_LEGACY_STOP,2026-04-24 06:15:00+00:00,2026-04-24 10:45:00+00:00,LONG,0.09756,0.09651755803347577,0.09886305245815527,TP,1.25,1.4581147428936343,-0.7482430917480349,0.8964400258535856,0.9636669341362458,1.0220709907505823,0.012903225806451613
DOGE,EARLY_RECLAIM_LEGACY_STOP,2026-04-25 07:15:00+00:00,2026-04-25 12:00:00+00:00,LONG,0.09867,0.0977700557092772,0.09979493036340348,SL,-1.0,0.4222483590565448,-1.0333972997962664,0.8844942479125137,0.846335187390579,1.2695027810858686,0.17391304347826086
DOGE,EARLY_RECLAIM_LEGACY_STOP,2026-04-26 21:15:00+00:00,2026-04-27 02:30:00+00:00,LONG,0.09921,0.09809380967002558,0.10060523791246803,TP,1.25,1.397611104582616,-0.5375427325317812,0.4654221098684095,0.18394168829191618,1.8394168829194595,0.4853801169590643
DOGE,EARLY_RECLAIM_LEGACY_STOP,2026-04-29 00:15:00+00:00,2026-04-29 03:30:00+00:00,LONG,0.09961,0.09846446061510626,0.10104192423111719,TP,1.25,1.5887712146787694,-0.22696731638269,0.6326284144834848,0.982444711630518,0.9190611818478855,0.4945652173913043
DOGE,EARLY_RECLAIM_LEGACY_STOP,2026-05-03 17:30:00+00:00,2026-05-04 00:15:00+00:00,LONG,0.10863,0.10759135027728907,0.10992831215338868,SL,-1.0,0.962788491764041,-1.0590673409404479,0.5459675677050149,1.2992776030577085,1.0335162751595268,0.815
DOGE,EARLY_RECLAIM_LEGACY_STOP,2026-05-04 00:45:00+00:00,2026-05-04 01:30:00+00:00,LONG,0.10894,0.1070021782577174,0.11136227717785323,TP,1.25,1.8164725491487927,-0.020641733513053567,0.810117578118642,1.1746389933062709,2.0461453431786754,0.815
DOGE,EARLY_RECLAIM_LEGACY_STOP,2026-05-05 10:30:00+00:00,2026-05-05 17:15:00+00:00,LONG,0.11155,0.1103170312762047,0.11309121090474412,TP,1.25,2.1573945459151997,-0.22709416272791694,0.6706699607938427,1.184675074766222,1.515282072375387,0.81
DOGE,EARLY_RECLAIM_LEGACY_STOP,2026-05-15 00:00:00+00:00,2026-05-15 04:45:00+00:00,LONG,0.11611,0.11419948460867471,0.11849814423915662,SL,-1.0,0.7066156107036213,-1.0206669932385755,0.21437555689601628,0.36335262304552923,1.1203372543904344,0.26
DOGE,EARLY_RECLAIM_LEGACY_STOP,2026-05-25 03:00:00+00:00,2026-05-25 07:00:00+00:00,SHORT,0.10193,0.10320034576541247,0.10034206779323443,SL,-1.0,0.18105306937858018,-1.0627027985264044,0.5318070115006408,0.47458975819128424,1.1739851913152182,0.27
DOGE,EARLY_RECLAIM_LEGACY_STOP,2026-05-26 07:00:00+00:00,2026-05-26 10:30:00+00:00,SHORT,0.10106,0.10242428276441791,0.0993546465444776,SL,-1.0,0.1539270343927572,-1.0701593819686857,0.9187473208202044,2.0042911909223826,1.7051432519787366,0.175
DOGE,EARLY_RECLAIM_LEGACY_STOP,2026-05-28 10:45:00+00:00,2026-05-28 14:00:00+00:00,SHORT,0.09806,0.09919440718455845,0.09664199101930193,TP,1.25,1.463319364154164,-0.23800977609737034,0.9063179297598154,1.3437889083926005,1.3184344006870898,0.38
DOGE,EARLY_RECLAIM_LEGACY_STOP,2026-06-02 11:15:00+00:00,2026-06-02 14:15:00+00:00,SHORT,0.09884,0.09999387770904235,0.09739765286369706,TP,1.25,3.0765825287900626,-0.14732930419558357,0.8362481411330187,0.6932791628038131,0.8913589236048927,0.435
DOGE,EARLY_RECLAIM_LEGACY_STOP,2026-06-03 19:15:00+00:00,2026-06-04 01:45:00+00:00,SHORT,0.09205,0.09476333341475203,0.08865833323155997,TP,1.25,1.4336608906412336,-0.43488942183975177,1.1362544981736857,0.7542856090063625,1.2857141062608581,0.83
DOGE,EARLY_RECLAIM_LEGACY_STOP,2026-06-04 07:00:00+00:00,2026-06-05 03:45:00+00:00,SHORT,0.08945,0.0923387041910294,0.08583911976121326,TP,1.25,1.2566188020471747,-0.24232318496777153,1.0911273997443296,0.7480624633551697,0.8241366121709561,0.95
DOGE,EARLY_RECLAIM_LEGACY_STOP,2026-06-05 13:30:00+00:00,2026-06-05 16:00:00+00:00,SHORT,0.08376,0.08614783451772326,0.08077520685284592,TP,1.25,1.499266374377334,-0.04187894900495467,0.5639509363754003,0.11140895570253116,1.534967834123654,1.0
DOGE,EARLY_RECLAIM_LEGACY_STOP,2026-06-06 10:00:00+00:00,2026-06-07 01:15:00+00:00,SHORT,0.0804,0.08333677523860096,0.0767290309517488,SL,-1.0,0.1940904405989003,-1.1236814982041565,1.1929698852797448,2.28420753033907,1.3178120367340713,1.0
DOGE,EARLY_RECLAIM_LEGACY_STOP,2026-06-10 08:00:00+00:00,2026-06-10 13:30:00+00:00,SHORT,0.08381,0.08468154795663424,0.08272056505420719,SL,-1.0,1.1932791444044977,-1.5145466063595576,0.24193546024358137,0.597358044719048,1.3938354376777786,0.74
DOGE,EARLY_RECLAIM_LEGACY_STOP,2026-06-19 03:00:00+00:00,2026-06-19 04:30:00+00:00,SHORT,0.08335,0.0842063955638338,0.08227950554520773,TP,1.25,1.4712827263599784,-0.04670738813842642,0.49247794655684374,1.7004614454761018,1.4472012301924313,0.12
DOGE,EARLY_RECLAIM_LEGACY_STOP,2026-06-22 03:45:00+00:00,2026-06-22 12:45:00+00:00,SHORT,0.08288,0.08457605268741981,0.08075993414072521,SL,-1.0,0.08844064875613637,-1.0259115255712032,0.7910017116173744,1.9379154388643902,1.0391720469272534,0.135
DOGE,EARLY_RECLAIM_LEGACY_STOP,2026-06-23 01:30:00+00:00,2026-06-23 06:00:00+00:00,SHORT,0.08212,0.08332485888231497,0.08061392639710628,TP,1.25,1.452452254522631,-0.1742942705427171,1.0768702753951096,0.3078259682708859,2.03165139058777,0.065
DOGE,EARLY_RECLAIM_LEGACY_STOP,2026-06-24 09:00:00+00:00,2026-06-24 11:00:00+00:00,SHORT,0.07898,0.07965559600054414,0.07813550499931982,TP,1.25,1.317355341480931,-0.014801745409913102,0.17471690914578095,0.7092324314884471,1.1081756742007447,0.66
DOGE,EARLY_RECLAIM_LEGACY_STOP,2026-06-29 04:30:00+00:00,2026-06-29 17:15:00+00:00,SHORT,0.07248,0.07406779762026956,0.07049525297466305,SL,-1.0,0.3337956885903537,-1.0076850976312453,1.0726970390897195,2.389472278472387,1.0719127978193745,0.915
DOGE,EARLY_RECLAIM_LEGACY_STOP,2026-07-01 09:45:00+00:00,2026-07-01 15:00:00+00:00,SHORT,0.07124,0.07300128601791063,0.0690383924776117,SL,-1.0,0.2895611472604525,-1.1355339108253126,0.9433468450982464,0.2655284189913053,1.1284957807130704,0.805
DOGE,EARLY_RECLAIM_LEGACY_STOP,2026-07-13 15:30:00+00:00,2026-07-13 17:30:00+00:00,SHORT,0.0721,0.07284118060481877,0.07117352424397654,TP,1.25,1.2682468940614517,-0.12142789411227621,0.5164882148467075,0.5162611098000913,1.4381559487288185,0.265
DOGE,EARLY_RECLAIM_LEGACY_STOP,2026-07-13 21:15:00+00:00,2026-07-14 00:45:00+00:00,SHORT,0.07145,0.07232390861293907,0.07035761423382617,SL,-1.0,0.4805994514546431,-1.0985130318963203,0.6514056805477164,1.1271232552169235,1.4793492724722213,0.355
DOGE,EARLY_RECLAIM_LEGACY_STOP,2026-07-16 15:00:00+00:00,2026-07-17 02:00:00+00:00,SHORT,0.07318,0.07424018644144757,0.07185476694819053,TP,1.25,1.2922255430180747,-0.6979904392944407,0.6838991112933358,1.2991925888435718,1.7322567851247777,0.255
DOGE,EARLY_RECLAIM_LEGACY_STOP,2026-07-17 15:00:00+00:00,2026-07-17 17:00:00+00:00,SHORT,0.07161,0.07258614314559991,0.0703898210680001,SL,-1.0,0.0717107939706589,-1.3727494845814527,0.4719898336587449,0.7907810227091848,1.2652496363346868,0.2
DOGE,EARLY_RECLAIM_LEGACY_STOP,2026-07-18 12:15:00+00:00,2026-07-18 18:15:00+00:00,SHORT,0.07204,0.07262357270112113,0.0713105341235986,SL,-1.0,0.2056299065557254,-1.0110137072322294,1.1510463422757948,1.044766859080307,1.9502314702831947,0.195
DOGE,EARLY_RECLAIM_LEGACY_STOP,2026-07-20 08:30:00+00:00,2026-07-20 15:30:00+00:00,SHORT,0.07155,0.07306177871431027,0.06966027660711216,SL,-1.0,0.01322944939672,-1.1178884740224957,1.0543297794017525,0.5140882204330158,1.0281764408660794,0.075
DOGE,EARLY_RECLAIM_LEGACY_STOP,2026-07-22 23:00:00+00:00,2026-07-23 12:45:00+00:00,SHORT,0.07251,0.07346146017885213,0.07132067477643485,TP,1.25,2.1440729158640353,-0.7146909719546785,1.0787076176083668,1.869083216855481,2.1872250410011382,0.005
DOGE,EARLY_RECLAIM_LEGACY_STOP,2026-07-23 21:00:00+00:00,2026-07-24 07:00:00+00:00,SHORT,0.06945,0.07008888750761039,0.06865139061548702,SL,-1.0,1.1582633737319479,-1.0643501272131348,0.43019108213459756,0.8698924959383842,1.037179514388104,0.23
DOGE,EARLY_RECLAIM_LEGACY_STOP,2026-07-24 21:00:00+00:00,2026-07-24 22:45:00+00:00,SHORT,0.06885,0.06954866368325528,0.06797667039593089,SL,-1.0,0.11450430574443525,-1.2595473631888472,1.1259822622227729,1.600631594554297,1.9664902447381183,0.63
DOGE,EARLY_RECLAIM_LEGACY_STOP,2026-07-29 19:15:00+00:00,2026-07-29 20:15:00+00:00,SHORT,0.07038,0.0714652617664237,0.06902342279197037,TP,1.25,1.4927274231160175,-0.036857467237431114,0.3527308362825739,1.1632701341408493,1.4913719668472385,0.415
DOGE,EARLY_RECLAIM_LEGACY_STOP,2026-07-30 10:45:00+00:00,2026-07-30 13:45:00+00:00,SHORT,0.06995,0.07054164269803721,0.06921044662745349,SL,-1.0,0.2535313974086472,-1.149342334919221,0.6779757073703574,0.9918534216552698,1.8349288300622422,0.39
DOGE,EARLY_RECLAIM_LEGACY_STOP,2026-07-31 13:30:00+00:00,2026-07-31 17:45:00+00:00,SHORT,0.06938,0.07024064106740341,0.06830419866574573,SL,-1.0,1.1386860761324042,-1.045732110733844,1.1120593381978596,0.8917281166931158,1.5736378529877915,0.33
DOGE,EARLY_RECLAIM_LEGACY_STOP,2026-08-03 10:15:00+00:00,2026-08-03 13:45:00+00:00,SHORT,0.06942,0.07012983524946909,0.06853270593816363,SL,-1.0,0.30993107226577354,-1.436953153232246,0.3475018959308122,0.400329772712975,1.3010717613172034,0.26
DOGE,EARLY_RECLAIM_LEGACY_STOP,2026-08-05 09:45:00+00:00,2026-08-05 16:15:00+00:00,SHORT,0.06978,0.07027262741035913,0.06916421573705109,SL,-1.0,1.1164624388217428,-1.1367617558912495,0.41451235732971187,0.14022550048162116,0.7011275024079112,0.12
DOGE,EARLY_RECLAIM_LEGACY_STOP,2026-08-06 08:00:00+00:00,2026-08-06 09:45:00+00:00,SHORT,0.06967,0.07027962017950619,0.06890797477561725,TP,1.25,1.3450998302979753,-0.5905316328137431,1.0682606354905404,1.5040805759076454,0.9310974993714279,0.31
DOGE,EARLY_RECLAIM_LEGACY_STOP,2026-08-10 23:45:00+00:00,2026-08-11 02:00:00+00:00,SHORT,0.06966,0.07009905968371634,0.06911117539535458,SL,-1.0,0.18220757443009025,-1.0932454465805732,0.7388023105867355,0.3354361068895279,0.8721338779128098,0.44
DOGE,EARLY_RECLAIM_LEGACY_STOP,2026-08-15 22:45:00+00:00,2026-08-16 21:30:00+00:00,SHORT,0.06981,0.07016923197608642,0.06936096002989198,TP,1.25,2.533182067793076,-0.9743007953050441,1.0911585884648445,2.1292815460683734,1.5689442971029464,0.76
DOGE,EARLY_RECLAIM_LEGACY_STOP,2026-08-20 23:15:00+00:00,2026-08-21 06:00:00+00:00,LONG,0.08055,0.07847374864318339,0.08314531419602075,TP,1.25,1.2956042105250771,-0.18783852866348785,0.9808136521527869,1.7106879310862806,1.710687931086304,1.0
DOGE,EARLY_RECLAIM_LEGACY_STOP,2026-08-23 00:30:00+00:00,2026-08-23 04:45:00+00:00,LONG,0.09351,0.09025572521458855,0.0975778434817643,SL,-1.0,0.26119490702212966,-1.2967558913333919,1.1878808294400496,2.118756202230928,1.229112714001367,0.965
DOGE,EARLY_RECLAIM_LEGACY_STOP,2026-08-27 22:00:00+00:00,2026-08-28 02:45:00+00:00,LONG,0.08902,0.08742072177504157,0.09101909778119804,SL,-1.0,0.7878554089816007,-1.0754851614669487,0.7745698466570523,0.7032075695164238,1.022847373842098,0.42
DOGE,EARLY_RECLAIM_STRUCTURE_STOP,2026-04-01 03:00:00+00:00,2026-04-01 06:00:00+00:00,LONG,0.09233,0.09133184963765426,0.09357768795293217,TP,1.25,1.9035208237913515,-0.2604817969398656,0.7906260033226674,1.3274553113281444,2.1038914368220274,
DOGE,EARLY_RECLAIM_STRUCTURE_STOP,2026-04-01 12:30:00+00:00,2026-04-01 17:00:00+00:00,LONG,0.09301,0.09203539141281923,0.09422826073397594,TP,1.25,1.2825661670146553,-0.9952713456033702,1.0846563103743843,1.5903820470981527,2.2060138072651942,
DOGE,EARLY_RECLAIM_STRUCTURE_STOP,2026-04-08 13:00:00+00:00,2026-04-08 14:15:00+00:00,LONG,0.09486,0.09385945602438399,0.09611067996952001,SL,-1.0,0.1499184480198843,-1.0894073889445055,0.9726085044000962,1.624116520215432,1.7490485602320252,
DOGE,EARLY_RECLAIM_STRUCTURE_STOP,2026-04-11 02:15:00+00:00,2026-04-11 05:15:00+00:00,LONG,0.09382,0.09311445121457564,0.09470193598178045,SL,-1.0,0.3259873799678594,-1.3748163416036143,0.3684975539129115,1.3110362020446593,0.8149684499196425,
DOGE,EARLY_RECLAIM_STRUCTURE_STOP,2026-04-16 02:00:00+00:00,2026-04-16 02:30:00+00:00,LONG,0.0952,0.09421194871533678,0.09643506410582904,TP,1.25,1.3562049063644777,-0.11133025350754527,0.7374238438602633,0.7808525358166023,1.4861386971993353,0.7641509433962265
DOGE,EARLY_RECLAIM_STRUCTURE_STOP,2026-04-22 13:30:00+00:00,2026-04-22 16:45:00+00:00,LONG,0.09802,0.09706611371169205,0.09921235786038493,SL,-1.0,0.262085746555245,-1.2999453029140047,0.8011769835323174,1.5873247928661849,1.4593147289253767,0.04827586206896552
DOGE,EARLY_RECLAIM_STRUCTURE_STOP,2026-04-24 06:15:00+00:00,2026-04-24 10:45:00+00:00,LONG,0.09756,0.0967038950836894,0.09863013114538824,TP,1.25,1.7754833210752807,-0.9111032831833505,0.8964400258535856,0.9636669341362458,1.0220709907505823,0.012903225806451613
DOGE,EARLY_RECLAIM_STRUCTURE_STOP,2026-04-25 07:15:00+00:00,2026-04-25 11:30:00+00:00,LONG,0.09867,0.09802013927319297,0.09948232590850876,SL,-1.0,0.5847406749244117,-1.1540934373507976,0.8844942479125137,0.846335187390579,1.2695027810858686,0.17391304347826086
DOGE,EARLY_RECLAIM_STRUCTURE_STOP,2026-04-26 21:15:00+00:00,2026-04-27 01:00:00+00:00,LONG,0.09921,0.09853797628551664,0.10005002964310422,TP,1.25,1.7707708438754004,-0.8928256355674362,0.4654221098684095,0.18394168829191618,1.8394168829194595,0.4853801169590643
DOGE,EARLY_RECLAIM_STRUCTURE_STOP,2026-04-29 00:15:00+00:00,2026-04-29 03:15:00+00:00,LONG,0.09961,0.09882115153776565,0.10059606057779295,TP,1.25,1.2930240075653014,-0.3295943548696018,0.6326284144834848,0.982444711630518,0.9190611818478855,0.4945652173913043
DOGE,EARLY_RECLAIM_STRUCTURE_STOP,2026-04-30 07:30:00+00:00,2026-05-01 01:45:00+00:00,LONG,0.10668,0.10479954496433412,0.10903056879458234,TP,1.25,1.387961929691018,-0.712593481144044,1.1086637202660792,1.5421799218789003,0.9838044329227575,0.7696335078534031
DOGE,EARLY_RECLAIM_STRUCTURE_STOP,2026-05-03 17:30:00+00:00,2026-05-03 21:30:00+00:00,LONG,0.10863,0.10778337569322269,0.10968828038347164,SL,-1.0,0.708696874395085,-1.1575382281786695,0.5459675677050149,1.2992776030577085,1.0335162751595268,0.815
DOGE,EARLY_RECLAIM_STRUCTURE_STOP,2026-05-04 00:45:00+00:00,2026-05-04 01:30:00+00:00,LONG,0.10894,0.10762044564429349,0.11058944294463313,TP,1.25,2.6675672622181263,-0.030313264343386485,0.810117578118642,1.1746389933062709,2.0461453431786754,0.815
DOGE,EARLY_RECLAIM_STRUCTURE_STOP,2026-05-05 10:30:00+00:00,2026-05-05 13:45:00+00:00,LONG,0.11155,0.11064257819051174,0.11268427726186032,TP,1.25,1.410589856465825,-0.30856653110190113,0.6706699607938427,1.184675074766222,1.515282072375387,0.81
DOGE,EARLY_RECLAIM_STRUCTURE_STOP,2026-05-15 00:00:00+00:00,2026-05-15 04:30:00+00:00,LONG,0.11611,0.11460066499563855,0.11799666875545183,SL,-1.0,0.8944336387209977,-1.146200144435071,0.21437555689601628,0.36335262304552923,1.1203372543904344,0.26
DOGE,EARLY_RECLAIM_STRUCTURE_STOP,2026-05-25 03:00:00+00:00,2026-05-25 05:00:00+00:00,SHORT,0.10193,0.10288022474751811,0.10074221906560238,SL,-1.0,0.24204800032912877,-1.010287305721534,0.5318070115006408,0.47458975819128424,1.1739851913152182,0.27
DOGE,EARLY_RECLAIM_STRUCTURE_STOP,2026-05-26 07:00:00+00:00,2026-05-26 10:15:00+00:00,SHORT,0.10106,0.10189570691104478,0.10001536636119401,SL,-1.0,0.2512842687126559,-1.3760805191407206,0.9187473208202044,2.0042911909223826,1.7051432519787366,0.175
DOGE,EARLY_RECLAIM_STRUCTURE_STOP,2026-05-28 10:45:00+00:00,2026-05-28 14:00:00+00:00,SHORT,0.09806,0.09904601796139613,0.09682747754825483,TP,1.25,1.6835393116465611,-0.2738286832196287,0.9063179297598154,1.3437889083926005,1.3184344006870898,0.38
DOGE,EARLY_RECLAIM_STRUCTURE_STOP,2026-06-02 11:15:00+00:00,2026-06-02 14:00:00+00:00,SHORT,0.09884,0.09961252051087752,0.0978743493614031,TP,1.25,1.8510835374139627,-0.22005888207019578,0.8362481411330187,0.6932791628038131,0.8913589236048927,0.435
DOGE,EARLY_RECLAIM_STRUCTURE_STOP,2026-06-03 19:15:00+00:00,2026-06-04 00:15:00+00:00,SHORT,0.09205,0.09340916671958882,0.09035104160051399,TP,1.25,1.633353707094613,-0.868178997464689,1.1362544981736857,0.7542856090063625,1.2857141062608581,0.83
DOGE,EARLY_RECLAIM_STRUCTURE_STOP,2026-06-04 07:00:00+00:00,2026-06-04 09:30:00+00:00,SHORT,0.08945,0.09142176047757349,0.08698529940303315,TP,1.25,1.3034037497103772,-0.06593092897367919,1.0911273997443296,0.7480624633551697,0.8241366121709561,0.95
DOGE,EARLY_RECLAIM_STRUCTURE_STOP,2026-06-04 13:15:00+00:00,2026-06-05 02:45:00+00:00,SHORT,0.08835,0.09018730294103657,0.08605337132370429,TP,1.25,1.2518349307721597,-0.9796969023434288,0.029051099414338057,0.7984322571776142,1.3186229701872765,1.0
DOGE,EARLY_RECLAIM_STRUCTURE_STOP,2026-06-05 13:30:00+00:00,2026-06-05 14:00:00+00:00,SHORT,0.08376,0.08529509243652011,0.08184113445434986,TP,1.25,1.5894808299174548,-0.06514265696383204,0.5639509363754003,0.11140895570253116,1.534967834123654,1.0
DOGE,EARLY_RECLAIM_STRUCTURE_STOP,2026-06-06 10:00:00+00:00,2026-06-06 14:30:00+00:00,SHORT,0.0804,0.08239193809650237,0.07791007737937203,SL,-1.0,0.2861534708336865,-1.0793508110393413,1.1929698852797448,2.28420753033907,1.3178120367340713,1.0
DOGE,EARLY_RECLAIM_STRUCTURE_STOP,2026-06-10 08:00:00+00:00,2026-06-10 09:15:00+00:00,SHORT,0.08381,0.08455850617181225,0.08287436728523467,TP,1.25,1.3359943279810755,-0.3740784118347041,0.24193546024358137,0.597358044719048,1.3938354376777786,0.74
DOGE,EARLY_RECLAIM_STRUCTURE_STOP,2026-06-19 03:00:00+00:00,2026-06-19 04:00:00+00:00,SHORT,0.08335,0.0840409889095845,0.08248626386301935,TP,1.25,1.4472012301923731,-0.0578880492077134,0.49247794655684374,1.7004614454761018,1.4472012301924313,0.12
DOGE,EARLY_RECLAIM_STRUCTURE_STOP,2026-06-22 03:45:00+00:00,2026-06-22 08:15:00+00:00,SHORT,0.08288,0.08377013171854952,0.08176733535181309,SL,-1.0,0.16851438598820273,-1.0335549007276663,0.7910017116173744,1.9379154388643902,1.0391720469272534,0.135
DOGE,EARLY_RECLAIM_STRUCTURE_STOP,2026-06-23 01:30:00+00:00,2026-06-23 01:45:00+00:00,SHORT,0.08212,0.08288115827350473,0.08116855215811908,TP,1.25,1.3006493320260177,0.0,1.0768702753951096,0.3078259682708859,2.03165139058777,0.065
DOGE,EARLY_RECLAIM_STRUCTURE_STOP,2026-06-24 09:00:00+00:00,2026-06-24 10:15:00+00:00,SHORT,0.07898,0.0793266374003537,0.07854670324955787,TP,1.25,1.5001266437764356,-0.02884858930342225,0.17471690914578095,0.7092324314884471,1.1081756742007447,0.66
DOGE,EARLY_RECLAIM_STRUCTURE_STOP,2026-06-29 04:30:00+00:00,2026-06-29 12:00:00+00:00,SHORT,0.07248,0.07359949405067388,0.07108063243665766,SL,-1.0,0.41089990583076763,-1.205901897546816,1.0726970390897195,2.389472278472387,1.0719127978193745,0.915
DOGE,EARLY_RECLAIM_STRUCTURE_STOP,2026-07-01 09:45:00+00:00,2026-07-01 13:15:00+00:00,SHORT,0.07124,0.0717958359116419,0.07054520511044762,SL,-1.0,0.9175369732651633,-1.1694098678869767,0.9433468450982464,0.2655284189913053,1.1284957807130704,0.805
DOGE,EARLY_RECLAIM_STRUCTURE_STOP,2026-07-13 15:30:00+00:00,2026-07-13 17:30:00+00:00,SHORT,0.0721,0.0727462673931322,0.07129216575858474,TP,1.25,1.454506308053378,-0.1392612422604408,0.5164882148467075,0.5162611098000913,1.4381559487288185,0.265
DOGE,EARLY_RECLAIM_STRUCTURE_STOP,2026-07-13 21:15:00+00:00,2026-07-14 00:00:00+00:00,SHORT,0.07145,0.07213454059841039,0.07059432425198701,SL,-1.0,0.6135501692307372,-1.0518002901098236,0.6514056805477164,1.1271232552169235,1.4793492724722213,0.355
DOGE,EARLY_RECLAIM_STRUCTURE_STOP,2026-07-16 15:00:00+00:00,2026-07-16 23:15:00+00:00,SHORT,0.07318,0.0739304661036189,0.07224191737047636,TP,1.25,1.479080793452681,-0.9860538623017936,0.6838991112933358,1.2991925888435718,1.7322567851247777,0.255
DOGE,EARLY_RECLAIM_STRUCTURE_STOP,2026-07-17 15:00:00+00:00,2026-07-17 16:30:00+00:00,SHORT,0.07161,0.07240035786399979,0.07062205267000025,SL,-1.0,0.08856747454341139,-1.100767183611191,0.4719898336587449,0.7907810227091848,1.2652496363346868,0.2
DOGE,EARLY_RECLAIM_STRUCTURE_STOP,2026-07-18 12:15:00+00:00,2026-07-18 12:45:00+00:00,SHORT,0.07204,0.07239893175280283,0.07159133530899647,SL,-1.0,0.08358134872643114,-1.0029761847170964,1.1510463422757948,1.044766859080307,1.9502314702831947,0.195
DOGE,EARLY_RECLAIM_STRUCTURE_STOP,2026-07-18 13:00:00+00:00,2026-07-18 18:15:00+00:00,SHORT,0.07205,0.07244978063444162,0.07155027420694798,SL,-1.0,0.3251783323161227,-1.4507956364872525,0.9707977131458161,1.0005487148187455,1.6258916615805048,0.195
DOGE,EARLY_RECLAIM_STRUCTURE_STOP,2026-07-20 08:30:00+00:00,2026-07-20 10:15:00+00:00,SHORT,0.07155,0.07213965616430167,0.07081292979462292,SL,-1.0,0.033918071599730246,-1.254968649189619,1.0543297794017525,0.5140882204330158,1.0281764408660794,0.075
DOGE,EARLY_RECLAIM_STRUCTURE_STOP,2026-07-22 23:00:00+00:00,2026-07-23 00:15:00+00:00,SHORT,0.07251,0.07313865044713033,0.07172418694108709,SL,-1.0,0.09544254724369222,-1.0816822020950976,1.0787076176083668,1.869083216855481,2.1872250410011382,0.005
DOGE,EARLY_RECLAIM_STRUCTURE_STOP,2026-07-23 21:00:00+00:00,2026-07-24 00:00:00+00:00,SHORT,0.06945,0.06982427687994675,0.06898215390006657,TP,1.25,1.7901185883972657,-0.6412365092766397,0.43019108213459756,0.8698924959383842,1.037179514388104,0.23
DOGE,EARLY_RECLAIM_STRUCTURE_STOP,2026-07-24 04:00:00+00:00,2026-07-24 07:00:00+00:00,SHORT,0.06913,0.06964112776451352,0.0684910902943581,SL,-1.0,0.469549918166578,-1.9564579923608232,0.6214898753084467,0.040340657735944384,1.5329449939665023,0.385
DOGE,EARLY_RECLAIM_STRUCTURE_STOP,2026-07-24 21:00:00+00:00,2026-07-24 22:45:00+00:00,SHORT,0.06885,0.06939665920813817,0.06816667598982727,SL,-1.0,0.1463434600735295,-1.6097780608089007,1.1259822622227729,1.600631594554297,1.9664902447381183,0.63
DOGE,EARLY_RECLAIM_STRUCTURE_STOP,2026-07-29 19:15:00+00:00,2026-07-29 20:00:00+00:00,SHORT,0.07038,0.07121815441605926,0.06933230697992591,TP,1.25,1.2766144036212346,-0.04772390293910956,0.3527308362825739,1.1632701341408493,1.4913719668472385,0.415
DOGE,EARLY_RECLAIM_STRUCTURE_STOP,2026-07-30 10:45:00+00:00,2026-07-30 13:45:00+00:00,SHORT,0.06995,0.07045410674509302,0.06931986656863373,SL,-1.0,0.29755602649656854,-1.3489206534511347,0.6779757073703574,0.9918534216552698,1.8349288300622422,0.39
DOGE,EARLY_RECLAIM_STRUCTURE_STOP,2026-07-31 13:30:00+00:00,2026-07-31 14:00:00+00:00,SHORT,0.06938,0.06980391669381222,0.06885010413273471,TP,1.25,2.311774964998395,-0.1651267832141734,1.1120593381978596,0.8917281166931158,1.5736378529877915,0.33
DOGE,EARLY_RECLAIM_STRUCTURE_STOP,2026-08-03 10:15:00+00:00,2026-08-03 13:15:00+00:00,SHORT,0.06942,0.0698998929121549,0.06882013385980637,SL,-1.0,0.4584356101700144,-1.0002231494618758,0.3475018959308122,0.400329772712975,1.3010717613172034,0.26
DOGE,EARLY_RECLAIM_STRUCTURE_STOP,2026-08-05 09:45:00+00:00,2026-08-05 12:15:00+00:00,SHORT,0.06978,0.07004270781673343,0.0694516152290832,SL,-1.0,0.7613020521689721,-1.7890598225972032,0.41451235732971187,0.14022550048162116,0.7011275024079112,0.12
DOGE,EARLY_RECLAIM_STRUCTURE_STOP,2026-08-06 08:00:00+00:00,2026-08-06 08:45:00+00:00,SHORT,0.06967,0.07001905044876547,0.06923368693904315,SL,-1.0,0.08594746148044424,-1.0313695377652514,1.0682606354905404,1.5040805759076454,0.9310974993714279,0.31
DOGE,EARLY_RECLAIM_STRUCTURE_STOP,2026-08-10 23:45:00+00:00,2026-08-11 01:00:00+00:00,SHORT,0.06966,0.06999688879441562,0.06923888900698047,SL,-1.0,0.23746708506219924,-1.0982852684127022,0.7388023105867355,0.3354361068895279,0.8721338779128098,0.44
DOGE,EARLY_RECLAIM_STRUCTURE_STOP,2026-08-15 22:45:00+00:00,2026-08-15 23:00:00+00:00,SHORT,0.06981,0.07003307994021603,0.06953115007472996,TP,1.25,1.5241173171856528,-0.2241348995861675,1.0911585884648445,2.1292815460683734,1.5689442971029464,0.76
DOGE,EARLY_RECLAIM_STRUCTURE_STOP,2026-08-16 05:15:00+00:00,2026-08-16 13:00:00+00:00,SHORT,0.06966,0.06990391609215715,0.06935510488480356,SL,-1.0,0.5329701654790652,-1.2709288561423555,0.9531327754240486,1.2299311511054054,1.127436888513324,0.825
DOGE,EARLY_RECLAIM_STRUCTURE_STOP,2026-08-20 23:15:00+00:00,2026-08-21 01:30:00+00:00,LONG,0.08055,0.07905937160795848,0.08241328549005189,TP,1.25,1.2612130629185303,-0.261634624754376,0.9808136521527869,1.7106879310862806,1.710687931086304,1.0
DOGE,EARLY_RECLAIM_STRUCTURE_STOP,2026-08-23 00:30:00+00:00,2026-08-23 02:15:00+00:00,LONG,0.09351,0.09137431303647138,0.09617960870441077,SL,-1.0,0.3979984026290164,-1.025431178538284,1.1878808294400496,2.118756202230928,1.229112714001367,0.965
DOGE,EARLY_RECLAIM_STRUCTURE_STOP,2026-08-27 22:00:00+00:00,2026-08-28 02:30:00+00:00,LONG,0.08902,0.08790496915377702,0.09041378855777873,SL,-1.0,1.130013581479003,-1.345254263665484,0.7745698466570523,0.7032075695164238,1.022847373842098,0.42
ETH,LEGACY_BASELINE,2026-05-17 02:15:00+00:00,2026-05-17 05:00:00+00:00,SHORT,2174.19,2189.4591385878143,2155.103576765232,SL,-1.0,0.19123541142854097,-1.3563306063989697,0.6093578500191149,1.3835528499538483,0.8695394072465197,1.0
ETH,LEGACY_BASELINE,2026-06-03 17:15:00+00:00,2026-06-04 02:00:00+00:00,SHORT,1828.71,1890.9987108938699,1750.8491113826626,TP,1.25,1.8653460367476462,-0.367161234705383,1.4674042542347658,0.6037590781659556,0.8471961446171711,0.89
ETH,LEGACY_BASELINE,2026-06-04 07:15:00+00:00,2026-06-05 05:30:00+00:00,SHORT,1777.03,1831.7339013315761,1708.6501233355298,TP,1.25,1.4732038856154084,-0.30400025583551843,1.00017863454733,0.8895723827563194,0.7842647486605563,0.975
ETH,LEGACY_BASELINE,2026-06-05 07:30:00+00:00,2026-06-05 16:00:00+00:00,SHORT,1673.41,1766.6803986094437,1556.8220017381955,TP,1.25,1.3660282565480513,-0.169614371074406,1.0522232094610555,1.4928559417440936,1.0802626726167224,1.0
ETH,LEGACY_BASELINE,2026-08-20 18:00:00+00:00,2026-08-21 08:45:00+00:00,LONG,2330.36,2236.2847346599447,2447.9540816750696,TP,1.25,1.2661138883791687,-0.25872900716270036,0.6899001803022929,0.786550321268118,1.3078281483235745,1.0
ETH,LEGACY_BASELINE,2026-08-21 18:30:00+00:00,2026-08-21 21:15:00+00:00,LONG,2407.59,2351.887864355309,2477.217669555864,TP,1.25,1.4900685411675134,-0.23607712429340888,0.1293178349596992,0.5294533645493787,1.373167152418688,1.0
ETH,EARLY_RECLAIM_LEGACY_STOP,2026-04-01 03:00:00+00:00,2026-04-01 06:00:00+00:00,LONG,2100.3,2070.836745935946,2137.129067580068,TP,1.25,1.460463257264491,-0.1954977541678791,0.4190025868461979,0.8007144370949575,1.8506258883883397,
ETH,EARLY_RECLAIM_LEGACY_STOP,2026-04-02 00:30:00+00:00,2026-04-02 01:00:00+00:00,LONG,2152.57,2119.651230026238,2193.7184624672027,SL,-1.0,0.17771016367448209,-1.041654959384287,1.1008110392524508,1.40332210712175,2.1500151387469386,
ETH,EARLY_RECLAIM_LEGACY_STOP,2026-04-06 07:15:00+00:00,2026-04-06 09:15:00+00:00,LONG,2133.4,2110.5413090892703,2161.9733636384126,TP,1.25,1.7940659926745743,-0.1881122596562068,0.927222121781393,0.27415987055821384,1.3931557370855765,
ETH,EARLY_RECLAIM_LEGACY_STOP,2026-04-06 20:15:00+00:00,2026-04-06 22:45:00+00:00,LONG,2151.46,2112.618081784069,2200.0123977699136,SL,-1.0,0.030122096274848735,-1.2252227023247577,0.7281091141225173,1.3696559386096423,1.0466942659258371,
ETH,EARLY_RECLAIM_LEGACY_STOP,2026-04-08 11:15:00+00:00,2026-04-08 13:45:00+00:00,LONG,2252.9,2231.2290127660685,2279.9887340424148,SL,-1.0,0.7729227939266896,-1.0391773921927783,0.7022182240970634,0.7136673411877298,1.2798929920952982,
ETH,EARLY_RECLAIM_LEGACY_STOP,2026-04-14 13:00:00+00:00,2026-04-14 14:30:00+00:00,LONG,2379.75,2359.234087041303,2405.394891198371,TP,1.25,1.786418185424397,-0.7447877182342449,0.7047722580242456,0.8976547702465674,1.3078951856080796,
ETH,EARLY_RECLAIM_LEGACY_STOP,2026-04-16 02:30:00+00:00,2026-04-16 08:00:00+00:00,LONG,2365.15,2333.761881369117,2404.385148288604,SL,-1.0,0.06881584797741289,-1.0150337576669126,0.9577698568588373,1.58496129308394,1.1747855105339624,0.6851851851851852
ETH,EARLY_RECLAIM_LEGACY_STOP,2026-04-22 15:30:00+00:00,2026-04-22 23:30:00+00:00,LONG,2410.86,2374.5493930236207,2456.2482587204745,SL,-1.0,0.05563112732634908,-1.0098977421075461,0.8605267833476673,0.062097014482126955,1.7040151326999764,0.061224489795918366
ETH,EARLY_RECLAIM_LEGACY_STOP,2026-05-19 23:45:00+00:00,2026-05-20 05:30:00+00:00,SHORT,2111.0,2127.8452050592064,2089.943493675992,SL,-1.0,0.546743121715014,-1.1190127952581894,0.27327132632222745,0.8062714859330072,0.8248064626211058,0.95
ETH,EARLY_RECLAIM_LEGACY_STOP,2026-05-23 05:15:00+00:00,2026-05-23 07:45:00+00:00,SHORT,2062.65,2075.712975989821,2046.3212800127237,TP,1.25,4.260131844639656,-0.21511177867811648,1.1035444604520177,1.5911637121449316,1.2183024607976456,0.85
ETH,EARLY_RECLAIM_LEGACY_STOP,2026-05-26 07:00:00+00:00,2026-05-26 10:15:00+00:00,SHORT,2093.24,2109.4542500696593,2072.9721874129255,SL,-1.0,0.28431780564591147,-1.7657307539355869,0.6450103775907755,1.1846783845661994,1.6779943076224915,0.465
ETH,EARLY_RECLAIM_LEGACY_STOP,2026-06-01 01:00:00+00:00,2026-06-01 07:45:00+00:00,SHORT,2004.57,2028.9553284910478,1974.08833938619,TP,1.25,1.4053532234589705,-0.5347477687162222,0.6499598419819006,0.2602714290449631,1.8652785748222296,0.265
ETH,EARLY_RECLAIM_LEGACY_STOP,2026-06-02 13:00:00+00:00,2026-06-02 14:15:00+00:00,SHORT,1972.49,1995.677039216744,1943.50620097907,TP,1.25,2.091254495527995,-0.367015379602871,0.8357841163597389,0.7314194148773986,1.048416298462445,0.505
ETH,EARLY_RECLAIM_LEGACY_STOP,2026-06-04 17:15:00+00:00,2026-06-05 05:30:00+00:00,SHORT,1764.02,1806.3322671296162,1711.1296660879798,TP,1.25,1.5971727488149112,-0.5520857563231218,0.6110183920932601,0.5792175878967811,0.8270027685501832,1.0
ETH,EARLY_RECLAIM_LEGACY_STOP,2026-06-06 10:00:00+00:00,2026-06-07 05:00:00+00:00,SHORT,1555.61,1606.250813382188,1492.3089832722649,SL,-1.0,0.43996133774258317,-1.0234827708796312,1.1909211242374043,1.9515548431265306,1.1672156585556808,1.0
ETH,EARLY_RECLAIM_LEGACY_STOP,2026-07-11 13:15:00+00:00,2026-07-11 14:30:00+00:00,LONG,1800.8,1791.7987667318503,1812.0515415851871,TP,1.25,2.010835566726825,-0.023330136409541617,0.7969241109445435,0.48336224784221976,1.1469612660662036,0.395
ETH,EARLY_RECLAIM_LEGACY_STOP,2026-07-19 07:30:00+00:00,2026-07-19 17:00:00+00:00,LONG,1870.24,1859.7937899583148,1883.2977625521064,SL,-1.0,0.8156068053390924,-1.3784903752210127,0.9582983906642873,0.5333399801534154,1.0760368020638997,0.125
ETH,EARLY_RECLAIM_LEGACY_STOP,2026-07-20 13:30:00+00:00,2026-07-20 18:00:00+00:00,LONG,1875.12,1845.5145521371974,1912.1268098285032,TP,1.25,1.445679869405922,-0.7586441557676774,0.44305316718773724,0.14703111909317299,1.5496819720349853,0.065
ETH,EARLY_RECLAIM_LEGACY_STOP,2026-07-21 12:15:00+00:00,2026-07-21 17:45:00+00:00,LONG,1939.67,1919.4558666335338,1964.9376667080828,SL,-1.0,0.24289935714707275,-1.3470772902474526,0.8186338006941997,1.8337492169208331,1.7358805789390759,0.345
ETH,EARLY_RECLAIM_LEGACY_STOP,2026-08-08 08:30:00+00:00,2026-08-08 14:15:00+00:00,LONG,1916.8,1911.5365049272139,1923.3793688409826,TP,1.25,1.2577194256773545,-0.2925812561243271,1.016596651649674,1.3665915500435373,1.223099437288941,0.165
ETH,EARLY_RECLAIM_LEGACY_STOP,2026-08-17 23:00:00+00:00,2026-08-17 23:30:00+00:00,LONG,1907.22,1899.3361940336815,1917.0747574578982,TP,1.25,1.3673598825306834,-0.001268422896595031,0.4331580939597033,0.5055789455438623,1.4643292630080484,0.255
ETH,EARLY_RECLAIM_LEGACY_STOP,2026-08-18 22:00:00+00:00,2026-08-19 02:15:00+00:00,LONG,1912.94,1906.4674420624774,1921.0306974219034,SL,-1.0,1.033594455944048,-1.0490442983348267,0.1733394579324947,0.31384525751267583,1.1080659091773977,0.14
ETH,EARLY_RECLAIM_LEGACY_STOP,2026-08-20 12:45:00+00:00,2026-08-21 01:15:00+00:00,LONG,2289.57,2228.1383691016968,2366.3595386228794,TP,1.25,1.2768666378050917,-0.5863428900272737,0.5261041265942478,1.0509316973709866,1.6268019440119206,1.0
ETH,EARLY_RECLAIM_LEGACY_STOP,2026-08-21 13:30:00+00:00,2026-08-21 21:15:00+00:00,LONG,2394.6,2337.133002030046,2466.433747462442,TP,1.25,1.670349998971373,-0.45521779323982464,0.42584968555036945,1.0579319524911641,1.6494410000763955,1.0
ETH,EARLY_RECLAIM_LEGACY_STOP,2026-08-24 00:45:00+00:00,2026-08-24 12:45:00+00:00,LONG,2464.6,2420.747291832991,2519.415885208761,TP,1.25,1.2633199251689142,-0.9474899438766778,0.6996975173152093,0.8179657546423728,1.7023091191289308,0.925
ETH,EARLY_RECLAIM_LEGACY_STOP,2026-08-27 03:15:00+00:00,2026-08-27 08:00:00+00:00,LONG,2496.78,2475.5938311253476,2523.262711093316,TP,1.25,1.553371928389271,-0.7655938218922663,0.35826451467091425,0.4468544831612705,1.0912545652614354,0.805
ETH,EARLY_RECLAIM_LEGACY_STOP,2026-08-27 14:30:00+00:00,2026-08-28 14:00:00+00:00,LONG,2519.61,2467.370102295706,2584.9098721303676,SL,-1.0,0.30972495565721375,-1.1083482652999312,1.141729964196221,1.2829327958405465,1.4182449406923052,0.79
ETH,EARLY_RECLAIM_STRUCTURE_STOP,2026-04-01 03:00:00+00:00,2026-04-01 05:15:00+00:00,LONG,2100.3,2074.460384858365,2132.599518927044,TP,1.25,1.3661194180528375,-0.22291353677010492,0.4190025868461979,0.8007144370949575,1.8506258883883397,
ETH,EARLY_RECLAIM_STRUCTURE_STOP,2026-04-02 00:30:00+00:00,2026-04-02 01:00:00+00:00,LONG,2152.57,2128.698075065596,2182.4099061680054,SL,-1.0,0.2450577410943911,-1.4364153747225286,1.1008110392524508,1.40332210712175,2.1500151387469386,
ETH,EARLY_RECLAIM_STRUCTURE_STOP,2026-04-06 07:15:00+00:00,2026-04-06 09:15:00+00:00,LONG,2133.4,2113.5158509080256,2158.2551863649683,TP,1.25,2.0624468168241625,-0.2162526533124683,0.927222121781393,0.27415987055821384,1.3931557370855765,
ETH,EARLY_RECLAIM_STRUCTURE_STOP,2026-04-06 20:15:00+00:00,2026-04-06 22:30:00+00:00,LONG,2151.46,2128.2417531596448,2180.482808550444,SL,-1.0,0.050391401557783155,-1.0392688201617415,0.7281091141225173,1.3696559386096423,1.0466942659258371,
ETH,EARLY_RECLAIM_STRUCTURE_STOP,2026-04-08 11:15:00+00:00,2026-04-08 13:30:00+00:00,LONG,2252.9,2234.773858297944,2275.55767712757,SL,-1.0,0.9240797228292723,-1.0780010617363551,0.7022182240970634,0.7136673411877298,1.2798929920952982,
ETH,EARLY_RECLAIM_STRUCTURE_STOP,2026-04-14 13:00:00+00:00,2026-04-14 14:30:00+00:00,LONG,2379.75,2361.819156576847,2402.1635542789413,TP,1.25,2.0439640866350026,-0.852162926160523,0.7047722580242456,0.8976547702465674,1.3078951856080796,
ETH,EARLY_RECLAIM_STRUCTURE_STOP,2026-04-16 02:30:00+00:00,2026-04-16 07:45:00+00:00,LONG,2365.15,2341.379703422792,2394.8628707215103,SL,-1.0,0.09086971182643705,-1.3104590386082005,0.9577698568588373,1.58496129308394,1.1747855105339624,0.6851851851851852
ETH,EARLY_RECLAIM_STRUCTURE_STOP,2026-04-22 15:30:00+00:00,2026-04-22 16:45:00+00:00,LONG,2410.86,2383.4834825590524,2445.0806468011847,SL,-1.0,0.07378586426696544,-1.0070674642773603,0.8605267833476673,0.062097014482126955,1.7040151326999764,0.061224489795918366
ETH,EARLY_RECLAIM_STRUCTURE_STOP,2026-05-19 23:45:00+00:00,2026-05-20 05:00:00+00:00,SHORT,2111.0,2122.3568832884844,2096.8038958893944,SL,-1.0,0.8109619308440701,-1.3718552532628125,0.27327132632222745,0.8062714859330072,0.8248064626211058,0.95
ETH,EARLY_RECLAIM_STRUCTURE_STOP,2026-05-23 05:15:00+00:00,2026-05-23 07:45:00+00:00,SHORT,2062.65,2074.0984343933837,2048.3394570082705,TP,1.25,4.860926663663434,-0.24544840835388967,1.1035444604520177,1.5911637121449316,1.2183024607976456,0.85
ETH,EARLY_RECLAIM_STRUCTURE_STOP,2026-05-26 07:00:00+00:00,2026-05-26 10:15:00+00:00,SHORT,2093.24,2107.1256251741474,2075.8829685323153,SL,-1.0,0.3319980153707877,-2.0618445076065863,0.6450103775907755,1.1846783845661994,1.6779943076224915,0.465
ETH,EARLY_RECLAIM_STRUCTURE_STOP,2026-06-01 01:00:00+00:00,2026-06-01 06:15:00+00:00,SHORT,2004.57,2021.2833212276194,1983.6783484654757,TP,1.25,1.272039214136985,-0.7802159620106418,0.6499598419819006,0.2602714290449631,1.8652785748222296,0.265
ETH,EARLY_RECLAIM_STRUCTURE_STOP,2026-06-02 13:00:00+00:00,2026-06-02 14:15:00+00:00,SHORT,1972.49,1987.4700754908838,1953.7649056363953,TP,1.25,3.236966331011407,-0.5680879248691904,0.8357841163597389,0.7314194148773986,1.048416298462445,0.505
ETH,EARLY_RECLAIM_STRUCTURE_STOP,2026-06-04 17:15:00+00:00,2026-06-05 03:00:00+00:00,SHORT,1764.02,1795.7006678240402,1724.4191652199497,TP,1.25,1.3497190222597644,-0.7373581936386406,0.6110183920932601,0.5792175878967811,0.8270027685501832,1.0
ETH,EARLY_RECLAIM_STRUCTURE_STOP,2026-06-05 23:15:00+00:00,2026-06-06 04:30:00+00:00,SHORT,1573.59,1616.2072712768536,1520.3184109039328,TP,1.25,1.5322426341140651,-0.6328420190207719,1.121310749555999,1.1521150587289584,1.3803089272857545,1.0
ETH,EARLY_RECLAIM_STRUCTURE_STOP,2026-06-06 10:00:00+00:00,2026-06-07 01:15:00+00:00,SHORT,1555.61,1589.2370334554698,1513.5762081806624,SL,-1.0,0.6625621623597548,-1.1921955605476975,1.1909211242374043,1.9515548431265306,1.1672156585556808,1.0
ETH,EARLY_RECLAIM_STRUCTURE_STOP,2026-07-11 13:15:00+00:00,2026-07-11 13:30:00+00:00,LONG,1800.8,1795.4431983757027,1807.4960020303715,TP,1.25,1.344085613949635,-0.03920249707353757,0.7969241109445435,0.48336224784221976,1.1469612660662036,0.395
ETH,EARLY_RECLAIM_STRUCTURE_STOP,2026-07-19 07:30:00+00:00,2026-07-19 17:00:00+00:00,LONG,1870.24,1862.6659634729047,1879.707545658869,SL,-1.0,1.1248955519980044,-1.9012319188698825,0.9582983906642873,0.5333399801534154,1.0760368020638997,0.125
ETH,EARLY_RECLAIM_STRUCTURE_STOP,2026-07-20 13:30:00+00:00,2026-07-20 13:45:00+00:00,LONG,1875.12,1861.0544588891782,1892.701926388527,SL,-1.0,0.09811211592409871,-1.3351779254017577,0.44305316718773724,0.14703111909317299,1.5496819720349853,0.065
ETH,EARLY_RECLAIM_STRUCTURE_STOP,2026-07-21 12:15:00+00:00,2026-07-21 15:00:00+00:00,LONG,1939.67,1925.1096665838343,1957.8704167702074,SL,-1.0,0.3372175526247539,-1.0872003784216018,0.8186338006941997,1.8337492169208331,1.7358805789390759,0.345
ETH,EARLY_RECLAIM_STRUCTURE_STOP,2026-08-07 14:15:00+00:00,2026-08-07 17:00:00+00:00,LONG,1922.95,1904.4911375203208,1946.023578099599,SL,-1.0,0.1381450239854791,-1.0536943986343617,0.3466430828738218,0.6564808499623964,1.897204309640342,0.01
ETH,EARLY_RECLAIM_STRUCTURE_STOP,2026-08-08 08:30:00+00:00,2026-08-08 09:30:00+00:00,LONG,1916.8,1913.1412623180345,1921.3734221024567,TP,1.25,1.7820353812568037,-0.420910197413408,1.016596651649674,1.3665915500435373,1.223099437288941,0.165
ETH,EARLY_RECLAIM_STRUCTURE_STOP,2026-08-17 23:00:00+00:00,2026-08-17 23:30:00+00:00,LONG,1907.22,1900.471526121893,1915.6555923476337,TP,1.25,1.5973981962013368,-0.001481816508534219,0.4331580939597033,0.5055789455438623,1.4643292630080484,0.255
ETH,EARLY_RECLAIM_STRUCTURE_STOP,2026-08-18 22:00:00+00:00,2026-08-18 23:30:00+00:00,LONG,1912.94,1908.0803373406102,1919.0145783242374,TP,1.25,1.319021596615233,-0.29631686413822944,0.1733394579324947,0.31384525751267583,1.1080659091773977,0.14
ETH,EARLY_RECLAIM_STRUCTURE_STOP,2026-08-19 01:00:00+00:00,2026-08-19 02:15:00+00:00,LONG,1915.58,1908.6615945218514,1924.2280068476857,SL,-1.0,0.008672518572332883,-1.363030835614369,0.40161178514565116,0.42251012890296114,1.5093618420677877,0.135
ETH,EARLY_RECLAIM_STRUCTURE_STOP,2026-08-20 12:45:00+00:00,2026-08-20 13:30:00+00:00,LONG,2289.57,2257.2334399161027,2329.990700104872,SL,-1.0,0.2523459508008482,-1.113909454392979,0.5261041265942478,1.0509316973709866,1.6268019440119206,1.0
ETH,EARLY_RECLAIM_STRUCTURE_STOP,2026-08-20 15:00:00+00:00,2026-08-20 16:30:00+00:00,LONG,2297.02,2256.8105533336366,2347.2818083329544,TP,1.25,1.558340270631406,-0.14101163955442397,0.9518260556406875,1.3050415847651122,1.6432705614741336,1.0
ETH,EARLY_RECLAIM_STRUCTURE_STOP,2026-08-21 13:30:00+00:00,2026-08-21 21:00:00+00:00,LONG,2394.6,2347.4325050751154,2453.5593686561056,TP,1.25,1.388668194151724,-0.5546192360154031,0.42584968555036945,1.0579319524911641,1.6494410000763955,1.0
ETH,EARLY_RECLAIM_STRUCTURE_STOP,2026-08-24 00:45:00+00:00,2026-08-24 01:45:00+00:00,LONG,2464.6,2430.879239691444,2506.7509503856945,SL,-1.0,0.05219336645721073,-1.1506264878065402,0.6996975173152093,0.8179657546423728,1.7023091191289308,0.925
ETH,EARLY_RECLAIM_STRUCTURE_STOP,2026-08-27 03:15:00+00:00,2026-08-27 08:00:00+00:00,LONG,2496.78,2480.076990231476,2517.6587622106554,TP,1.25,1.9703035833707458,-0.9710824710505664,0.35826451467091425,0.4468544831612705,1.0912545652614354,0.805
ETH,EARLY_RECLAIM_STRUCTURE_STOP,2026-08-27 14:30:00+00:00,2026-08-28 02:45:00+00:00,LONG,2519.61,2485.060255739266,2562.797180325918,SL,-1.0,0.46831026817145965,-1.0639731432622457,1.141729964196221,1.2829327958405465,1.4182449406923052,0.79
FET,LEGACY_BASELINE,2026-05-10 20:15:00+00:00,2026-05-10 20:45:00+00:00,LONG,0.2443,0.23479893640497973,0.25617632949377533,SL,-1.0,0.010525137422764879,-1.1682902539267057,0.8428282214404219,0.09518988405396057,1.6182280289175148,0.82
FET,LEGACY_BASELINE,2026-05-17 03:00:00+00:00,2026-05-17 05:00:00+00:00,SHORT,0.1938,0.19713768922867964,0.18962788846415046,SL,-1.0,0.029960848104347997,-1.1085513798610007,0.7721281791347518,1.0844675086714908,1.2200259472554507,1.0
FET,LEGACY_BASELINE,2026-05-17 14:45:00+00:00,2026-05-17 23:30:00+00:00,SHORT,0.1942,0.19909880578912093,0.18807649276359886,TP,1.25,2.1433795198246113,-0.5919810102372701,1.2882595108450439,1.001494995273368,0.5007474976367013,1.0
FET,LEGACY_BASELINE,2026-05-26 16:15:00+00:00,2026-05-27 03:15:00+00:00,LONG,0.2537,0.24115104480604074,0.269386193992449,SL,-1.0,0.41437712699007734,-1.0837555628971154,0.3551805406305385,0.46325979297476105,0.8001760060473273,0.915
FET,LEGACY_BASELINE,2026-07-09 03:30:00+00:00,2026-07-09 06:45:00+00:00,SHORT,0.1581,0.1625414747007287,0.1525481566240891,SL,-1.0,0.09006017752039813,-1.1482672633851276,0.5318548363668781,0.8497307462227306,0.6372980596670479,0.925
FET,LEGACY_BASELINE,2026-07-28 18:15:00+00:00,2026-07-29 08:00:00+00:00,SHORT,0.1391,0.14394575664594852,0.13304280419256434,TP,1.25,1.3207431713168982,-0.35082240488105315,1.5116483400484682,2.114708903783754,0.5286772259459385,1.0
FET,LEGACY_BASELINE,2026-07-29 10:30:00+00:00,2026-07-29 11:45:00+00:00,SHORT,0.1335,0.13673236606593475,0.12945954241758156,SL,-1.0,0.09281127009766449,-1.3302948713998806,0.3435801583581171,0.4805577934641137,1.0812550352942392,1.0
FET,LEGACY_BASELINE,2026-08-17 09:15:00+00:00,2026-08-17 17:15:00+00:00,SHORT,0.1201,0.12393163125713216,0.1153104609285848,SL,-1.0,0.2087883583554347,-1.0178432469827505,1.1034134110324172,0.1366808744503106,0.683404372251534,0.94
FET,EARLY_RECLAIM_LEGACY_STOP,2026-03-31 14:30:00+00:00,2026-03-31 17:00:00+00:00,SHORT,0.227,0.2334964167446398,0.21887947906920024,SL,-1.0,0.277075820526012,-1.4623446083317302,0.6283274009554609,0.22764350218154747,1.7300906165797583,
FET,EARLY_RECLAIM_LEGACY_STOP,2026-04-05 21:00:00+00:00,2026-04-05 23:00:00+00:00,SHORT,0.2277,0.23243360048694006,0.22178299939132495,SL,-1.0,0.33800909147580166,-1.0140272744273933,0.4166723734441262,0.5998798049598689,0.9748046830597896,
FET,EARLY_RECLAIM_LEGACY_STOP,2026-04-08 12:30:00+00:00,2026-04-08 14:30:00+00:00,LONG,0.2541,0.24682005196606993,0.26319993504241257,SL,-1.0,0.45329993904070887,-1.1675907520745414,0.6234331189698379,0.7456310296114939,1.0965162200169172,
FET,EARLY_RECLAIM_LEGACY_STOP,2026-04-15 13:30:00+00:00,2026-04-15 18:00:00+00:00,SHORT,0.2252,0.23027848335604298,0.2188518958049463,SL,-1.0,0.07876367252913119,-1.1026914154078038,0.565360393650663,1.5643535682702858,1.4861358898567802,0.11428571428571428
FET,EARLY_RECLAIM_LEGACY_STOP,2026-04-19 04:30:00+00:00,2026-04-19 12:00:00+00:00,SHORT,0.214,0.21786561270383875,0.20916798412020154,SL,-1.0,0.4397750447973793,-1.0606339315701436,0.7466831865933726,0.2929088158565057,1.4645440792824878,0.2992125984251969
FET,EARLY_RECLAIM_LEGACY_STOP,2026-04-26 01:00:00+00:00,2026-04-26 04:00:00+00:00,SHORT,0.2069,0.20981164683191902,0.20326044146010122,SL,-1.0,0.13737929875800814,-1.0303447406850323,0.8953764724810955,2.217713331972375,1.72488814708961,0.25595238095238093
FET,EARLY_RECLAIM_LEGACY_STOP,2026-04-27 21:45:00+00:00,2026-04-28 09:45:00+00:00,SHORT,0.2048,0.2080993545408784,0.20067580682390201,TP,1.25,1.4245210515474664,-0.48494333669700596,0.7689858523195872,0.22238170922519054,1.3342902553512976,0.2346368715083799
FET,EARLY_RECLAIM_LEGACY_STOP,2026-04-28 22:30:00+00:00,2026-04-29 03:15:00+00:00,SHORT,0.1963,0.19967174567026272,0.1920853179121716,SL,-1.0,0.3558987294277467,-1.0973544157355488,0.9595427037388963,1.0290758483437767,1.2348910180125379,0.7567567567567568
FET,EARLY_RECLAIM_LEGACY_STOP,2026-04-30 16:15:00+00:00,2026-05-01 03:15:00+00:00,SHORT,0.196,0.19858654704278725,0.19276681619651595,SL,-1.0,0.502600563026732,-1.005201126053464,0.2902889207315613,0.0,1.0123813849589387,0.8112244897959183
FET,EARLY_RECLAIM_LEGACY_STOP,2026-05-16 20:15:00+00:00,2026-05-17 00:45:00+00:00,SHORT,0.1967,0.19880775924752384,0.19406530094059524,TP,1.25,1.375868711479696,-0.0474437486717082,0.4895582792464585,1.1303278661477993,1.1303278661477993,1.0
FET,EARLY_RECLAIM_LEGACY_STOP,2026-05-17 16:45:00+00:00,2026-05-17 23:30:00+00:00,SHORT,0.1944,0.19752744626363364,0.19049069217045794,TP,1.25,3.421321774388573,-0.8633241860606715,0.8482142757134752,0.24170753895453354,1.8128065421589512,1.0
FET,EARLY_RECLAIM_LEGACY_STOP,2026-05-19 19:30:00+00:00,2026-05-20 15:15:00+00:00,SHORT,0.1902,0.1937572754287662,0.18575340571404228,SL,-1.0,0.8714534654616917,-1.1244560844666929,0.9627010938143702,0.864098532763392,0.9505083860397456,0.96
FET,EARLY_RECLAIM_LEGACY_STOP,2026-06-01 08:30:00+00:00,2026-06-01 13:00:00+00:00,LONG,0.2791,0.26646197031983065,0.2948975371002117,SL,-1.0,0.696311072429927,-1.1552433701678368,0.6210673142357019,0.47433935349885337,1.48770069961002,0.76
FET,EARLY_RECLAIM_LEGACY_STOP,2026-06-18 07:45:00+00:00,2026-06-18 15:30:00+00:00,SHORT,0.1987,0.20392640987666047,0.1921669876541744,TP,1.25,1.5306874487065179,-0.4209390483942949,0.1308055324086717,0.21031822963984934,0.841272918559339,0.02
FET,EARLY_RECLAIM_LEGACY_STOP,2026-06-22 03:45:00+00:00,2026-06-22 12:15:00+00:00,SHORT,0.1809,0.18803852092234885,0.17197684884706393,SL,-1.0,0.08405102492892803,-1.0086122991471054,1.0071779552605793,1.6478276005957362,0.9764904299826667,0.305
FET,EARLY_RECLAIM_LEGACY_STOP,2026-06-30 14:45:00+00:00,2026-07-01 03:45:00+00:00,SHORT,0.1709,0.17512926908321944,0.1656134136459757,SL,-1.0,0.7802766707593701,-1.2058821275372078,0.12354978617476335,0.2256879391743675,1.4293569481043622,0.005
FET,EARLY_RECLAIM_LEGACY_STOP,2026-07-08 14:15:00+00:00,2026-07-09 00:00:00+00:00,SHORT,0.1574,0.16017315908380136,0.15393355114524832,SL,-1.0,1.0457387810672558,-1.1178586970029203,0.4704509707267708,0.20551624429046703,1.0275812214523066,0.725
FET,EARLY_RECLAIM_LEGACY_STOP,2026-07-12 19:30:00+00:00,2026-07-13 03:00:00+00:00,SHORT,0.159,0.1611152971988609,0.1563558785014239,TP,1.25,1.4655151066570584,-0.9927682980580057,0.5862577681877384,0.38812553307512043,0.9703138326877203,0.2
FET,EARLY_RECLAIM_LEGACY_STOP,2026-07-16 22:15:00+00:00,2026-07-17 02:00:00+00:00,SHORT,0.1589,0.1605834140304194,0.15679573246197578,TP,1.25,1.3068680433012245,-0.47522474301862255,0.6640195499746693,1.1998340175274373,1.199834017527485,0.05
FET,EARLY_RECLAIM_LEGACY_STOP,2026-07-17 05:45:00+00:00,2026-07-17 10:30:00+00:00,SHORT,0.1573,0.16046569570209673,0.1533428803723791,SL,-1.0,0.3158863308743383,-1.0108362587978843,1.0514419121699312,1.0448014763689333,1.6978023990995212,0.06
FET,EARLY_RECLAIM_LEGACY_STOP,2026-07-19 11:45:00+00:00,2026-07-19 17:00:00+00:00,SHORT,0.1572,0.15854685500796828,0.15551643124003967,TP,1.25,1.26219970965134,-0.07424704174418797,0.2732002152149532,0.6713587061807931,1.3427174123615861,0.055
FET,EARLY_RECLAIM_LEGACY_STOP,2026-07-20 13:45:00+00:00,2026-07-20 15:45:00+00:00,SHORT,0.1522,0.15439831743495072,0.1494521032063116,SL,-1.0,0.4548933580297143,-1.0917440592713068,0.28772935470067956,0.25052690977787134,1.37789800377824,0.54
FET,EARLY_RECLAIM_LEGACY_STOP,2026-07-24 00:00:00+00:00,2026-07-24 03:15:00+00:00,SHORT,0.1518,0.1537112455523962,0.14941094305950472,SL,-1.0,0.4708971062727194,-1.1510818153333382,0.8716901908382694,0.7824028945097204,1.1736043417645263,0.22
FET,EARLY_RECLAIM_LEGACY_STOP,2026-08-11 04:15:00+00:00,2026-08-11 16:30:00+00:00,SHORT,0.1342,0.13613275268438493,0.13178405914451885,TP,1.25,1.3452316072335164,-0.6208761264154538,1.1784478612931302,1.5016348550615204,1.3139304981787978,0.025
FET,EARLY_RECLAIM_LEGACY_STOP,2026-08-12 19:00:00+00:00,2026-08-13 14:00:00+00:00,SHORT,0.1342,0.1362225895619936,0.13167176304750805,SL,-1.0,0.9888313662751653,-1.1371560712164375,0.588199848243888,0.32123892241231344,0.9637167672370296,0.095
FET,EARLY_RECLAIM_LEGACY_STOP,2026-08-15 16:00:00+00:00,2026-08-15 18:00:00+00:00,SHORT,0.1313,0.13292673347292253,0.12926658315884684,TP,1.25,2.9506984886568457,-0.18441865554104966,1.0797405853530755,0.234338307972728,1.1716915398637702,0.035
FET,EARLY_RECLAIM_LEGACY_STOP,2026-08-16 08:00:00+00:00,2026-08-16 21:00:00+00:00,SHORT,0.1242,0.1257557220277461,0.12225534746531738,TP,1.25,1.6712497178990564,-0.771346023645721,0.21352604506408604,1.5250364600946247,0.915021876056779,0.545
FET,EARLY_RECLAIM_LEGACY_STOP,2026-08-17 03:00:00+00:00,2026-08-17 15:45:00+00:00,SHORT,0.1212,0.12329680144136901,0.11857899819828874,SL,-1.0,1.0015254466006616,-1.1922921983341193,0.8657497033225301,0.8785124670423586,1.5060213720726223,0.92
FET,EARLY_RECLAIM_LEGACY_STOP,2026-08-18 22:30:00+00:00,2026-08-18 23:30:00+00:00,SHORT,0.1201,0.12229097142469665,0.11736128571912918,SL,-1.0,0.18256741986280306,-1.2779719390396278,0.9891177619729422,0.0,1.2220670487507856,0.96
FET,EARLY_RECLAIM_LEGACY_STOP,2026-08-24 20:30:00+00:00,2026-08-25 13:15:00+00:00,LONG,0.1737,0.16720511691717446,0.1818186038535319,SL,-1.0,0.9699943662818409,-1.0469780461454792,0.5487036634680689,0.5428239939238384,1.3779378307297472,0.685
FET,EARLY_RECLAIM_STRUCTURE_STOP,2026-03-31 14:30:00+00:00,2026-03-31 17:00:00+00:00,SHORT,0.227,0.2324276708840159,0.22021541139498016,SL,-1.0,0.3316339620555977,-1.7502903552934326,0.6283274009554609,0.22764350218154747,1.7300906165797583,
FET,EARLY_RECLAIM_STRUCTURE_STOP,2026-04-05 21:00:00+00:00,2026-04-05 22:30:00+00:00,SHORT,0.2277,0.23026684031651104,0.22449144960436124,SL,-1.0,0.6233344511959418,-1.0129184831933904,0.4166723734441262,0.5998798049598689,0.9748046830597896,
FET,EARLY_RECLAIM_STRUCTURE_STOP,2026-04-08 12:30:00+00:00,2026-04-08 14:15:00+00:00,LONG,0.2541,0.24840012991517482,0.26122483760603143,SL,-1.0,0.5789605641689366,-1.1930096473784058,0.6234331189698379,0.7456310296114939,1.0965162200169172,
FET,EARLY_RECLAIM_STRUCTURE_STOP,2026-04-15 13:30:00+00:00,2026-04-15 14:45:00+00:00,SHORT,0.2252,0.22839620839010746,0.2212047395123657,SL,-1.0,0.12514828546162599,-1.1263345691545992,0.565360393650663,1.5643535682702858,1.4861358898567802,0.11428571428571428
FET,EARLY_RECLAIM_STRUCTURE_STOP,2026-04-19 04:30:00+00:00,2026-04-19 11:00:00+00:00,SHORT,0.214,0.21698764825749517,0.21026543967813102,SL,-1.0,0.5690094192765774,-1.2384322654843134,0.7466831865933726,0.2929088158565057,1.4645440792824878,0.2992125984251969
FET,EARLY_RECLAIM_STRUCTURE_STOP,2026-04-25 00:00:00+00:00,2026-04-25 03:00:00+00:00,SHORT,0.2077,0.2097344416713616,0.205156947910798,SL,-1.0,0.2949212102986584,-1.0813777710951036,1.0423850433445332,0.2457676752488925,1.2288383762444284,0.22981366459627328
FET,EARLY_RECLAIM_STRUCTURE_STOP,2026-04-26 01:00:00+00:00,2026-04-26 03:45:00+00:00,SHORT,0.2069,0.2089291170797976,0.204363603650253,SL,-1.0,0.19713007395310508,-1.1827804437186031,0.8953764724810955,2.217713331972375,1.72488814708961,0.25595238095238093
FET,EARLY_RECLAIM_STRUCTURE_STOP,2026-04-27 21:45:00+00:00,2026-04-27 23:15:00+00:00,SHORT,0.2048,0.20628458045157097,0.2029442744355363,SL,-1.0,0.20207729374488734,-1.0777455666393119,0.7689858523195872,0.22238170922519054,1.3342902553512976,0.2346368715083799
FET,EARLY_RECLAIM_STRUCTURE_STOP,2026-04-28 22:30:00+00:00,2026-04-29 03:00:00+00:00,SHORT,0.1963,0.19872936417565681,0.19326329478042897,SL,-1.0,0.4939564072050129,-1.2348910180125265,0.9595427037388963,1.0290758483437767,1.2348910180125379,0.7567567567567568
FET,EARLY_RECLAIM_STRUCTURE_STOP,2026-04-30 16:15:00+00:00,2026-05-01 03:15:00+00:00,SHORT,0.196,0.1982062555778117,0.19324218052773537,SL,-1.0,0.5892336377861591,-1.1784672755723182,0.2902889207315613,0.0,1.0123813849589387,0.8112244897959183
FET,EARLY_RECLAIM_STRUCTURE_STOP,2026-05-16 20:15:00+00:00,2026-05-17 00:45:00+00:00,SHORT,0.1967,0.1984600435108905,0.1944999456113869,TP,1.25,1.6476865384610706,-0.05681677718830625,0.4895582792464585,1.1303278661477993,1.1303278661477993,1.0
FET,EARLY_RECLAIM_STRUCTURE_STOP,2026-05-17 16:45:00+00:00,2026-05-17 19:45:00+00:00,SHORT,0.1944,0.19643784007136184,0.19185269991079767,SL,-1.0,0.4907156425340688,-1.128645977828369,0.8482142757134752,0.24170753895453354,1.8128065421589512,1.0
FET,EARLY_RECLAIM_STRUCTURE_STOP,2026-05-19 18:15:00+00:00,2026-05-19 22:15:00+00:00,SHORT,0.1912,0.1933134921749952,0.18855813478125605,TP,1.25,1.608711894099049,-0.5677806685055343,0.14641096338861576,0.7288096747571201,1.1843157214803235,0.96
FET,EARLY_RECLAIM_STRUCTURE_STOP,2026-05-20 02:30:00+00:00,2026-05-20 05:00:00+00:00,SHORT,0.1881,0.18992165772080358,0.1858229278489955,SL,-1.0,0.27447527287367435,-1.4821664735178446,0.7095759237593007,0.3136774361105554,0.9410323083316952,0.965
FET,EARLY_RECLAIM_STRUCTURE_STOP,2026-06-01 08:30:00+00:00,2026-06-01 12:45:00+00:00,LONG,0.2791,0.2680852807078899,0.2928683991151377,SL,-1.0,0.7989309365608113,-1.1439238409848014,0.6210673142357019,0.47433935349885337,1.48770069961002,0.76
FET,EARLY_RECLAIM_STRUCTURE_STOP,2026-06-18 07:45:00+00:00,2026-06-18 15:15:00+00:00,SHORT,0.1987,0.20112716641982928,0.19566604197521337,TP,1.25,2.101215622601886,-0.9064067391616021,0.1308055324086717,0.21031822963984934,0.841272918559339,0.02
FET,EARLY_RECLAIM_STRUCTURE_STOP,2026-06-19 23:00:00+00:00,2026-06-20 00:00:00+00:00,SHORT,0.191,0.19339064897989977,0.1880116887751253,SL,-1.0,0.041829645774349285,-1.0039114985842086,0.5591524298293375,0.7398985072669825,0.9865313430226357,0.09
FET,EARLY_RECLAIM_STRUCTURE_STOP,2026-06-20 07:00:00+00:00,2026-06-20 13:15:00+00:00,SHORT,0.1897,0.19254884070157238,0.18613894912303453,TP,1.25,1.4040799114503888,-0.4563259712213744,0.8933372397347121,1.755099889312982,1.3163249169847122,0.085
FET,EARLY_RECLAIM_STRUCTURE_STOP,2026-06-22 03:45:00+00:00,2026-06-22 11:30:00+00:00,SHORT,0.1809,0.1849963023058721,0.17577962211765988,SL,-1.0,0.14647356449740281,-1.1962007767287526,1.0071779552605793,1.6478276005957362,0.9764904299826667,0.305
FET,EARLY_RECLAIM_STRUCTURE_STOP,2026-06-30 14:45:00+00:00,2026-07-01 02:30:00+00:00,SHORT,0.1709,0.17422317270804857,0.16674603411493927,SL,-1.0,0.9930269323672355,-1.0833021080369827,0.12354978617476335,0.2256879391743675,1.4293569481043622,0.005
FET,EARLY_RECLAIM_STRUCTURE_STOP,2026-07-08 14:15:00+00:00,2026-07-08 15:15:00+00:00,SHORT,0.1574,0.1590325534044709,0.1553593082444114,TP,1.25,1.7763584284949725,-0.3062686945680975,0.4704509707267708,0.20551624429046703,1.0275812214523066,0.725
FET,EARLY_RECLAIM_STRUCTURE_STOP,2026-07-12 19:30:00+00:00,2026-07-12 21:00:00+00:00,SHORT,0.159,0.15993494317925958,0.15783132102592554,SL,-1.0,0.10695837160840496,-1.1765420876925734,0.5862577681877384,0.38812553307512043,0.9703138326877203,0.2
FET,EARLY_RECLAIM_STRUCTURE_STOP,2026-07-16 22:15:00+00:00,2026-07-17 02:00:00+00:00,SHORT,0.1589,0.16027921911977258,0.1571759761002843,TP,1.25,1.5951054973504035,-0.5800383626728685,0.6640195499746693,1.1998340175274373,1.199834017527485,0.05
FET,EARLY_RECLAIM_STRUCTURE_STOP,2026-07-17 05:45:00+00:00,2026-07-17 10:00:00+00:00,SHORT,0.1573,0.15921423925524178,0.15490720093094776,SL,-1.0,0.5224007381844714,-1.3060018454611786,1.0514419121699312,1.0448014763689333,1.6978023990995212,0.06
FET,EARLY_RECLAIM_STRUCTURE_STOP,2026-07-19 11:45:00+00:00,2026-07-19 17:00:00+00:00,SHORT,0.1572,0.15831713751992071,0.15580357810009912,TP,1.25,1.5217464006764982,-0.08951449415743085,0.2732002152149532,0.6713587061807931,1.3427174123615861,0.055
FET,EARLY_RECLAIM_STRUCTURE_STOP,2026-07-20 13:45:00+00:00,2026-07-20 15:45:00+00:00,SHORT,0.1522,0.15411890633271796,0.14980136708410255,SL,-1.0,0.5211301786594184,-1.2507124287825953,0.28772935470067956,0.25052690977787134,1.37789800377824,0.54
FET,EARLY_RECLAIM_STRUCTURE_STOP,2026-07-24 00:00:00+00:00,2026-07-24 02:15:00+00:00,SHORT,0.1518,0.15283230960905753,0.15050961298867807,SL,-1.0,0.871831466164162,-1.065571791978456,0.8716901908382694,0.7824028945097204,1.1736043417645263,0.22
FET,EARLY_RECLAIM_STRUCTURE_STOP,2026-08-09 03:00:00+00:00,2026-08-09 23:45:00+00:00,SHORT,0.137,0.1383293955469769,0.1353382555662789,TP,1.25,1.4292209751422011,-0.9778880356236015,0.7431448208403795,0.7522215658642862,1.316387740262566,0.165
FET,EARLY_RECLAIM_STRUCTURE_STOP,2026-08-11 04:15:00+00:00,2026-08-11 15:00:00+00:00,SHORT,0.1342,0.13553188171096234,0.1325351478612971,TP,1.25,1.4265531123084547,-0.9009809130368969,1.1784478612931302,1.5016348550615204,1.3139304981787978,0.025
FET,EARLY_RECLAIM_STRUCTURE_STOP,2026-08-12 19:00:00+00:00,2026-08-12 21:45:00+00:00,SHORT,0.1342,0.13575647390498402,0.13225440761877,TP,1.25,1.2849556896493886,-0.1284955689649246,0.588199848243888,0.32123892241231344,0.9637167672370296,0.095
FET,EARLY_RECLAIM_STRUCTURE_STOP,2026-08-13 02:15:00+00:00,2026-08-13 03:45:00+00:00,SHORT,0.1339,0.13516212467194694,0.1323223441600663,SL,-1.0,0.3169259019261117,-1.1884721322229683,0.1991109605946869,1.2564733508869415,0.8974809649192369,0.155
FET,EARLY_RECLAIM_STRUCTURE_STOP,2026-08-15 16:00:00+00:00,2026-08-15 18:00:00+00:00,SHORT,0.1313,0.13236683368230628,0.12996645789711714,TP,1.25,4.499295513076926,-0.281205969567303,1.0797405853530755,0.234338307972728,1.1716915398637702,0.035
FET,EARLY_RECLAIM_STRUCTURE_STOP,2026-08-16 08:00:00+00:00,2026-08-16 08:15:00+00:00,SHORT,0.1242,0.12502621931803498,0.12316722585245629,SL,-1.0,0.12103323877470698,-1.2103323877470362,0.21352604506408604,1.5250364600946247,0.915021876056779,0.545
FET,EARLY_RECLAIM_STRUCTURE_STOP,2026-08-17 03:00:00+00:00,2026-08-17 04:30:00+00:00,SHORT,0.1212,0.12301792093688985,0.1189275988288877,SL,-1.0,0.11001578558315742,-1.1001578558315437,0.8657497033225301,0.8785124670423586,1.5060213720726223,0.92
FET,EARLY_RECLAIM_STRUCTURE_STOP,2026-08-17 07:00:00+00:00,2026-08-17 07:45:00+00:00,SHORT,0.1217,0.12352754721311543,0.11941556598360573,TP,1.25,1.3132355666525901,-0.054718148610526166,0.7833878411485317,1.504749086789437,1.3679537152631212,0.925
FET,EARLY_RECLAIM_STRUCTURE_STOP,2026-08-17 12:30:00+00:00,2026-08-17 13:30:00+00:00,SHORT,0.1199,0.12158477455231752,0.11779403180960311,SL,-1.0,0.0,-1.0090370831287419,1.1568452457481646,2.0774292887944767,1.0387146443972282,0.95
FET,EARLY_RECLAIM_STRUCTURE_STOP,2026-08-18 22:30:00+00:00,2026-08-18 23:15:00+00:00,SHORT,0.1201,0.12121913142605281,0.11870108571743399,SL,-1.0,0.3574200408354193,-1.5190351735505474,0.9891177619729422,0.0,1.2220670487507856,0.96
FET,EARLY_RECLAIM_STRUCTURE_STOP,2026-08-24 20:30:00+00:00,2026-08-25 13:15:00+00:00,LONG,0.1737,0.1680433259961634,0.18077084250479575,SL,-1.0,1.1137286673630247,-1.2021198314394554,0.5487036634680689,0.5428239939238384,1.3779378307297472,0.685
LINK,LEGACY_BASELINE,2026-05-05 02:45:00+00:00,2026-05-05 10:45:00+00:00,LONG,9.473,9.296018788018843,9.694226514976448,TP,1.25,1.2769717049065092,-0.062153490061827195,1.5384334773064334,1.8693452972281988,1.4744131921799812,0.845
LINK,LEGACY_BASELINE,2026-05-05 13:15:00+00:00,2026-05-06 08:45:00+00:00,LONG,9.726,9.463057393740025,10.054678257824971,TP,1.25,1.3691200719447527,-0.35749246323002387,0.7879501194604903,1.5136482310013313,1.4670744392782389,0.965
LINK,LEGACY_BASELINE,2026-05-07 08:15:00+00:00,2026-05-07 14:30:00+00:00,LONG,10.083,9.813400566192746,10.419999292259067,SL,-1.0,0.014836826411361425,-1.0719607082209799,1.4541230457179535,0.2644266758765562,0.9134739712099486,1.0
LINK,LEGACY_BASELINE,2026-06-05 14:15:00+00:00,2026-06-06 04:30:00+00:00,SHORT,7.427,7.767690442130051,7.001136947337436,TP,1.25,1.2914949924895136,-0.3375498275824875,1.2279514020846756,1.864970830410645,1.0797199544482687,0.885
LINK,LEGACY_BASELINE,2026-06-26 12:00:00+00:00,2026-06-26 16:00:00+00:00,SHORT,7.159,7.37252764146881,6.892090448163986,SL,-1.0,0.5057893172850643,-1.1239762606334807,0.975918246658549,0.11584921036708737,0.7819821699779298,0.88
LINK,LEGACY_BASELINE,2026-08-12 12:45:00+00:00,2026-08-12 21:15:00+00:00,LONG,8.847,8.68194554161431,9.053318072982112,SL,-1.0,0.012117212825158478,-1.4237725069556424,0.8236307441258005,0.6832313768989703,1.235072104394271,0.96
LINK,LEGACY_BASELINE,2026-08-14 11:45:00+00:00,2026-08-14 19:45:00+00:00,LONG,8.828,8.68890325214998,9.001870934812523,TP,1.25,1.3587664911029382,-0.510436089250308,0.7996829711566596,0.9658299384365637,0.5919602848481879,0.98
LINK,LEGACY_BASELINE,2026-08-20 16:15:00+00:00,2026-08-21 02:15:00+00:00,LONG,10.685,10.443572829813498,10.98678396273313,TP,1.25,1.2840311211058935,-0.8159810672834299,0.8131713195895193,0.8601873671929892,0.6673867504083546,1.0
LINK,EARLY_RECLAIM_LEGACY_STOP,2026-03-31 20:45:00+00:00,2026-04-01 06:30:00+00:00,LONG,8.796,8.56810642484312,9.0808669689461,TP,1.25,1.3339559914786054,-0.39492118168774404,0.5795977935872212,0.701493125917502,0.7215357866579909,
LINK,EARLY_RECLAIM_LEGACY_STOP,2026-04-11 03:00:00+00:00,2026-04-11 05:00:00+00:00,LONG,9.106,8.998352909888457,9.240558862639428,SL,-1.0,0.01857922957256236,-1.0311472412768727,1.059027862121593,1.520640346736584,1.3646772342507967,
LINK,EARLY_RECLAIM_LEGACY_STOP,2026-04-16 02:15:00+00:00,2026-04-16 13:45:00+00:00,LONG,9.29,9.161908354303945,9.450114557120067,SL,-1.0,1.1085812757605573,-1.116388186153219,0.9290103260184358,1.5092738857487376,1.3302074925243172,0.5462962962962963
LINK,EARLY_RECLAIM_LEGACY_STOP,2026-04-21 04:45:00+00:00,2026-04-21 10:45:00+00:00,LONG,9.32,9.20262548248879,9.466718146889013,TP,1.25,1.4227960509746025,-0.08519736832183075,0.9192506806435561,1.770241842445832,0.8170346965134981,0.05755395683453238
LINK,EARLY_RECLAIM_LEGACY_STOP,2026-04-21 12:00:00+00:00,2026-04-21 17:15:00+00:00,LONG,9.437,9.271597207423136,9.643753490721078,SL,-1.0,0.22974219121688386,-1.0519774018878265,0.9616111870613953,0.7030738701087762,1.0155511457126305,0.05714285714285714
LINK,EARLY_RECLAIM_LEGACY_STOP,2026-04-22 08:45:00+00:00,2026-04-22 16:30:00+00:00,LONG,9.503,9.437587943816704,9.584765070229121,SL,-1.0,0.6879465747705857,-1.0089883096635384,0.3560269490566876,0.06366982117726497,1.2415615129562994,0.1095890410958904
LINK,EARLY_RECLAIM_LEGACY_STOP,2026-04-25 09:30:00+00:00,2026-04-25 11:45:00+00:00,LONG,9.418,9.371134511713448,9.476581860358188,SL,-1.0,0.362740272672667,-1.109558481116304,0.5956542675348422,0.7836337734210074,1.679215228759344,0.006097560975609756
LINK,EARLY_RECLAIM_LEGACY_STOP,2026-05-05 09:15:00+00:00,2026-05-05 11:30:00+00:00,LONG,9.567,9.458337665374929,9.70282791828134,TP,1.25,1.5092626213661369,-0.1656507755158021,0.5083051624088027,1.2057539264344619,1.0655499815002476,0.935
LINK,EARLY_RECLAIM_LEGACY_STOP,2026-05-06 00:00:00+00:00,2026-05-06 08:15:00+00:00,LONG,9.781,9.651957403094269,9.942303246132166,TP,1.25,1.2553994098424954,-0.20148385590064705,0.3385482611855317,0.1997872420420899,0.9489893997000379,1.0
LINK,EARLY_RECLAIM_LEGACY_STOP,2026-05-07 12:00:00+00:00,2026-05-07 14:30:00+00:00,LONG,10.057,9.905990138519803,10.245762326850247,SL,-1.0,0.10595334531909459,-1.7416081136826151,0.9738234871201437,1.6245994761109548,1.324673418982765,1.0
LINK,EARLY_RECLAIM_LEGACY_STOP,2026-05-08 23:45:00+00:00,2026-05-09 01:15:00+00:00,LONG,10.34,10.237347626273019,10.468315467158726,TP,1.25,1.3443429994812515,-0.301990094086374,0.45773351726761974,0.5038073187070042,1.6209452862747278,0.955
LINK,EARLY_RECLAIM_LEGACY_STOP,2026-05-27 08:00:00+00:00,2026-05-27 17:15:00+00:00,SHORT,9.396,9.504193632905944,9.260757958867572,TP,1.25,1.284733641589054,-0.7763857977948143,0.5315392857020731,1.0235823755923499,1.6377318009478636,0.005
LINK,EARLY_RECLAIM_LEGACY_STOP,2026-05-28 10:45:00+00:00,2026-05-28 16:15:00+00:00,SHORT,8.87,8.966947523666107,8.748815595417364,SL,-1.0,0.8664481239283613,-1.0005412859649114,0.6478128300160904,0.9743548803251715,1.299139840433514,0.4
LINK,EARLY_RECLAIM_LEGACY_STOP,2026-06-02 11:15:00+00:00,2026-06-02 14:15:00+00:00,SHORT,8.808,8.92330663998553,8.663866700018087,TP,1.25,2.0640615321881453,-0.5463692291086331,0.8461724964440591,0.9698281837158219,1.1083750671038022,0.27
LINK,EARLY_RECLAIM_LEGACY_STOP,2026-06-05 08:00:00+00:00,2026-06-06 04:30:00+00:00,SHORT,7.558,7.991441464551439,7.016198169310701,TP,1.25,1.3173635812413962,-0.2722397593458586,0.9876349375994242,0.7039317081235282,0.9050550533016856,0.84
LINK,EARLY_RECLAIM_LEGACY_STOP,2026-06-10 08:15:00+00:00,2026-06-10 13:30:00+00:00,SHORT,7.723,7.841093619735732,7.575382975330335,SL,-1.0,0.982271525418414,-1.4818751461053687,0.507818000922079,0.8087644240095975,1.4557759632172707,0.525
LINK,EARLY_RECLAIM_LEGACY_STOP,2026-06-26 00:45:00+00:00,2026-06-26 02:00:00+00:00,SHORT,7.229,7.33167297653265,7.100658779334188,TP,1.25,1.8505356172233043,-0.1753139005790475,0.310239547942755,0.9250699887573549,0.9250699887573798,0.87
LINK,EARLY_RECLAIM_LEGACY_STOP,2026-06-28 21:15:00+00:00,2026-06-29 03:00:00+00:00,SHORT,7.214,7.327924561088124,7.071594298639846,SL,-1.0,0.5442197837570931,-1.2727720749157727,1.1495431944910512,1.2256467205534476,1.2256467205534807,0.805
LINK,EARLY_RECLAIM_LEGACY_STOP,2026-06-30 21:00:00+00:00,2026-07-01 03:00:00+00:00,SHORT,7.159,7.261143416855635,7.031320728930456,SL,-1.0,0.8713238967303004,-1.076917175734088,1.051484309535534,1.6813402574834588,1.3725226591701611,0.725
LINK,EARLY_RECLAIM_LEGACY_STOP,2026-07-01 12:00:00+00:00,2026-07-01 13:45:00+00:00,SHORT,7.197,7.289970612331813,7.080786734585233,SL,-1.0,0.11831695762894422,-1.2154378374609542,1.0037434842263901,0.8222916154695612,1.358568755993184,0.66
LINK,EARLY_RECLAIM_LEGACY_STOP,2026-07-15 08:00:00+00:00,2026-07-15 12:45:00+00:00,LONG,8.352,8.235505470650535,8.497618161686832,TP,1.25,1.897084792171101,-0.23177054022000745,0.4986250896626192,0.2456611904043093,1.2984948635657239,0.475
LINK,EARLY_RECLAIM_LEGACY_STOP,2026-07-21 13:00:00+00:00,2026-07-21 15:30:00+00:00,LONG,8.727,8.654305499841533,8.817868125198085,SL,-1.0,0.13756198857135882,-1.1555207039994335,0.8389946213929302,0.9365224990762916,1.3111314987067948,0.415
LINK,EARLY_RECLAIM_LEGACY_STOP,2026-08-09 00:45:00+00:00,2026-08-09 03:00:00+00:00,LONG,8.321,8.275761859668277,8.377547675414654,SL,-1.0,0.2652628934789707,-1.3042092262715406,0.21926169867755646,1.0575503544445584,1.435246909603406,0.15
LINK,EARLY_RECLAIM_LEGACY_STOP,2026-08-17 23:15:00+00:00,2026-08-18 01:45:00+00:00,LONG,9.522,9.426921289692064,9.64084838788492,SL,-1.0,0.32604565101482114,-1.0412425629182822,0.888456307369416,1.2724085631096491,1.3067979837342145,0.955
LINK,EARLY_RECLAIM_LEGACY_STOP,2026-08-19 01:00:00+00:00,2026-08-19 03:15:00+00:00,LONG,9.522,9.427281519650354,9.640398100437059,TP,1.25,1.763119503010723,-0.4223040725774289,0.5425957386476031,0.3362014336377291,1.161423134384971,0.885
LINK,EARLY_RECLAIM_LEGACY_STOP,2026-08-19 12:30:00+00:00,2026-08-19 15:15:00+00:00,LONG,9.791,9.588398387606265,10.04425201549217,TP,1.25,1.9249600010195085,-0.7008828721660857,1.0489109257780056,0.8435934114252697,1.6254604756730422,0.895
LINK,EARLY_RECLAIM_LEGACY_STOP,2026-08-20 15:00:00+00:00,2026-08-20 17:45:00+00:00,LONG,10.627,10.443900137146715,10.85587482856661,TP,1.25,1.3326061319636906,-0.21846002163339714,0.36684907100676983,0.49180428389483394,1.7436697338088771,1.0
LINK,EARLY_RECLAIM_STRUCTURE_STOP,2026-03-31 20:45:00+00:00,2026-03-31 22:30:00+00:00,LONG,8.796,8.716569176148028,8.895288529814964,SL,-1.0,0.05035828417763586,-1.1330613939964267,0.5795977935872212,0.701493125917502,0.7215357866579909,
LINK,EARLY_RECLAIM_STRUCTURE_STOP,2026-03-31 23:15:00+00:00,2026-04-01 05:15:00+00:00,LONG,8.768,8.67938622004297,8.878767224946289,TP,1.25,1.7717334716579027,-0.3724025768453057,0.23578188212961948,0.3907750051586679,0.8792437616070353,
LINK,EARLY_RECLAIM_STRUCTURE_STOP,2026-04-11 03:00:00+00:00,2026-04-11 04:00:00+00:00,LONG,9.106,9.041882274721145,9.186147156598569,SL,-1.0,0.031192622497171314,-1.0605491649034646,1.059027862121593,1.520640346736584,1.3646772342507967,
LINK,EARLY_RECLAIM_STRUCTURE_STOP,2026-04-16 02:15:00+00:00,2026-04-16 13:15:00+00:00,LONG,9.29,9.192270885759859,9.412161392800174,TP,1.25,1.4529958764496578,-0.8492863221501284,0.9290103260184358,1.5092738857487376,1.3302074925243172,0.5462962962962963
LINK,EARLY_RECLAIM_STRUCTURE_STOP,2026-04-16 21:45:00+00:00,2026-04-17 01:45:00+00:00,LONG,9.531,9.42057562904631,9.669030463692113,SL,-1.0,0.7335337235832546,-1.0323807961542233,0.5114480885790531,0.40198522862893865,0.8200498664030257,0.7433628318584071
LINK,EARLY_RECLAIM_STRUCTURE_STOP,2026-04-21 04:45:00+00:00,2026-04-21 08:45:00+00:00,LONG,9.32,9.246563706221979,9.411795367222528,TP,1.25,1.6340693930269337,-0.13617244941890913,0.9192506806435561,1.770241842445832,0.8170346965134981,0.05755395683453238
LINK,EARLY_RECLAIM_STRUCTURE_STOP,2026-04-21 12:00:00+00:00,2026-04-21 12:30:00+00:00,LONG,9.437,9.34203818482504,9.5557022689687,SL,-1.0,0.18954987293405276,-1.1583603345969393,0.9616111870613953,0.7030738701087762,1.0155511457126305,0.05714285714285714
LINK,EARLY_RECLAIM_STRUCTURE_STOP,2026-04-22 08:45:00+00:00,2026-04-22 16:30:00+00:00,LONG,9.503,9.448582163480857,9.571022295648929,SL,-1.0,0.8269347493109194,-1.212837632322697,0.3560269490566876,0.06366982117726497,1.2415615129562994,0.1095890410958904
LINK,EARLY_RECLAIM_STRUCTURE_STOP,2026-04-25 09:30:00+00:00,2026-04-25 11:45:00+00:00,LONG,9.418,9.379387432613742,9.466265709232822,SL,-1.0,0.44027116430625146,-1.3467117967013669,0.5956542675348422,0.7836337734210074,1.679215228759344,0.006097560975609756
LINK,EARLY_RECLAIM_STRUCTURE_STOP,2026-05-05 09:15:00+00:00,2026-05-05 10:15:00+00:00,LONG,9.567,9.482819482493705,9.67222564688287,TP,1.25,1.2591987212726812,-0.2138261979519731,0.5083051624088027,1.2057539264344619,1.0655499815002476,0.935
LINK,EARLY_RECLAIM_STRUCTURE_STOP,2026-05-06 00:00:00+00:00,2026-05-06 04:00:00+00:00,LONG,9.781,9.707972312011275,9.872284609985908,TP,1.25,1.5473583117877918,-0.35602934607506587,0.3385482611855317,0.1997872420420899,0.9489893997000379,1.0
LINK,EARLY_RECLAIM_STRUCTURE_STOP,2026-05-07 12:00:00+00:00,2026-05-07 13:45:00+00:00,LONG,10.057,9.956975346299508,10.182030817125616,SL,-1.0,0.15996056380169468,-1.4896327504032896,0.9738234871201437,1.6245994761109548,1.324673418982765,1.0
LINK,EARLY_RECLAIM_STRUCTURE_STOP,2026-05-08 23:45:00+00:00,2026-05-09 00:45:00+00:00,LONG,10.34,10.253325957077463,10.448342553653172,TP,1.25,1.315272671679637,-0.35766186686025647,0.45773351726761974,0.5038073187070042,1.6209452862747278,0.955
LINK,EARLY_RECLAIM_STRUCTURE_STOP,2026-05-27 08:00:00+00:00,2026-05-27 12:15:00+00:00,SHORT,9.396,9.472225861388862,9.300717673263923,SL,-1.0,0.8789667808173892,-1.075750388463057,0.5315392857020731,1.0235823755923499,1.6377318009478636,0.005
LINK,EARLY_RECLAIM_STRUCTURE_STOP,2026-05-28 10:45:00+00:00,2026-05-28 14:15:00+00:00,SHORT,8.87,8.95401589038297,8.764980137021286,SL,-1.0,0.9998108645531469,-1.1069334571838458,0.6478128300160904,0.9743548803251715,1.299139840433514,0.4
LINK,EARLY_RECLAIM_STRUCTURE_STOP,2026-06-02 11:15:00+00:00,2026-06-02 14:15:00+00:00,SHORT,8.808,8.895149315990594,8.699063355011758,TP,1.25,2.730945128997768,-0.7228972400288294,0.8461724964440591,0.9698281837158219,1.1083750671038022,0.27
LINK,EARLY_RECLAIM_STRUCTURE_STOP,2026-06-05 08:00:00+00:00,2026-06-05 14:00:00+00:00,SHORT,7.558,7.727636951958435,7.345953810051956,TP,1.25,1.432470916239639,-0.6956031609723384,0.9876349375994242,0.7039317081235282,0.9050550533016856,0.84
LINK,EARLY_RECLAIM_STRUCTURE_STOP,2026-06-10 08:15:00+00:00,2026-06-10 11:15:00+00:00,SHORT,7.723,7.81573404933933,7.607082438325837,TP,1.25,1.2508889758014927,-0.150969359148459,0.507818000922079,0.8087644240095975,1.4557759632172707,0.525
LINK,EARLY_RECLAIM_STRUCTURE_STOP,2026-06-26 00:45:00+00:00,2026-06-26 02:00:00+00:00,SHORT,7.229,7.318182441331624,7.117521948335471,TP,1.25,2.1304642165321286,-0.20183345209251471,0.310239547942755,0.9250699887573549,0.9250699887573798,0.87
LINK,EARLY_RECLAIM_STRUCTURE_STOP,2026-06-28 21:15:00+00:00,2026-06-28 23:30:00+00:00,SHORT,7.214,7.281311402720309,7.129860746599615,SL,-1.0,0.9210920809007895,-1.1439369391832328,1.1495431944910512,1.2256467205534476,1.2256467205534807,0.805
LINK,EARLY_RECLAIM_STRUCTURE_STOP,2026-06-30 21:00:00+00:00,2026-07-01 01:30:00+00:00,SHORT,7.159,7.231858542139086,7.067926822326141,SL,-1.0,1.221545166661432,-1.0842929007444317,1.051484309535534,1.6813402574834588,1.3725226591701611,0.725
LINK,EARLY_RECLAIM_STRUCTURE_STOP,2026-07-01 12:00:00+00:00,2026-07-01 13:30:00+00:00,SHORT,7.197,7.266926530829534,7.109591836463083,SL,-1.0,0.15730796122026713,-1.015351386058073,1.0037434842263901,0.8222916154695612,1.358568755993184,0.66
LINK,EARLY_RECLAIM_STRUCTURE_STOP,2026-07-15 08:00:00+00:00,2026-07-15 09:15:00+00:00,LONG,8.352,8.287478555922847,8.432651805096441,TP,1.25,1.2863940227492612,0.0,0.4986250896626192,0.2456611904043093,1.2984948635657239,0.475
LINK,EARLY_RECLAIM_STRUCTURE_STOP,2026-07-21 13:00:00+00:00,2026-07-21 15:00:00+00:00,LONG,8.727,8.668648574896997,8.799939281378755,SL,-1.0,0.17137542026347288,-1.1482153157652957,0.8389946213929302,0.9365224990762916,1.3111314987067948,0.415
LINK,EARLY_RECLAIM_STRUCTURE_STOP,2026-08-09 00:45:00+00:00,2026-08-09 02:45:00+00:00,LONG,8.321,8.287904649170695,8.362369188536631,SL,-1.0,0.36258869295245366,-1.269060425333534,0.21926169867755646,1.0575503544445584,1.435246909603406,0.15
LINK,EARLY_RECLAIM_STRUCTURE_STOP,2026-08-17 23:15:00+00:00,2026-08-18 01:45:00+00:00,LONG,9.522,9.452098838299843,9.609376452125197,SL,-1.0,0.44348333054858147,-1.416285474977704,0.888456307369416,1.2724085631096491,1.3067979837342145,0.955
LINK,EARLY_RECLAIM_STRUCTURE_STOP,2026-08-19 01:00:00+00:00,2026-08-19 03:15:00+00:00,LONG,9.522,9.44373298777273,9.619833765284088,TP,1.25,2.1337214140111618,-0.5110709973679554,0.5425957386476031,0.3362014336377291,1.161423134384971,0.885
LINK,EARLY_RECLAIM_STRUCTURE_STOP,2026-08-19 12:30:00+00:00,2026-08-19 13:30:00+00:00,LONG,9.791,9.682408951944073,9.92673881006991,SL,-1.0,0.2025949688658457,-1.0129748443292284,1.0489109257780056,0.8435934114252697,1.6254604756730422,0.895
LINK,EARLY_RECLAIM_STRUCTURE_STOP,2026-08-20 15:00:00+00:00,2026-08-20 17:45:00+00:00,LONG,10.627,10.467385089145365,10.826518638568295,TP,1.25,1.5286792361286048,-0.25060315346371176,0.36684907100676983,0.49180428389483394,1.7436697338088771,1.0
SOL,LEGACY_BASELINE,2026-04-17 15:00:00+00:00,2026-04-18 11:00:00+00:00,LONG,89.83,86.62453113938366,93.83683607577042,SL,-1.0,0.2339751320671987,-1.0388495863783618,1.0346037901520115,0.4091467200262651,1.0858124493004477,0.8034188034188035
SOL,LEGACY_BASELINE,2026-05-11 06:30:00+00:00,2026-05-11 16:00:00+00:00,LONG,95.55,93.90775955745801,97.60280055317749,TP,1.25,1.4553289141391312,-0.7916015014145883,0.26970762575505636,0.021633762604150092,1.3196595188543547,1.0
SOL,LEGACY_BASELINE,2026-05-11 17:00:00+00:00,2026-05-12 16:45:00+00:00,LONG,97.12,93.55978852993456,101.5702643375818,SL,-1.0,0.3482939174894582,-1.0027494237398173,1.3643296071922328,0.5215792776753866,0.8548104828568899,1.0
SOL,LEGACY_BASELINE,2026-06-03 20:15:00+00:00,2026-06-04 01:15:00+00:00,SHORT,72.32,74.92780701276102,69.0602412340487,TP,1.25,1.311446737916026,-0.31444044593308623,0.9124240368640114,0.7682574669081095,1.113189390826028,0.87
SOL,LEGACY_BASELINE,2026-06-04 08:45:00+00:00,2026-06-05 06:15:00+00:00,SHORT,69.18,72.41082750246676,65.14146562191657,TP,1.25,1.6837791543641802,-0.43951588220535165,0.9888070665629783,0.9093246740136695,0.8198829027992067,1.0
SOL,LEGACY_BASELINE,2026-06-05 14:15:00+00:00,2026-06-06 04:15:00+00:00,SHORT,64.84,67.60707694470885,61.38115381911395,TP,1.25,1.4311130767694185,-0.43367062932406714,1.1012263841485075,1.750141170008858,0.9668612058091021,1.0
SOL,LEGACY_BASELINE,2026-07-04 05:15:00+00:00,2026-07-04 10:30:00+00:00,LONG,83.07,81.37005108623944,85.19493614220067,SL,-1.0,0.29412648577416506,-1.0117951110631271,0.941006921233791,0.435954541738694,1.3847967796406753,0.86
SOL,LEGACY_BASELINE,2026-08-20 16:15:00+00:00,2026-08-21 01:15:00+00:00,LONG,87.1,85.62259696014615,88.94675379981729,TP,1.25,1.3537267394534809,-0.31812578377156725,0.3723212463214516,0.17737378953408153,0.7489115558106474,1.0
SOL,LEGACY_BASELINE,2026-08-21 06:15:00+00:00,2026-08-21 08:45:00+00:00,LONG,90.05,87.58094047484086,93.13632440644892,TP,1.25,1.3648921646726184,-0.13365412888485495,1.0268058108426799,0.7224252832841375,1.3955942972534452,1.0
SOL,LEGACY_BASELINE,2026-08-27 20:15:00+00:00,2026-08-28 09:30:00+00:00,LONG,109.01,105.5071470258437,113.3885662176954,SL,-1.0,0.4539157114874205,-1.0220240547955821,1.0573825372689016,0.11200052292428396,1.0304048109033264,0.82
SOL,EARLY_RECLAIM_LEGACY_STOP,2026-04-04 12:30:00+00:00,2026-04-04 15:00:00+00:00,SHORT,79.98,80.49325044604309,79.33843694244615,SL,-1.0,0.8767649467609518,-3.2342884702737065,0.9808000660799876,1.1867327795185276,1.6055796428780196,
SOL,EARLY_RECLAIM_LEGACY_STOP,2026-04-05 12:00:00+00:00,2026-04-05 13:15:00+00:00,SHORT,79.63,80.38711624701675,78.68360469122905,TP,1.25,1.4792972735865841,-0.0792480682278564,0.9400819383252864,0.8550834176665405,1.60328140812464,
SOL,EARLY_RECLAIM_LEGACY_STOP,2026-04-07 05:15:00+00:00,2026-04-07 09:00:00+00:00,SHORT,79.66,80.37282834571896,78.7689645678513,SL,-1.0,0.6032307814110467,-1.2485474312926539,0.8047175694027223,0.11414293963589532,1.0653341032683203,
SOL,EARLY_RECLAIM_LEGACY_STOP,2026-04-15 22:00:00+00:00,2026-04-16 13:45:00+00:00,LONG,85.17,83.75708244539702,86.93614694325373,SL,-1.0,0.7643758098139474,-1.0404004078023181,1.1001040397481006,0.9927589290423398,1.737328125824077,0.4953271028037383
SOL,EARLY_RECLAIM_LEGACY_STOP,2026-04-22 12:00:00+00:00,2026-04-22 19:30:00+00:00,LONG,88.37,87.26812959660597,89.74733800424255,SL,-1.0,0.8349439254981131,-1.1979630235407757,0.8268078402833455,0.2318875888890572,0.8944235571433987,0.0273972602739726
SOL,EARLY_RECLAIM_LEGACY_STOP,2026-04-25 06:30:00+00:00,2026-04-25 16:30:00+00:00,LONG,86.36,85.93022561495461,86.89721798130674,SL,-1.0,0.9539889166654124,-1.8847098109731528,0.8097786377707256,1.9316844063548217,1.5024212049427184,0.006134969325153374
SOL,EARLY_RECLAIM_LEGACY_STOP,2026-04-27 00:30:00+00:00,2026-04-27 06:00:00+00:00,LONG,86.9,85.72814402041271,88.36481997448412,SL,-1.0,1.0069496768839876,-1.0922843952639945,0.5047523531356944,0.9642737201781645,1.416277026511643,0.034482758620689655
SOL,EARLY_RECLAIM_LEGACY_STOP,2026-05-09 00:15:00+00:00,2026-05-09 01:45:00+00:00,LONG,92.33,91.38578143391122,93.51027320761096,TP,1.25,1.5568429310696104,-0.05295384119284092,1.100870197650567,1.017831902660504,1.0486752936502322,0.98
SOL,EARLY_RECLAIM_LEGACY_STOP,2026-05-26 07:00:00+00:00,2026-05-26 10:15:00+00:00,SHORT,84.21,85.20367161350102,82.96791048312372,SL,-1.0,0.17108267730525517,-1.338470357741225,0.8163942909345591,1.425065592338317,1.6443064526980662,0.225
SOL,EARLY_RECLAIM_LEGACY_STOP,2026-05-28 13:00:00+00:00,2026-05-28 14:00:00+00:00,SHORT,80.89,81.57383583980742,80.03520520024074,TP,1.25,1.418469087951247,-0.3948316018008572,0.14152678854008924,0.204195648969599,1.7356630162415432,0.435
SOL,EARLY_RECLAIM_LEGACY_STOP,2026-05-31 23:30:00+00:00,2026-06-01 07:45:00+00:00,SHORT,82.07,83.18671700611203,80.67410374235995,TP,1.25,1.3432230294606127,-0.904436839836817,0.2200194049209104,1.1202780933329657,1.915314159569254,0.395
SOL,EARLY_RECLAIM_LEGACY_STOP,2026-06-02 04:45:00+00:00,2026-06-02 12:15:00+00:00,SHORT,80.41,81.8230402342623,78.64369970717212,TP,1.25,1.3092337749079168,-0.106154089857403,0.696765946110988,1.3646280277865865,0.992456747481173,0.435
SOL,EARLY_RECLAIM_LEGACY_STOP,2026-06-05 00:45:00+00:00,2026-06-05 05:45:00+00:00,SHORT,68.24,69.82824345390844,66.25469568261444,TP,1.25,1.39777059652718,-0.33999825320931815,0.616479753788331,0.7702732508360514,1.4330665131833489,1.0
SOL,EARLY_RECLAIM_LEGACY_STOP,2026-06-05 13:30:00+00:00,2026-06-05 15:45:00+00:00,SHORT,65.85,67.45085987086074,63.84892516142406,TP,1.25,1.3242883019237173,-0.06871307226962657,0.3548667190730439,0.014268187430568458,1.5552324299311713,1.0
SOL,EARLY_RECLAIM_LEGACY_STOP,2026-06-10 08:00:00+00:00,2026-06-10 13:30:00+00:00,SHORT,64.06,65.13930793482157,62.71086508147304,SL,-1.0,1.065497586831066,-1.2322711221611382,0.9015905142609071,0.2818595787489382,1.565886548605175,0.395
SOL,EARLY_RECLAIM_LEGACY_STOP,2026-07-03 05:30:00+00:00,2026-07-03 18:45:00+00:00,LONG,81.03,79.94236259916524,82.38954675104345,TP,1.25,1.2504167279979475,-0.36776962588175466,0.7401189299316359,1.2735555922918527,1.2735555922918105,0.78
SOL,EARLY_RECLAIM_LEGACY_STOP,2026-07-04 00:00:00+00:00,2026-07-04 04:30:00+00:00,LONG,82.55,81.7088222427146,83.60147219660674,TP,1.25,1.6762212122087934,-0.9391594025850615,0.7539450966034543,0.6944910850452725,1.4493726992249034,0.845
SOL,EARLY_RECLAIM_LEGACY_STOP,2026-07-06 00:30:00+00:00,2026-07-06 05:15:00+00:00,LONG,81.84,80.33047389209753,83.7269076348781,SL,-1.0,0.304731397219208,-1.119556655001017,0.8687259895777323,0.616133283831384,2.0794498329308477,0.765
SOL,EARLY_RECLAIM_LEGACY_STOP,2026-07-07 00:15:00+00:00,2026-07-07 02:45:00+00:00,LONG,82.28,81.25822811628525,83.55721485464343,SL,-1.0,0.1663776452547809,-1.017839712146891,0.45463130576945004,0.05379642968197684,1.5600964607776342,0.67
SOL,EARLY_RECLAIM_LEGACY_STOP,2026-08-01 03:00:00+00:00,2026-08-01 16:45:00+00:00,SHORT,72.95,73.26614696873384,72.55481628908271,TP,1.25,1.739697211720059,-0.7275097430829501,0.33367413969599924,0.5141502646073541,0.8814004536126221,0.315
SOL,EARLY_RECLAIM_LEGACY_STOP,2026-08-06 16:00:00+00:00,2026-08-07 12:00:00+00:00,SHORT,73.1,73.82480701215378,72.19399123480775,SL,-1.0,1.1175388571270093,-1.3520840493635675,0.9076641695813799,1.3628213104233864,1.3628213104233258,0.03
SOL,EARLY_RECLAIM_LEGACY_STOP,2026-08-17 20:30:00+00:00,2026-08-18 02:15:00+00:00,LONG,76.02,75.40279170931639,76.7915103633545,SL,-1.0,0.11341390103894568,-1.0531290810757992,1.0295013161602642,1.1217451921234627,1.5490766938847853,0.785
SOL,EARLY_RECLAIM_LEGACY_STOP,2026-08-18 11:00:00+00:00,2026-08-18 14:15:00+00:00,LONG,76.04,75.4402809106553,76.78964886168089,TP,1.25,1.6841218129367725,-0.05002342018624312,0.9199698707311652,0.8765389320362329,1.6278580166387437,0.72
SOL,EARLY_RECLAIM_LEGACY_STOP,2026-08-18 22:00:00+00:00,2026-08-19 12:30:00+00:00,LONG,77.06,76.49637176975817,77.76453528780229,TP,1.25,1.8097035337679082,-0.8338830008538413,0.42756735012955077,1.13619795897133,1.1878433207427808,0.55
SOL,EARLY_RECLAIM_LEGACY_STOP,2026-08-20 16:30:00+00:00,2026-08-21 02:30:00+00:00,LONG,87.49,85.60241146299285,89.84948567125893,TP,1.25,1.4356942452600552,-0.45560776786850293,0.9927850010436327,0.8718915740843057,1.4973790076665574,1.0
SOL,EARLY_RECLAIM_LEGACY_STOP,2026-08-27 07:30:00+00:00,2026-08-27 08:00:00+00:00,LONG,101.42,100.0951105105411,103.07611186182362,TP,1.25,2.0831926149004523,-0.037738996646745106,0.5029715191297726,0.8143185677620707,0.9028314555622892,0.805
SOL,EARLY_RECLAIM_LEGACY_STOP,2026-08-28 00:15:00+00:00,2026-08-28 02:00:00+00:00,LONG,109.72,107.39787325223708,112.62265843470365,SL,-1.0,0.1378047086828,-1.020616123681966,1.0458563214645016,1.1301286685099001,1.0769461429329739,0.83
SOL,EARLY_RECLAIM_STRUCTURE_STOP,2026-04-04 12:30:00+00:00,2026-04-04 14:30:00+00:00,SHORT,79.98,80.33812611510777,79.5323423561153,TP,1.25,1.2565405900784172,-0.5863856087032402,0.9808000660799876,1.1867327795185276,1.6055796428780196,
SOL,EARLY_RECLAIM_STRUCTURE_STOP,2026-04-05 12:00:00+00:00,2026-04-05 12:30:00+00:00,SHORT,79.63,80.09779061754185,79.04526172807269,TP,1.25,1.6674126644496405,-0.128262512649977,0.9400819383252864,0.8550834176665405,1.60328140812464,
SOL,EARLY_RECLAIM_STRUCTURE_STOP,2026-04-07 05:15:00+00:00,2026-04-07 08:15:00+00:00,SHORT,79.66,80.28083842471732,78.88395196910335,SL,-1.0,0.6926117696335888,-1.0630785301352887,0.8047175694027223,0.11414293963589532,1.0653341032683203,
SOL,EARLY_RECLAIM_STRUCTURE_STOP,2026-04-15 22:00:00+00:00,2026-04-16 13:45:00+00:00,LONG,85.17,84.16270611349258,86.42911735813428,SL,-1.0,1.0721796433657158,-1.4593556256922255,1.1001040397481006,0.9927589290423398,1.737328125824077,0.4953271028037383
SOL,EARLY_RECLAIM_STRUCTURE_STOP,2026-04-22 12:00:00+00:00,2026-04-22 13:30:00+00:00,LONG,88.37,87.90378423779387,88.95276970275768,TP,1.25,1.2869577750027035,-0.27884085125060915,0.8268078402833455,0.2318875888890572,0.8944235571433987,0.0273972602739726
SOL,EARLY_RECLAIM_STRUCTURE_STOP,2026-04-25 06:30:00+00:00,2026-04-25 16:15:00+00:00,LONG,86.36,86.01056403738654,86.79679495326681,SL,-1.0,1.1733194171932926,-1.0588492301500663,0.8097786377707256,1.9316844063548217,1.5024212049427184,0.006134969325153374
SOL,EARLY_RECLAIM_STRUCTURE_STOP,2026-04-27 00:30:00+00:00,2026-04-27 02:45:00+00:00,LONG,86.9,86.07036005103177,87.9370499362103,TP,1.25,1.4223037372627423,-0.14464105802672594,0.5047523531356944,0.9642737201781645,1.416277026511643,0.034482758620689655
SOL,EARLY_RECLAIM_STRUCTURE_STOP,2026-05-09 00:15:00+00:00,2026-05-09 01:30:00+00:00,LONG,92.33,91.51945358477806,93.34318301902742,TP,1.25,1.2830850651720471,-0.061686781979421464,1.100870197650567,1.017831902660504,1.0486752936502322,0.98
SOL,EARLY_RECLAIM_STRUCTURE_STOP,2026-05-26 07:00:00+00:00,2026-05-26 10:15:00+00:00,SHORT,84.21,84.89417903375252,83.35477620780934,SL,-1.0,0.24847297507435392,-1.9439356285230478,0.8163942909345591,1.425065592338317,1.6443064526980662,0.225
SOL,EARLY_RECLAIM_STRUCTURE_STOP,2026-05-28 13:00:00+00:00,2026-05-28 14:00:00+00:00,SHORT,80.89,81.40099329587481,80.25125838015649,TP,1.25,1.8982636520492415,-0.5283826660343178,0.14152678854008924,0.204195648969599,1.7356630162415432,0.435
SOL,EARLY_RECLAIM_STRUCTURE_STOP,2026-05-31 23:30:00+00:00,2026-06-01 00:15:00+00:00,SHORT,82.07,82.76179251528009,81.20525935589987,SL,-1.0,0.072276006021477,-1.315423309590972,0.2200194049209104,1.1202780933329657,1.915314159569254,0.395
SOL,EARLY_RECLAIM_STRUCTURE_STOP,2026-06-02 04:45:00+00:00,2026-06-02 06:45:00+00:00,SHORT,80.41,81.2919761522705,79.30752980966187,TP,1.25,1.2925519551353695,-0.17007262567571285,0.696765946110988,1.3646280277865865,0.992456747481173,0.435
SOL,EARLY_RECLAIM_STRUCTURE_STOP,2026-06-02 11:00:00+00:00,2026-06-02 14:00:00+00:00,SHORT,79.12,79.84281571127126,78.21648036091094,TP,1.25,1.2866350101388486,-0.09684349538678491,0.9523658119824504,0.16751446793279942,0.9213295736303571,0.475
SOL,EARLY_RECLAIM_STRUCTURE_STOP,2026-06-05 00:45:00+00:00,2026-06-05 04:00:00+00:00,SHORT,68.24,69.4228582450405,66.76142719369936,TP,1.25,1.5471000076913957,-0.4565213137450077,0.616479753788331,0.7702732508360514,1.4330665131833489,1.0
SOL,EARLY_RECLAIM_STRUCTURE_STOP,2026-06-05 13:30:00+00:00,2026-06-05 14:00:00+00:00,SHORT,65.85,67.15555891605949,64.21805135492562,TP,1.25,1.5012727314641339,-0.08425510227604815,0.3548667190730439,0.014268187430568458,1.5552324299311713,1.0
SOL,EARLY_RECLAIM_STRUCTURE_STOP,2026-06-10 08:00:00+00:00,2026-06-10 09:15:00+00:00,SHORT,64.06,64.85826983705395,63.06216270368256,TP,1.25,1.3028176084394767,-0.23801475538797867,0.9015905142609071,0.2818595787489382,1.565886548605175,0.395
SOL,EARLY_RECLAIM_STRUCTURE_STOP,2026-07-03 05:30:00+00:00,2026-07-03 15:00:00+00:00,LONG,81.03,80.2105356894574,82.05433038817824,TP,1.25,1.3057310565380256,-0.4881237594534775,0.7401189299316359,1.2735555922918527,1.2735555922918105,0.78
SOL,EARLY_RECLAIM_STRUCTURE_STOP,2026-07-04 00:00:00+00:00,2026-07-04 01:00:00+00:00,LONG,82.55,81.90473445776449,83.35658192779438,SL,-1.0,0.26345742779172887,-1.0538297111668933,0.7539450966034543,0.6944910850452725,1.4493726992249034,0.845
SOL,EARLY_RECLAIM_STRUCTURE_STOP,2026-07-06 00:30:00+00:00,2026-07-06 02:45:00+00:00,LONG,81.84,80.8968080298634,83.01898996267076,SL,-1.0,0.48770559394538565,-1.1132410296579576,0.8687259895777323,0.616133283831384,2.0794498329308477,0.765
SOL,EARLY_RECLAIM_STRUCTURE_STOP,2026-07-07 00:15:00+00:00,2026-07-07 02:15:00+00:00,LONG,82.28,81.55834827558542,83.18206465551823,SL,-1.0,0.23557069739964714,-1.0531395883748895,0.45463130576945004,0.05379642968197684,1.5600964607776342,0.67
SOL,EARLY_RECLAIM_STRUCTURE_STOP,2026-08-01 03:00:00+00:00,2026-08-01 16:45:00+00:00,SHORT,72.95,73.21849552967699,72.61438058790378,TP,1.25,2.048451237388131,-0.8566250629077831,0.33367413969599924,0.5141502646073541,0.8814004536126221,0.315
SOL,EARLY_RECLAIM_STRUCTURE_STOP,2026-08-06 16:00:00+00:00,2026-08-06 23:15:00+00:00,SHORT,73.1,73.68701753038444,72.36622808701944,TP,1.25,1.3798565768036115,-0.6984459215919803,0.9076641695813799,1.3628213104233864,1.3628213104233258,0.03
SOL,EARLY_RECLAIM_STRUCTURE_STOP,2026-08-17 20:30:00+00:00,2026-08-18 01:45:00+00:00,LONG,76.02,75.55197927329097,76.60502590838628,SL,-1.0,0.14956602561648277,-1.046962179315258,1.0295013161602642,1.1217451921234627,1.5490766938847853,0.785
SOL,EARLY_RECLAIM_STRUCTURE_STOP,2026-08-18 11:00:00+00:00,2026-08-18 14:15:00+00:00,LONG,76.04,75.66618259192595,76.50727176009258,TP,1.25,2.701853841434506,-0.08025308439904849,0.9199698707311652,0.8765389320362329,1.6278580166387437,0.72
SOL,EARLY_RECLAIM_STRUCTURE_STOP,2026-08-18 22:00:00+00:00,2026-08-19 12:30:00+00:00,LONG,77.06,76.57592942439543,77.66508821950572,TP,1.25,2.1071307602741074,-0.9709328013027765,0.42756735012955077,1.13619795897133,1.1878433207427808,0.55
SOL,EARLY_RECLAIM_STRUCTURE_STOP,2026-08-20 16:30:00+00:00,2026-08-21 01:45:00+00:00,LONG,87.49,86.17102865748214,89.13871417814731,TP,1.25,1.5163331723205544,-0.652023264097838,0.9927850010436327,0.8718915740843057,1.4973790076665574,1.0
SOL,EARLY_RECLAIM_STRUCTURE_STOP,2026-08-27 07:30:00+00:00,2026-08-27 08:00:00+00:00,LONG,101.42,100.37282183185172,102.72897271018535,TP,1.25,2.6356546421135807,-0.04774736670495337,0.5029715191297726,0.8143185677620707,0.9028314555622892,0.805
SOL,EARLY_RECLAIM_STRUCTURE_STOP,2026-08-28 00:15:00+00:00,2026-08-28 01:45:00+00:00,LONG,109.72,108.1411176139541,111.69360298255738,SL,-1.0,0.20267500785882075,-1.3110539570867121,1.0458563214645016,1.1301286685099001,1.0769461429329739,0.83
SUI,LEGACY_BASELINE,2026-05-10 12:15:00+00:00,2026-05-10 15:45:00+00:00,LONG,1.1341,1.0678235599583905,1.216945550052012,TP,1.25,1.4092488966118526,-0.22632476926314754,0.6532650972504643,0.9071947614828749,0.7178671590864496,1.0
SUI,LEGACY_BASELINE,2026-06-04 07:15:00+00:00,2026-06-05 02:30:00+00:00,SHORT,0.7909,0.8301453946938934,0.7418432566326334,TP,1.25,1.2714867665164447,-0.4051430779080429,1.0818963370921324,0.9265287634061071,0.9068153854612984,0.885
SUI,LEGACY_BASELINE,2026-06-05 04:15:00+00:00,2026-06-05 06:15:00+00:00,SHORT,0.7464,0.782441803720501,0.7013477453493737,TP,1.25,1.6758317776877414,0.0,0.2253610273462119,1.6522266784817445,1.122666845635041,0.905
SUI,LEGACY_BASELINE,2026-07-29 16:15:00+00:00,2026-07-29 18:00:00+00:00,SHORT,0.6838,0.6945377941965893,0.6703777572542633,SL,-1.0,0.3538901873540191,-1.0802963613965089,0.5390443209582924,0.15934760812023344,1.0516942135934486,0.9
SUI,EARLY_RECLAIM_LEGACY_STOP,2026-03-31 23:15:00+00:00,2026-04-01 05:15:00+00:00,LONG,0.8762,0.8650911129795171,0.8900861087756036,TP,1.25,1.2692540642462258,-0.45909189557842145,0.2969050582225074,0.4082663020480069,1.066028677569765,
SUI,EARLY_RECLAIM_LEGACY_STOP,2026-04-10 09:15:00+00:00,2026-04-10 18:45:00+00:00,LONG,0.9366,0.9185441996916056,0.959169750385493,TP,1.25,1.3513662968822324,-0.3212264148326636,0.8930219041478098,2.347707746608187,0.9679145972858421,
SUI,EARLY_RECLAIM_LEGACY_STOP,2026-04-16 05:30:00+00:00,2026-04-16 18:45:00+00:00,LONG,0.9696,0.9469260224804263,0.9979424718994672,TP,1.25,1.3980784788480332,-0.7982719390267936,0.35465967569443285,1.0045862854296634,1.1632051726027723,0.6355140186915887
SUI,EARLY_RECLAIM_LEGACY_STOP,2026-04-22 13:00:00+00:00,2026-04-22 19:30:00+00:00,LONG,0.9696,0.9598472095273167,0.9817909880908542,SL,-1.0,0.594701589893202,-1.8046117210552313,0.3654725699411108,0.23359692316026984,1.9206858126510722,0.006896551724137931
SUI,EARLY_RECLAIM_LEGACY_STOP,2026-05-06 01:00:00+00:00,2026-05-06 07:00:00+00:00,LONG,0.9733,0.9562176789106748,0.9946529013616566,TP,1.25,1.2586111622404337,0.0,1.0359982851119172,1.4951904773246123,1.4542263546581669,0.775
SUI,EARLY_RECLAIM_LEGACY_STOP,2026-05-09 08:00:00+00:00,2026-05-09 09:00:00+00:00,LONG,1.0782,1.0554625139969303,1.1066218575038373,SL,-1.0,0.00879604719593784,-1.055525663512658,0.5908186539220084,1.1831955040141253,1.062186872921757,0.965
SUI,EARLY_RECLAIM_LEGACY_STOP,2026-05-12 00:30:00+00:00,2026-05-12 01:45:00+00:00,LONG,1.3092,1.2695025559151634,1.3588218051060457,SL,-1.0,0.10580026238022408,-1.070597893133224,1.0782694549495582,1.8465572344987844,1.6242864562721018,1.0
SUI,EARLY_RECLAIM_LEGACY_STOP,2026-05-28 10:15:00+00:00,2026-05-28 17:30:00+00:00,SHORT,0.9166,0.9323610085486209,0.8968987393142238,SL,-1.0,0.9263366589111719,-1.135714122911648,0.976300430045074,0.4315763910478521,1.4026232709054844,0.555
SUI,EARLY_RECLAIM_LEGACY_STOP,2026-05-29 06:30:00+00:00,2026-05-29 11:45:00+00:00,SHORT,0.9251,0.9375271656416395,0.9095660429479506,TP,1.25,2.333597284873249,-0.2977348260010635,0.06980833158393097,0.0648345063120906,0.972517594681455,0.675
SUI,EARLY_RECLAIM_LEGACY_STOP,2026-05-30 03:30:00+00:00,2026-05-31 02:15:00+00:00,SHORT,0.9055,0.9244144416241012,0.8818569479698734,SL,-1.0,0.7877578569918795,-1.009810407284891,0.8707288290386577,1.455795190617722,1.495679990360669,0.76
SUI,EARLY_RECLAIM_LEGACY_STOP,2026-06-01 12:45:00+00:00,2026-06-01 13:45:00+00:00,SHORT,0.8754,0.8892989510468924,0.8580263111913844,TP,1.25,1.280672184537243,-0.06475308798222128,0.6529950611962704,0.7594067744622277,1.4632471995735667,0.555
SUI,EARLY_RECLAIM_LEGACY_STOP,2026-06-02 11:15:00+00:00,2026-06-02 14:15:00+00:00,SHORT,0.8455,0.8637493002849203,0.8226883746438498,TP,1.25,1.3315579019804713,-0.4493322961415576,0.5877097801990165,0.03478684189179549,0.9914249939162681,0.65
SUI,EARLY_RECLAIM_LEGACY_STOP,2026-06-05 22:00:00+00:00,2026-06-06 04:30:00+00:00,SHORT,0.7041,0.7320176899197842,0.6692028876002696,TP,1.25,1.457857011699142,-0.9169813144839846,0.07643550989780325,0.7035765511664688,1.6353400919004242,0.94
SUI,EARLY_RECLAIM_LEGACY_STOP,2026-06-10 08:00:00+00:00,2026-06-10 13:30:00+00:00,SHORT,0.7442,0.7572289977784902,0.7279137527768872,SL,-1.0,0.9900991787178638,-1.2894314885628,0.12279135077295612,0.15455958122224706,1.4131161711749773,0.26
SUI,EARLY_RECLAIM_LEGACY_STOP,2026-06-14 16:45:00+00:00,2026-06-14 21:15:00+00:00,SHORT,0.7497,0.763165855390054,0.7328676807624326,SL,-1.0,0.2673428382915095,-1.388697521125318,0.7292128452596051,0.5626711807385977,1.050319537378685,0.08
SUI,EARLY_RECLAIM_LEGACY_STOP,2026-06-19 21:30:00+00:00,2026-06-20 00:30:00+00:00,SHORT,0.7096,0.7191066514062548,0.6977166857421815,SL,-1.0,0.09467055870039189,-1.0203382437708812,0.3769241888546828,0.11741735572519174,0.8512758290077379,0.575
SUI,EARLY_RECLAIM_LEGACY_STOP,2026-06-21 08:15:00+00:00,2026-06-21 21:00:00+00:00,SHORT,0.7076,0.7156435513239447,0.6975455608450691,TP,1.25,2.4615992616417675,-0.8951270042333663,0.59921283045899,0.5320125619056996,0.9821770373644209,0.795
SUI,EARLY_RECLAIM_LEGACY_STOP,2026-06-22 03:00:00+00:00,2026-06-22 11:00:00+00:00,SHORT,0.7015,0.7196270599128038,0.6788411751089952,SL,-1.0,0.22066457656349728,-1.4729360485613399,0.6834634417826929,2.123305350535996,1.084241030060919,0.83
SUI,EARLY_RECLAIM_LEGACY_STOP,2026-06-28 09:45:00+00:00,2026-06-28 22:45:00+00:00,SHORT,0.683,0.692682985691836,0.6708962678852052,TP,1.25,1.3322337149456405,-0.867501023685528,0.5300818296100684,1.6302543621043175,1.977116992339323,0.585
SUI,EARLY_RECLAIM_LEGACY_STOP,2026-07-08 21:00:00+00:00,2026-07-09 01:00:00+00:00,SHORT,0.7065,0.7164151998395574,0.6941060002005534,SL,-1.0,0.07059867792148143,-1.4018880330122085,0.688306322170919,1.9260401608304343,1.0914227578038984,0.195
SUI,EARLY_RECLAIM_LEGACY_STOP,2026-07-09 22:00:00+00:00,2026-07-10 01:45:00+00:00,SHORT,0.7173,0.7256319880723536,0.706885014909558,SL,-1.0,0.7081143118263505,-1.4042266861641068,0.8127685705600054,1.0752745633937077,1.2544869906260254,0.07
SUI,EARLY_RECLAIM_LEGACY_STOP,2026-07-27 12:00:00+00:00,2026-07-27 12:30:00+00:00,SHORT,0.7152,0.7216845194900405,0.7070943506374492,TP,1.25,1.4650275960448218,-0.10794940181383474,0.6071820560278703,1.0505491463141325,1.5758237194711258,0.325
SUI,EARLY_RECLAIM_LEGACY_STOP,2026-07-28 09:00:00+00:00,2026-07-28 13:30:00+00:00,SHORT,0.6807,0.6871352640901139,0.6726559198873575,TP,1.25,1.3208471138049935,-0.8235870239019546,0.440366633004212,0.04683261450561678,0.9366522901124396,0.745
SUI,EARLY_RECLAIM_LEGACY_STOP,2026-07-29 08:15:00+00:00,2026-07-29 09:30:00+00:00,SHORT,0.6852,0.6914344440413914,0.6774069449482608,SL,-1.0,0.06415969047831817,-1.0105151250333375,0.5861536205822587,0.4518485458270118,1.0269285132432417,0.85
SUI,EARLY_RECLAIM_LEGACY_STOP,2026-07-31 11:30:00+00:00,2026-07-31 14:00:00+00:00,SHORT,0.6874,0.6940678699621938,0.6790651625472577,TP,1.25,1.4547374281439367,-0.4199242060621692,0.4448772516428144,0.38942781944676835,1.2072262402849776,0.5
SUI,EARLY_RECLAIM_LEGACY_STOP,2026-07-31 20:45:00+00:00,2026-08-01 04:45:00+00:00,SHORT,0.6803,0.6883779598461617,0.6702025501922979,SL,-1.0,0.18569045013423768,-1.1265220641476656,0.7905907578215613,0.9251628043892746,1.0092685138792001,0.47
SUI,EARLY_RECLAIM_LEGACY_STOP,2026-08-07 09:15:00+00:00,2026-08-07 14:45:00+00:00,SHORT,0.6732,0.6789706254332808,0.665986718208399,TP,1.25,1.6116104064499375,-0.9704320727010296,0.4033250282284315,0.09658917387249935,1.738605129705203,0.845
SUI,EARLY_RECLAIM_LEGACY_STOP,2026-08-14 09:15:00+00:00,2026-08-15 02:15:00+00:00,SHORT,0.6794,0.6863928964890428,0.6706588793886965,SL,-1.0,1.1583183038233082,-1.0868171739576797,1.058707149100206,0.20095164145795327,0.8038065658318874,0.125
SUI,EARLY_RECLAIM_LEGACY_STOP,2026-08-16 12:00:00+00:00,2026-08-16 15:45:00+00:00,SHORT,0.6758,0.679632496034662,0.6710093799566723,SL,-1.0,0.026092655829402962,-1.27854013564089,0.9406912334515547,1.355937410895996,0.8716740498616811,0.285
SUI,EARLY_RECLAIM_LEGACY_STOP,2026-08-18 00:15:00+00:00,2026-08-18 02:45:00+00:00,SHORT,0.674,0.6813702594301964,0.6647871757122547,TP,1.25,5.4272173698687025,-0.2984969553427756,0.6630295423199694,0.11297779104495437,1.5252001791062255,0.54
SUI,EARLY_RECLAIM_STRUCTURE_STOP,2026-03-31 23:15:00+00:00,2026-04-01 05:15:00+00:00,LONG,0.8762,0.8666342234366862,0.8881572207041423,TP,1.25,1.4740047404071321,-0.5331506507855577,0.2969050582225074,0.4082663020480069,1.066028677569765,
SUI,EARLY_RECLAIM_STRUCTURE_STOP,2026-04-10 09:15:00+00:00,2026-04-10 15:00:00+00:00,LONG,0.9366,0.924460499229014,0.9517743759637325,TP,1.25,1.33448650859834,-0.4777791203623711,0.8930219041478098,2.347707746608187,0.9679145972858421,
SUI,EARLY_RECLAIM_STRUCTURE_STOP,2026-04-16 05:30:00+00:00,2026-04-16 07:00:00+00:00,LONG,0.9696,0.9587119146122771,0.9832101067346537,TP,1.25,1.8552389406108944,-0.09184351191143052,0.35465967569443285,1.0045862854296634,1.1632051726027723,0.6355140186915887
SUI,EARLY_RECLAIM_STRUCTURE_STOP,2026-04-16 09:15:00+00:00,2026-04-16 10:15:00+00:00,LONG,0.9813,0.9642528744296921,1.0026089069628847,SL,-1.0,0.017598274780271962,-1.0558964868160376,1.1628418495748432,1.6571708751418455,1.3638662954707215,0.6759259259259259
SUI,EARLY_RECLAIM_STRUCTURE_STOP,2026-04-16 12:00:00+00:00,2026-04-16 13:45:00+00:00,LONG,0.9768,0.9617461316108127,0.9956173354864841,SL,-1.0,1.1824203281055101,-1.2621340580901497,0.9950977392899809,1.6108816267729578,1.5776675726126945,0.6759259259259259
SUI,EARLY_RECLAIM_STRUCTURE_STOP,2026-04-22 13:00:00+00:00,2026-04-22 16:45:00+00:00,LONG,0.9696,0.9611956861927559,0.9801053922590552,SL,-1.0,0.6901217794843258,-1.082777274708161,0.3654725699411108,0.23359692316026984,1.9206858126510722,0.006896551724137931
SUI,EARLY_RECLAIM_STRUCTURE_STOP,2026-05-06 01:00:00+00:00,2026-05-06 03:30:00+00:00,LONG,0.9733,0.9610941972766872,0.9885572534041411,TP,1.25,1.343623223458814,0.0,1.0359982851119172,1.4951904773246123,1.4542263546581669,0.775
SUI,EARLY_RECLAIM_STRUCTURE_STOP,2026-05-09 08:00:00+00:00,2026-05-09 09:00:00+00:00,LONG,1.0782,1.0596062849923256,1.1014421437595932,SL,-1.0,0.010756322763763388,-1.29075873165175,0.5908186539220084,1.1831955040141253,1.062186872921757,0.965
SUI,EARLY_RECLAIM_STRUCTURE_STOP,2026-05-12 00:30:00+00:00,2026-05-12 01:15:00+00:00,LONG,1.3092,1.2799563897879087,1.3457545127651138,SL,-1.0,0.1436211182387949,-1.3165269171889584,1.0782694549495582,1.8465572344987844,1.6242864562721018,1.0
SUI,EARLY_RECLAIM_STRUCTURE_STOP,2026-05-28 10:15:00+00:00,2026-05-28 17:15:00+00:00,SHORT,0.9166,0.9285146555566036,0.9017066805542454,SL,-1.0,1.2253816260687416,-1.040735079674832,0.976300430045074,0.4315763910478521,1.4026232709054844,0.555
SUI,EARLY_RECLAIM_STRUCTURE_STOP,2026-05-29 06:30:00+00:00,2026-05-29 11:45:00+00:00,SHORT,0.9251,0.9359076576670656,0.9115904279161681,TP,1.25,2.683282621762932,-0.34234985174216004,0.06980833158393097,0.0648345063120906,0.972517594681455,0.675
SUI,EARLY_RECLAIM_STRUCTURE_STOP,2026-05-30 03:30:00+00:00,2026-05-31 01:15:00+00:00,SHORT,0.9055,0.9180361040602532,0.8898298699246835,SL,-1.0,1.188567032339958,-1.0848665530082866,0.8707288290386577,1.455795190617722,1.495679990360669,0.76
SUI,EARLY_RECLAIM_STRUCTURE_STOP,2026-06-01 12:45:00+00:00,2026-06-01 13:45:00+00:00,SHORT,0.8754,0.88570931818048,0.8625133522743998,TP,1.25,1.7265933292953242,-0.08729966271718083,0.6529950611962704,0.7594067744622277,1.4632471995735667,0.555
SUI,EARLY_RECLAIM_STRUCTURE_STOP,2026-06-02 11:15:00+00:00,2026-06-02 13:15:00+00:00,SHORT,0.8455,0.8535370451851982,0.8354536935185023,SL,-1.0,0.5225801153557158,-1.0202754633135431,0.5877097801990165,0.03478684189179549,0.9914249939162681,0.65
SUI,EARLY_RECLAIM_STRUCTURE_STOP,2026-06-05 22:00:00+00:00,2026-06-06 00:45:00+00:00,SHORT,0.7041,0.7263364984478597,0.6763043769401752,SL,-1.0,0.6655724162103581,-1.1197806191647315,0.07643550989780325,0.7035765511664688,1.6353400919004242,0.94
SUI,EARLY_RECLAIM_STRUCTURE_STOP,2026-06-10 08:00:00+00:00,2026-06-10 13:30:00+00:00,SHORT,0.7442,0.7555224944462253,0.7300468819422183,SL,-1.0,1.1393249130098337,-1.4837719797337376,0.12279135077295612,0.15455958122224706,1.4131161711749773,0.26
SUI,EARLY_RECLAIM_STRUCTURE_STOP,2026-06-14 16:45:00+00:00,2026-06-14 20:30:00+00:00,SHORT,0.7497,0.7534328060035351,0.7450339924955811,SL,-1.0,0.9644219379712542,-1.5002119035108035,0.7292128452596051,0.5626711807385977,1.050319537378685,0.08
SUI,EARLY_RECLAIM_STRUCTURE_STOP,2026-06-19 09:00:00+00:00,2026-06-19 13:45:00+00:00,SHORT,0.7106,0.719767125070604,0.699141093661745,SL,-1.0,1.036311812791064,-1.0799459943822616,1.0349045124709888,0.10128061268895998,1.4938890371623283,0.48
SUI,EARLY_RECLAIM_STRUCTURE_STOP,2026-06-19 21:30:00+00:00,2026-06-19 23:45:00+00:00,SHORT,0.7096,0.7166143234140657,0.7008320957324179,SL,-1.0,0.1283088826778725,-1.2545757417391854,0.3769241888546828,0.11741735572519174,0.8512758290077379,0.575
SUI,EARLY_RECLAIM_STRUCTURE_STOP,2026-06-21 08:15:00+00:00,2026-06-21 15:30:00+00:00,SHORT,0.7076,0.7137088783098622,0.6999639021126722,SL,-1.0,0.8021112471809192,-1.0967643583902393,0.59921283045899,0.5320125619056996,0.9821770373644209,0.795
SUI,EARLY_RECLAIM_STRUCTURE_STOP,2026-06-22 03:00:00+00:00,2026-06-22 08:00:00+00:00,SHORT,0.7015,0.7125676497820098,0.6876654377724878,SL,-1.0,0.36141367668697894,-1.0029229528063655,0.6834634417826929,2.123305350535996,1.084241030060919,0.83
SUI,EARLY_RECLAIM_STRUCTURE_STOP,2026-06-28 02:15:00+00:00,2026-06-28 08:30:00+00:00,SHORT,0.6822,0.689239127484358,0.6734010906445526,SL,-1.0,0.7529342254103931,-1.079679266626199,1.1515843526766623,0.3016820733649112,1.9106531313110549,0.56
SUI,EARLY_RECLAIM_STRUCTURE_STOP,2026-06-28 09:45:00+00:00,2026-06-28 12:30:00+00:00,SHORT,0.683,0.69020746422959,0.6739906697130126,SL,-1.0,0.26361559897857545,-1.1654584375894785,0.5300818296100684,1.6302543621043175,1.977116992339323,0.585
SUI,EARLY_RECLAIM_STRUCTURE_STOP,2026-07-08 21:00:00+00:00,2026-07-09 01:00:00+00:00,SHORT,0.7065,0.7142879995988934,0.6967650005013832,SL,-1.0,0.089881874172091,-1.7847972157028662,0.688306322170919,1.9260401608304343,1.0914227578038984,0.195
SUI,EARLY_RECLAIM_STRUCTURE_STOP,2026-07-09 22:00:00+00:00,2026-07-10 01:45:00+00:00,SHORT,0.7173,0.7223507922470298,0.7109865096912129,SL,-1.0,1.1681335741872294,-2.3164682742356724,0.8127685705600054,1.0752745633937077,1.2544869906260254,0.07
SUI,EARLY_RECLAIM_STRUCTURE_STOP,2026-07-27 12:00:00+00:00,2026-07-27 12:30:00+00:00,SHORT,0.7152,0.7206849376685263,0.708343827914342,TP,1.25,1.732016036301175,-0.1276222342537776,0.6071820560278703,1.0505491463141325,1.5758237194711258,0.325
SUI,EARLY_RECLAIM_STRUCTURE_STOP,2026-07-28 09:00:00+00:00,2026-07-28 11:15:00+00:00,SHORT,0.6807,0.684287921658574,0.6762150979267825,SL,-1.0,0.0,-1.1984654095566474,0.440366633004212,0.04683261450561678,0.9366522901124396,0.745
SUI,EARLY_RECLAIM_STRUCTURE_STOP,2026-07-29 08:15:00+00:00,2026-07-29 09:30:00+00:00,SHORT,0.6852,0.6901823886269045,0.6789720142163694,SL,-1.0,0.0802827779912833,-1.2644537533624947,0.5861536205822587,0.4518485458270118,1.0269285132432417,0.85
SUI,EARLY_RECLAIM_STRUCTURE_STOP,2026-07-31 11:30:00+00:00,2026-07-31 14:00:00+00:00,SHORT,0.6874,0.692669115475426,0.6808136056557176,TP,1.25,1.8409161927156041,-0.5313984886189397,0.4448772516428144,0.38942781944676835,1.2072262402849776,0.5
SUI,EARLY_RECLAIM_STRUCTURE_STOP,2026-07-31 20:45:00+00:00,2026-08-01 01:15:00+00:00,SHORT,0.6803,0.685245673900005,0.6741179076249938,SL,-1.0,0.3032953709298425,-1.0918633353473837,0.7905907578215613,0.9251628043892746,1.0092685138792001,0.47
SUI,EARLY_RECLAIM_STRUCTURE_STOP,2026-08-07 09:15:00+00:00,2026-08-07 12:00:00+00:00,SHORT,0.6732,0.6782459065316324,0.6668926168354595,SL,-1.0,0.19818044462993498,-1.0107202676126663,0.4033250282284315,0.09658917387249935,1.738605129705203,0.845
SUI,EARLY_RECLAIM_STRUCTURE_STOP,2026-08-14 09:15:00+00:00,2026-08-14 10:15:00+00:00,SHORT,0.6794,0.6820703827178779,0.6760620216026526,TP,1.25,1.348121366985517,-0.03744781574959307,1.058707149100206,0.20095164145795327,0.8038065658318874,0.125
SUI,EARLY_RECLAIM_STRUCTURE_STOP,2026-08-16 12:00:00+00:00,2026-08-16 13:15:00+00:00,SHORT,0.6758,0.6783812400866551,0.672573449891681,SL,-1.0,0.03874106888273666,-1.1622320664822288,0.9406912334515547,1.355937410895996,0.8716740498616811,0.285
SUI,EARLY_RECLAIM_STRUCTURE_STOP,2026-08-18 00:15:00+00:00,2026-08-18 02:30:00+00:00,SHORT,0.674,0.6778506686296276,0.6691866642129656,TP,1.25,1.6880185300776513,-0.571329348641656,0.6630295423199694,0.11297779104495437,1.5252001791062255,0.54
UNI,LEGACY_BASELINE,2026-06-04 07:00:00+00:00,2026-06-05 02:45:00+00:00,SHORT,2.697,2.797374335306943,2.571532080866321,TP,1.25,1.3350026138676794,-0.07970164858911533,1.0564623301924052,0.35243116329681384,1.0925366062201356,0.895
UNI,LEGACY_BASELINE,2026-06-05 04:30:00+00:00,2026-06-05 06:15:00+00:00,SHORT,2.578,2.6916505645587843,2.4359367943015195,TP,1.25,1.5222097723106147,-0.3519560167192175,0.8059652330272152,0.0,0.975589089028528,0.97
UNI,LEGACY_BASELINE,2026-06-05 07:15:00+00:00,2026-06-06 04:30:00+00:00,SHORT,2.515,2.6571383188630344,2.337327101421207,TP,1.25,1.4141155010682616,-0.415088629666801,0.71664232304605,0.3321552988899232,1.4563732335942385,0.97
UNI,LEGACY_BASELINE,2026-07-11 21:15:00+00:00,2026-07-12 00:30:00+00:00,LONG,3.812,3.636512151899075,4.0313598101261565,SL,-1.0,0.02849200132150907,-1.082696050217271,1.5248046985894508,1.3627988578022965,1.1018373743933603,0.91
UNI,EARLY_RECLAIM_LEGACY_STOP,2026-04-01 20:30:00+00:00,2026-04-01 22:15:00+00:00,LONG,3.619,3.5789232929862766,3.6690958837671546,SL,-1.0,0.4740908476710291,-1.4971289926453812,0.3082787750575201,0.1756778984138559,1.581101085724651,
UNI,EARLY_RECLAIM_LEGACY_STOP,2026-04-03 22:00:00+00:00,2026-04-04 08:45:00+00:00,SHORT,3.162,3.2019144411125526,3.112106948609309,TP,1.25,1.403000980073565,-0.42591101180804375,0.6816473592859638,0.8393175899341595,1.1750446259077785,
UNI,EARLY_RECLAIM_LEGACY_STOP,2026-04-04 14:30:00+00:00,2026-04-05 05:45:00+00:00,SHORT,3.12,3.1673645481981585,3.060794314752302,TP,1.25,1.7312526587805306,-0.7600621428792553,0.9095329353069411,1.4078870291203245,1.1439082111602539,
UNI,EARLY_RECLAIM_LEGACY_STOP,2026-04-07 14:00:00+00:00,2026-04-07 20:00:00+00:00,SHORT,3.041,3.1217498557686105,2.9400626802892367,SL,-1.0,0.3715176914490728,-1.0650173821540139,1.0122015858836553,1.0793749637936896,1.3333455435098533,
UNI,EARLY_RECLAIM_LEGACY_STOP,2026-04-22 13:00:00+00:00,2026-04-22 20:45:00+00:00,LONG,3.392,3.3538674859046607,3.439665642619174,SL,-1.0,1.206319622278003,-1.075197924204299,0.834932780158721,0.4953117295887656,2.193523373893078,0.027210884353741496
UNI,EARLY_RECLAIM_LEGACY_STOP,2026-04-28 12:15:00+00:00,2026-04-28 18:15:00+00:00,SHORT,3.211,3.2486536119556186,3.1639329850554763,SL,-1.0,0.6108311741011492,-1.0623150853933183,0.8038274577201917,0.7722927478858825,1.5445854957717269,0.00546448087431694
UNI,EARLY_RECLAIM_LEGACY_STOP,2026-06-02 10:30:00+00:00,2026-06-02 14:15:00+00:00,SHORT,2.91,2.954498507341015,2.8543768658237316,TP,1.25,2.5618836858135445,-0.31461729474902617,0.22958521505921312,0.8485616129161235,0.5455038940174927,0.745
UNI,EARLY_RECLAIM_LEGACY_STOP,2026-06-04 07:00:00+00:00,2026-06-05 02:45:00+00:00,SHORT,2.697,2.797374335306943,2.571532080866321,TP,1.25,1.3350026138676794,-0.07970164858911533,1.0564623301924052,0.35243116329681384,1.0925366062201356,0.895
UNI,EARLY_RECLAIM_LEGACY_STOP,2026-06-05 11:30:00+00:00,2026-06-05 15:30:00+00:00,SHORT,2.522,2.602864889525347,2.4209188880933157,TP,1.25,1.38502631559143,-0.25969243417339827,0.6865278787086242,0.6235949728542617,0.9007482941228037,1.0
UNI,EARLY_RECLAIM_LEGACY_STOP,2026-06-10 08:00:00+00:00,2026-06-10 13:30:00+00:00,SHORT,2.451,2.4822471472550536,2.4119410659311833,SL,-1.0,0.9920905658031423,-2.0481869745613186,0.3925825469491313,0.163303335736001,1.3880783537558454,0.62
UNI,EARLY_RECLAIM_LEGACY_STOP,2026-07-04 19:30:00+00:00,2026-07-04 23:15:00+00:00,LONG,3.251,3.193732619754179,3.322584225307276,SL,-1.0,0.05238584316451308,-1.0302549155687133,0.8758599419157437,0.8686899683946019,1.447816613991029,0.805
UNI,EARLY_RECLAIM_LEGACY_STOP,2026-07-08 00:30:00+00:00,2026-07-08 02:00:00+00:00,LONG,3.241,3.1526848908678082,3.3513938864152397,SL,-1.0,0.38498508730944225,-1.143632171125114,1.0639365185614444,1.2547552348559812,1.6132567305291188,0.555
UNI,EARLY_RECLAIM_LEGACY_STOP,2026-07-09 05:00:00+00:00,2026-07-10 01:30:00+00:00,LONG,3.329,3.211194614580273,3.476256731774659,TP,1.25,1.3496836280743976,-0.3055887459791095,1.0528522560984799,1.1633250002074196,1.3519722975383437,0.51
UNI,EARLY_RECLAIM_LEGACY_STOP,2026-07-10 08:00:00+00:00,2026-07-10 10:15:00+00:00,LONG,3.509,3.42798498202017,3.6102687724747873,TP,1.25,1.2590258268583607,-0.024686780918788592,0.6251240305513712,0.33314802924504683,1.2585592215924228,0.615
UNI,EARLY_RECLAIM_LEGACY_STOP,2026-07-15 05:30:00+00:00,2026-07-15 07:15:00+00:00,LONG,3.678,3.6042462615119466,3.7701921731100665,SL,-1.0,0.16270361673861153,-1.0982494129856262,0.678938485039668,0.8673136172724407,1.3973386056056107,0.695
UNI,EARLY_RECLAIM_LEGACY_STOP,2026-07-16 05:00:00+00:00,2026-07-16 23:00:00+00:00,LONG,3.699,3.5909635069140093,3.834045616357488,SL,-1.0,0.45355044948561357,-1.1847848476358764,0.6825227150061474,0.08320681360815603,1.2064987973183918,0.645
UNI,EARLY_RECLAIM_LEGACY_STOP,2026-07-21 13:00:00+00:00,2026-07-21 14:15:00+00:00,LONG,3.7,3.6580263167742015,3.7524671040322484,SL,-1.0,0.2620689716655281,-1.3103448583276829,0.4730606850862657,0.8681898637739558,0.9349736994488663,0.345
UNI,EARLY_RECLAIM_LEGACY_STOP,2026-07-24 09:30:00+00:00,2026-07-25 03:30:00+00:00,LONG,3.854,3.7463244875543853,3.9885943905570187,SL,-1.0,0.01857432534634974,-1.0030135687029973,0.9349557328699284,0.6889421258208206,1.2157802220367593,0.56
UNI,EARLY_RECLAIM_LEGACY_STOP,2026-07-27 01:30:00+00:00,2026-07-27 14:30:00+00:00,LONG,3.873,3.810813959037341,3.9507325512033242,SL,-1.0,1.0452506542268951,-1.0934929921142922,0.11429073556388789,0.4248080146669804,1.5576293871121987,0.505
UNI,EARLY_RECLAIM_LEGACY_STOP,2026-07-30 06:15:00+00:00,2026-07-30 11:00:00+00:00,LONG,4.002,3.9377487100532234,4.082314112433471,TP,1.25,1.431877866984619,-0.700375043633776,0.37766871688762926,0.5544271215256068,1.5444755528213445,0.275
UNI,EARLY_RECLAIM_LEGACY_STOP,2026-08-02 19:00:00+00:00,2026-08-03 00:00:00+00:00,LONG,4.196,4.126938483076033,4.282326896154958,SL,-1.0,1.1149479975189878,-1.6651820742166614,0.13980729816864637,1.2194438357878503,1.1824909922791473,0.385
UNI,EARLY_RECLAIM_LEGACY_STOP,2026-08-14 23:45:00+00:00,2026-08-15 00:00:00+00:00,SHORT,3.198,3.2219883581276663,3.1680145523404173,SL,-1.0,0.08337377611905565,-1.0004853134287788,0.23923875303715958,0.28595207268026934,0.857856218040808,0.985
UNI,EARLY_RECLAIM_LEGACY_STOP,2026-08-15 01:45:00+00:00,2026-08-15 02:15:00+00:00,SHORT,3.215,3.254382510700152,3.1657718616248096,SL,-1.0,0.0,-1.1172472048571043,0.0045021435564330725,0.910124509119429,1.6902312312217844,0.995
UNI,EARLY_RECLAIM_LEGACY_STOP,2026-08-15 22:45:00+00:00,2026-08-16 07:45:00+00:00,SHORT,3.237,3.2667840812899835,3.1997698983875207,SL,-1.0,0.8393745557096486,-1.2422743424502818,0.517645828368453,0.9198615315281492,1.0220683683646001,0.975
UNI,EARLY_RECLAIM_LEGACY_STOP,2026-08-25 07:00:00+00:00,2026-08-25 07:45:00+00:00,LONG,4.393,4.306648853067278,4.500938933665902,SL,-1.0,0.3705799070038068,-1.3317715407949318,0.15813682507230312,0.36773912950380333,1.5275317687081256,0.79
UNI,EARLY_RECLAIM_LEGACY_STOP,2026-08-30 10:30:00+00:00,2026-08-30 11:15:00+00:00,LONG,4.885,4.736273339844926,5.070908325193842,TP,1.25,1.2573401420096435,-0.06051369667425715,0.7321316323220676,1.9004325318566988,1.4309139063391634,0.685
UNI,EARLY_RECLAIM_STRUCTURE_STOP,2026-04-01 20:30:00+00:00,2026-04-01 22:15:00+00:00,LONG,3.619,3.58490014044108,3.6616248244486505,SL,-1.0,0.5571870455117277,-1.7595380384581183,0.3082787750575201,0.1756778984138559,1.581101085724651,
UNI,EARLY_RECLAIM_STRUCTURE_STOP,2026-04-03 22:00:00+00:00,2026-04-04 08:45:00+00:00,SHORT,3.162,3.1897443867231594,3.1273195165960503,TP,1.25,2.018426305788707,-0.6127365571144249,0.6816473592859638,0.8393175899341595,1.1750446259077785,
UNI,EARLY_RECLAIM_STRUCTURE_STOP,2026-04-04 14:30:00+00:00,2026-04-04 19:00:00+00:00,SHORT,3.12,3.148411370495396,3.084485786880755,SL,-1.0,0.6335491631041583,-1.1967039747522765,0.9095329353069411,1.4078870291203245,1.1439082111602539,
UNI,EARLY_RECLAIM_STRUCTURE_STOP,2026-04-07 14:00:00+00:00,2026-04-07 17:30:00+00:00,SHORT,3.041,3.0803746394215263,2.991781700723092,SL,-1.0,0.761911739148488,-1.117470550751124,1.0122015858836553,1.0793749637936896,1.3333455435098533,
UNI,EARLY_RECLAIM_STRUCTURE_STOP,2026-04-22 13:00:00+00:00,2026-04-22 15:30:00+00:00,LONG,3.392,3.3588138658380293,3.4334826677024632,TP,1.25,1.386121076214826,-0.06026613374846371,0.834932780158721,0.4953117295887656,2.193523373893078,0.027210884353741496
UNI,EARLY_RECLAIM_STRUCTURE_STOP,2026-04-28 12:15:00+00:00,2026-04-28 18:15:00+00:00,SHORT,3.211,3.2401340298890458,3.1745824626386927,SL,-1.0,0.7894548089499783,-1.372964885130417,0.8038274577201917,0.7722927478858825,1.5445854957717269,0.00546448087431694
UNI,EARLY_RECLAIM_STRUCTURE_STOP,2026-05-06 15:45:00+00:00,2026-05-07 01:00:00+00:00,LONG,3.478,3.4145226489575338,3.5573466888030834,SL,-1.0,0.22055110634080763,-1.2917993371390402,0.4926922000240719,0.9846031533072047,1.3784444146300725,0.775
UNI,EARLY_RECLAIM_STRUCTURE_STOP,2026-05-10 12:30:00+00:00,2026-05-10 13:00:00+00:00,LONG,3.98,3.887014904290446,4.096231369636943,TP,1.25,1.2797749907329832,-0.06452647012098829,1.0937517443000129,2.2853124834517473,1.236757343985659,1.0
UNI,EARLY_RECLAIM_STRUCTURE_STOP,2026-06-02 10:30:00+00:00,2026-06-02 14:00:00+00:00,SHORT,2.91,2.93472402977166,2.8790949627854254,TP,1.25,1.4156268344296903,-0.5662507337718653,0.22958521505921312,0.8485616129161235,0.5455038940174927,0.745
UNI,EARLY_RECLAIM_STRUCTURE_STOP,2026-06-04 07:00:00+00:00,2026-06-04 09:30:00+00:00,SHORT,2.697,2.760443317949513,2.617695852563109,TP,1.25,1.3555407059327702,-0.07881050615888045,1.0564623301924052,0.35243116329681384,1.0925366062201356,0.895
UNI,EARLY_RECLAIM_STRUCTURE_STOP,2026-06-04 17:15:00+00:00,2026-06-05 02:30:00+00:00,SHORT,2.651,2.713963714256759,2.5722953571790503,TP,1.25,1.254690910987971,-0.6035222103486503,0.6682478922081422,0.7146973543602487,0.8735189886625243,0.945
UNI,EARLY_RECLAIM_STRUCTURE_STOP,2026-06-05 11:30:00+00:00,2026-06-05 14:00:00+00:00,SHORT,2.522,2.587762178191476,2.439797277260655,TP,1.25,1.505424587849674,-0.31933248833175515,0.6865278787086242,0.6235949728542617,0.9007482941228037,1.0
UNI,EARLY_RECLAIM_STRUCTURE_STOP,2026-06-10 08:00:00+00:00,2026-06-10 12:30:00+00:00,SHORT,2.451,2.477960645715785,2.4172991928552694,SL,-1.0,1.149824092746061,-1.149824092746061,0.3925825469491313,0.163303335736001,1.3880783537558454,0.62
UNI,EARLY_RECLAIM_STRUCTURE_STOP,2026-07-04 19:30:00+00:00,2026-07-04 23:00:00+00:00,LONG,3.251,3.2087762028402165,3.303779746449729,SL,-1.0,0.07104998133274242,-1.2788996639893109,0.8758599419157437,0.8686899683946019,1.447816613991029,0.805
UNI,EARLY_RECLAIM_STRUCTURE_STOP,2026-07-08 00:30:00+00:00,2026-07-08 01:30:00+00:00,LONG,3.241,3.185212227169521,3.310734716038099,SL,-1.0,0.6094525426443298,-1.2547552348559854,1.0639365185614444,1.2547552348559812,1.6132567305291188,0.555
UNI,EARLY_RECLAIM_STRUCTURE_STOP,2026-07-08 10:30:00+00:00,2026-07-09 06:30:00+00:00,LONG,3.299,3.1953680817585552,3.428539897801806,TP,1.25,1.3026874566335178,-0.7140657169694811,0.9015141451832986,1.4474305073705758,1.3268112984230305,0.55
UNI,EARLY_RECLAIM_STRUCTURE_STOP,2026-07-10 08:00:00+00:00,2026-07-10 09:15:00+00:00,LONG,3.509,3.4574402383131106,3.5734497021086113,TP,1.25,1.4740176741221351,-0.038789938792683464,0.6251240305513712,0.33314802924504683,1.2585592215924228,0.615
UNI,EARLY_RECLAIM_STRUCTURE_STOP,2026-07-15 05:30:00+00:00,2026-07-15 07:00:00+00:00,LONG,3.678,3.633510069982765,3.7336124125215435,SL,-1.0,0.2697239576540439,-1.1013728270873435,0.678938485039668,0.8673136172724407,1.3973386056056107,0.695
UNI,EARLY_RECLAIM_STRUCTURE_STOP,2026-07-16 05:00:00+00:00,2026-07-16 07:30:00+00:00,LONG,3.699,3.657376279494106,3.7510296506323675,SL,-1.0,0.4564704877188881,-1.1051390755299277,0.6825227150061474,0.08320681360815603,1.2064987973183918,0.645
UNI,EARLY_RECLAIM_STRUCTURE_STOP,2026-07-16 13:15:00+00:00,2026-07-16 15:00:00+00:00,LONG,3.712,3.6422021414969508,3.799247323128812,SL,-1.0,0.5157751365455892,-1.2894378413639762,0.8084424438970781,0.680536638497655,1.7192504551519605,0.7
UNI,EARLY_RECLAIM_STRUCTURE_STOP,2026-07-21 06:30:00+00:00,2026-07-21 14:00:00+00:00,LONG,3.705,3.6659165136673826,3.753854357915772,SL,-1.0,0.8955188823774548,-1.100208912635158,0.8945328104103734,0.3477666337799321,0.7948951629255465,0.24
UNI,EARLY_RECLAIM_STRUCTURE_STOP,2026-07-24 09:30:00+00:00,2026-07-24 12:45:00+00:00,LONG,3.854,3.8069609169103504,3.9127988538620624,SL,-1.0,0.02125891778319818,-1.2117583136424284,0.9349557328699284,0.6889421258208206,1.2157802220367593,0.56
UNI,EARLY_RECLAIM_STRUCTURE_STOP,2026-07-27 01:30:00+00:00,2026-07-27 14:30:00+00:00,LONG,3.873,3.8200348975933536,3.9392063780083086,SL,-1.0,1.2272231534823395,-1.2838642221046035,0.11429073556388789,0.4248080146669804,1.5576293871121987,0.505
UNI,EARLY_RECLAIM_STRUCTURE_STOP,2026-07-30 06:15:00+00:00,2026-07-30 11:00:00+00:00,LONG,4.002,3.9465866615345955,4.071266673081755,TP,1.25,1.6602500868529702,-0.8120788468302512,0.37766871688762926,0.5544271215256068,1.5444755528213445,0.275
UNI,EARLY_RECLAIM_STRUCTURE_STOP,2026-08-02 19:00:00+00:00,2026-08-02 21:45:00+00:00,LONG,4.196,4.136410013999422,4.270487482500722,TP,1.25,1.2921634181832689,-0.1006880585597242,0.13980729816864637,1.2194438357878503,1.1824909922791473,0.385
UNI,EARLY_RECLAIM_STRUCTURE_STOP,2026-08-14 23:45:00+00:00,2026-08-15 00:00:00+00:00,SHORT,3.198,3.2170924327829833,3.174134459021271,SL,-1.0,0.10475354412573004,-1.2570425295089,0.23923875303715958,0.28595207268026934,0.857856218040808,0.985
UNI,EARLY_RECLAIM_STRUCTURE_STOP,2026-08-15 01:45:00+00:00,2026-08-15 02:15:00+00:00,SHORT,3.215,3.2489986319550987,3.1725017100561264,SL,-1.0,0.0,-1.2941697200672573,0.0045021435564330725,0.910124509119429,1.6902312312217844,0.995
UNI,EARLY_RECLAIM_STRUCTURE_STOP,2026-08-15 22:45:00+00:00,2026-08-16 07:45:00+00:00,SHORT,3.237,3.261460203224958,3.2064247459688024,SL,-1.0,1.022068368364618,-1.5126611851796365,0.517645828368453,0.9198615315281492,1.0220683683646001,0.975
UNI,EARLY_RECLAIM_STRUCTURE_STOP,2026-08-17 05:00:00+00:00,2026-08-17 10:45:00+00:00,SHORT,3.27,3.304081661965456,3.2273979225431804,SL,-1.0,1.0856278088052764,-1.026945224545538,0.5548801532837762,0.21471840808624282,1.4314560539082324,0.92
UNI,EARLY_RECLAIM_STRUCTURE_STOP,2026-08-25 07:00:00+00:00,2026-08-25 07:45:00+00:00,LONG,4.393,4.319021754493731,4.485472806882836,SL,-1.0,0.43255959614895606,-1.5545110486603124,0.15813682507230312,0.36773912950380333,1.5275317687081256,0.79
UNI,EARLY_RECLAIM_STRUCTURE_STOP,2026-08-30 10:30:00+00:00,2026-08-30 11:00:00+00:00,LONG,4.885,4.773183349612316,5.024770812984604,TP,1.25,1.377254634851439,-0.08048890723157276,0.7321316323220676,1.9004325318566988,1.4309139063391634,0.685
XRP,LEGACY_BASELINE,2026-04-17 10:00:00+00:00,2026-04-17 13:00:00+00:00,LONG,1.443,1.416906520242287,1.4756168496971414,TP,1.25,1.3260017568094753,-0.4253936271845473,0.33355433516144684,0.46200190220604676,1.6632068479418505,0.8362068965517241
XRP,LEGACY_BASELINE,2026-05-11 16:15:00+00:00,2026-05-12 13:45:00+00:00,LONG,1.4788,1.440456640468939,1.5267291994138261,SL,-1.0,0.13561670295967967,-1.2179423131186387,1.209726039086361,0.8136003468169952,1.0331432975453962,0.885
XRP,LEGACY_BASELINE,2026-05-23 06:30:00+00:00,2026-05-23 07:45:00+00:00,SHORT,1.333,1.3452222091094468,1.3177222386131915,TP,1.25,3.1009124177646634,-0.024545480879400935,0.5862099087944251,0.9620728806555126,0.7137960082283012,0.915
XRP,LEGACY_BASELINE,2026-06-03 21:00:00+00:00,2026-06-04 01:45:00+00:00,SHORT,1.2021,1.2369373453487125,1.1585533183141092,TP,1.25,1.3319040109270206,-0.510945935226315,0.9955922924559999,0.13734148669960727,1.7739942032031104,1.0
XRP,LEGACY_BASELINE,2026-06-04 07:00:00+00:00,2026-06-05 03:00:00+00:00,SHORT,1.1816,1.2208447224279324,1.1325440969650844,TP,1.25,1.2587679806046852,-0.06370283302655168,1.186676866255368,0.6035116482769869,1.0693802890521975,1.0
XRP,LEGACY_BASELINE,2026-06-05 04:15:00+00:00,2026-06-05 06:15:00+00:00,SHORT,1.1457,1.183405820176426,1.0985677247794674,TP,1.25,1.4639649725617545,-0.0742590928111072,0.30906594246867514,0.869015453993576,1.4012874195646545,1.0
XRP,LEGACY_BASELINE,2026-06-05 06:30:00+00:00,2026-06-06 05:00:00+00:00,SHORT,1.1188,1.1733527581191434,1.0506090523510707,TP,1.25,1.2794953437103338,-0.4912675531724473,1.2868785424510174,1.8238468295518544,1.5812250036023043,1.0
XRP,LEGACY_BASELINE,2026-08-21 14:15:00+00:00,2026-08-22 01:15:00+00:00,LONG,1.3959,1.325540448107913,1.4838494398651085,TP,1.25,1.2606674945292777,-0.4874959984481874,0.6699914745644754,0.8567595468507714,0.7163071621211418,1.0
XRP,EARLY_RECLAIM_LEGACY_STOP,2026-03-31 14:45:00+00:00,2026-03-31 19:45:00+00:00,SHORT,1.3139,1.345142414198254,1.2748469822521826,SL,-1.0,0.019204661848241197,-1.0370517398047545,0.8220709138814927,0.7778274020812598,2.030993772101124,
XRP,EARLY_RECLAIM_LEGACY_STOP,2026-04-04 11:15:00+00:00,2026-04-05 06:00:00+00:00,SHORT,1.3117,1.3223504365442629,1.2983869543196715,TP,1.25,1.5304536985181627,-0.967096508879574,0.6687311820447626,0.5105434575246156,1.9996285419713247,
XRP,EARLY_RECLAIM_LEGACY_STOP,2026-04-14 08:30:00+00:00,2026-04-14 13:45:00+00:00,LONG,1.3723,1.3557778692525908,1.3929526634342617,TP,1.25,1.271022504363899,-0.4841990492814879,1.1380572961852737,0.024862443883607175,1.2431221941805244,
XRP,EARLY_RECLAIM_LEGACY_STOP,2026-04-16 15:00:00+00:00,2026-04-17 13:00:00+00:00,LONG,1.422,1.3827499484889982,1.471062564388752,TP,1.25,1.416558650487772,-0.21656022534435204,1.1191964254874336,1.6864770949054604,1.8378276034226262,0.7837837837837838
XRP,EARLY_RECLAIM_LEGACY_STOP,2026-04-17 22:30:00+00:00,2026-04-18 04:00:00+00:00,LONG,1.4846,1.465074002111178,1.5090074973610272,SL,-1.0,0.1177916751346618,-1.1164602251893012,0.4094358486337852,0.37889430254185585,1.094583540676507,0.8487394957983193
XRP,EARLY_RECLAIM_LEGACY_STOP,2026-04-21 14:30:00+00:00,2026-04-21 17:15:00+00:00,LONG,1.441,1.4201107675077158,1.4671115406153554,SL,-1.0,0.02872293178897563,-1.3643392599764914,1.0549831718342666,1.7204764610507943,1.6070384526298347,0.45390070921985815
XRP,EARLY_RECLAIM_LEGACY_STOP,2026-04-22 11:45:00+00:00,2026-04-22 19:00:00+00:00,LONG,1.4535,1.444384546582417,1.4648943167719788,SL,-1.0,0.9544231758365732,-1.2835346157802343,0.8426544836118909,0.9048536119041822,1.11598612134846,0.1917808219178082
XRP,EARLY_RECLAIM_LEGACY_STOP,2026-05-22 05:45:00+00:00,2026-05-22 14:00:00+00:00,SHORT,1.3677,1.3789422370679993,1.3536472036650007,TP,1.25,1.3876241806361302,-0.17790053597899308,0.8116560644738995,0.5810175070720486,1.7140016458625464,0.855
XRP,EARLY_RECLAIM_LEGACY_STOP,2026-05-28 10:45:00+00:00,2026-05-28 14:00:00+00:00,SHORT,1.2878,1.2997435933604193,1.272870508299476,SL,-1.0,0.38514372192580043,-1.1219404073490198,0.5559234129950611,0.9661623185297108,1.2253765991108247,0.835
XRP,EARLY_RECLAIM_LEGACY_STOP,2026-06-01 21:00:00+00:00,2026-06-02 02:00:00+00:00,SHORT,1.2948,1.3091200445634674,1.2768999442956657,TP,1.25,1.9273683037559453,-0.4120098910202961,0.35225960419481006,0.9321945885967742,1.228801957695765,0.2
XRP,EARLY_RECLAIM_LEGACY_STOP,2026-06-02 13:30:00+00:00,2026-06-02 14:15:00+00:00,SHORT,1.2623,1.2732345018876678,1.248631872640415,TP,1.25,3.2740403145730808,-0.23777946418686555,0.306064801626164,0.15104104323758957,1.2730602215741131,0.7
XRP,EARLY_RECLAIM_LEGACY_STOP,2026-06-05 11:00:00+00:00,2026-06-05 16:00:00+00:00,SHORT,1.1247,1.1560748009056347,1.0854814988679566,TP,1.25,1.3131557431684249,-0.40478344510288494,0.6598231592972404,1.441554845388698,1.2888073121024728,1.0
XRP,EARLY_RECLAIM_LEGACY_STOP,2026-06-05 23:15:00+00:00,2026-06-06 05:00:00+00:00,SHORT,1.0949,1.1311487542390095,1.049589057201238,TP,1.25,1.2662504122860097,-0.5158797975980016,0.84402393008118,0.7861117298975857,1.1092909966332587,1.0
XRP,EARLY_RECLAIM_LEGACY_STOP,2026-06-06 10:00:00+00:00,2026-06-07 01:15:00+00:00,SHORT,1.0815,1.113292480621896,1.0417593992226297,SL,-1.0,0.30510359085724315,-1.0379812884834283,1.0798341381038452,1.7617966265601275,1.2822543495082457,1.0
XRP,EARLY_RECLAIM_LEGACY_STOP,2026-06-10 08:00:00+00:00,2026-06-10 13:30:00+00:00,SHORT,1.1122,1.1279995523563608,1.092450559554549,SL,-1.0,0.7595151893761667,-1.5316889652419348,0.8557492646907066,0.1915076015233559,1.3192745882718238,0.48
XRP,EARLY_RECLAIM_LEGACY_STOP,2026-06-19 16:45:00+00:00,2026-06-20 05:00:00+00:00,SHORT,1.1296,1.1477546334516768,1.1069067081854038,SL,-1.0,0.16524707083649712,-1.3605342165538845,0.8330538454162537,1.5489489931888365,1.3244636318571001,0.215
XRP,EARLY_RECLAIM_LEGACY_STOP,2026-06-21 20:15:00+00:00,2026-06-21 21:00:00+00:00,SHORT,1.1416,1.154269829896095,1.1257627126298813,TP,1.25,1.7600867717153117,-0.10260595530179575,0.9410692472218328,1.2378536038215018,1.5961796470329472,0.05
XRP,EARLY_RECLAIM_LEGACY_STOP,2026-06-23 01:30:00+00:00,2026-06-23 05:15:00+00:00,SHORT,1.1274,1.1378755593868366,1.114305550766454,TP,1.25,1.3650822330279608,-0.24819676964144166,0.5951434542838177,0.2699016001466357,1.4231175280460608,0.07
XRP,EARLY_RECLAIM_LEGACY_STOP,2026-06-26 01:00:00+00:00,2026-06-26 02:00:00+00:00,SHORT,1.0376,1.052930117365294,1.0184373532933826,TP,1.25,1.441606706158194,-0.04566175087378391,0.5902422153744041,1.1179852561763,1.117985256176346,0.805
XRP,EARLY_RECLAIM_LEGACY_STOP,2026-07-12 09:15:00+00:00,2026-07-12 14:45:00+00:00,SHORT,1.0904,1.1019367055296945,1.075979118087882,SL,-1.0,0.0,-1.152842114741238,1.02730800786545,1.1554729364434508,1.1554729364434508,0.06
XRP,EARLY_RECLAIM_LEGACY_STOP,2026-07-13 10:30:00+00:00,2026-07-13 13:45:00+00:00,SHORT,1.0764,1.0855539325680967,1.064957584289879,TP,1.25,1.2672149279784273,-0.46974346468165296,0.6423168001256351,0.9811023677644766,0.9811023677644766,0.29
XRP,EARLY_RECLAIM_LEGACY_STOP,2026-07-14 02:15:00+00:00,2026-07-14 12:15:00+00:00,SHORT,1.0624,1.073715576881179,1.0482555288985262,SL,-1.0,0.1767475066451596,-1.1046719165322425,0.6123422001773574,1.538193859702142,1.1159445648819828,0.66
XRP,EARLY_RECLAIM_LEGACY_STOP,2026-07-17 09:45:00+00:00,2026-07-17 13:00:00+00:00,SHORT,1.0846,1.094954793470997,1.071656508161254,TP,1.25,1.2747719244205558,-0.3090356180413533,0.2792398822567014,0.6656537168933656,0.7924449010635171,0.275
XRP,EARLY_RECLAIM_LEGACY_STOP,2026-07-18 12:15:00+00:00,2026-07-18 17:45:00+00:00,SHORT,1.0857,1.0931348502498779,1.076406437187653,SL,-1.0,0.43040544092366845,-1.089463772338004,0.8409719150306073,0.46515227731792114,1.6538747637972824,0.075
XRP,EARLY_RECLAIM_LEGACY_STOP,2026-07-25 11:30:00+00:00,2026-07-25 13:45:00+00:00,SHORT,1.0889,1.092500286544362,1.0843996418195474,SL,-1.0,0.1111022678531917,-1.1387982454953383,0.21209132404830003,0.26661573517614423,1.266424742086833,0.335
XRP,EARLY_RECLAIM_LEGACY_STOP,2026-07-31 20:45:00+00:00,2026-08-01 18:45:00+00:00,SHORT,1.0615,1.0733152618436412,1.0467309226954487,TP,1.25,1.2780080712410795,-0.4485723693759929,0.8624141554962853,0.5683307943854844,0.7814548422801199,0.16
XRP,EARLY_RECLAIM_LEGACY_STOP,2026-08-10 08:30:00+00:00,2026-08-10 16:00:00+00:00,SHORT,1.0328,1.0430178755630917,1.0200276555461354,TP,1.25,1.3310007462925828,-0.24466925483321486,0.7698223082219813,1.6236587286523043,1.457979266544949,0.51
XRP,EARLY_RECLAIM_LEGACY_STOP,2026-08-11 12:15:00+00:00,2026-08-11 14:45:00+00:00,SHORT,1.0056,1.0122734379954634,0.9972582025056709,TP,1.25,2.547412594760999,-0.7642237784282814,0.4022778374040436,1.0107389005042253,1.6171822408067964,0.975
XRP,EARLY_RECLAIM_LEGACY_STOP,2026-08-14 16:45:00+00:00,2026-08-14 22:15:00+00:00,SHORT,1.0017,1.0116350741963425,0.989281157254572,TP,1.25,1.7413055663307404,-0.24156840226553225,0.6305282176630846,2.120600606651246,1.3893590181508193,1.0
XRP,EARLY_RECLAIM_LEGACY_STOP,2026-08-15 16:00:00+00:00,2026-08-15 22:15:00+00:00,SHORT,1.0012,1.0046779401779065,0.9968525747776171,SL,-1.0,0.40253711345973525,-1.0926007365334576,0.3113654139261602,0.08489395461297637,0.8489395461297637,0.985
XRP,EARLY_RECLAIM_LEGACY_STOP,2026-08-21 21:15:00+00:00,2026-08-21 22:30:00+00:00,LONG,1.392,1.3466615837945395,1.4486730202568254,TP,1.25,1.2836796004574726,-0.002205635052332183,0.6450091336205322,1.3723007658942208,0.9572634610872034,1.0
XRP,EARLY_RECLAIM_LEGACY_STOP,2026-08-23 23:15:00+00:00,2026-08-24 01:45:00+00:00,LONG,1.5234,1.4726563246424704,1.5868295941969122,SL,-1.0,0.12809478135358282,-1.148911654294452,0.6515171911677938,0.4001715893036736,0.990255119293845,1.0
XRP,EARLY_RECLAIM_LEGACY_STOP,2026-08-27 19:45:00+00:00,2026-08-28 02:45:00+00:00,LONG,1.4567,1.4229357519330224,1.4989053100837224,SL,-1.0,0.45314203265091035,-1.0010588695164002,0.4466802293145474,1.3283324239860754,1.1372054565060647,0.78
XRP,EARLY_RECLAIM_STRUCTURE_STOP,2026-03-31 14:45:00+00:00,2026-03-31 16:30:00+00:00,SHORT,1.3139,1.3312560354956346,1.292204955630457,SL,-1.0,0.034570106759177176,-1.3309491102279694,0.8220709138814927,0.7778274020812598,2.030993772101124,
XRP,EARLY_RECLAIM_STRUCTURE_STOP,2026-04-03 22:45:00+00:00,2026-04-04 10:15:00+00:00,SHORT,1.316,1.3230424952722184,1.3071968809097272,TP,1.25,1.2637566169351062,-0.5679805019932983,0.45511380970530685,0.5764306768907279,1.7899689440290953,
XRP,EARLY_RECLAIM_STRUCTURE_STOP,2026-04-04 11:15:00+00:00,2026-04-04 19:00:00+00:00,SHORT,1.3117,1.3166277837537708,1.3055402703077867,SL,-1.0,1.2378789948589675,-1.8263788448738674,0.6687311820447626,0.5105434575246156,1.9996285419713247,
XRP,EARLY_RECLAIM_STRUCTURE_STOP,2026-04-14 08:30:00+00:00,2026-04-14 13:45:00+00:00,LONG,1.3723,1.3633856150141843,1.3834429812322697,TP,1.25,2.3557429966749623,-0.8974259034952284,1.1380572961852737,0.024862443883607175,1.2431221941805244,
XRP,EARLY_RECLAIM_STRUCTURE_STOP,2026-04-16 15:00:00+00:00,2026-04-16 19:15:00+00:00,LONG,1.422,1.3988748712224959,1.45090641097188,TP,1.25,1.3491816759243838,-0.36756552068452414,1.1191964254874336,1.6864770949054604,1.8378276034226262,0.7837837837837838
XRP,EARLY_RECLAIM_STRUCTURE_STOP,2026-04-17 22:30:00+00:00,2026-04-18 02:00:00+00:00,LONG,1.4846,1.4699681013722656,1.5028898732846678,SL,-1.0,0.15719081019606138,-1.1276732035803438,0.4094358486337852,0.37889430254185585,1.094583540676507,0.8487394957983193
XRP,EARLY_RECLAIM_STRUCTURE_STOP,2026-04-21 14:30:00+00:00,2026-04-21 15:00:00+00:00,LONG,1.441,1.4277769187692895,1.4575288515383882,SL,-1.0,0.04537520336836733,-1.0890048808409336,1.0549831718342666,1.7204764610507943,1.6070384526298347,0.45390070921985815
XRP,EARLY_RECLAIM_STRUCTURE_STOP,2026-04-22 11:45:00+00:00,2026-04-22 16:30:00+00:00,LONG,1.4535,1.445644955278571,1.4633188059017863,SL,-1.0,1.1075684873271185,-1.0057231091821066,0.8426544836118909,0.9048536119041822,1.11598612134846,0.1917808219178082
XRP,EARLY_RECLAIM_STRUCTURE_STOP,2026-05-22 05:45:00+00:00,2026-05-22 07:00:00+00:00,SHORT,1.3677,1.3763055926699983,1.3569430091625019,TP,1.25,1.3479606164071452,-0.1743052521216227,0.8116560644738995,0.5810175070720486,1.7140016458625464,0.855
XRP,EARLY_RECLAIM_STRUCTURE_STOP,2026-05-22 13:30:00+00:00,2026-05-22 15:15:00+00:00,SHORT,1.3601,1.3701920305996673,1.347484961750416,TP,1.25,1.3575067836647043,-0.2774466419168644,0.5468381462616383,0.27249223759690155,1.9322176847782493,0.845
XRP,EARLY_RECLAIM_STRUCTURE_STOP,2026-05-28 10:45:00+00:00,2026-05-28 13:45:00+00:00,SHORT,1.2878,1.2982583356842727,1.2747270803946593,SL,-1.0,0.43984053857801414,-1.070916093929029,0.5559234129950611,0.9661623185297108,1.2253765991108247,0.835
XRP,EARLY_RECLAIM_STRUCTURE_STOP,2026-06-01 21:00:00+00:00,2026-06-02 01:30:00+00:00,SHORT,1.2948,1.3039680289662539,1.2833399637921825,TP,1.25,1.7233802443423105,-0.6435407241531416,0.35225960419481006,0.9321945885967742,1.228801957695765,0.2
XRP,EARLY_RECLAIM_STRUCTURE_STOP,2026-06-02 13:30:00+00:00,2026-06-02 14:00:00+00:00,SHORT,1.2623,1.2716124262269841,1.2506594672162699,TP,1.25,1.2671241320342255,-0.27919684265160133,0.306064801626164,0.15104104323758957,1.2730602215741131,0.7
XRP,EARLY_RECLAIM_STRUCTURE_STOP,2026-06-05 11:00:00+00:00,2026-06-05 15:45:00+00:00,SHORT,1.1247,1.1508870022640874,1.091966247169891,TP,1.25,1.2601671496113214,-0.48497341818374634,0.6598231592972404,1.441554845388698,1.2888073121024728,1.0
XRP,EARLY_RECLAIM_STRUCTURE_STOP,2026-06-05 23:15:00+00:00,2026-06-06 04:30:00+00:00,SHORT,1.0949,1.123521885597524,1.059122643003095,TP,1.25,1.5302975008672768,-0.6533461932926471,0.84402393008118,0.7861117298975857,1.1092909966332587,1.0
XRP,EARLY_RECLAIM_STRUCTURE_STOP,2026-06-06 10:00:00+00:00,2026-06-06 14:00:00+00:00,SHORT,1.0815,1.1054812015547404,1.0515234980565742,SL,-1.0,0.40448348586113164,-1.0049538153869544,1.0798341381038452,1.7617966265601275,1.2822543495082457,1.0
XRP,EARLY_RECLAIM_STRUCTURE_STOP,2026-06-10 08:00:00+00:00,2026-06-10 12:30:00+00:00,SHORT,1.1122,1.1223547090316346,1.099506613710457,SL,-1.0,1.1817177589842256,-1.1620224630011573,0.8557492646907066,0.1915076015233559,1.3192745882718238,0.48
XRP,EARLY_RECLAIM_STRUCTURE_STOP,2026-06-19 16:45:00+00:00,2026-06-20 00:30:00+00:00,SHORT,1.1296,1.140736583629192,1.11567927046351,SL,-1.0,0.2693824335980423,-1.140385635565101,0.8330538454162537,1.5489489931888365,1.3244636318571001,0.215
XRP,EARLY_RECLAIM_STRUCTURE_STOP,2026-06-21 20:15:00+00:00,2026-06-21 21:00:00+00:00,SHORT,1.1416,1.149274574740237,1.1320067815747035,TP,1.25,2.9056984594967843,-0.16939049315453142,0.9410692472218328,1.2378536038215018,1.5961796470329472,0.05
XRP,EARLY_RECLAIM_STRUCTURE_STOP,2026-06-23 01:30:00+00:00,2026-06-23 04:45:00+00:00,SHORT,1.1274,1.135949113601444,1.116713607998195,TP,1.25,1.3334715774597254,-0.3041250966136179,0.5951434542838177,0.2699016001466357,1.4231175280460608,0.07
XRP,EARLY_RECLAIM_STRUCTURE_STOP,2026-06-26 01:00:00+00:00,2026-06-26 02:00:00+00:00,SHORT,1.0376,1.0496752934132352,1.0225058832334561,TP,1.25,1.8301832712219936,-0.05796960587580335,0.5902422153744041,1.1179852561763,1.117985256176346,0.805
XRP,EARLY_RECLAIM_STRUCTURE_STOP,2026-07-12 09:15:00+00:00,2026-07-12 09:30:00+00:00,SHORT,1.0904,1.0960188585943016,1.083376426757123,SL,-1.0,0.0,-1.06783253205286,1.02730800786545,1.1554729364434508,1.1554729364434508,0.06
XRP,EARLY_RECLAIM_STRUCTURE_STOP,2026-07-13 10:30:00+00:00,2026-07-13 13:15:00+00:00,SHORT,1.0764,1.083534831420242,1.0674814607246976,TP,1.25,1.3595275667593965,-0.6026771687696226,0.6423168001256351,0.9811023677644766,0.9811023677644766,0.29
XRP,EARLY_RECLAIM_STRUCTURE_STOP,2026-07-14 02:15:00+00:00,2026-07-14 05:00:00+00:00,SHORT,1.0624,1.0706889422029475,1.0520388222463155,SL,-1.0,0.24128531132582998,-1.2426193533280203,0.6123422001773574,1.538193859702142,1.1159445648819828,0.66
XRP,EARLY_RECLAIM_STRUCTURE_STOP,2026-07-17 09:45:00+00:00,2026-07-17 12:45:00+00:00,SHORT,1.0846,1.089950615756148,1.077911730304815,TP,1.25,1.3830183921350037,-0.5980620074097425,0.2792398822567014,0.6656537168933656,0.7924449010635171,0.275
XRP,EARLY_RECLAIM_STRUCTURE_STOP,2026-07-18 12:15:00+00:00,2026-07-18 17:30:00+00:00,SHORT,1.0857,1.0905371256246952,1.0796535929691313,SL,-1.0,0.6615499055189036,-1.4057935492276128,0.8409719150306073,0.46515227731792114,1.6538747637972824,0.075
XRP,EARLY_RECLAIM_STRUCTURE_STOP,2026-07-25 11:30:00+00:00,2026-07-25 13:30:00+00:00,SHORT,1.0889,1.0919751862538354,1.0850560171827057,SL,-1.0,0.130073422219897,-1.0731057333142946,0.21209132404830003,0.26661573517614423,1.266424742086833,0.335
XRP,EARLY_RECLAIM_STRUCTURE_STOP,2026-07-31 20:45:00+00:00,2026-08-01 18:30:00+00:00,SHORT,1.0615,1.068229920198367,1.0530875997520415,TP,1.25,1.381888599846541,-0.7875279117404739,0.8624141554962853,0.5683307943854844,0.7814548422801199,0.16
XRP,EARLY_RECLAIM_STRUCTURE_STOP,2026-08-10 08:30:00+00:00,2026-08-10 13:30:00+00:00,SHORT,1.0328,1.0403446889077288,1.023369138865339,TP,1.25,1.2591639120160332,-0.3313589242147735,0.7698223082219813,1.6236587286523043,1.457979266544949,0.51
XRP,EARLY_RECLAIM_STRUCTURE_STOP,2026-08-11 12:15:00+00:00,2026-08-11 14:45:00+00:00,SHORT,1.0056,1.0114077346970511,0.9983403316286862,TP,1.25,2.9271309532496126,-0.8781392859748628,0.4022778374040436,1.0107389005042253,1.6171822408067964,0.975
XRP,EARLY_RECLAIM_STRUCTURE_STOP,2026-08-14 16:45:00+00:00,2026-08-14 22:15:00+00:00,SHORT,1.0017,1.0085376854908563,0.9931528931364297,TP,1.25,2.5300958962114395,-0.3509959624801939,0.6305282176630846,2.120600606651246,1.3893590181508193,1.0
XRP,EARLY_RECLAIM_STRUCTURE_STOP,2026-08-15 16:00:00+00:00,2026-08-15 17:00:00+00:00,SHORT,1.0012,1.0028656611156392,0.9991179236054512,SL,-1.0,0.300181108453328,-1.1406882121222732,0.3113654139261602,0.08489395461297637,0.8489395461297637,0.985
XRP,EARLY_RECLAIM_STRUCTURE_STOP,2026-08-15 18:15:00+00:00,2026-08-15 19:45:00+00:00,SHORT,1.0004,1.0034111850735474,0.9966360186580656,SL,-1.0,0.09962854911688884,-1.0627045239136284,1.0232046566365123,2.1586185641993736,1.5774520276842074,0.98
XRP,EARLY_RECLAIM_STRUCTURE_STOP,2026-08-21 21:15:00+00:00,2026-08-21 22:15:00+00:00,LONG,1.392,1.354653959486349,1.4386825506420635,TP,1.25,1.3147310752274468,-0.0026776600310128274,0.6450091336205322,1.3723007658942208,0.9572634610872034,1.0
XRP,EARLY_RECLAIM_STRUCTURE_STOP,2026-08-23 23:15:00+00:00,2026-08-24 00:15:00+00:00,LONG,1.5234,1.4989166110176058,1.554004236227993,SL,-1.0,0.26548612223062795,-1.1926453490976041,0.6515171911677938,0.4001715893036736,0.990255119293845,1.0
XRP,EARLY_RECLAIM_STRUCTURE_STOP,2026-08-27 19:45:00+00:00,2026-08-28 02:15:00+00:00,LONG,1.4567,1.430539379832556,1.489400775209305,SL,-1.0,0.5848485204888293,-1.1238265687824696,0.4466802293145474,1.3283324239860754,1.1372054565060647,0.78
