variant,symbol,side,signal_time_utc,entry_time_utc,exit_time_utc,result,entry,sl,tp,exit_price,entry_score,risk_cash_usd,R_gross,R_net_est,estimated_cost_R,pnl_usd_est,equity_after,hold_bars,quote_volume_24h
BASELINE_CORE,1000PEPEUSDT,LONG,2026-04-16T00:30:00+00:00,2026-04-16T00:45:00+00:00,2026-04-16T02:15:00+00:00,TP,0.0037384,0.003678520019612488,0.0038132499754843893,0.0038132499754843893,,1.0,1.2499999999999982,1.1625958297559558,0.08740417024404248,1.1625958297559558,101.16259582975596,6,277090215.3282264
BASELINE_CORE,FILUSDT,LONG,2026-04-15T16:00:00+00:00,2026-04-15T16:15:00+00:00,2026-04-16T02:30:00+00:00,TP,0.908,0.8951762613857259,0.9240296732678427,0.9240296732678427,,1.0,1.2500000000000022,1.1508713419513246,0.09912865804867757,1.1508713419513246,102.31346717170729,41,61034394.5762
BASELINE_CORE,TAOUSDT,SHORT,2026-04-16T00:45:00+00:00,2026-04-16T01:00:00+00:00,2026-04-16T03:45:00+00:00,SL,241.25,244.33230476924203,237.39711903844747,244.33230476924203,,1.0,-1.0,-1.109577094183018,0.1095770941830182,-1.109577094183018,101.20389007752426,11,180345756.19502002
BASELINE_CORE,ARBUSDT,LONG,2026-04-16T00:30:00+00:00,2026-04-16T00:45:00+00:00,2026-04-16T04:45:00+00:00,TP,0.1153,0.11341115293345885,0.11766105883317643,0.11766105883317643,,1.0,1.2499999999999982,1.1645404607607563,0.08545953923924185,1.1645404607607563,102.36843053828503,16,45261688.126140006
BASELINE_CORE,LTCUSDT,LONG,2026-04-16T02:00:00+00:00,2026-04-16T02:15:00+00:00,2026-04-16T04:45:00+00:00,TP,55.07,54.632160087518635,55.61729989060171,55.61729989060171,,1.0231346717170728,1.25,1.0739128096772554,0.1760871903227445,1.098757429981898,103.46718796826693,10,50950474.01597
BASELINE_CORE,SUIUSDT,LONG,2026-04-16T05:30:00+00:00,2026-04-16T05:45:00+00:00,2026-04-16T07:15:00+00:00,TP,0.9697,0.9588119146122255,0.9833101067347182,0.9833101067347182,,1.0346718796826693,1.2500000000000024,1.1253150850998739,0.12468491490012856,1.1643318743355495,104.63151984260247,6,136627950.11255
BASELINE_CORE,WLDUSDT,LONG,2026-04-16T07:00:00+00:00,2026-04-16T07:15:00+00:00,2026-04-16T10:30:00+00:00,SL,0.3098,0.3052734814191311,0.3154581482260862,0.3052734814191311,,1.0463151984260248,-1.0,-1.0958175675745796,0.09581756757457957,-1.1465705756555202,103.48494926694696,13,58187132.74959999
BASELINE_CORE,SUIUSDT,LONG,2026-04-16T09:15:00+00:00,2026-04-16T09:30:00+00:00,2026-04-16T10:30:00+00:00,SL,0.9812,0.9641528744296268,1.0025089069629665,0.9641528744296268,,1.0463151984260248,-1.0,-1.0805813270002171,0.0805813270002171,-1.1306286655756894,102.35432060137127,4,164027731.18244
BASELINE_CORE,LINKUSDT,LONG,2026-04-16T02:15:00+00:00,2026-04-16T02:30:00+00:00,2026-04-16T13:30:00+00:00,TP,9.289,9.191270885749256,9.411161392813428,9.411161392813428,,1.0231346717170728,1.249999999999991,1.116932181881491,0.13306781811849988,1.1427720412395532,103.49709264261082,44,89685569.19383
BASELINE_CORE,LTCUSDT,LONG,2026-04-16T12:00:00+00:00,2026-04-16T12:15:00+00:00,2026-04-16T14:00:00+00:00,SL,55.5,55.095930605998454,56.00508674250193,55.095930605998454,,1.0235432060137126,-1.0,-1.1922937028972374,0.19229370289723735,-1.2203641191733994,102.27672852343743,7,53748836.6118
BASELINE_CORE,SUIUSDT,LONG,2026-04-16T12:00:00+00:00,2026-04-16T12:15:00+00:00,2026-04-16T14:00:00+00:00,SL,0.9768,0.9617461316107837,0.9956173354865203,0.9617461316107837,,1.0235432060137126,-1.0,-1.090841766690322,0.09084176669032198,-1.1165236791318747,101.16020484430555,7,173080931.54372
BASELINE_CORE,ARBUSDT,LONG,2026-04-16T15:00:00+00:00,2026-04-16T15:15:00+00:00,2026-04-16T19:00:00+00:00,TP,0.1223,0.11840094887732633,0.1271738139033421,0.1271738139033421,,1.0116020484430555,1.2499999999999973,1.206086751721634,0.04391324827836321,1.2200798286416359,102.38028467294718,15,63041260.92801
BASELINE_CORE,XRPUSDT,LONG,2026-04-16T15:00:00+00:00,2026-04-16T15:15:00+00:00,2026-04-16T19:30:00+00:00,TP,1.422,1.3988748712224675,1.4509064109719154,1.4509064109719154,,1.0116020484430555,1.2499999999999951,1.1639118307555416,0.08608816924445357,1.1774155921994127,103.5577002651466,17,922273310.12595
BASELINE_CORE,WLDUSDT,LONG,2026-04-16T15:00:00+00:00,2026-04-16T15:15:00+00:00,2026-04-16T22:45:00+00:00,TP,0.3152,0.30645501722782675,0.3261312284652165,0.3261312284652165,,1.0116020484430555,1.2500000000000016,1.1995390658282197,0.0504609341717819,1.2134561761792961,104.77115644132589,30,76436553.4362
BASELINE_CORE,ORDIUSDT,LONG,2026-04-16T23:15:00+00:00,2026-04-16T23:30:00+00:00,2026-04-17T01:15:00+00:00,TP,8.423,6.959483412425002,10.252395734468747,10.252395734468747,,1.0477115644132589,1.2499999999999998,1.241942558013955,0.008057441986044937,1.3011975803682052,106.0723540216941,7,1996373916.1479
BASELINE_CORE,ARBUSDT,LONG,2026-04-17T00:45:00+00:00,2026-04-17T01:00:00+00:00,2026-04-17T01:45:00+00:00,SL,0.1295,0.12702023309340382,0.13259970863324524,0.12702023309340382,,1.060723540216941,-1.0,-1.073111710426388,0.07311171042638802,-1.1382748525317352,104.93407916916236,3,81368487.32663
BASELINE_CORE,LINKUSDT,LONG,2026-04-16T21:45:00+00:00,2026-04-16T22:00:00+00:00,2026-04-17T02:00:00+00:00,SL,9.532,9.4215756290463,9.670030463692125,9.4215756290463,,1.035577002651466,-1.0,-1.120850133758927,0.120850133758927,-1.1607266219395642,103.7733525472228,16,150390097.20923
BASELINE_CORE,INJUSDT,LONG,2026-04-16T21:45:00+00:00,2026-04-16T22:00:00+00:00,2026-04-17T05:15:00+00:00,SL,3.408,3.367982858738387,3.458021426577016,3.367982858738387,,1.035577002651466,-1.0,-1.1192289066529812,0.11922890665298126,-1.1590477164325717,102.61430483079023,29,39903191.2855
BASELINE_CORE,TIAUSDT,LONG,2026-04-17T07:30:00+00:00,2026-04-17T07:45:00+00:00,2026-04-17T10:45:00+00:00,SL,0.4041,0.389600229906616,0.42222471261673,0.389600229906616,,1.0261430483079024,-1.0,-1.039017170365904,0.0390171703659038,-1.0661802464435197,101.54812458434671,12,97549434.638
BASELINE_CORE,ARBUSDT,LONG,2026-04-17T03:30:00+00:00,2026-04-17T03:45:00+00:00,2026-04-17T11:30:00+00:00,TP,0.1286,0.12545981084457516,0.13252523644428102,0.13252523644428102,,1.037733525472228,1.2499999999999978,1.1926658742232201,0.05733412577677757,1.237669362368079,102.78579394671479,31,83864166.90903
BASELINE_CORE,DOTUSDT,LONG,2026-04-17T12:45:00+00:00,2026-04-17T13:00:00+00:00,2026-04-17T14:15:00+00:00,TP,1.317,1.29176518235158,1.3485435220605246,1.3485435220605246,,1.0278579394671479,1.2499999999999956,1.1769342847771453,0.07306571522285027,1.2097212488392781,103.99551519555406,5,164999391.7687
BASELINE_CORE,JUPUSDT,LONG,2026-04-17T16:30:00+00:00,2026-04-17T16:45:00+00:00,2026-04-17T18:15:00+00:00,SL,0.188,0.18511503072475732,0.19160621159405333,0.18511503072475732,,1.0399551519555406,-1.0,-1.091231474199274,0.09123147419927383,-1.1348317935695744,102.86068340198449,6,17524293.7605
BASELINE_CORE,NEARUSDT,LONG,2026-04-17T19:30:00+00:00,2026-04-17T19:45:00+00:00,2026-04-17T23:30:00+00:00,SL,1.429,1.4054730262569164,1.4584087171788547,1.4054730262569164,,1.0286068340198449,-1.0,-1.0850343109082665,0.08503431090826659,-1.116073707346256,101.74460969463823,15,113676455.17999999
BASELINE_CORE,FILUSDT,LONG,2026-04-17T12:45:00+00:00,2026-04-17T13:00:00+00:00,2026-04-18T00:15:00+00:00,SL,0.998,0.9779189347585883,1.0231013315517647,0.9779189347585883,,1.0278579394671479,-1.0,-1.0695779822037854,0.06957798220378544,-1.0993742208874127,100.64523547375082,45,142858953.3987
BASELINE_CORE,DOTUSDT,LONG,2026-04-17T22:30:00+00:00,2026-04-17T22:45:00+00:00,2026-04-18T01:45:00+00:00,SL,1.342,1.320770508640743,1.3685368641990714,1.320770508640743,,1.0286068340198449,-1.0,-1.0884995296498594,0.08849952964985944,-1.119638055025232,99.52559741872558,12,131480821.3797
BASELINE_CORE,TIAUSDT,LONG,2026-04-19T11:00:00+00:00,2026-04-19T11:15:00+00:00,2026-04-19T15:15:00+00:00,SL,0.3993,0.3900040606840437,0.4109199241449454,0.3900040606840437,,0.9952559741872559,-1.0,-1.0601359347344763,0.060135934734476315,-1.0551066224950783,98.47049079623051,16,34990036.275299996
BASELINE_CORE,TAOUSDT,SHORT,2026-04-20T04:15:00+00:00,2026-04-20T04:30:00+00:00,2026-04-20T07:30:00+00:00,SL,241.36,244.80514017491333,237.05357478135835,244.80514017491333,,0.9847049079623051,-1.0,-1.098081350204713,0.09808135020471315,-1.0812860948884557,97.38920470134205,12,149661851.35445002
BASELINE_CORE,LINKUSDT,LONG,2026-04-21T04:45:00+00:00,2026-04-21T05:00:00+00:00,2026-04-21T09:00:00+00:00,TP,9.32,9.246563706221979,9.411795367222528,9.411795367222528,,0.9738920470134206,1.250000000000006,1.0723221879982097,0.17767781200179641,1.0443260507274865,98.43353075206954,16,110821640.02135001
BASELINE_CORE,LINKUSDT,LONG,2026-04-21T12:00:00+00:00,2026-04-21T12:15:00+00:00,2026-04-21T12:45:00+00:00,SL,9.436,9.34103818482504,9.5547022689687,9.34103818482504,,0.9843353075206954,-1.0,-1.1391127578559952,0.1391127578559953,-1.1212689068049284,97.31226184526462,2,92582810.44327
BASELINE_CORE,DOTUSDT,LONG,2026-04-21T06:30:00+00:00,2026-04-21T06:45:00+00:00,2026-04-21T13:30:00+00:00,SL,1.28,1.267486276852303,1.2956421539346215,1.267486276852303,,0.9738920470134206,-1.0,-1.143202784562945,0.14320278456294508,-1.113356100009449,96.19890574525516,27,74962642.7309
BASELINE_CORE,XRPUSDT,LONG,2026-04-21T14:30:00+00:00,2026-04-21T14:45:00+00:00,2026-04-21T15:15:00+00:00,SL,1.441,1.4277769187692895,1.4575288515383882,1.4277769187692895,,0.9619890574525516,-1.0,-1.1525665587922573,0.15256655879225725,-1.1087564175438944,95.09014932771126,2,546470218.46051
BASELINE_CORE,1000PEPEUSDT,LONG,2026-04-21T14:15:00+00:00,2026-04-21T14:30:00+00:00,2026-04-21T17:15:00+00:00,SL,0.0037878,0.003736936466706224,0.0038513794166172197,0.003736936466706224,,0.9619890574525516,-1.0,-1.104257798398935,0.104257798398935,-1.0622839186664212,94.02786540904484,11,237226549.7953138
BASELINE_CORE,LDOUSDT,LONG,2026-04-21T15:00:00+00:00,2026-04-21T15:15:00+00:00,2026-04-21T19:45:00+00:00,SL,0.3855,0.37389309469075044,0.400008631636562,0.37389309469075044,,0.9509014932771126,-1.0,-1.0464981823854385,0.04649818238543841,-0.9951166843420975,93.03274872470274,18,34275646.5587
BASELINE_CORE,DOTUSDT,LONG,2026-04-22T10:30:00+00:00,2026-04-22T10:45:00+00:00,2026-04-22T11:30:00+00:00,SL,1.307,1.2970899327968137,1.3193875840039828,1.2970899327968137,,0.9303274872470274,-1.0,-1.1846405238716944,0.18464052387169444,-1.1021036418645556,91.93064508283818,3,81902256.456
BASELINE_CORE,LINKUSDT,LONG,2026-04-22T08:45:00+00:00,2026-04-22T09:00:00+00:00,2026-04-22T16:30:00+00:00,SL,9.504,9.449582163480857,9.572022295648928,9.449582163480857,,0.9303274872470274,-1.0,-1.244508066676253,0.244508066676253,-1.1578000625295743,90.77284502030861,30,121298002.29006
BASELINE_CORE,XRPUSDT,LONG,2026-04-22T11:45:00+00:00,2026-04-22T12:00:00+00:00,2026-04-22T16:45:00+00:00,SL,1.4536,1.445744955278571,1.4634188059017863,1.445744955278571,,0.9193064508283818,-1.0,-1.2590742729253102,0.2590742729253101,-1.1574751011722921,89.61536991913631,19,571370348.28493
BASELINE_CORE,SUIUSDT,LONG,2026-04-22T13:00:00+00:00,2026-04-22T13:15:00+00:00,2026-04-22T17:00:00+00:00,SL,0.9696,0.9611956861927559,0.9801053922590552,0.9611956861927559,,0.9193064508283818,-1.0,-1.1615170531626204,0.1615170531626205,-1.0677901197195694,88.54757979941674,15,145263490.83732
BASELINE_CORE,ZROUSDT,SHORT,2026-04-23T04:30:00+00:00,2026-04-23T04:45:00+00:00,2026-04-23T11:30:00+00:00,SL,1.5548,1.574000215611417,1.5307997304857286,1.574000215611417,,0.8854757979941674,-1.0,-1.113369560220233,0.11336956022023285,-0.985861799798426,87.56171799961831,27,14296286.452790001
BASELINE_CORE,WLDUSDT,SHORT,2026-04-23T08:30:00+00:00,2026-04-23T08:45:00+00:00,2026-04-23T17:30:00+00:00,TP,0.2614,0.26492654045913305,0.2569918244260837,0.2569918244260837,,0.8854757979941674,1.2500000000000078,1.1462269101288176,0.10377308987119006,1.0149561879287037,88.57667418754701,35,63627219.1216
BASELINE_CORE,INJUSDT,LONG,2026-04-23T20:00:00+00:00,2026-04-23T20:15:00+00:00,2026-04-23T21:45:00+00:00,TP,3.321,3.275736231398953,3.3775797107513092,3.3775797107513092,,0.8857667418754701,1.2500000000000049,1.147282083580371,0.10271791641963382,1.0162243131850859,89.5928985007321,6,12328134.7201
BASELINE_CORE,INJUSDT,LONG,2026-04-24T04:30:00+00:00,2026-04-24T04:45:00+00:00,2026-04-24T08:30:00+00:00,TP,3.377,3.333653023388221,3.431183720764723,3.431183720764723,,0.8959289850073211,1.249999999999995,1.1409312628111752,0.10906873718881967,1.0221933882535372,90.61509188898565,15,13283319.834
BASELINE_CORE,1000PEPEUSDT,LONG,2026-04-24T10:45:00+00:00,2026-04-24T11:00:00+00:00,2026-04-24T19:15:00+00:00,TP,0.0038376,0.003789173633745023,0.0038981329578187214,0.0038981329578187214,,0.9061509188898564,1.2499999999999978,1.139055479163731,0.1109445208362668,1.0321561691107406,91.64724805809638,33,223064534.6832403
BASELINE_CORE,ARBUSDT,LONG,2026-04-24T14:30:00+00:00,2026-04-24T14:45:00+00:00,2026-04-24T19:15:00+00:00,SL,0.1304,0.12820837231154264,0.13313953461057168,0.12820837231154264,,0.9061509188898564,-1.0,-1.0832988198504194,0.08329881985041951,-0.9816322210397546,90.66561583705662,18,38240380.65953
BASELINE_CORE,ORDIUSDT,LONG,2026-04-24T23:00:00+00:00,2026-04-24T23:15:00+00:00,2026-04-25T01:15:00+00:00,SL,4.876,4.7281604460894435,5.060799442388197,4.7281604460894435,,0.9066561583705662,-1.0,-1.0461743817498934,0.046174381749893426,-0.9485204459430606,89.71709539111356,8,89097397.8697
BASELINE_CORE,WLDUSDT,SHORT,2026-04-25T00:00:00+00:00,2026-04-25T00:15:00+00:00,2026-04-25T04:00:00+00:00,SL,0.2604,0.2623972611271113,0.2579034235911109,0.2623972611271113,,0.9066561583705662,-1.0,-1.1825299631837702,0.1825299631837703,-1.0721480735782842,88.64494731753527,15,44592823.3351
BASELINE_CORE,ZROUSDT,SHORT,2026-04-24T21:00:00+00:00,2026-04-24T21:15:00+00:00,2026-04-25T05:00:00+00:00,TP,1.5806,1.5990742630881543,1.5575071711398072,1.5575071711398072,,0.9066561583705662,1.25,1.1302203915013596,0.11977960849864042,1.0247212782707,89.66966859580597,31,15874965.641269999
BASELINE_CORE,1000PEPEUSDT,LONG,2026-04-25T00:45:00+00:00,2026-04-25T01:00:00+00:00,2026-04-25T11:45:00+00:00,SL,0.0038775,0.0038369075885611556,0.003928240514298555,0.0038369075885611556,,0.8971709539111357,-1.0,-1.1337318924296595,0.13373189242965952,-1.0171513234105947,88.65251727239537,43,209802926.44587493
BASELINE_CORE,ARBUSDT,LONG,2026-04-25T06:00:00+00:00,2026-04-25T06:15:00+00:00,2026-04-25T11:45:00+00:00,SL,0.1321,0.13030400866791694,0.13434498916510382,0.13030400866791694,,0.8966966859580597,-1.0,-1.102973770917647,0.10297377091764705,-0.9890329250805182,87.66348434731485,22,35548070.59905001
BASELINE_CORE,FILUSDT,LONG,2026-04-24T17:00:00+00:00,2026-04-24T17:15:00+00:00,2026-04-25T16:45:00+00:00,SL,0.945,0.9335497682621569,0.9593127896723038,0.9335497682621569,,0.9061509188898564,-1.0,-1.1155435130301752,0.11554351303017524,-1.0108507793939119,86.65263356792094,94,75017146.5547
BASELINE_CORE,WLDUSDT,SHORT,2026-04-26T01:00:00+00:00,2026-04-26T01:15:00+00:00,2026-04-26T05:00:00+00:00,SL,0.2566,0.2588435276200542,0.2537955904749323,0.2588435276200542,,0.8665263356792094,-1.0,-1.1601228336967484,0.1601228336967484,-1.0052769880210244,85.64735657989992,15,33772484.2347
BASELINE_CORE,ZROUSDT,SHORT,2026-04-26T06:00:00+00:00,2026-04-26T06:15:00+00:00,2026-04-26T08:00:00+00:00,SL,1.5062,1.5282766540507386,1.4786041824365765,1.5282766540507386,,0.8564735657989992,-1.0,-1.0955162858988337,0.09551628589883372,-0.93828073977465,84.70907584012527,7,10597490.33627
BASELINE_CORE,FILUSDT,LONG,2026-04-26T11:15:00+00:00,2026-04-26T11:30:00+00:00,2026-04-26T13:00:00+00:00,SL,0.953,0.9457161844557853,0.9621047694302682,0.9457161844557853,,0.8470907584012527,-1.0,-1.183173227259952,0.183173227259952,-1.0022551063996905,83.70682073372558,6,50791501.1262
BASELINE_CORE,ORDIUSDT,LONG,2026-04-26T11:30:00+00:00,2026-04-26T11:45:00+00:00,2026-04-26T14:15:00+00:00,SL,4.803,4.711129076363872,4.917838654545159,4.711129076363872,,0.8470907584012527,-1.0,-1.0731918188461071,0.07319181884610712,-0.9090908717363687,82.79772986198921,10,49809842.416499995
BASELINE_CORE,1000PEPEUSDT,LONG,2026-04-26T14:15:00+00:00,2026-04-26T14:30:00+00:00,2026-04-26T21:45:00+00:00,SL,0.0039124,0.0038684788562699116,0.0039673014296626105,0.0038684788562699116,,0.8279772986198921,-1.0,-1.1247089564347506,0.12470895643475052,-0.9312334834824427,81.86649637850677,29,157834312.4758769
BASELINE_CORE,JUPUSDT,LONG,2026-04-28T06:15:00+00:00,2026-04-28T06:30:00+00:00,2026-04-28T06:45:00+00:00,SL,0.1931,0.19083485134854952,0.19593143581431308,0.19083485134854952,,0.8186649637850677,-1.0,-1.1193475756334534,0.11934757563345334,-0.9163706424688645,80.9501257360379,1,23093594.8483
BASELINE_CORE,WLDUSDT,SHORT,2026-04-28T13:00:00+00:00,2026-04-28T13:15:00+00:00,2026-04-28T14:00:00+00:00,SL,0.2492,0.2510265572132188,0.2469168034834765,0.2510265572132188,,0.809501257360379,-1.0,-1.1910041456545422,0.19100414565454205,-0.9641193534287759,79.98600638260913,3,46466220.7096
BASELINE_CORE,WLDUSDT,SHORT,2026-04-28T15:30:00+00:00,2026-04-28T15:45:00+00:00,2026-04-28T19:15:00+00:00,SL,0.2493,0.2527035602956098,0.24504554963048772,0.2527035602956098,,0.7998600638260913,-1.0,-1.1025455610262564,0.10254556102625655,-0.8818821628136352,79.1041242197955,14,37385233.3881
BASELINE_CORE,1000PEPEUSDT,LONG,2026-04-29T00:30:00+00:00,2026-04-29T00:45:00+00:00,2026-04-29T04:45:00+00:00,TP,0.0038913,0.003854260620804713,0.003937599223994108,0.003937599223994108,,0.7910412421979549,1.2499999999999911,1.1029181612014283,0.14708183879856276,0.8724537522794621,79.97657797207496,16,229617663.4285242
BASELINE_CORE,ZROUSDT,SHORT,2026-04-30T10:00:00+00:00,2026-04-30T10:15:00+00:00,2026-04-30T14:00:00+00:00,SL,1.4422,1.459997142033391,1.419953572458261,1.459997142033391,20.29031767595389,0.7997657797207497,-1.0,-1.1134496761452928,0.11344967614529283,-0.8904989484221563,79.0860790236528,15,13905722.09225
BASELINE_CORE,NEARUSDT,SHORT,2026-04-30T08:15:00+00:00,2026-04-30T08:30:00+00:00,2026-04-30T14:30:00+00:00,TP,1.324,1.3333537493201761,1.31230781334978,1.31230781334978,49.894459653753316,0.7997657797207497,1.2499999999999882,1.051833474839668,0.1981665251603202,0.8412204191415327,79.92729944279434,24,70108305.92
BASELINE_CORE,NEARUSDT,SHORT,2026-05-01T01:15:00+00:00,2026-05-01T01:30:00+00:00,2026-05-01T03:15:00+00:00,SL,1.297,1.3059376684992856,1.2858279143758928,1.3059376684992856,50.44032884582005,0.7992729944279434,-1.0,-1.2031626033282756,0.20316260332827554,-0.9616553767459107,78.96564406604843,7,35802611.879
BASELINE_CORE,WLDUSDT,SHORT,2026-05-02T01:15:00+00:00,2026-05-02T01:30:00+00:00,2026-05-02T03:15:00+00:00,TP,0.2348,0.23669353977117466,0.2324330752860317,0.2324330752860317,54.13734916122615,0.7896564406604842,1.2500000000000038,1.0763992100910178,0.17360078990898598,0.8499855689702299,79.81562963501865,7,65580772.1125
BASELINE_CORE,INJUSDT,LONG,2026-05-02T01:30:00+00:00,2026-05-02T01:45:00+00:00,2026-05-02T04:30:00+00:00,TP,3.67,3.6195111764851293,3.733111029393588,3.733111029393588,39.58295326030352,0.7896564406604842,1.2499999999999978,1.1482349034437929,0.10176509655620498,0.9067110868955602,80.72234072191421,11,22678273.6813
BASELINE_CORE,TAOUSDT,LONG,2026-05-02T06:00:00+00:00,2026-05-02T06:15:00+00:00,2026-05-02T07:00:00+00:00,TP,272.23,269.7969049290721,275.2713688386599,275.2713688386599,44.272313796821564,0.8072234072191421,1.2500000000000058,1.0933591828967701,0.15664081710323569,0.8825851249322679,81.60492584684647,3,212082562.47838
BASELINE_CORE,WLDUSDT,SHORT,2026-05-02T08:00:00+00:00,2026-05-02T08:15:00+00:00,2026-05-02T10:30:00+00:00,SL,0.2338,0.23676864986029597,0.23008918767463005,0.23676864986029597,64.0833374389046,0.8160492584684648,-1.0,-1.110258877066549,0.11025887706654884,-0.9060259333381876,80.69889991350828,9,66210071.3754
BASELINE_CORE,DOTUSDT,SHORT,2026-05-02T04:00:00+00:00,2026-05-02T04:15:00+00:00,2026-05-02T16:00:00+00:00,SL,1.204,1.2137677371796654,1.191790328525418,1.2137677371796654,28.234591440691197,0.8072234072191421,-1.0,-1.172568115725831,0.17256811572583106,-0.9465244295727346,79.75237548393555,47,60726239.0228
BASELINE_CORE,AAVEUSDT,SHORT,2026-05-02T11:00:00+00:00,2026-05-02T11:15:00+00:00,2026-05-02T16:15:00+00:00,SL,92.09,92.74369813431433,91.2728773321071,92.74369813431433,31.4073740184017,0.8069889991350828,-1.0,-1.1972255896603294,0.19722558966032938,-0.9661478803388986,78.78622760359666,20,54760074.402
BASELINE_CORE,INJUSDT,LONG,2026-05-02T23:15:00+00:00,2026-05-02T23:30:00+00:00,2026-05-03T02:00:00+00:00,SL,3.798,3.7498132432408915,3.8582334459488856,3.7498132432408915,44.042700678620875,0.7878622760359666,-1.0,-1.110345670836104,0.11034567083610397,-0.874799467411615,77.91142813618504,10,27585763.555
BASELINE_CORE,NEARUSDT,SHORT,2026-05-03T04:45:00+00:00,2026-05-03T05:00:00+00:00,2026-05-03T09:45:00+00:00,TP,1.281,1.2892785938989253,1.2706517576263432,1.2706517576263432,18.858427238426362,0.7791142813618503,1.25,1.033369009049617,0.21663099095038302,0.8051125528672998,78.71654068905234,19,36156394.648
BASELINE_CORE,WLDUSDT,SHORT,2026-05-03T15:30:00+00:00,2026-05-03T15:45:00+00:00,2026-05-03T16:45:00+00:00,SL,0.2381,0.2396740526973881,0.2361324341282649,0.2396740526973881,26.90901375811126,0.7871654068905234,-1.0,-1.2117718171400045,0.2117718171400044,-0.9538648554974806,77.76267583355485,4,38286330.1962
BASELINE_CORE,NEARUSDT,SHORT,2026-05-03T13:30:00+00:00,2026-05-03T13:45:00+00:00,2026-05-03T20:45:00+00:00,SL,1.271,1.283054090326691,1.2559323870916361,1.283054090326691,15.811276475720515,0.7871654068905234,-1.0,-1.1476179414434888,0.14761794144348875,-0.9033651438312287,76.85931068972363,28,37329261.687
BASELINE_CORE,TAOUSDT,LONG,2026-05-03T22:00:00+00:00,2026-05-03T22:15:00+00:00,2026-05-04T00:30:00+00:00,SL,290.96,287.9614012001782,294.7082484997772,287.9614012001782,45.99081759674637,0.7685931068972363,-1.0,-1.1358447819108752,0.13584478191087532,-0.8730024698818933,75.98630821984173,9,144400312.40604
BASELINE_CORE,FILUSDT,LONG,2026-05-04T09:30:00+00:00,2026-05-04T09:45:00+00:00,2026-05-04T10:15:00+00:00,SL,0.954,0.9432892728943778,0.9673884088820277,0.9432892728943778,59.34017215800361,0.7598630821984174,-1.0,-1.1246974166019907,0.12469741660199073,-0.8546160455197861,75.13169217432194,2,61166543.125099994
BASELINE_CORE,WLDUSDT,SHORT,2026-05-04T15:15:00+00:00,2026-05-04T15:30:00+00:00,2026-05-05T06:00:00+00:00,SL,0.2371,0.24132327546311774,0.23182090567110283,0.24132327546311774,28.159408865718994,0.7513169217432194,-1.0,-1.0785977620685328,0.07859776206853267,-0.8103687503964554,74.32132342392549,58,57732927.2847
BASELINE_CORE,LINKUSDT,LONG,2026-05-05T09:15:00+00:00,2026-05-05T09:30:00+00:00,2026-05-05T10:30:00+00:00,TP,9.567,9.482819482493705,9.67222564688287,9.67222564688287,56.44138111246804,0.7432132342392549,1.2500000000000053,1.0908919261039483,0.15910807389605716,0.8107653166052057,75.13208874053069,4,147039960.30448
BASELINE_CORE,1000PEPEUSDT,LONG,2026-05-05T11:30:00+00:00,2026-05-05T11:45:00+00:00,2026-05-05T14:00:00+00:00,TP,0.0040739,0.004031271955592482,0.004127185055509398,0.004127185055509398,39.35045674606714,0.7513208874053069,1.250000000000005,1.116204042918893,0.13379595708111205,0.838627412051214,75.9707161525819,9,289731899.0605352
BASELINE_CORE,TAOUSDT,LONG,2026-05-05T13:00:00+00:00,2026-05-05T13:15:00+00:00,2026-05-05T14:00:00+00:00,SL,287.16,283.56161189476745,291.6579851315407,283.56161189476745,26.969138954797522,0.7513208874053069,-1.0,-1.1117233573041772,0.11172335730417722,-0.8352609793589815,75.13545517322292,3,128056412.5273
BASELINE_CORE,INJUSDT,LONG,2026-05-05T15:00:00+00:00,2026-05-05T15:15:00+00:00,2026-05-05T20:15:00+00:00,TP,3.773,3.714636934415027,3.845953831981216,3.845953831981216,36.136160023074574,0.7513545517322292,1.2499999999999962,1.1594941304563642,0.09050586954363199,0.8711911926251924,76.00664636584811,20,22369525.4777
BASELINE_CORE,ORDIUSDT,LONG,2026-05-05T23:30:00+00:00,2026-05-05T23:45:00+00:00,2026-05-06T01:00:00+00:00,SL,5.211,5.125080001921417,5.318399997598229,5.125080001921417,29.351341284560835,0.7600664636584812,-1.0,-1.084909219775908,0.08490921977590807,-0.8246031140655564,75.18204325178256,5,52447084.8999
BASELINE_CORE,SUIUSDT,LONG,2026-05-06T01:00:00+00:00,2026-05-06T01:15:00+00:00,2026-05-06T03:45:00+00:00,TP,0.9733,0.9610941972766872,0.9885572534041411,0.9885572534041411,38.227831250406204,0.7518204325178256,1.2500000000000022,1.1383629343445478,0.11163706565545442,0.8558445136611791,76.03788776544374,10,162233719.14459
BASELINE_CORE,LINKUSDT,LONG,2026-05-06T00:00:00+00:00,2026-05-06T00:15:00+00:00,2026-05-06T04:15:00+00:00,TP,9.781,9.707972312011275,9.872284609985908,9.872284609985908,50.10592233295856,0.7600664636584812,1.250000000000006,1.0624902981713773,0.1875097018286286,0.8075632436025639,76.8454510090463,16,125437747.53274
BASELINE_CORE,RUNEUSDT,LONG,2026-05-05T18:15:00+00:00,2026-05-05T18:30:00+00:00,2026-05-06T09:15:00+00:00,TP,0.5494,0.540284896566649,0.5607938792916887,0.5607938792916887,62.33158648329863,0.7513545517322292,1.249999999999994,1.1656169750980776,0.08438302490191646,0.875791619816293,77.7212426288626,59,10119581.3186
BASELINE_CORE,INJUSDT,LONG,2026-05-06T07:15:00+00:00,2026-05-06T07:30:00+00:00,2026-05-06T14:15:00+00:00,SL,3.865,3.8088300757831433,3.9352124052710713,3.8088300757831433,41.994998518980644,0.7684545100904631,-1.0,-1.0963326918353955,0.09633269183539549,-0.8424818016005274,76.87876082726207,27,35672553.9337
BASELINE_CORE,FILUSDT,LONG,2026-05-06T09:45:00+00:00,2026-05-06T10:00:00+00:00,2026-05-06T14:15:00+00:00,SL,1.115,1.0533323173290294,1.1920846033387131,1.0533323173290294,53.61336488381758,0.777212426288626,-1.0,-1.0253130964613792,0.025313096461379195,-0.7968860794062526,76.08187474785582,17,486033866.7337
BASELINE_CORE,JUPUSDT,LONG,2026-05-06T13:30:00+00:00,2026-05-06T13:45:00+00:00,2026-05-06T14:45:00+00:00,TP,0.1998,0.19639917271952728,0.20405103410059092,0.20405103410059092,51.561831422725724,0.777212426288626,1.250000000000002,1.1677494247925724,0.0822505752074296,0.9075893637401825,76.989464111596,4,27299106.0952
BASELINE_CORE,TIAUSDT,LONG,2026-05-06T22:45:00+00:00,2026-05-06T23:00:00+00:00,2026-05-07T01:15:00+00:00,SL,0.3819,0.37401588426249416,0.3917551446718823,0.37401588426249416,39.85083217387532,0.7698946411159601,-1.0,-1.0678148340030762,0.06781483400307614,-0.8221049184030969,76.16735919319291,9,29692835.583899997
BASELINE_CORE,ORDIUSDT,LONG,2026-05-06T23:00:00+00:00,2026-05-06T23:15:00+00:00,2026-05-07T01:15:00+00:00,SL,5.496,5.341090774369872,5.689636532037661,5.341090774369872,34.312123297885904,0.7698946411159601,-1.0,-1.049670379337972,0.04967037933797207,-0.8081355999904616,75.35922359320244,8,66811831.0698
BASELINE_CORE,AAVEUSDT,SHORT,2026-05-07T06:00:00+00:00,2026-05-07T06:15:00+00:00,2026-05-07T07:15:00+00:00,SL,92.67,93.52974270843255,91.59532161445931,93.52974270843255,36.02755140160158,0.7535922359320244,-1.0,-1.150903286212841,0.150903286212841,-0.8673117807986495,74.4919118124038,4,97657265.17099999
BASELINE_CORE,LINKUSDT,LONG,2026-05-07T12:00:00+00:00,2026-05-07T12:15:00+00:00,2026-05-07T14:00:00+00:00,SL,10.058,9.957975346299508,10.183030817125616,9.957975346299508,49.476172843522484,0.744919118124038,-1.0,-1.1407772931877762,0.14077729318777632,-0.8497868152173654,73.64212499718643,7,119134451.53642
BASELINE_CORE,STRKUSDT,LONG,2026-05-08T02:45:00+00:00,2026-05-08T03:00:00+00:00,2026-05-08T05:15:00+00:00,TP,0.04641,0.04466413274047908,0.048592334074401146,0.048592334074401146,43.44207045479136,0.7364212499718643,1.25,1.212784112225216,0.03721588777478393,0.8931199918709114,74.53524498905735,9,36768059.781215996
BASELINE_CORE,ARBUSDT,LONG,2026-05-08T07:45:00+00:00,2026-05-08T08:00:00+00:00,2026-05-08T09:15:00+00:00,TP,0.1291,0.12661470465574,0.13220661918032497,0.13220661918032497,42.195882489797235,0.7453524498905735,1.2500000000000029,1.177276248910445,0.07272375108955793,0.8774857363233847,75.41273072538073,5,43522907.17241
BASELINE_CORE,AAVEUSDT,SHORT,2026-05-08T08:45:00+00:00,2026-05-08T09:00:00+00:00,2026-05-08T11:00:00+00:00,SL,92.42,92.97012848139173,91.73233939826035,92.97012848139173,27.554720761790463,0.7541273072538073,-1.0,-1.2351959667179422,0.2351959667179423,-0.9314950083117651,74.48123571706896,8,58260455.202
BASELINE_CORE,ARBUSDT,LONG,2026-05-08T11:15:00+00:00,2026-05-08T11:30:00+00:00,2026-05-08T15:45:00+00:00,TP,0.1328,0.12974563309733753,0.1366179586283281,0.1366179586283281,47.331704900949624,0.7448123571706896,1.25,1.1891297751956602,0.06087022480433982,0.8856785508453319,75.36691426791428,17,55225857.25437
BASELINE_CORE,DOTUSDT,LONG,2026-05-08T14:00:00+00:00,2026-05-08T14:15:00+00:00,2026-05-08T15:45:00+00:00,TP,1.32,1.3011323518234894,1.3435845602206384,1.3435845602206384,22.309519684723973,0.7448123571706896,1.2500000000000029,1.1520545654279997,0.0979454345720032,0.8580644764656828,76.22497874437997,6,52537472.5877
BASELINE_CORE,1000PEPEUSDT,LONG,2026-05-08T13:45:00+00:00,2026-05-08T14:00:00+00:00,2026-05-08T16:00:00+00:00,TP,0.0041887,0.004127820785837965,0.004264799017702544,0.004264799017702544,33.057035917722374,0.7448123571706896,1.25,1.153675169255766,0.09632483074423388,0.8592715222226814,77.08425026660265,8,268070550.62299898
BASELINE_CORE,LINKUSDT,LONG,2026-05-08T23:45:00+00:00,2026-05-09T00:00:00+00:00,2026-05-09T01:00:00+00:00,TP,10.34,10.253325957077463,10.448342553653172,10.448342553653172,34.29793077503188,0.7708425026660265,1.250000000000005,1.0829834456558447,0.1670165543441605,0.8348096695952281,77.91905993619788,4,150507579.6128
BASELINE_CORE,NEARUSDT,LONG,2026-05-08T22:30:00+00:00,2026-05-08T22:45:00+00:00,2026-05-09T01:45:00+00:00,TP,1.583,1.557785111456154,1.6145186106798073,1.6145186106798073,61.55309500164091,0.7708425026660265,1.2499999999999978,1.1621074837929055,0.08789251620709221,0.8958018411738421,78.81486177737172,12,165451029.87899998
BASELINE_CORE,TAOUSDT,LONG,2026-05-08T23:45:00+00:00,2026-05-09T00:00:00+00:00,2026-05-09T03:45:00+00:00,SL,316.36,311.2438372078879,322.75520349014016,311.2438372078879,22.945037802125896,0.7708425026660265,-1.0,-1.086569567466237,0.08656956746623691,-0.8375740047064161,77.9772877726653,15,171179467.55291998
BASELINE_CORE,LDOUSDT,LONG,2026-05-09T00:30:00+00:00,2026-05-09T00:45:00+00:00,2026-05-09T06:45:00+00:00,SL,0.4088,0.40283576389091086,0.4162552951363614,0.40283576389091086,53.734734610311186,0.7791905993619789,-1.0,-1.0959586424031433,0.0959586424031434,-0.853960671450046,77.12332710121527,24,25178714.5805
BASELINE_CORE,ARBUSDT,LONG,2026-05-09T05:00:00+00:00,2026-05-09T05:15:00+00:00,2026-05-09T07:15:00+00:00,TP,0.1442,0.14208300482610153,0.14684624396737306,0.14684624396737306,39.538593442084796,0.779772877726653,1.2499999999999933,1.1546384221895742,0.09536157781041917,0.9003557252045264,78.02368282641979,8,105595311.35563
BASELINE_CORE,DOTUSDT,LONG,2026-05-09T01:15:00+00:00,2026-05-09T01:30:00+00:00,2026-05-09T09:15:00+00:00,SL,1.382,1.362107205194891,1.406865993506386,1.362107205194891,33.42583379683845,0.7881486177737171,-1.0,-1.0972613460780838,0.09726134607808377,-0.86480501324797,77.15887781317181,31,67996178.5197
BASELINE_CORE,SUIUSDT,LONG,2026-05-09T08:00:00+00:00,2026-05-09T08:15:00+00:00,2026-05-09T09:15:00+00:00,SL,1.0783,1.0597062849923256,1.1015421437595931,1.0597062849923256,57.28789208736214,0.7802368282641979,-1.0,-1.0811897998531714,0.08118979985317137,-0.8435841001890415,76.31529371298276,4,319508234.50407
BASELINE_CORE,DOTUSDT,LONG,2026-05-10T15:00:00+00:00,2026-05-10T15:15:00+00:00,2026-05-10T16:15:00+00:00,TP,1.362,1.3490003873825631,1.3782495157717964,1.3782495157717964,32.941779589288146,0.7631529371298277,1.2500000000000084,1.1033187060172693,0.14668129398273919,0.84200091108736,77.15729462407012,4,32793762.0662
BASELINE_CORE,NEARUSDT,LONG,2026-05-10T15:00:00+00:00,2026-05-10T15:15:00+00:00,2026-05-10T18:00:00+00:00,TP,1.577,1.5618864093148923,1.5958919883563845,1.5958919883563845,33.22324570994676,0.7631529371298277,1.2499999999999962,1.1039195584954185,0.14608044150457783,0.8424594534208412,77.99975407749096,11,64047584.795
BASELINE_CORE,TAOUSDT,LONG,2026-05-10T16:15:00+00:00,2026-05-10T16:30:00+00:00,2026-05-10T19:30:00+00:00,TP,322.11,314.63776614447215,331.45029231940987,331.45029231940987,32.80056508755709,0.7715729462407012,1.2500000000000038,1.189649372768712,0.06035062723129177,0.9179012715405573,78.91765534903152,12,176984029.16416
BASELINE_CORE,ARBUSDT,LONG,2026-05-10T16:00:00+00:00,2026-05-10T16:15:00+00:00,2026-05-10T21:00:00+00:00,SL,0.1435,0.14087050837176776,0.14678686453529027,0.14087050837176776,27.233300560134598,0.7715729462407012,-1.0,-1.0764026011123156,0.07640260111231553,-0.8305231262813836,78.08713222275014,19,37488404.12726
BASELINE_CORE,AAVEUSDT,LONG,2026-05-11T06:00:00+00:00,2026-05-11T06:15:00+00:00,2026-05-11T13:45:00+00:00,SL,100.72,98.95414629599708,102.92731713000366,98.95414629599708,46.204533598353606,0.7808713222275014,-1.0,-1.0798525946290773,0.07985259462907732,-0.8432259233788058,77.24390629937133,30,179680045.882
BASELINE_CORE,TAOUSDT,LONG,2026-05-11T18:15:00+00:00,2026-05-11T18:30:00+00:00,2026-05-11T23:30:00+00:00,SL,325.48,319.42327100311326,333.05091124610846,319.42327100311326,16.078097734347203,0.7724390629937133,-1.0,-1.075234008362306,0.07523400836230604,-0.8305527499183541,76.41335354945298,20,245004654.77623
BASELINE_CORE,SUIUSDT,LONG,2026-05-12T00:30:00+00:00,2026-05-12T00:45:00+00:00,2026-05-12T01:30:00+00:00,SL,1.3092,1.2799563897879087,1.3457545127651138,1.2799563897879087,37.90135885800286,0.7641335354945298,-1.0,-1.0626762559994103,0.06267625599941036,-0.8120265645829194,75.60132698487006,3,916712371.86746
BASELINE_CORE,INJUSDT,LONG,2026-05-12T04:30:00+00:00,2026-05-12T04:45:00+00:00,2026-05-12T05:45:00+00:00,TP,4.596,4.482231796499045,4.738210254376194,4.738210254376194,47.11837342585242,0.7560132698487005,1.250000000000004,1.1934428970310187,0.05655710296898539,0.9022586669621264,76.50358565183218,4,62553961.506799996
BASELINE_CORE,INJUSDT,LONG,2026-05-12T22:45:00+00:00,2026-05-12T23:00:00+00:00,2026-05-13T01:30:00+00:00,TP,4.806,4.671458458096317,4.974176927379604,4.974176927379604,47.24954374562033,0.7650358565183218,1.25,1.1999901673134028,0.05000983268659715,0.9180355054641735,77.42162115729636,10,109728178.933
BASELINE_CORE,IMXUSDT,LONG,2026-05-15T01:30:00+00:00,2026-05-15T01:45:00+00:00,2026-05-15T03:45:00+00:00,SL,0.2031,0.19784730944279055,0.20966586319651181,0.19784730944279055,44.11101584161663,0.7742162115729636,-1.0,-1.0541322579167995,0.05413225791679965,-0.8161262832211987,76.60549487407516,8,30034704.149499997
BASELINE_CORE,WLDUSDT,SHORT,2026-05-15T12:00:00+00:00,2026-05-15T12:15:00+00:00,2026-05-15T13:15:00+00:00,TP,0.2516,0.2545599914089869,0.24790001073876639,0.24790001073876639,21.943321939934574,0.7660549487407516,1.2499999999999953,1.130999654617047,0.1190003453829482,0.8664078824434698,77.47190275651863,4,100045860.7974
BASELINE_CORE,WLDUSDT,SHORT,2026-05-16T01:15:00+00:00,2026-05-16T01:30:00+00:00,2026-05-16T02:15:00+00:00,SL,0.2448,0.24642942855496788,0.2427632143062901,0.24642942855496788,44.17650777058791,0.7747190275651863,-1.0,-1.2103314066487272,0.21033140664872726,-0.9376667703905059,76.53423598612812,3,92857866.6708
BASELINE_CORE,WLDUSDT,SHORT,2026-05-16T04:15:00+00:00,2026-05-16T04:30:00+00:00,2026-05-16T06:15:00+00:00,TP,0.2451,0.247482247982789,0.24212219002151378,0.24212219002151378,39.44971980379661,0.7653423598612813,1.2499999999999971,1.1059595799937338,0.1440404200062633,0.8464377148635958,77.38067370099172,7,86116499.4512
BASELINE_CORE,ETHUSDT,SHORT,2026-05-16T01:15:00+00:00,2026-05-16T01:30:00+00:00,2026-05-16T07:00:00+00:00,TP,2223.01,2233.6774398969364,2209.6757001288297,2209.6757001288297,58.88672952103153,0.7747190275651863,1.2500000000000213,0.9582510864773071,0.29174891352271426,0.7423753498789826,78.1230490508707,22,8783948407.030819
BASELINE_CORE,QNTUSDT,LONG,2026-05-16T08:00:00+00:00,2026-05-16T08:15:00+00:00,2026-05-16T22:15:00+00:00,SL,82.89,80.56687742766401,85.79390321541999,80.56687742766401,23.249465319095485,0.7812304905087071,-1.0,-1.049952594573308,0.04995259457330796,-0.820254980469395,77.3027940704013,56,14262086.282
BASELINE_CORE,ZROUSDT,SHORT,2026-05-16T16:00:00+00:00,2026-05-16T16:15:00+00:00,2026-05-17T04:15:00+00:00,SL,1.281,1.2974127528802089,1.2604840588997388,1.2974127528802089,50.793766637913095,0.7812304905087071,-1.0,-1.1092686896031039,0.1092686896031039,-0.8665945224845836,76.43619954791671,48,10592097.90691
BASELINE_CORE,WLDUSDT,SHORT,2026-05-18T05:30:00+00:00,2026-05-18T05:45:00+00:00,2026-05-18T10:15:00+00:00,TP,0.2351,0.23837424883934671,0.23100718895081662,0.23100718895081662,42.55129600446336,0.7643619954791672,1.2499999999999978,1.1494761802937132,0.10052381970628449,0.8786159069250736,77.31481545484179,18,57033807.596300006
BASELINE_CORE,SANDUSDT,SHORT,2026-05-18T14:15:00+00:00,2026-05-18T14:30:00+00:00,2026-05-18T19:45:00+00:00,SL,0.07068,0.07173162457057142,0.06936546928678575,0.07173162457057142,54.406704262385176,0.7731481545484179,-1.0,-1.0940944161719552,0.09409441617195523,-0.8458970787650759,76.46891837607672,21,12412062.27187
BASELINE_CORE,AAVEUSDT,SHORT,2026-05-18T14:15:00+00:00,2026-05-18T14:30:00+00:00,2026-05-18T21:45:00+00:00,SL,88.32,89.61444611928752,86.70194235089059,89.61444611928752,41.966341543199874,0.7731481545484179,-1.0,-1.0955219364928506,0.09552193649285047,-0.8470007634667565,75.62191761260996,29,72272598.607
BASELINE_CORE,NEARUSDT,LONG,2026-05-19T03:30:00+00:00,2026-05-19T03:45:00+00:00,2026-05-19T05:30:00+00:00,SL,1.622,1.592632542216495,1.6587093222293814,1.592632542216495,24.789037735149872,0.7562191761260997,-1.0,-1.0773236831304973,0.07732368313049734,-0.81469282807808,74.80722478453188,7,141736922.583
BASELINE_CORE,ETHUSDT,SHORT,2026-05-19T23:45:00+00:00,2026-05-20T00:00:00+00:00,2026-05-20T05:15:00+00:00,SL,2110.99,2122.346883288484,2096.793895889394,2122.346883288484,45.3235243964074,0.7480722478453189,-1.0,-1.2602286142181893,0.26022861421818927,-0.9427420522371921,73.86448273229469,21,6779504897.082069
BASELINE_CORE,WLDUSDT,SHORT,2026-05-20T02:30:00+00:00,2026-05-20T02:45:00+00:00,2026-05-20T05:15:00+00:00,SL,0.2387,0.24076860892159535,0.2361142388480058,0.24076860892159535,28.96538911520743,0.7480722478453189,-1.0,-1.1615481768986442,0.16154817689864417,-0.8689219556732009,72.99556077662149,10,75237187.59369999
BASELINE_CORE,1000PEPEUSDT,SHORT,2026-05-19T14:00:00+00:00,2026-05-19T14:15:00+00:00,2026-05-20T13:00:00+00:00,SL,0.0036588,0.0036999504903444187,0.003607361887069476,0.0036999504903444187,48.10159452145595,0.7480722478453189,-1.0,-1.1244777390774086,0.12447773907740856,-0.841190589923659,72.15437018669783,91,197694337.8084057
BASELINE_CORE,AAVEUSDT,SHORT,2026-05-20T09:00:00+00:00,2026-05-20T09:15:00+00:00,2026-05-20T14:45:00+00:00,SL,87.33,88.0888362018065,86.38145474774187,88.0888362018065,26.930284252220726,0.7299556077662149,-1.0,-1.1611177744405714,0.16111777444057135,-0.8475644307299222,71.30680575596791,22,44341557.328999996
BASELINE_CORE,NEARUSDT,LONG,2026-05-20T12:45:00+00:00,2026-05-20T13:00:00+00:00,2026-05-20T14:45:00+00:00,TP,1.646,1.6202909150609834,1.6781363561737705,1.6781363561737705,45.304201041349295,0.7215437018669784,1.2500000000000022,1.1603663158192474,0.08963368418075472,0.8372550070379671,72.14406076300588,7,151030638.37800002
BASELINE_CORE,INJUSDT,LONG,2026-05-20T12:15:00+00:00,2026-05-20T12:30:00+00:00,2026-05-20T15:30:00+00:00,TP,5.029,4.915942442636722,5.170321946704097,5.170321946704097,30.8733057506367,0.7299556077662149,1.249999999999998,1.187725525261639,0.0622744747383589,0.8669869076518065,73.01104767065769,12,69053743.26290001
BASELINE_CORE,NEARUSDT,LONG,2026-05-20T17:45:00+00:00,2026-05-20T18:00:00+00:00,2026-05-21T01:15:00+00:00,TP,1.693,1.6549188449883439,1.7406014437645703,1.7406014437645703,38.163860963643174,0.7301104767065769,1.2499999999999984,1.1877592407773723,0.06224075922262622,0.8671954654966091,73.8782431361543,29,162726069.50300002
BASELINE_CORE,INJUSDT,LONG,2026-05-21T08:00:00+00:00,2026-05-21T08:15:00+00:00,2026-05-21T10:30:00+00:00,SL,4.976,4.874092662213113,5.103384172233609,4.874092662213113,24.54673045047188,0.738782431361543,-1.0,-1.068360141195803,0.06836014119580308,-0.7892857026823967,73.0889574334719,9,72159053.78559999
BASELINE_CORE,NEARUSDT,LONG,2026-05-21T08:00:00+00:00,2026-05-21T08:15:00+00:00,2026-05-21T15:30:00+00:00,TP,1.75,1.706857740148147,1.8039278248148163,1.8039278248148163,48.60508218164007,0.738782431361543,1.2500000000000027,1.1932111343167235,0.05678886568327907,0.8815234229381737,73.97048085641008,29,197284791.845
BASELINE_CORE,LTCUSDT,SHORT,2026-05-21T16:15:00+00:00,2026-05-21T16:30:00+00:00,2026-05-21T17:30:00+00:00,SL,53.67,54.16157531036391,53.05553086204512,54.16157531036391,69.98790398363364,0.7397048085641008,-1.0,-1.1528514520885444,0.15285145208854448,-0.8527697626700024,73.11771109374007,4,58833481.55457
BASELINE_CORE,XRPUSDT,SHORT,2026-05-22T05:45:00+00:00,2026-05-22T06:00:00+00:00,2026-05-22T07:15:00+00:00,TP,1.3676,1.3762055926699983,1.356843009162502,1.356843009162502,26.142114308441368,0.7311771109374007,1.2500000000000064,1.027512128051919,0.22248787194808736,0.7512933492421426,73.86900444298222,5,568080527.67255
BASELINE_CORE,AAVEUSDT,SHORT,2026-05-22T04:45:00+00:00,2026-05-22T05:00:00+00:00,2026-05-22T12:15:00+00:00,SL,87.86,88.58763363933781,86.95045795082774,88.58763363933781,32.37999899478514,0.7311771109374007,-1.0,-1.1690466099285086,0.1690466099285087,-0.8547801227986893,73.01422432018353,29,66553033.22400001
BASELINE_CORE,XRPUSDT,SHORT,2026-05-22T13:30:00+00:00,2026-05-22T13:45:00+00:00,2026-05-22T15:30:00+00:00,TP,1.3601,1.3701920305996673,1.347484961750416,1.347484961750416,37.48553122431406,0.7301422432018353,1.2499999999999944,1.061322411164425,0.18867758883556948,0.7749163260479739,73.7891406462315,7,549860255.82699
BASELINE_CORE,LTCUSDT,SHORT,2026-05-22T18:00:00+00:00,2026-05-22T18:15:00+00:00,2026-05-22T19:00:00+00:00,TP,54.03,54.51429467291262,53.42463165885923,53.42463165885923,57.00829416047662,0.737891406462315,1.2500000000000038,1.093809968949119,0.15619003105088491,0.8071129763903665,74.59625362262187,3,51422955.03041
BASELINE_CORE,AAVEUSDT,SHORT,2026-05-23T03:45:00+00:00,2026-05-23T04:00:00+00:00,2026-05-23T06:45:00+00:00,TP,86.02,86.71530122922586,85.15087346346766,85.15087346346766,41.18544537891567,0.7459625362262188,1.2500000000000102,1.0767973722208493,0.17320262777916087,0.8032504987835924,75.39950412140547,11,90777365.03
BASELINE_CORE,ARBUSDT,SHORT,2026-05-23T04:30:00+00:00,2026-05-23T04:45:00+00:00,2026-05-23T07:45:00+00:00,TP,0.1089,0.11041978255418966,0.10700027180726292,0.10700027180726292,24.09899525932671,0.7459625362262188,1.25,1.1496830174292332,0.10031698257076684,0.8576204595377228,76.2571245809432,12,42013317.84729999
BASELINE_CORE,ETHUSDT,SHORT,2026-05-23T05:15:00+00:00,2026-05-23T05:30:00+00:00,2026-05-23T08:00:00+00:00,TP,2062.65,2074.0984343933837,2048.3394570082705,2048.3394570082705,52.08406449581402,0.7459625362262188,1.25,0.997763763954582,0.252236236045418,0.7442943879141782,77.00141896885738,10,7262260603.97535
BASELINE_CORE,WLDUSDT,LONG,2026-05-24T11:00:00+00:00,2026-05-24T11:15:00+00:00,2026-05-24T13:45:00+00:00,TP,0.3041,0.2972397708669099,0.3126752864163626,0.3126752864163626,62.18656628501571,0.7700141896885738,1.250000000000002,1.1879408483681042,0.062059151631897694,0.9147313097541228,77.9161502786115,10,178224679.3658
BASELINE_CORE,NEARUSDT,LONG,2026-05-23T22:45:00+00:00,2026-05-23T23:00:00+00:00,2026-05-24T23:00:00+00:00,TIMEOUT,2.418,2.3088513686507817,2.554435789186523,2.406,50.75382718085086,0.7700141896885738,-0.10994182750314378,-0.14095641704178064,0.03101458953863684,-0.10853844124983139,77.80761183736166,96,832512779.727
BASELINE_CORE,ARBUSDT,SHORT,2026-05-25T01:45:00+00:00,2026-05-25T02:00:00+00:00,2026-05-25T05:00:00+00:00,SL,0.1047,0.10622886892177234,0.10278891384778457,0.10622886892177234,27.980083209591,0.7780761183736167,-1.0,-1.0958747986256907,0.09587479862569062,-0.8526740095381462,76.95493782782351,12,27555223.543640003
BASELINE_CORE,DOTUSDT,SHORT,2026-05-25T01:45:00+00:00,2026-05-25T02:00:00+00:00,2026-05-25T05:00:00+00:00,SL,1.241,1.257788893456852,1.2200138831789353,1.257788893456852,27.561563650686043,0.7780761183736167,-1.0,-1.1034850810427255,0.10348508104272558,-0.8585953885409197,76.0963424392826,12,49232361.8525
BASELINE_CORE,LTCUSDT,SHORT,2026-05-25T15:15:00+00:00,2026-05-25T15:30:00+00:00,2026-05-25T17:00:00+00:00,SL,52.69,52.98540183005552,52.32074771243059,52.98540183005552,23.66071171495243,0.7609634243928259,-1.0,-1.2497140927872203,0.2497140927872203,-0.950986715559337,75.14535572372326,6,42093596.30133
BASELINE_CORE,WLDUSDT,LONG,2026-05-26T01:00:00+00:00,2026-05-26T01:15:00+00:00,2026-05-26T05:30:00+00:00,TP,0.3309,0.3202916194730075,0.3441604756587407,0.3441604756587407,62.24422731445654,0.7514535572372326,1.25,1.2063307520105206,0.0436692479894793,0.9065015348029717,76.05185725852623,17,204026261.3333
BASELINE_CORE,ETHUSDT,SHORT,2026-05-26T07:00:00+00:00,2026-05-26T07:15:00+00:00,2026-05-26T10:30:00+00:00,SL,2093.24,2107.1256251741474,2075.8829685323153,2107.1256251741474,36.92747353559571,0.7605185725852622,-1.0,-1.2110481856773787,0.21104818567737868,-0.9210246375033316,75.13083262102289,13,5069135408.15816
BASELINE_CORE,LTCUSDT,SHORT,2026-05-26T07:00:00+00:00,2026-05-26T07:15:00+00:00,2026-05-26T10:30:00+00:00,SL,52.34,52.68134170115039,51.913322873562024,52.68134170115039,36.09073203893959,0.7605185725852622,-1.0,-1.214670518583128,0.214670518583128,-0.9237794889542407,74.20705313206865,13,46615165.66683
BASELINE_CORE,NEARUSDT,LONG,2026-05-26T13:30:00+00:00,2026-05-26T13:45:00+00:00,2026-05-26T17:30:00+00:00,SL,2.824,2.697169253352981,2.9825384333087737,2.697169253352981,78.63293706583475,0.7420705313206866,-1.0,-1.031172252032886,0.03117225203288613,-0.7652025409491927,73.44185059111946,15,1104681880.582
BASELINE_CORE,WLDUSDT,LONG,2026-05-26T15:45:00+00:00,2026-05-26T16:00:00+00:00,2026-05-26T18:45:00+00:00,SL,0.4048,0.37731427267591494,0.43915715915510634,0.37731427267591494,59.66230603912265,0.7420705313206866,-1.0,-1.0206187012378383,0.020618701237838356,-0.7573710619033917,72.68447952921608,11,916634627.9661999
BASELINE_CORE,LDOUSDT,SHORT,2026-05-26T21:00:00+00:00,2026-05-26T21:15:00+00:00,2026-05-26T23:45:00+00:00,SL,0.3396,0.34323996508601334,0.33505004364248336,0.34323996508601334,13.330077233540727,0.7268447952921607,-1.0,-1.130616637458115,0.1306166374581151,-0.8217828184071547,71.86269671080892,10,12282906.3591
BASELINE_CORE,SANDUSDT,SHORT,2026-05-27T01:45:00+00:00,2026-05-27T02:00:00+00:00,2026-05-27T04:00:00+00:00,TP,0.07032,0.07088199186306172,0.06961751017117283,0.06961751017117283,26.880228219970032,0.7186269671080892,1.2499999999999938,1.0748230864702224,0.1751769135297714,0.7723968548078514,72.63509356561677,8,10449550.195039999
BASELINE_CORE,1000PEPEUSDT,SHORT,2026-05-27T02:00:00+00:00,2026-05-27T02:15:00+00:00,2026-05-27T04:45:00+00:00,TP,0.0035102,0.0035457707019778562,0.00346573662252768,0.00346573662252768,28.142286055507533,0.7186269671080892,1.250000000000003,1.111844728196278,0.13815527180372514,0.799001604918809,73.43409517053558,10,166730961.4148722
BASELINE_CORE,LTCUSDT,SHORT,2026-05-27T03:45:00+00:00,2026-05-27T04:00:00+00:00,2026-05-27T06:00:00+00:00,SL,51.99,52.260810851803356,51.65148643524581,52.260810851803356,20.57825378353127,0.7263509356561677,-1.0,-1.2687706179989147,0.2687706179989148,-0.9215727255165658,72.51252244501902,8,50881734.42371
BASELINE_CORE,LINKUSDT,SHORT,2026-05-27T08:00:00+00:00,2026-05-27T08:15:00+00:00,2026-05-27T12:30:00+00:00,SL,9.395,9.471225861388861,9.299717673263922,9.471225861388861,48.28848214255183,0.7251252244501901,-1.0,-1.1725529860909119,0.1725529860909118,-0.8502477472189132,71.6622746978001,17,133565863.82483
BASELINE_CORE,ORDIUSDT,SHORT,2026-05-27T09:15:00+00:00,2026-05-27T09:30:00+00:00,2026-05-27T12:30:00+00:00,SL,3.959,4.025127194861795,3.876341006422757,4.025127194861795,36.61130477813384,0.7251252244501901,-1.0,-1.083817255693123,0.08381725569312298,-0.7859032307974648,70.87637146700264,12,19711559.2269
BASELINE_CORE,LDOUSDT,SHORT,2026-05-27T02:00:00+00:00,2026-05-27T02:15:00+00:00,2026-05-27T13:45:00+00:00,TP,0.341,0.34505952797702555,0.33592559002871814,0.33592559002871814,26.64291032504259,0.7186269671080892,1.2499999999999967,1.1324001207278753,0.11759987927212123,0.8137732643115071,71.69014473131415,46,11637468.0698
BASELINE_CORE,AAVEUSDT,SHORT,2026-05-27T21:15:00+00:00,2026-05-27T21:30:00+00:00,2026-05-27T22:00:00+00:00,TP,84.7,85.71761118360479,83.42798602049402,83.42798602049402,21.12168861171352,0.7169014473131415,1.2500000000000036,1.1334721926109945,0.11652780738900911,0.8125878553720219,72.50273258668616,2,53349983.0
BASELINE_CORE,SANDUSDT,SHORT,2026-05-28T01:15:00+00:00,2026-05-28T01:30:00+00:00,2026-05-28T03:30:00+00:00,TP,0.06904,0.06999580736138439,0.06784524079826952,0.06784524079826952,20.62860674595553,0.7250273258668617,1.2500000000000036,1.1488750203179008,0.10112497968210271,0.832965783736324,73.33569837042249,8,10271633.165830001
BASELINE_CORE,DOTUSDT,SHORT,2026-05-28T10:15:00+00:00,2026-05-28T10:30:00+00:00,2026-05-28T14:30:00+00:00,SL,1.192,1.2077029499471588,1.1723713125660513,1.2077029499471588,59.65330737740619,0.733356983704225,-1.0,-1.1062730254898343,0.10627302548983422,-0.8112930491265721,72.52440532129592,16,79958249.13749999
BASELINE_CORE,LINKUSDT,SHORT,2026-05-28T10:45:00+00:00,2026-05-28T11:00:00+00:00,2026-05-28T14:30:00+00:00,SL,8.87,8.95401589038297,8.764980137021286,8.95401589038297,62.95706531833098,0.733356983704225,-1.0,-1.1478053728097741,0.14780537280977418,-0.8417510860832794,71.68265423521264,14,165098967.92993
BASELINE_CORE,SUIUSDT,SHORT,2026-05-28T10:15:00+00:00,2026-05-28T10:30:00+00:00,2026-05-28T17:30:00+00:00,SL,0.9166,0.9285146555566036,0.9017066805542454,0.9285146555566036,49.72665857476894,0.733356983704225,-1.0,-1.1077026519066067,0.10770265190660669,-0.8123414756434001,70.87031275956925,28,325340516.33659
BASELINE_CORE,ORDIUSDT,SHORT,2026-05-29T04:00:00+00:00,2026-05-29T04:15:00+00:00,2026-05-29T05:00:00+00:00,SL,3.433,3.4896314960861456,3.3622106298923176,3.4896314960861456,49.40708407099294,0.7087031275956924,-1.0,-1.0848679680418292,0.08486796804182922,-0.7688493219796281,70.10146343758962,3,28012137.666399997
BASELINE_CORE,ORDIUSDT,SHORT,2026-05-29T07:30:00+00:00,2026-05-29T07:45:00+00:00,2026-05-29T11:45:00+00:00,TP,3.435,3.4977851268671736,3.3565185914160334,3.3565185914160334,44.64088119681447,0.7010146343758962,1.2499999999999964,1.173405426731493,0.07659457326850334,0.8225743761948701,70.92403781378448,16,23295622.663000003
BASELINE_CORE,SUIUSDT,SHORT,2026-05-29T06:30:00+00:00,2026-05-29T06:45:00+00:00,2026-05-29T12:00:00+00:00,TP,0.925,0.9358076576670656,0.9114904279161681,0.9114904279161681,37.02876240436683,0.7010146343758962,1.2499999999999973,1.1301775518902388,0.11982244810975842,0.7922710033181812,71.71630881710266,21,232770308.13261
BASELINE_CORE,TAOUSDT,SHORT,2026-05-29T07:30:00+00:00,2026-05-29T07:45:00+00:00,2026-05-29T12:45:00+00:00,TP,256.82,260.9164464519317,251.6994419350854,251.6994419350854,28.556907414143474,0.7010146343758962,1.25,1.1622292933109244,0.08777070668907555,0.8147397431113138,72.53104856021397,20,117807605.51054
BASELINE_CORE,INJUSDT,LONG,2026-05-29T10:30:00+00:00,2026-05-29T10:45:00+00:00,2026-05-29T14:15:00+00:00,TP,6.024,5.864336690493546,6.2235791368830675,6.2235791368830675,43.10509860010235,0.7010146343758962,1.2499999999999971,1.1971788476258565,0.05282115237414062,0.8392398921509965,73.37028845236497,14,115613960.5409
BASELINE_CORE,INJUSDT,LONG,2026-05-30T01:30:00+00:00,2026-05-30T01:45:00+00:00,2026-05-30T05:00:00+00:00,TP,6.486,6.260971490990309,6.7672856362621125,6.7672856362621125,52.096640941562335,0.7337028845236497,1.2499999999999991,1.2096477795637477,0.04035222043625135,0.8875220651235497,74.25781051748852,13,215883112.84579998
BASELINE_CORE,SUIUSDT,SHORT,2026-05-30T03:30:00+00:00,2026-05-30T03:45:00+00:00,2026-05-31T01:30:00+00:00,SL,0.9055,0.9180361040602532,0.8898298699246835,0.9180361040602532,31.826877770813162,0.7337028845236497,-1.0,-1.1011239212682793,0.10112392126827935,-0.8078977972525287,73.449912720236,87,256727806.92753
BASELINE_CORE,ORDIUSDT,SHORT,2026-05-31T09:45:00+00:00,2026-05-31T10:00:00+00:00,2026-05-31T11:15:00+00:00,SL,3.392,3.4289263205243374,3.345842099344578,3.4289263205243374,23.866723084285134,0.73449912720236,-1.0,-1.1286020359615885,0.12860203596158853,-0.8289572103725933,72.6209555098634,5,16503937.1497
BASELINE_CORE,DOTUSDT,SHORT,2026-05-31T09:45:00+00:00,2026-05-31T10:00:00+00:00,2026-05-31T14:30:00+00:00,TP,1.188,1.2011822609719625,1.1715221737850467,1.1715221737850467,26.3403792568574,0.73449912720236,1.2500000000000042,1.1238304450551069,0.12616955494489734,0.8254524810164158,73.44640799087982,18,37777488.4676
BASELINE_CORE,ORDIUSDT,SHORT,2026-05-31T13:00:00+00:00,2026-05-31T13:15:00+00:00,2026-05-31T14:30:00+00:00,TP,3.393,3.441172342807708,3.3327845714903646,3.3327845714903646,30.13770023714697,0.726209555098634,1.2500000000000022,1.1513915511860924,0.09860844881390979,0.8361515461311783,74.282559537011,5,16616455.477699999
BASELINE_CORE,TAOUSDT,SHORT,2026-05-31T19:00:00+00:00,2026-05-31T19:15:00+00:00,2026-05-31T21:00:00+00:00,SL,251.55,254.0031164228082,248.48360447148977,254.0031164228082,21.84595599772768,0.74282559537011,-1.0,-1.143560247171985,0.14356024717198507,-0.8494658214471199,73.43309371556387,7,97117295.11739
BASELINE_CORE,ETHUSDT,SHORT,2026-06-01T01:00:00+00:00,2026-06-01T01:15:00+00:00,2026-06-01T06:30:00+00:00,TP,2004.57,2021.2833212276194,1983.6783484654757,1983.6783484654757,27.34538043149933,0.7343309371556387,1.25,1.0820861567979487,0.16791384320205116,0.7946093416045811,74.22770305716845,21,4537498190.359791
BASELINE_CORE,INJUSDT,LONG,2026-05-31T23:45:00+00:00,2026-06-01T00:00:00+00:00,2026-06-01T11:00:00+00:00,TP,6.537,6.3986594794565,6.709925650679375,6.709925650679375,47.21357772439139,0.7343309371556387,1.2500000000000016,1.1838458467262882,0.06615415327371332,0.8693346300743259,75.09703768724277,44,83896608.3322
BASELINE_CORE,ARBUSDT,SHORT,2026-06-01T11:45:00+00:00,2026-06-01T12:00:00+00:00,2026-06-01T13:15:00+00:00,TP,0.1007,0.10203470575563278,0.09903161780545902,0.09903161780545902,22.188777922570132,0.7509703768724277,1.2499999999999973,1.1443737228935789,0.10562627710641839,0.8593907659642941,75.95642845320707,5,33485308.75342
BASELINE_CORE,SUIUSDT,SHORT,2026-06-01T12:45:00+00:00,2026-06-01T13:00:00+00:00,2026-06-01T14:00:00+00:00,TP,0.8753,0.88560931818048,0.8624133522743999,0.8624133522743999,34.98355912468965,0.7595642845320707,1.25,1.131134719236793,0.118865280763207,0.8591695337264794,76.81559798693354,4,269272388.82617
BASELINE_CORE,LTCUSDT,SHORT,2026-06-01T13:00:00+00:00,2026-06-01T13:15:00+00:00,2026-06-01T15:00:00+00:00,TP,50.93,51.28264430579948,50.48919461775065,50.48919461775065,21.316121400407873,0.7595642845320707,1.250000000000005,1.0478075958483166,0.2021924041516884,0.7958772268677957,77.61147521380134,7,61453623.5318
BASELINE_CORE,1000PEPEUSDT,SHORT,2026-06-01T11:45:00+00:00,2026-06-01T12:00:00+00:00,2026-06-01T17:00:00+00:00,SL,0.0033539,0.003388921480904599,0.003310123148869251,0.003388921480904599,33.03469567221903,0.7509703768724277,-1.0,-1.1340737135814083,0.13407371358140838,-0.8516557640893438,76.759819449712,20,171299680.1738208
BASELINE_CORE,XRPUSDT,SHORT,2026-06-01T21:00:00+00:00,2026-06-01T21:15:00+00:00,2026-06-02T01:45:00+00:00,TP,1.2948,1.3039680289662539,1.2833399637921825,1.2833399637921825,58.65102137885535,0.76759819449712,1.250000000000006,1.0522781116123994,0.1977218883876067,0.8077267785825166,77.56754622829452,18,720794096.23589
BASELINE_CORE,LTCUSDT,SHORT,2026-06-01T21:00:00+00:00,2026-06-01T21:15:00+00:00,2026-06-02T02:00:00+00:00,TP,50.73,51.09692858751578,50.27133926560527,50.27133926560527,57.59374412696736,0.76759819449712,1.2500000000000049,1.0564419006411052,0.19355809935889964,0.8109228955232182,78.37846912381774,19,73412458.8319
BASELINE_CORE,ZROUSDT,SHORT,2026-06-01T19:00:00+00:00,2026-06-01T19:15:00+00:00,2026-06-02T03:45:00+00:00,SL,1.1239,1.1498137659852645,1.0915077925184191,1.1498137659852645,17.366675791375346,0.76759819449712,-1.0,-1.060719078843836,0.06071907884383606,-0.8142060497891769,77.56426307402856,34,11586981.966
BASELINE_CORE,SANDUSDT,SHORT,2026-06-02T04:00:00+00:00,2026-06-02T04:15:00+00:00,2026-06-02T05:15:00+00:00,TP,0.06816,0.06907230344296261,0.06701962069629673,0.06701962069629673,41.77960977615526,0.7756426307402856,1.25,1.1454032227587347,0.10459677724126536,0.8884235689589864,78.45268664298754,4,12564947.43816
BASELINE_CORE,ARBUSDT,SHORT,2026-06-02T04:00:00+00:00,2026-06-02T04:15:00+00:00,2026-06-02T06:15:00+00:00,TP,0.1007,0.10196580588269726,0.09911774264662843,0.09911774264662843,36.96527566949495,0.7756426307402856,1.25,1.1386243128372961,0.11137568716270389,0.8831655574339703,79.33585220042151,8,42480434.543919995
BASELINE_CORE,SUIUSDT,SHORT,2026-06-02T11:15:00+00:00,2026-06-02T11:30:00+00:00,2026-06-02T13:30:00+00:00,SL,0.8455,0.8535370451851982,0.8354536935185023,0.8535370451851982,43.21266236424572,0.7933585220042152,-1.0,-1.1472804958444198,0.1472804958444199,-0.910204758507392,78.42564744191412,8,270664753.14938
BASELINE_CORE,DOTUSDT,SHORT,2026-06-02T11:15:00+00:00,2026-06-02T11:30:00+00:00,2026-06-02T14:30:00+00:00,TP,1.136,1.1519035130182935,1.116120608727133,1.116120608727133,51.38937407822296,0.7933585220042152,1.2499999999999964,1.1499969378985235,0.10000306210147288,0.9123598709605458,79.33800731287467,12,91383951.6659
BASELINE_CORE,LINKUSDT,SHORT,2026-06-02T11:15:00+00:00,2026-06-02T11:30:00+00:00,2026-06-02T14:30:00+00:00,TP,8.809,8.896149315990593,8.700063355011757,8.700063355011757,32.25401299301275,0.7933585220042152,1.25,1.10848884916858,0.1415111508314199,0.879429075034538,80.2174363879092,12,124110795.28026001
BASELINE_CORE,ETHUSDT,SHORT,2026-06-02T13:00:00+00:00,2026-06-02T13:15:00+00:00,2026-06-02T14:30:00+00:00,TP,1972.5,1987.4800754908838,1953.7749056363953,1953.7749056363953,40.49152290982831,0.7842564744191413,1.25,1.0656551346032583,0.18434486539674158,0.8357469388106068,81.0531833267198,5,9657713345.66327
BASELINE_CORE,INJUSDT,LONG,2026-06-02T13:30:00+00:00,2026-06-02T13:45:00+00:00,2026-06-02T14:45:00+00:00,SL,7.203,6.990328968472734,7.468838789409083,6.990328968472734,53.93855894518577,0.7842564744191413,-1.0,-1.0474168951341505,0.047416895134150476,-0.8214434814249523,80.23173984529485,4,165134273.23349997
BASELINE_CORE,NEARUSDT,LONG,2026-06-02T08:45:00+00:00,2026-06-02T09:00:00+00:00,2026-06-02T15:15:00+00:00,SL,2.655,2.551783880373812,2.7840201495327346,2.551783880373812,60.276958498542484,0.7933585220042152,-1.0,-1.0360118168892771,0.03601181688927713,-0.8219288038261785,79.40981104146867,25,647236033.4499999
BASELINE_CORE,NEARUSDT,LONG,2026-06-02T22:15:00+00:00,2026-06-02T22:30:00+00:00,2026-06-02T23:30:00+00:00,SL,2.673,2.5391415237211943,2.8403230953485075,2.5391415237211943,31.33613795044688,0.7940981104146867,-1.0,-1.0279563917357433,0.02795639173574333,-0.8162982282660531,78.59351281320262,4,722928729.583
BASELINE_CORE,SANDUSDT,SHORT,2026-06-02T22:00:00+00:00,2026-06-02T22:15:00+00:00,2026-06-03T04:00:00+00:00,TP,0.06201,0.06334410819757202,0.060342364753034984,0.060342364753034984,52.80258434317019,0.7940981104146867,1.2499999999999936,1.1849273168712975,0.06507268312869606,0.940948543306242,79.53446135650887,23,19220547.0442
BASELINE_CORE,AAVEUSDT,SHORT,2026-06-03T01:30:00+00:00,2026-06-03T01:45:00+00:00,2026-06-03T05:15:00+00:00,SL,73.58,74.92316820309637,71.90103974612954,74.92316820309637,87.34168252436089,0.7859351281320263,-1.0,-1.0766932985478135,0.0766932985478135,-0.8462110855530698,78.6882502709558,14,109680926.696
BASELINE_CORE,FILUSDT,SHORT,2026-06-03T01:30:00+00:00,2026-06-03T01:45:00+00:00,2026-06-03T05:15:00+00:00,SL,0.867,0.8859036773031111,0.843370403371111,0.8859036773031111,60.515807151809575,0.7859351281320263,-1.0,-1.0642097291726533,0.06420972917265327,-0.8363998098566583,77.85185046109915,14,160304433.6613
BASELINE_CORE,ORDIUSDT,SHORT,2026-06-03T03:30:00+00:00,2026-06-03T03:45:00+00:00,2026-06-03T05:15:00+00:00,SL,3.39,3.508082404038559,3.2423969949518017,3.508082404038559,38.499219612351304,0.7953446135650887,-1.0,-1.0401922711401628,0.040192271140162696,-0.8273113199233647,77.02453914117578,6,36966767.780999996
BASELINE_CORE,LTCUSDT,SHORT,2026-06-03T18:15:00+00:00,2026-06-03T18:30:00+00:00,2026-06-03T22:15:00+00:00,SL,47.42,47.95584469447938,46.75019413190078,47.95584469447938,50.64344576771824,0.7702453914117579,-1.0,-1.1238941071619675,0.12389410716196747,-0.8656742564763378,76.15886488469944,15,105436887.63242
BASELINE_CORE,AAVEUSDT,SHORT,2026-06-03T19:15:00+00:00,2026-06-03T19:30:00+00:00,2026-06-04T00:45:00+00:00,TP,74.86,76.25122198871722,73.12097251410347,73.12097251410347,55.84656479252277,0.7702453914117579,1.2500000000000027,1.1746676656565562,0.07533233434344638,0.9047823559123701,77.06364724061181,21,78986716.715
BASELINE_CORE,TAOUSDT,SHORT,2026-06-03T19:15:00+00:00,2026-06-03T19:30:00+00:00,2026-06-04T01:30:00+00:00,TP,226.47,231.88050029371993,219.7068746328501,219.7068746328501,39.24981896458502,0.7702453914117579,1.2499999999999987,1.1913995041515806,0.058600495848418116,0.9176699774030084,77.98131721801482,24,204604356.55650997
BASELINE_CORE,SANDUSDT,SHORT,2026-06-04T07:00:00+00:00,2026-06-04T07:15:00+00:00,2026-06-04T08:30:00+00:00,TP,0.05834,0.0593818986179444,0.057037626727569506,0.057037626727569506,64.47198181792358,0.7798131721801482,1.2500000000000016,1.171608495689206,0.07839150431079547,0.9136357375766113,78.89495295559144,5,14118780.6619
BASELINE_CORE,ARBUSDT,SHORT,2026-06-04T07:00:00+00:00,2026-06-04T07:15:00+00:00,2026-06-04T09:30:00+00:00,TP,0.0901,0.09233192105836427,0.08731009867704466,0.08731009867704466,60.79831769487407,0.7798131721801482,1.2500000000000016,1.1934836642060977,0.0565163357939037,0.9306942821297439,79.82564723772118,9,60536415.4229
BASELINE_CORE,TIAUSDT,SHORT,2026-06-04T07:00:00+00:00,2026-06-04T07:15:00+00:00,2026-06-04T09:30:00+00:00,TP,0.3469,0.3575048698039076,0.33364391274511546,0.33364391274511546,42.63190644866649,0.7798131721801482,1.25,1.2042040582317148,0.045795941768285234,0.9390541866018814,80.76470142432306,9,37721262.8553
BASELINE_CORE,STRKUSDT,SHORT,2026-06-04T10:45:00+00:00,2026-06-04T11:00:00+00:00,2026-06-04T12:30:00+00:00,SL,0.03354,0.034616537057520824,0.032194328678098974,0.034616537057520824,36.038382258390826,0.8076470142432307,-1.0,-1.0436176345922878,0.0436176345922878,-0.8428746665900443,79.92182675773302,6,18080920.950921
BASELINE_CORE,LDOUSDT,SHORT,2026-06-04T13:15:00+00:00,2026-06-04T13:30:00+00:00,2026-06-04T15:15:00+00:00,SL,0.2763,0.2854500245668196,0.26486246929147544,0.2854500245668196,61.6918009463316,0.7992182675773302,-1.0,-1.0422752963311934,0.04227529633119349,-0.8330054566724648,79.08882130106055,7,31125995.8513
BASELINE_CORE,TAOUSDT,SHORT,2026-06-04T13:15:00+00:00,2026-06-04T13:30:00+00:00,2026-06-05T03:00:00+00:00,TP,214.32,221.43279594591598,205.429005067605,205.429005067605,43.41101521808361,0.7992182675773302,1.25,1.2078157447111524,0.04218425528884754,0.9653084070406701,80.05412970810121,54,222507912.04099998
BASELINE_CORE,ETHUSDT,SHORT,2026-06-04T17:15:00+00:00,2026-06-04T17:30:00+00:00,2026-06-05T03:15:00+00:00,TP,1764.02,1795.7006678240402,1724.4191652199497,1724.4191652199497,81.6823106504769,0.7908882130106055,1.2499999999999982,1.1720462139965993,0.07795378600339892,0.9269575357536162,80.98108724385483,39,17192060477.74198
BASELINE_CORE,1000PEPEUSDT,SHORT,2026-06-04T13:15:00+00:00,2026-06-04T13:30:00+00:00,2026-06-05T05:45:00+00:00,TP,0.0029584,0.0030432745806194083,0.0028523067742257393,0.0028523067742257393,49.612179481784864,0.7992182675773302,1.2500000000000013,1.2012014083630973,0.04879859163690402,0.9600221086034038,81.94110935245823,65,392570188.295924
BASELINE_CORE,FILUSDT,SHORT,2026-06-05T05:30:00+00:00,2026-06-05T05:45:00+00:00,2026-06-05T06:30:00+00:00,TP,0.831,0.8610264562741514,0.7934669296573106,0.7934669296573106,22.188068877711963,0.8194110935245823,1.2500000000000018,1.2112541690108976,0.0387458309891042,0.9925151031654288,82.93362445562366,3,189510130.71359998
BASELINE_CORE,DOTUSDT,SHORT,2026-06-05T13:30:00+00:00,2026-06-05T13:45:00+00:00,2026-06-05T14:00:00+00:00,TP,0.989,1.0096071984314685,0.9632410019606642,0.9632410019606642,69.61903228498814,0.8293362445562366,1.2500000000000067,1.182809886574126,0.06719011342588066,0.9809471093553737,83.91457156497903,1,96973557.2037
BASELINE_CORE,LINKUSDT,SHORT,2026-06-05T08:00:00+00:00,2026-06-05T08:15:00+00:00,2026-06-05T14:15:00+00:00,TP,7.559,7.7286369519584355,7.346953810051956,7.346953810051956,54.214465414633835,0.8293362445562366,1.2499999999999987,1.1876161863448644,0.06238381365513431,0.9849331479574495,84.89950471293648,24,195285227.62364998
BASELINE_CORE,XRPUSDT,SHORT,2026-06-05T11:00:00+00:00,2026-06-05T11:15:00+00:00,2026-06-05T16:00:00+00:00,TP,1.1247,1.1508870022640874,1.091966247169891,1.091966247169891,94.46597791514975,0.8293362445562366,1.2499999999999958,1.1898716972595416,0.060128302740454116,0.9868037249089834,85.88630843784546,19,976068941.71025
BASELINE_CORE,SUIUSDT,SHORT,2026-06-05T22:00:00+00:00,2026-06-05T22:15:00+00:00,2026-06-06T01:00:00+00:00,SL,0.7041,0.7263364984478597,0.6763043769401752,0.7263364984478597,70.59408655049508,0.8588630843784546,-1.0,-1.0443298211861622,0.04432982118616228,-0.8969363313323473,84.98937210651312,11,453790129.69232
BASELINE_CORE,1000PEPEUSDT,SHORT,2026-06-05T22:00:00+00:00,2026-06-05T22:15:00+00:00,2026-06-06T04:15:00+00:00,TP,0.0027173,0.0028068047122878693,0.002605419109640164,0.002605419109640164,87.50287999992214,0.8588630843784546,1.2499999999999976,1.2074969864406142,0.042503013559383275,1.037074586152075,86.02644669266519,24,498076151.92417604
BASELINE_CORE,TAOUSDT,SHORT,2026-06-05T22:00:00+00:00,2026-06-05T22:15:00+00:00,2026-06-06T04:15:00+00:00,TP,195.11,201.00998526475962,187.7350184190505,187.7350184190505,86.14002486998481,0.8588630843784546,1.25,1.2037025962367163,0.046297403763283736,1.0338157244782198,87.0602624171434,24,212531885.33830997
BASELINE_CORE,QNTUSDT,SHORT,2026-06-06T00:30:00+00:00,2026-06-06T00:45:00+00:00,2026-06-06T04:15:00+00:00,TP,65.66,67.18077156596414,63.75903554254482,63.75903554254482,55.035273846237445,0.8498937210651312,1.25,1.1895543669691628,0.0604456330308372,1.0109947873526983,88.0712572044961,14,11848933.089
BASELINE_CORE,SANDUSDT,SHORT,2026-06-06T10:00:00+00:00,2026-06-06T10:15:00+00:00,2026-06-06T14:00:00+00:00,SL,0.0508,0.05210855201331576,0.049164309983355296,0.05210855201331576,90.14997409024116,0.8807125720449611,-1.0,-1.0543501513705884,0.05435015137058847,-0.928579433649585,87.14267777084652,15,15352133.54086
BASELINE_CORE,ZROUSDT,SHORT,2026-06-06T14:15:00+00:00,2026-06-06T14:30:00+00:00,2026-06-06T15:15:00+00:00,TP,0.9148,0.9321668462738784,0.8930914421576519,0.8930914421576519,52.459404957157155,0.8714267777084652,1.2500000000000016,1.1762548893562608,0.07374511064374073,1.0250200079955536,88.16769777884207,3,16429287.26658
BASELINE_CORE,QNTUSDT,SHORT,2026-06-06T08:30:00+00:00,2026-06-06T08:45:00+00:00,2026-06-06T20:30:00+00:00,SL,64.25,65.70477080902921,62.43153648871348,65.70477080902921,44.42236514235834,0.8807125720449611,-1.0,-1.0618310454414637,0.06183104544146357,-0.9351679511079415,87.23252982773413,47,11560579.239
BASELINE_CORE,TIAUSDT,SHORT,2026-06-06T10:00:00+00:00,2026-06-06T10:15:00+00:00,2026-06-06T23:45:00+00:00,SL,0.2934,0.30232962908481137,0.2822379636439858,0.30232962908481137,84.78765560067346,0.8807125720449611,-1.0,-1.045999670994025,0.04599967099402502,-0.9212250605993307,86.3113047671348,54,34881007.5696
BASELINE_CORE,ETHUSDT,SHORT,2026-06-06T15:00:00+00:00,2026-06-06T15:15:00+00:00,2026-06-07T01:15:00+00:00,SL,1551.1,1578.85946179231,1516.4006727596122,1578.85946179231,77.260062179536,0.8816769777884207,-1.0,-1.07822702097926,0.07822702097925983,-0.950647941226806,85.360656825908,40,17142432838.837881
BASELINE_CORE,AAVEUSDT,SHORT,2026-06-06T22:00:00+00:00,2026-06-06T22:15:00+00:00,2026-06-07T01:15:00+00:00,SL,60.11,61.240722659004696,58.69659667624413,61.240722659004696,75.31812249243728,0.8723252982773413,-1.0,-1.0744249700223354,0.07442497002233547,-0.9372480824513572,84.42340874345663,12,77314081.98699999
BASELINE_CORE,LTCUSDT,SHORT,2026-06-07T04:15:00+00:00,2026-06-07T04:30:00+00:00,2026-06-07T06:30:00+00:00,SL,41.35,42.05550278004574,40.46812152494282,42.05550278004574,53.457072747538604,0.8442340874345664,-1.0,-1.0820549566030722,0.0820549566030721,-0.913507678841844,83.5099010646148,8,103080652.81046
BASELINE_CORE,WLDUSDT,LONG,2026-06-08T00:00:00+00:00,2026-06-08T00:15:00+00:00,2026-06-08T11:00:00+00:00,SL,0.4787,0.45700969390430796,0.5058128826196151,0.45700969390430796,44.589939291504784,0.835099010646148,-1.0,-1.0308976736908801,0.030897673690880065,-0.8609016273766695,82.64899943723813,43,794900564.6467
BASELINE_CORE,DOTUSDT,SHORT,2026-06-08T08:45:00+00:00,2026-06-08T09:00:00+00:00,2026-06-08T11:15:00+00:00,SL,0.96,0.9721405530489862,0.9448243086887672,0.9721405530489862,45.352620685342195,0.835099010646148,-1.0,-1.1107033587825088,0.11070335878250874,-0.9275472760406267,81.7214521611975,9,57991117.5733
BASELINE_CORE,ZROUSDT,SHORT,2026-06-08T17:15:00+00:00,2026-06-08T17:30:00+00:00,2026-06-08T20:15:00+00:00,TP,0.8755,0.8906909599044013,0.8565113001194983,0.8565113001194983,42.27822683624778,0.817214521611975,1.25,1.1693138545744648,0.08068614542553515,0.9555802622803258,82.67703242347783,11,14831511.16962
BASELINE_CORE,WLDUSDT,LONG,2026-06-09T11:30:00+00:00,2026-06-09T11:45:00+00:00,2026-06-09T12:45:00+00:00,TP,0.5162,0.4990168582778636,0.5376789271526705,0.5376789271526705,41.80463058158146,0.8267703242347783,1.25,1.2079424990094216,0.04205750099057831,0.9986910115629878,83.67572343504081,4,745805516.8287001
BASELINE_CORE,AAVEUSDT,SHORT,2026-06-09T09:30:00+00:00,2026-06-09T09:45:00+00:00,2026-06-09T14:30:00+00:00,TP,62.23,63.17142980934866,61.05321273831417,61.05321273831417,27.376765060423335,0.8267703242347783,1.2499999999999962,1.157457784813209,0.09254221518678725,0.956951748038085,84.63267518307889,19,43135049.866
BASELINE_CORE,JUPUSDT,SHORT,2026-06-09T08:00:00+00:00,2026-06-09T08:15:00+00:00,2026-06-09T16:15:00+00:00,TP,0.1562,0.1594033852923726,0.15219576838453425,0.15219576838453425,34.468050830148655,0.8267703242347783,1.2500000000000022,1.1817347181056617,0.0682652818943405,0.9770231960477122,85.6096983791266,32,11911930.9059
BASELINE_CORE,JUPUSDT,SHORT,2026-06-10T07:45:00+00:00,2026-06-10T08:00:00+00:00,2026-06-10T09:00:00+00:00,TP,0.1511,0.15264353314513715,0.1491705835685786,0.1491705835685786,26.37771442843778,0.856096983791266,1.2499999999999956,1.112950788801356,0.13704921119863955,0.952793813400951,86.56249219252754,4,10365962.8265
BASELINE_CORE,TAOUSDT,SHORT,2026-06-10T08:00:00+00:00,2026-06-10T08:15:00+00:00,2026-06-10T12:45:00+00:00,SL,205.48,208.07905213481573,202.23118483148033,208.07905213481573,34.13932581184064,0.856096983791266,-1.0,-1.1106834280645914,0.11068342806459132,-0.9508527327130403,85.6116394598145,18,83062640.9674
BASELINE_CORE,SUIUSDT,SHORT,2026-06-10T08:00:00+00:00,2026-06-10T08:15:00+00:00,2026-06-10T13:45:00+00:00,SL,0.7442,0.7555224944462253,0.7300468819422183,0.7555224944462253,30.972710414284577,0.856096983791266,-1.0,-1.0920185922764871,0.09201859227648708,-0.9348738230918849,84.6767656367226,22,142924847.45961
BASELINE_CORE,WLDUSDT,LONG,2026-06-14T01:00:00+00:00,2026-06-14T01:15:00+00:00,2026-06-14T04:45:00+00:00,SL,0.5073,0.49287874808231014,0.5253265648971123,0.49287874808231014,50.88675118828252,0.8467676563672261,-1.0,-1.0492481515511707,0.04924815155117068,-0.8884693982366288,83.78829623848598,14,359927712.5083
BASELINE_CORE,WLDUSDT,LONG,2026-06-14T08:15:00+00:00,2026-06-14T08:30:00+00:00,2026-06-14T11:00:00+00:00,SL,0.5124,0.4945020759053848,0.534772405118269,0.4945020759053848,44.977208718121226,0.8378829623848598,-1.0,-1.0400806258987223,0.0400806258987224,-0.8714658359471206,82.91683040253886,10,382510806.302
BASELINE_CORE,DOTUSDT,SHORT,2026-06-14T16:45:00+00:00,2026-06-14T17:00:00+00:00,2026-06-14T18:30:00+00:00,TP,0.956,0.9627450940048856,0.9475686324938929,0.9475686324938929,37.05884335348653,0.8291683040253887,1.25,1.0515742999236837,0.19842570007631627,0.8719320788244062,83.78876248136326,6,36831528.1132
BASELINE_CORE,SUIUSDT,SHORT,2026-06-14T16:45:00+00:00,2026-06-14T17:00:00+00:00,2026-06-14T20:45:00+00:00,SL,0.7496,0.7533328060035351,0.7449339924955811,0.7533328060035351,36.746514179703524,0.8291683040253887,-1.0,-1.2811397107179276,0.28113971071792765,-1.062280441155561,82.7264820402077,15,86853980.31713
BASELINE_CORE,WLDUSDT,LONG,2026-06-16T00:30:00+00:00,2026-06-16T00:45:00+00:00,2026-06-16T05:30:00+00:00,SL,0.6027,0.5793247760503217,0.6319190299370978,0.5793247760503217,53.57328843033918,0.827264820402077,-1.0,-1.036097194269303,0.036097194269302954,-0.8571267593362908,81.8693552808714,19,765763624.9656999
BASELINE_CORE,ARBUSDT,SHORT,2026-06-19T09:00:00+00:00,2026-06-19T09:15:00+00:00,2026-06-19T13:45:00+00:00,SL,0.08299,0.08430984566984981,0.08134019291268772,0.08430984566984981,22.437072210742915,0.818693552808714,-1.0,-1.088029989152611,0.08802998915261116,-0.8907631373817777,80.97859214348962,18,28112820.028485
BASELINE_CORE,1000PEPEUSDT,SHORT,2026-06-19T09:00:00+00:00,2026-06-19T09:15:00+00:00,2026-06-19T13:45:00+00:00,SL,0.0027821,0.002816671705332808,0.00273888536833399,0.002816671705332808,15.459427375399192,0.818693552808714,-1.0,-1.1126626517987752,0.11266265179877515,-0.9109297394787044,80.06766240401092,18,152956130.3044859
BASELINE_CORE,SUIUSDT,SHORT,2026-06-19T09:00:00+00:00,2026-06-19T09:15:00+00:00,2026-06-19T14:00:00+00:00,SL,0.7106,0.719767125070604,0.699141093661745,0.719767125070604,38.82338966037129,0.818693552808714,-1.0,-1.1085225730354795,0.1085225730354795,-0.907540283687074,79.16012212032385,19,152628711.32091
BASELINE_CORE,TAOUSDT,SHORT,2026-06-19T19:15:00+00:00,2026-06-19T19:30:00+00:00,2026-06-20T00:00:00+00:00,SL,224.18,228.2678848099353,219.07014398758088,228.2678848099353,41.95492510429532,0.7916012212032385,-1.0,-1.076776135970663,0.07677613597066282,-0.8523773041968812,78.30774481612697,18,109937043.20002
BASELINE_CORE,SUIUSDT,SHORT,2026-06-19T21:30:00+00:00,2026-06-19T21:45:00+00:00,2026-06-20T00:00:00+00:00,SL,0.7097,0.7167143234140657,0.7009320957324179,0.7167143234140657,42.21806204949037,0.7916012212032385,-1.0,-1.1416501551678655,0.1416501551678654,-0.903731657017749,77.40401315910923,9,102642100.63633001
BASELINE_CORE,XRPUSDT,SHORT,2026-06-19T16:45:00+00:00,2026-06-19T17:00:00+00:00,2026-06-20T00:45:00+00:00,SL,1.1296,1.140736583629192,1.11567927046351,1.140736583629192,45.974416218392186,0.7916012212032385,-1.0,-1.1420040519297678,0.1420040519297678,-0.9040118021266508,76.50000135698258,31,441731896.97736
BASELINE_CORE,FILUSDT,SHORT,2026-06-20T10:30:00+00:00,2026-06-20T10:45:00+00:00,2026-06-21T03:45:00+00:00,SL,0.783,0.7939643499161776,0.7692945626047781,0.7939643499161776,23.50375411321835,0.7650000135698258,-1.0,-1.0999785676652467,0.09997856766524667,-0.8414836191904314,75.65851773779215,68,67338232.9849
BASELINE_CORE,SUIUSDT,SHORT,2026-06-21T08:15:00+00:00,2026-06-21T08:30:00+00:00,2026-06-21T15:45:00+00:00,SL,0.7076,0.7137088783098622,0.6999639021126722,0.7137088783098622,32.46497739897399,0.7565851773779215,-1.0,-1.162163976715776,0.16216397671577618,-0.8792760384657361,74.77924169932642,29,97588841.0839
BASELINE_CORE,INJUSDT,SHORT,2026-06-21T16:00:00+00:00,2026-06-21T16:15:00+00:00,2026-06-21T18:15:00+00:00,TP,4.976,5.043198565693735,4.892001792882831,4.892001792882831,33.33357086687007,0.7477924169932643,1.2500000000000067,1.146331120641031,0.1036688793589757,0.8572177193787537,75.63645941870517,8,25688582.6792
BASELINE_CORE,JUPUSDT,LONG,2026-06-21T12:45:00+00:00,2026-06-21T13:00:00+00:00,2026-06-21T21:00:00+00:00,SL,0.2218,0.21626661076913645,0.22871673653857943,0.21626661076913645,50.82337143364697,0.7565851773779215,-1.0,-1.0561175053921772,0.0561175053921771,-0.7990428501490684,74.83741656855611,32,31165483.1424
BASELINE_CORE,XRPUSDT,SHORT,2026-06-21T20:15:00+00:00,2026-06-21T20:30:00+00:00,2026-06-21T21:15:00+00:00,TP,1.1416,1.149274574740237,1.1320067815747035,1.1320067815747035,21.386870587735757,0.7563645941870517,1.2500000000000073,1.041748721708252,0.2082512782917553,0.7879418491397419,75.62535841769585,3,252896626.63983
BASELINE_CORE,SUIUSDT,SHORT,2026-06-22T03:00:00+00:00,2026-06-22T03:15:00+00:00,2026-06-22T08:15:00+00:00,SL,0.7015,0.7125676497820098,0.6876654377724878,0.7125676497820098,50.532661383826685,0.7562535841769585,-1.0,-1.0887360929685705,0.08873609296857043,-0.8233605725302998,74.80199784516554,20,114333238.41441
BASELINE_CORE,INJUSDT,SHORT,2026-06-22T07:45:00+00:00,2026-06-22T08:00:00+00:00,2026-06-22T12:15:00+00:00,SL,4.907,4.957460448922427,4.843924438846966,4.957460448922427,39.879834140177735,0.7480199784516555,-1.0,-1.1361422687808607,0.1361422687808606,-0.8498571154114744,73.95214072975406,17,32444989.019700002
BASELINE_CORE,XRPUSDT,SHORT,2026-06-23T01:30:00+00:00,2026-06-23T01:45:00+00:00,2026-06-23T05:00:00+00:00,TP,1.1274,1.135949113601444,1.116713607998195,1.116713607998195,38.838314736565735,0.7395214072975407,1.2500000000000064,1.0653773509649749,0.18462264903503148,0.7878693578885442,74.7400100876426,13,472647718.10978
BASELINE_CORE,1000PEPEUSDT,SHORT,2026-06-23T01:30:00+00:00,2026-06-23T01:45:00+00:00,2026-06-23T05:45:00+00:00,TP,0.0028085,0.0028333665723617517,0.00277741678454781,0.00277741678454781,35.52375809241015,0.7395214072975407,1.25,1.091880097393407,0.1581199026065929,0.8074687062245481,75.54747879386716,16,129266180.5478194
BASELINE_CORE,LDOUSDT,SHORT,2026-06-23T01:30:00+00:00,2026-06-23T01:45:00+00:00,2026-06-23T06:15:00+00:00,TP,0.2667,0.26958615529409546,0.26309230588238064,0.26309230588238064,20.953990286082213,0.7395214072975407,1.2500000000000049,1.1206306619176554,0.12936933808234952,0.828730364162119,76.37620915802927,18,11085063.0336
BASELINE_CORE,LDOUSDT,SHORT,2026-06-23T17:15:00+00:00,2026-06-23T17:30:00+00:00,2026-06-23T20:30:00+00:00,SL,0.2564,0.2592293638608127,0.2528632951739842,0.2592293638608127,48.69941852467924,0.7637620915802927,-1.0,-1.1268695076556525,0.12686950765565255,-0.8606602121051359,75.51554894592414,12,15622909.997
BASELINE_CORE,DOTUSDT,SHORT,2026-06-23T15:00:00+00:00,2026-06-23T15:15:00+00:00,2026-06-23T22:15:00+00:00,SL,0.897,0.91138041804639,0.8790244774420125,0.91138041804639,36.24090588103896,0.7637620915802927,-1.0,-1.0873270857598782,0.08732708575987816,-0.8304592092518689,74.68508973667227,28,59959851.2759
BASELINE_CORE,1000PEPEUSDT,SHORT,2026-06-23T23:00:00+00:00,2026-06-23T23:15:00+00:00,2026-06-24T01:45:00+00:00,SL,0.0026872,0.002715262637018009,0.0026521217037274885,0.002715262637018009,54.416777998729316,0.7468508973667227,-1.0,-1.1340601026762267,0.13406010267622678,-0.8469738053515377,73.83811593132073,10,143049657.8318707
BASELINE_CORE,LTCUSDT,SHORT,2026-06-24T02:00:00+00:00,2026-06-24T02:15:00+00:00,2026-06-24T04:15:00+00:00,TP,42.07,42.41884142139878,41.63394822325152,41.63394822325152,55.81818062391357,0.7383811593132074,1.250000000000005,1.0811611053417063,0.16883889465829882,0.7983089903665578,74.6364249216873,8,70467119.58869
BASELINE_CORE,INJUSDT,SHORT,2026-06-23T22:30:00+00:00,2026-06-23T22:45:00+00:00,2026-06-24T04:30:00+00:00,TP,4.557,4.627038983542185,4.46945127057227,4.46945127057227,58.86199320242026,0.7468508973667227,1.2499999999999936,1.1589107283209235,0.09108927167907017,0.8655335174144039,75.5019584391017,23,38121269.1003
BASELINE_CORE,ARBUSDT,SHORT,2026-06-24T09:15:00+00:00,2026-06-24T09:30:00+00:00,2026-06-24T11:15:00+00:00,TP,0.07824,0.07877618723839842,0.07756976595200198,0.07756976595200198,65.37339711912038,0.755019584391017,1.2500000000000064,1.0457131536230173,0.20428684637698918,0.7895339106406702,76.29149234974237,7,18761035.868871
BASELINE_CORE,ARBUSDT,SHORT,2026-06-24T12:45:00+00:00,2026-06-24T13:00:00+00:00,2026-06-24T13:30:00+00:00,TP,0.07818,0.07910249141322563,0.07702688573346796,0.07702688573346796,55.02892599954809,0.7629149234974237,1.2500000000000038,1.1313517411318974,0.11864825886810632,0.8631251270343187,77.15461747677669,2,17154015.52713
BASELINE_CORE,FILUSDT,SHORT,2026-06-24T12:45:00+00:00,2026-06-24T13:00:00+00:00,2026-06-24T13:30:00+00:00,TP,0.77,0.783003024155919,0.7537462198051013,0.7537462198051013,28.55155484593734,0.7629149234974237,1.2499999999999978,1.1670962087685335,0.08290379123146441,0.890395114826779,78.04501259160347,2,61450634.891100004
BASELINE_CORE,JUPUSDT,LONG,2026-06-25T03:30:00+00:00,2026-06-25T03:45:00+00:00,2026-06-25T05:15:00+00:00,TP,0.2207,0.2153020939329319,0.22744738258383515,0.22744738258383515,24.03162222753364,0.7804501259160347,1.2500000000000013,1.1927592855153524,0.057240714484648965,0.9308891345679763,78.97590172617144,6,37791777.338300005
BASELINE_CORE,INJUSDT,SHORT,2026-06-25T07:00:00+00:00,2026-06-25T07:15:00+00:00,2026-06-25T07:30:00+00:00,SL,4.187,4.277385748426578,4.074017814466778,4.277385748426578,51.013186833425436,0.7897590172617145,-1.0,-1.0648531444618357,0.0648531444618357,-0.8409773728982258,78.13492435327322,1,49986656.2988
BASELINE_CORE,INJUSDT,SHORT,2026-06-25T10:45:00+00:00,2026-06-25T11:00:00+00:00,2026-06-25T13:00:00+00:00,SL,4.213,4.301919021432322,4.101851223209597,4.301919021432322,57.46165349099309,0.7813492435327323,-1.0,-1.0663322639519737,0.06633226395197357,-0.8331779077934204,77.3017464454798,8,55794488.977800004
BASELINE_CORE,NEARUSDT,SHORT,2026-06-25T22:00:00+00:00,2026-06-25T22:15:00+00:00,2026-06-25T22:45:00+00:00,TP,1.818,1.8513228657454108,1.7763464178182367,1.7763464178182367,34.57768321377385,0.7730174644547979,1.2499999999999982,1.1736200145736089,0.07637998542638925,0.9072287678990941,78.20897521337889,2,151933717.697
BASELINE_CORE,LINKUSDT,SHORT,2026-06-26T00:45:00+00:00,2026-06-26T01:00:00+00:00,2026-06-26T02:15:00+00:00,TP,7.229,7.318182441331624,7.117521948335471,7.117521948335471,62.251596873038096,0.782089752133789,1.2499999999999976,1.1365180202640237,0.11348197973597378,0.8888590967638749,79.09783431014277,5,101866365.08876
BASELINE_CORE,TAOUSDT,SHORT,2026-06-25T20:30:00+00:00,2026-06-25T20:45:00+00:00,2026-06-26T03:15:00+00:00,TP,210.11,213.9816787336867,205.27040158289168,205.27040158289168,43.75346493415057,0.7730174644547979,1.2499999999999962,1.1740241713650874,0.07597582863490886,0.907541188157285,80.00537549830005,26,96072210.55624999
BASELINE_CORE,LTCUSDT,SHORT,2026-06-25T18:30:00+00:00,2026-06-25T18:45:00+00:00,2026-06-26T04:15:00+00:00,SL,40.48,41.30437079825987,39.44953650217516,41.30437079825987,52.219893934974095,0.7730174644547979,-1.0,-1.0687457635806927,0.0687457635806927,-0.826159140309954,79.1792163579901,38,73486809.91229
BASELINE_CORE,LDOUSDT,SHORT,2026-06-26T06:00:00+00:00,2026-06-26T06:15:00+00:00,2026-06-26T06:45:00+00:00,SL,0.2414,0.24596544726193365,0.23569319092258295,0.24596544726193365,62.44266712070795,0.791792163579901,-1.0,-1.0740256059505682,0.07402560595056815,-0.8504050582758146,78.32881129971429,2,12955441.3812
BASELINE_CORE,AAVEUSDT,LONG,2026-06-26T09:30:00+00:00,2026-06-26T09:45:00+00:00,2026-06-26T10:15:00+00:00,SL,86.4,84.1580426039995,89.20244674500063,84.1580426039995,40.56928795984079,0.783288112997143,-1.0,-1.0539528539729544,0.053952853972954344,-0.8255487421764288,77.50326255753787,2,315912096.62
BASELINE_CORE,AAVEUSDT,LONG,2026-06-26T11:45:00+00:00,2026-06-26T12:00:00+00:00,2026-06-26T14:30:00+00:00,TP,86.2,83.58682677565741,89.46646653042824,89.46646653042824,46.48805722676874,0.7750326255753787,1.2499999999999987,1.203818599212701,0.04618140078729766,0.9329986896642942,78.43626124720215,10,315800377.52
BASELINE_CORE,NEARUSDT,SHORT,2026-06-26T14:30:00+00:00,2026-06-26T14:45:00+00:00,2026-06-26T16:45:00+00:00,SL,1.781,1.8221468870127489,1.7295663912340637,1.8221468870127489,58.75869381986606,0.7843626124720215,-1.0,-1.0605975368009601,0.06059753680096008,-0.8318930547465921,77.60436819245557,8,177495230.612
BASELINE_CORE,AAVEUSDT,LONG,2026-06-26T22:00:00+00:00,2026-06-26T22:15:00+00:00,2026-06-27T02:45:00+00:00,TP,94.45,91.9365267933523,97.59184150830963,97.59184150830963,64.26166954961103,0.7760436819245556,1.2499999999999987,1.1973915219584288,0.05260847804156992,0.9292281254058665,78.53359631786144,18,332981377.188
BASELINE_CORE,AAVEUSDT,LONG,2026-06-27T06:45:00+00:00,2026-06-27T07:00:00+00:00,2026-06-27T14:00:00+00:00,TP,95.65,92.89360960906278,99.09548798867154,99.09548798867154,54.84295602955556,0.7853359631786144,1.2499999999999987,1.2014183475460196,0.048581652453979114,0.9435170351505127,79.47711335301194,28,355930133.62700003
BASELINE_CORE,JUPUSDT,LONG,2026-06-27T19:00:00+00:00,2026-06-27T19:15:00+00:00,2026-06-27T19:30:00+00:00,SL,0.2309,0.2261057352559652,0.23689283093004349,0.2261057352559652,21.92556255205073,0.7947711335301194,-1.0,-1.0674263974266778,0.06742639742667779,-0.8483596878427724,78.62875366516917,1,16153021.993999999
BASELINE_CORE,TAOUSDT,SHORT,2026-06-28T00:45:00+00:00,2026-06-28T01:00:00+00:00,2026-06-28T05:15:00+00:00,TP,209.6,211.32745495351853,207.44068130810183,207.44068130810183,40.386082571040156,0.7862875366516917,1.25,1.0801316052251824,0.16986839477481755,0.8492940191321462,79.47804768430132,17,56549042.11534
BASELINE_CORE,1000PEPEUSDT,SHORT,2026-06-28T02:15:00+00:00,2026-06-28T02:30:00+00:00,2026-06-28T08:15:00+00:00,SL,0.002372,0.0023898088675952467,0.0023497389155059415,0.0023898088675952467,38.839729626556085,0.7862875366516917,-1.0,-1.1864689027665258,0.18646890276652592,-0.9329057108701271,78.54514197343119,23,107121702.2670522
BASELINE_CORE,FILUSDT,SHORT,2026-06-28T01:00:00+00:00,2026-06-28T01:15:00+00:00,2026-06-28T08:45:00+00:00,SL,0.728,0.7364919368151507,0.7173850789810616,0.7364919368151507,35.34025943311828,0.7862875366516917,-1.0,-1.12001973427094,0.12001973427094001,-0.8806575578611797,77.66448441557,30,43319949.886999995
BASELINE_CORE,SUIUSDT,SHORT,2026-06-28T09:45:00+00:00,2026-06-28T10:00:00+00:00,2026-06-28T12:45:00+00:00,SL,0.683,0.69020746422959,0.6739906697130126,0.69020746422959,43.68840766530078,0.7766448441557,-1.0,-1.1326680188122695,0.13266801881226956,-0.8796807769506005,76.7848036386194,11,101249359.56191
BASELINE_CORE,FILUSDT,SHORT,2026-06-28T09:45:00+00:00,2026-06-28T10:00:00+00:00,2026-06-28T17:45:00+00:00,TP,0.727,0.7368186448639734,0.7147266939200332,0.7147266939200332,42.23289802865045,0.7766448441557,1.25,1.146340074002013,0.10365992599798685,0.8902991081227271,77.67510274674213,31,40735845.9525
BASELINE_CORE,TAOUSDT,SHORT,2026-06-28T09:45:00+00:00,2026-06-28T10:00:00+00:00,2026-06-28T20:00:00+00:00,TP,208.02,210.57995128717542,204.82006089103075,204.82006089103075,41.975412422901925,0.7766448441557,1.25,1.1362368977648265,0.1137631022351735,0.8824525283885197,78.55755527513065,40,58622399.16411
BASELINE_CORE,LINKUSDT,SHORT,2026-06-28T21:15:00+00:00,2026-06-28T21:30:00+00:00,2026-06-28T23:45:00+00:00,SL,7.214,7.281311402720309,7.129860746599615,7.281311402720309,16.31793511660471,0.7855755527513065,-1.0,-1.1500429287139609,0.15004292871396085,-0.9034456094122012,77.65410966571845,9,51437501.31162
BASELINE_CORE,FILUSDT,SHORT,2026-06-29T00:15:00+00:00,2026-06-29T00:30:00+00:00,2026-06-29T02:45:00+00:00,SL,0.707,0.7219450315062386,0.6883187106172017,0.7219450315062386,41.946787282195906,0.7765410966571845,-1.0,-1.0662293685755577,0.06622936857555778,-0.827970923161761,76.8261387425567,9,45446115.0527
BASELINE_CORE,1000PEPEUSDT,SHORT,2026-06-29T05:00:00+00:00,2026-06-29T05:15:00+00:00,2026-06-29T06:30:00+00:00,SL,0.00234,0.002382984352487332,0.002286269559390835,0.002382984352487332,19.23821572026573,0.7682613874255669,-1.0,-1.0762137803742762,0.07621378037427615,-0.8268134920768558,75.99932525047984,5,123969567.1253771
BASELINE_CORE,1000PEPEUSDT,SHORT,2026-06-29T16:15:00+00:00,2026-06-29T16:30:00+00:00,2026-06-29T17:15:00+00:00,SL,0.0023335,0.00237026633825655,0.0022875420771793125,0.00237026633825655,33.428879572696665,0.7599932525047984,-1.0,-1.088855734754004,0.08885573475400388,-0.8275230113641976,75.17180223911565,3,157769208.5603438
BASELINE_CORE,FILUSDT,SHORT,2026-06-30T07:00:00+00:00,2026-06-30T07:15:00+00:00,2026-06-30T10:15:00+00:00,SL,0.724,0.731258386856178,0.7149270164297774,0.731258386856178,41.66762064093041,0.7517180223911565,-1.0,-1.1396453537244657,0.13964535372446565,-0.8566919515290253,74.31511028758662,12,62954744.1909
BASELINE_CORE,TAOUSDT,SHORT,2026-06-30T05:15:00+00:00,2026-06-30T05:30:00+00:00,2026-06-30T11:30:00+00:00,TP,205.75,208.1022529836196,202.80968377047552,202.80968377047552,27.844650324542968,0.7517180223911565,1.249999999999997,1.1275429335169713,0.12245706648302566,0.847594344144501,75.16270463173112,24,75589735.29922001
BASELINE_CORE,1000PEPEUSDT,SHORT,2026-06-30T11:15:00+00:00,2026-06-30T11:30:00+00:00,2026-06-30T13:00:00+00:00,TP,0.0023297,0.002352361963027024,0.00230137254621622,0.00230137254621622,30.102952477582186,0.7516270463173111,1.2500000000000095,1.1060768987174483,0.14392310128256114,0.8313573123828074,75.99406194411392,6,151572472.91465378
BASELINE_CORE,FILUSDT,SHORT,2026-06-30T17:45:00+00:00,2026-06-30T18:00:00+00:00,2026-06-30T19:45:00+00:00,SL,0.715,0.7266638362076172,0.7004202047404784,0.7266638362076172,32.63949545036701,0.7599406194411392,-1.0,-1.0858208210559646,0.0858208210559646,-0.8251593473553561,75.16890259675857,7,52961853.1412
BASELINE_CORE,WLDUSDT,SHORT,2026-06-30T16:15:00+00:00,2026-06-30T16:30:00+00:00,2026-07-01T01:15:00+00:00,TP,0.4099,0.41983694538437505,0.39747881826953113,0.39747881826953113,59.56097460184833,0.7599406194411392,1.2500000000000029,1.1922498587038313,0.05775014129617159,0.9060390961520003,76.07494169291057,35,202221524.6534
BASELINE_CORE,TAOUSDT,SHORT,2026-07-01T00:15:00+00:00,2026-07-01T00:30:00+00:00,2026-07-01T01:15:00+00:00,TP,201.46,203.2528323904612,199.21895951192352,199.21895951192352,55.57482862126426,0.7516890259675857,1.249999999999996,1.092682449569392,0.15731755043060394,0.8213574062086919,76.89629909911926,3,62411490.97744
BASELINE_CORE,LINKUSDT,SHORT,2026-06-30T21:00:00+00:00,2026-06-30T21:15:00+00:00,2026-07-01T01:45:00+00:00,SL,7.16,7.232858542139087,7.068926822326142,7.232858542139087,22.696183377233424,0.7516890259675857,-1.0,-1.1375816713552165,0.13758167135521643,-0.8551076584995808,76.04119144061968,18,70513509.22212
BASELINE_CORE,1000PEPEUSDT,SHORT,2026-07-01T11:15:00+00:00,2026-07-01T11:30:00+00:00,2026-07-01T13:45:00+00:00,TP,0.0022664,0.002293149488787979,0.0022329631390150266,0.0022329631390150266,45.63996367769177,0.7604119144061968,1.249999999999996,1.1313824060284086,0.11861759397158746,0.8603166612935512,76.90150810191324,9,191933777.30905488
BASELINE_CORE,LINKUSDT,SHORT,2026-07-01T12:00:00+00:00,2026-07-01T12:15:00+00:00,2026-07-01T13:45:00+00:00,SL,7.198,7.267926530829534,7.110591836463083,7.267926530829534,18.23673173367472,0.7604119144061968,-1.0,-1.1441112533462598,0.14411125334625988,-0.8699958284507027,76.03151227346254,6,82456367.05748999
BASELINE_CORE,NEARUSDT,SHORT,2026-07-01T12:00:00+00:00,2026-07-01T12:15:00+00:00,2026-07-01T14:00:00+00:00,SL,1.781,1.8109657481589339,1.7435428148013326,1.8109657481589339,40.644527196484326,0.7604119144061968,-1.0,-1.0832083346217611,0.0832083346217612,-0.8236845234304816,75.20782775003205,7,135577809.028
BASELINE_CORE,WLDUSDT,SHORT,2026-07-01T16:00:00+00:00,2026-07-01T16:15:00+00:00,2026-07-01T18:00:00+00:00,TP,0.3954,0.4057918295428663,0.3824102130714171,0.3824102130714171,51.53989674927819,0.7520782775003205,1.2499999999999973,1.1967312278635258,0.05326877213647158,0.900035560482444,76.1078633105145,7,208651463.464
BASELINE_CORE,WLDUSDT,SHORT,2026-07-02T06:00:00+00:00,2026-07-02T06:15:00+00:00,2026-07-02T10:30:00+00:00,SL,0.3697,0.381454618104353,0.3550067273695587,0.381454618104353,36.18439659574453,0.761078633105145,-1.0,-1.0440320557763019,0.044032055776301864,-0.7945904899281824,75.31327282058632,17,295524983.8656
BASELINE_CORE,TIAUSDT,LONG,2026-07-03T17:30:00+00:00,2026-07-03T17:45:00+00:00,2026-07-03T19:00:00+00:00,SL,0.4036,0.3954109190919967,0.41383635113500417,0.3954109190919967,47.12309681666342,0.7531327282058632,-1.0,-1.068999196167152,0.06899919616715214,-0.805098281059242,74.50817453952708,5,34617765.3023
BASELINE_CORE,AAVEUSDT,LONG,2026-07-04T20:30:00+00:00,2026-07-04T20:45:00+00:00,2026-07-04T22:30:00+00:00,SL,89.65,88.76053558522047,90.76183051847443,88.76053558522047,48.52006403229686,0.7450817453952707,-1.0,-1.1411073876756594,0.1411073876756595,-0.8502182840928182,73.65795625543426,7,72778015.435
BASELINE_CORE,ORDIUSDT,SHORT,2026-07-06T00:15:00+00:00,2026-07-06T00:30:00+00:00,2026-07-06T01:15:00+00:00,SL,3.235,3.2946911164080674,3.1603861044899153,3.2946911164080674,42.28337113359565,0.7365795625543425,-1.0,-1.0758739369027428,0.0758739369027429,-0.7924667538074406,72.86548950162681,3,14381457.6081
BASELINE_CORE,AAVEUSDT,LONG,2026-07-06T00:45:00+00:00,2026-07-06T01:00:00+00:00,2026-07-06T02:15:00+00:00,SL,89.22,88.05980116113905,90.67024854857618,88.05980116113905,45.27412359483363,0.7286548950162681,-1.0,-1.1076608558948664,0.10766085589486635,-0.8071025046657035,72.0583869969611,5,55447992.152
BASELINE_CORE,AAVEUSDT,LONG,2026-07-06T09:45:00+00:00,2026-07-06T10:00:00+00:00,2026-07-06T11:15:00+00:00,TP,90.76,89.13064146568466,92.79669816789419,92.79669816789419,19.761236077889443,0.7205838699696111,1.2500000000000044,1.1720159361344094,0.07798406386559499,0.8445357789257892,72.90292277588689,5,69751523.227
BASELINE_CORE,WLDUSDT,SHORT,2026-07-06T11:45:00+00:00,2026-07-06T12:00:00+00:00,2026-07-06T16:30:00+00:00,SL,0.4129,0.4226726571938215,0.4006841785077231,0.4226726571938215,25.564616189540363,0.7290292277588689,-1.0,-1.059150749743423,0.059150749743423006,-0.7721518531656747,72.13077092272121,18,195901295.55830002
BASELINE_CORE,WLDUSDT,SHORT,2026-07-07T08:00:00+00:00,2026-07-07T08:15:00+00:00,2026-07-07T13:30:00+00:00,TP,0.3957,0.40256990633691386,0.3871126170788577,0.3871126170788577,19.836795279284335,0.7213077092272121,1.249999999999996,1.1693613460167072,0.08063865398328875,0.8434693537541603,72.97424027647537,21,185060040.7044
BASELINE_CORE,AAVEUSDT,LONG,2026-07-07T12:00:00+00:00,2026-07-07T12:15:00+00:00,2026-07-07T13:45:00+00:00,SL,93.72,92.04834176602672,95.8095727924666,92.04834176602672,29.695308956003817,0.7213077092272121,-1.0,-1.078489727944054,0.07848972794405391,-0.7779229550884048,72.19631732138697,6,153123281.024
BASELINE_CORE,TAOUSDT,SHORT,2026-07-08T20:45:00+00:00,2026-07-08T21:00:00+00:00,2026-07-09T01:15:00+00:00,SL,202.72,205.4176821488134,199.34789731398322,205.4176821488134,43.58937953683803,0.7219631732138697,-1.0,-1.1052043881911122,0.10520438819111218,-0.7979168671483489,71.39840045423863,17,86106857.67669
BASELINE_CORE,SUIUSDT,SHORT,2026-07-08T21:00:00+00:00,2026-07-08T21:15:00+00:00,2026-07-09T01:15:00+00:00,SL,0.7065,0.7142879995988934,0.6967650005013832,0.7142879995988934,60.98381511991445,0.7219631732138697,-1.0,-1.1270030882051585,0.1270030882051584,-0.8136547257824269,70.5847457284562,16,110369395.5058
BASELINE_CORE,LDOUSDT,LONG,2026-07-09T02:15:00+00:00,2026-07-09T02:30:00+00:00,2026-07-09T03:15:00+00:00,SL,0.3256,0.31640724461649045,0.33709094422938696,0.31640724461649045,58.573857702541,0.705847457284562,-1.0,-1.0495868736829124,0.049586873682912265,-0.7408482259883364,69.84389750246787,3,109298682.4536
BASELINE_CORE,TIAUSDT,LONG,2026-07-09T04:30:00+00:00,2026-07-09T04:45:00+00:00,2026-07-09T14:00:00+00:00,TP,0.3991,0.3891075525988369,0.41159055925145394,0.41159055925145394,32.87122315797084,0.6984389750246787,1.2500000000000029,1.1940837687136652,0.0559162312863376,0.8339946435139778,70.67789214598184,37,32963250.538399998
BASELINE_CORE,SUIUSDT,SHORT,2026-07-09T22:00:00+00:00,2026-07-09T22:15:00+00:00,2026-07-10T02:00:00+00:00,SL,0.7172,0.7222507922470297,0.7108865096912128,0.7222507922470297,27.87053623247118,0.7067789214598185,-1.0,-1.1987965354525272,0.1987965354525271,-0.8472841223769042,69.83060802360494,15,81936569.56909
BASELINE_CORE,TIAUSDT,LONG,2026-07-10T00:45:00+00:00,2026-07-10T01:00:00+00:00,2026-07-10T14:30:00+00:00,SL,0.4132,0.40343709091297425,0.4254036363587822,0.40343709091297425,40.66681050458512,0.7067789214598185,-1.0,-1.0592528307744626,0.059252830774462535,-0.7486575732880343,69.08195045031691,54,38745718.6613
BASELINE_CORE,AAVEUSDT,LONG,2026-07-10T13:30:00+00:00,2026-07-10T13:45:00+00:00,2026-07-10T14:30:00+00:00,SL,95.94,94.54918769923779,97.67851537595276,94.54918769923779,57.816387165985404,0.6983060802360493,-1.0,-1.0965737791694758,0.09657377916947586,-0.7657441374214679,68.31620631289545,3,99430861.285
BASELINE_CORE,WLDUSDT,SHORT,2026-07-10T23:00:00+00:00,2026-07-10T23:15:00+00:00,2026-07-11T01:45:00+00:00,SL,0.3816,0.3856954710447914,0.37648066119401075,0.3856954710447914,22.602172513878237,0.6831620631289544,-1.0,-1.1304465332942453,0.13044653329424524,-0.7722781859422709,67.54392812695318,10,127136573.4501
BASELINE_CORE,TIAUSDT,LONG,2026-07-11T09:30:00+00:00,2026-07-11T09:45:00+00:00,2026-07-11T13:00:00+00:00,TP,0.4053,0.399364048528377,0.4127199393395288,0.4127199393395288,26.711087005690636,0.6754392812695318,1.2500000000000024,1.1544095958815443,0.09559040411845811,0.7797335877328809,68.32366171468605,13,19470053.2988
BASELINE_CORE,ETHUSDT,LONG,2026-07-11T13:15:00+00:00,2026-07-11T13:30:00+00:00,2026-07-11T13:45:00+00:00,TP,1800.8,1795.4431983757027,1807.4960020303715,1807.4960020303715,40.20259715727746,0.6832366171468606,1.2499999999999893,0.7793609551332279,0.4706390448667615,0.5324879425215728,68.85614965720762,1,3530399404.93556
BASELINE_CORE,XRPUSDT,SHORT,2026-07-12T09:15:00+00:00,2026-07-12T09:30:00+00:00,2026-07-12T09:45:00+00:00,SL,1.0905,1.0961188585943016,1.083476426757123,1.0961188585943016,27.718761533377894,0.6885614965720762,-1.0,-1.27170998778085,0.27170998778085004,-0.8756505323920388,67.98049912481558,1,330569219.38642997
BASELINE_CORE,NEARUSDT,SHORT,2026-07-12T11:00:00+00:00,2026-07-12T11:15:00+00:00,2026-07-12T12:30:00+00:00,SL,1.876,1.8968555106286562,1.8499306117141794,1.8968555106286562,37.196972232631396,0.6798049912481559,-1.0,-1.1259331428879626,0.12593314288796267,-0.76541497034696,67.21508415446861,5,66295683.74
BASELINE_CORE,AAVEUSDT,LONG,2026-07-12T14:30:00+00:00,2026-07-12T14:45:00+00:00,2026-07-12T21:45:00+00:00,SL,99.05,97.41648403480887,101.0918949564889,97.41648403480887,46.93385762498577,0.6721508415446862,-1.0,-1.0848905079319353,0.08489050793193534,-0.7292100678902924,66.48587408657832,28,119149811.676
BASELINE_CORE,DOTUSDT,SHORT,2026-07-12T22:00:00+00:00,2026-07-12T22:15:00+00:00,2026-07-13T00:15:00+00:00,SL,0.843,0.8516563227534849,0.8321795965581438,0.8516563227534849,43.43894003490814,0.6648587408657832,-1.0,-1.1363396483252504,0.13633964832525047,-0.7555053477813929,65.73036873879693,8,37082250.5919
BASELINE_CORE,ORDIUSDT,LONG,2026-07-12T23:00:00+00:00,2026-07-12T23:15:00+00:00,2026-07-13T03:15:00+00:00,SL,3.535,3.4791323884949796,3.6048345143812757,3.4791323884949796,22.74043416355955,0.6648587408657832,-1.0,-1.088584420680939,0.08858442068093893,-0.7237548672600371,65.00661387153689,16,10994084.3391
BASELINE_CORE,XRPUSDT,SHORT,2026-07-13T10:30:00+00:00,2026-07-13T10:45:00+00:00,2026-07-13T13:30:00+00:00,TP,1.0763,1.083434831420242,1.0673814607246976,1.0673814607246976,60.39083603021859,0.6500661387153689,1.2499999999999922,1.038807904315004,0.21119209568498815,0.675293843225059,65.68190771476195,11,362904489.9543
BASELINE_CORE,TAOUSDT,SHORT,2026-07-13T10:30:00+00:00,2026-07-13T10:45:00+00:00,2026-07-13T13:30:00+00:00,TP,207.07,209.2573763684296,204.335779539463,204.335779539463,46.58188064352871,0.6500661387153689,1.2499999999999967,1.117467709634197,0.1325322903657998,0.7264279191410095,66.40833563390295,11,58975514.92661
BASELINE_CORE,TIAUSDT,LONG,2026-07-13T14:15:00+00:00,2026-07-13T14:30:00+00:00,2026-07-13T17:45:00+00:00,SL,0.4121,0.402815731808952,0.42370533523881,0.402815731808952,23.31796699951257,0.6640833563390295,-1.0,-1.0621416775267536,0.06214167752675355,-0.7053506101195337,65.70298502378341,13,24593188.2857
BASELINE_CORE,TAOUSDT,SHORT,2026-07-13T15:45:00+00:00,2026-07-13T16:00:00+00:00,2026-07-13T17:45:00+00:00,TP,205.86,208.56281272886093,202.48148408892388,202.48148408892388,29.84867955338684,0.6640833563390295,1.2499999999999947,1.143368860919389,0.10663113908060563,0.7592922306928809,66.46227725447629,7,65468496.81566
BASELINE_CORE,LDOUSDT,LONG,2026-07-13T15:00:00+00:00,2026-07-13T15:15:00+00:00,2026-07-13T19:15:00+00:00,TP,0.3117,0.3055775464356751,0.3193530669554061,0.3193530669554061,27.029753119138384,0.6640833563390295,1.2500000000000022,1.1787246533738136,0.07127534662618851,0.7827714240120413,67.24504867848833,16,17748753.1905
BASELINE_CORE,LDOUSDT,LONG,2026-07-14T00:00:00+00:00,2026-07-14T00:15:00+00:00,2026-07-14T05:15:00+00:00,TP,0.315,0.3089125831798532,0.3226092710251835,0.3226092710251835,40.31270609409083,0.6724504867848833,1.25,1.1775554782875266,0.07244452171247334,0.7918477545906534,68.03689643307898,20,22490599.3851
BASELINE_CORE,XRPUSDT,SHORT,2026-07-14T02:15:00+00:00,2026-07-14T02:30:00+00:00,2026-07-14T05:15:00+00:00,SL,1.0624,1.0706889422029475,1.0520388222463155,1.0706889422029475,65.19287601670504,0.6724504867848833,-1.0,-1.179439060326793,0.17943906032679308,-0.7931143702498573,67.24378206282913,11,426258354.60603
BASELINE_CORE,LDOUSDT,LONG,2026-07-14T21:45:00+00:00,2026-07-14T22:00:00+00:00,2026-07-15T04:00:00+00:00,TP,0.3295,0.32490378604965264,0.33524526743793426,0.33524526743793426,62.02319480054756,0.6724378206282913,1.250000000000006,1.1496347852855917,0.10036521471441423,0.7730579095359169,68.01683997236505,24,27922561.092
BASELINE_CORE,LINKUSDT,LONG,2026-07-15T08:00:00+00:00,2026-07-15T08:15:00+00:00,2026-07-15T09:30:00+00:00,TP,8.353,8.288478555922847,8.43365180509644,8.43365180509644,61.69371580972198,0.6801683997236505,1.2499999999999931,1.0687548315562054,0.18124516844378769,0.7269332634765039,68.74377323584156,5,93104237.68721999
BASELINE_CORE,LDOUSDT,LONG,2026-07-15T10:00:00+00:00,2026-07-15T10:15:00+00:00,2026-07-15T11:30:00+00:00,SL,0.3334,0.3272156403853996,0.34113044951825044,0.3272156403853996,65.34596928965507,0.6874377323584157,-1.0,-1.0754742655808769,0.07547426558087689,-0.7393215903407505,68.00445164550081,5,25338750.207399998
BASELINE_CORE,TAOUSDT,SHORT,2026-07-15T07:15:00+00:00,2026-07-15T07:30:00+00:00,2026-07-15T13:00:00+00:00,SL,196.75,199.47037754360971,193.34952807048785,199.47037754360971,40.53496653068685,0.6801683997236505,-1.0,-1.1012543279689408,0.10125432796894095,-0.7490383939433787,67.25541325155743,22,98981345.9981
BASELINE_CORE,TIAUSDT,LONG,2026-07-15T23:00:00+00:00,2026-07-15T23:15:00+00:00,2026-07-16T04:00:00+00:00,SL,0.4166,0.41079409484918344,0.42385738143852075,0.41079409484918344,27.7450828958389,0.6725541325155743,-1.0,-1.100456343128163,0.10045634312816311,-0.7401164612238229,66.51529679033361,19,25039528.5851
BASELINE_CORE,ZROUSDT,SHORT,2026-07-16T00:00:00+00:00,2026-07-16T00:15:00+00:00,2026-07-16T05:00:00+00:00,SL,0.8191,0.8281135742283154,0.8078330322146058,0.8281135742283154,22.46287241802749,0.6725541325155743,-1.0,-1.1272236707606635,0.12722367076066363,-0.7581189380394594,65.75717785229415,19,13022700.83512
BASELINE_CORE,DOTUSDT,SHORT,2026-07-16T06:00:00+00:00,2026-07-16T06:15:00+00:00,2026-07-16T08:15:00+00:00,TP,0.841,0.8498401159976289,0.8299498550029638,0.8299498550029638,29.598794017833583,0.6575717785229415,1.250000000000003,1.116811702435152,0.13318829756485118,0.734383857445517,66.49156170973967,8,41486826.4498
BASELINE_CORE,DOTUSDT,SHORT,2026-07-16T12:30:00+00:00,2026-07-16T12:45:00+00:00,2026-07-16T13:30:00+00:00,SL,0.835,0.8439226442165148,0.8238466947293565,0.8439226442165148,32.885055878665916,0.6649156170973968,-1.0,-1.1310149739957485,0.13101497399574846,-0.7520295193807792,65.73953219035889,3,43478657.4535
BASELINE_CORE,JUPUSDT,SHORT,2026-07-16T13:30:00+00:00,2026-07-16T13:45:00+00:00,2026-07-16T14:30:00+00:00,SL,0.2015,0.20433643579671976,0.19795445525410033,0.20433643579671976,33.284124727819005,0.6573953219035888,-1.0,-1.0994558030632107,0.09945580306321071,-0.7227771015735082,65.01675508878537,3,12377346.5886
BASELINE_CORE,LDOUSDT,LONG,2026-07-16T12:15:00+00:00,2026-07-16T12:30:00+00:00,2026-07-16T15:45:00+00:00,TP,0.367,0.3570689686634192,0.379413789170726,0.379413789170726,88.78066205520871,0.6649156170973968,1.25,1.1982631780540833,0.051736821945916715,0.7967439004809187,65.8134989892663,13,42732347.5274
BASELINE_CORE,ORDIUSDT,LONG,2026-07-16T09:00:00+00:00,2026-07-16T09:15:00+00:00,2026-07-16T16:15:00+00:00,SL,3.675,3.5917199143224394,3.7791001070969505,3.5917199143224394,42.292325075239575,0.6649156170973968,-1.0,-1.0617794753468452,0.06177947534684521,-0.7059937550715978,65.10750523419469,28,22585306.3254
BASELINE_CORE,TAOUSDT,SHORT,2026-07-16T18:15:00+00:00,2026-07-16T18:30:00+00:00,2026-07-16T23:30:00+00:00,TP,194.12,197.12131640078147,190.36835449902318,190.36835449902318,23.256699140021706,0.651075052341947,1.2499999999999976,1.159450399854795,0.09054960014520258,0.7548892297733519,65.86239446396804,20,77846278.54861
BASELINE_CORE,TAOUSDT,SHORT,2026-07-17T05:30:00+00:00,2026-07-17T05:45:00+00:00,2026-07-17T11:45:00+00:00,SL,190.6,192.95954810225464,187.6505648721817,192.95954810225464,34.62719671049952,0.6586239446396804,-1.0,-1.1130894512152658,0.11308945121526573,-0.7331073650962155,65.12928709887183,24,82039152.47073
BASELINE_CORE,XRPUSDT,SHORT,2026-07-17T09:45:00+00:00,2026-07-17T10:00:00+00:00,2026-07-17T13:00:00+00:00,TP,1.0847,1.090050615756148,1.078011730304815,1.078011730304815,33.94312266065895,0.6586239446396804,1.2500000000000104,0.9661859364961789,0.2838140635038315,0.6363531927504972,65.76564029162232,12,469149495.46954
BASELINE_CORE,JUPUSDT,SHORT,2026-07-17T05:30:00+00:00,2026-07-17T05:45:00+00:00,2026-07-17T13:15:00+00:00,TP,0.1937,0.1967497385933825,0.18988782675827193,0.18988782675827193,21.181251639449147,0.6586239446396804,1.2499999999999956,1.1610809035933645,0.08891909640663107,0.7647156847704663,66.53035597639278,30,15597438.1673
BASELINE_CORE,FILUSDT,SHORT,2026-07-17T12:45:00+00:00,2026-07-17T13:00:00+00:00,2026-07-17T13:45:00+00:00,TP,0.7643,0.7725556619573423,0.7539804225533221,0.7539804225533221,29.363635761691537,0.6653035597639279,1.2500000000000033,1.1203895574299363,0.12961044257006707,0.7453991608804683,67.27575513727325,3,31289876.593030002
BASELINE_CORE,LDOUSDT,LONG,2026-07-17T07:15:00+00:00,2026-07-17T07:30:00+00:00,2026-07-17T14:15:00+00:00,TP,0.3722,0.3640828889893541,0.38234638876330734,0.38234638876330734,65.201957792151,0.6586239446396804,1.2500000000000018,1.185804746378783,0.06419525362121878,0.7809993996324499,68.0567545369057,27,37187434.1409
BASELINE_CORE,JUPUSDT,SHORT,2026-07-17T15:00:00+00:00,2026-07-17T15:15:00+00:00,2026-07-17T17:00:00+00:00,SL,0.1928,0.19704785127964344,0.1874901859004457,0.19704785127964344,48.558441980152246,0.6805675453690571,-1.0,-1.0635427142408471,0.06354271424084709,-0.7238126544260378,67.33294188247966,7,13759819.045100002
BASELINE_CORE,ORDIUSDT,LONG,2026-07-17T15:45:00+00:00,2026-07-17T16:00:00+00:00,2026-07-18T05:30:00+00:00,SL,3.657,3.5678585707125325,3.7684267866093344,3.5678585707125325,19.533605070522427,0.6805675453690571,-1.0,-1.0574345738106736,0.057434573810673684,-0.7196556522867051,66.61328623019295,54,16836386.166699998
BASELINE_CORE,FILUSDT,SHORT,2026-07-18T11:30:00+00:00,2026-07-18T11:45:00+00:00,2026-07-18T12:30:00+00:00,TP,0.7561,0.7583904285737296,0.7532369642828379,0.7532369642828379,51.14387634714962,0.6661328623019296,1.2500000000000122,0.7878419514404271,0.46215804855958514,0.5248074141545496,67.1380936443475,3,27939190.51326
BASELINE_CORE,DOTUSDT,SHORT,2026-07-18T13:00:00+00:00,2026-07-18T13:15:00+00:00,2026-07-18T14:15:00+00:00,TP,0.836,0.8406984096828661,0.8301269878964173,0.8301269878964173,21.91563125344045,0.6713809364434751,1.25,1.000894434713062,0.24910556528693806,0.6719814428587182,67.81007508720623,4,37470569.0315
BASELINE_CORE,XRPUSDT,SHORT,2026-07-18T12:15:00+00:00,2026-07-18T12:30:00+00:00,2026-07-18T17:45:00+00:00,SL,1.0857,1.0905371256246952,1.0796535929691313,1.0905371256246952,27.329423415722566,0.6713809364434751,-1.0,-1.3142320704345607,0.31423207043456075,-0.8823503581524025,66.92772472905382,21,327346455.81248003
BASELINE_CORE,INJUSDT,LONG,2026-07-18T22:30:00+00:00,2026-07-18T22:45:00+00:00,2026-07-19T03:00:00+00:00,SL,5.154,5.096040253655845,5.226449682930193,5.096040253655845,33.875884989770135,0.6692772472905383,-1.0,-1.124493298455018,0.12449329845501797,-0.7525977793866322,66.17512694966719,17,26847480.200999998
BASELINE_CORE,LTCUSDT,LONG,2026-07-19T07:00:00+00:00,2026-07-19T07:15:00+00:00,2026-07-19T11:30:00+00:00,TP,46.89,46.637142060000905,47.20607242499887,47.20607242499887,57.19107683996013,0.6617512694966718,1.250000000000007,0.9903838692973893,0.2596161307026178,0.6553877827965733,66.83051473246375,17,79089059.92988999
BASELINE_CORE,WLDUSDT,SHORT,2026-07-19T15:00:00+00:00,2026-07-19T15:15:00+00:00,2026-07-19T16:15:00+00:00,TP,0.3706,0.37391054697690757,0.36646181627886554,0.36646181627886554,43.35580760384601,0.6683051473246375,1.2499999999999916,1.0932766537919114,0.1567233462080802,0.7306424151789901,67.56115714764275,4,54797254.014299996
BASELINE_CORE,ETHUSDT,LONG,2026-07-19T07:30:00+00:00,2026-07-19T07:45:00+00:00,2026-07-19T17:15:00+00:00,SL,1870.24,1862.6659634729047,1879.707545658869,1862.6659634729047,31.546753052242227,0.6617512694966718,-1.0,-1.3456988873281988,0.3456988873281987,-0.8905179470496943,66.67063920059306,38,2803708056.67173
BASELINE_CORE,ORDIUSDT,LONG,2026-07-19T14:00:00+00:00,2026-07-19T14:15:00+00:00,2026-07-19T17:15:00+00:00,SL,3.671,3.6059018546367163,3.752372681704104,3.6059018546367163,19.157104407974813,0.6683051473246375,-1.0,-1.0789484857259652,0.07894848572596526,-0.7210668267087857,65.94957237388427,12,10744743.7776
BASELINE_CORE,WLDUSDT,SHORT,2026-07-19T23:00:00+00:00,2026-07-19T23:15:00+00:00,2026-07-20T00:15:00+00:00,SL,0.3599,0.3655307553914366,0.35286155576070427,0.3655307553914366,47.76732364371349,0.6594957237388427,-1.0,-1.089483553266456,0.08948355326645588,-0.7185097444630273,65.23106262942125,4,90651716.05379999
BASELINE_CORE,INJUSDT,LONG,2026-07-20T04:15:00+00:00,2026-07-20T04:30:00+00:00,2026-07-20T05:15:00+00:00,SL,5.148,5.094184334574874,5.215269581781407,5.094184334574874,39.20450243360516,0.6523106262942124,-1.0,-1.1339238294846958,0.13392382948469594,-0.7396705633810937,64.49139206604015,3,15448075.609
BASELINE_CORE,INJUSDT,LONG,2026-07-20T08:15:00+00:00,2026-07-20T08:30:00+00:00,2026-07-20T09:45:00+00:00,TP,5.135,5.067086842984647,5.21989144626919,5.21989144626919,23.202530534543644,0.6449139206604015,1.2499999999999936,1.144144223064534,0.10585577693545947,0.7378745366974977,65.22926660273765,5,16897250.3012
BASELINE_CORE,ETHUSDT,LONG,2026-07-20T13:30:00+00:00,2026-07-20T13:45:00+00:00,2026-07-20T14:00:00+00:00,SL,1875.11,1861.0444588891783,1892.691926388527,1861.0444588891783,43.60984744347279,0.6522926660273766,-1.0,-1.1866372562076748,0.18663725620767468,-0.7740347794591153,64.45523182327854,1,7128267564.208891
BASELINE_CORE,ARBUSDT,LONG,2026-07-21T06:30:00+00:00,2026-07-21T06:45:00+00:00,2026-07-21T07:15:00+00:00,TP,0.09044,0.0896825737066275,0.09138678286671564,0.09138678286671564,47.251888971867736,0.6445523182327854,1.2499999999999953,1.0828338993405764,0.16716610065941898,0.697943100081015,65.15317492335956,2,25344042.206588
BASELINE_CORE,1000PEPEUSDT,LONG,2026-07-20T15:00:00+00:00,2026-07-20T15:15:00+00:00,2026-07-21T11:15:00+00:00,TP,0.0028969,0.002838602714211066,0.002969771607236167,0.002969771607236167,51.617389360432156,0.6445523182327854,1.2499999999999962,1.1804314095396518,0.06956859046034446,0.760849801533577,65.91402472489314,80,186071911.19931507
BASELINE_CORE,ETHUSDT,LONG,2026-07-21T12:15:00+00:00,2026-07-21T12:30:00+00:00,2026-07-21T15:15:00+00:00,SL,1939.66,1925.0996665838343,1957.8604167702074,1925.0996665838343,61.06379967878486,0.6591402472489314,-1.0,-1.1865014984468043,0.18650149844680433,-0.7820708910474542,65.13195383384569,11,8420439665.04852
BASELINE_CORE,LINKUSDT,LONG,2026-07-21T13:00:00+00:00,2026-07-21T13:15:00+00:00,2026-07-21T15:15:00+00:00,SL,8.728,8.669648574896996,8.800939281378755,8.669648574896996,43.10804350729289,0.6591402472489314,-1.0,-1.2094070535283472,0.20940705352834724,-0.7971688642872764,64.33478496955841,8,93684143.73613
BASELINE_CORE,AAVEUSDT,LONG,2026-07-22T04:30:00+00:00,2026-07-22T04:45:00+00:00,2026-07-22T05:45:00+00:00,SL,96.89,95.59505398168243,98.50868252289698,95.59505398168243,38.76599126178531,0.6433478496955841,-1.0,-1.104750312430965,0.10475031243096496,-0.710738737952986,63.624046231605426,4,89439054.181
BASELINE_CORE,LDOUSDT,LONG,2026-07-22T13:30:00+00:00,2026-07-22T13:45:00+00:00,2026-07-22T16:15:00+00:00,TP,0.3956,0.3907727587052466,0.4016340516184418,0.4016340516184418,45.59853458275564,0.6362404623160542,1.25,1.1352678028334835,0.1147321971665164,0.7223033117273067,64.34634954333274,10,22281581.266
BASELINE_CORE,TIAUSDT,SHORT,2026-07-22T14:15:00+00:00,2026-07-22T14:30:00+00:00,2026-07-22T17:00:00+00:00,SL,0.3613,0.3657949146430049,0.3556813566962439,0.3657949146430049,26.356813270012935,0.6362404623160542,-1.0,-1.1125316140957584,0.11253161409575847,-0.7078376284935114,63.63851191483922,10,15021981.6283
BASELINE_CORE,ARBUSDT,LONG,2026-07-22T20:00:00+00:00,2026-07-22T20:15:00+00:00,2026-07-22T23:15:00+00:00,SL,0.09072,0.08953433979795547,0.09220207525255565,0.08953433979795547,57.49007865399617,0.6363851191483922,-1.0,-1.1071200667619527,0.10712006676195282,-0.7045547355978813,62.93395717924134,12,30042123.112910002
BASELINE_CORE,AAVEUSDT,LONG,2026-07-23T00:00:00+00:00,2026-07-23T00:15:00+00:00,2026-07-23T04:00:00+00:00,SL,97.95,96.64446782803306,99.58191521495868,96.64446782803306,67.91125552136708,0.6293395717924134,-1.0,-1.105037625992316,0.10503762599231604,-0.6954439063565092,62.23851327288483,15,111581538.932
BASELINE_CORE,TAOUSDT,SHORT,2026-07-23T07:00:00+00:00,2026-07-23T07:15:00+00:00,2026-07-23T09:45:00+00:00,SL,194.9,196.70012828153102,192.64983964808624,196.70012828153102,17.488213659907043,0.6223851327288483,-1.0,-1.151578086295012,0.151578086295012,-0.7167250800863542,61.521788192798475,10,73861554.21294999
BASELINE_CORE,TIAUSDT,SHORT,2026-07-23T07:00:00+00:00,2026-07-23T07:15:00+00:00,2026-07-23T11:15:00+00:00,TP,0.3596,0.36323074097756314,0.35506157377804604,0.35506157377804604,40.116979783788494,0.6223851327288483,1.2499999999999962,1.1113395989658545,0.13866040103414173,0.6916812438091885,62.21346943660766,16,16281086.2872
BASELINE_CORE,DOTUSDT,SHORT,2026-07-23T11:15:00+00:00,2026-07-23T11:30:00+00:00,2026-07-23T13:00:00+00:00,TP,0.8185,0.8230458013435602,0.8128177483205498,0.8128177483205498,19.680342390465217,0.6221346943660766,1.25,0.9979212324965899,0.2520787675034101,0.6208414209806844,62.83431085758834,6,36644934.21092
BASELINE_CORE,NEARUSDT,SHORT,2026-07-22T17:15:00+00:00,2026-07-22T17:30:00+00:00,2026-07-23T17:30:00+00:00,TIMEOUT,1.879,1.9052297239390001,1.8462128450762498,1.89,28.118825377837712,0.6363851191483922,-0.41937155059586234,-0.5196623506865429,0.10029080009068052,-0.3307053869585892,62.50360547062975,96,127333905.989
BASELINE_CORE,FILUSDT,SHORT,2026-07-23T21:00:00+00:00,2026-07-23T21:15:00+00:00,2026-07-24T06:45:00+00:00,SL,0.7278,0.7339523493087643,0.7201095633640446,0.7339523493087643,28.905537109325603,0.6250360547062975,-1.0,-1.1656147836970998,0.1656147836970998,-0.7285512657093697,61.77505420492038,38,43922401.33024
BASELINE_CORE,WLDUSDT,SHORT,2026-07-24T15:45:00+00:00,2026-07-24T16:00:00+00:00,2026-07-24T20:45:00+00:00,TP,0.3732,0.38077923373869743,0.36372595782662814,0.36372595782662814,45.35414006393704,0.6177505420492038,1.2500000000000018,1.1810642714009005,0.06893572859910134,0.7296030938528543,62.50465729877323,19,96488878.8784
BASELINE_CORE,DOTUSDT,SHORT,2026-07-24T21:00:00+00:00,2026-07-24T21:15:00+00:00,2026-07-24T21:45:00+00:00,SL,0.8019,0.8082206412027579,0.7939991984965524,0.8082206412027579,60.197228699649685,0.6250465729877324,-1.0,-1.1776180555083764,0.17761805550837637,-0.7360661298839879,61.768591168889245,2,30008986.37964
BASELINE_CORE,FILUSDT,SHORT,2026-07-25T06:15:00+00:00,2026-07-25T06:30:00+00:00,2026-07-25T08:15:00+00:00,TP,0.72,0.7249229123332517,0.7138463595834353,0.7138463595834353,38.65937176568162,0.6176859116888924,1.25,1.0452431545060257,0.20475684549397427,0.6456319708276284,62.414223139716874,7,26143244.09165
BASELINE_CORE,XRPUSDT,SHORT,2026-07-25T11:30:00+00:00,2026-07-25T11:45:00+00:00,2026-07-25T13:45:00+00:00,SL,1.089,1.0920751862538354,1.0851560171827057,1.0920751862538354,35.88280489232442,0.6241422313971687,-1.0,-1.495774848791192,0.49577484879119205,-0.9335762517922972,61.48064688792458,8,327188576.5508
BASELINE_CORE,TIAUSDT,SHORT,2026-07-25T10:00:00+00:00,2026-07-25T10:15:00+00:00,2026-07-25T14:00:00+00:00,SL,0.3364,0.33840026498442277,0.33389966876947147,0.33840026498442277,74.59376026830316,0.6241422313971687,-1.0,-1.2354488048671723,0.23544880486717226,-0.7710957738467622,60.70955111407782,15,11562488.0023
BASELINE_CORE,TAOUSDT,SHORT,2026-07-25T11:00:00+00:00,2026-07-25T11:15:00+00:00,2026-07-25T14:00:00+00:00,SL,189.94,191.01080518541374,188.60149351823281,191.01080518541374,29.310389423527113,0.6241422313971687,-1.0,-1.248332753354433,0.24833275335443317,-0.7791371902048073,59.93041392387301,11,49804918.896850005
BASELINE_CORE,ARBUSDT,SHORT,2026-07-26T06:15:00+00:00,2026-07-26T06:30:00+00:00,2026-07-26T07:15:00+00:00,SL,0.08239,0.08307533384337405,0.08153333269578245,0.08307533384337405,38.61375199379108,0.5993041392387302,-1.0,-1.1683062949760756,0.16830629497607558,-0.7001707984778269,59.230243125395184,3,12887880.228527
BASELINE_CORE,SUIUSDT,SHORT,2026-07-27T12:00:00+00:00,2026-07-27T12:15:00+00:00,2026-07-27T12:45:00+00:00,TP,0.7152,0.7206849376685263,0.708343827914342,0.708343827914342,30.734136134023558,0.5923024312539519,1.250000000000005,1.0674491561234105,0.18255084387659465,0.6322527304118754,59.86249585580706,2,85133555.12642
BASELINE_CORE,SUIUSDT,SHORT,2026-07-28T09:00:00+00:00,2026-07-28T09:15:00+00:00,2026-07-28T11:30:00+00:00,SL,0.6807,0.684287921658574,0.6762150979267825,0.684287921658574,39.3407686157959,0.5986249585580706,-1.0,-1.2656078060463423,0.2656078060463424,-0.7576244204452623,59.1048714353618,9,133252781.76314
BASELINE_CORE,NEARUSDT,SHORT,2026-07-28T11:00:00+00:00,2026-07-28T11:15:00+00:00,2026-07-28T12:15:00+00:00,TP,1.668,1.685125634653785,1.6465929566827686,1.6465929566827686,52.98286681211014,0.591048714353618,1.2499999999999936,1.11364300960467,0.13635699039532354,0.6582172690757342,59.763088704437536,4,132583314.18599999
BASELINE_CORE,WLDUSDT,SHORT,2026-07-28T13:15:00+00:00,2026-07-28T13:30:00+00:00,2026-07-28T13:45:00+00:00,TP,0.3207,0.3251558530205611,0.3151301837242986,0.3151301837242986,61.316544860776645,0.5976308870443754,1.250000000000003,1.149238148581605,0.10076185141839816,0.6868202141620603,60.4499089185996,1,112284848.0475
BASELINE_CORE,WLDUSDT,SHORT,2026-07-28T15:00:00+00:00,2026-07-28T15:15:00+00:00,2026-07-28T16:00:00+00:00,SL,0.3186,0.3249620583825786,0.3106474270217768,0.3249620583825786,53.039154493041266,0.6044990891859959,-1.0,-1.0701093849156438,0.07010938491564377,-0.646880148510893,59.8030287700887,3,107878359.9832
BASELINE_CORE,NEARUSDT,SHORT,2026-07-28T22:45:00+00:00,2026-07-28T23:00:00+00:00,2026-07-29T00:15:00+00:00,SL,1.642,1.6629444427309759,1.61581944658628,1.6629444427309759,55.81579752235646,0.5980302877008871,-1.0,-1.1097570381569604,0.1097570381569604,-0.6636683208070913,59.13936044928161,5,104472917.888
BASELINE_CORE,WLDUSDT,SHORT,2026-07-29T00:15:00+00:00,2026-07-29T00:30:00+00:00,2026-07-29T01:15:00+00:00,TP,0.3163,0.3213400447208808,0.3099999440988991,0.3099999440988991,49.74887853127613,0.5913936044928161,1.2499999999999973,1.1621396684903564,0.08786033150964098,0.6872819674725983,59.82664241675421,3,94959413.0114
BASELINE_CORE,AAVEUSDT,LONG,2026-07-28T23:30:00+00:00,2026-07-28T23:45:00+00:00,2026-07-29T03:15:00+00:00,SL,100.67,99.32580422397129,102.35024472003589,99.32580422397129,38.04603076672942,0.5980302877008871,-1.0,-1.1048493102815624,0.10484931028156237,-0.6607333508938094,59.165909065860404,14,84287889.989
BASELINE_CORE,NEARUSDT,SHORT,2026-07-29T01:00:00+00:00,2026-07-29T01:15:00+00:00,2026-07-29T03:45:00+00:00,TP,1.648,1.670694757968608,1.6196315525392397,1.6196315525392397,61.33941833090937,0.5982664241675422,1.2500000000000024,1.1483377569749227,0.1016622430250797,0.6870119236019631,59.85292098946237,10,88248583.13299999
BASELINE_CORE,SUIUSDT,SHORT,2026-07-29T08:15:00+00:00,2026-07-29T08:30:00+00:00,2026-07-29T09:45:00+00:00,SL,0.6851,0.6900823886269045,0.6788720142163694,0.6900823886269045,49.275018824151005,0.5985292098946237,-1.0,-1.1925060592063663,0.19250605920636643,-0.7137497094113378,59.13917128005103,5,90729601.62414
BASELINE_CORE,TIAUSDT,SHORT,2026-07-29T09:45:00+00:00,2026-07-29T10:00:00+00:00,2026-07-29T12:30:00+00:00,TP,0.3184,0.3211839506378595,0.31492006170267567,0.31492006170267567,72.72515043244113,0.5913917128005103,1.2500000000000049,1.0898822184782975,0.16011778152170736,0.6445473119367003,59.78371859198773,10,10696335.3603
BASELINE_CORE,ARBUSDT,SHORT,2026-07-29T10:15:00+00:00,2026-07-29T10:30:00+00:00,2026-07-29T18:00:00+00:00,SL,0.07791,0.07867382393179238,0.0769552200852595,0.07867382393179238,22.367661443091805,0.5913917128005103,-1.0,-1.1427999247733005,0.14279992477330058,-0.6758424048999765,59.107876187087754,30,22863684.502485
BASELINE_CORE,DOTUSDT,SHORT,2026-07-29T16:30:00+00:00,2026-07-29T16:45:00+00:00,2026-07-29T18:15:00+00:00,SL,0.7586,0.7671738653588339,0.7478826683014577,0.7671738653588339,49.40634742488192,0.5978371859198773,-1.0,-1.1238694515893877,0.12386945158938775,-0.6718909502795153,58.435985236808236,6,29835662.62929
BASELINE_CORE,ZROUSDT,SHORT,2026-07-30T04:00:00+00:00,2026-07-30T04:15:00+00:00,2026-07-30T07:15:00+00:00,SL,0.7562,0.7705961635962383,0.7382047955047021,0.7705961635962383,41.5291452660834,0.5843598523680824,-1.0,-1.0735390364886261,0.07353903648862617,-0.6273331128738671,57.808652123934365,12,12474336.411500001
BASELINE_CORE,ORDIUSDT,SHORT,2026-07-30T12:30:00+00:00,2026-07-30T12:45:00+00:00,2026-07-30T14:00:00+00:00,SL,3.187,3.224461031592477,3.1401737105094036,3.224461031592477,57.95329779793935,0.5780865212393437,-1.0,-1.1191051022977174,0.11910510229771734,-0.6469395754884874,57.16171254844588,5,10464476.9737
BASELINE_CORE,ORDIUSDT,SHORT,2026-07-30T18:45:00+00:00,2026-07-30T19:00:00+00:00,2026-07-30T20:15:00+00:00,SL,3.15,3.1910286438041577,3.0987141952448027,3.1910286438041577,77.61860954442903,0.5716171254844588,-1.0,-1.107485882815193,0.10748588281519295,-0.6330578968494388,56.52865465159644,5,11660246.972099999
BASELINE_CORE,WLDUSDT,SHORT,2026-07-31T11:15:00+00:00,2026-07-31T11:30:00+00:00,2026-07-31T14:15:00+00:00,TP,0.3062,0.3104806623981451,0.3008491720023187,0.3008491720023187,24.20723696151899,0.5652865465159644,1.25,1.1498566202777964,0.10014337972220366,0.6499984778653543,57.17865312946179,11,80371942.84789999
BASELINE_CORE,SUIUSDT,SHORT,2026-07-31T11:30:00+00:00,2026-07-31T11:45:00+00:00,2026-07-31T14:15:00+00:00,TP,0.6875,0.692769115475426,0.6809136056557176,0.6809136056557176,36.53445378531452,0.5652865465159644,1.2499999999999947,1.0673317695372357,0.1826682304627589,0.6033482899884772,57.78200141945027,10,84302906.27854
BASELINE_CORE,ARBUSDT,SHORT,2026-07-31T13:30:00+00:00,2026-07-31T13:45:00+00:00,2026-07-31T14:30:00+00:00,SL,0.07625,0.07684386175891852,0.07550767280135184,0.07684386175891852,49.39484428943574,0.5652865465159644,-1.0,-1.1797556390807198,0.1797556390807197,-0.6668999909486747,57.115101428501596,3,18980318.300892998
BASELINE_CORE,WLDUSDT,SHORT,2026-07-31T15:15:00+00:00,2026-07-31T15:30:00+00:00,2026-07-31T20:15:00+00:00,TP,0.3048,0.31017060322293294,0.2980867459713339,0.2980867459713339,35.82544118172735,0.571151014285016,1.249999999999995,1.1705452381628385,0.07945476183715638,0.6685581000432008,57.783659528544796,19,84449738.4933
BASELINE_CORE,TIAUSDT,SHORT,2026-07-31T19:00:00+00:00,2026-07-31T19:15:00+00:00,2026-08-01T01:15:00+00:00,SL,0.32,0.32308041895767375,0.3161494763029078,0.32308041895767375,40.16593254323116,0.571151014285016,-1.0,-1.145434762659141,0.14543476265914101,-0.654216226490085,57.12944330205471,24,12091411.3394
BASELINE_CORE,SUIUSDT,SHORT,2026-07-31T20:45:00+00:00,2026-07-31T21:00:00+00:00,2026-08-01T01:30:00+00:00,SL,0.6803,0.685245673900005,0.6741179076249938,0.685245673900005,32.25483587772977,0.577836595285448,-1.0,-1.1925763847873263,0.19257638478732642,-0.6891142778033369,56.440329024251376,18,80692682.41455999
BASELINE_CORE,WLDUSDT,SHORT,2026-08-01T00:45:00+00:00,2026-08-01T01:00:00+00:00,2026-08-01T01:30:00+00:00,SL,0.2999,0.30281539720812045,0.29625575348984945,0.30281539720812045,35.47766960380593,0.5712944330205472,-1.0,-1.144014681371902,0.14401468137190218,-0.6535692187615427,55.78675980548984,2,76179251.28220001
BASELINE_CORE,XRPUSDT,SHORT,2026-07-31T20:45:00+00:00,2026-07-31T21:00:00+00:00,2026-08-01T18:45:00+00:00,TP,1.0614,1.0681299201983667,1.0529875997520413,1.0529875997520413,25.72000752228942,0.577836595285448,1.2500000000000164,1.029200947975506,0.22079905202451044,0.5947099716427219,56.38146977713256,87,381201237.37688
BASELINE_CORE,1000PEPEUSDT,LONG,2026-08-02T14:15:00+00:00,2026-08-02T14:30:00+00:00,2026-08-02T14:45:00+00:00,TP,0.002906,0.00287697461811658,0.0029422817273542755,0.0029422817273542755,51.18888112858006,0.5638146977713256,1.2500000000000075,1.1098330242013548,0.14016697579865287,0.6257401711167232,57.00720994824928,1,152633709.95541272
BASELINE_CORE,TAOUSDT,SHORT,2026-08-02T15:30:00+00:00,2026-08-02T15:45:00+00:00,2026-08-02T16:15:00+00:00,TP,192.79,193.6857347529569,191.67033155880384,191.67033155880384,22.85017190510437,0.5700720994824928,1.2500000000000158,0.948676422781411,0.3013235772186048,0.54081396006454,57.54802390831382,2,38530571.48805
BASELINE_CORE,1000PEPEUSDT,LONG,2026-08-02T16:15:00+00:00,2026-08-02T16:30:00+00:00,2026-08-03T01:15:00+00:00,SL,0.0029046,0.0028753289596722678,0.0029411888004096647,0.0028753289596722678,52.99241688675765,0.5754802390831383,-1.0,-1.1389236581436897,0.13892365814368973,-0.655428059085973,56.89259584922785,35,156875954.81513208
BASELINE_CORE,LTCUSDT,SHORT,2026-08-03T15:45:00+00:00,2026-08-03T16:00:00+00:00,2026-08-04T16:00:00+00:00,TIMEOUT,44.24,44.56672381424009,43.83159523219989,44.34,32.36212294173988,0.5689259584922786,-0.3060689048105853,-0.4956357416940667,0.18956683688348142,-0.2819800394063283,56.610615809821525,96,30549112.762050003
BASELINE_CORE,WLDUSDT,SHORT,2026-08-06T01:15:00+00:00,2026-08-06T01:30:00+00:00,2026-08-06T06:15:00+00:00,TP,0.3157,0.32056876845291155,0.3096140394338605,0.3096140394338605,34.13763665338981,0.5661061580982153,1.2500000000000029,1.1592213966889968,0.09077860331100614,0.6562423712648552,57.26685818108638,19,75454440.94100001
BASELINE_CORE,LDOUSDT,SHORT,2026-08-06T10:30:00+00:00,2026-08-06T10:45:00+00:00,2026-08-06T11:30:00+00:00,SL,0.2928,0.2969061037014734,0.28766737037315826,0.2969061037014734,24.533451356681972,0.5726685818108638,-1.0,-1.099831867337619,0.09983186733761912,-0.6298391556986284,56.63701902538775,3,25755509.9836
BASELINE_CORE,LDOUSDT,SHORT,2026-08-06T16:00:00+00:00,2026-08-06T16:15:00+00:00,2026-08-06T17:45:00+00:00,TP,0.2941,0.2980189685639371,0.28920128929507855,0.28920128929507855,25.516809608456537,0.5663701902538775,1.25,1.1449366412915671,0.10506335870843286,0.6484579833569404,57.28547700874469,6,21520977.665
BASELINE_CORE,INJUSDT,SHORT,2026-08-06T15:45:00+00:00,2026-08-06T16:00:00+00:00,2026-08-06T22:30:00+00:00,TP,4.642,4.68253815058217,4.591327311772289,4.591327311772289,42.95374237574744,0.5663701902538775,1.2499999999999944,1.0896868158346948,0.1603131841652996,0.6171661292014381,57.90264313794613,26,24645230.8229
BASELINE_CORE,WLDUSDT,SHORT,2026-08-07T00:45:00+00:00,2026-08-07T01:00:00+00:00,2026-08-07T04:00:00+00:00,TP,0.3019,0.3047087350158084,0.2983890812302395,0.2983890812302395,53.427370604379654,0.5790264313794613,1.2499999999999951,1.0995194464336597,0.15048055356633527,0.6366508213008027,58.53929395924693,12,89139101.09099999
BASELINE_CORE,LDOUSDT,SHORT,2026-08-07T02:30:00+00:00,2026-08-07T02:45:00+00:00,2026-08-07T08:00:00+00:00,TP,0.2911,0.29417058447547617,0.28726176940565484,0.28726176940565484,32.16004332239575,0.5790264313794613,1.25,1.1172760826953625,0.13272391730463762,0.6469323830287197,59.18622634227565,21,15322400.6544
BASELINE_CORE,ARBUSDT,SHORT,2026-08-07T08:00:00+00:00,2026-08-07T08:15:00+00:00,2026-08-07T11:30:00+00:00,SL,0.07775,0.07829606804757182,0.07706741494053522,0.07829606804757182,47.600198646602685,0.5918622634227565,-1.0,-1.1993341314951855,0.19933413149518545,-0.7098406136669064,58.47638572860875,13,22739038.945298
BASELINE_CORE,SUIUSDT,SHORT,2026-08-07T09:15:00+00:00,2026-08-07T09:30:00+00:00,2026-08-07T12:15:00+00:00,SL,0.6731,0.6781459065316324,0.6667926168354595,0.6781459065316324,60.794761056680144,0.5918622634227565,-1.0,-1.1867533601925728,0.18675336019257277,-0.702394529888138,57.77399119872061,11,94609528.5217
BASELINE_CORE,TIAUSDT,SHORT,2026-08-07T12:00:00+00:00,2026-08-07T12:15:00+00:00,2026-08-07T12:45:00+00:00,TP,0.3294,0.33109567853280936,0.3272804018339884,0.3272804018339884,31.629406453088478,0.5777399119872061,1.2499999999999918,0.9780380737992932,0.2719619262006986,0.5650516306769402,58.33904282939755,2,12916704.7688
BASELINE_CORE,ETHUSDT,LONG,2026-08-07T14:15:00+00:00,2026-08-07T14:30:00+00:00,2026-08-07T17:15:00+00:00,SL,1922.95,1904.4911375203208,1946.023578099599,1904.4911375203208,39.64612446960755,0.5833904282939755,-1.0,-1.145844848400798,0.1458448484007978,-0.6684749168669869,57.670567912530565,11,5616095283.46642
BASELINE_CORE,LDOUSDT,SHORT,2026-08-07T14:00:00+00:00,2026-08-07T14:15:00+00:00,2026-08-08T01:00:00+00:00,SL,0.2866,0.2903899564184698,0.2818625544769128,0.2903899564184698,38.63096207942698,0.5833904282939755,-1.0,-1.1058692912785528,0.10586929127855288,-0.64515355947615,57.025414353054416,43,12035690.561900001
BASELINE_CORE,NEARUSDT,SHORT,2026-08-08T02:00:00+00:00,2026-08-08T02:15:00+00:00,2026-08-08T03:45:00+00:00,SL,1.592,1.6040411850196352,1.5769485187254562,1.6040411850196352,42.99064897451434,0.5702541435305442,-1.0,-1.1850980610600679,0.18509806106006796,-0.6758070798095175,56.3496072732449,6,86365980.112
BASELINE_CORE,ETHUSDT,LONG,2026-08-08T08:30:00+00:00,2026-08-08T08:45:00+00:00,2026-08-08T09:45:00+00:00,TP,1916.79,1913.1312623180345,1921.3634221024568,1921.3634221024568,33.04173223713233,0.5634960727324491,1.2499999999999845,0.5165486751817432,0.7334513248182413,0.2910731498400618,56.64068042308496,4,4654580437.63178
BASELINE_CORE,NEARUSDT,SHORT,2026-08-08T05:30:00+00:00,2026-08-08T05:45:00+00:00,2026-08-08T10:15:00+00:00,SL,1.595,1.6099880878998674,1.5762648901251657,1.6099880878998674,55.29669484096071,0.5634960727324491,-1.0,-1.1489849816012727,0.14898498160127266,-0.6474485247608824,55.993231898324076,18,76923637.95
BASELINE_CORE,WLDUSDT,SHORT,2026-08-08T14:30:00+00:00,2026-08-08T14:45:00+00:00,2026-08-08T15:30:00+00:00,SL,0.3053,0.3080835040626114,0.30182061992173576,0.3080835040626114,30.377480483180612,0.5599323189832408,-1.0,-1.1535546528353209,0.15355465283532085,-0.6459125318359885,55.34731936648809,3,58493738.086899996
BASELINE_CORE,LINKUSDT,LONG,2026-08-09T00:45:00+00:00,2026-08-09T01:00:00+00:00,2026-08-09T03:00:00+00:00,SL,8.32,8.286904649170696,8.361369188536631,8.286904649170696,53.056247683531055,0.5534731936648809,-1.0,-1.3519527579591684,0.3519527579591683,-0.7482696106317046,54.599049755856385,8,49307577.90174
BASELINE_CORE,LTCUSDT,LONG,2026-08-09T13:15:00+00:00,2026-08-09T13:30:00+00:00,2026-08-09T16:00:00+00:00,TP,46.24,46.058448068273165,46.466939914658546,46.466939914658546,38.83792693719215,0.5459904975585639,1.2499999999999902,0.893429847403642,0.3565701525963483,0.48780420691758625,55.08685396277397,10,22733382.78874
BASELINE_CORE,1000PEPEUSDT,LONG,2026-08-09T12:00:00+00:00,2026-08-09T12:15:00+00:00,2026-08-09T16:15:00+00:00,TP,0.0028748,0.0028557139155055574,0.002898657605618053,0.002898657605618053,29.689612304678185,0.5459904975585639,1.25,1.0391280424137317,0.21087195758626823,0.5673540369045298,55.654207999678505,16,55872893.5269581
BASELINE_CORE,1000PEPEUSDT,LONG,2026-08-10T01:45:00+00:00,2026-08-10T02:00:00+00:00,2026-08-10T02:45:00+00:00,SL,0.0029279,0.0028808604175247733,0.0029866994780940338,0.0028808604175247733,47.41748222468139,0.5565420799967851,-1.0,-1.08714065440863,0.08714065440863004,-0.605039521053645,55.04916847862486,3,95436732.34211859
BASELINE_CORE,FILUSDT,SHORT,2026-08-10T08:30:00+00:00,2026-08-10T08:45:00+00:00,2026-08-10T11:15:00+00:00,TP,0.7036,0.709531968378418,0.6961850395269775,0.6961850395269775,33.23562492530671,0.5504916847862485,1.2499999999999907,1.0839438214836283,0.16605617851636223,0.5967020605021672,55.645870539127024,10,23310908.411350004
BASELINE_CORE,XRPUSDT,SHORT,2026-08-10T08:30:00+00:00,2026-08-10T08:45:00+00:00,2026-08-10T14:00:00+00:00,TP,1.0327,1.0402446889077288,1.023269138865339,1.023269138865339,32.97720871714291,0.5504916847862485,1.2499999999999853,1.0583711578195043,0.19162884218048112,0.5826245217972315,56.22849506092425,21,330943087.5377
BASELINE_CORE,TIAUSDT,SHORT,2026-08-10T18:15:00+00:00,2026-08-10T18:30:00+00:00,2026-08-10T21:30:00+00:00,TP,0.3262,0.3289232667254927,0.3227959165931341,0.3227959165931341,29.389729962995432,0.5622849506092426,1.2499999999999898,1.0823043439979607,0.1676956560020291,0.608563444609062,56.837058505533314,12,12655155.0572
BASELINE_CORE,DOTUSDT,SHORT,2026-08-10T23:15:00+00:00,2026-08-10T23:30:00+00:00,2026-08-11T02:00:00+00:00,SL,0.8051,0.8125257335448933,0.7958178330688834,0.8125257335448933,34.46501873993886,0.5683705850553331,-1.0,-1.1517883712344001,0.1517883712344001,-0.6546426304184252,56.18241587511489,10,29186568.92465
BASELINE_CORE,TIAUSDT,SHORT,2026-08-11T08:00:00+00:00,2026-08-11T08:15:00+00:00,2026-08-11T15:00:00+00:00,TP,0.3169,0.3196675601336335,0.31344054983295816,0.31344054983295816,37.120337231053085,0.5618241587511489,1.249999999999995,1.089692733462836,0.16030726653715896,0.6122157032749976,56.79463157838989,27,12758919.6922
BASELINE_CORE,XRPUSDT,SHORT,2026-08-11T12:15:00+00:00,2026-08-11T12:30:00+00:00,2026-08-11T15:00:00+00:00,TP,1.0056,1.0114077346970511,0.9983403316286862,0.9983403316286862,78.81668935345415,0.5618241587511489,1.25,1.0075922328692393,0.24240776713076068,0.5660896585959521,57.36072123698584,10,523286510.90867996
BASELINE_CORE,AAVEUSDT,SHORT,2026-08-11T12:15:00+00:00,2026-08-11T12:30:00+00:00,2026-08-11T15:00:00+00:00,TP,88.67,89.32719580744069,87.84850524069914,87.84850524069914,51.03806511073439,0.5618241587511489,1.2500000000000053,1.061109567963578,0.18889043203642736,0.5961569903639322,57.95687822734977,10,36925821.724
BASELINE_CORE,AAVEUSDT,SHORT,2026-08-12T21:00:00+00:00,2026-08-12T21:15:00+00:00,2026-08-12T22:00:00+00:00,TP,88.59,89.33045584302086,87.66443019622393,87.66443019622393,14.390095604983303,0.5795687822734977,1.2500000000000049,1.0825004776868195,0.16749952231318538,0.6273834836634296,58.5842617110132,3,41577839.414
BASELINE_CORE,LDOUSDT,SHORT,2026-08-12T21:15:00+00:00,2026-08-12T21:30:00+00:00,2026-08-13T01:00:00+00:00,SL,0.2883,0.2920546149863447,0.2836067312670691,0.2920546149863447,35.27050283757242,0.5795687822734977,-1.0,-1.1074997040889516,0.10749970408895154,-0.6418722548670928,57.9423894561461,14,11013073.6985
BASELINE_CORE,DOTUSDT,SHORT,2026-08-13T08:00:00+00:00,2026-08-13T08:15:00+00:00,2026-08-13T12:15:00+00:00,TP,0.7733,0.776989278547032,0.7686884018162099,0.7686884018162099,28.495627880867637,0.579423894561461,1.2500000000000075,0.9565496719213793,0.2934503280786283,0.5542477362461734,58.49663719239228,16,20783347.402030002
BASELINE_CORE,FILUSDT,SHORT,2026-08-13T15:15:00+00:00,2026-08-13T15:30:00+00:00,2026-08-13T16:00:00+00:00,TP,0.6739,0.6802142077612284,0.6660072402984646,0.6660072402984646,65.49490473404198,0.5849663719239228,1.25,1.1005814132703708,0.14941858672962927,0.6438031163276723,59.14044030871995,2,50101822.39137
BASELINE_CORE,FILUSDT,SHORT,2026-08-13T15:30:00+00:00,2026-08-13T15:45:00+00:00,2026-08-13T16:00:00+00:00,TP,0.6727,0.6790096214925692,0.6648129731342884,0.6648129731342884,44.95868238306814,0.5914044030871995,1.2500000000000044,1.1007390655510634,0.149260934448941,0.6509819300169885,59.79142223873694,1,50397412.356139995
BASELINE_CORE,LTCUSDT,SHORT,2026-08-14T00:00:00+00:00,2026-08-14T00:15:00+00:00,2026-08-14T03:30:00+00:00,SL,44.75,44.87409578213224,44.594880272334706,44.87409578213224,31.753208898790636,0.5979142223873695,-1.0,-1.50485196937024,0.50485196937024,-0.8997723950741086,58.89164984366283,13,22252312.985749997
BASELINE_CORE,FILUSDT,SHORT,2026-08-14T09:15:00+00:00,2026-08-14T09:30:00+00:00,2026-08-14T09:45:00+00:00,TP,0.6688,0.6727950789628344,0.6638061512964568,0.6638061512964568,66.31967915727822,0.5889164984366283,1.250000000000014,1.0156316661797253,0.23436833382028857,0.5981222445479224,59.489772088210756,1,29749234.36357
BASELINE_CORE,SUIUSDT,SHORT,2026-08-14T09:15:00+00:00,2026-08-14T09:30:00+00:00,2026-08-14T10:30:00+00:00,TP,0.6794,0.6820703827178779,0.6760620216026526,0.6760620216026526,21.88644025880376,0.5889164984366283,1.2500000000000104,0.8938113557161418,0.3561886442838687,0.5263802538712459,60.016152342082,4,71300281.21948999
BASELINE_CORE,LTCUSDT,SHORT,2026-08-14T09:30:00+00:00,2026-08-14T09:45:00+00:00,2026-08-14T12:15:00+00:00,TP,44.58,44.77032115685698,44.34209855392877,44.34209855392877,26.76714923013058,0.5948977208821076,1.25,0.9220700891551431,0.3279299108448569,0.5485373945319564,60.56468973661396,10,23538259.910410002
BASELINE_CORE,XRPUSDT,SHORT,2026-08-14T16:45:00+00:00,2026-08-14T17:00:00+00:00,2026-08-14T22:30:00+00:00,TP,1.0018,1.0086376854908563,0.9932528931364297,0.9932528931364297,64.72219041837238,0.6056468973661396,1.2499999999999918,1.044883809459271,0.20511619054072092,0.6328306373071201,61.19752037392108,22,298609587.36718
BASELINE_CORE,AAVEUSDT,SHORT,2026-08-14T18:45:00+00:00,2026-08-14T19:00:00+00:00,2026-08-15T04:15:00+00:00,SL,86.2,87.03390287777485,85.15762140278144,87.03390287777485,49.63169466869494,0.6056468973661396,-1.0,-1.1447170926211667,0.14471709262116675,-0.6932943555079976,60.504226018413085,37,40881999.619
BASELINE_CORE,INJUSDT,SHORT,2026-08-14T18:45:00+00:00,2026-08-14T19:00:00+00:00,2026-08-15T14:30:00+00:00,TP,4.26,4.367893775622706,4.125132780471617,4.125132780471617,57.29411802937202,0.6056468973661396,1.25,1.1947234099874722,0.05527659001252778,0.7235805264696069,61.22780654488269,78,30212571.9413
BASELINE_CORE,XRPUSDT,SHORT,2026-08-15T16:00:00+00:00,2026-08-15T16:15:00+00:00,2026-08-15T17:15:00+00:00,SL,1.0013,1.0029656611156392,0.9992179236054511,1.0029656611156392,55.71107771666093,0.6122780654488269,-1.0,-1.8415997629038077,0.8415997629038076,-1.1275711401617616,60.10023540472093,4,327823165.14695
BASELINE_CORE,XRPUSDT,SHORT,2026-08-15T18:15:00+00:00,2026-08-15T18:30:00+00:00,2026-08-15T20:00:00+00:00,SL,1.0004,1.0034111850735474,0.9966360186580656,1.0034111850735474,45.76385079888978,0.6010023540472093,-1.0,-1.465119202503884,0.465119202503884,-0.8805400896646042,59.21969531505632,6,283362548.72797
BASELINE_CORE,AAVEUSDT,SHORT,2026-08-16T05:00:00+00:00,2026-08-16T05:15:00+00:00,2026-08-16T10:45:00+00:00,TP,86.16,86.56158542701108,85.65801821623614,85.65801821623614,33.12966321159392,0.5921969531505632,1.2499999999999911,0.9496305346591325,0.3003694653408586,0.5623683092438786,59.7820636243002,22,21560879.485
BASELINE_CORE,DOTUSDT,SHORT,2026-08-16T10:45:00+00:00,2026-08-16T11:00:00+00:00,2026-08-16T11:45:00+00:00,SL,0.7575,0.7610620673716825,0.7530474157853968,0.7610620673716825,26.0088869501199,0.597820636243002,-1.0,-1.2977203655468985,0.2977203655468985,-0.775804014596748,59.00625960970345,3,18892162.81981
BASELINE_CORE,SUIUSDT,SHORT,2026-08-16T12:00:00+00:00,2026-08-16T12:15:00+00:00,2026-08-16T13:30:00+00:00,SL,0.6759,0.6784812400866551,0.672673449891681,0.6784812400866551,33.094487206407145,0.5900625960970345,-1.0,-1.3665912384098242,0.3665912384098242,-0.8063743739395622,58.19988523576389,5,43061363.95283
BASELINE_CORE,1000PEPEUSDT,SHORT,2026-08-16T09:30:00+00:00,2026-08-16T09:45:00+00:00,2026-08-16T14:30:00+00:00,SL,0.0026014,0.0026151203275100138,0.0025842495906124824,0.0026151203275100138,74.7191197772002,0.5921969531505632,-1.0,-1.2654426432125523,0.2654426432125523,-0.7493912776972687,57.450493958066616,19,54255332.6686347
BASELINE_CORE,INJUSDT,SHORT,2026-08-16T13:30:00+00:00,2026-08-16T13:45:00+00:00,2026-08-16T15:00:00+00:00,SL,4.105,4.127775209721377,4.07653098784828,4.127775209721377,65.64027122960667,0.5819988523576389,-1.0,-1.252335766401569,0.25233576640156913,-0.7288579788121374,56.72163597925448,5,17124816.850700002
BASELINE_CORE,AAVEUSDT,SHORT,2026-08-17T00:00:00+00:00,2026-08-17T00:15:00+00:00,2026-08-17T01:15:00+00:00,SL,85.83,86.22815189698177,85.33231012877278,86.22815189698177,33.686426825324766,0.5672163597925448,-1.0,-1.3017993909131143,0.30179939091311414,-0.7384019116938887,55.98323406756059,4,26373268.551
BASELINE_CORE,FILUSDT,SHORT,2026-08-17T07:00:00+00:00,2026-08-17T07:15:00+00:00,2026-08-17T13:45:00+00:00,SL,0.6668,0.6722192337448353,0.6600259578189558,0.6722192337448353,47.964025187687405,0.5598323406756059,-1.0,-1.1722605157767312,0.17226051577673118,-0.6562693484288805,55.32696471913171,26,32010024.12229
BASELINE_CORE,TAOUSDT,SHORT,2026-08-17T14:15:00+00:00,2026-08-17T14:30:00+00:00,2026-08-17T15:30:00+00:00,SL,195.46,196.97503005437125,193.56621243203597,196.97503005437125,57.49344423175857,0.5532696471913171,-1.0,-1.1806195192039057,0.18061951920390568,-0.6532009448571273,54.67376377427458,4,38020073.27866
BASELINE_CORE,ETHUSDT,LONG,2026-08-17T23:00:00+00:00,2026-08-17T23:15:00+00:00,2026-08-17T23:45:00+00:00,TP,1907.21,1900.461526121893,1915.6455923476337,1915.6455923476337,30.741655280906873,0.5467376377427459,1.2499999999999916,0.854341063145815,0.3956589368541766,0.46710041469096897,55.14086418896555,2,4876628366.97928
BASELINE_CORE,LINKUSDT,LONG,2026-08-17T23:15:00+00:00,2026-08-17T23:30:00+00:00,2026-08-18T02:00:00+00:00,SL,9.523,9.453098838299843,9.610376452125196,9.453098838299843,47.78452545353167,0.5514086418896555,-1.0,-1.1907293051464416,0.19072930514644149,-0.6565784290090126,54.48428575995654,10,113937589.18206
BASELINE_CORE,SUIUSDT,SHORT,2026-08-18T00:15:00+00:00,2026-08-18T00:30:00+00:00,2026-08-18T02:00:00+00:00,TP,0.6741,0.6779506686296276,0.6692866642129656,0.6692866642129656,44.85739638185046,0.5514086418896555,1.25,1.0049152911422357,0.24508470885776426,0.554118975902888,55.03840473585943,6,69059024.48651001
BASELINE_CORE,1000PEPEUSDT,SHORT,2026-08-18T06:45:00+00:00,2026-08-18T07:00:00+00:00,2026-08-18T11:30:00+00:00,SL,0.0025552,0.002577446816100628,0.002527391479874215,0.002577446816100628,58.143681255352085,0.5503840473585944,-1.0,-1.160799639095277,0.16079963909527706,-0.6388856035376542,54.39951913232178,18,92584275.71864851
BASELINE_CORE,DOTUSDT,SHORT,2026-08-18T12:15:00+00:00,2026-08-18T12:30:00+00:00,2026-08-18T14:30:00+00:00,SL,0.7374,0.7422529558160724,0.7313338052299095,0.7422529558160724,55.09462706448544,0.5439951913232178,-1.0,-1.2127280855475657,0.21272808554756584,-0.6597182469204877,53.73980088540129,8,35476695.41343
BASELINE_CORE,1000PEPEUSDT,SHORT,2026-08-18T13:30:00+00:00,2026-08-18T13:45:00+00:00,2026-08-18T14:30:00+00:00,SL,0.0025614,0.002581825302975091,0.0025358683712811366,0.002581825302975091,46.39679833281631,0.5439951913232178,-1.0,-1.1755645928177005,0.17556459281770057,-0.6395014855826656,53.100299399818624,3,87823213.2383233
BASELINE_CORE,ETHUSDT,LONG,2026-08-18T22:00:00+00:00,2026-08-18T22:15:00+00:00,2026-08-18T23:45:00+00:00,TP,1912.95,1908.0903373406102,1919.0245783242374,1919.0245783242374,22.29418115012556,0.5310029939981863,1.25,0.6989061921149401,0.5510938078850599,0.3711212805369048,53.47142068035553,6,4612784792.0666
BASELINE_CORE,ETHUSDT,LONG,2026-08-19T01:00:00+00:00,2026-08-19T01:15:00+00:00,2026-08-19T02:30:00+00:00,SL,1915.58,1908.6615945218514,1924.2280068476857,1908.6615945218514,28.432263280342184,0.5347142068035553,-1.0,-1.387634406290637,0.38763440629063683,-0.7419878308930203,52.729432849462505,5,4567447244.418941
BASELINE_CORE,LINKUSDT,LONG,2026-08-19T01:00:00+00:00,2026-08-19T01:15:00+00:00,2026-08-19T03:30:00+00:00,TP,9.522,9.44373298777273,9.619833765284088,9.619833765284088,40.29386810741716,0.5347142068035553,1.2500000000000058,1.0796753687071912,0.17032463129281455,0.5773177583836019,53.306750607846105,9,107208229.49437
BASELINE_CORE,LINKUSDT,LONG,2026-08-19T12:30:00+00:00,2026-08-19T12:45:00+00:00,2026-08-19T13:45:00+00:00,SL,9.791,9.682408951944073,9.92673881006991,9.682408951944073,37.54067840434565,0.5330675060784611,-1.0,-1.1262295580105302,0.12622955801053012,-0.6003563817605209,52.706394226085585,4,150041050.81691998
BASELINE_CORE,ETHUSDT,LONG,2026-08-20T12:45:00+00:00,2026-08-20T13:00:00+00:00,2026-08-20T13:45:00+00:00,SL,2289.57,2257.2334399161027,2329.990700104872,2257.2334399161027,85.6157235624164,0.5270639422608558,-1.0,-1.0991261281869058,0.09912612818690585,-0.5793097501641014,52.127084475921485,3,27044269028.935623
BASELINE_CORE,ETHUSDT,LONG,2026-08-20T15:00:00+00:00,2026-08-20T15:15:00+00:00,2026-08-20T16:45:00+00:00,TP,2297.01,2256.800553333637,2347.2718083329546,2347.2718083329546,77.90989403346394,0.5212708447592148,1.2500000000000029,1.1700234206980515,0.07997657930195141,0.6098990968953395,52.736983572816825,6,25950534314.43288
BASELINE_CORE,LINKUSDT,LONG,2026-08-20T15:00:00+00:00,2026-08-20T15:15:00+00:00,2026-08-20T18:00:00+00:00,TP,10.627,10.467385089145365,10.826518638568295,10.826518638568295,89.46487285270643,0.5212708447592148,1.25,1.1567894100849418,0.09321058991505811,0.6030005930034914,53.33998416582032,11,337455421.97314
BASELINE_CORE,LTCUSDT,LONG,2026-08-21T00:00:00+00:00,2026-08-21T00:15:00+00:00,2026-08-21T04:45:00+00:00,TP,48.0,47.50195322159266,48.62255847300918,48.62255847300918,59.648620374399705,0.5333998416582032,1.25,1.1150729150083198,0.13492708499168016,0.5947797163027889,53.93476388212311,18,74929744.70640999
BASELINE_CORE,ETHUSDT,LONG,2026-08-21T13:30:00+00:00,2026-08-21T13:45:00+00:00,2026-08-21T21:15:00+00:00,TP,2394.59,2347.4225050751156,2453.549368656106,2453.549368656106,90.35778078435416,0.539347638821231,1.25,1.178925078481721,0.0710749215182792,0.6358504574262507,54.57061433954936,30,20498662307.138588
BASELINE_CORE,XRPUSDT,LONG,2026-08-21T21:15:00+00:00,2026-08-21T21:30:00+00:00,2026-08-21T22:30:00+00:00,TP,1.3919,1.354553959486349,1.4385825506420635,1.4385825506420635,80.01108202909523,0.5457061433954936,1.2499999999999971,1.1978215100396568,0.0521784899603403,0.6536585567199076,55.22427289626927,4,2857647564.91801
BASELINE_CORE,TAOUSDT,LONG,2026-08-21T21:15:00+00:00,2026-08-21T21:30:00+00:00,2026-08-22T02:30:00+00:00,TP,230.25,224.64236703494916,237.25954120631354,237.25954120631354,63.971072941920625,0.5457061433954936,1.2499999999999987,1.1925158525871735,0.05748414741282511,0.6507632268533354,55.875036123122605,20,185094353.19257
BASELINE_CORE,ZROUSDT,LONG,2026-08-21T21:15:00+00:00,2026-08-21T21:30:00+00:00,2026-08-22T03:15:00+00:00,TP,0.9995,0.9613754334211264,1.047155708223592,1.047155708223592,67.42917764805286,0.5457061433954936,1.2499999999999984,1.2132966319209129,0.03670336807908548,0.6621034258003031,56.53713954892291,23,34523223.03973
BASELINE_CORE,1000PEPEUSDT,LONG,2026-08-23T00:30:00+00:00,2026-08-23T00:45:00+00:00,2026-08-23T03:45:00+00:00,SL,0.004125,0.003994024794497667,0.0042887190068779165,0.003994024794497667,51.25103302447809,0.5653713954892291,-1.0,-1.044092314861053,0.04409231486105302,-0.5902999290725731,55.94683961985034,12,845782108.4613057
BASELINE_CORE,ZROUSDT,LONG,2026-08-23T05:15:00+00:00,2026-08-23T05:30:00+00:00,2026-08-23T09:00:00+00:00,TP,1.1661,1.098646866785164,1.2504164165185447,1.2504164165185447,28.44856021403171,0.5594683961985034,1.2500000000000009,1.2257974178189712,0.02420258218102958,0.6857949154114467,56.632634535261786,14,71278114.00083
BASELINE_CORE,TIAUSDT,LONG,2026-08-23T21:00:00+00:00,2026-08-23T21:15:00+00:00,2026-08-24T00:15:00+00:00,SL,0.3839,0.3764071687122574,0.39326603910967833,0.3764071687122574,27.492569050373277,0.5663263453526178,-1.0,-1.0717298947968066,0.07172989479680654,-0.606948874525421,56.025685660736364,12,24924255.8407
BASELINE_CORE,XRPUSDT,LONG,2026-08-23T23:15:00+00:00,2026-08-23T23:30:00+00:00,2026-08-24T00:30:00+00:00,SL,1.5234,1.4989166110176058,1.554004236227993,1.4989166110176058,65.18804893796207,0.5663263453526178,-1.0,-1.0871104895459383,0.08711048954593822,-0.6156593105390464,55.41002635019732,4,2173670070.68854
BASELINE_CORE,ZROUSDT,LONG,2026-08-23T12:45:00+00:00,2026-08-23T13:00:00+00:00,2026-08-24T00:45:00+00:00,SL,1.2305,1.1589963485080395,1.3198795643649506,1.1589963485080395,37.55890202640521,0.5663263453526178,-1.0,-1.024092475895356,0.024092475895356083,-0.5799705491769308,54.83005580102039,47,157442188.7008
BASELINE_CORE,ETHUSDT,LONG,2026-08-24T00:45:00+00:00,2026-08-24T01:00:00+00:00,2026-08-24T02:00:00+00:00,SL,2464.6,2430.879239691444,2506.7509503856945,2430.879239691444,50.134152168364174,0.5483005580102039,-1.0,-1.102323908726475,0.10232390872647491,-0.6044048142627153,54.22565098675768,4,10906926193.67686
BASELINE_CORE,1000PEPEUSDT,LONG,2026-08-24T12:30:00+00:00,2026-08-24T12:45:00+00:00,2026-08-24T17:30:00+00:00,SL,0.0040868,0.003976564939784647,0.004224593825269191,0.003976564939784647,34.64918350704582,0.5422565098675768,-1.0,-1.051902906287914,0.051902906287913844,-0.5704011986832449,53.655249788074435,19,308455650.7463339
BASELINE_CORE,JUPUSDT,LONG,2026-08-24T23:30:00+00:00,2026-08-24T23:45:00+00:00,2026-08-25T00:15:00+00:00,TP,0.2103,0.20664822367257168,0.21486472040928536,0.21486472040928536,29.877594896750054,0.5365524978807443,1.25,1.1693762230757052,0.0806237769242948,0.6274317334536201,54.282681521528055,2,13564492.7301
BASELINE_CORE,INJUSDT,LONG,2026-08-25T00:00:00+00:00,2026-08-25T00:15:00+00:00,2026-08-25T02:30:00+00:00,TP,5.722,5.5632159158469525,5.92048010519131,5.92048010519131,55.66740954270686,0.5428268152152805,1.25,1.1995490996926454,0.050450900307354454,0.6511474174805157,54.93382893900857,9,92092241.7088
BASELINE_CORE,TAOUSDT,LONG,2026-08-25T00:45:00+00:00,2026-08-25T01:00:00+00:00,2026-08-25T08:00:00+00:00,SL,241.56,237.01080671589818,247.2464916051273,237.01080671589818,40.934320967506956,0.5428268152152805,-1.0,-1.0743393342247867,0.07433933422478667,-0.5831801992577458,54.350648739750824,28,162634419.42602
BASELINE_CORE,INJUSDT,LONG,2026-08-25T12:45:00+00:00,2026-08-25T13:00:00+00:00,2026-08-25T14:30:00+00:00,SL,5.937,5.751794285187253,6.168507143515935,5.751794285187253,72.00958459160303,0.5435064873975083,-1.0,-1.044878744742859,0.044878744742858814,-0.567898376311509,53.78275036343931,6,107586848.6547
BASELINE_CORE,ZROUSDT,LONG,2026-08-26T06:45:00+00:00,2026-08-26T07:00:00+00:00,2026-08-26T09:45:00+00:00,SL,1.2097,1.172269688581098,1.2564878892736275,1.172269688581098,30.895378176447284,0.5378275036343931,-1.0,-1.045246217191363,0.045246217191363056,-0.5621621636753235,53.22058819976399,11,186756521.13067
BASELINE_CORE,ETHUSDT,LONG,2026-08-27T03:15:00+00:00,2026-08-27T03:30:00+00:00,2026-08-27T08:15:00+00:00,TP,2496.79,2480.0869902314757,2517.668762210655,2517.668762210655,34.4129988977049,0.5322058819976399,1.2499999999999931,1.0407259800214463,0.20927401997854675,0.553880488115172,53.77446868787916,19,8453726886.050449
BASELINE_CORE,WLDUSDT,LONG,2026-08-27T22:00:00+00:00,2026-08-27T22:15:00+00:00,2026-08-28T01:45:00+00:00,TP,0.415,0.4057878768435717,0.42651515394553535,0.42651515394553535,48.39892261701612,0.5377446868787916,1.250000000000003,1.1869309343639696,0.0630690656360336,0.6382658036463044,54.41273449152546,14,165193468.2208
BASELINE_CORE,TAOUSDT,LONG,2026-08-28T01:15:00+00:00,2026-08-28T01:30:00+00:00,2026-08-28T02:15:00+00:00,SL,253.58,249.4555374556953,258.7355781803809,249.4555374556953,38.429229767390346,0.5441273449152546,-1.0,-1.086074730025181,0.08607473002518103,-0.5909629592281537,53.82177153229731,3,228137581.2831
BASELINE_CORE,XRPUSDT,LONG,2026-08-27T19:45:00+00:00,2026-08-27T20:00:00+00:00,2026-08-28T02:30:00+00:00,SL,1.4566,1.4304393798325559,1.4893007752093048,1.4304393798325559,31.71802645052988,0.5377446868787916,-1.0,-1.0779507514327875,0.07795075143278761,-0.5796622892999824,53.24210924299733,26,1583468227.23512
BASELINE_CORE,ETHUSDT,LONG,2026-08-27T14:30:00+00:00,2026-08-27T14:45:00+00:00,2026-08-28T03:00:00+00:00,SL,2519.62,2485.0702557392656,2562.8071803259177,2485.0702557392656,34.02169576141061,0.5377446868787916,-1.0,-1.1020982376419195,0.1020982376419196,-0.5926474717104221,52.64946177128691,49,11836116364.95095
BASELINE_CORE,LDOUSDT,LONG,2026-08-28T13:45:00+00:00,2026-08-28T14:00:00+00:00,2026-08-28T14:15:00+00:00,SL,0.3685,0.3613114883602121,0.37748563954973485,0.3613114883602121,22.87606040436841,0.5264946177128691,-1.0,-1.0717672900666295,0.07176729006662942,-0.5642797096607878,52.08518206162612,1,13554481.682100002
BASELINE_CORE,FILUSDT,SHORT,2026-08-29T06:00:00+00:00,2026-08-29T06:15:00+00:00,2026-08-29T09:00:00+00:00,TP,0.6839,0.6892422197984137,0.6772222252519827,0.6772222252519827,47.5475718088003,0.5208518206162612,1.250000000000005,1.070774877086812,0.1792251229131931,0.5577150442008193,52.64289710582694,11,56238782.26253
BASELINE_CORE,NEARUSDT,LONG,2026-08-30T16:00:00+00:00,2026-08-30T16:15:00+00:00,2026-08-30T19:00:00+00:00,TP,1.885,1.8602559779605434,1.9159300275493207,1.9159300275493207,26.97718278660261,0.5264289710582694,1.25,1.1433479773097568,0.10665202269024315,0.6018914992567288,53.24478860508367,11,70862636.223
BASELINE_CORE,ETHUSDT,LONG,2026-09-01T00:00:00+00:00,2026-09-01T00:15:00+00:00,2026-09-01T01:30:00+00:00,SL,2471.18,2455.812684376175,2490.3891445297804,2455.812684376175,33.16981201750387,0.5324478860508367,-1.0,-1.2251305357870272,0.2251305357870273,-0.6523181639161316,52.592470441167535,5,7589175554.80467
BASELINE_CORE,AAVEUSDT,LONG,2026-09-01T10:15:00+00:00,2026-09-01T10:30:00+00:00,2026-09-01T13:15:00+00:00,SL,126.6,124.55022186609952,129.1622226673756,124.55022186609952,21.725797830364396,0.5259247044116754,-1.0,-1.0864678947778286,0.08646789477782854,-0.5714003064138047,52.02107013475373,11,70349793.07
BASELINE_CORE,LDOUSDT,LONG,2026-09-01T10:15:00+00:00,2026-09-01T10:30:00+00:00,2026-09-01T16:45:00+00:00,SL,0.3676,0.35999463731382214,0.3771067033577223,0.35999463731382214,26.564780718248276,0.5259247044116754,-1.0,-1.067668041779956,0.06766804177995592,-0.5615129992829156,51.45955713547081,25,14591847.7427
BASELINE_CORE,FILUSDT,LONG,2026-09-02T23:00:00+00:00,2026-09-02T23:15:00+00:00,2026-09-03T01:45:00+00:00,TP,0.8043,0.7848086308501611,0.8286642114372987,0.8286642114372987,39.233828667393986,0.5145955713547081,1.2500000000000013,1.1922298150866801,0.05777018491332117,0.6135161828806481,52.07307331835146,10,230288537.64773
BASELINE_CORE,ARBUSDT,LONG,2026-09-03T01:30:00+00:00,2026-09-03T01:45:00+00:00,2026-09-03T02:45:00+00:00,TP,0.12489,0.12098661250396195,0.12976923437004756,0.12976923437004756,44.365477072669826,0.5207307331835146,1.2499999999999982,1.2052065993505703,0.044793400649427995,0.6275881161174328,52.70066143446889,4,301185602.80961496
BASELINE_CORE,TIAUSDT,LONG,2026-09-03T02:30:00+00:00,2026-09-03T02:45:00+00:00,2026-09-03T06:30:00+00:00,TP,0.3552,0.34835741269602394,0.3637532341299701,0.3637532341299701,27.644610134300372,0.5270066143446889,1.250000000000002,1.1773257354405946,0.07267426455940745,0.6204584498154186,53.32111988428431,15,20392001.7027
BASELINE_CORE,FILUSDT,LONG,2026-09-03T04:45:00+00:00,2026-09-03T05:00:00+00:00,2026-09-03T08:00:00+00:00,SL,0.8138,0.7951659746886321,0.8370925316392097,0.7951659746886321,74.28685268473625,0.5270066143446889,-1.0,-1.0611419154456632,0.06114191544566324,-0.559228808198257,52.76189107608605,12,191965207.68133
BASELINE_CORE,LDOUSDT,LONG,2026-09-03T07:45:00+00:00,2026-09-03T08:00:00+00:00,2026-09-03T11:45:00+00:00,TP,0.374,0.36663919020918634,0.3832010122385171,0.3832010122385171,18.239806391199036,0.5276189107608605,1.2500000000000038,1.178866522178928,0.07113347782107565,0.6219922703644899,53.38388334645054,15,17260022.6633
BASELINE_CORE,DOTUSDT,LONG,2026-09-03T07:00:00+00:00,2026-09-03T07:15:00+00:00,2026-09-03T19:00:00+00:00,TP,0.8794,0.8654935249009073,0.8967830938738659,0.8967830938738659,37.16263226015531,0.5332111988428431,1.250000000000004,1.1614685791167694,0.08853142088323472,0.6193080534891461,54.00319139993969,47,43316174.56147
BASELINE_CORE,ARBUSDT,LONG,2026-09-03T18:00:00+00:00,2026-09-03T18:15:00+00:00,2026-09-03T19:00:00+00:00,TP,0.1344,0.12890058118986011,0.14127427351267485,0.14127427351267485,63.482304429027344,0.5338388334645054,1.2500000000000024,1.2157854754300481,0.03421452456995436,0.649033499946666,54.652224899886356,3,334029165.30317503
BASELINE_CORE,LDOUSDT,LONG,2026-09-04T00:30:00+00:00,2026-09-04T00:45:00+00:00,2026-09-04T02:30:00+00:00,SL,0.3985,0.38992705264810973,0.4092161841898629,0.38992705264810973,53.48747486856443,0.5465222489988636,-1.0,-1.0650768023061503,0.06507680230615039,-0.5820881693528753,54.070136730533484,7,24767347.757
BASELINE_CORE,TIAUSDT,LONG,2026-09-03T14:45:00+00:00,2026-09-03T15:00:00+00:00,2026-09-04T05:45:00+00:00,SL,0.3671,0.35948174311253744,0.37662282110932815,0.35948174311253744,28.600047574827197,0.5338388334645054,-1.0,-1.0674616264050898,0.0674616264050898,-0.5698524694082169,53.500284261125266,59,20759376.664899997
BASELINE_CORE,AAVEUSDT,LONG,2026-09-04T00:30:00+00:00,2026-09-04T00:45:00+00:00,2026-09-04T09:15:00+00:00,TP,133.59,131.51450159930343,136.18437300087072,136.18437300087072,63.70189094284395,0.5465222489988636,1.25,1.159888632081224,0.09011136791877591,0.633904943793246,54.13418920491851,34,125119483.77199998
BASELINE_CORE,ETHUSDT,LONG,2026-09-04T06:00:00+00:00,2026-09-04T06:15:00+00:00,2026-09-04T09:30:00+00:00,TP,2513.83,2495.5079264695414,2536.732591913073,2536.732591913073,32.414267739735436,0.5350028426112526,1.25,1.0579168280735567,0.1920831719264434,0.5659885102656327,54.70017771518415,13,11019096840.5942
BASELINE_CORE,TIAUSDT,LONG,2026-09-05T08:45:00+00:00,2026-09-05T09:00:00+00:00,2026-09-05T11:30:00+00:00,SL,0.3646,0.36083532289266157,0.36930584638417296,0.36083532289266157,43.998354854378505,0.5470017771518415,-1.0,-1.1355866613381025,0.13558666133810238,-0.6211679218618684,54.07900979332228,10,20402592.2011
BASELINE_CORE,NEARUSDT,LONG,2026-09-05T05:45:00+00:00,2026-09-05T06:00:00+00:00,2026-09-05T15:45:00+00:00,SL,2.235,2.1669966730257353,2.320004158717831,2.1669966730257353,58.696953728030806,0.5470017771518415,-1.0,-1.0460124546727567,0.04601245467275666,-0.572170671628958,53.50683912169332,39,370143061.64
BASELINE_CORE,ARBUSDT,LONG,2026-09-05T16:00:00+00:00,2026-09-05T16:15:00+00:00,2026-09-05T17:15:00+00:00,TP,0.13396,0.1308098676641893,0.13789766541976334,0.13789766541976334,40.56198030135879,0.5350683912169332,1.2499999999999956,1.190464723380661,0.05953527661933467,0.6369800443398016,54.14381916603312,4,92409844.114299
BASELINE_CORE,WLDUSDT,LONG,2026-09-05T16:45:00+00:00,2026-09-05T17:00:00+00:00,2026-09-05T18:45:00+00:00,SL,0.3987,0.393546386568521,0.4051420167893488,0.393546386568521,47.00682363703461,0.5414381916603312,-1.0,-1.108308472767972,0.10830847276797195,-0.6000805352973142,53.5437386307358,7,97454543.7477
BASELINE_CORE,LTCUSDT,LONG,2026-09-06T01:45:00+00:00,2026-09-06T02:00:00+00:00,2026-09-06T06:00:00+00:00,SL,54.82,54.13266828083906,55.67916464895117,54.13266828083906,48.00909547960154,0.535437386307358,-1.0,-1.111660785993829,0.11166078599382899,-0.5952247457129191,52.948513885022884,16,151818879.83211002
BASELINE_CORE,DOTUSDT,LONG,2026-09-06T00:15:00+00:00,2026-09-06T00:30:00+00:00,2026-09-06T07:00:00+00:00,TP,0.922,0.91019865399138,0.9367516825107751,0.9367516825107751,21.622361139357686,0.535437386307358,1.2500000000000024,1.1406226460051985,0.10937735399480389,0.6107320083400064,53.55924589336289,26,41334593.163490005
BASELINE_CORE,SUIUSDT,LONG,2026-09-06T01:00:00+00:00,2026-09-06T01:15:00+00:00,2026-09-06T07:15:00+00:00,SL,0.8017,0.7891230431358891,0.8174211960801385,0.7891230431358891,54.21279381897679,0.535437386307358,-1.0,-1.0892409835007688,0.0892409835007689,-0.5832203452645077,52.976025548098384,24,294620186.7145
BASELINE_CORE,WLDUSDT,LONG,2026-09-06T05:30:00+00:00,2026-09-06T05:45:00+00:00,2026-09-06T10:45:00+00:00,TP,0.4011,0.39497480860433376,0.40875648924458285,0.40875648924458285,33.53578018322551,0.5294851388502289,1.2500000000000044,1.1583228647520667,0.09167713524793783,0.6133147428766429,53.58934029097503,20,115501929.853
BASELINE_CORE,ETHUSDT,LONG,2026-09-06T09:15:00+00:00,2026-09-06T09:30:00+00:00,2026-09-06T13:45:00+00:00,SL,2500.91,2484.34017585508,2521.62228018115,2484.34017585508,40.162807437175346,0.5297602554809838,-1.0,-1.2113042340931202,0.21130423409312019,-0.6417008405183687,52.94763945045666,17,4977310981.528211
BASELINE_CORE,XRPUSDT,LONG,2026-09-06T09:15:00+00:00,2026-09-06T09:30:00+00:00,2026-09-06T14:30:00+00:00,SL,1.4217,1.4098380717559837,1.4365274103050203,1.4098380717559837,28.802102484700598,0.5297602554809838,-1.0,-1.1677956533756688,0.16779565337566874,-0.6186517236818767,52.328987726774784,20,756002257.31695
BASELINE_CORE,LINKUSDT,LONG,2026-09-06T16:15:00+00:00,2026-09-06T16:30:00+00:00,2026-09-06T20:45:00+00:00,TP,12.32,12.128111714119033,12.55986035735121,12.55986035735121,39.42021719068618,0.5232898772677479,1.2500000000000047,1.1601143672172962,0.08988563278270838,0.6070761048376899,52.93606383161247,17,167930524.21178
BASELINE_CORE,WLDUSDT,LONG,2026-09-07T02:30:00+00:00,2026-09-07T02:45:00+00:00,2026-09-07T06:30:00+00:00,TP,0.4191,0.4091729458487342,0.43150881768908217,0.43150881768908217,50.28448756730004,0.5293606383161247,1.2499999999999987,1.1908948524849943,0.05910514751500439,0.6304128592788437,53.566476690891314,15,160097313.00419998
BASELINE_CORE,NEARUSDT,LONG,2026-09-07T02:30:00+00:00,2026-09-07T02:45:00+00:00,2026-09-07T07:45:00+00:00,SL,2.411,2.339190772475617,2.5007615344054788,2.339190772475617,87.71296888739522,0.5293606383161247,-1.0,-1.0470051011042263,0.047005101104226184,-0.5542432886407719,53.012233402250544,20,419428804.767
BASELINE_CORE,ZROUSDT,LONG,2026-09-06T15:00:00+00:00,2026-09-06T15:15:00+00:00,2026-09-07T08:45:00+00:00,TP,1.1001,1.0655747616765279,1.1432565479043404,1.1432565479043404,32.521818085686014,0.5232898772677479,1.2500000000000016,1.2053908944647929,0.044609105535208596,0.6307688532241423,53.643002255474684,70,21557015.05458
BASELINE_CORE,LINKUSDT,LONG,2026-09-07T13:00:00+00:00,2026-09-07T13:15:00+00:00,2026-09-07T14:15:00+00:00,SL,13.304,13.072340453455316,13.593574433180855,13.072340453455316,61.002180604048796,0.5364300225547468,-1.0,-1.0804007444450703,0.08040074444507034,-0.5795593957108343,53.06344285976385,4,346333937.82341003
BASELINE_CORE,SUIUSDT,LONG,2026-09-07T14:45:00+00:00,2026-09-07T15:00:00+00:00,2026-09-07T15:30:00+00:00,SL,0.8262,0.8111378960920035,0.8450276298849957,0.8111378960920035,43.53824868041244,0.5306344285976385,-1.0,-1.076794052614782,0.07679405261478191,-0.5713839968265804,52.49205886293727,2,402626857.88015
BASELINE_CORE,ZROUSDT,LONG,2026-09-07T16:30:00+00:00,2026-09-07T16:45:00+00:00,2026-09-07T19:15:00+00:00,SL,1.1593,1.1211414029926858,1.2069982462591426,1.1211414029926858,48.55566196936602,0.5249205886293727,-1.0,-1.0425335344401918,0.04253353444019189,-0.5472473165642059,51.94481154637307,10,32065301.662890002
BASELINE_CORE,STRKUSDT,LONG,2026-09-07T16:30:00+00:00,2026-09-07T16:45:00+00:00,2026-09-08T05:15:00+00:00,SL,0.03156,0.03056152953871838,0.03280808807660202,0.03056152953871838,56.10826564079196,0.5249205886293727,-1.0,-1.0442516846650487,0.04425168466504881,-0.5481492089915915,51.39666233738148,50,15611074.426602
BASELINE_CORE,ORDIUSDT,LONG,2026-09-08T05:15:00+00:00,2026-09-08T05:30:00+00:00,2026-09-08T06:45:00+00:00,SL,4.405,4.3150793475155345,4.5174008156055825,4.3150793475155345,67.35916135804085,0.5139666233738148,-1.0,-1.0685826873983746,0.06858268739837467,-0.5492158356378593,50.84744650174362,5,13765590.8415
BASELINE_CORE,DOTUSDT,LONG,2026-09-08T08:30:00+00:00,2026-09-08T08:45:00+00:00,2026-09-08T15:00:00+00:00,TP,1.0728,1.0466094510741377,1.105538186157328,1.105538186157328,72.50883438502117,0.5084744650174362,1.2500000000000042,1.1926541228955765,0.057345877104427775,0.6064341670901678,51.45388066883379,25,203660586.69043
BASELINE_CORE,FILUSDT,LONG,2026-09-08T05:00:00+00:00,2026-09-08T05:15:00+00:00,2026-09-08T15:15:00+00:00,TP,0.8472,0.8295496574820908,0.8692629281473865,0.8692629281473865,51.15021141544652,0.5139666233738148,1.2500000000000016,1.1828013040655445,0.06719869593445707,0.6079203923727128,52.0618010612065,40,154145959.41979998
BASELINE_CORE,TAOUSDT,LONG,2026-09-09T10:30:00+00:00,2026-09-09T10:45:00+00:00,2026-09-09T12:00:00+00:00,TP,260.5,255.57084004420437,266.6614499447445,266.6614499447445,37.874130622194976,0.520618010612065,1.2499999999999942,1.1760117335873388,0.0739882664126555,0.6122528891966862,52.67405395040319,5,183978892.61923
BASELINE_CORE,ETHUSDT,LONG,2026-09-09T11:45:00+00:00,2026-09-09T12:00:00+00:00,2026-09-09T15:15:00+00:00,SL,2499.86,2480.57718591139,2523.9635176107627,2480.57718591139,40.802878081636194,0.5267405395040319,-1.0,-1.1814986123870417,0.1814986123870416,-0.6223432165120154,52.05171073389118,13,8658510131.245699
BASELINE_CORE,XRPUSDT,LONG,2026-09-09T11:45:00+00:00,2026-09-09T12:00:00+00:00,2026-09-09T15:15:00+00:00,SL,1.4265,1.4128920904549667,1.443509886931292,1.4128920904549667,33.90999026176187,0.5267405395040319,-1.0,-1.1467602348024788,0.14676023480247882,-0.604045104761628,51.447665629129546,13,1084385701.49955
BASELINE_CORE,STRKUSDT,LONG,2026-09-09T14:00:00+00:00,2026-09-09T14:15:00+00:00,2026-09-09T15:15:00+00:00,SL,0.03171,0.03093285560845398,0.03268143048943253,0.03093285560845398,52.08942013338398,0.5267405395040319,-1.0,-1.0571245195653851,0.05712451956538508,-0.5568303397588115,50.890835289370735,4,11426451.816693
BASELINE_CORE,SANDUSDT,SHORT,2026-09-10T20:45:00+00:00,2026-09-10T21:00:00+00:00,2026-09-10T23:15:00+00:00,TP,0.03528,0.035843079788844594,0.034576150263944255,0.034576150263944255,60.74034850619581,0.5089083528937074,1.25,1.16228241364985,0.08771758635015003,0.5914952287278679,51.4823305180986,9,17081940.28537
BASELINE_CORE,RUNEUSDT,LONG,2026-09-11T00:00:00+00:00,2026-09-11T00:15:00+00:00,2026-09-11T04:30:00+00:00,TP,0.5028,0.4894945237151286,0.5194318453560893,0.5194318453560893,39.58972492551457,0.514823305180986,1.25,1.197095467690971,0.05290453230902897,0.6162926452938439,52.098623163392446,17,17817347.2597
BASELINE_CORE,RUNEUSDT,LONG,2026-09-12T04:15:00+00:00,2026-09-12T04:30:00+00:00,2026-09-12T08:15:00+00:00,SL,0.5158,0.5071424277493879,0.5266219653132652,0.5071424277493879,30.277932153118847,0.5209862316339244,-1.0,-1.0834090642384118,0.08340906423841184,-0.5644412056956065,51.53418195769684,15,15727845.4153
BASELINE_CORE,INJUSDT,LONG,2026-09-12T20:00:00+00:00,2026-09-12T20:15:00+00:00,2026-09-12T22:00:00+00:00,SL,6.091,5.999630346263362,6.205212067170798,5.999630346263362,29.75838769644478,0.5153418195769683,-1.0,-1.0933285795804717,0.0933285795804717,-0.5634379395965026,50.97074401810033,7,34645225.4485
BASELINE_CORE,JUPUSDT,LONG,2026-09-12T07:00:00+00:00,2026-09-12T07:15:00+00:00,2026-09-12T22:45:00+00:00,SL,0.246,0.24166816346661332,0.25141479566673336,0.24166816346661332,33.93065209748647,0.5209862316339244,-1.0,-1.0795043851137072,0.0795043851137071,-0.562406921632687,50.40833709646765,62,42284349.2002
BASELINE_CORE,INJUSDT,LONG,2026-09-13T00:00:00+00:00,2026-09-13T00:15:00+00:00,2026-09-13T00:30:00+00:00,TP,6.029,5.939274807460915,6.141156490673856,6.141156490673856,46.76309625330742,0.5040833709646765,1.25,1.155928315547239,0.09407168445276096,0.5826842418945726,50.99102133836222,1,32220106.2098
BASELINE_CORE,LTCUSDT,LONG,2026-09-12T01:30:00+00:00,2026-09-12T01:45:00+00:00,2026-09-13T01:45:00+00:00,TIMEOUT,53.58,52.99783978665465,54.30770026668168,53.86,13.916986866209516,0.5209862316339244,0.48096725537287904,0.35211612765848527,0.12885112771439378,0.1834476544463241,51.17446899280855,96,78875467.16493
BASELINE_CORE,FILUSDT,LONG,2026-09-13T09:45:00+00:00,2026-09-13T10:00:00+00:00,2026-09-13T12:30:00+00:00,TP,0.8131,0.8015628713073151,0.8275214108658563,0.8275214108658563,21.538052888258957,0.5117446899280855,1.2500000000000024,1.151332469254527,0.09866753074547532,0.589188277482795,51.76365727029135,10,27382947.57511
BASELINE_CORE,FILUSDT,LONG,2026-09-14T00:00:00+00:00,2026-09-14T00:15:00+00:00,2026-09-14T03:15:00+00:00,TP,0.9665,0.9203641742326228,1.0241697822092215,1.0241697822092215,52.527682346640006,0.5176365727029135,1.25,1.2206713822177475,0.02932861778225247,0.631864150687723,52.39552142097907,12,368980924.07916003
BASELINE_CORE,FILUSDT,LONG,2026-09-14T06:00:00+00:00,2026-09-14T06:15:00+00:00,2026-09-14T16:15:00+00:00,SL,0.9874,0.9399189709541172,1.0467512863073536,0.9399189709541172,62.03215277481098,0.5239552142097907,-1.0,-1.0291139435639478,0.029113943563947836,-0.5392096167463307,51.85631180423274,40,489122632.04592
BASELINE_CORE,SUIUSDT,SHORT,2026-09-15T11:15:00+00:00,2026-09-15T11:30:00+00:00,2026-09-15T13:15:00+00:00,SL,0.7074,0.714662688192534,0.6983216397593326,0.714662688192534,36.3558136166637,0.5185631180423274,-1.0,-1.1363627315045812,0.1363627315045813,-0.5892758012761117,51.26703600295663,7,220826287.60269
BASELINE_CORE,SUIUSDT,SHORT,2026-09-16T00:00:00+00:00,2026-09-16T00:15:00+00:00,2026-09-16T04:30:00+00:00,SL,0.6851,0.6939333355439914,0.6740583305700109,0.6939333355439914,38.359601067172036,0.5126703600295663,-1.0,-1.1085818596184123,0.10858185961841225,-0.5683370610928176,50.69869894186381,17,286114532.1368
BASELINE_CORE,SANDUSDT,SHORT,2026-09-16T10:00:00+00:00,2026-09-16T10:15:00+00:00,2026-09-16T11:45:00+00:00,SL,0.03314,0.03337317955261108,0.03284852555923616,0.03337317955261108,57.62712158748652,0.5069869894186381,-1.0,-1.1989711339629545,0.19897113396295454,-0.6078627656077289,50.09083617625608,6,12319789.71059
BASELINE_CORE,NEARUSDT,LONG,2026-09-18T09:15:00+00:00,2026-09-18T09:30:00+00:00,2026-09-18T10:30:00+00:00,TP,3.466,3.3792045064912015,3.5744943668859985,3.5744943668859985,78.68514038491806,0.5009083617625608,1.25,1.194093871653508,0.05590612834649187,0.5981316050406723,50.68896778129675,4,917175229.867
BASELINE_CORE,JUPUSDT,LONG,2026-09-18T12:30:00+00:00,2026-09-18T12:45:00+00:00,2026-09-18T13:45:00+00:00,TP,0.2564,0.25151762280443907,0.26250297149445123,0.26250297149445123,47.96028901982846,0.5068896778129676,1.2500000000000058,1.1764784375270436,0.07352156247296214,0.5963447761519867,51.28531255744874,4,32522412.7066
BASELINE_CORE,DOTUSDT,LONG,2026-09-18T13:00:00+00:00,2026-09-18T13:15:00+00:00,2026-09-19T01:45:00+00:00,SL,1.1487,1.1222800139107325,1.1817249826115845,1.1222800139107325,51.44121746088547,0.5068896778129676,-1.0,-1.0608698276587392,0.06086982765873911,-0.5377439651434367,50.747568592305306,50,100719921.71246001
BASELINE_CORE,WLDUSDT,LONG,2026-09-19T01:30:00+00:00,2026-09-19T01:45:00+00:00,2026-09-19T04:45:00+00:00,SL,0.4282,0.41882210412886395,0.43992236983892014,0.41882210412886395,44.2910627726098,0.507475685923053,-1.0,-1.0639247874190116,0.06392478741901157,-0.5399159612660013,50.2076526310393,12,302603230.9656
BASELINE_CORE,ZROUSDT,LONG,2026-09-18T15:15:00+00:00,2026-09-18T15:30:00+00:00,2026-09-19T05:00:00+00:00,SL,1.1249,1.0946790310717571,1.1626762111603037,1.0946790310717571,69.07656552444602,0.5128531255744874,-1.0,-1.0521114992619651,0.05211149926196512,-0.5395786708493587,49.66807396018994,54,36018702.512150005
BASELINE_CORE,INJUSDT,LONG,2026-09-18T15:45:00+00:00,2026-09-18T16:00:00+00:00,2026-09-19T05:45:00+00:00,TP,6.65,6.369536930042172,7.000578837447286,7.000578837447286,45.203826842405356,0.5128531255744874,1.2500000000000009,1.2168048987647477,0.03319510123525319,0.6240421955458486,50.29211615573579,55,94673529.87920001
BASELINE_CORE,LINKUSDT,LONG,2026-09-19T08:00:00+00:00,2026-09-19T08:15:00+00:00,2026-09-19T10:30:00+00:00,TP,12.39,12.241908050823103,12.575114936471122,12.575114936471122,53.233096016328055,0.5029211615573579,1.249999999999994,1.1328700675734855,0.11712993242650858,0.5697443302776198,50.86186048601341,9,189384258.60982
BASELINE_CORE,SUIUSDT,LONG,2026-09-19T08:30:00+00:00,2026-09-19T08:45:00+00:00,2026-09-19T10:30:00+00:00,TP,0.8238,0.8084519887110337,0.8429850141112077,0.8429850141112077,61.59173518369933,0.5029211615573579,1.2499999999999982,1.1748554110180285,0.07514458898196978,0.590859647971134,51.45272013398455,7,341476261.40324
BASELINE_CORE,INJUSDT,LONG,2026-09-19T13:15:00+00:00,2026-09-19T13:30:00+00:00,2026-09-19T15:30:00+00:00,SL,7.679,7.370596832252502,8.064503959684373,7.370596832252502,37.30003922023484,0.5145272013398455,-1.0,-1.034858915615296,0.034858915615295985,-0.5324630616331256,50.920257072351426,8,142082458.5222
BASELINE_CORE,1000PEPEUSDT,LONG,2026-09-19T15:00:00+00:00,2026-09-19T15:15:00+00:00,2026-09-19T16:15:00+00:00,TP,0.0038323,0.003781908768578919,0.003895289039276351,0.003895289039276351,24.603397008747415,0.5092025707235143,1.2499999999999978,1.1435286983727968,0.10647130162720099,0.5822877529075423,51.502544825258965,4,219400483.01041728
BASELINE_CORE,FILUSDT,LONG,2026-09-19T08:00:00+00:00,2026-09-19T08:15:00+00:00,2026-09-19T16:45:00+00:00,TP,0.9744,0.9366945873411737,1.021531765823533,1.021531765823533,57.64772410975413,0.5029211615573579,1.2500000000000016,1.2138205789618746,0.03617942103812697,0.6104560554937306,52.11300088075269,34,166163783.11477998
BASELINE_CORE,ORDIUSDT,LONG,2026-09-19T15:45:00+00:00,2026-09-19T16:00:00+00:00,2026-09-19T17:15:00+00:00,TP,4.632,4.56595723888947,4.714553451388162,4.714553451388162,64.70180171538071,0.5150254482525897,1.2500000000000033,1.151809072017041,0.09819092798296229,0.5932109836169759,52.70621186436967,5,16198826.957
BASELINE_CORE,SUIUSDT,LONG,2026-09-19T16:00:00+00:00,2026-09-19T16:15:00+00:00,2026-09-19T17:30:00+00:00,TP,0.8487,0.8333040088665566,0.8679449889168043,0.8679449889168043,74.86682903330428,0.5150254482525897,1.2500000000000036,1.172825364752324,0.07717463524767953,0.6040349092035726,53.31024677357324,5,369093421.49797
BASELINE_CORE,LDOUSDT,LONG,2026-09-19T19:15:00+00:00,2026-09-19T19:30:00+00:00,2026-09-19T21:30:00+00:00,SL,0.4128,0.4049813843954489,0.42257326950568885,0.4049813843954489,57.49786197052207,0.5331024677357324,-1.0,-1.0739158988278694,0.07391589882786935,-0.5725072158057743,52.73773955776747,8,21939925.925
BASELINE_CORE,INJUSDT,LONG,2026-09-20T13:00:00+00:00,2026-09-20T13:15:00+00:00,2026-09-20T16:15:00+00:00,TP,7.831,7.595699381162173,8.125125773547285,8.125125773547285,51.74203532094914,0.5273773955776747,1.2500000000000018,1.2034068373719164,0.04659316262808522,0.6346495637135676,53.372389121481035,12,162110321.5277
BASELINE_CORE,LDOUSDT,LONG,2026-09-21T00:00:00+00:00,2026-09-21T00:15:00+00:00,2026-09-21T00:45:00+00:00,TP,0.4221,0.41629200686416906,0.42935999141978864,0.42935999141978864,54.115515506227815,0.5337238912148103,1.2500000000000049,1.1482540119831892,0.1017459880168157,0.6128505993786852,53.985239720859724,2,25753119.359899998
BASELINE_CORE,LDOUSDT,LONG,2026-09-21T00:15:00+00:00,2026-09-21T00:30:00+00:00,2026-09-21T00:45:00+00:00,TP,0.4241,0.41610650637387125,0.4340918670326609,0.4340918670326609,42.525183319872895,0.5398523972085972,1.2500000000000018,1.1757220900184122,0.07427790998158966,0.634716388747542,54.619956109607266,1,25764124.134099998
BASELINE_CORE,WLDUSDT,LONG,2026-09-20T22:00:00+00:00,2026-09-20T22:15:00+00:00,2026-09-21T02:15:00+00:00,SL,0.4404,0.4281703534800623,0.4556870581499221,0.4281703534800623,42.04491524319819,0.5337238912148103,-1.0,-1.0504151938483943,0.050415193848394366,-0.5606316846519244,54.05932442495534,16,192897002.4673
BASELINE_CORE,TAOUSDT,LONG,2026-09-20T22:00:00+00:00,2026-09-20T22:15:00+00:00,2026-09-21T06:45:00+00:00,TP,264.14,257.72632646453576,272.15709191933024,272.15709191933024,14.856431546310695,0.5337238912148103,1.2499999999999956,1.192342559540137,0.057657440459858676,0.6363817105387886,54.69570613549413,34,195707253.95547998
BASELINE_CORE,ZROUSDT,LONG,2026-09-21T04:30:00+00:00,2026-09-21T04:45:00+00:00,2026-09-21T08:45:00+00:00,TP,1.1695,1.1333462173074893,1.2146922283656383,1.2146922283656383,64.56691091081392,0.5405932442495535,1.2499999999999984,1.2047128992303417,0.045287100769656655,0.6512596545842159,55.34696579007834,16,23368481.61218
BASELINE_CORE,DOTUSDT,LONG,2026-09-21T06:15:00+00:00,2026-09-21T06:30:00+00:00,2026-09-21T09:00:00+00:00,TP,1.1504,1.131896990100501,1.173528762374374,1.173528762374374,33.5881724940809,0.5469570613549413,1.249999999999997,1.1629568643832562,0.08704313561674067,0.6360874690256227,55.98305325910397,10,65726616.84373
BASELINE_CORE,STRKUSDT,LONG,2026-09-21T03:00:00+00:00,2026-09-21T03:15:00+00:00,2026-09-21T10:15:00+00:00,SL,0.0495,0.04742764828950906,0.05209043963811368,0.04742764828950906,76.59662317049116,0.5405932442495535,-1.0,-1.0334402696459197,0.03344026964591966,-0.5586708281060211,55.424382430997944,28,77983151.637462
BASELINE_CORE,NEARUSDT,LONG,2026-09-21T08:15:00+00:00,2026-09-21T08:30:00+00:00,2026-09-21T10:15:00+00:00,SL,4.35,4.173337805048838,4.570827743688952,4.173337805048838,70.59461542309106,0.5534696579007834,-1.0,-1.0344725706690308,0.034472570669030776,-0.5725491797959325,54.85183325120201,7,1188757641.55
BASELINE_CORE,ARBUSDT,LONG,2026-09-21T08:30:00+00:00,2026-09-21T08:45:00+00:00,2026-09-21T10:45:00+00:00,TP,0.21759,0.2109877219974386,0.22584284750320177,0.22584284750320177,42.349042378167304,0.5598305325910397,1.25,1.2038604706009324,0.04613952939906766,0.6739578484218196,55.52579109962383,8,239573297.717847
BASELINE_CORE,DOTUSDT,LONG,2026-09-21T13:45:00+00:00,2026-09-21T14:00:00+00:00,2026-09-21T18:00:00+00:00,SL,1.1829,1.1612220635031147,1.2099974206211066,1.1612220635031147,40.487824308556746,0.5552579109962383,-1.0,-1.0763938025299569,0.07639380252995677,-0.5976761742020813,54.92811492542175,16,86074948.13239
BASELINE_CORE,INJUSDT,LONG,2026-09-21T17:30:00+00:00,2026-09-21T17:45:00+00:00,2026-09-21T21:15:00+00:00,SL,7.93,7.685059051069146,8.236176186163567,7.685059051069146,32.890264970359034,0.5492811492542176,-1.0,-1.0453252102127442,0.04532521021274427,-0.5741774328100626,54.35393749261169,14,92920440.1609
BASELINE_CORE,LTCUSDT,LONG,2026-09-22T00:00:00+00:00,2026-09-22T00:15:00+00:00,2026-09-22T01:15:00+00:00,SL,62.12,61.12244572155544,63.3669428480557,61.12244572155544,56.376243592443785,0.5435393749261169,-1.0,-1.0871812209914082,0.0871812209914082,-0.5909258012890827,53.76301169132261,4,222849720.73589
BASELINE_CORE,1000PEPEUSDT,LONG,2026-09-22T00:00:00+00:00,2026-09-22T00:15:00+00:00,2026-09-22T02:00:00+00:00,TP,0.0048699,0.004659343209877716,0.005133095987652855,0.005133095987652855,71.20144856119299,0.5435393749261169,1.25,1.2176198521261632,0.03238014787383688,0.6618243333222856,54.4248360246449,7,1087836835.76785
BASELINE_CORE,ORDIUSDT,LONG,2026-09-22T05:30:00+00:00,2026-09-22T05:45:00+00:00,2026-09-22T10:30:00+00:00,SL,4.911,4.776940861839831,5.07857392270021,4.776940861839831,82.6468589396615,0.544248360246449,-1.0,-1.0512863210547092,0.05128632105470911,-0.5721608563835474,53.85267516826135,19,34570282.484900005
BASELINE_CORE,1000PEPEUSDT,LONG,2026-09-22T05:45:00+00:00,2026-09-22T06:00:00+00:00,2026-09-22T10:30:00+00:00,SL,0.0051783,0.004881214206682184,0.00554965724164727,0.004881214206682184,65.4626662461863,0.544248360246449,-1.0,-1.024402445903041,0.024402445903040935,-0.5575293514151817,53.295145816846166,18,1443362412.5895853
BASELINE_CORE,XRPUSDT,LONG,2026-09-22T12:30:00+00:00,2026-09-22T12:45:00+00:00,2026-09-22T14:00:00+00:00,TP,1.5444,1.5178019115018004,1.5776476106227495,1.5776476106227495,35.135544864713644,0.5329514581684617,1.250000000000002,1.1687099478916951,0.08129005210830688,0.6228656709048658,53.91801148775103,5,2017761230.35831
BASELINE_CORE,TAOUSDT,LONG,2026-09-22T05:30:00+00:00,2026-09-22T05:45:00+00:00,2026-09-22T16:15:00+00:00,SL,318.75,306.84117474381236,333.63603157023454,306.84117474381236,69.25887331605567,0.544248360246449,-1.0,-1.0374722099283584,0.037472209928358424,-0.5646425490547687,53.35336893869626,42,513514859.85728997
BASELINE_CORE,TIAUSDT,LONG,2026-09-22T19:00:00+00:00,2026-09-22T19:15:00+00:00,2026-09-22T19:30:00+00:00,TP,0.4533,0.44576260600144035,0.46272174249819953,0.46272174249819953,51.23793840375161,0.5335336893869627,1.2500000000000018,1.1658037910554682,0.08419620894453361,0.6219955977431316,53.97536453643939,1,45779942.988199994
BASELINE_CORE,ZROUSDT,LONG,2026-09-23T01:00:00+00:00,2026-09-23T01:15:00+00:00,2026-09-23T06:15:00+00:00,TP,1.391,1.3398998922521026,1.4548751346848718,1.4548751346848718,84.44438162074417,0.539753645364394,1.250000000000001,1.2118904913154498,0.03810950868455123,0.6541223104699605,54.62948684690935,20,72547219.83089
BASELINE_CORE,LDOUSDT,LONG,2026-09-23T03:00:00+00:00,2026-09-23T03:15:00+00:00,2026-09-23T07:45:00+00:00,SL,0.4365,0.42626017811304323,0.449299777358696,0.42626017811304323,15.85143067987488,0.539753645364394,-1.0,-1.0596787724187278,0.05967877241872772,-0.5719654803282743,54.05752136658108,18,34333955.3842
BASELINE_CORE,ORDIUSDT,LONG,2026-09-23T06:30:00+00:00,2026-09-23T06:45:00+00:00,2026-09-23T08:15:00+00:00,SL,4.941,4.845646856259627,5.0601914296754655,4.845646856259627,59.25389279322351,0.5462948684690935,-1.0,-1.0725450648888377,0.07254506488883761,-0.585925865150623,53.47159550143046,6,18217916.563300002
BASELINE_CORE,LTCUSDT,LONG,2026-09-23T03:00:00+00:00,2026-09-23T03:15:00+00:00,2026-09-23T11:45:00+00:00,SL,63.22,62.05407570761837,64.67740536547703,62.05407570761837,42.785633728315034,0.539753645364394,-1.0,-1.075912304579575,0.07591230457957507,-0.5807275884892318,52.890867912941225,34,183935145.77866
BASELINE_CORE,AAVEUSDT,LONG,2026-09-24T22:30:00+00:00,2026-09-24T22:45:00+00:00,2026-09-24T23:45:00+00:00,TP,144.85,142.6332441884519,147.6209447644351,147.6209447644351,37.10570692663208,0.5289086791294123,1.249999999999997,1.1585194684305864,0.09148053156941055,0.6127510017933303,53.50361891473455,4,136527880.78399998
BASELINE_CORE,SANDUSDT,LONG,2026-09-24T23:45:00+00:00,2026-09-25T00:00:00+00:00,2026-09-25T00:15:00+00:00,TP,0.04265,0.04219372214766989,0.04322034731541263,0.04322034731541263,29.853035290577772,0.5350361891473455,1.2499999999999962,1.1191367558274496,0.13086324417254663,0.598778664972642,54.102397579707194,1,13724762.29524
BASELINE_CORE,DOTUSDT,LONG,2026-09-25T00:00:00+00:00,2026-09-25T00:15:00+00:00,2026-09-25T01:45:00+00:00,SL,1.1614,1.1483956948118401,1.1776553814851998,1.1483956948118401,32.007298958839755,0.541023975797072,-1.0,-1.1250324393709554,0.12503243937095543,-0.6086695232491526,53.49372805645804,6,77925378.9056
BASELINE_CORE,FILUSDT,LONG,2026-09-25T00:00:00+00:00,2026-09-25T00:15:00+00:00,2026-09-25T01:45:00+00:00,SL,0.9976,0.9837089278744765,1.0149638401569046,0.9837089278744765,27.69626459871512,0.541023975797072,-1.0,-1.1005422754543046,0.10054227545430458,-0.5954197573990442,52.898308299058996,6,136897774.63749
BASELINE_CORE,TIAUSDT,LONG,2026-09-25T00:00:00+00:00,2026-09-25T00:15:00+00:00,2026-09-25T02:45:00+00:00,SL,0.4909,0.48176611743940095,0.5023173532007488,0.48176611743940095,37.36898519344349,0.541023975797072,-1.0,-1.0752429205696865,0.07524292056968661,-0.581732199834267,52.31657609922473,10,61125327.2958
BASELINE_CORE,NEARUSDT,LONG,2026-09-25T02:00:00+00:00,2026-09-25T02:15:00+00:00,2026-09-25T02:45:00+00:00,SL,4.638,4.474718839227118,4.842101450966102,4.474718839227118,35.77937217226564,0.5289830829905899,-1.0,-1.0397669882383542,0.03976698823835415,-0.5500191470301651,51.76655695219457,2,1018650870.4860001
BASELINE_CORE,AAVEUSDT,LONG,2026-09-25T02:00:00+00:00,2026-09-25T02:15:00+00:00,2026-09-25T03:00:00+00:00,SL,146.89,144.6058361616578,149.7452047979277,144.6058361616578,20.727375677056976,0.5289830829905899,-1.0,-1.090031195025509,0.09003119502550895,-0.5766080621005107,51.18994889009406,3,137196799.53599998
BASELINE_CORE,TAOUSDT,LONG,2026-09-25T10:30:00+00:00,2026-09-25T10:45:00+00:00,2026-09-25T12:15:00+00:00,TP,303.8,298.62454335533937,310.2693208058258,310.2693208058258,17.778159927576866,0.5118994889009406,1.2500000000000027,1.1678198120085161,0.0821801879914866,0.597806364895552,51.78775525498961,6,288068769.53025
BASELINE_CORE,ZROUSDT,LONG,2026-09-25T07:30:00+00:00,2026-09-25T07:45:00+00:00,2026-09-25T16:00:00+00:00,TP,1.5205,1.4641754359311936,1.590905705086008,1.590905705086008,55.66366503275228,0.5118994889009406,1.250000000000002,1.212206542825623,0.037793457174379,0.6205279097148126,52.40828316470442,33,66078460.42854
BASELINE_CORE,JUPUSDT,LONG,2026-09-25T16:00:00+00:00,2026-09-25T16:15:00+00:00,2026-09-25T20:45:00+00:00,TP,0.3271,0.31498475741954585,0.3422440532255677,0.3422440532255677,23.315397748292916,0.5240828316470443,1.2500000000000022,1.2122013346444438,0.03779866535555853,0.6352939079867864,53.04357707269121,18,36095355.0925
BASELINE_CORE,ARBUSDT,LONG,2026-09-25T20:15:00+00:00,2026-09-25T20:30:00+00:00,2026-09-25T21:30:00+00:00,SL,0.226,0.22015255188988253,0.23330931013764686,0.22015255188988253,18.71418010333368,0.5304357707269121,-1.0,-1.0541090735722054,0.05410907357220541,-0.559137158870504,52.4844399138207,4,165399813.664507
BASELINE_CORE,SANDUSDT,LONG,2026-09-25T22:00:00+00:00,2026-09-25T22:15:00+00:00,2026-09-26T05:45:00+00:00,SL,0.04521,0.04464186372943544,0.0459201703382057,0.04464186372943544,32.30051668472399,0.524844399138207,-1.0,-1.1114063707587343,0.11140637075873423,-0.5833154088592433,51.90112450496146,30,22676103.95555
BASELINE_CORE,FILUSDT,LONG,2026-09-25T15:45:00+00:00,2026-09-25T16:00:00+00:00,2026-09-26T06:30:00+00:00,TP,1.0274,0.9972952782055612,1.0650309022430486,1.0650309022430486,20.5000017141135,0.5240828316470443,1.2499999999999973,1.2022214485215479,0.04777855147844951,0.6300636210079841,52.53118812596944,58,113236810.21689
BASELINE_CORE,QNTUSDT,LONG,2026-09-26T05:45:00+00:00,2026-09-26T06:00:00+00:00,2026-09-26T08:30:00+00:00,TP,100.73,97.80089488390993,104.39138139511259,104.39138139511259,63.071420505609396,0.5190112450496146,1.249999999999999,1.201854920048671,0.048145079951327885,0.6237762184234658,53.15496434439291,10,215628116.894
BASELINE_CORE,QNTUSDT,LONG,2026-09-26T08:00:00+00:00,2026-09-26T08:15:00+00:00,2026-09-26T08:45:00+00:00,TP,102.17,98.80144092127993,106.38069884840009,106.38069884840009,68.91771133762568,0.5315496434439291,1.25,1.2075373337212334,0.042462666278766686,0.6418660391847544,53.796830383577664,2,155546054.754
BASELINE_CORE,LINKUSDT,LONG,2026-09-25T14:45:00+00:00,2026-09-25T15:00:00+00:00,2026-09-26T15:00:00+00:00,TIMEOUT,14.037,13.612959792459975,14.567050259425033,14.32,44.23550938340435,0.5178775525498961,0.6673895422364793,0.6210453521088366,0.04634419012764265,0.32162544697261275,54.118455830550275,96,439229813.29841
BASELINE_CORE,DOTUSDT,LONG,2026-09-26T10:15:00+00:00,2026-09-26T10:30:00+00:00,2026-09-26T15:15:00+00:00,TP,1.2302,1.2048634423911342,1.2618706970110822,1.2618706970110822,36.90453237492062,0.5379683038357767,1.2500000000000022,1.1820239147484943,0.06797608525150786,0.6358914005105721,54.75434723106085,19,84299679.48517
BASELINE_CORE,ORDIUSDT,LONG,2026-09-26T14:30:00+00:00,2026-09-26T14:45:00+00:00,2026-09-26T15:15:00+00:00,TP,4.812,4.7369961079463305,4.905754865067087,4.905754865067087,25.29122811949715,0.5411845583055027,1.2499999999999971,1.1601806610891654,0.0898193389108317,0.6278718586261262,55.38221908968698,2,11436233.413199998
BASELINE_CORE,LDOUSDT,LONG,2026-09-26T14:45:00+00:00,2026-09-26T15:00:00+00:00,2026-09-26T20:15:00+00:00,SL,0.4918,0.4814335668275105,0.5047580414656119,0.4814335668275105,65.2294066785955,0.5538221908968698,-1.0,-1.066418216231519,0.06641821623151889,-0.5906060729256717,54.7916130167613,21,64810181.814600006
BASELINE_CORE,JUPUSDT,LONG,2026-09-26T09:45:00+00:00,2026-09-26T10:00:00+00:00,2026-09-26T20:45:00+00:00,SL,0.3458,0.3361396800737195,0.35787539990785056,0.3361396800737195,59.21294482355711,0.5379683038357767,-1.0,-1.0501142823109795,0.05011428231097949,-0.5649281992885615,54.226684817472744,43,45766790.986
BASELINE_CORE,WLDUSDT,LONG,2026-09-27T01:00:00+00:00,2026-09-27T01:15:00+00:00,2026-09-27T04:30:00+00:00,SL,0.5247,0.5146389675956419,0.5372762905054478,0.5146389675956419,51.639103931935026,0.5422668481747275,-1.0,-1.0730123878422058,0.0730123878422058,-0.5818590456076312,53.644825771865115,13,395598879.97679996
BASELINE_CORE,ETHUSDT,LONG,2026-09-27T04:00:00+00:00,2026-09-27T04:15:00+00:00,2026-09-27T04:45:00+00:00,SL,2698.32,2691.6054848497297,2706.713143937838,2691.6054848497297,35.536194557057726,0.5364482577186511,-1.0,-1.562609200434648,0.5626092004346479,-0.8382589830683014,52.806566788796815,2,2937170709.73548
BASELINE_CORE,AAVEUSDT,LONG,2026-09-27T04:00:00+00:00,2026-09-27T04:15:00+00:00,2026-09-27T04:45:00+00:00,SL,155.64,154.02157193924063,157.66303507594918,154.02157193924063,28.13762937460747,0.5364482577186511,-1.0,-1.1346343438322273,0.13463434383222725,-0.6086726168965433,52.19789417190027,2,122061748.51
BASELINE_CORE,SUIUSDT,LONG,2026-09-27T05:30:00+00:00,2026-09-27T05:45:00+00:00,2026-09-27T06:30:00+00:00,TP,1.177,1.1564075208262306,1.202740598967212,1.202740598967212,41.332901206585944,0.5219789417190027,1.2500000000000027,1.1699804945244816,0.08001950547552099,0.6107051803637643,52.80859935226404,3,392223716.83915
BASELINE_CORE,ARBUSDT,LONG,2026-09-27T05:30:00+00:00,2026-09-27T05:45:00+00:00,2026-09-27T08:00:00+00:00,TP,0.22636,0.22080158032915345,0.2333080245885582,0.2333080245885582,29.729173767287303,0.5219789417190027,1.2500000000000013,1.1929866726936564,0.05701332730634482,0.6227139208975091,53.43131327316155,9,135068466.892984
BASELINE_CORE,QNTUSDT,LONG,2026-09-27T08:30:00+00:00,2026-09-27T08:45:00+00:00,2026-09-27T11:15:00+00:00,SL,179.17,162.87180346721087,199.5427456659864,162.87180346721087,88.42610405286445,0.5343131327316155,-1.0,-1.01539053719811,0.015390537198110097,-0.5425364988763601,52.88877677428519,10,957440831.3269999
BASELINE_CORE,ARBUSDT,LONG,2026-09-27T09:30:00+00:00,2026-09-27T09:45:00+00:00,2026-09-27T13:00:00+00:00,SL,0.23091,0.22478004350655292,0.23857244561680885,0.22478004350655292,34.32312564624584,0.5343131327316155,-1.0,-1.0527367527560072,0.05273675275600727,-0.5624910723067704,52.32628570197842,13,154519556.881887
BASELINE_CORE,STRKUSDT,LONG,2026-09-27T11:30:00+00:00,2026-09-27T11:45:00+00:00,2026-09-27T13:15:00+00:00,SL,0.04096,0.040434385611615054,0.04161701798548119,0.040434385611615054,49.303619425155404,0.528887767742852,-1.0,-1.1090989920884784,0.1090989920884783,-0.5865888901315224,51.7396968118469,6,18189577.070264
BASELINE_CORE,RUNEUSDT,LONG,2026-09-29T00:00:00+00:00,2026-09-29T00:15:00+00:00,2026-09-29T02:30:00+00:00,SL,0.7788,0.7598154351738107,0.8025307060327368,0.7598154351738107,47.55245987219025,0.517396968118469,-1.0,-1.0574319195610897,0.057431919561089645,-0.5471120691726007,51.1925847426743,9,30472712.918
BASELINE_CORE,RUNEUSDT,LONG,2026-09-29T10:15:00+00:00,2026-09-29T10:30:00+00:00,2026-09-29T15:15:00+00:00,SL,0.7826,0.764123450364938,0.8056956870438274,0.764123450364938,43.15912882136727,0.511925847426743,-1.0,-1.0592989503798298,0.05929895037982972,-0.5422825128514537,50.65030222982285,19,29908730.3591
BASELINE_CORE,LDOUSDT,LONG,2026-09-30T02:45:00+00:00,2026-09-30T03:00:00+00:00,2026-09-30T07:00:00+00:00,SL,0.4735,0.46366918521796013,0.4857885184775498,0.46366918521796013,28.652617334239398,0.5065030222982285,-1.0,-1.0674308299665118,0.06743082996651185,-0.5406569414723448,50.10964528835051,16,35233553.8748
BASELINE_CORE,QNTUSDT,LONG,2026-09-30T10:00:00+00:00,2026-09-30T10:15:00+00:00,2026-09-30T11:30:00+00:00,TP,289.83,272.9403283534676,310.9420895581655,310.9420895581655,40.6829539313149,0.5010964528835051,1.25,1.2259757318856281,0.02402426811437192,0.6143320905691474,50.723977378919656,5,1399976675.469
BASELINE_CORE,NEARUSDT,LONG,2026-09-30T22:15:00+00:00,2026-09-30T22:30:00+00:00,2026-10-01T02:30:00+00:00,SL,5.372,5.180120037429054,5.6118499532136825,5.180120037429054,50.306163416527916,0.5072397737891966,-1.0,-1.0391953380604775,0.039195338060477564,-0.5271212082005843,50.19685617071907,16,928844670.601
BASELINE_CORE,DOTUSDT,LONG,2026-10-01T06:45:00+00:00,2026-10-01T07:00:00+00:00,2026-10-01T07:30:00+00:00,SL,1.249,1.2327092438788814,1.2693634451513987,1.2327092438788814,22.905499426851378,0.5019685617071907,-1.0,-1.107336945381754,0.10733694538175417,-0.5558483337985132,49.64100783692056,2,68404725.24826999
BASELINE_CORE,WLDUSDT,LONG,2026-10-01T00:00:00+00:00,2026-10-01T00:15:00+00:00,2026-10-01T08:00:00+00:00,SL,0.5373,0.5224778617471486,0.5558276728160643,0.5224778617471486,41.05954849730753,0.5072397737891966,-1.0,-1.050749762764849,0.050749762764848896,-0.532982071973894,49.10802576494666,31,404558865.9561
BASELINE_CORE,ETHUSDT,LONG,2026-10-01T10:45:00+00:00,2026-10-01T11:00:00+00:00,2026-10-01T15:15:00+00:00,SL,2700.9,2678.4441945117637,2728.9697568602955,2678.4441945117637,55.863290418605125,0.4910802576494666,-1.0,-1.1683867453332208,0.16838674533322084,-0.5737716639324598,48.5342541010142,17,9932150237.148571
BASELINE_CORE,AAVEUSDT,LONG,2026-10-01T17:15:00+00:00,2026-10-01T17:30:00+00:00,2026-10-02T00:45:00+00:00,TP,168.0,162.76720944723198,174.54098819096004,174.54098819096004,48.826286601161556,0.485342541010142,1.2500000000000013,1.20505266308135,0.04494733691865132,0.584863321550941,49.11911742256514,29,213028729.743
BASELINE_CORE,XRPUSDT,LONG,2026-10-02T12:15:00+00:00,2026-10-02T12:30:00+00:00,2026-10-02T14:45:00+00:00,SL,1.5386,1.5217880038930511,1.559614995133686,1.5217880038930511,53.69406922422476,0.4911911742256514,-1.0,-1.1281251783724646,0.1281251783724646,-0.5541251310382933,48.56499229152685,9,1040218826.46111
BASELINE_CORE,ZROUSDT,LONG,2026-10-02T16:00:00+00:00,2026-10-02T16:15:00+00:00,2026-10-02T17:45:00+00:00,SL,1.9605,1.9033846637129312,2.031894170358836,1.9033846637129312,39.618123560824465,0.4856499229152685,-1.0,-1.0480553941975375,0.04805539419753745,-0.5089880214029654,48.056004270123886,6,107848961.91017
BASELINE_CORE,SANDUSDT,LONG,2026-10-03T01:00:00+00:00,2026-10-03T01:15:00+00:00,2026-10-03T03:30:00+00:00,TP,0.06814,0.06163898703984871,0.07626626620018913,0.07626626620018913,40.808356234047366,0.48056004270123887,1.2499999999999998,1.2353259791074496,0.014674020892550233,0.5936483052698257,48.64965257539371,9,910294050.08941
BASELINE_CORE,STRKUSDT,LONG,2026-10-03T05:30:00+00:00,2026-10-03T05:45:00+00:00,2026-10-03T08:15:00+00:00,SL,0.04342,0.04255200806865744,0.0445049899141782,0.04255200806865744,22.293403477542597,0.4864965257539371,-1.0,-1.0700329090686094,0.07003290906860946,-0.520567292704257,48.12908528268945,10,19069372.121021997
BASELINE_CORE,SUIUSDT,LONG,2026-10-03T20:00:00+00:00,2026-10-03T20:15:00+00:00,2026-10-03T23:45:00+00:00,TP,1.1766,1.1652496258327456,1.1907879677090683,1.1907879677090683,34.05045057260928,0.48129085282689454,1.2500000000000049,1.1048735067472766,0.14512649325272836,0.5317655123282383,48.66085079501769,14,292556867.00211
BASELINE_CORE,JUPUSDT,LONG,2026-10-03T23:00:00+00:00,2026-10-03T23:15:00+00:00,2026-10-04T00:15:00+00:00,TP,0.3286,0.32646816258034583,0.3312647967745677,0.3312647967745677,24.01052011776969,0.48129085282689454,1.25,1.0342049324405664,0.2157950675594335,0.49775337393210106,49.158604168949786,4,14037060.3253
BASELINE_CORE,QNTUSDT,LONG,2026-10-04T00:45:00+00:00,2026-10-04T01:00:00+00:00,2026-10-04T01:45:00+00:00,TP,262.79,253.95611092439873,273.83236134450163,273.83236134450163,29.36157491769856,0.4915860416894979,1.25,1.2083528843466989,0.041647115653301085,0.5940094113800813,49.752613580329864,3,450317242.909
BASELINE_CORE,WLDUSDT,LONG,2026-10-03T21:00:00+00:00,2026-10-03T21:15:00+00:00,2026-10-04T02:15:00+00:00,SL,0.597,0.5848160306076328,0.612229961740459,0.5848160306076328,47.09068630969699,0.48129085282689454,-1.0,-1.0685983338503457,0.06859833385034572,-0.5143066034282314,49.23830697690163,20,490642681.9075
BASELINE_CORE,SUIUSDT,LONG,2026-10-04T02:30:00+00:00,2026-10-04T02:45:00+00:00,2026-10-04T09:15:00+00:00,SL,1.1804,1.1707700318820617,1.1924374601474226,1.1707700318820617,39.6906516424826,0.49238306976901636,-1.0,-1.1716059679285653,0.17160596792856528,-0.5768789430483667,48.66142803385327,26,211167099.3211
BASELINE_CORE,AAVEUSDT,LONG,2026-10-04T05:15:00+00:00,2026-10-04T05:30:00+00:00,2026-10-04T10:00:00+00:00,SL,182.42,180.6217801717241,184.66777478534482,180.6217801717241,56.4168940175778,0.49238306976901636,-1.0,-1.142022680422151,0.14202268042215102,-0.562312633132099,48.09911540072117,18,110885354.459
BASELINE_CORE,LTCUSDT,LONG,2026-10-04T02:15:00+00:00,2026-10-04T02:30:00+00:00,2026-10-04T13:00:00+00:00,TP,70.32,69.56150227774191,71.2681221528226,71.2681221528226,25.436214867284985,0.49238306976901636,1.25,1.1202065977114402,0.12979340228855993,0.5515707633566644,48.65068616407783,42,101959812.09845
BASELINE_CORE,ETHUSDT,LONG,2026-10-04T12:15:00+00:00,2026-10-04T12:30:00+00:00,2026-10-04T13:00:00+00:00,SL,2700.92,2695.3137992517695,2707.9277509352883,2695.3137992517695,33.835707073105866,0.4809911540072117,-1.0,-1.674483160666957,0.6744831606669571,-0.8054115878148429,47.84527457626299,2,2219675173.56764
BASELINE_CORE,STRKUSDT,LONG,2026-10-04T10:30:00+00:00,2026-10-04T10:45:00+00:00,2026-10-04T13:45:00+00:00,TP,0.05394,0.05192840767105567,0.05645449041118041,0.05645449041118041,60.36457625054869,0.4809911540072117,1.2499999999999991,1.21245959038846,0.03754040961153909,0.5831823375680566,48.42845691383104,12,227135818.060761
BASELINE_CORE,STRKUSDT,LONG,2026-10-04T20:15:00+00:00,2026-10-04T20:30:00+00:00,2026-10-04T21:30:00+00:00,TP,0.05568,0.05362835640509481,0.058244554493631494,0.058244554493631494,69.19184853645103,0.4842845691383104,1.2500000000000009,1.212005096697314,0.03799490330268702,0.586955366047495,49.01541227987854,4,279005434.6298
BASELINE_CORE,LINKUSDT,LONG,2026-10-05T02:00:00+00:00,2026-10-05T02:15:00+00:00,2026-10-05T03:30:00+00:00,SL,14.227,14.101791089459466,14.383511138175669,14.101791089459466,29.779742673444332,0.4901541227987854,-1.0,-1.1590765378758883,0.1590765378758882,-0.5681261436792092,48.44728613619933,5,89985832.50702001
BASELINE_CORE,NEARUSDT,LONG,2026-10-05T02:00:00+00:00,2026-10-05T02:15:00+00:00,2026-10-05T04:00:00+00:00,SL,4.937,4.828642334084938,5.072447082393828,4.828642334084938,40.257771408251905,0.4901541227987854,-1.0,-1.0637869036918708,0.06378690369187079,-0.5214195366239249,47.92586659957541,7,412992083.54999995
BASELINE_CORE,INJUSDT,LONG,2026-10-05T07:00:00+00:00,2026-10-05T07:15:00+00:00,2026-10-05T09:30:00+00:00,SL,7.629,7.503142357255731,7.786322053430335,7.503142357255731,32.12231840729723,0.47925866599575406,-1.0,-1.0848625460251313,0.08486254602513124,-0.5199297765967618,47.405936822978646,9,36220752.7037
BASELINE_CORE,JUPUSDT,LONG,2026-10-05T11:15:00+00:00,2026-10-05T11:30:00+00:00,2026-10-05T13:00:00+00:00,SL,0.336,0.33109723699039884,0.3421284537620015,0.33109723699039884,57.26229935687913,0.47405936822978645,-1.0,-1.0959458980739647,0.09594589807396477,-0.5195434200549697,46.88639340292367,6,16729471.454300001
BASELINE_CORE,SUIUSDT,LONG,2026-10-05T06:45:00+00:00,2026-10-05T07:00:00+00:00,2026-10-05T14:30:00+00:00,SL,1.233,1.2066805330769843,1.2658993336537698,1.2066805330769843,51.01358901819211,0.47925866599575406,-1.0,-1.065586434749956,0.065586434749956,-0.5106915332214356,46.37570186970224,30,453377795.41107
BASELINE_CORE,XRPUSDT,LONG,2026-10-05T06:45:00+00:00,2026-10-05T07:00:00+00:00,2026-10-05T14:45:00+00:00,SL,1.5184,1.50298899631098,1.537663754611275,1.50298899631098,32.18927805679636,0.47925866599575406,-1.0,-1.137937803591245,0.13793780359124508,-0.5453665537352785,45.83033531596696,31,627183061.45632
BASELINE_CORE,ETHUSDT,LONG,2026-10-05T13:00:00+00:00,2026-10-05T13:15:00+00:00,2026-10-05T14:45:00+00:00,SL,2718.59,2703.157237724267,2737.880952844667,2703.157237724267,40.827365644955485,0.46886393402923676,-1.0,-1.2466198812629068,0.24661988126290688,-0.5844951017679865,45.24584021419898,6,6063885266.175
BASELINE_CORE,INJUSDT,LONG,2026-10-06T16:00:00+00:00,2026-10-06T16:15:00+00:00,2026-10-06T17:15:00+00:00,SL,7.888,7.77257052734345,8.032286840820687,7.77257052734345,21.203126168560832,0.4524584021419898,-1.0,-1.0956705401648852,0.09567054016488523,-0.4957453418770548,44.750094872321924,4,50266684.7408
BASELINE_CORE,NEARUSDT,LONG,2026-10-08T04:15:00+00:00,2026-10-08T04:30:00+00:00,2026-10-08T07:15:00+00:00,TP,5.402,5.223204180168472,5.62549477478941,5.62549477478941,39.22077768161476,0.44750094872321927,1.25,1.2077014719520505,0.042298528047949424,0.540447554472971,45.29054242679489,11,947152143.044
BASELINE_CORE,TIAUSDT,LONG,2026-10-09T01:15:00+00:00,2026-10-09T01:30:00+00:00,2026-10-09T10:45:00+00:00,SL,0.5115,0.48902659239032337,0.5395917595120957,0.48902659239032337,36.65721534619696,0.45290542426794894,-1.0,-1.03186432660491,0.031864326604909794,-0.46733695062795816,44.82320547616693,37,140809064.7452
BASELINE_CORE,JUPUSDT,LONG,2026-10-09T11:00:00+00:00,2026-10-09T11:15:00+00:00,2026-10-09T12:00:00+00:00,TP,0.3617,0.35247138503511205,0.37323576870610997,0.37323576870610997,28.536306589445807,0.44823205476166933,1.2499999999999984,1.1951293610225766,0.0548706389774218,0.5356952891971505,45.35890076536408,3,82600273.2915
BASELINE_CORE,JUPUSDT,LONG,2026-10-09T14:15:00+00:00,2026-10-09T14:30:00+00:00,2026-10-09T16:30:00+00:00,TP,0.3648,0.35407375280266945,0.37820780899666323,0.37820780899666323,44.22277289862145,0.45358900765364085,1.2500000000000013,1.2023859565601762,0.047614043439825136,0.545389052852804,45.90428981821689,8,69151540.6928
BASELINE_CORE,STRKUSDT,LONG,2026-10-09T14:30:00+00:00,2026-10-09T14:45:00+00:00,2026-10-09T20:45:00+00:00,SL,0.07331,0.06920509940729985,0.07844112574087518,0.06920509940729985,52.9589552263031,0.45358900765364085,-1.0,-1.0250027979197638,0.025002797919763696,-0.464930001950631,45.439359816266254,24,413979057.725056
PRECISION_V2_SCORE_LT65,NEARUSDT,SHORT,2026-04-30T08:15:00+00:00,2026-04-30T08:30:00+00:00,2026-04-30T14:30:00+00:00,TP,1.324,1.3333537493201761,1.31230781334978,1.31230781334978,49.894459653753316,1.0,1.2499999999999882,1.051833474839668,0.1981665251603202,1.051833474839668,101.05183347483967,24,70108305.92
PRECISION_V2_SCORE_LT65,WLDUSDT,SHORT,2026-05-02T08:00:00+00:00,2026-05-02T08:15:00+00:00,2026-05-02T10:30:00+00:00,SL,0.2338,0.23676864986029597,0.23008918767463005,0.23676864986029597,64.0833374389046,1.0105183347483968,-1.0,-1.110258877066549,0.11025887706654884,-1.121936951592914,99.92989652324675,9,66210071.3754
PRECISION_V2_SCORE_LT65,DOTUSDT,SHORT,2026-05-02T04:00:00+00:00,2026-05-02T04:15:00+00:00,2026-05-02T16:00:00+00:00,SL,1.204,1.2137677371796654,1.191790328525418,1.2137677371796654,28.234591440691197,1.0105183347483968,-1.0,-1.172568115725831,0.17256811572583106,-1.1849015796823321,98.74499494356442,47,60726239.0228
PRECISION_V2_SCORE_LT65,AAVEUSDT,SHORT,2026-05-02T11:00:00+00:00,2026-05-02T11:15:00+00:00,2026-05-02T16:15:00+00:00,SL,92.09,92.74369813431433,91.2728773321071,92.74369813431433,31.4073740184017,0.9992989652324675,-1.0,-1.1972255896603294,0.19722558966032938,-1.196386292897398,97.54860865066702,20,54760074.402
PRECISION_V2_SCORE_LT65,INJUSDT,LONG,2026-05-02T23:15:00+00:00,2026-05-02T23:30:00+00:00,2026-05-03T02:00:00+00:00,SL,3.798,3.7498132432408915,3.8582334459488856,3.7498132432408915,44.042700678620875,0.9754860865066702,-1.0,-1.110345670836104,0.11034567083610397,-1.0831267531135345,96.46548189755349,10,27585763.555
PRECISION_V2_SCORE_LT65,WLDUSDT,SHORT,2026-05-03T15:30:00+00:00,2026-05-03T15:45:00+00:00,2026-05-03T16:45:00+00:00,SL,0.2381,0.2396740526973881,0.2361324341282649,0.2396740526973881,26.90901375811126,0.964654818975535,-1.0,-1.2117718171400045,0.2117718171400044,-1.1689415229028461,95.29654037465065,4,38286330.1962
PRECISION_V2_SCORE_LT65,TAOUSDT,LONG,2026-05-03T22:00:00+00:00,2026-05-03T22:15:00+00:00,2026-05-04T00:30:00+00:00,SL,290.96,287.9614012001782,294.7082484997772,287.9614012001782,45.99081759674637,0.9529654037465065,-1.0,-1.1358447819108752,0.13584478191087532,-1.0824207811870599,94.2141195934636,9,144400312.40604
PRECISION_V2_SCORE_LT65,WLDUSDT,SHORT,2026-05-04T15:15:00+00:00,2026-05-04T15:30:00+00:00,2026-05-05T06:00:00+00:00,SL,0.2371,0.24132327546311774,0.23182090567110283,0.24132327546311774,28.159408865718994,0.942141195934636,-1.0,-1.0785977620685328,0.07859776206853267,-1.0161913854876694,93.19792820797592,58,57732927.2847
PRECISION_V2_SCORE_LT65,LINKUSDT,LONG,2026-05-05T09:15:00+00:00,2026-05-05T09:30:00+00:00,2026-05-05T10:30:00+00:00,TP,9.567,9.482819482493705,9.67222564688287,9.67222564688287,56.44138111246804,0.9319792820797592,1.2500000000000053,1.0908919261039483,0.15910807389605716,1.0166886741169634,94.21461688209288,4,147039960.30448
PRECISION_V2_SCORE_LT65,1000PEPEUSDT,LONG,2026-05-05T11:30:00+00:00,2026-05-05T11:45:00+00:00,2026-05-05T14:00:00+00:00,TP,0.0040739,0.004031271955592482,0.004127185055509398,0.004127185055509398,39.35045674606714,0.9421461688209288,1.250000000000005,1.116204042918893,0.13379595708111205,1.0516273626584667,95.26624424475135,9,289731899.0605352
PRECISION_V2_SCORE_LT65,TAOUSDT,LONG,2026-05-05T13:00:00+00:00,2026-05-05T13:15:00+00:00,2026-05-05T14:00:00+00:00,SL,287.16,283.56161189476745,291.6579851315407,283.56161189476745,26.969138954797522,0.9421461688209288,-1.0,-1.1117233573041772,0.11172335730417722,-1.047405901872871,94.21883834287848,3,128056412.5273
PRECISION_V2_SCORE_LT65,ORDIUSDT,LONG,2026-05-05T23:30:00+00:00,2026-05-05T23:45:00+00:00,2026-05-06T01:00:00+00:00,SL,5.211,5.125080001921417,5.318399997598229,5.125080001921417,29.351341284560835,0.9421883834287849,-1.0,-1.084909219775908,0.08490921977590807,-1.022188863947647,93.19664947893084,5,52447084.8999
PRECISION_V2_SCORE_LT65,LINKUSDT,LONG,2026-05-06T00:00:00+00:00,2026-05-06T00:15:00+00:00,2026-05-06T04:15:00+00:00,TP,9.781,9.707972312011275,9.872284609985908,9.872284609985908,50.10592233295856,0.9421883834287849,1.250000000000006,1.0624902981713773,0.1875097018286286,1.0010660164428575,94.1977154953737,16,125437747.53274
PRECISION_V2_SCORE_LT65,JUPUSDT,LONG,2026-05-06T13:30:00+00:00,2026-05-06T13:45:00+00:00,2026-05-06T14:45:00+00:00,TP,0.1998,0.19639917271952728,0.20405103410059092,0.20405103410059092,51.561831422725724,0.941977154953737,1.250000000000002,1.1677494247925724,0.0822505752074296,1.0999932808649702,95.29770877623866,4,27299106.0952
PRECISION_V2_SCORE_LT65,STRKUSDT,LONG,2026-05-08T02:45:00+00:00,2026-05-08T03:00:00+00:00,2026-05-08T05:15:00+00:00,TP,0.04641,0.04466413274047908,0.048592334074401146,0.048592334074401146,43.44207045479136,0.9529770877623867,1.25,1.212784112225216,0.03721588777478393,1.155755471352878,96.45346424759154,9,36768059.781215996
PRECISION_V2_SCORE_LT65,AAVEUSDT,SHORT,2026-05-08T08:45:00+00:00,2026-05-08T09:00:00+00:00,2026-05-08T11:00:00+00:00,SL,92.42,92.97012848139173,91.73233939826035,92.97012848139173,27.554720761790463,0.9645346424759155,-1.0,-1.2351959667179422,0.2351959667179423,-1.1913893001459832,95.26207494744556,8,58260455.202
PRECISION_V2_SCORE_LT65,1000PEPEUSDT,LONG,2026-05-08T13:45:00+00:00,2026-05-08T14:00:00+00:00,2026-05-08T16:00:00+00:00,TP,0.0041887,0.004127820785837965,0.004264799017702544,0.004264799017702544,33.057035917722374,0.9526207494744555,1.25,1.153675169255766,0.09632483074423388,1.0990149043864972,96.36108985183205,8,268070550.62299898
PRECISION_V2_SCORE_LT65,LINKUSDT,LONG,2026-05-08T23:45:00+00:00,2026-05-09T00:00:00+00:00,2026-05-09T01:00:00+00:00,TP,10.34,10.253325957077463,10.448342553653172,10.448342553653172,34.29793077503188,0.9636108985183205,1.250000000000005,1.0829834456558447,0.1670165543441605,1.0435746511488952,97.40466450298095,4,150507579.6128
PRECISION_V2_SCORE_LT65,STRKUSDT,LONG,2026-05-09T03:00:00+00:00,2026-05-09T03:15:00+00:00,2026-05-09T04:15:00+00:00,TP,0.05618,0.0541478591034001,0.058720176120749874,0.058720176120749874,58.746271774487724,0.9740466450298095,1.2499999999999991,1.211295990779183,0.038704009220816085,1.1798587959565223,98.58452329893747,4,341750944.644365
PRECISION_V2_SCORE_LT65,LDOUSDT,LONG,2026-05-09T00:30:00+00:00,2026-05-09T00:45:00+00:00,2026-05-09T06:45:00+00:00,SL,0.4088,0.40283576389091086,0.4162552951363614,0.40283576389091086,53.734734610311186,0.9740466450298095,-1.0,-1.0959586424031433,0.0959586424031434,-1.0675148387242066,97.51700846021326,24,25178714.5805
PRECISION_V2_SCORE_LT65,SUIUSDT,LONG,2026-05-09T08:00:00+00:00,2026-05-09T08:15:00+00:00,2026-05-09T09:15:00+00:00,SL,1.0783,1.0597062849923256,1.1015421437595931,1.0597062849923256,57.28789208736214,0.9751700846021326,-1.0,-1.0811897998531714,0.08118979985317137,-1.05434394859378,96.46266451161948,4,319508234.50407
PRECISION_V2_SCORE_LT65,ARBUSDT,LONG,2026-05-09T00:00:00+00:00,2026-05-09T00:15:00+00:00,2026-05-09T13:45:00+00:00,SL,0.1446,0.14061315482862619,0.14958355646421728,0.14061315482862619,60.54991909962999,0.9636108985183205,-1.0,-1.0507769906525468,0.050776990652546844,-1.0125401601050774,95.4501243515144,54,100779580.58038
PRECISION_V2_SCORE_LT65,NEARUSDT,LONG,2026-05-10T15:00:00+00:00,2026-05-10T15:15:00+00:00,2026-05-10T18:00:00+00:00,TP,1.577,1.5618864093148923,1.5958919883563845,1.5958919883563845,33.22324570994676,0.9545012435151441,1.2499999999999962,1.1039195584954185,0.14608044150457783,1.0536925913245658,96.50381694283897,11,64047584.795
PRECISION_V2_SCORE_LT65,ARBUSDT,LONG,2026-05-10T16:00:00+00:00,2026-05-10T16:15:00+00:00,2026-05-10T21:00:00+00:00,SL,0.1435,0.14087050837176776,0.14678686453529027,0.14087050837176776,27.233300560134598,0.9545012435151441,-1.0,-1.0764026011123156,0.07640260111231553,-1.027427621284641,95.47638932155432,19,37488404.12726
PRECISION_V2_SCORE_LT65,WLDUSDT,SHORT,2026-05-16T04:15:00+00:00,2026-05-16T04:30:00+00:00,2026-05-16T06:15:00+00:00,TP,0.2451,0.247482247982789,0.24212219002151378,0.24212219002151378,39.44971980379661,0.9547638932155432,1.2499999999999971,1.1059595799937338,0.1440404200062633,1.0559302743338443,96.53231959588817,7,86116499.4512
PRECISION_V2_SCORE_LT65,ETHUSDT,SHORT,2026-05-16T01:15:00+00:00,2026-05-16T01:30:00+00:00,2026-05-16T07:00:00+00:00,TP,2223.01,2233.6774398969364,2209.6757001288297,2209.6757001288297,58.88672952103153,0.9547638932155432,1.2500000000000213,0.9582510864773071,0.29174891352271426,0.9149035380030979,97.44722313389127,22,8783948407.030819
PRECISION_V2_SCORE_LT65,ZROUSDT,SHORT,2026-05-16T16:00:00+00:00,2026-05-16T16:15:00+00:00,2026-05-17T04:15:00+00:00,SL,1.281,1.2974127528802089,1.2604840588997388,1.2974127528802089,50.793766637913095,0.9744722313389127,-1.0,-1.1092686896031039,0.1092686896031039,-1.0809515351119283,96.36627159877935,48,10592097.90691
PRECISION_V2_SCORE_LT65,SANDUSDT,SHORT,2026-05-18T14:15:00+00:00,2026-05-18T14:30:00+00:00,2026-05-18T19:45:00+00:00,SL,0.07068,0.07173162457057142,0.06936546928678575,0.07173162457057142,54.406704262385176,0.9636627159877935,-1.0,-1.0940944161719552,0.09409441617195523,-1.0543379966353457,95.31193360214401,21,12412062.27187
PRECISION_V2_SCORE_LT65,1000PEPEUSDT,SHORT,2026-05-19T14:00:00+00:00,2026-05-19T14:15:00+00:00,2026-05-20T13:00:00+00:00,SL,0.0036588,0.0036999504903444187,0.003607361887069476,0.0036999504903444187,48.10159452145595,0.9531193360214401,-1.0,-1.1244777390774086,0.12447773907740856,-1.0717614760403498,94.24017212610366,91,197694337.8084057
PRECISION_V2_SCORE_LT65,NEARUSDT,LONG,2026-05-20T12:45:00+00:00,2026-05-20T13:00:00+00:00,2026-05-20T14:45:00+00:00,TP,1.646,1.6202909150609834,1.6781363561737705,1.6781363561737705,45.304201041349295,0.9424017212610366,1.2500000000000022,1.1603663158192474,0.08963368418075472,1.0935312133213864,95.33370333942504,7,151030638.37800002
PRECISION_V2_SCORE_LT65,XRPUSDT,SHORT,2026-05-22T13:30:00+00:00,2026-05-22T13:45:00+00:00,2026-05-22T15:30:00+00:00,TP,1.3601,1.3701920305996673,1.347484961750416,1.347484961750416,37.48553122431406,0.9533370333942505,1.2499999999999944,1.061322411164425,0.18867758883556948,1.011797958934326,96.34550129835937,7,549860255.82699
PRECISION_V2_SCORE_LT65,AAVEUSDT,SHORT,2026-05-23T03:45:00+00:00,2026-05-23T04:00:00+00:00,2026-05-23T06:45:00+00:00,TP,86.02,86.71530122922586,85.15087346346766,85.15087346346766,41.18544537891567,0.9634550129835937,1.2500000000000102,1.0767973722208493,0.17320262777916087,1.0374458262337378,97.3829471245931,11,90777365.03
PRECISION_V2_SCORE_LT65,SANDUSDT,SHORT,2026-05-27T01:45:00+00:00,2026-05-27T02:00:00+00:00,2026-05-27T04:00:00+00:00,TP,0.07032,0.07088199186306172,0.06961751017117283,0.06961751017117283,26.880228219970032,0.973829471245931,1.2499999999999938,1.0748230864702224,0.1751769135297714,1.0466943979802164,98.42964152257332,8,10449550.195039999
PRECISION_V2_SCORE_LT65,LINKUSDT,SHORT,2026-05-27T08:00:00+00:00,2026-05-27T08:15:00+00:00,2026-05-27T12:30:00+00:00,SL,9.395,9.471225861388861,9.299717673263922,9.471225861388861,48.28848214255183,0.9842964152257332,-1.0,-1.1725529860909119,0.1725529860909118,-1.1541397008715135,97.27550182170181,17,133565863.82483
PRECISION_V2_SCORE_LT65,LDOUSDT,SHORT,2026-05-27T13:00:00+00:00,2026-05-27T13:15:00+00:00,2026-05-27T15:30:00+00:00,SL,0.3401,0.3444858397675182,0.33461770029060234,0.3444858397675182,30.73567643960781,0.9727550182170182,-1.0,-1.108563017629218,0.10856301762921808,-1.0783602384086226,96.19714158329319,9,11521347.4899
PRECISION_V2_SCORE_LT65,XRPUSDT,SHORT,2026-05-28T10:45:00+00:00,2026-05-28T11:00:00+00:00,2026-05-28T14:00:00+00:00,SL,1.2878,1.2982583356842727,1.2747270803946593,1.2982583356842727,59.573853331628726,0.9619714158329319,-1.0,-1.1723907182202273,0.17239071822022733,-1.1278063591157,95.0693352241775,12,809787461.90203
PRECISION_V2_SCORE_LT65,DOTUSDT,SHORT,2026-05-28T10:15:00+00:00,2026-05-28T10:30:00+00:00,2026-05-28T14:30:00+00:00,SL,1.192,1.2077029499471588,1.1723713125660513,1.2077029499471588,59.65330737740619,0.9619714158329319,-1.0,-1.1062730254898343,0.10627302548983422,-1.0642030286282371,94.00513219554925,16,79958249.13749999
PRECISION_V2_SCORE_LT65,LINKUSDT,SHORT,2026-05-28T10:45:00+00:00,2026-05-28T11:00:00+00:00,2026-05-28T14:30:00+00:00,SL,8.87,8.95401589038297,8.764980137021286,8.95401589038297,62.95706531833098,0.9619714158329319,-1.0,-1.1478053728097741,0.14780537280977418,-1.1041559595824646,92.90097623596678,14,165098967.92993
PRECISION_V2_SCORE_LT65,SUIUSDT,SHORT,2026-05-28T15:00:00+00:00,2026-05-28T15:15:00+00:00,2026-05-28T17:45:00+00:00,SL,0.9135,0.9293588276835437,0.8936764653955703,0.9293588276835437,52.377110402549285,0.9290097623596678,-1.0,-1.0806427830303673,0.08064278303036727,-1.0039276950587317,91.89704854090805,10,326583734.9922
PRECISION_V2_SCORE_LT65,SUIUSDT,SHORT,2026-05-29T06:30:00+00:00,2026-05-29T06:45:00+00:00,2026-05-29T12:00:00+00:00,TP,0.925,0.9358076576670656,0.9114904279161681,0.9114904279161681,37.02876240436683,0.9189704854090804,1.2499999999999973,1.1301775518902388,0.11982244810975842,1.038599813459019,92.93564835436706,21,232770308.13261
PRECISION_V2_SCORE_LT65,INJUSDT,LONG,2026-05-30T01:30:00+00:00,2026-05-30T01:45:00+00:00,2026-05-30T05:00:00+00:00,TP,6.486,6.260971490990309,6.7672856362621125,6.7672856362621125,52.096640941562335,0.9293564835436706,1.2499999999999991,1.2096477795637477,0.04035222043625135,1.1241940067417737,94.05984236110884,13,215883112.84579998
PRECISION_V2_SCORE_LT65,ORDIUSDT,SHORT,2026-05-31T09:45:00+00:00,2026-05-31T10:00:00+00:00,2026-05-31T11:15:00+00:00,SL,3.392,3.4289263205243374,3.345842099344578,3.4289263205243374,23.866723084285134,0.9405984236110884,-1.0,-1.1286020359615885,0.12860203596158853,-1.061561295909735,92.9982810651991,5,16503937.1497
PRECISION_V2_SCORE_LT65,DOTUSDT,SHORT,2026-05-31T09:45:00+00:00,2026-05-31T10:00:00+00:00,2026-05-31T14:30:00+00:00,TP,1.188,1.2011822609719625,1.1715221737850467,1.1715221737850467,26.3403792568574,0.9405984236110884,1.2500000000000042,1.1238304450551069,0.12616955494489734,1.0570731450249813,94.05535421022408,18,37777488.4676
PRECISION_V2_SCORE_LT65,ETHUSDT,SHORT,2026-06-01T01:00:00+00:00,2026-06-01T01:15:00+00:00,2026-06-01T06:30:00+00:00,TP,2004.57,2021.2833212276194,1983.6783484654757,1983.6783484654757,27.34538043149933,0.9405535421022408,1.25,1.0820861567979487,0.16791384320205116,1.0177599676361115,95.07311417786019,21,4537498190.359791
PRECISION_V2_SCORE_LT65,INJUSDT,LONG,2026-05-31T23:45:00+00:00,2026-06-01T00:00:00+00:00,2026-06-01T11:00:00+00:00,TP,6.537,6.3986594794565,6.709925650679375,6.709925650679375,47.21357772439139,0.9405535421022408,1.2500000000000016,1.1838458467262882,0.06615415327371332,1.113470404441437,96.18658458230163,44,83896608.3322
PRECISION_V2_SCORE_LT65,ARBUSDT,SHORT,2026-06-01T11:45:00+00:00,2026-06-01T12:00:00+00:00,2026-06-01T13:15:00+00:00,TP,0.1007,0.10203470575563278,0.09903161780545902,0.09903161780545902,22.188777922570132,0.9618658458230164,1.2499999999999973,1.1443737228935789,0.10562627710641839,1.1007339989086664,97.2873185812103,5,33485308.75342
PRECISION_V2_SCORE_LT65,SUIUSDT,SHORT,2026-06-01T12:45:00+00:00,2026-06-01T13:00:00+00:00,2026-06-01T14:00:00+00:00,TP,0.8753,0.88560931818048,0.8624133522743999,0.8624133522743999,34.98355912468965,0.972873185812103,1.25,1.131134719236793,0.118865280763207,1.1004506378865775,98.38776921909688,4,269272388.82617
PRECISION_V2_SCORE_LT65,1000PEPEUSDT,SHORT,2026-06-01T11:45:00+00:00,2026-06-01T12:00:00+00:00,2026-06-01T17:00:00+00:00,SL,0.0033539,0.003388921480904599,0.003310123148869251,0.003388921480904599,33.03469567221903,0.9618658458230164,-1.0,-1.1340737135814083,0.13407371358140838,-1.0908267717396305,97.29694244735725,20,171299680.1738208
PRECISION_V2_SCORE_LT65,AAVEUSDT,SHORT,2026-06-02T00:00:00+00:00,2026-06-02T00:15:00+00:00,2026-06-02T01:45:00+00:00,TP,79.99,80.86769341343535,78.89288323320581,78.89288323320581,42.51543150512499,0.9729694244735726,1.249999999999996,1.1224087497003281,0.12759125029966795,1.0920693952200304,98.38901184257729,6,67784433.889
PRECISION_V2_SCORE_LT65,LTCUSDT,SHORT,2026-06-02T00:00:00+00:00,2026-06-02T00:15:00+00:00,2026-06-02T02:15:00+00:00,TP,50.65,51.04287212670675,50.15890984161656,50.15890984161656,46.693264823712184,0.9729694244735726,1.25,1.069508702247718,0.18049129775228184,1.0405992664954398,99.42961110907272,8,73069440.19682
PRECISION_V2_SCORE_LT65,SANDUSDT,SHORT,2026-06-02T04:00:00+00:00,2026-06-02T04:15:00+00:00,2026-06-02T05:15:00+00:00,TP,0.06816,0.06907230344296261,0.06701962069629673,0.06701962069629673,41.77960977615526,0.9942961110907272,1.25,1.1454032227587347,0.10459677724126536,1.138869970019796,100.56848107909252,4,12564947.43816
PRECISION_V2_SCORE_LT65,SUIUSDT,SHORT,2026-06-02T11:15:00+00:00,2026-06-02T11:30:00+00:00,2026-06-02T13:30:00+00:00,SL,0.8455,0.8535370451851982,0.8354536935185023,0.8535370451851982,43.21266236424572,1.0056848107909253,-1.0,-1.1472804958444198,0.1472804958444199,-1.1538025683874142,99.4146785107051,8,270664753.14938
PRECISION_V2_SCORE_LT65,XRPUSDT,SHORT,2026-06-02T13:30:00+00:00,2026-06-02T13:45:00+00:00,2026-06-02T14:15:00+00:00,TP,1.2623,1.2716124262269841,1.2506594672162699,1.2506594672162699,42.35658772986269,0.994146785107051,1.249999999999994,1.0602299060496958,0.1897700939502981,1.0540241525736558,100.46870266327876,2,723503147.6902499
PRECISION_V2_SCORE_LT65,INJUSDT,LONG,2026-06-02T13:30:00+00:00,2026-06-02T13:45:00+00:00,2026-06-02T14:45:00+00:00,SL,7.203,6.990328968472734,7.468838789409083,6.990328968472734,53.93855894518577,0.994146785107051,-1.0,-1.0474168951341505,0.047416895134150476,-1.0412861389644248,99.42741652431434,4,165134273.23349997
PRECISION_V2_SCORE_LT65,LDOUSDT,SHORT,2026-06-04T13:15:00+00:00,2026-06-04T13:30:00+00:00,2026-06-04T15:15:00+00:00,SL,0.2763,0.2854500245668196,0.26486246929147544,0.2854500245668196,61.6918009463316,0.9942741652431434,-1.0,-1.0422752963311934,0.04227529633119349,-1.0363074002132473,98.39110912410109,7,31125995.8513
PRECISION_V2_SCORE_LT65,TIAUSDT,SHORT,2026-06-04T20:00:00+00:00,2026-06-04T20:15:00+00:00,2026-06-04T21:45:00+00:00,TP,0.343,0.3525253289348522,0.33109333883143477,0.33109333883143477,48.33043452481376,0.983911091241011,1.2500000000000016,1.1995870427904087,0.05041295720959282,1.1802869963104883,99.57139612041158,6,36789617.1017
PRECISION_V2_SCORE_LT65,JUPUSDT,SHORT,2026-06-05T00:00:00+00:00,2026-06-05T00:15:00+00:00,2026-06-05T03:00:00+00:00,TP,0.1796,0.18476305840403592,0.17314617699495513,0.17314617699495513,32.04788136847598,0.9957139612041158,1.2499999999999973,1.2013001828909264,0.0486998171090708,1.196151363701553,100.76754748411314,11,24927155.958100002
PRECISION_V2_SCORE_LT65,1000PEPEUSDT,SHORT,2026-06-04T13:15:00+00:00,2026-06-04T13:30:00+00:00,2026-06-05T05:45:00+00:00,TP,0.0029584,0.0030432745806194083,0.0028523067742257393,0.0028523067742257393,49.612179481784864,0.9942741652431434,1.2500000000000013,1.2012014083630973,0.04879859163690402,1.1943235275891066,101.96187101170224,65,392570188.295924
PRECISION_V2_SCORE_LT65,LINKUSDT,SHORT,2026-06-05T13:30:00+00:00,2026-06-05T13:45:00+00:00,2026-06-05T14:00:00+00:00,TP,7.567,7.686885080829841,7.4171436489627,7.4171436489627,48.52194073459282,1.0196187101170224,1.2499999999999962,1.1616337084925787,0.08836629150741747,1.1844234634816564,103.1462944751839,1,187413900.39898998
PRECISION_V2_SCORE_LT65,JUPUSDT,SHORT,2026-06-05T13:30:00+00:00,2026-06-05T13:45:00+00:00,2026-06-05T15:15:00+00:00,TP,0.1635,0.16789013278177886,0.15801233402277642,0.15801233402277642,49.59468160959153,1.0196187101170224,1.250000000000003,1.1978603469694515,0.052139653030551646,1.221360821877321,104.36765529706122,6,23789099.146700002
PRECISION_V2_SCORE_LT65,QNTUSDT,SHORT,2026-06-06T00:30:00+00:00,2026-06-06T00:45:00+00:00,2026-06-06T04:15:00+00:00,TP,65.66,67.18077156596414,63.75903554254482,63.75903554254482,55.035273846237445,1.0436765529706122,1.25,1.1895543669691628,0.0604456330308372,1.2415100012895146,105.60916529835073,14,11848933.089
PRECISION_V2_SCORE_LT65,ARBUSDT,SHORT,2026-06-05T22:15:00+00:00,2026-06-05T22:30:00+00:00,2026-06-06T04:30:00+00:00,TP,0.0802,0.08317982710624997,0.07647521611718752,0.07647521611718752,62.996693344695565,1.0436765529706122,1.2500000000000022,1.2123199615291458,0.03768003847085652,1.2652699185462042,106.87443521689694,24,75028328.75245
PRECISION_V2_SCORE_LT65,ZROUSDT,SHORT,2026-06-06T14:15:00+00:00,2026-06-06T14:30:00+00:00,2026-06-06T15:15:00+00:00,TP,0.9148,0.9321668462738784,0.8930914421576519,0.8930914421576519,52.459404957157155,1.0687443521689695,1.2500000000000016,1.1762548893562608,0.07374511064374073,1.2571157697106399,108.13155098660758,3,16429287.26658
PRECISION_V2_SCORE_LT65,QNTUSDT,SHORT,2026-06-06T08:30:00+00:00,2026-06-06T08:45:00+00:00,2026-06-06T20:30:00+00:00,SL,64.25,65.70477080902921,62.43153648871348,65.70477080902921,44.42236514235834,1.0687443521689695,-1.0,-1.0618310454414637,0.06183104544146357,-1.1348259327732366,106.99672505383434,47,11560579.239
PRECISION_V2_SCORE_LT65,WLDUSDT,LONG,2026-06-08T00:00:00+00:00,2026-06-08T00:15:00+00:00,2026-06-08T11:00:00+00:00,SL,0.4787,0.45700969390430796,0.5058128826196151,0.45700969390430796,44.589939291504784,1.0699672505383435,-1.0,-1.0308976736908801,0.030897673690880065,-1.1030267495054054,105.89369830432894,43,794900564.6467
PRECISION_V2_SCORE_LT65,ZROUSDT,SHORT,2026-06-08T17:15:00+00:00,2026-06-08T17:30:00+00:00,2026-06-08T20:15:00+00:00,TP,0.8755,0.8906909599044013,0.8565113001194983,0.8565113001194983,42.27822683624778,1.0589369830432893,1.25,1.1693138545744648,0.08068614542553515,1.2382296853938033,107.13192798972274,11,14831511.16962
PRECISION_V2_SCORE_LT65,DOTUSDT,SHORT,2026-06-10T08:00:00+00:00,2026-06-10T08:15:00+00:00,2026-06-10T09:30:00+00:00,TP,0.943,0.9523405621716817,0.9313242972853977,0.9313242972853977,27.74900362488884,1.0713192798972275,1.250000000000006,1.1086594708397257,0.14134052916028036,1.1877282659512562,108.31965625567399,5,51671606.86969999
PRECISION_V2_SCORE_LT65,LINKUSDT,SHORT,2026-06-10T08:15:00+00:00,2026-06-10T08:30:00+00:00,2026-06-10T11:30:00+00:00,TP,7.723,7.81573404933933,7.607082438325837,7.607082438325837,38.00676385080203,1.0713192798972275,1.2500000000000024,1.1334063639296494,0.11659363607035293,1.214240089636047,109.53389634531004,12,87482298.82245
PRECISION_V2_SCORE_LT65,TAOUSDT,SHORT,2026-06-10T11:00:00+00:00,2026-06-10T11:15:00+00:00,2026-06-10T12:45:00+00:00,SL,205.07,207.77948853047573,201.68313933690533,207.77948853047573,31.66489397642881,1.0953389634531003,-1.0,-1.105960219713346,0.10596021971334592,-1.2114013206811796,108.32249502462886,6,82977688.96499
PRECISION_V2_SCORE_LT65,SUIUSDT,SHORT,2026-06-10T08:00:00+00:00,2026-06-10T08:15:00+00:00,2026-06-10T13:45:00+00:00,SL,0.7442,0.7555224944462253,0.7300468819422183,0.7555224944462253,30.972710414284577,1.0713192798972275,-1.0,-1.0920185922764871,0.09201859227648708,-1.1699005719120303,107.15259445271684,22,142924847.45961
PRECISION_V2_SCORE_LT65,DOTUSDT,SHORT,2026-06-14T16:45:00+00:00,2026-06-14T17:00:00+00:00,2026-06-14T18:30:00+00:00,TP,0.956,0.9627450940048856,0.9475686324938929,0.9475686324938929,37.05884335348653,1.0715259445271685,1.25,1.0515742999236837,0.19842570007631627,1.126789144966221,108.27938359768306,6,36831528.1132
PRECISION_V2_SCORE_LT65,WLDUSDT,LONG,2026-06-16T02:30:00+00:00,2026-06-16T02:45:00+00:00,2026-06-16T05:30:00+00:00,SL,0.6002,0.5840671898191241,0.6203660127260948,0.5840671898191241,64.3526766027698,1.0827938359768308,-1.0,-1.052085160029719,0.052085160029719024,-1.1391913262028772,107.14019227148019,11,729325426.2522999
PRECISION_V2_SCORE_LT65,TAOUSDT,SHORT,2026-06-19T19:15:00+00:00,2026-06-19T19:30:00+00:00,2026-06-20T00:00:00+00:00,SL,224.18,228.2678848099353,219.07014398758088,228.2678848099353,41.95492510429532,1.071401922714802,-1.0,-1.076776135970663,0.07677613597066282,-1.1536600224123832,105.9865322490678,18,109937043.20002
PRECISION_V2_SCORE_LT65,SUIUSDT,SHORT,2026-06-19T21:30:00+00:00,2026-06-19T21:45:00+00:00,2026-06-20T00:00:00+00:00,SL,0.7097,0.7167143234140657,0.7009320957324179,0.7167143234140657,42.21806204949037,1.071401922714802,-1.0,-1.1416501551678655,0.1416501551678654,-1.223166171314503,104.7633660777533,9,102642100.63633001
PRECISION_V2_SCORE_LT65,FILUSDT,SHORT,2026-06-20T10:30:00+00:00,2026-06-20T10:45:00+00:00,2026-06-21T03:45:00+00:00,SL,0.783,0.7939643499161776,0.7692945626047781,0.7939643499161776,23.50375411321835,1.047633660777533,-1.0,-1.0999785676652467,0.09997856766524667,-1.1523745736199698,103.61099150413334,68,67338232.9849
PRECISION_V2_SCORE_LT65,SUIUSDT,SHORT,2026-06-21T08:15:00+00:00,2026-06-21T08:30:00+00:00,2026-06-21T15:45:00+00:00,SL,0.7076,0.7137088783098622,0.6999639021126722,0.7137088783098622,32.46497739897399,1.0361099150413333,-1.0,-1.162163976715776,0.16216397671577618,-1.204129619179081,102.40686188495425,29,97588841.0839
PRECISION_V2_SCORE_LT65,INJUSDT,SHORT,2026-06-21T16:00:00+00:00,2026-06-21T16:15:00+00:00,2026-06-21T18:15:00+00:00,TP,4.976,5.043198565693735,4.892001792882831,4.892001792882831,33.33357086687007,1.0240686188495425,1.2500000000000067,1.146331120641031,0.1036688793589757,1.1739217274591087,103.58078361241336,8,25688582.6792
PRECISION_V2_SCORE_LT65,XRPUSDT,SHORT,2026-06-23T01:30:00+00:00,2026-06-23T01:45:00+00:00,2026-06-23T05:00:00+00:00,TP,1.1274,1.135949113601444,1.116713607998195,1.116713607998195,38.838314736565735,1.0358078361241336,1.2500000000000064,1.0653773509649749,0.18462264903503148,1.1035262085586923,104.68430982097205,13,472647718.10978
PRECISION_V2_SCORE_LT65,1000PEPEUSDT,SHORT,2026-06-23T01:30:00+00:00,2026-06-23T01:45:00+00:00,2026-06-23T05:45:00+00:00,TP,0.0028085,0.0028333665723617517,0.00277741678454781,0.00277741678454781,35.52375809241015,1.0358078361241336,1.25,1.091880097393407,0.1581199026065929,1.1309779609880732,105.81528778196012,16,129266180.5478194
PRECISION_V2_SCORE_LT65,LDOUSDT,SHORT,2026-06-23T17:15:00+00:00,2026-06-23T17:30:00+00:00,2026-06-23T20:30:00+00:00,SL,0.2564,0.2592293638608127,0.2528632951739842,0.2592293638608127,48.69941852467924,1.0581528778196012,-1.0,-1.1268695076556525,0.12686950765565255,-1.1924002124529858,104.62288756950714,12,15622909.997
PRECISION_V2_SCORE_LT65,ARBUSDT,SHORT,2026-06-24T12:45:00+00:00,2026-06-24T13:00:00+00:00,2026-06-24T13:30:00+00:00,TP,0.07818,0.07910249141322563,0.07702688573346796,0.07702688573346796,55.02892599954809,1.0462288756950715,1.2500000000000038,1.1313517411318974,0.11864825886810632,1.1836528601400866,105.80654042964723,2,17154015.52713
PRECISION_V2_SCORE_LT65,FILUSDT,SHORT,2026-06-24T12:45:00+00:00,2026-06-24T13:00:00+00:00,2026-06-24T13:30:00+00:00,TP,0.77,0.783003024155919,0.7537462198051013,0.7537462198051013,28.55155484593734,1.0462288756950715,1.2499999999999978,1.1670962087685335,0.08290379123146441,1.2210497543278833,107.02759018397511,2,61450634.891100004
PRECISION_V2_SCORE_LT65,INJUSDT,SHORT,2026-06-25T10:45:00+00:00,2026-06-25T11:00:00+00:00,2026-06-25T13:00:00+00:00,SL,4.213,4.301919021432322,4.101851223209597,4.301919021432322,57.46165349099309,1.0702759018397512,-1.0,-1.0663322639519737,0.06633226395197357,-1.1412697254620223,105.88632045851308,8,55794488.977800004
PRECISION_V2_SCORE_LT65,LINKUSDT,SHORT,2026-06-26T00:45:00+00:00,2026-06-26T01:00:00+00:00,2026-06-26T02:15:00+00:00,TP,7.229,7.318182441331624,7.117521948335471,7.117521948335471,62.251596873038096,1.058863204585131,1.2499999999999976,1.1365180202640237,0.11348197973597378,1.203417113005513,107.0897375715186,5,101866365.08876
PRECISION_V2_SCORE_LT65,AAVEUSDT,LONG,2026-06-26T22:00:00+00:00,2026-06-26T22:15:00+00:00,2026-06-27T02:45:00+00:00,TP,94.45,91.9365267933523,97.59184150830963,97.59184150830963,64.26166954961103,1.070897375715186,1.2499999999999987,1.1973915219584288,0.05260847804156992,1.282283438568894,108.3720210100875,18,332981377.188
PRECISION_V2_SCORE_LT65,TAOUSDT,SHORT,2026-06-28T00:45:00+00:00,2026-06-28T01:00:00+00:00,2026-06-28T05:15:00+00:00,TP,209.6,211.32745495351853,207.44068130810183,207.44068130810183,40.386082571040156,1.083720210100875,1.25,1.0801316052251824,0.16986839477481755,1.17056045015123,109.54258146023872,17,56549042.11534
PRECISION_V2_SCORE_LT65,FILUSDT,SHORT,2026-06-28T02:15:00+00:00,2026-06-28T02:30:00+00:00,2026-06-28T08:45:00+00:00,SL,0.728,0.7354634180436496,0.718670727445438,0.7354634180436496,47.76487319217208,1.083720210100875,-1.0,-1.1365594147399005,0.13655941473990046,-1.2317124077340524,108.31086905250467,25,43636022.604
PRECISION_V2_SCORE_LT65,SUIUSDT,SHORT,2026-06-28T09:45:00+00:00,2026-06-28T10:00:00+00:00,2026-06-28T12:45:00+00:00,SL,0.683,0.69020746422959,0.6739906697130126,0.69020746422959,43.68840766530078,1.0831086905250467,-1.0,-1.1326680188122695,0.13266801881226956,-1.2268025746553561,107.08406647784932,11,101249359.56191
PRECISION_V2_SCORE_LT65,FILUSDT,SHORT,2026-06-29T01:15:00+00:00,2026-06-29T01:30:00+00:00,2026-06-29T03:15:00+00:00,SL,0.711,0.7239909624026686,0.6947612969966642,0.7239909624026686,58.82126602351815,1.0708406647784932,-1.0,-1.0766224987146082,0.07662249871460824,-1.1528911522390335,105.93117532561028,7,48037746.9155
PRECISION_V2_SCORE_LT65,1000PEPEUSDT,SHORT,2026-06-29T06:30:00+00:00,2026-06-29T06:45:00+00:00,2026-06-29T17:15:00+00:00,SL,0.0023541,0.002393888191190669,0.002304364761011664,0.002393888191190669,40.29850312650042,1.059311753256103,-1.0,-1.0828321142875403,0.08283211428754032,-1.1470567854679472,104.78411854014233,42,123986195.88081421
PRECISION_V2_SCORE_LT65,AAVEUSDT,LONG,2026-07-06T00:45:00+00:00,2026-07-06T01:00:00+00:00,2026-07-06T02:15:00+00:00,SL,89.22,88.05980116113905,90.67024854857618,88.05980116113905,45.27412359483363,1.0478411854014233,-1.0,-1.1076608558948664,0.10766085589486635,-1.160652664263632,103.6234658758787,5,55447992.152
PRECISION_V2_SCORE_LT65,AAVEUSDT,LONG,2026-07-07T12:00:00+00:00,2026-07-07T12:15:00+00:00,2026-07-07T13:45:00+00:00,SL,93.72,92.04834176602672,95.8095727924666,92.04834176602672,29.695308956003817,1.036234658758787,-1.0,-1.078489727944054,0.07848972794405391,-1.1175684352109638,102.50589744066772,6,153123281.024
PRECISION_V2_SCORE_LT65,SUIUSDT,SHORT,2026-07-08T21:00:00+00:00,2026-07-08T21:15:00+00:00,2026-07-09T01:15:00+00:00,SL,0.7065,0.7142879995988934,0.6967650005013832,0.7142879995988934,60.98381511991445,1.0250589744066771,-1.0,-1.1270030882051585,0.1270030882051584,-1.1552446297487378,101.35065281091899,16,110369395.5058
PRECISION_V2_SCORE_LT65,AAVEUSDT,LONG,2026-07-10T13:30:00+00:00,2026-07-10T13:45:00+00:00,2026-07-10T14:30:00+00:00,SL,95.94,94.54918769923779,97.67851537595276,94.54918769923779,57.816387165985404,1.01350652810919,-1.0,-1.0965737791694758,0.09657377916947586,-1.111384683741629,100.23926812717735,3,99430861.285
PRECISION_V2_SCORE_LT65,ETHUSDT,LONG,2026-07-11T13:15:00+00:00,2026-07-11T13:30:00+00:00,2026-07-11T13:45:00+00:00,TP,1800.8,1795.4431983757027,1807.4960020303715,1807.4960020303715,40.20259715727746,1.0023926812717736,1.2499999999999893,0.7793609551332279,0.4706390448667615,0.7812257174945267,101.02049384467188,1,3530399404.93556
PRECISION_V2_SCORE_LT65,AAVEUSDT,LONG,2026-07-12T14:30:00+00:00,2026-07-12T14:45:00+00:00,2026-07-12T21:45:00+00:00,SL,99.05,97.41648403480887,101.0918949564889,97.41648403480887,46.93385762498577,1.0102049384467189,-1.0,-1.0848905079319353,0.08489050793193534,-1.0959617487868103,99.92453209588507,28,119149811.676
PRECISION_V2_SCORE_LT65,DOTUSDT,SHORT,2026-07-12T22:00:00+00:00,2026-07-12T22:15:00+00:00,2026-07-13T00:15:00+00:00,SL,0.843,0.8516563227534849,0.8321795965581438,0.8516563227534849,43.43894003490814,0.9992453209588508,-1.0,-1.1363396483252504,0.13633964832525047,-1.1354820766090323,98.78905001927603,8,37082250.5919
PRECISION_V2_SCORE_LT65,ORDIUSDT,LONG,2026-07-12T23:00:00+00:00,2026-07-12T23:15:00+00:00,2026-07-13T03:15:00+00:00,SL,3.535,3.4791323884949796,3.6048345143812757,3.4791323884949796,22.74043416355955,0.9992453209588508,-1.0,-1.088584420680939,0.08858442068093893,-1.0877628888341295,97.7012871304419,16,10994084.3391
PRECISION_V2_SCORE_LT65,XRPUSDT,SHORT,2026-07-13T10:30:00+00:00,2026-07-13T10:45:00+00:00,2026-07-13T13:30:00+00:00,TP,1.0763,1.083434831420242,1.0673814607246976,1.0673814607246976,60.39083603021859,0.977012871304419,1.2499999999999922,1.038807904315004,0.21119209568498815,1.0149286933285282,98.71621582377043,11,362904489.9543
PRECISION_V2_SCORE_LT65,TAOUSDT,SHORT,2026-07-13T10:30:00+00:00,2026-07-13T10:45:00+00:00,2026-07-13T13:30:00+00:00,TP,207.07,209.2573763684296,204.335779539463,204.335779539463,46.58188064352871,0.977012871304419,1.2499999999999967,1.117467709634197,0.1325322903657998,1.0917803355796796,99.80799615935011,11,58975514.92661
PRECISION_V2_SCORE_LT65,TIAUSDT,LONG,2026-07-13T16:30:00+00:00,2026-07-13T16:45:00+00:00,2026-07-13T17:45:00+00:00,SL,0.4098,0.40161354391531096,0.42003307010586133,0.40161354391531096,29.31307010154815,0.9980799615935011,-1.0,-1.070081607238206,0.07008160723820611,-1.0680270094542206,98.73996914989588,4,25372132.9326
PRECISION_V2_SCORE_LT65,LDOUSDT,LONG,2026-07-13T15:00:00+00:00,2026-07-13T15:15:00+00:00,2026-07-13T19:15:00+00:00,TP,0.3117,0.3055775464356751,0.3193530669554061,0.3193530669554061,27.029753119138384,0.9980799615935011,1.2500000000000022,1.1787246533738136,0.07127534662618851,1.1764614567686489,99.91643060666453,16,17748753.1905
PRECISION_V2_SCORE_LT65,LDOUSDT,LONG,2026-07-14T00:00:00+00:00,2026-07-14T00:15:00+00:00,2026-07-14T05:15:00+00:00,TP,0.315,0.3089125831798532,0.3226092710251835,0.3226092710251835,40.31270609409083,0.9991643060666454,1.25,1.1775554782875266,0.07244452171247334,1.1765714023181333,101.09300200898267,20,22490599.3851
PRECISION_V2_SCORE_LT65,LDOUSDT,LONG,2026-07-14T21:45:00+00:00,2026-07-14T22:00:00+00:00,2026-07-15T04:00:00+00:00,TP,0.3295,0.32490378604965264,0.33524526743793426,0.33524526743793426,62.02319480054756,1.0109300200898266,1.250000000000006,1.1496347852855917,0.10036521471441423,1.1622003165847268,102.2552023255674,24,27922561.092
PRECISION_V2_SCORE_LT65,LINKUSDT,LONG,2026-07-15T08:00:00+00:00,2026-07-15T08:15:00+00:00,2026-07-15T09:30:00+00:00,TP,8.353,8.288478555922847,8.43365180509644,8.43365180509644,61.69371580972198,1.022552023255674,1.2499999999999931,1.0687548315562054,0.18124516844378769,1.092857415372075,103.34805974093948,5,93104237.68721999
PRECISION_V2_SCORE_LT65,TIAUSDT,LONG,2026-07-15T23:00:00+00:00,2026-07-15T23:15:00+00:00,2026-07-16T04:00:00+00:00,SL,0.4166,0.41079409484918344,0.42385738143852075,0.41079409484918344,27.7450828958389,1.0334805974093948,-1.0,-1.100456343128163,0.10045634312816311,-1.137300278919052,102.21075946202042,19,25039528.5851
PRECISION_V2_SCORE_LT65,XRPUSDT,SHORT,2026-07-17T09:45:00+00:00,2026-07-17T10:00:00+00:00,2026-07-17T13:00:00+00:00,TP,1.0847,1.090050615756148,1.078011730304815,1.078011730304815,33.94312266065895,1.0221075946202043,1.2500000000000104,0.9661859364961789,0.2838140635038315,0.9875459835079788,103.1983054455284,12,469149495.46954
PRECISION_V2_SCORE_LT65,JUPUSDT,SHORT,2026-07-17T15:00:00+00:00,2026-07-17T15:15:00+00:00,2026-07-17T17:00:00+00:00,SL,0.1928,0.19704785127964344,0.1874901859004457,0.19704785127964344,48.558441980152246,1.0319830544552842,-1.0,-1.0635427142408471,0.06354271424084709,-1.0975580587859328,102.10074738674247,7,13759819.045100002
PRECISION_V2_SCORE_LT65,FILUSDT,SHORT,2026-07-18T11:30:00+00:00,2026-07-18T11:45:00+00:00,2026-07-18T12:30:00+00:00,TP,0.7561,0.7583904285737296,0.7532369642828379,0.7532369642828379,51.14387634714962,1.0210074738674246,1.2500000000000122,0.7878419514404271,0.46215804855958514,0.8043925206469728,102.90513990738944,3,27939190.51326
PRECISION_V2_SCORE_LT65,ORDIUSDT,LONG,2026-07-19T16:00:00+00:00,2026-07-19T16:15:00+00:00,2026-07-19T17:00:00+00:00,SL,3.658,3.6163100615513586,3.7101124230608016,3.6163100615513586,30.96108896399874,1.0290513990738943,-1.0,-1.1228401909566,0.12284019095659998,-1.1554602694402878,101.74967963794916,3,10563087.9138
PRECISION_V2_SCORE_LT65,INJUSDT,LONG,2026-07-20T04:15:00+00:00,2026-07-20T04:30:00+00:00,2026-07-20T05:15:00+00:00,SL,5.148,5.094184334574874,5.215269581781407,5.094184334574874,39.20450243360516,1.0174967963794916,-1.0,-1.1339238294846958,0.13392382948469594,-1.153763863839043,100.59591577411011,3,15448075.609
PRECISION_V2_SCORE_LT65,ETHUSDT,LONG,2026-07-20T13:30:00+00:00,2026-07-20T13:45:00+00:00,2026-07-20T14:00:00+00:00,SL,1875.11,1861.0444588891783,1892.691926388527,1861.0444588891783,43.60984744347279,1.0059591577411011,-1.0,-1.1866372562076748,0.18663725620767468,-1.1937086147988838,99.40220715931123,1,7128267564.208891
PRECISION_V2_SCORE_LT65,ARBUSDT,LONG,2026-07-21T06:30:00+00:00,2026-07-21T06:45:00+00:00,2026-07-21T07:15:00+00:00,TP,0.09044,0.0896825737066275,0.09138678286671564,0.09138678286671564,47.251888971867736,0.9940220715931123,1.2499999999999953,1.0828338993405764,0.16716610065941898,1.0763607958137673,100.478567955125,2,25344042.206588
PRECISION_V2_SCORE_LT65,ETHUSDT,LONG,2026-07-21T13:45:00+00:00,2026-07-21T14:00:00+00:00,2026-07-21T15:45:00+00:00,SL,1939.53,1922.9843631339102,1960.2120460826122,1922.9843631339102,48.59445882326833,1.00478567955125,-1.0,-1.1641122685077827,0.16411226850778277,-1.1696833367865396,99.30888461833847,7,8181000578.77732
PRECISION_V2_SCORE_LT65,TIAUSDT,SHORT,2026-07-23T07:00:00+00:00,2026-07-23T07:15:00+00:00,2026-07-23T11:15:00+00:00,TP,0.3596,0.36323074097756314,0.35506157377804604,0.35506157377804604,40.116979783788494,0.9930888461833847,1.2499999999999962,1.1113395989658545,0.13866040103414173,1.1036589600549058,100.41254357839337,16,16281086.2872
PRECISION_V2_SCORE_LT65,NEARUSDT,SHORT,2026-07-22T17:15:00+00:00,2026-07-22T17:30:00+00:00,2026-07-23T17:30:00+00:00,TIMEOUT,1.879,1.9052297239390001,1.8462128450762498,1.89,28.118825377837712,0.9930888461833847,-0.41937155059586234,-0.5196623506865429,0.10029080009068052,-0.5160708842482443,99.89647269414512,96,127333905.989
PRECISION_V2_SCORE_LT65,WLDUSDT,SHORT,2026-07-24T15:45:00+00:00,2026-07-24T16:00:00+00:00,2026-07-24T20:45:00+00:00,TP,0.3732,0.38077923373869743,0.36372595782662814,0.36372595782662814,45.35414006393704,0.9989647269414512,1.2500000000000018,1.1810642714009005,0.06893572859910134,1.1798415473803046,101.07631424152542,19,96488878.8784
PRECISION_V2_SCORE_LT65,DOTUSDT,SHORT,2026-07-24T21:00:00+00:00,2026-07-24T21:15:00+00:00,2026-07-24T21:45:00+00:00,SL,0.8019,0.8082206412027579,0.7939991984965524,0.8082206412027579,60.197228699649685,1.0107631424152543,-1.0,-1.1776180555083764,0.17761805550837637,-1.190292926350588,99.88602131517483,2,30008986.37964
PRECISION_V2_SCORE_LT65,TAOUSDT,SHORT,2026-07-25T11:00:00+00:00,2026-07-25T11:15:00+00:00,2026-07-25T14:00:00+00:00,SL,189.94,191.01080518541374,188.60149351823281,191.01080518541374,29.310389423527113,0.9988602131517483,-1.0,-1.248332753354433,0.24833275335443317,-1.2469099200999179,98.6391113950749,11,49804918.896850005
PRECISION_V2_SCORE_LT65,SUIUSDT,SHORT,2026-07-27T12:00:00+00:00,2026-07-27T12:15:00+00:00,2026-07-27T12:45:00+00:00,TP,0.7152,0.7206849376685263,0.708343827914342,0.708343827914342,30.734136134023558,0.9863911139507491,1.250000000000005,1.0674491561234105,0.18255084387659465,1.052922362194358,99.69203375726926,2,85133555.12642
PRECISION_V2_SCORE_LT65,WLDUSDT,SHORT,2026-07-28T15:00:00+00:00,2026-07-28T15:15:00+00:00,2026-07-28T16:00:00+00:00,SL,0.3186,0.3249620583825786,0.3106474270217768,0.3249620583825786,53.039154493041266,0.9969203375726926,-1.0,-1.0701093849156438,0.07010938491564377,-1.06681380924981,98.62521994801945,3,107878359.9832
PRECISION_V2_SCORE_LT65,AAVEUSDT,LONG,2026-07-28T23:30:00+00:00,2026-07-28T23:45:00+00:00,2026-07-29T03:15:00+00:00,SL,100.67,99.32580422397129,102.35024472003589,99.32580422397129,38.04603076672942,0.9862521994801945,-1.0,-1.1048493102815624,0.10484931028156237,-1.0896600623593669,97.53555988566008,14,84287889.989
PRECISION_V2_SCORE_LT65,NEARUSDT,SHORT,2026-07-29T01:00:00+00:00,2026-07-29T01:15:00+00:00,2026-07-29T03:45:00+00:00,TP,1.648,1.670694757968608,1.6196315525392397,1.6196315525392397,61.33941833090937,0.9862521994801945,1.2500000000000024,1.1483377569749227,0.1016622430250797,1.1325506385626705,98.66811052422275,10,88248583.13299999
PRECISION_V2_SCORE_LT65,SUIUSDT,SHORT,2026-07-29T08:15:00+00:00,2026-07-29T08:30:00+00:00,2026-07-29T09:45:00+00:00,SL,0.6851,0.6900823886269045,0.6788720142163694,0.6900823886269045,49.275018824151005,0.9866811052422275,-1.0,-1.1925060592063663,0.19250605920636643,-1.1766231965057907,97.49148732771697,5,90729601.62414
PRECISION_V2_SCORE_LT65,DOTUSDT,SHORT,2026-07-29T16:30:00+00:00,2026-07-29T16:45:00+00:00,2026-07-29T18:15:00+00:00,SL,0.7586,0.7671738653588339,0.7478826683014577,0.7671738653588339,49.40634742488192,0.9749148732771697,-1.0,-1.1238694515893877,0.12386945158938775,-1.0956770439763501,96.39581028374062,6,29835662.62929
PRECISION_V2_SCORE_LT65,SUIUSDT,SHORT,2026-07-31T11:30:00+00:00,2026-07-31T11:45:00+00:00,2026-07-31T14:15:00+00:00,TP,0.6875,0.692769115475426,0.6809136056557176,0.6809136056557176,36.53445378531452,0.9639581028374061,1.2499999999999947,1.0673317695372357,0.1826682304627589,1.0288631076612054,97.42467339140183,10,84302906.27854
PRECISION_V2_SCORE_LT65,WLDUSDT,SHORT,2026-07-31T13:30:00+00:00,2026-07-31T13:45:00+00:00,2026-07-31T14:15:00+00:00,TP,0.3056,0.3092405395362261,0.3010493255797173,0.3010493255797173,35.27985027281553,0.9639581028374061,1.2500000000000075,1.1324789579284495,0.11752104207155806,1.0916622677879908,98.51633565918982,2,78893734.5237
PRECISION_V2_SCORE_LT65,ARBUSDT,SHORT,2026-07-31T13:30:00+00:00,2026-07-31T13:45:00+00:00,2026-07-31T14:30:00+00:00,SL,0.07625,0.07684386175891852,0.07550767280135184,0.07684386175891852,49.39484428943574,0.9639581028374061,-1.0,-1.1797556390807198,0.1797556390807197,-1.1372350076599822,97.37910065152984,3,18980318.300892998
PRECISION_V2_SCORE_LT65,TIAUSDT,SHORT,2026-07-31T19:00:00+00:00,2026-07-31T19:15:00+00:00,2026-08-01T01:15:00+00:00,SL,0.32,0.32308041895767375,0.3161494763029078,0.32308041895767375,40.16593254323116,0.9737910065152984,-1.0,-1.145434762659141,0.14543476265914101,-1.1154140704274569,96.26368658110238,24,12091411.3394
PRECISION_V2_SCORE_LT65,SUIUSDT,SHORT,2026-07-31T20:45:00+00:00,2026-07-31T21:00:00+00:00,2026-08-01T01:30:00+00:00,SL,0.6803,0.685245673900005,0.6741179076249938,0.685245673900005,32.25483587772977,0.9737910065152984,-1.0,-1.1925763847873263,0.19257638478732642,-1.1613201580884263,95.10236642301395,18,80692682.41455999
PRECISION_V2_SCORE_LT65,WLDUSDT,SHORT,2026-07-31T15:45:00+00:00,2026-07-31T16:00:00+00:00,2026-08-01T05:15:00+00:00,SL,0.3039,0.3093412854320187,0.2970983932099766,0.3093412854320187,32.484767925018566,0.9737910065152984,-1.0,-1.0781910828453185,0.07819108284531848,-1.0499327797797622,94.05243364323418,53,85369875.0011
PRECISION_V2_SCORE_LT65,1000PEPEUSDT,LONG,2026-08-02T14:15:00+00:00,2026-08-02T14:30:00+00:00,2026-08-02T14:45:00+00:00,TP,0.002906,0.00287697461811658,0.0029422817273542755,0.0029422817273542755,51.18888112858006,0.9405243364323418,1.2500000000000075,1.1098330242013548,0.14016697579865287,1.0438249686376784,95.09625861187186,1,152633709.95541272
PRECISION_V2_SCORE_LT65,TAOUSDT,SHORT,2026-08-02T15:30:00+00:00,2026-08-02T15:45:00+00:00,2026-08-02T16:15:00+00:00,TP,192.79,193.6857347529569,191.67033155880384,191.67033155880384,22.85017190510437,0.9509625861187186,1.2500000000000158,0.948676422781411,0.3013235772186048,0.9021557843980654,95.99841439626992,2,38530571.48805
PRECISION_V2_SCORE_LT65,1000PEPEUSDT,LONG,2026-08-02T16:15:00+00:00,2026-08-02T16:30:00+00:00,2026-08-03T01:15:00+00:00,SL,0.0029046,0.0028753289596722678,0.0029411888004096647,0.0028753289596722678,52.99241688675765,0.9599841439626993,-1.0,-1.1389236581436897,0.13892365814368973,-1.0933486530019358,94.90506574326798,35,156875954.81513208
PRECISION_V2_SCORE_LT65,LTCUSDT,SHORT,2026-08-03T15:45:00+00:00,2026-08-03T16:00:00+00:00,2026-08-04T16:00:00+00:00,TIMEOUT,44.24,44.56672381424009,43.83159523219989,44.34,32.36212294173988,0.9490506574326798,-0.3060689048105853,-0.4956357416940667,0.18956683688348142,-0.47038342650188786,94.4346823167661,96,30549112.762050003
PRECISION_V2_SCORE_LT65,WLDUSDT,SHORT,2026-08-06T01:15:00+00:00,2026-08-06T01:30:00+00:00,2026-08-06T06:15:00+00:00,TP,0.3157,0.32056876845291155,0.3096140394338605,0.3096140394338605,34.13763665338981,0.944346823167661,1.2500000000000029,1.1592213966889968,0.09077860331100614,1.0947070433112331,95.52938936007733,19,75454440.94100001
PRECISION_V2_SCORE_LT65,LDOUSDT,SHORT,2026-08-06T10:30:00+00:00,2026-08-06T10:45:00+00:00,2026-08-06T11:30:00+00:00,SL,0.2928,0.2969061037014734,0.28766737037315826,0.2969061037014734,24.533451356681972,0.9552938936007733,-1.0,-1.099831867337619,0.09983186733761912,-1.0506626668551633,94.47872669322217,3,25755509.9836
PRECISION_V2_SCORE_LT65,LDOUSDT,SHORT,2026-08-06T16:00:00+00:00,2026-08-06T16:15:00+00:00,2026-08-06T17:45:00+00:00,TP,0.2941,0.2980189685639371,0.28920128929507855,0.28920128929507855,25.516809608456537,0.9447872669322217,1.25,1.1449366412915671,0.10506335870843286,1.0817215601364172,95.56044825335859,6,21520977.665
PRECISION_V2_SCORE_LT65,WLDUSDT,SHORT,2026-08-07T00:45:00+00:00,2026-08-07T01:00:00+00:00,2026-08-07T04:00:00+00:00,TP,0.3019,0.3047087350158084,0.2983890812302395,0.2983890812302395,53.427370604379654,0.9556044825335859,1.2499999999999951,1.0995194464336597,0.15048055356633527,1.0507057116448522,96.61115396500344,12,89139101.09099999
PRECISION_V2_SCORE_LT65,ARBUSDT,SHORT,2026-08-07T08:00:00+00:00,2026-08-07T08:15:00+00:00,2026-08-07T11:30:00+00:00,SL,0.07775,0.07829606804757182,0.07706741494053522,0.07829606804757182,47.600198646602685,0.9661115396500344,-1.0,-1.1993341314951855,0.19933413149518545,-1.1586905443336504,95.45246342066979,13,22739038.945298
PRECISION_V2_SCORE_LT65,SUIUSDT,SHORT,2026-08-07T09:15:00+00:00,2026-08-07T09:30:00+00:00,2026-08-07T12:15:00+00:00,SL,0.6731,0.6781459065316324,0.6667926168354595,0.6781459065316324,60.794761056680144,0.9661115396500344,-1.0,-1.1867533601925728,0.18675336019257277,-1.1465361160004983,94.30592730466928,11,94609528.5217
PRECISION_V2_SCORE_LT65,TIAUSDT,SHORT,2026-08-07T12:00:00+00:00,2026-08-07T12:15:00+00:00,2026-08-07T12:45:00+00:00,TP,0.3294,0.33109567853280936,0.3272804018339884,0.3272804018339884,31.629406453088478,0.9430592730466928,1.2499999999999918,0.9780380737992932,0.2719619262006986,0.9223478748891492,95.22827517955844,2,12916704.7688
PRECISION_V2_SCORE_LT65,NEARUSDT,SHORT,2026-08-08T05:30:00+00:00,2026-08-08T05:45:00+00:00,2026-08-08T10:15:00+00:00,SL,1.595,1.6099880878998674,1.5762648901251657,1.6099880878998674,55.29669484096071,0.9522827517955844,-1.0,-1.1489849816012727,0.14898498160127266,-1.094158580051059,94.13411659950738,18,76923637.95
PRECISION_V2_SCORE_LT65,LINKUSDT,LONG,2026-08-09T00:45:00+00:00,2026-08-09T01:00:00+00:00,2026-08-09T03:00:00+00:00,SL,8.32,8.286904649170696,8.361369188536631,8.286904649170696,53.056247683531055,0.9413411659950738,-1.0,-1.3519527579591684,0.3519527579591683,-1.2726487855475392,92.86146781395983,8,49307577.90174
PRECISION_V2_SCORE_LT65,FILUSDT,SHORT,2026-08-10T08:30:00+00:00,2026-08-10T08:45:00+00:00,2026-08-10T11:15:00+00:00,TP,0.7036,0.709531968378418,0.6961850395269775,0.6961850395269775,33.23562492530671,0.9286146781395983,1.2499999999999907,1.0839438214836283,0.16605617851636223,1.0065661429084258,93.86803395686826,10,23310908.411350004
PRECISION_V2_SCORE_LT65,XRPUSDT,SHORT,2026-08-10T08:30:00+00:00,2026-08-10T08:45:00+00:00,2026-08-10T14:00:00+00:00,TP,1.0327,1.0402446889077288,1.023269138865339,1.023269138865339,32.97720871714291,0.9286146781395983,1.2499999999999853,1.0583711578195043,0.19162884218048112,0.982818992070793,94.85085294893905,21,330943087.5377
PRECISION_V2_SCORE_LT65,TIAUSDT,SHORT,2026-08-10T18:15:00+00:00,2026-08-10T18:30:00+00:00,2026-08-10T21:30:00+00:00,TP,0.3262,0.3289232667254927,0.3227959165931341,0.3227959165931341,29.389729962995432,0.9485085294893905,1.2499999999999898,1.0823043439979607,0.1676956560020291,1.026574901785485,95.87742785072453,12,12655155.0572
PRECISION_V2_SCORE_LT65,DOTUSDT,SHORT,2026-08-10T23:15:00+00:00,2026-08-10T23:30:00+00:00,2026-08-11T02:00:00+00:00,SL,0.8051,0.8125257335448933,0.7958178330688834,0.8125257335448933,34.46501873993886,0.9587742785072453,-1.0,-1.1517883712344001,0.1517883712344001,-1.1043050646232973,94.77312278610123,10,29186568.92465
PRECISION_V2_SCORE_LT65,TIAUSDT,SHORT,2026-08-11T08:00:00+00:00,2026-08-11T08:15:00+00:00,2026-08-11T15:00:00+00:00,TP,0.3169,0.3196675601336335,0.31344054983295816,0.31344054983295816,37.120337231053085,0.9477312278610123,1.249999999999995,1.089692733462836,0.16030726653715896,1.0327358322759563,95.80585861837719,27,12758919.6922
PRECISION_V2_SCORE_LT65,DOTUSDT,SHORT,2026-08-13T08:00:00+00:00,2026-08-13T08:15:00+00:00,2026-08-13T12:15:00+00:00,TP,0.7733,0.776989278547032,0.7686884018162099,0.7686884018162099,28.495627880867637,0.9580585861837719,1.2500000000000075,0.9565496719213793,0.2934503280786283,0.9164306262955475,96.72228924467274,16,20783347.402030002
PRECISION_V2_SCORE_LT65,LTCUSDT,SHORT,2026-08-14T00:00:00+00:00,2026-08-14T00:15:00+00:00,2026-08-14T03:30:00+00:00,SL,44.75,44.87409578213224,44.594880272334706,44.87409578213224,31.753208898790636,0.9672228924467274,-1.0,-1.50485196937024,0.50485196937024,-1.4555272745184376,95.2667619701543,13,22252312.985749997
PRECISION_V2_SCORE_LT65,XRPUSDT,SHORT,2026-08-14T16:45:00+00:00,2026-08-14T17:00:00+00:00,2026-08-14T22:30:00+00:00,TP,1.0018,1.0086376854908563,0.9932528931364297,0.9932528931364297,64.72219041837238,0.9526676197015431,1.2499999999999918,1.044883809459271,0.20511619054072092,0.9954269716222444,96.26218894177656,22,298609587.36718
PRECISION_V2_SCORE_LT65,AAVEUSDT,SHORT,2026-08-14T18:45:00+00:00,2026-08-14T19:00:00+00:00,2026-08-15T04:15:00+00:00,SL,86.2,87.03390287777485,85.15762140278144,87.03390287777485,49.63169466869494,0.9526676197015431,-1.0,-1.1447170926211667,0.14471709262116675,-1.0905349078590778,95.17165403391748,37,40881999.619
PRECISION_V2_SCORE_LT65,AAVEUSDT,SHORT,2026-08-16T05:00:00+00:00,2026-08-16T05:15:00+00:00,2026-08-16T10:45:00+00:00,TP,86.16,86.56158542701108,85.65801821623614,85.65801821623614,33.12966321159392,0.9517165403391747,1.2499999999999911,0.9496305346591325,0.3003694653408586,0.9037790870462303,96.07543312096371,22,21560879.485
PRECISION_V2_SCORE_LT65,FILUSDT,SHORT,2026-08-17T07:00:00+00:00,2026-08-17T07:15:00+00:00,2026-08-17T13:45:00+00:00,SL,0.6668,0.6722192337448353,0.6600259578189558,0.6722192337448353,47.964025187687405,0.9607543312096372,-1.0,-1.1722605157767312,0.17226051577673118,-1.1262543678385377,94.94917875312517,26,32010024.12229
PRECISION_V2_SCORE_LT65,ETHUSDT,LONG,2026-08-17T23:00:00+00:00,2026-08-17T23:15:00+00:00,2026-08-17T23:45:00+00:00,TP,1907.21,1900.461526121893,1915.6455923476337,1915.6455923476337,30.741655280906873,0.9494917875312517,1.2499999999999916,0.854341063145815,0.3956589368541766,0.81118982320767,95.76036857633284,2,4876628366.97928
PRECISION_V2_SCORE_LT65,SUIUSDT,SHORT,2026-08-18T00:15:00+00:00,2026-08-18T00:30:00+00:00,2026-08-18T02:00:00+00:00,TP,0.6741,0.6779506686296276,0.6692866642129656,0.6692866642129656,44.85739638185046,0.9576036857633284,1.25,1.0049152911422357,0.24508470885776426,0.9623105866777332,96.72267916301057,6,69059024.48651001
PRECISION_V2_SCORE_LT65,DOTUSDT,SHORT,2026-08-18T12:15:00+00:00,2026-08-18T12:30:00+00:00,2026-08-18T14:30:00+00:00,SL,0.7374,0.7422529558160724,0.7313338052299095,0.7422529558160724,55.09462706448544,0.9672267916301057,-1.0,-1.2127280855475657,0.21272808554756584,-1.1729830953038924,95.54969606770668,8,35476695.41343
PRECISION_V2_SCORE_LT65,ETHUSDT,LONG,2026-08-19T01:00:00+00:00,2026-08-19T01:15:00+00:00,2026-08-19T02:30:00+00:00,SL,1915.58,1908.6615945218514,1924.2280068476857,1908.6615945218514,28.432263280342184,0.9554969606770668,-1.0,-1.387634406290637,0.38763440629063683,-1.3258804577416297,94.22381560996504,5,4567447244.418941
PRECISION_V2_SCORE_LT65,LTCUSDT,LONG,2026-08-21T00:00:00+00:00,2026-08-21T00:15:00+00:00,2026-08-21T04:45:00+00:00,TP,48.0,47.50195322159266,48.62255847300918,48.62255847300918,59.648620374399705,0.9422381560996504,1.25,1.1150729150083198,0.13492708499168016,1.0506642473541015,95.27447985731915,18,74929744.70640999
PRECISION_V2_SCORE_LT65,ZROUSDT,LONG,2026-08-23T05:15:00+00:00,2026-08-23T05:30:00+00:00,2026-08-23T09:00:00+00:00,TP,1.1661,1.098646866785164,1.2504164165185447,1.2504164165185447,28.44856021403171,0.9527447985731915,1.2500000000000009,1.2257974178189712,0.02420258218102958,1.167872113931474,96.44235197125063,14,71278114.00083
PRECISION_V2_SCORE_LT65,ZROUSDT,LONG,2026-08-23T12:45:00+00:00,2026-08-23T13:00:00+00:00,2026-08-24T00:45:00+00:00,SL,1.2305,1.1589963485080395,1.3198795643649506,1.1589963485080395,37.55890202640521,0.9644235197125063,-1.0,-1.024092475895356,0.024092475895356083,-0.9876588701140943,95.45469310113654,47,157442188.7008
PRECISION_V2_SCORE_LT65,INJUSDT,LONG,2026-08-25T00:00:00+00:00,2026-08-25T00:15:00+00:00,2026-08-25T02:30:00+00:00,TP,5.722,5.5632159158469525,5.92048010519131,5.92048010519131,55.66740954270686,0.9545469310113655,1.25,1.1995490996926454,0.050450900307354454,1.145025911709061,96.5997190128456,9,92092241.7088
PRECISION_V2_SCORE_LT65,TAOUSDT,LONG,2026-08-25T00:45:00+00:00,2026-08-25T01:00:00+00:00,2026-08-25T08:00:00+00:00,SL,241.56,237.01080671589818,247.2464916051273,237.01080671589818,40.934320967506956,0.9545469310113655,-1.0,-1.0743393342247867,0.07433933422478667,-1.0255073143490638,95.57421169849653,28,162634419.42602
PRECISION_V2_SCORE_LT65,ZROUSDT,LONG,2026-08-26T06:45:00+00:00,2026-08-26T07:00:00+00:00,2026-08-26T09:45:00+00:00,SL,1.2097,1.172269688581098,1.2564878892736275,1.172269688581098,30.895378176447284,0.9557421169849653,-1.0,-1.045246217191363,0.045246217191363056,-0.9989858323890001,94.57522586610753,11,186756521.13067
PRECISION_V2_SCORE_LT65,ETHUSDT,LONG,2026-08-27T05:45:00+00:00,2026-08-27T06:00:00+00:00,2026-08-27T08:15:00+00:00,TP,2495.52,2475.2365117396585,2520.874360325427,2520.874360325427,30.643296008602395,0.9457522586610754,1.2500000000000056,1.0777550707670507,0.17224492923295498,1.0192892924613652,95.5945151585689,9,8409811309.89421
PRECISION_V2_SCORE_LT65,WLDUSDT,LONG,2026-08-27T22:00:00+00:00,2026-08-27T22:15:00+00:00,2026-08-28T01:45:00+00:00,TP,0.415,0.4057878768435717,0.42651515394553535,0.42651515394553535,48.39892261701612,0.9559451515856889,1.250000000000003,1.1869309343639696,0.0630690656360336,1.1346408719723082,96.7291560305412,14,165193468.2208
PRECISION_V2_SCORE_LT65,LDOUSDT,LONG,2026-08-28T00:15:00+00:00,2026-08-28T00:30:00+00:00,2026-08-28T02:15:00+00:00,SL,0.3685,0.3633565131159801,0.37492935860502485,0.3633565131159801,26.035263840483054,0.9559451515856889,-1.0,-1.100301606990159,0.10030160699015893,-1.0518279864841846,95.67732804405702,7,15944234.736899998
PRECISION_V2_SCORE_LT65,XRPUSDT,LONG,2026-08-27T19:45:00+00:00,2026-08-27T20:00:00+00:00,2026-08-28T02:30:00+00:00,SL,1.4566,1.4304393798325559,1.4893007752093048,1.4304393798325559,31.71802645052988,0.9559451515856889,-1.0,-1.0779507514327875,0.07795075143278761,-1.0304617944803234,94.6468662495767,26,1583468227.23512
PRECISION_V2_SCORE_LT65,FILUSDT,SHORT,2026-08-29T06:00:00+00:00,2026-08-29T06:15:00+00:00,2026-08-29T09:00:00+00:00,TP,0.6839,0.6892422197984137,0.6772222252519827,0.6772222252519827,47.5475718088003,0.946468662495767,1.250000000000005,1.070774877086812,0.1792251229131931,1.0134548657504243,95.66032111532712,11,56238782.26253
PRECISION_V2_SCORE_LT65,NEARUSDT,LONG,2026-08-30T16:00:00+00:00,2026-08-30T16:15:00+00:00,2026-08-30T19:00:00+00:00,TP,1.885,1.8602559779605434,1.9159300275493207,1.9159300275493207,26.97718278660261,0.9566032111532712,1.25,1.1433479773097568,0.10665202269024315,1.0937303465601107,96.75405146188723,11,70862636.223
PRECISION_V2_SCORE_LT65,ETHUSDT,LONG,2026-09-01T00:00:00+00:00,2026-09-01T00:15:00+00:00,2026-09-01T01:30:00+00:00,SL,2471.18,2455.812684376175,2490.3891445297804,2455.812684376175,33.16981201750387,0.9675405146188724,-1.0,-1.2251305357870272,0.2251305357870273,-1.1853634290706752,95.56868803281655,5,7589175554.80467
PRECISION_V2_SCORE_LT65,TIAUSDT,LONG,2026-09-03T02:30:00+00:00,2026-09-03T02:45:00+00:00,2026-09-03T06:30:00+00:00,TP,0.3552,0.34835741269602394,0.3637532341299701,0.3637532341299701,27.644610134300372,0.9556868803281655,1.250000000000002,1.1773257354405946,0.07267426455940745,1.125154759233285,96.69384279204984,15,20392001.7027
PRECISION_V2_SCORE_LT65,ARBUSDT,LONG,2026-09-03T18:00:00+00:00,2026-09-03T18:15:00+00:00,2026-09-03T19:00:00+00:00,TP,0.1344,0.12890058118986011,0.14127427351267485,0.14127427351267485,63.482304429027344,0.9669384279204983,1.2500000000000024,1.2157854754300481,0.03421452456995436,1.1755896963009065,97.86943248835074,3,334029165.30317503
PRECISION_V2_SCORE_LT65,ETHUSDT,LONG,2026-09-04T06:00:00+00:00,2026-09-04T06:15:00+00:00,2026-09-04T09:30:00+00:00,TP,2513.83,2495.5079264695414,2536.732591913073,2536.732591913073,32.414267739735436,0.9786943248835074,1.25,1.0579168280735567,0.1920831719264434,1.0353771958343512,98.9048096841851,13,11019096840.5942
PRECISION_V2_SCORE_LT65,TIAUSDT,LONG,2026-09-05T08:45:00+00:00,2026-09-05T09:00:00+00:00,2026-09-05T11:30:00+00:00,SL,0.3646,0.36083532289266157,0.36930584638417296,0.36083532289266157,43.998354854378505,0.989048096841851,-1.0,-1.1355866613381025,0.13558666133810238,-1.1231498261954418,97.78165985798965,10,20402592.2011
PRECISION_V2_SCORE_LT65,ARBUSDT,LONG,2026-09-05T16:00:00+00:00,2026-09-05T16:15:00+00:00,2026-09-05T17:15:00+00:00,TP,0.13396,0.1308098676641893,0.13789766541976334,0.13789766541976334,40.56198030135879,0.9778165985798966,1.2499999999999956,1.190464723380661,0.05953527661933467,1.1640561665454352,98.94571602453509,4,92409844.114299
PRECISION_V2_SCORE_LT65,WLDUSDT,LONG,2026-09-05T16:45:00+00:00,2026-09-05T17:00:00+00:00,2026-09-05T18:45:00+00:00,SL,0.3987,0.393546386568521,0.4051420167893488,0.393546386568521,47.00682363703461,0.9894571602453509,-1.0,-1.108308472767972,0.10830847276797195,-1.0966237541408594,97.84909227039422,7,97454543.7477
PRECISION_V2_SCORE_LT65,SUIUSDT,LONG,2026-09-06T01:00:00+00:00,2026-09-06T01:15:00+00:00,2026-09-06T07:15:00+00:00,SL,0.8017,0.7891230431358891,0.8174211960801385,0.7891230431358891,54.21279381897679,0.9784909227039422,-1.0,-1.0892409835007688,0.0892409835007689,-1.0658124149926167,96.7832798554016,24,294620186.7145
PRECISION_V2_SCORE_LT65,NEARUSDT,LONG,2026-09-06T04:45:00+00:00,2026-09-06T05:00:00+00:00,2026-09-06T07:45:00+00:00,TP,2.216,2.164895085363079,2.279881143296152,2.279881143296152,61.58888182927276,0.9784909227039422,1.25,1.1892935097917445,0.060706490208255526,1.163712903761934,97.94699275916354,11,275183082.41400003
PRECISION_V2_SCORE_LT65,ZROUSDT,LONG,2026-09-06T15:00:00+00:00,2026-09-06T15:15:00+00:00,2026-09-07T08:45:00+00:00,TP,1.1001,1.0655747616765279,1.1432565479043404,1.1432565479043404,32.521818085686014,0.9794699275916354,1.2500000000000016,1.2053908944647929,0.044609105535208596,1.1806441321210472,99.12763689128458,70,21557015.05458
PRECISION_V2_SCORE_LT65,FILUSDT,LONG,2026-09-08T05:00:00+00:00,2026-09-08T05:15:00+00:00,2026-09-08T15:15:00+00:00,TP,0.8472,0.8295496574820908,0.8692629281473865,0.8692629281473865,51.15021141544652,0.9912763689128459,1.2500000000000016,1.1828013040655445,0.06719869593445707,1.172482981839472,100.30011987312405,40,154145959.41979998
PRECISION_V2_SCORE_LT65,TAOUSDT,LONG,2026-09-09T10:30:00+00:00,2026-09-09T10:45:00+00:00,2026-09-09T12:00:00+00:00,TP,260.5,255.57084004420437,266.6614499447445,266.6614499447445,37.874130622194976,1.0030011987312404,1.2499999999999942,1.1760117335873388,0.0739882664126555,1.1795411785101049,101.47966105163415,5,183978892.61923
PRECISION_V2_SCORE_LT65,ETHUSDT,LONG,2026-09-09T11:45:00+00:00,2026-09-09T12:00:00+00:00,2026-09-09T15:15:00+00:00,SL,2499.86,2480.57718591139,2523.9635176107627,2480.57718591139,40.802878081636194,1.0147966105163415,-1.0,-1.1814986123870417,0.1814986123870416,-1.1989807871801308,100.28068026445402,13,8658510131.245699
PRECISION_V2_SCORE_LT65,XRPUSDT,LONG,2026-09-09T11:45:00+00:00,2026-09-09T12:00:00+00:00,2026-09-09T15:15:00+00:00,SL,1.4265,1.4128920904549667,1.443509886931292,1.4128920904549667,33.90999026176187,1.0147966105163415,-1.0,-1.1467602348024788,0.14676023480247882,-1.1637283993524794,99.11695186510154,13,1084385701.49955
PRECISION_V2_SCORE_LT65,JUPUSDT,LONG,2026-09-12T07:00:00+00:00,2026-09-12T07:15:00+00:00,2026-09-12T22:45:00+00:00,SL,0.246,0.24166816346661332,0.25141479566673336,0.24166816346661332,33.93065209748647,0.9911695186510154,-1.0,-1.0795043851137072,0.0795043851137071,-1.0699718417748134,98.04698002332673,62,42284349.2002
PRECISION_V2_SCORE_LT65,INJUSDT,LONG,2026-09-13T00:00:00+00:00,2026-09-13T00:15:00+00:00,2026-09-13T00:30:00+00:00,TP,6.029,5.939274807460915,6.141156490673856,6.141156490673856,46.76309625330742,0.9804698002332672,1.25,1.155928315547239,0.09407168445276096,1.1333528046285786,99.1803328279553,1,32220106.2098
PRECISION_V2_SCORE_LT65,FILUSDT,LONG,2026-09-14T06:00:00+00:00,2026-09-14T06:15:00+00:00,2026-09-14T16:15:00+00:00,SL,0.9874,0.9399189709541172,1.0467512863073536,0.9399189709541172,62.03215277481098,0.991803328279553,-1.0,-1.0291139435639478,0.029113943563947836,-1.0206786344056196,98.15965419354968,40,489122632.04592
PRECISION_V2_SCORE_LT65,SUIUSDT,SHORT,2026-09-16T00:00:00+00:00,2026-09-16T00:15:00+00:00,2026-09-16T04:30:00+00:00,SL,0.6851,0.6939333355439914,0.6740583305700109,0.6939333355439914,38.359601067172036,0.9815965419354968,-1.0,-1.1085818596184123,0.10858185961841225,-1.0881801198538559,97.07147407369582,17,286114532.1368
PRECISION_V2_SCORE_LT65,SANDUSDT,SHORT,2026-09-16T10:00:00+00:00,2026-09-16T10:15:00+00:00,2026-09-16T11:45:00+00:00,SL,0.03314,0.03337317955261108,0.03284852555923616,0.03337317955261108,57.62712158748652,0.9707147407369583,-1.0,-1.1989711339629545,0.19897113396295454,-1.1638589534559463,95.90761512023988,6,12319789.71059
PRECISION_V2_SCORE_LT65,AAVEUSDT,LONG,2026-09-18T23:00:00+00:00,2026-09-18T23:15:00+00:00,2026-09-19T00:30:00+00:00,TP,139.11,136.9350269560509,141.8287163049364,141.8287163049364,57.893876782344314,0.9590761512023989,1.2499999999999967,1.160456821273338,0.08954317872665872,1.112966461783403,97.02058158202328,5,155562754.141
PRECISION_V2_SCORE_LT65,INJUSDT,LONG,2026-09-18T23:00:00+00:00,2026-09-18T23:15:00+00:00,2026-09-19T00:45:00+00:00,TP,6.625,6.485377904314884,6.799527619606395,6.799527619606395,57.88622420251115,0.9590761512023989,1.25,1.183570686255007,0.06642931374499299,1.135134418449434,98.15571600047272,6,104006701.63090001
PRECISION_V2_SCORE_LT65,TIAUSDT,LONG,2026-09-18T19:00:00+00:00,2026-09-18T19:15:00+00:00,2026-09-19T04:00:00+00:00,TP,0.4031,0.39496603624164073,0.4132674546979491,0.4132674546979491,50.60564955499842,0.9590761512023989,1.25,1.180619312211709,0.06938068778829104,1.1323038259912293,99.28801982646395,35,51242535.6745
PRECISION_V2_SCORE_LT65,FILUSDT,LONG,2026-09-19T08:00:00+00:00,2026-09-19T08:15:00+00:00,2026-09-19T16:45:00+00:00,TP,0.9744,0.9366945873411737,1.021531765823533,1.021531765823533,57.64772410975413,0.9928801982646396,1.2500000000000016,1.2138205789618746,0.03617942103812697,1.2051784170973656,100.49319824356132,34,166163783.11477998
PRECISION_V2_SCORE_LT65,ORDIUSDT,LONG,2026-09-19T15:45:00+00:00,2026-09-19T16:00:00+00:00,2026-09-19T17:15:00+00:00,TP,4.632,4.56595723888947,4.714553451388162,4.714553451388162,64.70180171538071,0.9928801982646396,1.2500000000000033,1.151809072017041,0.09819092798296229,1.1436084197872902,101.63680666334861,5,16198826.957
PRECISION_V2_SCORE_LT65,INJUSDT,LONG,2026-09-19T16:00:00+00:00,2026-09-19T16:15:00+00:00,2026-09-19T19:30:00+00:00,TP,7.569,7.279124778530597,7.931344026836753,7.931344026836753,61.68485793321503,0.9928801982646396,1.2499999999999984,1.213444271137473,0.03655572886252539,1.2048047885100654,102.84161145185867,13,141092286.6591
PRECISION_V2_SCORE_LT65,LDOUSDT,LONG,2026-09-19T19:15:00+00:00,2026-09-19T19:30:00+00:00,2026-09-19T21:30:00+00:00,SL,0.4128,0.4049813843954489,0.42257326950568885,0.4049813843954489,57.49786197052207,1.0284161145185866,-1.0,-1.0739158988278694,0.07391589882786935,-1.1044324159922931,101.73717903586638,8,21939925.925
PRECISION_V2_SCORE_LT65,LDOUSDT,LONG,2026-09-21T00:00:00+00:00,2026-09-21T00:15:00+00:00,2026-09-21T00:45:00+00:00,TP,0.4221,0.41629200686416906,0.42935999141978864,0.42935999141978864,54.115515506227815,1.0173717903586639,1.2500000000000049,1.1482540119831892,0.1017459880168157,1.1682012399578559,102.90538027582423,2,25753119.359899998
PRECISION_V2_SCORE_LT65,DOTUSDT,LONG,2026-09-21T00:00:00+00:00,2026-09-21T00:15:00+00:00,2026-09-21T08:45:00+00:00,TP,1.1422,1.1214820613108134,1.1680974233614836,1.1680974233614836,38.337713252112735,1.0173717903586639,1.2500000000000053,1.1728166458068294,0.07718335419317594,1.193190570706937,104.09857084653116,34,71553851.66904
PRECISION_V2_SCORE_LT65,ZROUSDT,LONG,2026-09-21T04:30:00+00:00,2026-09-21T04:45:00+00:00,2026-09-21T08:45:00+00:00,TP,1.1695,1.1333462173074893,1.2146922283656383,1.2146922283656383,64.56691091081392,1.0290538027582423,1.2499999999999984,1.2047128992303417,0.045287100769656655,1.2397143901848904,105.33828523671605,16,23368481.61218
PRECISION_V2_SCORE_LT65,WLDUSDT,LONG,2026-09-21T02:45:00+00:00,2026-09-21T03:00:00+00:00,2026-09-21T09:30:00+00:00,TP,0.4392,0.42668182206802774,0.4548477224149653,0.4548477224149653,46.07149171006693,1.0290538027582423,1.250000000000001,1.2008810305028863,0.049118969497114785,1.235771191099232,106.57405642781528,26,194872780.8866
PRECISION_V2_SCORE_LT65,TIAUSDT,LONG,2026-09-21T08:15:00+00:00,2026-09-21T08:30:00+00:00,2026-09-21T09:30:00+00:00,TP,0.428,0.4209025189166976,0.436871851354128,0.436871851354128,61.796076762227706,1.0533828523671604,1.250000000000002,1.165575681996579,0.08442431800342307,1.2277974365513546,107.80185386436663,4,31388949.495599996
PRECISION_V2_SCORE_LT65,LTCUSDT,LONG,2026-09-22T00:00:00+00:00,2026-09-22T00:15:00+00:00,2026-09-22T01:15:00+00:00,SL,62.12,61.12244572155544,63.3669428480557,61.12244572155544,56.376243592443785,1.0780185386436665,-1.0,-1.0871812209914082,0.0871812209914082,-1.172001511093995,106.62985235327264,4,222849720.73589
PRECISION_V2_SCORE_LT65,AAVEUSDT,LONG,2026-09-24T22:30:00+00:00,2026-09-24T22:45:00+00:00,2026-09-24T23:45:00+00:00,TP,144.85,142.6332441884519,147.6209447644351,147.6209447644351,37.10570692663208,1.0662985235327265,1.249999999999997,1.1585194684305864,0.09148053156941055,1.2353275986714534,107.86517995194409,4,136527880.78399998
PRECISION_V2_SCORE_LT65,SANDUSDT,LONG,2026-09-24T23:45:00+00:00,2026-09-25T00:00:00+00:00,2026-09-25T00:15:00+00:00,TP,0.04265,0.04219372214766989,0.04322034731541263,0.04322034731541263,29.853035290577772,1.078651799519441,1.2499999999999962,1.1191367558274496,0.13086324417254663,1.2071588755816276,109.07233882752571,1,13724762.29524
PRECISION_V2_SCORE_LT65,DOTUSDT,LONG,2026-09-25T00:00:00+00:00,2026-09-25T00:15:00+00:00,2026-09-25T01:45:00+00:00,SL,1.1614,1.1483956948118401,1.1776553814851998,1.1483956948118401,32.007298958839755,1.0907233882752572,-1.0,-1.1250324393709554,0.12503243937095543,-1.2270991941902663,107.84523963333545,6,77925378.9056
PRECISION_V2_SCORE_LT65,FILUSDT,LONG,2026-09-25T00:00:00+00:00,2026-09-25T00:15:00+00:00,2026-09-25T01:45:00+00:00,SL,0.9976,0.9837089278744765,1.0149638401569046,0.9837089278744765,27.69626459871512,1.0907233882752572,-1.0,-1.1005422754543046,0.10054227545430458,-1.2003871996236806,106.64485243371178,6,136897774.63749
PRECISION_V2_SCORE_LT65,TIAUSDT,LONG,2026-09-25T00:00:00+00:00,2026-09-25T00:15:00+00:00,2026-09-25T02:45:00+00:00,SL,0.4909,0.48176611743940095,0.5023173532007488,0.48176611743940095,37.36898519344349,1.0907233882752572,-1.0,-1.0752429205696865,0.07524292056968661,-1.1727926015427517,105.47205983216902,10,61125327.2958
PRECISION_V2_SCORE_LT65,ARBUSDT,LONG,2026-09-25T22:00:00+00:00,2026-09-25T22:15:00+00:00,2026-09-25T23:00:00+00:00,TP,0.22327,0.21852485216297027,0.22920143479628716,0.22920143479628716,28.625364924063778,1.0547205983216903,1.25,1.1841268152783915,0.06587318472160843,1.2489229430991826,106.72098277526821,3,167389536.850086
PRECISION_V2_SCORE_LT65,SANDUSDT,LONG,2026-09-25T22:00:00+00:00,2026-09-25T22:15:00+00:00,2026-09-26T05:45:00+00:00,SL,0.04521,0.04464186372943544,0.0459201703382057,0.04464186372943544,32.30051668472399,1.0547205983216903,-1.0,-1.1114063707587343,0.11140637075873423,-1.1722231923451907,105.54875958292303,30,22676103.95555
PRECISION_V2_SCORE_LT65,ORDIUSDT,LONG,2026-09-26T13:45:00+00:00,2026-09-26T14:00:00+00:00,2026-09-26T15:15:00+00:00,TP,4.801,4.72507001374817,4.895912482814787,4.895912482814787,41.3887136835245,1.0554875958292302,1.2499999999999971,1.1614789777821377,0.0885210222178595,1.2259266538654605,106.77468623678848,5,11772619.3752
PRECISION_V2_SCORE_LT65,JUPUSDT,LONG,2026-09-26T09:45:00+00:00,2026-09-26T10:00:00+00:00,2026-09-26T20:45:00+00:00,SL,0.3458,0.3361396800737195,0.35787539990785056,0.3361396800737195,59.21294482355711,1.0554875958292302,-1.0,-1.0501142823109795,0.05011428231097949,-1.1083825991823533,105.66630363760613,43,45766790.986
PRECISION_V2_SCORE_LT65,AAVEUSDT,LONG,2026-09-27T04:00:00+00:00,2026-09-27T04:15:00+00:00,2026-09-27T04:45:00+00:00,SL,155.64,154.02157193924063,157.66303507594918,154.02157193924063,28.13762937460747,1.0566630363760614,-1.0,-1.1346343438322273,0.13463434383222725,-1.1989261709303214,104.46737746667581,2,122061748.51
PRECISION_V2_SCORE_LT65,STRKUSDT,LONG,2026-09-27T11:30:00+00:00,2026-09-27T11:45:00+00:00,2026-09-27T13:15:00+00:00,SL,0.04096,0.040434385611615054,0.04161701798548119,0.040434385611615054,49.303619425155404,1.0446737746667583,-1.0,-1.1090989920884784,0.1090989920884783,-1.1586466305441678,103.30873083613164,6,18189577.070264
PRECISION_V2_SCORE_LT65,LDOUSDT,LONG,2026-09-30T02:45:00+00:00,2026-09-30T03:00:00+00:00,2026-09-30T07:00:00+00:00,SL,0.4735,0.46366918521796013,0.4857885184775498,0.46366918521796013,28.652617334239398,1.0330873083613166,-1.0,-1.0674308299665118,0.06743082996651185,-1.1027492429919898,102.20598159313965,16,35233553.8748
PRECISION_V2_SCORE_LT65,QNTUSDT,LONG,2026-09-30T10:00:00+00:00,2026-09-30T10:15:00+00:00,2026-09-30T11:30:00+00:00,TP,289.83,272.9403283534676,310.9420895581655,310.9420895581655,40.6829539313149,1.0220598159313965,1.25,1.2259757318856281,0.02402426811437192,1.2530205308673843,103.45900212400704,5,1399976675.469
PRECISION_V2_SCORE_LT65,NEARUSDT,LONG,2026-09-30T22:15:00+00:00,2026-09-30T22:30:00+00:00,2026-10-01T02:30:00+00:00,SL,5.372,5.180120037429054,5.6118499532136825,5.180120037429054,50.306163416527916,1.0345900212400705,-1.0,-1.0391953380604775,0.039195338060477564,-1.0751411268765716,102.38386099713047,16,928844670.601
PRECISION_V2_SCORE_LT65,WLDUSDT,LONG,2026-10-01T00:00:00+00:00,2026-10-01T00:15:00+00:00,2026-10-01T08:00:00+00:00,SL,0.5373,0.5224778617471486,0.5558276728160643,0.5224778617471486,41.05954849730753,1.0345900212400705,-1.0,-1.050749762764849,0.050749762764848896,-1.0870952193768841,101.29676577775359,31,404558865.9561
PRECISION_V2_SCORE_LT65,ETHUSDT,LONG,2026-10-01T13:30:00+00:00,2026-10-01T13:45:00+00:00,2026-10-01T15:45:00+00:00,SL,2697.28,2676.114681926848,2723.7366475914405,2676.114681926848,49.3866721257576,1.012967657777536,-1.0,-1.1784141389677487,0.17841413896774866,-1.1936954102420922,100.1030703675115,8,8416236970.8744
PRECISION_V2_SCORE_LT65,AAVEUSDT,LONG,2026-10-04T05:15:00+00:00,2026-10-04T05:30:00+00:00,2026-10-04T10:00:00+00:00,SL,182.42,180.6217801717241,184.66777478534482,180.6217801717241,56.4168940175778,1.0010307036751152,-1.0,-1.142022680422151,0.14202268042215102,-1.1431997673959269,98.95987060011558,18,110885354.459
PRECISION_V2_SCORE_LT65,ZROUSDT,LONG,2026-10-04T07:00:00+00:00,2026-10-04T07:15:00+00:00,2026-10-04T10:30:00+00:00,SL,2.0457,1.987976850382452,2.1178539370219354,1.987976850382452,47.05561661112933,1.0010307036751152,-1.0,-1.0496157957245171,0.049615795724517034,-1.0506976385826292,97.90917296153295,13,140714069.52921
PRECISION_V2_SCORE_LT65,ETHUSDT,LONG,2026-10-04T12:15:00+00:00,2026-10-04T12:30:00+00:00,2026-10-04T13:00:00+00:00,SL,2700.92,2695.3137992517695,2707.9277509352883,2695.3137992517695,33.835707073105866,0.9790917296153295,-1.0,-1.674483160666957,0.6744831606669571,-1.6394726139891547,96.26970034754379,2,2219675173.56764
PRECISION_V2_SCORE_LT65,STRKUSDT,LONG,2026-10-04T10:30:00+00:00,2026-10-04T10:45:00+00:00,2026-10-04T13:45:00+00:00,TP,0.05394,0.05192840767105567,0.05645449041118041,0.05645449041118041,60.36457625054869,0.9790917296153295,1.2499999999999991,1.21245959038846,0.03754040961153909,1.1871091574421313,97.45680950498593,12,227135818.060761
PRECISION_V2_SCORE_LT65,LINKUSDT,LONG,2026-10-05T02:00:00+00:00,2026-10-05T02:15:00+00:00,2026-10-05T03:30:00+00:00,SL,14.227,14.101791089459466,14.383511138175669,14.101791089459466,29.779742673444332,0.9745680950498593,-1.0,-1.1590765378758883,0.1590765378758882,-1.1295990135346905,96.32721049145124,5,89985832.50702001
PRECISION_V2_SCORE_LT65,NEARUSDT,LONG,2026-10-05T02:00:00+00:00,2026-10-05T02:15:00+00:00,2026-10-05T04:00:00+00:00,SL,4.937,4.828642334084938,5.072447082393828,4.828642334084938,40.257771408251905,0.9745680950498593,-1.0,-1.0637869036918708,0.06378690369187079,-1.0367327762699747,95.29047771518127,7,412992083.54999995
PRECISION_V2_SCORE_LT65,INJUSDT,LONG,2026-10-05T07:00:00+00:00,2026-10-05T07:15:00+00:00,2026-10-05T09:30:00+00:00,SL,7.629,7.503142357255731,7.786322053430335,7.503142357255731,32.12231840729723,0.9529047771518127,-1.0,-1.0848625460251313,0.08486254602513124,-1.033770702660426,94.25670701252085,9,36220752.7037
PRECISION_V2_SCORE_LT65,ETHUSDT,LONG,2026-10-05T13:00:00+00:00,2026-10-05T13:15:00+00:00,2026-10-05T14:45:00+00:00,SL,2718.59,2703.157237724267,2737.880952844667,2703.157237724267,40.827365644955485,0.9425670701252085,-1.0,-1.2466198812629068,0.24661988126290688,-1.1750228490418133,93.08168416347904,6,6063885266.175
PRECISION_V2_SCORE_LT65,NEARUSDT,LONG,2026-10-08T04:15:00+00:00,2026-10-08T04:30:00+00:00,2026-10-08T07:15:00+00:00,TP,5.402,5.223204180168472,5.62549477478941,5.62549477478941,39.22077768161476,0.9308168416347904,1.25,1.2077014719520505,0.042298528047949424,1.124148869760095,94.20583303323913,11,947152143.044
PRECISION_V2_SCORE_LT65,JUPUSDT,LONG,2026-10-09T11:00:00+00:00,2026-10-09T11:15:00+00:00,2026-10-09T12:00:00+00:00,TP,0.3617,0.35247138503511205,0.37323576870610997,0.37323576870610997,28.536306589445807,0.9420583303323913,1.2499999999999984,1.1951293610225766,0.0548706389774218,1.1258815703761462,95.33171460361528,3,82600273.2915
PRECISION_V2_SCORE_LT65,JUPUSDT,LONG,2026-10-09T14:15:00+00:00,2026-10-09T14:30:00+00:00,2026-10-09T16:30:00+00:00,TP,0.3648,0.35407375280266945,0.37820780899666323,0.37820780899666323,44.22277289862145,0.9533171460361528,1.2500000000000013,1.2023859565601762,0.047614043439825136,1.1462551485418968,96.47796975215718,8,69151540.6928
PRECISION_V2_SCORE_LT65,STRKUSDT,LONG,2026-10-09T14:30:00+00:00,2026-10-09T14:45:00+00:00,2026-10-09T20:45:00+00:00,SL,0.07331,0.06920509940729985,0.07844112574087518,0.06920509940729985,52.9589552263031,0.9533171460361528,-1.0,-1.0250027979197638,0.025002797919763696,-0.9771527419919407,95.50081701016524,24,413979057.725056
PRECISION_GATE_SCORE_LE54,NEARUSDT,SHORT,2026-04-30T08:15:00+00:00,2026-04-30T08:30:00+00:00,2026-04-30T14:30:00+00:00,TP,1.324,1.3333537493201761,1.31230781334978,1.31230781334978,49.894459653753316,1.0,1.2499999999999882,1.051833474839668,0.1981665251603202,1.051833474839668,101.05183347483967,24,70108305.92
PRECISION_GATE_SCORE_LE54,DOTUSDT,SHORT,2026-05-02T04:00:00+00:00,2026-05-02T04:15:00+00:00,2026-05-02T16:00:00+00:00,SL,1.204,1.2137677371796654,1.191790328525418,1.2137677371796654,28.234591440691197,1.0105183347483968,-1.0,-1.172568115725831,0.17256811572583106,-1.1849015796823321,99.86693189515734,47,60726239.0228
PRECISION_GATE_SCORE_LE54,AAVEUSDT,SHORT,2026-05-02T11:00:00+00:00,2026-05-02T11:15:00+00:00,2026-05-02T16:15:00+00:00,SL,92.09,92.74369813431433,91.2728773321071,92.74369813431433,31.4073740184017,1.0105183347483968,-1.0,-1.1972255896603294,0.19722558966032938,-1.2098184091817235,98.65711348597561,20,54760074.402
PRECISION_GATE_SCORE_LE54,INJUSDT,LONG,2026-05-02T23:15:00+00:00,2026-05-02T23:30:00+00:00,2026-05-03T02:00:00+00:00,SL,3.798,3.7498132432408915,3.8582334459488856,3.7498132432408915,44.042700678620875,0.9865711348597561,-1.0,-1.110345670836104,0.11034567083610397,-1.0954349885633923,97.56167849741222,10,27585763.555
PRECISION_GATE_SCORE_LE54,WLDUSDT,SHORT,2026-05-03T15:30:00+00:00,2026-05-03T15:45:00+00:00,2026-05-03T16:45:00+00:00,SL,0.2381,0.2396740526973881,0.2361324341282649,0.2396740526973881,26.90901375811126,0.9756167849741222,-1.0,-1.2117718171400045,0.2117718171400044,-1.182224924360381,96.37945357305183,4,38286330.1962
PRECISION_GATE_SCORE_LE54,TAOUSDT,LONG,2026-05-03T22:00:00+00:00,2026-05-03T22:15:00+00:00,2026-05-04T00:30:00+00:00,SL,290.96,287.9614012001782,294.7082484997772,287.9614012001782,45.99081759674637,0.9637945357305183,-1.0,-1.1358447819108752,0.13584478191087532,-1.094720994243724,95.2847325788081,9,144400312.40604
PRECISION_GATE_SCORE_LE54,WLDUSDT,SHORT,2026-05-04T15:15:00+00:00,2026-05-04T15:30:00+00:00,2026-05-05T06:00:00+00:00,SL,0.2371,0.24132327546311774,0.23182090567110283,0.24132327546311774,28.159408865718994,0.9528473257880811,-1.0,-1.0785977620685328,0.07859776206853267,-1.0277389931880103,94.2569935856201,58,57732927.2847
PRECISION_GATE_SCORE_LE54,1000PEPEUSDT,LONG,2026-05-05T11:30:00+00:00,2026-05-05T11:45:00+00:00,2026-05-05T14:00:00+00:00,TP,0.0040739,0.004031271955592482,0.004127185055509398,0.004127185055509398,39.35045674606714,0.942569935856201,1.250000000000005,1.116204042918893,0.13379595708111205,1.0521003731364933,95.30909395875659,9,289731899.0605352
PRECISION_GATE_SCORE_LE54,TAOUSDT,LONG,2026-05-05T13:00:00+00:00,2026-05-05T13:15:00+00:00,2026-05-05T14:00:00+00:00,SL,287.16,283.56161189476745,291.6579851315407,283.56161189476745,26.969138954797522,0.942569935856201,-1.0,-1.1117233573041772,0.11172335730417722,-1.0478770135840387,94.26121694517255,3,128056412.5273
PRECISION_GATE_SCORE_LE54,ORDIUSDT,LONG,2026-05-05T23:30:00+00:00,2026-05-05T23:45:00+00:00,2026-05-06T01:00:00+00:00,SL,5.211,5.125080001921417,5.318399997598229,5.125080001921417,29.351341284560835,0.9426121694517255,-1.0,-1.084909219775908,0.08490921977590807,-1.0226486333111475,93.2385683118614,5,52447084.8999
PRECISION_GATE_SCORE_LE54,LINKUSDT,LONG,2026-05-06T00:00:00+00:00,2026-05-06T00:15:00+00:00,2026-05-06T04:15:00+00:00,TP,9.781,9.707972312011275,9.872284609985908,9.872284609985908,50.10592233295856,0.9426121694517255,1.250000000000006,1.0624902981713773,0.1875097018286286,1.0015162849807326,94.24008459684214,16,125437747.53274
PRECISION_GATE_SCORE_LE54,JUPUSDT,LONG,2026-05-06T13:30:00+00:00,2026-05-06T13:45:00+00:00,2026-05-06T14:45:00+00:00,TP,0.1998,0.19639917271952728,0.20405103410059092,0.20405103410059092,51.561831422725724,0.9424008459684214,1.250000000000002,1.1677494247925724,0.0822505752074296,1.1004880458036577,95.3405726426458,4,27299106.0952
PRECISION_GATE_SCORE_LE54,STRKUSDT,LONG,2026-05-08T02:45:00+00:00,2026-05-08T03:00:00+00:00,2026-05-08T05:15:00+00:00,TP,0.04641,0.04466413274047908,0.048592334074401146,0.048592334074401146,43.44207045479136,0.9534057264264579,1.25,1.212784112225216,0.03721588777478393,1.156275317514549,96.49684796016035,9,36768059.781215996
PRECISION_GATE_SCORE_LE54,AAVEUSDT,SHORT,2026-05-08T08:45:00+00:00,2026-05-08T09:00:00+00:00,2026-05-08T11:00:00+00:00,SL,92.42,92.97012848139173,91.73233939826035,92.97012848139173,27.554720761790463,0.9649684796016036,-1.0,-1.2351959667179422,0.2351959667179423,-1.1919251740138457,95.3049227861465,8,58260455.202
PRECISION_GATE_SCORE_LE54,1000PEPEUSDT,LONG,2026-05-08T13:45:00+00:00,2026-05-08T14:00:00+00:00,2026-05-08T16:00:00+00:00,TP,0.0041887,0.004127820785837965,0.004264799017702544,0.004264799017702544,33.057035917722374,0.9530492278614651,1.25,1.153675169255766,0.09632483074423388,1.0995092292621529,96.40443201540866,8,268070550.62299898
PRECISION_GATE_SCORE_LE54,LINKUSDT,LONG,2026-05-08T23:45:00+00:00,2026-05-09T00:00:00+00:00,2026-05-09T01:00:00+00:00,TP,10.34,10.253325957077463,10.448342553653172,10.448342553653172,34.29793077503188,0.9640443201540866,1.250000000000005,1.0829834456558447,0.1670165543441605,1.044044039605419,97.44847605501408,4,150507579.6128
PRECISION_GATE_SCORE_LE54,LDOUSDT,LONG,2026-05-09T00:30:00+00:00,2026-05-09T00:45:00+00:00,2026-05-09T06:45:00+00:00,SL,0.4088,0.40283576389091086,0.4162552951363614,0.40283576389091086,53.734734610311186,0.9744847605501409,-1.0,-1.0959586424031433,0.0959586424031434,-1.0679949952150847,96.380481059799,24,25178714.5805
PRECISION_GATE_SCORE_LE54,NEARUSDT,LONG,2026-05-10T15:00:00+00:00,2026-05-10T15:15:00+00:00,2026-05-10T18:00:00+00:00,TP,1.577,1.5618864093148923,1.5958919883563845,1.5958919883563845,33.22324570994676,0.96380481059799,1.2499999999999962,1.1039195584954185,0.14608044150457783,1.0639629809910935,97.44444404079009,11,64047584.795
PRECISION_GATE_SCORE_LE54,ARBUSDT,LONG,2026-05-10T16:00:00+00:00,2026-05-10T16:15:00+00:00,2026-05-10T21:00:00+00:00,SL,0.1435,0.14087050837176776,0.14678686453529027,0.14087050837176776,27.233300560134598,0.96380481059799,-1.0,-1.0764026011123156,0.07640260111231553,-1.037442005092239,96.40700203569784,19,37488404.12726
PRECISION_GATE_SCORE_LE54,WLDUSDT,SHORT,2026-05-16T04:15:00+00:00,2026-05-16T04:30:00+00:00,2026-05-16T06:15:00+00:00,TP,0.2451,0.247482247982789,0.24212219002151378,0.24212219002151378,39.44971980379661,0.9640700203569784,1.2499999999999971,1.1059595799937338,0.1440404200062633,1.0662224747985543,97.4732245104964,7,86116499.4512
PRECISION_GATE_SCORE_LE54,ZROUSDT,SHORT,2026-05-16T16:00:00+00:00,2026-05-16T16:15:00+00:00,2026-05-17T04:15:00+00:00,SL,1.281,1.2974127528802089,1.2604840588997388,1.2974127528802089,50.793766637913095,0.9747322451049639,-1.0,-1.1092686896031039,0.1092686896031039,-1.0812399602414748,96.39198455025492,48,10592097.90691
PRECISION_GATE_SCORE_LE54,1000PEPEUSDT,SHORT,2026-05-19T14:00:00+00:00,2026-05-19T14:15:00+00:00,2026-05-20T13:00:00+00:00,SL,0.0036588,0.0036999504903444187,0.003607361887069476,0.0036999504903444187,48.10159452145595,0.9639198455025492,-1.0,-1.1244777390774086,0.12447773907740856,-1.0839064085225514,95.30807814173237,91,197694337.8084057
PRECISION_GATE_SCORE_LE54,NEARUSDT,LONG,2026-05-20T12:45:00+00:00,2026-05-20T13:00:00+00:00,2026-05-20T14:45:00+00:00,TP,1.646,1.6202909150609834,1.6781363561737705,1.6781363561737705,45.304201041349295,0.9530807814173237,1.2500000000000022,1.1603663158192474,0.08963368418075472,1.1059228350113492,96.41400097674372,7,151030638.37800002
PRECISION_GATE_SCORE_LE54,XRPUSDT,SHORT,2026-05-22T13:30:00+00:00,2026-05-22T13:45:00+00:00,2026-05-22T15:30:00+00:00,TP,1.3601,1.3701920305996673,1.347484961750416,1.347484961750416,37.48553122431406,0.9641400097674372,1.2499999999999944,1.061322411164425,0.18867758883556948,1.0232633998664689,97.43726437661019,7,549860255.82699
PRECISION_GATE_SCORE_LE54,AAVEUSDT,SHORT,2026-05-23T03:45:00+00:00,2026-05-23T04:00:00+00:00,2026-05-23T06:45:00+00:00,TP,86.02,86.71530122922586,85.15087346346766,85.15087346346766,41.18544537891567,0.9743726437661019,1.2500000000000102,1.0767973722208493,0.17320262777916087,1.0492019023712202,98.48646627898141,11,90777365.03
PRECISION_GATE_SCORE_LE54,SANDUSDT,SHORT,2026-05-27T01:45:00+00:00,2026-05-27T02:00:00+00:00,2026-05-27T04:00:00+00:00,TP,0.07032,0.07088199186306172,0.06961751017117283,0.06961751017117283,26.880228219970032,0.9848646627898141,1.2499999999999938,1.0748230864702224,0.1751769135297714,1.0585552766152029,99.54502155559662,8,10449550.195039999
PRECISION_GATE_SCORE_LE54,LINKUSDT,SHORT,2026-05-27T08:00:00+00:00,2026-05-27T08:15:00+00:00,2026-05-27T12:30:00+00:00,SL,9.395,9.471225861388861,9.299717673263922,9.471225861388861,48.28848214255183,0.9954502155559662,-1.0,-1.1725529860909119,0.1725529860909118,-1.16721812275499,98.37780343284163,17,133565863.82483
PRECISION_GATE_SCORE_LE54,LDOUSDT,SHORT,2026-05-27T13:00:00+00:00,2026-05-27T13:15:00+00:00,2026-05-27T15:30:00+00:00,SL,0.3401,0.3444858397675182,0.33461770029060234,0.3444858397675182,30.73567643960781,0.9837780343284164,-1.0,-1.108563017629218,0.10856301762921808,-1.0905799464124497,97.28722348642918,9,11521347.4899
PRECISION_GATE_SCORE_LE54,ARBUSDT,SHORT,2026-05-28T13:00:00+00:00,2026-05-28T13:15:00+00:00,2026-05-28T14:15:00+00:00,TP,0.102,0.10301167441916309,0.10073540697604612,0.10073540697604612,50.09026675830726,0.9728722348642919,1.2500000000000033,1.108847869141411,0.14115213085859243,1.0787673045761124,98.3659907910053,4,41894155.65945
PRECISION_GATE_SCORE_LE54,TAOUSDT,SHORT,2026-05-28T13:00:00+00:00,2026-05-28T13:15:00+00:00,2026-05-28T14:15:00+00:00,TP,258.87,261.9407379346774,255.0315775816533,255.0315775816533,26.856707051224504,0.9728722348642919,1.25,1.1319769033666893,0.11802309663331073,1.1012688997931115,99.46725969079841,4,167249453.41208
PRECISION_GATE_SCORE_LE54,SUIUSDT,SHORT,2026-05-28T15:00:00+00:00,2026-05-28T15:15:00+00:00,2026-05-28T17:45:00+00:00,SL,0.9135,0.9293588276835437,0.8936764653955703,0.9293588276835437,52.377110402549285,0.9946725969079842,-1.0,-1.0806427830303673,0.08064278303036727,-1.0748857633266866,98.39237392747172,10,326583734.9922
PRECISION_GATE_SCORE_LE54,SUIUSDT,SHORT,2026-05-29T06:30:00+00:00,2026-05-29T06:45:00+00:00,2026-05-29T12:00:00+00:00,TP,0.925,0.9358076576670656,0.9114904279161681,0.9114904279161681,37.02876240436683,0.9839237392747172,1.2499999999999973,1.1301775518902388,0.11982244810975842,1.1120085229001895,99.5043824503719,21,232770308.13261
PRECISION_GATE_SCORE_LE54,INJUSDT,LONG,2026-05-30T01:30:00+00:00,2026-05-30T01:45:00+00:00,2026-05-30T05:00:00+00:00,TP,6.486,6.260971490990309,6.7672856362621125,6.7672856362621125,52.096640941562335,0.9950438245037191,1.2499999999999991,1.2096477795637477,0.04035222043625135,1.2036525528795432,100.70803500325145,13,215883112.84579998
PRECISION_GATE_SCORE_LE54,ORDIUSDT,SHORT,2026-05-31T09:45:00+00:00,2026-05-31T10:00:00+00:00,2026-05-31T11:15:00+00:00,SL,3.392,3.4289263205243374,3.345842099344578,3.4289263205243374,23.866723084285134,1.0070803500325145,-1.0,-1.1286020359615885,0.12860203596158853,-1.1365929334236051,99.57144206982785,5,16503937.1497
PRECISION_GATE_SCORE_LE54,DOTUSDT,SHORT,2026-05-31T09:45:00+00:00,2026-05-31T10:00:00+00:00,2026-05-31T14:30:00+00:00,TP,1.188,1.2011822609719625,1.1715221737850467,1.1715221737850467,26.3403792568574,1.0070803500325145,1.2500000000000042,1.1238304450551069,0.12616955494489734,1.1317875579832937,100.70322962781114,18,37777488.4676
PRECISION_GATE_SCORE_LE54,ETHUSDT,SHORT,2026-06-01T01:00:00+00:00,2026-06-01T01:15:00+00:00,2026-06-01T06:30:00+00:00,TP,2004.57,2021.2833212276194,1983.6783484654757,1983.6783484654757,27.34538043149933,1.0070322962781115,1.25,1.0820861567979487,0.16791384320205116,1.089695707250995,101.79292533506214,21,4537498190.359791
PRECISION_GATE_SCORE_LE54,INJUSDT,LONG,2026-05-31T23:45:00+00:00,2026-06-01T00:00:00+00:00,2026-06-01T11:00:00+00:00,TP,6.537,6.3986594794565,6.709925650679375,6.709925650679375,47.21357772439139,1.0070322962781115,1.2500000000000016,1.1838458467262882,0.06615415327371332,1.1921710014680793,102.98509633653022,44,83896608.3322
PRECISION_GATE_SCORE_LE54,ARBUSDT,SHORT,2026-06-01T11:45:00+00:00,2026-06-01T12:00:00+00:00,2026-06-01T13:15:00+00:00,TP,0.1007,0.10203470575563278,0.09903161780545902,0.09903161780545902,22.188777922570132,1.0298509633653021,1.2499999999999973,1.1443737228935789,0.10562627710641839,1.1785343809718896,104.16363071750212,5,33485308.75342
PRECISION_GATE_SCORE_LE54,SUIUSDT,SHORT,2026-06-01T12:45:00+00:00,2026-06-01T13:00:00+00:00,2026-06-01T14:00:00+00:00,TP,0.8753,0.88560931818048,0.8624133522743999,0.8624133522743999,34.98355912468965,1.0416363071750212,1.25,1.131134719236793,0.118865280763207,1.1782309918632676,105.34186170936539,4,269272388.82617
PRECISION_GATE_SCORE_LE54,1000PEPEUSDT,SHORT,2026-06-01T11:45:00+00:00,2026-06-01T12:00:00+00:00,2026-06-01T17:00:00+00:00,SL,0.0033539,0.003388921480904599,0.003310123148869251,0.003388921480904599,33.03469567221903,1.0298509633653021,-1.0,-1.1340737135814083,0.13407371358140838,-1.1679269064590792,104.17393480290632,20,171299680.1738208
PRECISION_GATE_SCORE_LE54,AAVEUSDT,SHORT,2026-06-02T00:00:00+00:00,2026-06-02T00:15:00+00:00,2026-06-02T01:45:00+00:00,TP,79.99,80.86769341343535,78.89288323320581,78.89288323320581,42.51543150512499,1.041739348029063,1.249999999999996,1.1224087497003281,0.12759125029966795,1.1692573591349358,105.34319216204125,6,67784433.889
PRECISION_GATE_SCORE_LE54,LTCUSDT,SHORT,2026-06-02T00:00:00+00:00,2026-06-02T00:15:00+00:00,2026-06-02T02:15:00+00:00,TP,50.65,51.04287212670675,50.15890984161656,50.15890984161656,46.693264823712184,1.041739348029063,1.25,1.069508702247718,0.18049129775228184,1.1141492981909473,106.4573414602322,8,73069440.19682
PRECISION_GATE_SCORE_LE54,SANDUSDT,SHORT,2026-06-02T04:00:00+00:00,2026-06-02T04:15:00+00:00,2026-06-02T05:15:00+00:00,TP,0.06816,0.06907230344296261,0.06701962069629673,0.06701962069629673,41.77960977615526,1.064573414602322,1.25,1.1454032227587347,0.10459677724126536,1.2193658199487702,107.67670728018098,4,12564947.43816
PRECISION_GATE_SCORE_LE54,SUIUSDT,SHORT,2026-06-02T11:15:00+00:00,2026-06-02T11:30:00+00:00,2026-06-02T13:30:00+00:00,SL,0.8455,0.8535370451851982,0.8354536935185023,0.8535370451851982,43.21266236424572,1.0767670728018097,-1.0,-1.1472804958444198,0.1472804958444199,-1.2353538611930048,106.44135341898797,8,270664753.14938
PRECISION_GATE_SCORE_LE54,XRPUSDT,SHORT,2026-06-02T13:30:00+00:00,2026-06-02T13:45:00+00:00,2026-06-02T14:15:00+00:00,TP,1.2623,1.2716124262269841,1.2506594672162699,1.2506594672162699,42.35658772986269,1.0644135341898797,1.249999999999994,1.0602299060496958,0.1897700939502981,1.1285230613521609,107.56987648034013,2,723503147.6902499
PRECISION_GATE_SCORE_LE54,INJUSDT,LONG,2026-06-02T13:30:00+00:00,2026-06-02T13:45:00+00:00,2026-06-02T14:45:00+00:00,SL,7.203,6.990328968472734,7.468838789409083,6.990328968472734,53.93855894518577,1.0644135341898797,-1.0,-1.0474168951341505,0.047416895134150476,-1.1148847191199318,106.4549917612202,4,165134273.23349997
PRECISION_GATE_SCORE_LE54,TIAUSDT,SHORT,2026-06-04T20:00:00+00:00,2026-06-04T20:15:00+00:00,2026-06-04T21:45:00+00:00,TP,0.343,0.3525253289348522,0.33109333883143477,0.33109333883143477,48.33043452481376,1.064549917612202,1.2500000000000016,1.1995870427904087,0.05041295720959282,1.2770202875711947,107.73201204879139,6,36789617.1017
PRECISION_GATE_SCORE_LE54,JUPUSDT,SHORT,2026-06-05T00:00:00+00:00,2026-06-05T00:15:00+00:00,2026-06-05T03:00:00+00:00,TP,0.1796,0.18476305840403592,0.17314617699495513,0.17314617699495513,32.04788136847598,1.077320120487914,1.2499999999999973,1.2013001828909264,0.0486998171090708,1.2941848577742059,109.0261969065656,11,24927155.958100002
PRECISION_GATE_SCORE_LE54,1000PEPEUSDT,SHORT,2026-06-04T13:15:00+00:00,2026-06-04T13:30:00+00:00,2026-06-05T05:45:00+00:00,TP,0.0029584,0.0030432745806194083,0.0028523067742257393,0.0028523067742257393,49.612179481784864,1.064549917612202,1.2500000000000013,1.2012014083630973,0.04879859163690402,1.2787388603085963,110.3049357668742,65,392570188.295924
PRECISION_GATE_SCORE_LE54,LINKUSDT,SHORT,2026-06-05T13:30:00+00:00,2026-06-05T13:45:00+00:00,2026-06-05T14:00:00+00:00,TP,7.567,7.686885080829841,7.4171436489627,7.4171436489627,48.52194073459282,1.103049357668742,1.2499999999999962,1.1616337084925787,0.08836629150741747,1.2813393159990976,111.58627508287329,1,187413900.39898998
PRECISION_GATE_SCORE_LE54,JUPUSDT,SHORT,2026-06-05T13:30:00+00:00,2026-06-05T13:45:00+00:00,2026-06-05T15:15:00+00:00,TP,0.1635,0.16789013278177886,0.15801233402277642,0.15801233402277642,49.59468160959153,1.103049357668742,1.250000000000003,1.1978603469694515,0.052139653030551646,1.3212990863015097,112.9075741691748,6,23789099.146700002
PRECISION_GATE_SCORE_LE54,ZROUSDT,SHORT,2026-06-06T14:15:00+00:00,2026-06-06T14:30:00+00:00,2026-06-06T15:15:00+00:00,TP,0.9148,0.9321668462738784,0.8930914421576519,0.8930914421576519,52.459404957157155,1.129075741691748,1.2500000000000016,1.1762548893562608,0.07374511064374073,1.3280808616184652,114.23565503079325,3,16429287.26658
PRECISION_GATE_SCORE_LE54,QNTUSDT,SHORT,2026-06-06T08:30:00+00:00,2026-06-06T08:45:00+00:00,2026-06-06T20:30:00+00:00,SL,64.25,65.70477080902921,62.43153648871348,65.70477080902921,44.42236514235834,1.129075741691748,-1.0,-1.0618310454414637,0.06183104544146357,-1.1988876751831448,113.03676735561011,47,11560579.239
PRECISION_GATE_SCORE_LE54,WLDUSDT,LONG,2026-06-08T00:00:00+00:00,2026-06-08T00:15:00+00:00,2026-06-08T11:00:00+00:00,SL,0.4787,0.45700969390430796,0.5058128826196151,0.45700969390430796,44.589939291504784,1.130367673556101,-1.0,-1.0308976736908801,0.030897673690880065,-1.1652934050843569,111.87147395052575,43,794900564.6467
PRECISION_GATE_SCORE_LE54,ZROUSDT,SHORT,2026-06-08T17:15:00+00:00,2026-06-08T17:30:00+00:00,2026-06-08T20:15:00+00:00,TP,0.8755,0.8906909599044013,0.8565113001194983,0.8565113001194983,42.27822683624778,1.1187147395052575,1.25,1.1693138545744648,0.08068614542553515,1.308128644220161,113.17960259474592,11,14831511.16962
PRECISION_GATE_SCORE_LE54,DOTUSDT,SHORT,2026-06-10T08:00:00+00:00,2026-06-10T08:15:00+00:00,2026-06-10T09:30:00+00:00,TP,0.943,0.9523405621716817,0.9313242972853977,0.9313242972853977,27.74900362488884,1.131796025947459,1.250000000000006,1.1086594708397257,0.14134052916028036,1.2547763832254144,114.43437897797133,5,51671606.86969999
PRECISION_GATE_SCORE_LE54,LINKUSDT,SHORT,2026-06-10T08:15:00+00:00,2026-06-10T08:30:00+00:00,2026-06-10T11:30:00+00:00,TP,7.723,7.81573404933933,7.607082438325837,7.607082438325837,38.00676385080203,1.131796025947459,1.2500000000000024,1.1334063639296494,0.11659363607035293,1.2827848184791368,115.71716379645048,12,87482298.82245
PRECISION_GATE_SCORE_LE54,TAOUSDT,SHORT,2026-06-10T11:00:00+00:00,2026-06-10T11:15:00+00:00,2026-06-10T12:45:00+00:00,SL,205.07,207.77948853047573,201.68313933690533,207.77948853047573,31.66489397642881,1.1571716379645047,-1.0,-1.105960219713346,0.10596021971334592,-1.2797857989692762,114.4373779974812,6,82977688.96499
PRECISION_GATE_SCORE_LE54,SUIUSDT,SHORT,2026-06-10T08:00:00+00:00,2026-06-10T08:15:00+00:00,2026-06-10T13:45:00+00:00,SL,0.7442,0.7555224944462253,0.7300468819422183,0.7555224944462253,30.972710414284577,1.131796025947459,-1.0,-1.0920185922764871,0.09201859227648708,-1.2359423029992667,113.20143569448194,22,142924847.45961
PRECISION_GATE_SCORE_LE54,DOTUSDT,SHORT,2026-06-14T16:45:00+00:00,2026-06-14T17:00:00+00:00,2026-06-14T18:30:00+00:00,TP,0.956,0.9627450940048856,0.9475686324938929,0.9475686324938929,37.05884335348653,1.1320143569448196,1.25,1.0515742999236837,0.19842570007631627,1.1903972049078075,114.39183289938975,6,36831528.1132
PRECISION_GATE_SCORE_LE54,TAOUSDT,SHORT,2026-06-19T19:15:00+00:00,2026-06-19T19:30:00+00:00,2026-06-20T00:00:00+00:00,SL,224.18,228.2678848099353,219.07014398758088,228.2678848099353,41.95492510429532,1.1439183289938977,-1.0,-1.076776135970663,0.07677613597066282,-1.2317439581600667,113.16008894122969,18,109937043.20002
PRECISION_GATE_SCORE_LE54,SUIUSDT,SHORT,2026-06-19T21:30:00+00:00,2026-06-19T21:45:00+00:00,2026-06-20T00:00:00+00:00,SL,0.7097,0.7167143234140657,0.7009320957324179,0.7167143234140657,42.21806204949037,1.1439183289938977,-1.0,-1.1416501551678655,0.1416501551678654,-1.3059545377952486,111.85413440343444,9,102642100.63633001
PRECISION_GATE_SCORE_LE54,FILUSDT,SHORT,2026-06-20T10:30:00+00:00,2026-06-20T10:45:00+00:00,2026-06-21T03:45:00+00:00,SL,0.783,0.7939643499161776,0.7692945626047781,0.7939643499161776,23.50375411321835,1.1185413440343444,-1.0,-1.0999785676652467,0.09997856766524667,-1.230371505485258,110.62376289794919,68,67338232.9849
PRECISION_GATE_SCORE_LE54,SUIUSDT,SHORT,2026-06-21T08:15:00+00:00,2026-06-21T08:30:00+00:00,2026-06-21T15:45:00+00:00,SL,0.7076,0.7137088783098622,0.6999639021126722,0.7137088783098622,32.46497739897399,1.106237628979492,-1.0,-1.162163976715776,0.16216397671577618,-1.2856295220874376,109.33813337586176,29,97588841.0839
PRECISION_GATE_SCORE_LE54,INJUSDT,SHORT,2026-06-21T16:00:00+00:00,2026-06-21T16:15:00+00:00,2026-06-21T18:15:00+00:00,TP,4.976,5.043198565693735,4.892001792882831,4.892001792882831,33.33357086687007,1.0933813337586176,1.2500000000000067,1.146331120641031,0.1036688793589757,1.2533770496155012,110.59151042547725,8,25688582.6792
PRECISION_GATE_SCORE_LE54,XRPUSDT,SHORT,2026-06-23T01:30:00+00:00,2026-06-23T01:45:00+00:00,2026-06-23T05:00:00+00:00,TP,1.1274,1.135949113601444,1.116713607998195,1.116713607998195,38.838314736565735,1.1059151042547726,1.2500000000000064,1.0653773509649749,0.18462264903503148,1.1782169041631037,111.76972732964036,13,472647718.10978
PRECISION_GATE_SCORE_LE54,1000PEPEUSDT,SHORT,2026-06-23T01:30:00+00:00,2026-06-23T01:45:00+00:00,2026-06-23T05:45:00+00:00,TP,0.0028085,0.0028333665723617517,0.00277741678454781,0.00277741678454781,35.52375809241015,1.1059151042547726,1.25,1.091880097393407,0.1581199026065929,1.2075266917425411,112.9772540213829,16,129266180.5478194
PRECISION_GATE_SCORE_LE54,LDOUSDT,SHORT,2026-06-23T17:15:00+00:00,2026-06-23T17:30:00+00:00,2026-06-23T20:30:00+00:00,SL,0.2564,0.2592293638608127,0.2528632951739842,0.2592293638608127,48.69941852467924,1.129772540213829,-1.0,-1.1268695076556525,0.12686950765565255,-1.2731062261536334,111.70414779522928,12,15622909.997
PRECISION_GATE_SCORE_LE54,FILUSDT,SHORT,2026-06-24T12:45:00+00:00,2026-06-24T13:00:00+00:00,2026-06-24T13:30:00+00:00,TP,0.77,0.783003024155919,0.7537462198051013,0.7537462198051013,28.55155484593734,1.1170414779522928,1.2499999999999978,1.1670962087685335,0.08290379123146441,1.3036948739553202,113.0078426691846,2,61450634.891100004
PRECISION_GATE_SCORE_LE54,TAOUSDT,SHORT,2026-06-28T00:45:00+00:00,2026-06-28T01:00:00+00:00,2026-06-28T05:15:00+00:00,TP,209.6,211.32745495351853,207.44068130810183,207.44068130810183,40.386082571040156,1.130078426691846,1.25,1.0801316052251824,0.16986839477481755,1.2206334250530122,114.2284760942376,17,56549042.11534
PRECISION_GATE_SCORE_LE54,FILUSDT,SHORT,2026-06-28T02:15:00+00:00,2026-06-28T02:30:00+00:00,2026-06-28T08:45:00+00:00,SL,0.728,0.7354634180436496,0.718670727445438,0.7354634180436496,47.76487319217208,1.130078426691846,-1.0,-1.1365594147399005,0.13655941473990046,-1.284401275251072,112.94407481898654,25,43636022.604
PRECISION_GATE_SCORE_LE54,SUIUSDT,SHORT,2026-06-28T09:45:00+00:00,2026-06-28T10:00:00+00:00,2026-06-28T12:45:00+00:00,SL,0.683,0.69020746422959,0.6739906697130126,0.69020746422959,43.68840766530078,1.1294407481898654,-1.0,-1.1326680188122695,0.13266801881226956,-1.2792814146180622,111.66479340436847,11,101249359.56191
PRECISION_GATE_SCORE_LE54,1000PEPEUSDT,SHORT,2026-06-29T06:30:00+00:00,2026-06-29T06:45:00+00:00,2026-06-29T17:15:00+00:00,SL,0.0023541,0.002393888191190669,0.002304364761011664,0.002393888191190669,40.29850312650042,1.1166479340436848,-1.0,-1.0828321142875403,0.08283211428754032,-1.2091422433353372,110.45565116103313,42,123986195.88081421
PRECISION_GATE_SCORE_LE54,AAVEUSDT,LONG,2026-07-06T00:45:00+00:00,2026-07-06T01:00:00+00:00,2026-07-06T02:15:00+00:00,SL,89.22,88.05980116113905,90.67024854857618,88.05980116113905,45.27412359483363,1.1045565116103313,-1.0,-1.1076608558948664,0.10766085589486635,-1.2234740110345474,109.23217714999858,5,55447992.152
PRECISION_GATE_SCORE_LE54,AAVEUSDT,LONG,2026-07-07T12:00:00+00:00,2026-07-07T12:15:00+00:00,2026-07-07T13:45:00+00:00,SL,93.72,92.04834176602672,95.8095727924666,92.04834176602672,29.695308956003817,1.0923217714999858,-1.0,-1.078489727944054,0.07848972794405391,-1.1780578101723866,108.05411933982619,6,153123281.024
PRECISION_GATE_SCORE_LE54,ETHUSDT,LONG,2026-07-11T13:15:00+00:00,2026-07-11T13:30:00+00:00,2026-07-11T13:45:00+00:00,TP,1800.8,1795.4431983757027,1807.4960020303715,1807.4960020303715,40.20259715727746,1.0805411933982618,1.2499999999999893,0.7793609551332279,0.4706390448667615,0.8421316165476672,108.89625095637385,1,3530399404.93556
PRECISION_GATE_SCORE_LE54,AAVEUSDT,LONG,2026-07-12T14:30:00+00:00,2026-07-12T14:45:00+00:00,2026-07-12T21:45:00+00:00,SL,99.05,97.41648403480887,101.0918949564889,97.41648403480887,46.93385762498577,1.0889625095637385,-1.0,-1.0848905079319353,0.08489050793193534,-1.1814050901194393,107.71484586625441,28,119149811.676
PRECISION_GATE_SCORE_LE54,DOTUSDT,SHORT,2026-07-12T22:00:00+00:00,2026-07-12T22:15:00+00:00,2026-07-13T00:15:00+00:00,SL,0.843,0.8516563227534849,0.8321795965581438,0.8516563227534849,43.43894003490814,1.0771484586625442,-1.0,-1.1363396483252504,0.13633964832525047,-1.2240065007106808,106.49083936554372,8,37082250.5919
PRECISION_GATE_SCORE_LE54,ORDIUSDT,LONG,2026-07-12T23:00:00+00:00,2026-07-12T23:15:00+00:00,2026-07-13T03:15:00+00:00,SL,3.535,3.4791323884949796,3.6048345143812757,3.4791323884949796,22.74043416355955,1.0771484586625442,-1.0,-1.088584420680939,0.08858442068093893,-1.172567030860532,105.31827233468319,16,10994084.3391
PRECISION_GATE_SCORE_LE54,TAOUSDT,SHORT,2026-07-13T10:30:00+00:00,2026-07-13T10:45:00+00:00,2026-07-13T13:30:00+00:00,TP,207.07,209.2573763684296,204.335779539463,204.335779539463,46.58188064352871,1.0531827233468318,1.2499999999999967,1.117467709634197,0.1325322903657998,1.1768976856846902,106.49517002036788,11,58975514.92661
PRECISION_GATE_SCORE_LE54,TIAUSDT,LONG,2026-07-13T16:30:00+00:00,2026-07-13T16:45:00+00:00,2026-07-13T17:45:00+00:00,SL,0.4098,0.40161354391531096,0.42003307010586133,0.40161354391531096,29.31307010154815,1.0649517002036788,-1.0,-1.070081607238206,0.07008160723820611,-1.1395852269850126,105.35558479338286,4,25372132.9326
PRECISION_GATE_SCORE_LE54,LDOUSDT,LONG,2026-07-13T15:00:00+00:00,2026-07-13T15:15:00+00:00,2026-07-13T19:15:00+00:00,TP,0.3117,0.3055775464356751,0.3193530669554061,0.3193530669554061,27.029753119138384,1.0649517002036788,1.2500000000000022,1.1787246533738136,0.07127534662618851,1.2552848236824348,106.61086961706529,16,17748753.1905
PRECISION_GATE_SCORE_LE54,LDOUSDT,LONG,2026-07-14T00:00:00+00:00,2026-07-14T00:15:00+00:00,2026-07-14T05:15:00+00:00,TP,0.315,0.3089125831798532,0.3226092710251835,0.3226092710251835,40.31270609409083,1.066108696170653,1.25,1.1775554782875266,0.07244452171247334,1.2554021356257246,107.86627175269102,20,22490599.3851
PRECISION_GATE_SCORE_LE54,TIAUSDT,LONG,2026-07-15T23:00:00+00:00,2026-07-15T23:15:00+00:00,2026-07-16T04:00:00+00:00,SL,0.4166,0.41079409484918344,0.42385738143852075,0.41079409484918344,27.7450828958389,1.0786627175269101,-1.0,-1.100456343128163,0.10045634312816311,-1.1870212295983502,106.67925052309268,19,25039528.5851
PRECISION_GATE_SCORE_LE54,XRPUSDT,SHORT,2026-07-17T09:45:00+00:00,2026-07-17T10:00:00+00:00,2026-07-17T13:00:00+00:00,TP,1.0847,1.090050615756148,1.078011730304815,1.078011730304815,33.94312266065895,1.0667925052309268,1.2500000000000104,0.9661859364961789,0.2838140635038315,1.030719915713648,107.70997043880632,12,469149495.46954
PRECISION_GATE_SCORE_LE54,JUPUSDT,SHORT,2026-07-17T15:00:00+00:00,2026-07-17T15:15:00+00:00,2026-07-17T17:00:00+00:00,SL,0.1928,0.19704785127964344,0.1874901859004457,0.19704785127964344,48.558441980152246,1.0770997043880632,-1.0,-1.0635427142408471,0.06354271424084709,-1.1455415431128948,106.56442889569342,7,13759819.045100002
PRECISION_GATE_SCORE_LE54,FILUSDT,SHORT,2026-07-18T11:30:00+00:00,2026-07-18T11:45:00+00:00,2026-07-18T12:30:00+00:00,TP,0.7561,0.7583904285737296,0.7532369642828379,0.7532369642828379,51.14387634714962,1.0656442889569342,1.2500000000000122,0.7878419514404271,0.46215804855958514,0.8395592761531775,107.4039881718466,3,27939190.51326
PRECISION_GATE_SCORE_LE54,ORDIUSDT,LONG,2026-07-19T16:00:00+00:00,2026-07-19T16:15:00+00:00,2026-07-19T17:00:00+00:00,SL,3.658,3.6163100615513586,3.7101124230608016,3.6163100615513586,30.96108896399874,1.074039881718466,-1.0,-1.1228401909566,0.12284019095659998,-1.2059751458837664,106.19801302596284,3,10563087.9138
PRECISION_GATE_SCORE_LE54,INJUSDT,LONG,2026-07-20T04:15:00+00:00,2026-07-20T04:30:00+00:00,2026-07-20T05:15:00+00:00,SL,5.148,5.094184334574874,5.215269581781407,5.094184334574874,39.20450243360516,1.0619801302596283,-1.0,-1.1339238294846958,0.13392382948469594,-1.204204576140654,104.99380844982218,3,15448075.609
PRECISION_GATE_SCORE_LE54,ETHUSDT,LONG,2026-07-20T13:30:00+00:00,2026-07-20T13:45:00+00:00,2026-07-20T14:00:00+00:00,SL,1875.11,1861.0444588891783,1892.691926388527,1861.0444588891783,43.60984744347279,1.0499380844982218,-1.0,-1.1866372562076748,0.18663725620767468,-1.2458956477769116,103.74791280204528,1,7128267564.208891
PRECISION_GATE_SCORE_LE54,ARBUSDT,LONG,2026-07-21T06:30:00+00:00,2026-07-21T06:45:00+00:00,2026-07-21T07:15:00+00:00,TP,0.09044,0.0896825737066275,0.09138678286671564,0.09138678286671564,47.251888971867736,1.0374791280204527,1.2499999999999953,1.0828338993405764,0.16716610065941898,1.1234175696788478,104.87133037172413,2,25344042.206588
PRECISION_GATE_SCORE_LE54,ETHUSDT,LONG,2026-07-21T13:45:00+00:00,2026-07-21T14:00:00+00:00,2026-07-21T15:45:00+00:00,SL,1939.53,1922.9843631339102,1960.2120460826122,1922.9843631339102,48.59445882326833,1.0487133037172414,-1.0,-1.1641122685077827,0.16411226850778277,-1.2208200230045692,103.65051034871956,7,8181000578.77732
PRECISION_GATE_SCORE_LE54,TIAUSDT,SHORT,2026-07-23T07:00:00+00:00,2026-07-23T07:15:00+00:00,2026-07-23T11:15:00+00:00,TP,0.3596,0.36323074097756314,0.35506157377804604,0.35506157377804604,40.116979783788494,1.0365051034871957,1.2499999999999962,1.1113395989658545,0.13866040103414173,1.1519091660355216,104.80241951475509,16,16281086.2872
PRECISION_GATE_SCORE_LE54,NEARUSDT,SHORT,2026-07-22T17:15:00+00:00,2026-07-22T17:30:00+00:00,2026-07-23T17:30:00+00:00,TIMEOUT,1.879,1.9052297239390001,1.8462128450762498,1.89,28.118825377837712,1.0365051034871957,-0.41937155059586234,-0.5196623506865429,0.10029080009068052,-0.5386326785767546,104.26378683617833,96,127333905.989
PRECISION_GATE_SCORE_LE54,WLDUSDT,SHORT,2026-07-24T15:45:00+00:00,2026-07-24T16:00:00+00:00,2026-07-24T20:45:00+00:00,TP,0.3732,0.38077923373869743,0.36372595782662814,0.36372595782662814,45.35414006393704,1.0426378683617832,1.2500000000000018,1.1810642714009005,0.06893572859910134,1.2314223343316975,105.49520917051002,19,96488878.8784
PRECISION_GATE_SCORE_LE54,TAOUSDT,SHORT,2026-07-25T11:00:00+00:00,2026-07-25T11:15:00+00:00,2026-07-25T14:00:00+00:00,SL,189.94,191.01080518541374,188.60149351823281,191.01080518541374,29.310389423527113,1.0549520917051003,-1.0,-1.248332753354433,0.24833275335443317,-1.3169312492952463,104.17827792121477,11,49804918.896850005
PRECISION_GATE_SCORE_LE54,SUIUSDT,SHORT,2026-07-27T12:00:00+00:00,2026-07-27T12:15:00+00:00,2026-07-27T12:45:00+00:00,TP,0.7152,0.7206849376685263,0.708343827914342,0.708343827914342,30.734136134023558,1.0417827792121477,1.250000000000005,1.0674491561234105,0.18255084387659465,1.1120501485339083,105.29032806974868,2,85133555.12642
PRECISION_GATE_SCORE_LE54,WLDUSDT,SHORT,2026-07-28T15:00:00+00:00,2026-07-28T15:15:00+00:00,2026-07-28T16:00:00+00:00,SL,0.3186,0.3249620583825786,0.3106474270217768,0.3249620583825786,53.039154493041266,1.0529032806974867,-1.0,-1.0701093849156438,0.07010938491564377,-1.126721682082851,104.16360638766584,3,107878359.9832
PRECISION_GATE_SCORE_LE54,AAVEUSDT,LONG,2026-07-28T23:30:00+00:00,2026-07-28T23:45:00+00:00,2026-07-29T03:15:00+00:00,SL,100.67,99.32580422397129,102.35024472003589,99.32580422397129,38.04603076672942,1.0416360638766584,-1.0,-1.1048493102815624,0.10484931028156237,-1.1508508867385276,103.01275550092731,14,84287889.989
PRECISION_GATE_SCORE_LE54,SUIUSDT,SHORT,2026-07-29T08:15:00+00:00,2026-07-29T08:30:00+00:00,2026-07-29T09:45:00+00:00,SL,0.6851,0.6900823886269045,0.6788720142163694,0.6900823886269045,49.275018824151005,1.0301275550092732,-1.0,-1.1925060592063663,0.19250605920636643,-1.2284333511039978,101.78432214982331,5,90729601.62414
PRECISION_GATE_SCORE_LE54,DOTUSDT,SHORT,2026-07-29T16:30:00+00:00,2026-07-29T16:45:00+00:00,2026-07-29T18:15:00+00:00,SL,0.7586,0.7671738653588339,0.7478826683014577,0.7671738653588339,49.40634742488192,1.0178432214982331,-1.0,-1.1238694515893877,0.12386945158938775,-1.1439229031491949,100.64039924667412,6,29835662.62929
PRECISION_GATE_SCORE_LE54,SUIUSDT,SHORT,2026-07-31T11:30:00+00:00,2026-07-31T11:45:00+00:00,2026-07-31T14:15:00+00:00,TP,0.6875,0.692769115475426,0.6809136056557176,0.6809136056557176,36.53445378531452,1.0064039924667412,1.2499999999999947,1.0673317695372357,0.1826682304627589,1.0741669541488656,101.71456620082299,10,84302906.27854
PRECISION_GATE_SCORE_LE54,WLDUSDT,SHORT,2026-07-31T13:30:00+00:00,2026-07-31T13:45:00+00:00,2026-07-31T14:15:00+00:00,TP,0.3056,0.3092405395362261,0.3010493255797173,0.3010493255797173,35.27985027281553,1.0064039924667412,1.2500000000000075,1.1324789579284495,0.11752104207155806,1.1397313446437662,102.85429754546675,2,78893734.5237
PRECISION_GATE_SCORE_LE54,ARBUSDT,SHORT,2026-07-31T13:30:00+00:00,2026-07-31T13:45:00+00:00,2026-07-31T14:30:00+00:00,SL,0.07625,0.07684386175891852,0.07550767280135184,0.07684386175891852,49.39484428943574,1.0064039924667412,-1.0,-1.1797556390807198,0.1797556390807197,-1.187310785305988,101.66698676016077,3,18980318.300892998
PRECISION_GATE_SCORE_LE54,TIAUSDT,SHORT,2026-07-31T19:00:00+00:00,2026-07-31T19:15:00+00:00,2026-08-01T01:15:00+00:00,SL,0.32,0.32308041895767375,0.3161494763029078,0.32308041895767375,40.16593254323116,1.0166698676016077,-1.0,-1.145434762659141,0.14543476265914101,-1.164529008498948,100.50245775166182,24,12091411.3394
PRECISION_GATE_SCORE_LE54,SUIUSDT,SHORT,2026-07-31T20:45:00+00:00,2026-07-31T21:00:00+00:00,2026-08-01T01:30:00+00:00,SL,0.6803,0.685245673900005,0.6741179076249938,0.685245673900005,32.25483587772977,1.0166698676016077,-1.0,-1.1925763847873263,0.19257638478732642,-1.212456475226535,99.29000127643529,18,80692682.41455999
PRECISION_GATE_SCORE_LE54,WLDUSDT,SHORT,2026-07-31T15:45:00+00:00,2026-07-31T16:00:00+00:00,2026-08-01T05:15:00+00:00,SL,0.3039,0.3093412854320187,0.2970983932099766,0.3093412854320187,32.484767925018566,1.0166698676016077,-1.0,-1.0781910828453185,0.07819108284531848,-1.096164385445584,98.1938368909897,53,85369875.0011
PRECISION_GATE_SCORE_LE54,1000PEPEUSDT,LONG,2026-08-02T14:15:00+00:00,2026-08-02T14:30:00+00:00,2026-08-02T14:45:00+00:00,TP,0.002906,0.00287697461811658,0.0029422817273542755,0.0029422817273542755,51.18888112858006,0.981938368909897,1.2500000000000075,1.1098330242013548,0.14016697579865287,1.0897876295466167,99.28362452053632,1,152633709.95541272
PRECISION_GATE_SCORE_LE54,TAOUSDT,SHORT,2026-08-02T15:30:00+00:00,2026-08-02T15:45:00+00:00,2026-08-02T16:15:00+00:00,TP,192.79,193.6857347529569,191.67033155880384,191.67033155880384,22.85017190510437,0.9928362452053633,1.2500000000000158,0.948676422781411,0.3013235772186048,0.9418803375091518,100.22550485804547,2,38530571.48805
PRECISION_GATE_SCORE_LE54,1000PEPEUSDT,LONG,2026-08-02T16:15:00+00:00,2026-08-02T16:30:00+00:00,2026-08-03T01:15:00+00:00,SL,0.0029046,0.0028753289596722678,0.0029411888004096647,0.0028753289596722678,52.99241688675765,1.0022550485804547,-1.0,-1.1389236581436897,0.13892365814368973,-1.1414919863222328,99.08401287172323,35,156875954.81513208
PRECISION_GATE_SCORE_LE54,LTCUSDT,SHORT,2026-08-03T15:45:00+00:00,2026-08-03T16:00:00+00:00,2026-08-04T16:00:00+00:00,TIMEOUT,44.24,44.56672381424009,43.83159523219989,44.34,32.36212294173988,0.9908401287172324,-0.3060689048105853,-0.4956357416940667,0.18956683688348142,-0.49109578209701,98.59291708962623,96,30549112.762050003
PRECISION_GATE_SCORE_LE54,WLDUSDT,SHORT,2026-08-06T01:15:00+00:00,2026-08-06T01:30:00+00:00,2026-08-06T06:15:00+00:00,TP,0.3157,0.32056876845291155,0.3096140394338605,0.3096140394338605,34.13763665338981,0.9859291708962623,1.2500000000000029,1.1592213966889968,0.09077860331100614,1.1429101905227899,99.73582728014901,19,75454440.94100001
PRECISION_GATE_SCORE_LE54,LDOUSDT,SHORT,2026-08-06T10:30:00+00:00,2026-08-06T10:45:00+00:00,2026-08-06T11:30:00+00:00,SL,0.2928,0.2969061037014734,0.28766737037315826,0.2969061037014734,24.533451356681972,0.9973582728014901,-1.0,-1.099831867337619,0.09983186733761912,-1.0969264115798854,98.63890086856912,3,25755509.9836
PRECISION_GATE_SCORE_LE54,LDOUSDT,SHORT,2026-08-06T16:00:00+00:00,2026-08-06T16:15:00+00:00,2026-08-06T17:45:00+00:00,TP,0.2941,0.2980189685639371,0.28920128929507855,0.28920128929507855,25.516809608456537,0.9863890086856912,1.25,1.1449366412915671,0.10506335870843286,1.1293529186115139,99.76825378718064,6,21520977.665
PRECISION_GATE_SCORE_LE54,WLDUSDT,SHORT,2026-08-07T00:45:00+00:00,2026-08-07T01:00:00+00:00,2026-08-07T04:00:00+00:00,TP,0.3019,0.3047087350158084,0.2983890812302395,0.2983890812302395,53.427370604379654,0.9976825378718064,1.2499999999999951,1.0995194464336597,0.15048055356633527,1.0969713517573374,100.86522513893797,12,89139101.09099999
PRECISION_GATE_SCORE_LE54,ARBUSDT,SHORT,2026-08-07T08:00:00+00:00,2026-08-07T08:15:00+00:00,2026-08-07T11:30:00+00:00,SL,0.07775,0.07829606804757182,0.07706741494053522,0.07829606804757182,47.600198646602685,1.0086522513893796,-1.0,-1.1993341314951855,0.19933413149518545,-1.2097110719007451,99.65551406703723,13,22739038.945298
PRECISION_GATE_SCORE_LE54,TIAUSDT,SHORT,2026-08-07T12:00:00+00:00,2026-08-07T12:15:00+00:00,2026-08-07T12:45:00+00:00,TP,0.3294,0.33109567853280936,0.3272804018339884,0.3272804018339884,31.629406453088478,0.9965551406703723,1.2499999999999918,0.9780380737992932,0.2719619262006986,0.9746688702160347,100.63018293725327,2,12916704.7688
PRECISION_GATE_SCORE_LE54,LINKUSDT,LONG,2026-08-09T00:45:00+00:00,2026-08-09T01:00:00+00:00,2026-08-09T03:00:00+00:00,SL,8.32,8.286904649170696,8.361369188536631,8.286904649170696,53.056247683531055,1.0063018293725328,-1.0,-1.3519527579591684,0.3519527579591683,-1.3604725335595522,99.26971040369371,8,49307577.90174
PRECISION_GATE_SCORE_LE54,FILUSDT,SHORT,2026-08-10T08:30:00+00:00,2026-08-10T08:45:00+00:00,2026-08-10T11:15:00+00:00,TP,0.7036,0.709531968378418,0.6961850395269775,0.6961850395269775,33.23562492530671,0.9926971040369371,1.2499999999999907,1.0839438214836283,0.16605617851636223,1.0760278925255287,100.34573829621924,10,23310908.411350004
PRECISION_GATE_SCORE_LE54,XRPUSDT,SHORT,2026-08-10T08:30:00+00:00,2026-08-10T08:45:00+00:00,2026-08-10T14:00:00+00:00,TP,1.0327,1.0402446889077288,1.023269138865339,1.023269138865339,32.97720871714291,0.9926971040369371,1.2499999999999853,1.0583711578195043,0.19162884218048112,1.050641983363642,101.39638027958289,21,330943087.5377
PRECISION_GATE_SCORE_LE54,TIAUSDT,SHORT,2026-08-10T18:15:00+00:00,2026-08-10T18:30:00+00:00,2026-08-10T21:30:00+00:00,TP,0.3262,0.3289232667254927,0.3227959165931341,0.3227959165931341,29.389729962995432,1.0139638027958289,1.2499999999999898,1.0823043439979607,0.1676956560020291,1.0974174284226172,102.4937977080055,12,12655155.0572
PRECISION_GATE_SCORE_LE54,DOTUSDT,SHORT,2026-08-10T23:15:00+00:00,2026-08-10T23:30:00+00:00,2026-08-11T02:00:00+00:00,SL,0.8051,0.8125257335448933,0.7958178330688834,0.8125257335448933,34.46501873993886,1.024937977080055,-1.0,-1.1517883712344001,0.1517883712344001,-1.1805116432373175,101.31328606476818,10,29186568.92465
PRECISION_GATE_SCORE_LE54,TIAUSDT,SHORT,2026-08-11T08:00:00+00:00,2026-08-11T08:15:00+00:00,2026-08-11T15:00:00+00:00,TP,0.3169,0.3196675601336335,0.31344054983295816,0.31344054983295816,37.120337231053085,1.0131328606476817,1.249999999999995,1.089692733462836,0.16030726653715896,1.1040035162801947,102.41728958104838,27,12758919.6922
PRECISION_GATE_SCORE_LE54,DOTUSDT,SHORT,2026-08-13T08:00:00+00:00,2026-08-13T08:15:00+00:00,2026-08-13T12:15:00+00:00,TP,0.7733,0.776989278547032,0.7686884018162099,0.7686884018162099,28.495627880867637,1.0241728958104839,1.2500000000000075,0.9565496719213793,0.2934503280786283,0.9796722474782873,103.39696182852667,16,20783347.402030002
PRECISION_GATE_SCORE_LE54,LTCUSDT,SHORT,2026-08-14T00:00:00+00:00,2026-08-14T00:15:00+00:00,2026-08-14T03:30:00+00:00,SL,44.75,44.87409578213224,44.594880272334706,44.87409578213224,31.753208898790636,1.0339696182852667,-1.0,-1.50485196937024,0.50485196937024,-1.555971216345579,101.84099061218109,13,22252312.985749997
PRECISION_GATE_SCORE_LE54,AAVEUSDT,SHORT,2026-08-14T18:45:00+00:00,2026-08-14T19:00:00+00:00,2026-08-15T04:15:00+00:00,SL,86.2,87.03390287777485,85.15762140278144,87.03390287777485,49.63169466869494,1.0184099061218108,-1.0,-1.1447170926211667,0.14471709262116675,-1.1657912268323547,100.67519938534873,37,40881999.619
PRECISION_GATE_SCORE_LE54,AAVEUSDT,SHORT,2026-08-16T05:00:00+00:00,2026-08-16T05:15:00+00:00,2026-08-16T10:45:00+00:00,TP,86.16,86.56158542701108,85.65801821623614,85.65801821623614,33.12966321159392,1.0067519938534875,1.2499999999999911,0.9496305346591325,0.3003694653408586,0.956042434192235,101.63124181954097,22,21560879.485
PRECISION_GATE_SCORE_LE54,FILUSDT,SHORT,2026-08-17T07:00:00+00:00,2026-08-17T07:15:00+00:00,2026-08-17T13:45:00+00:00,SL,0.6668,0.6722192337448353,0.6600259578189558,0.6722192337448353,47.964025187687405,1.0163124181954097,-1.0,-1.1722605157767312,0.17226051577673118,-1.191382919544048,100.43985889999692,26,32010024.12229
PRECISION_GATE_SCORE_LE54,ETHUSDT,LONG,2026-08-17T23:00:00+00:00,2026-08-17T23:15:00+00:00,2026-08-17T23:45:00+00:00,TP,1907.21,1900.461526121893,1915.6455923476337,1915.6455923476337,30.741655280906873,1.0043985889999691,1.2499999999999916,0.854341063145815,0.3956589368541766,0.8580989583483901,101.29795785834531,2,4876628366.97928
PRECISION_GATE_SCORE_LE54,SUIUSDT,SHORT,2026-08-18T00:15:00+00:00,2026-08-18T00:30:00+00:00,2026-08-18T02:00:00+00:00,TP,0.6741,0.6779506686296276,0.6692866642129656,0.6692866642129656,44.85739638185046,1.0129795785834532,1.25,1.0049152911422357,0.24508470885776426,1.0179586681333301,102.31591652647865,6,69059024.48651001
PRECISION_GATE_SCORE_LE54,ETHUSDT,LONG,2026-08-19T01:00:00+00:00,2026-08-19T01:15:00+00:00,2026-08-19T02:30:00+00:00,SL,1915.58,1908.6615945218514,1924.2280068476857,1908.6615945218514,28.432263280342184,1.0231591652647865,-1.0,-1.387634406290637,0.38763440629063683,-1.4197708608330257,100.89614566564562,5,4567447244.418941
PRECISION_GATE_SCORE_LE54,ZROUSDT,LONG,2026-08-23T05:15:00+00:00,2026-08-23T05:30:00+00:00,2026-08-23T09:00:00+00:00,TP,1.1661,1.098646866785164,1.2504164165185447,1.2504164165185447,28.44856021403171,1.0089614566564562,1.2500000000000009,1.2257974178189712,0.02420258218102958,1.2367823482483518,102.13292801389397,14,71278114.00083
PRECISION_GATE_SCORE_LE54,ZROUSDT,LONG,2026-08-23T12:45:00+00:00,2026-08-23T13:00:00+00:00,2026-08-24T00:45:00+00:00,SL,1.2305,1.1589963485080395,1.3198795643649506,1.1589963485080395,37.55890202640521,1.0213292801389398,-1.0,-1.024092475895356,0.024092475895356083,-1.0459356312019086,101.08699238269206,47,157442188.7008
PRECISION_GATE_SCORE_LE54,TAOUSDT,LONG,2026-08-25T00:45:00+00:00,2026-08-25T01:00:00+00:00,2026-08-25T08:00:00+00:00,SL,241.56,237.01080671589818,247.2464916051273,237.01080671589818,40.934320967506956,1.0108699238269205,-1.0,-1.0743393342247867,0.07433933422478667,-1.0860173209520747,100.00097506173998,28,162634419.42602
PRECISION_GATE_SCORE_LE54,ZROUSDT,LONG,2026-08-26T06:45:00+00:00,2026-08-26T07:00:00+00:00,2026-08-26T09:45:00+00:00,SL,1.2097,1.172269688581098,1.2564878892736275,1.172269688581098,30.895378176447284,1.0000097506173997,-1.0,-1.045246217191363,0.045246217191363056,-1.0452564089873153,98.95571865275267,11,186756521.13067
PRECISION_GATE_SCORE_LE54,ETHUSDT,LONG,2026-08-27T05:45:00+00:00,2026-08-27T06:00:00+00:00,2026-08-27T08:15:00+00:00,TP,2495.52,2475.2365117396585,2520.874360325427,2520.874360325427,30.643296008602395,0.9895571865275267,1.2500000000000056,1.0777550707670507,0.17224492923295498,1.066500275594018,100.02221892834669,9,8409811309.89421
PRECISION_GATE_SCORE_LE54,WLDUSDT,LONG,2026-08-27T22:00:00+00:00,2026-08-27T22:15:00+00:00,2026-08-28T01:45:00+00:00,TP,0.415,0.4057878768435717,0.42651515394553535,0.42651515394553535,48.39892261701612,1.0002221892834668,1.250000000000003,1.1869309343639696,0.0630690656360336,1.1871946576978005,101.20941358604449,14,165193468.2208
PRECISION_GATE_SCORE_LE54,LDOUSDT,LONG,2026-08-28T00:15:00+00:00,2026-08-28T00:30:00+00:00,2026-08-28T02:15:00+00:00,SL,0.3685,0.3633565131159801,0.37492935860502485,0.3633565131159801,26.035263840483054,1.0002221892834668,-1.0,-1.100301606990159,0.10030160699015893,-1.1005460822158135,100.10886750382868,7,15944234.736899998
PRECISION_GATE_SCORE_LE54,XRPUSDT,LONG,2026-08-27T19:45:00+00:00,2026-08-27T20:00:00+00:00,2026-08-28T02:30:00+00:00,SL,1.4566,1.4304393798325559,1.4893007752093048,1.4304393798325559,31.71802645052988,1.0002221892834668,-1.0,-1.0779507514327875,0.07795075143278761,-1.0781902605378608,99.03067724329081,26,1583468227.23512
PRECISION_GATE_SCORE_LE54,FILUSDT,SHORT,2026-08-29T06:00:00+00:00,2026-08-29T06:15:00+00:00,2026-08-29T09:00:00+00:00,TP,0.6839,0.6892422197984137,0.6772222252519827,0.6772222252519827,47.5475718088003,0.9903067724329081,1.250000000000005,1.070774877086812,0.1792251229131931,1.0603956125300846,100.0910728558209,11,56238782.26253
PRECISION_GATE_SCORE_LE54,NEARUSDT,LONG,2026-08-30T16:00:00+00:00,2026-08-30T16:15:00+00:00,2026-08-30T19:00:00+00:00,TP,1.885,1.8602559779605434,1.9159300275493207,1.9159300275493207,26.97718278660261,1.000910728558209,1.25,1.1433479773097568,0.10665202269024315,1.1443892569646634,101.23546211278556,11,70862636.223
PRECISION_GATE_SCORE_LE54,ETHUSDT,LONG,2026-09-01T00:00:00+00:00,2026-09-01T00:15:00+00:00,2026-09-01T01:30:00+00:00,SL,2471.18,2455.812684376175,2490.3891445297804,2455.812684376175,33.16981201750387,1.0123546211278556,-1.0,-1.2251305357870272,0.2251305357870273,-1.2402665593888427,99.99519555339671,5,7589175554.80467
PRECISION_GATE_SCORE_LE54,TIAUSDT,LONG,2026-09-03T02:30:00+00:00,2026-09-03T02:45:00+00:00,2026-09-03T06:30:00+00:00,TP,0.3552,0.34835741269602394,0.3637532341299701,0.3637532341299701,27.644610134300372,0.9999519555339671,1.250000000000002,1.1773257354405946,0.07267426455940745,1.1772691714542887,101.172464724851,15,20392001.7027
PRECISION_GATE_SCORE_LE54,ETHUSDT,LONG,2026-09-04T06:00:00+00:00,2026-09-04T06:15:00+00:00,2026-09-04T09:30:00+00:00,TP,2513.83,2495.5079264695414,2536.732591913073,2536.732591913073,32.414267739735436,1.01172464724851,1.25,1.0579168280735567,0.1920831719264434,1.0703205297009817,102.24278525455198,13,11019096840.5942
PRECISION_GATE_SCORE_LE54,TIAUSDT,LONG,2026-09-05T08:45:00+00:00,2026-09-05T09:00:00+00:00,2026-09-05T11:30:00+00:00,SL,0.3646,0.36083532289266157,0.36930584638417296,0.36083532289266157,43.998354854378505,1.0224278525455197,-1.0,-1.1355866613381025,0.13558666133810238,-1.1610554315312525,101.08172982302072,10,20402592.2011
PRECISION_GATE_SCORE_LE54,ARBUSDT,LONG,2026-09-05T16:00:00+00:00,2026-09-05T16:15:00+00:00,2026-09-05T17:15:00+00:00,TP,0.13396,0.1308098676641893,0.13789766541976334,0.13789766541976334,40.56198030135879,1.0108172982302073,1.2499999999999956,1.190464723380661,0.05953527661933467,1.2033423353260106,102.28507215834674,4,92409844.114299
PRECISION_GATE_SCORE_LE54,WLDUSDT,LONG,2026-09-05T16:45:00+00:00,2026-09-05T17:00:00+00:00,2026-09-05T18:45:00+00:00,SL,0.3987,0.393546386568521,0.4051420167893488,0.393546386568521,47.00682363703461,1.0228507215834675,-1.0,-1.108308472767972,0.10830847276797195,-1.133634121107791,101.15143803723895,7,97454543.7477
PRECISION_GATE_SCORE_LE54,ZROUSDT,LONG,2026-09-06T15:00:00+00:00,2026-09-06T15:15:00+00:00,2026-09-07T08:45:00+00:00,TP,1.1001,1.0655747616765279,1.1432565479043404,1.1432565479043404,32.521818085686014,1.0115143803723894,1.2500000000000016,1.2053908944647929,0.044609105535208596,1.219270223721075,102.37070826096001,70,21557015.05458
PRECISION_GATE_SCORE_LE54,FILUSDT,LONG,2026-09-08T05:00:00+00:00,2026-09-08T05:15:00+00:00,2026-09-08T15:15:00+00:00,TP,0.8472,0.8295496574820908,0.8692629281473865,0.8692629281473865,51.15021141544652,1.0237070826096002,1.2500000000000016,1.1828013040655445,0.06719869593445707,1.2108420722917692,103.58155033325178,40,154145959.41979998
PRECISION_GATE_SCORE_LE54,TAOUSDT,LONG,2026-09-09T10:30:00+00:00,2026-09-09T10:45:00+00:00,2026-09-09T12:00:00+00:00,TP,260.5,255.57084004420437,266.6614499447445,266.6614499447445,37.874130622194976,1.0358155033325178,1.2499999999999942,1.1760117335873388,0.0739882664126555,1.2181311857507162,104.7996815190025,5,183978892.61923
PRECISION_GATE_SCORE_LE54,ETHUSDT,LONG,2026-09-09T11:45:00+00:00,2026-09-09T12:00:00+00:00,2026-09-09T15:15:00+00:00,SL,2499.86,2480.57718591139,2523.9635176107627,2480.57718591139,40.802878081636194,1.047996815190025,-1.0,-1.1814986123870417,0.1814986123870416,-1.2382067829330534,103.56147473606946,13,8658510131.245699
PRECISION_GATE_SCORE_LE54,XRPUSDT,LONG,2026-09-09T11:45:00+00:00,2026-09-09T12:00:00+00:00,2026-09-09T15:15:00+00:00,SL,1.4265,1.4128920904549667,1.443509886931292,1.4128920904549667,33.90999026176187,1.047996815190025,-1.0,-1.1467602348024788,0.14676023480247882,-1.201801073859563,102.3596736622099,13,1084385701.49955
PRECISION_GATE_SCORE_LE54,JUPUSDT,LONG,2026-09-12T07:00:00+00:00,2026-09-12T07:15:00+00:00,2026-09-12T22:45:00+00:00,SL,0.246,0.24166816346661332,0.25141479566673336,0.24166816346661332,33.93065209748647,1.023596736622099,-1.0,-1.0795043851137072,0.0795043851137071,-1.1049771657716363,101.25469649643827,62,42284349.2002
PRECISION_GATE_SCORE_LE54,INJUSDT,LONG,2026-09-13T00:00:00+00:00,2026-09-13T00:15:00+00:00,2026-09-13T00:30:00+00:00,TP,6.029,5.939274807460915,6.141156490673856,6.141156490673856,46.76309625330742,1.0125469649643828,1.25,1.155928315547239,0.09407168445276096,1.1704317076237483,102.42512820406202,1,32220106.2098
PRECISION_GATE_SCORE_LE54,SUIUSDT,SHORT,2026-09-16T00:00:00+00:00,2026-09-16T00:15:00+00:00,2026-09-16T04:30:00+00:00,SL,0.6851,0.6939333355439914,0.6740583305700109,0.6939333355439914,38.359601067172036,1.0242512820406202,-1.0,-1.1085818596184123,0.10858185961841225,-1.1354663909611336,101.28966181310089,17,286114532.1368
PRECISION_GATE_SCORE_LE54,SANDUSDT,SHORT,2026-09-16T12:00:00+00:00,2026-09-16T12:15:00+00:00,2026-09-16T16:00:00+00:00,TP,0.03315,0.03350427306484133,0.03270715866894834,0.03270715866894834,51.15570233423985,1.0128966181310088,1.2499999999999902,1.1189993550009525,0.1310006449990377,1.133430662371245,102.42309247547213,15,11900246.31707
PRECISION_GATE_SCORE_LE54,TIAUSDT,LONG,2026-09-18T19:00:00+00:00,2026-09-18T19:15:00+00:00,2026-09-19T04:00:00+00:00,TP,0.4031,0.39496603624164073,0.4132674546979491,0.4132674546979491,50.60564955499842,1.0242309247547214,1.25,1.180619312211709,0.06938068778829104,1.209226809929882,103.63231928540202,35,51242535.6745
PRECISION_GATE_SCORE_LE54,DOTUSDT,LONG,2026-09-21T00:00:00+00:00,2026-09-21T00:15:00+00:00,2026-09-21T08:45:00+00:00,TP,1.1422,1.1214820613108134,1.1680974233614836,1.1680974233614836,38.337713252112735,1.0363231928540202,1.2500000000000053,1.1728166458068294,0.07718335419317594,1.215417091014876,104.84773637641689,34,71553851.66904
PRECISION_GATE_SCORE_LE54,WLDUSDT,LONG,2026-09-21T02:45:00+00:00,2026-09-21T03:00:00+00:00,2026-09-21T09:30:00+00:00,TP,0.4392,0.42668182206802774,0.4548477224149653,0.4548477224149653,46.07149171006693,1.0363231928540202,1.250000000000001,1.2008810305028863,0.049118969497114785,1.244500863768577,106.09223724018547,26,194872780.8866
PRECISION_GATE_SCORE_LE54,AAVEUSDT,LONG,2026-09-24T22:30:00+00:00,2026-09-24T22:45:00+00:00,2026-09-24T23:45:00+00:00,TP,144.85,142.6332441884519,147.6209447644351,147.6209447644351,37.10570692663208,1.0609223724018546,1.249999999999997,1.1585194684305864,0.09148053156941055,1.2290992229211133,107.32133646310658,4,136527880.78399998
PRECISION_GATE_SCORE_LE54,SANDUSDT,LONG,2026-09-24T23:45:00+00:00,2026-09-25T00:00:00+00:00,2026-09-25T00:15:00+00:00,TP,0.04265,0.04219372214766989,0.04322034731541263,0.04322034731541263,29.853035290577772,1.0732133646310658,1.2499999999999962,1.1191367558274496,0.13086324417254663,1.2010725232038728,108.52240898631045,1,13724762.29524
PRECISION_GATE_SCORE_LE54,DOTUSDT,LONG,2026-09-25T00:00:00+00:00,2026-09-25T00:15:00+00:00,2026-09-25T01:45:00+00:00,SL,1.1614,1.1483956948118401,1.1776553814851998,1.1483956948118401,32.007298958839755,1.0852240898631045,-1.0,-1.1250324393709554,0.12503243937095543,-1.2209123050828135,107.30149668122763,6,77925378.9056
PRECISION_GATE_SCORE_LE54,FILUSDT,LONG,2026-09-25T00:00:00+00:00,2026-09-25T00:15:00+00:00,2026-09-25T01:45:00+00:00,SL,0.9976,0.9837089278744765,1.0149638401569046,0.9837089278744765,27.69626459871512,1.0852240898631045,-1.0,-1.1005422754543046,0.10054227545430458,-1.1943349892357678,106.10716169199186,6,136897774.63749
PRECISION_GATE_SCORE_LE54,TIAUSDT,LONG,2026-09-25T00:00:00+00:00,2026-09-25T00:15:00+00:00,2026-09-25T02:45:00+00:00,SL,0.4909,0.48176611743940095,0.5023173532007488,0.48176611743940095,37.36898519344349,1.0852240898631045,-1.0,-1.0752429205696865,0.07524292056968661,-1.1668795198569843,104.94028217213487,10,61125327.2958
PRECISION_GATE_SCORE_LE54,ARBUSDT,LONG,2026-09-25T22:00:00+00:00,2026-09-25T22:15:00+00:00,2026-09-25T23:00:00+00:00,TP,0.22327,0.21852485216297027,0.22920143479628716,0.22920143479628716,28.625364924063778,1.0494028217213487,1.25,1.1841268152783915,0.06587318472160843,1.2426260212290583,106.18290819336393,3,167389536.850086
PRECISION_GATE_SCORE_LE54,SANDUSDT,LONG,2026-09-25T22:00:00+00:00,2026-09-25T22:15:00+00:00,2026-09-26T05:45:00+00:00,SL,0.04521,0.04464186372943544,0.0459201703382057,0.04464186372943544,32.30051668472399,1.0494028217213487,-1.0,-1.1114063707587343,0.11140637075873423,-1.166312981553299,105.01659521181062,30,22676103.95555
PRECISION_GATE_SCORE_LE54,ORDIUSDT,LONG,2026-09-26T13:45:00+00:00,2026-09-26T14:00:00+00:00,2026-09-26T15:15:00+00:00,TP,4.801,4.72507001374817,4.895912482814787,4.895912482814787,41.3887136835245,1.0501659521181064,1.2499999999999971,1.1614789777821377,0.0885210222178595,1.2197456765677435,106.23634088837836,5,11772619.3752
PRECISION_GATE_SCORE_LE54,AAVEUSDT,LONG,2026-09-27T04:00:00+00:00,2026-09-27T04:15:00+00:00,2026-09-27T04:45:00+00:00,SL,155.64,154.02157193924063,157.66303507594918,154.02157193924063,28.13762937460747,1.0623634088837837,-1.0,-1.1346343438322273,0.13463434383222725,-1.20539400935022,105.03094687902815,2,122061748.51
PRECISION_GATE_SCORE_LE54,STRKUSDT,LONG,2026-09-27T11:30:00+00:00,2026-09-27T11:45:00+00:00,2026-09-27T13:15:00+00:00,SL,0.04096,0.040434385611615054,0.04161701798548119,0.040434385611615054,49.303619425155404,1.0503094687902814,-1.0,-1.1090989920884784,0.1090989920884783,-1.1648971732162863,103.86604970581186,6,18189577.070264
PRECISION_GATE_SCORE_LE54,LDOUSDT,LONG,2026-09-30T02:45:00+00:00,2026-09-30T03:00:00+00:00,2026-09-30T07:00:00+00:00,SL,0.4735,0.46366918521796013,0.4857885184775498,0.46366918521796013,28.652617334239398,1.0386604970581186,-1.0,-1.0674308299665118,0.06743082996651185,-1.1086982364281772,102.75735146938368,16,35233553.8748
PRECISION_GATE_SCORE_LE54,QNTUSDT,LONG,2026-09-30T10:00:00+00:00,2026-09-30T10:15:00+00:00,2026-09-30T11:30:00+00:00,TP,289.83,272.9403283534676,310.9420895581655,310.9420895581655,40.6829539313149,1.0275735146938367,1.25,1.2259757318856281,0.02402426811437192,1.2597801917430638,104.01713166112674,5,1399976675.469
PRECISION_GATE_SCORE_LE54,NEARUSDT,LONG,2026-09-30T22:15:00+00:00,2026-09-30T22:30:00+00:00,2026-10-01T02:30:00+00:00,SL,5.372,5.180120037429054,5.6118499532136825,5.180120037429054,50.306163416527916,1.0401713166112674,-1.0,-1.0391953380604775,0.039195338060477564,-1.080941183006658,102.93619047812008,16,928844670.601
PRECISION_GATE_SCORE_LE54,WLDUSDT,LONG,2026-10-01T00:00:00+00:00,2026-10-01T00:15:00+00:00,2026-10-01T08:00:00+00:00,SL,0.5373,0.5224778617471486,0.5558276728160643,0.5224778617471486,41.05954849730753,1.0401713166112674,-1.0,-1.050749762764849,0.050749762764848896,-1.0929597641640898,101.84323071395599,31,404558865.9561
PRECISION_GATE_SCORE_LE54,ETHUSDT,LONG,2026-10-01T13:30:00+00:00,2026-10-01T13:45:00+00:00,2026-10-01T15:45:00+00:00,SL,2697.28,2676.114681926848,2723.7366475914405,2676.114681926848,49.3866721257576,1.01843230713956,-1.0,-1.1784141389677487,0.17841413896774866,-1.2001350303148024,100.64309568364119,8,8416236970.8744
PRECISION_GATE_SCORE_LE54,ZROUSDT,LONG,2026-10-04T07:00:00+00:00,2026-10-04T07:15:00+00:00,2026-10-04T10:30:00+00:00,SL,2.0457,1.987976850382452,2.1178539370219354,1.987976850382452,47.05561661112933,1.006430956836412,-1.0,-1.0496157957245171,0.049615795724517034,-1.0563658296016378,99.58672985403956,13,140714069.52921
PRECISION_GATE_SCORE_LE54,ETHUSDT,LONG,2026-10-04T12:15:00+00:00,2026-10-04T12:30:00+00:00,2026-10-04T13:00:00+00:00,SL,2700.92,2695.3137992517695,2707.9277509352883,2695.3137992517695,33.835707073105866,0.9958672985403957,-1.0,-1.674483160666957,0.6744831606669571,-1.6675630216647859,97.91916683237477,2,2219675173.56764
PRECISION_GATE_SCORE_LE54,LINKUSDT,LONG,2026-10-05T02:00:00+00:00,2026-10-05T02:15:00+00:00,2026-10-05T03:30:00+00:00,SL,14.227,14.101791089459466,14.383511138175669,14.101791089459466,29.779742673444332,0.9791916683237477,-1.0,-1.1590765378758883,0.1590765378758882,-1.1349580888376045,96.78420874353716,5,89985832.50702001
PRECISION_GATE_SCORE_LE54,NEARUSDT,LONG,2026-10-05T02:00:00+00:00,2026-10-05T02:15:00+00:00,2026-10-05T04:00:00+00:00,SL,4.937,4.828642334084938,5.072447082393828,4.828642334084938,40.257771408251905,0.9791916683237477,-1.0,-1.0637869036918708,0.06378690369187079,-1.0416512729669969,95.74255747057016,7,412992083.54999995
PRECISION_GATE_SCORE_LE54,INJUSDT,LONG,2026-10-05T07:00:00+00:00,2026-10-05T07:15:00+00:00,2026-10-05T09:30:00+00:00,SL,7.629,7.503142357255731,7.786322053430335,7.503142357255731,32.12231840729723,0.9574255747057017,-1.0,-1.0848625460251313,0.08486254602513124,-1.038675146604802,94.70388232396536,9,36220752.7037
PRECISION_GATE_SCORE_LE54,ETHUSDT,LONG,2026-10-05T13:00:00+00:00,2026-10-05T13:15:00+00:00,2026-10-05T14:45:00+00:00,SL,2718.59,2703.157237724267,2737.880952844667,2703.157237724267,40.827365644955485,0.9470388232396536,-1.0,-1.2466198812629068,0.24661988126290688,-1.18059742537838,93.52328489858698,6,6063885266.175
PRECISION_GATE_SCORE_LE54,NEARUSDT,LONG,2026-10-08T04:15:00+00:00,2026-10-08T04:30:00+00:00,2026-10-08T07:15:00+00:00,TP,5.402,5.223204180168472,5.62549477478941,5.62549477478941,39.22077768161476,0.9352328489858698,1.25,1.2077014719520505,0.042298528047949424,1.1294820883381447,94.65276698692513,11,947152143.044
PRECISION_GATE_SCORE_LE54,JUPUSDT,LONG,2026-10-09T11:00:00+00:00,2026-10-09T11:15:00+00:00,2026-10-09T12:00:00+00:00,TP,0.3617,0.35247138503511205,0.37323576870610997,0.37323576870610997,28.536306589445807,0.9465276698692513,1.2499999999999984,1.1951293610225766,0.0548706389774218,1.1312230092810267,95.78398999620616,3,82600273.2915
PRECISION_GATE_SCORE_LE54,JUPUSDT,LONG,2026-10-09T14:15:00+00:00,2026-10-09T14:30:00+00:00,2026-10-09T16:30:00+00:00,TP,0.3648,0.35407375280266945,0.37820780899666323,0.37820780899666323,44.22277289862145,0.9578398999620616,1.2500000000000013,1.2023859565601762,0.047614043439825136,1.151693244347387,96.93568324055354,8,69151540.6928
PRECISION_GATE_SCORE_LE54,STRKUSDT,LONG,2026-10-09T14:30:00+00:00,2026-10-09T14:45:00+00:00,2026-10-09T20:45:00+00:00,SL,0.07331,0.06920509940729985,0.07844112574087518,0.06920509940729985,52.9589552263031,0.9578398999620616,-1.0,-1.0250027979197638,0.025002797919763696,-0.9817885774202998,95.95389466313324,24,413979057.725056
PRECISION_GATE_SCORE_LE60,NEARUSDT,SHORT,2026-04-30T08:15:00+00:00,2026-04-30T08:30:00+00:00,2026-04-30T14:30:00+00:00,TP,1.324,1.3333537493201761,1.31230781334978,1.31230781334978,49.894459653753316,1.0,1.2499999999999882,1.051833474839668,0.1981665251603202,1.051833474839668,101.05183347483967,24,70108305.92
PRECISION_GATE_SCORE_LE60,DOTUSDT,SHORT,2026-05-02T04:00:00+00:00,2026-05-02T04:15:00+00:00,2026-05-02T16:00:00+00:00,SL,1.204,1.2137677371796654,1.191790328525418,1.2137677371796654,28.234591440691197,1.0105183347483968,-1.0,-1.172568115725831,0.17256811572583106,-1.1849015796823321,99.86693189515734,47,60726239.0228
PRECISION_GATE_SCORE_LE60,AAVEUSDT,SHORT,2026-05-02T11:00:00+00:00,2026-05-02T11:15:00+00:00,2026-05-02T16:15:00+00:00,SL,92.09,92.74369813431433,91.2728773321071,92.74369813431433,31.4073740184017,1.0105183347483968,-1.0,-1.1972255896603294,0.19722558966032938,-1.2098184091817235,98.65711348597561,20,54760074.402
PRECISION_GATE_SCORE_LE60,INJUSDT,LONG,2026-05-02T23:15:00+00:00,2026-05-02T23:30:00+00:00,2026-05-03T02:00:00+00:00,SL,3.798,3.7498132432408915,3.8582334459488856,3.7498132432408915,44.042700678620875,0.9865711348597561,-1.0,-1.110345670836104,0.11034567083610397,-1.0954349885633923,97.56167849741222,10,27585763.555
PRECISION_GATE_SCORE_LE60,WLDUSDT,SHORT,2026-05-03T15:30:00+00:00,2026-05-03T15:45:00+00:00,2026-05-03T16:45:00+00:00,SL,0.2381,0.2396740526973881,0.2361324341282649,0.2396740526973881,26.90901375811126,0.9756167849741222,-1.0,-1.2117718171400045,0.2117718171400044,-1.182224924360381,96.37945357305183,4,38286330.1962
PRECISION_GATE_SCORE_LE60,TAOUSDT,LONG,2026-05-03T22:00:00+00:00,2026-05-03T22:15:00+00:00,2026-05-04T00:30:00+00:00,SL,290.96,287.9614012001782,294.7082484997772,287.9614012001782,45.99081759674637,0.9637945357305183,-1.0,-1.1358447819108752,0.13584478191087532,-1.094720994243724,95.2847325788081,9,144400312.40604
PRECISION_GATE_SCORE_LE60,WLDUSDT,SHORT,2026-05-04T15:15:00+00:00,2026-05-04T15:30:00+00:00,2026-05-05T06:00:00+00:00,SL,0.2371,0.24132327546311774,0.23182090567110283,0.24132327546311774,28.159408865718994,0.9528473257880811,-1.0,-1.0785977620685328,0.07859776206853267,-1.0277389931880103,94.2569935856201,58,57732927.2847
PRECISION_GATE_SCORE_LE60,LINKUSDT,LONG,2026-05-05T09:15:00+00:00,2026-05-05T09:30:00+00:00,2026-05-05T10:30:00+00:00,TP,9.567,9.482819482493705,9.67222564688287,9.67222564688287,56.44138111246804,0.942569935856201,1.2500000000000053,1.0908919261039483,0.15910807389605716,1.0282419328138461,95.28523551843394,4,147039960.30448
PRECISION_GATE_SCORE_LE60,1000PEPEUSDT,LONG,2026-05-05T11:30:00+00:00,2026-05-05T11:45:00+00:00,2026-05-05T14:00:00+00:00,TP,0.0040739,0.004031271955592482,0.004127185055509398,0.004127185055509398,39.35045674606714,0.9528523551843394,1.250000000000005,1.116204042918893,0.13379595708111205,1.0635776511615487,96.34881316959549,9,289731899.0605352
PRECISION_GATE_SCORE_LE60,TAOUSDT,LONG,2026-05-05T13:00:00+00:00,2026-05-05T13:15:00+00:00,2026-05-05T14:00:00+00:00,SL,287.16,283.56161189476745,291.6579851315407,283.56161189476745,26.969138954797522,0.9528523551843394,-1.0,-1.1117233573041772,0.11172335730417722,-1.0593082193207262,95.28950495027476,3,128056412.5273
PRECISION_GATE_SCORE_LE60,ORDIUSDT,LONG,2026-05-05T23:30:00+00:00,2026-05-05T23:45:00+00:00,2026-05-06T01:00:00+00:00,SL,5.211,5.125080001921417,5.318399997598229,5.125080001921417,29.351341284560835,0.9528950495027476,-1.0,-1.084909219775908,0.08490921977590807,-1.033804624684351,94.25570032559041,5,52447084.8999
PRECISION_GATE_SCORE_LE60,LINKUSDT,LONG,2026-05-06T00:00:00+00:00,2026-05-06T00:15:00+00:00,2026-05-06T04:15:00+00:00,TP,9.781,9.707972312011275,9.872284609985908,9.872284609985908,50.10592233295856,0.9528950495027476,1.250000000000006,1.0624902981713773,0.1875097018286286,1.0124417452722037,95.26814207086261,16,125437747.53274
PRECISION_GATE_SCORE_LE60,JUPUSDT,LONG,2026-05-06T13:30:00+00:00,2026-05-06T13:45:00+00:00,2026-05-06T14:45:00+00:00,TP,0.1998,0.19639917271952728,0.20405103410059092,0.20405103410059092,51.561831422725724,0.9526814207086262,1.250000000000002,1.1677494247925724,0.0822505752074296,1.112493181043069,96.38063525190567,4,27299106.0952
PRECISION_GATE_SCORE_LE60,STRKUSDT,LONG,2026-05-08T02:45:00+00:00,2026-05-08T03:00:00+00:00,2026-05-08T05:15:00+00:00,TP,0.04641,0.04466413274047908,0.048592334074401146,0.048592334074401146,43.44207045479136,0.9638063525190568,1.25,1.212784112225216,0.03721588777478393,1.1688890315968479,97.54952428350252,9,36768059.781215996
PRECISION_GATE_SCORE_LE60,AAVEUSDT,SHORT,2026-05-08T08:45:00+00:00,2026-05-08T09:00:00+00:00,2026-05-08T11:00:00+00:00,SL,92.42,92.97012848139173,91.73233939826035,92.97012848139173,27.554720761790463,0.9754952428350252,-1.0,-1.2351959667179422,0.2351959667179423,-1.2049277895023627,96.34459649400016,8,58260455.202
PRECISION_GATE_SCORE_LE60,1000PEPEUSDT,LONG,2026-05-08T13:45:00+00:00,2026-05-08T14:00:00+00:00,2026-05-08T16:00:00+00:00,TP,0.0041887,0.004127820785837965,0.004264799017702544,0.004264799017702544,33.057035917722374,0.9634459649400016,1.25,1.153675169255766,0.09632483074423388,1.1115036866709411,97.4561001806711,8,268070550.62299898
PRECISION_GATE_SCORE_LE60,LINKUSDT,LONG,2026-05-08T23:45:00+00:00,2026-05-09T00:00:00+00:00,2026-05-09T01:00:00+00:00,TP,10.34,10.253325957077463,10.448342553653172,10.448342553653172,34.29793077503188,0.974561001806711,1.250000000000005,1.0829834456558447,0.1670165543441605,1.0554334317384437,98.51153361240955,4,150507579.6128
PRECISION_GATE_SCORE_LE60,STRKUSDT,LONG,2026-05-09T03:00:00+00:00,2026-05-09T03:15:00+00:00,2026-05-09T04:15:00+00:00,TP,0.05618,0.0541478591034001,0.058720176120749874,0.058720176120749874,58.746271774487724,0.9851153361240955,1.2499999999999991,1.211295990779183,0.038704009220816085,1.1932662571022041,99.70479986951176,4,341750944.644365
PRECISION_GATE_SCORE_LE60,LDOUSDT,LONG,2026-05-09T00:30:00+00:00,2026-05-09T00:45:00+00:00,2026-05-09T06:45:00+00:00,SL,0.4088,0.40283576389091086,0.4162552951363614,0.40283576389091086,53.734734610311186,0.9851153361240955,-1.0,-1.0959586424031433,0.0959586424031434,-1.0796456663890799,98.62515420312268,24,25178714.5805
PRECISION_GATE_SCORE_LE60,SUIUSDT,LONG,2026-05-09T08:00:00+00:00,2026-05-09T08:15:00+00:00,2026-05-09T09:15:00+00:00,SL,1.0783,1.0597062849923256,1.1015421437595931,1.0597062849923256,57.28789208736214,0.9862515420312268,-1.0,-1.0811897998531714,0.08118979985317137,-1.0663251073336237,97.55882909578905,4,319508234.50407
PRECISION_GATE_SCORE_LE60,NEARUSDT,LONG,2026-05-10T15:00:00+00:00,2026-05-10T15:15:00+00:00,2026-05-10T18:00:00+00:00,TP,1.577,1.5618864093148923,1.5958919883563845,1.5958919883563845,33.22324570994676,0.9755882909578906,1.2499999999999962,1.1039195584954185,0.14608044150457783,1.0769709954275344,98.63580009121658,11,64047584.795
PRECISION_GATE_SCORE_LE60,ARBUSDT,LONG,2026-05-10T16:00:00+00:00,2026-05-10T16:15:00+00:00,2026-05-10T21:00:00+00:00,SL,0.1435,0.14087050837176776,0.14678686453529027,0.14087050837176776,27.233300560134598,0.9755882909578906,-1.0,-1.0764026011123156,0.07640260111231553,-1.050125774001792,97.5856743172148,19,37488404.12726
PRECISION_GATE_SCORE_LE60,WLDUSDT,SHORT,2026-05-16T04:15:00+00:00,2026-05-16T04:30:00+00:00,2026-05-16T06:15:00+00:00,TP,0.2451,0.247482247982789,0.24212219002151378,0.24212219002151378,39.44971980379661,0.975856743172148,1.2499999999999971,1.1059595799937338,0.1440404200062633,1.0792581138127217,98.66493243102752,7,86116499.4512
PRECISION_GATE_SCORE_LE60,ETHUSDT,SHORT,2026-05-16T01:15:00+00:00,2026-05-16T01:30:00+00:00,2026-05-16T07:00:00+00:00,TP,2223.01,2233.6774398969364,2209.6757001288297,2209.6757001288297,58.88672952103153,0.975856743172148,1.2500000000000213,0.9582510864773071,0.29174891352271426,0.9351157843909172,99.60004821541844,22,8783948407.030819
PRECISION_GATE_SCORE_LE60,ZROUSDT,SHORT,2026-05-16T16:00:00+00:00,2026-05-16T16:15:00+00:00,2026-05-17T04:15:00+00:00,SL,1.281,1.2974127528802089,1.2604840588997388,1.2974127528802089,50.793766637913095,0.9960004821541845,-1.0,-1.1092686896031039,0.1092686896031039,-1.1048321496832318,98.4952160657352,48,10592097.90691
PRECISION_GATE_SCORE_LE60,SANDUSDT,SHORT,2026-05-18T14:15:00+00:00,2026-05-18T14:30:00+00:00,2026-05-18T19:45:00+00:00,SL,0.07068,0.07173162457057142,0.06936546928678575,0.07173162457057142,54.406704262385176,0.9849521606573521,-1.0,-1.0940944161719552,0.09409441617195523,-1.0776306591717115,97.41758540656349,21,12412062.27187
PRECISION_GATE_SCORE_LE60,1000PEPEUSDT,SHORT,2026-05-19T14:00:00+00:00,2026-05-19T14:15:00+00:00,2026-05-20T13:00:00+00:00,SL,0.0036588,0.0036999504903444187,0.003607361887069476,0.0036999504903444187,48.10159452145595,0.9741758540656349,-1.0,-1.1244777390774086,0.12447773907740856,-1.0954390618435286,96.32214634471995,91,197694337.8084057
PRECISION_GATE_SCORE_LE60,NEARUSDT,LONG,2026-05-20T12:45:00+00:00,2026-05-20T13:00:00+00:00,2026-05-20T14:45:00+00:00,TP,1.646,1.6202909150609834,1.6781363561737705,1.6781363561737705,45.304201041349295,0.9632214634471996,1.2500000000000022,1.1603663158192474,0.08963368418075472,1.117689740858251,97.43983608557821,7,151030638.37800002
PRECISION_GATE_SCORE_LE60,XRPUSDT,SHORT,2026-05-22T13:30:00+00:00,2026-05-22T13:45:00+00:00,2026-05-22T15:30:00+00:00,TP,1.3601,1.3701920305996673,1.347484961750416,1.347484961750416,37.48553122431406,0.9743983608557821,1.2499999999999944,1.061322411164425,0.18867758883556948,1.0341508177781222,98.47398690335633,7,549860255.82699
PRECISION_GATE_SCORE_LE60,AAVEUSDT,SHORT,2026-05-23T03:45:00+00:00,2026-05-23T04:00:00+00:00,2026-05-23T06:45:00+00:00,TP,86.02,86.71530122922586,85.15087346346766,85.15087346346766,41.18544537891567,0.9847398690335634,1.2500000000000102,1.0767973722208493,0.17320262777916087,1.0603653032964442,99.53435220665278,11,90777365.03
PRECISION_GATE_SCORE_LE60,SANDUSDT,SHORT,2026-05-27T01:45:00+00:00,2026-05-27T02:00:00+00:00,2026-05-27T04:00:00+00:00,TP,0.07032,0.07088199186306172,0.06961751017117283,0.06961751017117283,26.880228219970032,0.9953435220665279,1.2499999999999938,1.0748230864702224,0.1751769135297714,1.0698181964856874,100.60417040313847,8,10449550.195039999
PRECISION_GATE_SCORE_LE60,LINKUSDT,SHORT,2026-05-27T08:00:00+00:00,2026-05-27T08:15:00+00:00,2026-05-27T12:30:00+00:00,SL,9.395,9.471225861388861,9.299717673263922,9.471225861388861,48.28848214255183,1.0060417040313847,-1.0,-1.1725529860909119,0.1725529860909118,-1.1796372041939895,99.42453319894447,17,133565863.82483
PRECISION_GATE_SCORE_LE60,LDOUSDT,SHORT,2026-05-27T13:00:00+00:00,2026-05-27T13:15:00+00:00,2026-05-27T15:30:00+00:00,SL,0.3401,0.3444858397675182,0.33461770029060234,0.3444858397675182,30.73567643960781,0.9942453319894448,-1.0,-1.108563017629218,0.10856301762921808,-1.1021836054939826,98.3223495934505,9,11521347.4899
PRECISION_GATE_SCORE_LE60,XRPUSDT,SHORT,2026-05-28T10:45:00+00:00,2026-05-28T11:00:00+00:00,2026-05-28T14:00:00+00:00,SL,1.2878,1.2982583356842727,1.2747270803946593,1.2982583356842727,59.573853331628726,0.983223495934505,-1.0,-1.1723907182202273,0.17239071822022733,-1.152722100569657,97.16962749288084,12,809787461.90203
PRECISION_GATE_SCORE_LE60,ARBUSDT,SHORT,2026-05-28T13:00:00+00:00,2026-05-28T13:15:00+00:00,2026-05-28T14:15:00+00:00,TP,0.102,0.10301167441916309,0.10073540697604612,0.10073540697604612,50.09026675830726,0.983223495934505,1.2500000000000033,1.108847869141411,0.14115213085859243,1.0902452783567447,98.25987277123758,4,41894155.65945
PRECISION_GATE_SCORE_LE60,DOTUSDT,SHORT,2026-05-28T10:15:00+00:00,2026-05-28T10:30:00+00:00,2026-05-28T14:30:00+00:00,SL,1.192,1.2077029499471588,1.1723713125660513,1.2077029499471588,59.65330737740619,0.983223495934505,-1.0,-1.1062730254898343,0.10627302548983422,-1.0877136315801565,97.17215913965742,16,79958249.13749999
PRECISION_GATE_SCORE_LE60,SUIUSDT,SHORT,2026-05-28T15:00:00+00:00,2026-05-28T15:15:00+00:00,2026-05-28T17:45:00+00:00,SL,0.9135,0.9293588276835437,0.8936764653955703,0.9293588276835437,52.377110402549285,0.9717215913965742,-1.0,-1.0806427830303673,0.08064278303036727,-1.0500839248574914,96.12207521479993,10,326583734.9922
PRECISION_GATE_SCORE_LE60,SUIUSDT,SHORT,2026-05-29T06:30:00+00:00,2026-05-29T06:45:00+00:00,2026-05-29T12:00:00+00:00,TP,0.925,0.9358076576670656,0.9114904279161681,0.9114904279161681,37.02876240436683,0.9612207521479994,1.2499999999999973,1.1301775518902388,0.11982244810975842,1.08635011648872,97.20842533128865,21,232770308.13261
PRECISION_GATE_SCORE_LE60,INJUSDT,LONG,2026-05-30T01:30:00+00:00,2026-05-30T01:45:00+00:00,2026-05-30T05:00:00+00:00,TP,6.486,6.260971490990309,6.7672856362621125,6.7672856362621125,52.096640941562335,0.9720842533128865,1.2499999999999991,1.2096477795637477,0.04035222043625135,1.1758795585688169,98.38430488985748,13,215883112.84579998
PRECISION_GATE_SCORE_LE60,ORDIUSDT,SHORT,2026-05-31T09:45:00+00:00,2026-05-31T10:00:00+00:00,2026-05-31T11:15:00+00:00,SL,3.392,3.4289263205243374,3.345842099344578,3.4289263205243374,23.866723084285134,0.9838430488985748,-1.0,-1.1286020359615885,0.12860203596158853,-1.110367268053588,97.27393762180388,5,16503937.1497
PRECISION_GATE_SCORE_LE60,DOTUSDT,SHORT,2026-05-31T09:45:00+00:00,2026-05-31T10:00:00+00:00,2026-05-31T14:30:00+00:00,TP,1.188,1.2011822609719625,1.1715221737850467,1.1715221737850467,26.3403792568574,0.9838430488985748,1.2500000000000042,1.1238304450551069,0.12616955494489734,1.1056727715080585,98.37961039331194,18,37777488.4676
PRECISION_GATE_SCORE_LE60,ETHUSDT,SHORT,2026-06-01T01:00:00+00:00,2026-06-01T01:15:00+00:00,2026-06-01T06:30:00+00:00,TP,2004.57,2021.2833212276194,1983.6783484654757,1983.6783484654757,27.34538043149933,0.9837961039331193,1.25,1.0820861567979487,0.16791384320205116,1.0645521451777844,99.44416253848972,21,4537498190.359791
PRECISION_GATE_SCORE_LE60,INJUSDT,LONG,2026-05-31T23:45:00+00:00,2026-06-01T00:00:00+00:00,2026-06-01T11:00:00+00:00,TP,6.537,6.3986594794565,6.709925650679375,6.709925650679375,47.21357772439139,0.9837961039331193,1.2500000000000016,1.1838458467262882,0.06615415327371332,1.1646629316667272,100.60882547015645,44,83896608.3322
PRECISION_GATE_SCORE_LE60,ARBUSDT,SHORT,2026-06-01T11:45:00+00:00,2026-06-01T12:00:00+00:00,2026-06-01T13:15:00+00:00,TP,0.1007,0.10203470575563278,0.09903161780545902,0.09903161780545902,22.188777922570132,1.0060882547015644,1.2499999999999973,1.1443737228935789,0.10562627710641839,1.1513409615923325,101.76016643174879,5,33485308.75342
PRECISION_GATE_SCORE_LE60,SUIUSDT,SHORT,2026-06-01T12:45:00+00:00,2026-06-01T13:00:00+00:00,2026-06-01T14:00:00+00:00,TP,0.8753,0.88560931818048,0.8624133522743999,0.8624133522743999,34.98355912468965,1.0176016643174879,1.25,1.131134719236793,0.118865280763207,1.151044572862655,102.91121100461145,4,269272388.82617
PRECISION_GATE_SCORE_LE60,1000PEPEUSDT,SHORT,2026-06-01T11:45:00+00:00,2026-06-01T12:00:00+00:00,2026-06-01T17:00:00+00:00,SL,0.0033539,0.003388921480904599,0.003310123148869251,0.003388921480904599,33.03469567221903,1.0060882547015644,-1.0,-1.1340737135814083,0.13407371358140838,-1.1409782432000408,101.7702327614114,20,171299680.1738208
PRECISION_GATE_SCORE_LE60,AAVEUSDT,SHORT,2026-06-02T00:00:00+00:00,2026-06-02T00:15:00+00:00,2026-06-02T01:45:00+00:00,TP,79.99,80.86769341343535,78.89288323320581,78.89288323320581,42.51543150512499,1.0177023276141142,1.249999999999996,1.1224087497003281,0.12759125029966795,1.1422779971044716,102.91251075851588,6,67784433.889
PRECISION_GATE_SCORE_LE60,LTCUSDT,SHORT,2026-06-02T00:00:00+00:00,2026-06-02T00:15:00+00:00,2026-06-02T02:15:00+00:00,TP,50.65,51.04287212670675,50.15890984161656,50.15890984161656,46.693264823712184,1.0177023276141142,1.25,1.069508702247718,0.18049129775228184,1.0884414956810533,104.00095225419693,8,73069440.19682
PRECISION_GATE_SCORE_LE60,SANDUSDT,SHORT,2026-06-02T04:00:00+00:00,2026-06-02T04:15:00+00:00,2026-06-02T05:15:00+00:00,TP,0.06816,0.06907230344296261,0.06701962069629673,0.06701962069629673,41.77960977615526,1.0400095225419694,1.25,1.1454032227587347,0.10459677724126536,1.1912302588193449,105.19218251301628,4,12564947.43816
PRECISION_GATE_SCORE_LE60,SUIUSDT,SHORT,2026-06-02T11:15:00+00:00,2026-06-02T11:30:00+00:00,2026-06-02T13:30:00+00:00,SL,0.8455,0.8535370451851982,0.8354536935185023,0.8535370451851982,43.21266236424572,1.0519218251301627,-1.0,-1.1472804958444198,0.1472804958444199,-1.2068493931249002,103.98533311989138,8,270664753.14938
PRECISION_GATE_SCORE_LE60,XRPUSDT,SHORT,2026-06-02T13:30:00+00:00,2026-06-02T13:45:00+00:00,2026-06-02T14:15:00+00:00,TP,1.2623,1.2716124262269841,1.2506594672162699,1.2506594672162699,42.35658772986269,1.0398533311989138,1.249999999999994,1.0602299060496958,0.1897700939502981,1.1024835996424875,105.08781671953386,2,723503147.6902499
PRECISION_GATE_SCORE_LE60,INJUSDT,LONG,2026-06-02T13:30:00+00:00,2026-06-02T13:45:00+00:00,2026-06-02T14:45:00+00:00,SL,7.203,6.990328968472734,7.468838789409083,6.990328968472734,53.93855894518577,1.0398533311989138,-1.0,-1.0474168951341505,0.047416895134150476,-1.0891599475592697,103.9986567719746,4,165134273.23349997
PRECISION_GATE_SCORE_LE60,TIAUSDT,SHORT,2026-06-04T20:00:00+00:00,2026-06-04T20:15:00+00:00,2026-06-04T21:45:00+00:00,TP,0.343,0.3525253289348522,0.33109333883143477,0.33109333883143477,48.33043452481376,1.039986567719746,1.2500000000000016,1.1995870427904087,0.05041295720959282,1.2475544113126773,105.24621118328727,6,36789617.1017
PRECISION_GATE_SCORE_LE60,JUPUSDT,SHORT,2026-06-05T00:00:00+00:00,2026-06-05T00:15:00+00:00,2026-06-05T03:00:00+00:00,TP,0.1796,0.18476305840403592,0.17314617699495513,0.17314617699495513,32.04788136847598,1.0524621118328727,1.2499999999999973,1.2013001828909264,0.0486998171090708,1.2643229274306007,106.51053411071787,11,24927155.958100002
PRECISION_GATE_SCORE_LE60,1000PEPEUSDT,SHORT,2026-06-04T13:15:00+00:00,2026-06-04T13:30:00+00:00,2026-06-05T05:45:00+00:00,TP,0.0029584,0.0030432745806194083,0.0028523067742257393,0.0028523067742257393,49.612179481784864,1.039986567719746,1.2500000000000013,1.2012014083630973,0.04879859163690402,1.2492333298236624,107.75976744054154,65,392570188.295924
PRECISION_GATE_SCORE_LE60,LINKUSDT,SHORT,2026-06-05T13:30:00+00:00,2026-06-05T13:45:00+00:00,2026-06-05T14:00:00+00:00,TP,7.567,7.686885080829841,7.4171436489627,7.4171436489627,48.52194073459282,1.0775976744054154,1.2499999999999962,1.1616337084925787,0.08836629150741747,1.251773782782541,109.01154122332407,1,187413900.39898998
PRECISION_GATE_SCORE_LE60,JUPUSDT,SHORT,2026-06-05T13:30:00+00:00,2026-06-05T13:45:00+00:00,2026-06-05T15:15:00+00:00,TP,0.1635,0.16789013278177886,0.15801233402277642,0.15801233402277642,49.59468160959153,1.0775976744054154,1.250000000000003,1.1978603469694515,0.052139653030551646,1.290811524156745,110.30235274748082,6,23789099.146700002
PRECISION_GATE_SCORE_LE60,QNTUSDT,SHORT,2026-06-06T00:30:00+00:00,2026-06-06T00:45:00+00:00,2026-06-06T04:15:00+00:00,TP,65.66,67.18077156596414,63.75903554254482,63.75903554254482,55.035273846237445,1.1030235274748084,1.25,1.1895543669691628,0.0604456330308372,1.3121064539773886,111.61445920145822,14,11848933.089
PRECISION_GATE_SCORE_LE60,ZROUSDT,SHORT,2026-06-06T14:15:00+00:00,2026-06-06T14:30:00+00:00,2026-06-06T15:15:00+00:00,TP,0.9148,0.9321668462738784,0.8930914421576519,0.8930914421576519,52.459404957157155,1.1161445920145823,1.2500000000000016,1.1762548893562608,0.07374511064374073,1.3128705335857014,112.92732973504391,3,16429287.26658
PRECISION_GATE_SCORE_LE60,QNTUSDT,SHORT,2026-06-06T08:30:00+00:00,2026-06-06T08:45:00+00:00,2026-06-06T20:30:00+00:00,SL,64.25,65.70477080902921,62.43153648871348,65.70477080902921,44.42236514235834,1.1161445920145823,-1.0,-1.0618310454414637,0.06183104544146357,-1.18515697900268,111.74217275604123,47,11560579.239
PRECISION_GATE_SCORE_LE60,WLDUSDT,LONG,2026-06-08T00:00:00+00:00,2026-06-08T00:15:00+00:00,2026-06-08T11:00:00+00:00,SL,0.4787,0.45700969390430796,0.5058128826196151,0.45700969390430796,44.589939291504784,1.1174217275604124,-1.0,-1.0308976736908801,0.030897673690880065,-1.1519474594736736,110.59022529656755,43,794900564.6467
PRECISION_GATE_SCORE_LE60,ZROUSDT,SHORT,2026-06-08T17:15:00+00:00,2026-06-08T17:30:00+00:00,2026-06-08T20:15:00+00:00,TP,0.8755,0.8906909599044013,0.8565113001194983,0.8565113001194983,42.27822683624778,1.1059022529656755,1.25,1.1693138545744648,0.08068614542553515,1.293146826197879,111.88337212276544,11,14831511.16962
PRECISION_GATE_SCORE_LE60,DOTUSDT,SHORT,2026-06-10T08:00:00+00:00,2026-06-10T08:15:00+00:00,2026-06-10T09:30:00+00:00,TP,0.943,0.9523405621716817,0.9313242972853977,0.9313242972853977,27.74900362488884,1.1188337212276545,1.250000000000006,1.1086594708397257,0.14134052916028036,1.2404056013338927,113.12377772409933,5,51671606.86969999
PRECISION_GATE_SCORE_LE60,LINKUSDT,SHORT,2026-06-10T08:15:00+00:00,2026-06-10T08:30:00+00:00,2026-06-10T11:30:00+00:00,TP,7.723,7.81573404933933,7.607082438325837,7.607082438325837,38.00676385080203,1.1188337212276545,1.2500000000000024,1.1334063639296494,0.11659363607035293,1.2680932598185148,114.39187098391784,12,87482298.82245
PRECISION_GATE_SCORE_LE60,TAOUSDT,SHORT,2026-06-10T11:00:00+00:00,2026-06-10T11:15:00+00:00,2026-06-10T12:45:00+00:00,SL,205.07,207.77948853047573,201.68313933690533,207.77948853047573,31.66489397642881,1.1439187098391785,-1.0,-1.105960219713346,0.10596021971334592,-1.2651285876679452,113.1267423962499,6,82977688.96499
PRECISION_GATE_SCORE_LE60,SUIUSDT,SHORT,2026-06-10T08:00:00+00:00,2026-06-10T08:15:00+00:00,2026-06-10T13:45:00+00:00,SL,0.7442,0.7555224944462253,0.7300468819422183,0.7555224944462253,30.972710414284577,1.1188337212276545,-1.0,-1.0920185922764871,0.09201859227648708,-1.2217872252464868,111.90495517100341,22,142924847.45961
PRECISION_GATE_SCORE_LE60,DOTUSDT,SHORT,2026-06-14T16:45:00+00:00,2026-06-14T17:00:00+00:00,2026-06-14T18:30:00+00:00,TP,0.956,0.9627450940048856,0.9475686324938929,0.9475686324938929,37.05884335348653,1.119049551710034,1.25,1.0515742999236837,0.19842570007631627,1.1767637489193912,113.08171891992279,6,36831528.1132
PRECISION_GATE_SCORE_LE60,TAOUSDT,SHORT,2026-06-19T19:15:00+00:00,2026-06-19T19:30:00+00:00,2026-06-20T00:00:00+00:00,SL,224.18,228.2678848099353,219.07014398758088,228.2678848099353,41.95492510429532,1.130817189199228,-1.0,-1.076776135970663,0.07677613597066282,-1.2176369634751507,111.86408195644765,18,109937043.20002
PRECISION_GATE_SCORE_LE60,SUIUSDT,SHORT,2026-06-19T21:30:00+00:00,2026-06-19T21:45:00+00:00,2026-06-20T00:00:00+00:00,SL,0.7097,0.7167143234140657,0.7009320957324179,0.7167143234140657,42.21806204949037,1.130817189199228,-1.0,-1.1416501551678655,0.1416501551678654,-1.2909976195157882,110.57308433693186,9,102642100.63633001
PRECISION_GATE_SCORE_LE60,FILUSDT,SHORT,2026-06-20T10:30:00+00:00,2026-06-20T10:45:00+00:00,2026-06-21T03:45:00+00:00,SL,0.783,0.7939643499161776,0.7692945626047781,0.7939643499161776,23.50375411321835,1.1057308433693185,-1.0,-1.0999785676652467,0.09997856766524667,-1.2162802293126682,109.35680410761918,68,67338232.9849
PRECISION_GATE_SCORE_LE60,SUIUSDT,SHORT,2026-06-21T08:15:00+00:00,2026-06-21T08:30:00+00:00,2026-06-21T15:45:00+00:00,SL,0.7076,0.7137088783098622,0.6999639021126722,0.7137088783098622,32.46497739897399,1.0935680410761919,-1.0,-1.162163976715776,0.16216397671577618,-1.2709053834263884,108.08589872419279,29,97588841.0839
PRECISION_GATE_SCORE_LE60,INJUSDT,SHORT,2026-06-21T16:00:00+00:00,2026-06-21T16:15:00+00:00,2026-06-21T18:15:00+00:00,TP,4.976,5.043198565693735,4.892001792882831,4.892001792882831,33.33357086687007,1.0808589872419279,1.2500000000000067,1.146331120641031,0.1036688793589757,1.239022294099969,109.32492101829276,8,25688582.6792
PRECISION_GATE_SCORE_LE60,XRPUSDT,SHORT,2026-06-23T01:30:00+00:00,2026-06-23T01:45:00+00:00,2026-06-23T05:00:00+00:00,TP,1.1274,1.135949113601444,1.116713607998195,1.116713607998195,38.838314736565735,1.0932492101829276,1.2500000000000064,1.0653773509649749,0.18462264903503148,1.1647229474892384,110.489643965782,13,472647718.10978
PRECISION_GATE_SCORE_LE60,1000PEPEUSDT,SHORT,2026-06-23T01:30:00+00:00,2026-06-23T01:45:00+00:00,2026-06-23T05:45:00+00:00,TP,0.0028085,0.0028333665723617517,0.00277741678454781,0.00277741678454781,35.52375809241015,1.0932492101829276,1.25,1.091880097393407,0.1581199026065929,1.1936970540898004,111.68334101987179,16,129266180.5478194
PRECISION_GATE_SCORE_LE60,LDOUSDT,SHORT,2026-06-23T17:15:00+00:00,2026-06-23T17:30:00+00:00,2026-06-23T20:30:00+00:00,SL,0.2564,0.2592293638608127,0.2528632951739842,0.2592293638608127,48.69941852467924,1.1168334101987178,-1.0,-1.1268695076556525,0.12686950765565255,-1.2585255150840127,110.42481550478777,12,15622909.997
PRECISION_GATE_SCORE_LE60,ARBUSDT,SHORT,2026-06-24T12:45:00+00:00,2026-06-24T13:00:00+00:00,2026-06-24T13:30:00+00:00,TP,0.07818,0.07910249141322563,0.07702688573346796,0.07702688573346796,55.02892599954809,1.1042481550478778,1.2500000000000038,1.1313517411318974,0.11864825886810632,1.249293072855102,111.67410857764287,2,17154015.52713
PRECISION_GATE_SCORE_LE60,FILUSDT,SHORT,2026-06-24T12:45:00+00:00,2026-06-24T13:00:00+00:00,2026-06-24T13:30:00+00:00,TP,0.77,0.783003024155919,0.7537462198051013,0.7537462198051013,28.55155484593734,1.1042481550478778,1.2499999999999978,1.1670962087685335,0.08290379123146441,1.2887638352960258,112.96287241293889,2,61450634.891100004
PRECISION_GATE_SCORE_LE60,INJUSDT,SHORT,2026-06-25T10:45:00+00:00,2026-06-25T11:00:00+00:00,2026-06-25T13:00:00+00:00,SL,4.213,4.301919021432322,4.101851223209597,4.301919021432322,57.46165349099309,1.129628724129389,-1.0,-1.0663322639519737,0.06633226395197357,-1.2045595548260708,111.75831285811282,8,55794488.977800004
PRECISION_GATE_SCORE_LE60,TAOUSDT,SHORT,2026-06-28T00:45:00+00:00,2026-06-28T01:00:00+00:00,2026-06-28T05:15:00+00:00,TP,209.6,211.32745495351853,207.44068130810183,207.44068130810183,40.386082571040156,1.1175831285811282,1.25,1.0801316052251824,0.16986839477481755,1.2071368586469153,112.96544971675974,17,56549042.11534
PRECISION_GATE_SCORE_LE60,FILUSDT,SHORT,2026-06-28T02:15:00+00:00,2026-06-28T02:30:00+00:00,2026-06-28T08:45:00+00:00,SL,0.728,0.7354634180436496,0.718670727445438,0.7354634180436496,47.76487319217208,1.1175831285811282,-1.0,-1.1365594147399005,0.13655941473990046,-1.270199626543354,111.69525009021638,25,43636022.604
PRECISION_GATE_SCORE_LE60,SUIUSDT,SHORT,2026-06-28T09:45:00+00:00,2026-06-28T10:00:00+00:00,2026-06-28T12:45:00+00:00,SL,0.683,0.69020746422959,0.6739906697130126,0.69020746422959,43.68840766530078,1.1169525009021637,-1.0,-1.1326680188122695,0.13266801881226956,-1.2651363763042633,110.4301137139121,11,101249359.56191
PRECISION_GATE_SCORE_LE60,FILUSDT,SHORT,2026-06-29T01:15:00+00:00,2026-06-29T01:30:00+00:00,2026-06-29T03:15:00+00:00,SL,0.711,0.7239909624026686,0.6947612969966642,0.7239909624026686,58.82126602351815,1.1043011371391211,-1.0,-1.0766224987146082,0.07662249871460824,-1.188915449600104,109.241198264312,7,48037746.9155
PRECISION_GATE_SCORE_LE60,1000PEPEUSDT,SHORT,2026-06-29T06:30:00+00:00,2026-06-29T06:45:00+00:00,2026-06-29T17:15:00+00:00,SL,0.0023541,0.002393888191190669,0.002304364761011664,0.002393888191190669,40.29850312650042,1.09241198264312,-1.0,-1.0828321142875403,0.08283211428754032,-1.1828987768384935,108.0582994874735,42,123986195.88081421
PRECISION_GATE_SCORE_LE60,AAVEUSDT,LONG,2026-07-06T00:45:00+00:00,2026-07-06T01:00:00+00:00,2026-07-06T02:15:00+00:00,SL,89.22,88.05980116113905,90.67024854857618,88.05980116113905,45.27412359483363,1.080582994874735,-1.0,-1.1076608558948664,0.10766085589486635,-1.196919484968387,106.86138000250511,5,55447992.152
PRECISION_GATE_SCORE_LE60,AAVEUSDT,LONG,2026-07-07T12:00:00+00:00,2026-07-07T12:15:00+00:00,2026-07-07T13:45:00+00:00,SL,93.72,92.04834176602672,95.8095727924666,92.04834176602672,29.695308956003817,1.0686138000250511,-1.0,-1.078489727944054,0.07848972794405391,-1.1524890064662792,105.70889099603883,6,153123281.024
PRECISION_GATE_SCORE_LE60,AAVEUSDT,LONG,2026-07-10T13:30:00+00:00,2026-07-10T13:45:00+00:00,2026-07-10T14:30:00+00:00,SL,95.94,94.54918769923779,97.67851537595276,94.54918769923779,57.816387165985404,1.0570889099603884,-1.0,-1.0965737791694758,0.09657377916947586,-1.1591759809134048,104.54971501512543,3,99430861.285
PRECISION_GATE_SCORE_LE60,ETHUSDT,LONG,2026-07-11T13:15:00+00:00,2026-07-11T13:30:00+00:00,2026-07-11T13:45:00+00:00,TP,1800.8,1795.4431983757027,1807.4960020303715,1807.4960020303715,40.20259715727746,1.0454971501512542,1.2499999999999893,0.7793609551332279,0.4706390448667615,0.8148196575309493,105.36453467265638,1,3530399404.93556
PRECISION_GATE_SCORE_LE60,AAVEUSDT,LONG,2026-07-12T14:30:00+00:00,2026-07-12T14:45:00+00:00,2026-07-12T21:45:00+00:00,SL,99.05,97.41648403480887,101.0918949564889,97.41648403480887,46.93385762498577,1.0536453467265638,-1.0,-1.0848905079319353,0.08489050793193534,-1.1430898353903018,104.22144483726608,28,119149811.676
PRECISION_GATE_SCORE_LE60,DOTUSDT,SHORT,2026-07-12T22:00:00+00:00,2026-07-12T22:15:00+00:00,2026-07-13T00:15:00+00:00,SL,0.843,0.8516563227534849,0.8321795965581438,0.8516563227534849,43.43894003490814,1.0422144483726608,-1.0,-1.1363396483252504,0.13633964832525047,-1.1843095997432842,103.03713523752279,8,37082250.5919
PRECISION_GATE_SCORE_LE60,ORDIUSDT,LONG,2026-07-12T23:00:00+00:00,2026-07-12T23:15:00+00:00,2026-07-13T03:15:00+00:00,SL,3.535,3.4791323884949796,3.6048345143812757,3.4791323884949796,22.74043416355955,1.0422144483726608,-1.0,-1.088584420680939,0.08858442068093893,-1.1345384115070574,101.90259682601574,16,10994084.3391
PRECISION_GATE_SCORE_LE60,TAOUSDT,SHORT,2026-07-13T10:30:00+00:00,2026-07-13T10:45:00+00:00,2026-07-13T13:30:00+00:00,TP,207.07,209.2573763684296,204.335779539463,204.335779539463,46.58188064352871,1.0190259682601575,1.2499999999999967,1.117467709634197,0.1325322903657998,1.138728614809448,103.04132544082519,11,58975514.92661
PRECISION_GATE_SCORE_LE60,TIAUSDT,LONG,2026-07-13T16:30:00+00:00,2026-07-13T16:45:00+00:00,2026-07-13T17:45:00+00:00,SL,0.4098,0.40161354391531096,0.42003307010586133,0.40161354391531096,29.31307010154815,1.0304132544082518,-1.0,-1.070081607238206,0.07008160723820611,-1.1026262713967325,101.93869916942846,4,25372132.9326
PRECISION_GATE_SCORE_LE60,LDOUSDT,LONG,2026-07-13T15:00:00+00:00,2026-07-13T15:15:00+00:00,2026-07-13T19:15:00+00:00,TP,0.3117,0.3055775464356751,0.3193530669554061,0.3193530669554061,27.029753119138384,1.0304132544082518,1.2500000000000022,1.1787246533738136,0.07127534662618851,1.2145735061341498,103.1532726755626,16,17748753.1905
PRECISION_GATE_SCORE_LE60,LDOUSDT,LONG,2026-07-14T00:00:00+00:00,2026-07-14T00:15:00+00:00,2026-07-14T05:15:00+00:00,TP,0.315,0.3089125831798532,0.3226092710251835,0.3226092710251835,40.31270609409083,1.031532726755626,1.25,1.1775554782875266,0.07244452171247334,1.2146870134239576,104.36795968898656,20,22490599.3851
PRECISION_GATE_SCORE_LE60,TIAUSDT,LONG,2026-07-15T23:00:00+00:00,2026-07-15T23:15:00+00:00,2026-07-16T04:00:00+00:00,SL,0.4166,0.41079409484918344,0.42385738143852075,0.41079409484918344,27.7450828958389,1.0436795968898656,-1.0,-1.100456343128163,0.10045634312816311,-1.1485238325908969,103.21943585639566,19,25039528.5851
PRECISION_GATE_SCORE_LE60,XRPUSDT,SHORT,2026-07-17T09:45:00+00:00,2026-07-17T10:00:00+00:00,2026-07-17T13:00:00+00:00,TP,1.0847,1.090050615756148,1.078011730304815,1.078011730304815,33.94312266065895,1.0321943585639566,1.2500000000000104,0.9661859364961789,0.2838140635038315,0.9972916729751891,104.21672752937086,12,469149495.46954
PRECISION_GATE_SCORE_LE60,JUPUSDT,SHORT,2026-07-17T15:00:00+00:00,2026-07-17T15:15:00+00:00,2026-07-17T17:00:00+00:00,SL,0.1928,0.19704785127964344,0.1874901859004457,0.19704785127964344,48.558441980152246,1.0421672752937086,-1.0,-1.0635427142408471,0.06354271424084709,-1.108389412658859,103.10833811671199,7,13759819.045100002
PRECISION_GATE_SCORE_LE60,FILUSDT,SHORT,2026-07-18T11:30:00+00:00,2026-07-18T11:45:00+00:00,2026-07-18T12:30:00+00:00,TP,0.7561,0.7583904285737296,0.7532369642828379,0.7532369642828379,51.14387634714962,1.0310833811671198,1.2500000000000122,0.7878419514404271,0.46215804855958514,0.8123307431164974,103.92066885982848,3,27939190.51326
PRECISION_GATE_SCORE_LE60,ORDIUSDT,LONG,2026-07-19T16:00:00+00:00,2026-07-19T16:15:00+00:00,2026-07-19T17:00:00+00:00,SL,3.658,3.6163100615513586,3.7101124230608016,3.6163100615513586,30.96108896399874,1.039206688598285,-1.0,-1.1228401909566,0.12284019095659998,-1.1668630366690742,102.75380582315941,3,10563087.9138
PRECISION_GATE_SCORE_LE60,INJUSDT,LONG,2026-07-20T04:15:00+00:00,2026-07-20T04:30:00+00:00,2026-07-20T05:15:00+00:00,SL,5.148,5.094184334574874,5.215269581781407,5.094184334574874,39.20450243360516,1.027538058231594,-1.0,-1.1339238294846958,0.13392382948469594,-1.1651498899312376,101.58865593322817,3,15448075.609
PRECISION_GATE_SCORE_LE60,ETHUSDT,LONG,2026-07-20T13:30:00+00:00,2026-07-20T13:45:00+00:00,2026-07-20T14:00:00+00:00,SL,1875.11,1861.0444588891783,1892.691926388527,1861.0444588891783,43.60984744347279,1.0158865593322817,-1.0,-1.1866372562076748,0.18663725620767468,-1.205488839384314,100.38316709384385,1,7128267564.208891
PRECISION_GATE_SCORE_LE60,ARBUSDT,LONG,2026-07-21T06:30:00+00:00,2026-07-21T06:45:00+00:00,2026-07-21T07:15:00+00:00,TP,0.09044,0.0896825737066275,0.09138678286671564,0.09138678286671564,47.251888971867736,1.0038316709384385,1.2499999999999953,1.0828338993405764,0.16716610065941898,1.0869829625238356,101.47015005636769,2,25344042.206588
PRECISION_GATE_SCORE_LE60,ETHUSDT,LONG,2026-07-21T13:45:00+00:00,2026-07-21T14:00:00+00:00,2026-07-21T15:45:00+00:00,SL,1939.53,1922.9843631339102,1960.2120460826122,1922.9843631339102,48.59445882326833,1.0147015005636768,-1.0,-1.1641122685077827,0.16411226850778277,-1.181226465679433,100.28892359068826,7,8181000578.77732
PRECISION_GATE_SCORE_LE60,TIAUSDT,SHORT,2026-07-23T07:00:00+00:00,2026-07-23T07:15:00+00:00,2026-07-23T11:15:00+00:00,TP,0.3596,0.36323074097756314,0.35506157377804604,0.35506157377804604,40.116979783788494,1.0028892359068826,1.2499999999999962,1.1113395989658545,0.13866040103414173,1.1145505212399271,101.40347411192818,16,16281086.2872
PRECISION_GATE_SCORE_LE60,NEARUSDT,SHORT,2026-07-22T17:15:00+00:00,2026-07-22T17:30:00+00:00,2026-07-23T17:30:00+00:00,TIMEOUT,1.879,1.9052297239390001,1.8462128450762498,1.89,28.118825377837712,1.0028892359068826,-0.41937155059586234,-0.5196623506865429,0.10029080009068052,-0.5211637778096014,100.88231033411857,96,127333905.989
PRECISION_GATE_SCORE_LE60,WLDUSDT,SHORT,2026-07-24T15:45:00+00:00,2026-07-24T16:00:00+00:00,2026-07-24T20:45:00+00:00,TP,0.3732,0.38077923373869743,0.36372595782662814,0.36372595782662814,45.35414006393704,1.0088231033411856,1.2500000000000018,1.1810642714009005,0.06893572859910134,1.1914849235200529,102.07379525763862,19,96488878.8784
PRECISION_GATE_SCORE_LE60,TAOUSDT,SHORT,2026-07-25T11:00:00+00:00,2026-07-25T11:15:00+00:00,2026-07-25T14:00:00+00:00,SL,189.94,191.01080518541374,188.60149351823281,191.01080518541374,29.310389423527113,1.0207379525763862,-1.0,-1.248332753354433,0.24833275335443317,-1.274220618793047,100.79957463884557,11,49804918.896850005
PRECISION_GATE_SCORE_LE60,SUIUSDT,SHORT,2026-07-27T12:00:00+00:00,2026-07-27T12:15:00+00:00,2026-07-27T12:45:00+00:00,TP,0.7152,0.7206849376685263,0.708343827914342,0.708343827914342,30.734136134023558,1.0079957463884557,1.250000000000005,1.0674491561234105,0.18255084387659465,1.0759842088583444,101.87555884770391,2,85133555.12642
PRECISION_GATE_SCORE_LE60,WLDUSDT,SHORT,2026-07-28T15:00:00+00:00,2026-07-28T15:15:00+00:00,2026-07-28T16:00:00+00:00,SL,0.3186,0.3249620583825786,0.3106474270217768,0.3249620583825786,53.039154493041266,1.0187555884770392,-1.0,-1.0701093849156438,0.07010938491564377,-1.0901799161645391,100.78537893153937,3,107878359.9832
PRECISION_GATE_SCORE_LE60,AAVEUSDT,LONG,2026-07-28T23:30:00+00:00,2026-07-28T23:45:00+00:00,2026-07-29T03:15:00+00:00,SL,100.67,99.32580422397129,102.35024472003589,99.32580422397129,38.04603076672942,1.0078537893153938,-1.0,-1.1048493102815624,0.10484931028156237,-1.113526563989772,99.6718523675496,14,84287889.989
PRECISION_GATE_SCORE_LE60,SUIUSDT,SHORT,2026-07-29T08:15:00+00:00,2026-07-29T08:30:00+00:00,2026-07-29T09:45:00+00:00,SL,0.6851,0.6900823886269045,0.6788720142163694,0.6900823886269045,49.275018824151005,0.9967185236754961,-1.0,-1.1925060592063663,0.19250605920636643,-1.1885928788062532,98.48325948874336,5,90729601.62414
PRECISION_GATE_SCORE_LE60,DOTUSDT,SHORT,2026-07-29T16:30:00+00:00,2026-07-29T16:45:00+00:00,2026-07-29T18:15:00+00:00,SL,0.7586,0.7671738653588339,0.7478826683014577,0.7671738653588339,49.40634742488192,0.9848325948874336,-1.0,-1.1238694515893877,0.12386945158938775,-1.1068232683234935,97.37643622041986,6,29835662.62929
PRECISION_GATE_SCORE_LE60,SUIUSDT,SHORT,2026-07-31T11:30:00+00:00,2026-07-31T11:45:00+00:00,2026-07-31T14:15:00+00:00,TP,0.6875,0.692769115475426,0.6809136056557176,0.6809136056557176,36.53445378531452,0.9737643622041986,1.2499999999999947,1.0673317695372357,0.1826682304627589,1.039329639823705,98.41576586024357,10,84302906.27854
PRECISION_GATE_SCORE_LE60,WLDUSDT,SHORT,2026-07-31T13:30:00+00:00,2026-07-31T13:45:00+00:00,2026-07-31T14:15:00+00:00,TP,0.3056,0.3092405395362261,0.3010493255797173,0.3010493255797173,35.27985027281553,0.9737643622041986,1.2500000000000075,1.1324789579284495,0.11752104207155806,1.1027676501768722,99.51853351042044,2,78893734.5237
PRECISION_GATE_SCORE_LE60,ARBUSDT,SHORT,2026-07-31T13:30:00+00:00,2026-07-31T13:45:00+00:00,2026-07-31T14:30:00+00:00,SL,0.07625,0.07684386175891852,0.07550767280135184,0.07684386175891852,49.39484428943574,0.9737643622041986,-1.0,-1.1797556390807198,0.1797556390807197,-1.1488039974462438,98.3697295129742,3,18980318.300892998
PRECISION_GATE_SCORE_LE60,TIAUSDT,SHORT,2026-07-31T19:00:00+00:00,2026-07-31T19:15:00+00:00,2026-08-01T01:15:00+00:00,SL,0.32,0.32308041895767375,0.3161494763029078,0.32308041895767375,40.16593254323116,0.983697295129742,-1.0,-1.145434762659141,0.14543476265914101,-1.1267610777753752,97.24296843519883,24,12091411.3394
PRECISION_GATE_SCORE_LE60,SUIUSDT,SHORT,2026-07-31T20:45:00+00:00,2026-07-31T21:00:00+00:00,2026-08-01T01:30:00+00:00,SL,0.6803,0.685245673900005,0.6741179076249938,0.685245673900005,32.25483587772977,0.983697295129742,-1.0,-1.1925763847873263,0.19257638478732642,-1.1731341639508992,96.06983427124793,18,80692682.41455999
PRECISION_GATE_SCORE_LE60,WLDUSDT,SHORT,2026-07-31T15:45:00+00:00,2026-07-31T16:00:00+00:00,2026-08-01T05:15:00+00:00,SL,0.3039,0.3093412854320187,0.2970983932099766,0.3093412854320187,32.484767925018566,0.983697295129742,-1.0,-1.0781910828453185,0.07819108284531848,-1.0606136518279474,95.00922061941998,53,85369875.0011
PRECISION_GATE_SCORE_LE60,1000PEPEUSDT,LONG,2026-08-02T14:15:00+00:00,2026-08-02T14:30:00+00:00,2026-08-02T14:45:00+00:00,TP,0.002906,0.00287697461811658,0.0029422817273542755,0.0029422817273542755,51.18888112858006,0.9500922061941998,1.2500000000000075,1.1098330242013548,0.14016697579865287,1.0544437064706458,96.06366432589063,1,152633709.95541272
PRECISION_GATE_SCORE_LE60,TAOUSDT,SHORT,2026-08-02T15:30:00+00:00,2026-08-02T15:45:00+00:00,2026-08-02T16:15:00+00:00,TP,192.79,193.6857347529569,191.67033155880384,191.67033155880384,22.85017190510437,0.9606366432589063,1.2500000000000158,0.948676422781411,0.3013235772186048,0.9113333343196016,96.97499766021024,2,38530571.48805
PRECISION_GATE_SCORE_LE60,1000PEPEUSDT,LONG,2026-08-02T16:15:00+00:00,2026-08-02T16:30:00+00:00,2026-08-03T01:15:00+00:00,SL,0.0029046,0.0028753289596722678,0.0029411888004096647,0.0028753289596722678,52.99241688675765,0.9697499766021024,-1.0,-1.1389236581436897,0.13892365814368973,-1.104471190836424,95.87052646937381,35,156875954.81513208
PRECISION_GATE_SCORE_LE60,LTCUSDT,SHORT,2026-08-03T15:45:00+00:00,2026-08-03T16:00:00+00:00,2026-08-04T16:00:00+00:00,TIMEOUT,44.24,44.56672381424009,43.83159523219989,44.34,32.36212294173988,0.9587052646937382,-0.3060689048105853,-0.4956357416940667,0.18956683688348142,-0.4751685949324875,95.39535787444133,96,30549112.762050003
PRECISION_GATE_SCORE_LE60,WLDUSDT,SHORT,2026-08-06T01:15:00+00:00,2026-08-06T01:30:00+00:00,2026-08-06T06:15:00+00:00,TP,0.3157,0.32056876845291155,0.3096140394338605,0.3096140394338605,34.13763665338981,0.9539535787444133,1.2500000000000029,1.1592213966889968,0.09077860331100614,1.1058433999285657,96.50120127436989,19,75454440.94100001
PRECISION_GATE_SCORE_LE60,LDOUSDT,SHORT,2026-08-06T10:30:00+00:00,2026-08-06T10:45:00+00:00,2026-08-06T11:30:00+00:00,SL,0.2928,0.2969061037014734,0.28766737037315826,0.2969061037014734,24.533451356681972,0.965012012743699,-1.0,-1.099831867337619,0.09983186733761912,-1.0613509639791368,95.43985031039075,3,25755509.9836
PRECISION_GATE_SCORE_LE60,LDOUSDT,SHORT,2026-08-06T16:00:00+00:00,2026-08-06T16:15:00+00:00,2026-08-06T17:45:00+00:00,TP,0.2941,0.2980189685639371,0.28920128929507855,0.28920128929507855,25.516809608456537,0.9543985031039075,1.25,1.1449366412915671,0.10506335870843286,1.0927258165974871,96.53257612698825,6,21520977.665
PRECISION_GATE_SCORE_LE60,WLDUSDT,SHORT,2026-08-07T00:45:00+00:00,2026-08-07T01:00:00+00:00,2026-08-07T04:00:00+00:00,TP,0.3019,0.3047087350158084,0.2983890812302395,0.2983890812302395,53.427370604379654,0.9653257612698825,1.2499999999999951,1.0995194464336597,0.15048055356633527,1.0613944466596124,97.59397057364785,12,89139101.09099999
PRECISION_GATE_SCORE_LE60,ARBUSDT,SHORT,2026-08-07T08:00:00+00:00,2026-08-07T08:15:00+00:00,2026-08-07T11:30:00+00:00,SL,0.07775,0.07829606804757182,0.07706741494053522,0.07829606804757182,47.600198646602685,0.9759397057364786,-1.0,-1.1993341314951855,0.19933413149518545,-1.1704777993711264,96.42349277427672,13,22739038.945298
PRECISION_GATE_SCORE_LE60,TIAUSDT,SHORT,2026-08-07T12:00:00+00:00,2026-08-07T12:15:00+00:00,2026-08-07T12:45:00+00:00,TP,0.3294,0.33109567853280936,0.3272804018339884,0.3272804018339884,31.629406453088478,0.9642349277427673,1.2499999999999918,0.9780380737992932,0.2719619262006986,0.9430584714195368,97.36655124569626,2,12916704.7688
PRECISION_GATE_SCORE_LE60,NEARUSDT,SHORT,2026-08-08T05:30:00+00:00,2026-08-08T05:45:00+00:00,2026-08-08T10:15:00+00:00,SL,1.595,1.6099880878998674,1.5762648901251657,1.6099880878998674,55.29669484096071,0.9736655124569626,-1.0,-1.1489849816012727,0.14898498160127266,-1.118727050916157,96.2478241947801,18,76923637.95
PRECISION_GATE_SCORE_LE60,LINKUSDT,LONG,2026-08-09T00:45:00+00:00,2026-08-09T01:00:00+00:00,2026-08-09T03:00:00+00:00,SL,8.32,8.286904649170696,8.361369188536631,8.286904649170696,53.056247683531055,0.962478241947801,-1.0,-1.3519527579591684,0.3519527579591683,-1.3012251136770212,94.94659908110307,8,49307577.90174
PRECISION_GATE_SCORE_LE60,FILUSDT,SHORT,2026-08-10T08:30:00+00:00,2026-08-10T08:45:00+00:00,2026-08-10T11:15:00+00:00,TP,0.7036,0.709531968378418,0.6961850395269775,0.6961850395269775,33.23562492530671,0.9494659908110308,1.2499999999999907,1.0839438214836283,0.16605617851636223,1.0291677944484483,95.97576687555153,10,23310908.411350004
PRECISION_GATE_SCORE_LE60,XRPUSDT,SHORT,2026-08-10T08:30:00+00:00,2026-08-10T08:45:00+00:00,2026-08-10T14:00:00+00:00,TP,1.0327,1.0402446889077288,1.023269138865339,1.023269138865339,32.97720871714291,0.9494659908110308,1.2499999999999853,1.0583711578195043,0.19162884218048112,1.0048874200049134,96.98065429555645,21,330943087.5377
PRECISION_GATE_SCORE_LE60,TIAUSDT,SHORT,2026-08-10T18:15:00+00:00,2026-08-10T18:30:00+00:00,2026-08-10T21:30:00+00:00,TP,0.3262,0.3289232667254927,0.3227959165931341,0.3227959165931341,29.389729962995432,0.9698065429555645,1.2499999999999898,1.0823043439979607,0.1676956560020291,1.0496258342784524,98.0302801298349,12,12655155.0572
PRECISION_GATE_SCORE_LE60,DOTUSDT,SHORT,2026-08-10T23:15:00+00:00,2026-08-10T23:30:00+00:00,2026-08-11T02:00:00+00:00,SL,0.8051,0.8125257335448933,0.7958178330688834,0.8125257335448933,34.46501873993886,0.9803028012983491,-1.0,-1.1517883712344001,0.1517883712344001,-1.1291013668239454,96.90117876301096,10,29186568.92465
PRECISION_GATE_SCORE_LE60,TIAUSDT,SHORT,2026-08-11T08:00:00+00:00,2026-08-11T08:15:00+00:00,2026-08-11T15:00:00+00:00,TP,0.3169,0.3196675601336335,0.31344054983295816,0.31344054983295816,37.120337231053085,0.9690117876301096,1.249999999999995,1.089692733462836,0.16030726653715896,1.0559251036203632,97.95710386663133,27,12758919.6922
PRECISION_GATE_SCORE_LE60,DOTUSDT,SHORT,2026-08-13T08:00:00+00:00,2026-08-13T08:15:00+00:00,2026-08-13T12:15:00+00:00,TP,0.7733,0.776989278547032,0.7686884018162099,0.7686884018162099,28.495627880867637,0.9795710386663133,1.2500000000000075,0.9565496719213793,0.2934503280786283,0.9370083556599468,98.89411222229127,16,20783347.402030002
PRECISION_GATE_SCORE_LE60,LTCUSDT,SHORT,2026-08-14T00:00:00+00:00,2026-08-14T00:15:00+00:00,2026-08-14T03:30:00+00:00,SL,44.75,44.87409578213224,44.594880272334706,44.87409578213224,31.753208898790636,0.9889411222229127,-1.0,-1.50485196937024,0.50485196937024,-1.4882099953683654,97.4059022269229,13,22252312.985749997
PRECISION_GATE_SCORE_LE60,AAVEUSDT,SHORT,2026-08-14T18:45:00+00:00,2026-08-14T19:00:00+00:00,2026-08-15T04:15:00+00:00,SL,86.2,87.03390287777485,85.15762140278144,87.03390287777485,49.63169466869494,0.974059022269229,-1.0,-1.1447170926211667,0.14471709262116675,-1.1150220120134482,96.29088021490945,37,40881999.619
PRECISION_GATE_SCORE_LE60,AAVEUSDT,SHORT,2026-08-16T05:00:00+00:00,2026-08-16T05:15:00+00:00,2026-08-16T10:45:00+00:00,TP,86.16,86.56158542701108,85.65801821623614,85.65801821623614,33.12966321159392,0.9629088021490945,1.2499999999999911,0.9496305346591325,0.3003694653408586,0.9144076006128294,97.20528781552228,22,21560879.485
PRECISION_GATE_SCORE_LE60,FILUSDT,SHORT,2026-08-17T07:00:00+00:00,2026-08-17T07:15:00+00:00,2026-08-17T13:45:00+00:00,SL,0.6668,0.6722192337448353,0.6600259578189558,0.6722192337448353,47.964025187687405,0.9720528781552229,-1.0,-1.1722605157767312,0.17226051577673118,-1.1394992083084976,96.06578860721379,26,32010024.12229
PRECISION_GATE_SCORE_LE60,ETHUSDT,LONG,2026-08-17T23:00:00+00:00,2026-08-17T23:15:00+00:00,2026-08-17T23:45:00+00:00,TP,1907.21,1900.461526121893,1915.6455923476337,1915.6455923476337,30.741655280906873,0.9606578860721379,1.2499999999999916,0.854341063145815,0.3956589368541766,0.8207294797062815,96.88651808692008,2,4876628366.97928
PRECISION_GATE_SCORE_LE60,SUIUSDT,SHORT,2026-08-18T00:15:00+00:00,2026-08-18T00:30:00+00:00,2026-08-18T02:00:00+00:00,TP,0.6741,0.6779506686296276,0.6692866642129656,0.6692866642129656,44.85739638185046,0.9688651808692008,1.25,1.0049152911422357,0.24508470885776426,0.9736274353107477,97.86014552223082,6,69059024.48651001
PRECISION_GATE_SCORE_LE60,DOTUSDT,SHORT,2026-08-18T12:15:00+00:00,2026-08-18T12:30:00+00:00,2026-08-18T14:30:00+00:00,SL,0.7374,0.7422529558160724,0.7313338052299095,0.7422529558160724,55.09462706448544,0.9786014552223082,-1.0,-1.2127280855475657,0.21272808554756584,-1.1867774693058117,96.67336805292501,8,35476695.41343
PRECISION_GATE_SCORE_LE60,ETHUSDT,LONG,2026-08-19T01:00:00+00:00,2026-08-19T01:15:00+00:00,2026-08-19T02:30:00+00:00,SL,1915.58,1908.6615945218514,1924.2280068476857,1908.6615945218514,28.432263280342184,0.9667336805292501,-1.0,-1.387634406290637,0.38763440629063683,-1.3414729168223682,95.33189513610264,5,4567447244.418941
PRECISION_GATE_SCORE_LE60,LTCUSDT,LONG,2026-08-21T00:00:00+00:00,2026-08-21T00:15:00+00:00,2026-08-21T04:45:00+00:00,TP,48.0,47.50195322159266,48.62255847300918,48.62255847300918,59.648620374399705,0.9533189513610265,1.25,1.1150729150083198,0.13492708499168016,1.0630201420268146,96.39491527812946,18,74929744.70640999
PRECISION_GATE_SCORE_LE60,ZROUSDT,LONG,2026-08-23T05:15:00+00:00,2026-08-23T05:30:00+00:00,2026-08-23T09:00:00+00:00,TP,1.1661,1.098646866785164,1.2504164165185447,1.2504164165185447,28.44856021403171,0.9639491527812947,1.2500000000000009,1.2257974178189712,0.02420258218102958,1.181606382388096,97.57652166051756,14,71278114.00083
PRECISION_GATE_SCORE_LE60,ZROUSDT,LONG,2026-08-23T12:45:00+00:00,2026-08-23T13:00:00+00:00,2026-08-24T00:45:00+00:00,SL,1.2305,1.1589963485080395,1.3198795643649506,1.1589963485080395,37.55890202640521,0.9757652166051756,-1.0,-1.024092475895356,0.024092475895356083,-0.9992738165657626,96.5772478439518,47,157442188.7008
PRECISION_GATE_SCORE_LE60,INJUSDT,LONG,2026-08-25T00:00:00+00:00,2026-08-25T00:15:00+00:00,2026-08-25T02:30:00+00:00,TP,5.722,5.5632159158469525,5.92048010519131,5.92048010519131,55.66740954270686,0.965772478439518,1.25,1.1995490996926454,0.050450900307354454,1.1584915070200585,97.73573935097185,9,92092241.7088
PRECISION_GATE_SCORE_LE60,TAOUSDT,LONG,2026-08-25T00:45:00+00:00,2026-08-25T01:00:00+00:00,2026-08-25T08:00:00+00:00,SL,241.56,237.01080671589818,247.2464916051273,237.01080671589818,40.934320967506956,0.965772478439518,-1.0,-1.0743393342247867,0.07433933422478667,-1.037567361499334,96.69817198947253,28,162634419.42602
PRECISION_GATE_SCORE_LE60,ZROUSDT,LONG,2026-08-26T06:45:00+00:00,2026-08-26T07:00:00+00:00,2026-08-26T09:45:00+00:00,SL,1.2097,1.172269688581098,1.2564878892736275,1.172269688581098,30.895378176447284,0.9669817198947253,-1.0,-1.045246217191363,0.045246217191363056,-1.0107339848131598,95.68743800465937,11,186756521.13067
PRECISION_GATE_SCORE_LE60,ETHUSDT,LONG,2026-08-27T05:45:00+00:00,2026-08-27T06:00:00+00:00,2026-08-27T08:15:00+00:00,TP,2495.52,2475.2365117396585,2520.874360325427,2520.874360325427,30.643296008602395,0.9568743800465938,1.2500000000000056,1.0777550707670507,0.17224492923295498,1.0312762151822945,96.71871421984166,9,8409811309.89421
PRECISION_GATE_SCORE_LE60,WLDUSDT,LONG,2026-08-27T22:00:00+00:00,2026-08-27T22:15:00+00:00,2026-08-28T01:45:00+00:00,TP,0.415,0.4057878768435717,0.42651515394553535,0.42651515394553535,48.39892261701612,0.9671871421984166,1.250000000000003,1.1869309343639696,0.0630690656360336,1.1479843383943842,97.86669855823604,14,165193468.2208
PRECISION_GATE_SCORE_LE60,LDOUSDT,LONG,2026-08-28T00:15:00+00:00,2026-08-28T00:30:00+00:00,2026-08-28T02:15:00+00:00,SL,0.3685,0.3633565131159801,0.37492935860502485,0.3633565131159801,26.035263840483054,0.9671871421984166,-1.0,-1.100301606990159,0.10030160699015893,-1.0641975668211372,96.8025009914149,7,15944234.736899998
PRECISION_GATE_SCORE_LE60,XRPUSDT,LONG,2026-08-27T19:45:00+00:00,2026-08-27T20:00:00+00:00,2026-08-28T02:30:00+00:00,SL,1.4566,1.4304393798325559,1.4893007752093048,1.4304393798325559,31.71802645052988,0.9671871421984166,-1.0,-1.0779507514327875,0.07795075143278761,-1.0425801067089135,95.75992088470599,26,1583468227.23512
PRECISION_GATE_SCORE_LE60,FILUSDT,SHORT,2026-08-29T06:00:00+00:00,2026-08-29T06:15:00+00:00,2026-08-29T09:00:00+00:00,TP,0.6839,0.6892422197984137,0.6772222252519827,0.6772222252519827,47.5475718088003,0.95759920884706,1.250000000000005,1.070774877086812,0.1792251229131931,1.025373175151639,96.78529405985763,11,56238782.26253
PRECISION_GATE_SCORE_LE60,NEARUSDT,LONG,2026-08-30T16:00:00+00:00,2026-08-30T16:15:00+00:00,2026-08-30T19:00:00+00:00,TP,1.885,1.8602559779605434,1.9159300275493207,1.9159300275493207,26.97718278660261,0.9678529405985764,1.25,1.1433479773097568,0.10665202269024315,1.1065927019666826,97.89188676182431,11,70862636.223
PRECISION_GATE_SCORE_LE60,ETHUSDT,LONG,2026-09-01T00:00:00+00:00,2026-09-01T00:15:00+00:00,2026-09-01T01:30:00+00:00,SL,2471.18,2455.812684376175,2490.3891445297804,2455.812684376175,33.16981201750387,0.9789188676182431,-1.0,-1.2251305357870272,0.2251305357870273,-1.1993033967771682,96.69258336504714,5,7589175554.80467
PRECISION_GATE_SCORE_LE60,TIAUSDT,LONG,2026-09-03T02:30:00+00:00,2026-09-03T02:45:00+00:00,2026-09-03T06:30:00+00:00,TP,0.3552,0.34835741269602394,0.3637532341299701,0.3637532341299701,27.644610134300372,0.9669258336504715,1.250000000000002,1.1773257354405946,0.07267426455940745,1.1383866682190513,97.8309700332662,15,20392001.7027
PRECISION_GATE_SCORE_LE60,ETHUSDT,LONG,2026-09-04T06:00:00+00:00,2026-09-04T06:15:00+00:00,2026-09-04T09:30:00+00:00,TP,2513.83,2495.5079264695414,2536.732591913073,2536.732591913073,32.414267739735436,0.978309700332662,1.25,1.0579168280735567,0.1920831719264434,1.0349702950495214,98.86594032831572,13,11019096840.5942
PRECISION_GATE_SCORE_LE60,TIAUSDT,LONG,2026-09-05T08:45:00+00:00,2026-09-05T09:00:00+00:00,2026-09-05T11:30:00+00:00,SL,0.3646,0.36083532289266157,0.36930584638417296,0.36083532289266157,43.998354854378505,0.9886594032831572,-1.0,-1.1355866613381025,0.13558666133810238,-1.1227084309748412,97.74323189734088,10,20402592.2011
PRECISION_GATE_SCORE_LE60,ARBUSDT,LONG,2026-09-05T16:00:00+00:00,2026-09-05T16:15:00+00:00,2026-09-05T17:15:00+00:00,TP,0.13396,0.1308098676641893,0.13789766541976334,0.13789766541976334,40.56198030135879,0.9774323189734088,1.2499999999999956,1.190464723380661,0.05953527661933467,1.163598695229997,98.90683059257087,4,92409844.114299
PRECISION_GATE_SCORE_LE60,WLDUSDT,LONG,2026-09-05T16:45:00+00:00,2026-09-05T17:00:00+00:00,2026-09-05T18:45:00+00:00,SL,0.3987,0.393546386568521,0.4051420167893488,0.393546386568521,47.00682363703461,0.9890683059257087,-1.0,-1.108308472767972,0.10830847276797195,-1.0961927836037275,97.81063780896714,7,97454543.7477
PRECISION_GATE_SCORE_LE60,SUIUSDT,LONG,2026-09-06T01:00:00+00:00,2026-09-06T01:15:00+00:00,2026-09-06T07:15:00+00:00,SL,0.8017,0.7891230431358891,0.8174211960801385,0.7891230431358891,54.21279381897679,0.9781063780896715,-1.0,-1.0892409835007688,0.0892409835007689,-1.0653935532387686,96.74524425572838,24,294620186.7145
PRECISION_GATE_SCORE_LE60,ZROUSDT,LONG,2026-09-06T15:00:00+00:00,2026-09-06T15:15:00+00:00,2026-09-07T08:45:00+00:00,TP,1.1001,1.0655747616765279,1.1432565479043404,1.1432565479043404,32.521818085686014,0.9674524425572838,1.2500000000000016,1.2053908944647929,0.044609105535208596,1.166158365086273,97.91140262081466,70,21557015.05458
PRECISION_GATE_SCORE_LE60,FILUSDT,LONG,2026-09-08T05:00:00+00:00,2026-09-08T05:15:00+00:00,2026-09-08T15:15:00+00:00,TP,0.8472,0.8295496574820908,0.8692629281473865,0.8692629281473865,51.15021141544652,0.9791140262081466,1.2500000000000016,1.1828013040655445,0.06719869593445707,1.1580973470278615,99.06949996784252,40,154145959.41979998
PRECISION_GATE_SCORE_LE60,TAOUSDT,LONG,2026-09-09T10:30:00+00:00,2026-09-09T10:45:00+00:00,2026-09-09T12:00:00+00:00,TP,260.5,255.57084004420437,266.6614499447445,266.6614499447445,37.874130622194976,0.9906949996784252,1.2499999999999942,1.1760117335873388,0.0739882664126555,1.165068944028133,100.23456891187065,5,183978892.61923
PRECISION_GATE_SCORE_LE60,ETHUSDT,LONG,2026-09-09T11:45:00+00:00,2026-09-09T12:00:00+00:00,2026-09-09T15:15:00+00:00,SL,2499.86,2480.57718591139,2523.9635176107627,2480.57718591139,40.802878081636194,1.0023456891187066,-1.0,-1.1814986123870417,0.1814986123870416,-1.1842700408258848,99.05029887104477,13,8658510131.245699
PRECISION_GATE_SCORE_LE60,XRPUSDT,LONG,2026-09-09T11:45:00+00:00,2026-09-09T12:00:00+00:00,2026-09-09T15:15:00+00:00,SL,1.4265,1.4128920904549667,1.443509886931292,1.4128920904549667,33.90999026176187,1.0023456891187066,-1.0,-1.1467602348024788,0.14676023480247882,-1.1494501778070203,97.90084869323775,13,1084385701.49955
PRECISION_GATE_SCORE_LE60,JUPUSDT,LONG,2026-09-12T07:00:00+00:00,2026-09-12T07:15:00+00:00,2026-09-12T22:45:00+00:00,SL,0.246,0.24166816346661332,0.25141479566673336,0.24166816346661332,33.93065209748647,0.9790084869323775,-1.0,-1.0795043851137072,0.0795043851137071,-1.056843954707037,96.84400473853071,62,42284349.2002
PRECISION_GATE_SCORE_LE60,INJUSDT,LONG,2026-09-13T00:00:00+00:00,2026-09-13T00:15:00+00:00,2026-09-13T00:30:00+00:00,TP,6.029,5.939274807460915,6.141156490673856,6.141156490673856,46.76309625330742,0.9684400473853072,1.25,1.155928315547239,0.09407168445276096,1.1194472726825866,97.9634520112133,1,32220106.2098
PRECISION_GATE_SCORE_LE60,SUIUSDT,SHORT,2026-09-16T00:00:00+00:00,2026-09-16T00:15:00+00:00,2026-09-16T04:30:00+00:00,SL,0.6851,0.6939333355439914,0.6740583305700109,0.6939333355439914,38.359601067172036,0.979634520112133,-1.0,-1.1085818596184123,0.10858185961841225,-1.0860050580522993,96.87744695316101,17,286114532.1368
PRECISION_GATE_SCORE_LE60,SANDUSDT,SHORT,2026-09-16T10:00:00+00:00,2026-09-16T10:15:00+00:00,2026-09-16T11:45:00+00:00,SL,0.03314,0.03337317955261108,0.03284852555923616,0.03337317955261108,57.62712158748652,0.9687744695316102,-1.0,-1.1989711339629545,0.19897113396295454,-1.1615326242886743,95.71591432887234,6,12319789.71059
PRECISION_GATE_SCORE_LE60,AAVEUSDT,LONG,2026-09-18T23:00:00+00:00,2026-09-18T23:15:00+00:00,2026-09-19T00:30:00+00:00,TP,139.11,136.9350269560509,141.8287163049364,141.8287163049364,57.893876782344314,0.9571591432887234,1.2499999999999967,1.160456821273338,0.08954317872665872,1.1107418568735434,96.82665618574589,5,155562754.141
PRECISION_GATE_SCORE_LE60,INJUSDT,LONG,2026-09-18T23:00:00+00:00,2026-09-18T23:15:00+00:00,2026-09-19T00:45:00+00:00,TP,6.625,6.485377904314884,6.799527619606395,6.799527619606395,57.88622420251115,0.9571591432887234,1.25,1.183570686255007,0.06642931374499299,1.132865504077489,97.95952168982338,6,104006701.63090001
PRECISION_GATE_SCORE_LE60,TIAUSDT,LONG,2026-09-18T19:00:00+00:00,2026-09-18T19:15:00+00:00,2026-09-19T04:00:00+00:00,TP,0.4031,0.39496603624164073,0.4132674546979491,0.4132674546979491,50.60564955499842,0.9571591432887234,1.25,1.180619312211709,0.06938068778829104,1.1300405694266813,99.08956225925006,35,51242535.6745
PRECISION_GATE_SCORE_LE60,FILUSDT,LONG,2026-09-19T08:00:00+00:00,2026-09-19T08:15:00+00:00,2026-09-19T16:45:00+00:00,TP,0.9744,0.9366945873411737,1.021531765823533,1.021531765823533,57.64772410975413,0.9908956225925006,1.2500000000000016,1.2138205789618746,0.03617942103812697,1.2027694983060162,100.29233175755607,34,166163783.11477998
PRECISION_GATE_SCORE_LE60,LDOUSDT,LONG,2026-09-19T19:15:00+00:00,2026-09-19T19:30:00+00:00,2026-09-19T21:30:00+00:00,SL,0.4128,0.4049813843954489,0.42257326950568885,0.4049813843954489,57.49786197052207,1.0029233175755607,-1.0,-1.0739158988278694,0.07391589882786935,-1.077055296049587,99.21527646150648,8,21939925.925
PRECISION_GATE_SCORE_LE60,LDOUSDT,LONG,2026-09-21T00:00:00+00:00,2026-09-21T00:15:00+00:00,2026-09-21T00:45:00+00:00,TP,0.4221,0.41629200686416906,0.42935999141978864,0.42935999141978864,54.115515506227815,0.9921527646150647,1.2500000000000049,1.1482540119831892,0.1017459880168157,1.139243392469461,100.35451985397594,2,25753119.359899998
PRECISION_GATE_SCORE_LE60,DOTUSDT,LONG,2026-09-21T00:00:00+00:00,2026-09-21T00:15:00+00:00,2026-09-21T08:45:00+00:00,TP,1.1422,1.1214820613108134,1.1680974233614836,1.1680974233614836,38.337713252112735,0.9921527646150647,1.2500000000000053,1.1728166458068294,0.07718335419317594,1.163613277523813,101.51813313149975,34,71553851.66904
PRECISION_GATE_SCORE_LE60,WLDUSDT,LONG,2026-09-21T02:45:00+00:00,2026-09-21T03:00:00+00:00,2026-09-21T09:30:00+00:00,TP,0.4392,0.42668182206802774,0.4548477224149653,0.4548477224149653,46.07149171006693,1.0035451985397594,1.250000000000001,1.2008810305028863,0.049118969497114785,1.20513839217865,102.7232715236784,26,194872780.8866
PRECISION_GATE_SCORE_LE60,LTCUSDT,LONG,2026-09-22T00:00:00+00:00,2026-09-22T00:15:00+00:00,2026-09-22T01:15:00+00:00,SL,62.12,61.12244572155544,63.3669428480557,61.12244572155544,56.376243592443785,1.0272327152367842,-1.0,-1.0871812209914082,0.0871812209914082,-1.1167881175934466,101.60648340608496,4,222849720.73589
PRECISION_GATE_SCORE_LE60,AAVEUSDT,LONG,2026-09-24T22:30:00+00:00,2026-09-24T22:45:00+00:00,2026-09-24T23:45:00+00:00,TP,144.85,142.6332441884519,147.6209447644351,147.6209447644351,37.10570692663208,1.0160648340608496,1.249999999999997,1.1585194684305864,0.09148053156941055,1.1771308914471874,102.78361429753215,4,136527880.78399998
PRECISION_GATE_SCORE_LE60,SANDUSDT,LONG,2026-09-24T23:45:00+00:00,2026-09-25T00:00:00+00:00,2026-09-25T00:15:00+00:00,TP,0.04265,0.04219372214766989,0.04322034731541263,0.04322034731541263,29.853035290577772,1.0278361429753216,1.2499999999999962,1.1191367558274496,0.13086324417254663,1.1502892065716002,103.93390350410375,1,13724762.29524
PRECISION_GATE_SCORE_LE60,DOTUSDT,LONG,2026-09-25T00:00:00+00:00,2026-09-25T00:15:00+00:00,2026-09-25T01:45:00+00:00,SL,1.1614,1.1483956948118401,1.1776553814851998,1.1483956948118401,32.007298958839755,1.0393390350410376,-1.0,-1.1250324393709554,0.12503243937095543,-1.1692901299256735,102.76461337417808,6,77925378.9056
PRECISION_GATE_SCORE_LE60,FILUSDT,LONG,2026-09-25T00:00:00+00:00,2026-09-25T00:15:00+00:00,2026-09-25T01:45:00+00:00,SL,0.9976,0.9837089278744765,1.0149638401569046,0.9837089278744765,27.69626459871512,1.0393390350410376,-1.0,-1.1005422754543046,0.10054227545430458,-1.1438365465925449,101.62077682758554,6,136897774.63749
PRECISION_GATE_SCORE_LE60,TIAUSDT,LONG,2026-09-25T00:00:00+00:00,2026-09-25T00:15:00+00:00,2026-09-25T02:45:00+00:00,SL,0.4909,0.48176611743940095,0.5023173532007488,0.48176611743940095,37.36898519344349,1.0393390350410376,-1.0,-1.0752429205696865,0.07524292056968661,-1.1175419394996051,100.50323488808594,10,61125327.2958
PRECISION_GATE_SCORE_LE60,ARBUSDT,LONG,2026-09-25T22:00:00+00:00,2026-09-25T22:15:00+00:00,2026-09-25T23:00:00+00:00,TP,0.22327,0.21852485216297027,0.22920143479628716,0.22920143479628716,28.625364924063778,1.0050323488808595,1.25,1.1841268152783915,0.06587318472160843,1.1900857545320533,101.69332064261799,3,167389536.850086
PRECISION_GATE_SCORE_LE60,SANDUSDT,LONG,2026-09-25T22:00:00+00:00,2026-09-25T22:15:00+00:00,2026-09-26T05:45:00+00:00,SL,0.04521,0.04464186372943544,0.0459201703382057,0.04464186372943544,32.30051668472399,1.0050323488808595,-1.0,-1.1114063707587343,0.11140637075873423,-1.116999355364802,100.5763212872532,30,22676103.95555
PRECISION_GATE_SCORE_LE60,ORDIUSDT,LONG,2026-09-26T13:45:00+00:00,2026-09-26T14:00:00+00:00,2026-09-26T15:15:00+00:00,TP,4.801,4.72507001374817,4.895912482814787,4.895912482814787,41.3887136835245,1.005763212872532,1.2499999999999971,1.1614789777821377,0.0885210222178595,1.168172828378067,101.74449411563126,5,11772619.3752
PRECISION_GATE_SCORE_LE60,JUPUSDT,LONG,2026-09-26T09:45:00+00:00,2026-09-26T10:00:00+00:00,2026-09-26T20:45:00+00:00,SL,0.3458,0.3361396800737195,0.35787539990785056,0.3361396800737195,59.21294482355711,1.005763212872532,-1.0,-1.0501142823109795,0.05011428231097949,-1.0561663144604239,100.68832780117083,43,45766790.986
PRECISION_GATE_SCORE_LE60,AAVEUSDT,LONG,2026-09-27T04:00:00+00:00,2026-09-27T04:15:00+00:00,2026-09-27T04:45:00+00:00,SL,155.64,154.02157193924063,157.66303507594918,154.02157193924063,28.13762937460747,1.0068832780117083,-1.0,-1.1346343438322273,0.13463434383222725,-1.1424443474624568,99.54588345370837,2,122061748.51
PRECISION_GATE_SCORE_LE60,STRKUSDT,LONG,2026-09-27T11:30:00+00:00,2026-09-27T11:45:00+00:00,2026-09-27T13:15:00+00:00,SL,0.04096,0.040434385611615054,0.04161701798548119,0.040434385611615054,49.303619425155404,0.9954588345370837,-1.0,-1.1090989920884784,0.1090989920884783,-1.104062390050651,98.44182106365771,6,18189577.070264
PRECISION_GATE_SCORE_LE60,LDOUSDT,LONG,2026-09-30T02:45:00+00:00,2026-09-30T03:00:00+00:00,2026-09-30T07:00:00+00:00,SL,0.4735,0.46366918521796013,0.4857885184775498,0.46366918521796013,28.652617334239398,0.9844182106365772,-1.0,-1.0674308299665118,0.06743082996651185,-1.05079834761395,97.39102271604376,16,35233553.8748
PRECISION_GATE_SCORE_LE60,QNTUSDT,LONG,2026-09-30T10:00:00+00:00,2026-09-30T10:15:00+00:00,2026-09-30T11:30:00+00:00,TP,289.83,272.9403283534676,310.9420895581655,310.9420895581655,40.6829539313149,0.9739102271604376,1.25,1.2259757318856281,0.02402426811437192,1.1939903035339159,98.58501301957769,5,1399976675.469
PRECISION_GATE_SCORE_LE60,NEARUSDT,LONG,2026-09-30T22:15:00+00:00,2026-09-30T22:30:00+00:00,2026-10-01T02:30:00+00:00,SL,5.372,5.180120037429054,5.6118499532136825,5.180120037429054,50.306163416527916,0.9858501301957769,-1.0,-1.0391953380604775,0.039195338060477564,-1.0244908593257662,97.56052216025192,16,928844670.601
PRECISION_GATE_SCORE_LE60,WLDUSDT,LONG,2026-10-01T00:00:00+00:00,2026-10-01T00:15:00+00:00,2026-10-01T08:00:00+00:00,SL,0.5373,0.5224778617471486,0.5558276728160643,0.5224778617471486,41.05954849730753,0.9858501301957769,-1.0,-1.050749762764849,0.050749762764848896,-1.035881790424908,96.52464036982701,31,404558865.9561
PRECISION_GATE_SCORE_LE60,ETHUSDT,LONG,2026-10-01T13:30:00+00:00,2026-10-01T13:45:00+00:00,2026-10-01T15:45:00+00:00,SL,2697.28,2676.114681926848,2723.7366475914405,2676.114681926848,49.3866721257576,0.9652464036982701,-1.0,-1.1784141389677487,0.17841413896774866,-1.137460009705813,95.38718036012119,8,8416236970.8744
PRECISION_GATE_SCORE_LE60,AAVEUSDT,LONG,2026-10-04T05:15:00+00:00,2026-10-04T05:30:00+00:00,2026-10-04T10:00:00+00:00,SL,182.42,180.6217801717241,184.66777478534482,180.6217801717241,56.4168940175778,0.9538718036012119,-1.0,-1.142022680422151,0.14202268042215102,-1.0893432339277676,94.29783712619343,18,110885354.459
PRECISION_GATE_SCORE_LE60,ZROUSDT,LONG,2026-10-04T07:00:00+00:00,2026-10-04T07:15:00+00:00,2026-10-04T10:30:00+00:00,SL,2.0457,1.987976850382452,2.1178539370219354,1.987976850382452,47.05561661112933,0.9538718036012119,-1.0,-1.0496157957245171,0.049615795724517034,-1.0011989121560665,93.29663821403736,13,140714069.52921
PRECISION_GATE_SCORE_LE60,ETHUSDT,LONG,2026-10-04T12:15:00+00:00,2026-10-04T12:30:00+00:00,2026-10-04T13:00:00+00:00,SL,2700.92,2695.3137992517695,2707.9277509352883,2695.3137992517695,33.835707073105866,0.9329663821403736,-1.0,-1.674483160666957,0.6744831606669571,-1.562236496362429,91.73440171767493,2,2219675173.56764
PRECISION_GATE_SCORE_LE60,LINKUSDT,LONG,2026-10-05T02:00:00+00:00,2026-10-05T02:15:00+00:00,2026-10-05T03:30:00+00:00,SL,14.227,14.101791089459466,14.383511138175669,14.101791089459466,29.779742673444332,0.9173440171767493,-1.0,-1.1590765378758883,0.1590765378758882,-1.063271927470386,90.67112979020455,5,89985832.50702001
PRECISION_GATE_SCORE_LE60,NEARUSDT,LONG,2026-10-05T02:00:00+00:00,2026-10-05T02:15:00+00:00,2026-10-05T04:00:00+00:00,SL,4.937,4.828642334084938,5.072447082393828,4.828642334084938,40.257771408251905,0.9173440171767493,-1.0,-1.0637869036918708,0.06378690369187079,-0.9758585516527165,89.69527123855183,7,412992083.54999995
PRECISION_GATE_SCORE_LE60,INJUSDT,LONG,2026-10-05T07:00:00+00:00,2026-10-05T07:15:00+00:00,2026-10-05T09:30:00+00:00,SL,7.629,7.503142357255731,7.786322053430335,7.503142357255731,32.12231840729723,0.8969527123855183,-1.0,-1.0848625460251313,0.08486254602513124,-0.9730704032227008,88.72220083532912,9,36220752.7037
PRECISION_GATE_SCORE_LE60,ETHUSDT,LONG,2026-10-05T13:00:00+00:00,2026-10-05T13:15:00+00:00,2026-10-05T14:45:00+00:00,SL,2718.59,2703.157237724267,2737.880952844667,2703.157237724267,40.827365644955485,0.8872220083532912,-1.0,-1.2466198812629068,0.24661988126290688,-1.1060285947072177,87.6161722406219,6,6063885266.175
PRECISION_GATE_SCORE_LE60,NEARUSDT,LONG,2026-10-08T04:15:00+00:00,2026-10-08T04:30:00+00:00,2026-10-08T07:15:00+00:00,TP,5.402,5.223204180168472,5.62549477478941,5.62549477478941,39.22077768161476,0.876161722406219,1.25,1.2077014719520505,0.042298528047949424,1.0581418018180346,88.67431404243995,11,947152143.044
PRECISION_GATE_SCORE_LE60,JUPUSDT,LONG,2026-10-09T11:00:00+00:00,2026-10-09T11:15:00+00:00,2026-10-09T12:00:00+00:00,TP,0.3617,0.35247138503511205,0.37323576870610997,0.37323576870610997,28.536306589445807,0.8867431404243995,1.2499999999999984,1.1951293610225766,0.0548706389774218,1.0597727628065654,89.7340868052465,3,82600273.2915
PRECISION_GATE_SCORE_LE60,JUPUSDT,LONG,2026-10-09T14:15:00+00:00,2026-10-09T14:30:00+00:00,2026-10-09T16:30:00+00:00,TP,0.3648,0.35407375280266945,0.37820780899666323,0.37820780899666323,44.22277289862145,0.897340868052465,1.2500000000000013,1.2023859565601762,0.047614043439825136,1.078950057993802,90.81303686324031,8,69151540.6928
PRECISION_GATE_SCORE_LE60,STRKUSDT,LONG,2026-10-09T14:30:00+00:00,2026-10-09T14:45:00+00:00,2026-10-09T20:45:00+00:00,SL,0.07331,0.06920509940729985,0.07844112574087518,0.06920509940729985,52.9589552263031,0.897340868052465,-1.0,-1.0250027979197638,0.025002797919763696,-0.9197769004415263,89.8932599627988,24,413979057.725056
