coin,variant,side,signal_time,entry_time,exit_time,entry,initial_sl,tp1,tp2,exit,gross_R,cost_R,net_R,result,bars_held,entry_time_dt
ADA,A_ZONE_EMA_MACD,LONG,2025-01-04T01:45:00+00:00,2025-01-04T02:00:00+00:00,2025-01-04T04:30:00+00:00,1.1059,1.0860825316104623,1.125717468389538,1.1455349367790757,1.0860825316104623,-1.0,0.145091,-1.145091,SL,11,2025-01-04 02:00:00+00:00
ADA,A_ZONE_EMA_MACD,LONG,2025-01-22T00:45:00+00:00,2025-01-22T01:00:00+00:00,2025-01-22T02:00:00+00:00,1.0176,1.001214417603764,1.033985582396236,1.050371164792472,1.001214417603764,-1.0,0.161469,-1.161469,SL,5,2025-01-22 01:00:00+00:00
ADA,A_ZONE_EMA_MACD,LONG,2025-01-26T12:15:00+00:00,2025-01-26T12:30:00+00:00,2025-01-26T20:45:00+00:00,0.988,0.9802282479835053,0.9957717520164947,1.0035435040329894,0.9922105242647832,0.770886,0.33053,0.440356,SL,34,2025-01-26 12:30:00+00:00
ADA,A_ZONE_EMA_MACD,LONG,2025-02-21T13:00:00+00:00,2025-02-21T13:15:00+00:00,2025-02-21T14:30:00+00:00,0.811,0.8022147035627148,0.8197852964372853,0.8285705928745705,0.8063189153525089,-0.532832,0.240015,-0.772846,SL,6,2025-02-21 13:15:00+00:00
ADA,A_ZONE_EMA_MACD,LONG,2025-03-02T15:15:00+00:00,2025-03-02T15:30:00+00:00,2025-03-02T15:30:00+00:00,0.7383,0.7120616126944838,0.7645383873055162,0.7907767746110324,0.7907767746110324,1.5,0.073159,1.426841,TP2,1,2025-03-02 15:30:00+00:00
ADA,A_ZONE_EMA_MACD,SHORT,2025-03-06T12:00:00+00:00,2025-03-06T12:15:00+00:00,2025-03-06T14:30:00+00:00,0.942,0.9598318541253725,0.9241681458746274,0.9063362917492548,0.9063362917492548,1.5,0.13735,1.36265,TP2,10,2025-03-06 12:15:00+00:00
ADA,A_ZONE_EMA_MACD,LONG,2025-03-24T17:15:00+00:00,2025-03-24T17:30:00+00:00,2025-03-24T20:45:00+00:00,0.7371,0.7283975238469714,0.7458024761530285,0.7545049523060571,0.7343784794610373,-0.312729,0.22022,-0.53295,SL,14,2025-03-24 17:30:00+00:00
ADA,A_ZONE_EMA_MACD,LONG,2025-04-21T14:15:00+00:00,2025-04-21T14:30:00+00:00,2025-04-21T14:45:00+00:00,0.6485,0.6412520902855061,0.6557479097144938,0.6629958194289877,0.6412520902855061,-1.0,0.232633,-1.232633,SL,2,2025-04-21 14:30:00+00:00
ADA,A_ZONE_EMA_MACD,LONG,2025-04-29T14:30:00+00:00,2025-04-29T14:45:00+00:00,2025-04-29T16:00:00+00:00,0.716,0.7074713337857194,0.7245286662142806,0.7330573324285612,0.7074713337857194,-1.0,0.218276,-1.218276,SL,6,2025-04-29 14:45:00+00:00
ADA,A_ZONE_EMA_MACD,SHORT,2025-04-30T12:30:00+00:00,2025-04-30T12:45:00+00:00,2025-04-30T13:15:00+00:00,0.6875,0.6936447759758585,0.6813552240241415,0.675210448048283,0.675210448048283,1.5,0.290898,1.209102,TP2,3,2025-04-30 12:45:00+00:00
ADA,A_ZONE_EMA_MACD,SHORT,2025-05-04T22:00:00+00:00,2025-05-04T22:15:00+00:00,2025-05-05T01:30:00+00:00,0.6814,0.6883141644242946,0.6744858355757054,0.6675716711514108,0.6675716711514108,1.5,0.256233,1.243767,TP2,14,2025-05-04 22:15:00+00:00
ADA,A_ZONE_EMA_MACD,LONG,2025-05-07T07:15:00+00:00,2025-05-07T07:30:00+00:00,2025-05-07T12:00:00+00:00,0.6806,0.6740663278706739,0.6871336721293261,0.6936673442586522,0.6802053102871005,-0.060409,0.270837,-0.331246,SL,19,2025-05-07 07:30:00+00:00
ADA,A_ZONE_EMA_MACD,SHORT,2025-06-12T18:15:00+00:00,2025-06-12T18:30:00+00:00,2025-06-12T20:30:00+00:00,0.6786,0.6862822678405373,0.6709177321594627,0.6632354643189254,0.6632354643189254,1.5,0.229667,1.270333,TP2,9,2025-06-12 18:30:00+00:00
ADA,A_ZONE_EMA_MACD,SHORT,2025-06-17T21:45:00+00:00,2025-06-17T22:00:00+00:00,2025-06-18T00:30:00+00:00,0.6101,0.6181553621691441,0.6020446378308558,0.5939892756617117,0.6133492294594161,-0.403362,0.19692,-0.600282,SL,11,2025-06-17 22:00:00+00:00
ADA,A_ZONE_EMA_MACD,SHORT,2025-06-27T17:30:00+00:00,2025-06-27T17:45:00+00:00,2025-06-27T20:00:00+00:00,0.5488,0.5557193243150296,0.5418806756849703,0.5349613513699407,0.552022129366971,-0.465671,0.206217,-0.671888,SL,10,2025-06-27 17:45:00+00:00
ADA,A_ZONE_EMA_MACD,LONG,2025-06-29T03:15:00+00:00,2025-06-29T03:30:00+00:00,2025-06-29T03:45:00+00:00,0.5665,0.5636920244353475,0.5693079755646525,0.572115951129305,0.5636920244353475,-1.0,0.524542,-1.524542,SL,2,2025-06-29 03:30:00+00:00
ADA,A_ZONE_EMA_MACD,SHORT,2025-07-08T01:15:00+00:00,2025-07-08T01:30:00+00:00,2025-07-08T06:00:00+00:00,0.5758,0.5817896080898329,0.569810391910167,0.5638207838203341,0.57938775953175,-0.598997,0.249946,-0.848944,SL,19,2025-07-08 01:30:00+00:00
ADA,A_ZONE_EMA_MACD,LONG,2025-07-08T17:00:00+00:00,2025-07-08T17:15:00+00:00,2025-07-08T20:45:00+00:00,0.5878,0.58204256685734,0.59355743314266,0.5993148662853199,0.5857805893765892,-0.350748,0.265445,-0.616193,SL,15,2025-07-08 17:15:00+00:00
ADA,A_ZONE_EMA_MACD,LONG,2025-07-13T12:30:00+00:00,2025-07-13T12:45:00+00:00,2025-07-13T14:45:00+00:00,0.7381,0.7279763417071301,0.7482236582928699,0.7583473165857397,0.7408950721798192,0.638047,0.189562,0.448485,SL,9,2025-07-13 12:45:00+00:00
ADA,A_ZONE_EMA_MACD,LONG,2025-07-15T21:30:00+00:00,2025-07-15T21:45:00+00:00,2025-07-16T02:15:00+00:00,0.7381,0.7258641268415663,0.7503358731584336,0.7625717463168673,0.7393425657903336,0.550776,0.156839,0.393937,SL,19,2025-07-15 21:45:00+00:00
ADA,A_ZONE_EMA_MACD,SHORT,2025-07-29T13:45:00+00:00,2025-07-29T14:00:00+00:00,2025-07-29T16:30:00+00:00,0.7921,0.802521054434745,0.7816789455652551,0.7712578911305101,0.7712578911305101,1.5,0.197625,1.302375,TP2,11,2025-07-29 14:00:00+00:00
ADA,A_ZONE_EMA_MACD,SHORT,2025-08-01T13:45:00+00:00,2025-08-01T14:00:00+00:00,2025-08-01T14:15:00+00:00,0.7138,0.7261251507640254,0.7014748492359746,0.6891496984719492,0.7261251507640254,-1.0,0.150577,-1.150577,SL,2,2025-08-01 14:00:00+00:00
ADA,A_ZONE_EMA_MACD,SHORT,2025-08-20T13:45:00+00:00,2025-08-20T14:00:00+00:00,2025-08-20T14:30:00+00:00,0.8454,0.8603762273579758,0.8304237726420243,0.8154475452840485,0.8583922111181204,-0.867522,0.146769,-1.014291,SL,3,2025-08-20 14:00:00+00:00
ADA,A_ZONE_EMA_MACD,LONG,2025-10-12T14:45:00+00:00,2025-10-12T15:00:00+00:00,2025-10-12T16:00:00+00:00,0.6603,0.6473766078485103,0.6732233921514897,0.6861467843029795,0.6861467843029795,1.5,0.132843,1.367157,TP2,5,2025-10-12 15:00:00+00:00
ADA,A_ZONE_EMA_MACD,LONG,2025-10-15T02:15:00+00:00,2025-10-15T02:30:00+00:00,2025-10-15T03:15:00+00:00,0.703,0.6933018197133294,0.7126981802866705,0.7223963605733411,0.6933018197133294,-1.0,0.188468,-1.188468,SL,4,2025-10-15 02:30:00+00:00
ADA,A_ZONE_EMA_MACD,LONG,2025-10-18T07:00:00+00:00,2025-10-18T07:15:00+00:00,2025-10-18T13:00:00+00:00,0.6357,0.6288475188945624,0.6425524811054377,0.6494049622108754,0.6326406275173893,-0.446462,0.2412,-0.687662,SL,24,2025-10-18 07:15:00+00:00
ADA,A_ZONE_EMA_MACD,SHORT,2025-10-19T06:00:00+00:00,2025-10-19T06:15:00+00:00,2025-10-19T08:15:00+00:00,0.6297,0.634127968253025,0.6252720317469751,0.6208440634939502,0.632427686912047,-0.616013,0.369745,-0.985758,SL,9,2025-10-19 06:15:00+00:00
ADA,A_ZONE_EMA_MACD,LONG,2025-10-24T04:15:00+00:00,2025-10-24T04:30:00+00:00,2025-10-24T07:30:00+00:00,0.6462,0.6409047019565288,0.6514952980434712,0.6567905960869423,0.6490041427657854,0.764777,0.317285,0.447491,SL,13,2025-10-24 04:30:00+00:00
ADA,A_ZONE_EMA_MACD,LONG,2025-10-26T22:00:00+00:00,2025-10-26T22:15:00+00:00,2025-10-27T03:30:00+00:00,0.6815,0.6744873886576963,0.6885126113423037,0.6955252226846074,0.6840319548568692,0.680529,0.252673,0.427855,SL,22,2025-10-26 22:15:00+00:00
ADA,A_ZONE_EMA_MACD,SHORT,2025-10-30T09:00:00+00:00,2025-10-30T09:15:00+00:00,2025-10-30T12:15:00+00:00,0.6361,0.6445008242152137,0.6276991757847863,0.6192983515695726,0.6192983515695726,1.5,0.196869,1.303131,TP2,13,2025-10-30 09:15:00+00:00
ADA,A_ZONE_EMA_MACD,LONG,2025-10-31T11:45:00+00:00,2025-10-31T12:00:00+00:00,2025-10-31T13:30:00+00:00,0.6162,0.6103568997870649,0.6220431002129351,0.6278862004258702,0.6108980411429283,-0.907388,0.27419,-1.181578,SL,7,2025-10-31 12:00:00+00:00
ADA,A_ZONE_EMA_MACD,SHORT,2025-11-04T16:30:00+00:00,2025-11-04T16:45:00+00:00,2025-11-04T18:30:00+00:00,0.5326,0.5443483015291316,0.5208516984708683,0.5091033969417367,0.5091033969417367,1.5,0.117869,1.382131,TP2,8,2025-11-04 16:45:00+00:00
ADA,A_ZONE_EMA_MACD,LONG,2025-11-05T11:30:00+00:00,2025-11-05T11:45:00+00:00,2025-11-05T21:30:00+00:00,0.5334,0.5250332287345739,0.541766771265426,0.5501335425308521,0.5401447067069581,0.903065,0.165756,0.737309,SL,40,2025-11-05 11:45:00+00:00
ADA,A_ZONE_EMA_MACD,SHORT,2025-11-14T03:30:00+00:00,2025-11-14T03:45:00+00:00,2025-11-14T04:30:00+00:00,0.5245,0.5320646568358798,0.5169353431641202,0.5093706863282403,0.5093706863282403,1.5,0.180273,1.319727,TP2,4,2025-11-14 03:45:00+00:00
ADA,A_ZONE_EMA_MACD,LONG,2025-11-20T12:45:00+00:00,2025-11-20T13:00:00+00:00,2025-11-20T13:45:00+00:00,0.4692,0.46451909271253117,0.47388090728746884,0.4785618145749377,0.4648463003759218,-0.930097,0.260616,-1.190714,SL,4,2025-11-20 13:00:00+00:00
ADA,A_ZONE_EMA_MACD,LONG,2025-11-23T12:00:00+00:00,2025-11-23T12:15:00+00:00,2025-11-23T14:45:00+00:00,0.4132,0.4083502892040848,0.41804971079591524,0.42289942159183047,0.41075971894812857,0.24841,0.221522,0.026887,SL,11,2025-11-23 12:15:00+00:00
ADA,A_ZONE_EMA_MACD,SHORT,2025-12-04T17:30:00+00:00,2025-12-04T17:45:00+00:00,2025-12-05T07:00:00+00:00,0.4432,0.44981204257849366,0.4365879574215063,0.4299759148430126,0.44062382357432606,0.694809,0.174276,0.520533,SL,54,2025-12-04 17:45:00+00:00
ADA,A_ZONE_EMA_MACD,LONG,2025-12-20T14:45:00+00:00,2025-12-20T15:00:00+00:00,2025-12-20T16:30:00+00:00,0.3789,0.3760337994229793,0.3817662005770207,0.3846324011540414,0.3760337994229793,-1.0,0.343709,-1.343709,SL,7,2025-12-20 15:00:00+00:00
ADA,A_ZONE_EMA_MACD,LONG,2026-01-10T17:00:00+00:00,2026-01-10T17:15:00+00:00,2026-01-10T17:45:00+00:00,0.3914,0.3890612288393128,0.39373877116068723,0.39607754232137443,0.38923542677936196,-0.925517,0.435117,-1.360635,SL,3,2026-01-10 17:15:00+00:00
ADA,A_ZONE_EMA_MACD,SHORT,2026-01-21T16:30:00+00:00,2026-01-21T16:45:00+00:00,2026-01-21T18:45:00+00:00,0.3484,0.35507206803318364,0.34172793196681633,0.3350558639336327,0.35428203825310217,-0.881591,0.135766,-1.017357,SL,9,2026-01-21 16:45:00+00:00
ADA,A_ZONE_EMA_MACD,SHORT,2026-02-08T20:45:00+00:00,2026-02-08T21:00:00+00:00,2026-02-08T23:00:00+00:00,0.2707,0.27402111190652567,0.2673788880934743,0.26405777618694865,0.27257579550241867,-0.564809,0.211923,-0.776732,SL,9,2026-02-08 21:00:00+00:00
ADA,A_ZONE_EMA_MACD,SHORT,2026-02-10T18:15:00+00:00,2026-02-10T18:30:00+00:00,2026-02-11T02:00:00+00:00,0.2609,0.2646106019091493,0.25718939809085073,0.25347879618170144,0.2636393314962455,-0.738245,0.182811,-0.921056,SL,31,2026-02-10 18:30:00+00:00
ADA,A_ZONE_EMA_MACD,SHORT,2026-02-17T17:30:00+00:00,2026-02-17T17:45:00+00:00,2026-02-17T18:15:00+00:00,0.2789,0.2841252211687793,0.27367477883122066,0.26844955766244133,0.2841252211687793,-1.0,0.138777,-1.138777,SL,3,2026-02-17 17:45:00+00:00
ADA,A_ZONE_EMA_MACD,LONG,2026-02-20T05:30:00+00:00,2026-02-20T05:45:00+00:00,2026-02-20T11:30:00+00:00,0.2753,0.2727759184517288,0.27782408154827115,0.2803481630965423,0.2764773039781324,0.733214,0.28358,0.449634,SL,24,2026-02-20 05:45:00+00:00
ADA,A_ZONE_EMA_MACD,LONG,2026-02-25T01:00:00+00:00,2026-02-25T01:15:00+00:00,2026-02-25T03:15:00+00:00,0.2662,0.2630063706100615,0.2693936293899385,0.272587258779877,0.26674988037521863,0.58609,0.216719,0.369371,SL,9,2026-02-25 01:15:00+00:00
ADA,A_ZONE_EMA_MACD,SHORT,2026-03-04T03:30:00+00:00,2026-03-04T03:45:00+00:00,2026-03-04T07:15:00+00:00,0.2615,0.26517704828325633,0.2578229517167437,0.25414590343348736,0.26266003434447766,-0.31548,0.184904,-0.500384,SL,15,2026-03-04 03:45:00+00:00
ADA,A_ZONE_EMA_MACD,LONG,2026-03-09T19:15:00+00:00,2026-03-09T19:30:00+00:00,2026-03-09T20:30:00+00:00,0.2613,0.2574967035305561,0.26510329646944386,0.26890659293888775,0.2574967035305561,-1.0,0.178629,-1.178629,SL,5,2026-03-09 19:30:00+00:00
ADA,A_ZONE_EMA_MACD,SHORT,2026-03-23T06:00:00+00:00,2026-03-23T06:15:00+00:00,2026-03-23T10:00:00+00:00,0.2505,0.2527678516988528,0.2482321483011472,0.2459642966022944,0.25104092189475985,0.380741,0.287188,0.093553,SL,16,2026-03-23 06:15:00+00:00
ADA,A_ZONE_EMA_MACD,SHORT,2026-04-02T01:15:00+00:00,2026-04-02T01:30:00+00:00,2026-04-02T05:00:00+00:00,0.2441,0.2478522881576678,0.24034771184233222,0.23659542368466444,0.23659542368466444,1.5,0.169139,1.330861,TP2,15,2026-04-02 01:30:00+00:00
ADA,A_ZONE_EMA_MACD,SHORT,2026-04-12T22:15:00+00:00,2026-04-12T22:30:00+00:00,2026-04-13T00:15:00+00:00,0.237,0.23910474005900204,0.23489525994099794,0.2327905198819959,0.23808322918041414,-0.514662,0.292768,-0.807429,SL,8,2026-04-12 22:30:00+00:00
ADA,A_ZONE_EMA_MACD,LONG,2026-04-16T15:30:00+00:00,2026-04-16T15:45:00+00:00,2026-04-16T20:00:00+00:00,0.2524,0.2481676225050526,0.25663237749494744,0.26086475498989486,0.26086475498989486,1.5,0.155052,1.344948,TP2,18,2026-04-16 15:45:00+00:00
ADA,A_ZONE_EMA_MACD,SHORT,2026-05-17T22:15:00+00:00,2026-05-17T22:30:00+00:00,2026-05-17T23:30:00+00:00,0.2534,0.2550142450403598,0.25178575495964023,0.25017150991928044,0.25017150991928044,1.5,0.408141,1.091859,TP2,5,2026-05-17 22:30:00+00:00
ADA,A_ZONE_EMA_MACD,SHORT,2026-05-27T13:15:00+00:00,2026-05-27T13:30:00+00:00,2026-05-27T14:00:00+00:00,0.2385,0.24055811322663107,0.23644188677336891,0.23438377354673784,0.23966110513901456,-0.56416,0.301295,-0.865455,SL,3,2026-05-27 13:30:00+00:00
ADA,A_ZONE_EMA_MACD,SHORT,2026-05-27T21:30:00+00:00,2026-05-27T21:45:00+00:00,2026-05-28T03:15:00+00:00,0.2375,0.23986444359715142,0.23513555640284856,0.23277111280569712,0.23277111280569712,1.5,0.261161,1.238839,TP2,23,2026-05-27 21:45:00+00:00
ADA,A_ZONE_EMA_MACD,LONG,2026-06-11T17:15:00+00:00,2026-06-11T17:30:00+00:00,2026-06-11T20:30:00+00:00,0.1668,0.16420045394098504,0.16939954605901497,0.17199909211802994,0.16765447304095138,0.66435,0.166829,0.497521,SL,13,2026-06-11 17:30:00+00:00
ADA,A_ZONE_EMA_MACD,SHORT,2026-06-21T11:45:00+00:00,2026-06-21T12:00:00+00:00,2026-06-21T13:30:00+00:00,0.1608,0.16217746996530227,0.15942253003469772,0.15804506006939545,0.16160419151376426,-0.583818,0.303513,-0.887331,SL,7,2026-06-21 12:00:00+00:00
ADA,A_ZONE_EMA_MACD,LONG,2026-07-01T21:15:00+00:00,2026-07-01T21:30:00+00:00,2026-07-01T23:00:00+00:00,0.1559,0.1537586327238373,0.15804136727616272,0.16018273455232543,0.15520004556290054,-0.326873,0.18929,-0.516163,SL,7,2026-07-01 21:30:00+00:00
ADA,A_ZONE_EMA_MACD,LONG,2026-07-28T15:30:00+00:00,2026-07-28T15:45:00+00:00,2026-07-28T22:00:00+00:00,0.1583,0.156399641285189,0.160200358714811,0.162100717429622,0.162100717429622,1.5,0.21658,1.28342,TP2,26,2026-07-28 15:45:00+00:00
ADA,A_ZONE_EMA_MACD,LONG,2026-07-31T13:15:00+00:00,2026-07-31T13:30:00+00:00,2026-07-31T13:45:00+00:00,0.1711,0.16919088433739543,0.17300911566260457,0.17491823132520914,0.16919088433739543,-1.0,0.233019,-1.233019,SL,2,2026-07-31 13:30:00+00:00
ADA,A_ZONE_EMA_MACD,LONG,2026-08-04T02:45:00+00:00,2026-08-04T03:00:00+00:00,2026-08-04T05:15:00+00:00,0.1954,0.19245615497989715,0.19834384502010283,0.20128769004020566,0.1944753682449109,0.342955,0.172577,0.170378,SL,10,2026-08-04 03:00:00+00:00
ADA,A_ZONE_EMA_MACD,SHORT,2026-08-10T15:00:00+00:00,2026-08-10T15:15:00+00:00,2026-08-10T23:45:00+00:00,0.195,0.196970535875659,0.19302946412434102,0.19105892824868204,0.19105892824868204,1.5,0.25729,1.24271,TP2,35,2026-08-10 15:15:00+00:00
ADA,A_ZONE_EMA_MACD,SHORT,2026-08-18T08:00:00+00:00,2026-08-18T08:15:00+00:00,2026-08-18T11:00:00+00:00,0.1726,0.1738489081853301,0.1713510918146699,0.1701021836293398,0.17377202573119788,-0.93844,0.359322,-1.297762,SL,12,2026-08-18 08:15:00+00:00
ADA,A_ZONE_EMA_MACD,LONG,2026-08-19T14:45:00+00:00,2026-08-19T15:00:00+00:00,2026-08-19T15:15:00+00:00,0.1764,0.17477620282919865,0.17802379717080136,0.1796475943416027,0.1796475943416027,1.5,0.282449,1.217551,TP2,2,2026-08-19 15:00:00+00:00
ADA,A_ZONE_EMA_MACD,SHORT,2026-09-02T01:30:00+00:00,2026-09-02T01:45:00+00:00,2026-09-02T02:15:00+00:00,0.1942,0.1967246852100377,0.19167531478996233,0.18915062957992465,0.1967246852100377,-1.0,0.199993,-1.199993,SL,3,2026-09-02 01:45:00+00:00
ADA,A_ZONE_EMA_MACD,LONG,2026-09-06T01:00:00+00:00,2026-09-06T01:15:00+00:00,2026-09-06T04:15:00+00:00,0.221,0.21873205562000608,0.22326794437999392,0.22553588875998784,0.22079150211975335,0.454034,0.253357,0.200677,SL,13,2026-09-06 01:15:00+00:00
ADA,A_ZONE_EMA_MACD,SHORT,2026-09-08T13:30:00+00:00,2026-09-08T13:45:00+00:00,2026-09-08T14:00:00+00:00,0.2162,0.2192464372484514,0.21315356275154862,0.21010712550309724,0.2192464372484514,-1.0,0.184517,-1.184517,SL,2,2026-09-08 13:45:00+00:00
ADA,A_ZONE_EMA_MACD,LONG,2026-09-22T08:30:00+00:00,2026-09-22T08:45:00+00:00,2026-09-22T10:15:00+00:00,0.2485,0.24336635574038498,0.253633644259615,0.25876728851923003,0.24450447318750035,-0.778302,0.125856,-0.904158,SL,7,2026-09-22 08:45:00+00:00
ADA,A_ZONE_EMA_MACD,LONG,2026-09-25T22:30:00+00:00,2026-09-25T22:45:00+00:00,2026-09-26T03:00:00+00:00,0.2583,0.2542957890867463,0.2623042109132536,0.26630842182650727,0.2580906525691071,0.473859,0.167718,0.306141,SL,18,2026-09-25 22:45:00+00:00
ADA,B_PLUS_STOCH,LONG,2025-01-26T12:15:00+00:00,2025-01-26T12:30:00+00:00,2025-01-26T20:45:00+00:00,0.988,0.9802282479835053,0.9957717520164947,1.0035435040329894,0.9922105242647832,0.770886,0.33053,0.440356,SL,34,2025-01-26 12:30:00+00:00
ADA,B_PLUS_STOCH,LONG,2025-03-02T15:15:00+00:00,2025-03-02T15:30:00+00:00,2025-03-02T15:30:00+00:00,0.7383,0.7120616126944838,0.7645383873055162,0.7907767746110324,0.7907767746110324,1.5,0.073159,1.426841,TP2,1,2025-03-02 15:30:00+00:00
ADA,B_PLUS_STOCH,LONG,2025-03-24T17:15:00+00:00,2025-03-24T17:30:00+00:00,2025-03-24T20:45:00+00:00,0.7371,0.7283975238469714,0.7458024761530285,0.7545049523060571,0.7343784794610373,-0.312729,0.22022,-0.53295,SL,14,2025-03-24 17:30:00+00:00
ADA,B_PLUS_STOCH,SHORT,2025-05-04T22:00:00+00:00,2025-05-04T22:15:00+00:00,2025-05-05T01:30:00+00:00,0.6814,0.6883141644242946,0.6744858355757054,0.6675716711514108,0.6675716711514108,1.5,0.256233,1.243767,TP2,14,2025-05-04 22:15:00+00:00
ADA,B_PLUS_STOCH,LONG,2025-10-18T07:00:00+00:00,2025-10-18T07:15:00+00:00,2025-10-18T13:00:00+00:00,0.6357,0.6288475188945624,0.6425524811054377,0.6494049622108754,0.6326406275173893,-0.446462,0.2412,-0.687662,SL,24,2025-10-18 07:15:00+00:00
ADA,B_PLUS_STOCH,LONG,2025-12-20T14:45:00+00:00,2025-12-20T15:00:00+00:00,2025-12-20T16:30:00+00:00,0.3789,0.3760337994229793,0.3817662005770207,0.3846324011540414,0.3760337994229793,-1.0,0.343709,-1.343709,SL,7,2025-12-20 15:00:00+00:00
ADA,B_PLUS_STOCH,SHORT,2026-02-10T18:15:00+00:00,2026-02-10T18:30:00+00:00,2026-02-11T02:00:00+00:00,0.2609,0.2646106019091493,0.25718939809085073,0.25347879618170144,0.2636393314962455,-0.738245,0.182811,-0.921056,SL,31,2026-02-10 18:30:00+00:00
ADA,B_PLUS_STOCH,SHORT,2026-03-04T03:30:00+00:00,2026-03-04T03:45:00+00:00,2026-03-04T07:15:00+00:00,0.2615,0.26517704828325633,0.2578229517167437,0.25414590343348736,0.26266003434447766,-0.31548,0.184904,-0.500384,SL,15,2026-03-04 03:45:00+00:00
ADA,B_PLUS_STOCH,LONG,2026-03-09T19:15:00+00:00,2026-03-09T19:30:00+00:00,2026-03-09T20:30:00+00:00,0.2613,0.2574967035305561,0.26510329646944386,0.26890659293888775,0.2574967035305561,-1.0,0.178629,-1.178629,SL,5,2026-03-09 19:30:00+00:00
ADA,B_PLUS_STOCH,SHORT,2026-04-02T01:15:00+00:00,2026-04-02T01:30:00+00:00,2026-04-02T05:00:00+00:00,0.2441,0.2478522881576678,0.24034771184233222,0.23659542368466444,0.23659542368466444,1.5,0.169139,1.330861,TP2,15,2026-04-02 01:30:00+00:00
ADA,B_PLUS_STOCH,LONG,2026-06-11T17:15:00+00:00,2026-06-11T17:30:00+00:00,2026-06-11T20:30:00+00:00,0.1668,0.16420045394098504,0.16939954605901497,0.17199909211802994,0.16765447304095138,0.66435,0.166829,0.497521,SL,13,2026-06-11 17:30:00+00:00
ADA,B_PLUS_STOCH,SHORT,2026-09-08T13:30:00+00:00,2026-09-08T13:45:00+00:00,2026-09-08T14:00:00+00:00,0.2162,0.2192464372484514,0.21315356275154862,0.21010712550309724,0.2192464372484514,-1.0,0.184517,-1.184517,SL,2,2026-09-08 13:45:00+00:00
ADA,C_PLUS_CONFIRMED_STRUCTURE,LONG,2025-03-02T15:15:00+00:00,2025-03-02T15:30:00+00:00,2025-03-02T15:30:00+00:00,0.7383,0.7120616126944838,0.7645383873055162,0.7907767746110324,0.7907767746110324,1.5,0.073159,1.426841,TP2,1,2025-03-02 15:30:00+00:00
ADA,C_PLUS_CONFIRMED_STRUCTURE,SHORT,2025-05-04T22:00:00+00:00,2025-05-04T22:15:00+00:00,2025-05-05T01:30:00+00:00,0.6814,0.6883141644242946,0.6744858355757054,0.6675716711514108,0.6675716711514108,1.5,0.256233,1.243767,TP2,14,2025-05-04 22:15:00+00:00
ADA,C_PLUS_CONFIRMED_STRUCTURE,LONG,2025-10-18T07:00:00+00:00,2025-10-18T07:15:00+00:00,2025-10-18T13:00:00+00:00,0.6357,0.6288475188945624,0.6425524811054377,0.6494049622108754,0.6326406275173893,-0.446462,0.2412,-0.687662,SL,24,2025-10-18 07:15:00+00:00
ADA,C_PLUS_CONFIRMED_STRUCTURE,LONG,2026-03-09T19:15:00+00:00,2026-03-09T19:30:00+00:00,2026-03-09T20:30:00+00:00,0.2613,0.2574967035305561,0.26510329646944386,0.26890659293888775,0.2574967035305561,-1.0,0.178629,-1.178629,SL,5,2026-03-09 19:30:00+00:00
ADA,C_PLUS_CONFIRMED_STRUCTURE,SHORT,2026-04-02T01:15:00+00:00,2026-04-02T01:30:00+00:00,2026-04-02T05:00:00+00:00,0.2441,0.2478522881576678,0.24034771184233222,0.23659542368466444,0.23659542368466444,1.5,0.169139,1.330861,TP2,15,2026-04-02 01:30:00+00:00
ADA,C_PLUS_CONFIRMED_STRUCTURE,SHORT,2026-09-08T13:30:00+00:00,2026-09-08T13:45:00+00:00,2026-09-08T14:00:00+00:00,0.2162,0.2192464372484514,0.21315356275154862,0.21010712550309724,0.2192464372484514,-1.0,0.184517,-1.184517,SL,2,2026-09-08 13:45:00+00:00
AVAX,A_ZONE_EMA_MACD,SHORT,2025-01-04T15:30:00+00:00,2025-01-04T15:45:00+00:00,2025-01-04T17:00:00+00:00,40.948,41.489471164948846,40.406528835051155,39.86505767010231,41.489471164948846,-1.0,0.196621,-1.196621,SL,6,2025-01-04 15:45:00+00:00
AVAX,A_ZONE_EMA_MACD,SHORT,2025-01-13T16:45:00+00:00,2025-01-13T17:00:00+00:00,2025-01-13T19:45:00+00:00,33.678,34.49072179718456,32.86527820281543,32.05255640563087,33.91083979466286,-0.286494,0.10774,-0.394234,SL,12,2025-01-13 17:00:00+00:00
AVAX,A_ZONE_EMA_MACD,LONG,2025-01-17T15:00:00+00:00,2025-01-17T15:15:00+00:00,2025-01-17T15:45:00+00:00,41.406,40.88266787919066,41.929332120809335,42.45266424161867,40.88266787919066,-1.0,0.205712,-1.205712,SL,3,2025-01-17 15:15:00+00:00
AVAX,A_ZONE_EMA_MACD,LONG,2025-01-22T19:30:00+00:00,2025-01-22T19:45:00+00:00,2025-01-22T21:00:00+00:00,37.29,36.727611510251776,37.85238848974822,38.414776979496445,36.878462276976364,-0.731768,0.172397,-0.904165,SL,6,2025-01-22 19:45:00+00:00
AVAX,A_ZONE_EMA_MACD,SHORT,2025-01-24T00:45:00+00:00,2025-01-24T01:00:00+00:00,2025-01-24T03:30:00+00:00,34.94,35.555032872781815,34.32496712721818,33.70993425443636,35.167036588725736,-0.369145,0.147706,-0.516851,SL,11,2025-01-24 01:00:00+00:00
AVAX,A_ZONE_EMA_MACD,SHORT,2025-02-18T14:30:00+00:00,2025-02-18T14:45:00+00:00,2025-02-18T17:15:00+00:00,23.815,24.19566895575068,23.434331044249323,23.053662088498644,23.053662088498644,1.5,0.162658,1.337342,TP2,11,2025-02-18 14:45:00+00:00
AVAX,A_ZONE_EMA_MACD,SHORT,2025-02-25T14:30:00+00:00,2025-02-25T14:45:00+00:00,2025-02-25T16:30:00+00:00,20.857,21.43901544961351,20.27498455038649,19.692969100772977,21.180843273615483,-0.556417,0.093173,-0.64959,SL,8,2025-02-25 14:45:00+00:00
AVAX,A_ZONE_EMA_MACD,LONG,2025-03-02T09:30:00+00:00,2025-03-02T09:45:00+00:00,2025-03-02T12:15:00+00:00,22.132,21.898338658379046,22.365661341620957,22.599322683241912,21.898338658379046,-1.0,0.246268,-1.246268,SL,11,2025-03-02 09:45:00+00:00
AVAX,A_ZONE_EMA_MACD,SHORT,2025-03-03T14:45:00+00:00,2025-03-03T15:00:00+00:00,2025-03-03T15:15:00+00:00,22.977,23.52842396651187,22.42557603348813,21.87415206697626,23.52842396651187,-1.0,0.108338,-1.108338,SL,2,2025-03-03 15:00:00+00:00
AVAX,A_ZONE_EMA_MACD,LONG,2025-03-14T08:00:00+00:00,2025-03-14T08:15:00+00:00,2025-03-14T08:30:00+00:00,18.767,18.525952859752696,19.008047140247303,19.249094280494607,18.795670512627506,0.559471,0.202426,0.357045,SL,2,2025-03-14 08:15:00+00:00
AVAX,A_ZONE_EMA_MACD,LONG,2025-03-14T14:30:00+00:00,2025-03-14T14:45:00+00:00,2025-03-14T16:00:00+00:00,18.883,18.54224445575161,19.223755544248387,19.564511088496776,18.8445889465329,0.443638,0.144079,0.299559,SL,6,2025-03-14 14:45:00+00:00
AVAX,A_ZONE_EMA_MACD,SHORT,2025-03-16T19:00:00+00:00,2025-03-16T19:15:00+00:00,2025-03-17T00:30:00+00:00,18.362,18.722805017431117,18.00119498256888,17.64038996513776,18.4739573745176,-0.310299,0.132319,-0.442617,SL,22,2025-03-16 19:15:00+00:00
AVAX,A_ZONE_EMA_MACD,LONG,2025-04-02T20:00:00+00:00,2025-04-02T20:15:00+00:00,2025-04-02T20:15:00+00:00,19.615,19.182436835953105,20.047563164046892,20.480126328093785,19.182436835953105,-1.0,0.1179,-1.1179,SL,1,2025-04-02 20:15:00+00:00
AVAX,A_ZONE_EMA_MACD,SHORT,2025-04-15T10:30:00+00:00,2025-04-15T10:45:00+00:00,2025-04-15T13:00:00+00:00,19.869,20.092237189164546,19.645762810835453,19.422525621670907,20.046199413106166,-0.793772,0.23141,-1.025182,SL,10,2025-04-15 10:45:00+00:00
AVAX,A_ZONE_EMA_MACD,LONG,2025-04-27T04:00:00+00:00,2025-04-27T04:15:00+00:00,2025-04-27T04:45:00+00:00,22.519,22.215632086400095,22.8223679135999,23.125735827199804,22.215632086400095,-1.0,0.192998,-1.192998,SL,3,2025-04-27 04:15:00+00:00
AVAX,A_ZONE_EMA_MACD,LONG,2025-04-29T16:30:00+00:00,2025-04-29T16:45:00+00:00,2025-04-29T19:30:00+00:00,22.187,21.929129404165398,22.444870595834605,22.702741191669208,21.929129404165398,-1.0,0.223702,-1.223702,SL,12,2025-04-29 16:45:00+00:00
AVAX,A_ZONE_EMA_MACD,SHORT,2025-04-30T12:15:00+00:00,2025-04-30T12:30:00+00:00,2025-04-30T13:00:00+00:00,21.411,21.606330286919388,21.215669713080615,21.02033942616123,21.02033942616123,1.5,0.284997,1.215003,TP2,3,2025-04-30 12:30:00+00:00
AVAX,A_ZONE_EMA_MACD,LONG,2025-05-01T18:30:00+00:00,2025-05-01T18:45:00+00:00,2025-05-02T04:15:00+00:00,21.617,21.318448001611483,21.91555199838852,22.214103996777038,21.894366093704914,0.964519,0.188256,0.776263,SL,39,2025-05-01 18:45:00+00:00
AVAX,A_ZONE_EMA_MACD,SHORT,2025-05-03T22:00:00+00:00,2025-05-03T22:15:00+00:00,2025-05-04T01:45:00+00:00,20.627,20.804243985397594,20.449756014602404,20.272512029204808,20.272512029204808,1.5,0.302578,1.197422,TP2,15,2025-05-03 22:15:00+00:00
AVAX,A_ZONE_EMA_MACD,SHORT,2025-06-12T18:15:00+00:00,2025-06-12T18:30:00+00:00,2025-06-12T20:45:00+00:00,20.882,21.153231936737118,20.610768063262885,20.33953612652577,20.33953612652577,1.5,0.200173,1.299827,TP2,10,2025-06-12 18:30:00+00:00
AVAX,A_ZONE_EMA_MACD,SHORT,2025-06-26T08:45:00+00:00,2025-06-26T09:00:00+00:00,2025-06-26T13:00:00+00:00,17.595,17.76344057163601,17.426559428363987,17.258118856727975,17.258118856727975,1.5,0.271591,1.228409,TP2,17,2025-06-26 09:00:00+00:00
AVAX,A_ZONE_EMA_MACD,LONG,2025-07-08T17:00:00+00:00,2025-07-08T17:15:00+00:00,2025-07-08T20:45:00+00:00,18.335,18.12997795995946,18.54002204004054,18.74504408008108,18.261057670525226,-0.360656,0.232516,-0.593172,SL,15,2025-07-08 17:15:00+00:00
AVAX,A_ZONE_EMA_MACD,SHORT,2025-07-12T04:30:00+00:00,2025-07-12T04:45:00+00:00,2025-07-12T06:30:00+00:00,20.654,20.92989215664983,20.37810784335017,20.102215686700337,20.811345788131746,-0.570316,0.194643,-0.764959,SL,8,2025-07-12 04:45:00+00:00
AVAX,A_ZONE_EMA_MACD,SHORT,2025-07-19T14:00:00+00:00,2025-07-19T14:15:00+00:00,2025-07-19T15:30:00+00:00,23.515,23.81148865424287,23.218511345757133,22.922022691514265,23.64927061711792,-0.452869,0.20621,-0.65908,SL,6,2025-07-19 14:15:00+00:00
AVAX,A_ZONE_EMA_MACD,LONG,2025-07-22T07:00:00+00:00,2025-07-22T07:15:00+00:00,2025-07-22T08:00:00+00:00,25.912,25.29024443325125,26.53375556674875,27.155511133497498,25.458369830876162,-0.729596,0.108356,-0.837952,SL,4,2025-07-22 07:15:00+00:00
AVAX,A_ZONE_EMA_MACD,SHORT,2025-07-22T13:45:00+00:00,2025-07-22T14:00:00+00:00,2025-07-22T15:00:00+00:00,25.107,25.62530644357521,24.58869355642479,24.07038711284958,25.38264688247046,-0.531822,0.125945,-0.657767,SL,5,2025-07-22 14:00:00+00:00
AVAX,A_ZONE_EMA_MACD,SHORT,2025-08-01T13:45:00+00:00,2025-08-01T14:00:00+00:00,2025-08-01T14:15:00+00:00,21.73,22.127353533660905,21.332646466339096,20.93529293267819,22.127353533660905,-1.0,0.142186,-1.142186,SL,2,2025-08-01 14:00:00+00:00
AVAX,A_ZONE_EMA_MACD,LONG,2025-08-04T00:15:00+00:00,2025-08-04T00:30:00+00:00,2025-08-04T01:00:00+00:00,21.475,21.295934146524818,21.654065853475185,21.83313170695037,21.83313170695037,1.5,0.311813,1.188187,TP2,3,2025-08-04 00:30:00+00:00
AVAX,A_ZONE_EMA_MACD,LONG,2025-08-08T06:45:00+00:00,2025-08-08T07:00:00+00:00,2025-08-08T08:45:00+00:00,23.404,23.1497448061377,23.6582551938623,23.9125103877246,23.3182449524478,-0.337279,0.239328,-0.576607,SL,8,2025-08-08 07:00:00+00:00
AVAX,A_ZONE_EMA_MACD,LONG,2025-08-08T13:45:00+00:00,2025-08-08T14:00:00+00:00,2025-08-08T14:30:00+00:00,23.686,23.436462361699316,23.935537638300683,24.185075276601367,23.436462361699316,-1.0,0.246791,-1.246791,SL,3,2025-08-08 14:00:00+00:00
AVAX,A_ZONE_EMA_MACD,LONG,2025-08-13T08:00:00+00:00,2025-08-13T08:15:00+00:00,2025-08-13T11:15:00+00:00,24.903,24.61280723244583,25.193192767554166,25.483385535108333,25.11867475662993,0.871606,0.22312,0.648486,SL,13,2025-08-13 08:15:00+00:00
AVAX,A_ZONE_EMA_MACD,SHORT,2025-08-19T13:30:00+00:00,2025-08-19T13:45:00+00:00,2025-08-19T18:45:00+00:00,22.994,23.29995595440852,22.68804404559148,22.382088091182958,22.382088091182958,1.5,0.195402,1.304598,TP2,21,2025-08-19 13:45:00+00:00
AVAX,A_ZONE_EMA_MACD,SHORT,2025-08-21T15:00:00+00:00,2025-08-21T15:15:00+00:00,2025-08-22T01:45:00+00:00,22.989,23.30770047067441,22.670299529325593,22.351599058651185,22.928042317306115,0.595635,0.187547,0.408087,SL,43,2025-08-21 15:15:00+00:00
AVAX,A_ZONE_EMA_MACD,LONG,2025-08-30T11:45:00+00:00,2025-08-30T12:00:00+00:00,2025-08-30T12:30:00+00:00,23.741,23.586386439789052,23.895613560210947,24.050227120421894,23.586386439789052,-1.0,0.399231,-1.399231,SL,3,2025-08-30 12:00:00+00:00
AVAX,A_ZONE_EMA_MACD,LONG,2025-08-31T08:00:00+00:00,2025-08-31T08:15:00+00:00,2025-08-31T09:45:00+00:00,23.974,23.836363126687907,24.111636873312094,24.249273746624187,24.02326085617104,0.678952,0.452876,0.226077,SL,7,2025-08-31 08:15:00+00:00
AVAX,A_ZONE_EMA_MACD,SHORT,2025-09-06T04:00:00+00:00,2025-09-06T04:15:00+00:00,2025-09-06T13:45:00+00:00,24.303,24.45655852998232,24.14944147001768,23.99588294003536,24.207213869105907,0.811888,0.41149,0.400398,SL,39,2025-09-06 04:15:00+00:00
AVAX,A_ZONE_EMA_MACD,SHORT,2025-09-12T17:00:00+00:00,2025-09-12T17:15:00+00:00,2025-09-12T20:00:00+00:00,28.436,28.674266667865393,28.197733332134607,27.959466664269215,28.674266667865393,-1.0,0.310298,-1.310298,SL,12,2025-09-12 17:15:00+00:00
AVAX,A_ZONE_EMA_MACD,LONG,2025-10-04T05:00:00+00:00,2025-10-04T05:15:00+00:00,2025-10-04T05:30:00+00:00,31.37,31.122648838757325,31.617351161242677,31.864702322485353,31.122648838757325,-1.0,0.329742,-1.329742,SL,2,2025-10-04 05:15:00+00:00
AVAX,A_ZONE_EMA_MACD,SHORT,2025-10-12T13:30:00+00:00,2025-10-12T13:45:00+00:00,2025-10-12T14:45:00+00:00,20.965,21.318819086646744,20.611180913353255,20.25736182670651,21.164760580457695,-0.564584,0.154059,-0.718643,SL,5,2025-10-12 13:45:00+00:00
AVAX,A_ZONE_EMA_MACD,SHORT,2025-10-22T14:15:00+00:00,2025-10-22T14:30:00+00:00,2025-10-22T15:00:00+00:00,19.356,19.645061729935378,19.066938270064625,18.77787654012925,19.641343034939993,-0.987135,0.1741,-1.161235,SL,3,2025-10-22 14:30:00+00:00
AVAX,A_ZONE_EMA_MACD,SHORT,2025-10-25T10:00:00+00:00,2025-10-25T10:15:00+00:00,2025-10-25T12:00:00+00:00,19.243,19.360093681012195,19.125906318987802,19.008812637975605,19.360093681012195,-1.0,0.42728,-1.42728,SL,8,2025-10-25 10:15:00+00:00
AVAX,A_ZONE_EMA_MACD,LONG,2025-10-26T22:00:00+00:00,2025-10-26T22:15:00+00:00,2025-10-27T02:00:00+00:00,20.572,20.344244654458322,20.799755345541676,21.027510691083354,21.027510691083354,1.5,0.234845,1.265155,TP2,16,2025-10-26 22:15:00+00:00
AVAX,A_ZONE_EMA_MACD,SHORT,2025-10-30T09:00:00+00:00,2025-10-30T09:15:00+00:00,2025-10-30T12:15:00+00:00,19.501,19.788344230669463,19.21365576933054,18.92631153866108,18.92631153866108,1.5,0.176452,1.323548,TP2,13,2025-10-30 09:15:00+00:00
AVAX,A_ZONE_EMA_MACD,LONG,2025-11-05T11:30:00+00:00,2025-11-05T11:45:00+00:00,2025-11-05T14:30:00+00:00,16.509,16.250187682210257,16.767812317789744,17.026624635579488,16.46735454996895,0.419545,0.165848,0.253697,SL,12,2025-11-05 11:45:00+00:00
AVAX,A_ZONE_EMA_MACD,SHORT,2025-11-06T05:15:00+00:00,2025-11-06T05:30:00+00:00,2025-11-06T13:15:00+00:00,16.446,16.643949784435904,16.2480502155641,16.050100431128197,16.257995401022487,0.97488,0.216012,0.758867,SL,32,2025-11-06 05:30:00+00:00
AVAX,A_ZONE_EMA_MACD,LONG,2025-11-18T15:15:00+00:00,2025-11-18T15:30:00+00:00,2025-11-18T21:30:00+00:00,14.754,14.490621251623724,15.017378748376276,15.280757496752551,14.60959644134551,-0.548273,0.145647,-0.693921,SL,25,2025-11-18 15:30:00+00:00
AVAX,A_ZONE_EMA_MACD,SHORT,2025-11-22T12:00:00+00:00,2025-11-22T12:15:00+00:00,2025-11-22T14:00:00+00:00,13.188,13.292865926759282,13.08313407324072,12.978268146481438,13.160651399644685,0.630398,0.326978,0.30342,SL,8,2025-11-22 12:15:00+00:00
AVAX,A_ZONE_EMA_MACD,LONG,2025-12-04T15:30:00+00:00,2025-12-04T15:45:00+00:00,2025-12-04T17:30:00+00:00,14.776,14.6645694185327,14.8874305814673,14.998861162934599,14.6645694185327,-1.0,0.344767,-1.344767,SL,8,2025-12-04 15:45:00+00:00
AVAX,A_ZONE_EMA_MACD,LONG,2026-01-06T06:30:00+00:00,2026-01-06T06:45:00+00:00,2026-01-06T07:15:00+00:00,14.526,14.354758667081288,14.697241332918711,14.868482665837423,14.354758667081288,-1.0,0.220552,-1.220552,SL,3,2026-01-06 06:45:00+00:00
AVAX,A_ZONE_EMA_MACD,SHORT,2026-01-23T14:30:00+00:00,2026-01-23T14:45:00+00:00,2026-01-23T15:15:00+00:00,12.049,12.141110351885027,11.956889648114972,11.864779296229944,12.141110351885027,-1.0,0.340107,-1.340107,SL,3,2026-01-23 14:45:00+00:00
AVAX,A_ZONE_EMA_MACD,SHORT,2026-01-24T13:45:00+00:00,2026-01-24T14:00:00+00:00,2026-01-24T16:15:00+00:00,12.065,12.108327683732814,12.021672316267185,11.978344632534371,11.978344632534371,1.5,0.723994,0.776006,TP2,10,2026-01-24 14:00:00+00:00
AVAX,A_ZONE_EMA_MACD,SHORT,2026-01-30T01:30:00+00:00,2026-01-30T01:45:00+00:00,2026-01-30T01:45:00+00:00,10.816,10.964864157868197,10.667135842131804,10.518271684263608,10.964864157868197,-1.0,0.188908,-1.188908,SL,1,2026-01-30 01:45:00+00:00
AVAX,A_ZONE_EMA_MACD,SHORT,2026-02-04T21:30:00+00:00,2026-02-04T21:45:00+00:00,2026-02-04T22:15:00+00:00,9.685,9.885906466154916,9.484093533845085,9.28318706769017,9.830235677449902,-0.722902,0.125337,-0.848239,SL,3,2026-02-04 21:45:00+00:00
AVAX,A_ZONE_EMA_MACD,LONG,2026-02-15T04:00:00+00:00,2026-02-15T04:15:00+00:00,2026-02-15T08:30:00+00:00,9.688,9.56795870062755,9.808041299372452,9.928082598744902,9.586373022310491,-0.8466,0.209834,-1.056435,SL,18,2026-02-15 04:15:00+00:00
AVAX,A_ZONE_EMA_MACD,LONG,2026-02-21T08:45:00+00:00,2026-02-21T09:00:00+00:00,2026-02-21T13:15:00+00:00,9.205,9.15418774842592,9.25581225157408,9.306624503148159,9.306624503148159,1.5,0.471008,1.028992,TP2,18,2026-02-21 09:00:00+00:00
AVAX,A_ZONE_EMA_MACD,LONG,2026-03-03T23:00:00+00:00,2026-03-03T23:15:00+00:00,2026-03-04T03:30:00+00:00,9.215,9.103937681634582,9.326062318365418,9.437124636730836,9.117766577118745,-0.875485,0.215726,-1.091211,SL,18,2026-03-03 23:15:00+00:00
AVAX,A_ZONE_EMA_MACD,LONG,2026-03-09T12:15:00+00:00,2026-03-09T12:30:00+00:00,2026-03-09T18:00:00+00:00,9.138,9.033760332951974,9.242239667048025,9.34647933409605,9.208169148815522,0.836576,0.227925,0.608651,SL,23,2026-03-09 12:30:00+00:00
AVAX,A_ZONE_EMA_MACD,SHORT,2026-03-19T04:00:00+00:00,2026-03-19T04:15:00+00:00,2026-03-19T07:15:00+00:00,9.634,9.719319741486403,9.548680258513597,9.463360517027194,9.463360517027194,1.5,0.293583,1.206417,TP2,13,2026-03-19 04:15:00+00:00
AVAX,A_ZONE_EMA_MACD,LONG,2026-03-20T11:00:00+00:00,2026-03-20T11:15:00+00:00,2026-03-20T11:30:00+00:00,9.583,9.503783130626616,9.662216869373385,9.74143373874677,9.503783130626616,-1.0,0.314526,-1.314526,SL,2,2026-03-20 11:15:00+00:00
AVAX,A_ZONE_EMA_MACD,LONG,2026-04-05T22:30:00+00:00,2026-04-05T22:45:00+00:00,2026-04-05T23:15:00+00:00,8.901,8.828664898212027,8.973335101787972,9.045670203575945,9.045670203575945,1.5,0.319936,1.180064,TP2,3,2026-04-05 22:45:00+00:00
AVAX,A_ZONE_EMA_MACD,LONG,2026-05-06T01:15:00+00:00,2026-05-06T01:30:00+00:00,2026-05-06T04:30:00+00:00,9.459,9.386600035907975,9.531399964092024,9.60379992818405,9.491318590563221,0.723195,0.339688,0.383507,SL,13,2026-05-06 01:30:00+00:00
AVAX,A_ZONE_EMA_MACD,SHORT,2026-05-11T14:15:00+00:00,2026-05-11T14:30:00+00:00,2026-05-11T15:15:00+00:00,10.056,10.172956892560808,9.93904310743919,9.82208621487838,10.158031400235037,-0.872385,0.223549,-1.095934,SL,4,2026-05-11 14:30:00+00:00
AVAX,A_ZONE_EMA_MACD,SHORT,2026-05-25T01:45:00+00:00,2026-05-25T02:00:00+00:00,2026-05-25T02:00:00+00:00,9.154,9.221157592917159,9.086842407082841,9.019684814165682,9.221157592917159,-1.0,0.354396,-1.354396,SL,1,2026-05-25 02:00:00+00:00
AVAX,A_ZONE_EMA_MACD,SHORT,2026-05-27T21:30:00+00:00,2026-05-27T21:45:00+00:00,2026-05-28T03:45:00+00:00,9.055,9.1436680468381,8.9663319531619,8.8776639063238,8.8776639063238,1.5,0.265518,1.234482,TP2,25,2026-05-27 21:45:00+00:00
AVAX,A_ZONE_EMA_MACD,LONG,2026-06-26T22:30:00+00:00,2026-06-26T22:45:00+00:00,2026-06-27T00:30:00+00:00,6.525,6.413223798917082,6.6367762010829185,6.748552402165837,6.519769093553505,0.476601,0.151776,0.324824,SL,8,2026-06-26 22:45:00+00:00
AVAX,A_ZONE_EMA_MACD,LONG,2026-06-29T15:30:00+00:00,2026-06-29T15:45:00+00:00,2026-06-29T21:00:00+00:00,6.638,6.515549071042145,6.760450928957855,6.88290185791571,6.665221153076081,0.611151,0.140945,0.470207,SL,22,2026-06-29 15:45:00+00:00
AVAX,A_ZONE_EMA_MACD,LONG,2026-07-05T21:45:00+00:00,2026-07-05T22:00:00+00:00,2026-07-05T22:45:00+00:00,6.953,6.902952537857959,7.0030474621420415,7.053094924284083,6.932989688255076,0.300087,0.361213,-0.061126,SL,4,2026-07-05 22:00:00+00:00
AVAX,A_ZONE_EMA_MACD,SHORT,2026-07-07T13:15:00+00:00,2026-07-07T13:30:00+00:00,2026-07-07T14:30:00+00:00,6.75,6.798552306043351,6.701447693956649,6.652895387913299,6.652895387913299,1.5,0.361466,1.138534,TP2,5,2026-07-07 13:30:00+00:00
AVAX,A_ZONE_EMA_MACD,SHORT,2026-08-01T17:00:00+00:00,2026-08-01T17:15:00+00:00,2026-08-01T18:15:00+00:00,6.34,6.3717749444313,6.3082250555687,6.2764501111374,6.2764501111374,1.5,0.518774,0.981226,TP2,5,2026-08-01 17:15:00+00:00
AVAX,A_ZONE_EMA_MACD,LONG,2026-08-14T23:00:00+00:00,2026-08-14T23:15:00+00:00,2026-08-15T02:00:00+00:00,6.445,6.407253289137718,6.4827467108622825,6.520493421724565,6.520493421724565,1.5,0.443933,1.056067,TP2,12,2026-08-14 23:15:00+00:00
AVAX,A_ZONE_EMA_MACD,SHORT,2026-08-23T02:00:00+00:00,2026-08-23T02:15:00+00:00,2026-08-23T08:00:00+00:00,7.441,7.538607762024423,7.343392237975577,7.245784475951154,7.4216183911963824,0.599283,0.198208,0.401076,SL,24,2026-08-23 02:15:00+00:00
AVAX,A_ZONE_EMA_MACD,LONG,2026-09-07T05:15:00+00:00,2026-09-07T05:30:00+00:00,2026-09-07T06:45:00+00:00,7.884,7.794750172224192,7.973249827775809,8.062499655551617,7.865053731351036,-0.212284,0.229674,-0.441958,SL,6,2026-09-07 05:30:00+00:00
AVAX,A_ZONE_EMA_MACD,SHORT,2026-09-09T01:15:00+00:00,2026-09-09T01:30:00+00:00,2026-09-09T04:00:00+00:00,7.955,8.016226610431088,7.893773389568912,7.832546779137823,7.987152737601232,-0.525143,0.337811,-0.862954,SL,11,2026-09-09 01:30:00+00:00
AVAX,A_ZONE_EMA_MACD,SHORT,2026-09-15T11:30:00+00:00,2026-09-15T11:45:00+00:00,2026-09-15T12:15:00+00:00,7.467,7.518661395894576,7.415338604105424,7.363677208210848,7.518661395894576,-1.0,0.375797,-1.375797,SL,3,2026-09-15 11:45:00+00:00
AVAX,A_ZONE_EMA_MACD,SHORT,2026-09-15T18:30:00+00:00,2026-09-15T18:45:00+00:00,2026-09-16T02:30:00+00:00,7.347,7.467311975226798,7.226688024773203,7.106376049546406,7.284815844679919,0.758429,0.158772,0.599657,SL,32,2026-09-15 18:45:00+00:00
AVAX,A_ZONE_EMA_MACD,LONG,2026-09-21T04:30:00+00:00,2026-09-21T04:45:00+00:00,2026-09-21T06:00:00+00:00,11.524,11.191468269823842,11.856531730176156,12.189063460352314,11.21100625055071,-0.941245,0.090104,-1.031349,SL,6,2026-09-21 04:45:00+00:00
AVAX,A_ZONE_EMA_MACD,SHORT,2026-09-28T14:00:00+00:00,2026-09-28T14:15:00+00:00,2026-09-28T16:15:00+00:00,10.395,10.58571623731897,10.20428376268103,10.01356752536206,10.450881389370759,0.353496,0.141713,0.211783,SL,9,2026-09-28 14:15:00+00:00
AVAX,B_PLUS_STOCH,LONG,2025-01-22T19:30:00+00:00,2025-01-22T19:45:00+00:00,2025-01-22T21:00:00+00:00,37.29,36.727611510251776,37.85238848974822,38.414776979496445,36.878462276976364,-0.731768,0.172397,-0.904165,SL,6,2025-01-22 19:45:00+00:00
AVAX,B_PLUS_STOCH,SHORT,2025-02-18T14:30:00+00:00,2025-02-18T14:45:00+00:00,2025-02-18T17:15:00+00:00,23.815,24.19566895575068,23.434331044249323,23.053662088498644,23.053662088498644,1.5,0.162658,1.337342,TP2,11,2025-02-18 14:45:00+00:00
AVAX,B_PLUS_STOCH,LONG,2025-04-02T20:00:00+00:00,2025-04-02T20:15:00+00:00,2025-04-02T20:15:00+00:00,19.615,19.182436835953105,20.047563164046892,20.480126328093785,19.182436835953105,-1.0,0.1179,-1.1179,SL,1,2025-04-02 20:15:00+00:00
AVAX,B_PLUS_STOCH,LONG,2025-05-01T18:30:00+00:00,2025-05-01T18:45:00+00:00,2025-05-02T04:15:00+00:00,21.617,21.318448001611483,21.91555199838852,22.214103996777038,21.894366093704914,0.964519,0.188256,0.776263,SL,39,2025-05-01 18:45:00+00:00
AVAX,B_PLUS_STOCH,LONG,2025-08-04T00:15:00+00:00,2025-08-04T00:30:00+00:00,2025-08-04T01:00:00+00:00,21.475,21.295934146524818,21.654065853475185,21.83313170695037,21.83313170695037,1.5,0.311813,1.188187,TP2,3,2025-08-04 00:30:00+00:00
AVAX,B_PLUS_STOCH,SHORT,2025-08-19T13:30:00+00:00,2025-08-19T13:45:00+00:00,2025-08-19T18:45:00+00:00,22.994,23.29995595440852,22.68804404559148,22.382088091182958,22.382088091182958,1.5,0.195402,1.304598,TP2,21,2025-08-19 13:45:00+00:00
AVAX,B_PLUS_STOCH,SHORT,2025-09-06T04:00:00+00:00,2025-09-06T04:15:00+00:00,2025-09-06T13:45:00+00:00,24.303,24.45655852998232,24.14944147001768,23.99588294003536,24.207213869105907,0.811888,0.41149,0.400398,SL,39,2025-09-06 04:15:00+00:00
AVAX,B_PLUS_STOCH,LONG,2025-10-04T05:00:00+00:00,2025-10-04T05:15:00+00:00,2025-10-04T05:30:00+00:00,31.37,31.122648838757325,31.617351161242677,31.864702322485353,31.122648838757325,-1.0,0.329742,-1.329742,SL,2,2025-10-04 05:15:00+00:00
AVAX,B_PLUS_STOCH,SHORT,2025-10-22T14:15:00+00:00,2025-10-22T14:30:00+00:00,2025-10-22T15:00:00+00:00,19.356,19.645061729935378,19.066938270064625,18.77787654012925,19.641343034939993,-0.987135,0.1741,-1.161235,SL,3,2025-10-22 14:30:00+00:00
AVAX,B_PLUS_STOCH,LONG,2025-11-18T15:15:00+00:00,2025-11-18T15:30:00+00:00,2025-11-18T21:30:00+00:00,14.754,14.490621251623724,15.017378748376276,15.280757496752551,14.60959644134551,-0.548273,0.145647,-0.693921,SL,25,2025-11-18 15:30:00+00:00
AVAX,B_PLUS_STOCH,LONG,2026-01-06T06:30:00+00:00,2026-01-06T06:45:00+00:00,2026-01-06T07:15:00+00:00,14.526,14.354758667081288,14.697241332918711,14.868482665837423,14.354758667081288,-1.0,0.220552,-1.220552,SL,3,2026-01-06 06:45:00+00:00
AVAX,B_PLUS_STOCH,SHORT,2026-01-30T01:30:00+00:00,2026-01-30T01:45:00+00:00,2026-01-30T01:45:00+00:00,10.816,10.964864157868197,10.667135842131804,10.518271684263608,10.964864157868197,-1.0,0.188908,-1.188908,SL,1,2026-01-30 01:45:00+00:00
AVAX,B_PLUS_STOCH,LONG,2026-02-21T08:45:00+00:00,2026-02-21T09:00:00+00:00,2026-02-21T13:15:00+00:00,9.205,9.15418774842592,9.25581225157408,9.306624503148159,9.306624503148159,1.5,0.471008,1.028992,TP2,18,2026-02-21 09:00:00+00:00
AVAX,B_PLUS_STOCH,SHORT,2026-09-15T18:30:00+00:00,2026-09-15T18:45:00+00:00,2026-09-16T02:30:00+00:00,7.347,7.467311975226798,7.226688024773203,7.106376049546406,7.284815844679919,0.758429,0.158772,0.599657,SL,32,2026-09-15 18:45:00+00:00
AVAX,C_PLUS_CONFIRMED_STRUCTURE,SHORT,2025-02-18T14:30:00+00:00,2025-02-18T14:45:00+00:00,2025-02-18T17:15:00+00:00,23.815,24.19566895575068,23.434331044249323,23.053662088498644,23.053662088498644,1.5,0.162658,1.337342,TP2,11,2025-02-18 14:45:00+00:00
AVAX,C_PLUS_CONFIRMED_STRUCTURE,LONG,2025-04-02T20:00:00+00:00,2025-04-02T20:15:00+00:00,2025-04-02T20:15:00+00:00,19.615,19.182436835953105,20.047563164046892,20.480126328093785,19.182436835953105,-1.0,0.1179,-1.1179,SL,1,2025-04-02 20:15:00+00:00
AVAX,C_PLUS_CONFIRMED_STRUCTURE,LONG,2025-05-01T18:30:00+00:00,2025-05-01T18:45:00+00:00,2025-05-02T04:15:00+00:00,21.617,21.318448001611483,21.91555199838852,22.214103996777038,21.894366093704914,0.964519,0.188256,0.776263,SL,39,2025-05-01 18:45:00+00:00
AVAX,C_PLUS_CONFIRMED_STRUCTURE,SHORT,2025-08-19T13:30:00+00:00,2025-08-19T13:45:00+00:00,2025-08-19T18:45:00+00:00,22.994,23.29995595440852,22.68804404559148,22.382088091182958,22.382088091182958,1.5,0.195402,1.304598,TP2,21,2025-08-19 13:45:00+00:00
AVAX,C_PLUS_CONFIRMED_STRUCTURE,LONG,2025-10-04T05:00:00+00:00,2025-10-04T05:15:00+00:00,2025-10-04T05:30:00+00:00,31.37,31.122648838757325,31.617351161242677,31.864702322485353,31.122648838757325,-1.0,0.329742,-1.329742,SL,2,2025-10-04 05:15:00+00:00
AVAX,C_PLUS_CONFIRMED_STRUCTURE,SHORT,2025-10-22T14:15:00+00:00,2025-10-22T14:30:00+00:00,2025-10-22T15:00:00+00:00,19.356,19.645061729935378,19.066938270064625,18.77787654012925,19.641343034939993,-0.987135,0.1741,-1.161235,SL,3,2025-10-22 14:30:00+00:00
AVAX,C_PLUS_CONFIRMED_STRUCTURE,LONG,2025-11-18T15:15:00+00:00,2025-11-18T15:30:00+00:00,2025-11-18T21:30:00+00:00,14.754,14.490621251623724,15.017378748376276,15.280757496752551,14.60959644134551,-0.548273,0.145647,-0.693921,SL,25,2025-11-18 15:30:00+00:00
AVAX,C_PLUS_CONFIRMED_STRUCTURE,LONG,2026-01-06T06:30:00+00:00,2026-01-06T06:45:00+00:00,2026-01-06T07:15:00+00:00,14.526,14.354758667081288,14.697241332918711,14.868482665837423,14.354758667081288,-1.0,0.220552,-1.220552,SL,3,2026-01-06 06:45:00+00:00
BNB,A_ZONE_EMA_MACD,LONG,2025-01-17T16:30:00+00:00,2025-01-17T16:45:00+00:00,2025-01-17T21:00:00+00:00,726.27,720.8656024750343,731.6743975249657,737.0787950499314,725.4110352968675,-0.158938,0.349401,-0.508339,SL,18,2025-01-17 16:45:00+00:00
BNB,A_ZONE_EMA_MACD,LONG,2025-01-26T01:00:00+00:00,2025-01-26T01:15:00+00:00,2025-01-26T06:15:00+00:00,689.38,687.2110860316296,691.5489139683704,693.7178279367407,688.9614992838282,-0.192954,0.826399,-1.019353,SL,21,2025-01-26 01:15:00+00:00
BNB,A_ZONE_EMA_MACD,SHORT,2025-02-04T19:45:00+00:00,2025-02-04T20:00:00+00:00,2025-02-04T21:30:00+00:00,575.45,583.8700396671344,567.0299603328657,558.6099206657314,558.6099206657314,1.5,0.177692,1.322308,TP2,7,2025-02-04 20:00:00+00:00
BNB,A_ZONE_EMA_MACD,SHORT,2025-02-16T02:00:00+00:00,2025-02-16T02:15:00+00:00,2025-02-16T04:00:00+00:00,659.24,663.9007094047068,654.5792905952932,649.9185811905863,660.7828495697511,-0.331033,0.36776,-0.698794,SL,8,2025-02-16 02:15:00+00:00
BNB,A_ZONE_EMA_MACD,SHORT,2025-02-17T07:30:00+00:00,2025-02-17T07:45:00+00:00,2025-02-17T10:00:00+00:00,669.21,675.368053390734,663.0519466092661,656.8938932185322,672.6351834181642,-0.556212,0.282548,-0.83876,SL,10,2025-02-17 07:45:00+00:00
BNB,A_ZONE_EMA_MACD,SHORT,2025-03-03T14:30:00+00:00,2025-03-03T14:45:00+00:00,2025-03-03T14:45:00+00:00,597.87,603.6977965745718,592.0422034254282,586.2144068508563,586.2144068508563,1.5,0.266732,1.233268,TP2,1,2025-03-03 14:45:00+00:00
BNB,A_ZONE_EMA_MACD,SHORT,2025-03-04T16:15:00+00:00,2025-03-04T16:30:00+00:00,2025-03-04T17:00:00+00:00,560.1,571.1343775970103,549.0656224029898,538.0312448059796,571.1343775970103,-1.0,0.131975,-1.131975,SL,3,2025-03-04 16:30:00+00:00
BNB,A_ZONE_EMA_MACD,LONG,2025-03-18T04:15:00+00:00,2025-03-18T04:30:00+00:00,2025-03-18T11:00:00+00:00,631.82,625.0573822135331,638.582617786467,645.345235572934,633.6606946702032,0.636093,0.242914,0.39318,SL,27,2025-03-18 04:30:00+00:00
BNB,A_ZONE_EMA_MACD,LONG,2025-03-20T09:00:00+00:00,2025-03-20T09:15:00+00:00,2025-03-20T10:00:00+00:00,633.55,627.2622980078834,639.8377019921165,646.1254039842331,629.393869200675,-0.660994,0.261976,-0.92297,SL,4,2025-03-20 09:15:00+00:00
BNB,A_ZONE_EMA_MACD,SHORT,2025-03-23T01:45:00+00:00,2025-03-23T02:00:00+00:00,2025-03-23T11:15:00+00:00,623.82,627.0464364346694,620.5935635653307,617.3671271306613,622.0266127667901,0.777921,0.502701,0.27522,SL,38,2025-03-23 02:00:00+00:00
BNB,A_ZONE_EMA_MACD,LONG,2025-03-24T00:00:00+00:00,2025-03-24T00:15:00+00:00,2025-03-24T00:45:00+00:00,624.73,621.7427914106574,627.7172085893426,630.7044171786852,623.0340205956105,-0.567747,0.543751,-1.111498,SL,3,2025-03-24 00:15:00+00:00
BNB,A_ZONE_EMA_MACD,LONG,2025-04-22T21:30:00+00:00,2025-04-22T21:45:00+00:00,2025-04-22T21:45:00+00:00,609.35,606.6580399908254,612.0419600091747,614.7339200183493,614.7339200183493,1.5,0.588534,0.911466,TP2,1,2025-04-22 21:45:00+00:00
BNB,A_ZONE_EMA_MACD,SHORT,2025-04-24T00:15:00+00:00,2025-04-24T00:30:00+00:00,2025-04-24T02:00:00+00:00,602.7,605.8214051114094,599.5785948885907,596.4571897771814,605.6248805546377,-0.93704,0.502024,-1.439064,SL,7,2025-04-24 00:30:00+00:00
BNB,A_ZONE_EMA_MACD,SHORT,2025-04-24T04:30:00+00:00,2025-04-24T04:45:00+00:00,2025-04-24T07:00:00+00:00,602.23,606.144943052051,598.3150569479491,594.4001138958981,606.144943052051,-1.0,0.399954,-1.399954,SL,10,2025-04-24 04:45:00+00:00
BNB,A_ZONE_EMA_MACD,LONG,2025-04-25T04:00:00+00:00,2025-04-25T04:15:00+00:00,2025-04-25T07:00:00+00:00,602.45,599.1416883472464,605.7583116527537,609.0666233055074,609.0666233055074,1.5,0.473465,1.026535,TP2,12,2025-04-25 04:15:00+00:00
BNB,A_ZONE_EMA_MACD,LONG,2025-05-01T08:15:00+00:00,2025-05-01T08:30:00+00:00,2025-05-01T10:45:00+00:00,601.65,599.5718268927693,603.7281731072306,605.8063462144613,602.565858379557,0.720352,0.752724,-0.032372,SL,10,2025-05-01 08:30:00+00:00
BNB,A_ZONE_EMA_MACD,SHORT,2025-05-15T01:30:00+00:00,2025-05-15T01:45:00+00:00,2025-05-15T04:30:00+00:00,649.2,652.4273093764194,645.9726906235807,642.7453812471613,650.7346444209609,0.262241,0.523012,-0.260771,SL,12,2025-05-15 01:45:00+00:00
BNB,A_ZONE_EMA_MACD,SHORT,2025-05-17T22:15:00+00:00,2025-05-17T22:30:00+00:00,2025-05-18T00:45:00+00:00,638.06,641.57525794708,634.5447420529199,631.0294841058399,641.57525794708,-1.0,0.47193,-1.47193,SL,10,2025-05-17 22:30:00+00:00
BNB,A_ZONE_EMA_MACD,SHORT,2025-06-12T18:30:00+00:00,2025-06-12T18:45:00+00:00,2025-06-12T20:30:00+00:00,661.45,664.8842355430497,658.0157644569504,654.5815289139007,654.5815289139007,1.5,0.500772,0.999228,TP2,8,2025-06-12 18:45:00+00:00
BNB,A_ZONE_EMA_MACD,LONG,2025-06-28T17:45:00+00:00,2025-06-28T18:00:00+00:00,2025-06-29T00:15:00+00:00,646.83,645.7499198314906,647.9100801685095,648.9901603370189,647.7790375916837,0.939337,1.557068,-0.617731,SL,26,2025-06-28 18:00:00+00:00
BNB,A_ZONE_EMA_MACD,SHORT,2025-07-04T13:15:00+00:00,2025-07-04T13:30:00+00:00,2025-07-04T14:00:00+00:00,657.86,659.6717416587763,656.0482583412237,654.2365166824474,654.2365166824474,1.5,0.944084,0.555916,TP2,3,2025-07-04 13:30:00+00:00
BNB,A_ZONE_EMA_MACD,SHORT,2025-07-07T21:00:00+00:00,2025-07-07T21:15:00+00:00,2025-07-07T21:45:00+00:00,659.0,661.2881004446687,656.7118995553313,654.4237991106627,660.1310932700495,-0.494337,0.748831,-1.243168,SL,3,2025-07-07 21:15:00+00:00
BNB,A_ZONE_EMA_MACD,LONG,2025-07-14T00:00:00+00:00,2025-07-14T00:15:00+00:00,2025-07-14T00:45:00+00:00,693.16,690.390502549668,695.929497450332,698.6989949006639,691.2557394433362,-0.687583,0.650738,-1.338321,SL,3,2025-07-14 00:15:00+00:00
BNB,A_ZONE_EMA_MACD,LONG,2025-07-16T14:30:00+00:00,2025-07-16T14:45:00+00:00,2025-07-16T15:00:00+00:00,697.92,694.0365909260012,701.8034090739988,705.6868181479975,705.6868181479975,1.5,0.467268,1.032732,TP2,2,2025-07-16 14:45:00+00:00
BNB,A_ZONE_EMA_MACD,LONG,2025-07-17T06:15:00+00:00,2025-07-17T06:30:00+00:00,2025-07-17T12:15:00+00:00,717.28,710.120153116079,724.439846883921,731.5996937678419,714.3391496419697,-0.410742,0.26047,-0.671212,SL,24,2025-07-17 06:30:00+00:00
BNB,A_ZONE_EMA_MACD,LONG,2025-07-28T12:30:00+00:00,2025-07-28T12:45:00+00:00,2025-07-28T13:15:00+00:00,855.99,847.2513036449836,864.7286963550164,873.4673927100328,847.2513036449836,-1.0,0.25468,-1.25468,SL,3,2025-07-28 12:45:00+00:00
BNB,A_ZONE_EMA_MACD,SHORT,2025-07-29T02:15:00+00:00,2025-07-29T02:30:00+00:00,2025-07-29T03:30:00+00:00,819.21,831.4388006235758,806.9811993764242,794.7523987528484,829.2868740070628,-0.824028,0.174175,-0.998203,SL,5,2025-07-29 02:30:00+00:00
BNB,A_ZONE_EMA_MACD,SHORT,2025-07-29T10:30:00+00:00,2025-07-29T10:45:00+00:00,2025-07-29T15:15:00+00:00,824.95,833.7397668805983,816.1602331194018,807.3704662388036,807.3704662388036,1.5,0.244019,1.255981,TP2,19,2025-07-29 10:45:00+00:00
BNB,A_ZONE_EMA_MACD,SHORT,2025-07-30T18:45:00+00:00,2025-07-30T19:00:00+00:00,2025-07-30T19:45:00+00:00,780.9,789.4512789072063,772.3487210927937,763.7974421855873,784.7469018424059,0.275069,0.237431,0.037637,SL,4,2025-07-30 19:00:00+00:00
BNB,A_ZONE_EMA_MACD,LONG,2025-08-03T16:45:00+00:00,2025-08-03T17:00:00+00:00,2025-08-04T00:00:00+00:00,751.6,747.7565511311171,755.4434488688829,759.2868977377658,750.5923244041459,0.36891,0.508439,-0.139529,SL,29,2025-08-03 17:00:00+00:00
BNB,A_ZONE_EMA_MACD,LONG,2025-08-07T00:30:00+00:00,2025-08-07T00:45:00+00:00,2025-08-07T01:45:00+00:00,772.93,769.7705379723474,776.0894620276525,779.2489240553051,771.0775043459356,-0.586333,0.636063,-1.222396,SL,5,2025-08-07 00:45:00+00:00
BNB,A_ZONE_EMA_MACD,LONG,2025-08-08T13:30:00+00:00,2025-08-08T13:45:00+00:00,2025-08-08T14:30:00+00:00,790.21,786.2294145753228,794.1905854246772,798.1711708493544,789.3301706770854,0.389485,0.516142,-0.126657,SL,4,2025-08-08 13:45:00+00:00
BNB,A_ZONE_EMA_MACD,SHORT,2025-08-18T01:15:00+00:00,2025-08-18T01:30:00+00:00,2025-08-18T02:00:00+00:00,850.29,856.1751970618076,844.4048029381923,838.5196058763847,838.5196058763847,1.5,0.375647,1.124353,TP2,3,2025-08-18 01:30:00+00:00
BNB,A_ZONE_EMA_MACD,SHORT,2025-08-19T23:15:00+00:00,2025-08-19T23:30:00+00:00,2025-08-20T01:30:00+00:00,830.18,835.9841793038621,824.3758206961378,818.5716413922756,818.5716413922756,1.5,0.371882,1.128118,TP2,9,2025-08-19 23:30:00+00:00
BNB,A_ZONE_EMA_MACD,LONG,2025-08-27T04:00:00+00:00,2025-08-27T04:15:00+00:00,2025-08-27T06:15:00+00:00,865.08,859.1628762091448,870.9971237908553,876.9142475817106,859.386357547681,-0.962231,0.380118,-1.34235,SL,9,2025-08-27 04:15:00+00:00
BNB,A_ZONE_EMA_MACD,LONG,2025-09-03T02:15:00+00:00,2025-09-03T02:30:00+00:00,2025-09-03T06:00:00+00:00,853.28,849.6630393221656,856.8969606778344,860.5139213556688,850.112939635468,-0.875614,0.613368,-1.488982,SL,15,2025-09-03 02:30:00+00:00
BNB,A_ZONE_EMA_MACD,LONG,2025-09-14T05:00:00+00:00,2025-09-14T05:15:00+00:00,2025-09-14T08:00:00+00:00,937.65,932.0396251664865,943.2603748335134,948.8707496670269,937.4256182546542,0.480003,0.434532,0.04547,SL,12,2025-09-14 05:15:00+00:00
BNB,A_ZONE_EMA_MACD,LONG,2025-09-16T15:15:00+00:00,2025-09-16T15:30:00+00:00,2025-09-16T17:00:00+00:00,931.09,925.6437625634221,936.536237436578,941.9824748731559,941.9824748731559,1.5,0.444497,1.055503,TP2,7,2025-09-16 15:30:00+00:00
BNB,A_ZONE_EMA_MACD,SHORT,2025-09-26T09:30:00+00:00,2025-09-26T09:45:00+00:00,2025-09-26T12:30:00+00:00,940.9,949.7753069057352,932.0246930942648,923.1493861885295,942.0888415030291,-0.133949,0.275634,-0.409584,SL,12,2025-09-26 09:45:00+00:00
BNB,A_ZONE_EMA_MACD,SHORT,2025-09-26T14:30:00+00:00,2025-09-26T14:45:00+00:00,2025-09-26T16:15:00+00:00,938.55,949.5158248514318,927.5841751485681,916.6183502971362,949.0204087906153,-0.954822,0.22253,-1.177352,SL,7,2025-09-26 14:45:00+00:00
BNB,A_ZONE_EMA_MACD,LONG,2025-10-04T05:00:00+00:00,2025-10-04T05:15:00+00:00,2025-10-04T07:15:00+00:00,1182.6,1169.5177813866053,1195.6822186133945,1208.7644372267891,1169.5177813866053,-1.0,0.235034,-1.235034,SL,9,2025-10-04 05:15:00+00:00
BNB,A_ZONE_EMA_MACD,LONG,2025-10-13T06:00:00+00:00,2025-10-13T06:15:00+00:00,2025-10-13T07:30:00+00:00,1311.64,1291.1707487256028,1332.1092512743974,1352.5785025487946,1352.5785025487946,1.5,0.166604,1.333396,TP2,6,2025-10-13 06:15:00+00:00
BNB,A_ZONE_EMA_MACD,SHORT,2025-10-16T23:30:00+00:00,2025-10-16T23:45:00+00:00,2025-10-17T03:00:00+00:00,1144.81,1160.0388571225624,1129.5811428774375,1114.352285754875,1151.4502708526088,-0.436032,0.195452,-0.631484,SL,14,2025-10-16 23:45:00+00:00
BNB,A_ZONE_EMA_MACD,LONG,2025-10-23T15:00:00+00:00,2025-10-23T15:15:00+00:00,2025-10-23T18:45:00+00:00,1135.08,1115.067043453816,1155.0929565461838,1175.1059130923677,1115.6079689214007,0.013514,0.147465,-0.13395,SL,15,2025-10-23 15:15:00+00:00
BNB,A_ZONE_EMA_MACD,LONG,2025-11-05T12:15:00+00:00,2025-11-05T12:30:00+00:00,2025-11-05T20:30:00+00:00,952.35,941.232546784989,963.467453215011,974.584906430022,954.8530362108161,0.612572,0.222723,0.38985,SL,33,2025-11-05 12:30:00+00:00
BNB,A_ZONE_EMA_MACD,SHORT,2025-11-09T13:00:00+00:00,2025-11-09T13:15:00+00:00,2025-11-09T14:15:00+00:00,984.28,991.1086881601692,977.4513118398307,970.6226236796615,991.1086881601692,0.0,0.374761,-0.374761,SL,5,2025-11-09 13:15:00+00:00
BNB,A_ZONE_EMA_MACD,LONG,2025-11-10T00:15:00+00:00,2025-11-10T00:30:00+00:00,2025-11-10T00:45:00+00:00,1000.58,991.7256989372496,1009.4343010627505,1018.2886021255009,1018.2886021255009,1.5,0.293813,1.206187,TP2,2,2025-11-10 00:30:00+00:00
BNB,A_ZONE_EMA_MACD,SHORT,2025-11-13T03:00:00+00:00,2025-11-13T03:15:00+00:00,2025-11-13T03:15:00+00:00,949.39,957.1417844550158,941.6382155449842,933.8864310899684,957.1417844550158,-1.0,0.318432,-1.318432,SL,1,2025-11-13 03:15:00+00:00
BNB,A_ZONE_EMA_MACD,SHORT,2025-11-22T08:15:00+00:00,2025-11-22T08:30:00+00:00,2025-11-22T11:00:00+00:00,823.99,833.6209445498691,814.3590554501309,804.7281109002618,826.4436205557546,0.372618,0.222447,0.150171,SL,11,2025-11-22 08:30:00+00:00
BNB,A_ZONE_EMA_MACD,LONG,2025-11-23T09:30:00+00:00,2025-11-23T09:45:00+00:00,2025-11-23T10:15:00+00:00,846.73,840.6474443010216,852.8125556989785,858.895111397957,840.6474443010216,-1.0,0.361936,-1.361936,SL,3,2025-11-23 09:45:00+00:00
BNB,A_ZONE_EMA_MACD,SHORT,2025-11-29T17:30:00+00:00,2025-11-29T17:45:00+00:00,2025-11-29T18:30:00+00:00,876.96,881.0080247853238,872.9119752146763,868.8639504293526,868.8639504293526,1.5,0.563261,0.936739,TP2,4,2025-11-29 17:45:00+00:00
BNB,A_ZONE_EMA_MACD,SHORT,2025-12-06T08:00:00+00:00,2025-12-06T08:15:00+00:00,2025-12-06T09:00:00+00:00,882.71,886.8902118056978,878.5297881943022,874.3495763886044,883.1014669595911,0.453176,0.549026,-0.09585,SL,4,2025-12-06 08:15:00+00:00
BNB,A_ZONE_EMA_MACD,SHORT,2025-12-24T02:00:00+00:00,2025-12-24T02:15:00+00:00,2025-12-24T04:00:00+00:00,841.92,845.8667512790811,837.9732487209188,834.0264974418377,842.2689976385318,0.455787,0.554631,-0.098845,SL,8,2025-12-24 02:15:00+00:00
BNB,A_ZONE_EMA_MACD,SHORT,2026-01-15T18:00:00+00:00,2026-01-15T18:15:00+00:00,2026-01-15T22:15:00+00:00,935.76,942.9058624778645,928.6141375221355,921.468275044271,932.6580191703339,0.717047,0.340473,0.376574,SL,17,2026-01-15 18:15:00+00:00
BNB,A_ZONE_EMA_MACD,LONG,2026-01-18T15:30:00+00:00,2026-01-18T15:45:00+00:00,2026-01-18T19:45:00+00:00,950.07,946.4134021653587,953.7265978346414,957.3831956692828,949.8565334656962,0.470811,0.675541,-0.20473,SL,17,2026-01-18 15:45:00+00:00
BNB,A_ZONE_EMA_MACD,SHORT,2026-02-03T14:45:00+00:00,2026-02-03T15:00:00+00:00,2026-02-03T15:15:00+00:00,765.24,772.6901981069476,757.7898018930524,750.3396037861048,772.6901981069476,-1.0,0.267057,-1.267057,SL,2,2026-02-03 15:00:00+00:00
BNB,A_ZONE_EMA_MACD,SHORT,2026-02-17T14:30:00+00:00,2026-02-17T14:45:00+00:00,2026-02-17T16:00:00+00:00,612.07,618.1159479297773,606.0240520702228,599.9781041404455,617.8496310501898,-0.955951,0.263215,-1.219166,SL,6,2026-02-17 14:45:00+00:00
BNB,A_ZONE_EMA_MACD,SHORT,2026-03-08T22:00:00+00:00,2026-03-08T22:15:00+00:00,2026-03-09T00:30:00+00:00,612.14,616.8208584302713,607.4591415697287,602.7782831394574,616.8208584302713,-1.0,0.340015,-1.340015,SL,10,2026-03-08 22:15:00+00:00
BNB,A_ZONE_EMA_MACD,SHORT,2026-03-11T11:00:00+00:00,2026-03-11T11:15:00+00:00,2026-03-11T12:30:00+00:00,637.65,642.1981682629093,633.1018317370906,628.5536634741812,641.2746961042432,-0.796957,0.364518,-1.161476,SL,6,2026-03-11 11:15:00+00:00
BNB,A_ZONE_EMA_MACD,SHORT,2026-03-14T14:30:00+00:00,2026-03-14T14:45:00+00:00,2026-03-14T16:30:00+00:00,651.98,654.44499560107,649.51500439893,647.0500087978601,654.44499560107,-1.0,0.687688,-1.687688,SL,8,2026-03-14 14:45:00+00:00
BNB,A_ZONE_EMA_MACD,SHORT,2026-03-23T06:30:00+00:00,2026-03-23T06:45:00+00:00,2026-03-23T10:00:00+00:00,622.16,626.7705029005269,617.549497099473,612.938994198946,626.0195134374846,-0.837113,0.350855,-1.187968,SL,14,2026-03-23 06:45:00+00:00
BNB,A_ZONE_EMA_MACD,SHORT,2026-03-29T22:00:00+00:00,2026-03-29T22:15:00+00:00,2026-03-29T22:30:00+00:00,607.85,610.306564074319,605.393435925681,602.9368718513621,602.9368718513621,1.5,0.643342,0.856658,TP2,2,2026-03-29 22:15:00+00:00
BNB,A_ZONE_EMA_MACD,SHORT,2026-04-11T13:00:00+00:00,2026-04-11T13:15:00+00:00,2026-04-11T15:15:00+00:00,604.65,606.5740823005167,602.7259176994833,600.8018353989665,606.3945049933369,-0.906669,0.81706,-1.723728,SL,9,2026-04-11 13:15:00+00:00
BNB,A_ZONE_EMA_MACD,LONG,2026-04-14T13:30:00+00:00,2026-04-14T13:45:00+00:00,2026-04-14T14:00:00+00:00,620.13,617.7568975733731,622.5031024266269,624.8762048532539,619.9306906038464,0.458007,0.679422,-0.221415,SL,2,2026-04-14 13:45:00+00:00
BNB,A_ZONE_EMA_MACD,SHORT,2026-04-26T03:30:00+00:00,2026-04-26T03:45:00+00:00,2026-04-26T04:30:00+00:00,628.11,629.8208489698854,626.3991510301146,624.6883020602291,629.8208489698854,-1.0,0.954547,-1.954547,SL,4,2026-04-26 03:45:00+00:00
BNB,A_ZONE_EMA_MACD,LONG,2026-04-26T18:00:00+00:00,2026-04-26T18:15:00+00:00,2026-04-26T21:30:00+00:00,634.09,632.4255436065382,635.7544563934619,637.4189127869237,634.215729949733,0.537769,0.990494,-0.452725,SL,14,2026-04-26 18:15:00+00:00
BNB,A_ZONE_EMA_MACD,SHORT,2026-04-28T06:30:00+00:00,2026-04-28T06:45:00+00:00,2026-04-28T08:15:00+00:00,623.75,626.2400563458613,621.2599436541387,618.7698873082775,625.2284669512784,-0.593748,0.65129,-1.245039,SL,7,2026-04-28 06:45:00+00:00
BNB,A_ZONE_EMA_MACD,LONG,2026-05-03T22:00:00+00:00,2026-05-03T22:15:00+00:00,2026-05-03T23:15:00+00:00,621.47,619.3892086431889,623.5507913568111,625.6315827136223,619.4292666362189,-0.980749,0.776542,-1.757291,SL,5,2026-05-03 22:15:00+00:00
BNB,A_ZONE_EMA_MACD,SHORT,2026-05-08T06:00:00+00:00,2026-05-08T06:15:00+00:00,2026-05-08T09:00:00+00:00,637.11,640.4076271795051,633.8123728204949,630.5147456409899,638.5456143986879,-0.435348,0.502327,-0.937674,SL,12,2026-05-08 06:15:00+00:00
BNB,A_ZONE_EMA_MACD,LONG,2026-05-21T00:00:00+00:00,2026-05-21T00:15:00+00:00,2026-05-21T05:45:00+00:00,651.55,648.8824589346408,654.2175410653591,656.8850821307183,652.5029972972245,0.678628,0.635053,0.043575,SL,23,2026-05-21 00:15:00+00:00
BNB,A_ZONE_EMA_MACD,LONG,2026-05-21T08:00:00+00:00,2026-05-21T08:15:00+00:00,2026-05-21T09:30:00+00:00,656.13,653.4073073292749,658.8526926707251,661.5753853414502,653.4073073292749,-1.0,0.626563,-1.626563,SL,6,2026-05-21 08:15:00+00:00
BNB,A_ZONE_EMA_MACD,SHORT,2026-06-05T01:00:00+00:00,2026-06-05T01:15:00+00:00,2026-06-05T04:45:00+00:00,600.17,607.4211825734753,592.9188174265246,585.6676348530492,600.6241550409246,0.468684,0.215198,0.253486,SL,15,2026-06-05 01:15:00+00:00
BNB,A_ZONE_EMA_MACD,SHORT,2026-06-05T13:45:00+00:00,2026-06-05T14:00:00+00:00,2026-06-05T18:45:00+00:00,581.43,591.0037671166249,571.856232883375,562.2824657667501,562.2824657667501,1.5,0.157902,1.342098,TP2,20,2026-06-05 14:00:00+00:00
BNB,A_ZONE_EMA_MACD,LONG,2026-06-11T17:30:00+00:00,2026-06-11T17:45:00+00:00,2026-06-11T20:15:00+00:00,604.73,600.0351964162875,609.4248035837126,614.1196071674251,601.5041109579812,-0.687119,0.334902,-1.022021,SL,11,2026-06-11 17:45:00+00:00
BNB,A_ZONE_EMA_MACD,LONG,2026-06-12T02:30:00+00:00,2026-06-12T02:45:00+00:00,2026-06-12T03:15:00+00:00,606.41,602.8992891885252,609.9207108114747,613.4314216229494,602.8992891885252,-1.0,0.449102,-1.449102,SL,3,2026-06-12 02:45:00+00:00
BNB,A_ZONE_EMA_MACD,LONG,2026-06-21T10:15:00+00:00,2026-06-21T10:30:00+00:00,2026-06-21T11:15:00+00:00,591.1,588.6524153700691,593.547584629931,595.9951692598619,588.6524153700691,-1.0,0.627909,-1.627909,SL,4,2026-06-21 10:30:00+00:00
BNB,A_ZONE_EMA_MACD,SHORT,2026-06-23T04:30:00+00:00,2026-06-23T04:45:00+00:00,2026-06-23T06:00:00+00:00,589.16,592.2353675572087,586.0846324427912,583.0092648855824,583.0092648855824,1.5,0.498092,1.001908,TP2,6,2026-06-23 04:45:00+00:00
BNB,A_ZONE_EMA_MACD,SHORT,2026-06-24T13:00:00+00:00,2026-06-24T13:15:00+00:00,2026-06-24T15:30:00+00:00,573.56,577.2014050396381,569.9185949603618,566.2771899207237,566.2771899207237,1.5,0.409528,1.090472,TP2,10,2026-06-24 13:15:00+00:00
BNB,A_ZONE_EMA_MACD,LONG,2026-06-29T12:00:00+00:00,2026-06-29T12:15:00+00:00,2026-06-29T12:30:00+00:00,557.96,553.4026797580109,562.5173202419892,567.0746404839783,553.4026797580109,-1.0,0.318322,-1.318322,SL,2,2026-06-29 12:15:00+00:00
BNB,A_ZONE_EMA_MACD,SHORT,2026-07-08T15:00:00+00:00,2026-07-08T15:15:00+00:00,2026-07-08T16:30:00+00:00,561.73,565.7752927431496,557.6847072568504,553.6394145137008,565.7752927431496,-1.0,0.361036,-1.361036,SL,6,2026-07-08 15:15:00+00:00
BNB,A_ZONE_EMA_MACD,LONG,2026-07-19T02:00:00+00:00,2026-07-19T02:15:00+00:00,2026-07-19T03:00:00+00:00,572.31,570.7195800670565,573.9004199329434,575.4908398658868,570.7195800670565,-1.0,0.935606,-1.935606,SL,4,2026-07-19 02:15:00+00:00
BNB,A_ZONE_EMA_MACD,LONG,2026-07-20T15:00:00+00:00,2026-07-20T15:15:00+00:00,2026-07-20T19:00:00+00:00,571.6,568.3633392482808,574.8366607517193,578.0733215034385,572.2261154293047,0.596722,0.459165,0.137558,SL,16,2026-07-20 15:15:00+00:00
BNB,A_ZONE_EMA_MACD,SHORT,2026-07-23T09:45:00+00:00,2026-07-23T10:00:00+00:00,2026-07-23T11:15:00+00:00,569.73,571.2407451179314,568.2192548820686,566.7085097641373,571.2407451179314,-1.0,0.980508,-1.980508,SL,6,2026-07-23 10:00:00+00:00
BNB,A_ZONE_EMA_MACD,SHORT,2026-07-23T12:30:00+00:00,2026-07-23T12:45:00+00:00,2026-07-23T15:00:00+00:00,568.7,570.3229972542923,567.0770027457078,565.4540054914155,565.4540054914155,1.5,0.911043,0.588957,TP2,10,2026-07-23 12:45:00+00:00
BNB,A_ZONE_EMA_MACD,LONG,2026-08-09T10:00:00+00:00,2026-08-09T10:15:00+00:00,2026-08-09T13:15:00+00:00,604.6,602.5045904752141,606.695409524786,608.790819049572,608.790819049572,1.5,0.750192,0.749808,TP2,13,2026-08-09 10:15:00+00:00
BNB,A_ZONE_EMA_MACD,LONG,2026-08-27T05:45:00+00:00,2026-08-27T06:00:00+00:00,2026-08-27T08:00:00+00:00,705.71,702.3363690681161,709.0836309318839,712.4572618637678,712.4572618637678,1.5,0.543879,0.956121,TP2,9,2026-08-27 06:00:00+00:00
BNB,A_ZONE_EMA_MACD,LONG,2026-08-27T14:30:00+00:00,2026-08-27T14:45:00+00:00,2026-08-27T18:00:00+00:00,712.38,707.2038386857954,717.5561613142046,722.7323226284092,708.6396781986379,-0.722605,0.35783,-1.080436,SL,14,2026-08-27 14:45:00+00:00
BNB,A_ZONE_EMA_MACD,SHORT,2026-08-29T06:00:00+00:00,2026-08-29T06:15:00+00:00,2026-08-29T10:15:00+00:00,688.52,690.7346950817708,686.3053049182291,684.0906098364583,689.4387171472376,-0.414828,0.808306,-1.223134,SL,17,2026-08-29 06:15:00+00:00
BNB,A_ZONE_EMA_MACD,LONG,2026-09-04T03:00:00+00:00,2026-09-04T03:15:00+00:00,2026-09-04T05:30:00+00:00,725.41,720.689968323904,730.1300316760959,734.8500633521918,724.6762538839608,-0.155454,0.399588,-0.555041,SL,10,2026-09-04 03:15:00+00:00
BNB,A_ZONE_EMA_MACD,SHORT,2026-09-07T02:45:00+00:00,2026-09-07T03:00:00+00:00,2026-09-07T09:15:00+00:00,748.99,754.7759570801759,743.2040429198241,737.4180858396483,747.2086832789172,0.653934,0.336569,0.317365,SL,26,2026-09-07 03:00:00+00:00
BNB,A_ZONE_EMA_MACD,SHORT,2026-09-07T14:15:00+00:00,2026-09-07T14:30:00+00:00,2026-09-07T15:30:00+00:00,743.67,746.9656751421231,740.3743248578768,737.0786497157536,737.0786497157536,1.5,0.586691,0.913309,TP2,5,2026-09-07 14:30:00+00:00
BNB,A_ZONE_EMA_MACD,LONG,2026-09-11T12:30:00+00:00,2026-09-11T12:45:00+00:00,2026-09-11T13:30:00+00:00,721.96,716.452255995493,727.467744004507,732.975488009014,718.2956662815293,-0.665306,0.34081,-1.006116,SL,4,2026-09-11 12:45:00+00:00
BNB,A_ZONE_EMA_MACD,SHORT,2026-09-13T03:45:00+00:00,2026-09-13T04:00:00+00:00,2026-09-13T06:30:00+00:00,727.34,729.1543250218364,725.5256749781637,723.7113499563274,723.7113499563274,1.5,1.042307,0.457693,TP2,11,2026-09-13 04:00:00+00:00
BNB,B_PLUS_STOCH,SHORT,2025-02-04T19:45:00+00:00,2025-02-04T20:00:00+00:00,2025-02-04T21:30:00+00:00,575.45,583.8700396671344,567.0299603328657,558.6099206657314,558.6099206657314,1.5,0.177692,1.322308,TP2,7,2025-02-04 20:00:00+00:00
BNB,B_PLUS_STOCH,SHORT,2025-02-17T07:30:00+00:00,2025-02-17T07:45:00+00:00,2025-02-17T10:00:00+00:00,669.21,675.368053390734,663.0519466092661,656.8938932185322,672.6351834181642,-0.556212,0.282548,-0.83876,SL,10,2025-02-17 07:45:00+00:00
BNB,B_PLUS_STOCH,SHORT,2025-03-04T16:15:00+00:00,2025-03-04T16:30:00+00:00,2025-03-04T17:00:00+00:00,560.1,571.1343775970103,549.0656224029898,538.0312448059796,571.1343775970103,-1.0,0.131975,-1.131975,SL,3,2025-03-04 16:30:00+00:00
BNB,B_PLUS_STOCH,LONG,2025-04-22T21:30:00+00:00,2025-04-22T21:45:00+00:00,2025-04-22T21:45:00+00:00,609.35,606.6580399908254,612.0419600091747,614.7339200183493,614.7339200183493,1.5,0.588534,0.911466,TP2,1,2025-04-22 21:45:00+00:00
BNB,B_PLUS_STOCH,SHORT,2025-07-29T10:30:00+00:00,2025-07-29T10:45:00+00:00,2025-07-29T15:15:00+00:00,824.95,833.7397668805983,816.1602331194018,807.3704662388036,807.3704662388036,1.5,0.244019,1.255981,TP2,19,2025-07-29 10:45:00+00:00
BNB,B_PLUS_STOCH,LONG,2025-08-07T00:30:00+00:00,2025-08-07T00:45:00+00:00,2025-08-07T01:45:00+00:00,772.93,769.7705379723474,776.0894620276525,779.2489240553051,771.0775043459356,-0.586333,0.636063,-1.222396,SL,5,2025-08-07 00:45:00+00:00
BNB,B_PLUS_STOCH,SHORT,2025-08-18T01:15:00+00:00,2025-08-18T01:30:00+00:00,2025-08-18T02:00:00+00:00,850.29,856.1751970618076,844.4048029381923,838.5196058763847,838.5196058763847,1.5,0.375647,1.124353,TP2,3,2025-08-18 01:30:00+00:00
BNB,B_PLUS_STOCH,LONG,2025-08-27T04:00:00+00:00,2025-08-27T04:15:00+00:00,2025-08-27T06:15:00+00:00,865.08,859.1628762091448,870.9971237908553,876.9142475817106,859.386357547681,-0.962231,0.380118,-1.34235,SL,9,2025-08-27 04:15:00+00:00
BNB,B_PLUS_STOCH,SHORT,2025-11-13T03:00:00+00:00,2025-11-13T03:15:00+00:00,2025-11-13T03:15:00+00:00,949.39,957.1417844550158,941.6382155449842,933.8864310899684,957.1417844550158,-1.0,0.318432,-1.318432,SL,1,2025-11-13 03:15:00+00:00
BNB,B_PLUS_STOCH,SHORT,2025-11-22T08:15:00+00:00,2025-11-22T08:30:00+00:00,2025-11-22T11:00:00+00:00,823.99,833.6209445498691,814.3590554501309,804.7281109002618,826.4436205557546,0.372618,0.222447,0.150171,SL,11,2025-11-22 08:30:00+00:00
BNB,B_PLUS_STOCH,SHORT,2025-12-06T08:00:00+00:00,2025-12-06T08:15:00+00:00,2025-12-06T09:00:00+00:00,882.71,886.8902118056978,878.5297881943022,874.3495763886044,883.1014669595911,0.453176,0.549026,-0.09585,SL,4,2025-12-06 08:15:00+00:00
BNB,B_PLUS_STOCH,SHORT,2026-01-15T18:00:00+00:00,2026-01-15T18:15:00+00:00,2026-01-15T22:15:00+00:00,935.76,942.9058624778645,928.6141375221355,921.468275044271,932.6580191703339,0.717047,0.340473,0.376574,SL,17,2026-01-15 18:15:00+00:00
BNB,B_PLUS_STOCH,LONG,2026-01-18T15:30:00+00:00,2026-01-18T15:45:00+00:00,2026-01-18T19:45:00+00:00,950.07,946.4134021653587,953.7265978346414,957.3831956692828,949.8565334656962,0.470811,0.675541,-0.20473,SL,17,2026-01-18 15:45:00+00:00
BNB,B_PLUS_STOCH,SHORT,2026-03-08T22:00:00+00:00,2026-03-08T22:15:00+00:00,2026-03-09T00:30:00+00:00,612.14,616.8208584302713,607.4591415697287,602.7782831394574,616.8208584302713,-1.0,0.340015,-1.340015,SL,10,2026-03-08 22:15:00+00:00
BNB,B_PLUS_STOCH,SHORT,2026-03-29T22:00:00+00:00,2026-03-29T22:15:00+00:00,2026-03-29T22:30:00+00:00,607.85,610.306564074319,605.393435925681,602.9368718513621,602.9368718513621,1.5,0.643342,0.856658,TP2,2,2026-03-29 22:15:00+00:00
BNB,B_PLUS_STOCH,SHORT,2026-04-11T13:00:00+00:00,2026-04-11T13:15:00+00:00,2026-04-11T15:15:00+00:00,604.65,606.5740823005167,602.7259176994833,600.8018353989665,606.3945049933369,-0.906669,0.81706,-1.723728,SL,9,2026-04-11 13:15:00+00:00
BNB,B_PLUS_STOCH,SHORT,2026-04-28T06:30:00+00:00,2026-04-28T06:45:00+00:00,2026-04-28T08:15:00+00:00,623.75,626.2400563458613,621.2599436541387,618.7698873082775,625.2284669512784,-0.593748,0.65129,-1.245039,SL,7,2026-04-28 06:45:00+00:00
BNB,B_PLUS_STOCH,LONG,2026-05-03T22:00:00+00:00,2026-05-03T22:15:00+00:00,2026-05-03T23:15:00+00:00,621.47,619.3892086431889,623.5507913568111,625.6315827136223,619.4292666362189,-0.980749,0.776542,-1.757291,SL,5,2026-05-03 22:15:00+00:00
BNB,B_PLUS_STOCH,SHORT,2026-06-05T13:45:00+00:00,2026-06-05T14:00:00+00:00,2026-06-05T18:45:00+00:00,581.43,591.0037671166249,571.856232883375,562.2824657667501,562.2824657667501,1.5,0.157902,1.342098,TP2,20,2026-06-05 14:00:00+00:00
BNB,B_PLUS_STOCH,LONG,2026-06-29T12:00:00+00:00,2026-06-29T12:15:00+00:00,2026-06-29T12:30:00+00:00,557.96,553.4026797580109,562.5173202419892,567.0746404839783,553.4026797580109,-1.0,0.318322,-1.318322,SL,2,2026-06-29 12:15:00+00:00
BNB,B_PLUS_STOCH,LONG,2026-07-19T02:00:00+00:00,2026-07-19T02:15:00+00:00,2026-07-19T03:00:00+00:00,572.31,570.7195800670565,573.9004199329434,575.4908398658868,570.7195800670565,-1.0,0.935606,-1.935606,SL,4,2026-07-19 02:15:00+00:00
BNB,B_PLUS_STOCH,SHORT,2026-08-29T06:00:00+00:00,2026-08-29T06:15:00+00:00,2026-08-29T10:15:00+00:00,688.52,690.7346950817708,686.3053049182291,684.0906098364583,689.4387171472376,-0.414828,0.808306,-1.223134,SL,17,2026-08-29 06:15:00+00:00
BNB,C_PLUS_CONFIRMED_STRUCTURE,SHORT,2025-02-04T19:45:00+00:00,2025-02-04T20:00:00+00:00,2025-02-04T21:30:00+00:00,575.45,583.8700396671344,567.0299603328657,558.6099206657314,558.6099206657314,1.5,0.177692,1.322308,TP2,7,2025-02-04 20:00:00+00:00
BNB,C_PLUS_CONFIRMED_STRUCTURE,SHORT,2025-03-04T16:15:00+00:00,2025-03-04T16:30:00+00:00,2025-03-04T17:00:00+00:00,560.1,571.1343775970103,549.0656224029898,538.0312448059796,571.1343775970103,-1.0,0.131975,-1.131975,SL,3,2025-03-04 16:30:00+00:00
BNB,C_PLUS_CONFIRMED_STRUCTURE,LONG,2025-04-22T21:30:00+00:00,2025-04-22T21:45:00+00:00,2025-04-22T21:45:00+00:00,609.35,606.6580399908254,612.0419600091747,614.7339200183493,614.7339200183493,1.5,0.588534,0.911466,TP2,1,2025-04-22 21:45:00+00:00
BNB,C_PLUS_CONFIRMED_STRUCTURE,SHORT,2025-08-18T01:15:00+00:00,2025-08-18T01:30:00+00:00,2025-08-18T02:00:00+00:00,850.29,856.1751970618076,844.4048029381923,838.5196058763847,838.5196058763847,1.5,0.375647,1.124353,TP2,3,2025-08-18 01:30:00+00:00
BNB,C_PLUS_CONFIRMED_STRUCTURE,LONG,2025-08-27T04:00:00+00:00,2025-08-27T04:15:00+00:00,2025-08-27T06:15:00+00:00,865.08,859.1628762091448,870.9971237908553,876.9142475817106,859.386357547681,-0.962231,0.380118,-1.34235,SL,9,2025-08-27 04:15:00+00:00
BNB,C_PLUS_CONFIRMED_STRUCTURE,SHORT,2025-11-13T03:00:00+00:00,2025-11-13T03:15:00+00:00,2025-11-13T03:15:00+00:00,949.39,957.1417844550158,941.6382155449842,933.8864310899684,957.1417844550158,-1.0,0.318432,-1.318432,SL,1,2025-11-13 03:15:00+00:00
BNB,C_PLUS_CONFIRMED_STRUCTURE,LONG,2026-01-18T15:30:00+00:00,2026-01-18T15:45:00+00:00,2026-01-18T19:45:00+00:00,950.07,946.4134021653587,953.7265978346414,957.3831956692828,949.8565334656962,0.470811,0.675541,-0.20473,SL,17,2026-01-18 15:45:00+00:00
BNB,C_PLUS_CONFIRMED_STRUCTURE,SHORT,2026-03-08T22:00:00+00:00,2026-03-08T22:15:00+00:00,2026-03-09T00:30:00+00:00,612.14,616.8208584302713,607.4591415697287,602.7782831394574,616.8208584302713,-1.0,0.340015,-1.340015,SL,10,2026-03-08 22:15:00+00:00
BNB,C_PLUS_CONFIRMED_STRUCTURE,SHORT,2026-04-11T13:00:00+00:00,2026-04-11T13:15:00+00:00,2026-04-11T15:15:00+00:00,604.65,606.5740823005167,602.7259176994833,600.8018353989665,606.3945049933369,-0.906669,0.81706,-1.723728,SL,9,2026-04-11 13:15:00+00:00
BNB,C_PLUS_CONFIRMED_STRUCTURE,LONG,2026-05-03T22:00:00+00:00,2026-05-03T22:15:00+00:00,2026-05-03T23:15:00+00:00,621.47,619.3892086431889,623.5507913568111,625.6315827136223,619.4292666362189,-0.980749,0.776542,-1.757291,SL,5,2026-05-03 22:15:00+00:00
BNB,C_PLUS_CONFIRMED_STRUCTURE,SHORT,2026-06-05T13:45:00+00:00,2026-06-05T14:00:00+00:00,2026-06-05T18:45:00+00:00,581.43,591.0037671166249,571.856232883375,562.2824657667501,562.2824657667501,1.5,0.157902,1.342098,TP2,20,2026-06-05 14:00:00+00:00
BNB,C_PLUS_CONFIRMED_STRUCTURE,LONG,2026-06-29T12:00:00+00:00,2026-06-29T12:15:00+00:00,2026-06-29T12:30:00+00:00,557.96,553.4026797580109,562.5173202419892,567.0746404839783,553.4026797580109,-1.0,0.318322,-1.318322,SL,2,2026-06-29 12:15:00+00:00
BNB,C_PLUS_CONFIRMED_STRUCTURE,LONG,2026-07-19T02:00:00+00:00,2026-07-19T02:15:00+00:00,2026-07-19T03:00:00+00:00,572.31,570.7195800670565,573.9004199329434,575.4908398658868,570.7195800670565,-1.0,0.935606,-1.935606,SL,4,2026-07-19 02:15:00+00:00
BTC,A_ZONE_EMA_MACD,SHORT,2025-01-04T15:30:00+00:00,2025-01-04T15:45:00+00:00,2025-01-04T17:45:00+00:00,97601.3,97957.29469201254,97245.30530798747,96889.31061597493,97957.29469201254,-1.0,0.712829,-1.712829,SL,9,2025-01-04 15:45:00+00:00
BTC,A_ZONE_EMA_MACD,LONG,2025-01-11T16:30:00+00:00,2025-01-11T16:45:00+00:00,2025-01-11T17:00:00+00:00,94622.1,94310.63790059861,94933.5620994014,95245.0241988028,94310.63790059861,-1.0,0.789879,-1.789879,SL,2,2025-01-11 16:45:00+00:00
BTC,A_ZONE_EMA_MACD,LONG,2025-01-29T19:30:00+00:00,2025-01-29T19:45:00+00:00,2025-01-30T12:30:00+00:00,103418.1,102258.29471869757,104577.90528130245,105737.71056260489,104833.65604557437,1.110256,0.231838,0.878418,SL,68,2025-01-29 19:45:00+00:00
BTC,A_ZONE_EMA_MACD,LONG,2025-01-30T14:45:00+00:00,2025-01-30T15:00:00+00:00,2025-01-30T15:15:00+00:00,105879.8,105199.8040154389,106559.7959845611,107239.7919691222,105434.18944290753,-0.655314,0.404837,-1.06015,SL,2,2025-01-30 15:00:00+00:00
BTC,A_ZONE_EMA_MACD,SHORT,2025-02-08T15:15:00+00:00,2025-02-08T15:30:00+00:00,2025-02-08T17:00:00+00:00,95876.1,96306.02879571855,95446.17120428146,95016.24240856292,96144.58388173865,-0.624485,0.579812,-1.204296,SL,7,2025-02-08 15:30:00+00:00
BTC,A_ZONE_EMA_MACD,SHORT,2025-02-12T13:30:00+00:00,2025-02-12T13:45:00+00:00,2025-02-12T14:30:00+00:00,94462.3,95263.65255010086,93660.94744989915,92859.59489979829,95263.65255010086,-1.0,0.306484,-1.306484,SL,4,2025-02-12 13:45:00+00:00
BTC,A_ZONE_EMA_MACD,SHORT,2025-02-16T22:30:00+00:00,2025-02-16T22:45:00+00:00,2025-02-16T23:30:00+00:00,96749.9,97117.64468365845,96382.15531634154,96014.41063268308,96014.41063268308,1.5,0.684034,0.815966,TP2,4,2025-02-16 22:45:00+00:00
BTC,A_ZONE_EMA_MACD,LONG,2025-02-19T20:00:00+00:00,2025-02-19T20:15:00+00:00,2025-02-20T06:00:00+00:00,96354.1,95709.0630404859,96999.13695951412,97644.17391902822,96809.78248094456,0.853222,0.388382,0.46484,SL,40,2025-02-19 20:15:00+00:00
BTC,A_ZONE_EMA_MACD,SHORT,2025-02-28T01:15:00+00:00,2025-02-28T01:30:00+00:00,2025-02-28T01:30:00+00:00,83147.2,84065.26057893493,82229.13942106506,81311.07884213013,81311.07884213013,1.5,0.235478,1.264522,TP2,1,2025-02-28 01:30:00+00:00
BTC,A_ZONE_EMA_MACD,LONG,2025-03-01T09:15:00+00:00,2025-03-01T09:30:00+00:00,2025-03-01T10:45:00+00:00,85405.5,84825.47162911747,85985.52837088253,86565.55674176506,84825.47162911747,-1.0,0.382834,-1.382834,SL,6,2025-03-01 09:30:00+00:00
BTC,A_ZONE_EMA_MACD,SHORT,2025-03-07T00:15:00+00:00,2025-03-07T00:30:00+00:00,2025-03-07T01:15:00+00:00,86995.0,88766.53326797944,85223.46673202056,83451.93346404113,87413.26644024756,0.381948,0.127679,0.254269,SL,4,2025-03-07 00:30:00+00:00
BTC,A_ZONE_EMA_MACD,LONG,2025-03-28T01:30:00+00:00,2025-03-28T01:45:00+00:00,2025-03-28T02:30:00+00:00,87465.2,87022.08065675921,87908.31934324079,88351.43868648158,87022.08065675921,-1.0,0.513202,-1.513202,SL,4,2025-03-28 01:45:00+00:00
BTC,A_ZONE_EMA_MACD,SHORT,2025-03-31T09:00:00+00:00,2025-03-31T09:15:00+00:00,2025-03-31T10:45:00+00:00,81548.7,82087.37573725166,81010.02426274834,80471.34852549668,81941.4024033316,-0.729014,0.393607,-1.122622,SL,7,2025-03-31 09:15:00+00:00
BTC,A_ZONE_EMA_MACD,SHORT,2025-04-05T11:30:00+00:00,2025-04-05T11:45:00+00:00,2025-04-05T13:15:00+00:00,83460.0,83762.54231940623,83157.45768059377,82854.91536118754,82854.91536118754,1.5,0.717242,0.782758,TP2,7,2025-04-05 11:45:00+00:00
BTC,A_ZONE_EMA_MACD,LONG,2025-04-30T09:30:00+00:00,2025-04-30T09:45:00+00:00,2025-04-30T12:30:00+00:00,94952.2,94601.4116706527,95302.9883293473,95653.7766586946,94818.28846412408,-0.381745,0.703774,-1.085519,SL,12,2025-04-30 09:45:00+00:00
BTC,A_ZONE_EMA_MACD,LONG,2025-05-16T15:00:00+00:00,2025-05-16T15:15:00+00:00,2025-05-16T18:45:00+00:00,104060.7,103448.79921807784,104672.60078192216,105284.50156384431,103635.78729871723,-0.694414,0.44216,-1.136574,SL,15,2025-05-16 15:15:00+00:00
BTC,A_ZONE_EMA_MACD,SHORT,2025-05-28T09:15:00+00:00,2025-05-28T09:30:00+00:00,2025-05-28T14:15:00+00:00,108550.7,109034.91567287785,108066.48432712215,107582.2686542443,107582.2686542443,1.5,0.582864,0.917136,TP2,20,2025-05-28 09:30:00+00:00
BTC,A_ZONE_EMA_MACD,LONG,2025-06-23T13:30:00+00:00,2025-06-23T13:45:00+00:00,2025-06-23T14:30:00+00:00,101948.6,101255.44281804198,102641.75718195803,103334.91436391606,101563.78975961042,-0.555156,0.382404,-0.93756,SL,4,2025-06-23 13:45:00+00:00
BTC,A_ZONE_EMA_MACD,LONG,2025-07-07T02:00:00+00:00,2025-07-07T02:15:00+00:00,2025-07-07T04:15:00+00:00,109407.2,108944.82920222261,109869.57079777739,110331.94159555477,109156.98785342572,-0.54115,0.615218,-1.156368,SL,9,2025-07-07 02:15:00+00:00
BTC,A_ZONE_EMA_MACD,SHORT,2025-07-15T18:30:00+00:00,2025-07-15T18:45:00+00:00,2025-07-15T21:30:00+00:00,116400.4,117458.97883311006,115341.82116688993,114283.24233377987,117320.76205672427,-0.869432,0.285894,-1.155325,SL,12,2025-07-15 18:45:00+00:00
BTC,A_ZONE_EMA_MACD,LONG,2025-08-04T13:30:00+00:00,2025-08-04T13:45:00+00:00,2025-08-04T14:45:00+00:00,114746.5,114321.89764949786,115171.10235050214,115595.70470100429,114878.82238919343,0.655819,0.702636,-0.046817,SL,5,2025-08-04 13:45:00+00:00
BTC,A_ZONE_EMA_MACD,LONG,2025-08-04T21:30:00+00:00,2025-08-04T21:45:00+00:00,2025-08-05T00:15:00+00:00,115203.1,114687.84154331611,115718.3584566839,116233.61691336779,114831.16316385925,-0.721845,0.581316,-1.303161,SL,11,2025-08-04 21:45:00+00:00
BTC,A_ZONE_EMA_MACD,SHORT,2025-08-08T14:45:00+00:00,2025-08-08T15:00:00+00:00,2025-08-08T17:00:00+00:00,116441.7,116910.26601179063,115973.13398820936,115504.56797641872,116394.16396789506,0.550725,0.646117,-0.095392,SL,9,2025-08-08 15:00:00+00:00
BTC,A_ZONE_EMA_MACD,SHORT,2025-08-24T19:30:00+00:00,2025-08-24T19:45:00+00:00,2025-08-24T21:30:00+00:00,113023.7,114052.39087529566,111995.00912470433,110966.31824940866,113281.06509145391,0.374906,0.285666,0.089241,SL,8,2025-08-24 19:45:00+00:00
BTC,A_ZONE_EMA_MACD,SHORT,2025-08-29T01:00:00+00:00,2025-08-29T01:15:00+00:00,2025-08-29T06:30:00+00:00,111865.6,112341.3955477348,111389.8044522652,110914.0089045304,110914.0089045304,1.5,0.611293,0.888707,TP2,22,2025-08-29 01:15:00+00:00
BTC,A_ZONE_EMA_MACD,LONG,2025-08-30T14:30:00+00:00,2025-08-30T14:45:00+00:00,2025-08-30T20:30:00+00:00,108575.8,108259.04794939996,108892.55205060005,109209.30410120009,108568.10928037182,-0.02428,0.891224,-0.915504,SL,24,2025-08-30 14:45:00+00:00
BTC,A_ZONE_EMA_MACD,LONG,2025-09-11T13:45:00+00:00,2025-09-11T14:00:00+00:00,2025-09-11T14:15:00+00:00,114578.2,113896.18732848954,115260.21267151045,115942.22534302091,113896.18732848954,-1.0,0.4368,-1.4368,SL,2,2025-09-11 14:00:00+00:00
BTC,A_ZONE_EMA_MACD,SHORT,2025-09-26T14:30:00+00:00,2025-09-26T14:45:00+00:00,2025-09-26T16:15:00+00:00,108863.8,109580.42509100895,108147.17490899106,107430.54981798212,109511.1018702226,-0.903264,0.394971,-1.298235,SL,7,2025-09-26 14:45:00+00:00
BTC,A_ZONE_EMA_MACD,LONG,2025-09-29T08:00:00+00:00,2025-09-29T08:15:00+00:00,2025-09-29T12:30:00+00:00,111926.2,111587.25962369319,112265.14037630681,112604.08075261362,111985.26700797393,0.587135,0.858582,-0.271447,SL,18,2025-09-29 08:15:00+00:00
BTC,A_ZONE_EMA_MACD,SHORT,2025-10-08T03:15:00+00:00,2025-10-08T03:30:00+00:00,2025-10-08T08:15:00+00:00,121402.0,122069.93203526303,120734.06796473697,120066.13592947394,121893.10085342849,-0.735256,0.472571,-1.207827,SL,20,2025-10-08 03:30:00+00:00
BTC,A_ZONE_EMA_MACD,LONG,2025-10-15T02:15:00+00:00,2025-10-15T02:30:00+00:00,2025-10-15T03:00:00+00:00,113510.8,112690.64951688232,114330.95048311769,115151.10096623538,112690.64951688232,-1.0,0.359846,-1.359846,SL,3,2025-10-15 02:30:00+00:00
BTC,A_ZONE_EMA_MACD,LONG,2025-10-26T22:00:00+00:00,2025-10-26T22:15:00+00:00,2025-10-27T06:45:00+00:00,114576.4,113836.02037841488,115316.77962158511,116057.15924317023,116057.15924317023,1.5,0.402359,1.097641,TP2,35,2025-10-26 22:15:00+00:00
BTC,A_ZONE_EMA_MACD,SHORT,2025-11-03T15:15:00+00:00,2025-11-03T15:30:00+00:00,2025-11-03T17:00:00+00:00,105925.5,106955.9880109874,104895.0119890126,103864.52397802519,106843.26211151466,-0.890609,0.267258,-1.157867,SL,7,2025-11-03 15:30:00+00:00
BTC,A_ZONE_EMA_MACD,SHORT,2025-11-09T09:45:00+00:00,2025-11-09T10:00:00+00:00,2025-11-09T11:00:00+00:00,101602.3,101998.58141365372,101206.01858634628,100809.73717269256,101967.33988410704,-0.921163,0.666612,-1.587775,SL,5,2025-11-09 10:00:00+00:00
BTC,A_ZONE_EMA_MACD,LONG,2025-12-02T10:30:00+00:00,2025-12-02T10:45:00+00:00,2025-12-02T14:00:00+00:00,87022.4,86501.3116568577,87543.4883431423,88064.57668628459,88064.57668628459,1.5,0.434203,1.065797,TP2,14,2025-12-02 10:45:00+00:00
BTC,A_ZONE_EMA_MACD,LONG,2025-12-12T10:00:00+00:00,2025-12-12T10:15:00+00:00,2025-12-12T12:30:00+00:00,92521.9,92074.89121319866,92968.90878680133,93415.91757360267,92074.89121319866,-1.0,0.538148,-1.538148,SL,10,2025-12-12 10:15:00+00:00
BTC,A_ZONE_EMA_MACD,LONG,2025-12-28T08:00:00+00:00,2025-12-28T08:15:00+00:00,2025-12-28T09:30:00+00:00,87763.0,87620.1830547102,87905.8169452898,88048.6338905796,87692.80053090326,0.254233,1.597736,-1.343503,SL,6,2025-12-28 08:15:00+00:00
BTC,A_ZONE_EMA_MACD,SHORT,2026-01-08T02:30:00+00:00,2026-01-08T02:45:00+00:00,2026-01-08T06:45:00+00:00,90861.5,91362.02513477531,90360.97486522469,89860.44973044939,89860.44973044939,1.5,0.471984,1.028016,TP2,17,2026-01-08 02:45:00+00:00
BTC,A_ZONE_EMA_MACD,SHORT,2026-01-16T14:30:00+00:00,2026-01-16T14:45:00+00:00,2026-01-16T15:00:00+00:00,95170.0,95549.47912560902,94790.52087439098,94411.04174878195,95535.41633092266,-0.962942,0.652057,-1.614999,SL,2,2026-01-16 14:45:00+00:00
BTC,A_ZONE_EMA_MACD,SHORT,2026-01-18T14:45:00+00:00,2026-01-18T15:00:00+00:00,2026-01-18T16:00:00+00:00,94917.9,95138.05225347888,94697.74774652111,94477.59549304223,95138.05225347888,-1.0,1.120981,-2.120981,SL,5,2026-01-18 15:00:00+00:00
BTC,A_ZONE_EMA_MACD,LONG,2026-02-08T18:30:00+00:00,2026-02-08T18:45:00+00:00,2026-02-08T20:45:00+00:00,71270.0,70591.27216446883,71948.72783553117,72627.45567106234,70768.7175815176,-0.738562,0.273014,-1.011575,SL,9,2026-02-08 18:45:00+00:00
BTC,A_ZONE_EMA_MACD,LONG,2026-02-08T23:00:00+00:00,2026-02-08T23:15:00+00:00,2026-02-08T23:15:00+00:00,71320.9,70578.74527865546,72063.05472134452,72805.20944268905,70578.74527865546,-1.0,0.249859,-1.249859,SL,1,2026-02-08 23:15:00+00:00
BTC,A_ZONE_EMA_MACD,SHORT,2026-02-11T02:45:00+00:00,2026-02-11T03:00:00+00:00,2026-02-11T04:15:00+00:00,68641.3,69159.02950061098,68123.57049938902,67605.84099877805,67605.84099877805,1.5,0.344712,1.155288,TP2,6,2026-02-11 03:00:00+00:00
BTC,A_ZONE_EMA_MACD,SHORT,2026-02-23T00:30:00+00:00,2026-02-23T00:45:00+00:00,2026-02-23T01:00:00+00:00,67150.3,67461.68335577605,66838.91664422395,66527.5332884479,66527.5332884479,1.5,0.560694,0.939306,TP2,2,2026-02-23 00:45:00+00:00
BTC,A_ZONE_EMA_MACD,LONG,2026-02-25T01:00:00+00:00,2026-02-25T01:15:00+00:00,2026-02-25T03:30:00+00:00,65571.8,64906.19805438916,66237.40194561085,66903.00389122168,65447.37748936403,0.406534,0.256139,0.150395,SL,10,2026-02-25 01:15:00+00:00
BTC,A_ZONE_EMA_MACD,LONG,2026-03-04T01:30:00+00:00,2026-03-04T01:45:00+00:00,2026-03-04T03:30:00+00:00,68672.7,67919.12462344475,69426.27537655525,70179.8507531105,67919.12462344475,-1.0,0.236936,-1.236936,SL,8,2026-03-04 01:45:00+00:00
BTC,A_ZONE_EMA_MACD,LONG,2026-03-15T20:30:00+00:00,2026-03-15T20:45:00+00:00,2026-03-15T22:45:00+00:00,71810.0,71440.5067071028,72179.4932928972,72548.9865857944,72548.9865857944,1.5,0.505303,0.994697,TP2,9,2026-03-15 20:45:00+00:00
BTC,A_ZONE_EMA_MACD,LONG,2026-03-16T10:45:00+00:00,2026-03-16T11:00:00+00:00,2026-03-16T14:15:00+00:00,73745.5,73163.34868423168,74327.65131576832,74909.80263153664,73591.38985741576,0.367637,0.329362,0.038276,SL,14,2026-03-16 11:00:00+00:00
BTC,A_ZONE_EMA_MACD,SHORT,2026-03-19T04:00:00+00:00,2026-03-19T04:15:00+00:00,2026-03-19T07:15:00+00:00,70836.0,71311.73379984597,70360.26620015403,69884.53240030806,69884.53240030806,1.5,0.387136,1.112864,TP2,13,2026-03-19 04:15:00+00:00
BTC,A_ZONE_EMA_MACD,SHORT,2026-04-05T12:15:00+00:00,2026-04-05T12:30:00+00:00,2026-04-05T13:45:00+00:00,66858.1,67018.72717607344,66697.47282392657,66536.84564785313,66870.03639045797,0.462844,1.082202,-0.619358,SL,6,2026-04-05 12:30:00+00:00
BTC,A_ZONE_EMA_MACD,LONG,2026-04-08T12:00:00+00:00,2026-04-08T12:15:00+00:00,2026-04-08T13:00:00+00:00,71805.9,71432.71985251637,72179.08014748362,72552.26029496724,72552.26029496724,1.5,0.500282,0.999718,TP2,4,2026-04-08 12:15:00+00:00
BTC,A_ZONE_EMA_MACD,SHORT,2026-04-20T05:15:00+00:00,2026-04-20T05:30:00+00:00,2026-04-20T06:30:00+00:00,74100.0,74491.48517542587,73708.51482457413,73317.02964914826,74462.57194860972,-0.926145,0.492126,-1.418271,SL,5,2026-04-20 05:30:00+00:00
BTC,A_ZONE_EMA_MACD,LONG,2026-04-21T01:00:00+00:00,2026-04-21T01:15:00+00:00,2026-04-21T02:00:00+00:00,76081.0,75656.61656399575,76505.38343600425,76929.7668720085,75662.90109513892,-0.985191,0.466113,-1.451304,SL,4,2026-04-21 01:15:00+00:00
BTC,A_ZONE_EMA_MACD,SHORT,2026-04-23T08:30:00+00:00,2026-04-23T08:45:00+00:00,2026-04-23T10:00:00+00:00,77704.3,78109.92267877395,77298.67732122606,76893.05464245212,76893.05464245212,1.5,0.498077,1.001923,TP2,6,2026-04-23 08:45:00+00:00
BTC,A_ZONE_EMA_MACD,LONG,2026-04-26T04:45:00+00:00,2026-04-26T05:00:00+00:00,2026-04-26T05:15:00+00:00,77727.1,77524.09374610813,77930.10625389188,78133.11250778375,78133.11250778375,1.5,0.995489,0.504511,TP2,2,2026-04-26 05:00:00+00:00
BTC,A_ZONE_EMA_MACD,SHORT,2026-04-27T15:00:00+00:00,2026-04-27T15:15:00+00:00,2026-04-27T20:30:00+00:00,77337.2,77812.53871222572,76861.86128777427,76386.52257554854,77026.65246450351,0.826659,0.423018,0.403641,SL,22,2026-04-27 15:15:00+00:00
BTC,A_ZONE_EMA_MACD,LONG,2026-05-02T13:00:00+00:00,2026-05-02T13:15:00+00:00,2026-05-02T18:00:00+00:00,78350.7,78162.92792208452,78538.47207791547,78726.24415583095,78309.57068855272,0.390481,1.084889,-0.694408,SL,20,2026-05-02 13:15:00+00:00
BTC,A_ZONE_EMA_MACD,LONG,2026-05-04T01:45:00+00:00,2026-05-04T02:00:00+00:00,2026-05-04T06:15:00+00:00,79756.0,79162.97563111874,80349.02436888126,80942.04873776252,79710.87650373492,0.461955,0.349675,0.11228,SL,18,2026-05-04 02:00:00+00:00
BTC,A_ZONE_EMA_MACD,LONG,2026-05-05T01:00:00+00:00,2026-05-05T01:15:00+00:00,2026-05-05T03:30:00+00:00,80152.5,79751.56512625315,80553.43487374685,80954.3697474937,80954.3697474937,1.5,0.519776,0.980224,TP2,10,2026-05-05 01:15:00+00:00
BTC,A_ZONE_EMA_MACD,LONG,2026-05-05T11:00:00+00:00,2026-05-05T11:15:00+00:00,2026-05-05T13:00:00+00:00,80905.6,80605.90883841441,81205.2911615856,81504.98232317119,81504.98232317119,1.5,0.701904,0.798096,TP2,8,2026-05-05 11:15:00+00:00
BTC,A_ZONE_EMA_MACD,SHORT,2026-05-22T13:30:00+00:00,2026-05-22T13:45:00+00:00,2026-05-22T15:00:00+00:00,77169.8,77430.82577466445,76908.77422533555,76647.7484506711,76647.7484506711,1.5,0.768665,0.731335,TP2,6,2026-05-22 13:45:00+00:00
BTC,A_ZONE_EMA_MACD,LONG,2026-05-25T14:15:00+00:00,2026-05-25T14:30:00+00:00,2026-05-25T19:00:00+00:00,77580.4,77327.03676318364,77833.76323681635,78087.1264736327,77423.57725563258,0.190518,0.796126,-0.605608,SL,19,2026-05-25 14:30:00+00:00
BTC,A_ZONE_EMA_MACD,SHORT,2026-05-27T21:30:00+00:00,2026-05-27T21:45:00+00:00,2026-05-28T03:15:00+00:00,74599.9,75018.45188262947,74181.34811737052,73762.79623474105,73762.79623474105,1.5,0.463407,1.036593,TP2,23,2026-05-27 21:45:00+00:00
BTC,A_ZONE_EMA_MACD,SHORT,2026-05-28T13:15:00+00:00,2026-05-28T13:30:00+00:00,2026-05-28T14:00:00+00:00,73130.0,73497.09254549019,72762.90745450981,72395.81490901962,73152.75736366946,0.469003,0.517957,-0.048953,SL,3,2026-05-28 13:30:00+00:00
BTC,A_ZONE_EMA_MACD,SHORT,2026-06-01T04:15:00+00:00,2026-06-01T04:30:00+00:00,2026-06-01T11:45:00+00:00,73368.4,73789.9567187584,72946.84328124158,72525.28656248318,72525.28656248318,1.5,0.452508,1.047492,TP2,30,2026-06-01 04:30:00+00:00
BTC,A_ZONE_EMA_MACD,LONG,2026-06-15T10:45:00+00:00,2026-06-15T11:00:00+00:00,2026-06-15T12:45:00+00:00,65884.7,65583.35969182724,66186.04030817276,66487.38061634552,66487.38061634552,1.5,0.568461,0.931539,TP2,8,2026-06-15 11:00:00+00:00
BTC,A_ZONE_EMA_MACD,SHORT,2026-06-24T13:00:00+00:00,2026-06-24T13:15:00+00:00,2026-06-24T14:00:00+00:00,62012.6,62441.48062739105,61583.719372608946,61154.838745217894,61154.838745217894,1.5,0.375939,1.124061,TP2,4,2026-06-24 13:15:00+00:00
BTC,A_ZONE_EMA_MACD,LONG,2026-07-11T17:30:00+00:00,2026-07-11T17:45:00+00:00,2026-07-11T22:15:00+00:00,64329.8,64087.85813040234,64571.74186959767,64813.68373919533,64211.23816272028,-0.490043,0.691313,-1.181355,SL,19,2026-07-11 17:45:00+00:00
BTC,A_ZONE_EMA_MACD,SHORT,2026-07-17T13:00:00+00:00,2026-07-17T13:15:00+00:00,2026-07-17T13:45:00+00:00,62788.3,63073.439792551326,62503.16020744868,62218.02041489736,62864.83482112844,-0.268412,0.572525,-0.840936,SL,3,2026-07-17 13:15:00+00:00
BTC,A_ZONE_EMA_MACD,SHORT,2026-07-23T11:30:00+00:00,2026-07-23T11:45:00+00:00,2026-07-23T12:30:00+00:00,65528.1,65732.2849624227,65323.9150375773,65119.730075154606,65119.730075154606,1.5,0.834406,0.665594,TP2,4,2026-07-23 11:45:00+00:00
BTC,A_ZONE_EMA_MACD,LONG,2026-07-31T01:00:00+00:00,2026-07-31T01:15:00+00:00,2026-07-31T01:30:00+00:00,65162.7,64827.271984199884,65498.12801580011,65833.55603160022,64827.271984199884,-1.0,0.505095,-1.505095,SL,2,2026-07-31 01:15:00+00:00
BTC,A_ZONE_EMA_MACD,LONG,2026-08-17T10:30:00+00:00,2026-08-17T10:45:00+00:00,2026-08-17T13:00:00+00:00,63609.3,63424.64275429761,63793.9572457024,63978.61449140479,63496.862148726934,-0.6089,0.895628,-1.504528,SL,10,2026-08-17 10:45:00+00:00
BTC,A_ZONE_EMA_MACD,SHORT,2026-08-24T08:15:00+00:00,2026-08-24T08:30:00+00:00,2026-08-24T09:30:00+00:00,76903.5,77439.48724987295,76367.51275012705,75831.5255002541,77439.48724987295,-1.0,0.373048,-1.373048,SL,5,2026-08-24 08:30:00+00:00
BTC,A_ZONE_EMA_MACD,LONG,2026-08-27T14:15:00+00:00,2026-08-27T14:30:00+00:00,2026-08-27T18:00:00+00:00,79871.8,79250.87298530941,80492.7270146906,81113.65402938118,80023.75768066439,0.622364,0.334446,0.287917,SL,15,2026-08-27 14:30:00+00:00
BTC,A_ZONE_EMA_MACD,LONG,2026-09-03T11:15:00+00:00,2026-09-03T11:30:00+00:00,2026-09-03T12:45:00+00:00,77894.8,77505.11878356565,78284.48121643436,78674.16243286872,78674.16243286872,1.5,0.519723,0.980277,TP2,6,2026-09-03 11:30:00+00:00
BTC,A_ZONE_EMA_MACD,SHORT,2026-09-13T06:45:00+00:00,2026-09-13T07:00:00+00:00,2026-09-13T08:30:00+00:00,77082.1,77201.19685589793,76963.00314410208,76843.90628820416,76843.90628820416,1.5,1.682777,-0.182777,TP2,7,2026-09-13 07:00:00+00:00
BTC,A_ZONE_EMA_MACD,LONG,2026-09-17T12:00:00+00:00,2026-09-17T12:15:00+00:00,2026-09-17T13:00:00+00:00,76789.9,76432.88805125616,77146.91194874383,77503.92389748766,76610.77461902358,0.249133,0.559235,-0.310103,SL,4,2026-09-17 12:15:00+00:00
BTC,B_PLUS_STOCH,LONG,2025-01-11T16:30:00+00:00,2025-01-11T16:45:00+00:00,2025-01-11T17:00:00+00:00,94622.1,94310.63790059861,94933.5620994014,95245.0241988028,94310.63790059861,-1.0,0.789879,-1.789879,SL,2,2025-01-11 16:45:00+00:00
BTC,B_PLUS_STOCH,SHORT,2025-02-08T15:15:00+00:00,2025-02-08T15:30:00+00:00,2025-02-08T17:00:00+00:00,95876.1,96306.02879571855,95446.17120428146,95016.24240856292,96144.58388173865,-0.624485,0.579812,-1.204296,SL,7,2025-02-08 15:30:00+00:00
BTC,B_PLUS_STOCH,LONG,2025-05-16T15:00:00+00:00,2025-05-16T15:15:00+00:00,2025-05-16T18:45:00+00:00,104060.7,103448.79921807784,104672.60078192216,105284.50156384431,103635.78729871723,-0.694414,0.44216,-1.136574,SL,15,2025-05-16 15:15:00+00:00
BTC,B_PLUS_STOCH,SHORT,2025-05-28T09:15:00+00:00,2025-05-28T09:30:00+00:00,2025-05-28T14:15:00+00:00,108550.7,109034.91567287785,108066.48432712215,107582.2686542443,107582.2686542443,1.5,0.582864,0.917136,TP2,20,2025-05-28 09:30:00+00:00
BTC,B_PLUS_STOCH,LONG,2025-08-04T13:30:00+00:00,2025-08-04T13:45:00+00:00,2025-08-04T14:45:00+00:00,114746.5,114321.89764949786,115171.10235050214,115595.70470100429,114878.82238919343,0.655819,0.702636,-0.046817,SL,5,2025-08-04 13:45:00+00:00
BTC,B_PLUS_STOCH,LONG,2025-09-11T13:45:00+00:00,2025-09-11T14:00:00+00:00,2025-09-11T14:15:00+00:00,114578.2,113896.18732848954,115260.21267151045,115942.22534302091,113896.18732848954,-1.0,0.4368,-1.4368,SL,2,2025-09-11 14:00:00+00:00
BTC,B_PLUS_STOCH,SHORT,2026-01-16T14:30:00+00:00,2026-01-16T14:45:00+00:00,2026-01-16T15:00:00+00:00,95170.0,95549.47912560902,94790.52087439098,94411.04174878195,95535.41633092266,-0.962942,0.652057,-1.614999,SL,2,2026-01-16 14:45:00+00:00
BTC,B_PLUS_STOCH,SHORT,2026-05-28T13:15:00+00:00,2026-05-28T13:30:00+00:00,2026-05-28T14:00:00+00:00,73130.0,73497.09254549019,72762.90745450981,72395.81490901962,73152.75736366946,0.469003,0.517957,-0.048953,SL,3,2026-05-28 13:30:00+00:00
BTC,B_PLUS_STOCH,LONG,2026-07-31T01:00:00+00:00,2026-07-31T01:15:00+00:00,2026-07-31T01:30:00+00:00,65162.7,64827.271984199884,65498.12801580011,65833.55603160022,64827.271984199884,-1.0,0.505095,-1.505095,SL,2,2026-07-31 01:15:00+00:00
BTC,C_PLUS_CONFIRMED_STRUCTURE,LONG,2025-01-11T16:30:00+00:00,2025-01-11T16:45:00+00:00,2025-01-11T17:00:00+00:00,94622.1,94310.63790059861,94933.5620994014,95245.0241988028,94310.63790059861,-1.0,0.789879,-1.789879,SL,2,2025-01-11 16:45:00+00:00
BTC,C_PLUS_CONFIRMED_STRUCTURE,SHORT,2025-02-08T15:15:00+00:00,2025-02-08T15:30:00+00:00,2025-02-08T17:00:00+00:00,95876.1,96306.02879571855,95446.17120428146,95016.24240856292,96144.58388173865,-0.624485,0.579812,-1.204296,SL,7,2025-02-08 15:30:00+00:00
BTC,C_PLUS_CONFIRMED_STRUCTURE,LONG,2025-05-16T15:00:00+00:00,2025-05-16T15:15:00+00:00,2025-05-16T18:45:00+00:00,104060.7,103448.79921807784,104672.60078192216,105284.50156384431,103635.78729871723,-0.694414,0.44216,-1.136574,SL,15,2025-05-16 15:15:00+00:00
BTC,C_PLUS_CONFIRMED_STRUCTURE,LONG,2025-08-04T13:30:00+00:00,2025-08-04T13:45:00+00:00,2025-08-04T14:45:00+00:00,114746.5,114321.89764949786,115171.10235050214,115595.70470100429,114878.82238919343,0.655819,0.702636,-0.046817,SL,5,2025-08-04 13:45:00+00:00
BTC,C_PLUS_CONFIRMED_STRUCTURE,LONG,2025-09-11T13:45:00+00:00,2025-09-11T14:00:00+00:00,2025-09-11T14:15:00+00:00,114578.2,113896.18732848954,115260.21267151045,115942.22534302091,113896.18732848954,-1.0,0.4368,-1.4368,SL,2,2025-09-11 14:00:00+00:00
BTC,C_PLUS_CONFIRMED_STRUCTURE,SHORT,2026-01-16T14:30:00+00:00,2026-01-16T14:45:00+00:00,2026-01-16T15:00:00+00:00,95170.0,95549.47912560902,94790.52087439098,94411.04174878195,95535.41633092266,-0.962942,0.652057,-1.614999,SL,2,2026-01-16 14:45:00+00:00
BTC,C_PLUS_CONFIRMED_STRUCTURE,SHORT,2026-05-28T13:15:00+00:00,2026-05-28T13:30:00+00:00,2026-05-28T14:00:00+00:00,73130.0,73497.09254549019,72762.90745450981,72395.81490901962,73152.75736366946,0.469003,0.517957,-0.048953,SL,3,2026-05-28 13:30:00+00:00
BTC,C_PLUS_CONFIRMED_STRUCTURE,LONG,2026-07-31T01:00:00+00:00,2026-07-31T01:15:00+00:00,2026-07-31T01:30:00+00:00,65162.7,64827.271984199884,65498.12801580011,65833.55603160022,64827.271984199884,-1.0,0.505095,-1.505095,SL,2,2026-07-31 01:15:00+00:00
CRV,A_ZONE_EMA_MACD,SHORT,2025-01-09T17:45:00+00:00,2025-01-09T18:00:00+00:00,2025-01-10T00:00:00+00:00,0.814,0.8369646323145163,0.7910353676854835,0.7680707353709672,0.8166165509187719,0.443031,0.092159,0.350872,SL,25,2025-01-09 18:00:00+00:00
CRV,A_ZONE_EMA_MACD,LONG,2025-01-29T19:30:00+00:00,2025-01-29T19:45:00+00:00,2025-01-29T23:30:00+00:00,0.716,0.6903628993449471,0.7416371006550528,0.7672742013101057,0.7094290414944784,0.371847,0.072614,0.299233,SL,16,2025-01-29 19:45:00+00:00
CRV,A_ZONE_EMA_MACD,LONG,2025-02-09T03:30:00+00:00,2025-02-09T03:45:00+00:00,2025-02-09T05:00:00+00:00,0.517,0.506567947641697,0.527432052358303,0.5378641047166061,0.5107416656672901,-0.599914,0.128853,-0.728767,SL,6,2025-02-09 03:45:00+00:00
CRV,A_ZONE_EMA_MACD,SHORT,2025-03-10T14:00:00+00:00,2025-03-10T14:15:00+00:00,2025-03-10T18:45:00+00:00,0.377,0.3892880630821628,0.3647119369178372,0.3524238738356744,0.3524238738356744,1.5,0.079768,1.420232,TP2,19,2025-03-10 14:15:00+00:00
CRV,A_ZONE_EMA_MACD,SHORT,2025-03-16T18:30:00+00:00,2025-03-16T18:45:00+00:00,2025-03-17T00:00:00+00:00,0.414,0.423529328986576,0.40447067101342393,0.3949413420268479,0.41420239979551543,0.48938,0.112957,0.376424,SL,22,2025-03-16 18:45:00+00:00
CRV,A_ZONE_EMA_MACD,LONG,2025-03-19T18:45:00+00:00,2025-03-19T19:00:00+00:00,2025-03-20T01:30:00+00:00,0.476,0.46352486995736564,0.4884751300426343,0.5009502600852687,0.46352486995736564,-1.0,0.099205,-1.099205,SL,27,2025-03-19 19:00:00+00:00
CRV,A_ZONE_EMA_MACD,LONG,2025-03-27T12:30:00+00:00,2025-03-27T12:45:00+00:00,2025-03-27T13:30:00+00:00,0.587,0.5742001987386468,0.5997998012613531,0.6125996025227063,0.5742001987386468,-1.0,0.119236,-1.119236,SL,4,2025-03-27 12:45:00+00:00
CRV,A_ZONE_EMA_MACD,LONG,2025-03-28T01:15:00+00:00,2025-03-28T01:30:00+00:00,2025-03-28T02:45:00+00:00,0.594,0.5800927305631975,0.6079072694368024,0.6218145388736048,0.5800927305631975,-1.0,0.11105,-1.11105,SL,6,2025-03-28 01:30:00+00:00
CRV,A_ZONE_EMA_MACD,SHORT,2025-04-07T03:30:00+00:00,2025-04-07T03:45:00+00:00,2025-04-07T08:15:00+00:00,0.413,0.42806912131140573,0.3979308786885942,0.38286175737718847,0.4156827449197267,0.410985,0.071258,0.339727,SL,19,2025-04-07 03:45:00+00:00
CRV,A_ZONE_EMA_MACD,LONG,2025-04-08T01:30:00+00:00,2025-04-08T01:45:00+00:00,2025-04-08T03:30:00+00:00,0.473,0.45988488216988294,0.486115117830117,0.49923023566023406,0.45988488216988294,-1.0,0.09377,-1.09377,SL,8,2025-04-08 01:45:00+00:00
CRV,A_ZONE_EMA_MACD,LONG,2025-04-09T13:30:00+00:00,2025-04-09T13:45:00+00:00,2025-04-09T17:15:00+00:00,0.481,0.46549753781582187,0.4965024621841781,0.5120049243683562,0.5120049243683562,1.5,0.080671,1.419329,TP2,15,2025-04-09 13:45:00+00:00
CRV,A_ZONE_EMA_MACD,SHORT,2025-04-17T08:00:00+00:00,2025-04-17T08:15:00+00:00,2025-04-17T16:15:00+00:00,0.613,0.6270674024118869,0.5989325975881131,0.5848651951762263,0.6098585097459617,0.611659,0.113297,0.498361,SL,33,2025-04-17 08:15:00+00:00
CRV,A_ZONE_EMA_MACD,LONG,2025-04-19T12:00:00+00:00,2025-04-19T12:15:00+00:00,2025-04-19T15:00:00+00:00,0.623,0.6112924490110541,0.6347075509889459,0.6464151019778919,0.6141882656489794,-0.752654,0.138355,-0.891009,SL,12,2025-04-19 12:15:00+00:00
CRV,A_ZONE_EMA_MACD,LONG,2025-05-01T07:30:00+00:00,2025-05-01T07:45:00+00:00,2025-05-01T13:30:00+00:00,0.729,0.7151344472041191,0.7428655527958808,0.7567311055917617,0.7340059306804348,0.680517,0.136698,0.543818,SL,24,2025-05-01 07:45:00+00:00
CRV,A_ZONE_EMA_MACD,LONG,2025-05-07T07:30:00+00:00,2025-05-07T07:45:00+00:00,2025-05-07T10:30:00+00:00,0.683,0.6704506781565958,0.6955493218434043,0.7080986436868086,0.6728626113741956,-0.807804,0.141506,-0.949309,SL,12,2025-05-07 07:45:00+00:00
CRV,A_ZONE_EMA_MACD,SHORT,2025-05-17T16:15:00+00:00,2025-05-17T16:30:00+00:00,2025-05-17T20:45:00+00:00,0.678,0.6906366435646653,0.6653633564353348,0.6527267128706696,0.6832488217489068,0.292317,0.139499,0.152818,SL,18,2025-05-17 16:30:00+00:00
CRV,A_ZONE_EMA_MACD,LONG,2025-05-18T13:30:00+00:00,2025-05-18T13:45:00+00:00,2025-05-18T14:30:00+00:00,0.69,0.6808878168171318,0.699112183182868,0.7082243663657362,0.7082243663657362,1.5,0.196879,1.303121,TP2,4,2025-05-18 13:45:00+00:00
CRV,A_ZONE_EMA_MACD,LONG,2025-05-22T15:00:00+00:00,2025-05-22T15:15:00+00:00,2025-05-22T20:15:00+00:00,0.817,0.7992299316330489,0.834770068366951,0.852540136733902,0.8034782063333411,-0.760931,0.119538,-0.880469,SL,21,2025-05-22 15:15:00+00:00
CRV,A_ZONE_EMA_MACD,SHORT,2025-05-29T23:30:00+00:00,2025-05-29T23:45:00+00:00,2025-05-30T00:30:00+00:00,0.74,0.7507943885377099,0.7292056114622901,0.7184112229245803,0.7507943885377099,-1.0,0.178241,-1.178241,SL,4,2025-05-29 23:45:00+00:00
CRV,A_ZONE_EMA_MACD,SHORT,2025-06-25T14:15:00+00:00,2025-06-25T14:30:00+00:00,2025-06-25T17:30:00+00:00,0.558,0.568911548822604,0.5470884511773961,0.5361769023547922,0.5361769023547922,1.5,0.13296,1.36704,TP2,13,2025-06-25 14:30:00+00:00
CRV,A_ZONE_EMA_MACD,LONG,2025-07-15T12:45:00+00:00,2025-07-15T13:00:00+00:00,2025-07-15T13:30:00+00:00,0.723,0.7036255677302584,0.7423744322697415,0.7617488645394831,0.7175808843209542,0.360148,0.097025,0.263123,SL,3,2025-07-15 13:00:00+00:00
CRV,A_ZONE_EMA_MACD,LONG,2025-07-17T05:45:00+00:00,2025-07-17T06:00:00+00:00,2025-07-17T10:45:00+00:00,0.959,0.9190754047699764,0.9989245952300235,1.0388491904600472,0.9662615494262551,0.590941,0.062453,0.528488,SL,20,2025-07-17 06:00:00+00:00
CRV,A_ZONE_EMA_MACD,SHORT,2025-07-22T17:00:00+00:00,2025-07-22T17:15:00+00:00,2025-07-22T19:15:00+00:00,0.916,0.9409915767244853,0.8910084232755148,0.8660168465510295,0.9409915767244853,-1.0,0.095296,-1.095296,SL,9,2025-07-22 17:15:00+00:00
CRV,A_ZONE_EMA_MACD,SHORT,2025-07-27T23:00:00+00:00,2025-07-27T23:15:00+00:00,2025-07-28T05:45:00+00:00,1.036,1.0581036269902213,1.0138963730097788,0.9917927460195575,1.0290854343578049,0.656412,0.121862,0.53455,SL,27,2025-07-27 23:15:00+00:00
CRV,A_ZONE_EMA_MACD,LONG,2025-08-04T21:30:00+00:00,2025-08-04T21:45:00+00:00,2025-08-05T00:00:00+00:00,0.944,0.919939575110681,0.9680604248893189,0.9921208497786378,0.9200601438454342,-0.994989,0.10201,-1.096999,SL,10,2025-08-04 21:45:00+00:00
CRV,A_ZONE_EMA_MACD,LONG,2025-08-07T10:00:00+00:00,2025-08-07T10:15:00+00:00,2025-08-07T12:45:00+00:00,0.934,0.9206273447101504,0.9473726552898497,0.9607453105796994,0.927403169673548,0.253346,0.181594,0.071752,SL,11,2025-08-07 10:15:00+00:00
CRV,A_ZONE_EMA_MACD,SHORT,2025-08-12T10:00:00+00:00,2025-08-12T10:15:00+00:00,2025-08-12T12:30:00+00:00,0.916,0.9295197753771051,0.902480224622895,0.88896044924579,0.9201014500350244,0.348317,0.176157,0.17216,SL,10,2025-08-12 10:15:00+00:00
CRV,A_ZONE_EMA_MACD,SHORT,2025-08-31T22:30:00+00:00,2025-08-31T22:45:00+00:00,2025-09-01T00:30:00+00:00,0.768,0.7769720616454047,0.7590279383545954,0.7500558767091907,0.7500558767091907,1.5,0.222558,1.277442,TP2,8,2025-08-31 22:45:00+00:00
CRV,A_ZONE_EMA_MACD,SHORT,2025-09-14T23:15:00+00:00,2025-09-14T23:30:00+00:00,2025-09-15T01:30:00+00:00,0.792,0.8002741357392958,0.7837258642607042,0.7754517285214084,0.7933010851446274,0.421376,0.248872,0.172504,SL,9,2025-09-14 23:30:00+00:00
CRV,A_ZONE_EMA_MACD,SHORT,2025-09-17T08:30:00+00:00,2025-09-17T08:45:00+00:00,2025-09-17T11:15:00+00:00,0.726,0.7339852993180764,0.7180147006819235,0.7100294013638471,0.726633990186024,0.460303,0.236384,0.223918,SL,11,2025-09-17 08:45:00+00:00
CRV,A_ZONE_EMA_MACD,LONG,2025-09-21T06:00:00+00:00,2025-09-21T06:15:00+00:00,2025-09-21T07:45:00+00:00,0.811,0.800345183837894,0.8216548161621061,0.8323096323242122,0.800345183837894,-1.0,0.197901,-1.197901,SL,7,2025-09-21 06:15:00+00:00
CRV,A_ZONE_EMA_MACD,LONG,2025-10-15T05:00:00+00:00,2025-10-15T05:15:00+00:00,2025-10-15T06:15:00+00:00,0.595,0.5827851208937506,0.6072148791062494,0.6194297582124988,0.584666762403285,-0.845955,0.126649,-0.972604,SL,5,2025-10-15 05:15:00+00:00
CRV,A_ZONE_EMA_MACD,SHORT,2025-10-31T16:00:00+00:00,2025-10-31T16:15:00+00:00,2025-10-31T17:15:00+00:00,0.486,0.4957779293464681,0.4762220706535319,0.4664441413070638,0.4664441413070638,1.5,0.12923,1.37077,TP2,5,2025-10-31 16:15:00+00:00
CRV,A_ZONE_EMA_MACD,LONG,2025-11-13T14:45:00+00:00,2025-11-13T15:00:00+00:00,2025-11-13T16:00:00+00:00,0.477,0.46632709855593363,0.48767290144406633,0.4983458028881327,0.4696608772305098,-0.687641,0.116201,-0.803842,SL,5,2025-11-13 15:00:00+00:00
CRV,A_ZONE_EMA_MACD,SHORT,2025-12-07T01:45:00+00:00,2025-12-07T02:00:00+00:00,2025-12-07T05:30:00+00:00,0.383,0.38777008126148926,0.37822991873851075,0.3734598374770215,0.3866588965979168,-0.767051,0.20876,-0.975811,SL,15,2025-12-07 02:00:00+00:00
CRV,A_ZONE_EMA_MACD,LONG,2025-12-25T10:45:00+00:00,2025-12-25T11:00:00+00:00,2025-12-25T12:00:00+00:00,0.383,0.37776272153716295,0.38823727846283707,0.3934745569256741,0.38383622418255375,0.579834,0.190137,0.389697,SL,5,2025-12-25 11:00:00+00:00
CRV,A_ZONE_EMA_MACD,SHORT,2025-12-27T05:00:00+00:00,2025-12-27T05:15:00+00:00,2025-12-27T07:15:00+00:00,0.381,0.38541470996184757,0.37658529003815244,0.3721705800763049,0.38522492848751144,-0.957012,0.224386,-1.181398,SL,9,2025-12-27 05:15:00+00:00
CRV,A_ZONE_EMA_MACD,SHORT,2026-01-12T17:15:00+00:00,2026-01-12T17:30:00+00:00,2026-01-13T01:00:00+00:00,0.392,0.3989392532181577,0.3850607467818423,0.37812149356368463,0.3940861015479764,-0.300623,0.146875,-0.447498,SL,31,2026-01-12 17:30:00+00:00
CRV,A_ZONE_EMA_MACD,SHORT,2026-01-20T08:00:00+00:00,2026-01-20T08:15:00+00:00,2026-01-20T12:00:00+00:00,0.384,0.38988917593288813,0.3781108240671119,0.37222164813422376,0.37222164813422376,1.5,0.169531,1.330469,TP2,16,2026-01-20 08:15:00+00:00
CRV,A_ZONE_EMA_MACD,SHORT,2026-01-22T18:45:00+00:00,2026-01-22T19:00:00+00:00,2026-01-22T22:45:00+00:00,0.356,0.36198739770494986,0.3500126022950501,0.3440252045901002,0.3607976400032657,-0.80129,0.154591,-0.955881,SL,16,2026-01-22 19:00:00+00:00
CRV,A_ZONE_EMA_MACD,LONG,2026-01-28T09:30:00+00:00,2026-01-28T09:45:00+00:00,2026-01-28T14:15:00+00:00,0.348,0.34297597493092724,0.3530240250690727,0.35804805013814545,0.3479396274777382,-0.012017,0.180095,-0.192111,SL,19,2026-01-28 09:45:00+00:00
CRV,A_ZONE_EMA_MACD,SHORT,2026-02-08T10:15:00+00:00,2026-02-08T10:30:00+00:00,2026-02-08T11:15:00+00:00,0.252,0.2564788248009556,0.24752117519904443,0.24304235039808886,0.2564788248009556,-1.0,0.146288,-1.146288,SL,4,2026-02-08 10:30:00+00:00
CRV,A_ZONE_EMA_MACD,SHORT,2026-02-17T14:30:00+00:00,2026-02-17T14:45:00+00:00,2026-02-17T16:00:00+00:00,0.249,0.2533946067610768,0.24460539323892322,0.24021078647784644,0.2533946067610768,-1.0,0.147317,-1.147317,SL,6,2026-02-17 14:45:00+00:00
CRV,A_ZONE_EMA_MACD,LONG,2026-03-04T01:30:00+00:00,2026-03-04T01:45:00+00:00,2026-03-04T03:30:00+00:00,0.253,0.24896501631473075,0.2570349836852692,0.2610699673705385,0.2501595983119856,-0.703944,0.163024,-0.866968,SL,8,2026-03-04 01:45:00+00:00
CRV,A_ZONE_EMA_MACD,LONG,2026-03-04T15:15:00+00:00,2026-03-04T15:30:00+00:00,2026-03-04T17:15:00+00:00,0.263,0.2563936651644933,0.2696063348355067,0.27621266967101343,0.26091086435101724,-0.316232,0.103507,-0.419739,SL,8,2026-03-04 15:30:00+00:00
CRV,A_ZONE_EMA_MACD,SHORT,2026-03-05T16:00:00+00:00,2026-03-05T16:15:00+00:00,2026-03-06T03:15:00+00:00,0.25,0.2560991816244897,0.2439008183755103,0.23780163675102062,0.2543259888800504,-0.709274,0.106572,-0.815845,SL,45,2026-03-05 16:15:00+00:00
CRV,A_ZONE_EMA_MACD,SHORT,2026-03-08T02:45:00+00:00,2026-03-08T03:00:00+00:00,2026-03-08T08:30:00+00:00,0.231,0.2335057138322167,0.22849428616778333,0.22598857233556666,0.23317973279840762,-0.869905,0.239692,-1.109597,SL,23,2026-03-08 03:00:00+00:00
CRV,A_ZONE_EMA_MACD,SHORT,2026-03-14T18:30:00+00:00,2026-03-14T18:45:00+00:00,2026-03-14T19:30:00+00:00,0.226,0.22807523853317138,0.22392476146682863,0.22184952293365726,0.22807523853317138,-1.0,0.283148,-1.283148,SL,4,2026-03-14 18:45:00+00:00
CRV,A_ZONE_EMA_MACD,LONG,2026-03-15T16:00:00+00:00,2026-03-15T16:15:00+00:00,2026-03-15T18:30:00+00:00,0.238,0.23417134961502808,0.2418286503849719,0.2456573007699438,0.2456573007699438,1.5,0.161624,1.338376,TP2,10,2026-03-15 16:15:00+00:00
CRV,A_ZONE_EMA_MACD,SHORT,2026-04-02T17:45:00+00:00,2026-04-02T18:00:00+00:00,2026-04-02T20:15:00+00:00,0.205,0.20888937972673477,0.2011106202732652,0.19722124054653042,0.20888937972673477,-1.0,0.13704,-1.13704,SL,10,2026-04-02 18:00:00+00:00
CRV,A_ZONE_EMA_MACD,SHORT,2026-04-07T06:15:00+00:00,2026-04-07T06:30:00+00:00,2026-04-07T09:00:00+00:00,0.207,0.21077192323016844,0.20322807676983154,0.1994561535396631,0.21041868479752565,-0.906351,0.142686,-1.049036,SL,11,2026-04-07 06:30:00+00:00
CRV,A_ZONE_EMA_MACD,LONG,2026-04-21T05:00:00+00:00,2026-04-21T05:15:00+00:00,2026-04-21T12:30:00+00:00,0.234,0.22992202539794623,0.2380779746020538,0.24215594920410757,0.23181944790712405,-0.534714,0.149192,-0.683906,SL,30,2026-04-21 05:15:00+00:00
CRV,A_ZONE_EMA_MACD,LONG,2026-05-22T07:30:00+00:00,2026-05-22T07:45:00+00:00,2026-05-22T13:30:00+00:00,0.2418,0.23940541537351456,0.2441945846264854,0.24658916925297084,0.24361092046776114,0.878128,0.262542,0.615586,SL,24,2026-05-22 07:45:00+00:00
CRV,A_ZONE_EMA_MACD,SHORT,2026-05-24T10:00:00+00:00,2026-05-24T10:15:00+00:00,2026-05-24T10:15:00+00:00,0.2307,0.23228039573657638,0.2291196042634236,0.2275392085268472,0.23228039573657638,-1.0,0.379538,-1.379538,SL,1,2026-05-24 10:15:00+00:00
CRV,A_ZONE_EMA_MACD,SHORT,2026-05-27T21:30:00+00:00,2026-05-27T21:45:00+00:00,2026-05-28T04:00:00+00:00,0.215,0.2178548351730875,0.21214516482691248,0.20929032965382496,0.20929032965382496,1.5,0.195808,1.304192,TP2,26,2026-05-27 21:45:00+00:00
CRV,A_ZONE_EMA_MACD,SHORT,2026-05-31T07:00:00+00:00,2026-05-31T07:15:00+00:00,2026-05-31T08:45:00+00:00,0.2139,0.2150809333467855,0.21271906665321452,0.21153813330642904,0.21472386599799362,-0.69764,0.470933,-1.168572,SL,7,2026-05-31 07:15:00+00:00
CRV,A_ZONE_EMA_MACD,SHORT,2026-06-03T03:30:00+00:00,2026-06-03T03:45:00+00:00,2026-06-03T04:45:00+00:00,0.1984,0.2018386581583206,0.19496134184167938,0.19152268368335876,0.2018386581583206,-1.0,0.150012,-1.150012,SL,5,2026-06-03 03:45:00+00:00
CRV,A_ZONE_EMA_MACD,LONG,2026-06-06T12:45:00+00:00,2026-06-06T13:00:00+00:00,2026-06-06T15:00:00+00:00,0.1823,0.17911942952769264,0.18548057047230734,0.1886611409446147,0.18185626477737246,0.430243,0.149024,0.281219,SL,9,2026-06-06 13:00:00+00:00
CRV,A_ZONE_EMA_MACD,LONG,2026-06-07T22:00:00+00:00,2026-06-07T22:15:00+00:00,2026-06-07T22:45:00+00:00,0.1989,0.19517371119672308,0.2026262888032769,0.20635257760655382,0.19517371119672308,-1.0,0.138782,-1.138782,SL,3,2026-06-07 22:15:00+00:00
CRV,A_ZONE_EMA_MACD,LONG,2026-06-11T14:30:00+00:00,2026-06-11T14:45:00+00:00,2026-06-11T16:15:00+00:00,0.2561,0.24742354390396376,0.26477645609603623,0.27345291219207246,0.24742354390396376,-1.0,0.076743,-1.076743,SL,7,2026-06-11 14:45:00+00:00
CRV,A_ZONE_EMA_MACD,SHORT,2026-06-29T02:00:00+00:00,2026-06-29T02:15:00+00:00,2026-06-29T02:45:00+00:00,0.1877,0.1900678159108425,0.1853321840891575,0.182964368178315,0.1900678159108425,-1.0,0.206106,-1.206106,SL,3,2026-06-29 02:15:00+00:00
CRV,A_ZONE_EMA_MACD,LONG,2026-07-13T00:00:00+00:00,2026-07-13T00:15:00+00:00,2026-07-13T00:30:00+00:00,0.2111,0.20852836965039537,0.21367163034960465,0.2162432606992093,0.20852836965039537,-1.0,0.213429,-1.213429,SL,2,2026-07-13 00:15:00+00:00
CRV,A_ZONE_EMA_MACD,LONG,2026-07-14T03:45:00+00:00,2026-07-14T04:00:00+00:00,2026-07-14T05:30:00+00:00,0.2165,0.21292572940629675,0.22007427059370324,0.22364854118740649,0.22364854118740649,1.5,0.157487,1.342513,TP2,7,2026-07-14 04:00:00+00:00
CRV,A_ZONE_EMA_MACD,SHORT,2026-07-29T19:45:00+00:00,2026-07-29T20:00:00+00:00,2026-07-29T22:00:00+00:00,0.2075,0.21017082260895176,0.20482917739104822,0.20215835478209646,0.2068,0.631046,0.201998,0.429048,SL,9,2026-07-29 20:00:00+00:00
CRV,A_ZONE_EMA_MACD,LONG,2026-07-30T14:00:00+00:00,2026-07-30T14:15:00+00:00,2026-07-30T16:00:00+00:00,0.2115,0.2095840292246139,0.2134159707753861,0.2153319415507722,0.2095840292246139,-1.0,0.287009,-1.287009,SL,8,2026-07-30 14:15:00+00:00
CRV,A_ZONE_EMA_MACD,LONG,2026-08-08T20:00:00+00:00,2026-08-08T20:15:00+00:00,2026-08-08T22:00:00+00:00,0.2281,0.225816662394077,0.230383337605923,0.232666675211846,0.22644065213230835,-0.72672,0.259734,-0.986454,SL,8,2026-08-08 20:15:00+00:00
CRV,A_ZONE_EMA_MACD,LONG,2026-08-27T04:30:00+00:00,2026-08-27T04:45:00+00:00,2026-08-27T06:45:00+00:00,0.3188,0.31400420131325185,0.3235957986867481,0.3283915973734962,0.3283915973734962,1.5,0.172835,1.327165,TP2,9,2026-08-27 04:45:00+00:00
CRV,A_ZONE_EMA_MACD,SHORT,2026-09-08T11:00:00+00:00,2026-09-08T11:15:00+00:00,2026-09-08T14:00:00+00:00,0.3583,0.3629342347652406,0.3536657652347594,0.3490315304695188,0.3622834764836696,-0.859576,0.201021,-1.060597,SL,12,2026-09-08 11:15:00+00:00
CRV,A_ZONE_EMA_MACD,SHORT,2026-09-09T15:00:00+00:00,2026-09-09T15:15:00+00:00,2026-09-09T15:45:00+00:00,0.3574,0.3630170163193222,0.3517829836806778,0.3461659673613556,0.3624229437250849,-0.894237,0.165433,-1.05967,SL,3,2026-09-09 15:15:00+00:00
CRV,A_ZONE_EMA_MACD,SHORT,2026-09-26T12:30:00+00:00,2026-09-26T12:45:00+00:00,2026-09-26T14:45:00+00:00,0.3457,0.35036959129056433,0.3410304087094357,0.33636081741887136,0.3501189839888374,-0.946332,0.192484,-1.138816,SL,9,2026-09-26 12:45:00+00:00
CRV,B_PLUS_STOCH,LONG,2025-07-17T05:45:00+00:00,2025-07-17T06:00:00+00:00,2025-07-17T10:45:00+00:00,0.959,0.9190754047699764,0.9989245952300235,1.0388491904600472,0.9662615494262551,0.590941,0.062453,0.528488,SL,20,2025-07-17 06:00:00+00:00
CRV,B_PLUS_STOCH,SHORT,2025-07-27T23:00:00+00:00,2025-07-27T23:15:00+00:00,2025-07-28T05:45:00+00:00,1.036,1.0581036269902213,1.0138963730097788,0.9917927460195575,1.0290854343578049,0.656412,0.121862,0.53455,SL,27,2025-07-27 23:15:00+00:00
CRV,B_PLUS_STOCH,LONG,2025-08-07T10:00:00+00:00,2025-08-07T10:15:00+00:00,2025-08-07T12:45:00+00:00,0.934,0.9206273447101504,0.9473726552898497,0.9607453105796994,0.927403169673548,0.253346,0.181594,0.071752,SL,11,2025-08-07 10:15:00+00:00
CRV,B_PLUS_STOCH,SHORT,2025-08-12T10:00:00+00:00,2025-08-12T10:15:00+00:00,2025-08-12T12:30:00+00:00,0.916,0.9295197753771051,0.902480224622895,0.88896044924579,0.9201014500350244,0.348317,0.176157,0.17216,SL,10,2025-08-12 10:15:00+00:00
CRV,B_PLUS_STOCH,LONG,2025-11-13T14:45:00+00:00,2025-11-13T15:00:00+00:00,2025-11-13T16:00:00+00:00,0.477,0.46632709855593363,0.48767290144406633,0.4983458028881327,0.4696608772305098,-0.687641,0.116201,-0.803842,SL,5,2025-11-13 15:00:00+00:00
CRV,B_PLUS_STOCH,LONG,2025-12-25T10:45:00+00:00,2025-12-25T11:00:00+00:00,2025-12-25T12:00:00+00:00,0.383,0.37776272153716295,0.38823727846283707,0.3934745569256741,0.38383622418255375,0.579834,0.190137,0.389697,SL,5,2025-12-25 11:00:00+00:00
CRV,B_PLUS_STOCH,SHORT,2026-01-20T08:00:00+00:00,2026-01-20T08:15:00+00:00,2026-01-20T12:00:00+00:00,0.384,0.38988917593288813,0.3781108240671119,0.37222164813422376,0.37222164813422376,1.5,0.169531,1.330469,TP2,16,2026-01-20 08:15:00+00:00
CRV,B_PLUS_STOCH,LONG,2026-01-28T09:30:00+00:00,2026-01-28T09:45:00+00:00,2026-01-28T14:15:00+00:00,0.348,0.34297597493092724,0.3530240250690727,0.35804805013814545,0.3479396274777382,-0.012017,0.180095,-0.192111,SL,19,2026-01-28 09:45:00+00:00
CRV,B_PLUS_STOCH,SHORT,2026-03-14T18:30:00+00:00,2026-03-14T18:45:00+00:00,2026-03-14T19:30:00+00:00,0.226,0.22807523853317138,0.22392476146682863,0.22184952293365726,0.22807523853317138,-1.0,0.283148,-1.283148,SL,4,2026-03-14 18:45:00+00:00
CRV,B_PLUS_STOCH,LONG,2026-03-15T16:00:00+00:00,2026-03-15T16:15:00+00:00,2026-03-15T18:30:00+00:00,0.238,0.23417134961502808,0.2418286503849719,0.2456573007699438,0.2456573007699438,1.5,0.161624,1.338376,TP2,10,2026-03-15 16:15:00+00:00
CRV,B_PLUS_STOCH,SHORT,2026-04-02T17:45:00+00:00,2026-04-02T18:00:00+00:00,2026-04-02T20:15:00+00:00,0.205,0.20888937972673477,0.2011106202732652,0.19722124054653042,0.20888937972673477,-1.0,0.13704,-1.13704,SL,10,2026-04-02 18:00:00+00:00
CRV,B_PLUS_STOCH,LONG,2026-06-07T22:00:00+00:00,2026-06-07T22:15:00+00:00,2026-06-07T22:45:00+00:00,0.1989,0.19517371119672308,0.2026262888032769,0.20635257760655382,0.19517371119672308,-1.0,0.138782,-1.138782,SL,3,2026-06-07 22:15:00+00:00
CRV,B_PLUS_STOCH,LONG,2026-07-13T00:00:00+00:00,2026-07-13T00:15:00+00:00,2026-07-13T00:30:00+00:00,0.2111,0.20852836965039537,0.21367163034960465,0.2162432606992093,0.20852836965039537,-1.0,0.213429,-1.213429,SL,2,2026-07-13 00:15:00+00:00
CRV,B_PLUS_STOCH,LONG,2026-08-27T04:30:00+00:00,2026-08-27T04:45:00+00:00,2026-08-27T06:45:00+00:00,0.3188,0.31400420131325185,0.3235957986867481,0.3283915973734962,0.3283915973734962,1.5,0.172835,1.327165,TP2,9,2026-08-27 04:45:00+00:00
CRV,C_PLUS_CONFIRMED_STRUCTURE,SHORT,2025-07-27T23:00:00+00:00,2025-07-27T23:15:00+00:00,2025-07-28T05:45:00+00:00,1.036,1.0581036269902213,1.0138963730097788,0.9917927460195575,1.0290854343578049,0.656412,0.121862,0.53455,SL,27,2025-07-27 23:15:00+00:00
CRV,C_PLUS_CONFIRMED_STRUCTURE,LONG,2025-08-07T10:00:00+00:00,2025-08-07T10:15:00+00:00,2025-08-07T12:45:00+00:00,0.934,0.9206273447101504,0.9473726552898497,0.9607453105796994,0.927403169673548,0.253346,0.181594,0.071752,SL,11,2025-08-07 10:15:00+00:00
CRV,C_PLUS_CONFIRMED_STRUCTURE,LONG,2025-11-13T14:45:00+00:00,2025-11-13T15:00:00+00:00,2025-11-13T16:00:00+00:00,0.477,0.46632709855593363,0.48767290144406633,0.4983458028881327,0.4696608772305098,-0.687641,0.116201,-0.803842,SL,5,2025-11-13 15:00:00+00:00
CRV,C_PLUS_CONFIRMED_STRUCTURE,SHORT,2026-03-14T18:30:00+00:00,2026-03-14T18:45:00+00:00,2026-03-14T19:30:00+00:00,0.226,0.22807523853317138,0.22392476146682863,0.22184952293365726,0.22807523853317138,-1.0,0.283148,-1.283148,SL,4,2026-03-14 18:45:00+00:00
CRV,C_PLUS_CONFIRMED_STRUCTURE,LONG,2026-03-15T16:00:00+00:00,2026-03-15T16:15:00+00:00,2026-03-15T18:30:00+00:00,0.238,0.23417134961502808,0.2418286503849719,0.2456573007699438,0.2456573007699438,1.5,0.161624,1.338376,TP2,10,2026-03-15 16:15:00+00:00
CRV,C_PLUS_CONFIRMED_STRUCTURE,LONG,2026-06-07T22:00:00+00:00,2026-06-07T22:15:00+00:00,2026-06-07T22:45:00+00:00,0.1989,0.19517371119672308,0.2026262888032769,0.20635257760655382,0.19517371119672308,-1.0,0.138782,-1.138782,SL,3,2026-06-07 22:15:00+00:00
CRV,C_PLUS_CONFIRMED_STRUCTURE,LONG,2026-08-27T04:30:00+00:00,2026-08-27T04:45:00+00:00,2026-08-27T06:45:00+00:00,0.3188,0.31400420131325185,0.3235957986867481,0.3283915973734962,0.3283915973734962,1.5,0.172835,1.327165,TP2,9,2026-08-27 04:45:00+00:00
DOGE,A_ZONE_EMA_MACD,LONG,2025-01-06T14:45:00+00:00,2025-01-06T15:00:00+00:00,2025-01-06T16:45:00+00:00,0.39035,0.38508623740582815,0.3956137625941718,0.40087752518834363,0.38772024393690524,-0.499596,0.192811,-0.692407,SL,8,2025-01-06 15:00:00+00:00
DOGE,A_ZONE_EMA_MACD,SHORT,2025-01-09T17:30:00+00:00,2025-01-09T17:45:00+00:00,2025-01-09T22:30:00+00:00,0.32284,0.32999657957404194,0.3156834204259581,0.3085268408519162,0.323131016990325,0.479668,0.117288,0.362379,SL,20,2025-01-09 17:45:00+00:00
DOGE,A_ZONE_EMA_MACD,SHORT,2025-02-10T01:30:00+00:00,2025-02-10T01:45:00+00:00,2025-02-10T03:30:00+00:00,0.24383,0.2487502950458108,0.23890970495418917,0.23398940990837835,0.24654867276909198,-0.552543,0.128846,-0.681388,SL,8,2025-02-10 01:45:00+00:00
DOGE,A_ZONE_EMA_MACD,LONG,2025-03-07T18:15:00+00:00,2025-03-07T18:30:00+00:00,2025-03-07T21:00:00+00:00,0.20526,0.20062147549892295,0.20989852450107704,0.2145370490021541,0.20192907836386725,-0.718099,0.115053,-0.833152,SL,11,2025-03-07 18:30:00+00:00
DOGE,A_ZONE_EMA_MACD,LONG,2025-03-19T18:45:00+00:00,2025-03-19T19:00:00+00:00,2025-03-20T00:45:00+00:00,0.17385,0.17049761701371288,0.17720238298628713,0.18055476597257425,0.17615624191645995,0.843971,0.134832,0.709138,SL,24,2025-03-19 19:00:00+00:00
DOGE,A_ZONE_EMA_MACD,LONG,2025-03-22T01:00:00+00:00,2025-03-22T01:15:00+00:00,2025-03-22T08:30:00+00:00,0.16871,0.16729176556248002,0.17012823443751998,0.17154646887503996,0.16817747271437303,-0.375486,0.30929,-0.684776,SL,30,2025-03-22 01:15:00+00:00
DOGE,A_ZONE_EMA_MACD,SHORT,2025-03-28T03:00:00+00:00,2025-03-28T03:15:00+00:00,2025-03-28T04:30:00+00:00,0.18954,0.1921089534310381,0.18697104656896188,0.18440209313792377,0.18440209313792377,1.5,0.191831,1.308169,TP2,6,2025-03-28 03:15:00+00:00
DOGE,A_ZONE_EMA_MACD,SHORT,2025-04-10T13:30:00+00:00,2025-04-10T13:45:00+00:00,2025-04-10T14:30:00+00:00,0.15382,0.15661815270614993,0.1510218472938501,0.14822369458770018,0.15661815270614993,-1.0,0.142927,-1.142927,SL,4,2025-04-10 13:45:00+00:00
DOGE,A_ZONE_EMA_MACD,SHORT,2025-04-16T05:15:00+00:00,2025-04-16T05:30:00+00:00,2025-04-16T08:15:00+00:00,0.15377,0.1555115100941687,0.1520284899058313,0.15028697981166259,0.1532676672231374,0.644223,0.229572,0.414651,SL,12,2025-04-16 05:30:00+00:00
DOGE,A_ZONE_EMA_MACD,LONG,2025-05-02T01:00:00+00:00,2025-05-02T01:15:00+00:00,2025-05-02T04:00:00+00:00,0.18203,0.1801029720990297,0.1839570279009703,0.1858840558019406,0.18202138103055182,0.497764,0.2456,0.252164,SL,12,2025-05-02 01:15:00+00:00
DOGE,A_ZONE_EMA_MACD,SHORT,2025-05-03T16:00:00+00:00,2025-05-03T16:15:00+00:00,2025-05-03T17:00:00+00:00,0.17769,0.17887945311020795,0.17650054688979203,0.17531109377958407,0.17531109377958407,1.5,0.388409,1.111591,TP2,4,2025-05-03 16:15:00+00:00
DOGE,A_ZONE_EMA_MACD,LONG,2025-05-14T04:30:00+00:00,2025-05-14T04:45:00+00:00,2025-05-14T07:00:00+00:00,0.24145,0.2367441745431656,0.2461558254568344,0.2508616509136688,0.24083348095037704,0.434494,0.133403,0.301091,SL,10,2025-05-14 04:45:00+00:00
DOGE,A_ZONE_EMA_MACD,SHORT,2025-05-28T13:30:00+00:00,2025-05-28T13:45:00+00:00,2025-05-28T15:00:00+00:00,0.22192,0.22398570007656282,0.2198542999234372,0.21778859984687438,0.21778859984687438,1.5,0.27932,1.22068,TP2,6,2025-05-28 13:45:00+00:00
DOGE,A_ZONE_EMA_MACD,SHORT,2025-06-02T09:00:00+00:00,2025-06-02T09:15:00+00:00,2025-06-02T13:30:00+00:00,0.18989,0.19212530150542168,0.18765469849457833,0.18541939698915666,0.19096416977824754,-0.480548,0.220871,-0.701419,SL,18,2025-06-02 09:15:00+00:00
DOGE,A_ZONE_EMA_MACD,LONG,2025-06-07T00:45:00+00:00,2025-06-07T01:00:00+00:00,2025-06-07T06:45:00+00:00,0.18071,0.1787922290294586,0.18262777097054142,0.18454554194108283,0.18454554194108283,1.5,0.244996,1.255004,TP2,24,2025-06-07 01:00:00+00:00
DOGE,A_ZONE_EMA_MACD,SHORT,2025-07-06T08:15:00+00:00,2025-07-06T08:30:00+00:00,2025-07-06T08:45:00+00:00,0.16313,0.16385750615668457,0.16240249384331543,0.16167498768663086,0.16385750615668457,-1.0,0.583003,-1.583003,SL,2,2025-07-06 08:30:00+00:00
DOGE,A_ZONE_EMA_MACD,LONG,2025-07-08T17:00:00+00:00,2025-07-08T17:15:00+00:00,2025-07-09T00:30:00+00:00,0.17112,0.16918452976048537,0.17305547023951462,0.17499094047902924,0.1700148274813603,-0.57101,0.229873,-0.800883,SL,30,2025-07-08 17:15:00+00:00
DOGE,A_ZONE_EMA_MACD,LONG,2025-07-15T21:30:00+00:00,2025-07-15T21:45:00+00:00,2025-07-16T02:00:00+00:00,0.19632,0.19301506284324377,0.19962493715675622,0.20292987431351245,0.19835881322885004,0.80845,0.154445,0.654004,SL,18,2025-07-15 21:45:00+00:00
DOGE,A_ZONE_EMA_MACD,LONG,2025-08-04T13:30:00+00:00,2025-08-04T13:45:00+00:00,2025-08-04T14:45:00+00:00,0.20338,0.2012078613065589,0.2055521386934411,0.2077242773868822,0.20338146184056483,0.500336,0.243441,0.256895,SL,5,2025-08-04 13:45:00+00:00
DOGE,A_ZONE_EMA_MACD,SHORT,2025-08-06T00:45:00+00:00,2025-08-06T01:00:00+00:00,2025-08-06T05:00:00+00:00,0.19755,0.19962496520719383,0.19547503479280617,0.19340006958561234,0.19761555794520536,-0.031595,0.247537,-0.279131,SL,17,2025-08-06 01:00:00+00:00
DOGE,A_ZONE_EMA_MACD,LONG,2025-08-08T13:30:00+00:00,2025-08-08T13:45:00+00:00,2025-08-08T14:00:00+00:00,0.22423,0.22172299546122548,0.22673700453877454,0.22924400907754908,0.22924400907754908,1.5,0.232548,1.267452,TP2,2,2025-08-08 13:45:00+00:00
DOGE,A_ZONE_EMA_MACD,SHORT,2025-08-11T19:30:00+00:00,2025-08-11T19:45:00+00:00,2025-08-11T22:15:00+00:00,0.22829,0.23183810855566023,0.22474189144433976,0.22119378288867952,0.22119378288867952,1.5,0.167287,1.332713,TP2,11,2025-08-11 19:45:00+00:00
DOGE,A_ZONE_EMA_MACD,SHORT,2025-08-12T05:15:00+00:00,2025-08-12T05:30:00+00:00,2025-08-12T07:00:00+00:00,0.22333,0.22584268262034385,0.22081731737965615,0.2183046347593123,0.22482253779770242,-0.594002,0.231091,-0.825093,SL,7,2025-08-12 05:30:00+00:00
DOGE,A_ZONE_EMA_MACD,LONG,2025-08-16T07:30:00+00:00,2025-08-16T07:45:00+00:00,2025-08-16T09:45:00+00:00,0.23312,0.23044523742216308,0.2357947625778369,0.23846952515567382,0.231759893361515,-0.508496,0.226604,-0.7351,SL,9,2025-08-16 07:45:00+00:00
DOGE,A_ZONE_EMA_MACD,LONG,2025-08-17T13:45:00+00:00,2025-08-17T14:00:00+00:00,2025-08-17T15:30:00+00:00,0.23432,0.23231320709206246,0.23632679290793754,0.23833358581587508,0.23833358581587508,1.5,0.303585,1.196415,TP2,7,2025-08-17 14:00:00+00:00
DOGE,A_ZONE_EMA_MACD,LONG,2025-08-27T20:30:00+00:00,2025-08-27T20:45:00+00:00,2025-08-27T22:00:00+00:00,0.2227,0.21942187492210496,0.22597812507789505,0.2292562501557901,0.2195245981419546,-0.968664,0.176631,-1.145295,SL,6,2025-08-27 20:45:00+00:00
DOGE,A_ZONE_EMA_MACD,LONG,2025-08-31T08:30:00+00:00,2025-08-31T08:45:00+00:00,2025-08-31T09:45:00+00:00,0.21904,0.2176775431752676,0.22040245682473242,0.22176491364946482,0.2177084329484628,-0.977328,0.417998,-1.395326,SL,5,2025-08-31 08:45:00+00:00
DOGE,A_ZONE_EMA_MACD,SHORT,2025-09-02T15:45:00+00:00,2025-09-02T16:00:00+00:00,2025-09-02T17:00:00+00:00,0.20926,0.21255848651663192,0.20596151348336808,0.20266302696673616,0.21255848651663192,-1.0,0.164947,-1.164947,SL,5,2025-09-02 16:00:00+00:00
DOGE,A_ZONE_EMA_MACD,SHORT,2025-09-22T15:30:00+00:00,2025-09-22T15:45:00+00:00,2025-09-22T21:15:00+00:00,0.2388,0.2420239178234972,0.23557608217650283,0.23235216435300565,0.23892397935767942,0.480772,0.192586,0.288186,SL,23,2025-09-22 15:45:00+00:00
DOGE,A_ZONE_EMA_MACD,SHORT,2025-09-23T23:15:00+00:00,2025-09-23T23:30:00+00:00,2025-09-24T01:30:00+00:00,0.23684,0.23991413626292296,0.23376586373707703,0.23069172747415406,0.23991413626292296,-1.0,0.200311,-1.200311,SL,9,2025-09-23 23:30:00+00:00
DOGE,A_ZONE_EMA_MACD,LONG,2025-10-12T14:45:00+00:00,2025-10-12T15:00:00+00:00,2025-10-12T15:45:00+00:00,0.19607,0.19172213542365688,0.2004178645763431,0.20476572915268623,0.20476572915268623,1.5,0.117249,1.382751,TP2,4,2025-10-12 15:00:00+00:00
DOGE,A_ZONE_EMA_MACD,LONG,2025-10-18T06:00:00+00:00,2025-10-18T06:15:00+00:00,2025-10-18T09:00:00+00:00,0.18704,0.18522266222383926,0.18885733777616076,0.1906746755523215,0.18684663332400753,0.446799,0.267591,0.179208,SL,12,2025-10-18 06:15:00+00:00
DOGE,A_ZONE_EMA_MACD,SHORT,2025-10-22T14:15:00+00:00,2025-10-22T14:30:00+00:00,2025-10-22T14:45:00+00:00,0.18909,0.19198072315164325,0.18619927684835677,0.18330855369671353,0.19198072315164325,-1.0,0.170073,-1.170073,SL,2,2025-10-22 14:30:00+00:00
DOGE,A_ZONE_EMA_MACD,LONG,2025-10-26T22:00:00+00:00,2025-10-26T22:15:00+00:00,2025-10-27T01:30:00+00:00,0.20455,0.2024238733146971,0.2066761266853029,0.20880225337060582,0.20880225337060582,1.5,0.25014,1.24986,TP2,14,2025-10-26 22:15:00+00:00
DOGE,A_ZONE_EMA_MACD,SHORT,2025-10-29T08:30:00+00:00,2025-10-29T08:45:00+00:00,2025-10-29T10:15:00+00:00,0.19308,0.1944496995512883,0.1917103004487117,0.1903406008974234,0.1940336695110598,-0.696262,0.36651,-1.062771,SL,7,2025-10-29 08:45:00+00:00
DOGE,A_ZONE_EMA_MACD,SHORT,2025-10-29T18:30:00+00:00,2025-10-29T18:45:00+00:00,2025-10-29T18:45:00+00:00,0.18915,0.19316653421876193,0.1851334657812381,0.18111693156247619,0.19316653421876193,-1.0,0.122441,-1.122441,SL,1,2025-10-29 18:45:00+00:00
DOGE,A_ZONE_EMA_MACD,SHORT,2025-11-03T15:15:00+00:00,2025-11-03T15:30:00+00:00,2025-11-03T15:30:00+00:00,0.16788,0.1711406930822634,0.1646193069177366,0.1613586138354732,0.1613586138354732,1.5,0.133864,1.366136,TP2,1,2025-11-03 15:30:00+00:00
DOGE,A_ZONE_EMA_MACD,SHORT,2025-11-04T16:15:00+00:00,2025-11-04T16:30:00+00:00,2025-11-04T18:30:00+00:00,0.16292,0.16678081445885484,0.15905918554114518,0.15519837108229034,0.15519837108229034,1.5,0.109716,1.390284,TP2,9,2025-11-04 16:30:00+00:00
DOGE,A_ZONE_EMA_MACD,SHORT,2025-11-20T23:45:00+00:00,2025-11-21T00:00:00+00:00,2025-11-21T07:30:00+00:00,0.14886,0.15168156499046573,0.14603843500953426,0.14321687001906852,0.14321687001906852,1.5,0.137171,1.362829,TP2,31,2025-11-21 00:00:00+00:00
DOGE,A_ZONE_EMA_MACD,SHORT,2025-11-22T08:30:00+00:00,2025-11-22T08:45:00+00:00,2025-11-22T09:30:00+00:00,0.13635,0.1388701990967987,0.1338298009032013,0.13130960180640258,0.1387944705898845,-0.969951,0.140667,-1.110619,SL,4,2025-11-22 08:45:00+00:00
DOGE,A_ZONE_EMA_MACD,SHORT,2025-11-24T14:15:00+00:00,2025-11-24T14:30:00+00:00,2025-11-24T14:30:00+00:00,0.14458,0.14631980387627788,0.1428401961237221,0.1411003922474442,0.14631980387627788,-1.0,0.216063,-1.216063,SL,1,2025-11-24 14:30:00+00:00
DOGE,A_ZONE_EMA_MACD,SHORT,2025-11-27T17:30:00+00:00,2025-11-27T17:45:00+00:00,2025-11-27T18:30:00+00:00,0.15277,0.15391183599859454,0.15162816400140544,0.1504863280028109,0.15391183599859454,-1.0,0.347863,-1.347863,SL,4,2025-11-27 17:45:00+00:00
DOGE,A_ZONE_EMA_MACD,LONG,2025-12-20T14:45:00+00:00,2025-12-20T15:00:00+00:00,2025-12-20T22:00:00+00:00,0.13224,0.13143362233556677,0.13304637766443322,0.13385275532886645,0.13170071912770887,-0.66877,0.426381,-1.09515,SL,29,2025-12-20 15:00:00+00:00
DOGE,A_ZONE_EMA_MACD,SHORT,2025-12-31T12:30:00+00:00,2025-12-31T12:45:00+00:00,2025-12-31T14:00:00+00:00,0.12289,0.1233899917438577,0.1223900082561423,0.1218900165122846,0.1233899917438577,-1.0,0.639039,-1.639039,SL,6,2025-12-31 12:45:00+00:00
DOGE,A_ZONE_EMA_MACD,SHORT,2026-01-15T11:45:00+00:00,2026-01-15T12:00:00+00:00,2026-01-15T13:45:00+00:00,0.14361,0.14473919650980047,0.1424808034901995,0.14135160698039903,0.14473919650980047,-1.0,0.330665,-1.330665,SL,8,2026-01-15 12:00:00+00:00
DOGE,A_ZONE_EMA_MACD,SHORT,2026-01-30T01:30:00+00:00,2026-01-30T01:45:00+00:00,2026-01-30T07:00:00+00:00,0.11393,0.11572335023049833,0.11213664976950168,0.11034329953900335,0.11410484503134877,0.451252,0.165176,0.286076,SL,22,2026-01-30 01:45:00+00:00
DOGE,A_ZONE_EMA_MACD,LONG,2026-02-13T07:00:00+00:00,2026-02-13T07:15:00+00:00,2026-02-13T13:00:00+00:00,0.09334,0.09242037293192333,0.09425962706807668,0.09517925413615336,0.09322204109920045,-0.128268,0.263894,-0.392162,SL,24,2026-02-13 07:15:00+00:00
DOGE,A_ZONE_EMA_MACD,SHORT,2026-02-23T00:30:00+00:00,2026-02-23T00:45:00+00:00,2026-02-23T01:00:00+00:00,0.0949,0.09565200331040447,0.09414799668959553,0.09339599337919106,0.09339599337919106,1.5,0.32811,1.17189,TP2,2,2026-02-23 00:45:00+00:00
DOGE,A_ZONE_EMA_MACD,SHORT,2026-03-01T16:45:00+00:00,2026-03-01T17:00:00+00:00,2026-03-01T21:30:00+00:00,0.09285,0.0943619118755183,0.0913380881244817,0.0898261762489634,0.09201744798808355,0.775331,0.159672,0.615659,SL,19,2026-03-01 17:00:00+00:00
DOGE,A_ZONE_EMA_MACD,SHORT,2026-03-06T08:30:00+00:00,2026-03-06T08:45:00+00:00,2026-03-06T10:00:00+00:00,0.09312,0.09392280232810032,0.09231719767189966,0.09151439534379933,0.09337671163077128,-0.319769,0.301584,-0.621353,SL,6,2026-03-06 08:45:00+00:00
DOGE,A_ZONE_EMA_MACD,LONG,2026-03-09T19:15:00+00:00,2026-03-09T19:30:00+00:00,2026-03-09T19:45:00+00:00,0.09245,0.0911537448895681,0.09374625511043191,0.09504251022086382,0.0911537448895681,-1.0,0.185434,-1.185434,SL,2,2026-03-09 19:30:00+00:00
DOGE,A_ZONE_EMA_MACD,LONG,2026-03-18T02:00:00+00:00,2026-03-18T02:15:00+00:00,2026-03-18T04:15:00+00:00,0.10099,0.10002258775374029,0.1019574122462597,0.10292482449251941,0.10064659859889015,-0.354969,0.271419,-0.626388,SL,9,2026-03-18 02:15:00+00:00
DOGE,A_ZONE_EMA_MACD,LONG,2026-03-20T11:00:00+00:00,2026-03-20T11:15:00+00:00,2026-03-20T11:30:00+00:00,0.09466,0.09381603115439148,0.09550396884560851,0.09634793769121702,0.09381603115439148,-1.0,0.291617,-1.291617,SL,2,2026-03-20 11:15:00+00:00
DOGE,A_ZONE_EMA_MACD,LONG,2026-03-23T11:00:00+00:00,2026-03-23T11:15:00+00:00,2026-03-23T11:15:00+00:00,0.09419,0.09262508225610694,0.09575491774389305,0.09731983548778611,0.09262508225610694,-1.0,0.15649,-1.15649,SL,1,2026-03-23 11:15:00+00:00
DOGE,A_ZONE_EMA_MACD,LONG,2026-04-05T22:30:00+00:00,2026-04-05T22:45:00+00:00,2026-04-05T23:15:00+00:00,0.09092,0.09026117729613879,0.09157882270386121,0.09223764540772242,0.09223764540772242,1.5,0.35881,1.14119,TP2,3,2026-04-05 22:45:00+00:00
DOGE,A_ZONE_EMA_MACD,LONG,2026-04-21T01:00:00+00:00,2026-04-21T01:15:00+00:00,2026-04-21T02:00:00+00:00,0.09574,0.09515148390203379,0.09632851609796622,0.09691703219593244,0.09515148390203379,-1.0,0.422969,-1.422969,SL,4,2026-04-21 01:15:00+00:00
DOGE,A_ZONE_EMA_MACD,LONG,2026-04-29T00:30:00+00:00,2026-04-29T00:45:00+00:00,2026-04-29T03:30:00+00:00,0.09989,0.09924399828519734,0.10053600171480268,0.10118200342960534,0.10118200342960534,1.5,0.402033,1.097967,TP2,12,2026-04-29 00:45:00+00:00
DOGE,A_ZONE_EMA_MACD,LONG,2026-04-30T13:30:00+00:00,2026-04-30T13:45:00+00:00,2026-04-30T14:15:00+00:00,0.10738,0.10597569322571578,0.10878430677428423,0.11018861354856846,0.10597569322571578,-1.0,0.198808,-1.198808,SL,3,2026-04-30 13:45:00+00:00
DOGE,A_ZONE_EMA_MACD,LONG,2026-05-03T22:00:00+00:00,2026-05-03T22:15:00+00:00,2026-05-03T23:15:00+00:00,0.1093,0.10838482374859505,0.11021517625140494,0.11113035250280988,0.10838482374859505,-1.0,0.310519,-1.310519,SL,5,2026-05-03 22:15:00+00:00
DOGE,A_ZONE_EMA_MACD,LONG,2026-05-05T10:45:00+00:00,2026-05-05T11:00:00+00:00,2026-05-05T14:15:00+00:00,0.11173,0.11103162951295159,0.1124283704870484,0.1131267409740968,0.11174156133958896,0.508277,0.415965,0.092312,SL,14,2026-05-05 11:00:00+00:00
DOGE,A_ZONE_EMA_MACD,SHORT,2026-05-10T10:00:00+00:00,2026-05-10T10:15:00+00:00,2026-05-10T11:00:00+00:00,0.10807,0.10873388483761855,0.10740611516238145,0.1067422303247629,0.10873388483761855,-1.0,0.423239,-1.423239,SL,4,2026-05-10 10:15:00+00:00
DOGE,A_ZONE_EMA_MACD,SHORT,2026-05-27T21:30:00+00:00,2026-05-27T21:45:00+00:00,2026-05-28T03:15:00+00:00,0.10061,0.10152620554933292,0.09969379445066709,0.09877758890133417,0.09877758890133417,1.5,0.28551,1.21449,TP2,23,2026-05-27 21:45:00+00:00
DOGE,A_ZONE_EMA_MACD,SHORT,2026-06-29T04:30:00+00:00,2026-06-29T04:45:00+00:00,2026-06-29T06:00:00+00:00,0.07248,0.0733755952405391,0.0715844047594609,0.0706888095189218,0.07317528365128118,-0.776337,0.210416,-0.986753,SL,6,2026-06-29 04:45:00+00:00
DOGE,A_ZONE_EMA_MACD,SHORT,2026-07-27T14:15:00+00:00,2026-07-27T14:30:00+00:00,2026-07-27T16:15:00+00:00,0.07177,0.07247535057519901,0.071064649424801,0.07035929884960199,0.07167925410554193,0.564327,0.264552,0.299775,SL,8,2026-07-27 14:30:00+00:00
DOGE,A_ZONE_EMA_MACD,LONG,2026-08-14T23:00:00+00:00,2026-08-14T23:15:00+00:00,2026-08-15T03:15:00+00:00,0.06993,0.06964366865819774,0.07021633134180227,0.07050266268360454,0.07050266268360454,1.5,0.634992,0.865008,TP2,17,2026-08-14 23:15:00+00:00
DOGE,A_ZONE_EMA_MACD,SHORT,2026-08-26T12:30:00+00:00,2026-08-26T12:45:00+00:00,2026-08-26T15:00:00+00:00,0.08613,0.08712793912992568,0.08513206087007431,0.08413412174014863,0.08413412174014863,1.5,0.2244,1.2756,TP2,10,2026-08-26 12:45:00+00:00
DOGE,A_ZONE_EMA_MACD,LONG,2026-09-19T02:00:00+00:00,2026-09-19T02:15:00+00:00,2026-09-19T04:30:00+00:00,0.08848,0.08756804781773904,0.08939195218226097,0.09030390436452193,0.08756804781773904,-1.0,0.252259,-1.252259,SL,10,2026-09-19 02:15:00+00:00
DOGE,B_PLUS_STOCH,LONG,2025-01-06T14:45:00+00:00,2025-01-06T15:00:00+00:00,2025-01-06T16:45:00+00:00,0.39035,0.38508623740582815,0.3956137625941718,0.40087752518834363,0.38772024393690524,-0.499596,0.192811,-0.692407,SL,8,2025-01-06 15:00:00+00:00
DOGE,B_PLUS_STOCH,LONG,2025-12-20T14:45:00+00:00,2025-12-20T15:00:00+00:00,2025-12-20T22:00:00+00:00,0.13224,0.13143362233556677,0.13304637766443322,0.13385275532886645,0.13170071912770887,-0.66877,0.426381,-1.09515,SL,29,2025-12-20 15:00:00+00:00
DOGE,B_PLUS_STOCH,SHORT,2026-02-23T00:30:00+00:00,2026-02-23T00:45:00+00:00,2026-02-23T01:00:00+00:00,0.0949,0.09565200331040447,0.09414799668959553,0.09339599337919106,0.09339599337919106,1.5,0.32811,1.17189,TP2,2,2026-02-23 00:45:00+00:00
DOGE,B_PLUS_STOCH,SHORT,2026-03-01T16:45:00+00:00,2026-03-01T17:00:00+00:00,2026-03-01T21:30:00+00:00,0.09285,0.0943619118755183,0.0913380881244817,0.0898261762489634,0.09201744798808355,0.775331,0.159672,0.615659,SL,19,2026-03-01 17:00:00+00:00
DOGE,B_PLUS_STOCH,LONG,2026-03-09T19:15:00+00:00,2026-03-09T19:30:00+00:00,2026-03-09T19:45:00+00:00,0.09245,0.0911537448895681,0.09374625511043191,0.09504251022086382,0.0911537448895681,-1.0,0.185434,-1.185434,SL,2,2026-03-09 19:30:00+00:00
DOGE,B_PLUS_STOCH,LONG,2026-03-23T11:00:00+00:00,2026-03-23T11:15:00+00:00,2026-03-23T11:15:00+00:00,0.09419,0.09262508225610694,0.09575491774389305,0.09731983548778611,0.09262508225610694,-1.0,0.15649,-1.15649,SL,1,2026-03-23 11:15:00+00:00
DOGE,B_PLUS_STOCH,LONG,2026-04-30T13:30:00+00:00,2026-04-30T13:45:00+00:00,2026-04-30T14:15:00+00:00,0.10738,0.10597569322571578,0.10878430677428423,0.11018861354856846,0.10597569322571578,-1.0,0.198808,-1.198808,SL,3,2026-04-30 13:45:00+00:00
DOGE,B_PLUS_STOCH,LONG,2026-05-03T22:00:00+00:00,2026-05-03T22:15:00+00:00,2026-05-03T23:15:00+00:00,0.1093,0.10838482374859505,0.11021517625140494,0.11113035250280988,0.10838482374859505,-1.0,0.310519,-1.310519,SL,5,2026-05-03 22:15:00+00:00
DOGE,B_PLUS_STOCH,SHORT,2026-07-27T14:15:00+00:00,2026-07-27T14:30:00+00:00,2026-07-27T16:15:00+00:00,0.07177,0.07247535057519901,0.071064649424801,0.07035929884960199,0.07167925410554193,0.564327,0.264552,0.299775,SL,8,2026-07-27 14:30:00+00:00
DOGE,B_PLUS_STOCH,LONG,2026-08-14T23:00:00+00:00,2026-08-14T23:15:00+00:00,2026-08-15T03:15:00+00:00,0.06993,0.06964366865819774,0.07021633134180227,0.07050266268360454,0.07050266268360454,1.5,0.634992,0.865008,TP2,17,2026-08-14 23:15:00+00:00
DOGE,C_PLUS_CONFIRMED_STRUCTURE,LONG,2025-01-06T14:45:00+00:00,2025-01-06T15:00:00+00:00,2025-01-06T16:45:00+00:00,0.39035,0.38508623740582815,0.3956137625941718,0.40087752518834363,0.38772024393690524,-0.499596,0.192811,-0.692407,SL,8,2025-01-06 15:00:00+00:00
DOGE,C_PLUS_CONFIRMED_STRUCTURE,LONG,2025-12-20T14:45:00+00:00,2025-12-20T15:00:00+00:00,2025-12-20T22:00:00+00:00,0.13224,0.13143362233556677,0.13304637766443322,0.13385275532886645,0.13170071912770887,-0.66877,0.426381,-1.09515,SL,29,2025-12-20 15:00:00+00:00
DOGE,C_PLUS_CONFIRMED_STRUCTURE,SHORT,2026-02-23T00:30:00+00:00,2026-02-23T00:45:00+00:00,2026-02-23T01:00:00+00:00,0.0949,0.09565200331040447,0.09414799668959553,0.09339599337919106,0.09339599337919106,1.5,0.32811,1.17189,TP2,2,2026-02-23 00:45:00+00:00
DOGE,C_PLUS_CONFIRMED_STRUCTURE,SHORT,2026-03-01T16:45:00+00:00,2026-03-01T17:00:00+00:00,2026-03-01T21:30:00+00:00,0.09285,0.0943619118755183,0.0913380881244817,0.0898261762489634,0.09201744798808355,0.775331,0.159672,0.615659,SL,19,2026-03-01 17:00:00+00:00
DOGE,C_PLUS_CONFIRMED_STRUCTURE,LONG,2026-03-09T19:15:00+00:00,2026-03-09T19:30:00+00:00,2026-03-09T19:45:00+00:00,0.09245,0.0911537448895681,0.09374625511043191,0.09504251022086382,0.0911537448895681,-1.0,0.185434,-1.185434,SL,2,2026-03-09 19:30:00+00:00
DOGE,C_PLUS_CONFIRMED_STRUCTURE,LONG,2026-03-23T11:00:00+00:00,2026-03-23T11:15:00+00:00,2026-03-23T11:15:00+00:00,0.09419,0.09262508225610694,0.09575491774389305,0.09731983548778611,0.09262508225610694,-1.0,0.15649,-1.15649,SL,1,2026-03-23 11:15:00+00:00
DOGE,C_PLUS_CONFIRMED_STRUCTURE,LONG,2026-05-03T22:00:00+00:00,2026-05-03T22:15:00+00:00,2026-05-03T23:15:00+00:00,0.1093,0.10838482374859505,0.11021517625140494,0.11113035250280988,0.10838482374859505,-1.0,0.310519,-1.310519,SL,5,2026-05-03 22:15:00+00:00
DOGE,C_PLUS_CONFIRMED_STRUCTURE,SHORT,2026-07-27T14:15:00+00:00,2026-07-27T14:30:00+00:00,2026-07-27T16:15:00+00:00,0.07177,0.07247535057519901,0.071064649424801,0.07035929884960199,0.07167925410554193,0.564327,0.264552,0.299775,SL,8,2026-07-27 14:30:00+00:00
DOGE,C_PLUS_CONFIRMED_STRUCTURE,LONG,2026-08-14T23:00:00+00:00,2026-08-14T23:15:00+00:00,2026-08-15T03:15:00+00:00,0.06993,0.06964366865819774,0.07021633134180227,0.07050266268360454,0.07050266268360454,1.5,0.634992,0.865008,TP2,17,2026-08-14 23:15:00+00:00
ETH,A_ZONE_EMA_MACD,LONG,2025-01-06T14:45:00+00:00,2025-01-06T15:00:00+00:00,2025-01-06T16:45:00+00:00,3684.5,3649.8121365794673,3719.1878634205327,3753.8757268410654,3693.6721331182957,0.63221,0.276169,0.356041,SL,8,2025-01-06 15:00:00+00:00
ETH,A_ZONE_EMA_MACD,LONG,2025-01-31T09:30:00+00:00,2025-01-31T09:45:00+00:00,2025-01-31T11:15:00+00:00,3261.68,3235.966230536779,3287.3937694632205,3313.107538926441,3313.107538926441,1.5,0.329799,1.170201,TP2,7,2025-01-31 09:45:00+00:00
ETH,A_ZONE_EMA_MACD,SHORT,2025-02-10T01:30:00+00:00,2025-02-10T01:45:00+00:00,2025-02-10T03:30:00+00:00,2571.16,2620.1075392776215,2522.212460722378,2473.2649214447565,2616.7540356388245,-0.931488,0.136575,-1.068063,SL,8,2025-02-10 01:45:00+00:00
ETH,A_ZONE_EMA_MACD,LONG,2025-02-23T16:30:00+00:00,2025-02-23T16:45:00+00:00,2025-02-23T20:30:00+00:00,2808.88,2781.3641767512822,2836.395823248718,2863.911646497436,2792.3530475778402,-0.600634,0.265414,-0.866049,SL,16,2025-02-23 16:45:00+00:00
ETH,A_ZONE_EMA_MACD,LONG,2025-02-23T23:00:00+00:00,2025-02-23T23:15:00+00:00,2025-02-23T23:15:00+00:00,2838.51,2814.02882644438,2862.9911735556207,2887.472347111241,2814.02882644438,-1.0,0.301461,-1.301461,SL,1,2025-02-23 23:15:00+00:00
ETH,A_ZONE_EMA_MACD,LONG,2025-02-26T06:45:00+00:00,2025-02-26T07:00:00+00:00,2025-02-26T07:30:00+00:00,2499.95,2477.039182607509,2522.860817392491,2545.771634784982,2479.904955278401,-0.874916,0.283703,-1.158619,SL,3,2025-02-26 07:00:00+00:00
ETH,A_ZONE_EMA_MACD,SHORT,2025-02-28T01:15:00+00:00,2025-02-28T01:30:00+00:00,2025-02-28T01:30:00+00:00,2261.36,2295.9288952387487,2226.7911047612515,2192.222209522503,2192.222209522503,1.5,0.170082,1.329918,TP2,1,2025-02-28 01:30:00+00:00
ETH,A_ZONE_EMA_MACD,LONG,2025-03-25T19:45:00+00:00,2025-03-25T20:00:00+00:00,2025-03-25T22:15:00+00:00,2074.65,2057.7871129803257,2091.5128870196745,2108.375774039349,2058.5844620531593,-0.952716,0.319879,-1.272595,SL,10,2025-03-25 20:00:00+00:00
ETH,A_ZONE_EMA_MACD,SHORT,2025-03-27T23:00:00+00:00,2025-03-27T23:15:00+00:00,2025-03-28T01:30:00+00:00,1999.87,2014.013275880125,1985.7267241198747,1971.5834482397495,2007.9616309449918,-0.572119,0.367642,-0.939761,SL,10,2025-03-27 23:15:00+00:00
ETH,A_ZONE_EMA_MACD,SHORT,2025-03-28T03:15:00+00:00,2025-03-28T03:30:00+00:00,2025-03-28T04:30:00+00:00,1994.69,2010.0983797062286,1979.2816202937715,1963.873240587543,1963.873240587543,1.5,0.336583,1.163417,TP2,5,2025-03-28 03:30:00+00:00
ETH,A_ZONE_EMA_MACD,LONG,2025-04-08T01:30:00+00:00,2025-04-08T01:45:00+00:00,2025-04-08T03:45:00+00:00,1583.0,1553.2413803824859,1612.7586196175141,1642.5172392350282,1578.662822880817,0.427127,0.138306,0.288821,SL,9,2025-04-08 01:45:00+00:00
ETH,A_ZONE_EMA_MACD,SHORT,2025-04-27T22:00:00+00:00,2025-04-27T22:15:00+00:00,2025-04-28T01:15:00+00:00,1789.39,1801.522362821125,1777.2576371788753,1765.1252743577504,1765.1252743577504,1.5,0.383471,1.116529,TP2,13,2025-04-27 22:15:00+00:00
ETH,A_ZONE_EMA_MACD,LONG,2025-05-04T05:15:00+00:00,2025-05-04T05:30:00+00:00,2025-05-04T08:15:00+00:00,1841.71,1828.5720172756482,1854.8479827243518,1867.9859654487036,1833.2141796505055,-0.646661,0.364473,-1.011134,SL,12,2025-05-04 05:30:00+00:00
ETH,A_ZONE_EMA_MACD,SHORT,2025-05-11T13:30:00+00:00,2025-05-11T13:45:00+00:00,2025-05-11T17:30:00+00:00,2487.9,2523.124248600642,2452.675751399358,2417.451502798716,2495.004520787565,0.399153,0.183639,0.215514,SL,16,2025-05-11 13:45:00+00:00
ETH,A_ZONE_EMA_MACD,SHORT,2025-05-13T00:30:00+00:00,2025-05-13T00:45:00+00:00,2025-05-13T05:00:00+00:00,2458.44,2489.957495786774,2426.922504213226,2395.4050084264522,2458.901170195823,0.492684,0.202806,0.289878,SL,18,2025-05-13 00:45:00+00:00
ETH,A_ZONE_EMA_MACD,SHORT,2025-05-17T22:15:00+00:00,2025-05-17T22:30:00+00:00,2025-05-18T00:00:00+00:00,2457.83,2481.8833283848007,2433.776671615199,2409.7233432303983,2481.8833283848007,-1.0,0.265675,-1.265675,SL,7,2025-05-17 22:30:00+00:00
ETH,A_ZONE_EMA_MACD,SHORT,2025-06-12T15:45:00+00:00,2025-06-12T16:00:00+00:00,2025-06-12T17:15:00+00:00,2718.24,2750.7113646610933,2685.7686353389063,2653.297270677813,2750.7113646610933,-1.0,0.217651,-1.217651,SL,6,2025-06-12 16:00:00+00:00
ETH,A_ZONE_EMA_MACD,SHORT,2025-06-22T13:15:00+00:00,2025-06-22T13:30:00+00:00,2025-06-22T17:00:00+00:00,2194.8,2234.718762459955,2154.8812375400453,2114.9624750800904,2214.848737625437,-0.502238,0.142952,-0.645191,SL,15,2025-06-22 13:30:00+00:00
ETH,A_ZONE_EMA_MACD,LONG,2025-06-23T12:30:00+00:00,2025-06-23T12:45:00+00:00,2025-06-23T13:30:00+00:00,2258.89,2239.1623654748355,2278.6176345251642,2298.3452690503286,2245.4879107980614,-0.679356,0.29771,-0.977066,SL,4,2025-06-23 12:45:00+00:00
ETH,A_ZONE_EMA_MACD,LONG,2025-06-24T09:15:00+00:00,2025-06-24T09:30:00+00:00,2025-06-24T11:15:00+00:00,2430.01,2397.671738946087,2462.3482610539136,2494.686522107827,2397.671738946087,-1.0,0.195373,-1.195373,SL,8,2025-06-24 09:30:00+00:00
ETH,A_ZONE_EMA_MACD,SHORT,2025-06-25T14:15:00+00:00,2025-06-25T14:30:00+00:00,2025-06-25T14:45:00+00:00,2403.86,2431.785027299609,2375.9349727003914,2348.0099454007827,2431.785027299609,-1.0,0.223815,-1.223815,SL,2,2025-06-25 14:30:00+00:00
ETH,A_ZONE_EMA_MACD,LONG,2025-07-03T13:30:00+00:00,2025-07-03T13:45:00+00:00,2025-07-03T14:30:00+00:00,2621.12,2590.831657103561,2651.4083428964386,2681.6966857928774,2592.134395881878,-0.956989,0.225001,-1.18199,SL,4,2025-07-03 13:45:00+00:00
ETH,A_ZONE_EMA_MACD,LONG,2025-07-06T06:15:00+00:00,2025-07-06T06:30:00+00:00,2025-07-06T08:00:00+00:00,2519.49,2510.254823200661,2528.7251767993384,2537.960353598677,2513.4823311121913,-0.65052,0.709318,-1.359838,SL,7,2025-07-06 06:30:00+00:00
ETH,A_ZONE_EMA_MACD,LONG,2025-07-10T16:15:00+00:00,2025-07-10T16:30:00+00:00,2025-07-10T18:30:00+00:00,2804.77,2776.531194276697,2833.008805723303,2861.247611446606,2797.469902211173,0.370744,0.25824,0.112503,SL,9,2025-07-10 16:30:00+00:00
ETH,A_ZONE_EMA_MACD,LONG,2025-07-17T21:00:00+00:00,2025-07-17T21:15:00+00:00,2025-07-18T01:30:00+00:00,3484.56,3431.3386291980746,3537.7813708019253,3591.0027416038506,3591.0027416038506,1.5,0.17023,1.32977,TP2,18,2025-07-17 21:15:00+00:00
ETH,A_ZONE_EMA_MACD,LONG,2025-07-18T12:45:00+00:00,2025-07-18T13:00:00+00:00,2025-07-18T14:15:00+00:00,3639.2,3597.1223695394265,3681.277630460573,3723.3552609211465,3615.90445856526,-0.553632,0.224868,-0.778501,SL,6,2025-07-18 13:00:00+00:00
ETH,A_ZONE_EMA_MACD,SHORT,2025-07-22T13:45:00+00:00,2025-07-22T14:00:00+00:00,2025-07-22T14:45:00+00:00,3648.43,3692.3470102638043,3604.5129897361953,3560.595979472391,3692.3470102638043,-1.0,0.215996,-1.215996,SL,4,2025-07-22 14:00:00+00:00
ETH,A_ZONE_EMA_MACD,LONG,2025-07-27T10:15:00+00:00,2025-07-27T10:30:00+00:00,2025-07-27T10:45:00+00:00,3783.96,3761.2031730452677,3806.7168269547324,3829.4736539094647,3829.4736539094647,1.5,0.432323,1.067677,TP2,2,2025-07-27 10:30:00+00:00
ETH,A_ZONE_EMA_MACD,LONG,2025-07-27T22:00:00+00:00,2025-07-27T22:15:00+00:00,2025-07-27T23:00:00+00:00,3854.45,3824.2886237544335,3884.611376245566,3914.7727524911325,3841.003558237241,-0.445817,0.332265,-0.778082,SL,4,2025-07-27 22:15:00+00:00
ETH,A_ZONE_EMA_MACD,SHORT,2025-07-30T18:45:00+00:00,2025-07-30T19:00:00+00:00,2025-07-30T19:45:00+00:00,3736.39,3786.016357847083,3686.763642152917,3637.137284305834,3770.0109037151483,0.16126,0.195755,-0.034496,SL,4,2025-07-30 19:00:00+00:00
ETH,A_ZONE_EMA_MACD,SHORT,2025-08-01T13:45:00+00:00,2025-08-01T14:00:00+00:00,2025-08-01T14:15:00+00:00,3598.23,3646.279562222324,3550.180437777676,3502.1308755553523,3646.279562222324,-1.0,0.194703,-1.194703,SL,2,2025-08-01 14:00:00+00:00
ETH,A_ZONE_EMA_MACD,LONG,2025-08-03T16:45:00+00:00,2025-08-03T17:00:00+00:00,2025-08-04T00:45:00+00:00,3493.29,3467.2663827797655,3519.3136172202344,3545.337234440469,3545.337234440469,1.5,0.349012,1.150988,TP2,32,2025-08-03 17:00:00+00:00
ETH,A_ZONE_EMA_MACD,LONG,2025-08-13T16:15:00+00:00,2025-08-13T16:30:00+00:00,2025-08-14T05:30:00+00:00,4718.0,4646.841995513947,4789.158004486053,4860.316008972106,4729.18539982027,0.157191,0.172388,-0.015197,SL,53,2025-08-13 16:30:00+00:00
ETH,A_ZONE_EMA_MACD,SHORT,2025-08-16T09:45:00+00:00,2025-08-16T10:00:00+00:00,2025-08-16T13:15:00+00:00,4395.93,4434.99681212636,4356.8631878736405,4317.796375747281,4425.237661019969,-0.750193,0.292561,-1.042754,SL,14,2025-08-16 10:00:00+00:00
ETH,A_ZONE_EMA_MACD,LONG,2025-08-27T03:45:00+00:00,2025-08-27T04:00:00+00:00,2025-08-27T06:45:00+00:00,4601.08,4550.805002458581,4651.354997541419,4701.629995082838,4584.437206498508,-0.331035,0.237947,-0.568983,SL,12,2025-08-27 04:00:00+00:00
ETH,A_ZONE_EMA_MACD,SHORT,2025-08-29T01:00:00+00:00,2025-08-29T01:15:00+00:00,2025-08-29T02:00:00+00:00,4466.84,4506.345236741105,4427.334763258896,4387.829526517791,4489.769862688168,-0.580426,0.293981,-0.874407,SL,4,2025-08-29 01:15:00+00:00
ETH,A_ZONE_EMA_MACD,LONG,2025-09-12T13:45:00+00:00,2025-09-12T14:00:00+00:00,2025-09-12T14:30:00+00:00,4537.98,4510.821636765008,4565.138363234991,4592.296726469982,4525.371309251462,0.267867,0.434443,-0.166575,SL,3,2025-09-12 14:00:00+00:00
ETH,A_ZONE_EMA_MACD,LONG,2025-09-29T13:30:00+00:00,2025-09-29T13:45:00+00:00,2025-09-29T15:45:00+00:00,4146.22,4113.109801168478,4179.3301988315225,4212.440397663045,4151.453909078845,0.579038,0.325585,0.253453,SL,9,2025-09-29 13:45:00+00:00
ETH,A_ZONE_EMA_MACD,SHORT,2025-10-22T14:15:00+00:00,2025-10-22T14:30:00+00:00,2025-10-22T14:45:00+00:00,3810.5,3864.1824908932517,3756.8175091067483,3703.1350182134966,3847.8380272580193,-0.695535,0.184554,-0.880088,SL,2,2025-10-22 14:30:00+00:00
ETH,A_ZONE_EMA_MACD,LONG,2025-10-28T17:00:00+00:00,2025-10-28T17:15:00+00:00,2025-10-28T18:45:00+00:00,4138.2,4093.9315971524584,4182.468402847541,4226.736805695083,4102.9531215189345,-0.796208,0.243047,-1.039256,SL,7,2025-10-28 17:15:00+00:00
ETH,A_ZONE_EMA_MACD,SHORT,2025-10-29T18:30:00+00:00,2025-10-29T18:45:00+00:00,2025-10-29T18:45:00+00:00,3861.09,3926.217840389939,3795.9621596100615,3730.834319220123,3926.217840389939,-1.0,0.15414,-1.15414,SL,1,2025-10-29 18:45:00+00:00
ETH,A_ZONE_EMA_MACD,SHORT,2025-10-30T04:00:00+00:00,2025-10-30T04:15:00+00:00,2025-10-30T04:30:00+00:00,3885.68,3923.1142526584754,3848.2457473415243,3810.8114946830487,3898.18466318287,0.332978,0.26988,0.063098,SL,2,2025-10-30 04:15:00+00:00
ETH,A_ZONE_EMA_MACD,LONG,2025-11-01T15:00:00+00:00,2025-11-01T15:15:00+00:00,2025-11-01T17:15:00+00:00,3891.73,3871.488932998749,3911.971067001251,3932.212134002502,3873.725560448713,-0.889501,0.499899,-1.3894,SL,9,2025-11-01 15:15:00+00:00
ETH,A_ZONE_EMA_MACD,SHORT,2025-11-03T15:15:00+00:00,2025-11-03T15:30:00+00:00,2025-11-03T17:15:00+00:00,3634.59,3686.1034433954837,3583.0765566045166,3531.563113209033,3644.7630710910043,0.401258,0.183446,0.217812,SL,8,2025-11-03 15:30:00+00:00
ETH,A_ZONE_EMA_MACD,SHORT,2025-11-18T02:45:00+00:00,2025-11-18T03:00:00+00:00,2025-11-18T03:30:00+00:00,2984.41,3044.35784974343,2924.4621502565697,2864.5143005131395,3025.1066153399984,-0.678867,0.129437,-0.808304,SL,3,2025-11-18 03:00:00+00:00
ETH,A_ZONE_EMA_MACD,SHORT,2025-11-22T08:15:00+00:00,2025-11-22T08:30:00+00:00,2025-11-22T11:15:00+00:00,2727.89,2757.3187004002552,2698.4612995997445,2669.032599199489,2738.2430444585457,-0.351801,0.241007,-0.592808,SL,12,2025-11-22 08:30:00+00:00
ETH,A_ZONE_EMA_MACD,SHORT,2025-11-25T14:30:00+00:00,2025-11-25T14:45:00+00:00,2025-11-25T15:45:00+00:00,2878.89,2911.280268726099,2846.4997312739006,2814.1094625478013,2911.280268726099,-1.0,0.231091,-1.231091,SL,5,2025-11-25 14:45:00+00:00
ETH,A_ZONE_EMA_MACD,SHORT,2025-11-29T06:15:00+00:00,2025-11-29T06:30:00+00:00,2025-11-29T15:15:00+00:00,3013.5,3032.1015671449586,2994.8984328550414,2976.296865710083,3000.5527944681003,0.848014,0.421206,0.426807,SL,36,2025-11-29 06:30:00+00:00
ETH,A_ZONE_EMA_MACD,LONG,2026-01-01T15:30:00+00:00,2026-01-01T15:45:00+00:00,2026-01-01T23:30:00+00:00,2987.26,2977.5074471082785,2997.012552891722,3006.7651057834437,3006.7651057834437,1.5,0.796394,0.703606,TP2,32,2026-01-01 15:45:00+00:00
ETH,A_ZONE_EMA_MACD,LONG,2026-01-07T03:15:00+00:00,2026-01-07T03:30:00+00:00,2026-01-07T05:45:00+00:00,3273.38,3246.2240163057045,3300.5359836942957,3327.6919673885914,3246.2240163057045,-1.0,0.313404,-1.313404,SL,10,2026-01-07 03:30:00+00:00
ETH,A_ZONE_EMA_MACD,SHORT,2026-01-16T14:30:00+00:00,2026-01-16T14:45:00+00:00,2026-01-16T15:45:00+00:00,3292.87,3313.1279692078515,3272.6120307921483,3252.3540615842967,3252.3540615842967,1.5,0.422622,1.077378,TP2,5,2026-01-16 14:45:00+00:00
ETH,A_ZONE_EMA_MACD,SHORT,2026-01-24T23:30:00+00:00,2026-01-24T23:45:00+00:00,2026-01-25T06:00:00+00:00,2952.77,2961.6505994400977,2943.8894005599022,2935.0088011198045,2935.0088011198045,1.5,0.864491,0.635509,TP2,26,2026-01-24 23:45:00+00:00
ETH,A_ZONE_EMA_MACD,SHORT,2026-01-30T13:45:00+00:00,2026-01-30T14:00:00+00:00,2026-01-30T14:30:00+00:00,2728.78,2759.4785293987893,2698.081470601211,2667.382941202422,2759.4785293987893,-1.0,0.231113,-1.231113,SL,3,2026-01-30 14:00:00+00:00
ETH,A_ZONE_EMA_MACD,SHORT,2026-01-30T20:15:00+00:00,2026-01-30T20:30:00+00:00,2026-01-31T14:15:00+00:00,2681.41,2739.1780733635296,2623.64192663647,2565.8738532729403,2565.8738532729403,1.5,0.120684,1.379316,TP2,72,2026-01-30 20:30:00+00:00
ETH,A_ZONE_EMA_MACD,LONG,2026-02-08T08:15:00+00:00,2026-02-08T08:30:00+00:00,2026-02-08T10:15:00+00:00,2101.47,2079.579297904006,2123.3607020959935,2145.251404191987,2091.308986458046,0.267915,0.249596,0.018319,SL,8,2026-02-08 08:30:00+00:00
ETH,A_ZONE_EMA_MACD,SHORT,2026-02-17T17:30:00+00:00,2026-02-17T17:45:00+00:00,2026-02-17T18:15:00+00:00,1959.06,1990.5799571139787,1927.5400428860212,1896.0200857720424,1990.5799571139787,-1.0,0.161598,-1.161598,SL,3,2026-02-17 17:45:00+00:00
ETH,A_ZONE_EMA_MACD,LONG,2026-02-25T08:30:00+00:00,2026-02-25T08:45:00+00:00,2026-02-25T12:15:00+00:00,1904.89,1886.8728625451456,1922.9071374548546,1940.924274909709,1940.924274909709,1.5,0.274889,1.225111,TP2,15,2026-02-25 08:45:00+00:00
ETH,A_ZONE_EMA_MACD,SHORT,2026-03-23T06:30:00+00:00,2026-03-23T06:45:00+00:00,2026-03-23T08:00:00+00:00,2032.62,2054.7784636347656,2010.4615363652342,1988.3030727304686,2054.7784636347656,-1.0,0.238501,-1.238501,SL,6,2026-03-23 06:45:00+00:00
ETH,A_ZONE_EMA_MACD,SHORT,2026-03-27T08:15:00+00:00,2026-03-27T08:30:00+00:00,2026-03-27T10:30:00+00:00,2053.34,2068.0895079329052,2038.590492067095,2023.84098413419,2023.84098413419,1.5,0.361957,1.138043,TP2,9,2026-03-27 08:30:00+00:00
ETH,A_ZONE_EMA_MACD,SHORT,2026-03-29T05:00:00+00:00,2026-03-29T05:15:00+00:00,2026-03-29T11:00:00+00:00,2000.69,2011.104483821028,1990.275516178972,1979.8610323579442,2002.0219417651078,-0.127893,0.499477,-0.62737,SL,24,2026-03-29 05:15:00+00:00
ETH,A_ZONE_EMA_MACD,LONG,2026-04-14T13:30:00+00:00,2026-04-14T13:45:00+00:00,2026-04-14T14:30:00+00:00,2388.52,2371.162354183472,2405.877645816528,2423.235291633056,2372.8093288846526,-0.905115,0.357776,-1.262891,SL,4,2026-04-14 13:45:00+00:00
ETH,A_ZONE_EMA_MACD,SHORT,2026-04-21T19:30:00+00:00,2026-04-21T19:45:00+00:00,2026-04-21T20:00:00+00:00,2287.72,2316.7367393588156,2258.703260641184,2229.686521282368,2316.7367393588156,-1.0,0.204988,-1.204988,SL,2,2026-04-21 19:45:00+00:00
ETH,A_ZONE_EMA_MACD,LONG,2026-05-03T22:00:00+00:00,2026-05-03T22:15:00+00:00,2026-05-03T23:15:00+00:00,2346.99,2330.5552056376346,2363.424794362365,2379.85958872473,2330.5552056376346,-1.0,0.371296,-1.371296,SL,5,2026-05-03 22:15:00+00:00
ETH,A_ZONE_EMA_MACD,SHORT,2026-05-05T22:30:00+00:00,2026-05-05T22:45:00+00:00,2026-05-06T01:45:00+00:00,2360.45,2377.3611760450904,2343.5388239549093,2326.6276479098187,2373.371097160904,-0.764057,0.362906,-1.126963,SL,13,2026-05-05 22:45:00+00:00
ETH,A_ZONE_EMA_MACD,LONG,2026-05-29T09:15:00+00:00,2026-05-29T09:30:00+00:00,2026-05-29T11:30:00+00:00,2014.73,2004.4799732937888,2024.9800267062112,2035.2300534124224,2004.4799732937888,-1.0,0.511052,-1.511052,SL,9,2026-05-29 09:30:00+00:00
ETH,A_ZONE_EMA_MACD,SHORT,2026-06-05T23:15:00+00:00,2026-06-05T23:30:00+00:00,2026-06-06T05:00:00+00:00,1573.59,1607.6838170214828,1539.496182978517,1505.4023659570341,1505.4023659570341,1.5,0.120002,1.379998,TP2,23,2026-06-05 23:30:00+00:00
ETH,A_ZONE_EMA_MACD,LONG,2026-06-08T21:00:00+00:00,2026-06-08T21:15:00+00:00,2026-06-08T22:00:00+00:00,1708.6,1689.2398377588383,1727.9601622411615,1747.320324482323,1694.515982557366,-0.727474,0.229459,-0.956933,SL,4,2026-06-08 21:15:00+00:00
ETH,A_ZONE_EMA_MACD,LONG,2026-06-12T04:15:00+00:00,2026-06-12T04:30:00+00:00,2026-06-12T05:30:00+00:00,1676.7,1664.8738107030888,1688.5261892969113,1700.3523785938226,1666.028538510011,-0.902358,0.368624,-1.270983,SL,5,2026-06-12 04:30:00+00:00
ETH,A_ZONE_EMA_MACD,LONG,2026-06-13T18:30:00+00:00,2026-06-13T18:45:00+00:00,2026-06-13T21:30:00+00:00,1681.33,1673.6994825447646,1688.9605174552353,1696.5910349104706,1696.5910349104706,1.5,0.572891,0.927109,TP2,12,2026-06-13 18:45:00+00:00
ETH,A_ZONE_EMA_MACD,SHORT,2026-06-18T13:30:00+00:00,2026-06-18T13:45:00+00:00,2026-06-18T14:15:00+00:00,1730.57,1744.4570883477404,1716.6829116522595,1702.795823304519,1744.4570883477404,-1.0,0.324005,-1.324005,SL,3,2026-06-18 13:45:00+00:00
ETH,A_ZONE_EMA_MACD,LONG,2026-07-03T01:00:00+00:00,2026-07-03T01:15:00+00:00,2026-07-03T02:30:00+00:00,1713.47,1699.537924335574,1727.402075664426,1741.3341513288522,1700.8205572077143,-0.907937,0.319767,-1.227704,SL,6,2026-07-03 01:15:00+00:00
ETH,A_ZONE_EMA_MACD,LONG,2026-07-13T00:00:00+00:00,2026-07-13T00:15:00+00:00,2026-07-13T00:30:00+00:00,1839.53,1823.7632997485664,1855.2967002514335,1871.0634005028671,1823.7632997485664,-1.0,0.303347,-1.303347,SL,2,2026-07-13 00:15:00+00:00
ETH,A_ZONE_EMA_MACD,LONG,2026-07-20T15:00:00+00:00,2026-07-20T15:15:00+00:00,2026-07-20T19:00:00+00:00,1884.75,1865.8053889394496,1903.6946110605504,1922.6392221211008,1895.620557450973,0.786904,0.258667,0.528236,SL,16,2026-07-20 15:15:00+00:00
ETH,A_ZONE_EMA_MACD,SHORT,2026-07-29T19:45:00+00:00,2026-07-29T20:00:00+00:00,2026-07-29T22:00:00+00:00,1887.93,1912.3611235967062,1863.498876403294,1839.0677528065878,1906.6746361163453,-0.767244,0.200917,-0.968161,SL,9,2026-07-29 20:00:00+00:00
ETH,A_ZONE_EMA_MACD,LONG,2026-08-17T10:30:00+00:00,2026-08-17T10:45:00+00:00,2026-08-17T12:15:00+00:00,1906.39,1897.9642500918253,1914.815749908175,1923.2414998163497,1897.9642500918253,-1.0,0.58827,-1.58827,SL,7,2026-08-17 10:45:00+00:00
ETH,A_ZONE_EMA_MACD,LONG,2026-08-18T14:15:00+00:00,2026-08-18T14:30:00+00:00,2026-08-18T15:00:00+00:00,1917.51,1907.9185220223192,1927.1014779776808,1936.6929559553616,1907.9185220223192,-1.0,0.519787,-1.519787,SL,3,2026-08-18 14:30:00+00:00
ETH,A_ZONE_EMA_MACD,SHORT,2026-08-28T14:00:00+00:00,2026-08-28T14:15:00+00:00,2026-08-28T14:30:00+00:00,2476.56,2500.25922767079,2452.86077232921,2429.1615446584196,2500.25922767079,-1.0,0.271699,-1.271699,SL,2,2026-08-28 14:15:00+00:00
ETH,A_ZONE_EMA_MACD,LONG,2026-09-11T12:30:00+00:00,2026-09-11T12:45:00+00:00,2026-09-11T13:45:00+00:00,2492.65,2467.8094862798043,2517.490513720196,2542.3310274403916,2542.3310274403916,1.5,0.2609,1.2391,TP2,5,2026-09-11 12:45:00+00:00
ETH,A_ZONE_EMA_MACD,LONG,2026-09-21T08:15:00+00:00,2026-09-21T08:30:00+00:00,2026-09-21T09:30:00+00:00,2680.04,2655.8585164102633,2704.2214835897366,2728.4029671794733,2728.4029671794733,1.5,0.288159,1.211841,TP2,5,2026-09-21 08:30:00+00:00
ETH,A_ZONE_EMA_MACD,LONG,2026-09-22T17:15:00+00:00,2026-09-22T17:30:00+00:00,2026-09-22T22:00:00+00:00,2752.38,2728.488391056617,2776.2716089433834,2800.1632178867667,2741.352426423397,-0.461567,0.299527,-0.761094,SL,19,2026-09-22 17:30:00+00:00
ETH,A_ZONE_EMA_MACD,SHORT,2026-09-26T09:00:00+00:00,2026-09-26T09:15:00+00:00,2026-09-26T11:30:00+00:00,2680.83,2689.6884039714637,2671.971596028536,2663.1131920570724,2689.2872973019257,-0.95472,0.786841,-1.741561,SL,10,2026-09-26 09:15:00+00:00
ETH,B_PLUS_STOCH,LONG,2025-01-06T14:45:00+00:00,2025-01-06T15:00:00+00:00,2025-01-06T16:45:00+00:00,3684.5,3649.8121365794673,3719.1878634205327,3753.8757268410654,3693.6721331182957,0.63221,0.276169,0.356041,SL,8,2025-01-06 15:00:00+00:00
ETH,B_PLUS_STOCH,SHORT,2025-04-27T22:00:00+00:00,2025-04-27T22:15:00+00:00,2025-04-28T01:15:00+00:00,1789.39,1801.522362821125,1777.2576371788753,1765.1252743577504,1765.1252743577504,1.5,0.383471,1.116529,TP2,13,2025-04-27 22:15:00+00:00
ETH,B_PLUS_STOCH,LONG,2025-07-18T12:45:00+00:00,2025-07-18T13:00:00+00:00,2025-07-18T14:15:00+00:00,3639.2,3597.1223695394265,3681.277630460573,3723.3552609211465,3615.90445856526,-0.553632,0.224868,-0.778501,SL,6,2025-07-18 13:00:00+00:00
ETH,B_PLUS_STOCH,SHORT,2025-08-16T09:45:00+00:00,2025-08-16T10:00:00+00:00,2025-08-16T13:15:00+00:00,4395.93,4434.99681212636,4356.8631878736405,4317.796375747281,4425.237661019969,-0.750193,0.292561,-1.042754,SL,14,2025-08-16 10:00:00+00:00
ETH,B_PLUS_STOCH,LONG,2025-08-27T03:45:00+00:00,2025-08-27T04:00:00+00:00,2025-08-27T06:45:00+00:00,4601.08,4550.805002458581,4651.354997541419,4701.629995082838,4584.437206498508,-0.331035,0.237947,-0.568983,SL,12,2025-08-27 04:00:00+00:00
ETH,B_PLUS_STOCH,LONG,2025-09-12T13:45:00+00:00,2025-09-12T14:00:00+00:00,2025-09-12T14:30:00+00:00,4537.98,4510.821636765008,4565.138363234991,4592.296726469982,4525.371309251462,0.267867,0.434443,-0.166575,SL,3,2025-09-12 14:00:00+00:00
ETH,B_PLUS_STOCH,SHORT,2025-11-18T02:45:00+00:00,2025-11-18T03:00:00+00:00,2025-11-18T03:30:00+00:00,2984.41,3044.35784974343,2924.4621502565697,2864.5143005131395,3025.1066153399984,-0.678867,0.129437,-0.808304,SL,3,2025-11-18 03:00:00+00:00
ETH,B_PLUS_STOCH,SHORT,2026-01-16T14:30:00+00:00,2026-01-16T14:45:00+00:00,2026-01-16T15:45:00+00:00,3292.87,3313.1279692078515,3272.6120307921483,3252.3540615842967,3252.3540615842967,1.5,0.422622,1.077378,TP2,5,2026-01-16 14:45:00+00:00
ETH,B_PLUS_STOCH,SHORT,2026-04-21T19:30:00+00:00,2026-04-21T19:45:00+00:00,2026-04-21T20:00:00+00:00,2287.72,2316.7367393588156,2258.703260641184,2229.686521282368,2316.7367393588156,-1.0,0.204988,-1.204988,SL,2,2026-04-21 19:45:00+00:00
ETH,B_PLUS_STOCH,LONG,2026-05-03T22:00:00+00:00,2026-05-03T22:15:00+00:00,2026-05-03T23:15:00+00:00,2346.99,2330.5552056376346,2363.424794362365,2379.85958872473,2330.5552056376346,-1.0,0.371296,-1.371296,SL,5,2026-05-03 22:15:00+00:00
ETH,B_PLUS_STOCH,LONG,2026-06-12T04:15:00+00:00,2026-06-12T04:30:00+00:00,2026-06-12T05:30:00+00:00,1676.7,1664.8738107030888,1688.5261892969113,1700.3523785938226,1666.028538510011,-0.902358,0.368624,-1.270983,SL,5,2026-06-12 04:30:00+00:00
ETH,B_PLUS_STOCH,LONG,2026-07-03T01:00:00+00:00,2026-07-03T01:15:00+00:00,2026-07-03T02:30:00+00:00,1713.47,1699.537924335574,1727.402075664426,1741.3341513288522,1700.8205572077143,-0.907937,0.319767,-1.227704,SL,6,2026-07-03 01:15:00+00:00
ETH,B_PLUS_STOCH,SHORT,2026-08-28T14:00:00+00:00,2026-08-28T14:15:00+00:00,2026-08-28T14:30:00+00:00,2476.56,2500.25922767079,2452.86077232921,2429.1615446584196,2500.25922767079,-1.0,0.271699,-1.271699,SL,2,2026-08-28 14:15:00+00:00
ETH,C_PLUS_CONFIRMED_STRUCTURE,LONG,2025-01-06T14:45:00+00:00,2025-01-06T15:00:00+00:00,2025-01-06T16:45:00+00:00,3684.5,3649.8121365794673,3719.1878634205327,3753.8757268410654,3693.6721331182957,0.63221,0.276169,0.356041,SL,8,2025-01-06 15:00:00+00:00
ETH,C_PLUS_CONFIRMED_STRUCTURE,SHORT,2025-04-27T22:00:00+00:00,2025-04-27T22:15:00+00:00,2025-04-28T01:15:00+00:00,1789.39,1801.522362821125,1777.2576371788753,1765.1252743577504,1765.1252743577504,1.5,0.383471,1.116529,TP2,13,2025-04-27 22:15:00+00:00
ETH,C_PLUS_CONFIRMED_STRUCTURE,LONG,2025-07-18T12:45:00+00:00,2025-07-18T13:00:00+00:00,2025-07-18T14:15:00+00:00,3639.2,3597.1223695394265,3681.277630460573,3723.3552609211465,3615.90445856526,-0.553632,0.224868,-0.778501,SL,6,2025-07-18 13:00:00+00:00
ETH,C_PLUS_CONFIRMED_STRUCTURE,SHORT,2025-08-16T09:45:00+00:00,2025-08-16T10:00:00+00:00,2025-08-16T13:15:00+00:00,4395.93,4434.99681212636,4356.8631878736405,4317.796375747281,4425.237661019969,-0.750193,0.292561,-1.042754,SL,14,2025-08-16 10:00:00+00:00
ETH,C_PLUS_CONFIRMED_STRUCTURE,LONG,2025-08-27T03:45:00+00:00,2025-08-27T04:00:00+00:00,2025-08-27T06:45:00+00:00,4601.08,4550.805002458581,4651.354997541419,4701.629995082838,4584.437206498508,-0.331035,0.237947,-0.568983,SL,12,2025-08-27 04:00:00+00:00
ETH,C_PLUS_CONFIRMED_STRUCTURE,LONG,2025-09-12T13:45:00+00:00,2025-09-12T14:00:00+00:00,2025-09-12T14:30:00+00:00,4537.98,4510.821636765008,4565.138363234991,4592.296726469982,4525.371309251462,0.267867,0.434443,-0.166575,SL,3,2025-09-12 14:00:00+00:00
ETH,C_PLUS_CONFIRMED_STRUCTURE,SHORT,2025-11-18T02:45:00+00:00,2025-11-18T03:00:00+00:00,2025-11-18T03:30:00+00:00,2984.41,3044.35784974343,2924.4621502565697,2864.5143005131395,3025.1066153399984,-0.678867,0.129437,-0.808304,SL,3,2025-11-18 03:00:00+00:00
ETH,C_PLUS_CONFIRMED_STRUCTURE,SHORT,2026-01-16T14:30:00+00:00,2026-01-16T14:45:00+00:00,2026-01-16T15:45:00+00:00,3292.87,3313.1279692078515,3272.6120307921483,3252.3540615842967,3252.3540615842967,1.5,0.422622,1.077378,TP2,5,2026-01-16 14:45:00+00:00
ETH,C_PLUS_CONFIRMED_STRUCTURE,LONG,2026-05-03T22:00:00+00:00,2026-05-03T22:15:00+00:00,2026-05-03T23:15:00+00:00,2346.99,2330.5552056376346,2363.424794362365,2379.85958872473,2330.5552056376346,-1.0,0.371296,-1.371296,SL,5,2026-05-03 22:15:00+00:00
ETH,C_PLUS_CONFIRMED_STRUCTURE,LONG,2026-07-03T01:00:00+00:00,2026-07-03T01:15:00+00:00,2026-07-03T02:30:00+00:00,1713.47,1699.537924335574,1727.402075664426,1741.3341513288522,1700.8205572077143,-0.907937,0.319767,-1.227704,SL,6,2026-07-03 01:15:00+00:00
ETH,C_PLUS_CONFIRMED_STRUCTURE,SHORT,2026-08-28T14:00:00+00:00,2026-08-28T14:15:00+00:00,2026-08-28T14:30:00+00:00,2476.56,2500.25922767079,2452.86077232921,2429.1615446584196,2500.25922767079,-1.0,0.271699,-1.271699,SL,2,2026-08-28 14:15:00+00:00
FET,A_ZONE_EMA_MACD,LONG,2025-01-15T04:45:00+00:00,2025-01-15T05:00:00+00:00,2025-01-15T06:00:00+00:00,1.3106,1.2898514728613484,1.3313485271386516,1.3520970542773032,1.2898514728613484,-1.0,0.164231,-1.164231,SL,5,2025-01-15 05:00:00+00:00
FET,A_ZONE_EMA_MACD,LONG,2025-02-10T03:30:00+00:00,2025-02-10T03:45:00+00:00,2025-02-10T08:15:00+00:00,0.7782,0.7561089072349022,0.8002910927650978,0.8223821855301956,0.7805339383655936,0.552825,0.09159,0.461235,SL,19,2025-02-10 03:45:00+00:00
FET,A_ZONE_EMA_MACD,LONG,2025-02-10T13:45:00+00:00,2025-02-10T14:00:00+00:00,2025-02-10T15:15:00+00:00,0.7919,0.7744391236112652,0.8093608763887349,0.8268217527774697,0.7744391236112652,-1.0,0.117917,-1.117917,SL,6,2025-02-10 14:00:00+00:00
FET,A_ZONE_EMA_MACD,SHORT,2025-02-12T13:30:00+00:00,2025-02-12T13:45:00+00:00,2025-02-12T15:15:00+00:00,0.7295,0.7488137855333387,0.7101862144666614,0.6908724289333228,0.7421643537961898,-0.655716,0.098204,-0.75392,SL,7,2025-02-12 13:45:00+00:00
FET,A_ZONE_EMA_MACD,SHORT,2025-02-16T01:15:00+00:00,2025-02-16T01:30:00+00:00,2025-02-16T04:00:00+00:00,0.7652,0.7735410729427833,0.7568589270572167,0.7485178541144334,0.766775498783432,0.405558,0.238521,0.167037,SL,11,2025-02-16 01:30:00+00:00
FET,A_ZONE_EMA_MACD,SHORT,2025-02-18T14:30:00+00:00,2025-02-18T14:45:00+00:00,2025-02-18T18:15:00+00:00,0.7331,0.7468822805028248,0.7193177194971752,0.7055354389943503,0.7247272004090651,0.803752,0.138298,0.665454,SL,15,2025-02-18 14:45:00+00:00
FET,A_ZONE_EMA_MACD,LONG,2025-02-19T06:00:00+00:00,2025-02-19T06:15:00+00:00,2025-02-19T07:30:00+00:00,0.7335,0.7235306250985365,0.7434693749014636,0.7534387498029271,0.735987533408978,0.624759,0.191296,0.433463,SL,6,2025-02-19 06:15:00+00:00
FET,A_ZONE_EMA_MACD,SHORT,2025-02-26T17:30:00+00:00,2025-02-26T17:45:00+00:00,2025-02-26T20:45:00+00:00,0.6464,0.6615572880219123,0.6312427119780877,0.6160854239561754,0.6495659578998333,0.395563,0.11088,0.284683,SL,13,2025-02-26 17:45:00+00:00
FET,A_ZONE_EMA_MACD,SHORT,2025-03-07T12:30:00+00:00,2025-03-07T12:45:00+00:00,2025-03-07T13:30:00+00:00,0.6,0.6102957642910718,0.5897042357089282,0.5794084714178563,0.6102957642910718,-1.0,0.151519,-1.151519,SL,4,2025-03-07 12:45:00+00:00
FET,A_ZONE_EMA_MACD,LONG,2025-03-10T09:15:00+00:00,2025-03-10T09:30:00+00:00,2025-03-10T13:15:00+00:00,0.5513,0.5383277958185132,0.5642722041814868,0.5772444083629736,0.5409987367583574,-0.794103,0.110496,-0.904599,SL,16,2025-03-10 09:30:00+00:00
FET,A_ZONE_EMA_MACD,LONG,2025-03-12T17:00:00+00:00,2025-03-12T17:15:00+00:00,2025-03-13T01:00:00+00:00,0.504,0.4907107001793514,0.5172892998206486,0.5305785996412972,0.49547871412077726,-0.641214,0.098606,-0.73982,SL,32,2025-03-12 17:15:00+00:00
FET,A_ZONE_EMA_MACD,LONG,2025-03-17T07:45:00+00:00,2025-03-17T08:00:00+00:00,2025-03-17T13:30:00+00:00,0.5171,0.5099676704138751,0.5242323295861249,0.5313646591722497,0.5146969398705972,0.331538,0.188502,0.143035,SL,23,2025-03-17 08:00:00+00:00
FET,A_ZONE_EMA_MACD,LONG,2025-03-19T09:15:00+00:00,2025-03-19T09:30:00+00:00,2025-03-19T11:15:00+00:00,0.5196,0.5133626061799762,0.5258373938200237,0.5320747876400475,0.5320747876400475,1.5,0.21659,1.28341,TP2,8,2025-03-19 09:30:00+00:00
FET,A_ZONE_EMA_MACD,LONG,2025-03-25T00:15:00+00:00,2025-03-25T00:30:00+00:00,2025-03-25T01:30:00+00:00,0.5527,0.5456301554670191,0.5597698445329808,0.5668396890659617,0.5467749809894196,-0.838069,0.20326,-1.04133,SL,5,2025-03-25 00:30:00+00:00
FET,A_ZONE_EMA_MACD,LONG,2025-03-28T01:30:00+00:00,2025-03-28T01:45:00+00:00,2025-03-28T03:00:00+00:00,0.5537,0.5463845949496959,0.561015405050304,0.568330810100608,0.5463845949496959,-1.0,0.196793,-1.196793,SL,6,2025-03-28 01:45:00+00:00
FET,A_ZONE_EMA_MACD,LONG,2025-04-09T13:30:00+00:00,2025-04-09T13:45:00+00:00,2025-04-09T17:15:00+00:00,0.3944,0.3847606434808428,0.4040393565191571,0.41367871303831427,0.41367871303831427,1.5,0.106381,1.393619,TP2,15,2025-04-09 13:45:00+00:00
FET,A_ZONE_EMA_MACD,SHORT,2025-04-16T09:45:00+00:00,2025-04-16T10:00:00+00:00,2025-04-16T12:15:00+00:00,0.4543,0.4610466906826229,0.4475533093173771,0.4408066186347542,0.4610466906826229,-1.0,0.175075,-1.175075,SL,10,2025-04-16 10:00:00+00:00
FET,A_ZONE_EMA_MACD,LONG,2025-04-20T02:00:00+00:00,2025-04-20T02:15:00+00:00,2025-04-20T05:15:00+00:00,0.5622,0.5546382759035784,0.5697617240964217,0.5773234481928433,0.5773234481928433,1.5,0.193305,1.306695,TP2,13,2025-04-20 02:15:00+00:00
FET,A_ZONE_EMA_MACD,LONG,2025-04-21T00:15:00+00:00,2025-04-21T00:30:00+00:00,2025-04-21T04:15:00+00:00,0.6119,0.5990186152455721,0.6247813847544279,0.6376627695088558,0.6022261918205433,-0.750991,0.123507,-0.874498,SL,16,2025-04-21 00:30:00+00:00
FET,A_ZONE_EMA_MACD,SHORT,2025-05-03T16:00:00+00:00,2025-05-03T16:15:00+00:00,2025-05-03T17:00:00+00:00,0.6891,0.6965309836469027,0.6816690163530974,0.6742380327061948,0.6742380327061948,1.5,0.241107,1.258893,TP2,4,2025-05-03 16:15:00+00:00
FET,A_ZONE_EMA_MACD,LONG,2025-05-07T07:15:00+00:00,2025-05-07T07:30:00+00:00,2025-05-07T11:00:00+00:00,0.701,0.6887180734722527,0.7132819265277472,0.7255638530554945,0.6891141766706825,-0.967749,0.148397,-1.116146,SL,15,2025-05-07 07:30:00+00:00
FET,A_ZONE_EMA_MACD,SHORT,2025-05-17T07:30:00+00:00,2025-05-17T07:45:00+00:00,2025-05-17T10:15:00+00:00,0.7508,0.7638081263747529,0.7377918736252471,0.7247837472504942,0.755582777192041,-0.367676,0.150066,-0.517742,SL,11,2025-05-17 07:45:00+00:00
FET,A_ZONE_EMA_MACD,SHORT,2025-05-17T16:30:00+00:00,2025-05-17T16:45:00+00:00,2025-05-17T17:30:00+00:00,0.7428,0.7549701784478904,0.7306298215521096,0.7184596431042193,0.7549701784478904,-1.0,0.15869,-1.15869,SL,4,2025-05-17 16:45:00+00:00
FET,A_ZONE_EMA_MACD,LONG,2025-05-21T11:00:00+00:00,2025-05-21T11:15:00+00:00,2025-05-21T11:45:00+00:00,0.7914,0.7744704550102887,0.8083295449897113,0.8252590899794227,0.7820011367952681,-0.555175,0.121541,-0.676717,SL,3,2025-05-21 11:15:00+00:00
FET,A_ZONE_EMA_MACD,LONG,2025-05-27T16:30:00+00:00,2025-05-27T16:45:00+00:00,2025-05-27T19:30:00+00:00,0.9137,0.8939043224620227,0.9334956775379772,0.9532913550759545,0.898466268061168,-0.769548,0.120007,-0.889555,SL,12,2025-05-27 16:45:00+00:00
FET,A_ZONE_EMA_MACD,LONG,2025-06-04T01:00:00+00:00,2025-06-04T01:15:00+00:00,2025-06-04T02:30:00+00:00,0.8397,0.8237571032928213,0.8556428967071787,0.8715857934143575,0.8237571032928213,-1.0,0.13694,-1.13694,SL,6,2025-06-04 01:15:00+00:00
FET,A_ZONE_EMA_MACD,SHORT,2025-06-04T17:15:00+00:00,2025-06-04T17:30:00+00:00,2025-06-05T00:30:00+00:00,0.8076,0.8235060332734206,0.7916939667265793,0.7757879334531587,0.8047660186552499,0.589085,0.13201,0.457075,SL,29,2025-06-04 17:30:00+00:00
FET,A_ZONE_EMA_MACD,LONG,2025-06-09T21:00:00+00:00,2025-06-09T21:15:00+00:00,2025-06-10T02:00:00+00:00,0.7894,0.7774709973830913,0.8013290026169086,0.8132580052338173,0.7940803304505173,0.696174,0.172055,0.52412,SL,20,2025-06-09 21:15:00+00:00
FET,A_ZONE_EMA_MACD,SHORT,2025-06-21T12:15:00+00:00,2025-06-21T12:30:00+00:00,2025-06-21T13:30:00+00:00,0.652,0.6581818843040987,0.6458181156959013,0.6396362313918026,0.6396362313918026,1.5,0.274221,1.225779,TP2,5,2025-06-21 12:30:00+00:00
FET,A_ZONE_EMA_MACD,SHORT,2025-06-26T16:15:00+00:00,2025-06-26T16:30:00+00:00,2025-06-26T19:30:00+00:00,0.6462,0.6578376613567821,0.6345623386432179,0.6229246772864357,0.6566138608641845,-0.894841,0.144369,-1.039211,SL,13,2025-06-26 16:30:00+00:00
FET,A_ZONE_EMA_MACD,LONG,2025-07-02T14:15:00+00:00,2025-07-02T14:30:00+00:00,2025-07-02T16:00:00+00:00,0.6913,0.6816073515775207,0.7009926484224793,0.7106852968449586,0.7106852968449586,1.5,0.185437,1.314563,TP2,7,2025-07-02 14:30:00+00:00
FET,A_ZONE_EMA_MACD,SHORT,2025-07-05T08:30:00+00:00,2025-07-05T08:45:00+00:00,2025-07-05T09:45:00+00:00,0.6679,0.6748849005646341,0.660915099435366,0.6539301988707319,0.6736732050786897,-0.826526,0.248613,-1.07514,SL,5,2025-07-05 08:45:00+00:00
FET,A_ZONE_EMA_MACD,LONG,2025-07-09T18:00:00+00:00,2025-07-09T18:15:00+00:00,2025-07-09T19:30:00+00:00,0.6836,0.6753611574389631,0.6918388425610369,0.7000776851220738,0.7000776851220738,1.5,0.215729,1.284271,TP2,6,2025-07-09 18:15:00+00:00
FET,A_ZONE_EMA_MACD,SHORT,2025-07-29T13:45:00+00:00,2025-07-29T14:00:00+00:00,2025-07-29T20:15:00+00:00,0.7139,0.7257474415973658,0.7020525584026341,0.6902051168052683,0.6902051168052683,1.5,0.15667,1.34333,TP2,26,2025-07-29 14:00:00+00:00
FET,A_ZONE_EMA_MACD,SHORT,2025-08-01T16:45:00+00:00,2025-08-01T17:00:00+00:00,2025-08-02T01:15:00+00:00,0.6473,0.6616051615948015,0.6329948384051984,0.6186896768103969,0.6429816251163374,0.650938,0.117648,0.533289,SL,34,2025-08-01 17:00:00+00:00
FET,A_ZONE_EMA_MACD,LONG,2025-08-09T05:00:00+00:00,2025-08-09T05:15:00+00:00,2025-08-09T06:00:00+00:00,0.7111,0.7045592845476629,0.717640715452337,0.724181430904674,0.7097407642228298,0.396094,0.282669,0.113425,SL,4,2025-08-09 05:15:00+00:00
FET,A_ZONE_EMA_MACD,SHORT,2025-08-12T05:15:00+00:00,2025-08-12T05:30:00+00:00,2025-08-12T06:15:00+00:00,0.6891,0.696944299798735,0.6812557002012651,0.6734114004025302,0.6940182312892933,-0.626982,0.228403,-0.855384,SL,4,2025-08-12 05:30:00+00:00
FET,A_ZONE_EMA_MACD,SHORT,2025-08-12T09:00:00+00:00,2025-08-12T09:15:00+00:00,2025-08-12T11:45:00+00:00,0.6885,0.6976392716359916,0.6793607283640084,0.6702214567280168,0.6863140414556254,0.619592,0.195869,0.423723,SL,11,2025-08-12 09:15:00+00:00
FET,A_ZONE_EMA_MACD,SHORT,2025-08-22T03:30:00+00:00,2025-08-22T03:45:00+00:00,2025-08-22T08:00:00+00:00,0.6624,0.6691241645123486,0.6556758354876514,0.6489516709753028,0.6674237950285645,-0.747126,0.256127,-1.003253,SL,18,2025-08-22 03:45:00+00:00
FET,A_ZONE_EMA_MACD,LONG,2025-09-09T04:15:00+00:00,2025-09-09T04:30:00+00:00,2025-09-09T06:45:00+00:00,0.6568,0.6464806397240461,0.667119360275954,0.6774387205519079,0.6774387205519079,1.5,0.165483,1.334517,TP2,10,2025-09-09 04:30:00+00:00
FET,A_ZONE_EMA_MACD,LONG,2025-09-11T12:15:00+00:00,2025-09-11T12:30:00+00:00,2025-09-11T12:30:00+00:00,0.6667,0.6605852297008951,0.6728147702991049,0.6789295405982098,0.6605852297008951,-1.0,0.283481,-1.283481,SL,1,2025-09-11 12:30:00+00:00
FET,A_ZONE_EMA_MACD,SHORT,2025-09-27T17:00:00+00:00,2025-09-27T17:15:00+00:00,2025-09-27T21:45:00+00:00,0.5735,0.5772513436318236,0.5697486563681764,0.5659973127363528,0.5753271984361559,-0.487078,0.397484,-0.884563,SL,19,2025-09-27 17:15:00+00:00
FET,A_ZONE_EMA_MACD,SHORT,2025-10-10T15:00:00+00:00,2025-10-10T15:15:00+00:00,2025-10-10T15:30:00+00:00,0.4843,0.49217314814933866,0.47642685185066136,0.4685537037013227,0.4685537037013227,1.5,0.159933,1.340067,TP2,2,2025-10-10 15:15:00+00:00
FET,A_ZONE_EMA_MACD,SHORT,2025-10-16T07:15:00+00:00,2025-10-16T07:30:00+00:00,2025-10-16T09:45:00+00:00,0.2911,0.2964073726881409,0.28579262731185917,0.2804852546237183,0.29372362775518024,0.252832,0.142605,0.110226,SL,10,2025-10-16 07:30:00+00:00
FET,A_ZONE_EMA_MACD,SHORT,2025-10-18T02:30:00+00:00,2025-10-18T02:45:00+00:00,2025-10-18T07:00:00+00:00,0.2665,0.27052827661013806,0.26247172338986197,0.2584434467797239,0.2639124953996804,0.821168,0.172009,0.649159,SL,18,2025-10-18 02:45:00+00:00
FET,A_ZONE_EMA_MACD,SHORT,2025-10-18T12:30:00+00:00,2025-10-18T12:45:00+00:00,2025-10-18T16:30:00+00:00,0.261,0.264824767273344,0.25717523272665604,0.2533504654533121,0.2533504654533121,1.5,0.177423,1.322577,TP2,16,2025-10-18 12:45:00+00:00
FET,A_ZONE_EMA_MACD,LONG,2025-10-29T17:30:00+00:00,2025-10-29T17:45:00+00:00,2025-10-29T18:30:00+00:00,0.2647,0.2601364125718451,0.26926358742815487,0.27382717485630975,0.26237666881671334,-0.509102,0.150807,-0.659909,SL,4,2025-10-29 17:45:00+00:00
FET,A_ZONE_EMA_MACD,LONG,2025-11-05T11:30:00+00:00,2025-11-05T11:45:00+00:00,2025-11-05T14:15:00+00:00,0.2134,0.2094697806824755,0.21733021931752453,0.22126043863504904,0.21550214249459035,0.767433,0.141173,0.62626,SL,11,2025-11-05 11:45:00+00:00
FET,A_ZONE_EMA_MACD,LONG,2025-11-23T18:30:00+00:00,2025-11-23T18:45:00+00:00,2025-11-23T20:45:00+00:00,0.2916,0.28513093195209754,0.2980690680479025,0.304538136095805,0.28513093195209754,-1.0,0.117198,-1.117198,SL,9,2025-11-23 18:45:00+00:00
FET,A_ZONE_EMA_MACD,SHORT,2025-12-05T09:15:00+00:00,2025-12-05T09:30:00+00:00,2025-12-05T13:30:00+00:00,0.2457,0.24912098848454475,0.24227901151545525,0.2388580230309105,0.2388580230309105,1.5,0.186736,1.313264,TP2,17,2025-12-05 09:30:00+00:00
FET,A_ZONE_EMA_MACD,SHORT,2026-01-08T06:45:00+00:00,2026-01-08T07:00:00+00:00,2026-01-08T07:30:00+00:00,0.2723,0.27688647051534393,0.26771352948465604,0.2631270589693121,0.27688647051534393,-1.0,0.154363,-1.154363,SL,3,2026-01-08 07:00:00+00:00
FET,A_ZONE_EMA_MACD,SHORT,2026-01-09T08:30:00+00:00,2026-01-09T08:45:00+00:00,2026-01-09T13:30:00+00:00,0.2787,0.28354106684054753,0.2738589331594525,0.26901786631890495,0.2830309906376513,-0.894636,0.149682,-1.044317,SL,20,2026-01-09 08:45:00+00:00
FET,A_ZONE_EMA_MACD,LONG,2026-01-22T08:45:00+00:00,2026-01-22T09:00:00+00:00,2026-01-22T11:00:00+00:00,0.2431,0.24017627487157356,0.24602372512842646,0.24894745025685291,0.2419351588530784,-0.39841,0.216183,-0.614593,SL,9,2026-01-22 09:00:00+00:00
FET,A_ZONE_EMA_MACD,LONG,2026-02-01T13:00:00+00:00,2026-02-01T13:15:00+00:00,2026-02-01T14:15:00+00:00,0.1914,0.18855227348595996,0.19424772651404001,0.19709545302808004,0.18855227348595996,-1.0,0.17475,-1.17475,SL,5,2026-02-01 13:15:00+00:00
FET,A_ZONE_EMA_MACD,SHORT,2026-02-03T09:00:00+00:00,2026-02-03T09:15:00+00:00,2026-02-03T15:15:00+00:00,0.1824,0.1848922822884159,0.17990771771158412,0.17741543542316823,0.18146341037301128,0.687898,0.190283,0.497615,SL,25,2026-02-03 09:15:00+00:00
FET,A_ZONE_EMA_MACD,LONG,2026-02-14T00:30:00+00:00,2026-02-14T00:45:00+00:00,2026-02-14T06:00:00+00:00,0.1662,0.16457342696839117,0.1678265730316088,0.16945314606321762,0.16695364069172333,0.731665,0.265663,0.466002,SL,22,2026-02-14 00:45:00+00:00
FET,A_ZONE_EMA_MACD,SHORT,2026-02-16T11:00:00+00:00,2026-02-16T11:15:00+00:00,2026-02-16T12:15:00+00:00,0.1712,0.1732852622999041,0.16911473770009589,0.16702947540019178,0.1732852622999041,-1.0,0.21346,-1.21346,SL,5,2026-02-16 11:15:00+00:00
FET,A_ZONE_EMA_MACD,SHORT,2026-02-23T00:45:00+00:00,2026-02-23T01:00:00+00:00,2026-02-23T01:00:00+00:00,0.1575,0.15905992450952927,0.15594007549047073,0.15438015098094146,0.15438015098094146,1.5,0.262513,1.237487,TP2,1,2026-02-23 01:00:00+00:00
FET,A_ZONE_EMA_MACD,SHORT,2026-03-01T16:45:00+00:00,2026-03-01T17:00:00+00:00,2026-03-01T18:00:00+00:00,0.1528,0.15545173652137612,0.15014826347862387,0.14749652695724774,0.1537067744373965,-0.341955,0.149819,-0.491774,SL,5,2026-03-01 17:00:00+00:00
FET,A_ZONE_EMA_MACD,LONG,2026-03-09T19:15:00+00:00,2026-03-09T19:30:00+00:00,2026-03-09T19:30:00+00:00,0.1463,0.14437319516524483,0.1482268048347552,0.15015360966951039,0.14437319516524483,-1.0,0.197415,-1.197415,SL,1,2026-03-09 19:30:00+00:00
FET,A_ZONE_EMA_MACD,LONG,2026-03-10T00:30:00+00:00,2026-03-10T00:45:00+00:00,2026-03-10T06:00:00+00:00,0.1451,0.14335726479551125,0.14684273520448876,0.14858547040897752,0.1454246260310595,0.593137,0.216476,0.376661,SL,22,2026-03-10 00:45:00+00:00
FET,A_ZONE_EMA_MACD,SHORT,2026-03-23T06:15:00+00:00,2026-03-23T06:30:00+00:00,2026-03-23T08:30:00+00:00,0.2062,0.20963784685171327,0.20276215314828672,0.19932430629657344,0.20739228636230517,0.326594,0.155946,0.170648,SL,9,2026-03-23 06:30:00+00:00
FET,A_ZONE_EMA_MACD,LONG,2026-03-24T07:30:00+00:00,2026-03-24T07:45:00+00:00,2026-03-24T09:45:00+00:00,0.2338,0.2274474245448766,0.24015257545512342,0.24650515091024683,0.2330866549308712,0.443854,0.09569,0.348164,SL,9,2026-03-24 07:45:00+00:00
FET,A_ZONE_EMA_MACD,LONG,2026-04-04T06:30:00+00:00,2026-04-04T06:45:00+00:00,2026-04-04T08:15:00+00:00,0.2399,0.23615710961133035,0.24364289038866965,0.2473857807773393,0.23734975267507563,-0.681358,0.166647,-0.848004,SL,7,2026-04-04 06:45:00+00:00
FET,A_ZONE_EMA_MACD,SHORT,2026-04-12T22:00:00+00:00,2026-04-12T22:15:00+00:00,2026-04-13T01:00:00+00:00,0.2324,0.2351517058551421,0.22964829414485788,0.22689658828971576,0.23229647714708718,0.518811,0.219587,0.299223,SL,12,2026-04-12 22:15:00+00:00
FET,A_ZONE_EMA_MACD,SHORT,2026-04-18T08:30:00+00:00,2026-04-18T08:45:00+00:00,2026-04-18T14:00:00+00:00,0.2284,0.23110342092037411,0.22569657907962587,0.22299315815925175,0.22690584058408964,0.776346,0.219662,0.556684,SL,22,2026-04-18 08:45:00+00:00
FET,A_ZONE_EMA_MACD,SHORT,2026-05-04T10:00:00+00:00,2026-05-04T10:15:00+00:00,2026-05-04T13:30:00+00:00,0.2046,0.2074764887851217,0.2017235112148783,0.1988470224297566,0.20457925306239413,0.503606,0.184934,0.318672,SL,14,2026-05-04 10:15:00+00:00
FET,A_ZONE_EMA_MACD,LONG,2026-05-06T01:30:00+00:00,2026-05-06T01:45:00+00:00,2026-05-06T04:00:00+00:00,0.2171,0.21366810824198462,0.22053189175801535,0.22396378351603072,0.22396378351603072,1.5,0.164475,1.335525,TP2,10,2026-05-06 01:45:00+00:00
FET,A_ZONE_EMA_MACD,LONG,2026-05-10T13:15:00+00:00,2026-05-10T13:30:00+00:00,2026-05-10T15:45:00+00:00,0.2341,0.23188357694792322,0.23631642305207679,0.23853284610415357,0.23853284610415357,1.5,0.274614,1.225386,TP2,10,2026-05-10 13:30:00+00:00
FET,A_ZONE_EMA_MACD,LONG,2026-05-19T04:00:00+00:00,2026-05-19T04:15:00+00:00,2026-05-19T09:15:00+00:00,0.1938,0.1915754645648758,0.1960245354351242,0.19824907087024837,0.19283063622609004,-0.43576,0.22651,-0.66227,SL,21,2026-05-19 04:15:00+00:00
FET,A_ZONE_EMA_MACD,SHORT,2026-05-27T13:30:00+00:00,2026-05-27T13:45:00+00:00,2026-05-27T15:15:00+00:00,0.2403,0.24603005602448969,0.23456994397551034,0.22883988795102067,0.24548747561436,-0.90531,0.109036,-1.014345,SL,7,2026-05-27 13:45:00+00:00
FET,A_ZONE_EMA_MACD,SHORT,2026-06-04T17:30:00+00:00,2026-06-04T17:45:00+00:00,2026-06-05T02:30:00+00:00,0.2226,0.22980236812724705,0.21539763187275293,0.20819526374550587,0.20819526374550587,1.5,0.080357,1.419643,TP2,36,2026-06-04 17:45:00+00:00
FET,A_ZONE_EMA_MACD,LONG,2026-06-07T11:45:00+00:00,2026-06-07T12:00:00+00:00,2026-06-07T12:00:00+00:00,0.21,0.2058933253377577,0.21410667466224229,0.21821334932448458,0.2058933253377577,-1.0,0.132954,-1.132954,SL,1,2026-06-07 12:00:00+00:00
FET,A_ZONE_EMA_MACD,LONG,2026-06-15T11:15:00+00:00,2026-06-15T11:30:00+00:00,2026-06-15T14:00:00+00:00,0.2177,0.2134408185823627,0.22195918141763732,0.22621836283527463,0.21701408454280488,0.419478,0.132894,0.286584,SL,11,2026-06-15 11:30:00+00:00
FET,A_ZONE_EMA_MACD,LONG,2026-06-15T20:30:00+00:00,2026-06-15T20:45:00+00:00,2026-06-15T22:15:00+00:00,0.2201,0.21568907623472564,0.22451092376527435,0.2289218475305487,0.21608496879422773,-0.910247,0.129737,-1.039984,SL,7,2026-06-15 20:45:00+00:00
FET,A_ZONE_EMA_MACD,LONG,2026-06-29T12:00:00+00:00,2026-06-29T12:15:00+00:00,2026-06-29T12:30:00+00:00,0.1801,0.17723980164264375,0.18296019835735627,0.18582039671471254,0.17723980164264375,-1.0,0.163716,-1.163716,SL,2,2026-06-29 12:15:00+00:00
FET,A_ZONE_EMA_MACD,LONG,2026-07-02T01:00:00+00:00,2026-07-02T01:15:00+00:00,2026-07-02T03:15:00+00:00,0.1802,0.177938588186516,0.182461411813484,0.18472282362696799,0.17888633369143472,-0.580905,0.20718,-0.788086,SL,9,2026-07-02 01:15:00+00:00
FET,A_ZONE_EMA_MACD,SHORT,2026-07-19T12:00:00+00:00,2026-07-19T12:15:00+00:00,2026-07-19T20:00:00+00:00,0.1566,0.1576155878719411,0.15558441212805887,0.15456882425611776,0.156964208350984,0.320691,0.400911,-0.08022,SL,32,2026-07-19 12:15:00+00:00
FET,A_ZONE_EMA_MACD,SHORT,2026-07-19T23:15:00+00:00,2026-07-19T23:30:00+00:00,2026-07-20T00:00:00+00:00,0.1562,0.15715677439482442,0.1552432256051756,0.15428645121035117,0.15715677439482442,-1.0,0.424468,-1.424468,SL,3,2026-07-19 23:30:00+00:00
FET,A_ZONE_EMA_MACD,SHORT,2026-07-23T12:30:00+00:00,2026-07-23T12:45:00+00:00,2026-07-23T14:15:00+00:00,0.1532,0.15429151176163108,0.15210848823836892,0.15101697647673784,0.15373737293742837,0.25384,0.364925,-0.111085,SL,7,2026-07-23 12:45:00+00:00
FET,A_ZONE_EMA_MACD,LONG,2026-08-04T11:45:00+00:00,2026-08-04T12:00:00+00:00,2026-08-04T14:00:00+00:00,0.1459,0.1447563139715295,0.1470436860284705,0.14818737205694102,0.1447563139715295,-1.0,0.331682,-1.331682,SL,9,2026-08-04 12:00:00+00:00
FET,A_ZONE_EMA_MACD,SHORT,2026-08-09T03:00:00+00:00,2026-08-09T03:15:00+00:00,2026-08-09T10:15:00+00:00,0.1371,0.13806351643758152,0.13613648356241848,0.13517296712483695,0.13676915199091633,0.671688,0.369957,0.30173,SL,29,2026-08-09 03:15:00+00:00
FET,A_ZONE_EMA_MACD,LONG,2026-08-24T11:30:00+00:00,2026-08-24T11:45:00+00:00,2026-08-24T12:15:00+00:00,0.1681,0.16485464794127086,0.17134535205872914,0.17459070411745828,0.1666436016597515,-0.448764,0.134673,-0.583437,SL,3,2026-08-24 11:45:00+00:00
FET,A_ZONE_EMA_MACD,SHORT,2026-09-04T12:30:00+00:00,2026-09-04T12:45:00+00:00,2026-09-04T19:15:00+00:00,0.1535,0.15608310268042322,0.15091689731957678,0.14833379463915355,0.1545013322239163,-0.387647,0.154504,-0.542151,SL,27,2026-09-04 12:45:00+00:00
FET,A_ZONE_EMA_MACD,SHORT,2026-09-09T01:15:00+00:00,2026-09-09T01:30:00+00:00,2026-09-09T04:15:00+00:00,0.1777,0.1805728426739279,0.1748271573260721,0.1719543146521442,0.17747245113015547,0.539603,0.160823,0.37878,SL,12,2026-09-09 01:30:00+00:00
FET,A_ZONE_EMA_MACD,SHORT,2026-09-13T02:45:00+00:00,2026-09-13T03:00:00+00:00,2026-09-13T03:15:00+00:00,0.1661,0.1675852465661298,0.1646147534338702,0.1631295068677404,0.1675852465661298,-1.0,0.290767,-1.290767,SL,2,2026-09-13 03:00:00+00:00
FET,A_ZONE_EMA_MACD,LONG,2026-09-26T04:30:00+00:00,2026-09-26T04:45:00+00:00,2026-09-26T06:00:00+00:00,0.2454,0.24065844568331016,0.25014155431668983,0.2548831086333797,0.24196141384878803,-0.725202,0.134563,-0.859766,SL,6,2026-09-26 04:45:00+00:00
FET,A_ZONE_EMA_MACD,SHORT,2026-09-28T14:15:00+00:00,2026-09-28T14:30:00+00:00,2026-09-28T16:15:00+00:00,0.2272,0.232847198916714,0.22155280108328604,0.21590560216657206,0.22994715598397253,-0.486463,0.104604,-0.591068,SL,8,2026-09-28 14:30:00+00:00
FET,B_PLUS_STOCH,SHORT,2025-02-18T14:30:00+00:00,2025-02-18T14:45:00+00:00,2025-02-18T18:15:00+00:00,0.7331,0.7468822805028248,0.7193177194971752,0.7055354389943503,0.7247272004090651,0.803752,0.138298,0.665454,SL,15,2025-02-18 14:45:00+00:00
FET,B_PLUS_STOCH,LONG,2025-04-21T00:15:00+00:00,2025-04-21T00:30:00+00:00,2025-04-21T04:15:00+00:00,0.6119,0.5990186152455721,0.6247813847544279,0.6376627695088558,0.6022261918205433,-0.750991,0.123507,-0.874498,SL,16,2025-04-21 00:30:00+00:00
FET,B_PLUS_STOCH,SHORT,2025-05-17T07:30:00+00:00,2025-05-17T07:45:00+00:00,2025-05-17T10:15:00+00:00,0.7508,0.7638081263747529,0.7377918736252471,0.7247837472504942,0.755582777192041,-0.367676,0.150066,-0.517742,SL,11,2025-05-17 07:45:00+00:00
FET,B_PLUS_STOCH,LONG,2025-09-11T12:15:00+00:00,2025-09-11T12:30:00+00:00,2025-09-11T12:30:00+00:00,0.6667,0.6605852297008951,0.6728147702991049,0.6789295405982098,0.6605852297008951,-1.0,0.283481,-1.283481,SL,1,2025-09-11 12:30:00+00:00
FET,B_PLUS_STOCH,SHORT,2025-10-16T07:15:00+00:00,2025-10-16T07:30:00+00:00,2025-10-16T09:45:00+00:00,0.2911,0.2964073726881409,0.28579262731185917,0.2804852546237183,0.29372362775518024,0.252832,0.142605,0.110226,SL,10,2025-10-16 07:30:00+00:00
FET,B_PLUS_STOCH,LONG,2026-01-22T08:45:00+00:00,2026-01-22T09:00:00+00:00,2026-01-22T11:00:00+00:00,0.2431,0.24017627487157356,0.24602372512842646,0.24894745025685291,0.2419351588530784,-0.39841,0.216183,-0.614593,SL,9,2026-01-22 09:00:00+00:00
FET,B_PLUS_STOCH,LONG,2026-02-01T13:00:00+00:00,2026-02-01T13:15:00+00:00,2026-02-01T14:15:00+00:00,0.1914,0.18855227348595996,0.19424772651404001,0.19709545302808004,0.18855227348595996,-1.0,0.17475,-1.17475,SL,5,2026-02-01 13:15:00+00:00
FET,B_PLUS_STOCH,SHORT,2026-02-03T09:00:00+00:00,2026-02-03T09:15:00+00:00,2026-02-03T15:15:00+00:00,0.1824,0.1848922822884159,0.17990771771158412,0.17741543542316823,0.18146341037301128,0.687898,0.190283,0.497615,SL,25,2026-02-03 09:15:00+00:00
FET,B_PLUS_STOCH,LONG,2026-03-09T19:15:00+00:00,2026-03-09T19:30:00+00:00,2026-03-09T19:30:00+00:00,0.1463,0.14437319516524483,0.1482268048347552,0.15015360966951039,0.14437319516524483,-1.0,0.197415,-1.197415,SL,1,2026-03-09 19:30:00+00:00
FET,B_PLUS_STOCH,SHORT,2026-05-04T10:00:00+00:00,2026-05-04T10:15:00+00:00,2026-05-04T13:30:00+00:00,0.2046,0.2074764887851217,0.2017235112148783,0.1988470224297566,0.20457925306239413,0.503606,0.184934,0.318672,SL,14,2026-05-04 10:15:00+00:00
FET,B_PLUS_STOCH,LONG,2026-06-29T12:00:00+00:00,2026-06-29T12:15:00+00:00,2026-06-29T12:30:00+00:00,0.1801,0.17723980164264375,0.18296019835735627,0.18582039671471254,0.17723980164264375,-1.0,0.163716,-1.163716,SL,2,2026-06-29 12:15:00+00:00
FET,B_PLUS_STOCH,SHORT,2026-07-20T00:45:00+00:00,2026-07-20T01:00:00+00:00,2026-07-20T01:00:00+00:00,0.1561,0.1574839646905079,0.15471603530949207,0.15333207061898416,0.1574839646905079,-1.0,0.293259,-1.293259,SL,1,2026-07-20 01:00:00+00:00
FET,B_PLUS_STOCH,LONG,2026-08-24T11:30:00+00:00,2026-08-24T11:45:00+00:00,2026-08-24T12:15:00+00:00,0.1681,0.16485464794127086,0.17134535205872914,0.17459070411745828,0.1666436016597515,-0.448764,0.134673,-0.583437,SL,3,2026-08-24 11:45:00+00:00
FET,B_PLUS_STOCH,SHORT,2026-09-04T12:30:00+00:00,2026-09-04T12:45:00+00:00,2026-09-04T19:15:00+00:00,0.1535,0.15608310268042322,0.15091689731957678,0.14833379463915355,0.1545013322239163,-0.387647,0.154504,-0.542151,SL,27,2026-09-04 12:45:00+00:00
FET,C_PLUS_CONFIRMED_STRUCTURE,SHORT,2025-02-18T14:30:00+00:00,2025-02-18T14:45:00+00:00,2025-02-18T18:15:00+00:00,0.7331,0.7468822805028248,0.7193177194971752,0.7055354389943503,0.7247272004090651,0.803752,0.138298,0.665454,SL,15,2025-02-18 14:45:00+00:00
FET,C_PLUS_CONFIRMED_STRUCTURE,LONG,2025-04-21T00:15:00+00:00,2025-04-21T00:30:00+00:00,2025-04-21T04:15:00+00:00,0.6119,0.5990186152455721,0.6247813847544279,0.6376627695088558,0.6022261918205433,-0.750991,0.123507,-0.874498,SL,16,2025-04-21 00:30:00+00:00
FET,C_PLUS_CONFIRMED_STRUCTURE,LONG,2025-09-11T12:15:00+00:00,2025-09-11T12:30:00+00:00,2025-09-11T12:30:00+00:00,0.6667,0.6605852297008951,0.6728147702991049,0.6789295405982098,0.6605852297008951,-1.0,0.283481,-1.283481,SL,1,2025-09-11 12:30:00+00:00
FET,C_PLUS_CONFIRMED_STRUCTURE,SHORT,2025-10-16T07:15:00+00:00,2025-10-16T07:30:00+00:00,2025-10-16T09:45:00+00:00,0.2911,0.2964073726881409,0.28579262731185917,0.2804852546237183,0.29372362775518024,0.252832,0.142605,0.110226,SL,10,2025-10-16 07:30:00+00:00
FET,C_PLUS_CONFIRMED_STRUCTURE,LONG,2026-01-22T08:45:00+00:00,2026-01-22T09:00:00+00:00,2026-01-22T11:00:00+00:00,0.2431,0.24017627487157356,0.24602372512842646,0.24894745025685291,0.2419351588530784,-0.39841,0.216183,-0.614593,SL,9,2026-01-22 09:00:00+00:00
FET,C_PLUS_CONFIRMED_STRUCTURE,LONG,2026-03-09T19:15:00+00:00,2026-03-09T19:30:00+00:00,2026-03-09T19:30:00+00:00,0.1463,0.14437319516524483,0.1482268048347552,0.15015360966951039,0.14437319516524483,-1.0,0.197415,-1.197415,SL,1,2026-03-09 19:30:00+00:00
FET,C_PLUS_CONFIRMED_STRUCTURE,SHORT,2026-05-04T10:00:00+00:00,2026-05-04T10:15:00+00:00,2026-05-04T13:30:00+00:00,0.2046,0.2074764887851217,0.2017235112148783,0.1988470224297566,0.20457925306239413,0.503606,0.184934,0.318672,SL,14,2026-05-04 10:15:00+00:00
FET,C_PLUS_CONFIRMED_STRUCTURE,LONG,2026-06-29T12:00:00+00:00,2026-06-29T12:15:00+00:00,2026-06-29T12:30:00+00:00,0.1801,0.17723980164264375,0.18296019835735627,0.18582039671471254,0.17723980164264375,-1.0,0.163716,-1.163716,SL,2,2026-06-29 12:15:00+00:00
FET,C_PLUS_CONFIRMED_STRUCTURE,LONG,2026-08-24T11:30:00+00:00,2026-08-24T11:45:00+00:00,2026-08-24T12:15:00+00:00,0.1681,0.16485464794127086,0.17134535205872914,0.17459070411745828,0.1666436016597515,-0.448764,0.134673,-0.583437,SL,3,2026-08-24 11:45:00+00:00
FET,C_PLUS_CONFIRMED_STRUCTURE,SHORT,2026-09-04T12:30:00+00:00,2026-09-04T12:45:00+00:00,2026-09-04T19:15:00+00:00,0.1535,0.15608310268042322,0.15091689731957678,0.14833379463915355,0.1545013322239163,-0.387647,0.154504,-0.542151,SL,27,2026-09-04 12:45:00+00:00
LINK,A_ZONE_EMA_MACD,LONG,2025-01-30T13:15:00+00:00,2025-01-30T13:30:00+00:00,2025-01-30T18:15:00+00:00,24.676,24.35491603555636,24.997083964443636,25.318167928887274,24.74428908846139,0.606341,0.199816,0.406526,SL,20,2025-01-30 13:30:00+00:00
LINK,A_ZONE_EMA_MACD,SHORT,2025-02-12T09:15:00+00:00,2025-02-12T09:30:00+00:00,2025-02-12T11:45:00+00:00,18.43,18.685331580589402,18.174668419410597,17.919336838821195,18.685331580589402,-1.0,0.18767,-1.18767,SL,10,2025-02-12 09:30:00+00:00
LINK,A_ZONE_EMA_MACD,SHORT,2025-02-12T13:30:00+00:00,2025-02-12T13:45:00+00:00,2025-02-12T15:15:00+00:00,18.077,18.471786387286155,17.68221361271385,17.287427225427695,18.219227293319125,0.319868,0.119052,0.200816,SL,7,2025-02-12 13:45:00+00:00
LINK,A_ZONE_EMA_MACD,SHORT,2025-02-16T18:00:00+00:00,2025-02-16T18:15:00+00:00,2025-02-16T19:45:00+00:00,18.793,19.028310681243475,18.557689318756523,18.322378637513047,18.86400277544037,0.34913,0.207648,0.141482,SL,7,2025-02-16 18:15:00+00:00
LINK,A_ZONE_EMA_MACD,SHORT,2025-02-17T03:00:00+00:00,2025-02-17T03:15:00+00:00,2025-02-17T06:00:00+00:00,18.683,18.939633382516693,18.426366617483307,18.169733234966614,18.815802510879795,0.24126,0.189281,0.051979,SL,12,2025-02-17 03:15:00+00:00
LINK,A_ZONE_EMA_MACD,SHORT,2025-03-07T00:15:00+00:00,2025-03-07T00:30:00+00:00,2025-03-07T01:15:00+00:00,16.272,16.728894740574177,15.81510525942582,15.358210518851642,16.406745975291,-0.294917,0.092597,-0.387514,SL,4,2025-03-07 00:30:00+00:00
LINK,A_ZONE_EMA_MACD,LONG,2025-04-09T13:45:00+00:00,2025-04-09T14:00:00+00:00,2025-04-09T17:15:00+00:00,11.39,11.122306287187204,11.657693712812797,11.925387425625594,11.925387425625594,1.5,0.110626,1.389374,TP2,14,2025-04-09 14:00:00+00:00
LINK,A_ZONE_EMA_MACD,SHORT,2025-04-16T04:30:00+00:00,2025-04-16T04:45:00+00:00,2025-04-16T05:15:00+00:00,12.234,12.370965815016268,12.097034184983732,11.960068369967464,12.370965815016268,-1.0,0.232236,-1.232236,SL,3,2025-04-16 04:45:00+00:00
LINK,A_ZONE_EMA_MACD,SHORT,2025-04-30T12:15:00+00:00,2025-04-30T12:30:00+00:00,2025-04-30T12:45:00+00:00,14.474,14.587459224589253,14.360540775410747,14.247081550821495,14.247081550821495,1.5,0.331682,1.168318,TP2,2,2025-04-30 12:30:00+00:00
LINK,A_ZONE_EMA_MACD,SHORT,2025-05-11T13:45:00+00:00,2025-05-11T14:00:00+00:00,2025-05-11T14:45:00+00:00,16.416,16.65959456686593,16.17240543313407,15.92881086626814,16.65959456686593,-1.0,0.175216,-1.175216,SL,4,2025-05-11 14:00:00+00:00
LINK,A_ZONE_EMA_MACD,LONG,2025-06-04T08:15:00+00:00,2025-06-04T08:30:00+00:00,2025-06-04T10:15:00+00:00,14.363,14.241430445392483,14.484569554607516,14.606139109215032,14.332441095384022,-0.25137,0.307181,-0.55855,SL,8,2025-06-04 08:30:00+00:00
LINK,A_ZONE_EMA_MACD,SHORT,2025-06-19T20:30:00+00:00,2025-06-19T20:45:00+00:00,2025-06-19T22:30:00+00:00,12.992,13.126133400072368,12.857866599927634,12.723733199855268,13.126133400072368,-1.0,0.251833,-1.251833,SL,8,2025-06-19 20:45:00+00:00
LINK,A_ZONE_EMA_MACD,LONG,2025-07-07T13:45:00+00:00,2025-07-07T14:00:00+00:00,2025-07-07T14:15:00+00:00,13.667,13.533332207724591,13.800667792275409,13.934335584550817,13.533332207724591,-1.0,0.26584,-1.26584,SL,2,2025-07-07 14:00:00+00:00
LINK,A_ZONE_EMA_MACD,LONG,2025-07-17T21:00:00+00:00,2025-07-17T21:15:00+00:00,2025-07-17T23:15:00+00:00,17.304,16.990155659145614,17.617844340854383,17.931688681708767,17.931688681708767,1.5,0.143353,1.356647,TP2,9,2025-07-17 21:15:00+00:00
LINK,A_ZONE_EMA_MACD,SHORT,2025-08-01T13:45:00+00:00,2025-08-01T14:00:00+00:00,2025-08-01T14:15:00+00:00,16.275,16.578181484561334,15.971818515438663,15.668637030877328,16.578181484561334,-1.0,0.13957,-1.13957,SL,2,2025-08-01 14:00:00+00:00
LINK,A_ZONE_EMA_MACD,LONG,2025-08-12T23:45:00+00:00,2025-08-13T00:00:00+00:00,2025-08-13T03:30:00+00:00,23.591,23.202350318008506,23.979649681991496,24.36829936398299,24.36829936398299,1.5,0.15782,1.34218,TP2,15,2025-08-13 00:00:00+00:00
LINK,A_ZONE_EMA_MACD,LONG,2025-08-17T02:45:00+00:00,2025-08-17T03:00:00+00:00,2025-08-17T03:45:00+00:00,22.827,22.55097861985195,23.103021380148054,23.379042760296105,23.379042760296105,1.5,0.21502,1.28498,TP2,4,2025-08-17 03:00:00+00:00
LINK,A_ZONE_EMA_MACD,LONG,2025-08-27T14:15:00+00:00,2025-08-27T14:30:00+00:00,2025-08-27T19:00:00+00:00,24.434,24.052005882497724,24.815994117502278,25.197988235004555,24.175889111173596,-0.675693,0.166307,-0.842001,SL,19,2025-08-27 14:30:00+00:00
LINK,A_ZONE_EMA_MACD,LONG,2025-09-07T08:15:00+00:00,2025-09-07T08:30:00+00:00,2025-09-07T09:30:00+00:00,22.424,22.300462509753576,22.547537490246423,22.671074980492847,22.300462509753576,-1.0,0.471941,-1.471941,SL,5,2025-09-07 08:30:00+00:00
LINK,A_ZONE_EMA_MACD,SHORT,2025-09-20T02:00:00+00:00,2025-09-20T02:15:00+00:00,2025-09-20T07:00:00+00:00,23.366,23.570167500483677,23.161832499516322,22.957664999032644,23.54561373969041,-0.879737,0.297558,-1.177295,SL,20,2025-09-20 02:15:00+00:00
LINK,A_ZONE_EMA_MACD,LONG,2025-10-01T23:15:00+00:00,2025-10-01T23:30:00+00:00,2025-10-02T00:30:00+00:00,22.503,22.333710513755573,22.672289486244427,22.841578972488854,22.470678570962463,-0.190924,0.345608,-0.536532,SL,5,2025-10-01 23:30:00+00:00
LINK,A_ZONE_EMA_MACD,SHORT,2025-10-08T03:00:00+00:00,2025-10-08T03:15:00+00:00,2025-10-08T08:30:00+00:00,21.869,22.099031202789583,21.638968797210417,21.408937594420834,21.98277206724807,0.252703,0.247181,0.005522,SL,22,2025-10-08 03:15:00+00:00
LINK,A_ZONE_EMA_MACD,SHORT,2025-10-19T08:30:00+00:00,2025-10-19T08:45:00+00:00,2025-10-19T09:30:00+00:00,16.642,16.845076017809284,16.438923982190715,16.23584796438143,16.755017861197885,-0.55653,0.213069,-0.769599,SL,4,2025-10-19 08:45:00+00:00
LINK,A_ZONE_EMA_MACD,SHORT,2025-10-29T08:30:00+00:00,2025-10-29T08:45:00+00:00,2025-10-29T10:00:00+00:00,17.776,17.94809319586069,17.60390680413931,17.43181360827862,17.900396684186006,-0.722845,0.268561,-0.991406,SL,6,2025-10-29 08:45:00+00:00
LINK,A_ZONE_EMA_MACD,LONG,2025-11-01T07:15:00+00:00,2025-11-01T07:30:00+00:00,2025-11-01T13:30:00+00:00,17.307,17.165031706583978,17.44896829341602,17.59093658683204,17.27044355565446,-0.257497,0.31696,-0.574457,SL,25,2025-11-01 07:30:00+00:00
LINK,A_ZONE_EMA_MACD,SHORT,2025-11-03T15:15:00+00:00,2025-11-03T15:30:00+00:00,2025-11-03T15:30:00+00:00,15.452,15.8159003972854,15.0880996027146,14.7241992054292,14.7241992054292,1.5,0.110402,1.389598,TP2,1,2025-11-03 15:30:00+00:00
LINK,A_ZONE_EMA_MACD,LONG,2025-11-28T13:45:00+00:00,2025-11-28T14:00:00+00:00,2025-11-28T14:30:00+00:00,13.448,13.31626334547217,13.579736654527832,13.711473309055663,13.360818905024473,-0.661783,0.265414,-0.927197,SL,3,2025-11-28 14:00:00+00:00
LINK,A_ZONE_EMA_MACD,SHORT,2025-12-11T14:45:00+00:00,2025-12-11T15:00:00+00:00,2025-12-11T15:15:00+00:00,13.478,13.63097972330623,13.325020276693769,13.172040553387538,13.63097972330623,-1.0,0.229068,-1.229068,SL,2,2025-12-11 15:00:00+00:00
LINK,A_ZONE_EMA_MACD,SHORT,2025-12-16T07:30:00+00:00,2025-12-16T07:45:00+00:00,2025-12-16T08:30:00+00:00,12.656,12.79753489488876,12.514465105111242,12.372930210222483,12.79753489488876,-1.0,0.232491,-1.232491,SL,4,2025-12-16 07:45:00+00:00
LINK,A_ZONE_EMA_MACD,SHORT,2026-01-03T15:00:00+00:00,2026-01-03T15:15:00+00:00,2026-01-03T16:15:00+00:00,13.054,13.143899094331081,12.96410090566892,12.874201811337839,13.143899094331081,-1.0,0.377539,-1.377539,SL,5,2026-01-03 15:15:00+00:00
LINK,A_ZONE_EMA_MACD,LONG,2026-01-18T14:00:00+00:00,2026-01-18T14:15:00+00:00,2026-01-18T15:00:00+00:00,13.776,13.69742645002598,13.85457354997402,13.933147099948041,13.707610275024123,-0.870391,0.455848,-1.326239,SL,4,2026-01-18 14:15:00+00:00
LINK,A_ZONE_EMA_MACD,SHORT,2026-01-21T16:30:00+00:00,2026-01-21T16:45:00+00:00,2026-01-21T19:15:00+00:00,12.009,12.20385027539155,11.81414972460845,11.6192994492169,12.16868212521006,-0.819512,0.160243,-0.979755,SL,11,2026-01-21 16:45:00+00:00
LINK,A_ZONE_EMA_MACD,LONG,2026-01-26T21:30:00+00:00,2026-01-26T21:45:00+00:00,2026-01-27T05:15:00+00:00,12.016,11.893279464491414,12.138720535508586,12.261441071017172,11.959826191006162,-0.457738,0.254575,-0.712313,SL,31,2026-01-26 21:45:00+00:00
LINK,A_ZONE_EMA_MACD,SHORT,2026-01-30T01:30:00+00:00,2026-01-30T01:45:00+00:00,2026-01-30T04:15:00+00:00,10.772,10.949338365035382,10.594661634964618,10.417323269929236,10.947156846932485,-0.987699,0.157931,-1.145629,SL,11,2026-01-30 01:45:00+00:00
LINK,A_ZONE_EMA_MACD,SHORT,2026-02-03T16:15:00+00:00,2026-02-03T16:30:00+00:00,2026-02-03T18:15:00+00:00,9.537,9.723228119164162,9.35077188083584,9.164543761671679,9.164543761671679,1.5,0.13315,1.36685,TP2,8,2026-02-03 16:30:00+00:00
LINK,A_ZONE_EMA_MACD,SHORT,2026-02-09T06:15:00+00:00,2026-02-09T06:30:00+00:00,2026-02-09T10:15:00+00:00,8.744,8.845481907355287,8.642518092644712,8.541036185289425,8.541036185289425,1.5,0.224024,1.275976,TP2,16,2026-02-09 06:30:00+00:00
LINK,A_ZONE_EMA_MACD,SHORT,2026-02-17T17:30:00+00:00,2026-02-17T17:45:00+00:00,2026-02-17T18:30:00+00:00,8.703,8.852026676840746,8.553973323159253,8.404946646318507,8.852026676840746,-1.0,0.151837,-1.151837,SL,4,2026-02-17 17:45:00+00:00
LINK,A_ZONE_EMA_MACD,SHORT,2026-02-23T00:30:00+00:00,2026-02-23T00:45:00+00:00,2026-02-23T01:00:00+00:00,8.606,8.668611885722495,8.543388114277505,8.48077622855501,8.48077622855501,1.5,0.35737,1.14263,TP2,2,2026-02-23 00:45:00+00:00
LINK,A_ZONE_EMA_MACD,SHORT,2026-03-11T05:30:00+00:00,2026-03-11T05:45:00+00:00,2026-03-11T06:45:00+00:00,8.884,8.972005331708093,8.795994668291907,8.707989336583815,8.959933522300373,-0.862829,0.262466,-1.125295,SL,5,2026-03-11 05:45:00+00:00
LINK,A_ZONE_EMA_MACD,LONG,2026-03-16T10:45:00+00:00,2026-03-16T11:00:00+00:00,2026-03-16T14:30:00+00:00,9.719,9.612797676029293,9.825202323970705,9.931404647941411,9.65389357944213,-0.613041,0.237936,-0.850978,SL,15,2026-03-16 11:00:00+00:00
LINK,A_ZONE_EMA_MACD,LONG,2026-03-25T16:30:00+00:00,2026-03-25T16:45:00+00:00,2026-03-25T17:45:00+00:00,9.446,9.340348858286108,9.551651141713892,9.657302283427784,9.340348858286108,-1.0,0.232459,-1.232459,SL,5,2026-03-25 16:45:00+00:00
LINK,A_ZONE_EMA_MACD,SHORT,2026-04-04T12:30:00+00:00,2026-04-04T12:45:00+00:00,2026-04-04T13:45:00+00:00,8.631,8.660314240930571,8.60168575906943,8.572371518138858,8.660314240930571,-1.0,0.765519,-1.765519,SL,5,2026-04-04 12:45:00+00:00
LINK,A_ZONE_EMA_MACD,SHORT,2026-04-26T00:45:00+00:00,2026-04-26T01:00:00+00:00,2026-04-26T03:00:00+00:00,9.307,9.34031228692216,9.273687713077841,9.240375426155682,9.329292149801743,-0.669187,0.726405,-1.395592,SL,9,2026-04-26 01:00:00+00:00
LINK,A_ZONE_EMA_MACD,LONG,2026-04-26T23:30:00+00:00,2026-04-26T23:45:00+00:00,2026-04-27T05:00:00+00:00,9.496,9.431320715635167,9.560679284364834,9.625358568729668,9.500927199927606,0.538089,0.381723,0.156366,SL,22,2026-04-26 23:45:00+00:00
LINK,A_ZONE_EMA_MACD,LONG,2026-04-29T09:45:00+00:00,2026-04-29T10:00:00+00:00,2026-04-29T10:30:00+00:00,9.379,9.32058090215353,9.437419097846469,9.495838195692938,9.352215165632382,-0.458494,0.417422,-0.875916,SL,3,2026-04-29 10:00:00+00:00
LINK,A_ZONE_EMA_MACD,LONG,2026-05-03T22:00:00+00:00,2026-05-03T22:15:00+00:00,2026-05-03T23:15:00+00:00,9.187,9.135070442030623,9.238929557969376,9.290859115938753,9.139627064812117,-0.912254,0.459973,-1.372227,SL,5,2026-05-03 22:15:00+00:00
LINK,A_ZONE_EMA_MACD,SHORT,2026-05-11T12:00:00+00:00,2026-05-11T12:15:00+00:00,2026-05-11T15:15:00+00:00,10.514,10.60092015883019,10.427079841169808,10.340159682339618,10.558042737001806,0.246648,0.3145,-0.067852,SL,13,2026-05-11 12:15:00+00:00
LINK,A_ZONE_EMA_MACD,LONG,2026-05-24T06:00:00+00:00,2026-05-24T06:15:00+00:00,2026-05-24T06:15:00+00:00,9.592,9.527784297831586,9.656215702168415,9.72043140433683,9.527784297831586,-1.0,0.388366,-1.388366,SL,1,2026-05-24 06:15:00+00:00
LINK,A_ZONE_EMA_MACD,SHORT,2026-05-31T14:00:00+00:00,2026-05-31T14:15:00+00:00,2026-05-31T19:15:00+00:00,9.132,9.20234152249181,9.061658477508189,8.991316955016378,8.991316955016378,1.5,0.337542,1.162458,TP2,21,2026-05-31 14:15:00+00:00
LINK,A_ZONE_EMA_MACD,SHORT,2026-06-04T00:15:00+00:00,2026-06-04T00:30:00+00:00,2026-06-04T02:00:00+00:00,8.23,8.38173928098258,8.07826071901742,7.92652143803484,7.92652143803484,1.5,0.141018,1.358982,TP2,7,2026-06-04 00:30:00+00:00
LINK,A_ZONE_EMA_MACD,LONG,2026-06-07T14:15:00+00:00,2026-06-07T14:30:00+00:00,2026-06-07T19:00:00+00:00,7.762,7.6634389121768836,7.860561087823116,7.959122175646232,7.673894686062377,-0.893916,0.204758,-1.098674,SL,19,2026-06-07 14:30:00+00:00
LINK,A_ZONE_EMA_MACD,SHORT,2026-06-09T14:00:00+00:00,2026-06-09T14:15:00+00:00,2026-06-09T16:30:00+00:00,7.836,7.923410888087947,7.748589111912054,7.661178223824107,7.661178223824107,1.5,0.233079,1.266921,TP2,10,2026-06-09 14:15:00+00:00
LINK,A_ZONE_EMA_MACD,LONG,2026-06-12T02:30:00+00:00,2026-06-12T02:45:00+00:00,2026-06-12T05:15:00+00:00,7.93,7.862378143238335,7.997621856761665,8.06524371352333,7.862378143238335,-1.0,0.304901,-1.304901,SL,11,2026-06-12 02:45:00+00:00
LINK,A_ZONE_EMA_MACD,LONG,2026-06-19T20:45:00+00:00,2026-06-19T21:00:00+00:00,2026-06-20T00:00:00+00:00,7.923,7.858418704272509,7.987581295727491,8.052162591454982,7.8888670636459315,-0.528527,0.318975,-0.847501,SL,13,2026-06-19 21:00:00+00:00
LINK,A_ZONE_EMA_MACD,SHORT,2026-06-28T16:30:00+00:00,2026-06-28T16:45:00+00:00,2026-06-28T22:00:00+00:00,7.228,7.289795811162351,7.166204188837648,7.104408377675297,7.245604600243805,0.357558,0.304111,0.053447,SL,22,2026-06-28 16:45:00+00:00
LINK,A_ZONE_EMA_MACD,SHORT,2026-06-29T02:00:00+00:00,2026-06-29T02:15:00+00:00,2026-06-29T02:30:00+00:00,7.189,7.278660556414329,7.099339443585671,7.009678887171342,7.278660556414329,-1.0,0.208468,-1.208468,SL,2,2026-06-29 02:15:00+00:00
LINK,A_ZONE_EMA_MACD,SHORT,2026-07-01T01:00:00+00:00,2026-07-01T01:15:00+00:00,2026-07-01T01:30:00+00:00,7.129,7.188137184372221,7.069862815627778,7.010725631255557,7.188137184372221,-1.0,0.313431,-1.313431,SL,2,2026-07-01 01:15:00+00:00
LINK,A_ZONE_EMA_MACD,SHORT,2026-07-05T09:30:00+00:00,2026-07-05T09:45:00+00:00,2026-07-05T12:15:00+00:00,7.855,7.903996213030341,7.80600378696966,7.757007573939319,7.903996213030341,-1.0,0.416828,-1.416828,SL,11,2026-07-05 09:45:00+00:00
LINK,A_ZONE_EMA_MACD,LONG,2026-07-15T04:00:00+00:00,2026-07-15T04:15:00+00:00,2026-07-15T07:15:00+00:00,8.342,8.287987463869138,8.396012536130863,8.450025072261726,8.337932415788634,0.462346,0.401559,0.060787,SL,13,2026-07-15 04:15:00+00:00
LINK,A_ZONE_EMA_MACD,SHORT,2026-08-04T06:00:00+00:00,2026-08-04T06:15:00+00:00,2026-08-04T08:00:00+00:00,8.178,8.22472236706598,8.131277632934022,8.084555265868044,8.179910675910335,0.479553,0.455088,0.024465,SL,8,2026-08-04 06:15:00+00:00
LINK,A_ZONE_EMA_MACD,LONG,2026-08-14T15:30:00+00:00,2026-08-14T15:45:00+00:00,2026-08-15T00:15:00+00:00,8.871,8.792105587931283,8.949894412068717,9.028788824137434,9.028788824137434,1.5,0.292348,1.207652,TP2,35,2026-08-14 15:45:00+00:00
LINK,A_ZONE_EMA_MACD,LONG,2026-08-19T15:00:00+00:00,2026-08-19T15:15:00+00:00,2026-08-19T15:15:00+00:00,9.807,9.686390752535793,9.927609247464208,10.048218494928415,10.048218494928415,1.5,0.211412,1.288588,TP2,1,2026-08-19 15:15:00+00:00
LINK,A_ZONE_EMA_MACD,SHORT,2026-08-23T02:00:00+00:00,2026-08-23T02:15:00+00:00,2026-08-23T05:00:00+00:00,11.508,11.668430146521676,11.347569853478323,11.187139706956646,11.187139706956646,1.5,0.186504,1.313496,TP2,12,2026-08-23 02:15:00+00:00
LINK,A_ZONE_EMA_MACD,SHORT,2026-08-28T15:45:00+00:00,2026-08-28T16:00:00+00:00,2026-08-28T22:45:00+00:00,11.561,11.762214273053026,11.359785726946974,11.158571453893948,11.432344053413104,0.819699,0.149386,0.670313,SL,28,2026-08-28 16:00:00+00:00
LINK,A_ZONE_EMA_MACD,LONG,2026-09-03T11:15:00+00:00,2026-09-03T11:30:00+00:00,2026-09-03T14:15:00+00:00,11.273,11.166847469843319,11.37915253015668,11.485305060313362,11.485305060313362,1.5,0.27611,1.22389,TP2,12,2026-09-03 11:30:00+00:00
LINK,A_ZONE_EMA_MACD,LONG,2026-09-17T12:00:00+00:00,2026-09-17T12:15:00+00:00,2026-09-17T13:30:00+00:00,11.236,11.129369629716276,11.342630370283725,11.44926074056745,11.181486084736541,-0.511242,0.273971,-0.785213,SL,6,2026-09-17 12:15:00+00:00
LINK,B_PLUS_STOCH,SHORT,2025-06-19T20:30:00+00:00,2025-06-19T20:45:00+00:00,2025-06-19T22:30:00+00:00,12.992,13.126133400072368,12.857866599927634,12.723733199855268,13.126133400072368,-1.0,0.251833,-1.251833,SL,8,2025-06-19 20:45:00+00:00
LINK,B_PLUS_STOCH,LONG,2025-07-17T21:00:00+00:00,2025-07-17T21:15:00+00:00,2025-07-17T23:15:00+00:00,17.304,16.990155659145614,17.617844340854383,17.931688681708767,17.931688681708767,1.5,0.143353,1.356647,TP2,9,2025-07-17 21:15:00+00:00
LINK,B_PLUS_STOCH,SHORT,2025-10-19T08:30:00+00:00,2025-10-19T08:45:00+00:00,2025-10-19T09:30:00+00:00,16.642,16.845076017809284,16.438923982190715,16.23584796438143,16.755017861197885,-0.55653,0.213069,-0.769599,SL,4,2025-10-19 08:45:00+00:00
LINK,B_PLUS_STOCH,SHORT,2025-11-03T15:15:00+00:00,2025-11-03T15:30:00+00:00,2025-11-03T15:30:00+00:00,15.452,15.8159003972854,15.0880996027146,14.7241992054292,14.7241992054292,1.5,0.110402,1.389598,TP2,1,2025-11-03 15:30:00+00:00
LINK,B_PLUS_STOCH,LONG,2026-01-26T21:30:00+00:00,2026-01-26T21:45:00+00:00,2026-01-27T05:15:00+00:00,12.016,11.893279464491414,12.138720535508586,12.261441071017172,11.959826191006162,-0.457738,0.254575,-0.712313,SL,31,2026-01-26 21:45:00+00:00
LINK,B_PLUS_STOCH,SHORT,2026-02-03T16:15:00+00:00,2026-02-03T16:30:00+00:00,2026-02-03T18:15:00+00:00,9.537,9.723228119164162,9.35077188083584,9.164543761671679,9.164543761671679,1.5,0.13315,1.36685,TP2,8,2026-02-03 16:30:00+00:00
LINK,B_PLUS_STOCH,SHORT,2026-02-23T00:30:00+00:00,2026-02-23T00:45:00+00:00,2026-02-23T01:00:00+00:00,8.606,8.668611885722495,8.543388114277505,8.48077622855501,8.48077622855501,1.5,0.35737,1.14263,TP2,2,2026-02-23 00:45:00+00:00
LINK,B_PLUS_STOCH,LONG,2026-05-03T22:00:00+00:00,2026-05-03T22:15:00+00:00,2026-05-03T23:15:00+00:00,9.187,9.135070442030623,9.238929557969376,9.290859115938753,9.139627064812117,-0.912254,0.459973,-1.372227,SL,5,2026-05-03 22:15:00+00:00
LINK,B_PLUS_STOCH,SHORT,2026-05-11T12:00:00+00:00,2026-05-11T12:15:00+00:00,2026-05-11T15:15:00+00:00,10.514,10.60092015883019,10.427079841169808,10.340159682339618,10.558042737001806,0.246648,0.3145,-0.067852,SL,13,2026-05-11 12:15:00+00:00
LINK,B_PLUS_STOCH,SHORT,2026-06-04T00:15:00+00:00,2026-06-04T00:30:00+00:00,2026-06-04T02:00:00+00:00,8.23,8.38173928098258,8.07826071901742,7.92652143803484,7.92652143803484,1.5,0.141018,1.358982,TP2,7,2026-06-04 00:30:00+00:00
LINK,B_PLUS_STOCH,LONG,2026-09-17T12:00:00+00:00,2026-09-17T12:15:00+00:00,2026-09-17T13:30:00+00:00,11.236,11.129369629716276,11.342630370283725,11.44926074056745,11.181486084736541,-0.511242,0.273971,-0.785213,SL,6,2026-09-17 12:15:00+00:00
LINK,C_PLUS_CONFIRMED_STRUCTURE,SHORT,2025-06-19T20:30:00+00:00,2025-06-19T20:45:00+00:00,2025-06-19T22:30:00+00:00,12.992,13.126133400072368,12.857866599927634,12.723733199855268,13.126133400072368,-1.0,0.251833,-1.251833,SL,8,2025-06-19 20:45:00+00:00
LINK,C_PLUS_CONFIRMED_STRUCTURE,SHORT,2025-10-19T08:30:00+00:00,2025-10-19T08:45:00+00:00,2025-10-19T09:30:00+00:00,16.642,16.845076017809284,16.438923982190715,16.23584796438143,16.755017861197885,-0.55653,0.213069,-0.769599,SL,4,2025-10-19 08:45:00+00:00
LINK,C_PLUS_CONFIRMED_STRUCTURE,SHORT,2025-11-03T15:15:00+00:00,2025-11-03T15:30:00+00:00,2025-11-03T15:30:00+00:00,15.452,15.8159003972854,15.0880996027146,14.7241992054292,14.7241992054292,1.5,0.110402,1.389598,TP2,1,2025-11-03 15:30:00+00:00
LINK,C_PLUS_CONFIRMED_STRUCTURE,SHORT,2026-02-23T00:30:00+00:00,2026-02-23T00:45:00+00:00,2026-02-23T01:00:00+00:00,8.606,8.668611885722495,8.543388114277505,8.48077622855501,8.48077622855501,1.5,0.35737,1.14263,TP2,2,2026-02-23 00:45:00+00:00
LINK,C_PLUS_CONFIRMED_STRUCTURE,SHORT,2026-05-11T12:00:00+00:00,2026-05-11T12:15:00+00:00,2026-05-11T15:15:00+00:00,10.514,10.60092015883019,10.427079841169808,10.340159682339618,10.558042737001806,0.246648,0.3145,-0.067852,SL,13,2026-05-11 12:15:00+00:00
LINK,C_PLUS_CONFIRMED_STRUCTURE,LONG,2026-09-17T12:00:00+00:00,2026-09-17T12:15:00+00:00,2026-09-17T13:30:00+00:00,11.236,11.129369629716276,11.342630370283725,11.44926074056745,11.181486084736541,-0.511242,0.273971,-0.785213,SL,6,2026-09-17 12:15:00+00:00
SOL,A_ZONE_EMA_MACD,LONG,2025-01-18T02:45:00+00:00,2025-01-18T03:00:00+00:00,2025-01-18T03:15:00+00:00,221.98,219.266450403036,224.69354959696398,227.40709919392796,227.40709919392796,1.5,0.212691,1.287309,TP2,2,2025-01-18 03:00:00+00:00
SOL,A_ZONE_EMA_MACD,LONG,2025-01-19T04:00:00+00:00,2025-01-19T04:15:00+00:00,2025-01-19T09:30:00+00:00,264.23,256.43764919995476,272.0223508000453,279.81470160009053,269.0035174989463,0.806295,0.088163,0.718132,SL,22,2025-01-19 04:15:00+00:00
SOL,A_ZONE_EMA_MACD,LONG,2025-01-22T19:30:00+00:00,2025-01-22T19:45:00+00:00,2025-01-22T21:45:00+00:00,262.92,256.9674439531461,268.87255604685396,274.8251120937079,262.50124054419524,0.464825,0.11484,0.349985,SL,9,2025-01-22 19:45:00+00:00
SOL,A_ZONE_EMA_MACD,LONG,2025-01-23T20:15:00+00:00,2025-01-23T20:30:00+00:00,2025-01-23T20:45:00+00:00,255.42,248.51609452102653,262.3239054789734,269.2278109579469,249.36994491238175,-0.876324,0.096191,-0.972514,SL,2,2025-01-23 20:30:00+00:00
SOL,A_ZONE_EMA_MACD,SHORT,2025-02-01T03:15:00+00:00,2025-02-01T03:30:00+00:00,2025-02-01T12:45:00+00:00,230.88,233.42737629612796,228.33262370387203,225.78524740774407,228.4866444068038,0.969769,0.23565,0.734119,SL,38,2025-02-01 03:30:00+00:00
SOL,A_ZONE_EMA_MACD,SHORT,2025-02-12T13:30:00+00:00,2025-02-12T13:45:00+00:00,2025-02-12T14:45:00+00:00,191.62,194.7087989908917,188.53120100910832,185.44240201821663,193.19509161187648,0.245032,0.161296,0.083735,SL,5,2025-02-12 13:45:00+00:00
SOL,A_ZONE_EMA_MACD,SHORT,2025-02-18T14:30:00+00:00,2025-02-18T14:45:00+00:00,2025-02-18T18:00:00+00:00,166.99,170.46273170296212,163.5172682970379,160.0445365940758,165.4514056464856,0.721525,0.125024,0.596501,SL,14,2025-02-18 14:45:00+00:00
SOL,A_ZONE_EMA_MACD,LONG,2025-03-02T15:15:00+00:00,2025-03-02T15:30:00+00:00,2025-03-02T15:30:00+00:00,151.84,148.01254926532437,155.66745073467564,159.49490146935128,159.49490146935128,1.5,0.103145,1.396855,TP2,1,2025-03-02 15:30:00+00:00
SOL,A_ZONE_EMA_MACD,LONG,2025-03-07T13:30:00+00:00,2025-03-07T13:45:00+00:00,2025-03-07T14:15:00+00:00,145.88,143.32687883403239,148.4331211659676,150.98624233193522,143.32687883403239,-1.0,0.148559,-1.148559,SL,3,2025-03-07 13:45:00+00:00
SOL,A_ZONE_EMA_MACD,SHORT,2025-03-10T08:30:00+00:00,2025-03-10T08:45:00+00:00,2025-03-10T09:15:00+00:00,126.25,128.18439258286605,124.31560741713395,122.3812148342679,128.0012216840899,-0.905308,0.169692,-1.075,SL,3,2025-03-10 08:45:00+00:00
SOL,A_ZONE_EMA_MACD,SHORT,2025-03-18T10:15:00+00:00,2025-03-18T10:30:00+00:00,2025-03-18T16:00:00+00:00,124.18,125.52495548494434,122.83504451505567,121.49008903011133,123.38723546508992,0.794718,0.240059,0.554659,SL,23,2025-03-18 10:30:00+00:00
SOL,A_ZONE_EMA_MACD,SHORT,2025-03-29T16:45:00+00:00,2025-03-29T17:00:00+00:00,2025-03-29T22:45:00+00:00,125.21,126.5319662762991,123.88803372370089,122.56606744740178,122.56606744740178,1.5,0.246259,1.253741,TP2,24,2025-03-29 17:00:00+00:00
SOL,A_ZONE_EMA_MACD,SHORT,2025-04-26T08:45:00+00:00,2025-04-26T09:00:00+00:00,2025-04-26T11:30:00+00:00,150.66,151.98397483029916,149.33602516970083,148.01205033940167,148.01205033940167,1.5,0.295864,1.204136,TP2,11,2025-04-26 09:00:00+00:00
SOL,A_ZONE_EMA_MACD,SHORT,2025-05-15T01:30:00+00:00,2025-05-15T01:45:00+00:00,2025-05-15T07:15:00+00:00,175.37,177.22613052374498,173.51386947625502,171.65773895251004,171.65773895251004,1.5,0.245652,1.254348,TP2,23,2025-05-15 01:45:00+00:00
SOL,A_ZONE_EMA_MACD,LONG,2025-05-23T08:00:00+00:00,2025-05-23T08:15:00+00:00,2025-05-23T11:15:00+00:00,184.05,181.8292349622834,186.27076503771661,188.49153007543322,184.5355501294012,0.60932,0.21548,0.393841,SL,13,2025-05-23 08:15:00+00:00
SOL,A_ZONE_EMA_MACD,SHORT,2025-05-25T14:30:00+00:00,2025-05-25T14:45:00+00:00,2025-05-25T17:15:00+00:00,170.75,172.3731902973326,169.1268097026674,167.5036194053348,171.0161407496369,0.418019,0.273505,0.144515,SL,11,2025-05-25 14:45:00+00:00
SOL,A_ZONE_EMA_MACD,SHORT,2025-05-28T13:30:00+00:00,2025-05-28T13:45:00+00:00,2025-05-28T14:45:00+00:00,173.3,174.62048152282125,171.97951847717877,170.65903695435753,170.65903695435753,1.5,0.341224,1.158776,TP2,5,2025-05-28 13:45:00+00:00
SOL,A_ZONE_EMA_MACD,SHORT,2025-06-19T11:30:00+00:00,2025-06-19T11:45:00+00:00,2025-06-19T17:30:00+00:00,144.95,146.0200442309997,143.87995576900028,142.80991153800056,144.3416113392454,0.784282,0.3522,0.432082,SL,24,2025-06-19 11:45:00+00:00
SOL,A_ZONE_EMA_MACD,LONG,2025-07-03T03:15:00+00:00,2025-07-03T03:30:00+00:00,2025-07-03T10:15:00+00:00,153.54,152.14393787031483,154.93606212968515,156.33212425937032,154.76937503954272,0.940301,0.28595,0.654351,SL,28,2025-07-03 03:30:00+00:00
SOL,A_ZONE_EMA_MACD,LONG,2025-07-09T05:30:00+00:00,2025-07-09T05:45:00+00:00,2025-07-09T14:00:00+00:00,153.39,152.20183155576447,154.5781684442355,155.76633688847102,153.36730861041042,0.490451,0.335654,0.154797,SL,34,2025-07-09 05:45:00+00:00
SOL,A_ZONE_EMA_MACD,LONG,2025-07-10T07:00:00+00:00,2025-07-10T07:15:00+00:00,2025-07-10T10:00:00+00:00,158.17,156.98331325359524,159.35668674640473,160.54337349280948,157.82576035392788,-0.290085,0.346546,-0.636631,SL,12,2025-07-10 07:15:00+00:00
SOL,A_ZONE_EMA_MACD,SHORT,2025-07-12T20:45:00+00:00,2025-07-12T21:00:00+00:00,2025-07-12T21:30:00+00:00,158.92,160.2140660012528,157.62593399874717,156.33186799749436,160.2140660012528,-1.0,0.319297,-1.319297,SL,3,2025-07-12 21:00:00+00:00
SOL,A_ZONE_EMA_MACD,SHORT,2025-07-19T12:00:00+00:00,2025-07-19T12:15:00+00:00,2025-07-19T12:45:00+00:00,175.9,177.3475681366944,174.4524318633056,173.0048637266112,177.3475681366944,-1.0,0.315937,-1.315937,SL,3,2025-07-19 12:15:00+00:00
SOL,A_ZONE_EMA_MACD,LONG,2025-07-27T22:00:00+00:00,2025-07-27T22:15:00+00:00,2025-07-27T23:00:00+00:00,190.15,188.03754320541552,192.2624567945845,194.37491358916898,188.03754320541552,-1.0,0.234036,-1.234036,SL,4,2025-07-27 22:15:00+00:00
SOL,A_ZONE_EMA_MACD,LONG,2025-07-28T12:30:00+00:00,2025-07-28T12:45:00+00:00,2025-07-28T13:00:00+00:00,193.46,191.57283992543523,195.34716007456478,197.23432014912956,191.57283992543523,-1.0,0.266536,-1.266536,SL,2,2025-07-28 12:45:00+00:00
SOL,A_ZONE_EMA_MACD,SHORT,2025-07-30T18:45:00+00:00,2025-07-30T19:00:00+00:00,2025-07-30T19:00:00+00:00,175.79,178.2636133859923,173.31638661400768,170.84277322801537,170.84277322801537,1.5,0.184772,1.315228,TP2,1,2025-07-30 19:00:00+00:00
SOL,A_ZONE_EMA_MACD,LONG,2025-08-11T01:30:00+00:00,2025-08-11T01:45:00+00:00,2025-08-11T06:30:00+00:00,183.5,181.6938259413164,185.3061740586836,187.11234811736722,184.77747336290665,0.853641,0.26415,0.589491,SL,20,2025-08-11 01:45:00+00:00
SOL,A_ZONE_EMA_MACD,SHORT,2025-08-12T05:15:00+00:00,2025-08-12T05:30:00+00:00,2025-08-12T07:00:00+00:00,174.62,176.06232458323828,173.17767541676173,171.73535083352346,175.46930139872129,-0.588842,0.314778,-0.90362,SL,7,2025-08-12 05:30:00+00:00
SOL,A_ZONE_EMA_MACD,SHORT,2025-08-30T01:45:00+00:00,2025-08-30T02:00:00+00:00,2025-08-30T03:00:00+00:00,201.1,203.78977380498918,198.4102261950108,195.72045239002162,203.78977380498918,-1.0,0.194388,-1.194388,SL,5,2025-08-30 02:00:00+00:00
SOL,A_ZONE_EMA_MACD,LONG,2025-08-31T08:30:00+00:00,2025-08-31T08:45:00+00:00,2025-08-31T09:45:00+00:00,204.89,203.34098803519814,206.43901196480184,207.98802392960368,204.112346032684,-0.502032,0.343906,-0.845938,SL,5,2025-08-31 08:45:00+00:00
SOL,A_ZONE_EMA_MACD,SHORT,2025-09-05T21:45:00+00:00,2025-09-05T22:00:00+00:00,2025-09-06T08:30:00+00:00,203.02,205.35160174433295,200.68839825566707,198.35679651133412,203.33522978312527,-0.135199,0.22639,-0.361589,SL,43,2025-09-05 22:00:00+00:00
SOL,A_ZONE_EMA_MACD,LONG,2025-09-10T02:00:00+00:00,2025-09-10T02:15:00+00:00,2025-09-10T07:15:00+00:00,217.88,215.90441105237983,219.85558894762016,221.83117789524033,221.83117789524033,1.5,0.286744,1.213256,TP2,21,2025-09-10 02:15:00+00:00
SOL,A_ZONE_EMA_MACD,SHORT,2025-09-21T14:45:00+00:00,2025-09-21T15:00:00+00:00,2025-09-21T18:45:00+00:00,238.43,239.8589258300331,237.00107416996693,235.57214833993385,237.79005596424884,0.723925,0.433835,0.29009,SL,16,2025-09-21 15:00:00+00:00
SOL,A_ZONE_EMA_MACD,SHORT,2025-09-23T01:00:00+00:00,2025-09-23T01:15:00+00:00,2025-09-23T02:45:00+00:00,218.31,220.32380124179957,216.29619875820043,214.28239751640086,214.28239751640086,1.5,0.281858,1.218142,TP2,7,2025-09-23 01:15:00+00:00
SOL,A_ZONE_EMA_MACD,LONG,2025-09-23T16:45:00+00:00,2025-09-23T17:00:00+00:00,2025-09-23T17:30:00+00:00,220.28,217.38041924290843,223.17958075709157,226.07916151418314,217.38041924290843,-1.0,0.197521,-1.197521,SL,3,2025-09-23 17:00:00+00:00
SOL,A_ZONE_EMA_MACD,LONG,2025-10-03T03:00:00+00:00,2025-10-03T03:15:00+00:00,2025-10-03T04:30:00+00:00,233.62,231.14876602141763,236.09123397858238,238.56246795716476,231.14876602141763,-1.0,0.245793,-1.245793,SL,6,2025-10-03 03:15:00+00:00
SOL,A_ZONE_EMA_MACD,LONG,2025-10-12T14:45:00+00:00,2025-10-12T15:00:00+00:00,2025-10-12T16:00:00+00:00,186.16,182.45291717219857,189.86708282780143,193.57416565560285,193.57416565560285,1.5,0.130565,1.369435,TP2,5,2025-10-12 15:00:00+00:00
SOL,A_ZONE_EMA_MACD,LONG,2025-10-18T01:15:00+00:00,2025-10-18T01:30:00+00:00,2025-10-18T07:45:00+00:00,184.61,182.3030089107844,186.91699108921563,189.22398217843124,185.79551751163856,0.75694,0.208057,0.548883,SL,26,2025-10-18 01:30:00+00:00
SOL,A_ZONE_EMA_MACD,SHORT,2025-10-22T14:15:00+00:00,2025-10-22T14:30:00+00:00,2025-10-22T14:45:00+00:00,182.45,185.2595257760725,179.64047422392747,176.83094844785495,185.2595257760725,-1.0,0.168843,-1.168843,SL,2,2025-10-22 14:30:00+00:00
SOL,A_ZONE_EMA_MACD,SHORT,2025-11-01T13:30:00+00:00,2025-11-01T13:45:00+00:00,2025-11-01T15:00:00+00:00,185.0,186.10378572307775,183.89621427692225,182.7924285538445,185.4498968734701,0.296203,0.435773,-0.13957,SL,6,2025-11-01 13:45:00+00:00
SOL,A_ZONE_EMA_MACD,SHORT,2025-11-30T03:00:00+00:00,2025-11-30T03:15:00+00:00,2025-11-30T04:00:00+00:00,135.59,136.525928152783,134.654071847217,133.71814369443402,136.525928152783,-1.0,0.376668,-1.376668,SL,4,2025-11-30 03:15:00+00:00
SOL,A_ZONE_EMA_MACD,LONG,2025-12-03T02:00:00+00:00,2025-12-03T02:15:00+00:00,2025-12-03T05:00:00+00:00,139.75,138.26694029629562,141.23305970370438,142.71611940740877,142.71611940740877,1.5,0.245,1.255,TP2,12,2025-12-03 02:15:00+00:00
SOL,A_ZONE_EMA_MACD,SHORT,2025-12-11T16:00:00+00:00,2025-12-11T16:15:00+00:00,2025-12-11T17:15:00+00:00,130.34,131.9796068068395,128.7003931931605,127.06078638632098,131.9796068068395,-1.0,0.206686,-1.206686,SL,5,2025-12-11 16:15:00+00:00
SOL,A_ZONE_EMA_MACD,LONG,2026-01-10T16:30:00+00:00,2026-01-10T16:45:00+00:00,2026-01-10T18:00:00+00:00,136.54,135.99941805378256,137.08058194621742,137.62116389243485,136.03934515861866,-0.926141,0.656707,-1.582848,SL,6,2026-01-10 16:45:00+00:00
SOL,A_ZONE_EMA_MACD,SHORT,2026-01-15T14:30:00+00:00,2026-01-15T14:45:00+00:00,2026-01-15T17:30:00+00:00,143.49,144.6955601818514,142.28443981814863,141.07887963629724,143.96550537156023,0.302787,0.309461,-0.006675,SL,12,2026-01-15 14:45:00+00:00
SOL,A_ZONE_EMA_MACD,SHORT,2026-01-18T23:00:00+00:00,2026-01-18T23:15:00+00:00,2026-01-18T23:30:00+00:00,141.17,142.02857506935678,140.3114249306432,139.4528498612864,139.4528498612864,1.5,0.427501,1.072499,TP2,2,2026-01-18 23:15:00+00:00
SOL,A_ZONE_EMA_MACD,SHORT,2026-01-23T02:45:00+00:00,2026-01-23T03:00:00+00:00,2026-01-23T04:00:00+00:00,128.11,128.91955065629514,127.30044934370488,126.49089868740975,128.91955065629514,-1.0,0.411446,-1.411446,SL,5,2026-01-23 03:00:00+00:00
SOL,A_ZONE_EMA_MACD,SHORT,2026-02-03T06:00:00+00:00,2026-02-03T06:15:00+00:00,2026-02-03T07:00:00+00:00,103.02,104.32682354309051,101.71317645690948,100.40635291381896,104.32682354309051,-1.0,0.204964,-1.204964,SL,4,2026-02-03 06:15:00+00:00
SOL,A_ZONE_EMA_MACD,SHORT,2026-02-08T20:45:00+00:00,2026-02-08T21:00:00+00:00,2026-02-08T23:00:00+00:00,86.85,88.0234574763241,85.67654252367589,84.50308504735179,87.51628865724638,-0.5678,0.192431,-0.760231,SL,9,2026-02-08 21:00:00+00:00
SOL,A_ZONE_EMA_MACD,SHORT,2026-02-10T18:15:00+00:00,2026-02-10T18:30:00+00:00,2026-02-11T00:15:00+00:00,83.38,84.6873362927313,82.07266370726869,80.76532741453738,83.28312354302527,0.537051,0.165824,0.371227,SL,24,2026-02-10 18:30:00+00:00
SOL,A_ZONE_EMA_MACD,LONG,2026-02-15T03:45:00+00:00,2026-02-15T04:00:00+00:00,2026-02-15T07:30:00+00:00,88.56,87.46265426087305,89.65734573912695,90.7546914782539,90.7546914782539,1.5,0.20983,1.29017,TP2,15,2026-02-15 04:00:00+00:00
SOL,A_ZONE_EMA_MACD,SHORT,2026-03-01T16:45:00+00:00,2026-03-01T17:00:00+00:00,2026-03-01T22:00:00+00:00,83.97,85.40421635086382,82.53578364913618,81.10156729827236,83.11787984288286,0.797068,0.152224,0.644844,SL,21,2026-03-01 17:00:00+00:00
SOL,A_ZONE_EMA_MACD,LONG,2026-04-03T14:45:00+00:00,2026-04-03T15:00:00+00:00,2026-04-03T19:00:00+00:00,80.21,79.45524155555366,80.96475844444633,81.71951688889267,79.82790424046954,-0.506249,0.276308,-0.782557,SL,17,2026-04-03 15:00:00+00:00
SOL,A_ZONE_EMA_MACD,LONG,2026-04-06T08:30:00+00:00,2026-04-06T08:45:00+00:00,2026-04-06T14:30:00+00:00,82.08,81.3408060250795,82.8191939749205,83.55838794984099,81.98747754874883,0.437417,0.288704,0.148713,SL,24,2026-04-06 08:45:00+00:00
SOL,A_ZONE_EMA_MACD,SHORT,2026-04-11T10:30:00+00:00,2026-04-11T10:45:00+00:00,2026-04-11T12:30:00+00:00,84.03,84.44052707093014,83.61947292906986,83.20894585813971,84.36218915809793,-0.809177,0.532189,-1.341366,SL,8,2026-04-11 10:45:00+00:00
SOL,A_ZONE_EMA_MACD,SHORT,2026-04-20T05:15:00+00:00,2026-04-20T05:30:00+00:00,2026-04-20T06:30:00+00:00,83.86,84.48051550519024,83.23948449480976,82.61896898961952,84.35905011196236,-0.804251,0.351379,-1.15563,SL,5,2026-04-20 05:30:00+00:00
SOL,A_ZONE_EMA_MACD,LONG,2026-04-21T14:15:00+00:00,2026-04-21T14:30:00+00:00,2026-04-21T14:45:00+00:00,85.98,85.3081369133995,86.65186308660051,87.32372617320102,85.78612713387096,0.35572,0.332729,0.022991,SL,2,2026-04-21 14:30:00+00:00
SOL,A_ZONE_EMA_MACD,LONG,2026-04-25T13:30:00+00:00,2026-04-25T13:45:00+00:00,2026-04-25T15:45:00+00:00,86.62,86.32550234436368,86.91449765563632,87.20899531127264,86.32550234436368,-1.0,0.764733,-1.764733,SL,9,2026-04-25 13:45:00+00:00
SOL,A_ZONE_EMA_MACD,LONG,2026-05-03T22:00:00+00:00,2026-05-03T22:15:00+00:00,2026-05-03T23:15:00+00:00,84.72,84.25298111092155,85.18701888907844,85.65403777815689,84.25298111092155,-1.0,0.471655,-1.471655,SL,5,2026-05-03 22:15:00+00:00
SOL,A_ZONE_EMA_MACD,LONG,2026-05-06T16:30:00+00:00,2026-05-06T16:45:00+00:00,2026-05-06T23:00:00+00:00,89.18,88.20505784193257,90.15494215806744,91.12988431613488,88.75956594847611,-0.43124,0.237827,-0.669067,SL,26,2026-05-06 16:45:00+00:00
SOL,A_ZONE_EMA_MACD,LONG,2026-05-13T08:30:00+00:00,2026-05-13T08:45:00+00:00,2026-05-13T10:15:00+00:00,95.67,95.03032314191992,96.30967685808008,96.94935371616016,95.0799557110372,-0.92241,0.388856,-1.311266,SL,7,2026-05-13 08:45:00+00:00
SOL,A_ZONE_EMA_MACD,LONG,2026-05-21T08:00:00+00:00,2026-05-21T08:15:00+00:00,2026-05-21T09:30:00+00:00,87.08,86.55478805048378,87.60521194951622,88.13042389903244,86.55478805048378,-1.0,0.431079,-1.431079,SL,6,2026-05-21 08:15:00+00:00
SOL,A_ZONE_EMA_MACD,LONG,2026-05-27T12:15:00+00:00,2026-05-27T12:30:00+00:00,2026-05-27T13:00:00+00:00,84.29,83.63711204555094,84.94288795444908,85.59577590889815,83.63711204555094,-1.0,0.335669,-1.335669,SL,3,2026-05-27 12:30:00+00:00
SOL,A_ZONE_EMA_MACD,SHORT,2026-05-31T14:00:00+00:00,2026-05-31T14:15:00+00:00,2026-05-31T16:30:00+00:00,82.32,82.75681138531516,81.88318861468483,81.44637722936966,81.44637722936966,1.5,0.489987,1.010013,TP2,10,2026-05-31 14:15:00+00:00
SOL,A_ZONE_EMA_MACD,SHORT,2026-06-06T10:00:00+00:00,2026-06-06T10:15:00+00:00,2026-06-06T12:00:00+00:00,61.91,63.15448670290578,60.665513297094215,59.42102659418843,62.71167475913815,-0.644181,0.129343,-0.773524,SL,8,2026-06-06 10:15:00+00:00
SOL,A_ZONE_EMA_MACD,SHORT,2026-06-06T15:00:00+00:00,2026-06-06T15:15:00+00:00,2026-06-07T00:00:00+00:00,61.63,62.7170916424196,60.54290835758041,59.455816715160815,62.28920110247564,-0.60639,0.147401,-0.75379,SL,36,2026-06-06 15:15:00+00:00
SOL,A_ZONE_EMA_MACD,LONG,2026-06-12T14:15:00+00:00,2026-06-12T14:30:00+00:00,2026-06-12T15:00:00+00:00,67.14,66.49897825643802,67.78102174356198,68.42204348712396,68.42204348712396,1.5,0.272321,1.227679,TP2,3,2026-06-12 14:30:00+00:00
SOL,A_ZONE_EMA_MACD,LONG,2026-06-21T09:15:00+00:00,2026-06-21T09:30:00+00:00,2026-06-21T11:15:00+00:00,73.55,73.03438420167404,74.06561579832595,74.5812315966519,73.53045520574794,0.481047,0.370877,0.11017,SL,8,2026-06-21 09:30:00+00:00
SOL,A_ZONE_EMA_MACD,SHORT,2026-07-16T07:30:00+00:00,2026-07-16T07:45:00+00:00,2026-07-16T08:30:00+00:00,76.28,76.84095206535288,75.71904793464712,75.15809586929424,76.37250458696244,0.417547,0.353556,0.063991,SL,4,2026-07-16 07:45:00+00:00
SOL,A_ZONE_EMA_MACD,LONG,2026-07-19T14:00:00+00:00,2026-07-19T14:15:00+00:00,2026-07-19T16:30:00+00:00,76.23,75.8470710043589,76.61292899564111,76.99585799128222,75.95689686464158,0.143402,0.517584,-0.374182,SL,10,2026-07-19 14:15:00+00:00
SOL,A_ZONE_EMA_MACD,SHORT,2026-07-22T12:15:00+00:00,2026-07-22T12:30:00+00:00,2026-07-22T13:30:00+00:00,77.16,77.58502596540163,76.73497403459837,76.30994806919674,77.56538125358722,-0.95378,0.472009,-1.425789,SL,5,2026-07-22 12:30:00+00:00
SOL,A_ZONE_EMA_MACD,SHORT,2026-07-24T00:00:00+00:00,2026-07-24T00:15:00+00:00,2026-07-24T01:15:00+00:00,75.7,76.1205547902212,75.2794452097788,74.8588904195576,76.05639673238461,-0.847444,0.468001,-1.315445,SL,5,2026-07-24 00:15:00+00:00
SOL,A_ZONE_EMA_MACD,SHORT,2026-08-01T15:30:00+00:00,2026-08-01T15:45:00+00:00,2026-08-01T17:00:00+00:00,72.78,72.9752272981728,72.5847727018272,72.38954540365441,72.38954540365441,1.5,0.96927,0.53073,TP2,6,2026-08-01 15:45:00+00:00
SOL,A_ZONE_EMA_MACD,SHORT,2026-08-14T17:45:00+00:00,2026-08-14T18:00:00+00:00,2026-08-14T20:00:00+00:00,75.24,75.61480387351811,74.86519612648188,74.49039225296376,75.08781079797511,0.703025,0.521937,0.181088,SL,9,2026-08-14 18:00:00+00:00
SOL,A_ZONE_EMA_MACD,LONG,2026-08-17T10:30:00+00:00,2026-08-17T10:45:00+00:00,2026-08-17T12:15:00+00:00,75.74,75.38210989164241,76.09789010835757,76.45578021671516,75.46974309181587,-0.755139,0.550236,-1.305375,SL,7,2026-08-17 10:45:00+00:00
SOL,A_ZONE_EMA_MACD,LONG,2026-08-20T15:45:00+00:00,2026-08-20T16:00:00+00:00,2026-08-20T18:30:00+00:00,87.35,86.28525448743959,88.4147455125604,89.47949102512081,86.69019271698673,-0.619685,0.2133,-0.832985,SL,11,2026-08-20 16:00:00+00:00
SOL,A_ZONE_EMA_MACD,SHORT,2026-08-26T13:00:00+00:00,2026-08-26T13:15:00+00:00,2026-08-26T17:15:00+00:00,96.47,97.60539423313132,95.33460576686868,94.19921153373735,96.6775596380834,0.408596,0.220912,0.187684,SL,17,2026-08-26 13:15:00+00:00
SOL,A_ZONE_EMA_MACD,SHORT,2026-09-04T12:30:00+00:00,2026-09-04T12:45:00+00:00,2026-09-05T06:30:00+00:00,101.4,102.75336048072084,100.04663951927917,98.69327903855833,102.11183650433455,-0.525977,0.194804,-0.720781,SL,72,2026-09-04 12:45:00+00:00
SOL,A_ZONE_EMA_MACD,SHORT,2026-09-08T02:45:00+00:00,2026-09-08T03:00:00+00:00,2026-09-08T09:15:00+00:00,103.22,103.9788240393907,102.4611759606093,101.7023519212186,103.29729607487376,0.449069,0.353668,0.0954,SL,26,2026-09-08 03:00:00+00:00
SOL,A_ZONE_EMA_MACD,LONG,2026-09-11T20:00:00+00:00,2026-09-11T20:15:00+00:00,2026-09-11T22:45:00+00:00,102.79,101.28663987852417,104.29336012147584,105.79672024295168,101.46633272300394,-0.880473,0.177771,-1.058244,SL,11,2026-09-11 20:15:00+00:00
SOL,A_ZONE_EMA_MACD,SHORT,2026-09-15T13:30:00+00:00,2026-09-15T13:45:00+00:00,2026-09-15T14:30:00+00:00,100.2,100.89274652525468,99.50725347474533,98.81450694949065,98.81450694949065,1.5,0.376068,1.123932,TP2,4,2026-09-15 13:45:00+00:00
SOL,A_ZONE_EMA_MACD,SHORT,2026-09-24T08:15:00+00:00,2026-09-24T08:30:00+00:00,2026-09-24T13:00:00+00:00,114.28,115.24728036626034,113.31271963373966,112.34543926747932,114.08435326085566,0.601132,0.307179,0.293954,SL,19,2026-09-24 08:30:00+00:00
SOL,B_PLUS_STOCH,SHORT,2025-02-18T14:30:00+00:00,2025-02-18T14:45:00+00:00,2025-02-18T18:00:00+00:00,166.99,170.46273170296212,163.5172682970379,160.0445365940758,165.4514056464856,0.721525,0.125024,0.596501,SL,14,2025-02-18 14:45:00+00:00
SOL,B_PLUS_STOCH,LONG,2025-09-23T16:45:00+00:00,2025-09-23T17:00:00+00:00,2025-09-23T17:30:00+00:00,220.28,217.38041924290843,223.17958075709157,226.07916151418314,217.38041924290843,-1.0,0.197521,-1.197521,SL,3,2025-09-23 17:00:00+00:00
SOL,B_PLUS_STOCH,SHORT,2026-01-15T14:30:00+00:00,2026-01-15T14:45:00+00:00,2026-01-15T17:30:00+00:00,143.49,144.6955601818514,142.28443981814863,141.07887963629724,143.96550537156023,0.302787,0.309461,-0.006675,SL,12,2026-01-15 14:45:00+00:00
SOL,B_PLUS_STOCH,SHORT,2026-01-18T23:00:00+00:00,2026-01-18T23:15:00+00:00,2026-01-18T23:30:00+00:00,141.17,142.02857506935678,140.3114249306432,139.4528498612864,139.4528498612864,1.5,0.427501,1.072499,TP2,2,2026-01-18 23:15:00+00:00
SOL,B_PLUS_STOCH,SHORT,2026-02-10T18:15:00+00:00,2026-02-10T18:30:00+00:00,2026-02-11T00:15:00+00:00,83.38,84.6873362927313,82.07266370726869,80.76532741453738,83.28312354302527,0.537051,0.165824,0.371227,SL,24,2026-02-10 18:30:00+00:00
SOL,B_PLUS_STOCH,LONG,2026-02-15T03:45:00+00:00,2026-02-15T04:00:00+00:00,2026-02-15T07:30:00+00:00,88.56,87.46265426087305,89.65734573912695,90.7546914782539,90.7546914782539,1.5,0.20983,1.29017,TP2,15,2026-02-15 04:00:00+00:00
SOL,B_PLUS_STOCH,LONG,2026-05-03T22:00:00+00:00,2026-05-03T22:15:00+00:00,2026-05-03T23:15:00+00:00,84.72,84.25298111092155,85.18701888907844,85.65403777815689,84.25298111092155,-1.0,0.471655,-1.471655,SL,5,2026-05-03 22:15:00+00:00
SOL,B_PLUS_STOCH,SHORT,2026-08-26T13:00:00+00:00,2026-08-26T13:15:00+00:00,2026-08-26T17:15:00+00:00,96.47,97.60539423313132,95.33460576686868,94.19921153373735,96.6775596380834,0.408596,0.220912,0.187684,SL,17,2026-08-26 13:15:00+00:00
SOL,B_PLUS_STOCH,SHORT,2026-09-24T08:15:00+00:00,2026-09-24T08:30:00+00:00,2026-09-24T13:00:00+00:00,114.28,115.24728036626034,113.31271963373966,112.34543926747932,114.08435326085566,0.601132,0.307179,0.293954,SL,19,2026-09-24 08:30:00+00:00
SOL,C_PLUS_CONFIRMED_STRUCTURE,SHORT,2026-01-15T14:30:00+00:00,2026-01-15T14:45:00+00:00,2026-01-15T17:30:00+00:00,143.49,144.6955601818514,142.28443981814863,141.07887963629724,143.96550537156023,0.302787,0.309461,-0.006675,SL,12,2026-01-15 14:45:00+00:00
SOL,C_PLUS_CONFIRMED_STRUCTURE,SHORT,2026-01-18T23:00:00+00:00,2026-01-18T23:15:00+00:00,2026-01-18T23:30:00+00:00,141.17,142.02857506935678,140.3114249306432,139.4528498612864,139.4528498612864,1.5,0.427501,1.072499,TP2,2,2026-01-18 23:15:00+00:00
SOL,C_PLUS_CONFIRMED_STRUCTURE,LONG,2026-05-03T22:00:00+00:00,2026-05-03T22:15:00+00:00,2026-05-03T23:15:00+00:00,84.72,84.25298111092155,85.18701888907844,85.65403777815689,84.25298111092155,-1.0,0.471655,-1.471655,SL,5,2026-05-03 22:15:00+00:00
SOL,C_PLUS_CONFIRMED_STRUCTURE,SHORT,2026-09-24T08:15:00+00:00,2026-09-24T08:30:00+00:00,2026-09-24T13:00:00+00:00,114.28,115.24728036626034,113.31271963373966,112.34543926747932,114.08435326085566,0.601132,0.307179,0.293954,SL,19,2026-09-24 08:30:00+00:00
SUI,A_ZONE_EMA_MACD,LONG,2025-01-31T00:30:00+00:00,2025-01-31T00:45:00+00:00,2025-01-31T03:15:00+00:00,4.1908,4.106638885899595,4.274961114100406,4.359122228200811,4.106638885899595,-1.0,0.129467,-1.129467,SL,11,2025-01-31 00:45:00+00:00
SUI,A_ZONE_EMA_MACD,SHORT,2025-02-05T14:45:00+00:00,2025-02-05T15:00:00+00:00,2025-02-05T16:30:00+00:00,3.5429,3.619602154604066,3.466197845395934,3.389495690791868,3.389495690791868,1.5,0.120095,1.379905,TP2,7,2025-02-05 15:00:00+00:00
SUI,A_ZONE_EMA_MACD,SHORT,2025-02-09T17:45:00+00:00,2025-02-09T18:00:00+00:00,2025-02-09T20:15:00+00:00,3.0394,3.090684167653,2.9881158323470003,2.9368316646940005,3.057192009197466,-0.34693,0.154091,-0.501021,SL,10,2025-02-09 18:00:00+00:00
SUI,A_ZONE_EMA_MACD,SHORT,2025-02-10T01:30:00+00:00,2025-02-10T01:45:00+00:00,2025-02-10T02:45:00+00:00,2.94,3.0336667736777394,2.8463332263222605,2.752666452644521,2.9939874642018927,-0.576378,0.081608,-0.657986,SL,5,2025-02-10 01:45:00+00:00
SUI,A_ZONE_EMA_MACD,SHORT,2025-02-12T13:30:00+00:00,2025-02-12T13:45:00+00:00,2025-02-12T14:30:00+00:00,3.1615,3.248833696732858,3.0741663032671425,2.9868326065342847,3.210467358499304,-0.560693,0.094121,-0.654813,SL,4,2025-02-12 13:45:00+00:00
SUI,A_ZONE_EMA_MACD,SHORT,2025-02-16T01:00:00+00:00,2025-02-16T01:15:00+00:00,2025-02-16T06:30:00+00:00,3.3893,3.4306467707118604,3.3479532292881395,3.306606458576279,3.4102272306103836,-0.506139,0.213129,-0.719268,SL,22,2025-02-16 01:15:00+00:00
SUI,A_ZONE_EMA_MACD,SHORT,2025-02-16T13:00:00+00:00,2025-02-16T13:15:00+00:00,2025-02-16T18:00:00+00:00,3.3557,3.390979938381934,3.320420061618066,3.285140123236132,3.285140123236132,1.5,0.247303,1.252697,TP2,20,2025-02-16 13:15:00+00:00
SUI,A_ZONE_EMA_MACD,LONG,2025-02-20T14:00:00+00:00,2025-02-20T14:15:00+00:00,2025-02-20T14:45:00+00:00,3.3371,3.287549192458411,3.386650807541589,3.4362016150831782,3.287549192458411,-1.0,0.175102,-1.175102,SL,3,2025-02-20 14:15:00+00:00
SUI,A_ZONE_EMA_MACD,LONG,2025-02-20T16:15:00+00:00,2025-02-20T16:30:00+00:00,2025-02-20T21:00:00+00:00,3.3474,3.282473301722212,3.412326698277788,3.4772533965555756,3.4772533965555756,1.5,0.134047,1.365953,TP2,19,2025-02-20 16:30:00+00:00
SUI,A_ZONE_EMA_MACD,SHORT,2025-02-26T17:15:00+00:00,2025-02-26T17:30:00+00:00,2025-02-26T18:45:00+00:00,2.9284,3.0025899920737045,2.8542100079262953,2.7800200158525907,2.7800200158525907,1.5,0.102626,1.397374,TP2,6,2025-02-26 17:30:00+00:00
SUI,A_ZONE_EMA_MACD,LONG,2025-03-06T14:00:00+00:00,2025-03-06T14:15:00+00:00,2025-03-06T14:30:00+00:00,2.8694,2.7715947035850514,2.967205296414949,3.0650105928298976,2.7715947035850514,-1.0,0.076278,-1.076278,SL,2,2025-03-06 14:15:00+00:00
SUI,A_ZONE_EMA_MACD,LONG,2025-03-20T13:30:00+00:00,2025-03-20T13:45:00+00:00,2025-03-20T15:00:00+00:00,2.4614,2.423494735799075,2.499305264200925,2.53721052840185,2.4360374882641964,-0.669103,0.168832,-0.837935,SL,6,2025-03-20 13:45:00+00:00
SUI,A_ZONE_EMA_MACD,LONG,2025-03-22T15:45:00+00:00,2025-03-22T16:00:00+00:00,2025-03-22T20:45:00+00:00,2.2938,2.2707290932068545,2.3168709067931457,2.3399418135862913,2.27917894912279,-0.633744,0.258502,-0.892246,SL,20,2025-03-22 16:00:00+00:00
SUI,A_ZONE_EMA_MACD,LONG,2025-03-26T04:30:00+00:00,2025-03-26T04:45:00+00:00,2025-03-26T07:30:00+00:00,2.4867,2.455654021729005,2.517745978270995,2.54879195654199,2.54879195654199,1.5,0.208253,1.291747,TP2,12,2025-03-26 04:45:00+00:00
SUI,A_ZONE_EMA_MACD,LONG,2025-04-08T01:30:00+00:00,2025-04-08T01:45:00+00:00,2025-04-08T06:00:00+00:00,2.078,2.0244073763539667,2.131592623646033,2.185185247292066,2.04515125052041,-0.612934,0.100812,-0.713747,SL,18,2025-04-08 01:45:00+00:00
SUI,A_ZONE_EMA_MACD,LONG,2025-04-12T13:00:00+00:00,2025-04-12T13:15:00+00:00,2025-04-12T14:15:00+00:00,2.2335,2.2016830929345157,2.265316907065484,2.297133814130968,2.297133814130968,1.5,0.182516,1.317484,TP2,5,2025-04-12 13:15:00+00:00
SUI,A_ZONE_EMA_MACD,LONG,2025-04-13T03:00:00+00:00,2025-04-13T03:15:00+00:00,2025-04-13T04:30:00+00:00,2.369,2.327818892491468,2.4101811075085324,2.4513622150170646,2.3645852794474327,0.446399,0.149569,0.29683,SL,6,2025-04-13 03:15:00+00:00
SUI,A_ZONE_EMA_MACD,SHORT,2025-04-15T14:15:00+00:00,2025-04-15T14:30:00+00:00,2025-04-16T01:15:00+00:00,2.1488,2.2033809425845376,2.0942190574154624,2.039638114830925,2.1064885500939683,0.887603,0.10236,0.785243,SL,44,2025-04-15 14:30:00+00:00
SUI,A_ZONE_EMA_MACD,LONG,2025-05-01T05:45:00+00:00,2025-05-01T06:00:00+00:00,2025-05-01T06:45:00+00:00,3.5249,3.474173694806448,3.5756263051935524,3.6263526103871047,3.474173694806448,-1.0,0.18067,-1.18067,SL,4,2025-05-01 06:00:00+00:00
SUI,A_ZONE_EMA_MACD,SHORT,2025-05-06T08:15:00+00:00,2025-05-06T08:30:00+00:00,2025-05-06T14:00:00+00:00,3.2698,3.3260173443751184,3.2135826556248817,3.1573653112497633,3.244898379400347,0.721476,0.151225,0.570251,SL,23,2025-05-06 08:30:00+00:00
SUI,A_ZONE_EMA_MACD,SHORT,2025-05-13T00:30:00+00:00,2025-05-13T00:45:00+00:00,2025-05-13T04:30:00+00:00,3.9058,3.974683678281241,3.836916321718759,3.768032643437518,3.903573260225764,0.516163,0.147424,0.368739,SL,16,2025-05-13 00:45:00+00:00
SUI,A_ZONE_EMA_MACD,SHORT,2025-05-17T18:45:00+00:00,2025-05-17T19:00:00+00:00,2025-05-17T20:45:00+00:00,3.7483,3.8093189304612682,3.6872810695387317,3.6262621390774634,3.8093189304612682,-1.0,0.159714,-1.159714,SL,8,2025-05-17 19:00:00+00:00
SUI,A_ZONE_EMA_MACD,SHORT,2025-06-05T05:30:00+00:00,2025-06-05T05:45:00+00:00,2025-06-05T12:00:00+00:00,3.1655,3.199556779750519,3.1314432202494813,3.0973864404989624,3.172712876499076,0.394105,0.241664,0.152441,SL,26,2025-06-05 05:45:00+00:00
SUI,A_ZONE_EMA_MACD,LONG,2025-06-23T12:45:00+00:00,2025-06-23T13:00:00+00:00,2025-06-23T13:15:00+00:00,2.5257,2.492856686072964,2.558543313927036,2.5913866278540723,2.492856686072964,-1.0,0.199944,-1.199944,SL,2,2025-06-23 13:00:00+00:00
SUI,A_ZONE_EMA_MACD,LONG,2025-07-08T17:00:00+00:00,2025-07-08T17:15:00+00:00,2025-07-08T20:15:00+00:00,2.9082,2.876223394745382,2.9401766052546177,2.9721532105092354,2.8976458500874647,-0.330058,0.236464,-0.566523,SL,13,2025-07-08 17:15:00+00:00
SUI,A_ZONE_EMA_MACD,SHORT,2025-07-12T20:45:00+00:00,2025-07-12T21:00:00+00:00,2025-07-12T21:45:00+00:00,3.346,3.3881590129977024,3.303840987002298,3.2616819740045955,3.3881590129977024,-1.0,0.206352,-1.206352,SL,4,2025-07-12 21:00:00+00:00
SUI,A_ZONE_EMA_MACD,LONG,2025-07-17T15:30:00+00:00,2025-07-17T15:45:00+00:00,2025-07-17T16:30:00+00:00,4.048,3.9775681093569046,4.1184318906430954,4.188863781286191,3.9786989586885544,-0.983944,0.149432,-1.133376,SL,4,2025-07-17 15:45:00+00:00
SUI,A_ZONE_EMA_MACD,LONG,2025-07-27T11:00:00+00:00,2025-07-27T11:15:00+00:00,2025-07-27T12:15:00+00:00,4.2344,4.185153435818894,4.2836465641811055,4.332893128362211,4.332893128362211,1.5,0.223558,1.276442,TP2,5,2025-07-27 11:15:00+00:00
SUI,A_ZONE_EMA_MACD,LONG,2025-08-07T19:45:00+00:00,2025-08-07T20:00:00+00:00,2025-08-08T00:15:00+00:00,3.7392,3.688854778770947,3.789545221229053,3.8398904424581057,3.7461299868833287,0.568825,0.193105,0.37572,SL,18,2025-08-07 20:00:00+00:00
SUI,A_ZONE_EMA_MACD,SHORT,2025-08-12T05:15:00+00:00,2025-08-12T05:30:00+00:00,2025-08-12T07:00:00+00:00,3.6581,3.6931503301660986,3.6230496698339016,3.587999339667803,3.6848359604136003,-0.762788,0.271354,-1.034142,SL,7,2025-08-12 05:30:00+00:00
SUI,A_ZONE_EMA_MACD,LONG,2025-08-13T07:45:00+00:00,2025-08-13T08:00:00+00:00,2025-08-13T10:15:00+00:00,3.9063,3.85551852001502,3.95708147998498,4.00786295996996,4.00786295996996,1.5,0.200002,1.299998,TP2,10,2025-08-13 08:00:00+00:00
SUI,A_ZONE_EMA_MACD,LONG,2025-08-15T12:30:00+00:00,2025-08-15T12:45:00+00:00,2025-08-15T13:30:00+00:00,3.8533,3.8025501981775296,3.9040498018224703,3.9547996036449407,3.8025501981775296,-1.0,0.197411,-1.197411,SL,4,2025-08-15 12:45:00+00:00
SUI,A_ZONE_EMA_MACD,LONG,2025-09-10T12:30:00+00:00,2025-09-10T12:45:00+00:00,2025-09-10T13:45:00+00:00,3.557,3.52531308577153,3.58868691422847,3.62037382845694,3.62037382845694,1.5,0.291862,1.208138,TP2,5,2025-09-10 12:45:00+00:00
SUI,A_ZONE_EMA_MACD,SHORT,2025-09-14T11:15:00+00:00,2025-09-14T11:30:00+00:00,2025-09-14T13:45:00+00:00,3.7491,3.7850556659580628,3.713144334041937,3.677188668083874,3.677188668083874,1.5,0.271102,1.228898,TP2,10,2025-09-14 11:30:00+00:00
SUI,A_ZONE_EMA_MACD,SHORT,2025-09-21T04:15:00+00:00,2025-09-21T04:30:00+00:00,2025-09-21T06:00:00+00:00,3.6493,3.672229774429021,3.6263702255709793,3.6034404511419584,3.672229774429021,-1.0,0.413793,-1.413793,SL,7,2025-09-21 04:30:00+00:00
SUI,A_ZONE_EMA_MACD,SHORT,2025-10-08T03:15:00+00:00,2025-10-08T03:30:00+00:00,2025-10-08T04:30:00+00:00,3.4351,3.4695903902326584,3.4006096097673413,3.3661192195346827,3.4690267909303256,-0.983659,0.258949,-1.242608,SL,5,2025-10-08 03:30:00+00:00
SUI,A_ZONE_EMA_MACD,LONG,2025-10-13T05:15:00+00:00,2025-10-13T05:30:00+00:00,2025-10-13T11:00:00+00:00,2.819,2.7635774557693558,2.874422544230644,2.9298450884612883,2.8468223027546045,0.751002,0.132246,0.618756,SL,23,2025-10-13 05:30:00+00:00
SUI,A_ZONE_EMA_MACD,LONG,2025-10-18T17:15:00+00:00,2025-10-18T17:30:00+00:00,2025-10-18T21:00:00+00:00,2.4917,2.46166495327712,2.5217350467228794,2.551770093445759,2.484576413795068,0.381412,0.215695,0.165717,SL,15,2025-10-18 17:30:00+00:00
SUI,A_ZONE_EMA_MACD,LONG,2025-10-23T15:00:00+00:00,2025-10-23T15:15:00+00:00,2025-10-23T19:00:00+00:00,2.462,2.4300919828598677,2.4939080171401327,2.525816034280265,2.457013476420367,0.421861,0.200614,0.221247,SL,16,2025-10-23 15:15:00+00:00
SUI,A_ZONE_EMA_MACD,LONG,2025-10-26T22:00:00+00:00,2025-10-26T22:15:00+00:00,2025-10-27T03:15:00+00:00,2.6628,2.6349964583525667,2.690603541647433,2.718407083294866,2.6707643048863785,0.643225,0.249007,0.394218,SL,21,2025-10-26 22:15:00+00:00
SUI,A_ZONE_EMA_MACD,LONG,2025-11-01T07:15:00+00:00,2025-11-01T07:30:00+00:00,2025-11-01T13:30:00+00:00,2.3838,2.3604731889075143,2.4071268110924855,2.430453622184971,2.3671935902394905,-0.711902,0.265698,-0.9776,SL,25,2025-11-01 07:30:00+00:00
SUI,A_ZONE_EMA_MACD,SHORT,2025-11-13T03:00:00+00:00,2025-11-13T03:15:00+00:00,2025-11-13T03:15:00+00:00,1.9599,1.9876506826739184,1.9321493173260815,1.904398634652163,1.9876506826739184,-1.0,0.183626,-1.183626,SL,1,2025-11-13 03:15:00+00:00
SUI,A_ZONE_EMA_MACD,LONG,2025-11-18T15:15:00+00:00,2025-11-18T15:30:00+00:00,2025-11-18T21:30:00+00:00,1.6685,1.6345862498369739,1.7024137501630263,1.7363275003260525,1.666677074932287,-0.053752,0.127916,-0.181667,SL,25,2025-11-18 15:30:00+00:00
SUI,A_ZONE_EMA_MACD,SHORT,2025-11-22T20:30:00+00:00,2025-11-22T20:45:00+00:00,2025-11-22T22:15:00+00:00,1.3227,1.3443357212819802,1.3010642787180198,1.2794285574360396,1.3443357212819802,-1.0,0.158951,-1.158951,SL,7,2025-11-22 20:45:00+00:00
SUI,A_ZONE_EMA_MACD,LONG,2025-12-12T12:45:00+00:00,2025-12-12T13:00:00+00:00,2025-12-12T15:00:00+00:00,1.6583,1.639755395172086,1.6768446048279142,1.6953892096558283,1.6405442955169371,-0.957459,0.232498,-1.189957,SL,9,2025-12-12 13:00:00+00:00
SUI,A_ZONE_EMA_MACD,SHORT,2025-12-23T17:45:00+00:00,2025-12-23T18:00:00+00:00,2025-12-23T18:30:00+00:00,1.4206,1.4401616943169726,1.4010383056830276,1.381476611366055,1.4401616943169726,-1.0,0.188816,-1.188816,SL,3,2025-12-23 18:00:00+00:00
SUI,A_ZONE_EMA_MACD,LONG,2025-12-25T02:30:00+00:00,2025-12-25T02:45:00+00:00,2025-12-25T06:00:00+00:00,1.4205,1.4110575160389887,1.4299424839610115,1.439384967922023,1.4110575160389887,-1.0,0.391136,-1.391136,SL,14,2025-12-25 02:45:00+00:00
SUI,A_ZONE_EMA_MACD,LONG,2025-12-27T09:15:00+00:00,2025-12-27T09:30:00+00:00,2025-12-27T10:30:00+00:00,1.4061,1.3998350268039128,1.412364973196087,1.418629946392174,1.4004968106036335,-0.894368,0.58354,-1.477907,SL,5,2025-12-27 09:30:00+00:00
SUI,A_ZONE_EMA_MACD,LONG,2026-01-26T14:30:00+00:00,2026-01-26T14:45:00+00:00,2026-01-26T15:30:00+00:00,1.4489,1.4336942553260843,1.4641057446739159,1.4793114893478316,1.4458802507658584,0.400704,0.247745,0.152959,SL,4,2026-01-26 14:45:00+00:00
SUI,A_ZONE_EMA_MACD,LONG,2026-01-26T21:30:00+00:00,2026-01-26T21:45:00+00:00,2026-01-27T05:00:00+00:00,1.4546,1.436945423754603,1.4722545762453967,1.4899091524907935,1.4390517088376402,-0.880695,0.21422,-1.094914,SL,30,2026-01-26 21:45:00+00:00
SUI,A_ZONE_EMA_MACD,SHORT,2026-02-16T11:00:00+00:00,2026-02-16T11:15:00+00:00,2026-02-16T12:15:00+00:00,0.9547,0.9654530648160153,0.9439469351839846,0.9331938703679693,0.9654530648160153,-1.0,0.230838,-1.230838,SL,5,2026-02-16 11:15:00+00:00
SUI,A_ZONE_EMA_MACD,SHORT,2026-02-17T17:30:00+00:00,2026-02-17T17:45:00+00:00,2026-02-17T18:15:00+00:00,0.955,0.9743704795432183,0.9356295204567816,0.9162590409135632,0.9743704795432183,-1.0,0.128185,-1.128185,SL,3,2026-02-17 17:45:00+00:00
SUI,A_ZONE_EMA_MACD,SHORT,2026-02-22T12:00:00+00:00,2026-02-22T12:15:00+00:00,2026-02-22T17:00:00+00:00,0.9259,0.9320199387195981,0.9197800612804018,0.9136601225608036,0.9259111589369824,0.499088,0.39336,0.105728,SL,20,2026-02-22 12:15:00+00:00
SUI,A_ZONE_EMA_MACD,SHORT,2026-02-23T00:30:00+00:00,2026-02-23T00:45:00+00:00,2026-02-23T01:00:00+00:00,0.9151,0.9227698322564137,0.9074301677435863,0.8997603354871726,0.8997603354871726,1.5,0.31021,1.18979,TP2,2,2026-02-23 00:45:00+00:00
SUI,A_ZONE_EMA_MACD,LONG,2026-02-25T01:00:00+00:00,2026-02-25T01:15:00+00:00,2026-02-25T03:15:00+00:00,0.8872,0.8756963683389996,0.8987036316610004,0.9102072633220009,0.8850813795327511,0.407915,0.200521,0.207394,SL,9,2026-02-25 01:15:00+00:00
SUI,A_ZONE_EMA_MACD,LONG,2026-04-01T12:30:00+00:00,2026-04-01T12:45:00+00:00,2026-04-01T13:30:00+00:00,0.8985,0.8891291783727066,0.9078708216272934,0.9172416432545868,0.8891291783727066,-1.0,0.249295,-1.249295,SL,4,2026-04-01 12:45:00+00:00
SUI,A_ZONE_EMA_MACD,SHORT,2026-04-04T13:15:00+00:00,2026-04-04T13:30:00+00:00,2026-04-04T15:00:00+00:00,0.8673,0.87140087092216,0.8631991290778399,0.8590982581556799,0.8670236574926028,0.533693,0.549878,-0.016185,SL,7,2026-04-04 13:30:00+00:00
SUI,A_ZONE_EMA_MACD,LONG,2026-04-14T13:30:00+00:00,2026-04-14T13:45:00+00:00,2026-04-14T14:30:00+00:00,0.9552,0.9469342234305069,0.9634657765694932,0.9717315531389863,0.9513674931854706,-0.46366,0.300458,-0.764118,SL,4,2026-04-14 13:45:00+00:00
SUI,A_ZONE_EMA_MACD,LONG,2026-04-16T02:15:00+00:00,2026-04-16T02:30:00+00:00,2026-04-16T05:00:00+00:00,0.9656,0.9560403956624242,0.9751596043375759,0.9847192086751517,0.9678784496975867,0.619171,0.262622,0.356549,SL,11,2026-04-16 02:30:00+00:00
SUI,A_ZONE_EMA_MACD,SHORT,2026-04-18T08:15:00+00:00,2026-04-18T08:30:00+00:00,2026-04-18T10:30:00+00:00,0.9918,1.001258635365204,0.982341364634796,0.9728827292695921,0.9728827292695921,1.5,0.272627,1.227373,TP2,9,2026-04-18 08:30:00+00:00
SUI,A_ZONE_EMA_MACD,LONG,2026-04-29T09:45:00+00:00,2026-04-29T10:00:00+00:00,2026-04-29T10:30:00+00:00,0.9353,0.9293784865104863,0.9412215134895138,0.9471430269790275,0.930573797042205,-0.798141,0.410669,-1.20881,SL,3,2026-04-29 10:00:00+00:00
SUI,A_ZONE_EMA_MACD,SHORT,2026-04-30T10:15:00+00:00,2026-04-30T10:30:00+00:00,2026-04-30T12:15:00+00:00,0.903,0.9091513056732298,0.8968486943267703,0.8906973886535405,0.9091513056732298,-1.0,0.381675,-1.381675,SL,8,2026-04-30 10:30:00+00:00
SUI,A_ZONE_EMA_MACD,LONG,2026-05-10T07:15:00+00:00,2026-05-10T07:30:00+00:00,2026-05-10T08:15:00+00:00,1.0893,1.0753338848457752,1.1032661151542247,1.1172322303084494,1.1172322303084494,1.5,0.202789,1.297211,TP2,4,2026-05-10 07:30:00+00:00
SUI,A_ZONE_EMA_MACD,SHORT,2026-05-11T14:30:00+00:00,2026-05-11T14:45:00+00:00,2026-05-11T16:00:00+00:00,1.264,1.2959921375453896,1.2320078624546105,1.200015724909221,1.2959921375453896,-1.0,0.102725,-1.102725,SL,6,2026-05-11 14:45:00+00:00
SUI,A_ZONE_EMA_MACD,SHORT,2026-05-14T06:30:00+00:00,2026-05-14T06:45:00+00:00,2026-05-14T10:45:00+00:00,1.2015,1.2201848457611923,1.1828151542388077,1.1641303084776153,1.20765996503914,-0.329677,0.167189,-0.496866,SL,17,2026-05-14 06:45:00+00:00
SUI,A_ZONE_EMA_MACD,SHORT,2026-06-05T18:15:00+00:00,2026-06-05T18:30:00+00:00,2026-06-05T19:45:00+00:00,0.693,0.7156864228976473,0.6703135771023526,0.6476271542047053,0.7007105215401352,0.330063,0.079422,0.250641,SL,6,2026-06-05 18:30:00+00:00
SUI,A_ZONE_EMA_MACD,LONG,2026-06-06T12:45:00+00:00,2026-06-06T13:00:00+00:00,2026-06-06T15:15:00+00:00,0.718,0.7011971711058073,0.7348028288941927,0.7516056577883854,0.7099328040218135,-0.480109,0.1111,-0.59121,SL,10,2026-06-06 13:00:00+00:00
SUI,A_ZONE_EMA_MACD,LONG,2026-06-10T00:45:00+00:00,2026-06-10T01:00:00+00:00,2026-06-10T01:30:00+00:00,0.7561,0.7458185658830518,0.7663814341169481,0.7766628682338963,0.7458185658830518,-1.0,0.191205,-1.191205,SL,3,2026-06-10 01:00:00+00:00
SUI,A_ZONE_EMA_MACD,LONG,2026-06-11T17:15:00+00:00,2026-06-11T17:30:00+00:00,2026-06-11T20:15:00+00:00,0.7542,0.7447653521985561,0.7636346478014439,0.7730692956028877,0.7573895128650816,0.669032,0.207842,0.461189,SL,12,2026-06-11 17:30:00+00:00
SUI,A_ZONE_EMA_MACD,LONG,2026-06-12T14:45:00+00:00,2026-06-12T15:00:00+00:00,2026-06-12T15:30:00+00:00,0.7632,0.7542988498685006,0.7721011501314994,0.7810023002629988,0.7599417891636077,-0.366044,0.222928,-0.588972,SL,3,2026-06-12 15:00:00+00:00
SUI,A_ZONE_EMA_MACD,SHORT,2026-06-21T11:15:00+00:00,2026-06-21T11:30:00+00:00,2026-06-21T12:45:00+00:00,0.7066,0.7127482622860558,0.7004517377139442,0.6943034754278884,0.7094043120417145,-0.456115,0.29881,-0.754924,SL,6,2026-06-21 11:30:00+00:00
SUI,A_ZONE_EMA_MACD,LONG,2026-06-21T19:00:00+00:00,2026-06-21T19:15:00+00:00,2026-06-21T20:45:00+00:00,0.7127,0.7071020916524322,0.7182979083475678,0.7238958166951356,0.7074691504554136,-0.934429,0.33102,-1.265449,SL,7,2026-06-21 19:15:00+00:00
SUI,A_ZONE_EMA_MACD,LONG,2026-07-01T09:00:00+00:00,2026-07-01T09:15:00+00:00,2026-07-01T11:00:00+00:00,0.7039,0.6952832504866581,0.7125167495133419,0.7211334990266838,0.6952832504866581,-1.0,0.212393,-1.212393,SL,8,2026-07-01 09:15:00+00:00
SUI,A_ZONE_EMA_MACD,LONG,2026-07-11T17:15:00+00:00,2026-07-11T17:30:00+00:00,2026-07-11T19:30:00+00:00,0.7473,0.7412200417530127,0.7533799582469872,0.7594599164939745,0.7443486381211617,-0.485425,0.319571,-0.804996,SL,9,2026-07-11 17:30:00+00:00
SUI,A_ZONE_EMA_MACD,LONG,2026-07-21T00:30:00+00:00,2026-07-21T00:45:00+00:00,2026-07-21T01:45:00+00:00,0.7696,0.7636155123880811,0.7755844876119188,0.7815689752238376,0.7642251101713557,-0.898137,0.334358,-1.232495,SL,5,2026-07-21 00:45:00+00:00
SUI,A_ZONE_EMA_MACD,SHORT,2026-08-10T21:00:00+00:00,2026-08-10T21:15:00+00:00,2026-08-11T01:15:00+00:00,0.6889,0.6939175483052741,0.6838824516947258,0.6788649033894517,0.6884261969255688,0.547215,0.356975,0.190239,SL,17,2026-08-10 21:15:00+00:00
SUI,A_ZONE_EMA_MACD,LONG,2026-08-17T10:45:00+00:00,2026-08-17T11:00:00+00:00,2026-08-17T12:30:00+00:00,0.6789,0.6753596125260131,0.6824403874739868,0.6859807749479737,0.6753596125260131,-1.0,0.498573,-1.498573,SL,7,2026-08-17 11:00:00+00:00
SUI,A_ZONE_EMA_MACD,SHORT,2026-08-22T21:00:00+00:00,2026-08-22T21:15:00+00:00,2026-08-23T00:30:00+00:00,0.8169,0.8343129159084943,0.7994870840915056,0.7820741681830112,0.8275093572343157,-0.609281,0.121975,-0.731256,SL,14,2026-08-22 21:15:00+00:00
SUI,A_ZONE_EMA_MACD,SHORT,2026-08-28T15:45:00+00:00,2026-08-28T16:00:00+00:00,2026-08-29T00:00:00+00:00,0.7524,0.7673204091435847,0.7374795908564152,0.7225591817128305,0.7442457777477022,0.773257,0.131112,0.642146,SL,33,2026-08-28 16:00:00+00:00
SUI,A_ZONE_EMA_MACD,SHORT,2026-09-04T12:30:00+00:00,2026-09-04T12:45:00+00:00,2026-09-04T19:15:00+00:00,0.7501,0.7633528110118178,0.7368471889881821,0.7235943779763643,0.7572130747428691,-0.536722,0.147158,-0.68388,SL,27,2026-09-04 12:45:00+00:00
SUI,A_ZONE_EMA_MACD,LONG,2026-09-07T08:00:00+00:00,2026-09-07T08:15:00+00:00,2026-09-07T09:45:00+00:00,0.8113,0.7958248772397041,0.826775122760296,0.8422502455205919,0.8010800582789251,-0.660411,0.136308,-0.796719,SL,7,2026-09-07 08:15:00+00:00
SUI,A_ZONE_EMA_MACD,SHORT,2026-09-15T14:15:00+00:00,2026-09-15T14:30:00+00:00,2026-09-15T14:45:00+00:00,0.7069,0.7143592154437371,0.6994407845562628,0.6919815691125256,0.6919815691125256,1.5,0.246399,1.253601,TP2,2,2026-09-15 14:30:00+00:00
SUI,A_ZONE_EMA_MACD,SHORT,2026-09-15T18:30:00+00:00,2026-09-15T18:45:00+00:00,2026-09-16T03:00:00+00:00,0.6889,0.7014581115349191,0.6763418884650808,0.6637837769301617,0.6909750751587795,0.417381,0.142628,0.274753,SL,34,2026-09-15 18:45:00+00:00
SUI,A_ZONE_EMA_MACD,LONG,2026-09-17T12:00:00+00:00,2026-09-17T12:15:00+00:00,2026-09-17T13:30:00+00:00,0.7247,0.7173619675878666,0.7320380324121334,0.7393760648242668,0.7212503984744476,-0.470099,0.256775,-0.726874,SL,6,2026-09-17 12:15:00+00:00
SUI,A_ZONE_EMA_MACD,LONG,2026-09-20T00:30:00+00:00,2026-09-20T00:45:00+00:00,2026-09-20T01:15:00+00:00,0.8706,0.8530331231212198,0.8881668768787803,0.9057337537575605,0.8530331231212198,-1.0,0.128854,-1.128854,SL,3,2026-09-20 00:45:00+00:00
SUI,A_ZONE_EMA_MACD,LONG,2026-09-28T00:15:00+00:00,2026-09-28T00:30:00+00:00,2026-09-28T01:45:00+00:00,1.2891,1.2578230720319545,1.3203769279680453,1.3516538559360907,1.2578230720319545,-1.0,0.107161,-1.107161,SL,6,2026-09-28 00:30:00+00:00
SUI,A_ZONE_EMA_MACD,SHORT,2026-09-29T00:45:00+00:00,2026-09-29T01:00:00+00:00,2026-09-29T02:15:00+00:00,1.1445,1.1643728203985582,1.124627179601442,1.104754359202884,1.104754359202884,1.5,0.149737,1.350263,TP2,6,2026-09-29 01:00:00+00:00
SUI,A_ZONE_EMA_MACD,LONG,2026-09-30T12:30:00+00:00,2026-09-30T12:45:00+00:00,2026-09-30T13:30:00+00:00,1.1779,1.1553234149955596,1.2004765850044403,1.2230531700088807,1.1756145928371882,0.449385,0.135651,0.313734,SL,4,2026-09-30 12:45:00+00:00
SUI,B_PLUS_STOCH,SHORT,2025-02-05T14:45:00+00:00,2025-02-05T15:00:00+00:00,2025-02-05T16:30:00+00:00,3.5429,3.619602154604066,3.466197845395934,3.389495690791868,3.389495690791868,1.5,0.120095,1.379905,TP2,7,2025-02-05 15:00:00+00:00
SUI,B_PLUS_STOCH,LONG,2025-03-06T14:00:00+00:00,2025-03-06T14:15:00+00:00,2025-03-06T14:30:00+00:00,2.8694,2.7715947035850514,2.967205296414949,3.0650105928298976,2.7715947035850514,-1.0,0.076278,-1.076278,SL,2,2025-03-06 14:15:00+00:00
SUI,B_PLUS_STOCH,SHORT,2025-04-15T14:15:00+00:00,2025-04-15T14:30:00+00:00,2025-04-16T01:15:00+00:00,2.1488,2.2033809425845376,2.0942190574154624,2.039638114830925,2.1064885500939683,0.887603,0.10236,0.785243,SL,44,2025-04-15 14:30:00+00:00
SUI,B_PLUS_STOCH,SHORT,2025-05-17T18:45:00+00:00,2025-05-17T19:00:00+00:00,2025-05-17T20:45:00+00:00,3.7483,3.8093189304612682,3.6872810695387317,3.6262621390774634,3.8093189304612682,-1.0,0.159714,-1.159714,SL,8,2025-05-17 19:00:00+00:00
SUI,B_PLUS_STOCH,SHORT,2025-08-12T05:15:00+00:00,2025-08-12T05:30:00+00:00,2025-08-12T07:00:00+00:00,3.6581,3.6931503301660986,3.6230496698339016,3.587999339667803,3.6848359604136003,-0.762788,0.271354,-1.034142,SL,7,2025-08-12 05:30:00+00:00
SUI,B_PLUS_STOCH,SHORT,2025-09-14T11:15:00+00:00,2025-09-14T11:30:00+00:00,2025-09-14T13:45:00+00:00,3.7491,3.7850556659580628,3.713144334041937,3.677188668083874,3.677188668083874,1.5,0.271102,1.228898,TP2,10,2025-09-14 11:30:00+00:00
SUI,B_PLUS_STOCH,SHORT,2025-11-13T03:00:00+00:00,2025-11-13T03:15:00+00:00,2025-11-13T03:15:00+00:00,1.9599,1.9876506826739184,1.9321493173260815,1.904398634652163,1.9876506826739184,-1.0,0.183626,-1.183626,SL,1,2025-11-13 03:15:00+00:00
SUI,B_PLUS_STOCH,SHORT,2025-11-22T20:30:00+00:00,2025-11-22T20:45:00+00:00,2025-11-22T22:15:00+00:00,1.3227,1.3443357212819802,1.3010642787180198,1.2794285574360396,1.3443357212819802,-1.0,0.158951,-1.158951,SL,7,2025-11-22 20:45:00+00:00
SUI,B_PLUS_STOCH,LONG,2025-12-12T12:45:00+00:00,2025-12-12T13:00:00+00:00,2025-12-12T15:00:00+00:00,1.6583,1.639755395172086,1.6768446048279142,1.6953892096558283,1.6405442955169371,-0.957459,0.232498,-1.189957,SL,9,2025-12-12 13:00:00+00:00
SUI,B_PLUS_STOCH,LONG,2025-12-27T09:15:00+00:00,2025-12-27T09:30:00+00:00,2025-12-27T10:30:00+00:00,1.4061,1.3998350268039128,1.412364973196087,1.418629946392174,1.4004968106036335,-0.894368,0.58354,-1.477907,SL,5,2025-12-27 09:30:00+00:00
SUI,B_PLUS_STOCH,LONG,2026-06-11T17:15:00+00:00,2026-06-11T17:30:00+00:00,2026-06-11T20:15:00+00:00,0.7542,0.7447653521985561,0.7636346478014439,0.7730692956028877,0.7573895128650816,0.669032,0.207842,0.461189,SL,12,2026-06-11 17:30:00+00:00
SUI,B_PLUS_STOCH,SHORT,2026-09-04T12:30:00+00:00,2026-09-04T12:45:00+00:00,2026-09-04T19:15:00+00:00,0.7501,0.7633528110118178,0.7368471889881821,0.7235943779763643,0.7572130747428691,-0.536722,0.147158,-0.68388,SL,27,2026-09-04 12:45:00+00:00
SUI,B_PLUS_STOCH,LONG,2026-09-07T08:00:00+00:00,2026-09-07T08:15:00+00:00,2026-09-07T09:45:00+00:00,0.8113,0.7958248772397041,0.826775122760296,0.8422502455205919,0.8010800582789251,-0.660411,0.136308,-0.796719,SL,7,2026-09-07 08:15:00+00:00
SUI,B_PLUS_STOCH,SHORT,2026-09-15T18:30:00+00:00,2026-09-15T18:45:00+00:00,2026-09-16T03:00:00+00:00,0.6889,0.7014581115349191,0.6763418884650808,0.6637837769301617,0.6909750751587795,0.417381,0.142628,0.274753,SL,34,2026-09-15 18:45:00+00:00
SUI,B_PLUS_STOCH,LONG,2026-09-17T12:00:00+00:00,2026-09-17T12:15:00+00:00,2026-09-17T13:30:00+00:00,0.7247,0.7173619675878666,0.7320380324121334,0.7393760648242668,0.7212503984744476,-0.470099,0.256775,-0.726874,SL,6,2026-09-17 12:15:00+00:00
SUI,B_PLUS_STOCH,LONG,2026-09-30T12:30:00+00:00,2026-09-30T12:45:00+00:00,2026-09-30T13:30:00+00:00,1.1779,1.1553234149955596,1.2004765850044403,1.2230531700088807,1.1756145928371882,0.449385,0.135651,0.313734,SL,4,2026-09-30 12:45:00+00:00
SUI,C_PLUS_CONFIRMED_STRUCTURE,SHORT,2025-02-05T14:45:00+00:00,2025-02-05T15:00:00+00:00,2025-02-05T16:30:00+00:00,3.5429,3.619602154604066,3.466197845395934,3.389495690791868,3.389495690791868,1.5,0.120095,1.379905,TP2,7,2025-02-05 15:00:00+00:00
SUI,C_PLUS_CONFIRMED_STRUCTURE,LONG,2025-03-06T14:00:00+00:00,2025-03-06T14:15:00+00:00,2025-03-06T14:30:00+00:00,2.8694,2.7715947035850514,2.967205296414949,3.0650105928298976,2.7715947035850514,-1.0,0.076278,-1.076278,SL,2,2025-03-06 14:15:00+00:00
SUI,C_PLUS_CONFIRMED_STRUCTURE,SHORT,2025-04-15T14:15:00+00:00,2025-04-15T14:30:00+00:00,2025-04-16T01:15:00+00:00,2.1488,2.2033809425845376,2.0942190574154624,2.039638114830925,2.1064885500939683,0.887603,0.10236,0.785243,SL,44,2025-04-15 14:30:00+00:00
SUI,C_PLUS_CONFIRMED_STRUCTURE,SHORT,2025-08-12T05:15:00+00:00,2025-08-12T05:30:00+00:00,2025-08-12T07:00:00+00:00,3.6581,3.6931503301660986,3.6230496698339016,3.587999339667803,3.6848359604136003,-0.762788,0.271354,-1.034142,SL,7,2025-08-12 05:30:00+00:00
SUI,C_PLUS_CONFIRMED_STRUCTURE,SHORT,2025-11-22T20:30:00+00:00,2025-11-22T20:45:00+00:00,2025-11-22T22:15:00+00:00,1.3227,1.3443357212819802,1.3010642787180198,1.2794285574360396,1.3443357212819802,-1.0,0.158951,-1.158951,SL,7,2025-11-22 20:45:00+00:00
SUI,C_PLUS_CONFIRMED_STRUCTURE,LONG,2025-12-12T12:45:00+00:00,2025-12-12T13:00:00+00:00,2025-12-12T15:00:00+00:00,1.6583,1.639755395172086,1.6768446048279142,1.6953892096558283,1.6405442955169371,-0.957459,0.232498,-1.189957,SL,9,2025-12-12 13:00:00+00:00
SUI,C_PLUS_CONFIRMED_STRUCTURE,LONG,2025-12-27T10:45:00+00:00,2025-12-27T11:00:00+00:00,2025-12-27T15:00:00+00:00,1.4093,1.4004546247461156,1.4181453752538844,1.4269907505077688,1.4269907505077688,1.5,0.414248,1.085752,TP2,17,2025-12-27 11:00:00+00:00
SUI,C_PLUS_CONFIRMED_STRUCTURE,LONG,2026-06-11T17:15:00+00:00,2026-06-11T17:30:00+00:00,2026-06-11T20:15:00+00:00,0.7542,0.7447653521985561,0.7636346478014439,0.7730692956028877,0.7573895128650816,0.669032,0.207842,0.461189,SL,12,2026-06-11 17:30:00+00:00
SUI,C_PLUS_CONFIRMED_STRUCTURE,SHORT,2026-09-04T12:30:00+00:00,2026-09-04T12:45:00+00:00,2026-09-04T19:15:00+00:00,0.7501,0.7633528110118178,0.7368471889881821,0.7235943779763643,0.7572130747428691,-0.536722,0.147158,-0.68388,SL,27,2026-09-04 12:45:00+00:00
SUI,C_PLUS_CONFIRMED_STRUCTURE,LONG,2026-09-07T08:00:00+00:00,2026-09-07T08:15:00+00:00,2026-09-07T09:45:00+00:00,0.8113,0.7958248772397041,0.826775122760296,0.8422502455205919,0.8010800582789251,-0.660411,0.136308,-0.796719,SL,7,2026-09-07 08:15:00+00:00
SUI,C_PLUS_CONFIRMED_STRUCTURE,LONG,2026-09-30T12:30:00+00:00,2026-09-30T12:45:00+00:00,2026-09-30T13:30:00+00:00,1.1779,1.1553234149955596,1.2004765850044403,1.2230531700088807,1.1756145928371882,0.449385,0.135651,0.313734,SL,4,2026-09-30 12:45:00+00:00
UNI,A_ZONE_EMA_MACD,SHORT,2025-01-05T13:45:00+00:00,2025-01-05T14:00:00+00:00,2025-01-05T14:45:00+00:00,14.939,15.077771983016317,14.800228016983683,14.661456033967365,15.033502555658009,-0.680992,0.279894,-0.960885,SL,4,2025-01-05 14:00:00+00:00
UNI,A_ZONE_EMA_MACD,LONG,2025-01-16T15:45:00+00:00,2025-01-16T16:00:00+00:00,2025-01-16T21:15:00+00:00,14.435,14.124133474590158,14.745866525409843,15.056733050819686,14.202498839816032,-0.747913,0.12073,-0.868643,SL,22,2025-01-16 16:00:00+00:00
UNI,A_ZONE_EMA_MACD,LONG,2025-01-17T15:00:00+00:00,2025-01-17T15:15:00+00:00,2025-01-17T17:30:00+00:00,14.994,14.77171516494932,15.21628483505068,15.438569670101359,14.77171516494932,-1.0,0.17538,-1.17538,SL,10,2025-01-17 15:15:00+00:00
UNI,A_ZONE_EMA_MACD,LONG,2025-02-06T10:00:00+00:00,2025-02-06T10:15:00+00:00,2025-02-06T11:15:00+00:00,9.405,9.267956793815982,9.542043206184017,9.679086412368035,9.27360273711484,-0.958802,0.178433,-1.137235,SL,5,2025-02-06 10:15:00+00:00
UNI,A_ZONE_EMA_MACD,LONG,2025-02-09T03:30:00+00:00,2025-02-09T03:45:00+00:00,2025-02-09T12:30:00+00:00,9.192,9.081122601007191,9.302877398992809,9.413754797985618,9.179936421290922,-0.108801,0.215546,-0.324347,SL,36,2025-02-09 03:45:00+00:00
UNI,A_ZONE_EMA_MACD,SHORT,2025-02-10T01:30:00+00:00,2025-02-10T01:45:00+00:00,2025-02-10T03:00:00+00:00,8.9,9.095836983727255,8.704163016272746,8.508326032545492,9.02468086862197,-0.636656,0.118159,-0.754816,SL,6,2025-02-10 01:45:00+00:00
UNI,A_ZONE_EMA_MACD,LONG,2025-02-14T08:15:00+00:00,2025-02-14T08:30:00+00:00,2025-02-14T10:30:00+00:00,9.989,9.89074966988134,10.087250330118662,10.185500660237324,9.982377633099965,0.466299,0.264339,0.201959,SL,9,2025-02-14 08:30:00+00:00
UNI,A_ZONE_EMA_MACD,LONG,2025-03-01T01:45:00+00:00,2025-03-01T02:00:00+00:00,2025-03-01T05:30:00+00:00,7.532,7.41166278095997,7.65233721904003,7.77267443808006,7.5374949339609625,0.522831,0.162736,0.360095,SL,15,2025-03-01 02:00:00+00:00
UNI,A_ZONE_EMA_MACD,SHORT,2025-03-04T16:15:00+00:00,2025-03-04T16:30:00+00:00,2025-03-04T17:15:00+00:00,6.584,6.842122998819779,6.325877001180221,6.0677540023604415,6.842122998819779,-1.0,0.066319,-1.066319,SL,4,2025-03-04 16:30:00+00:00
UNI,A_ZONE_EMA_MACD,LONG,2025-03-19T10:30:00+00:00,2025-03-19T10:45:00+00:00,2025-03-19T11:15:00+00:00,6.414,6.3465401178318235,6.481459882168176,6.548919764336352,6.548919764336352,1.5,0.247205,1.252795,TP2,3,2025-03-19 10:45:00+00:00
UNI,A_ZONE_EMA_MACD,SHORT,2025-03-21T22:00:00+00:00,2025-03-21T22:15:00+00:00,2025-03-21T22:45:00+00:00,6.747,6.8173953212353195,6.67660467876468,6.606209357529361,6.785192904534536,-0.542549,0.249196,-0.791744,SL,3,2025-03-21 22:15:00+00:00
UNI,A_ZONE_EMA_MACD,SHORT,2025-03-27T16:45:00+00:00,2025-03-27T17:00:00+00:00,2025-03-27T18:30:00+00:00,6.71,6.7951215803261125,6.6248784196738875,6.539756839347775,6.7772633656730035,-0.790203,0.204954,-0.995157,SL,7,2025-03-27 17:00:00+00:00
UNI,A_ZONE_EMA_MACD,LONG,2025-04-01T14:45:00+00:00,2025-04-01T15:00:00+00:00,2025-04-01T19:15:00+00:00,6.187,6.09295900478369,6.28104099521631,6.37508199043262,6.201388459733881,0.576501,0.171055,0.405446,SL,18,2025-04-01 15:00:00+00:00
UNI,A_ZONE_EMA_MACD,LONG,2025-04-06T08:30:00+00:00,2025-04-06T08:45:00+00:00,2025-04-06T09:00:00+00:00,5.863,5.808847926147261,5.91715207385274,5.971304147705479,5.815858788565314,-0.870534,0.2815,-1.152034,SL,2,2025-04-06 08:45:00+00:00
UNI,A_ZONE_EMA_MACD,SHORT,2025-05-04T13:30:00+00:00,2025-05-04T13:45:00+00:00,2025-05-04T14:00:00+00:00,5.022,5.072247360391775,4.971752639608225,4.921505279216451,5.072247360391775,-1.0,0.259858,-1.259858,SL,2,2025-05-04 13:45:00+00:00
UNI,A_ZONE_EMA_MACD,SHORT,2025-05-06T20:15:00+00:00,2025-05-06T20:30:00+00:00,2025-05-06T21:45:00+00:00,4.847,4.906587967700395,4.787412032299605,4.7278240645992105,4.825165606661053,0.683211,0.211489,0.471722,SL,6,2025-05-06 20:30:00+00:00
UNI,A_ZONE_EMA_MACD,SHORT,2025-05-11T22:30:00+00:00,2025-05-11T22:45:00+00:00,2025-05-12T00:15:00+00:00,6.843,6.952281957623728,6.733718042376272,6.624436084752544,6.952281957623728,-1.0,0.162806,-1.162806,SL,7,2025-05-11 22:45:00+00:00
UNI,A_ZONE_EMA_MACD,LONG,2025-05-20T00:00:00+00:00,2025-05-20T00:15:00+00:00,2025-05-20T00:45:00+00:00,5.984,5.895708913860888,6.072291086139112,6.1605821722782235,5.895708913860888,-1.0,0.176217,-1.176217,SL,3,2025-05-20 00:15:00+00:00
UNI,A_ZONE_EMA_MACD,LONG,2025-06-01T20:15:00+00:00,2025-06-01T20:30:00+00:00,2025-06-02T00:15:00+00:00,6.239,6.152453584888636,6.325546415111364,6.412092830222728,6.270618972019296,0.682671,0.18743,0.495241,SL,16,2025-06-01 20:30:00+00:00
UNI,A_ZONE_EMA_MACD,SHORT,2025-06-16T01:00:00+00:00,2025-06-16T01:15:00+00:00,2025-06-16T01:30:00+00:00,7.043,7.139096729551113,6.946903270448887,6.850806540897774,7.139096729551113,-1.0,0.190556,-1.190556,SL,2,2025-06-16 01:15:00+00:00
UNI,A_ZONE_EMA_MACD,LONG,2025-07-11T04:45:00+00:00,2025-07-11T05:00:00+00:00,2025-07-11T07:00:00+00:00,8.863,8.654514244384966,9.071485755615033,9.279971511230066,8.661740696473991,-0.965338,0.110529,-1.075868,SL,9,2025-07-11 05:00:00+00:00
UNI,A_ZONE_EMA_MACD,SHORT,2025-07-17T20:00:00+00:00,2025-07-17T20:15:00+00:00,2025-07-17T21:00:00+00:00,8.717,8.897034226793249,8.536965773206752,8.356931546413504,8.897034226793249,-1.0,0.125888,-1.125888,SL,4,2025-07-17 20:15:00+00:00
UNI,A_ZONE_EMA_MACD,SHORT,2025-07-22T13:45:00+00:00,2025-07-22T14:00:00+00:00,2025-07-22T14:45:00+00:00,10.327,10.537793620817762,10.116206379182238,9.905412758364475,10.537793620817762,-1.0,0.127377,-1.127377,SL,4,2025-07-22 14:00:00+00:00
UNI,A_ZONE_EMA_MACD,SHORT,2025-08-01T22:15:00+00:00,2025-08-01T22:30:00+00:00,2025-08-02T02:45:00+00:00,8.959,9.148441967526605,8.769558032473395,8.58011606494679,9.148441967526605,-1.0,0.122958,-1.122958,SL,18,2025-08-01 22:30:00+00:00
UNI,A_ZONE_EMA_MACD,SHORT,2025-08-02T14:30:00+00:00,2025-08-02T14:45:00+00:00,2025-08-02T18:45:00+00:00,8.943,9.073252730526862,8.812747269473137,8.682494538946274,8.682494538946274,1.5,0.178513,1.321487,TP2,17,2025-08-02 14:45:00+00:00
UNI,A_ZONE_EMA_MACD,LONG,2025-08-07T01:15:00+00:00,2025-08-07T01:30:00+00:00,2025-08-07T01:45:00+00:00,9.778,9.68413375300799,9.871866246992012,9.965732493984023,9.68413375300799,-1.0,0.270841,-1.270841,SL,2,2025-08-07 01:30:00+00:00
UNI,A_ZONE_EMA_MACD,LONG,2025-08-10T00:45:00+00:00,2025-08-10T01:00:00+00:00,2025-08-10T02:30:00+00:00,11.098,10.95378618144072,11.242213818559282,11.386427637118564,10.95378618144072,-1.0,0.200083,-1.200083,SL,7,2025-08-10 01:00:00+00:00
UNI,A_ZONE_EMA_MACD,LONG,2025-08-17T02:45:00+00:00,2025-08-17T03:00:00+00:00,2025-08-17T06:45:00+00:00,11.038,10.93559613833357,11.14040386166643,11.24280772333286,11.07033620898995,0.657886,0.280251,0.377635,SL,16,2025-08-17 03:00:00+00:00
UNI,A_ZONE_EMA_MACD,LONG,2025-09-10T12:30:00+00:00,2025-09-10T12:45:00+00:00,2025-09-10T19:00:00+00:00,9.677,9.592098470085146,9.761901529914853,9.846803059829707,9.682647851955789,0.533261,0.296346,0.236916,SL,26,2025-09-10 12:45:00+00:00
UNI,A_ZONE_EMA_MACD,SHORT,2025-09-14T00:45:00+00:00,2025-09-14T01:00:00+00:00,2025-09-14T02:00:00+00:00,10.035,10.115027786501665,9.954972213498335,9.87494442699667,10.044668658894405,0.439592,0.326024,0.113568,SL,5,2025-09-14 01:00:00+00:00
UNI,A_ZONE_EMA_MACD,LONG,2025-10-10T13:15:00+00:00,2025-10-10T13:30:00+00:00,2025-10-10T14:15:00+00:00,8.274,8.160410596911937,8.387589403088061,8.501178806176123,8.160410596911937,-1.0,0.189387,-1.189387,SL,4,2025-10-10 13:30:00+00:00
UNI,A_ZONE_EMA_MACD,LONG,2025-10-24T04:15:00+00:00,2025-10-24T04:30:00+00:00,2025-10-24T07:30:00+00:00,6.332,6.28001159432922,6.38398840567078,6.43597681134156,6.362044786653123,0.788957,0.316671,0.472286,SL,13,2025-10-24 04:30:00+00:00
UNI,A_ZONE_EMA_MACD,SHORT,2025-11-09T10:00:00+00:00,2025-11-09T10:15:00+00:00,2025-11-09T10:30:00+00:00,5.858,5.927226392536499,5.7887736074635,5.719547214927,5.927226392536499,-1.0,0.220014,-1.220014,SL,2,2025-11-09 10:15:00+00:00
UNI,A_ZONE_EMA_MACD,SHORT,2025-11-14T00:45:00+00:00,2025-11-14T01:00:00+00:00,2025-11-14T05:30:00+00:00,7.576,7.7842245653024,7.3677754346976,7.1595508693952,7.546754952254952,0.570225,0.094598,0.475627,SL,19,2025-11-14 01:00:00+00:00
UNI,A_ZONE_EMA_MACD,SHORT,2025-11-14T17:45:00+00:00,2025-11-14T18:00:00+00:00,2025-11-14T19:15:00+00:00,7.106,7.280878636692137,6.931121363307863,6.756242726615726,7.246146634406934,-0.801394,0.105648,-0.907042,SL,6,2025-11-14 18:00:00+00:00
UNI,A_ZONE_EMA_MACD,LONG,2025-11-30T13:15:00+00:00,2025-11-30T13:30:00+00:00,2025-11-30T15:00:00+00:00,6.204,6.122238518548018,6.285761481451981,6.367522962903963,6.122238518548018,-1.0,0.197286,-1.197286,SL,7,2025-11-30 13:30:00+00:00
UNI,A_ZONE_EMA_MACD,SHORT,2025-12-01T15:30:00+00:00,2025-12-01T15:45:00+00:00,2025-12-01T15:45:00+00:00,5.486,5.576166462791221,5.3958335372087785,5.305667074417557,5.576166462791221,-1.0,0.158192,-1.158192,SL,1,2025-12-01 15:45:00+00:00
UNI,A_ZONE_EMA_MACD,LONG,2025-12-07T00:00:00+00:00,2025-12-07T00:15:00+00:00,2025-12-07T07:00:00+00:00,5.591,5.543363810009453,5.638636189990548,5.686272379981095,5.592568350516417,0.032924,0.305159,-0.272235,SL,28,2025-12-07 00:15:00+00:00
UNI,A_ZONE_EMA_MACD,SHORT,2025-12-11T14:00:00+00:00,2025-12-11T14:15:00+00:00,2025-12-11T15:15:00+00:00,5.353,5.403540154228868,5.302459845771131,5.251919691542263,5.391372346516336,-0.759245,0.275381,-1.034626,SL,5,2025-12-11 14:15:00+00:00
UNI,A_ZONE_EMA_MACD,SHORT,2025-12-31T15:00:00+00:00,2025-12-31T15:15:00+00:00,2025-12-31T16:30:00+00:00,5.877,5.930921226850201,5.823078773149798,5.7691575462995965,5.7691575462995965,1.5,0.28338,1.21662,TP2,6,2025-12-31 15:15:00+00:00
UNI,A_ZONE_EMA_MACD,LONG,2026-01-02T15:30:00+00:00,2026-01-02T15:45:00+00:00,2026-01-02T22:00:00+00:00,5.891,5.790218860967922,5.991781139032078,6.092562278064156,6.092562278064156,1.5,0.151979,1.348021,TP2,26,2026-01-02 15:45:00+00:00
UNI,A_ZONE_EMA_MACD,SHORT,2026-01-05T09:00:00+00:00,2026-01-05T09:15:00+00:00,2026-01-05T14:30:00+00:00,5.834,5.920135263422906,5.747864736577093,5.661729473154187,5.879309516937382,-0.526027,0.1761,-0.702127,SL,22,2026-01-05 09:15:00+00:00
UNI,A_ZONE_EMA_MACD,SHORT,2026-01-15T12:00:00+00:00,2026-01-15T12:15:00+00:00,2026-01-15T15:15:00+00:00,5.499,5.555950277998592,5.442049722001407,5.385099444002814,5.385099444002814,1.5,0.251051,1.248949,TP2,13,2026-01-15 12:15:00+00:00
UNI,A_ZONE_EMA_MACD,LONG,2026-02-04T01:00:00+00:00,2026-02-04T01:15:00+00:00,2026-02-04T05:45:00+00:00,3.942,3.867391757561713,4.016608242438288,4.091216484876575,3.8885850712822445,-0.715939,0.137374,-0.853312,SL,19,2026-02-04 01:15:00+00:00
UNI,A_ZONE_EMA_MACD,SHORT,2026-02-07T14:45:00+00:00,2026-02-07T15:00:00+00:00,2026-02-07T15:15:00+00:00,3.467,3.521211073019919,3.412788926980081,3.358577853960162,3.521211073019919,-1.0,0.16628,-1.16628,SL,2,2026-02-07 15:00:00+00:00
UNI,A_ZONE_EMA_MACD,SHORT,2026-02-17T14:30:00+00:00,2026-02-17T14:45:00+00:00,2026-02-17T16:00:00+00:00,3.5,3.551075091803537,3.448924908196463,3.3978498163929256,3.5242840138175704,0.262271,0.178169,0.084102,SL,6,2026-02-17 14:45:00+00:00
UNI,A_ZONE_EMA_MACD,SHORT,2026-02-19T08:30:00+00:00,2026-02-19T08:45:00+00:00,2026-02-19T09:15:00+00:00,3.396,3.431109947720349,3.3608900522796508,3.3257801045593016,3.431109947720349,-1.0,0.251484,-1.251484,SL,3,2026-02-19 08:45:00+00:00
UNI,A_ZONE_EMA_MACD,SHORT,2026-02-24T01:45:00+00:00,2026-02-24T02:00:00+00:00,2026-02-24T14:30:00+00:00,3.32,3.3777788608264934,3.2622211391735063,3.204442278347013,3.3193890651738807,0.505287,0.149397,0.35589,SL,51,2026-02-24 02:00:00+00:00
UNI,A_ZONE_EMA_MACD,LONG,2026-03-04T15:15:00+00:00,2026-03-04T15:30:00+00:00,2026-03-04T16:15:00+00:00,4.045,3.973121759399941,4.116878240600059,4.188756481200118,3.973121759399941,-1.0,0.146317,-1.146317,SL,4,2026-03-04 15:30:00+00:00
UNI,A_ZONE_EMA_MACD,LONG,2026-03-15T08:45:00+00:00,2026-03-15T09:00:00+00:00,2026-03-15T13:00:00+00:00,3.968,3.9415919046944423,3.9944080953055576,4.020816190611115,3.971525748191584,0.566755,0.390668,0.176087,SL,17,2026-03-15 09:00:00+00:00
UNI,A_ZONE_EMA_MACD,LONG,2026-03-16T07:00:00+00:00,2026-03-16T07:15:00+00:00,2026-03-16T14:30:00+00:00,4.08,4.013431380105822,4.146568619894178,4.213137239788356,4.066047312908736,-0.209599,0.159354,-0.368953,SL,30,2026-03-16 07:15:00+00:00
UNI,A_ZONE_EMA_MACD,SHORT,2026-04-04T20:00:00+00:00,2026-04-04T20:15:00+00:00,2026-04-04T21:30:00+00:00,3.122,3.147818521185422,3.096181478814578,3.070362957629156,3.1432728754575394,-0.823939,0.314394,-1.138333,SL,6,2026-04-04 20:15:00+00:00
UNI,A_ZONE_EMA_MACD,LONG,2026-04-05T22:30:00+00:00,2026-04-05T22:45:00+00:00,2026-04-06T00:00:00+00:00,3.108,3.080903856065053,3.1350961439349474,3.1621922878698947,3.1621922878698947,1.5,0.298227,1.201773,TP2,6,2026-04-05 22:45:00+00:00
UNI,A_ZONE_EMA_MACD,SHORT,2026-04-12T22:00:00+00:00,2026-04-12T22:15:00+00:00,2026-04-13T00:15:00+00:00,3.025,3.050931379110646,2.999068620889354,2.973137241778708,3.0365791377455995,-0.44653,0.3033,-0.74983,SL,9,2026-04-12 22:15:00+00:00
UNI,A_ZONE_EMA_MACD,LONG,2026-04-16T02:15:00+00:00,2026-04-16T02:30:00+00:00,2026-04-16T11:00:00+00:00,3.233,3.204457749373815,3.261542250626185,3.29008450125237,3.243355074078553,0.681399,0.294504,0.386895,SL,35,2026-04-16 02:30:00+00:00
UNI,A_ZONE_EMA_MACD,SHORT,2026-04-20T05:15:00+00:00,2026-04-20T05:30:00+00:00,2026-04-20T06:30:00+00:00,3.234,3.2639674687478037,3.2040325312521962,3.1740650625043925,3.260112649551532,-0.871367,0.280584,-1.151951,SL,5,2026-04-20 05:30:00+00:00
UNI,A_ZONE_EMA_MACD,LONG,2026-04-26T18:00:00+00:00,2026-04-26T18:15:00+00:00,2026-04-26T21:30:00+00:00,3.286,3.2660026159444153,3.3059973840555847,3.3259947681111695,3.2782489771831953,0.306199,0.427236,-0.121037,SL,14,2026-04-26 18:15:00+00:00
UNI,A_ZONE_EMA_MACD,LONG,2026-04-27T00:45:00+00:00,2026-04-27T01:00:00+00:00,2026-04-27T05:00:00+00:00,3.306,3.274206896516594,3.3377931034834063,3.3695862069668125,3.325203431153763,0.802006,0.270361,0.531646,SL,17,2026-04-27 01:00:00+00:00
UNI,A_ZONE_EMA_MACD,LONG,2026-05-03T22:00:00+00:00,2026-05-03T22:15:00+00:00,2026-05-03T23:15:00+00:00,3.262,3.2343848879822996,3.2896151120177004,3.317230224035401,3.236444112596983,-0.925431,0.307122,-1.232553,SL,5,2026-05-03 22:15:00+00:00
UNI,A_ZONE_EMA_MACD,SHORT,2026-05-08T02:00:00+00:00,2026-05-08T02:15:00+00:00,2026-05-08T04:15:00+00:00,3.408,3.4384689857955077,3.377531014204492,3.3470620284089843,3.4384689857955077,-1.0,0.290814,-1.290814,SL,9,2026-05-08 02:15:00+00:00
UNI,A_ZONE_EMA_MACD,SHORT,2026-05-12T01:00:00+00:00,2026-05-12T01:15:00+00:00,2026-05-12T01:30:00+00:00,3.863,3.9022764550304943,3.8237235449695057,3.7844470899390115,3.7844470899390115,1.5,0.255721,1.244279,TP2,2,2026-05-12 01:15:00+00:00
UNI,A_ZONE_EMA_MACD,LONG,2026-05-21T08:00:00+00:00,2026-05-21T08:15:00+00:00,2026-05-21T09:15:00+00:00,3.683,3.643568838989141,3.7224311610108587,3.7618623220217176,3.643568838989141,-1.0,0.242849,-1.242849,SL,5,2026-05-21 08:15:00+00:00
UNI,A_ZONE_EMA_MACD,LONG,2026-06-01T23:30:00+00:00,2026-06-01T23:45:00+00:00,2026-06-02T01:30:00+00:00,2.983,2.9497662487005885,3.0162337512994117,3.0494675025988234,2.9505686595076894,-0.975856,0.233371,-1.209227,SL,8,2026-06-01 23:45:00+00:00
UNI,A_ZONE_EMA_MACD,LONG,2026-06-15T21:30:00+00:00,2026-06-15T21:45:00+00:00,2026-06-15T22:15:00+00:00,2.744,2.706028379775527,2.7819716202244735,2.819943240448947,2.743728551949306,0.496426,0.187888,0.308538,SL,3,2026-06-15 21:45:00+00:00
UNI,A_ZONE_EMA_MACD,SHORT,2026-06-18T13:30:00+00:00,2026-06-18T13:45:00+00:00,2026-06-18T16:15:00+00:00,3.087,3.153583836503874,3.0204161634961264,2.9538323269922526,2.9538323269922526,1.5,0.120543,1.379457,TP2,11,2026-06-18 13:45:00+00:00
UNI,A_ZONE_EMA_MACD,SHORT,2026-06-20T13:15:00+00:00,2026-06-20T13:30:00+00:00,2026-06-20T14:15:00+00:00,2.974,3.0127589839328714,2.935241016067129,2.8964820321342577,2.9904057899783227,-0.423277,0.1995,-0.622777,SL,4,2026-06-20 13:30:00+00:00
UNI,A_ZONE_EMA_MACD,LONG,2026-07-30T08:00:00+00:00,2026-07-30T08:15:00+00:00,2026-07-30T12:30:00+00:00,4.038,3.982334665708537,4.0936653342914635,4.149330668582927,4.149330668582927,1.5,0.188606,1.311394,TP2,18,2026-07-30 08:15:00+00:00
UNI,A_ZONE_EMA_MACD,SHORT,2026-08-03T14:45:00+00:00,2026-08-03T15:00:00+00:00,2026-08-03T15:30:00+00:00,4.037,4.094622899288265,3.9793771007117344,3.921754201423469,3.921754201423469,1.5,0.182153,1.317847,TP2,3,2026-08-03 15:00:00+00:00
UNI,A_ZONE_EMA_MACD,SHORT,2026-08-29T02:15:00+00:00,2026-08-29T02:30:00+00:00,2026-08-29T05:15:00+00:00,4.396,4.443688099485685,4.3483119005143145,4.300623801028629,4.420959272362919,-0.523386,0.239674,-0.76306,SL,12,2026-08-29 02:30:00+00:00
UNI,A_ZONE_EMA_MACD,LONG,2026-08-30T10:45:00+00:00,2026-08-30T11:00:00+00:00,2026-08-30T12:00:00+00:00,4.952,4.857507631140578,5.046492368859422,5.140984737718844,5.140984737718844,1.5,0.136257,1.363743,TP2,5,2026-08-30 11:00:00+00:00
UNI,A_ZONE_EMA_MACD,LONG,2026-09-05T09:15:00+00:00,2026-09-05T09:30:00+00:00,2026-09-05T10:30:00+00:00,6.297,6.197816159202982,6.3961838407970175,6.495367681594035,6.272900719259913,0.378512,0.165069,0.213443,SL,5,2026-09-05 09:30:00+00:00
UNI,A_ZONE_EMA_MACD,SHORT,2026-09-06T14:00:00+00:00,2026-09-06T14:15:00+00:00,2026-09-06T16:00:00+00:00,6.935,7.042539638545211,6.827460361454788,6.719920722909577,7.015572521506267,-0.749236,0.167668,-0.916904,SL,8,2026-09-06 14:15:00+00:00
UNI,A_ZONE_EMA_MACD,LONG,2026-09-15T04:30:00+00:00,2026-09-15T04:45:00+00:00,2026-09-15T07:30:00+00:00,6.663,6.511135294834929,6.814864705165071,6.966729410330142,6.565199686189432,-0.643996,0.114074,-0.75807,SL,12,2026-09-15 04:45:00+00:00
UNI,B_PLUS_STOCH,SHORT,2025-03-04T16:15:00+00:00,2025-03-04T16:30:00+00:00,2025-03-04T17:15:00+00:00,6.584,6.842122998819779,6.325877001180221,6.0677540023604415,6.842122998819779,-1.0,0.066319,-1.066319,SL,4,2025-03-04 16:30:00+00:00
UNI,B_PLUS_STOCH,SHORT,2025-03-27T16:45:00+00:00,2025-03-27T17:00:00+00:00,2025-03-27T18:30:00+00:00,6.71,6.7951215803261125,6.6248784196738875,6.539756839347775,6.7772633656730035,-0.790203,0.204954,-0.995157,SL,7,2025-03-27 17:00:00+00:00
UNI,B_PLUS_STOCH,LONG,2025-04-01T14:45:00+00:00,2025-04-01T15:00:00+00:00,2025-04-01T19:15:00+00:00,6.187,6.09295900478369,6.28104099521631,6.37508199043262,6.201388459733881,0.576501,0.171055,0.405446,SL,18,2025-04-01 15:00:00+00:00
UNI,B_PLUS_STOCH,LONG,2025-07-11T04:45:00+00:00,2025-07-11T05:00:00+00:00,2025-07-11T07:00:00+00:00,8.863,8.654514244384966,9.071485755615033,9.279971511230066,8.661740696473991,-0.965338,0.110529,-1.075868,SL,9,2025-07-11 05:00:00+00:00
UNI,B_PLUS_STOCH,SHORT,2025-12-11T14:00:00+00:00,2025-12-11T14:15:00+00:00,2025-12-11T15:15:00+00:00,5.353,5.403540154228868,5.302459845771131,5.251919691542263,5.391372346516336,-0.759245,0.275381,-1.034626,SL,5,2025-12-11 14:15:00+00:00
UNI,B_PLUS_STOCH,LONG,2026-01-02T15:30:00+00:00,2026-01-02T15:45:00+00:00,2026-01-02T22:00:00+00:00,5.891,5.790218860967922,5.991781139032078,6.092562278064156,6.092562278064156,1.5,0.151979,1.348021,TP2,26,2026-01-02 15:45:00+00:00
UNI,B_PLUS_STOCH,SHORT,2026-01-15T12:00:00+00:00,2026-01-15T12:15:00+00:00,2026-01-15T15:15:00+00:00,5.499,5.555950277998592,5.442049722001407,5.385099444002814,5.385099444002814,1.5,0.251051,1.248949,TP2,13,2026-01-15 12:15:00+00:00
UNI,B_PLUS_STOCH,SHORT,2026-02-17T14:30:00+00:00,2026-02-17T14:45:00+00:00,2026-02-17T16:00:00+00:00,3.5,3.551075091803537,3.448924908196463,3.3978498163929256,3.5242840138175704,0.262271,0.178169,0.084102,SL,6,2026-02-17 14:45:00+00:00
UNI,B_PLUS_STOCH,LONG,2026-03-04T15:15:00+00:00,2026-03-04T15:30:00+00:00,2026-03-04T16:15:00+00:00,4.045,3.973121759399941,4.116878240600059,4.188756481200118,3.973121759399941,-1.0,0.146317,-1.146317,SL,4,2026-03-04 15:30:00+00:00
UNI,B_PLUS_STOCH,LONG,2026-05-03T22:00:00+00:00,2026-05-03T22:15:00+00:00,2026-05-03T23:15:00+00:00,3.262,3.2343848879822996,3.2896151120177004,3.317230224035401,3.236444112596983,-0.925431,0.307122,-1.232553,SL,5,2026-05-03 22:15:00+00:00
UNI,B_PLUS_STOCH,SHORT,2026-05-08T02:00:00+00:00,2026-05-08T02:15:00+00:00,2026-05-08T04:15:00+00:00,3.408,3.4384689857955077,3.377531014204492,3.3470620284089843,3.4384689857955077,-1.0,0.290814,-1.290814,SL,9,2026-05-08 02:15:00+00:00
UNI,B_PLUS_STOCH,SHORT,2026-05-12T01:00:00+00:00,2026-05-12T01:15:00+00:00,2026-05-12T01:30:00+00:00,3.863,3.9022764550304943,3.8237235449695057,3.7844470899390115,3.7844470899390115,1.5,0.255721,1.244279,TP2,2,2026-05-12 01:15:00+00:00
UNI,C_PLUS_CONFIRMED_STRUCTURE,LONG,2025-07-11T04:45:00+00:00,2025-07-11T05:00:00+00:00,2025-07-11T07:00:00+00:00,8.863,8.654514244384966,9.071485755615033,9.279971511230066,8.661740696473991,-0.965338,0.110529,-1.075868,SL,9,2025-07-11 05:00:00+00:00
UNI,C_PLUS_CONFIRMED_STRUCTURE,LONG,2026-01-02T15:30:00+00:00,2026-01-02T15:45:00+00:00,2026-01-02T22:00:00+00:00,5.891,5.790218860967922,5.991781139032078,6.092562278064156,6.092562278064156,1.5,0.151979,1.348021,TP2,26,2026-01-02 15:45:00+00:00
UNI,C_PLUS_CONFIRMED_STRUCTURE,SHORT,2026-01-15T12:00:00+00:00,2026-01-15T12:15:00+00:00,2026-01-15T15:15:00+00:00,5.499,5.555950277998592,5.442049722001407,5.385099444002814,5.385099444002814,1.5,0.251051,1.248949,TP2,13,2026-01-15 12:15:00+00:00
UNI,C_PLUS_CONFIRMED_STRUCTURE,SHORT,2026-02-17T14:30:00+00:00,2026-02-17T14:45:00+00:00,2026-02-17T16:00:00+00:00,3.5,3.551075091803537,3.448924908196463,3.3978498163929256,3.5242840138175704,0.262271,0.178169,0.084102,SL,6,2026-02-17 14:45:00+00:00
UNI,C_PLUS_CONFIRMED_STRUCTURE,LONG,2026-03-04T15:15:00+00:00,2026-03-04T15:30:00+00:00,2026-03-04T16:15:00+00:00,4.045,3.973121759399941,4.116878240600059,4.188756481200118,3.973121759399941,-1.0,0.146317,-1.146317,SL,4,2026-03-04 15:30:00+00:00
UNI,C_PLUS_CONFIRMED_STRUCTURE,SHORT,2026-05-12T01:00:00+00:00,2026-05-12T01:15:00+00:00,2026-05-12T01:30:00+00:00,3.863,3.9022764550304943,3.8237235449695057,3.7844470899390115,3.7844470899390115,1.5,0.255721,1.244279,TP2,2,2026-05-12 01:15:00+00:00
XRP,A_ZONE_EMA_MACD,SHORT,2025-01-04T15:30:00+00:00,2025-01-04T15:45:00+00:00,2025-01-04T16:15:00+00:00,2.4093,2.4337199210563774,2.3848800789436226,2.3604601578872453,2.4337199210563774,-1.0,0.256519,-1.256519,SL,3,2025-01-04 15:45:00+00:00
XRP,A_ZONE_EMA_MACD,LONG,2025-01-06T01:45:00+00:00,2025-01-06T02:00:00+00:00,2025-01-06T03:00:00+00:00,2.4188,2.3930353528912827,2.4445646471087175,2.470329294217435,2.4010685419704765,-0.688209,0.24409,-0.932298,SL,5,2025-01-06 02:00:00+00:00
XRP,A_ZONE_EMA_MACD,LONG,2025-01-14T08:30:00+00:00,2025-01-14T08:45:00+00:00,2025-01-14T10:15:00+00:00,2.5449,2.5181928348923543,2.571607165107646,2.598314330215292,2.598314330215292,1.5,0.247751,1.252249,TP2,7,2025-01-14 08:45:00+00:00
XRP,A_ZONE_EMA_MACD,SHORT,2025-02-10T01:30:00+00:00,2025-02-10T01:45:00+00:00,2025-02-10T03:30:00+00:00,2.3465,2.3947212899016725,2.298278710098327,2.2500574201966543,2.371818867313177,-0.525056,0.126519,-0.651575,SL,8,2025-02-10 01:45:00+00:00
XRP,A_ZONE_EMA_MACD,LONG,2025-02-15T08:30:00+00:00,2025-02-15T08:45:00+00:00,2025-02-15T14:00:00+00:00,2.7998,2.7621795067440678,2.837420493255932,2.875040986511864,2.7796985555496088,-0.534322,0.193498,-0.727819,SL,22,2025-02-15 08:45:00+00:00
XRP,A_ZONE_EMA_MACD,LONG,2025-03-02T15:15:00+00:00,2025-03-02T15:30:00+00:00,2025-03-02T15:30:00+00:00,2.3844,2.318469947801194,2.450330052198806,2.516260104397612,2.516260104397612,1.5,0.094031,1.405969,TP2,1,2025-03-02 15:30:00+00:00
XRP,A_ZONE_EMA_MACD,SHORT,2025-03-03T14:45:00+00:00,2025-03-03T15:00:00+00:00,2025-03-03T19:45:00+00:00,2.5637,2.644933072813006,2.482466927186994,2.401233854373988,2.401233854373988,1.5,0.082055,1.417945,TP2,20,2025-03-03 15:00:00+00:00
XRP,A_ZONE_EMA_MACD,SHORT,2025-03-08T16:15:00+00:00,2025-03-08T16:30:00+00:00,2025-03-08T17:30:00+00:00,2.3178,2.3502307377621907,2.2853692622378095,2.252938524475619,2.3476850695566815,-0.921504,0.18582,-1.107324,SL,5,2025-03-08 16:30:00+00:00
XRP,A_ZONE_EMA_MACD,SHORT,2025-03-16T07:00:00+00:00,2025-03-16T07:15:00+00:00,2025-03-16T11:00:00+00:00,2.3697,2.389522433784776,2.349877566215224,2.3300551324304477,2.3300551324304477,1.5,0.310821,1.189179,TP2,16,2025-03-16 07:15:00+00:00
XRP,A_ZONE_EMA_MACD,LONG,2025-03-17T08:45:00+00:00,2025-03-17T09:00:00+00:00,2025-03-17T11:00:00+00:00,2.3448,2.320350790532715,2.3692492094672852,2.3936984189345702,2.3269570591838207,-0.729796,0.249353,-0.979149,SL,9,2025-03-17 09:00:00+00:00
XRP,A_ZONE_EMA_MACD,LONG,2025-03-23T22:00:00+00:00,2025-03-23T22:15:00+00:00,2025-03-24T00:30:00+00:00,2.4148,2.3976191866333876,2.4319808133666125,2.449161626733225,2.449161626733225,1.5,0.365436,1.134564,TP2,10,2025-03-23 22:15:00+00:00
XRP,A_ZONE_EMA_MACD,LONG,2025-03-24T14:00:00+00:00,2025-03-24T14:15:00+00:00,2025-03-24T15:00:00+00:00,2.481,2.4593266017922613,2.5026733982077385,2.524346796415477,2.4593266017922613,0.0,0.297628,-0.297628,SL,4,2025-03-24 14:15:00+00:00
XRP,A_ZONE_EMA_MACD,SHORT,2025-03-30T21:45:00+00:00,2025-03-30T22:00:00+00:00,2025-03-30T22:30:00+00:00,2.1307,2.1560234202114734,2.1053765797885267,2.0800531595770533,2.1447074616249395,-0.553143,0.218763,-0.771905,SL,3,2025-03-30 22:00:00+00:00
XRP,A_ZONE_EMA_MACD,LONG,2025-04-01T15:00:00+00:00,2025-04-01T15:15:00+00:00,2025-04-01T18:00:00+00:00,2.1699,2.1269274619764786,2.2128725380235217,2.255845076047043,2.1269274619764786,-1.0,0.131287,-1.131287,SL,12,2025-04-01 15:15:00+00:00
XRP,A_ZONE_EMA_MACD,SHORT,2025-05-20T18:45:00+00:00,2025-05-20T19:00:00+00:00,2025-05-20T19:15:00+00:00,2.3168,2.3390988419357734,2.294501158064227,2.2722023161284537,2.3390988419357734,-1.0,0.270134,-1.270134,SL,2,2025-05-20 19:00:00+00:00
XRP,A_ZONE_EMA_MACD,LONG,2025-05-21T03:00:00+00:00,2025-05-21T03:15:00+00:00,2025-05-21T07:15:00+00:00,2.362,2.3404663054587176,2.3835336945412826,2.405067389082565,2.3606381530034923,0.468379,0.28519,0.183188,SL,17,2025-05-21 03:15:00+00:00
XRP,A_ZONE_EMA_MACD,LONG,2025-05-22T08:00:00+00:00,2025-05-22T08:15:00+00:00,2025-05-22T10:00:00+00:00,2.4163,2.394516322275287,2.438083677724713,2.459867355449426,2.4249179347640832,0.697807,0.288399,0.409409,SL,8,2025-05-22 08:15:00+00:00
XRP,A_ZONE_EMA_MACD,LONG,2025-06-11T08:00:00+00:00,2025-06-11T08:15:00+00:00,2025-06-11T09:45:00+00:00,2.3097,2.2930640951572907,2.326335904842709,2.342971809685418,2.3023263181707607,0.27838,0.360979,-0.082599,SL,7,2025-06-11 08:15:00+00:00
XRP,A_ZONE_EMA_MACD,SHORT,2025-06-12T15:45:00+00:00,2025-06-12T16:00:00+00:00,2025-06-12T16:15:00+00:00,2.2275,2.2434904069231596,2.2115095930768405,2.195519186153681,2.2434904069231596,-1.0,0.362186,-1.362186,SL,2,2025-06-12 16:00:00+00:00
XRP,A_ZONE_EMA_MACD,SHORT,2025-06-18T18:45:00+00:00,2025-06-18T19:00:00+00:00,2025-06-18T20:30:00+00:00,2.1296,2.155110287963229,2.104089712036771,2.078579424073542,2.155110287963229,-1.0,0.217048,-1.217048,SL,7,2025-06-18 19:00:00+00:00
XRP,A_ZONE_EMA_MACD,LONG,2025-07-10T15:30:00+00:00,2025-07-10T15:45:00+00:00,2025-07-10T17:45:00+00:00,2.451,2.42657600696347,2.47542399303653,2.49984798607306,2.49984798607306,1.5,0.260916,1.239084,TP2,9,2025-07-10 15:45:00+00:00
XRP,A_ZONE_EMA_MACD,LONG,2025-07-15T16:30:00+00:00,2025-07-15T16:45:00+00:00,2025-07-15T18:30:00+00:00,2.9189,2.868079023910772,2.969720976089228,3.020541952178456,2.894942032384018,-0.471419,0.149331,-0.62075,SL,8,2025-07-15 16:45:00+00:00
XRP,A_ZONE_EMA_MACD,LONG,2025-07-21T13:45:00+00:00,2025-07-21T14:00:00+00:00,2025-07-21T16:00:00+00:00,3.5756,3.5350207538453007,3.6161792461546995,3.656758492309399,3.5945152527742508,0.733066,0.229096,0.503969,SL,9,2025-07-21 14:00:00+00:00
XRP,A_ZONE_EMA_MACD,SHORT,2025-07-29T14:00:00+00:00,2025-07-29T14:15:00+00:00,2025-07-29T17:00:00+00:00,3.1125,3.150748574999541,3.0742514250004587,3.0360028500009175,3.118596828679374,0.4203,0.211577,0.208723,SL,12,2025-07-29 14:15:00+00:00
XRP,A_ZONE_EMA_MACD,SHORT,2025-08-12T05:15:00+00:00,2025-08-12T05:30:00+00:00,2025-08-12T07:00:00+00:00,3.1331,3.159675353304506,3.1065246466954943,3.0799492933909884,3.150544333531341,-0.65641,0.306527,-0.962937,SL,7,2025-08-12 05:30:00+00:00
XRP,A_ZONE_EMA_MACD,SHORT,2025-08-12T09:00:00+00:00,2025-08-12T09:15:00+00:00,2025-08-12T11:15:00+00:00,3.1304,3.1598189471035374,3.1009810528964623,3.0715621057929248,3.138793509168683,-0.28531,0.27666,-0.561969,SL,9,2025-08-12 09:15:00+00:00
XRP,A_ZONE_EMA_MACD,LONG,2025-08-17T15:30:00+00:00,2025-08-17T15:45:00+00:00,2025-08-17T16:15:00+00:00,3.1358,3.120416574065717,3.1511834259342835,3.166566851868567,3.1262439616324516,-0.621191,0.529991,-1.151182,SL,3,2025-08-17 15:45:00+00:00
XRP,A_ZONE_EMA_MACD,SHORT,2025-08-19T13:30:00+00:00,2025-08-19T13:45:00+00:00,2025-08-19T14:30:00+00:00,2.9896,3.0180706070213166,2.961129392978683,2.9326587859573663,2.9326587859573663,1.5,0.273017,1.226983,TP2,4,2025-08-19 13:45:00+00:00
XRP,A_ZONE_EMA_MACD,SHORT,2025-08-21T19:30:00+00:00,2025-08-21T19:45:00+00:00,2025-08-22T00:30:00+00:00,2.8673,2.899230461713443,2.8353695382865576,2.803439076573115,2.8690018899643968,-0.0533,0.233475,-0.286775,SL,20,2025-08-21 19:45:00+00:00
XRP,A_ZONE_EMA_MACD,SHORT,2025-09-04T23:45:00+00:00,2025-09-05T00:00:00+00:00,2025-09-05T01:30:00+00:00,2.7933,2.8123833320798943,2.7742166679201055,2.755133335840211,2.800062730308566,-0.354379,0.380572,-0.734951,SL,7,2025-09-05 00:00:00+00:00
XRP,A_ZONE_EMA_MACD,SHORT,2025-09-06T15:30:00+00:00,2025-09-06T15:45:00+00:00,2025-09-06T21:15:00+00:00,2.8044,2.8138626725376708,2.794937327462329,2.785474654924658,2.801797260515497,0.637527,0.770548,-0.133021,SL,23,2025-09-06 15:45:00+00:00
XRP,A_ZONE_EMA_MACD,LONG,2025-09-07T20:45:00+00:00,2025-09-07T21:00:00+00:00,2025-09-07T21:45:00+00:00,2.8786,2.8581664699182725,2.8990335300817276,2.919467060163455,2.8581664699182725,-1.0,0.366278,-1.366278,SL,4,2025-09-07 21:00:00+00:00
XRP,A_ZONE_EMA_MACD,SHORT,2025-09-14T23:15:00+00:00,2025-09-14T23:30:00+00:00,2025-09-15T01:30:00+00:00,3.0308,3.0500918156869927,3.0115081843130076,2.992216368626015,3.038345393611013,0.304441,0.408468,-0.104027,SL,9,2025-09-14 23:30:00+00:00
XRP,A_ZONE_EMA_MACD,SHORT,2025-09-21T21:15:00+00:00,2025-09-21T21:30:00+00:00,2025-09-21T22:45:00+00:00,2.9669,2.9828879866366305,2.9509120133633693,2.9349240267267387,2.9828879866366305,-1.0,0.482484,-1.482484,SL,6,2025-09-21 21:30:00+00:00
XRP,A_ZONE_EMA_MACD,SHORT,2025-09-26T07:30:00+00:00,2025-09-26T07:45:00+00:00,2025-09-26T08:15:00+00:00,2.7389,2.7673605120552867,2.7104394879447136,2.681978975889427,2.7673605120552867,-1.0,0.250211,-1.250211,SL,3,2025-09-26 07:45:00+00:00
XRP,A_ZONE_EMA_MACD,SHORT,2025-10-07T13:30:00+00:00,2025-10-07T13:45:00+00:00,2025-10-07T14:15:00+00:00,2.9495,2.9727692728201207,2.9262307271798793,2.9029614543597586,2.9029614543597586,1.5,0.329563,1.170437,TP2,3,2025-10-07 13:45:00+00:00
XRP,A_ZONE_EMA_MACD,SHORT,2025-10-09T14:15:00+00:00,2025-10-09T14:30:00+00:00,2025-10-09T15:00:00+00:00,2.8037,2.8281426051807683,2.779257394819232,2.7548147896384636,2.8209681333821415,-0.706477,0.298234,-1.004711,SL,3,2025-10-09 14:30:00+00:00
XRP,A_ZONE_EMA_MACD,SHORT,2025-10-21T13:45:00+00:00,2025-10-21T14:00:00+00:00,2025-10-21T14:00:00+00:00,2.4112,2.4355915904937087,2.3868084095062914,2.3624168190125827,2.4355915904937087,-1.0,0.25702,-1.25702,SL,1,2025-10-21 14:00:00+00:00
XRP,A_ZONE_EMA_MACD,SHORT,2025-10-22T14:15:00+00:00,2025-10-22T14:30:00+00:00,2025-10-22T14:45:00+00:00,2.3742,2.4014578962022037,2.3469421037977964,2.319684207595593,2.4014578962022037,-1.0,0.226464,-1.226464,SL,2,2025-10-22 14:30:00+00:00
XRP,A_ZONE_EMA_MACD,LONG,2025-10-27T05:00:00+00:00,2025-10-27T05:15:00+00:00,2025-10-27T06:00:00+00:00,2.6613,2.637137325588956,2.6854626744110446,2.709625348822089,2.6382560880468873,-0.953699,0.286366,-1.240065,SL,4,2025-10-27 05:15:00+00:00
XRP,A_ZONE_EMA_MACD,SHORT,2025-10-29T18:30:00+00:00,2025-10-29T18:45:00+00:00,2025-10-29T18:45:00+00:00,2.5651,2.6075938380679027,2.5226061619320976,2.480112323864195,2.6075938380679027,-1.0,0.156947,-1.156947,SL,1,2025-10-29 18:45:00+00:00
XRP,A_ZONE_EMA_MACD,LONG,2025-11-02T11:30:00+00:00,2025-11-02T11:45:00+00:00,2025-11-02T13:15:00+00:00,2.5464,2.5273786223732557,2.5654213776267447,2.584442755253489,2.5273786223732557,-1.0,0.348063,-1.348063,SL,7,2025-11-02 11:45:00+00:00
XRP,A_ZONE_EMA_MACD,SHORT,2025-11-03T15:15:00+00:00,2025-11-03T15:30:00+00:00,2025-11-03T15:30:00+00:00,2.3558,2.387850012988522,2.3237499870114777,2.2916999740229556,2.2916999740229556,1.5,0.19111,1.30889,TP2,1,2025-11-03 15:30:00+00:00
XRP,A_ZONE_EMA_MACD,SHORT,2025-11-16T21:15:00+00:00,2025-11-16T21:30:00+00:00,2025-11-16T22:45:00+00:00,2.1889,2.2228669614198453,2.1549330385801544,2.120966077160309,2.215544549716001,-0.784425,0.167549,-0.951975,SL,6,2025-11-16 21:30:00+00:00
XRP,A_ZONE_EMA_MACD,SHORT,2025-11-20T23:45:00+00:00,2025-11-21T00:00:00+00:00,2025-11-21T03:00:00+00:00,1.9989,2.0338060871618633,1.9639939128381365,1.9290878256762731,2.000095964669354,0.482869,0.148889,0.33398,SL,13,2025-11-21 00:00:00+00:00
XRP,A_ZONE_EMA_MACD,SHORT,2025-11-22T08:15:00+00:00,2025-11-22T08:30:00+00:00,2025-11-22T14:15:00+00:00,1.9198,1.9493992074875615,1.8902007925124384,1.860601585024877,1.922468724123571,0.454919,0.168636,0.286283,SL,24,2025-11-22 08:30:00+00:00
XRP,A_ZONE_EMA_MACD,LONG,2025-12-03T02:00:00+00:00,2025-12-03T02:15:00+00:00,2025-12-03T05:00:00+00:00,2.1741,2.1528495652092463,2.195350434790754,2.216600869581508,2.216600869581508,1.5,0.266002,1.233998,TP2,12,2025-12-03 02:15:00+00:00
XRP,A_ZONE_EMA_MACD,LONG,2026-02-25T01:00:00+00:00,2026-02-25T01:15:00+00:00,2026-02-25T03:15:00+00:00,1.383,1.3660098317506262,1.3999901682493738,1.4169803364987477,1.3711490369715469,-0.697519,0.21164,-0.909159,SL,9,2026-02-25 01:15:00+00:00
XRP,A_ZONE_EMA_MACD,SHORT,2026-03-01T16:45:00+00:00,2026-03-01T17:00:00+00:00,2026-03-01T21:30:00+00:00,1.3694,1.389650433553485,1.349149566446515,1.32889913289303,1.3553827727520769,0.846097,0.17582,0.670277,SL,19,2026-03-01 17:00:00+00:00
XRP,A_ZONE_EMA_MACD,SHORT,2026-03-06T09:15:00+00:00,2026-03-06T09:30:00+00:00,2026-03-06T10:15:00+00:00,1.3951,1.4054396063301295,1.3847603936698705,1.374420787339741,1.4041153487351201,-0.871924,0.350812,-1.222736,SL,4,2026-03-06 09:30:00+00:00
XRP,A_ZONE_EMA_MACD,LONG,2026-03-10T14:30:00+00:00,2026-03-10T14:45:00+00:00,2026-03-10T17:30:00+00:00,1.4179,1.3982857252862149,1.437514274713785,1.45712854942757,1.4127724591943425,0.369291,0.187952,0.181339,SL,12,2026-03-10 14:45:00+00:00
XRP,A_ZONE_EMA_MACD,LONG,2026-03-15T09:00:00+00:00,2026-03-15T09:15:00+00:00,2026-03-15T13:00:00+00:00,1.4142,1.4070153313506297,1.42138466864937,1.4285693372987402,1.4285693372987402,1.5,0.511773,0.988227,TP2,16,2026-03-15 09:15:00+00:00
XRP,A_ZONE_EMA_MACD,LONG,2026-04-14T13:15:00+00:00,2026-04-14T13:30:00+00:00,2026-04-14T13:45:00+00:00,1.3728,1.3654813911608135,1.3801186088391866,1.3874372176783731,1.3874372176783731,1.5,0.487699,1.012301,TP2,2,2026-04-14 13:30:00+00:00
XRP,A_ZONE_EMA_MACD,LONG,2026-05-03T22:00:00+00:00,2026-05-03T22:15:00+00:00,2026-05-03T23:15:00+00:00,1.4008,1.393860228707105,1.4077397712928952,1.4146795425857903,1.393860228707105,-1.0,0.524813,-1.524813,SL,5,2026-05-03 22:15:00+00:00
XRP,A_ZONE_EMA_MACD,LONG,2026-05-20T14:45:00+00:00,2026-05-20T15:00:00+00:00,2026-05-20T18:45:00+00:00,1.3724,1.3628473873918607,1.3819526126081394,1.3915052252162787,1.3668296237479678,-0.583126,0.373536,-0.956661,SL,16,2026-05-20 15:00:00+00:00
XRP,A_ZONE_EMA_MACD,SHORT,2026-05-27T13:00:00+00:00,2026-05-27T13:15:00+00:00,2026-05-27T14:45:00+00:00,1.3274,1.3359327389334712,1.3188672610665286,1.3103345221330573,1.3288022085701872,0.417834,0.40447,0.013363,SL,7,2026-05-27 13:15:00+00:00
XRP,A_ZONE_EMA_MACD,SHORT,2026-05-27T17:00:00+00:00,2026-05-27T17:15:00+00:00,2026-05-27T19:00:00+00:00,1.3207,1.3315790741849036,1.3098209258150963,1.2989418516301927,1.3290911400925403,-0.77131,0.315635,-1.086945,SL,8,2026-05-27 17:15:00+00:00
XRP,A_ZONE_EMA_MACD,SHORT,2026-05-27T21:30:00+00:00,2026-05-27T21:45:00+00:00,2026-05-28T03:15:00+00:00,1.317,1.32730389371314,1.3066961062868598,1.2963922125737197,1.2963922125737197,1.5,0.332321,1.167679,TP2,23,2026-05-27 21:45:00+00:00
XRP,A_ZONE_EMA_MACD,SHORT,2026-06-02T00:15:00+00:00,2026-06-02T00:30:00+00:00,2026-06-02T02:00:00+00:00,1.2894,1.299473816691424,1.2793261833085763,1.2692523666171525,1.2692523666171525,1.5,0.332787,1.167213,TP2,7,2026-06-02 00:30:00+00:00
XRP,A_ZONE_EMA_MACD,LONG,2026-06-07T22:00:00+00:00,2026-06-07T22:15:00+00:00,2026-06-08T01:15:00+00:00,1.1624,1.1453258096561456,1.1794741903438546,1.196548380687709,1.1453921132940899,-0.996117,0.177006,-1.173123,SL,13,2026-06-07 22:15:00+00:00
XRP,A_ZONE_EMA_MACD,LONG,2026-07-02T08:30:00+00:00,2026-07-02T08:45:00+00:00,2026-07-02T09:30:00+00:00,1.0635,1.056891621728141,1.0701083782718588,1.0767167565437177,1.0767167565437177,1.5,0.418423,1.081577,TP2,4,2026-07-02 08:45:00+00:00
XRP,A_ZONE_EMA_MACD,LONG,2026-07-20T15:00:00+00:00,2026-07-20T15:15:00+00:00,2026-07-20T22:00:00+00:00,1.1055,1.0960009605905483,1.1149990394094516,1.1244980788189032,1.1106406299838207,0.770587,0.302588,0.467998,SL,28,2026-07-20 15:15:00+00:00
XRP,A_ZONE_EMA_MACD,LONG,2026-07-21T00:30:00+00:00,2026-07-21T00:45:00+00:00,2026-07-21T02:15:00+00:00,1.1165,1.1099049116017154,1.1230950883982846,1.1296901767965692,1.1118307656157649,-0.707987,0.440161,-1.148148,SL,7,2026-07-21 00:45:00+00:00
XRP,A_ZONE_EMA_MACD,LONG,2026-08-04T18:00:00+00:00,2026-08-04T18:15:00+00:00,2026-08-04T20:15:00+00:00,1.0777,1.0714006671920748,1.0839993328079254,1.0902986656158506,1.0739452013389286,-0.596063,0.444812,-1.040875,SL,9,2026-08-04 18:15:00+00:00
XRP,A_ZONE_EMA_MACD,SHORT,2026-08-15T18:15:00+00:00,2026-08-15T18:30:00+00:00,2026-08-15T19:15:00+00:00,1.0004,1.002808948058838,0.9979910519411619,0.9955821038823238,1.002808948058838,-1.0,1.079741,-2.079741,SL,4,2026-08-15 18:30:00+00:00
XRP,A_ZONE_EMA_MACD,SHORT,2026-08-16T09:45:00+00:00,2026-08-16T10:00:00+00:00,2026-08-16T12:15:00+00:00,0.9998,1.0017184551736256,0.9978815448263745,0.9959630896527489,1.0003314226612239,0.361497,1.354986,-0.993489,SL,10,2026-08-16 10:00:00+00:00
XRP,A_ZONE_EMA_MACD,SHORT,2026-08-16T20:30:00+00:00,2026-08-16T20:45:00+00:00,2026-08-16T21:30:00+00:00,0.9991,1.0018908748089657,0.9963091251910343,0.9935182503820686,0.9935182503820686,1.5,0.930769,0.569231,TP2,4,2026-08-16 20:45:00+00:00
XRP,A_ZONE_EMA_MACD,LONG,2026-08-17T20:30:00+00:00,2026-08-17T20:45:00+00:00,2026-08-18T01:15:00+00:00,1.0035,0.9993770668199006,1.0076229331800994,1.011745866360199,0.9997372912224392,-0.912629,0.632826,-1.545455,SL,19,2026-08-17 20:45:00+00:00
XRP,A_ZONE_EMA_MACD,LONG,2026-08-28T01:15:00+00:00,2026-08-28T01:30:00+00:00,2026-08-28T01:45:00+00:00,1.4671,1.4504070973752063,1.4837929026247938,1.5004858052495875,1.4504070973752063,-1.0,0.228508,-1.228508,SL,2,2026-08-28 01:30:00+00:00
XRP,A_ZONE_EMA_MACD,SHORT,2026-09-04T12:30:00+00:00,2026-09-04T12:45:00+00:00,2026-09-05T06:30:00+00:00,1.4107,1.4322408157139515,1.3891591842860487,1.3676183685720973,1.4021199847959593,0.699157,0.170273,0.528884,SL,72,2026-09-04 12:45:00+00:00
XRP,A_ZONE_EMA_MACD,SHORT,2026-09-07T14:00:00+00:00,2026-09-07T14:15:00+00:00,2026-09-07T15:30:00+00:00,1.3963,1.4066714508178577,1.3859285491821425,1.3755570983642849,1.3755570983642849,1.5,0.350036,1.149964,TP2,6,2026-09-07 14:15:00+00:00
XRP,A_ZONE_EMA_MACD,LONG,2026-09-18T13:30:00+00:00,2026-09-18T13:45:00+00:00,2026-09-18T14:15:00+00:00,1.3463,1.331855327587491,1.3607446724125092,1.3751893448250183,1.3751893448250183,1.5,0.24233,1.25767,TP2,3,2026-09-18 13:45:00+00:00
XRP,A_ZONE_EMA_MACD,SHORT,2026-09-26T17:00:00+00:00,2026-09-26T17:15:00+00:00,2026-09-26T18:30:00+00:00,1.5403,1.5491169615192077,1.5314830384807923,1.5226660769615845,1.5226660769615845,1.5,0.454213,1.045787,TP2,6,2026-09-26 17:15:00+00:00
XRP,A_ZONE_EMA_MACD,SHORT,2026-09-29T01:00:00+00:00,2026-09-29T01:15:00+00:00,2026-09-29T03:15:00+00:00,1.4809,1.4985891854136884,1.4632108145863119,1.4455216291726236,1.489300733548158,-0.474908,0.217666,-0.692574,SL,9,2026-09-29 01:15:00+00:00
XRP,B_PLUS_STOCH,LONG,2025-03-02T15:15:00+00:00,2025-03-02T15:30:00+00:00,2025-03-02T15:30:00+00:00,2.3844,2.318469947801194,2.450330052198806,2.516260104397612,2.516260104397612,1.5,0.094031,1.405969,TP2,1,2025-03-02 15:30:00+00:00
XRP,B_PLUS_STOCH,SHORT,2025-03-30T21:45:00+00:00,2025-03-30T22:00:00+00:00,2025-03-30T22:30:00+00:00,2.1307,2.1560234202114734,2.1053765797885267,2.0800531595770533,2.1447074616249395,-0.553143,0.218763,-0.771905,SL,3,2025-03-30 22:00:00+00:00
XRP,B_PLUS_STOCH,SHORT,2025-06-18T18:45:00+00:00,2025-06-18T19:00:00+00:00,2025-06-18T20:30:00+00:00,2.1296,2.155110287963229,2.104089712036771,2.078579424073542,2.155110287963229,-1.0,0.217048,-1.217048,SL,7,2025-06-18 19:00:00+00:00
XRP,B_PLUS_STOCH,SHORT,2025-08-12T09:00:00+00:00,2025-08-12T09:15:00+00:00,2025-08-12T11:15:00+00:00,3.1304,3.1598189471035374,3.1009810528964623,3.0715621057929248,3.138793509168683,-0.28531,0.27666,-0.561969,SL,9,2025-08-12 09:15:00+00:00
XRP,B_PLUS_STOCH,SHORT,2025-08-19T13:30:00+00:00,2025-08-19T13:45:00+00:00,2025-08-19T14:30:00+00:00,2.9896,3.0180706070213166,2.961129392978683,2.9326587859573663,2.9326587859573663,1.5,0.273017,1.226983,TP2,4,2025-08-19 13:45:00+00:00
XRP,B_PLUS_STOCH,SHORT,2025-10-07T13:30:00+00:00,2025-10-07T13:45:00+00:00,2025-10-07T14:15:00+00:00,2.9495,2.9727692728201207,2.9262307271798793,2.9029614543597586,2.9029614543597586,1.5,0.329563,1.170437,TP2,3,2025-10-07 13:45:00+00:00
XRP,B_PLUS_STOCH,LONG,2026-05-03T22:00:00+00:00,2026-05-03T22:15:00+00:00,2026-05-03T23:15:00+00:00,1.4008,1.393860228707105,1.4077397712928952,1.4146795425857903,1.393860228707105,-1.0,0.524813,-1.524813,SL,5,2026-05-03 22:15:00+00:00
XRP,B_PLUS_STOCH,SHORT,2026-05-27T13:00:00+00:00,2026-05-27T13:15:00+00:00,2026-05-27T14:45:00+00:00,1.3274,1.3359327389334712,1.3188672610665286,1.3103345221330573,1.3288022085701872,0.417834,0.40447,0.013363,SL,7,2026-05-27 13:15:00+00:00
XRP,B_PLUS_STOCH,SHORT,2026-05-27T21:30:00+00:00,2026-05-27T21:45:00+00:00,2026-05-28T03:15:00+00:00,1.317,1.32730389371314,1.3066961062868598,1.2963922125737197,1.2963922125737197,1.5,0.332321,1.167679,TP2,23,2026-05-27 21:45:00+00:00
XRP,B_PLUS_STOCH,LONG,2026-06-07T22:00:00+00:00,2026-06-07T22:15:00+00:00,2026-06-08T01:15:00+00:00,1.1624,1.1453258096561456,1.1794741903438546,1.196548380687709,1.1453921132940899,-0.996117,0.177006,-1.173123,SL,13,2026-06-07 22:15:00+00:00
XRP,B_PLUS_STOCH,LONG,2026-07-21T00:30:00+00:00,2026-07-21T00:45:00+00:00,2026-07-21T02:15:00+00:00,1.1165,1.1099049116017154,1.1230950883982846,1.1296901767965692,1.1118307656157649,-0.707987,0.440161,-1.148148,SL,7,2026-07-21 00:45:00+00:00
XRP,B_PLUS_STOCH,SHORT,2026-08-16T20:30:00+00:00,2026-08-16T20:45:00+00:00,2026-08-16T21:30:00+00:00,0.9991,1.0018908748089657,0.9963091251910343,0.9935182503820686,0.9935182503820686,1.5,0.930769,0.569231,TP2,4,2026-08-16 20:45:00+00:00
XRP,B_PLUS_STOCH,SHORT,2026-09-04T12:30:00+00:00,2026-09-04T12:45:00+00:00,2026-09-05T06:30:00+00:00,1.4107,1.4322408157139515,1.3891591842860487,1.3676183685720973,1.4021199847959593,0.699157,0.170273,0.528884,SL,72,2026-09-04 12:45:00+00:00
XRP,C_PLUS_CONFIRMED_STRUCTURE,LONG,2025-03-02T15:15:00+00:00,2025-03-02T15:30:00+00:00,2025-03-02T15:30:00+00:00,2.3844,2.318469947801194,2.450330052198806,2.516260104397612,2.516260104397612,1.5,0.094031,1.405969,TP2,1,2025-03-02 15:30:00+00:00
XRP,C_PLUS_CONFIRMED_STRUCTURE,SHORT,2025-06-18T18:45:00+00:00,2025-06-18T19:00:00+00:00,2025-06-18T20:30:00+00:00,2.1296,2.155110287963229,2.104089712036771,2.078579424073542,2.155110287963229,-1.0,0.217048,-1.217048,SL,7,2025-06-18 19:00:00+00:00
XRP,C_PLUS_CONFIRMED_STRUCTURE,SHORT,2025-08-19T13:30:00+00:00,2025-08-19T13:45:00+00:00,2025-08-19T14:30:00+00:00,2.9896,3.0180706070213166,2.961129392978683,2.9326587859573663,2.9326587859573663,1.5,0.273017,1.226983,TP2,4,2025-08-19 13:45:00+00:00
XRP,C_PLUS_CONFIRMED_STRUCTURE,SHORT,2025-10-07T13:30:00+00:00,2025-10-07T13:45:00+00:00,2025-10-07T14:15:00+00:00,2.9495,2.9727692728201207,2.9262307271798793,2.9029614543597586,2.9029614543597586,1.5,0.329563,1.170437,TP2,3,2025-10-07 13:45:00+00:00
XRP,C_PLUS_CONFIRMED_STRUCTURE,LONG,2026-05-03T22:00:00+00:00,2026-05-03T22:15:00+00:00,2026-05-03T23:15:00+00:00,1.4008,1.393860228707105,1.4077397712928952,1.4146795425857903,1.393860228707105,-1.0,0.524813,-1.524813,SL,5,2026-05-03 22:15:00+00:00
XRP,C_PLUS_CONFIRMED_STRUCTURE,LONG,2026-06-07T22:00:00+00:00,2026-06-07T22:15:00+00:00,2026-06-08T01:15:00+00:00,1.1624,1.1453258096561456,1.1794741903438546,1.196548380687709,1.1453921132940899,-0.996117,0.177006,-1.173123,SL,13,2026-06-07 22:15:00+00:00
XRP,C_PLUS_CONFIRMED_STRUCTURE,LONG,2026-07-21T00:30:00+00:00,2026-07-21T00:45:00+00:00,2026-07-21T02:15:00+00:00,1.1165,1.1099049116017154,1.1230950883982846,1.1296901767965692,1.1118307656157649,-0.707987,0.440161,-1.148148,SL,7,2026-07-21 00:45:00+00:00
XRP,C_PLUS_CONFIRMED_STRUCTURE,SHORT,2026-09-04T12:30:00+00:00,2026-09-04T12:45:00+00:00,2026-09-05T06:30:00+00:00,1.4107,1.4322408157139515,1.3891591842860487,1.3676183685720973,1.4021199847959593,0.699157,0.170273,0.528884,SL,72,2026-09-04 12:45:00+00:00
