coin,family,side,signal_index,entry_index,signal_time,entry_time,entry,sl,tp,risk_price,target_rr,closed_at,exit,result,gross_R,cost_R,R,hold_bars,entry_bar_exit
SUI,BREAKOUT,LONG,250,251,2025-01-03T14:30:00+00:00,2025-01-03T14:45:00+00:00,4.469,4.390281861963785,4.626436276072432,0.07871813803621563,2.0,2025-01-03T15:45:00+00:00,4.626436276072432,TP,2.0,0.08088104663148338,1.9191189533685167,4,
BTC,BREAKOUT,LONG,250,251,2025-01-03T14:30:00+00:00,2025-01-03T14:45:00+00:00,97204.9,96548.08045845185,98518.53908309629,656.8195415481459,2.0,2025-01-03T18:30:00+00:00,98518.53908309629,TP,2.0,0.20859063820671145,1.7914093617932885,15,
CRV,BREAKOUT,LONG,251,252,2025-01-03T14:45:00+00:00,2025-01-03T15:00:00+00:00,1.053,1.023796691599042,1.1114066168019159,0.029203308400957972,2.0,2025-01-03T20:45:00+00:00,1.1114066168019159,TP,2.0,0.05188058184913189,1.948119418150868,23,
BNB,BREAKOUT,LONG,250,251,2025-01-03T14:30:00+00:00,2025-01-03T14:45:00+00:00,709.36,704.2940174513468,719.4919650973064,5.06598254865321,2.0,2025-01-04T00:30:00+00:00,719.4919650973064,TP,2.0,0.19743383755516813,1.802566162444832,39,
SUI,BREAKOUT,LONG,287,288,2025-01-03T23:45:00+00:00,2025-01-04T00:00:00+00:00,4.9867,4.876174277645764,5.207751444708472,0.11052572235423597,2.0,2025-01-04T00:45:00+00:00,4.876174277645764,SL,-1.0,0.06246520581177124,-1.0624652058117712,3,
SOL,BREAKOUT,LONG,250,251,2025-01-03T14:30:00+00:00,2025-01-03T14:45:00+00:00,217.96,214.38983448114703,225.10033103770596,3.570165518852974,2.0,2025-01-04T10:15:00+00:00,214.38983448114703,SL,-1.0,0.08477054706248939,-1.0847705470624893,78,
ETH,BREAKOUT,LONG,266,267,2025-01-03T18:30:00+00:00,2025-01-03T18:45:00+00:00,3611.81,3571.903987276272,3691.622025447456,39.906012723728054,2.0,2025-01-04T10:15:00+00:00,3571.903987276272,SL,-1.0,0.1260110807337911,-1.126011080733791,62,
SUI,BREAKOUT,LONG,317,318,2025-01-04T07:15:00+00:00,2025-01-04T07:30:00+00:00,4.9776,4.90478568490654,5.12322863018692,0.07281431509345992,2.0,2025-01-04T10:15:00+00:00,5.12322863018692,TP,2.0,0.09710425803024428,1.9028957419697556,11,
LINK,BREAKOUT,LONG,344,345,2025-01-04T14:00:00+00:00,2025-01-04T14:15:00+00:00,23.715,23.360889927984168,24.423220144031664,0.3541100720158319,2.0,2025-01-04T15:30:00+00:00,23.360889927984168,SL,-1.0,0.09305898237233878,-1.0930589823723387,5,
UNI,BREAKOUT,LONG,254,255,2025-01-03T15:30:00+00:00,2025-01-03T15:45:00+00:00,14.885,14.604704702308085,15.445590595383829,0.2802952976919144,2.0,2025-01-04T15:45:00+00:00,15.126,TIME,0.8598075029603028,0.07494845676323311,0.7848590461970697,96,
FET,BREAKOUT,LONG,460,461,2025-01-05T19:00:00+00:00,2025-01-05T19:15:00+00:00,1.5452,1.509933848949322,1.6157323021013559,0.035266151050677985,2.0,2025-01-05T23:00:00+00:00,1.6157323021013559,TP,2.0,0.06274153956555492,1.9372584604344452,15,
ADA,BREAKOUT,LONG,477,478,2025-01-05T23:15:00+00:00,2025-01-05T23:30:00+00:00,1.1026,1.0845856512004846,1.138628697599031,0.018014348799515467,2.0,2025-01-06T00:00:00+00:00,1.0845856512004846,SL,-1.0,0.08498946994306668,-1.0849894699430667,2,
AVAX,BREAKOUT,LONG,460,461,2025-01-05T19:00:00+00:00,2025-01-05T19:15:00+00:00,42.469,41.822423331170306,43.76215333765939,0.6465766688296952,2.0,2025-01-06T04:00:00+00:00,43.76215333765939,TP,2.0,0.09335599356781082,1.9066440064321892,35,
DOGE,BREAKOUT,LONG,489,490,2025-01-06T02:15:00+00:00,2025-01-06T02:30:00+00:00,0.387,0.38046715055231856,0.4000656988953629,0.006532849447681455,2.0,2025-01-06T07:15:00+00:00,0.38046715055231856,SL,-1.0,0.08223471391603672,-1.0822347139160367,19,
LINK,BREAKOUT,LONG,496,497,2025-01-06T04:00:00+00:00,2025-01-06T04:15:00+00:00,24.074,23.58182180130865,25.058356397382706,0.49217819869135226,2.0,2025-01-06T07:15:00+00:00,23.58182180130865,SL,-1.0,0.0677784496542394,-1.0677784496542393,12,
SOL,BREAKOUT,LONG,488,489,2025-01-06T02:00:00+00:00,2025-01-06T02:15:00+00:00,215.69,213.27902790612555,220.5119441877489,2.4109720938744488,2.0,2025-01-06T09:30:00+00:00,213.27902790612555,SL,-1.0,0.12454657617033575,-1.1245465761703357,29,
SOL,BREAKOUT,LONG,529,530,2025-01-06T12:15:00+00:00,2025-01-06T12:30:00+00:00,216.87,214.77962145783397,221.05075708433208,2.090378542166036,2.0,2025-01-06T14:45:00+00:00,221.05075708433208,TP,2.0,0.14664546338166728,1.8533545366183328,9,
BNB,BREAKOUT,LONG,520,521,2025-01-06T10:00:00+00:00,2025-01-06T10:15:00+00:00,717.45,712.7642145988428,726.8215708023145,4.685785401157204,2.0,2025-01-06T16:00:00+00:00,726.8215708023145,TP,2.0,0.21575680766599883,1.7842431923340012,23,
CRV,BREAKOUT,LONG,540,541,2025-01-06T15:00:00+00:00,2025-01-06T15:15:00+00:00,1.023,0.9953146731675094,1.0783706536649809,0.027685326832490476,2.0,2025-01-06T17:30:00+00:00,0.9953146731675094,SL,-1.0,0.05103137411978185,-1.0510313741197819,9,
DOGE,BREAKOUT,LONG,540,541,2025-01-06T15:00:00+00:00,2025-01-06T15:15:00+00:00,0.3909,0.3842188469889077,0.4042623060221847,0.0066811530110923445,2.0,2025-01-06T17:30:00+00:00,0.3842188469889077,SL,-1.0,0.08121101133163915,-1.081211011331639,9,
ETH,BREAKOUT,LONG,544,545,2025-01-06T16:00:00+00:00,2025-01-06T16:15:00+00:00,3729.02,3679.317102274629,3828.4257954507416,49.7028977253708,2.0,2025-01-06T17:30:00+00:00,3679.317102274629,SL,-1.0,0.10433669280705006,-1.1043366928070502,5,
FET,BREAKOUT,LONG,534,535,2025-01-06T13:30:00+00:00,2025-01-06T13:45:00+00:00,1.6043,1.5728030747836919,1.6672938504326165,0.0314969252163082,2.0,2025-01-06T22:15:00+00:00,1.5728030747836919,SL,-1.0,0.07060918286706525,-1.0706091828670652,34,
BNB,BREAKOUT,LONG,562,563,2025-01-06T20:30:00+00:00,2025-01-06T20:45:00+00:00,740.9,733.4437997080321,755.8124005839358,7.456200291967889,2.0,2025-01-06T23:30:00+00:00,733.4437997080321,SL,-1.0,0.1384137522307947,-1.1384137522307947,11,
ADA,BREAKOUT,LONG,540,541,2025-01-06T15:00:00+00:00,2025-01-06T15:15:00+00:00,1.0991,1.0772972008338204,1.142705598332359,0.021802799166179554,2.0,2025-01-07T09:00:00+00:00,1.142705598332359,TP,2.0,0.07197534164635563,1.9280246583536444,71,
SUI,BREAKOUT,LONG,761,762,2025-01-08T22:15:00+00:00,2025-01-08T22:30:00+00:00,4.7829,4.624448318495544,5.0998033630089115,0.15845168150445588,2.0,2025-01-09T08:00:00+00:00,4.624448318495544,SL,-1.0,0.04155931802315205,-1.0415593180231522,38,
BNB,BREAKOUT,SHORT,849,850,2025-01-09T20:15:00+00:00,2025-01-09T20:30:00+00:00,675.55,685.0888852404815,656.4722295190368,9.53888524048159,2.0,2025-01-09T22:15:00+00:00,685.0888852404815,SL,-1.0,0.0998489022203868,-1.0998489022203868,7,
SUI,BREAKOUT,LONG,829,830,2025-01-09T15:15:00+00:00,2025-01-09T15:30:00+00:00,4.7057,4.572012952439297,4.973074095121406,0.13368704756070304,2.0,2025-01-10T06:15:00+00:00,4.973074095121406,TP,2.0,0.0506791195572526,1.9493208804427473,59,
SUI,BREAKOUT,LONG,935,936,2025-01-10T17:45:00+00:00,2025-01-10T18:00:00+00:00,5.1903,5.017125057002398,5.536649885995202,0.17317494299760128,2.0,2025-01-11T05:15:00+00:00,5.017125057002398,SL,-1.0,0.041259996488063805,-1.0412599964880638,45,
BNB,BREAKOUT,SHORT,1144,1145,2025-01-12T22:00:00+00:00,2025-01-12T22:15:00+00:00,690.5,693.8445410348731,683.8109179302537,3.3445410348731457,2.0,2025-01-13T00:00:00+00:00,693.8445410348731,SL,-1.0,0.28973816395742497,-1.289738163957425,7,
SOL,BREAKOUT,SHORT,1179,1180,2025-01-13T06:45:00+00:00,2025-01-13T07:00:00+00:00,182.02,184.89836862547278,176.26326274905446,2.878368625472774,2.0,2025-01-13T11:30:00+00:00,176.26326274905446,TP,2.0,0.08713209340347933,1.9128679065965206,18,
LINK,BREAKOUT,SHORT,1185,1186,2025-01-13T08:15:00+00:00,2025-01-13T08:30:00+00:00,18.832,19.227444846123827,18.041110307752348,0.39544484612382647,2.0,2025-01-13T14:30:00+00:00,18.041110307752348,TP,2.0,0.0652712444438948,1.9347287555561052,24,
ETH,BREAKOUT,SHORT,1198,1199,2025-01-13T11:30:00+00:00,2025-01-13T11:45:00+00:00,3075.3,3128.491493541549,2968.9170129169024,53.19149354154888,2.0,2025-01-13T14:30:00+00:00,2968.9170129169024,TP,2.0,0.07954188963949575,1.9204581103605043,11,
CRV,BREAKOUT,SHORT,1198,1199,2025-01-13T11:30:00+00:00,2025-01-13T11:45:00+00:00,0.758,0.7821485231132278,0.7097029537735444,0.024148523113227793,2.0,2025-01-13T14:45:00+00:00,0.7821485231132278,SL,-1.0,0.04464471641285211,-1.044644716412852,12,
XRP,BREAKOUT,LONG,1318,1319,2025-01-14T17:30:00+00:00,2025-01-14T17:45:00+00:00,2.6605,2.602237456060303,2.7770250878793936,0.058262543939696876,2.0,2025-01-15T01:30:00+00:00,2.7770250878793936,TP,2.0,0.06532958062138779,1.9346704193786122,31,
CRV,BREAKOUT,SHORT,1389,1390,2025-01-15T11:15:00+00:00,2025-01-15T11:30:00+00:00,0.839,0.8612689667101605,0.7944620665796789,0.022268966710160543,2.0,2025-01-15T13:30:00+00:00,0.8612689667101605,SL,-1.0,0.053446048583568606,-1.0534460485835686,8,
LINK,BREAKOUT,SHORT,1389,1390,2025-01-15T11:15:00+00:00,2025-01-15T11:30:00+00:00,20.141,20.499503426112923,19.423993147774148,0.3585034261129252,2.0,2025-01-15T13:30:00+00:00,20.499503426112923,SL,-1.0,0.07935308375356527,-1.0793530837535652,8,
XRP,BREAKOUT,LONG,1431,1432,2025-01-15T21:45:00+00:00,2025-01-15T22:00:00+00:00,3.0457,2.9566410922703,3.2238178154594,0.08905890772969993,2.0,2025-01-16T00:30:00+00:00,2.9566410922703,SL,-1.0,0.047178197798489516,-1.0471781977984895,10,
BTC,BREAKOUT,LONG,1424,1425,2025-01-15T20:00:00+00:00,2025-01-15T20:15:00+00:00,100200.9,99194.1162151955,102214.46756960897,1006.7837848044874,2.0,2025-01-16T03:30:00+00:00,99194.1162151955,SL,-1.0,0.13863603432761082,-1.1386360343276107,29,
XRP,BREAKOUT,LONG,1467,1468,2025-01-16T06:45:00+00:00,2025-01-16T07:00:00+00:00,3.1202,3.036883092402904,3.2868338151941923,0.08331690759709609,2.0,2025-01-16T09:30:00+00:00,3.036883092402904,SL,-1.0,0.05172969435596588,-1.051729694355966,10,
XRP,BREAKOUT,LONG,1485,1486,2025-01-16T11:15:00+00:00,2025-01-16T11:30:00+00:00,3.1661,3.061990823835017,3.3743183523299667,0.10410917616498327,2.0,2025-01-16T13:00:00+00:00,3.3743183523299667,TP,2.0,0.04397588200463417,1.956024117995366,6,
AVAX,BREAKOUT,LONG,1490,1491,2025-01-16T12:30:00+00:00,2025-01-16T12:45:00+00:00,40.173,39.368310658065624,41.78237868386876,0.8046893419343775,2.0,2025-01-16T14:30:00+00:00,39.368310658065624,SL,-1.0,0.06919305943185533,-1.0691930594318553,7,
UNI,BREAKOUT,LONG,1490,1491,2025-01-16T12:30:00+00:00,2025-01-16T12:45:00+00:00,14.495,14.216507609033004,15.05198478193399,0.27849239096699563,2.0,2025-01-16T14:30:00+00:00,14.216507609033004,SL,-1.0,0.07216734093358027,-1.0721673409335803,7,
ADA,BREAKOUT,LONG,1488,1489,2025-01-16T12:00:00+00:00,2025-01-16T12:15:00+00:00,1.0852,1.0584383762464318,1.1387232475071363,0.026761623753568164,2.0,2025-01-16T14:45:00+00:00,1.0584383762464318,SL,-1.0,0.05607084522187978,-1.0560708452218799,10,
DOGE,BREAKOUT,LONG,1405,1406,2025-01-15T15:15:00+00:00,2025-01-15T15:30:00+00:00,0.37384,0.36449940885968835,0.3925211822806233,0.00934059114031166,2.0,2025-01-16T15:30:00+00:00,0.37679,TIME,0.3158258353979915,0.056253506026222234,0.2595723293717692,96,
ETH,BREAKOUT,SHORT,1500,1501,2025-01-16T15:00:00+00:00,2025-01-16T15:15:00+00:00,3279.58,3337.259138399317,3164.2217232013654,57.67913839931725,2.0,2025-01-16T16:00:00+00:00,3337.259138399317,SL,-1.0,0.08030264538303764,-1.0803026453830376,3,
ETH,BREAKOUT,SHORT,1529,1530,2025-01-16T22:15:00+00:00,2025-01-16T22:30:00+00:00,3289.43,3333.1995195994864,3201.8909608010267,43.76951959948656,2.0,2025-01-17T01:15:00+00:00,3333.1995195994864,SL,-1.0,0.10591481711793842,-1.1059148171179385,11,
DOGE,BREAKOUT,LONG,1545,1546,2025-01-17T02:15:00+00:00,2025-01-17T02:30:00+00:00,0.38875,0.38148798485736457,0.4032740302852708,0.007262015142635414,2.0,2025-01-17T08:15:00+00:00,0.4032740302852708,TP,2.0,0.07634476248124285,1.9236552375187572,23,
SOL,BREAKOUT,LONG,1543,1544,2025-01-17T01:45:00+00:00,2025-01-17T02:00:00+00:00,214.37,210.78438259312549,221.54123481374904,3.585617406874519,2.0,2025-01-17T13:00:00+00:00,221.54123481374904,TP,2.0,0.08510050843255035,1.9148994915674495,44,
ADA,BREAKOUT,LONG,1604,1605,2025-01-17T17:00:00+00:00,2025-01-17T17:15:00+00:00,1.1488,1.1201551890656438,1.2060896218687125,0.028644810934356224,2.0,2025-01-17T17:30:00+00:00,1.1201551890656438,SL,-1.0,0.05544699303429514,-1.0554469930342951,1,
LINK,BREAKOUT,LONG,1543,1544,2025-01-17T01:45:00+00:00,2025-01-17T02:00:00+00:00,23.763,23.227872981961358,24.83325403607729,0.5351270180386436,2.0,2025-01-17T20:30:00+00:00,24.83325403607729,TP,2.0,0.06356879148045105,1.936431208519549,74,
AVAX,BREAKOUT,LONG,1542,1543,2025-01-17T01:30:00+00:00,2025-01-17T01:45:00+00:00,40.798,40.136311821625895,42.121376356748215,0.6616881783741064,2.0,2025-01-18T01:45:00+00:00,41.27,TIME,0.7133269346896827,0.08681974663830276,0.62650718805138,96,
LINK,BREAKOUT,LONG,1633,1634,2025-01-18T00:15:00+00:00,2025-01-18T00:30:00+00:00,25.406,24.881024559252893,26.45595088149421,0.5249754407471059,2.0,2025-01-18T03:15:00+00:00,24.881024559252893,SL,-1.0,0.06705250276352301,-1.067052502763523,11,
SOL,BREAKOUT,LONG,1644,1645,2025-01-18T03:00:00+00:00,2025-01-18T03:15:00+00:00,224.73,220.83212993209537,232.52574013580923,3.89787006790462,2.0,2025-01-18T03:45:00+00:00,220.83212993209537,SL,-1.0,0.08001638985368527,-1.0800163898536852,2,
BTC,BREAKOUT,LONG,1596,1597,2025-01-17T15:00:00+00:00,2025-01-17T15:15:00+00:00,103999.4,102935.8351592119,106126.52968157618,1063.5648407880944,2.0,2025-01-18T04:15:00+00:00,102935.8351592119,SL,-1.0,0.1361973046270616,-1.1361973046270615,52,
SOL,BREAKOUT,LONG,1658,1659,2025-01-18T06:30:00+00:00,2025-01-18T06:45:00+00:00,236.86,227.5550804136847,255.46983917263066,9.304919586315322,2.0,2025-01-18T15:45:00+00:00,255.46983917263066,TP,2.0,0.0370374922882394,1.9629625077117605,36,
XRP,BREAKOUT,LONG,1686,1687,2025-01-18T13:30:00+00:00,2025-01-18T13:45:00+00:00,3.2428,3.1626155954582327,3.4031688090835344,0.08018440454176723,2.0,2025-01-18T16:00:00+00:00,3.1626155954582327,SL,-1.0,0.055918491163518,-1.055918491163518,9,
SUI,BREAKOUT,LONG,1712,1713,2025-01-18T20:00:00+00:00,2025-01-18T20:15:00+00:00,5.1142,4.980032688397775,5.382534623204451,0.1341673116022255,2.0,2025-01-18T20:45:00+00:00,4.980032688397775,SL,-1.0,0.052665308691787455,-1.0526653086917874,2,
SOL,BREAKOUT,LONG,1726,1727,2025-01-18T23:30:00+00:00,2025-01-18T23:45:00+00:00,262.74,253.1052947028635,282.00941059427305,9.63470529713652,2.0,2025-01-19T03:00:00+00:00,253.1052947028635,SL,-1.0,0.03747823053802409,-1.0374782305380241,13,
AVAX,BREAKOUT,LONG,1734,1735,2025-01-19T01:30:00+00:00,2025-01-19T01:45:00+00:00,40.302,39.54815546621774,41.80968906756451,0.7538445337822566,2.0,2025-01-19T03:15:00+00:00,39.54815546621774,SL,-1.0,0.07414673227901575,-1.0741467322790157,6,
LINK,BREAKOUT,LONG,1735,1736,2025-01-19T01:45:00+00:00,2025-01-19T02:00:00+00:00,24.451,23.915746845330222,25.521506309339557,0.5352531546697783,2.0,2025-01-19T03:15:00+00:00,23.915746845330222,SL,-1.0,0.06325366323645283,-1.0632536632364529,5,
SOL,BREAKOUT,LONG,1746,1747,2025-01-19T04:30:00+00:00,2025-01-19T04:45:00+00:00,269.41,257.9889076198492,292.25218476030165,11.42109238015081,2.0,2025-01-19T11:00:00+00:00,292.25218476030165,TP,2.0,0.03442433667864436,1.9655756633213557,25,
ADA,BREAKOUT,LONG,1784,1785,2025-01-19T14:00:00+00:00,2025-01-19T14:15:00+00:00,1.0667,1.0377150159845907,1.1246699680308185,0.028984984015409276,2.0,2025-01-19T21:15:00+00:00,1.0377150159845907,SL,-1.0,0.05082254005750271,-1.0508225400575026,28,
CRV,BREAKOUT,LONG,1786,1787,2025-01-19T14:30:00+00:00,2025-01-19T14:45:00+00:00,0.939,0.8983572219887607,1.0202855560224786,0.04064277801123928,2.0,2025-01-19T21:15:00+00:00,0.8983572219887607,SL,-1.0,0.031645229935721005,-1.031645229935721,26,
BNB,BREAKOUT,LONG,1784,1785,2025-01-19T14:00:00+00:00,2025-01-19T14:15:00+00:00,699.74,690.7508632736931,717.7182734526139,8.989136726306924,2.0,2025-01-19T21:30:00+00:00,690.7508632736931,SL,-1.0,0.10827998660239217,-1.1082799866023922,29,
UNI,BREAKOUT,LONG,1784,1785,2025-01-19T14:00:00+00:00,2025-01-19T14:15:00+00:00,13.992,13.577414626877529,14.821170746244945,0.41458537312247223,2.0,2025-01-19T21:45:00+00:00,13.577414626877529,SL,-1.0,0.04654913436396922,-1.0465491343639692,30,
LINK,BREAKOUT,LONG,1786,1787,2025-01-19T14:30:00+00:00,2025-01-19T14:45:00+00:00,25.022,24.082780516096317,26.90043896780736,0.9392194839036812,2.0,2025-01-19T22:00:00+00:00,24.082780516096317,SL,-1.0,0.0365977782087754,-1.0365977782087754,29,
FET,BREAKOUT,SHORT,1813,1814,2025-01-19T21:15:00+00:00,2025-01-19T21:30:00+00:00,1.2261,1.2635558403712557,1.1511883192574885,0.03745584037125571,2.0,2025-01-19T22:45:00+00:00,1.1511883192574885,TP,2.0,0.04442836703130826,1.9555716329686916,5,
LINK,BREAKOUT,LONG,1853,1854,2025-01-20T07:15:00+00:00,2025-01-20T07:30:00+00:00,26.251,24.99987724327714,28.753245513445723,1.2511227567228609,2.0,2025-01-20T12:15:00+00:00,24.99987724327714,SL,-1.0,0.028674735454628845,-1.0286747354546288,19,
ADA,BREAKOUT,LONG,1853,1854,2025-01-20T07:15:00+00:00,2025-01-20T07:30:00+00:00,1.075,1.0329070573492272,1.1591858853015455,0.04209294265077279,2.0,2025-01-20T16:00:00+00:00,1.0329070573492272,SL,-1.0,0.035054212113093244,-1.0350542121130932,34,
SOL,BREAKOUT,LONG,2095,2096,2025-01-22T19:45:00+00:00,2025-01-22T20:00:00+00:00,265.22,257.36881887418735,280.9223622516254,7.851181125812673,2.0,2025-01-22T23:00:00+00:00,257.36881887418735,SL,-1.0,0.04659326633151214,-1.046593266331512,12,
LINK,BREAKOUT,LONG,2167,2168,2025-01-23T13:45:00+00:00,2025-01-23T14:00:00+00:00,24.778,24.258768076347284,25.816463847305428,0.5192319236527148,2.0,2025-01-23T14:45:00+00:00,25.816463847305428,TP,2.0,0.06820868109180758,1.9317913189081923,3,
BNB,BREAKOUT,SHORT,2120,2121,2025-01-23T02:00:00+00:00,2025-01-23T02:15:00+00:00,691.0,696.9375345613373,679.1249308773254,5.937534561337316,2.0,2025-01-24T02:15:00+00:00,682.67,TIME,1.4029392021128495,0.1619475204845671,1.2409916816282824,96,
UNI,BREAKOUT,SHORT,2270,2271,2025-01-24T15:30:00+00:00,2025-01-24T15:45:00+00:00,12.782,13.004521916149763,12.336956167700475,0.2225219161497627,2.0,2025-01-24T17:30:00+00:00,13.004521916149763,SL,-1.0,0.08111814626455205,-1.081118146264552,7,
XRP,BREAKOUT,LONG,2227,2228,2025-01-24T04:45:00+00:00,2025-01-24T05:00:00+00:00,3.1593,3.0988595654657343,3.2801808690685315,0.06044043453426573,2.0,2025-01-24T20:45:00+00:00,3.0988595654657343,SL,-1.0,0.07247981801557764,-1.0724798180155777,63,
LINK,BREAKOUT,LONG,2230,2231,2025-01-24T05:30:00+00:00,2025-01-24T05:45:00+00:00,26.022,25.295205621632775,27.475588756734446,0.7267943783672237,2.0,2025-01-24T21:00:00+00:00,25.295205621632775,SL,-1.0,0.04942531891323022,-1.0494253189132303,61,
BTC,BREAKOUT,LONG,2228,2229,2025-01-24T05:00:00+00:00,2025-01-24T05:15:00+00:00,104833.9,103455.9254235549,107589.84915289018,1377.9745764450927,2.0,2025-01-25T05:15:00+00:00,104582.1,TIME,-0.18273196349498955,0.1063816433959013,-0.28911360689089083,96,
CRV,BREAKOUT,SHORT,2290,2291,2025-01-24T20:30:00+00:00,2025-01-24T20:45:00+00:00,0.816,0.8391867716691913,0.7696264566616172,0.023186771669191364,2.0,2025-01-25T20:45:00+00:00,0.809,TIME,0.30189627516369205,0.04905814471410069,0.25283813044959136,96,
LINK,BREAKOUT,LONG,2466,2467,2025-01-26T16:30:00+00:00,2025-01-26T16:45:00+00:00,25.568,25.191065014476465,26.321869971047075,0.3769349855235369,2.0,2025-01-26T20:00:00+00:00,26.321869971047075,TP,2.0,0.09636385683139208,1.903636143168608,13,
UNI,BREAKOUT,SHORT,2438,2439,2025-01-26T09:30:00+00:00,2025-01-26T09:45:00+00:00,12.018,12.165499731749083,11.723000536501836,0.14749973174908249,2.0,2025-01-26T22:00:00+00:00,11.723000536501836,TP,2.0,0.11266935999464732,1.8873306400053527,49,
FET,BREAKOUT,SHORT,2500,2501,2025-01-27T01:00:00+00:00,2025-01-27T01:15:00+00:00,1.1453,1.1728465748149077,1.0902068503701845,0.027546574814907743,2.0,2025-01-27T06:30:00+00:00,1.0902068503701845,TP,2.0,0.05680759970245942,1.9431924002975405,21,
AVAX,BREAKOUT,SHORT,2500,2501,2025-01-27T01:00:00+00:00,2025-01-27T01:15:00+00:00,35.087,35.870032594401465,33.52093481119708,0.7830325944014618,2.0,2025-01-27T07:15:00+00:00,33.52093481119708,TP,2.0,0.06133276534235202,1.938667234657648,24,
BNB,BREAKOUT,SHORT,2516,2517,2025-01-27T05:00:00+00:00,2025-01-27T05:15:00+00:00,651.15,658.7192777440972,636.0114445118055,7.569277744097235,2.0,2025-01-27T07:15:00+00:00,636.0114445118055,TP,2.0,0.11903553306138127,1.8809644669386187,8,
SUI,BREAKOUT,SHORT,2523,2524,2025-01-27T06:45:00+00:00,2025-01-27T07:00:00+00:00,3.6192,3.7319427666514033,3.393714466697194,0.11274276665140315,2.0,2025-01-27T13:00:00+00:00,3.7319427666514033,SL,-1.0,0.045641951936186045,-1.0456419519361861,24,
ETH,BREAKOUT,SHORT,2523,2524,2025-01-27T06:45:00+00:00,2025-01-27T07:00:00+00:00,3082.75,3134.182576224541,2979.8848475509176,51.43257622454121,2.0,2025-01-27T14:45:00+00:00,3134.182576224541,SL,-1.0,0.08461277118140309,-1.084612771181403,31,
BTC,BREAKOUT,LONG,2547,2548,2025-01-27T12:45:00+00:00,2025-01-27T13:00:00+00:00,100567.6,99106.02099424241,103490.7580115152,1461.5790057575941,2.0,2025-01-27T17:15:00+00:00,99106.02099424241,SL,-1.0,0.09563050245342064,-1.0956305024534205,17,
CRV,BREAKOUT,SHORT,2570,2571,2025-01-27T18:30:00+00:00,2025-01-27T18:45:00+00:00,0.7,0.7255790794447349,0.6488418411105301,0.02557907944473492,2.0,2025-01-27T20:30:00+00:00,0.7255790794447349,SL,-1.0,0.039012559375615784,-1.0390125593756159,7,
BNB,BREAKOUT,SHORT,2624,2625,2025-01-28T08:00:00+00:00,2025-01-28T08:15:00+00:00,676.44,680.8608802565925,667.5982394868151,4.420880256592454,2.0,2025-01-28T19:00:00+00:00,667.5982394868151,TP,2.0,0.21281435212767902,1.787185647872321,43,
FET,BREAKOUT,SHORT,2658,2659,2025-01-28T16:30:00+00:00,2025-01-28T16:45:00+00:00,1.0321,1.0586508813731237,0.9789982372537527,0.02655088137312367,2.0,2025-01-28T21:45:00+00:00,0.9789982372537527,TP,2.0,0.05302154554848983,1.94697845445151,20,
DOGE,BREAKOUT,SHORT,2679,2680,2025-01-28T21:45:00+00:00,2025-01-28T22:00:00+00:00,0.31654,0.32371394921762153,0.3021921015647569,0.007173949217621545,2.0,2025-01-29T00:45:00+00:00,0.32371394921762153,SL,-1.0,0.0624729491186619,-1.062472949118662,11,
CRV,BREAKOUT,SHORT,2679,2680,2025-01-28T21:45:00+00:00,2025-01-28T22:00:00+00:00,0.677,0.6989239753916501,0.6331520492167,0.02192397539165003,2.0,2025-01-29T02:00:00+00:00,0.6989239753916501,SL,-1.0,0.04393121072107111,-1.0439312107210712,16,
SUI,BREAKOUT,SHORT,2668,2669,2025-01-28T19:00:00+00:00,2025-01-28T19:15:00+00:00,3.7039,3.795116132654047,3.521467734691906,0.09121613265404704,2.0,2025-01-29T19:15:00+00:00,3.63,TIME,0.8101637051449946,0.05628094341020309,0.7538827617347915,96,
ETH,BREAKOUT,SHORT,2867,2868,2025-01-30T20:45:00+00:00,2025-01-30T21:00:00+00:00,3229.96,3271.577729733489,3146.7245405330223,41.617729733488886,2.0,2025-01-31T01:00:00+00:00,3271.577729733489,SL,-1.0,0.10935426896079076,-1.1093542689607907,16,
ADA,BREAKOUT,SHORT,3014,3015,2025-02-01T09:30:00+00:00,2025-02-01T09:45:00+00:00,0.9221,0.9344547828718532,0.8973904342562936,0.01235478287185321,2.0,2025-02-01T12:30:00+00:00,0.9344547828718532,SL,-1.0,0.10518908842752975,-1.1051890884275297,11,
DOGE,BREAKOUT,SHORT,2954,2955,2025-01-31T18:30:00+00:00,2025-01-31T18:45:00+00:00,0.32571,0.33263611212790584,0.3118577757441883,0.006926112127905837,2.0,2025-02-01T18:45:00+00:00,0.31926,TIME,0.9312583857850737,0.0651850550009083,0.8660733307841654,96,
AVAX,BREAKOUT,SHORT,3052,3053,2025-02-01T19:00:00+00:00,2025-02-01T19:15:00+00:00,33.169,33.64683121996995,32.2133375600601,0.4778312199699499,2.0,2025-02-01T22:30:00+00:00,32.2133375600601,TP,2.0,0.0957820133538372,1.9042179866461628,13,
FET,BREAKOUT,SHORT,3053,3054,2025-02-01T19:15:00+00:00,2025-02-01T19:30:00+00:00,0.9812,1.000938070501717,0.9417238589965659,0.019738070501717053,2.0,2025-02-01T23:00:00+00:00,0.9417238589965659,TP,2.0,0.06819545513227855,1.9318045448677215,14,
ADA,BREAKOUT,SHORT,3053,3054,2025-02-01T19:15:00+00:00,2025-02-01T19:30:00+00:00,0.9144,0.9278773541834717,0.8874452916330565,0.013477354183471735,2.0,2025-02-01T23:15:00+00:00,0.8874452916330565,TP,2.0,0.09358600263618165,1.9064139973638183,15,
BNB,BREAKOUT,SHORT,3065,3066,2025-02-01T22:15:00+00:00,2025-02-01T22:30:00+00:00,654.75,660.050890718201,644.148218563598,5.300890718201003,2.0,2025-02-02T00:45:00+00:00,660.050890718201,SL,-1.0,0.1736237686135679,-1.173623768613568,9,
SUI,BREAKOUT,SHORT,3053,3054,2025-02-01T19:15:00+00:00,2025-02-01T19:30:00+00:00,3.8512,3.9278068715218,3.6979862569564,0.07660687152180001,2.0,2025-02-02T03:00:00+00:00,3.6979862569564,TP,2.0,0.06898115371237538,1.9310188462876245,30,
ETH,BREAKOUT,SHORT,3085,3086,2025-02-02T03:15:00+00:00,2025-02-02T03:30:00+00:00,3077.33,3125.95382344896,2980.0823531020797,48.62382344896014,2.0,2025-02-02T06:00:00+00:00,3125.95382344896,SL,-1.0,0.08930393310127765,-1.0893039331012777,10,
ADA,BREAKOUT,SHORT,3084,3085,2025-02-02T03:00:00+00:00,2025-02-02T03:15:00+00:00,0.8753,0.8940514878710956,0.8377970242578088,0.018751487871095596,2.0,2025-02-02T06:15:00+00:00,0.8940514878710956,SL,-1.0,0.0660505475631573,-1.0660505475631572,12,
CRV,BREAKOUT,SHORT,3053,3054,2025-02-01T19:15:00+00:00,2025-02-01T19:30:00+00:00,0.708,0.7281413515621296,0.6677172968757408,0.020141351562129595,2.0,2025-02-02T10:00:00+00:00,0.6677172968757408,TP,2.0,0.0478121890103783,1.9521878109896218,58,
ETH,BREAKOUT,SHORT,3118,3119,2025-02-02T11:30:00+00:00,2025-02-02T11:45:00+00:00,3054.85,3097.567375368349,2969.4152492633016,42.71737536834917,2.0,2025-02-02T14:15:00+00:00,3097.567375368349,SL,-1.0,0.10081827653552018,-1.1008182765355201,10,
AVAX,BREAKOUT,SHORT,3084,3085,2025-02-02T03:00:00+00:00,2025-02-02T03:15:00+00:00,31.38,32.05633438404905,30.027331231901893,0.6763343840490528,2.0,2025-02-02T16:30:00+00:00,30.027331231901893,TP,2.0,0.06355603511533686,1.9364439648846632,53,
SUI,BREAKOUT,SHORT,3118,3119,2025-02-02T11:30:00+00:00,2025-02-02T11:45:00+00:00,3.6401,3.7220649417667957,3.4761701164664083,0.0819649417667958,2.0,2025-02-02T16:45:00+00:00,3.4761701164664083,TP,2.0,0.06077463088669524,1.9392253691133048,20,
UNI,BREAKOUT,SHORT,3118,3119,2025-02-02T11:30:00+00:00,2025-02-02T11:45:00+00:00,10.441,10.645822938408651,10.0313541231827,0.2048229384086504,2.0,2025-02-02T17:00:00+00:00,10.0313541231827,TP,2.0,0.06996603016033412,1.9300339698396658,21,
CRV,BREAKOUT,SHORT,3138,3139,2025-02-02T16:30:00+00:00,2025-02-02T16:45:00+00:00,0.606,0.6298658596557903,0.5582682806884193,0.023865859655790356,2.0,2025-02-02T18:30:00+00:00,0.5582682806884193,TP,2.0,0.034148688052146506,1.9658513119478536,7,
BNB,BREAKOUT,SHORT,3140,3141,2025-02-02T17:00:00+00:00,2025-02-02T17:15:00+00:00,633.14,641.8381490892468,615.7437018215063,8.69814908924684,2.0,2025-02-02T18:45:00+00:00,615.7437018215063,TP,2.0,0.10050627809493569,1.8994937219050643,6,
SUI,BREAKOUT,SHORT,3147,3148,2025-02-02T18:45:00+00:00,2025-02-02T19:00:00+00:00,3.2637,3.3983226123372017,2.994454775325597,0.13462261233720163,2.0,2025-02-02T19:30:00+00:00,3.3983226123372017,SL,-1.0,0.034640657670162826,-1.0346406576701628,2,
AVAX,BREAKOUT,SHORT,3147,3148,2025-02-02T18:45:00+00:00,2025-02-02T19:00:00+00:00,27.81,28.90193179288548,25.626136414229034,1.0919317928854824,2.0,2025-02-02T20:15:00+00:00,28.90193179288548,SL,-1.0,0.03635607325812451,-1.0363560732581245,5,
FET,BREAKOUT,SHORT,3139,3140,2025-02-02T16:45:00+00:00,2025-02-02T17:00:00+00:00,0.8677,0.8979801262675393,0.8071397474649215,0.030280126267539287,2.0,2025-02-02T22:30:00+00:00,0.8071397474649215,TP,2.0,0.03871806256244911,1.961281937437551,22,
ADA,BREAKOUT,SHORT,3142,3143,2025-02-02T17:30:00+00:00,2025-02-02T17:45:00+00:00,0.8128,0.8396883403033464,0.7590233193933071,0.026888340303346414,2.0,2025-02-02T22:30:00+00:00,0.7590233193933071,TP,2.0,0.040920202257272796,1.9590797977427272,19,
FET,BREAKOUT,SHORT,3175,3176,2025-02-03T01:45:00+00:00,2025-02-03T02:00:00+00:00,0.6833,0.7515847038715248,0.5467305922569505,0.06828470387152474,2.0,2025-02-03T10:30:00+00:00,0.7515847038715248,SL,-1.0,0.014709286791370537,-1.0147092867913705,34,
BNB,BREAKOUT,SHORT,3225,3226,2025-02-03T14:15:00+00:00,2025-02-03T14:30:00+00:00,561.2,576.384500148839,530.8309997023221,15.184500148838993,2.0,2025-02-03T14:30:00+00:00,576.384500148839,SL,-1.0,0.05244223664254587,-1.0524422366425459,0,True
ETH,BREAKOUT,SHORT,3286,3287,2025-02-04T05:30:00+00:00,2025-02-04T05:45:00+00:00,2676.32,2758.305664373751,2512.3486712524987,81.98566437375075,2.0,2025-02-04T11:00:00+00:00,2758.305664373751,SL,-1.0,0.04640125800187604,-1.046401258001876,21,
AVAX,BREAKOUT,SHORT,3287,3288,2025-02-04T05:45:00+00:00,2025-02-04T06:00:00+00:00,25.941,26.798427262375,24.226145475249997,0.8574272623750012,2.0,2025-02-04T12:30:00+00:00,26.798427262375,SL,-1.0,0.043056245939047784,-1.0430562459390478,26,
FET,BREAKOUT,SHORT,3287,3288,2025-02-04T05:45:00+00:00,2025-02-04T06:00:00+00:00,0.7814,0.813100764144782,0.7179984717104358,0.03170076414478207,2.0,2025-02-04T12:30:00+00:00,0.813100764144782,SL,-1.0,0.03520894732391065,-1.0352089473239106,26,
CRV,BREAKOUT,SHORT,3287,3288,2025-02-04T05:45:00+00:00,2025-02-04T06:00:00+00:00,0.51,0.5348674016559156,0.4602651966881688,0.02486740165591561,2.0,2025-02-04T14:30:00+00:00,0.5348674016559156,SL,-1.0,0.0294122880741402,-1.02941228807414,34,
BNB,BREAKOUT,SHORT,3351,3352,2025-02-04T21:45:00+00:00,2025-02-04T22:00:00+00:00,559.83,572.2118261597477,535.0663476805047,12.381826159747675,2.0,2025-02-04T23:00:00+00:00,572.2118261597477,SL,-1.0,0.06399938652732402,-1.063999386527324,4,
ETH,BREAKOUT,SHORT,3351,3352,2025-02-04T21:45:00+00:00,2025-02-04T22:00:00+00:00,2637.94,2729.4005057725717,2455.0189884548568,91.46050577257165,2.0,2025-02-04T23:00:00+00:00,2729.4005057725717,SL,-1.0,0.04107935247355191,-1.041079352473552,4,
LINK,BREAKOUT,SHORT,3351,3352,2025-02-04T21:45:00+00:00,2025-02-04T22:00:00+00:00,19.34,20.16180313427413,17.69639373145174,0.8218031342741305,2.0,2025-02-05T01:00:00+00:00,20.16180313427413,SL,-1.0,0.03364706343985322,-1.0336470634398531,12,
CRV,BREAKOUT,SHORT,3351,3352,2025-02-04T21:45:00+00:00,2025-02-04T22:00:00+00:00,0.506,0.5330037164557939,0.4519925670884122,0.027003716455793914,2.0,2025-02-05T05:45:00+00:00,0.5330037164557939,SL,-1.0,0.026933426097466146,-1.026933426097466,31,
FET,BREAKOUT,SHORT,3344,3345,2025-02-04T20:00:00+00:00,2025-02-04T20:15:00+00:00,0.7787,0.8132432561742399,0.7096134876515201,0.03454325617423992,2.0,2025-02-05T20:15:00+00:00,0.7657,TIME,0.3763397386287643,0.03129641266436828,0.345043325964396,96,
DOGE,BREAKOUT,SHORT,3515,3516,2025-02-06T14:45:00+00:00,2025-02-06T15:00:00+00:00,0.25559,0.2610669972792267,0.2446360054415465,0.005476997279226736,2.0,2025-02-06T19:00:00+00:00,0.2446360054415465,TP,2.0,0.06393251374017832,1.9360674862598217,16,
AVAX,BREAKOUT,SHORT,3515,3516,2025-02-06T14:45:00+00:00,2025-02-06T15:00:00+00:00,25.544,26.16349222399437,24.30501555201126,0.6194922239943708,2.0,2025-02-06T23:30:00+00:00,24.30501555201126,TP,2.0,0.056327278268992385,1.9436727217310077,34,
XRP,BREAKOUT,SHORT,3518,3519,2025-02-06T15:30:00+00:00,2025-02-06T15:45:00+00:00,2.3078,2.3778619233363063,2.167676153327387,0.07006192333630645,2.0,2025-02-07T10:00:00+00:00,2.3778619233363063,SL,-1.0,0.04681520560877495,-1.046815205608775,73,
BTC,BREAKOUT,SHORT,3518,3519,2025-02-06T15:30:00+00:00,2025-02-06T15:45:00+00:00,97140.3,98242.23407595551,94936.43184808899,1101.9340759555053,2.0,2025-02-07T13:30:00+00:00,98242.23407595551,SL,-1.0,0.12411611260371931,-1.1241161126037194,87,
LINK,BREAKOUT,SHORT,3515,3516,2025-02-06T14:45:00+00:00,2025-02-06T15:00:00+00:00,19.124,19.60179146334996,18.168417073300073,0.4777914633499627,2.0,2025-02-07T13:45:00+00:00,19.60179146334996,SL,-1.0,0.05673616232965099,-1.056736162329651,91,
SUI,BREAKOUT,SHORT,3620,3621,2025-02-07T17:00:00+00:00,2025-02-07T17:15:00+00:00,3.1427,3.266192211712956,2.8957155765740885,0.12349221171295577,2.0,2025-02-08T05:30:00+00:00,2.8957155765740885,TP,2.0,0.034227995798041186,1.9657720042019589,49,
BNB,BREAKOUT,SHORT,3634,3635,2025-02-07T20:30:00+00:00,2025-02-07T20:45:00+00:00,574.44,581.0927573214432,561.1344853571138,6.652757321443119,2.0,2025-02-08T10:30:00+00:00,581.0927573214432,SL,-1.0,0.12158461387398829,-1.1215846138739882,55,
CRV,BREAKOUT,SHORT,3634,3635,2025-02-07T20:30:00+00:00,2025-02-07T20:45:00+00:00,0.474,0.4920592095401162,0.4378815809197675,0.01805920954011625,2.0,2025-02-08T17:00:00+00:00,0.4920592095401162,SL,-1.0,0.037445794356386224,-1.0374457943563862,81,
AVAX,BREAKOUT,SHORT,3621,3622,2025-02-07T17:15:00+00:00,2025-02-07T17:30:00+00:00,24.772,25.457493138311808,23.40101372337638,0.6854931383118092,2.0,2025-02-08T17:30:00+00:00,24.544,TIME,0.33260726804866714,0.05035965799018311,0.28224761005848403,96,
ADA,BREAKOUT,SHORT,3632,3633,2025-02-07T20:00:00+00:00,2025-02-07T20:15:00+00:00,0.7028,0.7213082694260529,0.6657834611478942,0.01850826942605288,2.0,2025-02-08T20:15:00+00:00,0.6996,TIME,0.17289568929094742,0.053040075082230714,0.11985561420871671,96,
AVAX,BREAKOUT,SHORT,3799,3800,2025-02-09T13:45:00+00:00,2025-02-09T14:00:00+00:00,24.542,24.942892142071177,23.74021571585765,0.4008921420711751,2.0,2025-02-09T15:00:00+00:00,24.942892142071177,SL,-1.0,0.08640584552365677,-1.0864058455236567,4,
FET,BREAKOUT,SHORT,3799,3800,2025-02-09T13:45:00+00:00,2025-02-09T14:00:00+00:00,0.7451,0.7620801798967436,0.7111396402065128,0.016980179896743608,2.0,2025-02-09T15:00:00+00:00,0.7620801798967436,SL,-1.0,0.062132800261441835,-1.0621328002614419,4,
LINK,BREAKOUT,SHORT,3830,3831,2025-02-09T21:30:00+00:00,2025-02-09T21:45:00+00:00,17.679,18.13012337620724,16.776753247585514,0.4511233762072422,2.0,2025-02-09T22:30:00+00:00,18.13012337620724,SL,-1.0,0.05556437038152903,-1.055564370381529,3,
UNI,BREAKOUT,SHORT,3830,3831,2025-02-09T21:30:00+00:00,2025-02-09T21:45:00+00:00,8.822,9.000210584720927,8.465578830558144,0.17821058472092766,2.0,2025-02-09T22:30:00+00:00,9.000210584720927,SL,-1.0,0.0700045254261467,-1.0700045254261468,3,
BNB,BREAKOUT,SHORT,3849,3850,2025-02-10T02:15:00+00:00,2025-02-10T02:30:00+00:00,598.1,609.4429458021154,575.4141083957692,11.342945802115423,2.0,2025-02-10T03:30:00+00:00,609.4429458021154,SL,-1.0,0.0745203297986171,-1.074520329798617,4,
SUI,BREAKOUT,SHORT,3991,3992,2025-02-11T13:45:00+00:00,2025-02-11T14:00:00+00:00,3.3896,3.4845712126787842,3.199657574642432,0.09497121267878406,2.0,2025-02-11T14:30:00+00:00,3.4845712126787842,SL,-1.0,0.05066714126469295,-1.0506671412646928,2,
FET,BREAKOUT,SHORT,3991,3992,2025-02-11T13:45:00+00:00,2025-02-11T14:00:00+00:00,0.7747,0.7955877878379853,0.7329244243240295,0.020887787837985283,2.0,2025-02-11T15:00:00+00:00,0.7955877878379853,SL,-1.0,0.05262411989304333,-1.0526241198930433,4,
DOGE,BREAKOUT,SHORT,3990,3991,2025-02-11T13:30:00+00:00,2025-02-11T13:45:00+00:00,0.25981,0.26397941116315354,0.25147117767369287,0.004169411163153558,2.0,2025-02-11T18:45:00+00:00,0.25147117767369287,TP,2.0,0.08583869768816173,1.9141613023118382,20,
SOL,BREAKOUT,SHORT,3977,3978,2025-02-11T10:15:00+00:00,2025-02-11T10:30:00+00:00,201.17,204.1004007939868,195.30919841202635,2.93040079398682,2.0,2025-02-11T19:30:00+00:00,195.30919841202635,TP,2.0,0.09470903756848582,1.9052909624315142,36,
DOGE,BREAKOUT,SHORT,4014,4015,2025-02-11T19:30:00+00:00,2025-02-11T19:45:00+00:00,0.24911,0.25406089972606727,0.23920820054786546,0.0049508997260672705,2.0,2025-02-11T21:30:00+00:00,0.25406089972606727,SL,-1.0,0.07114254969733179,-1.0711425496973317,7,
CRV,BREAKOUT,SHORT,3991,3992,2025-02-11T13:45:00+00:00,2025-02-11T14:00:00+00:00,0.552,0.5693470677195699,0.5173058645608604,0.017347067719569842,2.0,2025-02-12T04:30:00+00:00,0.5173058645608604,TP,2.0,0.04314931591280854,1.9568506840871915,58,
BTC,BREAKOUT,SHORT,4004,4005,2025-02-11T17:00:00+00:00,2025-02-11T17:15:00+00:00,96047.9,96841.18026653818,94461.33946692361,793.2802665381896,2.0,2025-02-12T13:30:00+00:00,94461.33946692361,TP,2.0,0.16810763263884437,1.8318923673611556,81,
FET,BREAKOUT,SHORT,4009,4010,2025-02-11T18:15:00+00:00,2025-02-11T18:30:00+00:00,0.7611,0.7833711039839495,0.716557792032101,0.022271103983949492,2.0,2025-02-12T13:30:00+00:00,0.716557792032101,TP,2.0,0.046444058416139654,1.9535559415838604,76,
AVAX,BREAKOUT,SHORT,4087,4088,2025-02-12T13:45:00+00:00,2025-02-12T14:00:00+00:00,24.762,25.434944051545635,23.41611189690873,0.6729440515456346,2.0,2025-02-12T16:45:00+00:00,25.434944051545635,SL,-1.0,0.052215129557021026,-1.052215129557021,11,
ETH,BREAKOUT,SHORT,4087,4088,2025-02-12T13:45:00+00:00,2025-02-12T14:00:00+00:00,2594.62,2645.4933617705783,2492.873276458843,50.87336177057841,2.0,2025-02-12T16:45:00+00:00,2645.4933617705783,SL,-1.0,0.07210216163384675,-1.0721021616338469,11,
UNI,BREAKOUT,SHORT,4087,4088,2025-02-12T13:45:00+00:00,2025-02-12T14:00:00+00:00,9.266,9.510418908694113,8.777162182611773,0.2444189086941133,2.0,2025-02-12T16:45:00+00:00,9.510418908694113,SL,-1.0,0.05377445348360821,-1.0537744534836082,11,
AVAX,BREAKOUT,SHORT,4308,4309,2025-02-14T21:00:00+00:00,2025-02-14T21:15:00+00:00,26.105,26.654244353132,25.006511293736,0.5492443531319999,2.0,2025-02-15T01:30:00+00:00,26.654244353132,SL,-1.0,0.06724051114334655,-1.0672405111433465,17,
FET,BREAKOUT,SHORT,4308,4309,2025-02-14T21:00:00+00:00,2025-02-14T21:15:00+00:00,0.8004,0.8210225722562609,0.7591548554874783,0.02062257225626085,2.0,2025-02-15T20:45:00+00:00,0.7591548554874783,TP,2.0,0.05293657771085305,1.947063422289147,94,
CRV,BREAKOUT,SHORT,4308,4309,2025-02-14T21:00:00+00:00,2025-02-14T21:15:00+00:00,0.527,0.5432556415622606,0.4944887168754789,0.01625564156226056,2.0,2025-02-15T21:15:00+00:00,0.508,TIME,1.1688249846816763,0.044569142179045985,1.1242558425026303,96,
SOL,BREAKOUT,SHORT,4531,4532,2025-02-17T04:45:00+00:00,2025-02-17T05:00:00+00:00,183.08,185.87980853107717,177.4803829378457,2.7998085310771614,2.0,2025-02-17T12:15:00+00:00,185.87980853107717,SL,-1.0,0.09224626009421792,-1.092246260094218,29,
SUI,BREAKOUT,SHORT,4575,4576,2025-02-17T15:45:00+00:00,2025-02-17T16:00:00+00:00,3.2207,3.2927452784595963,3.076609443080807,0.0720452784595964,2.0,2025-02-18T06:00:00+00:00,3.076609443080807,TP,2.0,0.061185364320975925,1.9388146356790241,56,
AVAX,BREAKOUT,SHORT,4576,4577,2025-02-17T16:00:00+00:00,2025-02-17T16:15:00+00:00,25.037,25.547015023364466,24.016969953271065,0.5100150233644669,2.0,2025-02-18T06:00:00+00:00,24.016969953271065,TP,2.0,0.06732699507706714,1.9326730049229328,55,
CRV,BREAKOUT,SHORT,4576,4577,2025-02-17T16:00:00+00:00,2025-02-17T16:15:00+00:00,0.526,0.5416678977029834,0.49466420459403326,0.01566789770298338,2.0,2025-02-18T06:00:00+00:00,0.49466420459403326,TP,2.0,0.0456005621660256,1.9543994378339744,55,
LINK,BREAKOUT,SHORT,4576,4577,2025-02-17T16:00:00+00:00,2025-02-17T16:15:00+00:00,19.152,19.608554329546397,18.23889134090721,0.4565543295463961,2.0,2025-02-18T06:00:00+00:00,18.23889134090721,TP,2.0,0.05732860745103332,1.9426713925489667,55,
FET,BREAKOUT,SHORT,4576,4577,2025-02-17T16:00:00+00:00,2025-02-17T16:15:00+00:00,0.7679,0.7889661109501757,0.7257677780996488,0.02106611095017563,2.0,2025-02-18T08:45:00+00:00,0.7257677780996488,TP,2.0,0.049632675302179456,1.9503673246978206,66,
ETH,BREAKOUT,SHORT,4632,4633,2025-02-18T06:00:00+00:00,2025-02-18T06:15:00+00:00,2655.36,2691.736295128541,2582.6074097429187,36.37629512854073,2.0,2025-02-18T09:15:00+00:00,2691.736295128541,SL,-1.0,0.10289578400889038,-1.1028957840088904,12,
SUI,BREAKOUT,SHORT,4643,4644,2025-02-18T08:45:00+00:00,2025-02-18T09:00:00+00:00,3.0295,3.0936778128240294,2.9011443743519414,0.06417781282402935,2.0,2025-02-18T09:15:00+00:00,3.0936778128240294,SL,-1.0,0.06678670213846831,-1.0667867021384683,1,
SOL,BREAKOUT,SHORT,4632,4633,2025-02-18T06:00:00+00:00,2025-02-18T06:15:00+00:00,167.43,171.17924996330783,159.93150007338437,3.7492499633078182,2.0,2025-02-18T12:30:00+00:00,171.17924996330783,SL,-1.0,0.06321970455263969,-1.0632197045526397,25,
LINK,BREAKOUT,SHORT,4640,4641,2025-02-18T08:00:00+00:00,2025-02-18T08:15:00+00:00,18.03,18.364407658781158,17.36118468243769,0.3344076587811564,2.0,2025-02-18T14:15:00+00:00,18.364407658781158,SL,-1.0,0.07618272097595383,-1.0761827209759538,24,
DOGE,BREAKOUT,SHORT,4675,4676,2025-02-18T16:45:00+00:00,2025-02-18T17:00:00+00:00,0.24297,0.2486069292322272,0.2316961415355456,0.005636929232227195,2.0,2025-02-18T18:45:00+00:00,0.2486069292322272,SL,-1.0,0.061044557468499724,-1.0610445574684997,7,
CRV,BREAKOUT,SHORT,4674,4675,2025-02-18T16:30:00+00:00,2025-02-18T16:45:00+00:00,0.474,0.4911274150224739,0.4397451699550521,0.017127415022473946,2.0,2025-02-18T22:30:00+00:00,0.4911274150224739,SL,-1.0,0.03944490103318272,-1.0394449010331828,23,
LINK,BREAKOUT,SHORT,4675,4676,2025-02-18T16:45:00+00:00,2025-02-18T17:00:00+00:00,17.394,17.828804989313355,16.524390021373286,0.4348049893133563,2.0,2025-02-18T22:30:00+00:00,17.828804989313355,SL,-1.0,0.05670579707803267,-1.0567057970780327,22,
FET,BREAKOUT,SHORT,4668,4669,2025-02-18T15:00:00+00:00,2025-02-18T15:15:00+00:00,0.7289,0.746508452837866,0.6936830943242679,0.01760845283786605,2.0,2025-02-19T07:00:00+00:00,0.746508452837866,SL,-1.0,0.05865284852088507,-1.058652848520885,63,
AVAX,BREAKOUT,SHORT,4675,4676,2025-02-18T16:45:00+00:00,2025-02-18T17:00:00+00:00,23.09,23.67234475656079,21.92531048687842,0.58234475656079,2.0,2025-02-19T07:00:00+00:00,23.67234475656079,SL,-1.0,0.0562100730895403,-1.0562100730895403,56,
ADA,BREAKOUT,SHORT,4763,4764,2025-02-19T14:45:00+00:00,2025-02-19T15:00:00+00:00,0.7521,0.7686297515775034,0.7190404968449933,0.01652975157750336,2.0,2025-02-19T16:15:00+00:00,0.7686297515775034,SL,-1.0,0.06439968689868449,-1.0643996868986845,5,
SOL,BREAKOUT,SHORT,4764,4765,2025-02-19T15:00:00+00:00,2025-02-19T15:15:00+00:00,168.46,171.8584016578218,161.66319668435645,3.398401657821779,2.0,2025-02-19T17:00:00+00:00,171.8584016578218,SL,-1.0,0.07009850663537086,-1.0700985066353708,7,
LINK,BREAKOUT,SHORT,4764,4765,2025-02-19T15:00:00+00:00,2025-02-19T15:15:00+00:00,17.772,18.107930529962527,17.10013894007494,0.33593052996252837,2.0,2025-02-20T00:45:00+00:00,18.107930529962527,SL,-1.0,0.07476531345268125,-1.0747653134526813,38,
UNI,BREAKOUT,SHORT,4860,4861,2025-02-20T15:00:00+00:00,2025-02-20T15:15:00+00:00,9.09,9.25382128705096,8.762357425898081,0.16382128705095944,2.0,2025-02-20T17:00:00+00:00,9.25382128705096,SL,-1.0,0.07838221230029377,-1.0783822123002937,7,
AVAX,BREAKOUT,SHORT,4973,4974,2025-02-21T19:15:00+00:00,2025-02-21T19:30:00+00:00,24.113,24.864682472706647,22.609635054586704,0.7516824727066478,2.0,2025-02-22T00:30:00+00:00,24.864682472706647,SL,-1.0,0.045610186449397905,-1.0456101864493978,20,
UNI,BREAKOUT,SHORT,4973,4974,2025-02-21T19:15:00+00:00,2025-02-21T19:30:00+00:00,8.754,9.004673293985984,8.25265341202803,0.2506732939859848,2.0,2025-02-22T15:45:00+00:00,9.004673293985984,SL,-1.0,0.04959072866567594,-1.049590728665676,81,
LINK,BREAKOUT,SHORT,4966,4967,2025-02-21T17:30:00+00:00,2025-02-21T17:45:00+00:00,17.733,18.24129807238268,16.716403855234642,0.5082980723826793,2.0,2025-02-22T17:45:00+00:00,17.945,TIME,-0.4170781112866243,0.04913376885914594,-0.46621188014577025,96,
XRP,BREAKOUT,SHORT,5151,5152,2025-02-23T15:45:00+00:00,2025-02-23T16:00:00+00:00,2.5204,2.5456332962216637,2.4699334075566726,0.025233296221663704,2.0,2025-02-23T16:45:00+00:00,2.5456332962216637,SL,-1.0,0.14053745797628306,-1.140537457976283,3,
BTC,BREAKOUT,SHORT,5157,5158,2025-02-23T17:15:00+00:00,2025-02-23T17:30:00+00:00,95212.1,95594.86465207477,94446.57069585047,382.76465207476576,2.0,2025-02-23T17:45:00+00:00,95594.86465207477,SL,-1.0,0.34894777909210645,-1.3489477790921065,1,
SOL,BREAKOUT,SHORT,5191,5192,2025-02-24T01:45:00+00:00,2025-02-24T02:00:00+00:00,163.52,166.1766997232847,158.2066005534306,2.656699723284703,2.0,2025-02-24T04:30:00+00:00,158.2066005534306,TP,2.0,0.08477006957675928,1.9152299304232407,10,
ADA,BREAKOUT,SHORT,5196,5197,2025-02-24T03:00:00+00:00,2025-02-24T03:15:00+00:00,0.7504,0.7621359406524677,0.7269281186950645,0.011735940652467747,2.0,2025-02-24T04:30:00+00:00,0.7269281186950645,TP,2.0,0.0881164717605398,1.9118835282394602,5,
SOL,BREAKOUT,SHORT,5225,5226,2025-02-24T10:15:00+00:00,2025-02-24T10:30:00+00:00,156.02,159.20172486655477,149.6565502668905,3.1817248665547595,2.0,2025-02-24T11:45:00+00:00,159.20172486655477,SL,-1.0,0.06935081336731626,-1.0693508133673162,5,
DOGE,BREAKOUT,SHORT,5196,5197,2025-02-24T03:00:00+00:00,2025-02-24T03:15:00+00:00,0.2325,0.23640790726496583,0.22468418547006838,0.003907907264965815,2.0,2025-02-24T14:45:00+00:00,0.22468418547006838,TP,2.0,0.08189266226916143,1.9181073377308386,46,
CRV,BREAKOUT,SHORT,5201,5202,2025-02-24T04:15:00+00:00,2025-02-24T04:30:00+00:00,0.485,0.4984973507360715,0.458005298527857,0.0134973507360715,2.0,2025-02-24T15:00:00+00:00,0.458005298527857,TP,2.0,0.048906168467963196,1.9510938315320367,42,
UNI,BREAKOUT,SHORT,5201,5202,2025-02-24T04:15:00+00:00,2025-02-24T04:30:00+00:00,8.661,8.826012211011621,8.330975577976757,0.16501221101162145,2.0,2025-02-24T15:00:00+00:00,8.330975577976757,TP,2.0,0.07208183462099077,1.9279181653790092,42,
ADA,BREAKOUT,SHORT,5243,5244,2025-02-24T14:45:00+00:00,2025-02-24T15:00:00+00:00,0.7149,0.7303356672288658,0.6840286655422684,0.015435667228865801,2.0,2025-02-24T17:15:00+00:00,0.7303356672288658,SL,-1.0,0.06554073446001221,-1.0655407344600123,9,
LINK,BREAKOUT,SHORT,5201,5202,2025-02-24T04:15:00+00:00,2025-02-24T04:30:00+00:00,16.664,16.989491400042507,16.01301719991499,0.3254914000425053,2.0,2025-02-24T19:30:00+00:00,16.01301719991499,TP,2.0,0.07027501198788488,1.929724988012115,60,
AVAX,BREAKOUT,SHORT,5243,5244,2025-02-24T14:45:00+00:00,2025-02-24T15:00:00+00:00,23.129,23.60529692638581,22.17640614722838,0.47629692638581034,2.0,2025-02-24T22:00:00+00:00,22.17640614722838,TP,2.0,0.06658406247486688,1.9334159375251332,28,
BTC,BREAKOUT,SHORT,5243,5244,2025-02-24T14:45:00+00:00,2025-02-24T15:00:00+00:00,94638.6,95425.28313211126,93065.2337357775,786.683132111255,2.0,2025-02-24T22:00:00+00:00,93065.2337357775,TP,2.0,0.1670211019555232,1.8329788980444768,28,
SOL,BREAKOUT,SHORT,5246,5247,2025-02-24T15:30:00+00:00,2025-02-24T15:45:00+00:00,152.21,156.2280526363168,144.17389472736645,4.0180526363167814,2.0,2025-02-24T22:00:00+00:00,144.17389472736645,TP,2.0,0.05163414845140912,1.9483658515485909,25,
BTC,BREAKOUT,SHORT,5276,5277,2025-02-24T23:00:00+00:00,2025-02-24T23:15:00+00:00,92458.2,93737.22042373505,89900.15915252989,1279.0204237350554,2.0,2025-02-25T07:00:00+00:00,89900.15915252989,TP,2.0,0.0998036067586778,1.9001963932413222,31,
BNB,BREAKOUT,SHORT,5309,5310,2025-02-25T07:15:00+00:00,2025-02-25T07:30:00+00:00,591.24,606.3967639690328,560.9264720619344,15.156763969032795,2.0,2025-02-25T08:15:00+00:00,606.3967639690328,SL,-1.0,0.055311657322840845,-1.055311657322841,3,
UNI,BREAKOUT,SHORT,5308,5309,2025-02-25T07:00:00+00:00,2025-02-25T07:15:00+00:00,7.621,7.894312285469884,7.0743754290602325,0.27331228546988395,2.0,2025-02-25T11:45:00+00:00,7.894312285469884,SL,-1.0,0.0397373962943413,-1.0397373962943413,18,
AVAX,BREAKOUT,SHORT,5309,5310,2025-02-25T07:15:00+00:00,2025-02-25T07:30:00+00:00,20.653,21.53349130255395,18.892017394892093,0.8804913025539527,2.0,2025-02-25T12:00:00+00:00,21.53349130255395,SL,-1.0,0.03353871165578977,-1.0335387116557897,18,
LINK,BREAKOUT,SHORT,5308,5309,2025-02-25T07:00:00+00:00,2025-02-25T07:15:00+00:00,14.524,15.112688416379253,13.346623167241491,0.5886884163792541,2.0,2025-02-25T19:45:00+00:00,15.112688416379253,SL,-1.0,0.03524051317174274,-1.0352405131717428,50,
ADA,BREAKOUT,SHORT,5309,5310,2025-02-25T07:15:00+00:00,2025-02-25T07:30:00+00:00,0.6542,0.6814862065490905,0.5996275869018189,0.02728620654909053,2.0,2025-02-25T20:15:00+00:00,0.6814862065490905,SL,-1.0,0.03426567716191121,-1.0342656771619112,51,
BTC,BREAKOUT,SHORT,5341,5342,2025-02-25T15:15:00+00:00,2025-02-25T15:30:00+00:00,86580.3,88373.20115954177,82994.49768091647,1792.9011595417687,2.0,2025-02-25T20:15:00+00:00,88373.20115954177,SL,-1.0,0.06830686129010011,-1.0683068612901,19,
BNB,BREAKOUT,SHORT,5451,5452,2025-02-26T18:45:00+00:00,2025-02-26T19:00:00+00:00,597.94,609.9934276031894,573.8331447936214,12.053427603189334,2.0,2025-02-26T20:30:00+00:00,609.9934276031894,SL,-1.0,0.07015045239899226,-1.0701504523989922,6,
BTC,BREAKOUT,SHORT,5451,5452,2025-02-26T18:45:00+00:00,2025-02-26T19:00:00+00:00,84202.8,86360.24042296811,79887.91915406378,2157.4404229681095,2.0,2025-02-27T06:30:00+00:00,86360.24042296811,SL,-1.0,0.05534063746326798,-1.055340637463268,46,
SOL,BREAKOUT,SHORT,5531,5532,2025-02-27T14:45:00+00:00,2025-02-27T15:00:00+00:00,137.21,140.3554242810386,130.9191514379228,3.1454242810386006,2.0,2025-02-27T15:45:00+00:00,140.3554242810386,SL,-1.0,0.06177093442305713,-1.061770934423057,3,
AVAX,BREAKOUT,SHORT,5531,5532,2025-02-27T14:45:00+00:00,2025-02-27T15:00:00+00:00,22.699,23.192527841882058,21.71194431623589,0.4935278418820559,2.0,2025-02-28T01:15:00+00:00,21.71194431623589,TP,2.0,0.06299069349930314,1.9370093065006968,41,
LINK,BREAKOUT,SHORT,5531,5532,2025-02-27T14:45:00+00:00,2025-02-27T15:00:00+00:00,15.292,15.626734395763522,14.622531208472955,0.3347343957635225,2.0,2025-02-28T01:30:00+00:00,14.622531208472955,TP,2.0,0.06255757433641367,1.9374424256635863,42,
ETH,BREAKOUT,SHORT,5575,5576,2025-02-28T01:45:00+00:00,2025-02-28T02:00:00+00:00,2192.72,2251.8440643836,2074.471871232799,59.1240643836004,2.0,2025-02-28T06:45:00+00:00,2074.471871232799,TP,2.0,0.05052146433105318,1.9494785356689468,19,
BTC,BREAKOUT,SHORT,5575,5576,2025-02-28T01:45:00+00:00,2025-02-28T02:00:00+00:00,81606.0,83197.12906785717,78423.74186428566,1591.1290678571677,2.0,2025-02-28T08:15:00+00:00,78423.74186428566,TP,2.0,0.07040335166264201,1.929596648337358,25,
LINK,BREAKOUT,SHORT,5584,5585,2025-02-28T04:00:00+00:00,2025-02-28T04:15:00+00:00,13.713,14.189693184551604,12.759613630896789,0.47669318455160514,2.0,2025-02-28T13:30:00+00:00,14.189693184551604,SL,-1.0,0.04097370355223039,-1.0409737035522304,37,
XRP,BREAKOUT,SHORT,5584,5585,2025-02-28T04:00:00+00:00,2025-02-28T04:15:00+00:00,2.0081,2.0766478637658756,1.8710042724682494,0.0685478637658754,2.0,2025-02-28T13:30:00+00:00,2.0766478637658756,SL,-1.0,0.04171280252295106,-1.041712802522951,37,
DOGE,BREAKOUT,SHORT,5584,5585,2025-02-28T04:00:00+00:00,2025-02-28T04:15:00+00:00,0.18739,0.19390748101486402,0.17435503797027196,0.006517481014864018,2.0,2025-02-28T14:45:00+00:00,0.19390748101486402,SL,-1.0,0.0409526680786156,-1.0409526680786156,42,
SOL,BREAKOUT,SHORT,5864,5865,2025-03-03T02:00:00+00:00,2025-03-03T02:15:00+00:00,170.5,176.2547527817308,158.99049443653843,5.754752781730787,2.0,2025-03-03T08:45:00+00:00,158.99049443653843,TP,2.0,0.04007875835045152,1.9599212416495484,26,
BNB,BREAKOUT,SHORT,5864,5865,2025-03-03T02:00:00+00:00,2025-03-03T02:15:00+00:00,609.89,618.5501246895674,592.5697506208652,8.660124689567397,2.0,2025-03-03T14:45:00+00:00,592.5697506208652,TP,2.0,0.09719511619141048,1.9028048838085896,50,
BTC,BREAKOUT,SHORT,5915,5916,2025-03-03T14:45:00+00:00,2025-03-03T15:00:00+00:00,89239.9,91135.02805889038,85449.64388221921,1895.12805889039,2.0,2025-03-03T15:15:00+00:00,91135.02805889038,SL,-1.0,0.06662475870635927,-1.0666247587063593,1,
DOGE,BREAKOUT,SHORT,5882,5883,2025-03-03T06:30:00+00:00,2025-03-03T06:45:00+00:00,0.2214,0.22632710629931596,0.21154578740136812,0.004927106299315948,2.0,2025-03-03T18:15:00+00:00,0.21154578740136812,TP,2.0,0.061509135945176006,1.938490864054824,46,
FET,BREAKOUT,SHORT,5914,5915,2025-03-03T14:30:00+00:00,2025-03-03T14:45:00+00:00,0.6884,0.7078084404762942,0.6495831190474116,0.019408440476294198,2.0,2025-03-03T18:30:00+00:00,0.6495831190474116,TP,2.0,0.04825674605217009,1.9517432539478299,15,
ETH,BREAKOUT,SHORT,5915,5916,2025-03-03T14:45:00+00:00,2025-03-03T15:00:00+00:00,2273.5,2331.612535168363,2157.2749296632737,58.11253516836314,2.0,2025-03-03T19:15:00+00:00,2157.2749296632737,TP,2.0,0.05337131553078057,1.9466286844692193,17,
AVAX,BREAKOUT,SHORT,5929,5930,2025-03-03T18:15:00+00:00,2025-03-03T18:30:00+00:00,22.344,23.100852143530616,20.83029571293877,0.7568521435306153,2.0,2025-03-03T20:30:00+00:00,20.83029571293877,TP,2.0,0.039931190335374456,1.9600688096646255,8,
CRV,BREAKOUT,SHORT,5929,5930,2025-03-03T18:15:00+00:00,2025-03-03T18:30:00+00:00,0.454,0.4757321015188592,0.41053579696228165,0.02173210151885918,2.0,2025-03-03T20:30:00+00:00,0.41053579696228165,TP,2.0,0.02784705645463806,1.972152943545362,8,
LINK,BREAKOUT,SHORT,5929,5930,2025-03-03T18:15:00+00:00,2025-03-03T18:30:00+00:00,15.662,16.228458944044256,14.52908211191149,0.5664589440442551,2.0,2025-03-03T20:30:00+00:00,14.52908211191149,TP,2.0,0.03730854230573672,1.9626914576942633,8,
SUI,BREAKOUT,SHORT,5929,5930,2025-03-03T18:15:00+00:00,2025-03-03T18:30:00+00:00,2.7713,2.8633459839817896,2.587208032036421,0.09204598398178954,2.0,2025-03-03T21:45:00+00:00,2.587208032036421,TP,2.0,0.04075088841646353,1.9592491115835364,13,
AVAX,BREAKOUT,SHORT,6005,6006,2025-03-04T13:15:00+00:00,2025-03-04T13:30:00+00:00,19.436,19.988362807798268,18.331274384403464,0.5523628077982679,2.0,2025-03-04T14:30:00+00:00,19.988362807798268,SL,-1.0,0.0499618250465873,-1.0499618250465872,4,
CRV,BREAKOUT,SHORT,6005,6006,2025-03-04T13:15:00+00:00,2025-03-04T13:30:00+00:00,0.381,0.39501465921031725,0.3529706815793655,0.014014659210317248,2.0,2025-03-04T14:30:00+00:00,0.39501465921031725,SL,-1.0,0.03876014773497481,-1.0387601477349748,4,
LINK,BREAKOUT,SHORT,6005,6006,2025-03-04T13:15:00+00:00,2025-03-04T13:30:00+00:00,13.491,13.8723138583029,12.728372283394197,0.3813138583029012,2.0,2025-03-04T14:30:00+00:00,13.8723138583029,SL,-1.0,0.05023242476961477,-1.0502324247696149,4,
UNI,BREAKOUT,SHORT,5955,5956,2025-03-04T00:45:00+00:00,2025-03-04T01:00:00+00:00,6.978,7.190903553091755,6.552192893816489,0.21290355309175535,2.0,2025-03-04T16:30:00+00:00,6.552192893816489,TP,2.0,0.04448556582608912,1.9555144341739108,62,
SUI,BREAKOUT,SHORT,5984,5985,2025-03-04T08:00:00+00:00,2025-03-04T08:15:00+00:00,2.4346,2.51660550172139,2.2705889965572204,0.08200550172138987,2.0,2025-03-04T16:30:00+00:00,2.2705889965572204,TP,2.0,0.04016355279161668,1.9598364472083833,33,
FET,BREAKOUT,SHORT,6306,6307,2025-03-07T16:30:00+00:00,2025-03-07T16:45:00+00:00,0.5941,0.6127608916643782,0.5567782166712435,0.018660891664378232,2.0,2025-03-07T18:30:00+00:00,0.6127608916643782,SL,-1.0,0.04527128924807532,-1.0452712892480753,7,
DOGE,BREAKOUT,SHORT,6487,6488,2025-03-09T13:45:00+00:00,2025-03-09T14:00:00+00:00,0.18014,0.1835362244131986,0.17334755117360276,0.0033962244131986175,2.0,2025-03-09T16:30:00+00:00,0.17334755117360276,TP,2.0,0.07285775488212742,1.9271422451178726,10,
BNB,BREAKOUT,SHORT,6487,6488,2025-03-09T13:45:00+00:00,2025-03-09T14:00:00+00:00,568.91,574.2988492561109,558.1323014877781,5.388849256110916,2.0,2025-03-09T17:00:00+00:00,558.1323014877781,TP,2.0,0.14640038597234914,1.853599614027651,12,
AVAX,BREAKOUT,SHORT,6498,6499,2025-03-09T16:30:00+00:00,2025-03-09T16:45:00+00:00,18.939,19.36802582460584,18.08094835078832,0.4290258246058407,2.0,2025-03-09T17:45:00+00:00,18.08094835078832,TP,2.0,0.060401874104804264,1.9395981258951958,4,
BNB,BREAKOUT,SHORT,6503,6504,2025-03-09T17:45:00+00:00,2025-03-09T18:00:00+00:00,551.92,561.1680522285169,533.4238955429661,9.24805222851694,2.0,2025-03-09T19:45:00+00:00,561.1680522285169,SL,-1.0,0.0842514312535313,-1.0842514312535312,7,
FET,BREAKOUT,SHORT,6503,6504,2025-03-09T17:45:00+00:00,2025-03-09T18:00:00+00:00,0.517,0.5344353536490408,0.4821292927019184,0.017435353649040808,2.0,2025-03-09T23:45:00+00:00,0.5344353536490408,SL,-1.0,0.04221335353268382,-1.0422133535326839,23,
BTC,BREAKOUT,SHORT,6523,6524,2025-03-09T22:45:00+00:00,2025-03-09T23:00:00+00:00,80319.1,81844.01728741846,77269.26542516309,1524.9172874184587,2.0,2025-03-10T01:45:00+00:00,81844.01728741846,SL,-1.0,0.07443956668191606,-1.074439566681916,11,
LINK,BREAKOUT,SHORT,6499,6500,2025-03-09T16:45:00+00:00,2025-03-09T17:00:00+00:00,13.977,14.310913385072803,13.309173229854395,0.3339133850728029,2.0,2025-03-10T04:15:00+00:00,14.310913385072803,SL,-1.0,0.05930142442547982,-1.05930142442548,45,
DOGE,BREAKOUT,SHORT,6503,6504,2025-03-09T17:45:00+00:00,2025-03-09T18:00:00+00:00,0.16795,0.17405389305672267,0.15574221388655463,0.006103893056722681,2.0,2025-03-10T04:15:00+00:00,0.17405389305672267,SL,-1.0,0.039221317102866575,-1.0392213171028666,41,
BTC,BREAKOUT,SHORT,6563,6564,2025-03-10T08:45:00+00:00,2025-03-10T09:00:00+00:00,81309.8,82371.00913553277,79187.38172893446,1061.209135532772,2.0,2025-03-10T09:15:00+00:00,82371.00913553277,SL,-1.0,0.10796794199981198,-1.107967941999812,1,
SOL,BREAKOUT,SHORT,6563,6564,2025-03-10T08:45:00+00:00,2025-03-10T09:00:00+00:00,126.07,128.4715271051124,121.2669457897752,2.401527105112393,2.0,2025-03-10T09:15:00+00:00,128.4715271051124,SL,-1.0,0.0741940695127985,-1.0741940695127985,1,
SUI,BREAKOUT,SHORT,6563,6564,2025-03-10T08:45:00+00:00,2025-03-10T09:00:00+00:00,2.3086,2.360614691567795,2.2045706168644106,0.05201469156779481,2.0,2025-03-10T09:15:00+00:00,2.360614691567795,SL,-1.0,0.06283705979179804,-1.062837059791798,1,
CRV,BREAKOUT,SHORT,6477,6478,2025-03-09T11:15:00+00:00,2025-03-09T11:30:00+00:00,0.392,0.40164666822875233,0.3727066635424954,0.00964666822875232,2.0,2025-03-10T11:30:00+00:00,0.384,TIME,0.8293018698575799,0.056309596963329635,0.7729922728942503,96,
UNI,BREAKOUT,SHORT,6584,6585,2025-03-10T14:00:00+00:00,2025-03-10T14:15:00+00:00,6.492,6.674821507871633,6.126356984256733,0.18282150787163332,2.0,2025-03-10T17:00:00+00:00,6.126356984256733,TP,2.0,0.048314063218325654,1.9516859367816743,11,
DOGE,BREAKOUT,SHORT,6586,6587,2025-03-10T14:30:00+00:00,2025-03-10T14:45:00+00:00,0.16609,0.17212692348133918,0.1540161530373216,0.00603692348133919,2.0,2025-03-10T18:45:00+00:00,0.1540161530373216,TP,2.0,0.03711730119137074,1.9628826988086292,16,
FET,BREAKOUT,SHORT,6586,6587,2025-03-10T14:30:00+00:00,2025-03-10T14:45:00+00:00,0.5205,0.5384667601361626,0.48456647972767475,0.017966760136162607,2.0,2025-03-10T18:45:00+00:00,0.48456647972767475,TP,2.0,0.03915823055895919,1.9608417694410407,16,
ETH,BREAKOUT,SHORT,6626,6627,2025-03-11T00:30:00+00:00,2025-03-11T00:45:00+00:00,1813.79,1881.8909085067341,1677.5881829865316,68.10090850673419,2.0,2025-03-11T05:00:00+00:00,1881.8909085067341,SL,-1.0,0.037987402704016786,-1.0379874027040168,17,
CRV,BREAKOUT,SHORT,6586,6587,2025-03-10T14:30:00+00:00,2025-03-10T14:45:00+00:00,0.371,0.3862403230923821,0.3405193538152358,0.015240323092382102,2.0,2025-03-11T06:00:00+00:00,0.3862403230923821,SL,-1.0,0.03478064230997982,-1.03478064230998,61,
BTC,BREAKOUT,SHORT,6586,6587,2025-03-10T14:30:00+00:00,2025-03-10T14:45:00+00:00,79687.3,81601.0396229029,75859.82075419421,1913.7396229028964,2.0,2025-03-11T09:15:00+00:00,81601.0396229029,SL,-1.0,0.05899540166533967,-1.0589954016653396,74,
BTC,BREAKOUT,SHORT,6682,6683,2025-03-11T14:30:00+00:00,2025-03-11T14:45:00+00:00,79430.6,81122.80856548849,76046.18286902303,1692.2085654884868,2.0,2025-03-11T15:00:00+00:00,81122.80856548849,SL,-1.0,0.06641461832064376,-1.0664146183206438,1,
DOGE,BREAKOUT,SHORT,6682,6683,2025-03-11T14:30:00+00:00,2025-03-11T14:45:00+00:00,0.15383,0.1597616486697698,0.14196670266046038,0.005931648669769807,2.0,2025-03-11T15:15:00+00:00,0.1597616486697698,SL,-1.0,0.03700727509159063,-1.0370072750915906,2,
LINK,BREAKOUT,SHORT,6682,6683,2025-03-11T14:30:00+00:00,2025-03-11T14:45:00+00:00,12.45,12.967931417663157,11.414137164673683,0.5179314176631582,2.0,2025-03-11T15:30:00+00:00,12.967931417663157,SL,-1.0,0.03435310426357601,-1.034353104263576,3,
BNB,BREAKOUT,SHORT,6682,6683,2025-03-11T14:30:00+00:00,2025-03-11T14:45:00+00:00,539.65,552.5497198371286,513.8505603257428,12.8997198371286,2.0,2025-03-11T16:30:00+00:00,552.5497198371286,SL,-1.0,0.05926793864820649,-1.0592679386482065,7,
SUI,BREAKOUT,SHORT,6596,6597,2025-03-10T17:00:00+00:00,2025-03-10T17:15:00+00:00,2.1402,2.2303120504959586,1.9599758990080831,0.0901120504959585,2.0,2025-03-11T17:15:00+00:00,2.1655,TIME,-0.28076156141996567,0.03344713590925529,-0.31420869732922097,96,
ADA,BREAKOUT,SHORT,6683,6684,2025-03-11T14:45:00+00:00,2025-03-11T15:00:00+00:00,0.7032,0.7302517749626388,0.6490964500747225,0.027051774962638775,2.0,2025-03-11T18:00:00+00:00,0.7302517749626388,SL,-1.0,0.03709243640610149,-1.0370924364061014,12,
DOGE,BREAKOUT,SHORT,6780,6781,2025-03-12T15:00:00+00:00,2025-03-12T15:15:00+00:00,0.16246,0.16755502929671173,0.15226994140657651,0.005095029296711739,2.0,2025-03-12T16:00:00+00:00,0.16755502929671173,SL,-1.0,0.045340371380551074,-1.0453403713805511,3,
SUI,BREAKOUT,SHORT,6780,6781,2025-03-12T15:00:00+00:00,2025-03-12T15:15:00+00:00,2.1851,2.2664710233292533,2.022357953341493,0.0813710233292535,2.0,2025-03-12T16:30:00+00:00,2.2664710233292533,SL,-1.0,0.038294955487062375,-1.0382949554870624,5,
BTC,BREAKOUT,SHORT,6780,6781,2025-03-12T15:00:00+00:00,2025-03-12T15:15:00+00:00,80900.0,82373.57321878192,77952.85356243615,1473.573218781923,2.0,2025-03-12T17:00:00+00:00,82373.57321878192,SL,-1.0,0.07756078883384046,-1.0775607888338405,7,
UNI,BREAKOUT,SHORT,6780,6781,2025-03-12T15:00:00+00:00,2025-03-12T15:15:00+00:00,5.776,5.942090135820999,5.443819728358001,0.1660901358209994,2.0,2025-03-13T00:15:00+00:00,5.942090135820999,SL,-1.0,0.04938681670966281,-1.0493868167096627,36,
CRV,BREAKOUT,SHORT,6881,6882,2025-03-13T16:15:00+00:00,2025-03-13T16:30:00+00:00,0.388,0.4004462024451308,0.36310759510973845,0.012446202445130783,2.0,2025-03-14T01:30:00+00:00,0.4004462024451308,SL,-1.0,0.04434383452661187,-1.0443438345266118,36,
LINK,BREAKOUT,SHORT,6881,6882,2025-03-13T16:15:00+00:00,2025-03-13T16:30:00+00:00,12.878,13.220160982502835,12.193678034994331,0.34216098250283444,2.0,2025-03-14T01:30:00+00:00,13.220160982502835,SL,-1.0,0.053392156388259865,-1.0533921563882598,36,
SOL,BREAKOUT,SHORT,6881,6882,2025-03-13T16:15:00+00:00,2025-03-13T16:30:00+00:00,122.71,125.3769739857708,117.37605202845837,2.6669739857708095,2.0,2025-03-14T02:15:00+00:00,125.3769739857708,SL,-1.0,0.06511532647734021,-1.0651153264773403,39,
AVAX,BREAKOUT,SHORT,6871,6872,2025-03-13T13:45:00+00:00,2025-03-13T14:00:00+00:00,18.357,18.903142797214482,17.264714405571034,0.5461427972144826,2.0,2025-03-14T08:15:00+00:00,18.903142797214482,SL,-1.0,0.04775692381384115,-1.0477569238138411,73,
LINK,BREAKOUT,SHORT,6991,6992,2025-03-14T19:45:00+00:00,2025-03-14T20:00:00+00:00,13.922,14.379826108789336,13.00634778242133,0.4578261087893356,2.0,2025-03-15T20:00:00+00:00,14.12,TIME,-0.4324786118545862,0.042875230623931684,-0.47535384247851786,96,
FET,BREAKOUT,SHORT,7150,7151,2025-03-16T11:30:00+00:00,2025-03-16T11:45:00+00:00,0.5083,0.5182467744313349,0.48840645113733006,0.00994677443133496,2.0,2025-03-16T16:00:00+00:00,0.5182467744313349,SL,-1.0,0.07224279057120361,-1.0722427905712035,17,
LINK,BREAKOUT,SHORT,7159,7160,2025-03-16T13:45:00+00:00,2025-03-16T14:00:00+00:00,13.352,13.615336458842803,12.825327082314395,0.26333645884280266,2.0,2025-03-16T16:00:00+00:00,13.615336458842803,SL,-1.0,0.071684473939321,-1.071684473939321,8,
SOL,BREAKOUT,SHORT,7151,7152,2025-03-16T11:45:00+00:00,2025-03-16T12:00:00+00:00,129.88,131.9005234036914,125.83895319261717,2.0205234036914135,2.0,2025-03-16T22:00:00+00:00,125.83895319261717,TP,2.0,0.08859252355493649,1.9114074764450635,40,
LINK,BREAKOUT,SHORT,7302,7303,2025-03-18T01:30:00+00:00,2025-03-18T01:45:00+00:00,13.777,14.004772384982925,13.321455230034148,0.2277723849829254,2.0,2025-03-18T05:30:00+00:00,14.004772384982925,SL,-1.0,0.08538015120202512,-1.0853801512020251,15,
SOL,BREAKOUT,SHORT,7298,7299,2025-03-18T00:30:00+00:00,2025-03-18T00:45:00+00:00,126.83,128.58863469124438,123.31273061751124,1.7586346912443815,2.0,2025-03-18T06:45:00+00:00,123.31273061751124,TP,2.0,0.09956582359259614,1.900434176407404,24,
DOGE,BREAKOUT,SHORT,7301,7302,2025-03-18T01:15:00+00:00,2025-03-18T01:30:00+00:00,0.16876,0.17126172681840518,0.16375654636318962,0.0025017268184051866,2.0,2025-03-18T13:30:00+00:00,0.16375654636318962,TP,2.0,0.09304036745411506,1.9069596325458849,48,
BTC,BREAKOUT,SHORT,7352,7353,2025-03-18T14:00:00+00:00,2025-03-18T14:15:00+00:00,81236.3,81959.47604038252,79789.94791923497,723.1760403825174,2.0,2025-03-18T15:30:00+00:00,81959.47604038252,SL,-1.0,0.15796574671893598,-1.157965746718936,5,
LINK,BREAKOUT,SHORT,7344,7345,2025-03-18T12:00:00+00:00,2025-03-18T12:15:00+00:00,13.715,13.981222869561407,13.182554260877186,0.26622286956140684,2.0,2025-03-19T00:15:00+00:00,13.981222869561407,SL,-1.0,0.07282378121997181,-1.072823781219972,48,
DOGE,BREAKOUT,SHORT,7553,7554,2025-03-20T16:15:00+00:00,2025-03-20T16:30:00+00:00,0.16858,0.17157486065728325,0.16259027868543352,0.0029948606572832437,2.0,2025-03-21T16:30:00+00:00,0.16644,TIME,0.7145574518786733,0.07830547956536212,0.6362519723133111,96,
ADA,BREAKOUT,SHORT,7554,7555,2025-03-20T16:30:00+00:00,2025-03-20T16:45:00+00:00,0.7144,0.7321430975917393,0.6789138048165214,0.01774309759173931,2.0,2025-03-21T16:45:00+00:00,0.7093,TIME,0.28743571823526526,0.056167757340408506,0.23126796089485674,96,
SOL,BREAKOUT,SHORT,7554,7555,2025-03-20T16:30:00+00:00,2025-03-20T16:45:00+00:00,127.4,129.88113801828376,122.43772396343249,2.481138018283758,2.0,2025-03-21T16:45:00+00:00,126.6,TIME,0.32243268778469,0.07166066486014633,0.25077202292454365,96,
FET,BREAKOUT,SHORT,7619,7620,2025-03-21T08:45:00+00:00,2025-03-21T09:00:00+00:00,0.5112,0.5191679291093019,0.4952641417813962,0.007967929109301886,2.0,2025-03-22T09:00:00+00:00,0.5169,TIME,-0.7153678103568679,0.09032083369816203,-0.8056886440550299,96,
ADA,BREAKOUT,SHORT,7851,7852,2025-03-23T18:45:00+00:00,2025-03-23T19:00:00+00:00,0.6938,0.7020120626648324,0.6773758746703351,0.008212062664832431,2.0,2025-03-23T20:15:00+00:00,0.7020120626648324,SL,-1.0,0.11897966244821877,-1.1189796624482187,5,
ADA,BREAKOUT,SHORT,7964,7965,2025-03-24T23:00:00+00:00,2025-03-24T23:15:00+00:00,0.7278,0.7371462217467882,0.7091075565064235,0.00934622174678823,2.0,2025-03-25T00:30:00+00:00,0.7371462217467882,SL,-1.0,0.10971945487759752,-1.1097194548775975,5,
CRV,BREAKOUT,LONG,8084,8085,2025-03-26T05:00:00+00:00,2025-03-26T05:15:00+00:00,0.526,0.5130717899587226,0.5518564200825549,0.012928210041277421,2.0,2025-03-26T06:45:00+00:00,0.5518564200825549,TP,2.0,0.05836070822246923,1.9416392917775307,6,
BNB,BREAKOUT,LONG,8165,8166,2025-03-27T01:15:00+00:00,2025-03-27T01:30:00+00:00,622.47,618.214969540078,630.9800609198442,4.255030459922068,2.0,2025-03-27T06:30:00+00:00,630.9800609198442,TP,2.0,0.2062065244675031,1.793793475532497,20,
BNB,BREAKOUT,LONG,8194,8195,2025-03-27T08:30:00+00:00,2025-03-27T08:45:00+00:00,639.02,633.4969826264951,650.0660347470098,5.523017373504899,2.0,2025-03-27T10:30:00+00:00,633.4969826264951,SL,-1.0,0.1612817464800532,-1.1612817464800531,7,
CRV,BREAKOUT,LONG,8169,8170,2025-03-27T02:15:00+00:00,2025-03-27T02:30:00+00:00,0.577,0.5585573262784075,0.6138853474431849,0.018442673721592473,2.0,2025-03-28T02:30:00+00:00,0.585,TIME,0.43377658363243166,0.04410423414082745,0.38967234949160423,96,
XRP,BREAKOUT,SHORT,8257,8258,2025-03-28T00:15:00+00:00,2025-03-28T00:30:00+00:00,2.3204,2.34689051468669,2.2674189706266197,0.02649051468669006,2.0,2025-03-28T04:30:00+00:00,2.2674189706266197,TP,2.0,0.12123106392690104,1.878768936073099,16,
XRP,BREAKOUT,SHORT,8284,8285,2025-03-28T07:00:00+00:00,2025-03-28T07:15:00+00:00,2.2409,2.276540839328055,2.16961832134389,0.03564083932805495,2.0,2025-03-28T16:30:00+00:00,2.16961832134389,TP,2.0,0.08662430187244446,1.9133756981275556,37,
UNI,BREAKOUT,SHORT,8319,8320,2025-03-28T15:45:00+00:00,2025-03-28T16:00:00+00:00,6.103,6.216878926674074,5.875242146651852,0.11387892667407407,2.0,2025-03-29T00:15:00+00:00,6.216878926674074,SL,-1.0,0.07572880690519532,-1.0757288069051953,33,
ADA,BREAKOUT,SHORT,8363,8364,2025-03-29T02:45:00+00:00,2025-03-29T03:00:00+00:00,0.6947,0.703887827543112,0.676324344913776,0.009187827543111982,2.0,2025-03-29T09:30:00+00:00,0.676324344913776,TP,2.0,0.10445527377787288,1.8955447262221272,26,
XRP,BREAKOUT,SHORT,8363,8364,2025-03-29T02:45:00+00:00,2025-03-29T03:00:00+00:00,2.1601,2.1923955123642505,2.095508975271499,0.032295512364250545,2.0,2025-03-29T09:30:00+00:00,2.095508975271499,TP,2.0,0.09223963531191924,1.9077603646880807,26,
UNI,BREAKOUT,SHORT,8398,8399,2025-03-29T11:30:00+00:00,2025-03-29T11:45:00+00:00,6.004,6.114087638172656,5.783824723654687,0.1100876381726561,2.0,2025-03-29T13:00:00+00:00,6.114087638172656,SL,-1.0,0.07705371363692139,-1.0770537136369214,5,
LINK,BREAKOUT,SHORT,8420,8421,2025-03-29T17:00:00+00:00,2025-03-29T17:15:00+00:00,13.467,13.683427908326943,13.034144183346116,0.21642790832694203,2.0,2025-03-30T02:15:00+00:00,13.683427908326943,SL,-1.0,0.08781353422830722,-1.0878135342283073,36,
ADA,BREAKOUT,SHORT,8515,8516,2025-03-30T16:45:00+00:00,2025-03-30T17:00:00+00:00,0.6589,0.6692870911478475,0.6381258177043052,0.010387091147847416,2.0,2025-03-30T18:00:00+00:00,0.6692870911478475,SL,-1.0,0.0895083089740834,-1.0895083089740834,4,
BTC,BREAKOUT,SHORT,8515,8516,2025-03-30T16:45:00+00:00,2025-03-30T17:00:00+00:00,82253.3,82806.04486365376,81147.81027269248,552.7448636537592,2.0,2025-03-30T19:00:00+00:00,82806.04486365376,SL,-1.0,0.20903232033818256,-1.2090323203381825,8,
AVAX,BREAKOUT,SHORT,8580,8581,2025-03-31T09:00:00+00:00,2025-03-31T09:15:00+00:00,18.294,18.652882820213126,17.57623435957375,0.35888282021312534,2.0,2025-03-31T11:45:00+00:00,18.652882820213126,SL,-1.0,0.07206479808309116,-1.072064798083091,10,
ADA,BREAKOUT,SHORT,8580,8581,2025-03-31T09:00:00+00:00,2025-03-31T09:15:00+00:00,0.6358,0.6489882601919007,0.6094234796161987,0.01318826019190067,2.0,2025-03-31T12:45:00+00:00,0.6489882601919007,SL,-1.0,0.06819336053793139,-1.0681933605379315,14,
SOL,BREAKOUT,SHORT,8581,8582,2025-03-31T09:15:00+00:00,2025-03-31T09:30:00+00:00,124.14,126.25636853651635,119.9072629269673,2.1163685365163474,2.0,2025-03-31T14:00:00+00:00,126.25636853651635,SL,-1.0,0.08281991295527255,-1.0828199129552725,18,
FET,BREAKOUT,SHORT,8573,8574,2025-03-31T07:15:00+00:00,2025-03-31T07:30:00+00:00,0.4556,0.46598746061225355,0.4348250787754929,0.01038746061225354,2.0,2025-04-01T01:00:00+00:00,0.46598746061225355,SL,-1.0,0.06210480564109901,-1.062104805641099,70,
CRV,BREAKOUT,LONG,8800,8801,2025-04-02T16:00:00+00:00,2025-04-02T16:15:00+00:00,0.547,0.5267342170491047,0.5875315659017907,0.020265782950895317,2.0,2025-04-02T17:45:00+00:00,0.5267342170491047,SL,-1.0,0.03708783192613676,-1.0370878319261367,6,
BNB,BREAKOUT,SHORT,8826,8827,2025-04-02T22:30:00+00:00,2025-04-02T22:45:00+00:00,584.55,594.9922092282388,563.6655815435222,10.44220922823888,2.0,2025-04-03T00:15:00+00:00,594.9922092282388,SL,-1.0,0.07907134672487512,-1.0790713467248751,6,
FET,BREAKOUT,SHORT,8821,8822,2025-04-02T21:15:00+00:00,2025-04-02T21:30:00+00:00,0.448,0.464879574140174,0.414240851719652,0.016879574140173992,2.0,2025-04-03T12:30:00+00:00,0.414240851719652,TP,2.0,0.03575733553414962,1.9642426644658504,60,
ADA,BREAKOUT,SHORT,8821,8822,2025-04-02T21:15:00+00:00,2025-04-02T21:30:00+00:00,0.6655,0.6864392658525756,0.6236214682948487,0.02093926585257566,2.0,2025-04-03T12:45:00+00:00,0.6236214682948487,TP,2.0,0.04309535177401624,1.9569046482259838,61,
ETH,BREAKOUT,SHORT,8821,8822,2025-04-02T21:15:00+00:00,2025-04-02T21:30:00+00:00,1862.71,1917.1662838478915,1753.7974323042172,54.45628384789143,2.0,2025-04-03T12:45:00+00:00,1753.7974323042172,TP,2.0,0.04648784352755601,1.953512156472444,61,
SOL,BREAKOUT,SHORT,8859,8860,2025-04-03T06:45:00+00:00,2025-04-03T07:00:00+00:00,118.21,120.56812577167575,113.49374845664848,2.358125771675759,2.0,2025-04-03T12:45:00+00:00,113.49374845664848,TP,2.0,0.06878031098587023,1.9312196890141298,23,
SUI,BREAKOUT,SHORT,8882,8883,2025-04-03T12:30:00+00:00,2025-04-03T12:45:00+00:00,2.212,2.2720460956755564,2.091907808648888,0.06004609567555619,2.0,2025-04-03T13:30:00+00:00,2.2720460956755564,SL,-1.0,0.05227371124898398,-1.052273711248984,3,
UNI,BREAKOUT,SHORT,8821,8822,2025-04-02T21:15:00+00:00,2025-04-02T21:30:00+00:00,6.072,6.264087347432528,5.687825305134944,0.19208734743252798,2.0,2025-04-03T14:00:00+00:00,5.687825305134944,TP,2.0,0.04285486693227396,1.957145133067726,66,
AVAX,BREAKOUT,SHORT,8882,8883,2025-04-03T12:30:00+00:00,2025-04-03T12:45:00+00:00,17.82,18.209727242282042,17.040545515435916,0.38972724228204214,2.0,2025-04-03T18:45:00+00:00,18.209727242282042,SL,-1.0,0.06471400080199001,-1.06471400080199,24,
LINK,BREAKOUT,SHORT,8882,8883,2025-04-03T12:30:00+00:00,2025-04-03T12:45:00+00:00,12.53,12.809332247700093,11.971335504599812,0.27933224770009346,2.0,2025-04-03T21:00:00+00:00,12.809332247700093,SL,-1.0,0.06349976674527769,-1.0634997667452777,33,
DOGE,BREAKOUT,SHORT,8882,8883,2025-04-03T12:30:00+00:00,2025-04-03T12:45:00+00:00,0.15808,0.16149053114571815,0.1512589377085637,0.003410531145718154,2.0,2025-04-03T23:30:00+00:00,0.16149053114571815,SL,-1.0,0.06559077230033576,-1.0655907723003357,43,
DOGE,BREAKOUT,SHORT,8971,8972,2025-04-04T10:45:00+00:00,2025-04-04T11:00:00+00:00,0.16274,0.16558189310830493,0.15705621378339013,0.0028418931083049326,2.0,2025-04-04T12:30:00+00:00,0.16558189310830493,SL,-1.0,0.08087050301230168,-1.0808705030123016,6,
SOL,BREAKOUT,SHORT,8971,8972,2025-04-04T10:45:00+00:00,2025-04-04T11:00:00+00:00,114.96,117.25270430959634,110.3745913808073,2.2927043095963455,2.0,2025-04-04T14:15:00+00:00,117.25270430959634,SL,-1.0,0.07089832401690555,-1.0708983240169054,13,
ADA,BREAKOUT,SHORT,8971,8972,2025-04-04T10:45:00+00:00,2025-04-04T11:00:00+00:00,0.6409,0.6518291171818325,0.6190417656363352,0.010929117181832426,2.0,2025-04-04T14:45:00+00:00,0.6518291171818325,SL,-1.0,0.08279812238920119,-1.0827981223892011,15,
ETH,BREAKOUT,SHORT,8971,8972,2025-04-04T10:45:00+00:00,2025-04-04T11:00:00+00:00,1782.8,1808.7697177965606,1730.8605644068787,25.969717796560644,2.0,2025-04-04T15:00:00+00:00,1808.7697177965606,SL,-1.0,0.09680886108013667,-1.0968088610801368,16,
LINK,BREAKOUT,SHORT,8971,8972,2025-04-04T10:45:00+00:00,2025-04-04T11:00:00+00:00,12.591,12.853559056354934,12.06588188729013,0.2625590563549345,2.0,2025-04-04T15:00:00+00:00,12.853559056354934,SL,-1.0,0.06783689577011123,-1.0678368957701112,16,
AVAX,BREAKOUT,SHORT,9128,9129,2025-04-06T02:00:00+00:00,2025-04-06T02:15:00+00:00,17.524,17.75597589023499,17.060048219530024,0.2319758902349882,2.0,2025-04-06T12:30:00+00:00,17.060048219530024,TP,2.0,0.10435926651320454,1.8956407334867955,41,
SOL,BREAKOUT,SHORT,9170,9171,2025-04-06T12:30:00+00:00,2025-04-06T12:45:00+00:00,117.57,118.93570496977549,114.83859006044901,1.3657049697754928,2.0,2025-04-06T13:15:00+00:00,114.83859006044901,TP,2.0,0.11912237023568722,1.8808776297643128,2,
DOGE,BREAKOUT,SHORT,9153,9154,2025-04-06T08:15:00+00:00,2025-04-06T08:30:00+00:00,0.16424,0.16595455980098736,0.16081088039802527,0.0017145598009873642,2.0,2025-04-06T13:30:00+00:00,0.16081088039802527,TP,2.0,0.13270789163935062,1.8672921083606493,20,
LINK,BREAKOUT,SHORT,9153,9154,2025-04-06T08:15:00+00:00,2025-04-06T08:30:00+00:00,12.561,12.70210151406832,12.278796971863361,0.1411015140683194,2.0,2025-04-06T13:30:00+00:00,12.278796971863361,TP,2.0,0.1232294209960454,1.8767705790039546,20,
SUI,BREAKOUT,SHORT,9153,9154,2025-04-06T08:15:00+00:00,2025-04-06T08:30:00+00:00,2.1495,2.1806662560829566,2.0871674878340873,0.031166256082956423,2.0,2025-04-06T13:45:00+00:00,2.0871674878340873,TP,2.0,0.09515635222883465,1.9048436477711654,21,
BTC,BREAKOUT,SHORT,9174,9175,2025-04-06T13:30:00+00:00,2025-04-06T13:45:00+00:00,82442.1,82880.13145627707,81566.03708744587,438.03145627706544,2.0,2025-04-06T17:15:00+00:00,81566.03708744587,TP,2.0,0.2620946379900962,1.7379053620099039,14,
XRP,BREAKOUT,SHORT,9150,9151,2025-04-06T07:30:00+00:00,2025-04-06T07:45:00+00:00,2.0904,2.114379788419159,2.0424404231616817,0.023979788419159043,2.0,2025-04-06T17:30:00+00:00,2.0424404231616817,TP,2.0,0.12064277822825897,1.8793572217717411,39,
UNI,BREAKOUT,SHORT,9188,9189,2025-04-06T17:00:00+00:00,2025-04-06T17:15:00+00:00,5.517,5.612825292315375,5.32534941536925,0.09582529231537507,2.0,2025-04-06T18:00:00+00:00,5.32534941536925,TP,2.0,0.07920293700518902,1.920797062994811,3,
FET,BREAKOUT,SHORT,9175,9176,2025-04-06T13:45:00+00:00,2025-04-06T14:00:00+00:00,0.4038,0.4114800181071646,0.38843996378567075,0.007680018107164621,2.0,2025-04-06T18:15:00+00:00,0.38843996378567075,TP,2.0,0.07220920145131142,1.9277907985486886,17,
SUI,BREAKOUT,SHORT,9185,9186,2025-04-06T16:15:00+00:00,2025-04-06T16:30:00+00:00,2.0703,2.1106917914016607,1.9895164171966786,0.040391791401660715,2.0,2025-04-06T18:15:00+00:00,1.9895164171966786,TP,2.0,0.07035764925050665,1.9296423507494933,7,
LINK,BREAKOUT,SHORT,9189,9190,2025-04-06T17:15:00+00:00,2025-04-06T17:30:00+00:00,11.971,12.216477905108636,11.480044189782728,0.2454779051086362,2.0,2025-04-06T18:45:00+00:00,11.480044189782728,TP,2.0,0.06687253961036994,1.93312746038963,5,
ADA,BREAKOUT,SHORT,9191,9192,2025-04-06T17:45:00+00:00,2025-04-06T18:00:00+00:00,0.6086,0.6199354001606847,0.5859291996786307,0.011335400160684683,2.0,2025-04-06T18:45:00+00:00,0.5859291996786307,TP,2.0,0.07376629213983875,1.9262337078601612,3,
AVAX,BREAKOUT,SHORT,9191,9192,2025-04-06T17:45:00+00:00,2025-04-06T18:00:00+00:00,16.674,17.009296251248802,16.003407497502394,0.3352962512488027,2.0,2025-04-06T20:30:00+00:00,16.003407497502394,TP,2.0,0.06822082013460434,1.9317791798653956,10,
DOGE,BREAKOUT,SHORT,9192,9193,2025-04-06T18:00:00+00:00,2025-04-06T18:15:00+00:00,0.15599,0.1588467232784979,0.1502765534430042,0.002856723278497897,2.0,2025-04-06T20:30:00+00:00,0.1502765534430042,TP,2.0,0.0750463263361057,1.9249536736638944,9,
BTC,BREAKOUT,SHORT,9194,9195,2025-04-06T18:30:00+00:00,2025-04-06T18:45:00+00:00,79117.6,80176.92869094588,76998.94261810827,1059.3286909458693,2.0,2025-04-07T04:15:00+00:00,76998.94261810827,TP,2.0,0.10316116307120769,1.8968388369287923,38,
ADA,BREAKOUT,SHORT,9203,9204,2025-04-06T20:45:00+00:00,2025-04-06T21:00:00+00:00,0.5724,0.5898677487732469,0.5374645024535063,0.01746774877324686,2.0,2025-04-07T06:15:00+00:00,0.5374645024535063,TP,2.0,0.04447654713853806,1.955523452861462,37,
FET,BREAKOUT,SHORT,9242,9243,2025-04-07T06:30:00+00:00,2025-04-07T06:45:00+00:00,0.3527,0.36822376404694934,0.32165247190610136,0.015523764046949329,2.0,2025-04-07T09:00:00+00:00,0.36822376404694934,SL,-1.0,0.03250800729170035,-1.0325080072917003,9,
SOL,BREAKOUT,SHORT,9244,9245,2025-04-07T07:00:00+00:00,2025-04-07T07:15:00+00:00,97.55,101.65876470875968,89.33247058248064,4.108764708759679,2.0,2025-04-07T09:45:00+00:00,101.65876470875968,SL,-1.0,0.033938700602358575,-1.0339387006023586,10,
AVAX,BREAKOUT,SHORT,9242,9243,2025-04-07T06:30:00+00:00,2025-04-07T06:45:00+00:00,15.04,15.663313724715731,13.793372550568535,0.6233137247157323,2.0,2025-04-07T10:15:00+00:00,15.663313724715731,SL,-1.0,0.03448074180799207,-1.034480741807992,14,
SUI,BREAKOUT,SHORT,9242,9243,2025-04-07T06:30:00+00:00,2025-04-07T06:45:00+00:00,1.771,1.850443560344619,1.6121128793107617,0.07944356034461908,2.0,2025-04-07T10:15:00+00:00,1.850443560344619,SL,-1.0,0.03190957808593401,-1.031909578085934,14,
XRP,BREAKOUT,SHORT,9315,9316,2025-04-08T00:45:00+00:00,2025-04-08T01:00:00+00:00,1.8658,1.9233985484288274,1.750602903142345,0.0575985484288275,2.0,2025-04-08T02:00:00+00:00,1.9233985484288274,SL,-1.0,0.04605044842714578,-1.0460504484271458,4,
DOGE,BREAKOUT,SHORT,9378,9379,2025-04-08T16:30:00+00:00,2025-04-08T16:45:00+00:00,0.14679,0.15090760592332403,0.13855478815335195,0.004117605923324025,2.0,2025-04-09T01:00:00+00:00,0.13855478815335195,TP,2.0,0.04850909859438441,1.9514909014056157,33,
ADA,BREAKOUT,SHORT,9378,9379,2025-04-08T16:30:00+00:00,2025-04-08T16:45:00+00:00,0.5759,0.5931868528010327,0.5413262943979346,0.017286852801032704,2.0,2025-04-09T01:15:00+00:00,0.5413262943979346,TP,2.0,0.04524006857001956,1.9547599314299804,34,
BTC,BREAKOUT,SHORT,9378,9379,2025-04-08T16:30:00+00:00,2025-04-08T16:45:00+00:00,77503.8,78715.8593118138,75079.68137637242,1212.0593118137913,2.0,2025-04-09T01:15:00+00:00,75079.68137637242,TP,2.0,0.08812146065989689,1.9118785393401032,34,
LINK,BREAKOUT,SHORT,9378,9379,2025-04-08T16:30:00+00:00,2025-04-08T16:45:00+00:00,11.133,11.439914839966391,10.519170320067214,0.30691483996639235,2.0,2025-04-09T01:15:00+00:00,10.519170320067214,TP,2.0,0.04938346814936258,1.9506165318506374,34,
SOL,BREAKOUT,SHORT,9378,9379,2025-04-08T16:30:00+00:00,2025-04-08T16:45:00+00:00,104.42,107.51742706202874,98.22514587594252,3.0974270620287427,2.0,2025-04-09T07:00:00+00:00,107.51742706202874,SL,-1.0,0.04789659158148191,-1.047896591581482,57,
ETH,BREAKOUT,SHORT,9559,9560,2025-04-10T13:45:00+00:00,2025-04-10T14:00:00+00:00,1568.24,1608.3083926182642,1488.1032147634717,40.06839261826417,2.0,2025-04-10T15:45:00+00:00,1488.1032147634717,TP,2.0,0.053394711155925444,1.9466052888440746,7,
UNI,BREAKOUT,SHORT,9559,9560,2025-04-10T13:45:00+00:00,2025-04-10T14:00:00+00:00,5.091,5.210881136896788,4.851237726206425,0.11988113689678759,2.0,2025-04-10T16:15:00+00:00,4.851237726206425,TP,2.0,0.058053890616139046,1.941946109383861,9,
AVAX,BREAKOUT,SHORT,9566,9567,2025-04-10T15:30:00+00:00,2025-04-10T15:45:00+00:00,17.706,18.150162680071332,16.817674639857334,0.44416268007133297,2.0,2025-04-10T18:15:00+00:00,18.150162680071332,SL,-1.0,0.056509281401172555,-1.0565092814011725,10,
CRV,BREAKOUT,SHORT,9567,9568,2025-04-10T15:45:00+00:00,2025-04-10T16:00:00+00:00,0.499,0.5179968104601501,0.46100637907969977,0.018996810460150115,2.0,2025-04-10T20:00:00+00:00,0.5179968104601501,SL,-1.0,0.03747459442286184,-1.0374745944228618,16,
LINK,BREAKOUT,SHORT,9568,9569,2025-04-10T16:00:00+00:00,2025-04-10T16:15:00+00:00,11.81,12.145722800005567,11.138554399988868,0.3357228000055663,2.0,2025-04-11T00:15:00+00:00,12.145722800005567,SL,-1.0,0.04994896372759273,-1.0499489637275927,32,
CRV,BREAKOUT,LONG,9602,9603,2025-04-11T00:30:00+00:00,2025-04-11T00:45:00+00:00,0.578,0.5541100488239553,0.6257799023520892,0.023889951176044644,2.0,2025-04-11T09:45:00+00:00,0.6257799023520892,TP,2.0,0.03527198215839869,1.9647280178416013,36,
ETH,BREAKOUT,SHORT,9847,9848,2025-04-13T13:45:00+00:00,2025-04-13T14:00:00+00:00,1573.46,1598.8963302621294,1522.5873394757414,25.43633026212933,2.0,2025-04-13T16:15:00+00:00,1598.8963302621294,SL,-1.0,0.08730227231282989,-1.0873022723128298,9,
UNI,BREAKOUT,SHORT,9846,9847,2025-04-13T13:30:00+00:00,2025-04-13T13:45:00+00:00,5.35,5.4350601242585475,5.179879751482904,0.08506012425854781,2.0,2025-04-13T17:15:00+00:00,5.4350601242585475,SL,-1.0,0.08875536160790781,-1.0887553616079078,14,
CRV,BREAKOUT,LONG,9921,9922,2025-04-14T08:15:00+00:00,2025-04-14T08:30:00+00:00,0.617,0.5965709569665897,0.6578580860668206,0.02042904303341031,2.0,2025-04-14T15:45:00+00:00,0.5965709569665897,SL,-1.0,0.04158293995892583,-1.0415829399589258,29,
CRV,BREAKOUT,LONG,10049,10050,2025-04-15T16:15:00+00:00,2025-04-15T16:30:00+00:00,0.605,0.5857663469779821,0.6434673060440357,0.01923365302201785,2.0,2025-04-15T22:15:00+00:00,0.5857663469779821,SL,-1.0,0.04333739627778411,-1.043337396277784,23,
CRV,BREAKOUT,LONG,10086,10087,2025-04-16T01:30:00+00:00,2025-04-16T01:45:00+00:00,0.601,0.5825453655620793,0.6379092688758414,0.018454634437920725,2.0,2025-04-16T13:45:00+00:00,0.6379092688758414,TP,2.0,0.04699288361036753,1.9530071163896325,48,
LINK,BREAKOUT,SHORT,10233,10234,2025-04-17T14:15:00+00:00,2025-04-17T14:30:00+00:00,12.278,12.4634903048413,11.9070193903174,0.18549030484130036,2.0,2025-04-17T15:00:00+00:00,12.4634903048413,SL,-1.0,0.09336899428898203,-1.093368994288982,2,
DOGE,BREAKOUT,SHORT,10500,10501,2025-04-20T09:00:00+00:00,2025-04-20T09:15:00+00:00,0.15619,0.15755818731396837,0.15345362537206325,0.001368187313968372,2.0,2025-04-20T10:45:00+00:00,0.15345362537206325,TP,2.0,0.15842168360103273,1.8415783163989672,6,
UNI,BREAKOUT,SHORT,10506,10507,2025-04-20T10:30:00+00:00,2025-04-20T10:45:00+00:00,5.199,5.249532050205476,5.097935899589048,0.0505320502054758,2.0,2025-04-20T16:15:00+00:00,5.249532050205476,SL,-1.0,0.14473927745665208,-1.144739277456652,22,
BTC,BREAKOUT,LONG,10544,10545,2025-04-20T20:00:00+00:00,2025-04-20T20:15:00+00:00,84899.3,84566.01590744274,85565.86818511454,333.2840925572673,2.0,2025-04-21T00:15:00+00:00,85565.86818511454,TP,2.0,0.3580297421758189,1.641970257824181,16,
FET,BREAKOUT,LONG,10617,10618,2025-04-21T14:15:00+00:00,2025-04-21T14:30:00+00:00,0.6454,0.6270349076650945,0.6821301846698109,0.018365092334905464,2.0,2025-04-21T15:30:00+00:00,0.6270349076650945,SL,-1.0,0.04849986153745908,-1.048499861537459,4,
CRV,BREAKOUT,LONG,10659,10660,2025-04-22T00:45:00+00:00,2025-04-22T01:00:00+00:00,0.598,0.5846369965484539,0.6247260069030921,0.013363003451546063,2.0,2025-04-22T11:45:00+00:00,0.6247260069030921,TP,2.0,0.06405058622753991,1.93594941377246,43,
BTC,BREAKOUT,LONG,10660,10661,2025-04-22T01:00:00+00:00,2025-04-22T01:15:00+00:00,87718.1,86996.02042646531,89162.25914706939,722.079573534691,2.0,2025-04-22T12:45:00+00:00,89162.25914706939,TP,2.0,0.17147175455587105,1.828528245444129,46,
SOL,BREAKOUT,LONG,10708,10709,2025-04-22T13:00:00+00:00,2025-04-22T13:15:00+00:00,142.49,140.56812921792064,146.33374156415874,1.9218707820793668,2.0,2025-04-22T16:00:00+00:00,146.33374156415874,TP,2.0,0.10519782130001802,1.894802178699982,11,
BTC,BREAKOUT,LONG,10712,10713,2025-04-22T14:00:00+00:00,2025-04-22T14:15:00+00:00,90423.6,89528.20531531707,92214.38936936588,895.3946846829349,2.0,2025-04-22T21:45:00+00:00,92214.38936936588,TP,2.0,0.14278238942620866,1.8572176105737914,30,
BTC,BREAKOUT,LONG,10784,10785,2025-04-23T08:00:00+00:00,2025-04-23T08:15:00+00:00,94343.6,93496.53081201769,96037.73837596463,847.0691879823135,2.0,2025-04-23T10:00:00+00:00,93496.53081201769,SL,-1.0,0.15522709766083218,-1.155227097660832,7,
CRV,BREAKOUT,LONG,10714,10715,2025-04-22T14:30:00+00:00,2025-04-22T14:45:00+00:00,0.67,0.6491369129536003,0.7117261740927995,0.02086308704639972,2.0,2025-04-23T14:45:00+00:00,0.662,TIME,-0.3834523616858773,0.04469137275448896,-0.4281437344403663,96,
AVAX,BREAKOUT,LONG,10761,10762,2025-04-23T02:15:00+00:00,2025-04-23T02:30:00+00:00,22.401,21.958115247405598,23.286769505188804,0.4428847525944022,2.0,2025-04-23T15:15:00+00:00,21.958115247405598,SL,-1.0,0.07011164979441288,-1.070111649794413,51,
CRV,BREAKOUT,LONG,10873,10874,2025-04-24T06:15:00+00:00,2025-04-24T06:30:00+00:00,0.677,0.6576280669997697,0.7157438660004607,0.019371933000230324,2.0,2025-04-24T06:45:00+00:00,0.6576280669997697,SL,-1.0,0.04822645457676996,-1.0482264545767699,1,
FET,BREAKOUT,LONG,10900,10901,2025-04-24T13:00:00+00:00,2025-04-24T13:15:00+00:00,0.643,0.6243918718335858,0.6802162563328285,0.018608128166414217,2.0,2025-04-24T13:45:00+00:00,0.6802162563328285,TP,2.0,0.049776708927917294,1.9502232910720827,2,
SUI,BREAKOUT,LONG,10908,10909,2025-04-24T15:00:00+00:00,2025-04-24T15:15:00+00:00,3.3099,3.187045860514228,3.555608278971544,0.12285413948577206,2.0,2025-04-25T06:00:00+00:00,3.555608278971544,TP,2.0,0.039118387181708715,1.9608816128182913,59,
LINK,BREAKOUT,LONG,10907,10908,2025-04-24T14:45:00+00:00,2025-04-24T15:00:00+00:00,14.849,14.576865997768191,15.393268004463618,0.27213400223180884,2.0,2025-04-25T15:00:00+00:00,15.286,TIME,1.6058265281666442,0.07751512059133026,1.528311407575314,96,
FET,BREAKOUT,LONG,10980,10981,2025-04-25T09:00:00+00:00,2025-04-25T09:15:00+00:00,0.6987,0.6807968073497205,0.734506385300559,0.01790319265027951,2.0,2025-04-25T22:30:00+00:00,0.734506385300559,TP,2.0,0.05603718226730517,1.9439628177326949,53,
FET,BREAKOUT,LONG,11039,11040,2025-04-25T23:45:00+00:00,2025-04-26T00:00:00+00:00,0.7507,0.7312773065266515,0.7895453869466972,0.019422693473348573,2.0,2025-04-26T01:15:00+00:00,0.7895453869466972,TP,2.0,0.05551092964228332,1.9444890703577167,5,
BNB,BREAKOUT,LONG,11213,11214,2025-04-27T19:15:00+00:00,2025-04-27T19:30:00+00:00,606.11,602.42395857739,613.4820828452201,3.68604142261006,2.0,2025-04-28T00:00:00+00:00,602.42395857739,SL,-1.0,0.22950739669255937,-1.2295073966925594,18,
XRP,BREAKOUT,LONG,11249,11250,2025-04-28T04:15:00+00:00,2025-04-28T04:30:00+00:00,2.2769,2.245756611609282,2.339186776781436,0.031143388390717952,2.0,2025-04-28T07:45:00+00:00,2.339186776781436,TP,2.0,0.10375430904332997,1.89624569095667,13,
ADA,BREAKOUT,LONG,11264,11265,2025-04-28T08:00:00+00:00,2025-04-28T08:15:00+00:00,0.7273,0.7159211797514741,0.7500576404970517,0.011378820248525878,2.0,2025-04-28T10:00:00+00:00,0.7159211797514741,SL,-1.0,0.0887837933776052,-1.0887837933776052,7,
LINK,BREAKOUT,LONG,11249,11250,2025-04-28T04:15:00+00:00,2025-04-28T04:30:00+00:00,14.965,14.710676877507623,15.473646244984753,0.25432312249237654,2.0,2025-04-28T13:45:00+00:00,14.710676877507623,SL,-1.0,0.08167945411600558,-1.0816794541160055,37,
BTC,BREAKOUT,LONG,11259,11260,2025-04-28T06:45:00+00:00,2025-04-28T07:00:00+00:00,94539.7,93998.9509275676,95621.1981448648,540.7490724324016,2.0,2025-04-28T13:45:00+00:00,93998.9509275676,SL,-1.0,0.2440633971975895,-1.2440633971975894,27,
CRV,BREAKOUT,LONG,11258,11259,2025-04-28T06:30:00+00:00,2025-04-28T06:45:00+00:00,0.662,0.6464716243400522,0.6930567513198956,0.015528375659947802,2.0,2025-04-28T14:45:00+00:00,0.6464716243400522,SL,-1.0,0.05898428509818234,-1.0589842850981823,32,
LINK,BREAKOUT,LONG,11331,11332,2025-04-29T00:45:00+00:00,2025-04-29T01:00:00+00:00,15.19,14.96853939131577,15.632921217368457,0.2214606086842288,2.0,2025-04-29T02:15:00+00:00,14.96853939131577,SL,-1.0,0.09532610652227674,-1.0953261065222768,5,
BTC,BREAKOUT,LONG,11325,11326,2025-04-28T23:15:00+00:00,2025-04-28T23:30:00+00:00,95027.1,94422.28037568172,96236.73924863659,604.8196243182902,2.0,2025-04-29T03:00:00+00:00,94422.28037568172,SL,-1.0,0.2192630016138299,-1.21926300161383,14,
CRV,BREAKOUT,LONG,11356,11357,2025-04-29T07:00:00+00:00,2025-04-29T07:15:00+00:00,0.66,0.6457726858495245,0.688454628300951,0.014227314150475512,2.0,2025-04-29T23:00:00+00:00,0.6457726858495245,SL,-1.0,0.0642454978098672,-1.0642454978098672,63,
FET,BREAKOUT,LONG,11437,11438,2025-04-30T03:15:00+00:00,2025-04-30T03:30:00+00:00,0.7293,0.7114135717876545,0.7650728564246908,0.01788642821234543,2.0,2025-04-30T07:00:00+00:00,0.7114135717876545,SL,-1.0,0.05638350420098293,-1.056383504200983,14,
CRV,BREAKOUT,LONG,11496,11497,2025-04-30T18:00:00+00:00,2025-04-30T18:15:00+00:00,0.697,0.6740084480575891,0.7429831038848217,0.02299155194241087,2.0,2025-05-01T09:00:00+00:00,0.7429831038848217,TP,2.0,0.04384167607494174,1.9561583239250582,59,
LINK,BREAKOUT,LONG,11505,11506,2025-04-30T20:15:00+00:00,2025-04-30T20:30:00+00:00,14.398,14.144789341930881,14.904421316138237,0.25321065806911847,2.0,2025-05-01T09:00:00+00:00,14.904421316138237,TP,2.0,0.08100644371651103,1.918993556283489,50,
BTC,BREAKOUT,LONG,11505,11506,2025-04-30T20:15:00+00:00,2025-04-30T20:30:00+00:00,94669.9,93855.0022167624,96299.69556647519,814.8977832375967,2.0,2025-05-01T10:15:00+00:00,96299.69556647519,TP,2.0,0.16404353974976565,1.8359564602502343,55,
BTC,BREAKOUT,LONG,11573,11574,2025-05-01T13:15:00+00:00,2025-05-01T13:30:00+00:00,96586.4,95994.385652493,97770.42869501398,592.0143475069926,2.0,2025-05-01T13:30:00+00:00,95994.385652493,SL,-1.0,0.22770824816057827,-1.2277082481605783,0,True
BTC,BREAKOUT,LONG,11580,11581,2025-05-01T15:00:00+00:00,2025-05-01T15:15:00+00:00,97326.5,96430.96793382813,99117.56413234374,895.5320661718724,2.0,2025-05-01T18:15:00+00:00,96430.96793382813,SL,-1.0,0.15145211732446134,-1.1514521173244614,12,
BNB,BREAKOUT,LONG,11505,11506,2025-04-30T20:15:00+00:00,2025-04-30T20:30:00+00:00,599.17,595.4811414738549,606.5477170522901,3.6888585261450544,2.0,2025-05-01T20:30:00+00:00,599.46,TIME,0.07861510490160604,0.22745274562665813,-0.14883764072505207,96,
AVAX,BREAKOUT,LONG,11595,11596,2025-05-01T18:45:00+00:00,2025-05-01T19:00:00+00:00,21.787,21.392877144727613,22.57524571054477,0.39412285527238566,2.0,2025-05-02T07:00:00+00:00,21.392877144727613,SL,-1.0,0.0766916041456658,-1.0766916041456658,48,
SOL,BREAKOUT,LONG,11869,11870,2025-05-04T15:15:00+00:00,2025-05-04T15:30:00+00:00,146.99,145.79070823393883,149.38858353212237,1.1992917660611795,2.0,2025-05-04T22:30:00+00:00,145.79070823393883,SL,-1.0,0.17088960465130243,-1.1708896046513024,28,
UNI,BREAKOUT,SHORT,12085,12086,2025-05-06T21:15:00+00:00,2025-05-06T21:30:00+00:00,4.758,4.840707008326316,4.592585983347369,0.08270700832631572,2.0,2025-05-06T22:00:00+00:00,4.840707008326316,SL,-1.0,0.08123972855261091,-1.081239728552611,2,
BTC,BREAKOUT,LONG,12094,12095,2025-05-06T23:30:00+00:00,2025-05-06T23:45:00+00:00,96838.0,96006.36420129861,98501.27159740278,831.6357987013907,2.0,2025-05-07T18:00:00+00:00,96006.36420129861,SL,-1.0,0.16231991834851167,-1.1623199183485116,73,
ETH,BREAKOUT,LONG,12090,12091,2025-05-06T22:30:00+00:00,2025-05-06T22:45:00+00:00,1804.6,1780.280528489457,1853.2389430210856,24.319471510542826,2.0,2025-05-07T22:45:00+00:00,1816.16,TIME,0.4753392768008447,0.10421821867721284,0.37112105812363183,96,
BNB,BREAKOUT,LONG,12202,12203,2025-05-08T02:30:00+00:00,2025-05-08T02:45:00+00:00,607.53,603.7070975829644,615.1758048340712,3.822902417035607,2.0,2025-05-08T08:00:00+00:00,615.1758048340712,TP,2.0,0.22388593011681832,1.7761140698831817,21,
BTC,BREAKOUT,LONG,12197,12198,2025-05-08T01:15:00+00:00,2025-05-08T01:30:00+00:00,97935.0,97079.53043733646,99645.93912532707,855.4695626635366,2.0,2025-05-08T08:15:00+00:00,99645.93912532707,TP,2.0,0.1616733819928157,1.8383266180071842,27,
ETH,BREAKOUT,LONG,12206,12207,2025-05-08T03:30:00+00:00,2025-05-08T03:45:00+00:00,1887.7,1857.967262973542,1947.1654740529164,29.732737026458153,2.0,2025-05-08T08:45:00+00:00,1947.1654740529164,TP,2.0,0.09028451801959167,1.9097154819804083,20,
ETH,BREAKOUT,LONG,12254,12255,2025-05-08T15:30:00+00:00,2025-05-08T15:45:00+00:00,2057.48,2011.374340433493,2149.691319133014,46.10565956650703,2.0,2025-05-08T20:30:00+00:00,2149.691319133014,TP,2.0,0.06387545370964585,1.9361245462903542,19,
SOL,BREAKOUT,LONG,12252,12253,2025-05-08T15:00:00+00:00,2025-05-08T15:15:00+00:00,158.24,155.77405909315297,163.17188181369409,2.465940906847038,2.0,2025-05-08T20:45:00+00:00,163.17188181369409,TP,2.0,0.09123832474852644,1.9087616752514736,22,
FET,BREAKOUT,LONG,12275,12276,2025-05-08T20:45:00+00:00,2025-05-08T21:00:00+00:00,0.786,0.7638202102524148,0.8303595794951706,0.022179789747585277,2.0,2025-05-08T22:00:00+00:00,0.7638202102524148,SL,-1.0,0.04891273359770243,-1.0489127335977024,4,
DOGE,BREAKOUT,LONG,12276,12277,2025-05-08T21:00:00+00:00,2025-05-08T21:15:00+00:00,0.19448,0.19008878115654215,0.20326243768691565,0.004391218843457834,2.0,2025-05-09T07:15:00+00:00,0.20326243768691565,TP,2.0,0.06340374194641626,1.9365962580535838,40,
LINK,BREAKOUT,LONG,12276,12277,2025-05-08T21:00:00+00:00,2025-05-08T21:15:00+00:00,15.831,15.496875163902931,16.499249672194136,0.3341248360970681,2.0,2025-05-09T08:15:00+00:00,16.499249672194136,TP,2.0,0.06773269247174793,1.9322673075282522,44,
BNB,BREAKOUT,LONG,12314,12315,2025-05-09T06:30:00+00:00,2025-05-09T06:45:00+00:00,629.97,625.7806890722374,638.3486218555254,4.189310927762676,2.0,2025-05-09T08:15:00+00:00,638.3486218555254,TP,2.0,0.21192579176094106,1.7880742082390588,6,
AVAX,BREAKOUT,LONG,12316,12317,2025-05-09T07:00:00+00:00,2025-05-09T07:15:00+00:00,22.753,22.351697225098057,23.555605549803886,0.4013027749019429,2.0,2025-05-09T08:30:00+00:00,23.555605549803886,TP,2.0,0.08077697417562955,1.9192230258243705,5,
SUI,BREAKOUT,LONG,12254,12255,2025-05-08T15:30:00+00:00,2025-05-08T15:45:00+00:00,3.8888,3.7676615814785865,4.131076837042826,0.12113841852141327,2.0,2025-05-09T15:45:00+00:00,3.9165,TIME,0.22866403852799047,0.0451030322724099,0.18356100625558058,96,
BTC,BREAKOUT,LONG,12276,12277,2025-05-08T21:00:00+00:00,2025-05-08T21:15:00+00:00,102474.4,101389.72377665098,104643.75244669802,1084.6762233490153,2.0,2025-05-09T21:15:00+00:00,102890.6,TIME,0.3837089732777256,0.13253309780880476,0.25117587546892084,96,
ADA,BREAKOUT,LONG,12452,12453,2025-05-10T17:00:00+00:00,2025-05-10T17:15:00+00:00,0.8253,0.8074764094588389,0.8609471810823223,0.017823590541161116,2.0,2025-05-10T20:00:00+00:00,0.8074764094588389,SL,-1.0,0.06412532222291112,-1.0641253222229112,11,
AVAX,BREAKOUT,LONG,12417,12418,2025-05-10T08:15:00+00:00,2025-05-10T08:30:00+00:00,24.353,23.86513946129152,25.328721077416965,0.4878605387084818,2.0,2025-05-10T21:30:00+00:00,25.328721077416965,TP,2.0,0.0712851358018378,1.9287148641981622,52,
LINK,BREAKOUT,LONG,12449,12450,2025-05-10T16:15:00+00:00,2025-05-10T16:30:00+00:00,16.629,16.32363776950383,17.239724460992345,0.30536223049617206,2.0,2025-05-10T22:15:00+00:00,17.239724460992345,TP,2.0,0.07763929115978814,1.922360708840212,23,
ETH,BREAKOUT,LONG,12475,12476,2025-05-10T22:45:00+00:00,2025-05-10T23:00:00+00:00,2576.7,2517.2012480050853,2695.697503989829,59.49875199491453,2.0,2025-05-11T00:15:00+00:00,2517.2012480050853,SL,-1.0,0.05992950699047148,-1.0599295069904715,5,
SOL,BREAKOUT,LONG,12476,12477,2025-05-10T23:00:00+00:00,2025-05-10T23:15:00+00:00,177.38,174.7312098948013,182.67758021039737,2.6487901051986853,2.0,2025-05-11T00:15:00+00:00,174.7312098948013,SL,-1.0,0.09305299292783058,-1.0930529929278305,4,
CRV,BREAKOUT,LONG,12478,12479,2025-05-10T23:30:00+00:00,2025-05-10T23:45:00+00:00,0.815,0.7961905539237953,0.8526188921524092,0.018809446076204606,2.0,2025-05-11T00:15:00+00:00,0.7961905539237953,SL,-1.0,0.05996101018484817,-1.0599610101848482,2,
BNB,BREAKOUT,LONG,12480,12481,2025-05-11T00:00:00+00:00,2025-05-11T00:15:00+00:00,668.29,661.5776777341684,681.714644531663,6.712322265831517,2.0,2025-05-11T00:15:00+00:00,661.5776777341684,SL,-1.0,0.13868633500399996,-1.138686335004,0,True
DOGE,BREAKOUT,LONG,12480,12481,2025-05-11T00:00:00+00:00,2025-05-11T00:15:00+00:00,0.25718,0.2480846699073338,0.27537066018533246,0.00909533009266622,2.0,2025-05-11T00:15:00+00:00,0.2480846699073338,SL,-1.0,0.03888646869675664,-1.0388864686967567,0,True
SUI,BREAKOUT,LONG,12555,12556,2025-05-11T18:45:00+00:00,2025-05-11T19:00:00+00:00,4.0153,3.930402934242965,4.185094131514069,0.0848970657570347,2.0,2025-05-12T01:00:00+00:00,4.185094131514069,TP,2.0,0.06761453815715886,1.932385461842841,24,
CRV,BREAKOUT,LONG,12579,12580,2025-05-12T00:45:00+00:00,2025-05-12T01:00:00+00:00,0.794,0.7760099168606076,0.8299801662787849,0.017990083139392432,2.0,2025-05-12T01:30:00+00:00,0.7760099168606076,SL,-1.0,0.061089597712639665,-1.0610895977126398,2,
BTC,BREAKOUT,LONG,12603,12604,2025-05-12T06:45:00+00:00,2025-05-12T07:00:00+00:00,104346.2,103711.77261805095,105615.0547638981,634.4273819490481,2.0,2025-05-12T07:00:00+00:00,105615.0547638981,TP,2.0,0.23166225562838696,1.768337744371613,0,True
SUI,BREAKOUT,LONG,12605,12606,2025-05-12T07:15:00+00:00,2025-05-12T07:30:00+00:00,4.2523,4.1310679291020165,4.494764141795967,0.12123207089798349,2.0,2025-05-12T10:15:00+00:00,4.1310679291020165,SL,-1.0,0.0484059828963049,-1.0484059828963048,11,
XRP,BREAKOUT,LONG,12621,12622,2025-05-12T11:15:00+00:00,2025-05-12T11:30:00+00:00,2.4703,2.4230218758750666,2.5648562482498667,0.047278124124933374,2.0,2025-05-12T12:30:00+00:00,2.5648562482498667,TP,2.0,0.07455053344462349,1.9254494665553765,4,
BNB,BREAKOUT,LONG,12620,12621,2025-05-12T11:00:00+00:00,2025-05-12T11:15:00+00:00,684.96,674.5011681695607,705.8776636608786,10.458831830439294,2.0,2025-05-12T14:15:00+00:00,674.5011681695607,SL,-1.0,0.09098748628399375,-1.0909874862839937,12,
SOL,BREAKOUT,LONG,12736,12737,2025-05-13T16:00:00+00:00,2025-05-13T16:15:00+00:00,177.55,174.35102505260468,183.94794989479067,3.198974947395328,2.0,2025-05-13T19:45:00+00:00,183.94794989479067,TP,2.0,0.07910301552451696,1.920896984475483,14,
BTC,BREAKOUT,LONG,12751,12752,2025-05-13T19:45:00+00:00,2025-05-13T20:00:00+00:00,104744.7,103863.24603248098,106507.60793503803,881.4539675190172,2.0,2025-05-13T23:00:00+00:00,103863.24603248098,SL,-1.0,0.1656644221975054,-1.1656644221975054,12,
DOGE,BREAKOUT,LONG,12735,12736,2025-05-13T15:45:00+00:00,2025-05-13T16:00:00+00:00,0.23294,0.22671810737290998,0.24538378525418006,0.0062218926270900254,2.0,2025-05-14T05:45:00+00:00,0.24538378525418006,TP,2.0,0.05381427641809439,1.9461857235819056,55,
ETH,BREAKOUT,LONG,12748,12749,2025-05-13T19:00:00+00:00,2025-05-13T19:15:00+00:00,2667.8,2612.5785792589895,2778.2428414820215,55.22142074101066,2.0,2025-05-14T08:00:00+00:00,2612.5785792589895,SL,-1.0,0.0669353478393255,-1.0669353478393255,51,
BNB,BREAKOUT,LONG,12737,12738,2025-05-13T16:15:00+00:00,2025-05-13T16:30:00+00:00,662.99,655.8484330025358,677.2731339949285,7.141566997464224,2.0,2025-05-14T08:30:00+00:00,655.8484330025358,SL,-1.0,0.12926951513996487,-1.1292695151399648,64,
CRV,BREAKOUT,LONG,12745,12746,2025-05-13T18:15:00+00:00,2025-05-13T18:30:00+00:00,0.76,0.740339422821507,0.799321154356986,0.01966057717849301,2.0,2025-05-14T13:00:00+00:00,0.740339422821507,SL,-1.0,0.05341845188166321,-1.0534184518816632,74,
BTC,BREAKOUT,LONG,12914,12915,2025-05-15T12:30:00+00:00,2025-05-15T12:45:00+00:00,102731.5,102051.3493736232,104091.80125275359,680.1506263767951,2.0,2025-05-15T13:30:00+00:00,102051.3493736232,SL,-1.0,0.2107591892183647,-1.2107591892183647,3,
SOL,BREAKOUT,LONG,12931,12932,2025-05-15T16:45:00+00:00,2025-05-15T17:00:00+00:00,173.89,170.10412606082934,181.46174787834127,3.785873939170642,2.0,2025-05-15T18:30:00+00:00,170.10412606082934,SL,-1.0,0.06360377870778519,-1.0636037787077852,6,
BNB,BREAKOUT,LONG,12932,12933,2025-05-15T17:00:00+00:00,2025-05-15T17:15:00+00:00,659.7,652.3835482449354,674.3329035101294,7.316451755064691,2.0,2025-05-15T18:30:00+00:00,652.3835482449354,SL,-1.0,0.1255333205929592,-1.1255333205929592,5,
BTC,BREAKOUT,LONG,12969,12970,2025-05-16T02:15:00+00:00,2025-05-16T02:30:00+00:00,104235.4,103409.24889173593,105887.70221652812,826.1511082640645,2.0,2025-05-16T08:15:00+00:00,103409.24889173593,SL,-1.0,0.17593785539988194,-1.1759378553998818,23,
AVAX,BREAKOUT,LONG,12969,12970,2025-05-16T02:15:00+00:00,2025-05-16T02:30:00+00:00,23.826,23.293225894343863,24.891548211312276,0.5327741056561379,2.0,2025-05-16T08:30:00+00:00,23.293225894343863,SL,-1.0,0.061908898679337895,-1.061908898679338,24,
ADA,BREAKOUT,LONG,12968,12969,2025-05-16T02:00:00+00:00,2025-05-16T02:15:00+00:00,0.7797,0.7612875603696609,0.816524879260678,0.018412439630339006,2.0,2025-05-16T20:30:00+00:00,0.7612875603696609,SL,-1.0,0.05858491943030484,-1.0585849194303047,73,
LINK,BREAKOUT,LONG,12968,12969,2025-05-16T02:00:00+00:00,2025-05-16T02:15:00+00:00,16.288,15.924457809705059,17.015084380589883,0.3635421902949414,2.0,2025-05-16T20:30:00+00:00,15.924457809705059,SL,-1.0,0.06202504432429091,-1.062025044324291,73,
DOGE,BREAKOUT,LONG,12969,12970,2025-05-16T02:15:00+00:00,2025-05-16T02:30:00+00:00,0.22538,0.21900812711070036,0.23812374577859927,0.006371872889299635,2.0,2025-05-17T00:15:00+00:00,0.21900812711070036,SL,-1.0,0.04881950634951881,-1.0488195063495187,87,
ETH,BREAKOUT,LONG,13212,13213,2025-05-18T15:00:00+00:00,2025-05-18T15:15:00+00:00,2558.37,2527.568262728358,2619.9734745432834,30.80173727164174,2.0,2025-05-18T17:15:00+00:00,2527.568262728358,SL,-1.0,0.11558298652159411,-1.115582986521594,8,
DOGE,BREAKOUT,LONG,13212,13213,2025-05-18T15:00:00+00:00,2025-05-18T15:15:00+00:00,0.23131,0.22703780589893413,0.2398543882021317,0.004272194101065857,2.0,2025-05-18T18:00:00+00:00,0.22703780589893413,SL,-1.0,0.07510039491164683,-1.0751003949116469,11,
DOGE,BREAKOUT,LONG,13247,13248,2025-05-18T23:45:00+00:00,2025-05-19T00:00:00+00:00,0.23297,0.22654463436128275,0.24582073127743453,0.006425365638717262,2.0,2025-05-19T00:30:00+00:00,0.22654463436128275,SL,-1.0,0.05006100230540547,-1.0500610023054056,2,
SUI,BREAKOUT,LONG,13247,13248,2025-05-18T23:45:00+00:00,2025-05-19T00:00:00+00:00,3.9414,3.843698583664166,4.136802832671667,0.09770141633583362,2.0,2025-05-19T00:30:00+00:00,3.843698583664166,SL,-1.0,0.055777789237290674,-1.0557777892372906,2,
DOGE,BREAKOUT,LONG,13308,13309,2025-05-19T15:00:00+00:00,2025-05-19T15:15:00+00:00,0.22201,0.21754076047689264,0.23094847904621477,0.004469239523107377,2.0,2025-05-20T13:45:00+00:00,0.21754076047689264,SL,-1.0,0.06884516498679333,-1.0688451649867934,90,
ETH,BREAKOUT,LONG,13315,13316,2025-05-19T16:45:00+00:00,2025-05-19T17:00:00+00:00,2509.0,2464.2457469444867,2598.5085061110267,44.754253055513345,2.0,2025-05-20T13:45:00+00:00,2464.2457469444867,SL,-1.0,0.07778639537437834,-1.0777863953743783,83,
BTC,BREAKOUT,LONG,13466,13467,2025-05-21T06:30:00+00:00,2025-05-21T06:45:00+00:00,107892.6,106975.49641821557,109726.80716356888,917.1035817844386,2.0,2025-05-21T07:15:00+00:00,106975.49641821557,SL,-1.0,0.16400292233086447,-1.1640029223308646,2,
BTC,BREAKOUT,LONG,13499,13500,2025-05-21T14:45:00+00:00,2025-05-21T15:00:00+00:00,108963.0,107877.61533917171,111133.76932165658,1085.384660828291,2.0,2025-05-21T17:15:00+00:00,107877.61533917171,SL,-1.0,0.1398475915640688,-1.139847591564069,9,
SUI,BREAKOUT,LONG,13506,13507,2025-05-21T16:30:00+00:00,2025-05-21T16:45:00+00:00,4.0533,3.970324975098362,4.219250049803277,0.08297502490163833,2.0,2025-05-21T17:15:00+00:00,3.970324975098362,SL,-1.0,0.06768949438975047,-1.0676894943897506,2,
BNB,BREAKOUT,LONG,13503,13504,2025-05-21T15:45:00+00:00,2025-05-21T16:00:00+00:00,663.57,657.3719629368668,675.9660741262666,6.198037063133256,2.0,2025-05-21T23:15:00+00:00,675.9660741262666,TP,2.0,0.1512858413619052,1.8487141586380949,29,
DOGE,BREAKOUT,LONG,13531,13532,2025-05-21T22:45:00+00:00,2025-05-21T23:00:00+00:00,0.23289,0.22784236896196816,0.24298526207606372,0.005047631038031852,2.0,2025-05-22T01:30:00+00:00,0.24298526207606372,TP,2.0,0.06599386542783647,1.9340061345721635,10,
ETH,BREAKOUT,LONG,13531,13532,2025-05-21T22:45:00+00:00,2025-05-21T23:00:00+00:00,2534.59,2481.818410517522,2640.1331789649566,52.77158948247825,2.0,2025-05-22T03:45:00+00:00,2640.1331789649566,TP,2.0,0.06864121889825175,1.9313587811017483,19,
CRV,BREAKOUT,LONG,13532,13533,2025-05-21T23:00:00+00:00,2025-05-21T23:15:00+00:00,0.739,0.7192494813031247,0.7785010373937505,0.019750518696875274,2.0,2025-05-22T04:15:00+00:00,0.7785010373937505,TP,2.0,0.05378343437348225,1.9462165656265178,20,
CRV,BREAKOUT,LONG,13561,13562,2025-05-22T06:15:00+00:00,2025-05-22T06:30:00+00:00,0.798,0.775459332277877,0.8430813354442461,0.022540667722123042,2.0,2025-05-23T02:30:00+00:00,0.8430813354442461,TP,2.0,0.05096374912103864,1.9490362508789614,80,
BNB,BREAKOUT,LONG,13546,13547,2025-05-22T02:30:00+00:00,2025-05-22T02:45:00+00:00,683.69,676.3149042329319,698.4401915341364,7.37509576706816,2.0,2025-05-23T02:45:00+00:00,689.25,TIME,0.753888515567063,0.13031125701328375,0.6235772585537793,96,
FET,BREAKOUT,LONG,13594,13595,2025-05-22T14:30:00+00:00,2025-05-22T14:45:00+00:00,0.8598,0.8334140927401957,0.9125718145196086,0.026385907259804275,2.0,2025-05-23T03:00:00+00:00,0.9125718145196086,TP,2.0,0.04701980712460554,1.9529801928753945,49,
DOGE,BREAKOUT,LONG,13641,13642,2025-05-23T02:15:00+00:00,2025-05-23T02:30:00+00:00,0.25037,0.24543784916453296,0.26023430167093403,0.004932150835467025,2.0,2025-05-23T04:30:00+00:00,0.24543784916453296,SL,-1.0,0.07036798062205034,-1.0703679806220503,8,
FET,BREAKOUT,LONG,13647,13648,2025-05-23T03:45:00+00:00,2025-05-23T04:00:00+00:00,0.9404,0.9102851263230468,1.0006297473539063,0.030114873676953202,2.0,2025-05-23T06:00:00+00:00,0.9102851263230468,SL,-1.0,0.043017932013361175,-1.0430179320133612,8,
SUI,BREAKOUT,LONG,13641,13642,2025-05-23T02:15:00+00:00,2025-05-23T02:30:00+00:00,3.9263,3.8347515951262277,4.109396809747544,0.09154840487377225,2.0,2025-05-23T06:30:00+00:00,3.8347515951262277,SL,-1.0,0.059342771991265864,-1.0593427719912658,16,
SOL,BREAKOUT,LONG,13913,13914,2025-05-25T22:15:00+00:00,2025-05-25T22:30:00+00:00,173.35,171.25437719142175,177.54124561715648,2.0956228085782413,2.0,2025-05-26T01:00:00+00:00,177.54124561715648,TP,2.0,0.11720805429611214,1.8827919457038877,10,
FET,BREAKOUT,LONG,13914,13915,2025-05-25T22:30:00+00:00,2025-05-25T22:45:00+00:00,0.8373,0.8161005011968,0.8796989976064001,0.021199498803200045,2.0,2025-05-26T03:15:00+00:00,0.8796989976064001,TP,2.0,0.056694703468322304,1.9433052965316777,18,
FET,BREAKOUT,LONG,13941,13942,2025-05-26T05:15:00+00:00,2025-05-26T05:30:00+00:00,0.9049,0.880719779453342,0.9532604410933161,0.024180220546658027,2.0,2025-05-26T16:45:00+00:00,0.880719779453342,SL,-1.0,0.05169240881014603,-1.051692408810146,45,
ETH,BREAKOUT,LONG,14040,14041,2025-05-27T06:00:00+00:00,2025-05-27T06:15:00+00:00,2598.78,2567.988411879829,2660.3631762403425,30.791588120171127,2.0,2025-05-27T06:45:00+00:00,2567.988411879829,SL,-1.0,0.11745863429326037,-1.1174586342932604,2,
BNB,BREAKOUT,LONG,14070,14071,2025-05-27T13:30:00+00:00,2025-05-27T13:45:00+00:00,688.34,683.9439556854268,697.1320886291466,4.39604431457326,2.0,2025-05-27T14:00:00+00:00,697.1320886291466,TP,2.0,0.2206143506846217,1.7793856493153783,1,
CRV,BREAKOUT,LONG,14049,14050,2025-05-27T08:15:00+00:00,2025-05-27T08:30:00+00:00,0.77,0.753023909748874,0.803952180502252,0.016976090251126008,2.0,2025-05-27T17:15:00+00:00,0.803952180502252,TP,2.0,0.0649010761637826,1.9350989238362173,35,
UNI,BREAKOUT,LONG,14034,14035,2025-05-27T04:30:00+00:00,2025-05-27T04:45:00+00:00,6.549,6.422535754693209,6.801928490613583,0.12646424530679123,2.0,2025-05-27T22:00:00+00:00,6.422535754693209,SL,-1.0,0.0717995430744696,-1.0717995430744696,69,
UNI,BREAKOUT,LONG,14142,14143,2025-05-28T07:30:00+00:00,2025-05-28T07:45:00+00:00,6.809,6.6339261034445975,7.159147793110805,0.17507389655540262,2.0,2025-05-28T15:00:00+00:00,6.6339261034445975,SL,-1.0,0.05374900803349278,-1.0537490080334928,29,
UNI,BREAKOUT,LONG,14207,14208,2025-05-28T23:45:00+00:00,2025-05-29T00:00:00+00:00,6.843,6.681049628498177,7.166900743003646,0.16195037150182312,2.0,2025-05-29T00:30:00+00:00,7.166900743003646,TP,2.0,0.06055515914634474,1.9394448408536553,2,
UNI,BREAKOUT,LONG,14217,14218,2025-05-29T02:15:00+00:00,2025-05-29T02:30:00+00:00,7.366,7.128122069522535,7.84175586095493,0.23787793047746497,2.0,2025-05-29T05:45:00+00:00,7.128122069522535,SL,-1.0,0.04265164670089868,-1.0426516467008986,13,
FET,BREAKOUT,LONG,14197,14198,2025-05-28T21:15:00+00:00,2025-05-28T21:30:00+00:00,0.9027,0.8754329557831005,0.9572340884337988,0.027267044216899405,2.0,2025-05-29T13:30:00+00:00,0.8754329557831005,SL,-1.0,0.04564825799038174,-1.0456482579903816,64,
CRV,BREAKOUT,LONG,14210,14211,2025-05-29T00:30:00+00:00,2025-05-29T00:45:00+00:00,0.771,0.7537734308826525,0.8054531382346951,0.017226569117347545,2.0,2025-05-29T13:30:00+00:00,0.7537734308826525,SL,-1.0,0.06195902354944373,-1.0619590235494438,51,
XRP,BREAKOUT,SHORT,14395,14396,2025-05-30T22:45:00+00:00,2025-05-30T23:00:00+00:00,2.1386,2.1694318506412964,2.0769362987174067,0.030831850641296565,2.0,2025-05-31T14:30:00+00:00,2.1694318506412964,SL,-1.0,0.09780866969463535,-1.0978086696946354,62,
XRP,BREAKOUT,SHORT,14604,14605,2025-06-02T03:00:00+00:00,2025-06-02T03:15:00+00:00,2.1527,2.17287453932394,2.1123509213521197,0.02017453932394009,2.0,2025-06-02T04:45:00+00:00,2.17287453932394,SL,-1.0,0.15008531936755068,-1.1500853193675507,6,
ADA,BREAKOUT,SHORT,14628,14629,2025-06-02T09:00:00+00:00,2025-06-02T09:15:00+00:00,0.6665,0.6767640374862496,0.6459719250275008,0.0102640374862496,2.0,2025-06-02T18:15:00+00:00,0.6767640374862496,SL,-1.0,0.09160964459648983,-1.0916096445964898,36,
SOL,BREAKOUT,SHORT,14775,14776,2025-06-03T21:45:00+00:00,2025-06-03T22:00:00+00:00,154.75,157.48510677510535,149.2797864497893,2.7351067751053506,2.0,2025-06-04T02:00:00+00:00,157.48510677510535,SL,-1.0,0.07991080155697217,-1.0799108015569723,16,
CRV,BREAKOUT,SHORT,14841,14842,2025-06-04T14:15:00+00:00,2025-06-04T14:30:00+00:00,0.664,0.6787931073369845,0.6344137853260311,0.014793107336984468,2.0,2025-06-04T15:00:00+00:00,0.6787931073369845,SL,-1.0,0.06354007672112899,-1.063540076721129,2,
LINK,BREAKOUT,SHORT,14922,14923,2025-06-05T10:30:00+00:00,2025-06-05T10:45:00+00:00,13.646,13.817449981906496,13.303100036187011,0.17144998190649474,2.0,2025-06-05T12:00:00+00:00,13.817449981906496,SL,-1.0,0.11212841654202765,-1.1121284165420278,5,
XRP,BREAKOUT,SHORT,14864,14865,2025-06-04T20:00:00+00:00,2025-06-04T20:15:00+00:00,2.2026,2.223681204850286,2.1604375902994275,0.021081204850286195,2.0,2025-06-05T12:45:00+00:00,2.223681204850286,SL,-1.0,0.1469743719772799,-1.1469743719772798,66,
SUI,BREAKOUT,SHORT,14946,14947,2025-06-05T16:30:00+00:00,2025-06-05T16:45:00+00:00,3.0864,3.144324834958836,2.9705503300823275,0.05792483495883616,2.0,2025-06-05T19:15:00+00:00,2.9705503300823275,TP,2.0,0.07319598293323851,1.9268040170667615,10,
XRP,BREAKOUT,SHORT,14946,14947,2025-06-05T16:30:00+00:00,2025-06-05T16:45:00+00:00,2.1694,2.194439146324049,2.119321707351902,0.02503914632404891,2.0,2025-06-05T19:15:00+00:00,2.119321707351902,TP,2.0,0.11989646756698538,1.8801035324330146,10,
DOGE,BREAKOUT,SHORT,14948,14949,2025-06-05T17:00:00+00:00,2025-06-05T17:15:00+00:00,0.18107,0.18513419627564204,0.17294160744871595,0.004064196275642029,2.0,2025-06-05T19:15:00+00:00,0.17294160744871595,TP,2.0,0.060973463978423244,1.9390265360215768,8,
SOL,BREAKOUT,SHORT,14963,14964,2025-06-05T20:45:00+00:00,2025-06-05T21:00:00+00:00,141.74,145.44165197085042,134.3366960582992,3.7016519708504063,2.0,2025-06-06T00:30:00+00:00,145.44165197085042,SL,-1.0,0.05430741678651436,-1.0543074167865143,14,
LINK,BREAKOUT,SHORT,14963,14964,2025-06-05T20:45:00+00:00,2025-06-05T21:00:00+00:00,12.663,13.045280187298745,11.89843962540251,0.38228018729874513,2.0,2025-06-06T02:45:00+00:00,13.045280187298745,SL,-1.0,0.047074885722617185,-1.047074885722617,23,
XRP,BREAKOUT,SHORT,14962,14963,2025-06-05T20:30:00+00:00,2025-06-05T20:45:00+00:00,2.0671,2.110915881071807,1.979468237856386,0.043815881071807006,2.0,2025-06-06T03:15:00+00:00,2.110915881071807,SL,-1.0,0.06674774180524429,-1.0667477418052442,26,
AVAX,BREAKOUT,SHORT,14963,14964,2025-06-05T20:45:00+00:00,2025-06-05T21:00:00+00:00,18.468,19.010363094002,17.383273811996002,0.542363094001999,2.0,2025-06-06T03:15:00+00:00,19.010363094002,SL,-1.0,0.04837138525082738,-1.0483713852508274,25,
ADA,BREAKOUT,SHORT,14963,14964,2025-06-05T20:45:00+00:00,2025-06-05T21:00:00+00:00,0.6195,0.6364642274319514,0.5855715451360973,0.016964227431951362,2.0,2025-06-06T03:45:00+00:00,0.6364642274319514,SL,-1.0,0.051825228276914014,-1.051825228276914,27,
AVAX,BREAKOUT,SHORT,15206,15207,2025-06-08T09:30:00+00:00,2025-06-08T09:45:00+00:00,20.178,20.447410890217583,19.639178219564837,0.269410890217582,2.0,2025-06-08T11:15:00+00:00,20.447410890217583,SL,-1.0,0.10555544952242032,-1.1055554495224202,6,
AVAX,BREAKOUT,SHORT,15264,15265,2025-06-09T00:00:00+00:00,2025-06-09T00:15:00+00:00,21.02,21.317430832098086,20.425138335803826,0.29743083209808674,2.0,2025-06-09T05:00:00+00:00,20.425138335803826,TP,2.0,0.09754065047800839,1.9024593495219917,19,
XRP,BREAKOUT,SHORT,15256,15257,2025-06-08T22:00:00+00:00,2025-06-08T22:15:00+00:00,2.2675,2.290512597743452,2.221474804513096,0.0230125977434521,2.0,2025-06-09T06:00:00+00:00,2.221474804513096,TP,2.0,0.13654618214726574,1.8634538178527342,31,
AVAX,BREAKOUT,SHORT,15287,15288,2025-06-09T05:45:00+00:00,2025-06-09T06:00:00+00:00,20.274,20.534364162049144,19.753271675901715,0.26036416204914303,2.0,2025-06-09T09:30:00+00:00,20.534364162049144,SL,-1.0,0.10971500335765363,-1.1097150033576537,14,
CRV,BREAKOUT,SHORT,15287,15288,2025-06-09T05:45:00+00:00,2025-06-09T06:00:00+00:00,0.639,0.6485867831342906,0.6198264337314188,0.009586783134290622,2.0,2025-06-09T09:30:00+00:00,0.6485867831342906,SL,-1.0,0.09401597340510782,-1.0940159734051078,14,
LINK,BREAKOUT,SHORT,15288,15289,2025-06-09T06:00:00+00:00,2025-06-09T06:15:00+00:00,13.551,13.68751419858194,13.27797160283612,0.13651419858194025,2.0,2025-06-09T09:30:00+00:00,13.68751419858194,SL,-1.0,0.13967015985932593,-1.139670159859326,13,
SOL,BREAKOUT,SHORT,15260,15261,2025-06-08T23:00:00+00:00,2025-06-08T23:15:00+00:00,152.55,154.13895964967716,149.3720807006457,1.5889596496771503,2.0,2025-06-09T09:45:00+00:00,154.13895964967716,SL,-1.0,0.13510869945526546,-1.1351086994552655,42,
BTC,BREAKOUT,LONG,15333,15334,2025-06-09T17:15:00+00:00,2025-06-09T17:30:00+00:00,108269.9,107434.03757277298,109941.62485445401,835.8624272270099,2.0,2025-06-09T21:15:00+00:00,109941.62485445401,TP,2.0,0.18274307161390485,1.817256928386095,15,
SOL,BREAKOUT,SHORT,15382,15383,2025-06-10T05:30:00+00:00,2025-06-10T05:45:00+00:00,158.02,159.7561102785561,154.54777944288784,1.7361102785560831,2.0,2025-06-10T11:30:00+00:00,159.7561102785561,SL,-1.0,0.12812738910802057,-1.1281273891080206,23,
UNI,BREAKOUT,LONG,15455,15456,2025-06-10T23:45:00+00:00,2025-06-11T00:00:00+00:00,8.666,8.378369906473765,9.241260187052472,0.2876300935262357,2.0,2025-06-11T00:45:00+00:00,8.378369906473765,SL,-1.0,0.041480565500853495,-1.0414805655008534,3,
BNB,BREAKOUT,LONG,15445,15446,2025-06-10T21:15:00+00:00,2025-06-10T21:30:00+00:00,671.85,667.4755108742496,680.5989782515009,4.374489125750415,2.0,2025-06-11T11:00:00+00:00,667.4755108742496,SL,-1.0,0.21431710781796676,-1.2143171078179669,54,
BTC,BREAKOUT,LONG,15437,15438,2025-06-10T19:15:00+00:00,2025-06-10T19:30:00+00:00,109991.9,109130.86547523542,111713.96904952914,861.0345247645746,2.0,2025-06-11T12:00:00+00:00,109130.86547523542,SL,-1.0,0.1781414466215554,-1.1781414466215554,66,
BTC,BREAKOUT,LONG,15621,15622,2025-06-12T17:15:00+00:00,2025-06-12T17:30:00+00:00,108119.0,107291.50756084041,109773.98487831917,827.492439159585,2.0,2025-06-12T18:45:00+00:00,107291.50756084041,SL,-1.0,0.18222203389040073,-1.1822220338904008,5,
CRV,BREAKOUT,SHORT,15636,15637,2025-06-12T21:00:00+00:00,2025-06-12T21:15:00+00:00,0.626,0.643806417712098,0.590387164575804,0.01780641771209801,2.0,2025-06-13T00:30:00+00:00,0.590387164575804,TP,2.0,0.04781820964609616,1.9521817903539038,13,
CRV,BREAKOUT,SHORT,15653,15654,2025-06-13T01:15:00+00:00,2025-06-13T01:30:00+00:00,0.569,0.5940478199322806,0.5189043601354386,0.02504781993228067,2.0,2025-06-13T07:15:00+00:00,0.5940478199322806,SL,-1.0,0.03250316698833228,-1.0325031669883322,23,
BTC,BREAKOUT,LONG,15680,15681,2025-06-13T08:00:00+00:00,2025-06-13T08:15:00+00:00,105343.1,104274.11138378161,107481.0772324368,1068.9886162183975,2.0,2025-06-13T14:15:00+00:00,104274.11138378161,SL,-1.0,0.13726249816178526,-1.1372624981617854,24,
BNB,BREAKOUT,LONG,15677,15678,2025-06-13T07:15:00+00:00,2025-06-13T07:30:00+00:00,653.33,647.796186780909,664.3976264381821,5.53381321909103,2.0,2025-06-14T07:30:00+00:00,651.73,TIME,-0.2891315511843088,0.16508363470750753,-0.4542151858918163,96,
UNI,BREAKOUT,LONG,15708,15709,2025-06-13T15:00:00+00:00,2025-06-13T15:15:00+00:00,7.449,7.220379777081832,7.906240445836335,0.22862022291816775,2.0,2025-06-14T15:15:00+00:00,7.247,TIME,-0.8835613814981879,0.04499689427598099,-0.9285582757741688,96,
BTC,BREAKOUT,LONG,15709,15710,2025-06-13T15:15:00+00:00,2025-06-13T15:30:00+00:00,105592.1,104565.91044916178,107644.47910167646,1026.1895508382295,2.0,2025-06-14T15:30:00+00:00,104690.5,TIME,-0.8785901194019621,0.14344116043645483,-1.022031279838417,96,
ADA,BREAKOUT,SHORT,15921,15922,2025-06-15T20:15:00+00:00,2025-06-15T20:30:00+00:00,0.6241,0.6307331290230513,0.6108337419538973,0.006633129023051354,2.0,2025-06-15T22:00:00+00:00,0.6307331290230513,SL,-1.0,0.13242365515032067,-1.1324236551503206,6,
CRV,BREAKOUT,SHORT,15922,15923,2025-06-15T20:30:00+00:00,2025-06-15T20:45:00+00:00,0.575,0.5870851174958601,0.5508297650082796,0.012085117495860165,2.0,2025-06-15T22:00:00+00:00,0.5870851174958601,SL,-1.0,0.0673108542408262,-1.0673108542408263,5,
DOGE,BREAKOUT,SHORT,15922,15923,2025-06-15T20:30:00+00:00,2025-06-15T20:45:00+00:00,0.17164,0.1740637226609017,0.16679255467819656,0.0024237226609017115,2.0,2025-06-15T22:00:00+00:00,0.1740637226609017,SL,-1.0,0.09984335657141616,-1.099843356571416,5,
FET,BREAKOUT,SHORT,15922,15923,2025-06-15T20:30:00+00:00,2025-06-15T20:45:00+00:00,0.6737,0.6886233093352371,0.6438533813295257,0.014923309335237112,2.0,2025-06-15T22:00:00+00:00,0.6886233093352371,SL,-1.0,0.06390179919965548,-1.0639017991996556,5,
LINK,BREAKOUT,SHORT,15922,15923,2025-06-15T20:30:00+00:00,2025-06-15T20:45:00+00:00,12.999,13.15954450740367,12.677910985192662,0.1605445074036691,2.0,2025-06-15T22:00:00+00:00,13.15954450740367,SL,-1.0,0.11405548188043516,-1.1140554818804351,5,
FET,BREAKOUT,SHORT,16031,16032,2025-06-16T23:45:00+00:00,2025-06-17T00:00:00+00:00,0.6933,0.7094337501323871,0.6610324997352259,0.016133750132387048,2.0,2025-06-17T15:00:00+00:00,0.6610324997352259,TP,2.0,0.05876084245978051,1.9412391575402195,60,
ADA,BREAKOUT,SHORT,16066,16067,2025-06-17T08:30:00+00:00,2025-06-17T08:45:00+00:00,0.6256,0.6336391471011781,0.609521705797644,0.008039147101178035,2.0,2025-06-17T15:15:00+00:00,0.609521705797644,TP,2.0,0.10754688067987422,1.8924531193201257,26,
CRV,BREAKOUT,SHORT,16067,16068,2025-06-17T08:45:00+00:00,2025-06-17T09:00:00+00:00,0.591,0.6032934102507296,0.5664131794985408,0.012293410250729608,2.0,2025-06-17T15:15:00+00:00,0.5664131794985408,TP,2.0,0.06590435112184548,1.9340956488781544,25,
DOGE,BREAKOUT,SHORT,16067,16068,2025-06-17T08:45:00+00:00,2025-06-17T09:00:00+00:00,0.17241,0.17458323322552988,0.16806353354894027,0.002173233225529869,2.0,2025-06-17T15:15:00+00:00,0.16806353354894027,TP,2.0,0.10966677238525523,1.8903332276147449,25,
LINK,BREAKOUT,SHORT,16067,16068,2025-06-17T08:45:00+00:00,2025-06-17T09:00:00+00:00,13.376,13.57103019493766,12.98593961012468,0.19503019493765983,2.0,2025-06-17T15:15:00+00:00,12.98593961012468,TP,2.0,0.09461795253286688,1.905382047467133,25,
CRV,BREAKOUT,SHORT,16100,16101,2025-06-17T17:00:00+00:00,2025-06-17T17:15:00+00:00,0.556,0.5708427803298637,0.5263144393402728,0.014842780329863636,2.0,2025-06-17T18:00:00+00:00,0.5708427803298637,SL,-1.0,0.0531430047943148,-1.0531430047943149,3,
FET,BREAKOUT,SHORT,16100,16101,2025-06-17T17:00:00+00:00,2025-06-17T17:15:00+00:00,0.6412,0.6574413820860411,0.6087172358279178,0.01624138208604109,2.0,2025-06-17T18:45:00+00:00,0.6574413820860411,SL,-1.0,0.05597115828224527,-1.0559711582822453,6,
LINK,BREAKOUT,SHORT,16100,16101,2025-06-17T17:00:00+00:00,2025-06-17T17:15:00+00:00,12.824,13.077848995261913,12.316302009476173,0.2538489952619134,2.0,2025-06-17T19:00:00+00:00,13.077848995261913,SL,-1.0,0.07142551136740187,-1.0714255113674018,7,
SOL,BREAKOUT,SHORT,16100,16101,2025-06-17T17:00:00+00:00,2025-06-17T17:15:00+00:00,145.78,148.23362016219693,140.87275967560615,2.453620162196927,2.0,2025-06-17T19:00:00+00:00,148.23362016219693,SL,-1.0,0.08387994901756093,-1.083879949017561,7,
SUI,BREAKOUT,SHORT,16100,16101,2025-06-17T17:00:00+00:00,2025-06-17T17:15:00+00:00,2.8072,2.8718097041074397,2.6779805917851203,0.06460970410743982,2.0,2025-06-17T19:00:00+00:00,2.8718097041074397,SL,-1.0,0.06152801421694563,-1.0615280142169456,7,
SUI,BREAKOUT,SHORT,16161,16162,2025-06-18T08:15:00+00:00,2025-06-18T08:30:00+00:00,2.8159,2.8654602830208393,2.7167794339583216,0.04956028302083926,2.0,2025-06-18T10:30:00+00:00,2.7167794339583216,TP,2.0,0.07814474348627805,1.921855256513722,8,
FET,BREAKOUT,SHORT,16181,16182,2025-06-18T13:15:00+00:00,2025-06-18T13:30:00+00:00,0.6349,0.6472573076225747,0.6101853847548506,0.012357307622574698,2.0,2025-06-18T13:45:00+00:00,0.6472573076225747,SL,-1.0,0.07262990796605275,-1.0726299079660528,1,
LINK,BREAKOUT,SHORT,16171,16172,2025-06-18T10:45:00+00:00,2025-06-18T11:00:00+00:00,12.713,12.878482130724963,12.382035738550071,0.1654821307249641,2.0,2025-06-18T14:00:00+00:00,12.878482130724963,SL,-1.0,0.1082536066766091,-1.108253606676609,12,
ADA,BREAKOUT,SHORT,16181,16182,2025-06-18T13:15:00+00:00,2025-06-18T13:30:00+00:00,0.5925,0.6009314931021293,0.5756370137957414,0.008431493102129317,2.0,2025-06-18T14:00:00+00:00,0.6009314931021293,SL,-1.0,0.09908115147013705,-1.099081151470137,2,
UNI,BREAKOUT,LONG,16185,16186,2025-06-18T14:15:00+00:00,2025-06-18T14:30:00+00:00,7.508,7.281124020610809,7.961751958778382,0.2268759793891908,2.0,2025-06-19T14:30:00+00:00,7.546,TIME,0.16749238990529605,0.04644740279852676,0.1210449871067693,96,
UNI,BREAKOUT,LONG,16352,16353,2025-06-20T08:00:00+00:00,2025-06-20T08:15:00+00:00,7.932,7.737338799423004,8.321322401153994,0.19466120057699676,2.0,2025-06-20T09:30:00+00:00,7.737338799423004,SL,-1.0,0.05634680730974728,-1.0563468073097473,5,
ADA,BREAKOUT,SHORT,16377,16378,2025-06-20T14:15:00+00:00,2025-06-20T14:30:00+00:00,0.5955,0.6033014032242632,0.5798971935514737,0.007801403224263148,2.0,2025-06-20T16:00:00+00:00,0.5798971935514737,TP,2.0,0.10546539024250269,1.8945346097574973,6,
DOGE,BREAKOUT,SHORT,16377,16378,2025-06-20T14:15:00+00:00,2025-06-20T14:30:00+00:00,0.16848,0.17060022874364383,0.1642395425127123,0.0021202287436438427,2.0,2025-06-20T16:15:00+00:00,0.1642395425127123,TP,2.0,0.10984837388754028,1.8901516261124598,7,
XRP,BREAKOUT,SHORT,16377,16378,2025-06-20T14:15:00+00:00,2025-06-20T14:30:00+00:00,2.1516,2.1697470945390127,2.115305810921975,0.01814709453901253,2.0,2025-06-20T16:15:00+00:00,2.115305810921975,TP,2.0,0.16459020815835296,1.835409791841647,7,
AVAX,BREAKOUT,SHORT,16378,16379,2025-06-20T14:30:00+00:00,2025-06-20T14:45:00+00:00,17.972,18.215382301059503,17.485235397881,0.24338230105950132,2.0,2025-06-20T16:15:00+00:00,17.485235397881,TP,2.0,0.10197974409178083,1.898020255908219,6,
LINK,BREAKOUT,SHORT,16377,16378,2025-06-20T14:15:00+00:00,2025-06-20T14:30:00+00:00,13.004,13.165673809369704,12.680652381260591,0.1616738093697041,2.0,2025-06-20T17:15:00+00:00,12.680652381260591,TP,2.0,0.11120698359849204,1.8887930164015079,11,
AVAX,BREAKOUT,SHORT,16389,16390,2025-06-20T17:15:00+00:00,2025-06-20T17:30:00+00:00,17.144,17.51637616424719,16.399247671505613,0.3723761642471928,2.0,2025-06-20T20:00:00+00:00,17.51637616424719,SL,-1.0,0.06515525332837127,-1.0651552533283712,10,
SUI,BREAKOUT,SHORT,16472,16473,2025-06-21T14:00:00+00:00,2025-06-21T14:15:00+00:00,2.6583,2.694412943714585,2.5860741125708304,0.036112943714584844,2.0,2025-06-21T17:30:00+00:00,2.5860741125708304,TP,2.0,0.10165501621284223,1.8983449837871578,13,
XRP,BREAKOUT,SHORT,16495,16496,2025-06-21T19:45:00+00:00,2025-06-21T20:00:00+00:00,2.0697,2.092211354440587,2.0246772911188264,0.022511354440586828,2.0,2025-06-21T20:45:00+00:00,2.092211354440587,SL,-1.0,0.1294163776683206,-1.1294163776683206,3,
CRV,BREAKOUT,SHORT,16492,16493,2025-06-21T19:00:00+00:00,2025-06-21T19:15:00+00:00,0.554,0.5669561892431726,0.528087621513655,0.012956189243172545,2.0,2025-06-21T21:30:00+00:00,0.528087621513655,TP,2.0,0.05846328120428729,1.9415367187957127,9,
ADA,BREAKOUT,SHORT,16493,16494,2025-06-21T19:15:00+00:00,2025-06-21T19:30:00+00:00,0.5656,0.5740306429600818,0.5487387140798364,0.00843064296008178,2.0,2025-06-21T21:30:00+00:00,0.5487387140798364,TP,2.0,0.0925240344715439,1.907475965528456,8,
FET,BREAKOUT,SHORT,16495,16496,2025-06-21T19:45:00+00:00,2025-06-21T20:00:00+00:00,0.6124,0.62613163520378,0.5849367295924401,0.013731635203779957,2.0,2025-06-22T13:15:00+00:00,0.5849367295924401,TP,2.0,0.06103684654279131,1.9389631534572087,69,
XRP,BREAKOUT,SHORT,16570,16571,2025-06-22T14:30:00+00:00,2025-06-22T14:45:00+00:00,1.9292,1.980353216119025,1.8268935677619502,0.0511532161190249,2.0,2025-06-22T17:00:00+00:00,1.980353216119025,SL,-1.0,0.05349980820200059,-1.0534998082020006,9,
BTC,BREAKOUT,SHORT,16570,16571,2025-06-22T14:30:00+00:00,2025-06-22T14:45:00+00:00,99113.3,100386.89328742943,96566.11342514116,1273.593287429423,2.0,2025-06-22T22:00:00+00:00,100386.89328742943,SL,-1.0,0.10965049571128443,-1.1096504957112845,29,
ADA,BREAKOUT,SHORT,16570,16571,2025-06-22T14:30:00+00:00,2025-06-22T14:45:00+00:00,0.5231,0.538203114347928,0.492893771304144,0.015103114347927993,2.0,2025-06-22T22:30:00+00:00,0.538203114347928,SL,-1.0,0.049189336909540804,-1.0491893369095409,31,
LINK,BREAKOUT,SHORT,16591,16592,2025-06-22T19:45:00+00:00,2025-06-22T20:00:00+00:00,11.221,11.494252475405686,10.674495049188629,0.27325247540568576,2.0,2025-06-22T22:30:00+00:00,11.494252475405686,SL,-1.0,0.058190421547607035,-1.058190421547607,10,
BNB,BREAKOUT,SHORT,16570,16571,2025-06-22T14:30:00+00:00,2025-06-22T14:45:00+00:00,609.45,616.9535961119345,594.4428077761311,7.503596111934485,2.0,2025-06-23T00:15:00+00:00,616.9535961119345,SL,-1.0,0.11440947839835568,-1.1144094783983556,38,
ETH,BREAKOUT,SHORT,16673,16674,2025-06-23T16:15:00+00:00,2025-06-23T16:30:00+00:00,2209.72,2255.605610721761,2117.9487785564775,45.88561072176117,2.0,2025-06-23T17:00:00+00:00,2255.605610721761,SL,-1.0,0.0681200027271918,-1.0681200027271918,2,
SOL,BREAKOUT,SHORT,16673,16674,2025-06-23T16:15:00+00:00,2025-06-23T16:30:00+00:00,131.47,134.1887998770499,126.03240024590022,2.7187998770498893,2.0,2025-06-23T17:00:00+00:00,134.1887998770499,SL,-1.0,0.06839825228906414,-1.068398252289064,2,
CRV,BREAKOUT,SHORT,16672,16673,2025-06-23T16:00:00+00:00,2025-06-23T16:15:00+00:00,0.517,0.5318847911320741,0.48723041773585185,0.014884791132074082,2.0,2025-06-23T17:15:00+00:00,0.5318847911320741,SL,-1.0,0.04932681602836465,-1.0493268160283646,4,
ADA,BREAKOUT,SHORT,16673,16674,2025-06-23T16:15:00+00:00,2025-06-23T16:30:00+00:00,0.5318,0.5437477745954976,0.5079044508090049,0.011947774595497562,2.0,2025-06-23T17:15:00+00:00,0.5437477745954976,SL,-1.0,0.0630145334764323,-1.0630145334764323,3,
FET,BREAKOUT,SHORT,16673,16674,2025-06-23T16:15:00+00:00,2025-06-23T16:30:00+00:00,0.5804,0.5968931254139639,0.5474137491720723,0.01649312541396386,2.0,2025-06-23T17:15:00+00:00,0.5968931254139639,SL,-1.0,0.04996658711465616,-1.0499665871146562,3,
BNB,BREAKOUT,SHORT,16862,16863,2025-06-25T15:30:00+00:00,2025-06-25T15:45:00+00:00,642.58,646.5953856613843,634.5492286772316,4.015385661384244,2.0,2025-06-25T19:00:00+00:00,646.5953856613843,SL,-1.0,0.22474124431969814,-1.224741244319698,13,
ADA,BREAKOUT,SHORT,16863,16864,2025-06-25T15:45:00+00:00,2025-06-25T16:00:00+00:00,0.567,0.576583511246359,0.5478329775072819,0.009583511246359033,2.0,2025-06-26T02:45:00+00:00,0.576583511246359,SL,-1.0,0.08352976662667146,-1.0835297666266714,43,
FET,BREAKOUT,SHORT,16863,16864,2025-06-25T15:45:00+00:00,2025-06-25T16:00:00+00:00,0.6593,0.6742498886238304,0.6294002227523392,0.014949888623830399,2.0,2025-06-26T03:00:00+00:00,0.6742498886238304,SL,-1.0,0.06244092819184546,-1.0624409281918454,44,
SUI,BREAKOUT,SHORT,16932,16933,2025-06-26T09:00:00+00:00,2025-06-26T09:15:00+00:00,2.6729,2.7211890850307006,2.5763218299385984,0.04828908503070073,2.0,2025-06-26T21:30:00+00:00,2.5763218299385984,TP,2.0,0.07609287437566713,1.923907125624333,49,
SOL,BREAKOUT,SHORT,16988,16989,2025-06-26T23:00:00+00:00,2025-06-26T23:15:00+00:00,138.58,140.89730897457628,133.94538205084748,2.317308974576264,2.0,2025-06-27T02:45:00+00:00,140.89730897457628,SL,-1.0,0.08442297441927289,-1.0844229744192728,14,
FET,BREAKOUT,SHORT,17022,17023,2025-06-27T07:30:00+00:00,2025-06-27T07:45:00+00:00,0.6571,0.6709106689639421,0.6294786620721158,0.013810668963942119,2.0,2025-06-27T08:45:00+00:00,0.6709106689639421,SL,-1.0,0.06731082112690161,-1.0673108211269016,4,
AVAX,BREAKOUT,SHORT,17242,17243,2025-06-29T14:30:00+00:00,2025-06-29T14:45:00+00:00,17.901,18.050533004611836,17.601933990776327,0.14953300461183616,2.0,2025-06-29T18:45:00+00:00,18.050533004611836,SL,-1.0,0.16829778261030331,-1.1682977826103034,16,
ADA,BREAKOUT,SHORT,17243,17244,2025-06-29T14:45:00+00:00,2025-06-29T15:00:00+00:00,0.5597,0.5646261350891081,0.5498477298217838,0.004926135089108108,2.0,2025-06-29T22:00:00+00:00,0.5646261350891081,SL,-1.0,0.15976587737159875,-1.1597658773715986,28,
BTC,BREAKOUT,LONG,17274,17275,2025-06-29T22:30:00+00:00,2025-06-29T22:45:00+00:00,108081.0,107625.76712985846,108991.46574028308,455.232870141539,2.0,2025-06-30T06:45:00+00:00,107625.76712985846,SL,-1.0,0.331686806675349,-1.331686806675349,32,
ADA,BREAKOUT,SHORT,17397,17398,2025-07-01T05:15:00+00:00,2025-07-01T05:30:00+00:00,0.5617,0.5689441332992186,0.5472117334015628,0.00724413329921858,2.0,2025-07-01T13:30:00+00:00,0.5472117334015628,TP,2.0,0.10715404884457694,1.892845951155423,32,
ADA,BREAKOUT,SHORT,17434,17435,2025-07-01T14:30:00+00:00,2025-07-01T14:45:00+00:00,0.5451,0.5542148065472546,0.5268703869054908,0.009114806547254606,2.0,2025-07-01T16:45:00+00:00,0.5542148065472546,SL,-1.0,0.0844253095876027,-1.0844253095876026,8,
BTC,BREAKOUT,LONG,17491,17492,2025-07-02T04:45:00+00:00,2025-07-02T05:00:00+00:00,106344.0,105894.3990254945,107243.20194901101,449.6009745055053,2.0,2025-07-02T08:00:00+00:00,107243.20194901101,TP,2.0,0.3325416310068006,1.6674583689931994,12,
BNB,BREAKOUT,LONG,17532,17533,2025-07-02T15:00:00+00:00,2025-07-02T15:15:00+00:00,661.01,658.0879362946721,666.8541274106558,2.9220637053279006,2.0,2025-07-03T15:15:00+00:00,659.99,TIME,-0.3490683649847128,0.31645442853075456,-0.6655227935154673,96,
CRV,BREAKOUT,SHORT,17690,17691,2025-07-04T06:30:00+00:00,2025-07-04T06:45:00+00:00,0.514,0.5235061490565592,0.49498770188688157,0.009506149056559221,2.0,2025-07-04T16:15:00+00:00,0.49498770188688157,TP,2.0,0.07429837120358193,1.9257016287964182,38,
XRP,BREAKOUT,LONG,17897,17898,2025-07-06T10:15:00+00:00,2025-07-06T10:30:00+00:00,2.2708,2.252034118547892,2.3083317629042157,0.01876588145210789,2.0,2025-07-06T18:30:00+00:00,2.252034118547892,SL,-1.0,0.1687095749306198,-1.1687095749306198,32,
UNI,BREAKOUT,LONG,17943,17944,2025-07-06T21:45:00+00:00,2025-07-06T22:00:00+00:00,7.502,7.401086417134784,7.703827165730432,0.1009135828652159,2.0,2025-07-06T23:15:00+00:00,7.401086417134784,SL,-1.0,0.10337716881906717,-1.1033771688190672,5,
XRP,BREAKOUT,LONG,17991,17992,2025-07-07T09:45:00+00:00,2025-07-07T10:00:00+00:00,2.28,2.2660549570717454,2.3078900858565086,0.01394504292825438,2.0,2025-07-07T13:45:00+00:00,2.3078900858565086,TP,2.0,0.2302985424012294,1.7697014575987706,15,
BNB,BREAKOUT,LONG,17911,17912,2025-07-06T13:45:00+00:00,2025-07-06T14:00:00+00:00,661.4,659.2322138893146,665.7355722213707,2.1677861106853697,2.0,2025-07-07T14:00:00+00:00,660.9,TIME,-0.23065006161605095,0.4269840070648659,-0.6576340686809168,96,
BTC,BREAKOUT,LONG,18050,18051,2025-07-08T00:30:00+00:00,2025-07-08T00:45:00+00:00,108469.5,108007.63431966379,109393.23136067242,461.86568033621006,2.0,2025-07-08T01:15:00+00:00,108007.63431966379,SL,-1.0,0.32809104567686687,-1.3280910456768669,2,
BNB,BREAKOUT,LONG,18049,18050,2025-07-08T00:15:00+00:00,2025-07-08T00:30:00+00:00,662.46,660.1525546358404,667.0748907283194,2.307445364159662,2.0,2025-07-08T01:30:00+00:00,660.1525546358404,SL,-1.0,0.4012354106517541,-1.4012354106517542,4,
UNI,BREAKOUT,LONG,18095,18096,2025-07-08T11:45:00+00:00,2025-07-08T12:00:00+00:00,7.62,7.48969790060116,7.88060419879768,0.13030209939883974,2.0,2025-07-09T10:30:00+00:00,7.88060419879768,TP,2.0,0.08327128257501423,1.9167287174249859,90,
XRP,BREAKOUT,LONG,18193,18194,2025-07-09T12:15:00+00:00,2025-07-09T12:30:00+00:00,2.3947,2.3677160545402227,2.448667890919554,0.026983945459777114,2.0,2025-07-09T13:45:00+00:00,2.3677160545402227,SL,-1.0,0.1235435063840991,-1.123543506384099,5,
UNI,BREAKOUT,LONG,18192,18193,2025-07-09T12:00:00+00:00,2025-07-09T12:15:00+00:00,8.023,7.891976189317102,8.285047621365795,0.1310238106828976,2.0,2025-07-09T14:15:00+00:00,8.285047621365795,TP,2.0,0.08712640302138706,1.912873596978613,8,
XRP,BREAKOUT,LONG,18222,18223,2025-07-09T19:30:00+00:00,2025-07-09T19:45:00+00:00,2.4126,2.3842349102918243,2.469330179416351,0.028365089708175528,2.0,2025-07-09T20:15:00+00:00,2.3842349102918243,SL,-1.0,0.1183773600489083,-1.1183773600489082,2,
UNI,BREAKOUT,LONG,18222,18223,2025-07-09T19:30:00+00:00,2025-07-09T19:45:00+00:00,8.366,8.2146545320893,8.668690935821399,0.15134546791069958,2.0,2025-07-10T00:15:00+00:00,8.2146545320893,SL,-1.0,0.07668850830281104,-1.076688508302811,18,
BNB,BREAKOUT,LONG,18258,18259,2025-07-10T04:30:00+00:00,2025-07-10T04:45:00+00:00,672.87,670.0810732001809,678.4478535996383,2.788926799819137,2.0,2025-07-10T06:45:00+00:00,670.0810732001809,SL,-1.0,0.33707078697837833,-1.3370707869783782,8,
UNI,BREAKOUT,LONG,18268,18269,2025-07-10T07:00:00+00:00,2025-07-10T07:15:00+00:00,8.407,8.263721629810473,8.693556740379055,0.1432783701895275,2.0,2025-07-10T10:45:00+00:00,8.263721629810473,SL,-1.0,0.08144638388495766,-1.0814463838849577,14,
XRP,BREAKOUT,LONG,18247,18248,2025-07-10T01:45:00+00:00,2025-07-10T02:00:00+00:00,2.4305,2.403371212661194,2.484757574677612,0.02712878733880597,2.0,2025-07-10T17:00:00+00:00,2.484757574677612,TP,2.0,0.1268276484055245,1.8731723515944756,60,
BNB,BREAKOUT,LONG,18307,18308,2025-07-10T16:45:00+00:00,2025-07-10T17:00:00+00:00,672.03,668.6595363942688,678.7709272114623,3.3704636057311745,2.0,2025-07-10T19:00:00+00:00,678.7709272114623,TP,2.0,0.280543201071859,1.719456798928141,8,
BTC,BREAKOUT,LONG,18305,18306,2025-07-10T16:15:00+00:00,2025-07-10T16:30:00+00:00,112345.3,111526.3759411748,113983.1481176504,818.9240588251996,2.0,2025-07-10T21:15:00+00:00,113983.1481176504,TP,2.0,0.19346105658396873,1.8065389434160313,19,
ETH,BREAKOUT,LONG,18306,18307,2025-07-10T16:30:00+00:00,2025-07-10T16:45:00+00:00,2804.56,2768.4569219283085,2876.766156143383,36.10307807169147,2.0,2025-07-10T21:15:00+00:00,2876.766156143383,TP,2.0,0.11015482672705099,1.889845173272949,18,
LINK,BREAKOUT,LONG,18307,18308,2025-07-10T16:45:00+00:00,2025-07-10T17:00:00+00:00,14.528,14.333317694048047,14.917364611903908,0.1946823059519538,2.0,2025-07-10T21:15:00+00:00,14.917364611903908,TP,2.0,0.10587379848181772,1.8941262015181823,17,
LINK,BREAKOUT,LONG,18356,18357,2025-07-11T05:00:00+00:00,2025-07-11T05:15:00+00:00,15.503,15.30213196397138,15.90473607205724,0.2008680360286199,2.0,2025-07-11T06:45:00+00:00,15.30213196397138,SL,-1.0,0.10735203470455379,-1.1073520347045538,6,
SUI,BREAKOUT,LONG,18358,18359,2025-07-11T05:30:00+00:00,2025-07-11T05:45:00+00:00,3.5285,3.4655858959077452,3.65432820818451,0.06291410409225495,2.0,2025-07-11T06:45:00+00:00,3.4655858959077452,SL,-1.0,0.07781816490554028,-1.0778181649055403,4,
XRP,BREAKOUT,LONG,18345,18346,2025-07-11T02:15:00+00:00,2025-07-11T02:30:00+00:00,2.5828,2.5452446562470556,2.6579106875058893,0.03755534375294456,2.0,2025-07-11T11:00:00+00:00,2.6579106875058893,TP,2.0,0.09768243649657689,1.902317563503423,34,
BTC,BREAKOUT,LONG,18358,18359,2025-07-11T05:30:00+00:00,2025-07-11T05:45:00+00:00,117926.4,117021.99704069598,119735.20591860803,904.4029593040177,2.0,2025-07-11T15:45:00+00:00,117021.99704069598,SL,-1.0,0.18184800949241717,-1.181848009492417,40,
DOGE,BREAKOUT,LONG,18394,18395,2025-07-11T14:30:00+00:00,2025-07-11T14:45:00+00:00,0.20599,0.2004379721132395,0.21709405577352103,0.005552027886760513,2.0,2025-07-11T15:45:00+00:00,0.2004379721132395,SL,-1.0,0.05124246244470269,-1.0512424624447028,4,
LINK,BREAKOUT,LONG,18394,18395,2025-07-11T14:30:00+00:00,2025-07-11T14:45:00+00:00,15.828,15.525515177556434,16.43296964488713,0.30248482244356545,2.0,2025-07-11T15:45:00+00:00,15.525515177556434,SL,-1.0,0.07255722930820516,-1.072557229308205,4,
SUI,BREAKOUT,LONG,18394,18395,2025-07-11T14:30:00+00:00,2025-07-11T14:45:00+00:00,3.5645,3.4895056895799894,3.7144886208400205,0.07499431042001037,2.0,2025-07-11T15:45:00+00:00,3.4895056895799894,SL,-1.0,0.0658423813093488,-1.0658423813093487,4,
AVAX,BREAKOUT,LONG,18604,18605,2025-07-13T19:00:00+00:00,2025-07-13T19:15:00+00:00,21.715,21.36065727847485,22.4236854430503,0.3543427215251498,2.0,2025-07-13T21:15:00+00:00,21.36065727847485,SL,-1.0,0.08509546905648029,-1.0850954690564802,8,
UNI,BREAKOUT,LONG,18638,18639,2025-07-14T03:30:00+00:00,2025-07-14T03:45:00+00:00,8.878,8.68190218393116,9.270195632137682,0.1960978160688409,2.0,2025-07-14T04:15:00+00:00,9.270195632137682,TP,2.0,0.06478265386717351,1.9352173461328266,2,
AVAX,BREAKOUT,LONG,18638,18639,2025-07-14T03:30:00+00:00,2025-07-14T03:45:00+00:00,22.043,21.621496668600784,22.88600666279843,0.42150333139921514,2.0,2025-07-14T05:45:00+00:00,21.621496668600784,SL,-1.0,0.07251460520266118,-1.0725146052026613,8,
FET,BREAKOUT,LONG,18643,18644,2025-07-14T04:45:00+00:00,2025-07-14T05:00:00+00:00,0.7544,0.7368159220608121,0.7895681558783756,0.017584077939187814,2.0,2025-07-14T05:45:00+00:00,0.7368159220608121,SL,-1.0,0.059363428042834454,-1.0593634280428343,3,
DOGE,BREAKOUT,LONG,18638,18639,2025-07-14T03:30:00+00:00,2025-07-14T03:45:00+00:00,0.20593,0.2017759373632451,0.21423812527350983,0.004154062636754913,2.0,2025-07-14T14:30:00+00:00,0.2017759373632451,SL,-1.0,0.06870242004276009,-1.0687024200427602,43,
SOL,BREAKOUT,LONG,18636,18637,2025-07-14T03:00:00+00:00,2025-07-14T03:15:00+00:00,165.63,163.56394548719655,169.7621090256069,2.066054512803447,2.0,2025-07-14T15:45:00+00:00,163.56394548719655,SL,-1.0,0.11153421190632445,-1.1115342119063245,50,
UNI,BREAKOUT,LONG,18668,18669,2025-07-14T11:00:00+00:00,2025-07-14T11:15:00+00:00,9.533,9.239691720600142,10.119616558799715,0.2933082793998576,2.0,2025-07-14T15:45:00+00:00,9.239691720600142,SL,-1.0,0.04480229549369646,-1.0448022954936964,18,
LINK,BREAKOUT,LONG,18637,18638,2025-07-14T03:15:00+00:00,2025-07-14T03:30:00+00:00,16.081,15.80457051187443,16.633858976251137,0.27642948812556867,2.0,2025-07-14T18:30:00+00:00,15.80457051187443,SL,-1.0,0.08074355420494518,-1.0807435542049453,60,
BNB,BREAKOUT,LONG,18776,18777,2025-07-15T14:00:00+00:00,2025-07-15T14:15:00+00:00,687.28,681.7992099136953,698.2415801726092,5.480790086304637,2.0,2025-07-15T14:30:00+00:00,681.7992099136953,SL,-1.0,0.1748571705627477,-1.1748571705627477,1,
LINK,BREAKOUT,LONG,18776,18777,2025-07-15T14:00:00+00:00,2025-07-15T14:15:00+00:00,15.708,15.417335249289687,16.289329501420625,0.29066475071031306,2.0,2025-07-15T14:30:00+00:00,15.417335249289687,SL,-1.0,0.07495829687383462,-1.0749582968738347,1,
SOL,BREAKOUT,LONG,18776,18777,2025-07-15T14:00:00+00:00,2025-07-15T14:15:00+00:00,162.03,159.66873143869654,166.75253712260692,2.3612685613034614,2.0,2025-07-15T14:30:00+00:00,159.66873143869654,SL,-1.0,0.09536785255921049,-1.0953678525592105,1,
ETH,BREAKOUT,LONG,18773,18774,2025-07-15T13:15:00+00:00,2025-07-15T13:30:00+00:00,3030.01,2989.944971552655,3110.140056894691,40.06502844734541,2.0,2025-07-15T14:45:00+00:00,2989.944971552655,SL,-1.0,0.10517822258943296,-1.1051782225894329,5,
FET,BREAKOUT,LONG,18791,18792,2025-07-15T17:45:00+00:00,2025-07-15T18:00:00+00:00,0.7206,0.701536560424561,0.758726879150878,0.01906343957543899,2.0,2025-07-15T18:30:00+00:00,0.701536560424561,SL,-1.0,0.052220145706537255,-1.0522201457065372,2,
UNI,BREAKOUT,LONG,18819,18820,2025-07-16T00:45:00+00:00,2025-07-16T01:00:00+00:00,9.512,9.262701557617378,10.010596884765246,0.24929844238262255,2.0,2025-07-16T02:15:00+00:00,9.262701557617378,SL,-1.0,0.05271710069556476,-1.0527171006955647,5,
CRV,BREAKOUT,LONG,18819,18820,2025-07-16T00:45:00+00:00,2025-07-16T01:00:00+00:00,0.777,0.746708056413891,0.837583887172218,0.030291943586108983,2.0,2025-07-16T14:45:00+00:00,0.837583887172218,TP,2.0,0.037310538289092615,1.9626894617109074,55,
FET,BREAKOUT,LONG,18802,18803,2025-07-15T20:30:00+00:00,2025-07-15T20:45:00+00:00,0.7433,0.7160553279086107,0.7977893441827785,0.027244672091389255,2.0,2025-07-16T20:45:00+00:00,0.7787,TIME,1.2993366145591543,0.03910489347885093,1.2602317210803033,96,
CRV,BREAKOUT,LONG,18899,18900,2025-07-16T20:45:00+00:00,2025-07-16T21:00:00+00:00,0.857,0.8260578813359186,0.9188842373281627,0.030942118664081364,2.0,2025-07-16T21:00:00+00:00,0.9188842373281627,TP,2.0,0.04017562532241102,1.959824374677589,0,True
AVAX,BREAKOUT,LONG,18808,18809,2025-07-15T22:00:00+00:00,2025-07-15T22:15:00+00:00,22.041,21.58754293378399,22.94791413243202,0.4534570662160107,2.0,2025-07-16T21:15:00+00:00,22.94791413243202,TP,2.0,0.06944922075092473,1.9305507792490753,92,
SOL,BREAKOUT,LONG,18880,18881,2025-07-16T16:00:00+00:00,2025-07-16T16:15:00+00:00,170.32,167.50918882560072,175.94162234879855,2.8108111743992765,2.0,2025-07-16T21:15:00+00:00,175.94162234879855,TP,2.0,0.08623245056507961,1.9137675494349204,20,
ETH,BREAKOUT,LONG,18897,18898,2025-07-16T20:15:00+00:00,2025-07-16T20:30:00+00:00,3412.97,3345.5405127021977,3547.828974595604,67.4294872978021,2.0,2025-07-16T21:30:00+00:00,3345.5405127021977,SL,-1.0,0.07016155021314759,-1.0701615502131476,4,
BNB,BREAKOUT,LONG,18898,18899,2025-07-16T20:30:00+00:00,2025-07-16T20:45:00+00:00,713.73,707.1043819379959,726.9812361240083,6.6256180620041505,2.0,2025-07-16T23:15:00+00:00,707.1043819379959,SL,-1.0,0.15011189266405592,-1.150111892664056,10,
ADA,BREAKOUT,LONG,18937,18938,2025-07-17T06:15:00+00:00,2025-07-17T06:30:00+00:00,0.7719,0.7559364016159187,0.8038271967681627,0.015963598384081346,2.0,2025-07-17T09:15:00+00:00,0.8038271967681627,TP,2.0,0.06909526356147981,1.9309047364385201,11,
XRP,BREAKOUT,LONG,18947,18948,2025-07-17T08:45:00+00:00,2025-07-17T09:00:00+00:00,3.2372,3.1717022958882213,3.3681954082235577,0.0654977041117788,2.0,2025-07-17T13:45:00+00:00,3.1717022958882213,SL,-1.0,0.06849448645505991,-1.0684944864550598,19,
DOGE,BREAKOUT,LONG,18949,18950,2025-07-17T09:15:00+00:00,2025-07-17T09:30:00+00:00,0.21605,0.21112217587934234,0.2259056482413153,0.004927824120657648,2.0,2025-07-17T13:45:00+00:00,0.21112217587934234,SL,-1.0,0.06068003155023997,-1.06068003155024,17,
CRV,BREAKOUT,LONG,18939,18940,2025-07-17T06:45:00+00:00,2025-07-17T07:00:00+00:00,0.981,0.9266336433919232,1.0897327132161534,0.05436635660807676,2.0,2025-07-17T16:30:00+00:00,0.9266336433919232,SL,-1.0,0.024561946646539955,-1.0245619466465399,38,
SOL,BREAKOUT,LONG,18939,18940,2025-07-17T06:45:00+00:00,2025-07-17T07:00:00+00:00,173.8,171.26985451309932,178.8602909738014,2.530145486900693,2.0,2025-07-17T16:30:00+00:00,171.26985451309932,SL,-1.0,0.09546838290910115,-1.0954683829091012,38,
ADA,BREAKOUT,LONG,18987,18988,2025-07-17T18:45:00+00:00,2025-07-17T19:00:00+00:00,0.8141,0.7935753611506171,0.8551492776987659,0.020524638849382937,2.0,2025-07-17T20:00:00+00:00,0.7935753611506171,SL,-1.0,0.054830331537807586,-1.0548303315378076,4,
XRP,BREAKOUT,LONG,18984,18985,2025-07-17T18:00:00+00:00,2025-07-17T18:15:00+00:00,3.3334,3.249283743465359,3.501632513069282,0.08411625653464094,2.0,2025-07-17T21:45:00+00:00,3.501632513069282,TP,2.0,0.05687988215664501,1.943120117843355,14,
LINK,BREAKOUT,LONG,18938,18939,2025-07-17T06:30:00+00:00,2025-07-17T06:45:00+00:00,16.919,16.62214306633593,17.51271386732814,0.2968569336640705,2.0,2025-07-17T22:30:00+00:00,17.51271386732814,TP,2.0,0.08119129780678881,1.9188087021932112,63,
BTC,BREAKOUT,LONG,18998,18999,2025-07-17T21:30:00+00:00,2025-07-17T21:45:00+00:00,120615.2,119413.38840438025,123018.82319123948,1201.8115956197435,2.0,2025-07-17T23:30:00+00:00,119413.38840438025,SL,-1.0,0.13980561719944345,-1.1398056171994435,7,
DOGE,BREAKOUT,LONG,18998,18999,2025-07-17T21:30:00+00:00,2025-07-17T21:45:00+00:00,0.21597,0.20987151028427617,0.22816697943144765,0.006098489715723826,2.0,2025-07-18T01:00:00+00:00,0.22816697943144765,TP,2.0,0.05097916043056134,1.9490208395694386,13,
BNB,BREAKOUT,LONG,18998,18999,2025-07-17T21:30:00+00:00,2025-07-17T21:45:00+00:00,723.19,715.0291531030714,739.5116937938574,8.16084689692866,2.0,2025-07-18T04:30:00+00:00,739.5116937938574,TP,2.0,0.12546383954844714,1.874536160451553,27,
XRP,BREAKOUT,LONG,19010,19011,2025-07-18T00:30:00+00:00,2025-07-18T00:45:00+00:00,3.6166,3.4785655927656878,3.8926688144686246,0.13803440723431226,2.0,2025-07-18T07:45:00+00:00,3.4785655927656878,SL,-1.0,0.03598099933522511,-1.0359809993352251,28,
ETH,BREAKOUT,LONG,19031,19032,2025-07-18T05:45:00+00:00,2025-07-18T06:00:00+00:00,3670.04,3607.8432708071464,3794.433458385707,62.19672919285358,2.0,2025-07-18T07:45:00+00:00,3607.8432708071464,SL,-1.0,0.08190974598951038,-1.0819097459895104,7,
CRV,BREAKOUT,LONG,18996,18997,2025-07-17T21:00:00+00:00,2025-07-17T21:15:00+00:00,1.031,0.9755420087081559,1.141915982583688,0.05545799129184403,2.0,2025-07-18T14:15:00+00:00,0.9755420087081559,SL,-1.0,0.02532690732890418,-1.0253269073289042,68,
ADA,BREAKOUT,LONG,19011,19012,2025-07-18T00:45:00+00:00,2025-07-18T01:00:00+00:00,0.8562,0.8292233833536173,0.9101532332927652,0.026976616646382623,2.0,2025-07-18T14:30:00+00:00,0.8292233833536173,SL,-1.0,0.043734037659823984,-1.043734037659824,54,
DOGE,BREAKOUT,LONG,19059,19060,2025-07-18T12:45:00+00:00,2025-07-18T13:00:00+00:00,0.2471,0.2398989215943976,0.26150215681120476,0.007201078405602385,2.0,2025-07-18T15:00:00+00:00,0.2398989215943976,SL,-1.0,0.047340026856374916,-1.0473400268563748,8,
SOL,BREAKOUT,LONG,19010,19011,2025-07-18T00:30:00+00:00,2025-07-18T00:45:00+00:00,179.26,175.73067677154776,186.31864645690445,3.5293232284522276,2.0,2025-07-18T15:15:00+00:00,175.73067677154776,SL,-1.0,0.07040825043646098,-1.070408250436461,58,
SOL,BREAKOUT,LONG,19252,19253,2025-07-20T13:00:00+00:00,2025-07-20T13:15:00+00:00,182.56,180.47767776288075,186.72464447423852,2.082322237119257,2.0,2025-07-20T15:00:00+00:00,180.47767776288075,SL,-1.0,0.12203988888174296,-1.1220398888817429,7,
ETH,BREAKOUT,LONG,19235,19236,2025-07-20T08:45:00+00:00,2025-07-20T09:00:00+00:00,3710.15,3666.931275198037,3796.5874496039264,43.21872480196316,2.0,2025-07-20T16:30:00+00:00,3796.5874496039264,TP,2.0,0.12158424939192233,1.8784157506080776,30,
SUI,BREAKOUT,LONG,19232,19233,2025-07-20T08:00:00+00:00,2025-07-20T08:15:00+00:00,3.9777,3.912656548980695,4.10778690203861,0.0650434510193052,2.0,2025-07-20T17:00:00+00:00,3.912656548980695,SL,-1.0,0.08491630591136931,-1.0849163059113693,35,
XRP,BREAKOUT,LONG,19259,19260,2025-07-20T14:45:00+00:00,2025-07-20T15:00:00+00:00,3.5393,3.4817041938940743,3.654491612211851,0.05759580610592563,2.0,2025-07-20T22:00:00+00:00,3.4817041938940743,SL,-1.0,0.08533091674569361,-1.0853309167456937,28,
SOL,BREAKOUT,LONG,19307,19308,2025-07-21T02:45:00+00:00,2025-07-21T03:00:00+00:00,184.36,180.8875888036469,191.30482239270623,3.4724111963531072,2.0,2025-07-21T08:15:00+00:00,191.30482239270623,TP,2.0,0.0757299066283029,1.9242700933716972,21,
BNB,BREAKOUT,LONG,19339,19340,2025-07-21T10:45:00+00:00,2025-07-21T11:00:00+00:00,777.51,768.8608378555978,794.8083242888044,8.649162144402226,2.0,2025-07-21T11:45:00+00:00,768.8608378555978,SL,-1.0,0.12515195904836757,-1.1251519590483676,3,
ADA,BREAKOUT,LONG,19319,19320,2025-07-21T05:45:00+00:00,2025-07-21T06:00:00+00:00,0.8811,0.8648962660830073,0.9135074678339854,0.016203733916992702,2.0,2025-07-21T12:15:00+00:00,0.9135074678339854,TP,2.0,0.0775268980544292,1.9224731019455708,25,
FET,BREAKOUT,LONG,19321,19322,2025-07-21T06:15:00+00:00,2025-07-21T06:30:00+00:00,0.8154,0.7996925007860741,0.8468149984278518,0.01570749921392589,2.0,2025-07-21T13:30:00+00:00,0.8468149984278518,TP,2.0,0.07407611377550925,1.9259238862244907,28,
BTC,BREAKOUT,LONG,19308,19309,2025-07-21T03:00:00+00:00,2025-07-21T03:15:00+00:00,118399.9,117435.01534696415,120329.66930607168,964.8846530358423,2.0,2025-07-21T17:30:00+00:00,117435.01534696415,SL,-1.0,0.17109241008597798,-1.1710924100859779,57,
ETH,BREAKOUT,LONG,19320,19321,2025-07-21T06:00:00+00:00,2025-07-21T06:15:00+00:00,3786.11,3741.9096852096222,3874.510629580756,44.20031479037789,2.0,2025-07-21T17:30:00+00:00,3741.9096852096222,SL,-1.0,0.11922118212592223,-1.1192211821259221,45,
AVAX,BREAKOUT,LONG,19399,19400,2025-07-22T01:45:00+00:00,2025-07-22T02:00:00+00:00,25.808,25.215123272520454,26.99375345495909,0.5928767274795455,2.0,2025-07-22T04:45:00+00:00,25.215123272520454,SL,-1.0,0.060242179588667594,-1.0602421795886676,11,
BTC,BREAKOUT,LONG,19435,19436,2025-07-22T10:45:00+00:00,2025-07-22T11:00:00+00:00,118945.6,118076.55432351049,120683.69135297905,869.0456764895207,2.0,2025-07-22T13:45:00+00:00,118076.55432351049,SL,-1.0,0.1909169017406164,-1.1909169017406165,11,
SOL,BREAKOUT,LONG,19443,19444,2025-07-22T12:45:00+00:00,2025-07-22T13:00:00+00:00,203.09,198.63600822772904,211.99798354454194,4.453991772270967,2.0,2025-07-22T13:45:00+00:00,198.63600822772904,SL,-1.0,0.06313622030245243,-1.0631362203024524,3,
SUI,BREAKOUT,LONG,19446,19447,2025-07-22T13:30:00+00:00,2025-07-22T13:45:00+00:00,3.9537,3.878669110972221,4.103761778055558,0.07503088902777888,2.0,2025-07-22T14:00:00+00:00,3.878669110972221,SL,-1.0,0.0730720167216824,-1.0730720167216825,1,
CRV,BREAKOUT,LONG,19471,19472,2025-07-22T19:45:00+00:00,2025-07-22T20:00:00+00:00,0.948,0.9149694829261181,1.0140610341477636,0.03303051707388183,2.0,2025-07-23T03:30:00+00:00,1.0140610341477636,TP,2.0,0.04158102402185689,1.9584189759781432,30,
CRV,BREAKOUT,LONG,19516,19517,2025-07-23T07:00:00+00:00,2025-07-23T07:15:00+00:00,1.032,0.9968519794910199,1.1022960410179603,0.03514802050898014,2.0,2025-07-23T08:30:00+00:00,0.9968519794910199,SL,-1.0,0.04040615559789096,-1.040406155597891,5,
BNB,BREAKOUT,LONG,19535,19536,2025-07-23T11:45:00+00:00,2025-07-23T12:00:00+00:00,809.01,798.0559130719519,830.9181738560962,10.954086928048127,2.0,2025-07-23T12:45:00+00:00,798.0559130719519,SL,-1.0,0.10269647726365239,-1.1026964772636525,3,
BNB,BREAKOUT,LONG,19586,19587,2025-07-24T00:30:00+00:00,2025-07-24T00:45:00+00:00,783.12,770.762185474919,807.8356290501621,12.35781452508104,2.0,2025-07-24T04:30:00+00:00,770.762185474919,SL,-1.0,0.08801859969858306,-1.0880185996985832,15,
SUI,BREAKOUT,LONG,19585,19586,2025-07-24T00:15:00+00:00,2025-07-24T00:30:00+00:00,3.7876,3.69369226117609,3.9754154776478194,0.09390773882390979,2.0,2025-07-24T04:45:00+00:00,3.69369226117609,SL,-1.0,0.05576648579137014,-1.0557664857913702,17,
DOGE,BREAKOUT,LONG,19643,19644,2025-07-24T14:45:00+00:00,2025-07-24T15:00:00+00:00,0.24385,0.23591724398936126,0.2597155120212775,0.007932756010638753,2.0,2025-07-24T16:15:00+00:00,0.23591724398936126,SL,-1.0,0.04233548470949518,-1.0423354847094952,5,
CRV,BREAKOUT,LONG,19644,19645,2025-07-24T15:00:00+00:00,2025-07-24T15:15:00+00:00,1.031,0.986276823306337,1.1204463533873257,0.04472317669366288,2.0,2025-07-24T16:15:00+00:00,0.986276823306337,SL,-1.0,0.031574093807932135,-1.031574093807932,4,
SOL,BREAKOUT,LONG,19643,19644,2025-07-24T14:45:00+00:00,2025-07-24T15:00:00+00:00,189.48,185.20385966364796,198.03228067270405,4.276140336352029,2.0,2025-07-24T16:30:00+00:00,185.20385966364796,SL,-1.0,0.061335382175109636,-1.0613353821751097,6,
BNB,BREAKOUT,LONG,19643,19644,2025-07-24T14:45:00+00:00,2025-07-24T15:00:00+00:00,777.13,764.649424216921,802.0911515661579,12.480575783078962,2.0,2025-07-25T01:15:00+00:00,764.649424216921,SL,-1.0,0.08647402297056478,-1.0864740229705647,41,
ADA,BREAKOUT,LONG,19631,19632,2025-07-24T11:45:00+00:00,2025-07-24T12:00:00+00:00,0.815,0.7933399722244895,0.8583200555510209,0.02166002777551046,2.0,2025-07-25T02:45:00+00:00,0.7933399722244895,SL,-1.0,0.05197767944831779,-1.0519776794483178,59,
UNI,BREAKOUT,LONG,19719,19720,2025-07-25T09:45:00+00:00,2025-07-25T10:00:00+00:00,10.522,10.204594124175246,11.156811751649508,0.317405875824754,2.0,2025-07-25T14:30:00+00:00,10.204594124175246,SL,-1.0,0.04570997890074714,-1.0457099789007471,18,
CRV,BREAKOUT,LONG,19699,19700,2025-07-25T04:45:00+00:00,2025-07-25T05:00:00+00:00,1.014,0.9716213167621826,1.098757366475635,0.04237868323781746,2.0,2025-07-26T05:00:00+00:00,1.064,TIME,1.1798384513132194,0.03432386022560416,1.1455145910876152,96,
LINK,BREAKOUT,LONG,19890,19891,2025-07-27T04:30:00+00:00,2025-07-27T04:45:00+00:00,18.875,18.62083672288554,19.383326554228923,0.2541632771144613,2.0,2025-07-27T09:15:00+00:00,18.62083672288554,SL,-1.0,0.10326859963408334,-1.1032685996340834,18,
SUI,BREAKOUT,LONG,19918,19919,2025-07-27T11:30:00+00:00,2025-07-27T11:45:00+00:00,4.3026,4.234614226105824,4.438571547788351,0.0679857738941756,2.0,2025-07-27T13:45:00+00:00,4.234614226105824,SL,-1.0,0.08790147726458478,-1.0879014772645847,8,
BTC,BREAKOUT,LONG,19929,19930,2025-07-27T14:15:00+00:00,2025-07-27T14:30:00+00:00,118402.4,118087.00287788332,119033.19424423334,315.3971221166721,2.0,2025-07-27T16:00:00+00:00,119033.19424423334,TP,2.0,0.5269702997146581,1.4730297002853419,6,
ADA,BREAKOUT,LONG,19960,19961,2025-07-27T22:00:00+00:00,2025-07-27T22:15:00+00:00,0.8382,0.8265271611845717,0.8615456776308564,0.011672838815428244,2.0,2025-07-27T23:00:00+00:00,0.8265271611845717,SL,-1.0,0.09983081504466469,-1.0998308150446647,3,
SUI,BREAKOUT,LONG,19969,19970,2025-07-28T00:15:00+00:00,2025-07-28T00:30:00+00:00,4.4366,4.346675256885442,4.616449486229117,0.08992474311455823,2.0,2025-07-28T01:00:00+00:00,4.346675256885442,SL,-1.0,0.06837153453957925,-1.0683715345395792,2,
UNI,BREAKOUT,LONG,19960,19961,2025-07-27T22:00:00+00:00,2025-07-27T22:15:00+00:00,10.988,10.815762255902298,11.332475488195403,0.17223774409770165,2.0,2025-07-28T01:30:00+00:00,10.815762255902298,SL,-1.0,0.0886137568689584,-1.0886137568689584,13,
AVAX,BREAKOUT,LONG,19961,19962,2025-07-27T22:15:00+00:00,2025-07-27T22:30:00+00:00,25.861,25.514553039806884,26.553893920386233,0.3464469601931164,2.0,2025-07-28T04:45:00+00:00,26.553893920386233,TP,2.0,0.10590488576900312,1.894095114230997,25,
ETH,BREAKOUT,LONG,19969,19970,2025-07-28T00:15:00+00:00,2025-07-28T00:30:00+00:00,3884.14,3840.0615146612054,3972.296970677589,44.07848533879451,2.0,2025-07-28T13:15:00+00:00,3840.0615146612054,SL,-1.0,0.12266621728728205,-1.122666217287282,51,
BNB,BREAKOUT,LONG,19977,19978,2025-07-28T02:15:00+00:00,2025-07-28T02:30:00+00:00,850.42,839.4486750861712,872.3626498276575,10.971324913828767,2.0,2025-07-28T14:15:00+00:00,839.4486750861712,SL,-1.0,0.10781816069172535,-1.1078181606917255,47,
BTC,BREAKOUT,LONG,20079,20080,2025-07-29T03:45:00+00:00,2025-07-29T04:00:00+00:00,118745.6,118010.51948821421,120215.7610235716,735.0805117857963,2.0,2025-07-29T14:00:00+00:00,118010.51948821421,SL,-1.0,0.2254573220001835,-1.2254573220001834,40,
BNB,BREAKOUT,LONG,21051,21052,2025-08-08T06:45:00+00:00,2025-08-08T07:00:00+00:00,791.33,785.8163787657555,802.3572424684891,5.513621234244511,2.0,2025-08-08T09:00:00+00:00,785.8163787657555,SL,-1.0,0.2002318291795577,-1.2002318291795577,8,
DOGE,BREAKOUT,LONG,21113,21114,2025-08-08T22:15:00+00:00,2025-08-08T22:30:00+00:00,0.23217,0.22830797216217805,0.23989405567564387,0.003862027837821941,2.0,2025-08-09T12:15:00+00:00,0.23989405567564387,TP,2.0,0.08556252125808367,1.9144374787419163,55,
BTC,BREAKOUT,LONG,21155,21156,2025-08-09T08:45:00+00:00,2025-08-09T09:00:00+00:00,117069.4,116617.75076472865,117972.69847054267,451.6492352713394,2.0,2025-08-09T15:15:00+00:00,116617.75076472865,SL,-1.0,0.36218594599642073,-1.3621859459964207,25,
AVAX,BREAKOUT,LONG,21201,21202,2025-08-09T20:15:00+00:00,2025-08-09T20:30:00+00:00,24.642,24.330802426475337,25.264395147049324,0.3111975735246624,2.0,2025-08-09T23:00:00+00:00,24.330802426475337,SL,-1.0,0.11015819085689617,-1.1101581908568963,10,
LINK,BREAKOUT,LONG,21214,21215,2025-08-09T23:30:00+00:00,2025-08-09T23:45:00+00:00,21.858,21.38807572536645,22.797848549267105,0.46992427463355213,2.0,2025-08-10T02:15:00+00:00,21.38807572536645,SL,-1.0,0.06441942806926261,-1.0644194280692627,10,
SOL,BREAKOUT,LONG,21223,21224,2025-08-10T01:45:00+00:00,2025-08-10T02:00:00+00:00,184.41,181.84060079772772,189.54879840454456,2.5693992022722796,2.0,2025-08-10T05:45:00+00:00,181.84060079772772,SL,-1.0,0.09978029896315087,-1.0997802989631509,15,
ADA,BREAKOUT,LONG,21230,21231,2025-08-10T03:30:00+00:00,2025-08-10T03:45:00+00:00,0.8212,0.8075809204032189,0.8484381591935622,0.013619079596781103,2.0,2025-08-10T06:15:00+00:00,0.8075809204032189,SL,-1.0,0.0837168647249649,-1.0837168647249649,10,
SUI,BREAKOUT,LONG,21275,21276,2025-08-10T14:45:00+00:00,2025-08-10T15:00:00+00:00,3.85,3.787797531347046,3.974404937305908,0.06220246865295387,2.0,2025-08-11T02:30:00+00:00,3.974404937305908,TP,2.0,0.0880525094055739,1.911947490594426,46,
BNB,BREAKOUT,LONG,21321,21322,2025-08-11T02:15:00+00:00,2025-08-11T02:30:00+00:00,815.76,809.537154731212,828.205690537576,6.222845268787978,2.0,2025-08-11T02:45:00+00:00,828.205690537576,TP,2.0,0.18492762292327405,1.8150723770767259,1,
AVAX,BREAKOUT,LONG,21321,21322,2025-08-11T02:15:00+00:00,2025-08-11T02:30:00+00:00,24.285,23.921988990325744,25.011022019348513,0.36301100967425626,2.0,2025-08-11T08:00:00+00:00,23.921988990325744,SL,-1.0,0.0929583163979203,-1.0929583163979202,22,
LINK,BREAKOUT,LONG,21277,21278,2025-08-10T15:15:00+00:00,2025-08-10T15:30:00+00:00,22.378,21.736414676355277,23.661170647289445,0.6415853236447226,2.0,2025-08-11T09:45:00+00:00,21.736414676355277,SL,-1.0,0.04813091748736528,-1.0481309174873652,73,
CRV,BREAKOUT,LONG,21324,21325,2025-08-11T03:00:00+00:00,2025-08-11T03:15:00+00:00,1.002,0.9796981124405619,1.0466037751188761,0.02230188755943807,2.0,2025-08-11T10:00:00+00:00,0.9796981124405619,SL,-1.0,0.06220050545099895,-1.0622005054509989,27,
BTC,BREAKOUT,LONG,21322,21323,2025-08-11T02:30:00+00:00,2025-08-11T02:45:00+00:00,121700.0,120688.0229643226,123723.95407135479,1011.9770356773952,2.0,2025-08-11T11:15:00+00:00,120688.0229643226,SL,-1.0,0.16766350430220128,-1.1676635043022012,34,
XRP,BREAKOUT,LONG,21322,21323,2025-08-11T02:30:00+00:00,2025-08-11T02:45:00+00:00,3.2666,3.2270936227520517,3.3456127544958965,0.039506377247948254,2.0,2025-08-11T11:15:00+00:00,3.2270936227520517,SL,-1.0,0.11505953854988081,-1.1150595385498807,34,
UNI,BREAKOUT,LONG,21417,21418,2025-08-12T02:15:00+00:00,2025-08-12T02:30:00+00:00,11.39,11.105239095741025,11.959521808517952,0.2847609042589756,2.0,2025-08-12T08:30:00+00:00,11.105239095741025,SL,-1.0,0.0552978556097642,-1.0552978556097643,24,
SOL,BREAKOUT,LONG,21467,21468,2025-08-12T14:45:00+00:00,2025-08-12T15:00:00+00:00,179.5,176.65200110236754,185.19599779526493,2.847998897632465,2.0,2025-08-12T16:30:00+00:00,185.19599779526493,TP,2.0,0.08963739370436735,1.9103626062956327,6,
ADA,BREAKOUT,LONG,21465,21466,2025-08-12T14:15:00+00:00,2025-08-12T14:30:00+00:00,0.7979,0.7826741048470153,0.8283517903059696,0.01522589515298478,2.0,2025-08-12T17:00:00+00:00,0.8283517903059696,TP,2.0,0.07476580140452492,1.925234198595475,10,
BNB,BREAKOUT,LONG,21459,21460,2025-08-12T12:45:00+00:00,2025-08-12T13:00:00+00:00,814.39,806.0540169256933,831.0619661486134,8.335983074306682,2.0,2025-08-12T18:15:00+00:00,831.0619661486134,TP,2.0,0.13817403010979934,1.8618259698902007,21,
AVAX,BREAKOUT,LONG,21467,21468,2025-08-12T14:45:00+00:00,2025-08-12T15:00:00+00:00,23.94,23.452109625212746,24.915780749574512,0.4878903747872556,2.0,2025-08-12T20:15:00+00:00,24.915780749574512,TP,2.0,0.07009575981000782,1.9299042401899922,21,
CRV,BREAKOUT,LONG,21470,21471,2025-08-12T15:30:00+00:00,2025-08-12T15:45:00+00:00,0.976,0.9486296344986918,1.0307407310026164,0.027370365501308225,2.0,2025-08-13T06:45:00+00:00,1.0307407310026164,TP,2.0,0.05132260698654865,1.9486773930134513,60,
DOGE,BREAKOUT,LONG,21476,21477,2025-08-12T17:00:00+00:00,2025-08-12T17:15:00+00:00,0.23154,0.2267390802462463,0.24114183950750737,0.004800919753753685,2.0,2025-08-13T07:45:00+00:00,0.24114183950750737,TP,2.0,0.06891956221441795,1.9310804377855821,58,
SOL,BREAKOUT,LONG,21541,21542,2025-08-13T09:15:00+00:00,2025-08-13T09:30:00+00:00,201.15,197.70516518006255,208.03966963987492,3.444834819937455,2.0,2025-08-13T14:30:00+00:00,197.70516518006255,SL,-1.0,0.08104847698651425,-1.0810484769865143,20,
BNB,BREAKOUT,LONG,21541,21542,2025-08-13T09:15:00+00:00,2025-08-13T09:30:00+00:00,856.9,846.2281823248761,878.2436353502477,10.671817675123862,2.0,2025-08-13T14:45:00+00:00,846.2281823248761,SL,-1.0,0.1117138395651588,-1.111713839565159,21,
ADA,BREAKOUT,LONG,21539,21540,2025-08-13T08:45:00+00:00,2025-08-13T09:00:00+00:00,0.8759,0.8608127906511087,0.9060744186977826,0.015087209348891295,2.0,2025-08-13T23:00:00+00:00,0.9060744186977826,TP,2.0,0.08267811920964122,1.9173218807903587,56,
UNI,BREAKOUT,LONG,21535,21536,2025-08-13T07:45:00+00:00,2025-08-13T08:00:00+00:00,11.988,11.68014114469131,12.603717710617378,0.30785885530868917,2.0,2025-08-14T05:30:00+00:00,11.68014114469131,SL,-1.0,0.05381589165161917,-1.0538158916516192,86,
SUI,BREAKOUT,LONG,21612,21613,2025-08-14T03:00:00+00:00,2025-08-14T03:15:00+00:00,4.1153,4.030541874118703,4.284816251762595,0.08475812588129727,2.0,2025-08-14T06:00:00+00:00,4.030541874118703,SL,-1.0,0.067274839463402,-1.067274839463402,11,
BTC,BREAKOUT,LONG,21584,21585,2025-08-13T20:00:00+00:00,2025-08-13T20:15:00+00:00,122786.3,121707.02225094484,124944.85549811034,1079.277749055167,2.0,2025-08-14T06:15:00+00:00,121707.02225094484,SL,-1.0,0.15857394051298407,-1.158573940512984,40,
SOL,BREAKOUT,LONG,21583,21584,2025-08-13T19:45:00+00:00,2025-08-13T20:00:00+00:00,202.14,198.15095711053146,210.11808577893703,3.9890428894685215,2.0,2025-08-14T12:30:00+00:00,198.15095711053146,SL,-1.0,0.07024333348662111,-1.070243333486621,66,
BNB,BREAKOUT,LONG,21627,21628,2025-08-14T06:45:00+00:00,2025-08-14T07:00:00+00:00,864.72,854.1106980245116,885.9386039509768,10.609301975488393,2.0,2025-08-14T12:30:00+00:00,854.1106980245116,SL,-1.0,0.11340816685178484,-1.1134081668517848,22,
AVAX,BREAKOUT,LONG,21712,21713,2025-08-15T04:00:00+00:00,2025-08-15T04:15:00+00:00,25.16,24.68043720759491,26.11912558481018,0.4795627924050905,2.0,2025-08-15T04:45:00+00:00,24.68043720759491,SL,-1.0,0.07275023541827659,-1.0727502354182765,2,
AVAX,BREAKOUT,LONG,21721,21722,2025-08-15T06:15:00+00:00,2025-08-15T06:30:00+00:00,25.549,24.976496899298493,26.694006201403013,0.5725031007015069,2.0,2025-08-15T09:15:00+00:00,24.976496899298493,SL,-1.0,0.061777565547106304,-1.0617775655471062,11,
LINK,BREAKOUT,LONG,21795,21796,2025-08-16T00:45:00+00:00,2025-08-16T01:00:00+00:00,22.091,21.66127949397595,22.950441012048103,0.42972050602405076,2.0,2025-08-16T05:30:00+00:00,21.66127949397595,SL,-1.0,0.07127096616624816,-1.071270966166248,18,
LINK,BREAKOUT,LONG,21866,21867,2025-08-16T18:30:00+00:00,2025-08-16T18:45:00+00:00,22.355,21.984044268834477,23.096911462331047,0.37095573116552316,2.0,2025-08-17T03:30:00+00:00,23.096911462331047,TP,2.0,0.08576855767578113,1.9142314423242188,35,
LINK,BREAKOUT,LONG,21907,21908,2025-08-17T04:45:00+00:00,2025-08-17T05:00:00+00:00,24.208,23.700519526711254,25.222960946577487,0.5074804732887443,2.0,2025-08-17T14:30:00+00:00,25.222960946577487,TP,2.0,0.0681832592264426,1.9318167407735574,38,
AVAX,BREAKOUT,LONG,21960,21961,2025-08-17T18:00:00+00:00,2025-08-17T18:15:00+00:00,25.602,25.195954581759274,26.414090836481453,0.40604541824072626,2.0,2025-08-17T18:45:00+00:00,25.195954581759274,SL,-1.0,0.08757288374609955,-1.0875728837460996,2,
SOL,BREAKOUT,LONG,22034,22035,2025-08-18T12:30:00+00:00,2025-08-18T12:45:00+00:00,182.27,180.17871904559394,186.45256190881216,2.0912809544060735,2.0,2025-08-19T03:30:00+00:00,180.17871904559394,SL,-1.0,0.121319951198987,-1.121319951198987,59,
ADA,BREAKOUT,LONG,22122,22123,2025-08-19T10:30:00+00:00,2025-08-19T10:45:00+00:00,0.9493,0.9258628985636401,0.9961742028727198,0.02343710143635991,2.0,2025-08-19T12:45:00+00:00,0.9258628985636401,SL,-1.0,0.056005817637422586,-1.0560058176374225,8,
FET,BREAKOUT,SHORT,22231,22232,2025-08-20T13:45:00+00:00,2025-08-20T14:00:00+00:00,0.6567,0.6667244430959439,0.636651113808112,0.010024443095943969,2.0,2025-08-20T14:30:00+00:00,0.6667244430959439,SL,-1.0,0.09241382302244741,-1.0924138230224474,2,
CRV,BREAKOUT,SHORT,22419,22420,2025-08-22T12:45:00+00:00,2025-08-22T13:00:00+00:00,0.832,0.8484331423082698,0.7991337153834602,0.016433142308269866,2.0,2025-08-22T13:30:00+00:00,0.8484331423082698,SL,-1.0,0.07158114848331973,-1.0715811484833198,2,
SUI,BREAKOUT,SHORT,22412,22413,2025-08-22T11:00:00+00:00,2025-08-22T11:15:00+00:00,3.3629,3.4083567037156413,3.271986592568717,0.04545670371564148,2.0,2025-08-22T14:00:00+00:00,3.4083567037156413,SL,-1.0,0.10427240220170153,-1.1042724022017016,11,
SOL,BREAKOUT,LONG,22453,22454,2025-08-22T21:15:00+00:00,2025-08-22T21:30:00+00:00,201.8,197.9284308345041,209.54313833099184,3.871569165495913,2.0,2025-08-23T01:15:00+00:00,197.9284308345041,SL,-1.0,0.07227299568295631,-1.0722729956829564,15,
XRP,BREAKOUT,SHORT,22468,22469,2025-08-23T01:00:00+00:00,2025-08-23T01:15:00+00:00,3.0354,3.074618090258202,2.9569638194835965,0.039218090258201777,2.0,2025-08-23T07:00:00+00:00,3.074618090258202,SL,-1.0,0.10905713753581561,-1.1090571375358156,23,
SOL,BREAKOUT,LONG,22484,22485,2025-08-23T05:00:00+00:00,2025-08-23T05:15:00+00:00,206.72,202.7901076521473,214.5797846957054,3.9298923478527,2.0,2025-08-23T08:15:00+00:00,202.7901076521473,SL,-1.0,0.07294272971958966,-1.0729427297195897,12,
SOL,BREAKOUT,LONG,22568,22569,2025-08-24T02:00:00+00:00,2025-08-24T02:15:00+00:00,209.25,206.47949815163042,214.79100369673915,2.7705018483695767,2.0,2025-08-24T08:00:00+00:00,206.47949815163042,SL,-1.0,0.10503896573012549,-1.1050389657301254,23,
BTC,BREAKOUT,SHORT,22617,22618,2025-08-24T14:15:00+00:00,2025-08-24T14:30:00+00:00,114431.5,114853.02557885031,113588.44884229937,421.52557885031274,2.0,2025-08-24T18:30:00+00:00,114853.02557885031,SL,-1.0,0.38075783762149773,-1.3807578376214977,16,
ADA,BREAKOUT,LONG,22629,22630,2025-08-24T17:15:00+00:00,2025-08-24T17:30:00+00:00,0.9133,0.8996691646480752,0.9405616707038496,0.013630835351924775,2.0,2025-08-24T18:45:00+00:00,0.9405616707038496,TP,2.0,0.09520349530958493,1.9047965046904152,5,
LINK,BREAKOUT,LONG,22634,22635,2025-08-24T18:30:00+00:00,2025-08-24T18:45:00+00:00,26.356,25.918058438336594,27.231883123326817,0.4379415616634077,2.0,2025-08-24T19:30:00+00:00,25.918058438336594,SL,-1.0,0.08355416363738344,-1.0835541636373835,3,
FET,BREAKOUT,SHORT,22681,22682,2025-08-25T06:15:00+00:00,2025-08-25T06:30:00+00:00,0.6653,0.6759305388645057,0.6440389222709886,0.010630538864505712,2.0,2025-08-25T10:15:00+00:00,0.6440389222709886,TP,2.0,0.08621738345267864,1.9137826165473213,15,
BTC,BREAKOUT,SHORT,22681,22682,2025-08-25T06:15:00+00:00,2025-08-25T06:30:00+00:00,112226.4,112994.13990775212,110690.92018449574,767.7399077521259,2.0,2025-08-25T13:45:00+00:00,110690.92018449574,TP,2.0,0.20324868168703705,1.7967513183129629,29,
SUI,BREAKOUT,SHORT,22735,22736,2025-08-25T19:45:00+00:00,2025-08-25T20:00:00+00:00,3.3712,3.433936084385057,3.2457278312298863,0.06273608438505685,2.0,2025-08-26T05:30:00+00:00,3.433936084385057,SL,-1.0,0.07593070727576655,-1.0759307072757665,38,
XRP,BREAKOUT,SHORT,22737,22738,2025-08-25T20:15:00+00:00,2025-08-25T20:30:00+00:00,2.8685,2.921069833025118,2.7633603339497643,0.05256983302511786,2.0,2025-08-26T05:30:00+00:00,2.921069833025118,SL,-1.0,0.07709172066765368,-1.0770917206676538,36,
FET,BREAKOUT,SHORT,22735,22736,2025-08-25T19:45:00+00:00,2025-08-25T20:00:00+00:00,0.6307,0.6418453963310541,0.6084092073378919,0.011145396331054047,2.0,2025-08-26T12:30:00+00:00,0.6418453963310541,SL,-1.0,0.07992374169322111,-1.079923741693221,66,
CRV,BREAKOUT,SHORT,22739,22740,2025-08-25T20:45:00+00:00,2025-08-25T21:00:00+00:00,0.768,0.7937923353474867,0.7164153293050266,0.025792335347486706,2.0,2025-08-26T18:45:00+00:00,0.7937923353474867,SL,-1.0,0.042386802901497295,-1.0423868029014973,87,
BTC,BREAKOUT,SHORT,22736,22737,2025-08-25T20:00:00+00:00,2025-08-25T20:15:00+00:00,110000.7,111212.21713431821,107577.66573136357,1211.5171343182155,2.0,2025-08-26T20:15:00+00:00,111212.21713431821,SL,-1.0,0.1278141576438904,-1.1278141576438905,96,
SOL,BREAKOUT,LONG,22921,22922,2025-08-27T18:15:00+00:00,2025-08-27T18:30:00+00:00,211.07,207.2246965536636,218.7606068926728,3.845303446336402,2.0,2025-08-27T19:00:00+00:00,207.2246965536636,SL,-1.0,0.07614647105848943,-1.0761464710584894,2,
BNB,BREAKOUT,LONG,22959,22960,2025-08-28T03:45:00+00:00,2025-08-28T04:00:00+00:00,864.84,857.8120079983978,878.8959840032045,7.027992001602229,2.0,2025-08-28T13:30:00+00:00,878.8959840032045,TP,2.0,0.17367908052882952,1.8263209194711705,38,
SOL,BREAKOUT,LONG,22961,22962,2025-08-28T04:15:00+00:00,2025-08-28T04:30:00+00:00,209.21,205.4124787145773,216.80504257084542,3.797521285422704,2.0,2025-08-28T13:30:00+00:00,216.80504257084542,TP,2.0,0.0785276782896025,1.9214723217103975,36,
BTC,BREAKOUT,SHORT,23023,23024,2025-08-28T19:45:00+00:00,2025-08-28T20:00:00+00:00,111864.8,112624.40648258386,110345.5870348323,759.6064825838548,2.0,2025-08-29T07:15:00+00:00,110345.5870348323,TP,2.0,0.20477349060434247,1.7952265093956576,45,
FET,BREAKOUT,SHORT,23070,23071,2025-08-29T07:30:00+00:00,2025-08-29T07:45:00+00:00,0.6227,0.6321024591394135,0.603895081721173,0.00940245913941351,2.0,2025-08-29T12:30:00+00:00,0.6321024591394135,SL,-1.0,0.09341829710438693,-1.0934182971043869,19,
BTC,BREAKOUT,SHORT,23072,23073,2025-08-29T08:00:00+00:00,2025-08-29T08:15:00+00:00,110002.2,110725.98773981478,108554.62452037043,723.787739814783,2.0,2025-08-29T12:30:00+00:00,110725.98773981478,SL,-1.0,0.2134738168643328,-1.2134738168643329,17,
SUI,BREAKOUT,SHORT,23079,23080,2025-08-29T09:45:00+00:00,2025-08-29T10:00:00+00:00,3.2882,3.3417812431103107,3.181037513779378,0.05358124311031087,2.0,2025-08-29T12:30:00+00:00,3.3417812431103107,SL,-1.0,0.08661588647024376,-1.0866158864702438,10,
CRV,BREAKOUT,SHORT,23070,23071,2025-08-29T07:30:00+00:00,2025-08-29T07:45:00+00:00,0.766,0.7817032844368709,0.7345934311262583,0.015703284436870857,2.0,2025-08-30T07:45:00+00:00,0.781,TIME,-0.9552141821223367,0.06896009585468517,-1.0241742779770218,96,
BTC,BREAKOUT,SHORT,23096,23097,2025-08-29T14:00:00+00:00,2025-08-29T14:15:00+00:00,108707.4,109810.84258182827,106500.51483634344,1103.4425818282762,2.0,2025-08-30T14:15:00+00:00,108509.7,TIME,0.17916654953847364,0.13779780887925092,0.04136874065922272,96,
XRP,BREAKOUT,SHORT,23097,23098,2025-08-29T14:15:00+00:00,2025-08-29T14:30:00+00:00,2.833,2.8749424509668713,2.749115098066258,0.0419424509668711,2.0,2025-08-30T14:30:00+00:00,2.7918,TIME,0.9822983409468085,0.09387529601238576,0.8884230449344227,96,
BNB,BREAKOUT,LONG,23297,23298,2025-08-31T16:15:00+00:00,2025-08-31T16:30:00+00:00,865.22,861.2202992348438,873.2194015303126,3.9997007651562626,2.0,2025-08-31T23:15:00+00:00,861.2202992348438,SL,-1.0,0.30214965579235675,-1.3021496557923569,27,
SUI,BREAKOUT,SHORT,23328,23329,2025-09-01T00:00:00+00:00,2025-09-01T00:15:00+00:00,3.2342,3.271021882873082,3.160556234253836,0.03682188287308197,2.0,2025-09-01T02:45:00+00:00,3.160556234253836,TP,2.0,0.12156709583284325,1.8784329041671568,10,
FET,BREAKOUT,SHORT,23329,23330,2025-09-01T00:15:00+00:00,2025-09-01T00:30:00+00:00,0.6081,0.6141226158170163,0.5960547683659673,0.006022615817016352,2.0,2025-09-01T04:15:00+00:00,0.5960547683659673,TP,2.0,0.13995718197309154,1.8600428180269084,15,
DOGE,BREAKOUT,SHORT,23329,23330,2025-09-01T00:15:00+00:00,2025-09-01T00:30:00+00:00,0.21188,0.21434067014076702,0.206958659718466,0.0024606701407670073,2.0,2025-09-01T07:30:00+00:00,0.21434067014076702,SL,-1.0,0.12124927439707048,-1.1212492743970706,28,
CRV,BREAKOUT,SHORT,23327,23328,2025-08-31T23:45:00+00:00,2025-09-01T00:00:00+00:00,0.756,0.7686841278106482,0.7306317443787036,0.012684127810648205,2.0,2025-09-01T07:45:00+00:00,0.7686841278106482,SL,-1.0,0.08414286779509453,-1.0841428677950946,31,
XRP,BREAKOUT,SHORT,23397,23398,2025-09-01T17:15:00+00:00,2025-09-01T17:30:00+00:00,2.7287,2.767910697833311,2.650278604333378,0.03921069783331088,2.0,2025-09-01T19:30:00+00:00,2.767910697833311,SL,-1.0,0.0981269832238135,-1.0981269832238134,8,
CRV,BREAKOUT,SHORT,23392,23393,2025-09-01T16:00:00+00:00,2025-09-01T16:15:00+00:00,0.747,0.7617968483522878,0.7174063032954244,0.014796848352287784,2.0,2025-09-01T21:30:00+00:00,0.7174063032954244,TP,2.0,0.06927721281595116,1.9307227871840489,21,
UNI,BREAKOUT,SHORT,23389,23390,2025-09-01T15:15:00+00:00,2025-09-01T15:30:00+00:00,9.383,9.53976264338693,9.069474713226139,0.15676264338693002,2.0,2025-09-02T03:15:00+00:00,9.53976264338693,SL,-1.0,0.0844967497624834,-1.0844967497624833,47,
BTC,BREAKOUT,SHORT,23472,23473,2025-09-02T12:00:00+00:00,2025-09-02T12:15:00+00:00,109364.6,110036.82486783067,108020.15026433868,672.2248678306642,2.0,2025-09-02T13:30:00+00:00,110036.82486783067,SL,-1.0,0.22846670029197594,-1.228466700291976,5,
AVAX,BREAKOUT,LONG,23578,23579,2025-09-03T14:30:00+00:00,2025-09-03T14:45:00+00:00,25.42,25.045260939423354,26.169478121153297,0.37473906057664763,2.0,2025-09-04T01:15:00+00:00,25.045260939423354,SL,-1.0,0.09426741531357118,-1.0942674153135712,42,
UNI,BREAKOUT,SHORT,23677,23678,2025-09-04T15:15:00+00:00,2025-09-04T15:30:00+00:00,9.259,9.403172069850816,8.970655860298368,0.144172069850816,2.0,2025-09-05T03:45:00+00:00,9.403172069850816,SL,-1.0,0.09061061870314568,-1.0906106187031457,49,
CRV,BREAKOUT,SHORT,23770,23771,2025-09-05T14:30:00+00:00,2025-09-05T14:45:00+00:00,0.743,0.762023606427596,0.7049527871448079,0.01902360642759604,2.0,2025-09-05T19:00:00+00:00,0.762023606427596,SL,-1.0,0.05537943231263785,-1.0553794323126378,17,
BNB,BREAKOUT,LONG,23962,23963,2025-09-07T14:30:00+00:00,2025-09-07T14:45:00+00:00,874.88,871.1344229128279,882.3711541743443,3.745577087172137,2.0,2025-09-07T23:15:00+00:00,882.3711541743443,TP,2.0,0.3284075535742698,1.6715924464257301,34,
CRV,BREAKOUT,SHORT,23968,23969,2025-09-07T16:00:00+00:00,2025-09-07T16:15:00+00:00,0.766,0.7749035145680655,0.748192970863869,0.008903514568065485,2.0,2025-09-07T23:15:00+00:00,0.7749035145680655,SL,-1.0,0.12114681814150233,-1.1211468181415023,28,
BNB,BREAKOUT,LONG,24053,24054,2025-09-08T13:15:00+00:00,2025-09-08T13:30:00+00:00,881.86,876.6995136179344,892.1809727641313,5.160486382065642,2.0,2025-09-08T19:30:00+00:00,876.6995136179344,SL,-1.0,0.2385417901325441,-1.2385417901325442,24,
DOGE,BREAKOUT,LONG,24086,24087,2025-09-08T21:30:00+00:00,2025-09-08T21:45:00+00:00,0.24213,0.23805355124066108,0.2502828975186779,0.004076448759338935,2.0,2025-09-09T00:30:00+00:00,0.23805355124066108,SL,-1.0,0.08245620286491022,-1.0824562028649103,11,
SOL,BREAKOUT,LONG,24042,24043,2025-09-08T10:30:00+00:00,2025-09-08T10:45:00+00:00,214.39,211.61268576792935,219.94462846414126,2.777314232070637,2.0,2025-09-09T02:45:00+00:00,211.61268576792935,SL,-1.0,0.10737059443764307,-1.107370594437643,64,
DOGE,BREAKOUT,LONG,24124,24125,2025-09-09T07:00:00+00:00,2025-09-09T07:15:00+00:00,0.24139,0.23787364609108047,0.24842270781783904,0.003516353908919523,2.0,2025-09-09T12:15:00+00:00,0.24842270781783904,TP,2.0,0.09750693597785251,1.9024930640221476,20,
ADA,BREAKOUT,LONG,24122,24123,2025-09-09T06:30:00+00:00,2025-09-09T06:45:00+00:00,0.8805,0.8691047766799216,0.9032904466401567,0.011395223320078363,2.0,2025-09-09T14:30:00+00:00,0.8691047766799216,SL,-1.0,0.10747690582930347,-1.1074769058293035,31,
UNI,BREAKOUT,SHORT,24158,24159,2025-09-09T15:30:00+00:00,2025-09-09T15:45:00+00:00,9.409,9.618276059690785,8.990447880618431,0.20927605969078478,2.0,2025-09-10T02:00:00+00:00,9.618276059690785,SL,-1.0,0.06364365451768891,-1.0636436545176888,41,
AVAX,BREAKOUT,LONG,24122,24123,2025-09-09T06:30:00+00:00,2025-09-09T06:45:00+00:00,25.785,25.457789677297967,26.439420645404066,0.3272103227020331,2.0,2025-09-10T04:45:00+00:00,26.439420645404066,TP,2.0,0.11172353656175071,1.8882764634382494,88,
AVAX,BREAKOUT,LONG,24218,24219,2025-09-10T06:30:00+00:00,2025-09-10T06:45:00+00:00,26.855,26.4167880082225,27.731423983555,0.43821199177750003,2.0,2025-09-10T10:15:00+00:00,26.4167880082225,SL,-1.0,0.0850963741418781,-1.085096374141878,14,
SOL,BREAKOUT,LONG,24201,24202,2025-09-10T02:15:00+00:00,2025-09-10T02:30:00+00:00,218.74,216.046905685798,224.126188628404,2.693094314202,2.0,2025-09-10T12:30:00+00:00,224.126188628404,TP,2.0,0.11511157645132153,1.8848884235486785,40,
BNB,BREAKOUT,LONG,24243,24244,2025-09-10T12:45:00+00:00,2025-09-10T13:00:00+00:00,889.55,885.3190284664927,898.0119430670145,4.230971533507272,2.0,2025-09-10T13:00:00+00:00,898.0119430670145,TP,2.0,0.29574610706719834,1.7042538929328017,0,True
AVAX,BREAKOUT,LONG,24244,24245,2025-09-10T13:00:00+00:00,2025-09-10T13:15:00+00:00,28.396,27.69877650656423,29.790446986871544,0.6972234934357715,2.0,2025-09-11T04:00:00+00:00,29.790446986871544,TP,2.0,0.058418158989592614,1.9415818410104073,59,
ETH,BREAKOUT,LONG,24337,24338,2025-09-11T12:15:00+00:00,2025-09-11T12:30:00+00:00,4471.66,4431.3597702126435,4552.2604595747125,40.30022978735633,2.0,2025-09-11T12:30:00+00:00,4431.3597702126435,SL,-1.0,0.15464214154689743,-1.1546421415468975,0,True
DOGE,BREAKOUT,LONG,24377,24378,2025-09-11T22:15:00+00:00,2025-09-11T22:30:00+00:00,0.25565,0.2518993431866973,0.2631513136266053,0.0037506568133026663,2.0,2025-09-12T00:30:00+00:00,0.2631513136266053,TP,2.0,0.09682595279061,1.90317404720939,8,
ETH,BREAKOUT,LONG,24380,24381,2025-09-11T23:00:00+00:00,2025-09-11T23:15:00+00:00,4463.59,4429.585748120054,4531.598503759893,34.00425187994642,2.0,2025-09-12T00:45:00+00:00,4531.598503759893,TP,2.0,0.18517190070413764,1.8148280992958623,6,
LINK,BREAKOUT,LONG,24378,24379,2025-09-11T22:30:00+00:00,2025-09-11T22:45:00+00:00,24.351,24.058463515897824,24.93607296820435,0.29253648410217536,2.0,2025-09-12T18:15:00+00:00,24.93607296820435,TP,2.0,0.11793725894952904,1.8820627410504709,78,
ETH,BREAKOUT,LONG,24453,24454,2025-09-12T17:15:00+00:00,2025-09-12T17:30:00+00:00,4587.99,4541.983542646893,4680.002914706214,46.00645735310718,2.0,2025-09-12T20:45:00+00:00,4680.002914706214,TP,2.0,0.14101487950921723,1.8589851204907828,13,
DOGE,BREAKOUT,LONG,24448,24449,2025-09-12T16:00:00+00:00,2025-09-12T16:15:00+00:00,0.26783,0.2631019604785895,0.277286079042821,0.0047280395214104876,2.0,2025-09-12T22:15:00+00:00,0.277286079042821,TP,2.0,0.08070602066713263,1.9192939793328674,24,
ADA,BREAKOUT,LONG,24454,24455,2025-09-12T17:30:00+00:00,2025-09-12T17:45:00+00:00,0.9045,0.8938741582349562,0.9257516835300875,0.010625841765043775,2.0,2025-09-13T00:15:00+00:00,0.9257516835300875,TP,2.0,0.12057173509639434,1.8794282649036056,26,
AVAX,BREAKOUT,LONG,24491,24492,2025-09-13T02:45:00+00:00,2025-09-13T03:00:00+00:00,29.834,29.372233972572566,30.757532054854867,0.46176602742743356,2.0,2025-09-13T04:15:00+00:00,30.757532054854867,TP,2.0,0.09185186852028385,1.9081481314797162,5,
AVAX,BREAKOUT,LONG,24501,24502,2025-09-13T05:15:00+00:00,2025-09-13T05:30:00+00:00,31.058,30.405125998494142,32.363748003011715,0.6528740015058574,2.0,2025-09-13T09:45:00+00:00,30.405125998494142,SL,-1.0,0.06589968064237568,-1.0658996806423757,17,
SUI,BREAKOUT,LONG,24516,24517,2025-09-13T09:00:00+00:00,2025-09-13T09:15:00+00:00,3.7921,3.754245862357231,3.867808275285538,0.037854137642769015,2.0,2025-09-13T12:45:00+00:00,3.867808275285538,TP,2.0,0.14164728419653028,1.8583527158034698,14,
XRP,BREAKOUT,LONG,24516,24517,2025-09-13T09:00:00+00:00,2025-09-13T09:15:00+00:00,3.1649,3.137370214547682,3.2199595709046354,0.027529785452317768,2.0,2025-09-13T13:45:00+00:00,3.137370214547682,SL,-1.0,0.16024785800907723,-1.1602478580090771,18,
DOGE,BREAKOUT,LONG,24533,24534,2025-09-13T13:15:00+00:00,2025-09-13T13:30:00+00:00,0.3046,0.2965943929385523,0.3206112141228954,0.008005607061447706,2.0,2025-09-13T13:45:00+00:00,0.2965943929385523,SL,-1.0,0.0525676656157146,-1.0525676656157146,1,
BNB,BREAKOUT,LONG,24583,24584,2025-09-14T01:45:00+00:00,2025-09-14T02:00:00+00:00,934.8,928.5300124636467,947.3399750727065,6.269987536353256,2.0,2025-09-14T04:15:00+00:00,928.5300124636467,SL,-1.0,0.2080276876408556,-1.2080276876408556,9,
SOL,BREAKOUT,LONG,24587,24588,2025-09-14T02:45:00+00:00,2025-09-14T03:00:00+00:00,248.6,245.35712872013093,255.08574255973812,3.242871279869064,2.0,2025-09-14T04:15:00+00:00,245.35712872013093,SL,-1.0,0.10662464225778726,-1.1066246422577872,5,
AVAX,BREAKOUT,LONG,24597,24598,2025-09-14T05:15:00+00:00,2025-09-14T05:30:00+00:00,30.386,29.961565797826182,31.234868404347633,0.424434202173817,2.0,2025-09-14T07:45:00+00:00,29.961565797826182,SL,-1.0,0.0995284919125782,-1.0995284919125783,9,
BNB,BREAKOUT,LONG,24599,24600,2025-09-14T05:45:00+00:00,2025-09-14T06:00:00+00:00,943.21,935.9670228183177,957.6959543633648,7.242977181682363,2.0,2025-09-14T11:15:00+00:00,935.9670228183177,SL,-1.0,0.1816137042788919,-1.181613704278892,21,
SUI,BREAKOUT,LONG,24614,24615,2025-09-14T09:30:00+00:00,2025-09-14T09:45:00+00:00,3.8008,3.757563879688724,3.887272240622553,0.04323612031127633,2.0,2025-09-14T11:15:00+00:00,3.757563879688724,SL,-1.0,0.12237117201291091,-1.1223711720129108,6,
BTC,BREAKOUT,LONG,24662,24663,2025-09-14T21:30:00+00:00,2025-09-14T21:45:00+00:00,116021.1,115670.7516985228,116721.79660295442,350.3483014772064,2.0,2025-09-14T23:00:00+00:00,115670.7516985228,SL,-1.0,0.46292302689961135,-1.4629230268996114,5,
LINK,BREAKOUT,LONG,24759,24760,2025-09-15T21:45:00+00:00,2025-09-15T22:00:00+00:00,23.805,23.51335540271196,24.388289194576082,0.29164459728804104,2.0,2025-09-16T00:15:00+00:00,23.51335540271196,SL,-1.0,0.11357264660447244,-1.1135726466044724,9,
AVAX,BREAKOUT,LONG,24755,24756,2025-09-15T20:45:00+00:00,2025-09-15T21:00:00+00:00,30.022,29.42367995986139,31.21864008027722,0.59832004013861,2.0,2025-09-16T01:45:00+00:00,29.42367995986139,SL,-1.0,0.06954802309857935,-1.0695480230985794,19,
BTC,BREAKOUT,LONG,24792,24793,2025-09-16T06:00:00+00:00,2025-09-16T06:15:00+00:00,115952.5,115380.60188176496,117096.29623647008,571.8981182350399,2.0,2025-09-16T09:45:00+00:00,115380.60188176496,SL,-1.0,0.28315038317836155,-1.2831503831783615,14,
BNB,BREAKOUT,LONG,24792,24793,2025-09-16T06:00:00+00:00,2025-09-16T06:15:00+00:00,932.36,926.4298879702733,944.2202240594535,5.930112029726729,2.0,2025-09-16T10:30:00+00:00,926.4298879702733,SL,-1.0,0.21941455997065729,-1.2194145599706574,17,
AVAX,BREAKOUT,LONG,24797,24798,2025-09-16T07:15:00+00:00,2025-09-16T07:30:00+00:00,30.088,29.61414247307013,31.03571505385974,0.47385752692986927,2.0,2025-09-16T14:00:00+00:00,29.61414247307013,SL,-1.0,0.08819423002925987,-1.08819423002926,26,
XRP,BREAKOUT,LONG,24792,24793,2025-09-16T06:00:00+00:00,2025-09-16T06:15:00+00:00,3.0014,2.976626979229003,3.050946041541993,0.024773020770996634,2.0,2025-09-16T17:00:00+00:00,3.050946041541993,TP,2.0,0.17101839409263742,1.8289816059073627,43,
BNB,BREAKOUT,LONG,24831,24832,2025-09-16T15:45:00+00:00,2025-09-16T16:00:00+00:00,938.0,930.5719762322598,952.8560475354805,7.428023767740228,2.0,2025-09-16T17:15:00+00:00,952.8560475354805,TP,2.0,0.17818995666427503,1.821810043335725,5,
SOL,BREAKOUT,LONG,24831,24832,2025-09-16T15:45:00+00:00,2025-09-16T16:00:00+00:00,237.66,234.39316331503449,244.19367336993102,3.2668366849655115,2.0,2025-09-17T03:45:00+00:00,234.39316331503449,SL,-1.0,0.10114898483944648,-1.1011489848394465,47,
BTC,BREAKOUT,LONG,24836,24837,2025-09-16T17:00:00+00:00,2025-09-16T17:15:00+00:00,116492.1,115787.17681543168,117901.94636913665,704.9231845683244,2.0,2025-09-17T14:15:00+00:00,115787.17681543168,SL,-1.0,0.2306570380010571,-1.230657038001057,84,
AVAX,BREAKOUT,LONG,24955,24956,2025-09-17T22:45:00+00:00,2025-09-17T23:00:00+00:00,31.551,30.825017144080853,33.002965711838286,0.7259828559191455,2.0,2025-09-18T03:00:00+00:00,33.002965711838286,TP,1.9999999999999951,0.0622435855473142,1.9377564144526809,16,
SUI,BREAKOUT,LONG,24942,24943,2025-09-17T19:30:00+00:00,2025-09-17T19:45:00+00:00,3.6781,3.5948176953964546,3.8446646092070913,0.08328230460354558,2.0,2025-09-18T08:45:00+00:00,3.8446646092070913,TP,2.0,0.06322994124037218,1.936770058759628,52,
CRV,BREAKOUT,SHORT,24985,24986,2025-09-18T06:15:00+00:00,2025-09-18T06:30:00+00:00,0.769,0.7843902719368785,0.7382194561262431,0.015390271936878475,2.0,2025-09-18T09:15:00+00:00,0.7843902719368785,SL,-1.0,0.07065327986507047,-1.0706532798650705,11,
XRP,BREAKOUT,LONG,25005,25006,2025-09-18T11:15:00+00:00,2025-09-18T11:30:00+00:00,3.1281,3.098985107998985,3.1863297840020293,0.02911489200101469,2.0,2025-09-18T17:30:00+00:00,3.098985107998985,SL,-1.0,0.14971580782258692,-1.1497158078225869,24,
AVAX,BREAKOUT,LONG,25012,25013,2025-09-18T13:00:00+00:00,2025-09-18T13:15:00+00:00,33.351,32.80570602934538,34.44158794130924,0.5452939706546189,2.0,2025-09-18T18:00:00+00:00,34.44158794130924,TP,2.0,0.0870261072242327,1.9129738927757673,19,
BTC,BREAKOUT,LONG,25018,25019,2025-09-18T14:30:00+00:00,2025-09-18T14:45:00+00:00,117713.3,117114.70840677235,118910.48318645531,598.5915932276548,2.0,2025-09-18T22:45:00+00:00,117114.70840677235,SL,-1.0,0.27461061555908656,-1.2746106155590866,32,
BNB,BREAKOUT,LONG,24955,24956,2025-09-17T22:45:00+00:00,2025-09-17T23:00:00+00:00,992.91,975.3187607338969,1028.0924785322063,17.591239266103116,2.0,2025-09-18T23:00:00+00:00,982.52,TIME,-0.5906349088219537,0.07860736694455317,-0.6692422757665069,96,
SUI,BREAKOUT,LONG,25018,25019,2025-09-18T14:30:00+00:00,2025-09-18T14:45:00+00:00,3.9377,3.874199788393499,4.064700423213003,0.0635002116065011,2.0,2025-09-18T23:00:00+00:00,3.874199788393499,SL,-1.0,0.08611514376930998,-1.08611514376931,33,
UNI,BREAKOUT,SHORT,25068,25069,2025-09-19T03:00:00+00:00,2025-09-19T03:15:00+00:00,9.508,9.65556993377189,9.212860132456218,0.14756993377189076,2.0,2025-09-19T15:00:00+00:00,9.212860132456218,TP,2.0,0.08880265618995302,1.911197343810047,47,
FET,BREAKOUT,SHORT,25348,25349,2025-09-22T01:00:00+00:00,2025-09-22T01:15:00+00:00,0.6191,0.6291120276652302,0.5990759446695395,0.010012027665230239,2.0,2025-09-22T05:45:00+00:00,0.5990759446695395,TP,2.0,0.08516987665046252,1.9148301233495375,18,
AVAX,BREAKOUT,LONG,25436,25437,2025-09-22T23:00:00+00:00,2025-09-22T23:15:00+00:00,33.62,32.858318245472,35.143363509055995,0.7616817545279986,2.0,2025-09-23T02:45:00+00:00,32.858318245472,SL,-1.0,0.06109483717470329,-1.0610948371747033,14,
UNI,BREAKOUT,SHORT,25450,25451,2025-09-23T02:30:00+00:00,2025-09-23T02:45:00+00:00,8.096,8.191780790569402,7.904438418861197,0.09578079056940147,2.0,2025-09-23T06:30:00+00:00,8.191780790569402,SL,-1.0,0.11903688083611343,-1.1190368808361135,15,
AVAX,BREAKOUT,LONG,25539,25540,2025-09-24T00:45:00+00:00,2025-09-24T01:00:00+00:00,34.582,33.79088871107862,36.16422257784276,0.7911112889213783,2.0,2025-09-24T02:45:00+00:00,33.79088871107862,SL,-1.0,0.06049846939108908,-1.060498469391089,7,
CRV,BREAKOUT,SHORT,25511,25512,2025-09-23T17:45:00+00:00,2025-09-23T18:00:00+00:00,0.672,0.6879397891439283,0.6401204217121436,0.01593978914392824,2.0,2025-09-24T06:45:00+00:00,0.6879397891439283,SL,-1.0,0.05972211073842016,-1.0597221107384203,51,
UNI,BREAKOUT,SHORT,25510,25511,2025-09-23T17:30:00+00:00,2025-09-23T17:45:00+00:00,8.073,8.199886868118663,7.819226263762676,0.12688686811866212,2.0,2025-09-24T17:45:00+00:00,8.082,TIME,-0.07092932573277573,0.08912269778322933,-0.16005202351600506,96,
UNI,BREAKOUT,SHORT,25634,25635,2025-09-25T00:30:00+00:00,2025-09-25T00:45:00+00:00,7.866,7.961570564025969,7.674858871948061,0.09557056402596942,2.0,2025-09-25T04:30:00+00:00,7.674858871948061,TP,2.0,0.11382794818923113,1.886172051810769,15,
XRP,BREAKOUT,SHORT,25676,25677,2025-09-25T11:00:00+00:00,2025-09-25T11:15:00+00:00,2.8147,2.845071799375906,2.753956401248189,0.030371799375905617,2.0,2025-09-25T13:15:00+00:00,2.845071799375906,SL,-1.0,0.13044470004981393,-1.130444700049814,8,
LINK,BREAKOUT,SHORT,25678,25679,2025-09-25T11:30:00+00:00,2025-09-25T11:45:00+00:00,20.774,21.072252051867522,20.177495896264958,0.2982520518675216,2.0,2025-09-25T14:15:00+00:00,21.072252051867522,SL,-1.0,0.09821349510553723,-1.0982134951055373,10,
XRP,BREAKOUT,SHORT,25703,25704,2025-09-25T17:45:00+00:00,2025-09-25T18:00:00+00:00,2.736,2.7870761166497555,2.6338477667004896,0.05107611664975531,2.0,2025-09-25T18:30:00+00:00,2.7870761166497555,SL,-1.0,0.07569395512517593,-1.0756939551251758,2,
ADA,BREAKOUT,SHORT,25703,25704,2025-09-25T17:45:00+00:00,2025-09-25T18:00:00+00:00,0.7581,0.7749579215730527,0.7243841568538947,0.01685792157305266,2.0,2025-09-25T18:45:00+00:00,0.7749579215730527,SL,-1.0,0.0636579391148995,-1.0636579391148995,3,
ETH,BREAKOUT,SHORT,25703,25704,2025-09-25T17:45:00+00:00,2025-09-25T18:00:00+00:00,3837.04,3916.807462399072,3677.505075201856,79.76746239907197,2.0,2025-09-25T18:45:00+00:00,3916.807462399072,SL,-1.0,0.06804395000714598,-1.068043950007146,3,
LINK,BREAKOUT,SHORT,25703,25704,2025-09-25T17:45:00+00:00,2025-09-25T18:00:00+00:00,19.964,20.440000688852884,19.01199862229423,0.47600068885288493,2.0,2025-09-25T18:45:00+00:00,20.440000688852884,SL,-1.0,0.05941756208453353,-1.0594175620845336,3,
XRP,BREAKOUT,SHORT,25771,25772,2025-09-26T10:45:00+00:00,2025-09-26T11:00:00+00:00,2.7088,2.743167510091227,2.640064979817546,0.03436751009122707,2.0,2025-09-26T12:30:00+00:00,2.743167510091227,SL,-1.0,0.11104607947836344,-1.1110460794783634,6,
LINK,BREAKOUT,SHORT,25925,25926,2025-09-28T01:15:00+00:00,2025-09-28T01:30:00+00:00,20.738,20.926472225318715,20.36105554936257,0.18847222531871566,2.0,2025-09-28T14:30:00+00:00,20.926472225318715,SL,-1.0,0.15474497904613507,-1.154744979046135,52,
DOGE,BREAKOUT,SHORT,25925,25926,2025-09-28T01:15:00+00:00,2025-09-28T01:30:00+00:00,0.22879,0.23095240767056457,0.22446518465887083,0.002162407670564581,2.0,2025-09-28T16:00:00+00:00,0.23095240767056457,SL,-1.0,0.14882470578980678,-1.1488247057898069,58,
DOGE,BREAKOUT,SHORT,26059,26060,2025-09-29T10:45:00+00:00,2025-09-29T11:00:00+00:00,0.23018,0.23234152933023164,0.2258569413395367,0.002161529330231643,2.0,2025-09-29T13:30:00+00:00,0.23234152933023164,SL,-1.0,0.14978518496275295,-1.149785184962753,10,
CRV,BREAKOUT,SHORT,26067,26068,2025-09-29T12:45:00+00:00,2025-09-29T13:00:00+00:00,0.676,0.6878233432879876,0.652353313424025,0.011823343287987509,2.0,2025-09-29T13:30:00+00:00,0.6878233432879876,SL,-1.0,0.0807450411485168,-1.0807450411485169,2,
UNI,BREAKOUT,SHORT,26067,26068,2025-09-29T12:45:00+00:00,2025-09-29T13:00:00+00:00,7.593,7.687400489051259,7.404199021897481,0.0944004890512593,2.0,2025-09-29T13:30:00+00:00,7.687400489051259,SL,-1.0,0.11330746747008716,-1.1133074674700871,2,
SUI,BREAKOUT,SHORT,26060,26061,2025-09-29T11:00:00+00:00,2025-09-29T11:15:00+00:00,3.2245,3.266954726223388,3.139590547553224,0.04245472622338786,2.0,2025-09-29T13:45:00+00:00,3.266954726223388,SL,-1.0,0.1070320954243516,-1.1070320954243515,10,
FET,BREAKOUT,SHORT,26037,26038,2025-09-29T05:15:00+00:00,2025-09-29T05:30:00+00:00,0.571,0.5765524846613305,0.5598950306773389,0.0055524846613305145,2.0,2025-09-29T14:15:00+00:00,0.5765524846613305,SL,-1.0,0.14467158186988013,-1.14467158186988,35,
BNB,BREAKOUT,LONG,26071,26072,2025-09-29T13:45:00+00:00,2025-09-29T14:00:00+00:00,1012.51,1002.9961411798209,1031.537717640358,9.513858820179053,2.0,2025-09-29T22:00:00+00:00,1031.537717640358,TP,2.0,0.15039464316134576,1.8496053568386541,32,
SOL,BREAKOUT,SHORT,26148,26149,2025-09-30T09:00:00+00:00,2025-09-30T09:15:00+00:00,206.21,208.45422876317554,201.72154247364895,2.2442287631755278,2.0,2025-09-30T13:30:00+00:00,208.45422876317554,SL,-1.0,0.12933840119021786,-1.1293384011902179,17,
UNI,BREAKOUT,SHORT,26170,26171,2025-09-30T14:30:00+00:00,2025-09-30T14:45:00+00:00,7.487,7.584313261073896,7.292373477852209,0.0973132610738956,2.0,2025-09-30T16:15:00+00:00,7.584313261073896,SL,-1.0,0.10841193858194273,-1.1084119385819426,6,
SUI,BREAKOUT,SHORT,26148,26149,2025-09-30T09:00:00+00:00,2025-09-30T09:15:00+00:00,3.2089,3.2456971825668592,3.135305634866281,0.03679718256685938,2.0,2025-09-30T19:45:00+00:00,3.2456971825668592,SL,-1.0,0.12278706446036554,-1.1227870644603655,42,
XRP,BREAKOUT,SHORT,26148,26149,2025-09-30T09:00:00+00:00,2025-09-30T09:15:00+00:00,2.8478,2.870329536955995,2.8027409260880094,0.022529536955995244,2.0,2025-09-30T19:45:00+00:00,2.870329536955995,SL,-1.0,0.17766413414031826,-1.1776641341403182,42,
SOL,BREAKOUT,SHORT,26174,26175,2025-09-30T15:30:00+00:00,2025-09-30T15:45:00+00:00,205.24,208.86709250014727,197.9858149997055,3.6270925001472563,2.0,2025-09-30T19:45:00+00:00,208.86709250014727,SL,-1.0,0.07991937474391249,-1.0799193747439124,16,
FET,BREAKOUT,SHORT,26183,26184,2025-09-30T17:45:00+00:00,2025-09-30T18:00:00+00:00,0.547,0.5615405913751044,0.5179188172497914,0.014540591375104328,2.0,2025-10-01T09:00:00+00:00,0.5615405913751044,SL,-1.0,0.053366358626318625,-1.0533663586263187,60,
BNB,BREAKOUT,LONG,26354,26355,2025-10-02T12:30:00+00:00,2025-10-02T12:45:00+00:00,1061.96,1051.644576840086,1082.590846319828,10.315423159913962,2.0,2025-10-02T14:00:00+00:00,1051.644576840086,SL,-1.0,0.14342826085288785,-1.1434282608528878,5,
UNI,BREAKOUT,SHORT,26363,26364,2025-10-02T14:45:00+00:00,2025-10-02T15:00:00+00:00,8.047,8.166710504878482,7.807578990243037,0.11971050487848167,2.0,2025-10-02T15:45:00+00:00,8.166710504878482,SL,-1.0,0.09480870007971258,-1.0948087000797126,3,
BTC,BREAKOUT,LONG,26368,26369,2025-10-02T16:00:00+00:00,2025-10-02T16:15:00+00:00,120083.4,119113.9155875086,122022.36882498278,969.4844124913943,2.0,2025-10-03T15:45:00+00:00,122022.36882498278,TP,2.0,0.1748084198094235,1.8251915801905765,94,
AVAX,BREAKOUT,LONG,26462,26463,2025-10-03T15:30:00+00:00,2025-10-03T15:45:00+00:00,30.999,30.438639296297488,32.119721407405024,0.5603607037025107,2.0,2025-10-03T17:00:00+00:00,30.438639296297488,SL,-1.0,0.07674761492597425,-1.0767476149259743,5,
DOGE,BREAKOUT,LONG,26465,26466,2025-10-03T16:15:00+00:00,2025-10-03T16:30:00+00:00,0.26275,0.2583851133682157,0.2714797732635686,0.004364886631784304,2.0,2025-10-03T17:00:00+00:00,0.2583851133682157,SL,-1.0,0.08357481193242998,-1.08357481193243,2,
SOL,BREAKOUT,LONG,26465,26466,2025-10-03T16:15:00+00:00,2025-10-03T16:30:00+00:00,235.31,231.53385647697846,242.8622870460431,3.7761435230215454,2.0,2025-10-03T17:00:00+00:00,231.53385647697846,SL,-1.0,0.08654085776707919,-1.0865408577670792,2,
XRP,BREAKOUT,LONG,26605,26606,2025-10-05T03:15:00+00:00,2025-10-05T03:30:00+00:00,3.0135,2.9874566631169257,3.065586673766149,0.026043336883074364,2.0,2025-10-05T07:45:00+00:00,3.065586673766149,TP,2.0,0.16339537021470835,1.8366046297852916,17,
SOL,BREAKOUT,LONG,26713,26714,2025-10-06T06:15:00+00:00,2025-10-06T06:30:00+00:00,233.8,231.02029923573002,239.35940152854,2.7797007642699896,2.0,2025-10-06T07:30:00+00:00,231.02029923573002,SL,-1.0,0.11705368205360098,-1.117053682053601,4,
DOGE,BREAKOUT,LONG,26713,26714,2025-10-06T06:15:00+00:00,2025-10-06T06:30:00+00:00,0.25658,0.2531475842615335,0.26344483147693293,0.0034324157384664766,2.0,2025-10-06T14:15:00+00:00,0.26344483147693293,TP,2.0,0.10605282394972572,1.8939471760502742,31,
BNB,BREAKOUT,LONG,26736,26737,2025-10-06T12:00:00+00:00,2025-10-06T12:15:00+00:00,1232.81,1213.354025275165,1271.7219494496699,19.45597472483496,2.0,2025-10-06T14:15:00+00:00,1213.354025275165,SL,-1.0,0.08800971639354042,-1.0880097163935405,8,
ETH,BREAKOUT,LONG,26743,26744,2025-10-06T13:45:00+00:00,2025-10-06T14:00:00+00:00,4636.81,4587.292140134571,4735.845719730859,49.51785986542927,2.0,2025-10-07T12:45:00+00:00,4735.845719730859,TP,2.0,0.13249480130283342,1.8675051986971667,91,
ADA,BREAKOUT,LONG,26835,26836,2025-10-07T12:45:00+00:00,2025-10-07T13:00:00+00:00,0.87,0.8593151201114723,0.8913697597770555,0.010684879888527732,2.0,2025-10-07T13:30:00+00:00,0.8593151201114723,SL,-1.0,0.11329285838559183,-1.1132928583855919,2,
ETH,BREAKOUT,LONG,26914,26915,2025-10-08T08:30:00+00:00,2025-10-08T08:45:00+00:00,4491.9,4446.672714630419,4582.35457073916,45.227285369580386,2.0,2025-10-08T13:30:00+00:00,4446.672714630419,SL,-1.0,0.1383457098764923,-1.1383457098764924,19,
FET,BREAKOUT,SHORT,26893,26894,2025-10-08T03:15:00+00:00,2025-10-08T03:30:00+00:00,0.5525,0.559361456029212,0.5387770879415761,0.006861456029211954,2.0,2025-10-08T17:15:00+00:00,0.559361456029212,SL,-1.0,0.11343117494405007,-1.11343117494405,55,
SUI,BREAKOUT,LONG,26948,26949,2025-10-08T17:00:00+00:00,2025-10-08T17:15:00+00:00,3.5138,3.4684286525688948,3.60454269486221,0.04537134743110505,2.0,2025-10-09T02:30:00+00:00,3.4684286525688948,SL,-1.0,0.10772349364805246,-1.1077234936480524,37,
FET,BREAKOUT,SHORT,26986,26987,2025-10-09T02:30:00+00:00,2025-10-09T02:45:00+00:00,0.5444,0.5512936830378805,0.530612633924239,0.006893683037880516,2.0,2025-10-09T04:00:00+00:00,0.5512936830378805,SL,-1.0,0.11125918814543125,-1.1112591881454312,5,
UNI,BREAKOUT,SHORT,26986,26987,2025-10-09T02:30:00+00:00,2025-10-09T02:45:00+00:00,7.864,7.973578174340414,7.644843651319172,0.10957817434041406,2.0,2025-10-09T05:00:00+00:00,7.973578174340414,SL,-1.0,0.10117256277329213,-1.1011725627732922,9,
FET,BREAKOUT,SHORT,27007,27008,2025-10-09T07:45:00+00:00,2025-10-09T08:00:00+00:00,0.5364,0.5438088072869897,0.5215823854260206,0.0074088072869896715,2.0,2025-10-09T13:45:00+00:00,0.5215823854260206,TP,2.0,0.09996044452374037,1.9000395554762597,23,
FET,BREAKOUT,SHORT,27038,27039,2025-10-09T15:30:00+00:00,2025-10-09T15:45:00+00:00,0.5056,0.5164859714794822,0.4838280570410358,0.010885971479482115,2.0,2025-10-10T07:45:00+00:00,0.4838280570410358,TP,2.0,0.06362313563232617,1.9363768643676738,64,
XRP,BREAKOUT,SHORT,27133,27134,2025-10-10T15:15:00+00:00,2025-10-10T15:30:00+00:00,2.7477,2.78584436249673,2.67141127500654,0.03814436249672992,2.0,2025-10-10T19:15:00+00:00,2.67141127500654,TP,2.0,0.09944793002713782,1.9005520699728622,15,
CRV,BREAKOUT,SHORT,27133,27134,2025-10-10T15:15:00+00:00,2025-10-10T15:30:00+00:00,0.708,0.7286682790033646,0.6666634419932707,0.020668279003364654,2.0,2025-10-10T20:45:00+00:00,0.6666634419932707,TP,2.0,0.046557548852453536,1.9534424511475466,21,
ADA,BREAKOUT,SHORT,27149,27150,2025-10-10T19:15:00+00:00,2025-10-10T19:30:00+00:00,0.7595,0.7755962857502132,0.7273074284995734,0.01609628575021327,2.0,2025-10-10T20:45:00+00:00,0.7273074284995734,TP,2.0,0.06465871792415909,1.9353412820758409,5,
SUI,BREAKOUT,SHORT,27149,27150,2025-10-10T19:15:00+00:00,2025-10-10T19:30:00+00:00,3.2033,3.2710648904826223,3.0677702190347556,0.06776489048262224,2.0,2025-10-10T20:45:00+00:00,3.0677702190347556,TP,2.0,0.06477910791355952,1.9352208920864404,5,
BNB,BREAKOUT,LONG,27237,27238,2025-10-11T17:15:00+00:00,2025-10-11T17:30:00+00:00,1175.31,1147.1169873807398,1231.6960252385202,28.193012619260116,2.0,2025-10-11T19:30:00+00:00,1147.1169873807398,SL,-1.0,0.057663184602553555,-1.0576631846025535,8,
FET,BREAKOUT,SHORT,27246,27247,2025-10-11T19:30:00+00:00,2025-10-11T19:45:00+00:00,0.3836,0.39658678061045793,0.3576264387790841,0.012986780610457938,2.0,2025-10-12T01:30:00+00:00,0.3576264387790841,TP,2.0,0.03995281992578937,1.9600471800742105,23,
AVAX,BREAKOUT,SHORT,27247,27248,2025-10-11T19:45:00+00:00,2025-10-11T20:00:00+00:00,21.878,22.459374675604668,20.715250648790665,0.5813746756046676,2.0,2025-10-12T02:45:00+00:00,20.715250648790665,TP,2.0,0.05128409733902432,1.9487159026609757,27,
SUI,BREAKOUT,SHORT,27271,27272,2025-10-12T01:45:00+00:00,2025-10-12T02:00:00+00:00,2.4469,2.52065553440468,2.2993889311906393,0.0737555344046803,2.0,2025-10-12T03:30:00+00:00,2.52065553440468,SL,-1.0,0.047146141671269855,-1.04714614167127,6,
UNI,BREAKOUT,SHORT,27245,27246,2025-10-11T19:15:00+00:00,2025-10-11T19:30:00+00:00,5.897,6.049228475188814,5.592543049622373,0.15222847518881366,2.0,2025-10-12T04:30:00+00:00,6.049228475188814,SL,-1.0,0.05493295470679895,-1.054932954706799,36,
ADA,BREAKOUT,SHORT,27248,27249,2025-10-11T20:00:00+00:00,2025-10-11T20:15:00+00:00,0.6288,0.6450820443731424,0.5962359112537152,0.0162820443731424,2.0,2025-10-12T04:45:00+00:00,0.6450820443731424,SL,-1.0,0.054766920579832575,-1.0547669205798327,34,
CRV,BREAKOUT,SHORT,27246,27247,2025-10-11T19:30:00+00:00,2025-10-11T19:45:00+00:00,0.487,0.5043720415069122,0.4522559169861756,0.017372041506912184,2.0,2025-10-12T14:45:00+00:00,0.5043720415069122,SL,-1.0,0.03994697046853807,-1.039946970468538,76,
BNB,BREAKOUT,LONG,27324,27325,2025-10-12T15:00:00+00:00,2025-10-12T15:15:00+00:00,1266.17,1228.6767431255525,1341.1565137488951,37.493256874447525,2.0,2025-10-13T06:30:00+00:00,1341.1565137488951,TP,2.0,0.048678848192248984,1.9513211518077511,61,
CRV,BREAKOUT,SHORT,27478,27479,2025-10-14T05:30:00+00:00,2025-10-14T05:45:00+00:00,0.584,0.6014762872119659,0.5490474255760681,0.017476287211965924,2.0,2025-10-14T10:30:00+00:00,0.5490474255760681,TP,2.0,0.045383392266533214,1.9546166077334668,19,
UNI,BREAKOUT,SHORT,27479,27480,2025-10-14T05:45:00+00:00,2025-10-14T06:00:00+00:00,6.688,6.836855964630087,6.3902880707398255,0.1488559646300871,2.0,2025-10-14T13:30:00+00:00,6.3902880707398255,TP,2.0,0.0615010736873589,1.938498926312641,30,
ADA,BREAKOUT,SHORT,27482,27483,2025-10-14T06:30:00+00:00,2025-10-14T06:45:00+00:00,0.6817,0.6981582266657127,0.6487835466685745,0.016458226665712727,2.0,2025-10-14T16:00:00+00:00,0.6981582266657127,SL,-1.0,0.05868802139408197,-1.058688021394082,37,
AVAX,BREAKOUT,SHORT,27482,27483,2025-10-14T06:30:00+00:00,2025-10-14T06:45:00+00:00,22.313,22.842768431898673,21.25346313620265,0.529768431898674,2.0,2025-10-14T16:00:00+00:00,22.842768431898673,SL,-1.0,0.05966576337711034,-1.0596657633771103,37,
SOL,BREAKOUT,SHORT,27479,27480,2025-10-14T05:45:00+00:00,2025-10-14T06:00:00+00:00,199.62,204.05247702448293,190.75504595103416,4.432477024482921,2.0,2025-10-14T16:15:00+00:00,204.05247702448293,SL,-1.0,0.06375007300801562,-1.0637500730080156,41,
FET,BREAKOUT,SHORT,27507,27508,2025-10-14T12:45:00+00:00,2025-10-14T13:00:00+00:00,0.3281,0.33850290098276736,0.3072941980344653,0.01040290098276736,2.0,2025-10-14T16:15:00+00:00,0.33850290098276736,SL,-1.0,0.044854991070366536,-1.0448549910703666,13,
LINK,BREAKOUT,SHORT,27621,27622,2025-10-15T17:15:00+00:00,2025-10-15T17:30:00+00:00,17.907,18.303240845683987,17.114518308632025,0.39624084568398743,2.0,2025-10-16T10:00:00+00:00,18.303240845683987,SL,-1.0,0.06396909573576326,-1.0639690957357633,66,
AVAX,BREAKOUT,SHORT,27710,27711,2025-10-16T15:30:00+00:00,2025-10-16T15:45:00+00:00,21.45,21.953012646657708,20.443974706684582,0.5030126466577087,2.0,2025-10-17T06:15:00+00:00,20.443974706684582,TP,2.0,0.05830028825226514,1.9416997117477348,58,
SUI,BREAKOUT,SHORT,27711,27712,2025-10-16T15:45:00+00:00,2025-10-16T16:00:00+00:00,2.5894,2.664794960688401,2.438610078623198,0.07539496068840101,2.0,2025-10-17T06:30:00+00:00,2.438610078623198,TP,2.0,0.046682258640367,1.953317741359633,58,
FET,BREAKOUT,SHORT,27709,27710,2025-10-16T15:15:00+00:00,2025-10-16T15:30:00+00:00,0.2827,0.2915818741772955,0.26493625164540907,0.008881874177295468,2.0,2025-10-17T06:45:00+00:00,0.26493625164540907,TP,2.0,0.04316041507677776,1.9568395849232223,61,
DOGE,BREAKOUT,SHORT,27710,27711,2025-10-16T15:30:00+00:00,2025-10-16T15:45:00+00:00,0.19184,0.1972051423302167,0.18110971533956666,0.005365142330216677,2.0,2025-10-17T07:00:00+00:00,0.18110971533956666,TP,2.0,0.04865943616581618,1.9513405638341839,61,
SOL,BREAKOUT,SHORT,27710,27711,2025-10-16T15:30:00+00:00,2025-10-16T15:45:00+00:00,189.48,194.77764884836128,178.8847023032774,5.297648848361291,2.0,2025-10-17T07:00:00+00:00,178.8847023032774,TP,2.0,0.04867353405125294,1.951326465948747,61,
BTC,BREAKOUT,SHORT,27772,27773,2025-10-17T07:00:00+00:00,2025-10-17T07:15:00+00:00,106198.3,107216.2468280081,104162.40634398382,1017.946828008091,2.0,2025-10-17T10:15:00+00:00,104162.40634398382,TP,2.0,0.14465637142259288,1.8553436285774072,12,
UNI,BREAKOUT,SHORT,27772,27773,2025-10-17T07:00:00+00:00,2025-10-17T07:15:00+00:00,6.045,6.176959632018073,5.7810807359638545,0.1319596320180727,2.0,2025-10-17T11:15:00+00:00,6.176959632018073,SL,-1.0,0.06483324946860218,-1.0648332494686021,16,
CRV,BREAKOUT,SHORT,27772,27773,2025-10-17T07:00:00+00:00,2025-10-17T07:15:00+00:00,0.511,0.5272334072190766,0.47853318556184676,0.016233407219076623,2.0,2025-10-17T12:15:00+00:00,0.5272334072190766,SL,-1.0,0.04476961461296312,-1.044769614612963,20,
ETH,BREAKOUT,SHORT,27772,27773,2025-10-17T07:00:00+00:00,2025-10-17T07:15:00+00:00,3777.8,3836.0584102315447,3661.283179536911,58.25841023154453,2.0,2025-10-17T16:00:00+00:00,3836.0584102315447,SL,-1.0,0.09148380235539398,-1.0914838023553939,35,
SUI,BREAKOUT,SHORT,27773,27774,2025-10-17T07:15:00+00:00,2025-10-17T07:30:00+00:00,2.3845,2.445578396457541,2.2623432070849185,0.06107839645754076,2.0,2025-10-17T16:00:00+00:00,2.445578396457541,SL,-1.0,0.055355986299847476,-1.0553559862998474,34,
SUI,BREAKOUT,SHORT,28097,28098,2025-10-20T16:15:00+00:00,2025-10-20T16:30:00+00:00,2.5857,2.6295314145261304,2.4980371709477396,0.04383141452613026,2.0,2025-10-21T04:00:00+00:00,2.4980371709477396,TP,2.0,0.08118871038355231,1.9188112896164478,46,
UNI,BREAKOUT,SHORT,28097,28098,2025-10-20T16:15:00+00:00,2025-10-20T16:30:00+00:00,6.334,6.435559991004142,6.130880017991714,0.1015599910041427,2.0,2025-10-21T04:45:00+00:00,6.130880017991714,TP,2.0,0.08591391084544586,1.9140860891545541,49,
AVAX,BREAKOUT,SHORT,28147,28148,2025-10-21T04:45:00+00:00,2025-10-21T05:00:00+00:00,19.505,19.758198756757174,18.998602486485648,0.2531987567571754,2.0,2025-10-21T07:45:00+00:00,19.758198756757174,SL,-1.0,0.10854808089001863,-1.1085480808900186,11,
CRV,BREAKOUT,SHORT,28148,28149,2025-10-21T05:00:00+00:00,2025-10-21T05:15:00+00:00,0.53,0.5419402836142643,0.5061194327714715,0.011940283614264247,2.0,2025-10-21T12:15:00+00:00,0.5419402836142643,SL,-1.0,0.06284257751077059,-1.0628425775107706,28,
ETH,BREAKOUT,SHORT,28144,28145,2025-10-21T04:00:00+00:00,2025-10-21T04:15:00+00:00,3877.09,3920.576777112165,3790.1164457756704,43.48677711216487,2.0,2025-10-21T14:00:00+00:00,3920.576777112165,SL,-1.0,0.1255178494810002,-1.125517849481,39,
DOGE,BREAKOUT,SHORT,28136,28137,2025-10-21T02:00:00+00:00,2025-10-21T02:15:00+00:00,0.19715,0.19976352211574921,0.19192295576850155,0.0026135221157492228,2.0,2025-10-21T14:45:00+00:00,0.19976352211574921,SL,-1.0,0.10630844246802011,-1.10630844246802,50,
LINK,BREAKOUT,SHORT,28142,28143,2025-10-21T03:30:00+00:00,2025-10-21T03:45:00+00:00,18.237,18.530621212614875,17.649757574770245,0.2936212126148767,2.0,2025-10-21T14:45:00+00:00,18.530621212614875,SL,-1.0,0.087654889166977,-1.087654889166977,44,
BTC,BREAKOUT,SHORT,28209,28210,2025-10-21T20:15:00+00:00,2025-10-21T20:30:00+00:00,110783.3,112250.3280590866,107849.2438818268,1467.0280590866023,2.0,2025-10-22T00:15:00+00:00,107849.2438818268,TP,2.0,0.10432164522644911,1.895678354773551,15,
SUI,BREAKOUT,SHORT,28222,28223,2025-10-21T23:30:00+00:00,2025-10-21T23:45:00+00:00,2.484,2.5426679331679622,2.3666641336640755,0.05866793316796226,2.0,2025-10-22T05:15:00+00:00,2.3666641336640755,TP,2.0,0.0578759930717837,1.9421240069282164,22,
CRV,BREAKOUT,SHORT,28218,28219,2025-10-21T22:30:00+00:00,2025-10-21T22:45:00+00:00,0.542,0.5596964751764559,0.5066070496470882,0.017696475176455895,2.0,2025-10-22T11:00:00+00:00,0.5066070496470882,TP,2.0,0.04147859545100474,1.9585214045489954,49,
SOL,BREAKOUT,SHORT,28222,28223,2025-10-21T23:30:00+00:00,2025-10-21T23:45:00+00:00,185.39,189.2796241114931,177.61075177701377,3.889624111493106,2.0,2025-10-22T19:45:00+00:00,177.61075177701377,TP,2.0,0.06532778462913434,1.9346722153708658,80,
ADA,BREAKOUT,SHORT,28222,28223,2025-10-21T23:30:00+00:00,2025-10-21T23:45:00+00:00,0.6415,0.6547872502386807,0.6149254995226385,0.013287250238680715,2.0,2025-10-22T21:00:00+00:00,0.6149254995226385,TP,2.0,0.06619111056594144,1.9338088894340586,85,
FET,BREAKOUT,SHORT,28295,28296,2025-10-22T17:45:00+00:00,2025-10-22T18:00:00+00:00,0.238,0.24394507132795823,0.2261098573440835,0.00594507132795824,2.0,2025-10-22T21:00:00+00:00,0.2261098573440835,TP,2.0,0.05464642595843057,1.9453535740415695,12,
LINK,BREAKOUT,SHORT,28309,28310,2025-10-22T21:15:00+00:00,2025-10-22T21:30:00+00:00,16.899,17.284227023093564,16.128545953812875,0.38522702309356305,2.0,2025-10-23T01:00:00+00:00,17.284227023093564,SL,-1.0,0.062114694665004994,-1.062114694665005,14,
XRP,BREAKOUT,SHORT,28309,28310,2025-10-22T21:15:00+00:00,2025-10-22T21:30:00+00:00,2.3359,2.3773649930075966,2.252970013984807,0.04146499300759654,2.0,2025-10-23T03:00:00+00:00,2.3773649930075966,SL,-1.0,0.07956797423071736,-1.0795679742307174,22,
ADA,BREAKOUT,SHORT,28689,28690,2025-10-26T20:15:00+00:00,2025-10-26T20:30:00+00:00,0.6688,0.674811090783675,0.6567778184326499,0.0060110907836750105,2.0,2025-10-26T22:00:00+00:00,0.674811090783675,SL,-1.0,0.1564654065952337,-1.1564654065952338,6,
AVAX,BREAKOUT,SHORT,28741,28742,2025-10-27T09:15:00+00:00,2025-10-27T09:30:00+00:00,20.525,20.86893093349373,19.837138133012537,0.3439309334937306,2.0,2025-10-28T09:30:00+00:00,20.306,TIME,0.636755751439234,0.08310302219594042,0.5536527292432936,96,
FET,BREAKOUT,SHORT,28741,28742,2025-10-27T09:15:00+00:00,2025-10-27T09:30:00+00:00,0.2692,0.2755401223533458,0.2565197552933084,0.006340122353345801,2.0,2025-10-28T09:30:00+00:00,0.2665,TIME,0.4258592893834517,0.059145546268852496,0.3667137431145992,96,
AVAX,BREAKOUT,SHORT,28881,28882,2025-10-28T20:15:00+00:00,2025-10-28T20:30:00+00:00,19.289,19.655285096342443,18.55642980731512,0.3662850963424411,2.0,2025-10-29T10:15:00+00:00,19.655285096342443,SL,-1.0,0.07442563139930025,-1.0744256313993001,55,
FET,BREAKOUT,SHORT,28877,28878,2025-10-28T19:15:00+00:00,2025-10-28T19:30:00+00:00,0.2588,0.2649805656692616,0.24643886866147674,0.006180565669261617,2.0,2025-10-29T17:30:00+00:00,0.2649805656692616,SL,-1.0,0.05932246586942029,-1.0593224658694202,88,
ADA,BREAKOUT,SHORT,29009,29010,2025-10-30T04:15:00+00:00,2025-10-30T04:30:00+00:00,0.6252,0.637241263752775,0.6011174724944499,0.012041263752775033,2.0,2025-10-30T05:30:00+00:00,0.637241263752775,SL,-1.0,0.07339004466398161,-1.0733900446639817,4,
AVAX,BREAKOUT,SHORT,29009,29010,2025-10-30T04:15:00+00:00,2025-10-30T04:30:00+00:00,19.191,19.581871804769598,18.4092563904608,0.39087180476959915,2.0,2025-10-30T05:45:00+00:00,19.581871804769598,SL,-1.0,0.06943711450186868,-1.0694371145018686,5,
DOGE,BREAKOUT,SHORT,29040,29041,2025-10-30T12:00:00+00:00,2025-10-30T12:15:00+00:00,0.18749,0.19030543334849337,0.18185913330301323,0.002815433348493379,2.0,2025-10-30T13:30:00+00:00,0.18185913330301323,TP,2.0,0.09183111844947917,1.908168881550521,5,
ETH,BREAKOUT,SHORT,29041,29042,2025-10-30T12:15:00+00:00,2025-10-30T12:30:00+00:00,3852.66,3899.6752831925573,3758.629433614885,47.01528319255749,2.0,2025-10-30T13:45:00+00:00,3758.629433614885,TP,2.0,0.1133227802055189,1.886677219794481,5,
CRV,BREAKOUT,SHORT,29009,29010,2025-10-30T04:15:00+00:00,2025-10-30T04:30:00+00:00,0.526,0.5423880849367309,0.49322383012653837,0.01638808493673083,2.0,2025-10-30T16:00:00+00:00,0.49322383012653837,TP,2.0,0.04353508563343463,1.9564649143665653,46,
SUI,BREAKOUT,SHORT,29042,29043,2025-10-30T12:30:00+00:00,2025-10-30T12:45:00+00:00,2.363,2.4149065126676432,2.2591869746647135,0.051906512667643234,2.0,2025-10-30T17:15:00+00:00,2.2591869746647135,TP,2.0,0.06233381354248096,1.937666186457519,18,
FET,BREAKOUT,SHORT,29042,29043,2025-10-30T12:30:00+00:00,2025-10-30T12:45:00+00:00,0.2451,0.2513855083745427,0.23252898325091462,0.006285508374542698,2.0,2025-10-30T19:00:00+00:00,0.23252898325091462,TP,2.0,0.053192242910656405,1.9468077570893436,25,
AVAX,BREAKOUT,SHORT,29047,29048,2025-10-30T13:45:00+00:00,2025-10-30T14:00:00+00:00,18.47,18.887880699095607,17.634238601808782,0.4178806990956083,2.0,2025-10-30T19:45:00+00:00,17.634238601808782,TP,2.0,0.06047890480695271,1.9395210951930473,23,
ETH,BREAKOUT,SHORT,29071,29072,2025-10-30T19:45:00+00:00,2025-10-30T20:00:00+00:00,3685.25,3751.731214785596,3552.287570428808,66.48121478559597,2.0,2025-10-30T20:45:00+00:00,3751.731214785596,SL,-1.0,0.07830613305035215,-1.078306133050352,3,
DOGE,BREAKOUT,SHORT,29071,29072,2025-10-30T19:45:00+00:00,2025-10-30T20:00:00+00:00,0.17684,0.1806227262802003,0.1692745474395994,0.0037827262802002937,2.0,2025-10-30T23:15:00+00:00,0.1806227262802003,SL,-1.0,0.06614909191444085,-1.0661490919144407,13,
LINK,BREAKOUT,SHORT,29061,29062,2025-10-30T17:15:00+00:00,2025-10-30T17:30:00+00:00,16.678,17.088903729360553,15.856192541278897,0.41090372936055175,2.0,2025-10-31T04:00:00+00:00,17.088903729360553,SL,-1.0,0.05752401577697048,-1.0575240157769705,42,
ADA,BREAKOUT,SHORT,29047,29048,2025-10-30T13:45:00+00:00,2025-10-30T14:00:00+00:00,0.6101,0.6229299031396097,0.5844401937207805,0.012829903139609744,2.0,2025-10-31T14:00:00+00:00,0.6119,TIME,-0.14029724000354188,0.06667236616612675,-0.20696960616966864,96,
FET,BREAKOUT,SHORT,29332,29333,2025-11-02T13:00:00+00:00,2025-11-02T13:15:00+00:00,0.2538,0.2605169067735764,0.24036618645284724,0.006716906773576392,2.0,2025-11-02T21:45:00+00:00,0.24036618645284724,TP,2.0,0.05149934965269903,1.948500650347301,34,
AVAX,BREAKOUT,SHORT,29337,29338,2025-11-02T14:15:00+00:00,2025-11-02T14:30:00+00:00,18.335,18.55913625821661,17.88672748356678,0.22413625821661043,2.0,2025-11-02T23:00:00+00:00,18.55913625821661,SL,-1.0,0.11522408550156525,-1.1152240855015652,34,
CRV,BREAKOUT,SHORT,29338,29339,2025-11-02T14:30:00+00:00,2025-11-02T14:45:00+00:00,0.461,0.47209123332020525,0.43881753335958956,0.01109123332020523,2.0,2025-11-02T23:00:00+00:00,0.47209123332020525,SL,-1.0,0.05889010216152028,-1.0588901021615202,33,
BTC,BREAKOUT,SHORT,29344,29345,2025-11-02T16:00:00+00:00,2025-11-02T16:15:00+00:00,109781.4,110429.43512185726,108485.32975628547,648.0351218572614,2.0,2025-11-02T23:00:00+00:00,110429.43512185726,SL,-1.0,0.2378691823731942,-1.2378691823731942,27,
XRP,BREAKOUT,SHORT,29344,29345,2025-11-02T16:00:00+00:00,2025-11-02T16:15:00+00:00,2.4883,2.5166617764726196,2.4315764470547614,0.028361776472619393,2.0,2025-11-02T23:00:00+00:00,2.5166617764726196,SL,-1.0,0.12352799010714667,-1.1235279901071467,27,
SUI,BREAKOUT,SHORT,29386,29387,2025-11-03T02:30:00+00:00,2025-11-03T02:45:00+00:00,2.2663,2.3078924313856253,2.18311513722875,0.04159243138562507,2.0,2025-11-03T06:00:00+00:00,2.18311513722875,TP,2.0,0.07488359041055175,1.9251164095894482,13,
BNB,BREAKOUT,SHORT,29389,29390,2025-11-03T03:15:00+00:00,2025-11-03T03:30:00+00:00,1052.6,1064.853670361651,1028.0926592766978,12.253670361651075,2.0,2025-11-03T06:45:00+00:00,1028.0926592766978,TP,2.0,0.1188611100598792,1.8811388899401207,13,
UNI,BREAKOUT,SHORT,29400,29401,2025-11-03T06:00:00+00:00,2025-11-03T06:15:00+00:00,5.303,5.420976879963798,5.067046240072403,0.11797687996379835,2.0,2025-11-03T09:00:00+00:00,5.420976879963798,SL,-1.0,0.06362927904414953,-1.0636292790441495,11,
FET,BREAKOUT,SHORT,29389,29390,2025-11-03T03:15:00+00:00,2025-11-03T03:30:00+00:00,0.234,0.2400712291146321,0.22185754177073583,0.006071229114632093,2.0,2025-11-03T15:00:00+00:00,0.22185754177073583,TP,2.0,0.052559419717905356,1.9474405802820947,46,
CRV,BREAKOUT,SHORT,29389,29390,2025-11-03T03:15:00+00:00,2025-11-03T03:30:00+00:00,0.451,0.4638971732234631,0.4252056535530739,0.012897173223463065,2.0,2025-11-03T15:15:00+00:00,0.4252056535530739,TP,2.0,0.04755646426236498,1.952443535737635,47,
XRP,BREAKOUT,SHORT,29389,29390,2025-11-03T03:15:00+00:00,2025-11-03T03:30:00+00:00,2.4404,2.4732904843919097,2.3746190312161803,0.03289048439190978,2.0,2025-11-03T15:15:00+00:00,2.3746190312161803,TP,2.0,0.10247685262672465,1.8975231473732754,47,
BNB,BREAKOUT,SHORT,29420,29421,2025-11-03T11:00:00+00:00,2025-11-03T11:15:00+00:00,1011.02,1027.331039537867,978.3979209242661,16.311039537866918,2.0,2025-11-03T15:15:00+00:00,978.3979209242661,TP,2.0,0.08537730176019812,1.9146226982398018,16,
XRP,BREAKOUT,SHORT,29460,29461,2025-11-03T21:00:00+00:00,2025-11-03T21:15:00+00:00,2.285,2.338388159017023,2.178223681965955,0.05338815901702265,2.0,2025-11-04T00:30:00+00:00,2.338388159017023,SL,-1.0,0.06061965370036469,-1.0606196537003647,13,
SOL,BREAKOUT,SHORT,29460,29461,2025-11-03T21:00:00+00:00,2025-11-03T21:15:00+00:00,164.72,168.68075709487977,156.79848581024046,3.9607570948797672,2.0,2025-11-04T07:15:00+00:00,156.79848581024046,TP,2.0,0.056823211996038944,1.943176788003961,40,
UNI,BREAKOUT,SHORT,29494,29495,2025-11-04T05:30:00+00:00,2025-11-04T05:45:00+00:00,5.107,5.211348012145592,4.898303975708816,0.10434801214559197,2.0,2025-11-04T11:00:00+00:00,5.211348012145592,SL,-1.0,0.06921879449341319,-1.0692187944934133,21,
BNB,BREAKOUT,SHORT,29502,29503,2025-11-04T07:30:00+00:00,2025-11-04T07:45:00+00:00,943.4,964.3883764769685,901.423247046063,20.988376476968483,2.0,2025-11-04T14:45:00+00:00,964.3883764769685,SL,-1.0,0.06362816414120125,-1.0636281641412013,28,
BTC,BREAKOUT,SHORT,29538,29539,2025-11-04T16:30:00+00:00,2025-11-04T16:45:00+00:00,102628.0,103988.61089764597,99906.77820470807,1360.6108976459655,2.0,2025-11-04T20:15:00+00:00,99906.77820470807,TP,2.0,0.10419903661552599,1.895800963384474,14,
SUI,BREAKOUT,SHORT,29539,29540,2025-11-04T16:45:00+00:00,2025-11-04T17:00:00+00:00,1.9865,2.048553878358885,1.8623922432822302,0.06205387835888487,2.0,2025-11-04T20:15:00+00:00,1.8623922432822302,TP,2.0,0.04341750494168431,1.9565824950583157,13,
XRP,BREAKOUT,SHORT,29540,29541,2025-11-04T17:00:00+00:00,2025-11-04T17:15:00+00:00,2.2069,2.264282155591397,2.0921356888172067,0.0573821555913967,2.0,2025-11-04T21:30:00+00:00,2.0921356888172067,TP,2.0,0.05244356805974073,1.9475564319402592,17,
ETH,BREAKOUT,SHORT,29602,29603,2025-11-05T08:30:00+00:00,2025-11-05T08:45:00+00:00,3294.55,3356.07205467665,3171.5058906467,61.52205467664999,2.0,2025-11-05T12:15:00+00:00,3356.07205467665,SL,-1.0,0.07567100063126751,-1.0756710006312675,14,
AVAX,BREAKOUT,SHORT,29728,29729,2025-11-06T16:00:00+00:00,2025-11-06T16:15:00+00:00,15.818,16.139748151040813,15.174503697918373,0.3217481510408131,2.0,2025-11-06T18:45:00+00:00,16.139748151040813,SL,-1.0,0.06952774595087237,-1.0695277459508723,10,
ADA,BREAKOUT,SHORT,29723,29724,2025-11-06T14:45:00+00:00,2025-11-06T15:00:00+00:00,0.5268,0.5366508108623472,0.5070983782753057,0.009850810862347181,2.0,2025-11-07T00:30:00+00:00,0.5366508108623472,SL,-1.0,0.07556896361182078,-1.0755689636118209,38,
DOGE,BREAKOUT,SHORT,29723,29724,2025-11-06T14:45:00+00:00,2025-11-06T15:00:00+00:00,0.16058,0.16323332121296513,0.15527335757406974,0.002653321212965132,2.0,2025-11-07T00:45:00+00:00,0.16323332121296513,SL,-1.0,0.08542852774156535,-1.0854285277415654,39,
LINK,BREAKOUT,SHORT,29724,29725,2025-11-06T15:00:00+00:00,2025-11-06T15:15:00+00:00,14.62,14.938374870250609,13.98325025949878,0.31837487025060973,2.0,2025-11-07T03:00:00+00:00,14.938374870250609,SL,-1.0,0.0649889936127451,-1.064988993612745,47,
ETH,BREAKOUT,SHORT,29723,29724,2025-11-06T14:45:00+00:00,2025-11-06T15:00:00+00:00,3327.99,3384.6758310215,3214.6183379569993,56.685831021500235,2.0,2025-11-07T12:15:00+00:00,3214.6183379569993,TP,2.0,0.08079313214677629,1.9192068678532237,85,
CRV,BREAKOUT,SHORT,29805,29806,2025-11-07T11:15:00+00:00,2025-11-07T11:30:00+00:00,0.428,0.438999716976351,0.406000566047298,0.010999716976350993,2.0,2025-11-07T14:30:00+00:00,0.438999716976351,SL,-1.0,0.055174128860611515,-1.0551741288606116,12,
DOGE,BREAKOUT,SHORT,29805,29806,2025-11-07T11:15:00+00:00,2025-11-07T11:30:00+00:00,0.16263,0.16535097630788506,0.15718804738422987,0.0027209763078850646,2.0,2025-11-07T14:45:00+00:00,0.16535097630788506,SL,-1.0,0.08437658304859352,-1.0843765830485936,13,
LINK,BREAKOUT,SHORT,29810,29811,2025-11-07T12:30:00+00:00,2025-11-07T12:45:00+00:00,14.423,14.72559653382893,13.817806932342139,0.3025965338289307,2.0,2025-11-07T14:45:00+00:00,14.72559653382893,SL,-1.0,0.06742977956652806,-1.067429779566528,8,
SOL,BREAKOUT,SHORT,29798,29799,2025-11-07T09:30:00+00:00,2025-11-07T09:45:00+00:00,154.34,156.92915869204666,149.1616826159067,2.5891586920466523,2.0,2025-11-07T16:15:00+00:00,156.92915869204666,SL,-1.0,0.08415413537754166,-1.0841541353775417,26,
BNB,BREAKOUT,SHORT,29804,29805,2025-11-07T11:00:00+00:00,2025-11-07T11:15:00+00:00,942.4,954.7512287058179,917.6975425883642,12.351228705817903,2.0,2025-11-07T16:15:00+00:00,954.7512287058179,SL,-1.0,0.10752014165752843,-1.1075201416575284,20,
LINK,BREAKOUT,SHORT,29854,29855,2025-11-07T23:30:00+00:00,2025-11-07T23:45:00+00:00,15.822,16.15057504246474,15.164849915070516,0.3285750424647418,2.0,2025-11-08T16:00:00+00:00,15.164849915070516,TP,2.0,0.066014736779276,1.933985263220724,65,
CRV,BREAKOUT,SHORT,29919,29920,2025-11-08T15:45:00+00:00,2025-11-08T16:00:00+00:00,0.468,0.48124848920004204,0.441503021599916,0.013248489200042013,2.0,2025-11-09T00:00:00+00:00,0.48124848920004204,SL,-1.0,0.050154695558639426,-1.0501546955586394,32,
DOGE,BREAKOUT,SHORT,29912,29913,2025-11-08T14:00:00+00:00,2025-11-08T14:15:00+00:00,0.17503,0.17840099941255882,0.16828800117488232,0.003370999412558834,2.0,2025-11-09T14:15:00+00:00,0.17840099941255882,SL,-1.0,0.07339120222539443,-1.0733912022253944,96,
ADA,BREAKOUT,SHORT,30108,30109,2025-11-10T15:00:00+00:00,2025-11-10T15:15:00+00:00,0.5846,0.5951615233548271,0.5634769532903459,0.010561523354827074,2.0,2025-11-10T22:45:00+00:00,0.5951615233548271,SL,-1.0,0.07819260902083197,-1.078192609020832,30,
AVAX,BREAKOUT,SHORT,30108,30109,2025-11-10T15:00:00+00:00,2025-11-10T15:15:00+00:00,17.922,18.248989222577936,17.26802155484413,0.32698922257793583,2.0,2025-11-10T22:45:00+00:00,18.248989222577936,SL,-1.0,0.077432804225741,-1.077432804225741,30,
ETH,BREAKOUT,SHORT,30107,30108,2025-11-10T14:45:00+00:00,2025-11-10T15:00:00+00:00,3540.0,3586.0742965701293,3447.8514068597415,46.07429657012926,2.0,2025-11-11T00:45:00+00:00,3586.0742965701293,SL,-1.0,0.10826539695525286,-1.108265396955253,39,
SUI,BREAKOUT,SHORT,30107,30108,2025-11-10T14:45:00+00:00,2025-11-10T15:00:00+00:00,2.1486,2.195131206356894,2.055537587286212,0.04653120635689412,2.0,2025-11-11T01:15:00+00:00,2.195131206356894,SL,-1.0,0.06534564827587638,-1.0653456482758763,41,
SOL,BREAKOUT,SHORT,30108,30109,2025-11-10T15:00:00+00:00,2025-11-10T15:15:00+00:00,165.84,168.60547109451275,160.3090578109745,2.7654710945127476,2.0,2025-11-11T01:15:00+00:00,168.60547109451275,SL,-1.0,0.08465531613426877,-1.0846553161342687,40,
SOL,BREAKOUT,SHORT,30240,30241,2025-11-12T00:00:00+00:00,2025-11-12T00:15:00+00:00,154.01,156.50296834984238,149.02406330031522,2.4929683498423856,2.0,2025-11-12T08:15:00+00:00,156.50296834984238,SL,-1.0,0.0871888637730326,-1.0871888637730327,32,
BNB,BREAKOUT,SHORT,30224,30225,2025-11-11T20:00:00+00:00,2025-11-11T20:15:00+00:00,959.73,971.054169767912,937.0816604641761,11.32416976791194,2.0,2025-11-12T10:30:00+00:00,971.054169767912,SL,-1.0,0.11935081745836013,-1.1193508174583602,57,
AVAX,BREAKOUT,SHORT,30300,30301,2025-11-12T15:00:00+00:00,2025-11-12T15:15:00+00:00,17.318,17.624067730380077,16.70586453923985,0.3060677303800752,2.0,2025-11-12T16:00:00+00:00,16.70586453923985,TP,2.0,0.07781514617007251,1.9221848538299275,3,
SUI,BREAKOUT,SHORT,30300,30301,2025-11-12T15:00:00+00:00,2025-11-12T15:15:00+00:00,2.0382,2.078078914377552,1.9584421712448954,0.0398789143775522,2.0,2025-11-12T17:15:00+00:00,1.9584421712448954,TP,2.0,0.070153602813376,1.929846397186624,8,
DOGE,BREAKOUT,SHORT,30303,30304,2025-11-12T15:45:00+00:00,2025-11-12T16:00:00+00:00,0.17128,0.174688011248846,0.16446397750230796,0.0034080112488460157,2.0,2025-11-13T03:30:00+00:00,0.174688011248846,SL,-1.0,0.07106127010472627,-1.0710612701047262,46,
ETH,BREAKOUT,SHORT,30303,30304,2025-11-12T15:45:00+00:00,2025-11-12T16:00:00+00:00,3426.33,3494.0245114935124,3290.940977012975,67.69451149351244,2.0,2025-11-13T05:30:00+00:00,3494.0245114935124,SL,-1.0,0.07156042714791895,-1.0715604271479189,54,
ADA,BREAKOUT,SHORT,30303,30304,2025-11-12T15:45:00+00:00,2025-11-12T16:00:00+00:00,0.5578,0.5691121367132108,0.5351757265735783,0.011312136713210852,2.0,2025-11-13T06:00:00+00:00,0.5691121367132108,SL,-1.0,0.06973381914470717,-1.0697338191447072,56,
BTC,BREAKOUT,SHORT,30302,30303,2025-11-12T15:30:00+00:00,2025-11-12T15:45:00+00:00,102741.7,103870.58437680651,100483.93124638697,1128.8843768065126,2.0,2025-11-13T07:15:00+00:00,103870.58437680651,SL,-1.0,0.1281163970688501,-1.1281163970688501,62,
UNI,BREAKOUT,LONG,30396,30397,2025-11-13T15:00:00+00:00,2025-11-13T15:15:00+00:00,8.071,7.78334842596728,8.646303148065439,0.28765157403271946,2.0,2025-11-13T16:45:00+00:00,7.78334842596728,SL,-1.0,0.03858155108483685,-1.0385815510848369,6,
DOGE,BREAKOUT,SHORT,30402,30403,2025-11-13T16:30:00+00:00,2025-11-13T16:45:00+00:00,0.17087,0.1745874831909813,0.16343503361803738,0.0037174831909813078,2.0,2025-11-13T18:15:00+00:00,0.16343503361803738,TP,2.0,0.062949450343272,1.937050549656728,6,
SUI,BREAKOUT,SHORT,30402,30403,2025-11-13T16:30:00+00:00,2025-11-13T16:45:00+00:00,1.97,2.0211858498028588,1.8676283003942824,0.051185849802858785,2.0,2025-11-13T18:15:00+00:00,1.8676283003942824,TP,2.0,0.05248207894608331,1.9475179210539166,6,
BTC,BREAKOUT,SHORT,30400,30401,2025-11-13T16:00:00+00:00,2025-11-13T16:15:00+00:00,101146.9,102556.82056667237,98327.05886665525,1409.920566672372,2.0,2025-11-13T18:30:00+00:00,98327.05886665525,TP,2.0,0.09903520418615568,1.9009647958138443,9,
SOL,BREAKOUT,SHORT,30402,30403,2025-11-13T16:30:00+00:00,2025-11-13T16:45:00+00:00,151.38,154.64145135378044,144.8570972924391,3.261451353780444,2.0,2025-11-13T18:30:00+00:00,144.8570972924391,TP,2.0,0.0635808864247947,1.9364191135752054,7,
ETH,BREAKOUT,SHORT,30403,30404,2025-11-13T16:45:00+00:00,2025-11-13T17:00:00+00:00,3326.74,3404.629364723127,3170.9612705537456,77.88936472312707,2.0,2025-11-13T20:00:00+00:00,3170.9612705537456,TP,2.0,0.05839553199022438,1.9416044680097757,12,
ADA,BREAKOUT,SHORT,30408,30409,2025-11-13T18:00:00+00:00,2025-11-13T18:15:00+00:00,0.5271,0.5407598957583124,0.49978020848337523,0.01365989575831239,2.0,2025-11-14T12:30:00+00:00,0.49978020848337523,TP,2.0,0.05262237418619721,1.9473776258138027,73,
SOL,BREAKOUT,SHORT,30482,30483,2025-11-14T12:30:00+00:00,2025-11-14T12:45:00+00:00,136.31,139.9177133680615,129.094573263877,3.6077133680614963,2.0,2025-11-14T14:30:00+00:00,139.9177133680615,SL,-1.0,0.05359610912258789,-1.0535961091225878,7,
UNI,BREAKOUT,LONG,30648,30649,2025-11-16T06:00:00+00:00,2025-11-16T06:15:00+00:00,7.812,7.623119422934148,8.189761154131705,0.18888057706585215,2.0,2025-11-16T07:00:00+00:00,7.623119422934148,SL,-1.0,0.057203253843760474,-1.0572032538437606,3,
BTC,BREAKOUT,SHORT,30678,30679,2025-11-16T13:30:00+00:00,2025-11-16T13:45:00+00:00,95180.0,95886.84125420531,93766.31749158938,706.841254205312,2.0,2025-11-16T17:45:00+00:00,93766.31749158938,TP,2.0,0.18711757619865108,1.812882423801349,16,
BNB,BREAKOUT,SHORT,30688,30689,2025-11-16T16:00:00+00:00,2025-11-16T16:15:00+00:00,918.74,930.5335507015737,895.1528985968525,11.793550701573736,2.0,2025-11-16T18:00:00+00:00,930.5335507015737,SL,-1.0,0.10976265912168115,-1.1097626591216811,7,
XRP,BREAKOUT,SHORT,30688,30689,2025-11-16T16:00:00+00:00,2025-11-16T16:15:00+00:00,2.1792,2.213303376745713,2.1109932465085732,0.03410337674571329,2.0,2025-11-16T18:00:00+00:00,2.213303376745713,SL,-1.0,0.09015976296565671,-1.0901597629656568,7,
FET,BREAKOUT,SHORT,30694,30695,2025-11-16T17:30:00+00:00,2025-11-16T17:45:00+00:00,0.2654,0.27285369100699913,0.2504926179860018,0.007453691006999108,2.0,2025-11-16T18:00:00+00:00,0.27285369100699913,SL,-1.0,0.05054912839170562,-1.0505491283917057,1,
SUI,BREAKOUT,SHORT,30678,30679,2025-11-16T13:30:00+00:00,2025-11-16T13:45:00+00:00,1.6803,1.7134777490975204,1.613944501804959,0.03317774909752047,2.0,2025-11-17T04:15:00+00:00,1.7134777490975204,SL,-1.0,0.07160354421228073,-1.0716035442122807,58,
CRV,BREAKOUT,SHORT,30687,30688,2025-11-16T15:45:00+00:00,2025-11-16T16:00:00+00:00,0.419,0.42939044282605354,0.39821911434789287,0.010390442826053559,2.0,2025-11-17T07:00:00+00:00,0.42939044282605354,SL,-1.0,0.05715572665383687,-1.057155726653837,60,
SOL,BREAKOUT,SHORT,30773,30774,2025-11-17T13:15:00+00:00,2025-11-17T13:30:00+00:00,140.52,142.33069073376794,136.89861853246416,1.8106907337679274,2.0,2025-11-17T14:00:00+00:00,136.89861853246416,TP,2.0,0.10724804040313504,1.892751959596865,2,
ADA,BREAKOUT,SHORT,30774,30775,2025-11-17T13:30:00+00:00,2025-11-17T13:45:00+00:00,0.4814,0.48884113567539017,0.46651772864921964,0.007441135675390176,2.0,2025-11-17T14:30:00+00:00,0.48884113567539017,SL,-1.0,0.09127219615400453,-1.0912721961540046,3,
AVAX,BREAKOUT,SHORT,30774,30775,2025-11-17T13:30:00+00:00,2025-11-17T13:45:00+00:00,15.247,15.47294732417641,14.79510535164718,0.22594732417640984,2.0,2025-11-17T14:30:00+00:00,15.47294732417641,SL,-1.0,0.09517246201213753,-1.0951724620121375,3,
BNB,BREAKOUT,SHORT,30774,30775,2025-11-17T13:30:00+00:00,2025-11-17T13:45:00+00:00,912.46,922.230836893571,892.9183262128581,9.770836893570959,2.0,2025-11-17T14:30:00+00:00,922.230836893571,SL,-1.0,0.13144048967499766,-1.1314404896749977,3,
CRV,BREAKOUT,SHORT,30774,30775,2025-11-17T13:30:00+00:00,2025-11-17T13:45:00+00:00,0.417,0.42581621286958016,0.39936757426083963,0.008816212869580176,2.0,2025-11-17T14:30:00+00:00,0.42581621286958016,SL,-1.0,0.06691890925687236,-1.0669189092568723,3,
LINK,BREAKOUT,SHORT,30776,30777,2025-11-17T14:00:00+00:00,2025-11-17T14:15:00+00:00,13.709,13.964819365417355,13.197361269165288,0.2558193654173557,2.0,2025-11-17T14:30:00+00:00,13.964819365417355,SL,-1.0,0.07572403099424584,-1.0757240309942457,1,
BTC,BREAKOUT,SHORT,30791,30792,2025-11-17T17:45:00+00:00,2025-11-17T18:00:00+00:00,92724.0,94252.31671148443,89667.36657703115,1528.3167114844255,2.0,2025-11-18T03:30:00+00:00,89667.36657703115,TP,2.0,0.08353893904615783,1.9164610609538422,38,
ETH,BREAKOUT,SHORT,30798,30799,2025-11-17T19:30:00+00:00,2025-11-17T19:45:00+00:00,2987.93,3068.8119276818607,2826.166144636278,80.88192768186082,2.0,2025-11-18T10:30:00+00:00,3068.8119276818607,SL,-1.0,0.05241862392367452,-1.0524186239236746,59,
AVAX,BREAKOUT,SHORT,30799,30800,2025-11-17T19:45:00+00:00,2025-11-17T20:00:00+00:00,14.366,14.82968801906524,13.43862396186952,0.4636880190652395,2.0,2025-11-18T16:15:00+00:00,14.82968801906524,SL,-1.0,0.044074853722865424,-1.0440748537228655,81,
ADA,BREAKOUT,SHORT,30980,30981,2025-11-19T17:00:00+00:00,2025-11-19T17:15:00+00:00,0.444,0.4558877293501475,0.42022454129970505,0.01188772935014748,2.0,2025-11-19T21:15:00+00:00,0.4558877293501475,SL,-1.0,0.05298921198414467,-1.0529892119841446,16,
SOL,BREAKOUT,SHORT,30978,30979,2025-11-19T16:30:00+00:00,2025-11-19T16:45:00+00:00,133.6,136.47926223631754,127.8414755273649,2.879262236317544,2.0,2025-11-19T23:00:00+00:00,136.47926223631754,SL,-1.0,0.06566108539221364,-1.0656610853922137,25,
BNB,BREAKOUT,SHORT,30978,30979,2025-11-19T16:30:00+00:00,2025-11-19T16:45:00+00:00,888.66,903.6957746849549,858.58845063009,15.035774684954959,2.0,2025-11-20T00:15:00+00:00,903.6957746849549,SL,-1.0,0.0834442566856825,-1.0834442566856826,30,
DOGE,BREAKOUT,SHORT,30979,30980,2025-11-19T16:45:00+00:00,2025-11-19T17:00:00+00:00,0.15217,0.15541653839989117,0.14567692320021766,0.003246538399891169,2.0,2025-11-20T01:00:00+00:00,0.15541653839989117,SL,-1.0,0.06632004626439703,-1.066320046264397,32,
AVAX,BREAKOUT,SHORT,30976,30977,2025-11-19T16:00:00+00:00,2025-11-19T16:15:00+00:00,14.078,14.411332363245654,13.41133527350869,0.3333323632456544,2.0,2025-11-20T04:45:00+00:00,14.411332363245654,SL,-1.0,0.05982777207736952,-1.0598277720773694,50,
ETH,BREAKOUT,SHORT,31072,31073,2025-11-20T16:00:00+00:00,2025-11-20T16:15:00+00:00,2897.5,2973.0302745964095,2746.439450807181,75.53027459640953,2.0,2025-11-21T07:30:00+00:00,2746.439450807181,TP,2.0,0.052306940980628096,1.947693059019372,61,
LINK,BREAKOUT,SHORT,31072,31073,2025-11-20T16:00:00+00:00,2025-11-20T16:15:00+00:00,13.074,13.425372138133088,12.371255723733823,0.35137213813308854,2.0,2025-11-21T07:30:00+00:00,12.371255723733823,TP,2.0,0.05069177966486114,1.9493082203351388,61,
SOL,BREAKOUT,SHORT,31072,31073,2025-11-20T16:00:00+00:00,2025-11-20T16:15:00+00:00,134.1,137.91833235403215,126.46333529193569,3.818332354032151,2.0,2025-11-21T07:30:00+00:00,126.46333529193569,TP,2.0,0.04776806149725205,1.952231938502748,61,
XRP,BREAKOUT,SHORT,31072,31073,2025-11-20T16:00:00+00:00,2025-11-20T16:15:00+00:00,2.0374,2.0866563535995644,1.938887292800871,0.049256353599564484,2.0,2025-11-21T07:30:00+00:00,1.938887292800871,TP,2.0,0.05650846848283995,1.9434915315171601,61,
AVAX,BREAKOUT,SHORT,31074,31075,2025-11-20T16:30:00+00:00,2025-11-20T16:45:00+00:00,13.725,14.035095557749138,13.104808884501724,0.310095557749138,2.0,2025-11-21T07:30:00+00:00,13.104808884501724,TP,2.0,0.06056477027750461,1.9394352297224955,59,
BNB,BREAKOUT,SHORT,31133,31134,2025-11-21T07:15:00+00:00,2025-11-21T07:30:00+00:00,848.13,861.476936363727,821.4361272725461,13.346936363726968,2.0,2025-11-21T07:30:00+00:00,821.4361272725461,TP,2.0,0.08756288763516949,1.9124371123648305,0,True
ADA,BREAKOUT,SHORT,31392,31393,2025-11-24T00:00:00+00:00,2025-11-24T00:15:00+00:00,0.4055,0.41210042289623294,0.3922991542075342,0.006600422896232916,2.0,2025-11-24T02:00:00+00:00,0.41210042289623294,SL,-1.0,0.08670964043137382,-1.0867096404313739,7,
UNI,BREAKOUT,SHORT,31392,31393,2025-11-24T00:00:00+00:00,2025-11-24T00:15:00+00:00,6.089,6.221168044007056,5.824663911985889,0.13216804400705584,2.0,2025-11-24T02:00:00+00:00,6.221168044007056,SL,-1.0,0.06519819291828902,-1.065198192918289,7,
XRP,BREAKOUT,SHORT,31430,31431,2025-11-24T09:30:00+00:00,2025-11-24T09:45:00+00:00,2.0416,2.0806075367651236,1.9635849264697525,0.039007536765123696,2.0,2025-11-24T13:00:00+00:00,2.0806075367651236,SL,-1.0,0.07397404489061529,-1.0739740448906152,13,
SUI,BREAKOUT,SHORT,31430,31431,2025-11-24T09:30:00+00:00,2025-11-24T09:45:00+00:00,1.355,1.3867456975657375,1.291508604868525,0.03174569756573753,2.0,2025-11-24T14:30:00+00:00,1.3867456975657375,SL,-1.0,0.06045612903360462,-1.0604561290336045,19,
BNB,BREAKOUT,SHORT,31449,31450,2025-11-24T14:15:00+00:00,2025-11-24T14:30:00+00:00,833.93,843.2424947500533,815.3050104998932,9.31249475005336,2.0,2025-11-24T14:30:00+00:00,843.2424947500533,SL,-1.0,0.12606941295921914,-1.126069412959219,0,True
LINK,BREAKOUT,SHORT,31430,31431,2025-11-24T09:30:00+00:00,2025-11-24T09:45:00+00:00,12.393,12.640282696521584,11.898434606956833,0.24728269652158374,2.0,2025-11-24T15:30:00+00:00,12.640282696521584,SL,-1.0,0.0708634212343103,-1.0708634212343102,23,
UNI,BREAKOUT,SHORT,31547,31548,2025-11-25T14:45:00+00:00,2025-11-25T15:00:00+00:00,5.959,6.089721692412862,5.697556615174275,0.13072169241286247,2.0,2025-11-25T17:30:00+00:00,6.089721692412862,SL,-1.0,0.06451955317447468,-1.0645195531744747,10,
SUI,BREAKOUT,SHORT,31520,31521,2025-11-25T08:00:00+00:00,2025-11-25T08:15:00+00:00,1.5213,1.5510347696278728,1.4618304607442547,0.029734769627872693,2.0,2025-11-25T19:15:00+00:00,1.4618304607442547,TP,2.0,0.07022725747179005,1.9297727425282099,44,
UNI,BREAKOUT,SHORT,31845,31846,2025-11-28T17:15:00+00:00,2025-11-28T17:30:00+00:00,6.08,6.206781395974478,5.826437208051043,0.12678139597447835,2.0,2025-11-28T19:30:00+00:00,6.206781395974478,SL,-1.0,0.06783918816380206,-1.067839188163802,8,
FET,BREAKOUT,SHORT,31909,31910,2025-11-29T09:15:00+00:00,2025-11-29T09:30:00+00:00,0.2657,0.27077141170343094,0.2555571765931381,0.00507141170343095,2.0,2025-11-30T03:00:00+00:00,0.2555571765931381,TP,2.0,0.07194841297707012,1.9280515870229298,70,
DOGE,BREAKOUT,SHORT,32061,32062,2025-11-30T23:15:00+00:00,2025-11-30T23:30:00+00:00,0.147,0.1487472429395952,0.14350551412080956,0.0017472429395952171,2.0,2025-12-01T00:00:00+00:00,0.14350551412080956,TP,2.0,0.1163855668128655,1.8836144331871345,2,
ADA,BREAKOUT,SHORT,32063,32064,2025-11-30T23:45:00+00:00,2025-12-01T00:00:00+00:00,0.4139,0.4197071906973369,0.40228561860532613,0.005807190697336928,2.0,2025-12-01T00:00:00+00:00,0.40228561860532613,TP,2.0,0.09838318780985268,1.9016168121901473,0,True
SUI,BREAKOUT,SHORT,32063,32064,2025-11-30T23:45:00+00:00,2025-12-01T00:00:00+00:00,1.496,1.5198506868920936,1.4482986262158128,0.023850686892093576,2.0,2025-12-01T00:00:00+00:00,1.4482986262158128,TP,2.0,0.08641298456835166,1.9135870154316483,0,True
UNI,BREAKOUT,SHORT,32063,32064,2025-11-30T23:45:00+00:00,2025-12-01T00:00:00+00:00,6.036,6.11586097726297,5.876278045474059,0.07986097726297015,2.0,2025-12-01T00:00:00+00:00,5.876278045474059,TP,2.0,0.10441388169310911,1.895586118306891,0,True
FET,BREAKOUT,SHORT,32114,32115,2025-12-01T12:30:00+00:00,2025-12-01T12:45:00+00:00,0.226,0.23056903346875324,0.21686193306249354,0.004569033468753231,2.0,2025-12-01T13:00:00+00:00,0.23056903346875324,SL,-1.0,0.06994878142473691,-1.0699487814247368,1,
BTC,BREAKOUT,SHORT,32113,32114,2025-12-01T12:15:00+00:00,2025-12-01T12:30:00+00:00,85807.1,86436.93333832636,84547.4333233473,629.8333383263525,2.0,2025-12-01T14:30:00+00:00,86436.93333832636,SL,-1.0,0.1914329013723212,-1.1914329013723213,8,
AVAX,BREAKOUT,SHORT,32067,32068,2025-12-01T00:45:00+00:00,2025-12-01T01:00:00+00:00,13.108,13.387814830004874,12.548370339990253,0.2798148300048737,2.0,2025-12-01T16:15:00+00:00,12.548370339990253,TP,2.0,0.06418337168791363,1.9358166283120863,61,
SOL,BREAKOUT,SHORT,32125,32126,2025-12-01T15:15:00+00:00,2025-12-01T15:30:00+00:00,124.54,126.59117573955041,120.4376485208992,2.051175739550402,2.0,2025-12-01T22:00:00+00:00,126.59117573955041,SL,-1.0,0.08570295544555202,-1.085702955445552,26,
SUI,BREAKOUT,SHORT,32125,32126,2025-12-01T15:15:00+00:00,2025-12-01T15:30:00+00:00,1.325,1.351618444645648,1.2717631107087037,0.02661844464564811,2.0,2025-12-01T22:00:00+00:00,1.351618444645648,SL,-1.0,0.07038851954703809,-1.0703885195470382,26,
ADA,BREAKOUT,SHORT,32113,32114,2025-12-01T12:15:00+00:00,2025-12-01T12:30:00+00:00,0.3795,0.38429435945502594,0.36991128108994814,0.004794359455025932,2.0,2025-12-01T22:45:00+00:00,0.38429435945502594,SL,-1.0,0.11151772340683336,-1.1115177234068334,41,
UNI,BREAKOUT,SHORT,32067,32068,2025-12-01T00:45:00+00:00,2025-12-01T01:00:00+00:00,5.623,5.773726894304657,5.321546211390687,0.1507268943046567,2.0,2025-12-02T01:00:00+00:00,5.569,TIME,0.35826386690389034,0.05197745257170045,0.3062864143321899,96,
CRV,BREAKOUT,SHORT,32313,32314,2025-12-03T14:15:00+00:00,2025-12-03T14:30:00+00:00,0.387,0.39736799177194676,0.3662640164561065,0.01036799177194675,2.0,2025-12-03T14:30:00+00:00,0.39736799177194676,SL,-1.0,0.05295698591563107,-1.0529569859156311,0,True
FET,BREAKOUT,SHORT,32408,32409,2025-12-04T14:00:00+00:00,2025-12-04T14:15:00+00:00,0.2526,0.2581548076699641,0.24149038466007172,0.005554807669964135,2.0,2025-12-05T11:30:00+00:00,0.24149038466007172,TP,2.0,0.06226377037898115,1.9377362296210188,85,
UNI,BREAKOUT,SHORT,32507,32508,2025-12-05T14:45:00+00:00,2025-12-05T15:00:00+00:00,5.713,5.802332729365675,5.53433454126865,0.08933272936567516,2.0,2025-12-05T15:00:00+00:00,5.802332729365675,SL,-1.0,0.09023269486774683,-1.0902326948677468,0,True
DOGE,BREAKOUT,SHORT,32503,32504,2025-12-05T13:45:00+00:00,2025-12-05T14:00:00+00:00,0.14309,0.14463182732607965,0.14000634534784068,0.0015418273260796589,2.0,2025-12-05T16:30:00+00:00,0.14000634534784068,TP,2.0,0.1285276492325251,1.8714723507674749,10,
FET,BREAKOUT,SHORT,32513,32514,2025-12-05T16:15:00+00:00,2025-12-05T16:30:00+00:00,0.2338,0.24019046383902987,0.2210190723219403,0.0063904638390298585,2.0,2025-12-06T16:30:00+00:00,0.2362,TIME,-0.375559593239844,0.051482960906628926,-0.4270425541464729,96,
FET,BREAKOUT,SHORT,32697,32698,2025-12-07T14:15:00+00:00,2025-12-07T14:30:00+00:00,0.2256,0.2297242303858743,0.21735153922825137,0.004124230385874311,2.0,2025-12-07T15:00:00+00:00,0.2297242303858743,SL,-1.0,0.07728156078810905,-1.077281560788109,2,
DOGE,BREAKOUT,SHORT,32697,32698,2025-12-07T14:15:00+00:00,2025-12-07T14:30:00+00:00,0.13558,0.1372564251731478,0.13222714965370444,0.001676425173147783,2.0,2025-12-07T15:30:00+00:00,0.1372564251731478,SL,-1.0,0.11392426019384724,-1.1139242601938473,4,
CRV,BREAKOUT,SHORT,32698,32699,2025-12-07T14:30:00+00:00,2025-12-07T14:45:00+00:00,0.376,0.38538158276367157,0.35723683447265686,0.00938158276367157,2.0,2025-12-07T15:45:00+00:00,0.38538158276367157,SL,-1.0,0.05680993509947872,-1.0568099350994786,4,
FET,BREAKOUT,SHORT,32797,32798,2025-12-08T15:15:00+00:00,2025-12-08T15:30:00+00:00,0.2355,0.24109548648455037,0.22430902703089922,0.005595486484550383,2.0,2025-12-08T16:30:00+00:00,0.24109548648455037,SL,-1.0,0.05962249063782567,-1.0596224906378258,4,
AVAX,BREAKOUT,SHORT,32797,32798,2025-12-08T15:15:00+00:00,2025-12-08T15:30:00+00:00,13.564,13.760865836429591,13.170268327140818,0.1968658364295912,2.0,2025-12-09T04:15:00+00:00,13.760865836429591,SL,-1.0,0.09715960083476242,-1.0971596008347624,51,
CRV,BREAKOUT,SHORT,32838,32839,2025-12-09T01:30:00+00:00,2025-12-09T01:45:00+00:00,0.387,0.3952420406450276,0.3705159187099448,0.008242040645027593,2.0,2025-12-09T12:45:00+00:00,0.3952420406450276,SL,-1.0,0.06643614755550457,-1.0664361475555046,44,
DOGE,BREAKOUT,SHORT,32835,32836,2025-12-09T00:45:00+00:00,2025-12-09T01:00:00+00:00,0.14164,0.14328881827117404,0.13834236345765188,0.0016488182711740518,2.0,2025-12-09T15:00:00+00:00,0.14328881827117404,SL,-1.0,0.1209655280249909,-1.1209655280249908,56,
UNI,BREAKOUT,SHORT,32836,32837,2025-12-09T01:00:00+00:00,2025-12-09T01:15:00+00:00,5.546,5.625408214393223,5.387183571213554,0.0794082143932231,2.0,2025-12-09T15:30:00+00:00,5.625408214393223,SL,-1.0,0.09847829736293169,-1.0984782973629317,57,
UNI,BREAKOUT,SHORT,33026,33027,2025-12-11T00:30:00+00:00,2025-12-11T00:45:00+00:00,5.526,5.663216997319295,5.2515660053614095,0.13721699731929515,2.0,2025-12-12T00:45:00+00:00,5.471,TIME,0.40082497849751253,0.05610019276320032,0.3447247857343122,96,
DOGE,BREAKOUT,SHORT,33181,33182,2025-12-12T15:15:00+00:00,2025-12-12T15:30:00+00:00,0.13791,0.13957826840854326,0.1345734631829135,0.0016682684085432553,2.0,2025-12-12T16:15:00+00:00,0.1345734631829135,TP,2.0,0.11433317519606674,1.8856668248039332,3,
XRP,BREAKOUT,SHORT,33183,33184,2025-12-12T15:45:00+00:00,2025-12-12T16:00:00+00:00,1.9768,2.0033606009085916,1.9236787981828165,0.02656060090859169,2.0,2025-12-12T18:00:00+00:00,2.0033606009085916,SL,-1.0,0.10489643778107356,-1.1048964377810735,8,
FET,BREAKOUT,SHORT,33183,33184,2025-12-12T15:45:00+00:00,2025-12-12T16:00:00+00:00,0.232,0.2380280268478851,0.21994394630422984,0.006028026847885087,2.0,2025-12-12T21:45:00+00:00,0.2380280268478851,SL,-1.0,0.05458164455736541,-1.0545816445573655,23,
CRV,BREAKOUT,SHORT,33183,33184,2025-12-12T15:45:00+00:00,2025-12-12T16:00:00+00:00,0.385,0.39568395089866715,0.36363209820266573,0.010683950898667138,2.0,2025-12-12T22:30:00+00:00,0.39568395089866715,SL,-1.0,0.051149501791256095,-1.051149501791256,26,
BNB,BREAKOUT,SHORT,33183,33184,2025-12-12T15:45:00+00:00,2025-12-12T16:00:00+00:00,874.44,883.2485606390782,856.8228787218438,8.80856063907811,2.0,2025-12-13T00:00:00+00:00,883.2485606390782,SL,-1.0,0.13968025456837005,-1.13968025456837,32,
BTC,BREAKOUT,SHORT,33357,33358,2025-12-14T11:15:00+00:00,2025-12-14T11:30:00+00:00,89468.8,89835.24139955026,88735.9172008995,366.4413995502546,2.0,2025-12-14T11:30:00+00:00,88735.9172008995,TP,2.0,0.3404181465132792,1.6595818534867208,0,True
SOL,BREAKOUT,SHORT,33353,33354,2025-12-14T10:15:00+00:00,2025-12-14T10:30:00+00:00,131.51,132.61244017161022,129.30511965677954,1.1024401716102261,2.0,2025-12-14T17:00:00+00:00,129.30511965677954,TP,2.0,0.16560588815725277,1.8343941118427471,26,
DOGE,BREAKOUT,SHORT,33372,33373,2025-12-14T15:00:00+00:00,2025-12-14T15:15:00+00:00,0.13508,0.13645801856828904,0.13232396286342193,0.0013780185682890356,2.0,2025-12-15T01:30:00+00:00,0.13645801856828904,SL,-1.0,0.13793472553407155,-1.1379347255340715,41,
AVAX,BREAKOUT,SHORT,33381,33382,2025-12-14T17:15:00+00:00,2025-12-14T17:30:00+00:00,12.931,13.10130329551258,12.590393408974839,0.17030329551258028,2.0,2025-12-15T01:30:00+00:00,13.10130329551258,SL,-1.0,0.10700093766249347,-1.1070009376624934,32,
LINK,BREAKOUT,SHORT,33381,33382,2025-12-14T17:15:00+00:00,2025-12-14T17:30:00+00:00,13.373,13.564984915341789,12.98903016931642,0.19198491534178963,2.0,2025-12-15T02:00:00+00:00,13.564984915341789,SL,-1.0,0.09821912001351238,-1.0982191200135123,34,
CRV,BREAKOUT,SHORT,33371,33372,2025-12-14T14:45:00+00:00,2025-12-14T15:00:00+00:00,0.382,0.38859650051416916,0.3688069989716617,0.006596500514169157,2.0,2025-12-15T14:45:00+00:00,0.3688069989716617,TP,2.0,0.0796732901257659,1.920326709874234,95,
BTC,BREAKOUT,SHORT,33467,33468,2025-12-15T14:45:00+00:00,2025-12-15T15:00:00+00:00,88004.3,88855.88863081824,86301.12273836353,851.588630818238,2.0,2025-12-15T16:30:00+00:00,86301.12273836353,TP,2.0,0.14327785916965458,1.8567221408303454,6,
SOL,BREAKOUT,SHORT,33469,33470,2025-12-15T15:15:00+00:00,2025-12-15T15:30:00+00:00,127.49,130.5039455884666,121.4621088230668,3.0139455884665978,2.0,2025-12-16T15:30:00+00:00,128.29,TIME,-0.2654327944941476,0.05940585015374914,-0.32483864464789675,96,
FET,BREAKOUT,SHORT,33477,33478,2025-12-15T17:15:00+00:00,2025-12-15T17:30:00+00:00,0.2227,0.22931043635773285,0.20947912728453433,0.006610436357732841,2.0,2025-12-16T15:45:00+00:00,0.22931043635773285,SL,-1.0,0.04786481380768185,-1.0478648138076818,89,
ETH,BREAKOUT,SHORT,33665,33666,2025-12-17T16:15:00+00:00,2025-12-17T16:30:00+00:00,2847.04,2923.4599471639954,2694.200105672009,76.4199471639954,2.0,2025-12-18T13:30:00+00:00,2923.4599471639954,SL,-1.0,0.052857272386572667,-1.0528572723865726,84,
AVAX,BREAKOUT,SHORT,33665,33666,2025-12-17T16:15:00+00:00,2025-12-17T16:30:00+00:00,11.882,12.19056802045134,11.26486395909732,0.30856802045133946,2.0,2025-12-18T13:45:00+00:00,12.19056802045134,SL,-1.0,0.05460966949740429,-1.0546096694974043,85,
LINK,BREAKOUT,SHORT,33665,33666,2025-12-17T16:15:00+00:00,2025-12-17T16:30:00+00:00,12.295,12.673849863317763,11.537300273364474,0.3788498633177628,2.0,2025-12-18T13:45:00+00:00,12.673849863317763,SL,-1.0,0.046134885073622116,-1.046134885073622,85,
SOL,BREAKOUT,SHORT,33665,33666,2025-12-17T16:15:00+00:00,2025-12-17T16:30:00+00:00,125.25,128.84253915560433,118.06492168879134,3.592539155604328,2.0,2025-12-18T15:30:00+00:00,128.84253915560433,SL,-1.0,0.04950948888934324,-1.0495094888893433,92,
BNB,BREAKOUT,SHORT,33664,33665,2025-12-17T16:00:00+00:00,2025-12-17T16:15:00+00:00,850.81,864.0336111866819,824.362777626636,13.223611186681978,2.0,2025-12-18T16:15:00+00:00,845.67,TIME,0.3886986638851484,0.0898042133298667,0.2988944505552817,96,
ADA,BREAKOUT,SHORT,33775,33776,2025-12-18T19:45:00+00:00,2025-12-18T20:00:00+00:00,0.3474,0.35784979408942846,0.32650041182114303,0.010449794089428477,2.0,2025-12-19T03:15:00+00:00,0.35784979408942846,SL,-1.0,0.04724254388534082,-1.0472425438853408,29,
AVAX,BREAKOUT,SHORT,33775,33776,2025-12-18T19:45:00+00:00,2025-12-18T20:00:00+00:00,11.293,11.643780516900316,10.591438966199366,0.35078051690031664,2.0,2025-12-19T03:15:00+00:00,11.643780516900316,SL,-1.0,0.04577148840450815,-1.0457714884045082,29,
CRV,BREAKOUT,SHORT,33775,33776,2025-12-18T19:45:00+00:00,2025-12-18T20:00:00+00:00,0.332,0.34517917922488495,0.30564164155023016,0.01317917922488493,2.0,2025-12-19T03:15:00+00:00,0.34517917922488495,SL,-1.0,0.03596775014352674,-1.0359677501435267,29,
SOL,BREAKOUT,SHORT,33863,33864,2025-12-19T17:45:00+00:00,2025-12-19T18:00:00+00:00,123.62,126.2155090053881,118.42898198922381,2.595509005388095,2.0,2025-12-19T19:30:00+00:00,126.2155090053881,SL,-1.0,0.06737979176366676,-1.0673797917636667,6,
SOL,BREAKOUT,SHORT,34037,34038,2025-12-21T13:15:00+00:00,2025-12-21T13:30:00+00:00,124.27,125.4310115676919,121.9479768646162,1.1610115676919008,2.0,2025-12-21T16:15:00+00:00,125.4310115676919,SL,-1.0,0.15055035880897333,-1.1505503588089734,11,
AVAX,BREAKOUT,SHORT,34038,34039,2025-12-21T13:30:00+00:00,2025-12-21T13:45:00+00:00,12.023,12.15908825734026,11.75082348531948,0.1360882573402602,2.0,2025-12-21T17:00:00+00:00,12.15908825734026,SL,-1.0,0.12438591037149227,-1.1243859103714922,13,
AVAX,BREAKOUT,SHORT,34157,34158,2025-12-22T19:15:00+00:00,2025-12-22T19:30:00+00:00,12.228,12.373794741097273,11.936410517805454,0.14579474109727286,2.0,2025-12-22T22:45:00+00:00,12.373794741097273,SL,-1.0,0.11811987311173475,-1.1181198731117348,13,
BNB,BREAKOUT,SHORT,34159,34160,2025-12-22T19:45:00+00:00,2025-12-22T20:00:00+00:00,858.04,865.0602878672745,843.9994242654509,7.020287867274533,2.0,2025-12-23T14:45:00+00:00,843.9994242654509,TP,2.0,0.16971207157184004,1.83028792842816,75,
DOGE,BREAKOUT,SHORT,34236,34237,2025-12-23T15:00:00+00:00,2025-12-23T15:15:00+00:00,0.12882,0.13065212492922507,0.12515575014154984,0.0018321249292250763,2.0,2025-12-23T16:45:00+00:00,0.13065212492922507,SL,-1.0,0.0991365187783787,-1.0991365187783786,6,
CRV,BREAKOUT,SHORT,34236,34237,2025-12-23T15:00:00+00:00,2025-12-23T15:15:00+00:00,0.363,0.37105819040137095,0.3468836191972581,0.008058190401370957,2.0,2025-12-23T18:15:00+00:00,0.37105819040137095,SL,-1.0,0.06376626856490496,-1.063766268564905,12,
AVAX,BREAKOUT,SHORT,34236,34237,2025-12-23T15:00:00+00:00,2025-12-23T15:15:00+00:00,11.907,12.099698833205665,11.521602333588671,0.1926988332056645,2.0,2025-12-23T18:30:00+00:00,12.099698833205665,SL,-1.0,0.08720701056507478,-1.0872070105650748,13,
SOL,BREAKOUT,SHORT,34157,34158,2025-12-22T19:15:00+00:00,2025-12-22T19:30:00+00:00,125.37,127.21942703754397,121.67114592491208,1.8494270375439612,2.0,2025-12-23T19:30:00+00:00,123.76,TIME,0.8705398846867077,0.09429460933565198,0.7762452753510558,96,
SUI,BREAKOUT,SHORT,34158,34159,2025-12-22T19:30:00+00:00,2025-12-22T19:45:00+00:00,1.4477,1.4723488478886775,1.398402304222645,0.024648847888677494,2.0,2025-12-23T19:45:00+00:00,1.4417,TIME,0.24341908502571916,0.08205576216521977,0.16136332286049937,96,
FET,BREAKOUT,SHORT,34282,34283,2025-12-24T02:30:00+00:00,2025-12-24T02:45:00+00:00,0.2044,0.20850880835600927,0.19618238328798146,0.004108808356009269,2.0,2025-12-24T15:30:00+00:00,0.20850880835600927,SL,-1.0,0.07034549699220735,-1.0703454969922073,51,
AVAX,BREAKOUT,SHORT,34464,34465,2025-12-26T00:00:00+00:00,2025-12-26T00:15:00+00:00,12.059,12.208261616300996,11.760476767398005,0.149261616300997,2.0,2025-12-26T01:00:00+00:00,12.208261616300996,SL,-1.0,0.11380744462229993,-1.1138074446222999,3,
UNI,BREAKOUT,LONG,34717,34718,2025-12-28T15:15:00+00:00,2025-12-28T15:30:00+00:00,6.532,6.399300208194372,6.797399583611256,0.13269979180562785,2.0,2025-12-28T16:15:00+00:00,6.399300208194372,SL,-1.0,0.06821344647619985,-1.0682134464761999,3,
ADA,BREAKOUT,SHORT,34708,34709,2025-12-28T13:00:00+00:00,2025-12-28T13:15:00+00:00,0.3691,0.37279154098792744,0.3617169180241451,0.0036915409879274552,2.0,2025-12-28T18:45:00+00:00,0.3617169180241451,TP,2.0,0.13857948328080566,1.8614205167191944,22,
UNI,BREAKOUT,LONG,34760,34761,2025-12-29T02:00:00+00:00,2025-12-29T02:15:00+00:00,6.341,6.223556197778249,6.575887604443502,0.11744380222175099,2.0,2025-12-29T07:00:00+00:00,6.223556197778249,SL,-1.0,0.07488849281155063,-1.0748884928115507,19,
ADA,BREAKOUT,SHORT,34857,34858,2025-12-30T02:15:00+00:00,2025-12-30T02:30:00+00:00,0.3494,0.35388032774483724,0.3404393445103255,0.004480327744837254,2.0,2025-12-30T08:00:00+00:00,0.35388032774483724,SL,-1.0,0.10987951271838674,-1.1098795127183867,22,
LINK,BREAKOUT,SHORT,34905,34906,2025-12-30T14:15:00+00:00,2025-12-30T14:30:00+00:00,12.403,12.528833080369916,12.15133383926017,0.12583308036991525,2.0,2025-12-30T14:45:00+00:00,12.528833080369916,SL,-1.0,0.13869391979401555,-1.1386939197940156,1,
CRV,BREAKOUT,SHORT,35011,35012,2025-12-31T16:45:00+00:00,2025-12-31T17:00:00+00:00,0.362,0.36986959660635904,0.3462608067872819,0.007869596606359053,2.0,2026-01-01T07:45:00+00:00,0.36986959660635904,SL,-1.0,0.06509974313174817,-1.0650997431317482,59,
SUI,BREAKOUT,LONG,35497,35498,2026-01-05T18:15:00+00:00,2026-01-05T18:30:00+00:00,1.7527,1.716626959759397,1.8248460804812057,0.03607304024060287,2.0,2026-01-05T19:30:00+00:00,1.8248460804812057,TP,2.0,0.06942254491536005,1.93057745508464,4,
UNI,BREAKOUT,LONG,35505,35506,2026-01-05T20:15:00+00:00,2026-01-05T20:30:00+00:00,5.992,5.867049442074201,6.241901115851598,0.12495055792579901,2.0,2026-01-05T22:30:00+00:00,6.241901115851598,TP,2.0,0.06853695512253437,1.9314630448774657,8,
ETH,BREAKOUT,LONG,35487,35488,2026-01-05T15:45:00+00:00,2026-01-05T16:00:00+00:00,3194.48,3153.9021667905167,3275.6356664189666,40.57783320948329,2.0,2026-01-06T14:00:00+00:00,3275.6356664189666,TP,2.0,0.11161465776429881,1.888385342235701,88,
FET,BREAKOUT,LONG,35537,35538,2026-01-06T04:15:00+00:00,2026-01-06T04:30:00+00:00,0.2994,0.2893527566182335,0.319494486763533,0.01004724338176649,2.0,2026-01-06T16:30:00+00:00,0.2893527566182335,SL,-1.0,0.04101890578073207,-1.041018905780732,48,
SUI,BREAKOUT,LONG,35649,35650,2026-01-07T08:15:00+00:00,2026-01-07T08:30:00+00:00,1.9422,1.8965603413196244,2.033479317360751,0.04563965868037556,2.0,2026-01-07T12:00:00+00:00,1.8965603413196244,SL,-1.0,0.05887713266530558,-1.0588771326653055,14,
SUI,BREAKOUT,LONG,35774,35775,2026-01-08T15:30:00+00:00,2026-01-08T15:45:00+00:00,1.8264,1.7781790082914923,1.9228419834170154,0.04822099170850769,2.0,2026-01-09T08:00:00+00:00,1.7781790082914923,SL,-1.0,0.05232586922012374,-1.0523258692201238,65,
XRP,BREAKOUT,LONG,35780,35781,2026-01-08T17:00:00+00:00,2026-01-08T17:15:00+00:00,2.149,2.1068934671409525,2.233213065718095,0.04210653285904753,2.0,2026-01-09T08:30:00+00:00,2.1068934671409525,SL,-1.0,0.0707520953333144,-1.0707520953333145,61,
FET,BREAKOUT,LONG,35773,35774,2026-01-08T15:15:00+00:00,2026-01-08T15:30:00+00:00,0.2813,0.2721670297219887,0.2995659405560226,0.009132970278011299,2.0,2026-01-09T15:30:00+00:00,0.2882,TIME,0.7555044842982331,0.04364954531383912,0.711854938984394,96,
BTC,BREAKOUT,LONG,36059,36060,2026-01-11T14:45:00+00:00,2026-01-11T15:00:00+00:00,91074.7,90855.6510441911,91512.7979116178,219.04895580890297,2.0,2026-01-11T15:00:00+00:00,90855.6510441911,SL,-1.0,0.5813825738664294,-1.5813825738664296,0,True
SOL,BREAKOUT,LONG,36059,36060,2026-01-11T14:45:00+00:00,2026-01-11T15:00:00+00:00,139.16,138.18614588052395,141.10770823895209,0.9738541194760444,2.0,2026-01-11T15:30:00+00:00,138.18614588052395,SL,-1.0,0.19935460376839576,-1.1993546037683958,2,
FET,BREAKOUT,LONG,36050,36051,2026-01-11T12:30:00+00:00,2026-01-11T12:45:00+00:00,0.2881,0.28402499868420106,0.29625000263159795,0.004075001315798965,2.0,2026-01-11T18:45:00+00:00,0.29625000263159795,TP,2.0,0.10037910914439035,1.8996208908556096,24,
SUI,BREAKOUT,LONG,36108,36109,2026-01-12T03:00:00+00:00,2026-01-12T03:15:00+00:00,1.8477,1.8107274827470121,1.9216450345059755,0.03697251725298778,2.0,2026-01-12T06:45:00+00:00,1.8107274827470121,SL,-1.0,0.06926494131843186,-1.0692649413184319,14,
LINK,BREAKOUT,LONG,36101,36102,2026-01-12T01:15:00+00:00,2026-01-12T01:30:00+00:00,13.318,13.129385787351067,13.695228425297865,0.18861421264893252,2.0,2026-01-12T08:30:00+00:00,13.129385787351067,SL,-1.0,0.09815363217407319,-1.0981536321740732,28,
BNB,BREAKOUT,LONG,36108,36109,2026-01-12T03:00:00+00:00,2026-01-12T03:15:00+00:00,910.39,903.0529298994741,925.0641402010518,7.337070100525921,2.0,2026-01-12T08:30:00+00:00,903.0529298994741,SL,-1.0,0.17301321011484413,-1.173013210114844,21,
SOL,BREAKOUT,LONG,36100,36101,2026-01-12T01:00:00+00:00,2026-01-12T01:15:00+00:00,141.46,139.30136772681234,145.77726454637533,2.1586322731876635,2.0,2026-01-12T08:45:00+00:00,139.30136772681234,SL,-1.0,0.09104513068293352,-1.0910451306829336,30,
BNB,BREAKOUT,LONG,36161,36162,2026-01-12T16:15:00+00:00,2026-01-12T16:30:00+00:00,908.36,901.5933007198489,921.8933985603022,6.7666992801511014,2.0,2026-01-12T17:30:00+00:00,901.5933007198489,SL,-1.0,0.1872356459256754,-1.1872356459256754,4,
LINK,BREAKOUT,LONG,36158,36159,2026-01-12T15:30:00+00:00,2026-01-12T15:45:00+00:00,13.223,13.045383409192906,13.57823318161419,0.17761659080709435,2.0,2026-01-12T21:00:00+00:00,13.045383409192906,SL,-1.0,0.10352562394582673,-1.1035256239458267,21,
BTC,BREAKOUT,LONG,36159,36160,2026-01-12T15:45:00+00:00,2026-01-12T16:00:00+00:00,91618.6,90849.78936295607,93156.22127408787,768.8106370439345,2.0,2026-01-13T15:45:00+00:00,93156.22127408787,TP,2.0,0.16823697365736384,1.831763026342636,95,
BNB,BREAKOUT,LONG,36255,36256,2026-01-13T15:45:00+00:00,2026-01-13T16:00:00+00:00,917.08,910.8791982545005,929.4816034909992,6.200801745499575,2.0,2026-01-13T18:00:00+00:00,929.4816034909992,TP,2.0,0.20845580547416134,1.7915441945258386,8,
BTC,BREAKOUT,LONG,36272,36273,2026-01-13T20:00:00+00:00,2026-01-13T20:15:00+00:00,94289.9,93451.57560971064,95966.54878057871,838.3243902893591,2.0,2026-01-13T22:00:00+00:00,95966.54878057871,TP,2.0,0.15886393821899464,1.8411360617810053,7,
BTC,BREAKOUT,LONG,36346,36347,2026-01-14T14:30:00+00:00,2026-01-14T14:45:00+00:00,95810.4,95138.06211473384,97155.0757705323,672.3378852661554,2.0,2026-01-14T16:00:00+00:00,97155.0757705323,TP,2.0,0.20090468795448102,1.799095312045519,5,
ETH,BREAKOUT,LONG,36348,36349,2026-01-14T15:00:00+00:00,2026-01-14T15:15:00+00:00,3358.54,3319.8985820754947,3435.8228358490105,38.64141792450528,2.0,2026-01-14T18:30:00+00:00,3319.8985820754947,SL,-1.0,0.1209817666780844,-1.1209817666780844,13,
LINK,BREAKOUT,LONG,36348,36349,2026-01-14T15:00:00+00:00,2026-01-14T15:15:00+00:00,14.257,14.06440226281381,14.64219547437238,0.19259773718619044,2.0,2026-01-14T18:30:00+00:00,14.06440226281381,SL,-1.0,0.10293465475559672,-1.1029346547555967,13,
SOL,BREAKOUT,LONG,36348,36349,2026-01-14T15:00:00+00:00,2026-01-14T15:15:00+00:00,147.26,145.31173543565734,151.1565291286853,1.9482645643426508,2.0,2026-01-14T18:45:00+00:00,145.31173543565734,SL,-1.0,0.10511930389395559,-1.1051193038939555,14,
BNB,BREAKOUT,LONG,36348,36349,2026-01-14T15:00:00+00:00,2026-01-14T15:15:00+00:00,945.56,937.5211503244296,961.6376993511406,8.038849675570304,2.0,2026-01-15T01:30:00+00:00,937.5211503244296,SL,-1.0,0.16397331190716488,-1.163973311907165,41,
UNI,BREAKOUT,SHORT,36387,36388,2026-01-15T00:45:00+00:00,2026-01-15T01:00:00+00:00,5.631,5.712120121172035,5.468759757655931,0.08112012117203449,2.0,2026-01-15T06:30:00+00:00,5.468759757655931,TP,2.0,0.09578180749855363,1.9042181925014463,22,
CRV,BREAKOUT,LONG,36422,36423,2026-01-15T09:30:00+00:00,2026-01-15T09:45:00+00:00,0.429,0.42060642772229145,0.44578714455541707,0.008393572277708539,2.0,2026-01-15T15:30:00+00:00,0.42060642772229145,SL,-1.0,0.0708547540580618,-1.0708547540580617,23,
UNI,BREAKOUT,SHORT,36446,36447,2026-01-15T15:30:00+00:00,2026-01-15T15:45:00+00:00,5.364,5.456255195138548,5.179489609722904,0.09225519513854774,2.0,2026-01-16T15:30:00+00:00,5.179489609722904,TP,2.0,0.08000029392081576,1.9199997060791842,95,
BTC,BREAKOUT,LONG,36563,36564,2026-01-16T20:45:00+00:00,2026-01-16T21:00:00+00:00,95517.2,94891.42568273816,96768.74863452367,625.7743172618357,2.0,2026-01-17T21:00:00+00:00,95298.5,TIME,-0.3494870178708356,0.21344914023390868,-0.5629361581047443,96,
ADA,BREAKOUT,LONG,36565,36566,2026-01-16T21:15:00+00:00,2026-01-16T21:30:00+00:00,0.3976,0.3916552908955198,0.4094894182089604,0.005944709104480195,2.0,2026-01-17T21:30:00+00:00,0.3983,TIME,0.11775176677230978,0.09371863117408426,0.024033135598225522,96,
BTC,BREAKOUT,LONG,36802,36803,2026-01-19T08:30:00+00:00,2026-01-19T08:45:00+00:00,93094.6,92552.65603252077,94178.48793495848,541.9439674792375,2.0,2026-01-19T22:45:00+00:00,92552.65603252077,SL,-1.0,0.23979061862653392,-1.239790618626534,56,
ADA,BREAKOUT,SHORT,36873,36874,2026-01-20T02:15:00+00:00,2026-01-20T02:30:00+00:00,0.3664,0.3709500526704189,0.3572998946591622,0.004550052670418914,2.0,2026-01-20T13:00:00+00:00,0.3572998946591622,TP,2.0,0.11133715650258018,1.8886628434974198,42,
DOGE,BREAKOUT,SHORT,37027,37028,2026-01-21T16:45:00+00:00,2026-01-21T17:00:00+00:00,0.12069,0.12359304809201466,0.1148839038159707,0.002903048092014651,2.0,2026-01-21T18:45:00+00:00,0.12359304809201466,SL,-1.0,0.05890296276343853,-1.0589029627634385,7,
ADA,BREAKOUT,SHORT,37027,37028,2026-01-21T16:45:00+00:00,2026-01-21T17:00:00+00:00,0.3474,0.3562604361099453,0.3296791277801094,0.008860436109945302,2.0,2026-01-21T19:15:00+00:00,0.3562604361099453,SL,-1.0,0.055591203318320896,-1.0555912033183208,9,
AVAX,BREAKOUT,SHORT,37027,37028,2026-01-21T16:45:00+00:00,2026-01-21T17:00:00+00:00,11.895,12.166077025119261,11.352845949761477,0.27107702511926135,2.0,2026-01-21T19:15:00+00:00,12.166077025119261,SL,-1.0,0.062132723753233796,-1.0621327237532339,9,
LINK,BREAKOUT,SHORT,37027,37028,2026-01-21T16:45:00+00:00,2026-01-21T17:00:00+00:00,11.989,12.245879783936621,11.47524043212676,0.25687978393662014,2.0,2026-01-21T19:15:00+00:00,12.245879783936621,SL,-1.0,0.06604029164451983,-1.0660402916445197,9,
CRV,BREAKOUT,SHORT,37028,37029,2026-01-21T17:00:00+00:00,2026-01-21T17:15:00+00:00,0.362,0.3727076722438966,0.34058465551220674,0.010707672243896627,2.0,2026-01-21T19:30:00+00:00,0.3727076722438966,SL,-1.0,0.048030548456867085,-1.048030548456867,9,
AVAX,BREAKOUT,SHORT,37115,37116,2026-01-22T14:45:00+00:00,2026-01-22T15:00:00+00:00,12.147,12.296991443590729,11.847017112818543,0.14999144359072858,2.0,2026-01-23T04:00:00+00:00,12.296991443590729,SL,-1.0,0.1140784674171319,-1.1140784674171318,52,
DOGE,BREAKOUT,SHORT,37210,37211,2026-01-23T14:30:00+00:00,2026-01-23T14:45:00+00:00,0.12253,0.1237569379785189,0.1200761240429622,0.0012269379785189022,2.0,2026-01-23T15:15:00+00:00,0.1237569379785189,SL,-1.0,0.14051309813807938,-1.1405130981380793,2,
AVAX,BREAKOUT,SHORT,37402,37403,2026-01-25T14:30:00+00:00,2026-01-25T14:45:00+00:00,11.848,11.963855280946765,11.616289438106472,0.11585528094676434,2.0,2026-01-25T16:15:00+00:00,11.616289438106472,TP,2.0,0.14177172134450947,1.8582282786554905,6,
SUI,BREAKOUT,SHORT,37421,37422,2026-01-25T19:15:00+00:00,2026-01-25T19:30:00+00:00,1.3826,1.410125178569482,1.3275496428610363,0.02752517856948189,2.0,2026-01-26T00:45:00+00:00,1.410125178569482,SL,-1.0,0.07102252288986456,-1.0710225228898647,21,
ETH,BREAKOUT,SHORT,37417,37418,2026-01-25T18:15:00+00:00,2026-01-25T18:30:00+00:00,2853.81,2890.939663600723,2779.5506727985535,37.129663600723234,2.0,2026-01-26T01:45:00+00:00,2890.939663600723,SL,-1.0,0.10830490703509031,-1.1083049070350903,29,
XRP,BREAKOUT,SHORT,37637,37638,2026-01-28T01:15:00+00:00,2026-01-28T01:30:00+00:00,1.9,1.9191214040621023,1.8617571918757951,0.019121404062102387,2.0,2026-01-28T06:15:00+00:00,1.9191214040621023,SL,-1.0,0.13981112339663274,-1.1398111233966328,19,
DOGE,BREAKOUT,SHORT,37645,37646,2026-01-28T03:15:00+00:00,2026-01-28T03:30:00+00:00,0.12433,0.12563260628435688,0.12172478743128623,0.001302606284356883,2.0,2026-01-28T06:45:00+00:00,0.12563260628435688,SL,-1.0,0.1343259482932996,-1.1343259482932997,13,
SUI,BREAKOUT,SHORT,37692,37693,2026-01-28T15:00:00+00:00,2026-01-28T15:15:00+00:00,1.4013,1.4227406898486867,1.3584186203026265,0.021440689848686745,2.0,2026-01-28T20:15:00+00:00,1.4227406898486867,SL,-1.0,0.09219985442843213,-1.0921998544284321,20,
DOGE,BREAKOUT,SHORT,37690,37691,2026-01-28T14:30:00+00:00,2026-01-28T14:45:00+00:00,0.1254,0.12674262619815205,0.12271474760369594,0.001342626198152036,2.0,2026-01-29T02:30:00+00:00,0.12271474760369594,TP,2.0,0.12935865809980268,1.8706413419001973,47,
BNB,BREAKOUT,SHORT,37786,37787,2026-01-29T14:30:00+00:00,2026-01-29T14:45:00+00:00,886.42,891.9961881049414,875.267623790117,5.57618810494148,2.0,2026-01-29T15:00:00+00:00,875.267623790117,TP,2.0,0.22115131581738917,1.7788486841826108,1,
BTC,BREAKOUT,SHORT,37787,37788,2026-01-29T14:45:00+00:00,2026-01-29T15:00:00+00:00,86978.8,87589.61560398297,85757.16879203408,610.8156039829628,2.0,2026-01-29T15:00:00+00:00,85757.16879203408,TP,2.0,0.19795692409619006,1.80204307590381,0,True
XRP,BREAKOUT,SHORT,37786,37787,2026-01-29T14:30:00+00:00,2026-01-29T14:45:00+00:00,1.8334,1.8530893713405578,1.794021257318884,0.019689371340557926,2.0,2026-01-29T15:30:00+00:00,1.794021257318884,TP,2.0,0.12896271984533902,1.871037280154661,3,
CRV,BREAKOUT,SHORT,37788,37789,2026-01-29T15:00:00+00:00,2026-01-29T15:15:00+00:00,0.321,0.32981212127731946,0.3033757574453611,0.008812121277319451,2.0,2026-01-29T16:45:00+00:00,0.32981212127731946,SL,-1.0,0.051697936348953935,-1.051697936348954,6,
BTC,BREAKOUT,SHORT,37830,37831,2026-01-30T01:30:00+00:00,2026-01-30T01:45:00+00:00,81988.5,83214.28896972837,79536.92206054326,1225.788969728368,2.0,2026-01-30T04:15:00+00:00,83214.28896972837,SL,-1.0,0.09434083283065912,-1.0943408328306592,10,
CRV,BREAKOUT,SHORT,37977,37978,2026-01-31T14:15:00+00:00,2026-01-31T14:30:00+00:00,0.291,0.299883076753527,0.27323384649294596,0.008883076753527008,2.0,2026-01-31T16:15:00+00:00,0.299883076753527,SL,-1.0,0.04656248788610799,-1.046562487886108,7,
UNI,BREAKOUT,SHORT,37977,37978,2026-01-31T14:15:00+00:00,2026-01-31T14:30:00+00:00,3.975,4.055385115981196,3.8142297680376074,0.08038511598119635,2.0,2026-01-31T16:15:00+00:00,4.055385115981196,SL,-1.0,0.06992923394552,-1.06992923394552,7,
BTC,BREAKOUT,SHORT,37977,37978,2026-01-31T14:15:00+00:00,2026-01-31T14:30:00+00:00,81568.6,82380.56825490273,79944.66349019457,811.9682549027202,2.0,2026-01-31T17:00:00+00:00,79944.66349019457,TP,2.0,0.1392410155944847,1.8607589844055152,10,
LINK,BREAKOUT,SHORT,37977,37978,2026-01-31T14:15:00+00:00,2026-01-31T14:30:00+00:00,10.032,10.242038339398283,9.611923321203435,0.21003833939828276,2.0,2026-01-31T17:00:00+00:00,9.611923321203435,TP,2.0,0.06546779204327888,1.934532207956721,10,
SOL,BREAKOUT,SHORT,37977,37978,2026-01-31T14:15:00+00:00,2026-01-31T14:30:00+00:00,110.24,112.60713268999207,105.50573462001584,2.3671326899920757,2.0,2026-01-31T17:00:00+00:00,105.50573462001584,TP,2.0,0.06379955583922786,1.936200444160772,10,
BNB,BREAKOUT,SHORT,37984,37985,2026-01-31T16:00:00+00:00,2026-01-31T16:15:00+00:00,801.32,814.0497576619305,775.8604846761392,12.729757661930421,2.0,2026-01-31T17:00:00+00:00,775.8604846761392,TP,2.0,0.08672799346172912,1.913272006538271,3,
ADA,BREAKOUT,SHORT,37988,37989,2026-01-31T17:00:00+00:00,2026-01-31T17:15:00+00:00,0.2834,0.2937949502282889,0.2626100995434222,0.010394950228288902,2.0,2026-01-31T23:15:00+00:00,0.2937949502282889,SL,-1.0,0.03886853292094214,-1.0388685329209422,24,
XRP,BREAKOUT,SHORT,38045,38046,2026-02-01T07:15:00+00:00,2026-02-01T07:30:00+00:00,1.6483,1.67632923153409,1.5922415369318201,0.028029231534089982,2.0,2026-02-01T08:30:00+00:00,1.67632923153409,SL,-1.0,0.08302904984189112,-1.083029049841891,4,
ETH,BREAKOUT,SHORT,38059,38060,2026-02-01T10:45:00+00:00,2026-02-01T11:00:00+00:00,2379.6,2424.9222963189227,2288.9554073621543,45.32229631892278,2.0,2026-02-01T15:30:00+00:00,2288.9554073621543,TP,2.0,0.0721055429794953,1.9278944570205048,18,
XRP,BREAKOUT,SHORT,38077,38078,2026-02-01T15:15:00+00:00,2026-02-01T15:30:00+00:00,1.5816,1.6152054740438535,1.5143890519122927,0.03360547404385361,2.0,2026-02-01T18:00:00+00:00,1.6152054740438535,SL,-1.0,0.06658926545450654,-1.0665892654545066,10,
CRV,BREAKOUT,SHORT,38078,38079,2026-02-01T15:30:00+00:00,2026-02-01T15:45:00+00:00,0.276,0.2854492410957281,0.25710151780854384,0.00944924109572809,2.0,2026-02-01T18:00:00+00:00,0.2854492410957281,SL,-1.0,0.04159217283012154,-1.0415921728301216,9,
SUI,BREAKOUT,SHORT,38066,38067,2026-02-01T12:30:00+00:00,2026-02-01T12:45:00+00:00,1.1294,1.152371085382415,1.08345782923517,0.02297108538241499,2.0,2026-02-01T23:00:00+00:00,1.08345782923517,TP,2.0,0.06743262038677643,1.9325673796132237,41,
BNB,BREAKOUT,SHORT,38072,38073,2026-02-01T14:00:00+00:00,2026-02-01T14:15:00+00:00,762.04,772.2281613834275,741.6636772331449,10.188161383427541,2.0,2026-02-01T23:00:00+00:00,741.6636772331449,TP,2.0,0.10331526312248934,1.8966847368775106,35,
SOL,BREAKOUT,SHORT,38074,38075,2026-02-01T14:30:00+00:00,2026-02-01T14:45:00+00:00,102.35,104.60850993765285,97.83298012469427,2.2585099376528603,2.0,2026-02-02T03:15:00+00:00,97.83298012469427,TP,2.0,0.06204448506120503,1.937955514938795,50,
ADA,BREAKOUT,SHORT,38126,38127,2026-02-02T03:30:00+00:00,2026-02-02T03:45:00+00:00,0.2772,0.28683939749492443,0.25792120501015114,0.009639397494924429,2.0,2026-02-02T03:45:00+00:00,0.28683939749492443,SL,-1.0,0.040959777668089885,-1.04095977766809,0,True
AVAX,BREAKOUT,SHORT,38126,38127,2026-02-02T03:30:00+00:00,2026-02-02T03:45:00+00:00,9.572,9.880084989396204,8.95583002120759,0.308084989396205,2.0,2026-02-02T03:45:00+00:00,9.880084989396204,SL,-1.0,0.044197088340017225,-1.0441970883400171,0,True
CRV,BREAKOUT,SHORT,38125,38126,2026-02-02T03:15:00+00:00,2026-02-02T03:30:00+00:00,0.267,0.27841424826731015,0.24417150346537975,0.011414248267310134,2.0,2026-02-02T04:15:00+00:00,0.27841424826731015,SL,-1.0,0.033448542982943995,-1.033448542982944,3,
DOGE,BREAKOUT,SHORT,38126,38127,2026-02-02T03:30:00+00:00,2026-02-02T03:45:00+00:00,0.1003,0.10376911812615705,0.0933617637476859,0.0034691181261570503,2.0,2026-02-02T04:15:00+00:00,0.10376911812615705,SL,-1.0,0.04117714574526513,-1.0411771457452652,2,
AVAX,BREAKOUT,SHORT,38245,38246,2026-02-03T09:15:00+00:00,2026-02-03T09:30:00+00:00,9.969,10.113163609764564,9.68067278047087,0.14416360976456488,2.0,2026-02-03T12:00:00+00:00,10.113163609764564,SL,-1.0,0.09751083889889182,-1.097510838898892,10,
ADA,BREAKOUT,SHORT,38268,38269,2026-02-03T15:00:00+00:00,2026-02-03T15:15:00+00:00,0.2941,0.29945435206408677,0.2833912958718264,0.005354352064086798,2.0,2026-02-03T15:15:00+00:00,0.29945435206408677,SL,-1.0,0.07759819329618989,-1.0775981932961898,0,True
AVAX,BREAKOUT,SHORT,38268,38269,2026-02-03T15:00:00+00:00,2026-02-03T15:15:00+00:00,9.921,10.074807718176134,9.613384563647731,0.15380771817613414,2.0,2026-02-03T15:15:00+00:00,10.074807718176134,SL,-1.0,0.09100366073108529,-1.0910036607310853,0,True
DOGE,BREAKOUT,SHORT,38268,38269,2026-02-03T15:00:00+00:00,2026-02-03T15:15:00+00:00,0.10578,0.1079027492157585,0.101534501568483,0.0021227492157585015,2.0,2026-02-03T15:15:00+00:00,0.1079027492157585,SL,-1.0,0.0704642467139406,-1.0704642467139407,0,True
LINK,BREAKOUT,SHORT,38268,38269,2026-02-03T15:00:00+00:00,2026-02-03T15:15:00+00:00,9.501,9.672291096119997,9.158417807760005,0.17129109611999738,2.0,2026-02-03T15:15:00+00:00,9.672291096119997,SL,-1.0,0.07835377361285463,-1.0783537736128546,0,True
SUI,BREAKOUT,SHORT,38268,38269,2026-02-03T15:00:00+00:00,2026-02-03T15:15:00+00:00,1.1224,1.144512344992809,1.0781753100143823,0.022112344992808897,2.0,2026-02-03T15:15:00+00:00,1.144512344992809,SL,-1.0,0.07176256710950459,-1.0717625671095046,0,True
UNI,BREAKOUT,SHORT,38268,38269,2026-02-03T15:00:00+00:00,2026-02-03T15:15:00+00:00,3.862,3.9298322323282893,3.7263355353434218,0.06783223232828917,2.0,2026-02-03T15:15:00+00:00,3.9298322323282893,SL,-1.0,0.0804084190570729,-1.0804084190570729,0,True
XRP,BREAKOUT,SHORT,38268,38269,2026-02-03T15:00:00+00:00,2026-02-03T15:15:00+00:00,1.5804,1.6054015997395013,1.5303968005209976,0.025001599739501223,2.0,2026-02-03T15:15:00+00:00,1.6054015997395013,SL,-1.0,0.08919673713095529,-1.0891967371309552,0,True
CRV,BREAKOUT,SHORT,38268,38269,2026-02-03T15:00:00+00:00,2026-02-03T15:15:00+00:00,0.281,0.2880582479783761,0.2668835040432479,0.007058247978376064,2.0,2026-02-03T15:30:00+00:00,0.2880582479783761,SL,-1.0,0.056436211196494696,-1.0564362111964947,1,
ETH,BREAKOUT,SHORT,38275,38276,2026-02-03T16:45:00+00:00,2026-02-03T17:00:00+00:00,2239.87,2297.139672293908,2125.3306554121837,57.269672293908116,2.0,2026-02-03T18:30:00+00:00,2125.3306554121837,TP,2.0,0.05335529847467911,1.946644701525321,6,
BTC,BREAKOUT,SHORT,38276,38277,2026-02-03T17:00:00+00:00,2026-02-03T17:15:00+00:00,75670.3,76985.20155356868,73040.49689286265,1314.9015535686776,2.0,2026-02-03T19:00:00+00:00,73040.49689286265,TP,2.0,0.07916756774868836,1.9208324322513117,7,
SOL,BREAKOUT,SHORT,38283,38284,2026-02-03T18:45:00+00:00,2026-02-03T19:00:00+00:00,96.77,99.25609872905446,91.79780254189107,2.4860987290544614,2.0,2026-02-03T19:00:00+00:00,99.25609872905446,SL,-1.0,0.055194215542086054,-1.0551942155420861,0,True
DOGE,BREAKOUT,SHORT,38281,38282,2026-02-03T18:15:00+00:00,2026-02-03T18:30:00+00:00,0.10294,0.10606663636415986,0.09668672727168029,0.003126636364159857,2.0,2026-02-03T19:15:00+00:00,0.10606663636415986,SL,-1.0,0.04679298402973213,-1.046792984029732,3,
ADA,BREAKOUT,SHORT,38279,38280,2026-02-03T17:45:00+00:00,2026-02-03T18:00:00+00:00,0.2872,0.2952403880088396,0.2711192239823208,0.008040388008839605,2.0,2026-02-03T19:30:00+00:00,0.2952403880088396,SL,-1.0,0.05070753689473109,-1.0507075368947312,6,
AVAX,BREAKOUT,SHORT,38279,38280,2026-02-03T17:45:00+00:00,2026-02-03T18:00:00+00:00,9.745,9.96911227469109,9.296775450617817,0.22411227469109107,2.0,2026-02-03T19:30:00+00:00,9.96911227469109,SL,-1.0,0.06157573747937304,-1.061575737479373,6,
BNB,BREAKOUT,SHORT,38279,38280,2026-02-03T17:45:00+00:00,2026-02-03T18:00:00+00:00,751.31,764.5797174615346,724.7705650769306,13.269717461534697,2.0,2026-02-03T20:15:00+00:00,764.5797174615346,SL,-1.0,0.07996574194582369,-1.0799657419458237,9,
UNI,BREAKOUT,SHORT,38340,38341,2026-02-04T09:00:00+00:00,2026-02-04T09:15:00+00:00,3.871,3.933807064958983,3.745385870082034,0.06280706495898292,2.0,2026-02-04T14:30:00+00:00,3.745385870082034,TP,2.0,0.08488647117229917,1.9151135288277008,21,
ADA,BREAKOUT,SHORT,38359,38360,2026-02-04T13:45:00+00:00,2026-02-04T14:00:00+00:00,0.2914,0.2962190763758836,0.2817618472482327,0.004819076375883635,2.0,2026-02-04T18:15:00+00:00,0.2817618472482327,TP,2.0,0.08325522605982678,1.9167447739401733,17,
BNB,BREAKOUT,SHORT,38364,38365,2026-02-04T15:00:00+00:00,2026-02-04T15:15:00+00:00,733.92,745.978987983497,709.802024033006,12.05898798349699,2.0,2026-02-04T18:15:00+00:00,709.802024033006,TP,2.0,0.08380515995257161,1.9161948400474285,12,
DOGE,BREAKOUT,SHORT,38363,38364,2026-02-04T14:45:00+00:00,2026-02-04T15:00:00+00:00,0.10409,0.10606935281111476,0.10013129437777048,0.0019793528111147624,2.0,2026-02-05T10:45:00+00:00,0.10013129437777048,TP,2.0,0.07222305455687193,1.9277769454431282,79,
XRP,BREAKOUT,SHORT,38412,38413,2026-02-05T03:00:00+00:00,2026-02-05T03:15:00+00:00,1.4552,1.5018364502119457,1.3619270995761088,0.046636450211945624,2.0,2026-02-05T10:45:00+00:00,1.3619270995761088,TP,2.0,0.04228428537638064,1.9577157146236193,30,
FET,BREAKOUT,SHORT,38417,38418,2026-02-05T04:15:00+00:00,2026-02-05T04:30:00+00:00,0.1751,0.17961156874176723,0.16607686251646556,0.0045115687417672246,2.0,2026-02-05T11:15:00+00:00,0.16607686251646556,TP,2.0,0.052935867196379306,1.9470641328036207,27,
AVAX,BREAKOUT,SHORT,38445,38446,2026-02-05T11:15:00+00:00,2026-02-05T11:30:00+00:00,9.192,9.422981244875738,8.730037510248525,0.23098124487573735,2.0,2026-02-05T14:30:00+00:00,9.422981244875738,SL,-1.0,0.05641361435394082,-1.0564136143539409,12,
BTC,BREAKOUT,SHORT,38412,38413,2026-02-05T03:00:00+00:00,2026-02-05T03:15:00+00:00,71487.7,73171.41421757497,68120.27156485005,1683.714217574976,2.0,2026-02-05T15:00:00+00:00,68120.27156485005,TP,2.0,0.058041667092499506,1.9419583329075005,47,
CRV,BREAKOUT,SHORT,38412,38413,2026-02-05T03:00:00+00:00,2026-02-05T03:15:00+00:00,0.266,0.27621725609478603,0.24556548781042797,0.01021725609478602,2.0,2026-02-05T15:15:00+00:00,0.24556548781042797,TP,2.0,0.03504814190279912,1.964951858097201,48,
LINK,BREAKOUT,SHORT,38444,38445,2026-02-05T11:00:00+00:00,2026-02-05T11:15:00+00:00,8.919,9.151391386085644,8.454217227828714,0.23239138608564325,2.0,2026-02-05T15:15:00+00:00,8.454217227828714,TP,2.0,0.05233090720065808,1.9476690927993419,16,
BNB,BREAKOUT,SHORT,38445,38446,2026-02-05T11:15:00+00:00,2026-02-05T11:30:00+00:00,676.54,690.7627849524335,648.0944300951328,14.222784952433585,2.0,2026-02-05T15:30:00+00:00,648.0944300951328,TP,2.0,0.06519427131659872,1.9348057286834013,16,
FET,BREAKOUT,SHORT,38461,38462,2026-02-05T15:15:00+00:00,2026-02-05T15:30:00+00:00,0.1608,0.16734789839292977,0.14770420321414046,0.0065478983929297685,2.0,2026-02-05T20:15:00+00:00,0.14770420321414046,TP,2.0,0.03298049683896715,1.967019503161033,19,
ADA,BREAKOUT,SHORT,38461,38462,2026-02-05T15:15:00+00:00,2026-02-05T15:30:00+00:00,0.2596,0.27015479174267343,0.23849041651465314,0.01055479174267343,2.0,2026-02-06T00:00:00+00:00,0.23849041651465314,TP,2.0,0.03303364955564192,1.9669663504443582,34,
UNI,BREAKOUT,SHORT,38463,38464,2026-02-05T15:45:00+00:00,2026-02-05T16:00:00+00:00,3.353,3.5253497151326516,3.0083005697346974,0.1723497151326514,2.0,2026-02-06T00:00:00+00:00,3.0083005697346974,TP,2.0,0.02583648249947523,1.9741635175005248,32,
AVAX,BREAKOUT,SHORT,38481,38482,2026-02-05T20:15:00+00:00,2026-02-05T20:30:00+00:00,8.391,8.786505221491797,7.599989557016405,0.39550522149179734,2.0,2026-02-06T00:15:00+00:00,7.599989557016405,TP,2.0,0.028302262730414137,1.9716977372695859,15,
BTC,BREAKOUT,SHORT,38481,38482,2026-02-05T20:15:00+00:00,2026-02-05T20:30:00+00:00,63820.6,66094.91928226818,59271.961435463636,2274.3192822681813,2.0,2026-02-06T05:45:00+00:00,66094.91928226818,SL,-1.0,0.03998597039853275,-1.0399859703985328,37,
BNB,BREAKOUT,SHORT,38484,38485,2026-02-05T21:00:00+00:00,2026-02-05T21:15:00+00:00,611.82,640.9080041638008,553.6439916723986,29.088004163800747,2.0,2026-02-06T05:45:00+00:00,640.9080041638008,SL,-1.0,0.030146777963059822,-1.0301467779630598,34,
ETH,BREAKOUT,SHORT,38530,38531,2026-02-06T08:30:00+00:00,2026-02-06T08:45:00+00:00,1867.74,1927.8878122652907,1747.4443754694187,60.14781226529067,2.0,2026-02-06T09:45:00+00:00,1927.8878122652907,SL,-1.0,0.04417350138799539,-1.0441735013879954,4,
SOL,BREAKOUT,SHORT,38826,38827,2026-02-09T10:30:00+00:00,2026-02-09T10:45:00+00:00,82.99,84.42556782686967,80.11886434626065,1.435567826869672,2.0,2026-02-09T13:00:00+00:00,84.42556782686967,SL,-1.0,0.08163382829103201,-1.081633828291032,9,
SUI,BREAKOUT,SHORT,38825,38826,2026-02-09T10:15:00+00:00,2026-02-09T10:30:00+00:00,0.9365,0.9520736126706392,0.9053527746587217,0.01557361267063917,2.0,2026-02-09T14:30:00+00:00,0.9520736126706392,SL,-1.0,0.08488727418794795,-1.084887274187948,16,
AVAX,BREAKOUT,SHORT,38907,38908,2026-02-10T06:45:00+00:00,2026-02-10T07:00:00+00:00,8.772,8.893907990509229,8.528184018981543,0.12190799050922863,2.0,2026-02-10T09:00:00+00:00,8.893907990509229,SL,-1.0,0.10143826948259249,-1.1014382694825926,8,
ADA,BREAKOUT,SHORT,38907,38908,2026-02-10T06:45:00+00:00,2026-02-10T07:00:00+00:00,0.262,0.26574609092547286,0.2545078181490543,0.0037460909254728447,2.0,2026-02-10T14:30:00+00:00,0.26574609092547286,SL,-1.0,0.09861540229464698,-1.098615402294647,30,
ETH,BREAKOUT,SHORT,38906,38907,2026-02-10T06:30:00+00:00,2026-02-10T06:45:00+00:00,2028.0,2060.4192521203313,1963.1614957593374,32.419252120331294,2.0,2026-02-11T04:45:00+00:00,1963.1614957593374,TP,2.0,0.08617759091609131,1.9138224090839087,88,
UNI,BREAKOUT,SHORT,38994,38995,2026-02-11T04:30:00+00:00,2026-02-11T04:45:00+00:00,3.303,3.351514137276578,3.205971725446844,0.04851413727657805,2.0,2026-02-11T13:45:00+00:00,3.351514137276578,SL,-1.0,0.09601654605414368,-1.0960165460541438,36,
FET,BREAKOUT,SHORT,38994,38995,2026-02-11T04:30:00+00:00,2026-02-11T04:45:00+00:00,0.1536,0.15608010722553736,0.14863978554892524,0.0024801072255373757,2.0,2026-02-11T14:00:00+00:00,0.15608010722553736,SL,-1.0,0.0874059285928278,-1.0874059285928277,37,
LINK,BREAKOUT,SHORT,38994,38995,2026-02-11T04:30:00+00:00,2026-02-11T04:45:00+00:00,8.404,8.523167230149204,8.165665539701592,0.11916723014920372,2.0,2026-02-11T14:00:00+00:00,8.523167230149204,SL,-1.0,0.09943184083635109,-1.099431840836351,37,
ADA,BREAKOUT,SHORT,38995,38996,2026-02-11T04:45:00+00:00,2026-02-11T05:00:00+00:00,0.2587,0.2621809658467015,0.251738068306597,0.0034809658467014892,2.0,2026-02-11T14:00:00+00:00,0.2621809658467015,SL,-1.0,0.10474583553820166,-1.1047458355382016,36,
SOL,BREAKOUT,SHORT,38995,38996,2026-02-11T04:45:00+00:00,2026-02-11T05:00:00+00:00,81.92,83.27413189119312,79.21173621761376,1.35413189119312,2.0,2026-02-11T15:00:00+00:00,79.21173621761376,TP,2.0,0.0832948519164916,1.9167051480835084,40,
ADA,BREAKOUT,SHORT,39037,39038,2026-02-11T15:15:00+00:00,2026-02-11T15:30:00+00:00,0.2511,0.257321698216985,0.23865660356603002,0.006221698216984983,2.0,2026-02-11T16:15:00+00:00,0.257321698216985,SL,-1.0,0.057202258344885654,-1.0572022583448857,3,
DOGE,BREAKOUT,SHORT,39036,39037,2026-02-11T15:00:00+00:00,2026-02-11T15:15:00+00:00,0.08845,0.09060672355685041,0.08413655288629918,0.0021567235568504123,2.0,2026-02-11T17:30:00+00:00,0.09060672355685041,SL,-1.0,0.05811579610733055,-1.0581157961073306,9,
XRP,BREAKOUT,SHORT,39037,39038,2026-02-11T15:15:00+00:00,2026-02-11T15:30:00+00:00,1.3505,1.3849996389167312,1.2815007221665378,0.034499638916731135,2.0,2026-02-11T19:00:00+00:00,1.3849996389167312,SL,-1.0,0.05550347213382212,-1.0555034721338221,14,
SUI,BREAKOUT,SHORT,39037,39038,2026-02-11T15:15:00+00:00,2026-02-11T15:30:00+00:00,0.8804,0.905637635716244,0.8299247285675119,0.025237635716244045,2.0,2026-02-11T21:15:00+00:00,0.905637635716244,SL,-1.0,0.04953817223840308,-1.0495381722384032,23,
FET,BREAKOUT,SHORT,39136,39137,2026-02-12T16:00:00+00:00,2026-02-12T16:15:00+00:00,0.1544,0.1581298572350636,0.14694028552987284,0.003729857235063583,2.0,2026-02-12T19:15:00+00:00,0.1581298572350636,SL,-1.0,0.05865396080255473,-1.0586539608025547,12,
AVAX,BREAKOUT,SHORT,39136,39137,2026-02-12T16:00:00+00:00,2026-02-12T16:15:00+00:00,8.691,8.848891102124542,8.375217795750919,0.15789110212454105,2.0,2026-02-12T19:30:00+00:00,8.848891102124542,SL,-1.0,0.07776197395723175,-1.0777619739572317,13,
LINK,BREAKOUT,SHORT,39136,39137,2026-02-12T16:00:00+00:00,2026-02-12T16:15:00+00:00,8.232,8.404094138640245,7.887811722719508,0.17209413864024548,2.0,2026-02-12T19:30:00+00:00,8.404094138640245,SL,-1.0,0.06766799839355389,-1.067667998393554,13,
ETH,BREAKOUT,SHORT,39136,39137,2026-02-12T16:00:00+00:00,2026-02-12T16:15:00+00:00,1918.41,1956.8917939519972,1841.4464120960058,38.48179395199713,2.0,2026-02-13T03:30:00+00:00,1956.8917939519972,SL,-1.0,0.07049336782870055,-1.0704933678287005,45,
BNB,BREAKOUT,SHORT,39193,39194,2026-02-13T06:15:00+00:00,2026-02-13T06:30:00+00:00,593.18,599.77413872783,579.99172254434,6.59413872783,2.0,2026-02-13T07:00:00+00:00,599.77413872783,SL,-1.0,0.1266379024731688,-1.1266379024731688,2,
ADA,BREAKOUT,SHORT,39136,39137,2026-02-12T16:00:00+00:00,2026-02-12T16:15:00+00:00,0.2599,0.2655753051681674,0.24854938966366524,0.005675305168167388,2.0,2026-02-13T13:30:00+00:00,0.2655753051681674,SL,-1.0,0.06481285194686615,-1.0648128519468663,85,
ETH,BREAKOUT,SHORT,39414,39415,2026-02-15T13:30:00+00:00,2026-02-15T13:45:00+00:00,2006.12,2038.4214110309963,1941.517177938007,32.301411030996405,2.0,2026-02-15T19:00:00+00:00,1941.517177938007,TP,2.0,0.08554877128757318,1.914451228712427,21,
CRV,BREAKOUT,SHORT,39402,39403,2026-02-15T10:30:00+00:00,2026-02-15T10:45:00+00:00,0.257,0.2630503588661924,0.24489928226761526,0.0060503588661923735,2.0,2026-02-16T10:45:00+00:00,0.254,TIME,0.49583835708706814,0.059120460110014705,0.43671789697705343,96,
CRV,BREAKOUT,SHORT,39611,39612,2026-02-17T14:45:00+00:00,2026-02-17T15:00:00+00:00,0.249,0.2546365971333927,0.23772680573321459,0.005636597133392707,2.0,2026-02-17T16:00:00+00:00,0.2546365971333927,SL,-1.0,0.06254582501644486,-1.0625458250164448,4,
BTC,BREAKOUT,SHORT,39612,39613,2026-02-17T15:00:00+00:00,2026-02-17T15:15:00+00:00,66781.7,67610.5837852691,65123.93242946178,828.8837852691067,2.0,2026-02-17T16:00:00+00:00,67610.5837852691,SL,-1.0,0.1134955229207988,-1.1134955229207988,3,
ETH,BREAKOUT,SHORT,39612,39613,2026-02-17T15:00:00+00:00,2026-02-17T15:15:00+00:00,1951.93,1983.762367456993,1888.2652650860143,31.83236745699287,2.0,2026-02-17T16:00:00+00:00,1983.762367456993,SL,-1.0,0.08654664661502222,-1.0865466466150222,3,
LINK,BREAKOUT,SHORT,39612,39613,2026-02-17T15:00:00+00:00,2026-02-17T15:15:00+00:00,8.721,8.858810990428585,8.44537801914283,0.13781099042858536,2.0,2026-02-17T16:00:00+00:00,8.858810990428585,SL,-1.0,0.08929525616955056,-1.0892952561695506,3,
SOL,BREAKOUT,SHORT,39612,39613,2026-02-17T15:00:00+00:00,2026-02-17T15:15:00+00:00,83.34,84.76842942471865,80.48314115056272,1.4284294247186438,2.0,2026-02-17T16:00:00+00:00,84.76842942471865,SL,-1.0,0.08238131934343312,-1.082381319343433,3,
ETH,BREAKOUT,SHORT,39723,39724,2026-02-18T18:45:00+00:00,2026-02-18T19:00:00+00:00,1951.37,1983.4436347792234,1887.2227304415528,32.07363477922354,2.0,2026-02-19T06:30:00+00:00,1983.4436347792234,SL,-1.0,0.08587643911595778,-1.0858764391159579,46,
BNB,BREAKOUT,SHORT,39798,39799,2026-02-19T13:30:00+00:00,2026-02-19T13:45:00+00:00,598.14,603.7850985359512,586.8498029280976,5.645098535951206,2.0,2026-02-19T14:45:00+00:00,603.7850985359512,SL,-1.0,0.14904036902402767,-1.1490403690240276,4,
BTC,BREAKOUT,SHORT,39798,39799,2026-02-19T13:30:00+00:00,2026-02-19T13:45:00+00:00,65922.5,66458.67873181863,64850.14253636275,536.1787318186252,2.0,2026-02-19T14:45:00+00:00,66458.67873181863,SL,-1.0,0.17282823732669,-1.17282823732669,4,
ETH,BREAKOUT,SHORT,39798,39799,2026-02-19T13:30:00+00:00,2026-02-19T13:45:00+00:00,1916.58,1938.753010891392,1872.2339782172157,22.173010891392096,2.0,2026-02-19T14:45:00+00:00,1938.753010891392,SL,-1.0,0.12171252342962878,-1.1217125234296288,4,
CRV,BREAKOUT,SHORT,39727,39728,2026-02-18T19:45:00+00:00,2026-02-18T20:00:00+00:00,0.244,0.250322094492859,0.23135581101428193,0.006322094492859032,2.0,2026-02-19T20:00:00+00:00,0.239,TIME,0.7908771382091224,0.05347911208570081,0.7373980261234216,96,
FET,BREAKOUT,SHORT,39796,39797,2026-02-19T13:00:00+00:00,2026-02-19T13:15:00+00:00,0.1607,0.16314575725522779,0.15580848548954446,0.002445757255227776,2.0,2026-02-20T00:15:00+00:00,0.16314575725522779,SL,-1.0,0.09268786981786849,-1.0926878698178686,44,
FET,BREAKOUT,SHORT,39894,39895,2026-02-20T13:30:00+00:00,2026-02-20T13:45:00+00:00,0.1609,0.16372278690805997,0.15525442618388002,0.002822786908059982,2.0,2026-02-20T14:30:00+00:00,0.16372278690805997,SL,-1.0,0.08050056849378494,-1.080500568493785,3,
UNI,BREAKOUT,SHORT,39894,39895,2026-02-20T13:30:00+00:00,2026-02-20T13:45:00+00:00,3.327,3.3837411554419843,3.2135176891160313,0.056741155441984326,2.0,2026-02-20T14:30:00+00:00,3.3837411554419843,SL,-1.0,0.08278856452989265,-1.0827885645298927,3,
CRV,BREAKOUT,SHORT,39895,39896,2026-02-20T13:45:00+00:00,2026-02-20T14:00:00+00:00,0.237,0.2425165560173797,0.22596688796524056,0.005516556017379715,2.0,2026-02-20T14:30:00+00:00,0.2425165560173797,SL,-1.0,0.06084622147489771,-1.0608462214748977,2,
AVAX,BREAKOUT,SHORT,39894,39895,2026-02-20T13:30:00+00:00,2026-02-20T13:45:00+00:00,8.95,9.089218912908793,8.671562174182412,0.1392189129087935,2.0,2026-02-20T15:00:00+00:00,9.089218912908793,SL,-1.0,0.09070213935163234,-1.0907021393516323,5,
DOGE,BREAKOUT,SHORT,40042,40043,2026-02-22T02:30:00+00:00,2026-02-22T02:45:00+00:00,0.09726,0.09816931866048498,0.09544136267903004,0.0009093186604849784,2.0,2026-02-22T14:45:00+00:00,0.09544136267903004,TP,2.0,0.1483428854339995,1.8516571145660006,48,
BTC,BREAKOUT,SHORT,40027,40028,2026-02-21T22:45:00+00:00,2026-02-21T23:00:00+00:00,67936.7,68357.46861441732,67095.16277116536,420.76861441732035,2.0,2026-02-22T23:00:00+00:00,67463.0,TIME,1.1257968958924753,0.22525394421646897,0.9005429516760064,96,
SOL,BREAKOUT,SHORT,40126,40127,2026-02-22T23:30:00+00:00,2026-02-22T23:45:00+00:00,82.52,83.37499329758109,80.81001340483782,0.854993297581089,2.0,2026-02-23T01:00:00+00:00,80.81001340483782,TP,2.0,0.13372152706558865,1.8662784729344113,5,
BNB,BREAKOUT,SHORT,40131,40132,2026-02-23T00:45:00+00:00,2026-02-23T01:00:00+00:00,606.29,610.8207263077093,597.2285473845814,4.530726307709301,2.0,2026-02-23T01:00:00+00:00,597.2285473845814,TP,2.0,0.1859443554857211,1.8140556445142788,0,True
ADA,BREAKOUT,SHORT,40132,40133,2026-02-23T01:00:00+00:00,2026-02-23T01:15:00+00:00,0.2615,0.26549419823844167,0.2535116035231167,0.00399419823844166,2.0,2026-02-23T06:00:00+00:00,0.26549419823844167,SL,-1.0,0.0923579443845617,-1.0923579443845617,19,
DOGE,BREAKOUT,SHORT,40132,40133,2026-02-23T01:00:00+00:00,2026-02-23T01:15:00+00:00,0.09223,0.09366525867001503,0.08935948265996996,0.0014352586700150244,2.0,2026-02-23T06:00:00+00:00,0.09366525867001503,SL,-1.0,0.09066427103878659,-1.0906642710387866,19,
BTC,BREAKOUT,SHORT,40134,40135,2026-02-23T01:30:00+00:00,2026-02-23T01:45:00+00:00,65083.1,65841.8352836162,63565.62943276761,758.7352836161954,2.0,2026-02-23T07:00:00+00:00,65841.8352836162,SL,-1.0,0.12078976248703231,-1.1207897624870322,21,
AVAX,BREAKOUT,SHORT,40132,40133,2026-02-23T01:00:00+00:00,2026-02-23T01:15:00+00:00,8.509,8.63186783486158,8.26326433027684,0.12286783486158015,2.0,2026-02-23T09:30:00+00:00,8.63186783486158,SL,-1.0,0.09765458549766454,-1.0976545854976645,33,
SOL,BREAKOUT,SHORT,40192,40193,2026-02-23T16:00:00+00:00,2026-02-23T16:15:00+00:00,78.8,80.1979900346795,76.00401993064098,1.397990034679509,2.0,2026-02-24T01:15:00+00:00,76.00401993064098,TP,2.0,0.0775132949901828,1.922486705009817,36,
ADA,BREAKOUT,SHORT,40192,40193,2026-02-23T16:00:00+00:00,2026-02-23T16:15:00+00:00,0.2658,0.270358660228474,0.25668267954305196,0.00455866022847401,2.0,2026-02-24T04:00:00+00:00,0.25668267954305196,TP,2.0,0.08022924660971396,1.9197707533902861,47,
SUI,BREAKOUT,SHORT,40192,40193,2026-02-23T16:00:00+00:00,2026-02-23T16:15:00+00:00,0.882,0.8984817377349374,0.8490365245301251,0.01648173773493744,2.0,2026-02-24T13:15:00+00:00,0.8490365245301251,TP,2.0,0.07351928459597509,1.9264807154040249,84,
BNB,BREAKOUT,SHORT,40197,40198,2026-02-23T17:15:00+00:00,2026-02-23T17:30:00+00:00,596.08,603.9779280983948,580.2841438032104,7.8979280983948,2.0,2026-02-24T13:30:00+00:00,580.2841438032104,TP,2.0,0.10426214196981724,1.8957378580301827,80,
AVAX,BREAKOUT,SHORT,40197,40198,2026-02-23T17:15:00+00:00,2026-02-23T17:30:00+00:00,8.404,8.550279082212421,8.111441835575157,0.14627908221242159,2.0,2026-02-24T17:30:00+00:00,8.361,TIME,0.29395863953778506,0.08022678172780781,0.21373185780997725,96,
DOGE,BREAKOUT,SHORT,40460,40461,2026-02-26T11:00:00+00:00,2026-02-26T11:15:00+00:00,0.09864,0.10001761804502173,0.09588476390995657,0.0013776180450217196,2.0,2026-02-26T16:45:00+00:00,0.09588476390995657,TP,2.0,0.0988425893730383,1.9011574106269618,22,
SUI,BREAKOUT,SHORT,40460,40461,2026-02-26T11:00:00+00:00,2026-02-26T11:15:00+00:00,0.9461,0.9619211552069145,0.9144576895861712,0.015821155206914406,2.0,2026-02-26T16:45:00+00:00,0.9144576895861712,TP,2.0,0.08231955035376488,1.9176804496462352,22,
FET,BREAKOUT,SHORT,40414,40415,2026-02-25T23:30:00+00:00,2026-02-25T23:45:00+00:00,0.1658,0.17015395044286746,0.15709209911426508,0.00435395044286746,2.0,2026-02-26T23:45:00+00:00,0.1619,TIME,0.8957382614193286,0.052685487124866405,0.8430527742944621,96,
LINK,BREAKOUT,SHORT,40414,40415,2026-02-25T23:30:00+00:00,2026-02-25T23:45:00+00:00,9.206,9.413206950076047,8.791586099847905,0.2072069500760474,2.0,2026-02-26T23:45:00+00:00,9.093,TIME,0.5453485028302729,0.06181887236552073,0.48352963046475217,96,
XRP,BREAKOUT,SHORT,40483,40484,2026-02-26T16:45:00+00:00,2026-02-26T17:00:00+00:00,1.3882,1.4166125699572398,1.3313748600855206,0.02841256995723973,2.0,2026-02-27T04:15:00+00:00,1.4166125699572398,SL,-1.0,0.06910211930581757,-1.0691021193058177,45,
BTC,BREAKOUT,SHORT,40552,40553,2026-02-27T10:00:00+00:00,2026-02-27T10:15:00+00:00,66850.0,67537.91160262295,65474.17679475411,687.9116026229458,2.0,2026-02-27T16:45:00+00:00,65474.17679475411,TP,2.0,0.1346494569987621,1.8653505430012378,26,
XRP,BREAKOUT,SHORT,40559,40560,2026-02-27T11:45:00+00:00,2026-02-27T12:00:00+00:00,1.3816,1.400660053569885,1.3434798928602298,0.01906005356988505,2.0,2026-02-27T17:15:00+00:00,1.3434798928602298,TP,2.0,0.10008135171330819,1.8999186482866919,21,
DOGE,BREAKOUT,SHORT,40558,40559,2026-02-27T11:30:00+00:00,2026-02-27T11:45:00+00:00,0.09478,0.09632278918843488,0.09169442162313024,0.0015427891884348816,2.0,2026-02-28T06:15:00+00:00,0.09169442162313024,TP,2.0,0.08460786225019667,1.9153921377498033,74,
FET,BREAKOUT,SHORT,40580,40581,2026-02-27T17:00:00+00:00,2026-02-27T17:15:00+00:00,0.157,0.15988731879425216,0.15122536241149567,0.002887318794252164,2.0,2026-02-28T06:15:00+00:00,0.15122536241149567,TP,2.0,0.07472598942574672,1.9252740105742532,52,
SUI,BREAKOUT,SHORT,40635,40636,2026-02-28T06:45:00+00:00,2026-02-28T07:00:00+00:00,0.8416,0.8603208605818188,0.8041582788363625,0.018720860581818766,2.0,2026-02-28T07:30:00+00:00,0.8603208605818188,SL,-1.0,0.06363727763478338,-1.0636372776347833,2,
XRP,BREAKOUT,SHORT,40635,40636,2026-02-28T06:45:00+00:00,2026-02-28T07:00:00+00:00,1.2956,1.3175745718498333,1.2516508563003337,0.021974571849833202,2.0,2026-02-28T07:30:00+00:00,1.3175745718498333,SL,-1.0,0.08324267761825667,-1.0832426776182567,2,
FET,BREAKOUT,SHORT,40782,40783,2026-03-01T19:30:00+00:00,2026-03-01T19:45:00+00:00,0.1499,0.15306297101389565,0.1435740579722087,0.003162971013895649,2.0,2026-03-02T00:45:00+00:00,0.15306297101389565,SL,-1.0,0.06704901144463146,-1.0670490114446314,20,
ADA,BREAKOUT,SHORT,41083,41084,2026-03-04T22:45:00+00:00,2026-03-04T23:00:00+00:00,0.2759,0.2813125814122142,0.2650748371755715,0.005412581412214235,2.0,2026-03-05T16:00:00+00:00,0.2650748371755715,TP,2.0,0.06996336076688862,1.9300366392331114,68,
FET,BREAKOUT,SHORT,41240,41241,2026-03-06T14:00:00+00:00,2026-03-06T14:15:00+00:00,0.1462,0.14924538881001745,0.1401092223799651,0.003045388810017452,2.0,2026-03-07T14:15:00+00:00,0.1447,TIME,0.4925479449671339,0.06686502535577159,0.4256829196113623,96,
ADA,BREAKOUT,SHORT,41243,41244,2026-03-06T14:45:00+00:00,2026-03-06T15:00:00+00:00,0.2582,0.263504237888604,0.24759152422279196,0.005304237888604013,2.0,2026-03-07T15:00:00+00:00,0.2555,TIME,0.5090269434937759,0.06779296244849194,0.44123398104528394,96,
UNI,BREAKOUT,LONG,41908,41909,2026-03-13T13:00:00+00:00,2026-03-13T13:15:00+00:00,4.151,4.087614110534231,4.2777717789315375,0.06338588946576884,2.0,2026-03-13T14:45:00+00:00,4.087614110534231,SL,-1.0,0.0909828658393823,-1.0909828658393823,6,
CRV,BREAKOUT,SHORT,41945,41946,2026-03-13T22:15:00+00:00,2026-03-13T22:30:00+00:00,0.235,0.24018589899347004,0.22462820201305989,0.005185898993470051,2.0,2026-03-14T08:00:00+00:00,0.22462820201305989,TP,2.0,0.06204126648325936,1.9379587335167408,38,
FET,BREAKOUT,LONG,42168,42169,2026-03-16T06:00:00+00:00,2026-03-16T06:15:00+00:00,0.2033,0.19779433063583166,0.21431133872833671,0.005505669364168353,2.0,2026-03-16T11:00:00+00:00,0.21431133872833671,TP,2.0,0.05309580321193019,1.9469041967880698,19,
BNB,BREAKOUT,SHORT,42584,42585,2026-03-20T14:00:00+00:00,2026-03-20T14:15:00+00:00,637.82,643.1316582053065,627.1966835893871,5.311658205306458,2.0,2026-03-20T22:00:00+00:00,643.1316582053065,SL,-1.0,0.16881096751442445,-1.1688109675144245,31,
XRP,BREAKOUT,SHORT,42762,42763,2026-03-22T10:30:00+00:00,2026-03-22T10:45:00+00:00,1.3882,1.3996891383904788,1.3652217232190427,0.011489138390478715,2.0,2026-03-22T12:15:00+00:00,1.3996891383904788,SL,-1.0,0.16985802856118454,-1.1698580285611846,6,
DOGE,BREAKOUT,SHORT,42751,42752,2026-03-22T07:45:00+00:00,2026-03-22T08:00:00+00:00,0.0913,0.09216550283905921,0.0895689943218816,0.0008655028390592012,2.0,2026-03-22T21:00:00+00:00,0.0895689943218816,TP,2.0,0.14628293555101443,1.8537170644489855,52,
ADA,BREAKOUT,SHORT,42753,42754,2026-03-22T08:15:00+00:00,2026-03-22T08:30:00+00:00,0.2552,0.25797878346248304,0.24964243307503386,0.0027787834624830587,2.0,2026-03-22T21:00:00+00:00,0.24964243307503386,TP,2.0,0.12717425014352957,1.8728257498564704,50,
AVAX,BREAKOUT,SHORT,42797,42798,2026-03-22T19:15:00+00:00,2026-03-22T19:30:00+00:00,8.977,9.05872519900718,8.813549601985642,0.08172519900717923,2.0,2026-03-22T22:15:00+00:00,9.05872519900718,SL,-1.0,0.15448121011239108,-1.1544812101123911,11,
UNI,BREAKOUT,SHORT,42797,42798,2026-03-22T19:15:00+00:00,2026-03-22T19:30:00+00:00,3.44,3.4735044268161985,3.3729911463676028,0.033504426816198585,2.0,2026-03-22T22:15:00+00:00,3.4735044268161985,SL,-1.0,0.14444219939412842,-1.1444421993941285,11,
SUI,BREAKOUT,SHORT,42845,42846,2026-03-23T07:15:00+00:00,2026-03-23T07:30:00+00:00,0.8931,0.905463506068671,0.868372987862658,0.012363506068670982,2.0,2026-03-23T10:00:00+00:00,0.905463506068671,SL,-1.0,0.10183150695726602,-1.101831506957266,10,
CRV,BREAKOUT,SHORT,42845,42846,2026-03-23T07:15:00+00:00,2026-03-23T07:30:00+00:00,0.213,0.21846495017923165,0.2020700996415367,0.0054649501792316535,2.0,2026-03-23T11:00:00+00:00,0.21846495017923165,SL,-1.0,0.055265913726577735,-1.0552659137265776,14,
FET,BREAKOUT,LONG,42901,42902,2026-03-23T21:15:00+00:00,2026-03-23T21:30:00+00:00,0.2223,0.2171125606762121,0.2326748786475758,0.005187439323787901,2.0,2026-03-24T01:00:00+00:00,0.2326748786475758,TP,2.0,0.06139491860518671,1.9386050813948132,14,
LINK,BREAKOUT,SHORT,42915,42916,2026-03-24T00:45:00+00:00,2026-03-24T01:00:00+00:00,9.063,9.166157616025636,8.85668476794873,0.10315761602563533,2.0,2026-03-24T07:00:00+00:00,9.166157616025636,SL,-1.0,0.12369818945841965,-1.1236981894584197,24,
FET,BREAKOUT,LONG,42946,42947,2026-03-24T08:30:00+00:00,2026-03-24T08:45:00+00:00,0.2395,0.2313474200992497,0.2558051598015006,0.0081525799007503,2.0,2026-03-24T10:00:00+00:00,0.2313474200992497,SL,-1.0,0.04042808510703974,-1.0404280851070398,5,
BTC,BREAKOUT,SHORT,42966,42967,2026-03-24T13:30:00+00:00,2026-03-24T13:45:00+00:00,70284.6,70930.96433484416,68991.8713303117,646.3643348441547,2.0,2026-03-24T17:30:00+00:00,68991.8713303117,TP,2.0,0.1508337089092716,1.8491662910907283,15,
BNB,BREAKOUT,SHORT,42967,42968,2026-03-24T13:45:00+00:00,2026-03-24T14:00:00+00:00,632.2,637.3170264257046,621.9659471485909,5.11702642570458,2.0,2026-03-24T20:45:00+00:00,637.3170264257046,SL,-1.0,0.1736676429955373,-1.1736676429955373,27,
XRP,BREAKOUT,SHORT,42968,42969,2026-03-24T14:00:00+00:00,2026-03-24T14:15:00+00:00,1.3993,1.4147148543529127,1.3684702912941746,0.015414854352912677,2.0,2026-03-24T23:15:00+00:00,1.4147148543529127,SL,-1.0,0.12778650728379007,-1.12778650728379,36,
FET,BREAKOUT,LONG,42993,42994,2026-03-24T20:15:00+00:00,2026-03-24T20:30:00+00:00,0.246,0.23670631338489942,0.26458737323020115,0.009293686615100577,2.0,2026-03-25T20:00:00+00:00,0.26458737323020115,TP,2.0,0.03845741480893186,1.9615425851910682,94,
AVAX,BREAKOUT,SHORT,43142,43143,2026-03-26T09:30:00+00:00,2026-03-26T09:45:00+00:00,9.283,9.375178946049514,9.09864210790097,0.09217894604951482,2.0,2026-03-26T17:45:00+00:00,9.09864210790097,TP,2.0,0.1395888109701207,1.8604111890298793,32,
XRP,BREAKOUT,SHORT,43164,43165,2026-03-26T15:00:00+00:00,2026-03-26T15:15:00+00:00,1.3555,1.3691161913417607,1.3282676173164785,0.01361619134176073,2.0,2026-03-26T21:30:00+00:00,1.3691161913417607,SL,-1.0,0.14007083817115376,-1.1400708381711537,25,
BNB,BREAKOUT,SHORT,43234,43235,2026-03-27T08:30:00+00:00,2026-03-27T08:45:00+00:00,619.66,624.5469378499378,609.8861243001244,4.8869378499377945,2.0,2026-03-27T10:30:00+00:00,609.8861243001244,TP,2.0,0.17611893448185403,1.8238810655181459,7,
BTC,BREAKOUT,SHORT,43234,43235,2026-03-27T08:30:00+00:00,2026-03-27T08:45:00+00:00,67780.4,68393.88571344872,66553.42857310254,613.4857134487247,2.0,2026-03-27T10:45:00+00:00,66553.42857310254,TP,2.0,0.15327770140327993,1.84672229859672,8,
FET,BREAKOUT,LONG,43261,43262,2026-03-27T15:15:00+00:00,2026-03-27T15:30:00+00:00,0.236,0.22979594894674749,0.248408102106505,0.006204051053252502,2.0,2026-03-27T18:30:00+00:00,0.22979594894674749,SL,-1.0,0.05255552564993583,-1.052555525649936,12,
AVAX,BREAKOUT,SHORT,43272,43273,2026-03-27T18:00:00+00:00,2026-03-27T18:15:00+00:00,8.686,8.804909157753414,8.448181684493171,0.11890915775341426,2.0,2026-03-28T07:15:00+00:00,8.804909157753414,SL,-1.0,0.1029663033676297,-1.1029663033676298,52,
CRV,BREAKOUT,SHORT,43243,43244,2026-03-27T10:45:00+00:00,2026-03-27T11:00:00+00:00,0.216,0.22281376120426058,0.20237247759147883,0.006813761204260582,2.0,2026-03-28T11:00:00+00:00,0.212,TIME,0.5870472827105887,0.04396984147502306,0.5430774412355657,96,
SUI,BREAKOUT,SHORT,43273,43274,2026-03-27T18:15:00+00:00,2026-03-27T18:30:00+00:00,0.8785,0.8917497778625684,0.8520004442748631,0.013249777862568424,2.0,2026-03-28T13:30:00+00:00,0.8917497778625684,SL,-1.0,0.09352419771538631,-1.0935241977153862,76,
FET,BREAKOUT,LONG,43349,43350,2026-03-28T13:15:00+00:00,2026-03-28T13:30:00+00:00,0.2461,0.2391707757285065,0.259958448542987,0.006929224271493506,2.0,2026-03-28T22:30:00+00:00,0.2391707757285065,SL,-1.0,0.04902273756781418,-1.0490227375678143,36,
BNB,BREAKOUT,SHORT,43452,43453,2026-03-29T15:00:00+00:00,2026-03-29T15:15:00+00:00,608.11,611.4123138382358,601.5053723235284,3.3023138382358184,2.0,2026-03-29T20:15:00+00:00,611.4123138382358,SL,-1.0,0.258505297044334,-1.258505297044334,20,
BTC,BREAKOUT,SHORT,43546,43547,2026-03-30T14:30:00+00:00,2026-03-30T14:45:00+00:00,67100.0,67720.33226853776,65859.33546292447,620.3322685377643,2.0,2026-03-30T14:45:00+00:00,67720.33226853776,SL,-1.0,0.1521349724566701,-1.15213497245667,0,True
BNB,BREAKOUT,SHORT,43546,43547,2026-03-30T14:30:00+00:00,2026-03-30T14:45:00+00:00,614.06,618.5466918286951,605.0866163426097,4.486691828695143,2.0,2026-03-30T15:30:00+00:00,618.5466918286951,SL,-1.0,0.19230754355843965,-1.1923075435584396,3,
ADA,BREAKOUT,SHORT,43566,43567,2026-03-30T19:30:00+00:00,2026-03-30T19:45:00+00:00,0.2427,0.24593702082185723,0.23622595835628554,0.0032370208218572283,2.0,2026-03-30T21:15:00+00:00,0.24593702082185723,SL,-1.0,0.1056668873631318,-1.105666887363132,6,
XRP,BREAKOUT,SHORT,43564,43565,2026-03-30T19:00:00+00:00,2026-03-30T19:15:00+00:00,1.3221,1.3357194206119742,1.2948611587760517,0.013619420611974187,2.0,2026-03-31T01:15:00+00:00,1.3357194206119742,SL,-1.0,0.13660445972221863,-1.1366044597222187,24,
SOL,BREAKOUT,SHORT,43561,43562,2026-03-30T18:15:00+00:00,2026-03-30T18:30:00+00:00,82.78,83.91305681249007,80.51388637501987,1.133056812490068,2.0,2026-03-31T01:30:00+00:00,83.91305681249007,SL,-1.0,0.1029826028867073,-1.1029826028867074,28,
SUI,BREAKOUT,SHORT,43619,43620,2026-03-31T08:45:00+00:00,2026-03-31T09:00:00+00:00,0.8631,0.8732565642362825,0.8427868715274349,0.010156564236282528,2.0,2026-03-31T13:45:00+00:00,0.8732565642362825,SL,-1.0,0.1196713343891844,-1.1196713343891844,19,
BTC,BREAKOUT,SHORT,43620,43621,2026-03-31T09:00:00+00:00,2026-03-31T09:15:00+00:00,66669.6,67277.26559735712,65454.26880528577,607.6655973571178,2.0,2026-03-31T13:45:00+00:00,67277.26559735712,SL,-1.0,0.15430000698730803,-1.154300006987308,18,
AVAX,BREAKOUT,SHORT,43620,43621,2026-03-31T09:00:00+00:00,2026-03-31T09:15:00+00:00,8.796,8.897765994420185,8.592468011159628,0.10176599442018563,2.0,2026-03-31T14:00:00+00:00,8.897765994420185,SL,-1.0,0.12170702273054579,-1.1217070227305457,19,
ADA,BREAKOUT,SHORT,43619,43620,2026-03-31T08:45:00+00:00,2026-03-31T09:00:00+00:00,0.2418,0.24487543284241048,0.235649134315179,0.0030754328424104915,2.0,2026-03-31T14:15:00+00:00,0.24487543284241048,SL,-1.0,0.11077231090589239,-1.1107723109058925,21,
DOGE,BREAKOUT,SHORT,43619,43620,2026-03-31T08:45:00+00:00,2026-03-31T09:00:00+00:00,0.09073,0.09164120555440958,0.08890758889118086,0.0009112055544095721,2.0,2026-03-31T14:15:00+00:00,0.09164120555440958,SL,-1.0,0.14009994042541327,-1.1400999404254133,21,
XRP,BREAKOUT,SHORT,43735,43736,2026-04-01T13:45:00+00:00,2026-04-01T14:00:00+00:00,1.3462,1.3596085246638239,1.3193829506723525,0.013408524663823806,2.0,2026-04-01T16:30:00+00:00,1.3596085246638239,SL,-1.0,0.14125834234208226,-1.1412583423420823,10,
FET,BREAKOUT,LONG,43705,43706,2026-04-01T06:15:00+00:00,2026-04-01T06:30:00+00:00,0.24,0.23475104365994795,0.2504979126801041,0.005248956340052041,2.0,2026-04-02T01:30:00+00:00,0.23475104365994795,SL,-1.0,0.06331272524142745,-1.0633127252414274,76,
SUI,BREAKOUT,SHORT,43761,43762,2026-04-01T20:15:00+00:00,2026-04-01T20:30:00+00:00,0.8856,0.8988619217730875,0.8590761564538251,0.013261921773087493,2.0,2026-04-02T02:30:00+00:00,0.8590761564538251,TP,2.0,0.09208871311516977,1.9079112868848302,24,
BNB,BREAKOUT,SHORT,43786,43787,2026-04-02T02:30:00+00:00,2026-04-02T02:45:00+00:00,596.88,603.4173033280774,583.8053933438451,6.537303328077428,2.0,2026-04-02T10:00:00+00:00,583.8053933438451,TP,2.0,0.12642518388140223,1.8735748161185977,29,
BNB,BREAKOUT,SHORT,43819,43820,2026-04-02T10:45:00+00:00,2026-04-02T11:00:00+00:00,581.68,586.5351465802138,571.9697068395723,4.855146580213841,2.0,2026-04-02T13:30:00+00:00,571.9697068395723,TP,2.0,0.16632964246202686,1.8336703575379731,10,
SOL,BREAKOUT,SHORT,43830,43831,2026-04-02T13:30:00+00:00,2026-04-02T13:45:00+00:00,76.89,77.94270646669875,74.7845870666025,1.0527064666987513,2.0,2026-04-02T14:00:00+00:00,77.94270646669875,SL,-1.0,0.10295642513394442,-1.1029564251339443,1,
DOGE,BREAKOUT,SHORT,43782,43783,2026-04-02T01:30:00+00:00,2026-04-02T01:45:00+00:00,0.09012,0.09145483051139025,0.08745033897721952,0.0013348305113902448,2.0,2026-04-03T01:45:00+00:00,0.09026,TIME,-0.10488222947060842,0.0945932827595409,-0.1994755122301493,96,
CRV,BREAKOUT,SHORT,43785,43786,2026-04-02T02:15:00+00:00,2026-04-02T02:30:00+00:00,0.21,0.21633123099445406,0.19733753801109186,0.006331230994454068,2.0,2026-04-03T02:30:00+00:00,0.208,TIME,0.31589433425378577,0.046215341101328807,0.26967899315245697,96,
AVAX,BREAKOUT,SHORT,43786,43787,2026-04-02T02:30:00+00:00,2026-04-02T02:45:00+00:00,8.768,8.920665667926079,8.462668664147845,0.15266566792607783,2.0,2026-04-03T02:45:00+00:00,8.774,TIME,-0.0393015671532889,0.08043327728370339,-0.11973484443699228,96,
LINK,BREAKOUT,SHORT,43786,43787,2026-04-02T02:30:00+00:00,2026-04-02T02:45:00+00:00,8.592,8.748580716654182,8.278838566691638,0.15658071665418127,2.0,2026-04-03T02:45:00+00:00,8.632,TIME,-0.25545929827580083,0.07700054168629353,-0.3324598399620944,96,
XRP,BREAKOUT,SHORT,43881,43882,2026-04-03T02:15:00+00:00,2026-04-03T02:30:00+00:00,1.307,1.319606719866589,1.2817865602668217,0.012606719866589122,2.0,2026-04-03T03:30:00+00:00,1.319606719866589,SL,-1.0,0.1458448131920037,-1.1458448131920038,4,
XRP,BREAKOUT,SHORT,44086,44087,2026-04-05T05:30:00+00:00,2026-04-05T05:45:00+00:00,1.304,1.3107968902828568,1.2904062194342865,0.006796890282856793,2.0,2026-04-05T12:15:00+00:00,1.2904062194342865,TP,2.0,0.26719341905290905,1.732806580947091,26,
LINK,BREAKOUT,SHORT,44114,44115,2026-04-05T12:30:00+00:00,2026-04-05T12:45:00+00:00,8.48,8.529610031386948,8.380779937226105,0.04961003138694764,2.0,2026-04-05T13:45:00+00:00,8.529610031386948,SL,-1.0,0.24000644001010477,-1.2400064400101047,4,
UNI,BREAKOUT,SHORT,44088,44089,2026-04-05T06:00:00+00:00,2026-04-05T06:15:00+00:00,3.058,3.0962946930840407,2.981410613831918,0.038294693084040876,2.0,2026-04-05T14:30:00+00:00,3.0962946930840407,SL,-1.0,0.11249616952679453,-1.1124961695267945,33,
SUI,BREAKOUT,SHORT,44113,44114,2026-04-05T12:15:00+00:00,2026-04-05T12:30:00+00:00,0.8459,0.8519343187008334,0.8338313625983332,0.006034318700833374,2.0,2026-04-05T15:15:00+00:00,0.8519343187008334,SL,-1.0,0.1969541355060426,-1.1969541355060427,11,
BNB,BREAKOUT,SHORT,44116,44117,2026-04-05T13:00:00+00:00,2026-04-05T13:15:00+00:00,588.38,591.1639378957689,582.8121242084623,2.7839378957688723,2.0,2026-04-05T15:15:00+00:00,591.1639378957689,SL,-1.0,0.29658734764950656,-1.2965873476495067,8,
CRV,BREAKOUT,SHORT,44089,44090,2026-04-05T06:15:00+00:00,2026-04-05T06:30:00+00:00,0.208,0.2119229360524636,0.20015412789507278,0.003922936052463605,2.0,2026-04-05T23:15:00+00:00,0.2119229360524636,SL,-1.0,0.07493011644992946,-1.0749301164499294,67,
SOL,BREAKOUT,SHORT,44228,44229,2026-04-06T17:00:00+00:00,2026-04-06T17:15:00+00:00,81.26,82.26780295004177,79.24439409991648,1.0078029500417642,2.0,2026-04-07T06:15:00+00:00,79.24439409991648,TP,2.0,0.11148317819995024,1.8885168218000499,52,
DOGE,BREAKOUT,SHORT,44251,44252,2026-04-06T22:45:00+00:00,2026-04-06T23:00:00+00:00,0.09033,0.09111259286672511,0.08876481426654975,0.0007825928667251209,2.0,2026-04-07T09:00:00+00:00,0.09111259286672511,SL,-1.0,0.16229360170148174,-1.1622936017014818,40,
BTC,BREAKOUT,LONG,44819,44820,2026-04-12T20:45:00+00:00,2026-04-12T21:00:00+00:00,71302.8,70941.35521324031,72025.68957351938,361.44478675969003,2.0,2026-04-12T22:00:00+00:00,70941.35521324031,SL,-1.0,0.2754802733272478,-1.275480273327248,4,
ETH,BREAKOUT,LONG,44819,44820,2026-04-12T20:45:00+00:00,2026-04-12T21:00:00+00:00,2212.25,2194.328132467848,2248.0937350643044,17.92186753215219,2.0,2026-04-12T22:00:00+00:00,2194.328132467848,SL,-1.0,0.17211402144300258,-1.1721140214430026,4,
UNI,BREAKOUT,SHORT,44770,44771,2026-04-12T08:30:00+00:00,2026-04-12T08:45:00+00:00,3.052,3.081980288797113,2.992039422405774,0.02998028879711301,2.0,2026-04-13T08:45:00+00:00,3.032,TIME,0.6671049813878359,0.14205333473672563,0.5250516466511103,96,
ETH,BREAKOUT,LONG,44891,44892,2026-04-13T14:45:00+00:00,2026-04-13T15:00:00+00:00,2232.88,2205.607393981085,2287.4252120378305,27.272606018915212,2.0,2026-04-13T15:30:00+00:00,2205.607393981085,SL,-1.0,0.11392168293825337,-1.1139216829382534,2,
ADA,BREAKOUT,SHORT,44949,44950,2026-04-14T05:15:00+00:00,2026-04-14T05:30:00+00:00,0.2428,0.24563616419348114,0.2371276716130377,0.00283616419348115,2.0,2026-04-14T13:30:00+00:00,0.24563616419348114,SL,-1.0,0.1205520173060845,-1.1205520173060846,32,
BTC,BREAKOUT,LONG,44985,44986,2026-04-14T14:15:00+00:00,2026-04-14T14:30:00+00:00,75803.4,75189.59383134703,77031.01233730593,613.8061686529691,2.0,2026-04-14T14:30:00+00:00,75189.59383134703,SL,-1.0,0.17219620961760054,-1.1721962096176006,0,True
ETH,BREAKOUT,LONG,44924,44925,2026-04-13T23:00:00+00:00,2026-04-13T23:15:00+00:00,2352.65,2310.5922241941025,2436.765551611795,42.05777580589756,2.0,2026-04-14T18:45:00+00:00,2310.5922241941025,SL,-1.0,0.07761393688531999,-1.07761393688532,78,
UNI,BREAKOUT,SHORT,44989,44990,2026-04-14T15:15:00+00:00,2026-04-14T15:30:00+00:00,3.147,3.1914078827300068,3.058184234539986,0.04440788273000695,2.0,2026-04-15T13:15:00+00:00,3.1914078827300068,SL,-1.0,0.09991211571347773,-1.0999121157134777,87,
BTC,BREAKOUT,LONG,45102,45103,2026-04-15T19:30:00+00:00,2026-04-15T19:45:00+00:00,75025.6,74344.81054676767,76387.17890646469,680.7894532323407,2.0,2026-04-16T10:00:00+00:00,74344.81054676767,SL,-1.0,0.1535853513686165,-1.1535853513686165,57,
AVAX,BREAKOUT,LONG,45195,45196,2026-04-16T18:45:00+00:00,2026-04-16T19:00:00+00:00,9.773,9.559863096731831,10.199273806536336,0.21313690326816825,2.0,2026-04-17T02:15:00+00:00,9.559863096731831,SL,-1.0,0.06349442053535466,-1.0634944205353547,29,
BTC,BREAKOUT,LONG,45253,45254,2026-04-17T09:15:00+00:00,2026-04-17T09:30:00+00:00,76249.6,75662.9741366113,77422.85172677742,586.6258633887046,2.0,2026-04-17T09:30:00+00:00,75662.9741366113,SL,-1.0,0.18127192906455042,-1.1812719290645504,0,True
SUI,BREAKOUT,LONG,45268,45269,2026-04-17T13:00:00+00:00,2026-04-17T13:15:00+00:00,1.0206,1.001873870888877,1.0580522582222458,0.018726129111122924,2.0,2026-04-17T23:15:00+00:00,1.001873870888877,SL,-1.0,0.0756019410750137,-1.0756019410750137,40,
AVAX,BREAKOUT,LONG,45268,45269,2026-04-17T13:00:00+00:00,2026-04-17T13:15:00+00:00,9.84,9.677156027829108,10.165687944341784,0.16284397217089186,2.0,2026-04-18T01:45:00+00:00,9.677156027829108,SL,-1.0,0.08389631521112233,-1.0838963152111223,50,
LINK,BREAKOUT,LONG,45268,45269,2026-04-17T13:00:00+00:00,2026-04-17T13:15:00+00:00,9.712,9.564517338162304,10.006965323675391,0.14748266183769587,2.0,2026-04-18T01:45:00+00:00,9.564517338162304,SL,-1.0,0.09149253185817345,-1.0914925318581734,50,
XRP,BREAKOUT,LONG,45271,45272,2026-04-17T13:45:00+00:00,2026-04-17T14:00:00+00:00,1.4865,1.4636703150227728,1.5321593699544542,0.02282968497722715,2.0,2026-04-18T04:00:00+00:00,1.4636703150227728,SL,-1.0,0.09045763104378877,-1.0904576310437888,56,
SOL,BREAKOUT,LONG,45456,45457,2026-04-19T12:00:00+00:00,2026-04-19T12:15:00+00:00,85.64,84.92740873794995,87.06518252410011,0.7125912620500543,2.0,2026-04-19T14:30:00+00:00,87.06518252410011,TP,2.0,0.16965353661378207,1.8303464633862179,9,
BTC,BREAKOUT,LONG,45461,45462,2026-04-19T13:15:00+00:00,2026-04-19T13:30:00+00:00,75999.0,75503.73705629105,76989.5258874179,495.262943708949,2.0,2026-04-19T15:30:00+00:00,75503.73705629105,SL,-1.0,0.2141325477436229,-1.214132547743623,8,
XRP,BREAKOUT,LONG,45533,45534,2026-04-20T07:15:00+00:00,2026-04-20T07:30:00+00:00,1.4249,1.4101243454124601,1.45445130917508,0.014775654587539933,2.0,2026-04-20T08:30:00+00:00,1.4101243454124601,SL,-1.0,0.1343099238027825,-1.1343099238027825,4,
BTC,BREAKOUT,LONG,45531,45532,2026-04-20T06:45:00+00:00,2026-04-20T07:00:00+00:00,74751.2,74215.87641687812,75821.84716624375,535.3235831218772,2.0,2026-04-20T17:15:00+00:00,75821.84716624375,TP,2.0,0.19689237750688438,1.8031076224931155,41,
BTC,BREAKOUT,LONG,45576,45577,2026-04-20T18:00:00+00:00,2026-04-20T18:15:00+00:00,76237.4,75395.12597266222,77921.94805467554,842.2740273377713,2.0,2026-04-21T15:00:00+00:00,75395.12597266222,SL,-1.0,0.1260192820101027,-1.1260192820101027,83,
FET,BREAKOUT,SHORT,45669,45670,2026-04-21T17:15:00+00:00,2026-04-21T17:30:00+00:00,0.2071,0.21070067658321587,0.19989864683356828,0.0036006765832158616,2.0,2026-04-22T01:45:00+00:00,0.21070067658321587,SL,-1.0,0.08122375527186249,-1.0812237552718624,33,
SOL,BREAKOUT,LONG,45697,45698,2026-04-22T00:15:00+00:00,2026-04-22T00:30:00+00:00,86.26,85.28942879177104,88.20114241645793,0.9705712082289608,2.0,2026-04-22T05:30:00+00:00,88.20114241645793,TP,2.0,0.12582569795611678,1.8741743020438832,20,
DOGE,BREAKOUT,LONG,45705,45706,2026-04-22T02:15:00+00:00,2026-04-22T02:30:00+00:00,0.09619,0.09531369499980995,0.0979426100003801,0.0008763050001900502,2.0,2026-04-22T07:00:00+00:00,0.0979426100003801,TP,2.0,0.15507480497177817,1.844925195028222,18,
BNB,BREAKOUT,LONG,45707,45708,2026-04-22T02:45:00+00:00,2026-04-22T03:00:00+00:00,640.49,635.8886146647956,649.6927706704089,4.601385335204441,2.0,2026-04-22T13:30:00+00:00,649.6927706704089,TP,2.0,0.1962730511960394,1.8037269488039607,42,
CRV,BREAKOUT,LONG,45706,45707,2026-04-22T02:30:00+00:00,2026-04-22T02:45:00+00:00,0.234,0.22847847453180714,0.24504305093638576,0.005521525468192873,2.0,2026-04-22T20:00:00+00:00,0.22847847453180714,SL,-1.0,0.05863142967231834,-1.0586314296723183,69,
ETH,BREAKOUT,LONG,45707,45708,2026-04-22T02:45:00+00:00,2026-04-22T03:00:00+00:00,2369.68,2339.003575976113,2431.0328480477733,30.67642402388674,2.0,2026-04-23T03:00:00+00:00,2340.0,TIME,-0.9675182471362692,0.10746937118332005,-1.0749876183195892,96,
AVAX,BREAKOUT,LONG,45854,45855,2026-04-23T15:30:00+00:00,2026-04-23T15:45:00+00:00,9.401,9.309150329421756,9.584699341156487,0.09184967057824345,2.0,2026-04-23T17:00:00+00:00,9.309150329421756,SL,-1.0,0.1425928383644912,-1.1425928383644912,5,
FET,BREAKOUT,SHORT,45901,45902,2026-04-24T03:15:00+00:00,2026-04-24T03:30:00+00:00,0.2078,0.21078703615313393,0.20182592769373217,0.0029870361531339207,2.0,2026-04-24T11:00:00+00:00,0.21078703615313393,SL,-1.0,0.09809420116987012,-1.0980942011698702,30,
XRP,BREAKOUT,LONG,45933,45934,2026-04-24T11:15:00+00:00,2026-04-24T11:30:00+00:00,1.4391,1.4292784434387875,1.458743113122425,0.00982155656121253,2.0,2026-04-24T14:15:00+00:00,1.4292784434387875,SL,-1.0,0.20443449038787279,-1.2044344903878728,11,
LINK,BREAKOUT,LONG,46100,46101,2026-04-26T05:00:00+00:00,2026-04-26T05:15:00+00:00,9.394,9.3365010989685,9.508997802063002,0.05749890103150079,2.0,2026-04-26T19:15:00+00:00,9.508997802063002,TP,2.0,0.23012784982090165,1.7698721501790984,56,
CRV,BREAKOUT,LONG,46181,46182,2026-04-27T01:15:00+00:00,2026-04-27T01:30:00+00:00,0.233,0.2278304805003401,0.24333903899931983,0.005169519499659908,2.0,2026-04-27T05:15:00+00:00,0.2278304805003401,SL,-1.0,0.062400642143135364,-1.0624006421431353,15,
LINK,BREAKOUT,LONG,46271,46272,2026-04-27T23:45:00+00:00,2026-04-28T00:00:00+00:00,9.317,9.256135523533873,9.438728952932255,0.06086447646612747,2.0,2026-04-28T02:30:00+00:00,9.256135523533873,SL,-1.0,0.21360891642120977,-1.2136089164212098,10,
DOGE,BREAKOUT,LONG,46277,46278,2026-04-28T01:15:00+00:00,2026-04-28T01:30:00+00:00,0.09931,0.09853638730403524,0.1008572253919295,0.000773612695964751,2.0,2026-04-28T04:15:00+00:00,0.1008572253919295,TP,2.0,0.18112042176300444,1.8188795782369955,11,
CRV,BREAKOUT,LONG,46269,46270,2026-04-27T23:15:00+00:00,2026-04-27T23:30:00+00:00,0.23,0.22485783440978296,0.2402843311804341,0.005142165590217046,2.0,2026-04-28T11:45:00+00:00,0.22485783440978296,SL,-1.0,0.06191953146989354,-1.0619195314698935,49,
FET,BREAKOUT,SHORT,46282,46283,2026-04-28T02:30:00+00:00,2026-04-28T02:45:00+00:00,0.2027,0.20489558447969788,0.1983088310406042,0.002195584479697893,2.0,2026-04-28T12:15:00+00:00,0.1983088310406042,TP,2.0,0.1278503215540344,1.8721496784459657,38,
DOGE,BREAKOUT,LONG,46406,46407,2026-04-29T09:30:00+00:00,2026-04-29T09:45:00+00:00,0.10773,0.10573008675030489,0.11172982649939024,0.0019999132496951177,2.0,2026-04-29T09:45:00+00:00,0.11172982649939024,TP,2.0,0.07681427110550544,1.9231857288944945,0,True
SOL,BREAKOUT,SHORT,46417,46418,2026-04-29T12:15:00+00:00,2026-04-29T12:30:00+00:00,84.11,84.82163045562194,82.68673908875611,0.7116304556219433,2.0,2026-04-29T17:15:00+00:00,82.68673908875611,TP,2.0,0.16407071456783928,1.8359292854321607,19,
ADA,BREAKOUT,SHORT,46422,46423,2026-04-29T13:30:00+00:00,2026-04-29T13:45:00+00:00,0.2468,0.24951132749720084,0.2413773450055983,0.0027113274972008494,2.0,2026-04-29T18:00:00+00:00,0.2413773450055983,TP,2.0,0.12603573041497637,1.8739642695850236,17,
UNI,BREAKOUT,SHORT,46422,46423,2026-04-29T13:30:00+00:00,2026-04-29T13:45:00+00:00,3.228,3.2669373939685658,3.150125212062869,0.03893739396856555,2.0,2026-04-29T18:00:00+00:00,3.150125212062869,TP,2.0,0.11466323740228698,1.885336762597713,17,
DOGE,BREAKOUT,LONG,46464,46465,2026-04-30T00:00:00+00:00,2026-04-30T00:15:00+00:00,0.10433,0.10283187627177852,0.10732624745644298,0.001498123728221487,2.0,2026-04-30T00:45:00+00:00,0.10732624745644298,TP,2.0,0.09889662010453502,1.901103379895465,2,
FET,BREAKOUT,SHORT,46643,46644,2026-05-01T20:45:00+00:00,2026-05-01T21:00:00+00:00,0.1983,0.20064795843287975,0.19360408313424052,0.002347958432879743,2.0,2026-05-02T13:45:00+00:00,0.20064795843287975,SL,-1.0,0.11893889048133718,-1.118938890481337,67,
XRP,BREAKOUT,SHORT,46643,46644,2026-05-01T20:45:00+00:00,2026-05-01T21:00:00+00:00,1.3838,1.3927121688904234,1.365975662219153,0.008912168890423455,2.0,2026-05-02T14:15:00+00:00,1.3927121688904234,SL,-1.0,0.21807918387989048,-1.2180791838798906,69,
BNB,BREAKOUT,SHORT,46643,46644,2026-05-01T20:45:00+00:00,2026-05-01T21:00:00+00:00,617.31,620.0404098840305,611.8491802319388,2.730409884030564,2.0,2026-05-02T21:00:00+00:00,619.14,TIME,-0.6702290416919527,0.31699086831693846,-0.9872199100088912,96,
BNB,BREAKOUT,SHORT,46752,46753,2026-05-03T00:00:00+00:00,2026-05-03T00:15:00+00:00,618.01,620.0975162431009,613.8349675137981,2.0875162431009358,2.0,2026-05-03T12:00:00+00:00,620.0975162431009,SL,-1.0,0.4151705474074556,-1.4151705474074556,47,
AVAX,BREAKOUT,SHORT,46760,46761,2026-05-03T02:00:00+00:00,2026-05-03T02:15:00+00:00,9.05,9.115315411577438,8.919369176845127,0.06531541157743703,2.0,2026-05-03T12:00:00+00:00,9.115315411577438,SL,-1.0,0.19468178307394768,-1.1946817830739476,39,
CRV,BREAKOUT,LONG,46857,46858,2026-05-04T02:15:00+00:00,2026-05-04T02:30:00+00:00,0.2384,0.2350537176341992,0.24509256473160163,0.0033462823658008123,2.0,2026-05-04T10:00:00+00:00,0.2350537176341992,SL,-1.0,0.09904053696455664,-1.0990405369645566,30,
ETH,BREAKOUT,LONG,46858,46859,2026-05-04T02:30:00+00:00,2026-05-04T02:45:00+00:00,2379.46,2347.3306092532966,2443.718781493407,32.12939074670339,2.0,2026-05-04T10:00:00+00:00,2347.3306092532966,SL,-1.0,0.10298214032635522,-1.1029821403263553,29,
LINK,BREAKOUT,LONG,46952,46953,2026-05-05T02:00:00+00:00,2026-05-05T02:15:00+00:00,9.434,9.351090981251375,9.599818037497249,0.08290901874862477,2.0,2026-05-05T07:30:00+00:00,9.599818037497249,TP,2.0,0.16070233163227585,1.8392976683677242,21,
LINK,BREAKOUT,LONG,46985,46986,2026-05-05T10:15:00+00:00,2026-05-05T10:30:00+00:00,9.654,9.544951951060323,9.872096097879353,0.10904804893967679,2.0,2026-05-06T04:00:00+00:00,9.872096097879353,TP,2.0,0.1253416947980111,1.874658305201989,70,
ADA,BREAKOUT,LONG,47072,47073,2026-05-06T08:00:00+00:00,2026-05-06T08:15:00+00:00,0.2657,0.26288394267944326,0.27133211464111345,0.0028160573205567307,2.0,2026-05-06T08:45:00+00:00,0.27133211464111345,TP,2.0,0.1334924816709555,1.8665075183290445,2,
XRP,BREAKOUT,LONG,47075,47076,2026-05-06T08:45:00+00:00,2026-05-06T09:00:00+00:00,1.4424,1.4297481782144172,1.4677036435711652,0.012651821785582662,2.0,2026-05-06T13:15:00+00:00,1.4297481782144172,SL,-1.0,0.1589102153684424,-1.1589102153684423,17,
BNB,BREAKOUT,LONG,47088,47089,2026-05-06T12:00:00+00:00,2026-05-06T12:15:00+00:00,653.4,647.6150355057266,664.9699289885467,5.784964494273368,2.0,2026-05-06T13:45:00+00:00,647.6150355057266,SL,-1.0,0.15742715893166434,-1.1574271589316643,6,
CRV,BREAKOUT,LONG,47075,47076,2026-05-06T08:45:00+00:00,2026-05-06T09:00:00+00:00,0.2486,0.24497548102281275,0.25584903795437447,0.003624518977187241,2.0,2026-05-06T14:00:00+00:00,0.24497548102281275,SL,-1.0,0.0953237764488384,-1.0953237764488384,20,
BTC,BREAKOUT,LONG,47079,47080,2026-05-06T09:45:00+00:00,2026-05-06T10:00:00+00:00,81959.2,81421.0113272248,83035.5773455504,538.1886727751989,2.0,2026-05-06T14:00:00+00:00,81421.0113272248,SL,-1.0,0.21250196021280446,-1.2125019602128044,16,
CRV,BREAKOUT,LONG,47127,47128,2026-05-06T21:45:00+00:00,2026-05-06T22:00:00+00:00,0.2509,0.24703093890346803,0.258638122193064,0.003869061096531984,2.0,2026-05-06T23:00:00+00:00,0.24703093890346803,SL,-1.0,0.09008688375193931,-1.0900868837519393,4,
AVAX,BREAKOUT,LONG,47164,47165,2026-05-07T07:00:00+00:00,2026-05-07T07:15:00+00:00,9.671,9.563139554043309,9.88672089191338,0.10786044595669075,2.0,2026-05-07T09:30:00+00:00,9.563139554043309,SL,-1.0,0.12482701669188796,-1.124827016691888,9,
CRV,BREAKOUT,LONG,47164,47165,2026-05-07T07:00:00+00:00,2026-05-07T07:15:00+00:00,0.2471,0.24344121983576192,0.2544175603284761,0.003658780164238068,2.0,2026-05-07T10:15:00+00:00,0.24344121983576192,SL,-1.0,0.0938506383196546,-1.0938506383196547,12,
LINK,BREAKOUT,LONG,47163,47164,2026-05-07T06:45:00+00:00,2026-05-07T07:00:00+00:00,10.058,9.949955777910755,10.274088444178489,0.10804422208924436,2.0,2026-05-07T10:30:00+00:00,9.949955777910755,SL,-1.0,0.12962811683690917,-1.1296281168369091,14,
ADA,BREAKOUT,LONG,47164,47165,2026-05-07T07:00:00+00:00,2026-05-07T07:15:00+00:00,0.268,0.2649081860470952,0.27418362790580963,0.0030918139529048094,2.0,2026-05-07T13:45:00+00:00,0.2649081860470952,SL,-1.0,0.12065270935286826,-1.1206527093528682,26,
SOL,BREAKOUT,LONG,47164,47165,2026-05-07T07:00:00+00:00,2026-05-07T07:15:00+00:00,89.48,88.5659185070114,91.3081629859772,0.9140814929886005,2.0,2026-05-07T13:45:00+00:00,88.5659185070114,SL,-1.0,0.13634686175236047,-1.1363468617523604,26,
SUI,BREAKOUT,LONG,47289,47290,2026-05-08T14:15:00+00:00,2026-05-08T14:30:00+00:00,0.9929,0.9784108166711942,1.0218783666576114,0.014489183328805777,2.0,2026-05-08T17:30:00+00:00,1.0218783666576114,TP,1.9999999999999922,0.09733777430067006,1.9026622256993222,12,
SOL,BREAKOUT,LONG,47290,47291,2026-05-08T14:30:00+00:00,2026-05-08T14:45:00+00:00,89.17,88.29471319126499,90.92057361747003,0.8752868087350123,2.0,2026-05-08T17:30:00+00:00,90.92057361747003,TP,2.0,0.14402525009421677,1.8559747499057833,11,
LINK,BREAKOUT,LONG,47301,47302,2026-05-08T17:15:00+00:00,2026-05-08T17:30:00+00:00,10.178,10.046622878250018,10.440754243499967,0.13137712174998306,2.0,2026-05-08T18:15:00+00:00,10.440754243499967,TP,2.0,0.10986028448634236,1.8901397155136577,3,
ADA,BREAKOUT,LONG,47290,47291,2026-05-08T14:30:00+00:00,2026-05-08T14:45:00+00:00,0.2673,0.2642661887153033,0.2733676225693934,0.003033811284696708,2.0,2026-05-08T19:15:00+00:00,0.2733676225693934,TP,2.0,0.1247497949881253,1.8752502050118747,18,
AVAX,BREAKOUT,LONG,47290,47291,2026-05-08T14:30:00+00:00,2026-05-08T14:45:00+00:00,9.7,9.575236229628015,9.949527540743969,0.1247637703719846,2.0,2026-05-08T19:15:00+00:00,9.949527540743969,TP,2.0,0.11024570063497659,1.8897542993650234,18,
CRV,BREAKOUT,LONG,47290,47291,2026-05-08T14:30:00+00:00,2026-05-08T14:45:00+00:00,0.2511,0.2468041979996726,0.2596916040006548,0.004295802000327392,2.0,2026-05-08T22:00:00+00:00,0.2596916040006548,TP,2.0,0.08323338058253345,1.9167666194174666,29,
LINK,BREAKOUT,LONG,47332,47333,2026-05-09T01:00:00+00:00,2026-05-09T01:15:00+00:00,10.459,10.346637708626746,10.683724582746507,0.1123622913732536,2.0,2026-05-09T14:15:00+00:00,10.346637708626746,SL,-1.0,0.12961596117383453,-1.1296159611738346,52,
BNB,BREAKOUT,LONG,47305,47306,2026-05-08T18:15:00+00:00,2026-05-08T18:30:00+00:00,648.94,644.2565531017904,658.3068937964194,4.683446898209695,2.0,2026-05-09T18:30:00+00:00,651.46,TIME,0.5380652444171584,0.19436112328891053,0.3437041211282479,96,
UNI,BREAKOUT,LONG,47424,47425,2026-05-10T00:00:00+00:00,2026-05-10T00:15:00+00:00,3.816,3.7550389164480236,3.9379221671039524,0.06096108355197627,2.0,2026-05-10T00:45:00+00:00,3.7550389164480236,SL,-1.0,0.08693623755875328,-1.0869362375587532,2,
ADA,BREAKOUT,LONG,47480,47481,2026-05-10T14:00:00+00:00,2026-05-10T14:15:00+00:00,0.2752,0.2728443751528482,0.2799112496943036,0.0023556248471517938,2.0,2026-05-10T15:45:00+00:00,0.2799112496943036,TP,2.0,0.16495745290505207,1.8350425470949479,6,
XRP,BREAKOUT,LONG,47483,47484,2026-05-10T14:45:00+00:00,2026-05-10T15:00:00+00:00,1.4344,1.4252131805428885,1.4527736389142227,0.009186819457111417,2.0,2026-05-10T16:00:00+00:00,1.4527736389142227,TP,2.0,0.21999142975162148,1.7800085702483786,4,
SUI,BREAKOUT,LONG,47485,47486,2026-05-10T15:15:00+00:00,2026-05-10T15:30:00+00:00,1.1867,1.1508926301400395,1.2583147397199212,0.03580736985996058,2.0,2026-05-10T16:15:00+00:00,1.2583147397199212,TP,2.0,0.047797711043774185,1.9522022889562258,3,
SOL,BREAKOUT,LONG,47486,47487,2026-05-10T15:30:00+00:00,2026-05-10T15:45:00+00:00,94.52,93.71210947103917,96.13578105792165,0.8078905289608258,2.0,2026-05-10T17:30:00+00:00,96.13578105792165,TP,2.0,0.1651944687508727,1.8348055312491274,7,
CRV,BREAKOUT,LONG,47487,47488,2026-05-10T15:45:00+00:00,2026-05-10T16:00:00+00:00,0.2571,0.25400938005179785,0.2632812398964043,0.0030906199482021446,2.0,2026-05-10T17:30:00+00:00,0.2632812398964043,TP,2.0,0.11786207105127304,1.882137928948727,6,
BNB,BREAKOUT,LONG,47486,47487,2026-05-10T15:30:00+00:00,2026-05-10T15:45:00+00:00,655.41,652.3627698272835,661.5044603454329,3.0472301727164677,2.0,2026-05-10T17:45:00+00:00,661.5044603454329,TP,2.0,0.3025173912018679,1.697482608798132,8,
LINK,BREAKOUT,LONG,47488,47489,2026-05-10T16:00:00+00:00,2026-05-10T16:15:00+00:00,10.639,10.530777483738452,10.855445032523093,0.10822251626154689,2.0,2026-05-10T19:30:00+00:00,10.855445032523093,TP,2.0,0.13902940018880597,1.860970599811194,13,
BTC,BREAKOUT,LONG,47487,47488,2026-05-10T15:45:00+00:00,2026-05-10T16:00:00+00:00,81381.5,81058.9017738923,82026.6964522154,322.5982261077006,2.0,2026-05-10T20:15:00+00:00,81058.9017738923,SL,-1.0,0.35247646155302376,-1.3524764615530238,17,
AVAX,BREAKOUT,LONG,47493,47494,2026-05-10T17:15:00+00:00,2026-05-10T17:30:00+00:00,10.348,10.208999861140503,10.626000277718996,0.13900013885949747,2.0,2026-05-10T20:30:00+00:00,10.208999861140503,SL,-1.0,0.10352435631264935,-1.1035243563126493,12,
CRV,BREAKOUT,LONG,47545,47546,2026-05-11T06:15:00+00:00,2026-05-11T06:30:00+00:00,0.2611,0.25661275395241323,0.27007449209517354,0.004487246047586768,2.0,2026-05-11T08:30:00+00:00,0.25661275395241323,SL,-1.0,0.08076199163662681,-1.080761991636627,8,
FET,BREAKOUT,LONG,47557,47558,2026-05-11T09:15:00+00:00,2026-05-11T09:30:00+00:00,0.2385,0.23466366329542865,0.24617267340914267,0.0038363367045713415,2.0,2026-05-11T13:30:00+00:00,0.23466366329542865,SL,-1.0,0.08633615602929952,-1.0863361560292994,16,
CRV,BREAKOUT,LONG,47584,47585,2026-05-11T16:00:00+00:00,2026-05-11T16:15:00+00:00,0.2802,0.2718963070840644,0.29680738583187116,0.008303692915935579,2.0,2026-05-11T16:15:00+00:00,0.2718963070840644,SL,-1.0,0.04654163140079244,-1.0465416314007925,0,True
BNB,BREAKOUT,LONG,47584,47585,2026-05-11T16:00:00+00:00,2026-05-11T16:15:00+00:00,663.12,658.1539285001971,673.0521429996057,4.966071499802865,2.0,2026-05-11T23:30:00+00:00,673.0521429996057,TP,2.0,0.18834213324090338,1.8116578667590966,29,
ADA,BREAKOUT,LONG,47581,47582,2026-05-11T15:15:00+00:00,2026-05-11T15:30:00+00:00,0.283,0.2785017027702625,0.29199659445947496,0.004498297229737491,2.0,2026-05-12T01:15:00+00:00,0.2785017027702625,SL,-1.0,0.08737777249150812,-1.0873777724915081,39,
BTC,BREAKOUT,LONG,47584,47585,2026-05-11T16:00:00+00:00,2026-05-11T16:15:00+00:00,81751.6,81071.7181358064,83111.36372838722,679.8818641936086,2.0,2026-05-12T01:30:00+00:00,81071.7181358064,SL,-1.0,0.16764136344517594,-1.1676413634451759,37,
XRP,BREAKOUT,LONG,47580,47581,2026-05-11T15:00:00+00:00,2026-05-11T15:15:00+00:00,1.4725,1.45482956589248,1.50784086821504,0.017670434107520006,2.0,2026-05-12T06:45:00+00:00,1.45482956589248,SL,-1.0,0.1159638005301006,-1.1159638005301007,62,
DOGE,BREAKOUT,LONG,47584,47585,2026-05-11T16:00:00+00:00,2026-05-11T16:15:00+00:00,0.11134,0.1095894177734581,0.11484116445308379,0.0017505822265418969,2.0,2026-05-12T08:00:00+00:00,0.1095894177734581,SL,-1.0,0.08834237552320963,-1.0883423755232096,63,
DOGE,BREAKOUT,LONG,47809,47810,2026-05-14T00:15:00+00:00,2026-05-14T00:30:00+00:00,0.11499,0.11311607663423927,0.11873784673152145,0.0018739233657607268,2.0,2026-05-14T03:00:00+00:00,0.11311607663423927,SL,-1.0,0.08520852910073357,-1.0852085291007336,10,
ADA,BREAKOUT,LONG,47860,47861,2026-05-14T13:00:00+00:00,2026-05-14T13:15:00+00:00,0.2674,0.26499447932549863,0.2722110413490028,0.0024055206745013935,2.0,2026-05-14T14:00:00+00:00,0.26499447932549863,SL,-1.0,0.15492535128807233,-1.1549253512880724,3,
AVAX,BREAKOUT,LONG,47860,47861,2026-05-14T13:00:00+00:00,2026-05-14T13:15:00+00:00,9.781,9.694869971946195,9.953260056107611,0.08613002805380532,2.0,2026-05-14T14:45:00+00:00,9.953260056107611,TP,2.0,0.16038520306350942,1.8396147969364907,6,
UNI,BREAKOUT,LONG,47861,47862,2026-05-14T13:15:00+00:00,2026-05-14T13:30:00+00:00,3.638,3.5987122277646186,3.7165755444707624,0.03928777223538127,2.0,2026-05-14T14:45:00+00:00,3.7165755444707624,TP,2.0,0.13103829991391652,1.8689617000860834,5,
SOL,BREAKOUT,LONG,47866,47867,2026-05-14T14:30:00+00:00,2026-05-14T14:45:00+00:00,91.56,90.61853915184774,93.44292169630452,0.9414608481522606,2.0,2026-05-14T16:00:00+00:00,93.44292169630452,TP,2.0,0.13755436080170275,1.8624456391982973,5,
UNI,BREAKOUT,LONG,47872,47873,2026-05-14T16:00:00+00:00,2026-05-14T16:15:00+00:00,3.791,3.7296198701389147,3.9137602597221703,0.06138012986108521,2.0,2026-05-14T17:15:00+00:00,3.7296198701389147,SL,-1.0,0.08576772191606054,-1.0857677219160606,4,
ADA,BREAKOUT,LONG,47867,47868,2026-05-14T14:45:00+00:00,2026-05-14T15:00:00+00:00,0.2701,0.26691748311688984,0.27646503376622034,0.0031825168831101647,2.0,2026-05-14T18:15:00+00:00,0.27646503376622034,TP,2.0,0.12021790855747377,1.8797820914425263,13,
XRP,BREAKOUT,LONG,47876,47877,2026-05-14T17:00:00+00:00,2026-05-14T17:15:00+00:00,1.4909,1.4696922058119681,1.5333155883760634,0.02120779418803176,2.0,2026-05-14T18:15:00+00:00,1.5333155883760634,TP,2.0,0.09981947641956597,1.900180523580434,4,
DOGE,BREAKOUT,LONG,47881,47882,2026-05-14T18:15:00+00:00,2026-05-14T18:30:00+00:00,0.11827,0.11559720922381109,0.12361558155237783,0.002672790776188913,2.0,2026-05-14T20:00:00+00:00,0.11559720922381109,SL,-1.0,0.061249480473774626,-1.0612494804737747,6,
BNB,BREAKOUT,LONG,47933,47934,2026-05-15T07:15:00+00:00,2026-05-15T07:30:00+00:00,687.6,680.9341981011542,700.9316037976918,6.665801898845871,2.0,2026-05-15T13:15:00+00:00,680.9341981011542,SL,-1.0,0.14371473278206381,-1.1437147327820638,23,
ADA,BREAKOUT,SHORT,48504,48505,2026-05-21T06:00:00+00:00,2026-05-21T06:15:00+00:00,0.2487,0.2508792596042143,0.2443414807915714,0.0021792596042143064,2.0,2026-05-21T17:15:00+00:00,0.2508792596042143,SL,-1.0,0.1604698591423807,-1.1604698591423808,44,
AVAX,BREAKOUT,SHORT,48579,48580,2026-05-22T00:45:00+00:00,2026-05-22T01:00:00+00:00,9.385,9.463521637282915,9.22795672543417,0.07852163728291472,2.0,2026-05-22T02:00:00+00:00,9.463521637282915,SL,-1.0,0.16802967440120958,-1.1680296744012095,4,
UNI,BREAKOUT,LONG,48624,48625,2026-05-22T12:00:00+00:00,2026-05-22T12:15:00+00:00,3.645,3.5975739493331393,3.7398521013337214,0.047426050666860675,2.0,2026-05-22T14:15:00+00:00,3.5975739493331393,SL,-1.0,0.1068990922340443,-1.1068990922340443,8,
FET,BREAKOUT,SHORT,48633,48634,2026-05-22T14:15:00+00:00,2026-05-22T14:30:00+00:00,0.2076,0.21543868814009803,0.19192262371980395,0.007838688140098027,2.0,2026-05-23T07:45:00+00:00,0.19192262371980395,TP,2.0,0.0356776327372,1.9643223672628,69,
AVAX,BREAKOUT,SHORT,48652,48653,2026-05-22T19:00:00+00:00,2026-05-22T19:15:00+00:00,9.251,9.375263630283492,9.002472739433015,0.12426363028349208,2.0,2026-05-23T07:45:00+00:00,9.002472739433015,TP,2.0,0.10282518616632223,1.8971748138336777,50,
SOL,BREAKOUT,SHORT,48652,48653,2026-05-22T19:00:00+00:00,2026-05-22T19:15:00+00:00,85.08,86.20167301984797,82.83665396030405,1.1216730198479752,2.0,2026-05-23T07:45:00+00:00,82.83665396030405,TP,2.0,0.10479137475210352,1.8952086252478966,50,
CRV,BREAKOUT,SHORT,48703,48704,2026-05-23T07:45:00+00:00,2026-05-23T08:00:00+00:00,0.2225,0.22571214564412775,0.2160757087117445,0.0032121456441277507,2.0,2026-05-23T13:00:00+00:00,0.22571214564412775,SL,-1.0,0.09767567747884201,-1.097675677478842,20,
SOL,BREAKOUT,SHORT,48824,48825,2026-05-24T14:00:00+00:00,2026-05-24T14:15:00+00:00,85.3,86.13230340212792,83.63539319574416,0.8323034021279199,2.0,2026-05-24T21:45:00+00:00,83.63539319574416,TP,2.0,0.14208133108032867,1.8579186689196714,30,
ETH,BREAKOUT,SHORT,48854,48855,2026-05-24T21:30:00+00:00,2026-05-24T21:45:00+00:00,2068.56,2086.384250413638,2032.9114991727242,17.824250413637856,2.0,2026-05-24T22:00:00+00:00,2086.384250413638,SL,-1.0,0.16317437804084023,-1.1631743780408401,1,
XRP,BREAKOUT,SHORT,48824,48825,2026-05-24T14:00:00+00:00,2026-05-24T14:15:00+00:00,1.3498,1.3590622858100896,1.3312754283798212,0.009262285810089477,2.0,2026-05-25T05:30:00+00:00,1.3590622858100896,SL,-1.0,0.2047230714907884,-1.2047230714907884,61,
ETH,BREAKOUT,SHORT,48947,48948,2026-05-25T20:45:00+00:00,2026-05-25T21:00:00+00:00,2107.49,2121.0562471531252,2080.357505693749,13.56624715312546,2.0,2026-05-26T10:15:00+00:00,2121.0562471531252,SL,-1.0,0.2181872657631224,-1.2181872657631223,53,
FET,BREAKOUT,LONG,49058,49059,2026-05-27T00:30:00+00:00,2026-05-27T00:45:00+00:00,0.2565,0.2471660630688894,0.2751678738622212,0.009333936931110592,2.0,2026-05-27T01:45:00+00:00,0.2471660630688894,SL,-1.0,0.03777251193685457,-1.0377725119368546,4,
BTC,BREAKOUT,SHORT,49072,49073,2026-05-27T04:00:00+00:00,2026-05-27T04:15:00+00:00,75600.0,75965.05454429537,74869.89091140925,365.0545442953735,2.0,2026-05-27T08:00:00+00:00,75965.05454429537,SL,-1.0,0.290629276744909,-1.290629276744909,15,
ETH,BREAKOUT,SHORT,49110,49111,2026-05-27T13:30:00+00:00,2026-05-27T13:45:00+00:00,2052.72,2072.0905993130796,2013.9788013738403,19.370599313079765,2.0,2026-05-27T15:15:00+00:00,2072.0905993130796,SL,-1.0,0.149059271365419,-1.149059271365419,6,
XRP,BREAKOUT,SHORT,49149,49150,2026-05-27T23:15:00+00:00,2026-05-27T23:30:00+00:00,1.304,1.3181172490590622,1.2757655018818757,0.014117249059062198,2.0,2026-05-28T03:45:00+00:00,1.2757655018818757,TP,2.0,0.12791697899231322,1.8720830210076869,17,
AVAX,BREAKOUT,SHORT,49166,49167,2026-05-28T03:30:00+00:00,2026-05-28T03:45:00+00:00,8.92,9.040357949889694,8.679284100220611,0.12035794988969428,2.0,2026-05-28T18:00:00+00:00,9.040357949889694,SL,-1.0,0.10445716777699361,-1.1044571677769937,57,
BTC,BREAKOUT,SHORT,49167,49168,2026-05-28T03:45:00+00:00,2026-05-28T04:00:00+00:00,73224.4,73924.21528632248,71824.76942735503,699.8152863224823,2.0,2026-05-28T22:00:00+00:00,73924.21528632248,SL,-1.0,0.1471874546235053,-1.1471874546235052,72,
CRV,BREAKOUT,SHORT,49166,49167,2026-05-28T03:30:00+00:00,2026-05-28T03:45:00+00:00,0.2111,0.21495414041327013,0.20339171917345977,0.0038541404132701185,2.0,2026-05-29T03:45:00+00:00,0.2102,TIME,0.23351510414650145,0.07651771040427092,0.15699739374223054,96,
ADA,BREAKOUT,SHORT,49306,49307,2026-05-29T14:30:00+00:00,2026-05-29T14:45:00+00:00,0.2301,0.23291833266367842,0.22446333467264315,0.0028183326636784245,2.0,2026-05-29T14:45:00+00:00,0.23291833266367842,SL,-1.0,0.11500162384718281,-1.1150016238471827,0,True
BTC,BREAKOUT,SHORT,49306,49307,2026-05-29T14:30:00+00:00,2026-05-29T14:45:00+00:00,72619.7,73175.33698855434,71508.42602289132,555.636988554339,2.0,2026-05-29T14:45:00+00:00,73175.33698855434,SL,-1.0,0.18367482366053342,-1.1836748236605334,0,True
CRV,BREAKOUT,SHORT,49306,49307,2026-05-29T14:30:00+00:00,2026-05-29T14:45:00+00:00,0.207,0.21000169394732063,0.2009966121053587,0.0030016939473206383,2.0,2026-05-29T14:45:00+00:00,0.21000169394732063,SL,-1.0,0.09724548567773883,-1.097245485677739,0,True
LINK,BREAKOUT,SHORT,49306,49307,2026-05-29T14:30:00+00:00,2026-05-29T14:45:00+00:00,8.801,8.906372358098693,8.590255283802614,0.10537235809869294,2.0,2026-05-29T14:45:00+00:00,8.906372358098693,SL,-1.0,0.11763199452231712,-1.1176319945223172,0,True
FET,BREAKOUT,LONG,49395,49396,2026-05-30T12:45:00+00:00,2026-05-30T13:00:00+00:00,0.269,0.25830915715099306,0.2903816856980139,0.010690842849006954,2.0,2026-05-31T13:00:00+00:00,0.272,TIME,0.28061398360922174,0.035422838530937396,0.24519114507828435,96,
BNB,BREAKOUT,LONG,49493,49494,2026-05-31T13:15:00+00:00,2026-05-31T13:30:00+00:00,732.06,722.9041861897854,750.3716276204291,9.155813810214568,2.0,2026-05-31T14:15:00+00:00,722.9041861897854,SL,-1.0,0.11123805610775976,-1.1112380561077597,3,
BTC,BREAKOUT,SHORT,49498,49499,2026-05-31T14:30:00+00:00,2026-05-31T14:45:00+00:00,73577.7,73882.64407705748,72967.81184588502,304.94407705748745,2.0,2026-05-31T21:45:00+00:00,73882.64407705748,SL,-1.0,0.3384956410695624,-1.3384956410695623,28,
SOL,BREAKOUT,SHORT,49497,49498,2026-05-31T14:15:00+00:00,2026-05-31T14:30:00+00:00,81.96,82.60451321509797,80.67097356980405,0.6445132150979731,2.0,2026-05-31T22:15:00+00:00,82.60451321509797,SL,-1.0,0.17873203613529887,-1.1787320361352989,31,
DOGE,BREAKOUT,SHORT,49498,49499,2026-05-31T14:30:00+00:00,2026-05-31T14:45:00+00:00,0.09984,0.10062119922499463,0.09827760155001074,0.0007811992249946303,2.0,2026-05-31T22:15:00+00:00,0.10062119922499463,SL,-1.0,0.17962490868889527,-1.1796249086888952,30,
LINK,BREAKOUT,SHORT,49498,49499,2026-05-31T14:30:00+00:00,2026-05-31T14:45:00+00:00,9.091,9.19610023788977,8.880799524220459,0.1051002378897703,2.0,2026-05-31T23:00:00+00:00,9.19610023788977,SL,-1.0,0.12179772780294335,-1.1217977278029434,33,
BTC,BREAKOUT,SHORT,49543,49544,2026-06-01T01:45:00+00:00,2026-06-01T02:00:00+00:00,73257.9,73736.25019569132,72301.19960861735,478.3501956913242,2.0,2026-06-01T02:30:00+00:00,73736.25019569132,SL,-1.0,0.2151058075523019,-1.2151058075523018,2,
XRP,BREAKOUT,SHORT,49543,49544,2026-06-01T01:45:00+00:00,2026-06-01T02:00:00+00:00,1.321,1.3331921750141569,1.296615649971686,0.012192175014156925,2.0,2026-06-01T02:30:00+00:00,1.3331921750141569,SL,-1.0,0.1523874550974352,-1.1523874550974351,2,
BTC,BREAKOUT,SHORT,49562,49563,2026-06-01T06:30:00+00:00,2026-06-01T06:45:00+00:00,72971.4,73447.68988004954,72018.8202399009,476.2898800495459,2.0,2026-06-01T12:00:00+00:00,72018.8202399009,TP,2.0,0.21309114138090196,1.786908858619098,21,
SOL,BREAKOUT,SHORT,49562,49563,2026-06-01T06:30:00+00:00,2026-06-01T06:45:00+00:00,81.1,81.97739307264487,79.34521385471024,0.8773930726448782,2.0,2026-06-01T13:45:00+00:00,79.34521385471024,TP,2.0,0.12800608210837208,1.8719939178916278,28,
ADA,BREAKOUT,SHORT,49567,49568,2026-06-01T07:45:00+00:00,2026-06-01T08:00:00+00:00,0.2309,0.23367036317281273,0.22535927365437453,0.0027703631728127343,2.0,2026-06-01T15:15:00+00:00,0.22535927365437453,TP,2.0,0.11528506251178468,1.8847149374882153,29,
SUI,BREAKOUT,SHORT,49592,49593,2026-06-01T14:00:00+00:00,2026-06-01T14:15:00+00:00,0.8604,0.8781562986732361,0.824887402653528,0.017756298673236026,2.0,2026-06-01T16:45:00+00:00,0.8781562986732361,SL,-1.0,0.06853846240520987,-1.0685384624052099,10,
LINK,BREAKOUT,SHORT,49562,49563,2026-06-01T06:30:00+00:00,2026-06-01T06:45:00+00:00,8.971,9.08424139452703,8.74451721094594,0.11324139452703008,2.0,2026-06-01T17:30:00+00:00,9.08424139452703,SL,-1.0,0.1116082067777092,-1.111608206777709,43,
ETH,BREAKOUT,SHORT,49562,49563,2026-06-01T06:30:00+00:00,2026-06-01T06:45:00+00:00,1981.25,1999.115289122519,1945.519421754962,17.865289122519016,2.0,2026-06-01T19:15:00+00:00,1999.115289122519,SL,-1.0,0.1559591721845529,-1.155959172184553,50,
FET,BREAKOUT,LONG,49608,49609,2026-06-01T18:00:00+00:00,2026-06-01T18:15:00+00:00,0.281,0.2689830393901873,0.30503392121962547,0.012016960609812721,2.0,2026-06-01T21:15:00+00:00,0.2689830393901873,SL,-1.0,0.03203706328693134,-1.0320370632869313,12,
BTC,BREAKOUT,SHORT,49589,49590,2026-06-01T13:15:00+00:00,2026-06-01T13:30:00+00:00,71806.1,72428.34125053148,70561.61749893706,622.2412505314715,2.0,2026-06-02T01:45:00+00:00,70561.61749893706,TP,2.0,0.1601587843366799,1.8398412156633202,49,
BTC,BREAKOUT,SHORT,49683,49684,2026-06-02T12:45:00+00:00,2026-06-02T13:00:00+00:00,68985.4,69587.63953173286,67780.92093653427,602.2395317328628,2.0,2026-06-02T14:15:00+00:00,67780.92093653427,TP,2.0,0.15896735370410733,1.8410326462958926,5,
SUI,BREAKOUT,SHORT,49690,49691,2026-06-02T14:30:00+00:00,2026-06-02T14:45:00+00:00,0.8315,0.8501853792951887,0.7941292414096227,0.018685379295188653,2.0,2026-06-02T23:15:00+00:00,0.7941292414096227,TP,2.0,0.060900046555637605,1.9390999534443625,34,
BTC,BREAKOUT,SHORT,49742,49743,2026-06-03T03:30:00+00:00,2026-06-03T03:45:00+00:00,65725.7,66682.97552407875,63811.14895184249,957.2755240787519,2.0,2026-06-03T05:00:00+00:00,66682.97552407875,SL,-1.0,0.09682277519427117,-1.0968227751942712,5,
ETH,BREAKOUT,SHORT,49782,49783,2026-06-03T13:30:00+00:00,2026-06-03T13:45:00+00:00,1863.7,1886.0151213887032,1819.0697572225938,22.31512138870312,2.0,2026-06-03T16:15:00+00:00,1819.0697572225938,TP,2.0,0.11552430233970763,1.8844756976602923,10,
CRV,BREAKOUT,SHORT,49793,49794,2026-06-03T16:15:00+00:00,2026-06-03T16:30:00+00:00,0.2035,0.20777386062483644,0.19495227875032708,0.004273860624836451,2.0,2026-06-03T18:45:00+00:00,0.20777386062483644,SL,-1.0,0.06736104138828868,-1.0673610413882886,9,
XRP,BREAKOUT,SHORT,49782,49783,2026-06-03T13:30:00+00:00,2026-06-03T13:45:00+00:00,1.2267,1.2411396033184972,1.1978207933630054,0.014439603318497252,2.0,2026-06-03T20:30:00+00:00,1.1978207933630054,TP,2.0,0.11753540024053305,1.882464599759467,27,
ADA,BREAKOUT,SHORT,49793,49794,2026-06-03T16:15:00+00:00,2026-06-03T16:30:00+00:00,0.2086,0.2124083847858531,0.2009832304282938,0.003808384785853103,2.0,2026-06-03T20:45:00+00:00,0.2009832304282938,TP,2.0,0.07528342786286528,1.9247165721371347,17,
SOL,BREAKOUT,SHORT,49791,49792,2026-06-03T15:45:00+00:00,2026-06-03T16:00:00+00:00,73.25,74.4649091733468,70.8201816533064,1.214909173346797,2.0,2026-06-04T00:15:00+00:00,70.8201816533064,TP,2.0,0.08300960217420879,1.9169903978257912,33,
LINK,BREAKOUT,SHORT,49792,49793,2026-06-03T16:00:00+00:00,2026-06-03T16:15:00+00:00,8.333,8.479579432491839,8.039841135016323,0.1465794324918388,2.0,2026-06-04T01:45:00+00:00,8.039841135016323,TP,2.0,0.07818961091386097,1.921810389086139,38,
XRP,BREAKOUT,SHORT,49829,49830,2026-06-04T01:15:00+00:00,2026-06-04T01:30:00+00:00,1.1695,1.1933559072269022,1.1217881855461955,0.02385590722690223,2.0,2026-06-04T03:00:00+00:00,1.1933559072269022,SL,-1.0,0.06933289601301024,-1.0693328960130102,6,
SOL,BREAKOUT,SHORT,49829,49830,2026-06-04T01:15:00+00:00,2026-06-04T01:30:00+00:00,69.26,71.11375816996171,65.55248366007659,1.8537581699617078,2.0,2026-06-04T03:15:00+00:00,71.11375816996171,SL,-1.0,0.053006714851594125,-1.053006714851594,7,
UNI,BREAKOUT,SHORT,49829,49830,2026-06-04T01:15:00+00:00,2026-06-04T01:30:00+00:00,2.674,2.756721299080821,2.5085574018383574,0.08272129908082126,2.0,2026-06-04T03:30:00+00:00,2.756721299080821,SL,-1.0,0.04595557554823198,-1.045955575548232,8,
ETH,BREAKOUT,SHORT,49861,49862,2026-06-04T09:15:00+00:00,2026-06-04T09:30:00+00:00,1748.41,1782.3260736616812,1680.5778526766378,33.91607366168114,2.0,2026-06-04T12:30:00+00:00,1782.3260736616812,SL,-1.0,0.07287150264552968,-1.0728715026455298,12,
SOL,BREAKOUT,SHORT,49856,49857,2026-06-04T08:00:00+00:00,2026-06-04T08:15:00+00:00,68.47,70.1676907905881,65.0746184188238,1.6976907905880978,2.0,2026-06-04T12:45:00+00:00,70.1676907905881,SL,-1.0,0.05716375684631816,-1.0571637568463181,18,
SUI,BREAKOUT,SHORT,49856,49857,2026-06-04T08:00:00+00:00,2026-06-04T08:15:00+00:00,0.7768,0.8020308966312718,0.7263382067374565,0.02523089663127176,2.0,2026-06-04T14:00:00+00:00,0.8020308966312718,SL,-1.0,0.043802709186010556,-1.0438027091860105,23,
ADA,BREAKOUT,SHORT,49924,49925,2026-06-05T01:00:00+00:00,2026-06-05T01:15:00+00:00,0.1728,0.17877579476149333,0.16084841047701337,0.005975794761493319,2.0,2026-06-05T03:15:00+00:00,0.16084841047701337,TP,2.0,0.039083318061536886,1.9609166819384631,8,
XRP,BREAKOUT,SHORT,49856,49857,2026-06-04T08:00:00+00:00,2026-06-04T08:15:00+00:00,1.1611,1.1846500388681913,1.1139999222636174,0.023550038868191292,2.0,2026-06-05T06:15:00+00:00,1.1139999222636174,TP,2.0,0.06762493915607053,1.9323750608439294,88,
AVAX,BREAKOUT,SHORT,49930,49931,2026-06-05T02:30:00+00:00,2026-06-05T02:45:00+00:00,7.465,7.632926217914109,7.129147564171781,0.16792621791410944,2.0,2026-06-05T06:15:00+00:00,7.129147564171781,TP,2.0,0.060835665936009205,1.9391643340639908,14,
DOGE,BREAKOUT,SHORT,49930,49931,2026-06-05T02:30:00+00:00,2026-06-05T02:45:00+00:00,0.08654,0.08829699946809275,0.08302600106381453,0.0017569994680927403,2.0,2026-06-05T06:15:00+00:00,0.08302600106381453,TP,2.0,0.06755619617433202,1.932443803825668,14,
SUI,BREAKOUT,SHORT,49930,49931,2026-06-05T02:30:00+00:00,2026-06-05T02:45:00+00:00,0.7448,0.7658466667187628,0.7027066665624745,0.021046666718762763,2.0,2026-06-05T06:15:00+00:00,0.7027066665624745,TP,2.0,0.04814323712792164,1.9518567628720784,14,
LINK,BREAKOUT,SHORT,49932,49933,2026-06-05T03:00:00+00:00,2026-06-05T03:15:00+00:00,7.774,7.928885819984044,7.464228360031911,0.15488581998404438,2.0,2026-06-05T06:15:00+00:00,7.464228360031911,TP,2.0,0.06886853717868542,1.9311314628213145,12,
BTC,BREAKOUT,SHORT,49944,49945,2026-06-05T06:00:00+00:00,2026-06-05T06:15:00+00:00,62041.1,63151.68279800104,59819.93440399791,1110.5827980010436,2.0,2026-06-05T09:15:00+00:00,63151.68279800104,SL,-1.0,0.07890897294315771,-1.0789089729431578,12,
SOL,BREAKOUT,SHORT,49944,49945,2026-06-05T06:00:00+00:00,2026-06-05T06:15:00+00:00,65.62,67.44088549161468,61.978229016770655,1.8208854916146748,2.0,2026-06-05T19:00:00+00:00,61.978229016770655,TP,2.0,0.049052376287833356,1.9509476237121666,51,
XRP,BREAKOUT,SHORT,49996,49997,2026-06-05T19:00:00+00:00,2026-06-05T19:15:00+00:00,1.0723,1.1056177131280358,1.0056645737439285,0.033317713128035775,2.0,2026-06-05T20:00:00+00:00,1.1056177131280358,SL,-1.0,0.04575771432243866,-1.0457577143224386,3,
DOGE,BREAKOUT,SHORT,49996,49997,2026-06-05T19:00:00+00:00,2026-06-05T19:15:00+00:00,0.07946,0.08203205120157374,0.07431589759685253,0.0025720512015737357,2.0,2026-06-05T20:15:00+00:00,0.08203205120157374,SL,-1.0,0.04395108300018842,-1.0439510830001884,4,
XRP,BREAKOUT,SHORT,50035,50036,2026-06-06T04:45:00+00:00,2026-06-06T05:00:00+00:00,1.0574,1.0834046054542936,1.0053907890914124,0.026004605454293728,2.0,2026-06-06T05:15:00+00:00,1.0834046054542936,SL,-1.0,0.057626839463183296,-1.0576268394631834,1,
AVAX,BREAKOUT,SHORT,50031,50032,2026-06-06T03:45:00+00:00,2026-06-06T04:00:00+00:00,6.52,6.705701066063352,6.1485978678732955,0.18570106606335202,2.0,2026-06-06T07:45:00+00:00,6.705701066063352,SL,-1.0,0.04985426816605338,-1.0498542681660534,15,
LINK,BREAKOUT,SHORT,50228,50229,2026-06-08T05:00:00+00:00,2026-06-08T05:15:00+00:00,7.723,7.864699989013328,7.439600021973344,0.14169998901332814,2.0,2026-06-08T07:00:00+00:00,7.864699989013328,SL,-1.0,0.07700346392604883,-1.0770034639260488,7,
BNB,BREAKOUT,SHORT,50226,50227,2026-06-08T04:30:00+00:00,2026-06-08T04:45:00+00:00,597.34,604.931406552966,582.1571868940681,7.591406552965964,2.0,2026-06-08T15:00:00+00:00,604.931406552966,SL,-1.0,0.11086087653391016,-1.11086087653391,41,
SOL,BREAKOUT,SHORT,50305,50306,2026-06-09T00:15:00+00:00,2026-06-09T00:30:00+00:00,65.89,66.96288523542987,63.74422952914027,1.0728852354298652,2.0,2026-06-09T04:30:00+00:00,66.96288523542987,SL,-1.0,0.08667937314613196,-1.086679373146132,16,
UNI,BREAKOUT,SHORT,50305,50306,2026-06-09T00:15:00+00:00,2026-06-09T00:30:00+00:00,2.477,2.519354128311114,2.3922917433777715,0.04235412831111418,2.0,2026-06-09T04:30:00+00:00,2.519354128311114,SL,-1.0,0.08257631615334206,-1.0825763161533422,16,
ETH,BREAKOUT,SHORT,50307,50308,2026-06-09T00:45:00+00:00,2026-06-09T01:00:00+00:00,1662.0,1690.0013781958953,1605.9972436082094,28.001378195895313,2.0,2026-06-09T04:30:00+00:00,1690.0013781958953,SL,-1.0,0.08379590991278717,-1.0837959099127872,14,
BNB,BREAKOUT,SHORT,50305,50306,2026-06-09T00:15:00+00:00,2026-06-09T00:30:00+00:00,597.12,603.4405707860062,584.4788584279876,6.320570786006215,2.0,2026-06-09T05:15:00+00:00,603.4405707860062,SL,-1.0,0.13296147262694039,-1.1329614726269404,19,
SUI,BREAKOUT,SHORT,50362,50363,2026-06-09T14:30:00+00:00,2026-06-09T14:45:00+00:00,0.7362,0.7498692869990191,0.7088614260019617,0.013669286999019148,2.0,2026-06-09T17:15:00+00:00,0.7498692869990191,SL,-1.0,0.07610115296971652,-1.0761011529697164,10,
AVAX,BREAKOUT,SHORT,50368,50369,2026-06-09T16:00:00+00:00,2026-06-09T16:15:00+00:00,6.505,6.622215736399364,6.270568527201271,0.11721573639936445,2.0,2026-06-09T17:15:00+00:00,6.622215736399364,SL,-1.0,0.07839434616672664,-1.0783943461667267,4,
DOGE,BREAKOUT,SHORT,50368,50369,2026-06-09T16:00:00+00:00,2026-06-09T16:15:00+00:00,0.08391,0.08511356112893882,0.08150287774212235,0.0012035611289388237,2.0,2026-06-09T17:15:00+00:00,0.08511356112893882,SL,-1.0,0.09830534564918732,-1.0983053456491874,4,
SOL,BREAKOUT,SHORT,50368,50369,2026-06-09T16:00:00+00:00,2026-06-09T16:15:00+00:00,63.99,65.1099421644226,61.750115671154795,1.1199421644226035,2.0,2026-06-09T17:15:00+00:00,65.1099421644226,SL,-1.0,0.08069163068048865,-1.0806916306804886,4,
ADA,BREAKOUT,SHORT,50367,50368,2026-06-09T15:45:00+00:00,2026-06-09T16:00:00+00:00,0.1629,0.16674889075059604,0.1552022184988079,0.0038488907505960512,2.0,2026-06-09T18:15:00+00:00,0.16674889075059604,SL,-1.0,0.05995343554235253,-1.0599534355423526,9,
LINK,BREAKOUT,SHORT,50410,50411,2026-06-10T02:30:00+00:00,2026-06-10T02:45:00+00:00,7.729,7.838774596766233,7.509450806467535,0.10977459676623269,2.0,2026-06-10T13:30:00+00:00,7.838774596766233,SL,-1.0,0.09927107490034963,-1.0992710749003496,43,
FET,BREAKOUT,SHORT,50478,50479,2026-06-10T19:30:00+00:00,2026-06-10T19:45:00+00:00,0.1888,0.1941010957652726,0.1781978084694548,0.005301095765272601,2.0,2026-06-11T19:30:00+00:00,0.1941010957652726,SL,-1.0,0.05056138936247037,-1.0505613893624703,95,
XRP,BREAKOUT,SHORT,50842,50843,2026-06-14T14:30:00+00:00,2026-06-14T14:45:00+00:00,1.128,1.1363699995015926,1.1112600009968145,0.008369999501592673,2.0,2026-06-14T16:00:00+00:00,1.1363699995015926,SL,-1.0,0.18937384636038557,-1.1893738463603856,5,
BTC,BREAKOUT,SHORT,50855,50856,2026-06-14T17:45:00+00:00,2026-06-14T18:00:00+00:00,63706.2,64055.11187479185,63008.37625041629,348.91187479185464,2.0,2026-06-14T20:30:00+00:00,64055.11187479185,SL,-1.0,0.25631950292808464,-1.2563195029280847,10,
FET,BREAKOUT,SHORT,50836,50837,2026-06-14T13:00:00+00:00,2026-06-14T13:15:00+00:00,0.2032,0.20860004050724743,0.19239991898550513,0.005400040507247433,2.0,2026-06-14T21:15:00+00:00,0.20860004050724743,SL,-1.0,0.05338108630263001,-1.05338108630263,32,
CRV,BREAKOUT,LONG,50886,50887,2026-06-15T01:30:00+00:00,2026-06-15T01:45:00+00:00,0.2429,0.2373357679234361,0.2540284641531278,0.005564232076563896,2.0,2026-06-15T02:00:00+00:00,0.2373357679234361,SL,-1.0,0.0604153516461518,-1.0604153516461519,1,
AVAX,BREAKOUT,SHORT,50985,50986,2026-06-16T02:15:00+00:00,2026-06-16T02:30:00+00:00,6.745,6.83802470376045,6.558950592479101,0.09302470376044969,2.0,2026-06-16T06:30:00+00:00,6.83802470376045,SL,-1.0,0.10221066994329712,-1.1022106699432972,16,
AVAX,BREAKOUT,SHORT,51029,51030,2026-06-16T13:15:00+00:00,2026-06-16T13:30:00+00:00,6.867,6.96828934907652,6.66442130184696,0.1012893490765201,2.0,2026-06-17T02:00:00+00:00,6.96828934907652,SL,-1.0,0.09561422432517712,-1.0956142243251772,50,
AVAX,BREAKOUT,SHORT,51150,51151,2026-06-17T19:30:00+00:00,2026-06-17T19:45:00+00:00,6.711,6.891141737177026,6.350716525645948,0.18014173717702597,2.0,2026-06-18T15:15:00+00:00,6.350716525645948,TP,2.0,0.05075559784886001,1.94924440215114,78,
ADA,BREAKOUT,SHORT,51150,51151,2026-06-17T19:30:00+00:00,2026-06-17T19:45:00+00:00,0.1653,0.170321086409046,0.155257827181908,0.0050210864090459995,2.0,2026-06-18T19:45:00+00:00,0.1629,TIME,0.47798420590336155,0.04575503811009903,0.43222916779326254,96,
AVAX,BREAKOUT,SHORT,51282,51283,2026-06-19T04:30:00+00:00,2026-06-19T04:45:00+00:00,6.061,6.1658592026871215,5.851281594625757,0.10485920268712157,2.0,2026-06-19T13:45:00+00:00,6.1658592026871215,SL,-1.0,0.08162184360125929,-1.0816218436012592,36,
SUI,BREAKOUT,SHORT,51283,51284,2026-06-19T04:45:00+00:00,2026-06-19T05:00:00+00:00,0.7087,0.7203316430042389,0.6854367139915222,0.011631643004238912,2.0,2026-06-19T13:45:00+00:00,0.7203316430042389,SL,-1.0,0.0860000732259768,-1.0860000732259767,35,
AVAX,BREAKOUT,SHORT,51338,51339,2026-06-19T18:30:00+00:00,2026-06-19T18:45:00+00:00,5.786,5.943348554425805,5.4713028911483885,0.15734855442580553,2.0,2026-06-19T22:00:00+00:00,5.943348554425805,SL,-1.0,0.05218061276800339,-1.0521806127680033,13,
ADA,BREAKOUT,SHORT,51540,51541,2026-06-21T21:00:00+00:00,2026-06-21T21:15:00+00:00,0.1593,0.16115972769254688,0.15558054461490622,0.0018597276925468864,2.0,2026-06-22T01:15:00+00:00,0.16115972769254688,SL,-1.0,0.12062078243163407,-1.120620782431634,16,
UNI,BREAKOUT,LONG,51607,51608,2026-06-22T13:45:00+00:00,2026-06-22T14:00:00+00:00,3.111,3.0601212205318684,3.212757558936264,0.050878779468131796,2.0,2026-06-22T14:15:00+00:00,3.0601212205318684,SL,-1.0,0.08490346858807864,-1.0849034685880787,1,
CRV,BREAKOUT,SHORT,51642,51643,2026-06-22T22:30:00+00:00,2026-06-22T22:45:00+00:00,0.2075,0.21058923327520557,0.20132153344958884,0.0030892332752055773,2.0,2026-06-23T00:30:00+00:00,0.21058923327520557,SL,-1.0,0.09473627829972416,-1.094736278299724,7,
BNB,BREAKOUT,SHORT,51642,51643,2026-06-22T22:30:00+00:00,2026-06-22T22:45:00+00:00,588.68,593.1954680095367,579.6490639809264,4.515468009536789,2.0,2026-06-23T06:15:00+00:00,579.6490639809264,TP,2.0,0.1811175149639791,1.818882485036021,30,
BTC,BREAKOUT,SHORT,51642,51643,2026-06-22T22:30:00+00:00,2026-06-22T22:45:00+00:00,63817.4,64323.32925233416,62805.54149533169,505.92925233415735,2.0,2026-06-23T06:15:00+00:00,62805.54149533169,TP,2.0,0.1751945724383409,1.824805427561659,30,
DOGE,BREAKOUT,SHORT,51709,51710,2026-06-23T15:15:00+00:00,2026-06-23T15:30:00+00:00,0.07854,0.0794597382481822,0.0767005235036356,0.0009197382481822003,2.0,2026-06-24T01:30:00+00:00,0.0794597382481822,SL,-1.0,0.12025140521482118,-1.1202514052148211,40,
FET,BREAKOUT,SHORT,51673,51674,2026-06-23T06:15:00+00:00,2026-06-23T06:30:00+00:00,0.1745,0.1789616983803093,0.1655766032393814,0.004461698380309298,2.0,2026-06-24T06:30:00+00:00,0.175,TIME,-0.11206494867663802,0.05483337938747893,-0.16689832806411695,96,
LINK,BREAKOUT,SHORT,51673,51674,2026-06-23T06:15:00+00:00,2026-06-23T06:30:00+00:00,7.677,7.782908565951469,7.465182868097061,0.10590856595146914,2.0,2026-06-24T06:30:00+00:00,7.64,TIME,0.3493579548320441,0.10123732583550546,0.24812062899653867,96,
BNB,BREAKOUT,SHORT,51798,51799,2026-06-24T13:30:00+00:00,2026-06-24T13:45:00+00:00,570.48,576.3317694623651,558.7764610752699,5.851769462365041,2.0,2026-06-24T16:00:00+00:00,558.7764610752699,TP,2.0,0.13508384563618986,1.8649161543638102,9,
BTC,BREAKOUT,SHORT,51798,51799,2026-06-24T13:30:00+00:00,2026-06-24T13:45:00+00:00,61464.2,62159.218660899794,60074.1626782004,695.0186608997974,2.0,2026-06-24T16:45:00+00:00,60074.1626782004,TP,2.0,0.12240945266792776,1.8775905473320722,12,
ETH,BREAKOUT,SHORT,51798,51799,2026-06-24T13:30:00+00:00,2026-06-24T13:45:00+00:00,1647.29,1669.4961609304578,1602.8776781390843,22.206160930457827,2.0,2026-06-24T16:45:00+00:00,1602.8776781390843,TP,2.0,0.10245433156240989,1.8975456684375902,12,
FET,BREAKOUT,SHORT,51798,51799,2026-06-24T13:30:00+00:00,2026-06-24T13:45:00+00:00,0.1692,0.1726398667729396,0.16232026645412076,0.003439866772939615,2.0,2026-06-24T17:15:00+00:00,0.16232026645412076,TP,2.0,0.06746313210251713,1.9325368678974828,14,
XRP,BREAKOUT,SHORT,51805,51806,2026-06-24T15:15:00+00:00,2026-06-24T15:30:00+00:00,1.0667,1.0811658581737615,1.0377682836524769,0.014465858173761559,2.0,2026-06-25T04:45:00+00:00,1.0811658581737615,SL,-1.0,0.10393480170078817,-1.1039348017007882,53,
SUI,BREAKOUT,SHORT,51895,51896,2026-06-25T13:45:00+00:00,2026-06-25T14:00:00+00:00,0.654,0.6714642576088031,0.6190714847823938,0.017464257608803102,2.0,2026-06-25T14:00:00+00:00,0.6714642576088031,SL,-1.0,0.05312707823655092,-1.053127078236551,0,True
BTC,BREAKOUT,SHORT,51979,51980,2026-06-26T10:45:00+00:00,2026-06-26T11:00:00+00:00,59290.0,59947.97583449763,57974.04833100474,657.975834497629,2.0,2026-06-26T12:30:00+00:00,59947.97583449763,SL,-1.0,0.12685356924677318,-1.1268535692467732,6,
BTC,BREAKOUT,SHORT,52192,52193,2026-06-28T16:00:00+00:00,2026-06-28T16:15:00+00:00,59800.1,60186.17508107562,59027.949837848755,386.0750810756217,2.0,2026-06-28T22:45:00+00:00,59027.949837848755,TP,2.0,0.21544937491109786,1.784550625088902,26,
BNB,BREAKOUT,SHORT,52194,52195,2026-06-28T16:30:00+00:00,2026-06-28T16:45:00+00:00,552.02,555.8462756029902,544.3674487940195,3.826275602990222,2.0,2026-06-29T03:00:00+00:00,555.8462756029902,SL,-1.0,0.20267917771423405,-1.202679177714234,41,
DOGE,BREAKOUT,SHORT,52194,52195,2026-06-28T16:30:00+00:00,2026-06-28T16:45:00+00:00,0.07304,0.0737897481553741,0.07154050368925177,0.0007497481553741109,2.0,2026-06-29T12:00:00+00:00,0.0737897481553741,SL,-1.0,0.13708713115469565,-1.1370871311546957,77,
FET,BREAKOUT,SHORT,52258,52259,2026-06-29T08:30:00+00:00,2026-06-29T08:45:00+00:00,0.1762,0.1796834675449598,0.16923306491008036,0.0034834675449598174,2.0,2026-06-29T12:00:00+00:00,0.1796834675449598,SL,-1.0,0.07151449642237029,-1.0715144964223704,13,
LINK,BREAKOUT,SHORT,52323,52324,2026-06-30T00:45:00+00:00,2026-06-30T01:00:00+00:00,7.305,7.380993531704538,7.1530129365909225,0.0759935317045386,2.0,2026-06-30T12:45:00+00:00,7.1530129365909225,TP,2.0,0.13317724322857347,1.8668227567714266,47,
SUI,BREAKOUT,SHORT,52369,52370,2026-06-30T12:15:00+00:00,2026-06-30T12:30:00+00:00,0.6827,0.6907653724821855,0.6665692550356289,0.008065372482185529,2.0,2026-06-30T14:00:00+00:00,0.6907653724821855,SL,-1.0,0.11920413630754048,-1.1192041363075405,6,
BNB,BREAKOUT,SHORT,52459,52460,2026-07-01T10:45:00+00:00,2026-07-01T11:00:00+00:00,542.51,546.5401162973174,534.4497674053653,4.030116297317363,2.0,2026-07-01T13:30:00+00:00,546.5401162973174,SL,-1.0,0.18915957386032967,-1.1891595738603296,10,
UNI,BREAKOUT,SHORT,52449,52450,2026-07-01T08:15:00+00:00,2026-07-01T08:30:00+00:00,2.746,2.7863881857167114,2.665223628566577,0.04038818571671143,2.0,2026-07-01T13:45:00+00:00,2.7863881857167114,SL,-1.0,0.09588625141929318,-1.095886251419293,21,
ETH,BREAKOUT,SHORT,52514,52515,2026-07-02T00:30:00+00:00,2026-07-02T00:45:00+00:00,1597.43,1615.8267731859776,1560.636453628045,18.39677318597751,2.0,2026-07-02T01:30:00+00:00,1615.8267731859776,SL,-1.0,0.12226490583384715,-1.1222649058338472,3,
FET,BREAKOUT,SHORT,52991,52992,2026-07-06T23:45:00+00:00,2026-07-07T00:00:00+00:00,0.1715,0.17433637825737355,0.16582724348525293,0.0028363782573735397,2.0,2026-07-07T13:15:00+00:00,0.16582724348525293,TP,2.0,0.08325020466710614,1.9167497953328938,53,
SOL,BREAKOUT,LONG,52959,52960,2026-07-06T15:45:00+00:00,2026-07-06T16:00:00+00:00,81.45,80.18031032278255,83.98937935443492,1.2696896772174568,2.0,2026-07-07T16:00:00+00:00,81.91,TIME,0.36229325027520926,0.09006295164232889,0.2722302986328804,96,
UNI,BREAKOUT,LONG,53328,53329,2026-07-10T12:00:00+00:00,2026-07-10T12:15:00+00:00,3.63,3.549331684886166,3.7913366302276676,0.08066831511383388,2.0,2026-07-10T14:30:00+00:00,3.549331684886166,SL,-1.0,0.06229871260269428,-1.0622987126026944,9,
FET,BREAKOUT,SHORT,53471,53472,2026-07-11T23:45:00+00:00,2026-07-12T00:00:00+00:00,0.1586,0.16051943474867442,0.15476113050265114,0.0019194347486744257,2.0,2026-07-12T02:15:00+00:00,0.16051943474867442,SL,-1.0,0.11637988969322469,-1.1163798896932247,9,
AVAX,BREAKOUT,SHORT,53497,53498,2026-07-12T06:15:00+00:00,2026-07-12T06:30:00+00:00,6.352,6.435120854377825,6.185758291244351,0.08312085437782457,2.0,2026-07-12T11:45:00+00:00,6.435120854377825,SL,-1.0,0.1076863882724053,-1.1076863882724053,21,
UNI,BREAKOUT,LONG,53533,53534,2026-07-12T15:15:00+00:00,2026-07-12T15:30:00+00:00,3.68,3.623038122705667,3.793923754588666,0.056961877294332997,2.0,2026-07-12T22:00:00+00:00,3.623038122705667,SL,-1.0,0.08974645725734466,-1.0897464572573448,26,
ADA,BREAKOUT,SHORT,53471,53472,2026-07-11T23:45:00+00:00,2026-07-12T00:00:00+00:00,0.1656,0.16813689694034717,0.16052620611930565,0.002536896940347172,2.0,2026-07-13T00:00:00+00:00,0.164,TIME,0.6306917614796885,0.09094575200537164,0.539746009474317,96,
DOGE,BREAKOUT,SHORT,53471,53472,2026-07-11T23:45:00+00:00,2026-07-12T00:00:00+00:00,0.07315,0.07388363469786002,0.07168273060427997,0.0007336346978600167,2.0,2026-07-13T00:00:00+00:00,0.07388363469786002,SL,-1.0,0.14029263417982535,-1.1402926341798254,96,
XRP,BREAKOUT,SHORT,53618,53619,2026-07-13T12:30:00+00:00,2026-07-13T12:45:00+00:00,1.0717,1.0790166244513386,1.057066751097323,0.007316624451338516,2.0,2026-07-13T15:15:00+00:00,1.0790166244513386,SL,-1.0,0.2057645089110072,-1.2057645089110072,10,
UNI,BREAKOUT,LONG,53633,53634,2026-07-13T16:15:00+00:00,2026-07-13T16:30:00+00:00,3.58,3.505987116496476,3.728025767007048,0.07401288350352386,2.0,2026-07-13T18:00:00+00:00,3.505987116496476,SL,-1.0,0.06701793994165044,-1.0670179399416504,6,
DOGE,BREAKOUT,SHORT,53639,53640,2026-07-13T17:45:00+00:00,2026-07-13T18:00:00+00:00,0.0709,0.07166002007441663,0.06937995985116675,0.0007600200744166258,2.0,2026-07-13T19:45:00+00:00,0.07166002007441663,SL,-1.0,0.13130181347997913,-1.131301813479979,7,
ADA,BREAKOUT,SHORT,53655,53656,2026-07-13T21:45:00+00:00,2026-07-13T22:00:00+00:00,0.1561,0.15808997420731058,0.1521200515853788,0.001989974207310591,2.0,2026-07-14T00:30:00+00:00,0.15808997420731058,SL,-1.0,0.11052051887765534,-1.1105205188776552,10,
FET,BREAKOUT,SHORT,53639,53640,2026-07-13T17:45:00+00:00,2026-07-13T18:00:00+00:00,0.1577,0.15966580457281018,0.15376839085437966,0.001965804572810176,2.0,2026-07-14T00:45:00+00:00,0.15966580457281018,SL,-1.0,0.11301024846197627,-1.1130102484619764,27,
UNI,BREAKOUT,LONG,53708,53709,2026-07-14T11:00:00+00:00,2026-07-14T11:15:00+00:00,3.668,3.6062789136394775,3.7914421727210454,0.06172108636052265,2.0,2026-07-15T07:15:00+00:00,3.6062789136394775,SL,-1.0,0.08250009097060416,-1.0825000909706042,80,
LINK,BREAKOUT,LONG,53811,53812,2026-07-15T12:45:00+00:00,2026-07-15T13:00:00+00:00,8.572,8.473271022971513,8.769457954056971,0.09872897702848604,2.0,2026-07-15T16:15:00+00:00,8.473271022971513,SL,-1.0,0.12085296612196676,-1.1208529661219668,13,
DOGE,BREAKOUT,SHORT,53949,53950,2026-07-16T23:15:00+00:00,2026-07-16T23:30:00+00:00,0.07223,0.07291862801891673,0.07085274396216655,0.000688628018916726,2.0,2026-07-17T17:00:00+00:00,0.07291862801891673,SL,-1.0,0.14754560782042245,-1.1475456078204225,70,
AVAX,BREAKOUT,SHORT,54194,54195,2026-07-19T12:30:00+00:00,2026-07-19T12:45:00+00:00,6.41,6.470828401020363,6.288343197959275,0.06082840102036258,2.0,2026-07-19T14:45:00+00:00,6.470828401020363,SL,-1.0,0.1482297698026932,-1.1482297698026933,8,
UNI,BREAKOUT,LONG,54240,54241,2026-07-20T00:00:00+00:00,2026-07-20T00:15:00+00:00,3.545,3.5048303566645505,3.625339286670899,0.04016964333544948,2.0,2026-07-20T00:45:00+00:00,3.5048303566645505,SL,-1.0,0.12285100986470998,-1.12285100986471,2,
FET,BREAKOUT,SHORT,54248,54249,2026-07-20T02:00:00+00:00,2026-07-20T02:15:00+00:00,0.155,0.15705617637422453,0.15088764725155093,0.002056176374224533,2.0,2026-07-20T03:45:00+00:00,0.15088764725155093,TP,2.0,0.10413569368865033,1.8958643063113496,6,
CRV,BREAKOUT,LONG,54276,54277,2026-07-20T09:00:00+00:00,2026-07-20T09:15:00+00:00,0.2123,0.20912998365980534,0.21864003268038928,0.003170016340194648,2.0,2026-07-20T15:00:00+00:00,0.21864003268038928,TP,2.0,0.09515976906849315,1.904840230931507,23,
BTC,BREAKOUT,LONG,54339,54340,2026-07-21T00:45:00+00:00,2026-07-21T01:00:00+00:00,65538.8,65169.936141486,66276.527717028,368.86385851399973,2.0,2026-07-21T02:15:00+00:00,65169.936141486,SL,-1.0,0.24804846879724218,-1.2480484687972422,5,
ETH,BREAKOUT,LONG,54304,54305,2026-07-20T16:00:00+00:00,2026-07-20T16:15:00+00:00,1902.87,1878.1216306193908,1952.3667387612181,24.74836938060912,2.0,2026-07-21T08:15:00+00:00,1952.3667387612181,TP,2.0,0.10904418289664432,1.8909558171033556,64,
BTC,BREAKOUT,LONG,54367,54368,2026-07-21T07:45:00+00:00,2026-07-21T08:00:00+00:00,66166.8,65766.7840896179,66966.83182076422,400.0159103821061,2.0,2026-07-22T07:30:00+00:00,65766.7840896179,SL,-1.0,0.23087458889951135,-1.2308745888995114,94,
UNI,BREAKOUT,LONG,54550,54551,2026-07-23T05:30:00+00:00,2026-07-23T05:45:00+00:00,3.848,3.791988290828495,3.9600234183430096,0.056011709171504886,2.0,2026-07-23T12:30:00+00:00,3.791988290828495,SL,-1.0,0.09547988952104064,-1.0954798895210407,27,
BTC,BREAKOUT,LONG,54609,54610,2026-07-23T20:15:00+00:00,2026-07-23T20:30:00+00:00,65141.3,64747.39894379677,65929.10211240647,393.9010562032345,2.0,2026-07-24T00:30:00+00:00,64747.39894379677,SL,-1.0,0.23082469018246604,-1.230824690182466,16,
BTC,BREAKOUT,LONG,54638,54639,2026-07-24T03:30:00+00:00,2026-07-24T03:45:00+00:00,65382.9,65022.7752100536,66103.14957989281,360.1247899463997,2.0,2026-07-24T09:00:00+00:00,65022.7752100536,SL,-1.0,0.2534787251403161,-1.253478725140316,21,
BNB,BREAKOUT,SHORT,54680,54681,2026-07-24T14:00:00+00:00,2026-07-24T14:15:00+00:00,558.01,562.0787644064858,549.8724711870284,4.068764406485798,2.0,2026-07-24T15:15:00+00:00,562.0787644064858,SL,-1.0,0.19270276102364367,-1.1927027610236436,4,
ETH,BREAKOUT,LONG,54834,54835,2026-07-26T04:30:00+00:00,2026-07-26T04:45:00+00:00,1886.74,1878.9556674074288,1902.3086651851424,7.784332592571218,2.0,2026-07-26T06:15:00+00:00,1878.9556674074288,SL,-1.0,0.3386272279399763,-1.3386272279399762,6,
ETH,BREAKOUT,LONG,54865,54866,2026-07-26T12:15:00+00:00,2026-07-26T12:30:00+00:00,1889.03,1881.4064780928784,1904.2770438142431,7.623521907121585,2.0,2026-07-26T13:00:00+00:00,1881.4064780928784,SL,-1.0,0.3462055421129547,-1.3462055421129546,2,
LINK,BREAKOUT,LONG,54879,54880,2026-07-26T15:45:00+00:00,2026-07-26T16:00:00+00:00,8.593,8.518816717422988,8.741366565154024,0.07418328257701212,2.0,2026-07-26T22:00:00+00:00,8.741366565154024,TP,2.0,0.16356861241629542,1.8364313875837046,24,
AVAX,BREAKOUT,SHORT,54856,54857,2026-07-26T10:00:00+00:00,2026-07-26T10:15:00+00:00,6.713,6.784181105738603,6.570637788522794,0.07118110573860292,2.0,2026-07-27T10:15:00+00:00,6.642,TIME,0.9974557048991587,0.13133400925703972,0.8661216956421189,96,
UNI,BREAKOUT,LONG,54865,54866,2026-07-26T12:15:00+00:00,2026-07-26T12:30:00+00:00,3.897,3.821764761000514,4.047470477998971,0.0752352389994857,2.0,2026-07-27T12:30:00+00:00,3.865,TIME,-0.4253326024553246,0.07221881756814971,-0.4975514200234743,96,
FET,BREAKOUT,SHORT,54944,54945,2026-07-27T08:00:00+00:00,2026-07-27T08:15:00+00:00,0.1578,0.15937951813473786,0.15464096373052427,0.0015795181347378617,2.0,2026-07-27T12:30:00+00:00,0.15464096373052427,TP,2.0,0.13846544069445843,1.8615345593055417,17,
XRP,BREAKOUT,SHORT,54961,54962,2026-07-27T12:15:00+00:00,2026-07-27T12:30:00+00:00,1.101,1.1076666389895407,1.0876667220209186,0.006666638989540674,2.0,2026-07-27T13:30:00+00:00,1.1076666389895407,SL,-1.0,0.23191095988823013,-1.23191095988823,4,
FET,BREAKOUT,SHORT,54969,54970,2026-07-27T14:15:00+00:00,2026-07-27T14:30:00+00:00,0.1515,0.1538641319319481,0.1467717361361038,0.0023641319319480936,2.0,2026-07-27T22:15:00+00:00,0.1467717361361038,TP,2.0,0.08831580525340023,1.9116841947465997,31,
SOL,BREAKOUT,SHORT,55002,55003,2026-07-27T22:30:00+00:00,2026-07-27T22:45:00+00:00,74.68,75.4624134436094,73.1151731127812,0.7824134436093999,2.0,2026-07-28T01:00:00+00:00,73.1151731127812,TP,2.0,0.13222756079149753,1.8677724392085024,9,
XRP,BREAKOUT,SHORT,55053,55054,2026-07-28T11:15:00+00:00,2026-07-28T11:30:00+00:00,1.0501,1.0574696148363283,1.0353607703273435,0.007369614836328253,2.0,2026-07-28T15:15:00+00:00,1.0574696148363283,SL,-1.0,0.20018668046435714,-1.200186680464357,15,
UNI,BREAKOUT,LONG,55058,55059,2026-07-28T12:30:00+00:00,2026-07-28T12:45:00+00:00,3.883,3.81284701751558,4.02330596496884,0.07015298248441981,2.0,2026-07-29T02:15:00+00:00,3.81284701751558,SL,-1.0,0.0767906469758049,-1.0767906469758048,54,
UNI,BREAKOUT,LONG,55138,55139,2026-07-29T08:30:00+00:00,2026-07-29T08:45:00+00:00,3.881,3.8213361122429927,4.000327775514014,0.05966388775700704,2.0,2026-07-29T09:30:00+00:00,4.000327775514014,TP,2.0000000000000075,0.0924668111694061,1.9075331888306015,3,
SOL,BREAKOUT,SHORT,55162,55163,2026-07-29T14:30:00+00:00,2026-07-29T14:45:00+00:00,73.13,73.80825724664173,71.77348550671653,0.6782572466417349,2.0,2026-07-29T17:45:00+00:00,73.80825724664173,SL,-1.0,0.15164862680336333,-1.1516486268033632,12,
CRV,BREAKOUT,SHORT,55185,55186,2026-07-29T20:15:00+00:00,2026-07-29T20:30:00+00:00,0.2047,0.20848169018439316,0.19713661963121365,0.0037816901843931716,2.0,2026-07-29T23:15:00+00:00,0.20848169018439316,SL,-1.0,0.0764809302260402,-1.0764809302260403,11,
UNI,BREAKOUT,LONG,55246,55247,2026-07-30T11:30:00+00:00,2026-07-30T11:45:00+00:00,4.115,4.043649984325804,4.257700031348392,0.07135001567419597,2.0,2026-07-30T13:15:00+00:00,4.257700031348392,TP,2.0,0.08214279936119888,1.917857200638801,6,
UNI,BREAKOUT,LONG,55301,55302,2026-07-31T01:15:00+00:00,2026-07-31T01:30:00+00:00,4.547,4.447195031095179,4.746609937809642,0.09980496890482105,2.0,2026-07-31T02:00:00+00:00,4.447195031095179,SL,-1.0,0.06308239550448376,-1.0630823955044837,2,
SOL,BREAKOUT,SHORT,55304,55305,2026-07-31T02:00:00+00:00,2026-07-31T02:15:00+00:00,74.31,74.98017444886948,72.96965110226105,0.6701744488694743,2.0,2026-07-31T14:00:00+00:00,72.96965110226105,TP,2.0,0.15383420831023362,1.8461657916897665,47,
FET,BREAKOUT,SHORT,55306,55307,2026-07-31T02:30:00+00:00,2026-07-31T02:45:00+00:00,0.1424,0.14460181552805615,0.1379963689438877,0.0022018155280561502,2.0,2026-08-01T02:45:00+00:00,0.1414,TIME,0.4541706547427433,0.09022554227119331,0.36394511247155004,96,
SUI,BREAKOUT,SHORT,55535,55536,2026-08-02T11:45:00+00:00,2026-08-02T12:00:00+00:00,0.6846,0.6893629513762027,0.6750740972475945,0.004762951376202751,2.0,2026-08-02T14:15:00+00:00,0.6893629513762027,SL,-1.0,0.2019281722607283,-1.2019281722607282,9,
BNB,BREAKOUT,LONG,55500,55501,2026-08-02T03:00:00+00:00,2026-08-02T03:15:00+00:00,582.02,579.009870296384,588.040259407232,3.0101297036160304,2.0,2026-08-02T16:30:00+00:00,588.040259407232,TP,2.0,0.27209531223892364,1.7279046877610764,53,
CRV,BREAKOUT,SHORT,55596,55597,2026-08-03T03:00:00+00:00,2026-08-03T03:15:00+00:00,0.2001,0.20194163293431464,0.19641673413137073,0.0018416329343146354,2.0,2026-08-03T08:15:00+00:00,0.20194163293431464,SL,-1.0,0.1528150033648015,-1.1528150033648015,20,
DOGE,BREAKOUT,SHORT,55612,55613,2026-08-03T07:00:00+00:00,2026-08-03T07:15:00+00:00,0.0691,0.06966227776971794,0.06797544446056411,0.0005622777697179421,2.0,2026-08-03T09:45:00+00:00,0.06966227776971794,SL,-1.0,0.17275019513492082,-1.1727501951349208,10,
AVAX,BREAKOUT,SHORT,55597,55598,2026-08-03T03:15:00+00:00,2026-08-03T03:30:00+00:00,6.42,6.488987737382892,6.282024525234215,0.06898773738289243,2.0,2026-08-03T13:15:00+00:00,6.488987737382892,SL,-1.0,0.13098402352312605,-1.130984023523126,39,
FET,BREAKOUT,SHORT,55593,55594,2026-08-03T02:15:00+00:00,2026-08-03T02:30:00+00:00,0.1396,0.14092690888909257,0.13694618222181487,0.001326908889092565,2.0,2026-08-03T13:45:00+00:00,0.14092690888909257,SL,-1.0,0.14798969080435947,-1.1479896908043594,45,
BTC,BREAKOUT,SHORT,55599,55600,2026-08-03T03:45:00+00:00,2026-08-03T04:00:00+00:00,62839.8,63174.97956159757,62169.440876804874,335.1795615975643,2.0,2026-08-03T13:45:00+00:00,63174.97956159757,SL,-1.0,0.2631734025567724,-1.2631734025567725,39,
ADA,BREAKOUT,LONG,55639,55640,2026-08-03T13:45:00+00:00,2026-08-03T14:00:00+00:00,0.1945,0.1903247054231718,0.2028505891536564,0.004175294576828192,2.0,2026-08-03T14:15:00+00:00,0.1903247054231718,SL,-1.0,0.06451695535237076,-1.0645169553523708,1,
BTC,BREAKOUT,SHORT,55673,55674,2026-08-03T22:15:00+00:00,2026-08-03T22:30:00+00:00,63501.7,63884.84229589895,62735.4154082021,383.14229589894967,2.0,2026-08-04T01:30:00+00:00,63884.84229589895,SL,-1.0,0.23273488873869252,-1.2327348887386926,12,
XRP,BREAKOUT,SHORT,55673,55674,2026-08-03T22:15:00+00:00,2026-08-03T22:30:00+00:00,1.0756,1.0826298175519544,1.0615403648960908,0.007029817551954531,2.0,2026-08-04T19:45:00+00:00,1.0826298175519544,SL,-1.0,0.21490755074665124,-1.2149075507466511,85,
SOL,BREAKOUT,SHORT,55775,55776,2026-08-04T23:45:00+00:00,2026-08-05T00:00:00+00:00,73.72,74.28129388554584,72.59741222890833,0.5612938855458367,2.0,2026-08-05T02:00:00+00:00,74.28129388554584,SL,-1.0,0.18457515463425045,-1.1845751546342504,8,
SUI,BREAKOUT,SHORT,55790,55791,2026-08-05T03:30:00+00:00,2026-08-05T03:45:00+00:00,0.6879,0.6934645400323572,0.6767709199352854,0.00556454003235729,2.0,2026-08-05T05:15:00+00:00,0.6934645400323572,SL,-1.0,0.17377090871840156,-1.1737709087184016,6,
XRP,BREAKOUT,SHORT,55879,55880,2026-08-06T01:45:00+00:00,2026-08-06T02:00:00+00:00,1.0532,1.0596856778452097,1.0402286443095803,0.006485677845209814,2.0,2026-08-06T04:00:00+00:00,1.0402286443095803,TP,2.0,0.22594400862802955,1.7740559913719705,8,
DOGE,BREAKOUT,SHORT,55880,55881,2026-08-06T02:00:00+00:00,2026-08-06T02:15:00+00:00,0.06967,0.07009578345324569,0.06881843309350862,0.00042578345324569,2.0,2026-08-06T05:00:00+00:00,0.07009578345324569,SL,-1.0,0.22977888800393945,-1.2297788880039395,11,
SUI,BREAKOUT,SHORT,55880,55881,2026-08-06T02:00:00+00:00,2026-08-06T02:15:00+00:00,0.6862,0.6908027312243968,0.6769945375512064,0.0046027312243968055,2.0,2026-08-06T09:30:00+00:00,0.6769945375512064,TP,2.0,0.20731955218847228,1.7926804478115277,29,
ADA,BREAKOUT,LONG,55919,55920,2026-08-06T11:45:00+00:00,2026-08-06T12:00:00+00:00,0.1922,0.18934107002674222,0.1979178599465156,0.00285892997325779,2.0,2026-08-06T14:30:00+00:00,0.1979178599465156,TP,2.0,0.0955191293655156,1.9044808706344845,10,
SOL,BREAKOUT,SHORT,55924,55925,2026-08-06T13:00:00+00:00,2026-08-06T13:15:00+00:00,72.93,73.41151699616096,71.96696600767811,0.48151699616094845,2.0,2026-08-06T14:30:00+00:00,73.41151699616096,SL,-1.0,0.21274235948895176,-1.2127423594889517,5,
FET,BREAKOUT,SHORT,55914,55915,2026-08-06T10:30:00+00:00,2026-08-06T10:45:00+00:00,0.1376,0.13975385154959036,0.13329229690081928,0.0021538515495903576,2.0,2026-08-06T16:45:00+00:00,0.13975385154959036,SL,-1.0,0.09013977593842916,-1.0901397759384293,24,
ADA,BREAKOUT,LONG,55934,55935,2026-08-06T15:30:00+00:00,2026-08-06T15:45:00+00:00,0.2074,0.2018171121007037,0.21856577579859263,0.005582887899296313,2.0,2026-08-06T19:45:00+00:00,0.2018171121007037,SL,-1.0,0.05130892535144724,-1.0513089253514472,16,
DOGE,BREAKOUT,SHORT,55910,55911,2026-08-06T09:30:00+00:00,2026-08-06T09:45:00+00:00,0.06902,0.06950429214928452,0.06805141570143095,0.00048429214928452646,2.0,2026-08-07T09:15:00+00:00,0.06950429214928452,SL,-1.0,0.20022419245852793,-1.200224192458528,94,
AVAX,BREAKOUT,SHORT,56036,56037,2026-08-07T17:00:00+00:00,2026-08-07T17:15:00+00:00,6.381,6.448647861946219,6.245704276107563,0.06764786194621841,2.0,2026-08-07T19:15:00+00:00,6.448647861946219,SL,-1.0,0.1327573887036113,-1.1327573887036113,8,
BNB,BREAKOUT,LONG,56121,56122,2026-08-08T14:15:00+00:00,2026-08-08T14:30:00+00:00,607.58,603.5619987929452,615.6160024141096,4.018001207054795,2.0,2026-08-08T14:45:00+00:00,603.5619987929452,SL,-1.0,0.21100028483478253,-1.2110002848347825,1,
CRV,BREAKOUT,LONG,56117,56118,2026-08-08T13:15:00+00:00,2026-08-08T13:30:00+00:00,0.2279,0.22459365115210378,0.23451269769579242,0.003306348847896212,2.0,2026-08-09T11:00:00+00:00,0.23451269769579242,TP,2.0,0.09789919433123756,1.9021008056687625,86,
LINK,BREAKOUT,LONG,56223,56224,2026-08-09T15:45:00+00:00,2026-08-09T16:00:00+00:00,8.35,8.298081178502827,8.453837642994346,0.051918821497173084,2.0,2026-08-09T22:30:00+00:00,8.298081178502827,SL,-1.0,0.22445919396661396,-1.2244591939666138,26,
UNI,BREAKOUT,LONG,56248,56249,2026-08-09T22:00:00+00:00,2026-08-09T22:15:00+00:00,4.109,4.064442465519408,4.198115068961185,0.04455753448059241,2.0,2026-08-09T22:30:00+00:00,4.064442465519408,SL,-1.0,0.1284049890228019,-1.1284049890228018,1,
AVAX,BREAKOUT,SHORT,56251,56252,2026-08-09T22:45:00+00:00,2026-08-09T23:00:00+00:00,6.491,6.550258274388818,6.372483451222363,0.059258274388818144,2.0,2026-08-09T23:30:00+00:00,6.372483451222363,TP,2.0,0.15195242366954181,1.8480475763304582,2,
CRV,BREAKOUT,LONG,56208,56209,2026-08-09T12:00:00+00:00,2026-08-09T12:15:00+00:00,0.2379,0.2336403629745183,0.24641927405096342,0.004259637025481711,2.0,2026-08-10T12:15:00+00:00,0.2421,TIME,0.9859995053275796,0.0788799604262062,0.9071195449013735,96,
AVAX,BREAKOUT,SHORT,56321,56322,2026-08-10T16:15:00+00:00,2026-08-10T16:30:00+00:00,6.447,6.515572483692281,6.309855032615439,0.06857248369228053,2.0,2026-08-11T01:00:00+00:00,6.515572483692281,SL,-1.0,0.1323242246744822,-1.1323242246744822,34,
LINK,BREAKOUT,LONG,56354,56355,2026-08-11T00:30:00+00:00,2026-08-11T00:45:00+00:00,8.331,8.263331986882081,8.466336026235837,0.06766801311791859,2.0,2026-08-11T07:45:00+00:00,8.466336026235837,TP,2.0,0.17376208752982455,1.8262379124701755,28,
AVAX,BREAKOUT,SHORT,56406,56407,2026-08-11T13:30:00+00:00,2026-08-11T13:45:00+00:00,6.444,6.4967448783892605,6.338510243221479,0.05274487838926056,2.0,2026-08-11T14:45:00+00:00,6.338510243221479,TP,2.0,0.16964219927136842,1.8303578007286316,4,
FET,BREAKOUT,SHORT,56316,56317,2026-08-10T15:00:00+00:00,2026-08-10T15:15:00+00:00,0.1356,0.13743466438690866,0.13193067122618268,0.0018346643869086576,2.0,2026-08-11T15:15:00+00:00,0.13193067122618268,TP,2.0,0.1020739657861204,1.8979260342138795,96,
BNB,BREAKOUT,LONG,56432,56433,2026-08-11T20:00:00+00:00,2026-08-11T20:15:00+00:00,612.75,609.1928682859284,619.8642634281432,3.557131714071602,2.0,2026-08-12T01:00:00+00:00,619.8642634281432,TP,2.0,0.2425634060685593,1.7574365939314407,19,
SOL,BREAKOUT,LONG,56497,56498,2026-08-12T12:15:00+00:00,2026-08-12T12:30:00+00:00,77.15,76.67107883875973,78.10784232248056,0.4789211612402795,2.0,2026-08-12T12:30:00+00:00,76.67107883875973,SL,-1.0,0.22482772510674323,-1.2248277251067432,0,True
FET,BREAKOUT,SHORT,56506,56507,2026-08-12T14:30:00+00:00,2026-08-12T14:45:00+00:00,0.1338,0.13529406362212845,0.1308118727557431,0.0014940636221284498,2.0,2026-08-12T18:00:00+00:00,0.13529406362212845,SL,-1.0,0.1260761869478778,-1.126076186947878,13,
SUI,BREAKOUT,SHORT,56609,56610,2026-08-13T16:15:00+00:00,2026-08-13T16:30:00+00:00,0.6838,0.6895794625683528,0.6722410748632943,0.005779462568352822,2.0,2026-08-13T22:15:00+00:00,0.6895794625683528,SL,-1.0,0.16634169915072938,-1.1663416991507294,23,
AVAX,BREAKOUT,SHORT,56608,56609,2026-08-13T16:00:00+00:00,2026-08-13T16:15:00+00:00,6.378,6.453587039609009,6.226825920781982,0.07558703960900903,2.0,2026-08-13T23:45:00+00:00,6.453587039609009,SL,-1.0,0.11883136281283532,-1.1188313628128352,30,
BTC,BREAKOUT,SHORT,56673,56674,2026-08-14T08:15:00+00:00,2026-08-14T08:30:00+00:00,62750.1,63031.3298493617,62187.6403012766,281.22984936169814,2.0,2026-08-14T15:45:00+00:00,63031.3298493617,SL,-1.0,0.313078434221658,-1.313078434221658,29,
LINK,BREAKOUT,LONG,56738,56739,2026-08-15T00:30:00+00:00,2026-08-15T00:45:00+00:00,9.064,8.969571343240608,9.252857313518785,0.09442865675939238,2.0,2026-08-15T01:45:00+00:00,9.252857313518785,TP,2.0,0.13578293454002588,1.8642170654599741,4,
LINK,BREAKOUT,LONG,56747,56748,2026-08-15T02:45:00+00:00,2026-08-15T03:00:00+00:00,9.722,9.52073009785673,10.12453980428654,0.20126990214327023,2.0,2026-08-15T04:00:00+00:00,9.52073009785673,SL,-1.0,0.0669246167711226,-1.0669246167711226,4,
BNB,BREAKOUT,LONG,56755,56756,2026-08-15T04:45:00+00:00,2026-08-15T05:00:00+00:00,611.89,609.5722020443593,616.5255959112814,2.3177979556406854,2.0,2026-08-15T14:15:00+00:00,609.5722020443593,SL,-1.0,0.3688947689984074,-1.3688947689984075,37,
BNB,BREAKOUT,LONG,56948,56949,2026-08-17T05:00:00+00:00,2026-08-17T05:15:00+00:00,606.78,604.2019325907801,611.9361348184398,2.578067409219898,2.0,2026-08-17T09:30:00+00:00,604.2019325907801,SL,-1.0,0.3288072878862579,-1.3288072878862578,17,
XRP,BREAKOUT,SHORT,56962,56963,2026-08-17T08:30:00+00:00,2026-08-17T08:45:00+00:00,0.9993,1.0042371201652722,0.9894257596694555,0.004937120165272257,2.0,2026-08-17T14:45:00+00:00,1.0042371201652722,SL,-1.0,0.28406762184577106,-1.2840676218457712,24,
FET,BREAKOUT,SHORT,57035,57036,2026-08-18T02:45:00+00:00,2026-08-18T03:00:00+00:00,0.1199,0.1216144010094237,0.11647119798115263,0.0017144010094236883,2.0,2026-08-18T05:00:00+00:00,0.1216144010094237,SL,-1.0,0.09861174823002915,-1.098611748230029,8,
AVAX,BREAKOUT,SHORT,57035,57036,2026-08-18T02:45:00+00:00,2026-08-18T03:00:00+00:00,6.245,6.308778174831506,6.1174436503369884,0.06377817483150583,2.0,2026-08-18T05:15:00+00:00,6.308778174831506,SL,-1.0,0.13778451242290865,-1.1377845124229087,9,
BTC,BREAKOUT,SHORT,57032,57033,2026-08-18T02:00:00+00:00,2026-08-18T02:15:00+00:00,64150.0,64395.176339178346,63659.64732164331,245.1763391783461,2.0,2026-08-18T06:30:00+00:00,64395.176339178346,SL,-1.0,0.36700777790784467,-1.3670077779078447,17,
DOGE,BREAKOUT,SHORT,57034,57035,2026-08-18T02:30:00+00:00,2026-08-18T02:45:00+00:00,0.06977,0.07010386564471333,0.06910226871057334,0.000333865644713327,2.0,2026-08-18T14:15:00+00:00,0.07010386564471333,SL,-1.0,0.29326679010465717,-1.2932667901046573,46,
SUI,BREAKOUT,SHORT,57112,57113,2026-08-18T22:00:00+00:00,2026-08-18T22:15:00+00:00,0.6498,0.6554772215062651,0.63844555698747,0.00567722150626504,2.0,2026-08-19T03:15:00+00:00,0.6554772215062651,SL,-1.0,0.16094035683583735,-1.1609403568358374,20,
ETH,BREAKOUT,LONG,57148,57149,2026-08-19T07:00:00+00:00,2026-08-19T07:15:00+00:00,1920.34,1910.8360575498125,1939.3478849003748,9.503942450187424,2.0,2026-08-19T12:45:00+00:00,1939.3478849003748,TP,2.0,0.28428007993429943,1.7157199200657005,22,
UNI,BREAKOUT,SHORT,57228,57229,2026-08-20T03:00:00+00:00,2026-08-20T03:15:00+00:00,3.567,3.6525022120243085,3.3959955759513836,0.0855022120243083,2.0,2026-08-20T08:00:00+00:00,3.6525022120243085,SL,-1.0,0.059105506498244295,-1.0591055064982442,19,
SOL,BREAKOUT,LONG,57248,57249,2026-08-20T08:00:00+00:00,2026-08-20T08:15:00+00:00,87.43,86.30083496979046,89.6883300604191,1.129165030209549,2.0,2026-08-20T13:30:00+00:00,86.30083496979046,SL,-1.0,0.10770045230349082,-1.1077004523034908,21,
CRV,BREAKOUT,LONG,57249,57250,2026-08-20T08:15:00+00:00,2026-08-20T08:30:00+00:00,0.2725,0.2666246835755441,0.2842506328489119,0.005875316424455934,2.0,2026-08-20T13:45:00+00:00,0.2666246835755441,SL,-1.0,0.0642326729726438,-1.064232672972644,21,
UNI,BREAKOUT,SHORT,57274,57275,2026-08-20T14:30:00+00:00,2026-08-20T14:45:00+00:00,3.632,3.7112573917192715,3.4734852165614574,0.07925739171927138,2.0,2026-08-20T15:15:00+00:00,3.7112573917192715,SL,-1.0,0.06485553035116642,-1.0648555303511664,2,
ADA,BREAKOUT,LONG,57283,57284,2026-08-20T16:45:00+00:00,2026-08-20T17:00:00+00:00,0.1995,0.19420775598134735,0.21008448803730534,0.005292244018652664,2.0,2026-08-20T19:30:00+00:00,0.19420775598134735,SL,-1.0,0.05207534426145114,-1.0520753442614512,10,
BTC,BREAKOUT,LONG,57313,57314,2026-08-21T00:15:00+00:00,2026-08-21T00:30:00+00:00,73694.6,72926.30966679267,75231.18066641467,768.2903332073329,2.0,2026-08-21T01:45:00+00:00,75231.18066641467,TP,2.0,0.1356883484805706,1.8643116515194293,5,
CRV,BREAKOUT,LONG,57315,57316,2026-08-21T00:45:00+00:00,2026-08-21T01:00:00+00:00,0.2906,0.28179739688657124,0.3082052062268576,0.008802603113428786,2.0,2026-08-21T02:15:00+00:00,0.3082052062268576,TP,2.0,0.04761814646844028,1.9523818535315598,5,
LINK,BREAKOUT,LONG,57322,57323,2026-08-21T02:30:00+00:00,2026-08-21T02:45:00+00:00,10.943,10.733627642535252,11.361744714929495,0.2093723574647477,2.0,2026-08-21T07:15:00+00:00,11.361744714929495,TP,2.0,0.07457202798645224,1.9254279720135479,18,
DOGE,BREAKOUT,LONG,57317,57318,2026-08-21T01:15:00+00:00,2026-08-21T01:30:00+00:00,0.08192,0.08039172661991328,0.08497654676017345,0.0015282733800867226,2.0,2026-08-21T08:45:00+00:00,0.08497654676017345,TP,2.0,0.07644416519608029,1.9235558348039197,29,
SOL,BREAKOUT,LONG,57346,57347,2026-08-21T08:30:00+00:00,2026-08-21T08:45:00+00:00,92.13,90.44645948158171,95.49708103683656,1.6835405184182832,2.0,2026-08-21T09:00:00+00:00,90.44645948158171,SL,-1.0,0.07591354068340507,-1.075913540683405,1,
BNB,BREAKOUT,LONG,57347,57348,2026-08-21T08:45:00+00:00,2026-08-21T09:00:00+00:00,685.94,676.9339885767243,703.9520228465515,9.006011423275709,2.0,2026-08-21T09:00:00+00:00,676.9339885767243,SL,-1.0,0.10593055539970762,-1.1059305553997076,0,True
BTC,BREAKOUT,LONG,57346,57347,2026-08-21T08:30:00+00:00,2026-08-21T08:45:00+00:00,77637.4,76436.12507163509,80039.9498567298,1201.2749283649027,2.0,2026-08-21T11:30:00+00:00,76436.12507163509,SL,-1.0,0.08978083617956212,-1.0897808361795622,11,
DOGE,BREAKOUT,LONG,57394,57395,2026-08-21T20:30:00+00:00,2026-08-21T20:45:00+00:00,0.08666,0.08464130732667495,0.0906973853466501,0.002018692673325051,2.0,2026-08-21T21:30:00+00:00,0.0906973853466501,TP,2.0,0.061500282525999116,1.9384997174740008,3,
ADA,BREAKOUT,LONG,57345,57346,2026-08-21T08:15:00+00:00,2026-08-21T08:30:00+00:00,0.213,0.2072450970976638,0.22450980580467236,0.005754902902336184,2.0,2026-08-21T21:45:00+00:00,0.22450980580467236,TP,2.0,0.053216686581965905,1.9467833134180341,53,
LINK,BREAKOUT,LONG,57399,57400,2026-08-21T21:45:00+00:00,2026-08-21T22:00:00+00:00,12.163,11.882112724660509,12.724774550678983,0.28088727533949154,2.0,2026-08-22T00:00:00+00:00,11.882112724660509,SL,-1.0,0.059922895712947635,-1.0599228957129476,8,
CRV,BREAKOUT,LONG,57391,57392,2026-08-21T19:45:00+00:00,2026-08-21T20:00:00+00:00,0.3316,0.32167729066113737,0.3514454186777253,0.009922709338862634,2.0,2026-08-22T01:15:00+00:00,0.3514454186777253,TP,2.0,0.04818560906563977,1.9518143909343602,21,
SOL,BREAKOUT,LONG,57399,57400,2026-08-21T21:45:00+00:00,2026-08-21T22:00:00+00:00,93.75,92.22963064578609,96.79073870842782,1.520369354213912,2.0,2026-08-22T03:15:00+00:00,96.79073870842782,TP,2.0,0.0877277069063663,1.9122722930936338,21,
XRP,BREAKOUT,LONG,57418,57419,2026-08-22T02:30:00+00:00,2026-08-22T02:45:00+00:00,1.5343,1.4750817054288239,1.6527365891423522,0.05921829457117611,2.0,2026-08-22T04:30:00+00:00,1.6527365891423522,TP,2.0,0.037672912206518125,1.962327087793482,7,
ETH,BREAKOUT,LONG,57397,57398,2026-08-21T21:15:00+00:00,2026-08-21T21:30:00+00:00,2479.62,2433.137357358818,2572.5852852823637,46.48264264118188,2.0,2026-08-22T05:00:00+00:00,2433.137357358818,SL,-1.0,0.07398310325636283,-1.073983103256363,30,
BTC,BREAKOUT,LONG,57399,57400,2026-08-21T21:45:00+00:00,2026-08-21T22:00:00+00:00,78491.4,77468.90367558633,80536.39264882731,1022.4963244136597,2.0,2026-08-22T05:00:00+00:00,77468.90367558633,SL,-1.0,0.10677027385454332,-1.1067702738545433,28,
AVAX,BREAKOUT,LONG,57426,57427,2026-08-22T04:30:00+00:00,2026-08-22T04:45:00+00:00,8.258,8.06390164755288,8.646196704894237,0.19409835244711893,2.0,2026-08-22T05:00:00+00:00,8.06390164755288,SL,-1.0,0.05886361738387133,-1.0588636173838712,1,
BNB,BREAKOUT,LONG,57427,57428,2026-08-22T04:45:00+00:00,2026-08-22T05:00:00+00:00,725.43,712.4182813791252,751.4534372417494,13.011718620874717,2.0,2026-08-22T05:00:00+00:00,712.4182813791252,SL,-1.0,0.0773528713840052,-1.0773528713840053,0,True
CRV,BREAKOUT,LONG,57454,57455,2026-08-22T11:30:00+00:00,2026-08-22T11:45:00+00:00,0.3355,0.3193757004670604,0.3677485990658793,0.016124299532939645,2.0,2026-08-23T02:15:00+00:00,0.3193757004670604,SL,-1.0,0.02842994757015459,-1.0284299475701546,58,
ETH,BREAKOUT,LONG,57652,57653,2026-08-24T13:00:00+00:00,2026-08-24T13:15:00+00:00,2514.97,2475.139050795116,2594.6318984097675,39.83094920488384,2.0,2026-08-24T13:45:00+00:00,2475.139050795116,SL,-1.0,0.08769754186847951,-1.0876975418684796,2,
FET,BREAKOUT,LONG,57647,57648,2026-08-24T11:45:00+00:00,2026-08-24T12:00:00+00:00,0.1702,0.1657545020746894,0.1790909958506212,0.004445497925310599,2.0,2026-08-24T15:30:00+00:00,0.1790909958506212,TP,2.0,0.05500029495084103,1.944999705049159,14,
BNB,BREAKOUT,LONG,57661,57662,2026-08-24T15:15:00+00:00,2026-08-24T15:30:00+00:00,715.8,705.8979388946667,735.6041222106664,9.902061105333246,2.0,2026-08-24T15:45:00+00:00,705.8979388946667,SL,-1.0,0.10050317268697306,-1.100503172686973,1,
SOL,BREAKOUT,LONG,57887,57888,2026-08-26T23:45:00+00:00,2026-08-27T00:00:00+00:00,102.04,100.1784388907788,105.7631222184424,1.8615611092211992,2.0,2026-08-27T09:15:00+00:00,105.7631222184424,TP,2.0,0.07813989282026046,1.9218601071797394,37,
CRV,BREAKOUT,LONG,57907,57908,2026-08-27T04:45:00+00:00,2026-08-27T05:00:00+00:00,0.3217,0.31534773366716734,0.3344045326656653,0.006352266332832646,2.0,2026-08-27T09:15:00+00:00,0.3344045326656653,TP,2.0,0.07230067960030943,1.9276993203996906,17,
DOGE,BREAKOUT,LONG,57924,57925,2026-08-27T09:00:00+00:00,2026-08-27T09:15:00+00:00,0.08942,0.08807445536259204,0.09211108927481593,0.0013455446374079638,2.0,2026-08-27T10:15:00+00:00,0.08807445536259204,SL,-1.0,0.09233890522811655,-1.0923389052281165,4,
XRP,BREAKOUT,LONG,57946,57947,2026-08-27T14:30:00+00:00,2026-08-27T14:45:00+00:00,1.4653,1.4351587427294985,1.5255825145410031,0.030141257270501542,2.0,2026-08-27T18:15:00+00:00,1.4351587427294985,SL,-1.0,0.06736020006364073,-1.0673602000636406,14,
BNB,BREAKOUT,LONG,57950,57951,2026-08-27T15:30:00+00:00,2026-08-27T15:45:00+00:00,713.57,706.9906416826649,726.7287166346704,6.5793583173351635,2.0,2026-08-27T18:15:00+00:00,706.9906416826649,SL,-1.0,0.15113821154228063,-1.1511382115422806,10,
UNI,BREAKOUT,LONG,57954,57955,2026-08-27T16:30:00+00:00,2026-08-27T16:45:00+00:00,4.589,4.477822826050369,4.811354347899263,0.11117717394963123,2.0,2026-08-28T01:15:00+00:00,4.811354347899263,TP,2.0,0.05918704181589166,1.9408129581841083,34,
BTC,BREAKOUT,LONG,57989,57990,2026-08-28T01:15:00+00:00,2026-08-28T01:30:00+00:00,81095.9,80507.14835893655,82273.40328212688,588.7516410634416,2.0,2026-08-28T01:45:00+00:00,80507.14835893655,SL,-1.0,0.19213896991764987,-1.19213896991765,1,
ADA,BREAKOUT,LONG,58043,58044,2026-08-28T14:45:00+00:00,2026-08-28T15:00:00+00:00,0.2107,0.20633141439594266,0.21943717120811468,0.00436858560405734,2.0,2026-08-28T15:30:00+00:00,0.20633141439594266,SL,-1.0,0.06682299868544093,-1.066822998685441,2,
UNI,BREAKOUT,LONG,58148,58149,2026-08-29T17:00:00+00:00,2026-08-29T17:15:00+00:00,4.631,4.544562750699404,4.803874498601193,0.08643724930059626,2.0,2026-08-30T02:30:00+00:00,4.803874498601193,TP,2.0,0.07640701436545223,1.9235929856345477,37,
SOL,BREAKOUT,LONG,58230,58231,2026-08-30T13:30:00+00:00,2026-08-30T13:45:00+00:00,106.96,105.91764577605875,109.04470844788248,1.0423542239412456,2.0,2026-08-30T15:15:00+00:00,105.91764577605875,SL,-1.0,0.14295941688594396,-1.142959416885944,6,
ETH,BREAKOUT,LONG,58232,58233,2026-08-30T14:00:00+00:00,2026-08-30T14:15:00+00:00,2477.36,2462.6085317156244,2506.8629365687516,14.751468284375733,2.0,2026-08-30T16:00:00+00:00,2506.8629365687516,TP,2.0,0.23651584969975584,1.763484150300244,7,
DOGE,BREAKOUT,LONG,58225,58226,2026-08-30T12:15:00+00:00,2026-08-30T12:30:00+00:00,0.08526,0.08467858493505064,0.08642283012989874,0.0005814150649493671,2.0,2026-08-30T16:45:00+00:00,0.08642283012989874,TP,2.0,0.20669911795525092,1.7933008820447491,17,
LINK,BREAKOUT,LONG,58232,58233,2026-08-30T14:00:00+00:00,2026-08-30T14:15:00+00:00,11.545,11.44771524403524,11.739569511929519,0.09728475596475938,2.0,2026-08-30T16:45:00+00:00,11.739569511929519,TP,2.0,0.16754113732119466,1.8324588626788054,10,
ETH,BREAKOUT,LONG,58243,58244,2026-08-30T16:45:00+00:00,2026-08-30T17:00:00+00:00,2528.28,2503.9661440316236,2576.9077119367535,24.31385596837663,2.0,2026-08-30T17:15:00+00:00,2503.9661440316236,SL,-1.0,0.14487921230609022,-1.1448792123060902,1,
XRP,BREAKOUT,LONG,58243,58244,2026-08-30T16:45:00+00:00,2026-08-30T17:00:00+00:00,1.4218,1.406076254106661,1.453247491786678,0.015723745893339025,2.0,2026-08-30T20:15:00+00:00,1.406076254106661,SL,-1.0,0.1258932439701429,-1.1258932439701428,13,
BNB,BREAKOUT,LONG,58230,58231,2026-08-30T13:30:00+00:00,2026-08-30T13:45:00+00:00,698.54,695.3748251766758,704.8703496466483,3.1651748233241506,2.0,2026-08-30T21:00:00+00:00,695.3748251766758,SL,-1.0,0.30827377067245987,-1.3082737706724599,29,
SOL,BREAKOUT,LONG,58316,58317,2026-08-31T11:00:00+00:00,2026-08-31T11:15:00+00:00,103.87,102.64745179772075,106.31509640455852,1.2225482022792562,2.0,2026-08-31T12:30:00+00:00,102.64745179772075,SL,-1.0,0.11824663926452156,-1.1182466392645216,5,
CRV,BREAKOUT,LONG,58357,58358,2026-08-31T21:15:00+00:00,2026-08-31T21:30:00+00:00,0.3388,0.3285710161123158,0.35925796777536834,0.010228983887684173,2.0,2026-09-01T04:00:00+00:00,0.35925796777536834,TP,2.0,0.047770197197307865,1.952229802802692,26,
BTC,BREAKOUT,LONG,58390,58391,2026-09-01T05:30:00+00:00,2026-09-01T05:45:00+00:00,79135.5,78653.1971879822,80100.10562403561,482.302812017806,2.0,2026-09-01T07:30:00+00:00,78653.1971879822,SL,-1.0,0.2290098363090402,-1.2290098363090403,7,
BNB,BREAKOUT,LONG,58331,58332,2026-08-31T14:45:00+00:00,2026-08-31T15:00:00+00:00,691.11,686.2361217913233,700.8577564173535,4.873878208676729,2.0,2026-09-01T09:00:00+00:00,686.2361217913233,SL,-1.0,0.19781829663644665,-1.1978182966364466,72,
ETH,BREAKOUT,LONG,58331,58332,2026-08-31T14:45:00+00:00,2026-08-31T15:00:00+00:00,2466.79,2438.7810387142113,2522.8079225715774,28.0089612857887,2.0,2026-09-01T12:30:00+00:00,2438.7810387142113,SL,-1.0,0.12260003832567166,-1.1226000383256716,86,
SOL,BREAKOUT,LONG,58477,58478,2026-09-02T03:15:00+00:00,2026-09-02T03:30:00+00:00,100.53,99.3419534165495,102.906093166901,1.1880465834505003,2.0,2026-09-02T08:30:00+00:00,99.3419534165495,SL,-1.0,0.11776505175852305,-1.1177650517585231,20,
BTC,BREAKOUT,LONG,58570,58571,2026-09-03T02:30:00+00:00,2026-09-03T02:45:00+00:00,77743.5,77210.08328047363,78810.33343905275,533.4167195263726,2.0,2026-09-03T05:15:00+00:00,77210.08328047363,SL,-1.0,0.20334478527902386,-1.2033447852790238,10,
SOL,BREAKOUT,LONG,58571,58572,2026-09-03T02:45:00+00:00,2026-09-03T03:00:00+00:00,101.07,99.84841011279973,103.51317977440053,1.2215898872002668,2.0,2026-09-03T05:15:00+00:00,99.84841011279973,SL,-1.0,0.11513101782570903,-1.115131017825709,9,
BNB,BREAKOUT,LONG,58604,58605,2026-09-03T11:00:00+00:00,2026-09-03T11:15:00+00:00,706.7,701.3398983783735,717.4202032432531,5.360101621626541,2.0,2026-09-03T14:15:00+00:00,717.4202032432531,TP,2.0,0.18598232135154358,1.8140176786484563,12,
UNI,BREAKOUT,LONG,58600,58601,2026-09-03T10:00:00+00:00,2026-09-03T10:15:00+00:00,6.064,5.8768249657392015,6.438350068521597,0.1871750342607985,2.0,2026-09-03T21:15:00+00:00,6.438350068521597,TP,2.0,0.046756476271141476,1.9532435237288586,44,
SUI,BREAKOUT,LONG,58778,58779,2026-09-05T06:30:00+00:00,2026-09-05T06:45:00+00:00,0.7814,0.769768957620448,0.8046620847591041,0.011631042379552037,2.0,2026-09-05T12:30:00+00:00,0.8046620847591041,TP,2.0,0.09545519851971626,1.9045448014802837,23,
UNI,BREAKOUT,LONG,58817,58818,2026-09-05T16:15:00+00:00,2026-09-05T16:30:00+00:00,6.628,6.460538274921033,6.962923450157934,0.16746172507896695,2.0,2026-09-05T18:15:00+00:00,6.962923450157934,TP,2.0,0.056810870726575716,1.9431891292734242,7,
LINK,BREAKOUT,LONG,58820,58821,2026-09-05T17:00:00+00:00,2026-09-05T17:15:00+00:00,12.113,11.971927961146928,12.395144077706142,0.1410720388530713,2.0,2026-09-05T19:45:00+00:00,11.971927961146928,SL,-1.0,0.11950950528447545,-1.1195095052844755,10,
ADA,BREAKOUT,LONG,58824,58825,2026-09-05T18:00:00+00:00,2026-09-05T18:15:00+00:00,0.2216,0.2183043133494759,0.2281913733010482,0.003295686650524099,2.0,2026-09-05T21:00:00+00:00,0.2183043133494759,SL,-1.0,0.09343516298664614,-1.0934351629866461,11,
CRV,BREAKOUT,LONG,58824,58825,2026-09-05T18:00:00+00:00,2026-09-05T18:15:00+00:00,0.3675,0.36071233589402973,0.3810753282119405,0.006787664105970259,2.0,2026-09-05T21:15:00+00:00,0.3810753282119405,TP,2.0,0.07719927232219088,1.9228007276778092,12,
UNI,BREAKOUT,LONG,58852,58853,2026-09-06T01:00:00+00:00,2026-09-06T01:15:00+00:00,7.421,7.175832990675751,7.911334018648499,0.24516700932424929,2.0,2026-09-06T02:45:00+00:00,7.175832990675751,SL,-1.0,0.04167682724374773,-1.0416768272437478,6,
ETH,BREAKOUT,LONG,58855,58856,2026-09-06T01:45:00+00:00,2026-09-06T02:00:00+00:00,2504.66,2488.6980621854655,2536.5838756290686,15.961937814534394,2.0,2026-09-06T07:00:00+00:00,2488.6980621854655,SL,-1.0,0.21898034462626959,-1.2189803446262695,20,
LINK,BREAKOUT,LONG,58852,58853,2026-09-06T01:00:00+00:00,2026-09-06T01:15:00+00:00,12.212,12.061857070667376,12.512285858665248,0.15014292933262396,2.0,2026-09-06T20:30:00+00:00,12.512285858665248,TP,2.0,0.11527016408960594,1.8847298359103941,77,
AVAX,BREAKOUT,LONG,58929,58930,2026-09-06T20:15:00+00:00,2026-09-06T20:30:00+00:00,7.719,7.654668879090697,7.847662241818607,0.06433112090930315,2.0,2026-09-06T21:30:00+00:00,7.847662241818607,TP,2.0,0.16938401531407515,1.830615984685925,4,
ADA,BREAKOUT,LONG,58946,58947,2026-09-07T00:30:00+00:00,2026-09-07T00:45:00+00:00,0.2262,0.22238907421208257,0.2338218515758349,0.0038109257879174463,2.0,2026-09-07T01:00:00+00:00,0.22238907421208257,SL,-1.0,0.0823979183598996,-1.0823979183598995,1,
CRV,BREAKOUT,LONG,58920,58921,2026-09-06T18:00:00+00:00,2026-09-06T18:15:00+00:00,0.3762,0.3689696644650145,0.39066067106997093,0.007230335534985477,2.0,2026-09-07T02:15:00+00:00,0.39066067106997093,TP,2.0,0.07424309247496878,1.9257569075250311,32,
BTC,BREAKOUT,LONG,58996,58997,2026-09-07T13:00:00+00:00,2026-09-07T13:15:00+00:00,79590.2,79284.60961893672,80201.38076212654,305.5903810632735,2.0,2026-09-07T13:30:00+00:00,79284.60961893672,SL,-1.0,0.36392626739854356,-1.3639262673985435,1,
ADA,BREAKOUT,LONG,58997,58998,2026-09-07T13:15:00+00:00,2026-09-07T13:30:00+00:00,0.2245,0.22082533204938729,0.23184933590122545,0.00367466795061272,2.0,2026-09-07T14:00:00+00:00,0.22082533204938729,SL,-1.0,0.08483153760398762,-1.0848315376039877,2,
FET,BREAKOUT,LONG,58981,58982,2026-09-07T09:15:00+00:00,2026-09-07T09:30:00+00:00,0.1774,0.1733859419897072,0.18542811602058562,0.004014058010292809,2.0,2026-09-07T19:15:00+00:00,0.18542811602058562,TP,2.0,0.06327254876814378,1.9367274512318562,39,
BNB,BREAKOUT,LONG,59061,59062,2026-09-08T05:15:00+00:00,2026-09-08T05:30:00+00:00,753.42,746.520045009745,767.2199099805099,6.899954990254969,2.0,2026-09-08T06:15:00+00:00,746.520045009745,SL,-1.0,0.1521688232734433,-1.1521688232734433,3,
SOL,BREAKOUT,LONG,59103,59104,2026-09-08T15:45:00+00:00,2026-09-08T16:00:00+00:00,104.25,103.05291533542989,106.64416932914023,1.197084664570113,2.0,2026-09-08T19:15:00+00:00,103.05291533542989,SL,-1.0,0.12122120099743516,-1.1212212009974352,13,
BTC,BREAKOUT,LONG,59169,59170,2026-09-09T08:15:00+00:00,2026-09-09T08:30:00+00:00,79650.7,79191.96410066383,80568.17179867234,458.7358993361704,2.0,2026-09-09T09:30:00+00:00,79191.96410066383,SL,-1.0,0.24238317740417922,-1.2423831774041791,4,
SOL,BREAKOUT,LONG,59155,59156,2026-09-09T04:45:00+00:00,2026-09-09T05:00:00+00:00,104.38,103.42735335836204,106.2852932832759,0.9526466416379549,2.0,2026-09-09T09:45:00+00:00,103.42735335836204,SL,-1.0,0.15269580660122264,-1.1526958066012227,19,
XRP,BREAKOUT,LONG,59099,59100,2026-09-08T14:45:00+00:00,2026-09-08T15:00:00+00:00,1.4168,1.3985196303122207,1.4533607393755588,0.018280369687779352,2.0,2026-09-09T15:00:00+00:00,1.4153,TIME,-0.08205523332511294,0.10844802560668701,-0.19050325893179995,96,
FET,BREAKOUT,LONG,59344,59345,2026-09-11T04:00:00+00:00,2026-09-11T04:15:00+00:00,0.1671,0.16396145042344384,0.1733770991531123,0.0031385495765561544,2.0,2026-09-11T09:30:00+00:00,0.16396145042344384,SL,-1.0,0.07383761500135232,-1.0738376150013522,21,
UNI,BREAKOUT,LONG,59383,59384,2026-09-11T13:45:00+00:00,2026-09-11T14:00:00+00:00,6.479,6.252346918923595,6.93230616215281,0.22665308107640492,2.0,2026-09-11T15:45:00+00:00,6.252346918923595,SL,-1.0,0.03931975158212076,-1.0393197515821209,7,
AVAX,BREAKOUT,LONG,59379,59380,2026-09-11T12:45:00+00:00,2026-09-11T13:00:00+00:00,7.578,7.423312027562421,7.887375944875159,0.15468797243757937,2.0,2026-09-11T18:45:00+00:00,7.423312027562421,SL,-1.0,0.06788451780587589,-1.0678845178058758,23,
FET,BREAKOUT,LONG,59690,59691,2026-09-14T18:30:00+00:00,2026-09-14T18:45:00+00:00,0.1719,0.1686053061590725,0.17848938768185502,0.0032946938409275095,2.0,2026-09-14T19:45:00+00:00,0.1686053061590725,SL,-1.0,0.07234472330948065,-1.0723447233094807,4,
UNI,BREAKOUT,LONG,59692,59693,2026-09-14T19:00:00+00:00,2026-09-14T19:15:00+00:00,6.704,6.528972564313595,7.054054871372808,0.17502743568640433,2.0,2026-09-14T22:15:00+00:00,6.528972564313595,SL,-1.0,0.05292359314236955,-1.0529235931423695,12,
UNI,BREAKOUT,LONG,59881,59882,2026-09-16T18:15:00+00:00,2026-09-16T18:30:00+00:00,6.386,6.15477192187983,6.848456156240341,0.23122807812017054,2.0,2026-09-17T01:30:00+00:00,6.848456156240341,TP,2.0,0.040064854513704964,1.959935145486295,28,
UNI,BREAKOUT,LONG,59961,59962,2026-09-17T14:15:00+00:00,2026-09-17T14:30:00+00:00,7.35,7.08675402109047,7.876491957819059,0.26324597890952983,2.0,2026-09-17T15:00:00+00:00,7.08675402109047,SL,-1.0,0.03838891616360218,-1.0383889161636022,2,
FET,BREAKOUT,LONG,60035,60036,2026-09-18T08:45:00+00:00,2026-09-18T09:00:00+00:00,0.1856,0.18102814589655591,0.19474370820688813,0.004571854103444073,2.0,2026-09-19T04:00:00+00:00,0.18102814589655591,SL,-1.0,0.05613470953376599,-1.056134709533766,76,
AVAX,BREAKOUT,LONG,60130,60131,2026-09-19T08:30:00+00:00,2026-09-19T08:45:00+00:00,8.736,8.531558665029825,9.144882669940351,0.20444133497017525,2.0,2026-09-19T10:30:00+00:00,9.144882669940351,TP,2.0,0.06122351857457897,1.9387764814254211,7,
SUI,BREAKOUT,LONG,60136,60137,2026-09-19T10:00:00+00:00,2026-09-19T10:15:00+00:00,0.8362,0.8212993231493039,0.8660013537013924,0.014900676850696182,2.0,2026-09-19T11:00:00+00:00,0.8660013537013924,TP,2.0,0.07996555858033416,1.920034441419666,3,
SOL,BREAKOUT,LONG,60059,60060,2026-09-18T14:45:00+00:00,2026-09-18T15:00:00+00:00,110.74,108.7978757581677,114.62424848366457,1.942124241832289,2.0,2026-09-19T15:00:00+00:00,111.89,TIME,0.5921351349360857,0.08024254918571658,0.5118925857503691,96,
AVAX,BREAKOUT,LONG,60162,60163,2026-09-19T16:30:00+00:00,2026-09-19T16:45:00+00:00,9.668,9.335708896106883,10.332582207786231,0.332291103893116,2.0,2026-09-20T00:00:00+00:00,10.332582207786231,TP,2.0,0.04213295926800888,1.9578670407319911,29,
SUI,BREAKOUT,LONG,60255,60256,2026-09-20T15:45:00+00:00,2026-09-20T16:00:00+00:00,0.8452,0.8248496983779037,0.8859006032441925,0.02035030162209628,2.0,2026-09-20T16:30:00+00:00,0.8859006032441925,TP,2.0,0.059545575528728245,1.9404544244712718,2,
ETH,BREAKOUT,LONG,60256,60257,2026-09-20T16:00:00+00:00,2026-09-20T16:15:00+00:00,2622.07,2597.5604209115504,2671.0891581768997,24.509579088449755,2.0,2026-09-21T00:00:00+00:00,2671.0891581768997,TP,2.0,0.15117401230565916,1.848825987694341,31,
LINK,BREAKOUT,LONG,60255,60256,2026-09-20T15:45:00+00:00,2026-09-20T16:00:00+00:00,12.368,12.194995704564153,12.714008590871694,0.17300429543584706,2.0,2026-09-21T00:15:00+00:00,12.714008590871694,TP,2.0,0.10148537624096607,1.898514623759034,33,
SOL,BREAKOUT,LONG,60288,60289,2026-09-21T00:00:00+00:00,2026-09-21T00:15:00+00:00,112.34,110.78343291009965,115.45313417980071,1.556567089900355,2.0,2026-09-21T01:45:00+00:00,110.78343291009965,SL,-1.0,0.10034029631647176,-1.1003402963164717,6,
DOGE,BREAKOUT,LONG,60290,60291,2026-09-21T00:30:00+00:00,2026-09-21T00:45:00+00:00,0.08849,0.08719042253323098,0.09108915493353804,0.0012995774667690224,2.0,2026-09-21T02:00:00+00:00,0.08719042253323098,SL,-1.0,0.09462790708352488,-1.094627907083525,5,
BTC,BREAKOUT,LONG,60321,60322,2026-09-21T08:15:00+00:00,2026-09-21T08:30:00+00:00,82204.7,81579.67398586536,83454.75202826927,625.0260141346371,2.0,2026-09-21T08:30:00+00:00,83454.75202826927,TP,2.0,0.18553086399186125,1.8144691360081389,0,True
SUI,BREAKOUT,LONG,60313,60314,2026-09-21T06:15:00+00:00,2026-09-21T06:30:00+00:00,0.9706,0.9335684545545383,1.0446630908909236,0.03703154544546172,2.0,2026-09-21T13:00:00+00:00,1.0446630908909236,TP,2.000000000000003,0.03809412074635757,1.9619058792536455,26,
DOGE,BREAKOUT,LONG,60322,60323,2026-09-21T08:30:00+00:00,2026-09-21T08:45:00+00:00,0.09187,0.09005017857773015,0.09550964284453968,0.0018198214222698433,2.0,2026-09-21T15:00:00+00:00,0.09550964284453968,TP,2.0,0.07207616548857643,1.9279238345114236,25,
BNB,BREAKOUT,LONG,60323,60324,2026-09-21T08:45:00+00:00,2026-09-21T09:00:00+00:00,782.11,772.7076080648875,800.914783870225,9.402391935112519,2.0,2026-09-21T15:00:00+00:00,800.914783870225,TP,2.0,0.1178548348501595,1.8821451651498404,24,
CRV,BREAKOUT,LONG,60323,60324,2026-09-21T08:45:00+00:00,2026-09-21T09:00:00+00:00,0.3531,0.34449260669595483,0.3703147866080904,0.008607393304045197,2.0,2026-09-21T17:45:00+00:00,0.34449260669595483,SL,-1.0,0.056732021814046324,-1.0567320218140464,35,
XRP,BREAKOUT,LONG,60322,60323,2026-09-21T08:30:00+00:00,2026-09-21T08:45:00+00:00,1.4722,1.4461759431343455,1.5242481137313089,0.026024056865654455,2.0,2026-09-21T20:15:00+00:00,1.5242481137313089,TP,2.0,0.08059902767812246,1.9194009723218775,46,
XRP,BREAKOUT,LONG,60375,60376,2026-09-21T21:45:00+00:00,2026-09-21T22:00:00+00:00,1.5496,1.516274614627933,1.6162507707441345,0.033325385372067196,2.0,2026-09-22T01:00:00+00:00,1.516274614627933,SL,-1.0,0.06439872206364311,-1.064398722063643,12,
FET,BREAKOUT,LONG,60386,60387,2026-09-22T00:30:00+00:00,2026-09-22T00:45:00+00:00,0.2063,0.19986836559113902,0.219163268817722,0.006431634408860992,2.0,2026-09-22T01:15:00+00:00,0.19986836559113902,SL,-1.0,0.04420615940515631,-1.0442061594051564,2,
XRP,BREAKOUT,LONG,60439,60440,2026-09-22T13:45:00+00:00,2026-09-22T14:00:00+00:00,1.5883,1.554293291815237,1.6563134163695261,0.034006708184763035,2.0,2026-09-22T14:15:00+00:00,1.554293291815237,SL,-1.0,0.06468768727389822,-1.0646876872738982,1,
ADA,BREAKOUT,LONG,60440,60441,2026-09-22T14:00:00+00:00,2026-09-22T14:15:00+00:00,0.2539,0.24746415900339813,0.2667716819932038,0.006435840996601883,2.0,2026-09-22T14:30:00+00:00,0.24746415900339813,SL,-1.0,0.054531321001821294,-1.0545313210018212,1,
XRP,BREAKOUT,LONG,60498,60499,2026-09-23T04:30:00+00:00,2026-09-23T04:45:00+00:00,1.6507,1.6136940671560684,1.7247118656878633,0.03700593284393161,2.0,2026-09-23T05:30:00+00:00,1.6136940671560684,SL,-1.0,0.06174890541595858,-1.0617489054159586,3,
DOGE,BREAKOUT,LONG,60436,60437,2026-09-22T13:00:00+00:00,2026-09-22T13:15:00+00:00,0.10023,0.0981115004552376,0.1044669990895248,0.0021184995447623978,2.0,2026-09-23T13:15:00+00:00,0.09929,TIME,-0.44371026763917615,0.06592590512718952,-0.5096361727663656,96,
LINK,BREAKOUT,LONG,60633,60634,2026-09-24T14:15:00+00:00,2026-09-24T14:30:00+00:00,12.721,12.526465457840198,13.110069084319605,0.19453454215980237,2.0,2026-09-24T14:45:00+00:00,12.526465457840198,SL,-1.0,0.09084877998669404,-1.090848779986694,1,
FET,BREAKOUT,LONG,60633,60634,2026-09-24T14:15:00+00:00,2026-09-24T14:30:00+00:00,0.2132,0.20701503299009308,0.22556993401981384,0.006184967009906922,2.0,2026-09-24T15:45:00+00:00,0.22556993401981384,TP,2.0,0.049658947787741214,1.9503410522122588,5,
LINK,BREAKOUT,LONG,60640,60641,2026-09-24T16:00:00+00:00,2026-09-24T16:15:00+00:00,12.76,12.505618061294104,13.268763877411791,0.25438193870589565,2.0,2026-09-24T18:15:00+00:00,13.268763877411791,TP,2.0,0.07162511146380368,1.9283748885361964,8,
SUI,BREAKOUT,LONG,60709,60710,2026-09-25T09:15:00+00:00,2026-09-25T09:30:00+00:00,1.0424,1.0194371291753819,1.0883257416492362,0.02296287082461812,2.0,2026-09-25T11:00:00+00:00,1.0883257416492362,TP,2.0,0.06495302919857233,1.9350469708014277,6,
SOL,BREAKOUT,LONG,60711,60712,2026-09-25T09:45:00+00:00,2026-09-25T10:00:00+00:00,118.33,116.95367200313547,121.08265599372906,1.376327996864532,2.0,2026-09-25T11:00:00+00:00,121.08265599372906,TP,2.0,0.12176520391752636,1.8782347960824737,4,
BTC,BREAKOUT,LONG,60709,60710,2026-09-25T09:15:00+00:00,2026-09-25T09:30:00+00:00,84763.4,84203.30791309319,85883.58417381361,560.0920869068068,2.0,2026-09-25T12:00:00+00:00,84203.30791309319,SL,-1.0,0.21117365930371584,-1.211173659303716,10,
ADA,BREAKOUT,LONG,60717,60718,2026-09-25T11:15:00+00:00,2026-09-25T11:30:00+00:00,0.2564,0.2513084795000067,0.2665830409999867,0.0050915204999933406,2.0,2026-09-25T12:15:00+00:00,0.2513084795000067,SL,-1.0,0.0698015328918875,-1.0698015328918875,3,
XRP,BREAKOUT,LONG,60721,60722,2026-09-25T12:15:00+00:00,2026-09-25T12:30:00+00:00,1.6148,1.5787959442695132,1.6868081114609736,0.03600405573048682,2.0,2026-09-25T13:45:00+00:00,1.5787959442695132,SL,-1.0,0.06209070382856094,-1.062090703828561,5,
ADA,BREAKOUT,LONG,60776,60777,2026-09-26T02:00:00+00:00,2026-09-26T02:15:00+00:00,0.2626,0.2569633157113839,0.27387336857723216,0.005636684288616078,2.0,2026-09-26T03:00:00+00:00,0.2569633157113839,SL,-1.0,0.06452274109665687,-1.064522741096657,3,
LINK,BREAKOUT,LONG,60825,60826,2026-09-26T14:15:00+00:00,2026-09-26T14:30:00+00:00,14.441,14.158189383735257,15.006621232529488,0.2828106162647437,2.0,2026-09-26T18:45:00+00:00,14.158189383735257,SL,-1.0,0.07078741538427312,-1.0707874153842731,17,
SUI,BREAKOUT,LONG,60754,60755,2026-09-25T20:30:00+00:00,2026-09-25T20:45:00+00:00,1.1849,1.1482572536817688,1.2581854926364626,0.03664274631823128,2.0,2026-09-26T20:30:00+00:00,1.1482572536817688,SL,-1.0,0.04457117005896059,-1.0445711700589606,95,
BTC,BREAKOUT,LONG,60904,60905,2026-09-27T10:00:00+00:00,2026-09-27T10:15:00+00:00,84999.0,84696.20132942153,85604.59734115694,302.7986705784715,2.0,2026-09-27T13:00:00+00:00,84696.20132942153,SL,-1.0,0.3922957809017561,-1.392295780901756,11,
SUI,BREAKOUT,LONG,60896,60897,2026-09-27T08:00:00+00:00,2026-09-27T08:15:00+00:00,1.2711,1.2371772932015468,1.338945413596906,0.033922706798453106,2.0,2026-09-27T14:15:00+00:00,1.2371772932015468,SL,-1.0,0.05175866759904748,-1.0517586675990476,24,
CRV,BREAKOUT,LONG,61053,61054,2026-09-28T23:15:00+00:00,2026-09-28T23:30:00+00:00,0.384,0.36986017753972,0.41227964492056,0.014139822460280005,2.0,2026-09-29T01:15:00+00:00,0.36986017753972,SL,-1.0,0.03732027935712526,-1.0373202793571252,7,
LINK,BREAKOUT,LONG,61028,61029,2026-09-28T17:00:00+00:00,2026-09-28T17:15:00+00:00,15.445,14.839581821869011,16.65583635626198,0.6054181781309893,2.0,2026-09-29T03:15:00+00:00,14.839581821869011,SL,-1.0,0.035015808974803546,-1.0350158089748036,40,
FET,BREAKOUT,LONG,61081,61082,2026-09-29T06:15:00+00:00,2026-09-29T06:30:00+00:00,0.2232,0.2175229978310012,0.2345540043379976,0.0056770021689988015,2.0,2026-09-29T11:30:00+00:00,0.2345540043379976,TP,2.0,0.05644313556658533,1.9435568644334147,20,
ETH,BREAKOUT,LONG,61082,61083,2026-09-29T06:30:00+00:00,2026-09-29T06:45:00+00:00,2697.61,2674.497841850258,2743.8343162994847,23.1121581497423,2.0,2026-09-29T12:15:00+00:00,2743.8343162994847,TP,2.0,0.164805510447414,1.835194489552586,22,
BTC,BREAKOUT,LONG,61083,61084,2026-09-29T06:45:00+00:00,2026-09-29T07:00:00+00:00,83965.0,83465.92474399522,84963.15051200957,499.075256004784,2.0,2026-09-29T15:00:00+00:00,83465.92474399522,SL,-1.0,0.23483762400689562,-1.2348376240068957,32,
AVAX,BREAKOUT,LONG,61103,61104,2026-09-29T11:45:00+00:00,2026-09-29T12:00:00+00:00,11.841,11.477558370419807,12.567883259160384,0.3634416295801923,2.0,2026-09-29T15:00:00+00:00,11.477558370419807,SL,-1.0,0.04491227622479127,-1.0449122762247913,12,
BNB,BREAKOUT,LONG,61081,61082,2026-09-29T06:15:00+00:00,2026-09-29T06:30:00+00:00,762.99,757.2026680154506,774.5646639690988,5.7873319845493825,2.0,2026-09-29T15:15:00+00:00,757.2026680154506,SL,-1.0,0.18387313367399158,-1.1838731336739916,35,
CRV,BREAKOUT,LONG,61070,61071,2026-09-29T03:30:00+00:00,2026-09-29T03:45:00+00:00,0.3876,0.37229715703862765,0.4182056859227447,0.015302842961372354,2.0,2026-09-30T03:45:00+00:00,0.3835,TIME,-0.26792407204003,0.03527253082074324,-0.3031966028607732,96,
ETH,BREAKOUT,LONG,61202,61203,2026-09-30T12:30:00+00:00,2026-09-30T12:45:00+00:00,2728.67,2704.68387915348,2776.64224169304,23.986120846519952,2.0,2026-09-30T13:30:00+00:00,2704.68387915348,SL,-1.0,0.1585645190293139,-1.158564519029314,3,
SUI,BREAKOUT,LONG,61203,61204,2026-09-30T12:45:00+00:00,2026-09-30T13:00:00+00:00,1.1881,1.1583593209769887,1.2475813580460224,0.02974067902301125,2.0,2026-09-30T14:15:00+00:00,1.1583593209769887,SL,-1.0,0.055228111080215206,-1.0552281110802153,5,
