coin,family,side,signal_index,entry_index,signal_time,entry_time,entry,sl,tp,risk_price,target_rr,closed_at,exit,result,gross_R,cost_R,R,hold_bars,entry_bar_exit
SOL,RANGE_MEAN_REVERSION,LONG,798,799,2025-01-09T07:30:00+00:00,2025-01-09T07:45:00+00:00,190.32,189.2511423093413,191.92328653598804,1.0688576906586889,1.5,2025-01-09T08:00:00+00:00,189.2511423093413,SL,-1.0,0.24858295163016522,-1.2485829516301652,1,
FET,RANGE_MEAN_REVERSION,LONG,798,799,2025-01-09T07:30:00+00:00,2025-01-09T07:45:00+00:00,1.2878,1.2730757281758887,1.3098864077361672,0.014724271824111401,1.5,2025-01-09T08:30:00+00:00,1.3098864077361672,TP,1.5,0.12349544392665102,1.3765045560733489,3,
LINK,RANGE_MEAN_REVERSION,LONG,798,799,2025-01-09T07:30:00+00:00,2025-01-09T07:45:00+00:00,19.823,19.6548298899095,20.07525516513575,0.1681701100905002,1.5,2025-01-09T08:30:00+00:00,20.07525516513575,TP,1.5,0.16607456937838266,1.3339254306216173,3,
UNI,RANGE_MEAN_REVERSION,LONG,798,799,2025-01-09T07:30:00+00:00,2025-01-09T07:45:00+00:00,12.767,12.648005332502073,12.945492001246889,0.11899466749792609,1.5,2025-01-09T08:30:00+00:00,12.945492001246889,TP,1.5,0.1512567309050762,1.348743269094924,3,
CRV,RANGE_MEAN_REVERSION,LONG,799,800,2025-01-09T07:45:00+00:00,2025-01-09T08:00:00+00:00,0.822,0.813197833510775,0.8352032497338373,0.008802166489224938,1.5,2025-01-09T08:30:00+00:00,0.8352032497338373,TP,1.4999999999999938,0.13179054000327503,1.3682094599967187,2,
ETH,RANGE_MEAN_REVERSION,LONG,800,801,2025-01-09T08:00:00+00:00,2025-01-09T08:15:00+00:00,3276.0,3254.9094038967696,3307.6358941548456,21.090596103230382,1.5,2025-01-09T08:30:00+00:00,3307.6358941548456,TP,1.5,0.21851184780891592,1.2814881521910841,1,
BTC,RANGE_MEAN_REVERSION,LONG,801,802,2025-01-09T08:15:00+00:00,2025-01-09T08:30:00+00:00,92945.7,92488.14451084698,93632.03323372953,457.55548915301915,1.5,2025-01-09T09:30:00+00:00,93632.03323372953,TP,1.5,0.28543950703197213,1.2145604929680278,4,
BTC,RANGE_MEAN_REVERSION,LONG,822,823,2025-01-09T13:30:00+00:00,2025-01-09T13:45:00+00:00,92296.3,91752.01759792045,93112.72360311933,544.2824020795524,1.5,2025-01-09T14:00:00+00:00,91752.01759792045,SL,-1.0,0.23670400113306245,-1.2367040011330626,1,
BNB,RANGE_MEAN_REVERSION,LONG,824,825,2025-01-09T14:00:00+00:00,2025-01-09T14:15:00+00:00,686.27,679.7462154239686,696.0556768640471,6.523784576031403,1.5,2025-01-09T15:30:00+00:00,696.0556768640471,TP,1.5,0.14832310333482343,1.3516768966651767,5,
DOGE,RANGE_MEAN_REVERSION,SHORT,893,894,2025-01-10T07:15:00+00:00,2025-01-10T07:30:00+00:00,0.33362,0.3355087339349057,0.3307868990976415,0.0018887339349056842,1.5,2025-01-10T07:30:00+00:00,0.3355087339349057,SL,-1.0,0.24799158054933954,-1.2479915805493396,0,True
SOL,RANGE_MEAN_REVERSION,LONG,918,919,2025-01-10T13:30:00+00:00,2025-01-10T13:45:00+00:00,186.75,184.03459355871857,190.82310966192216,2.7154064412814307,1.5,2025-01-10T15:00:00+00:00,184.03459355871857,SL,-1.0,0.09558392863228934,-1.0955839286322893,5,
FET,RANGE_MEAN_REVERSION,LONG,918,919,2025-01-10T13:30:00+00:00,2025-01-10T13:45:00+00:00,1.2977,1.2731467761847195,1.334529835722921,0.024553223815280578,1.5,2025-01-10T17:45:00+00:00,1.334529835722921,TP,1.5,0.07504354209728402,1.424956457902716,16,
DOGE,RANGE_MEAN_REVERSION,SHORT,1004,1005,2025-01-11T11:00:00+00:00,2025-01-11T11:15:00+00:00,0.33679,0.33927904036229556,0.3330564394565566,0.0024890403622955803,1.5,2025-01-11T11:30:00+00:00,0.33927904036229556,SL,-1.0,0.1901328461452275,-1.1901328461452274,1,
ADA,RANGE_MEAN_REVERSION,SHORT,1044,1045,2025-01-11T21:00:00+00:00,2025-01-11T21:15:00+00:00,0.9914,0.9996266810542014,0.9790599784186977,0.008226681054201435,1.5,2025-01-11T21:15:00+00:00,0.9996266810542014,SL,-1.0,0.16941445372142597,-1.169414453721426,0,True
AVAX,RANGE_MEAN_REVERSION,SHORT,1044,1045,2025-01-11T21:00:00+00:00,2025-01-11T21:15:00+00:00,37.365,37.6760226352389,36.89846604714165,0.31102263523889917,1.5,2025-01-11T21:15:00+00:00,37.6760226352389,SL,-1.0,0.1688903310986336,-1.1688903310986336,0,True
DOGE,RANGE_MEAN_REVERSION,SHORT,1044,1045,2025-01-11T21:00:00+00:00,2025-01-11T21:15:00+00:00,0.34422,0.34674128447022845,0.34043807329465736,0.0025212844702284243,1.5,2025-01-11T21:15:00+00:00,0.34674128447022845,SL,-1.0,0.19183590937096437,-1.1918359093709643,0,True
FET,RANGE_MEAN_REVERSION,SHORT,1044,1045,2025-01-11T21:00:00+00:00,2025-01-11T21:15:00+00:00,1.3378,1.347186564042221,1.323720153936669,0.009386564042220824,1.5,2025-01-11T21:45:00+00:00,1.347186564042221,SL,-1.0,0.2002320110293388,-1.2002320110293387,2,
SOL,RANGE_MEAN_REVERSION,SHORT,1045,1046,2025-01-11T21:15:00+00:00,2025-01-11T21:30:00+00:00,190.94,192.14505897538902,189.13241153691646,1.2050589753890222,1.5,2025-01-11T22:15:00+00:00,189.13241153691646,TP,1.5,0.22077814738482313,1.2792218526151768,3,
UNI,RANGE_MEAN_REVERSION,SHORT,1045,1046,2025-01-11T21:15:00+00:00,2025-01-11T21:30:00+00:00,13.91,13.994613054686866,13.783080417969702,0.08461305468686575,1.5,2025-01-11T22:15:00+00:00,13.783080417969702,TP,1.5,0.2291036101263449,1.2708963898736552,3,
BTC,RANGE_MEAN_REVERSION,SHORT,1047,1048,2025-01-11T21:45:00+00:00,2025-01-11T22:00:00+00:00,94891.5,95105.74333450728,94570.13499823908,214.24333450727863,1.5,2025-01-11T22:30:00+00:00,94570.13499823908,TP,1.5,0.6190304347333693,0.8809695652666307,2,
LINK,RANGE_MEAN_REVERSION,SHORT,1045,1046,2025-01-11T21:15:00+00:00,2025-01-11T21:30:00+00:00,20.547,20.756174658987245,20.233238011519134,0.2091746589872443,1.5,2025-01-11T22:45:00+00:00,20.233238011519134,TP,1.5,0.13647048235323841,1.3635295176467617,5,
DOGE,RANGE_MEAN_REVERSION,LONG,1094,1095,2025-01-12T09:30:00+00:00,2025-01-12T09:45:00+00:00,0.33464,0.3331268990744556,0.33690965138831663,0.0015131009255444083,1.5,2025-01-12T11:15:00+00:00,0.33690965138831663,TP,1.5000000000000184,0.3106764050142173,1.1893235949858012,6,
ADA,RANGE_MEAN_REVERSION,LONG,1098,1099,2025-01-12T10:30:00+00:00,2025-01-12T10:45:00+00:00,0.9814,0.9712001744333854,0.9966997383499221,0.010199825566614695,1.5,2025-01-12T12:15:00+00:00,0.9966997383499221,TP,1.5,0.1357542644040054,1.3642457355959947,6,
BTC,RANGE_MEAN_REVERSION,SHORT,1117,1118,2025-01-12T15:15:00+00:00,2025-01-12T15:30:00+00:00,95222.7,95587.66465883396,94675.25301174904,364.9646588339674,1.5,2025-01-12T19:15:00+00:00,94675.25301174904,TP,1.50000000000002,0.36422312103566507,1.135776878964355,15,
SOL,RANGE_MEAN_REVERSION,SHORT,1118,1119,2025-01-12T15:30:00+00:00,2025-01-12T15:45:00+00:00,190.13,191.1057661569732,188.6663507645402,0.9757661569732079,1.5,2025-01-12T19:15:00+00:00,188.6663507645402,TP,1.4999999999999853,0.27174281833845026,1.228257181661535,14,
FET,RANGE_MEAN_REVERSION,LONG,1144,1145,2025-01-12T22:00:00+00:00,2025-01-12T22:15:00+00:00,1.2836,1.273440871531369,1.2988386927029467,0.010159128468631096,1.5,2025-01-12T23:45:00+00:00,1.2988386927029467,TP,1.5,0.17793918941706666,1.3220608105829332,6,
DOGE,RANGE_MEAN_REVERSION,LONG,1144,1145,2025-01-12T22:00:00+00:00,2025-01-12T22:15:00+00:00,0.33282,0.3304425491858019,0.3363861762212972,0.002377450814198101,1.5,2025-01-13T00:00:00+00:00,0.3363861762212972,TP,1.5000000000000118,0.19703638895802408,1.3029636110419878,7,
LINK,RANGE_MEAN_REVERSION,LONG,1144,1145,2025-01-12T22:00:00+00:00,2025-01-12T22:15:00+00:00,19.656,19.52212693042184,19.856809604367236,0.1338730695781578,1.5,2025-01-13T00:00:00+00:00,19.856809604367236,TP,1.5,0.20660590520716487,1.293394094792835,7,
AVAX,RANGE_MEAN_REVERSION,LONG,1144,1145,2025-01-12T22:00:00+00:00,2025-01-12T22:15:00+00:00,36.236,35.9912279325387,36.603158101191944,0.2447720674612981,1.5,2025-01-13T00:15:00+00:00,36.603158101191944,TP,1.5,0.20830567474328412,1.291694325256716,8,
UNI,RANGE_MEAN_REVERSION,LONG,1144,1145,2025-01-12T22:00:00+00:00,2025-01-12T22:15:00+00:00,13.593,13.500220467126958,13.732169299309563,0.09277953287304186,1.5,2025-01-13T00:15:00+00:00,13.732169299309563,TP,1.5,0.20616204799921387,1.293837952000786,8,
DOGE,RANGE_MEAN_REVERSION,SHORT,1287,1288,2025-01-14T09:45:00+00:00,2025-01-14T10:00:00+00:00,0.35403,0.3570017257352274,0.3495724113971589,0.002971725735227415,1.5,2025-01-14T10:00:00+00:00,0.3495724113971589,TP,1.5,0.1657359163867524,1.3342640836132476,0,True
ADA,RANGE_MEAN_REVERSION,SHORT,1287,1288,2025-01-14T09:45:00+00:00,2025-01-14T10:00:00+00:00,0.9838,0.994761675972357,0.9673574860414645,0.010961675972356977,1.5,2025-01-14T11:00:00+00:00,0.9673574860414645,TP,1.5,0.12459866937075216,1.3754013306292479,4,
BTC,RANGE_MEAN_REVERSION,SHORT,1287,1288,2025-01-14T09:45:00+00:00,2025-01-14T10:00:00+00:00,97129.9,97605.1884049651,96416.96739255234,475.28840496510384,1.5,2025-01-14T11:15:00+00:00,96416.96739255234,TP,1.5,0.28505388677582805,1.214946113224172,5,
ADA,RANGE_MEAN_REVERSION,SHORT,1322,1323,2025-01-14T18:30:00+00:00,2025-01-14T18:45:00+00:00,1.008,1.0167019651834788,0.9949470522247819,0.008701965183478766,1.5,2025-01-14T19:30:00+00:00,0.9949470522247819,TP,1.5,0.16112026502005006,1.33887973497995,3,
ADA,RANGE_MEAN_REVERSION,SHORT,1375,1376,2025-01-15T07:45:00+00:00,2025-01-15T08:00:00+00:00,1.0502,1.0626218570787316,1.0315672143819028,0.012421857078731557,1.5,2025-01-15T09:30:00+00:00,1.0315672143819028,TP,1.4999999999999911,0.11731233428553792,1.3826876657144531,6,
SUI,RANGE_MEAN_REVERSION,SHORT,1400,1401,2025-01-15T14:00:00+00:00,2025-01-15T14:15:00+00:00,4.7946,4.875876026076288,4.672685960885568,0.0812760260762877,1.5,2025-01-15T17:45:00+00:00,4.672685960885568,TP,1.5000000000000056,0.08153819142682416,1.4184618085731815,14,
SUI,RANGE_MEAN_REVERSION,SHORT,1435,1436,2025-01-15T22:45:00+00:00,2025-01-15T23:00:00+00:00,4.8682,4.910763892317144,4.804354161524284,0.04256389231714408,1.5,2025-01-16T00:00:00+00:00,4.804354161524284,TP,1.5,0.15907351382758358,1.3409264861724164,4,
SOL,RANGE_MEAN_REVERSION,LONG,1475,1476,2025-01-16T08:45:00+00:00,2025-01-16T09:00:00+00:00,199.65,198.365905467431,201.57614179885354,1.2840945325690143,1.5,2025-01-16T11:00:00+00:00,201.57614179885354,TP,1.500000000000011,0.21872089019591134,1.2812791098040996,8,
AVAX,RANGE_MEAN_REVERSION,LONG,1476,1477,2025-01-16T09:00:00+00:00,2025-01-16T09:15:00+00:00,38.511,38.213079083950205,38.9578813740747,0.2979209160497973,1.5,2025-01-16T11:30:00+00:00,38.9578813740747,TP,1.500000000000012,0.18202218790434999,1.317977812095662,9,
SUI,RANGE_MEAN_REVERSION,LONG,1475,1476,2025-01-16T08:45:00+00:00,2025-01-16T09:00:00+00:00,4.6038,4.567169196683799,4.658746204974301,0.03663080331620083,1.5,2025-01-16T11:45:00+00:00,4.658746204974301,TP,1.5000000000000122,0.17700355319847452,1.3229964468015376,11,
UNI,RANGE_MEAN_REVERSION,LONG,1475,1476,2025-01-16T08:45:00+00:00,2025-01-16T09:00:00+00:00,14.076,13.956778889317116,14.254831666024327,0.11922111068288466,1.5,2025-01-16T11:45:00+00:00,14.254831666024327,TP,1.4999999999999925,0.16634287377985355,1.3336571262201389,11,
ETH,RANGE_MEAN_REVERSION,SHORT,1571,1572,2025-01-17T08:45:00+00:00,2025-01-17T09:00:00+00:00,3405.91,3422.5207585537682,3380.9938621693473,16.61075855376839,1.5,2025-01-17T10:00:00+00:00,3422.5207585537682,SL,-1.0,0.28775937688307723,-1.2877593768830773,4,
DOGE,RANGE_MEAN_REVERSION,SHORT,1635,1636,2025-01-18T00:45:00+00:00,2025-01-18T01:00:00+00:00,0.43037,0.43560650129793543,0.4225152480530968,0.005236501297935459,1.5,2025-01-18T01:45:00+00:00,0.4225152480530968,TP,1.4999999999999947,0.11401117648391468,1.38598882351608,3,
BNB,RANGE_MEAN_REVERSION,LONG,1647,1648,2025-01-18T03:45:00+00:00,2025-01-18T04:00:00+00:00,708.0,704.5617688239907,713.1573467640139,3.4382311760092534,1.5,2025-01-18T05:00:00+00:00,704.5617688239907,SL,-1.0,0.28758777044319733,-1.2875877704431973,4,
ADA,RANGE_MEAN_REVERSION,LONG,1649,1650,2025-01-18T04:15:00+00:00,2025-01-18T04:30:00+00:00,1.0922,1.0781998850954304,1.1132001723568545,0.01400011490456965,1.5,2025-01-18T05:15:00+00:00,1.0781998850954304,SL,-1.0,0.10851910358756463,-1.1085191035875646,3,
BTC,RANGE_MEAN_REVERSION,LONG,1649,1650,2025-01-18T04:15:00+00:00,2025-01-18T04:30:00+00:00,102977.2,102375.26505152984,103880.10242270523,601.9349484701524,1.5,2025-01-18T08:00:00+00:00,102375.26505152984,SL,-1.0,0.23880774143686176,-1.2388077414368617,14,
ADA,RANGE_MEAN_REVERSION,SHORT,1728,1729,2025-01-19T00:00:00+00:00,2025-01-19T00:15:00+00:00,1.1016,1.1141568112555584,1.0827647831166622,0.01255681125555852,1.5,2025-01-19T00:15:00+00:00,1.1141568112555584,SL,-1.0,0.12352099082418691,-1.123520990824187,0,True
CRV,RANGE_MEAN_REVERSION,SHORT,1734,1735,2025-01-19T01:30:00+00:00,2025-01-19T01:45:00+00:00,0.957,0.9697487835948626,0.937876824607706,0.012748783594862645,1.5,2025-01-19T02:15:00+00:00,0.9697487835948626,SL,-1.0,0.10579237920862479,-1.1057923792086248,2,
AVAX,RANGE_MEAN_REVERSION,SHORT,1735,1736,2025-01-19T01:45:00+00:00,2025-01-19T02:00:00+00:00,40.265,40.76196746601314,39.51954880098029,0.4969674660131389,1.5,2025-01-19T03:15:00+00:00,39.51954880098029,TP,1.500000000000007,0.11237996042020516,1.387620039579802,5,
DOGE,RANGE_MEAN_REVERSION,LONG,1762,1763,2025-01-19T08:30:00+00:00,2025-01-19T08:45:00+00:00,0.38099,0.37679713480840454,0.3872792977873932,0.004192865191595452,1.5,2025-01-19T08:45:00+00:00,0.37679713480840454,SL,-1.0,0.12651277113062587,-1.126512771130626,0,True
ADA,RANGE_MEAN_REVERSION,LONG,1762,1763,2025-01-19T08:30:00+00:00,2025-01-19T08:45:00+00:00,1.0453,1.034607734526558,1.0613383982101627,0.01069226547344182,1.5,2025-01-19T09:00:00+00:00,1.034607734526558,SL,-1.0,0.13616715912871252,-1.1361671591287126,1,
CRV,RANGE_MEAN_REVERSION,LONG,1763,1764,2025-01-19T08:45:00+00:00,2025-01-19T09:00:00+00:00,0.875,0.8647443253414532,0.8903835119878203,0.01025567465854682,1.5,2025-01-19T09:00:00+00:00,0.8647443253414532,SL,-1.0,0.11874606676647215,-1.1187460667664721,0,True
ETH,RANGE_MEAN_REVERSION,LONG,1763,1764,2025-01-19T08:45:00+00:00,2025-01-19T09:00:00+00:00,3221.2,3201.9824525599097,3250.026321160135,19.21754744009013,1.5,2025-01-19T09:00:00+00:00,3201.9824525599097,SL,-1.0,0.2339646997520746,-1.2339646997520746,0,True
LINK,RANGE_MEAN_REVERSION,LONG,1764,1765,2025-01-19T09:00:00+00:00,2025-01-19T09:15:00+00:00,22.449,22.15832667803725,22.885009982944133,0.2906733219627533,1.5,2025-01-19T09:30:00+00:00,22.885009982944133,TP,1.5000000000000062,0.1091734417654168,1.3908265582345893,1,
LINK,RANGE_MEAN_REVERSION,SHORT,1962,1963,2025-01-21T10:30:00+00:00,2025-01-21T10:45:00+00:00,25.62,26.033271320950583,25.000093018574127,0.4132713209505816,1.5,2025-01-21T10:45:00+00:00,26.033271320950583,SL,-1.0,0.08749044052100834,-1.0874904405210084,0,True
BNB,RANGE_MEAN_REVERSION,SHORT,1969,1970,2025-01-21T12:15:00+00:00,2025-01-21T12:30:00+00:00,692.05,693.9868624230503,689.1447063654244,1.9368624230503428,1.5,2025-01-21T13:00:00+00:00,689.1447063654244,TP,1.5,0.49917654602082545,1.0008234539791745,2,
BTC,RANGE_MEAN_REVERSION,SHORT,1969,1970,2025-01-21T12:15:00+00:00,2025-01-21T12:30:00+00:00,104439.0,105019.60884968773,103568.0867254684,580.6088496877346,1.5,2025-01-21T14:15:00+00:00,105019.60884968773,SL,-1.0,0.25252978192398845,-1.2525297819239885,7,
SUI,RANGE_MEAN_REVERSION,SHORT,1992,1993,2025-01-21T18:00:00+00:00,2025-01-21T18:15:00+00:00,4.7245,4.791874281588696,4.623438577616955,0.0673742815886964,1.5,2025-01-21T18:45:00+00:00,4.791874281588696,SL,-1.0,0.09887247537240831,-1.0988724753724084,2,
FET,RANGE_MEAN_REVERSION,SHORT,1991,1992,2025-01-21T17:45:00+00:00,2025-01-21T18:00:00+00:00,1.2916,1.3145931102013517,1.2571103346979726,0.02299311020135164,1.5,2025-01-21T19:00:00+00:00,1.2571103346979726,TP,1.5,0.07759268836034645,1.4224073116396536,4,
BNB,RANGE_MEAN_REVERSION,SHORT,2035,2036,2025-01-22T04:45:00+00:00,2025-01-22T05:00:00+00:00,702.64,705.6154961867886,698.176755719817,2.9754961867886323,1.5,2025-01-22T07:00:00+00:00,698.176755719817,TP,1.5,0.32954897853933224,1.1704510214606678,8,
UNI,RANGE_MEAN_REVERSION,LONG,2049,2050,2025-01-22T08:15:00+00:00,2025-01-22T08:30:00+00:00,13.186,13.079219123721142,13.346171314418287,0.10678087627885802,1.5,2025-01-22T09:30:00+00:00,13.346171314418287,TP,1.5,0.1739311435466282,1.3260688564533718,4,
SUI,RANGE_MEAN_REVERSION,LONG,2049,2050,2025-01-22T08:15:00+00:00,2025-01-22T08:30:00+00:00,4.5455,4.514206314763367,4.592440527854949,0.03129368523663256,1.5,2025-01-22T11:15:00+00:00,4.592440527854949,TP,1.5000000000000142,0.20440412566080957,1.2955958743392046,11,
XRP,RANGE_MEAN_REVERSION,SHORT,2064,2065,2025-01-22T12:00:00+00:00,2025-01-22T12:15:00+00:00,3.2502,3.2726619222334685,3.2165071166497974,0.022461922233468545,1.5,2025-01-22T13:00:00+00:00,3.2165071166497974,TP,1.49999999999999,0.20152749771833978,1.2984725022816503,3,
SOL,RANGE_MEAN_REVERSION,SHORT,2097,2098,2025-01-22T20:15:00+00:00,2025-01-22T20:30:00+00:00,268.65,271.81906580953165,263.8964012857025,3.1690658095316735,1.5,2025-01-22T20:30:00+00:00,271.81906580953165,SL,-1.0,0.11938166286378944,-1.1193816628637894,0,True
XRP,RANGE_MEAN_REVERSION,SHORT,2097,2098,2025-01-22T20:15:00+00:00,2025-01-22T20:30:00+00:00,3.266,3.307012424664755,3.2044813630028672,0.04101242466475519,1.5,2025-01-22T21:00:00+00:00,3.2044813630028672,TP,1.5,0.1104381657784398,1.38956183422156,2,
UNI,RANGE_MEAN_REVERSION,LONG,2108,2109,2025-01-22T23:00:00+00:00,2025-01-22T23:15:00+00:00,12.858,12.752881824956543,13.015677262565188,0.105118175043458,1.5,2025-01-23T01:45:00+00:00,12.752881824956543,SL,-1.0,0.1705472652094458,-1.1705472652094457,10,
ADA,RANGE_MEAN_REVERSION,LONG,2121,2122,2025-01-23T02:15:00+00:00,2025-01-23T02:30:00+00:00,0.9647,0.9556823388041374,0.9782264917937938,0.009017661195862559,1.5,2025-01-23T03:00:00+00:00,0.9782264917937938,TP,1.5,0.1508205414592053,1.3491794585407948,2,
LINK,RANGE_MEAN_REVERSION,LONG,2121,2122,2025-01-23T02:15:00+00:00,2025-01-23T02:30:00+00:00,24.552,24.358137326375715,24.842794010436428,0.19386267362428455,1.5,2025-01-23T03:15:00+00:00,24.842794010436428,TP,1.500000000000009,0.1783548898862098,1.3216451101137994,3,
BTC,RANGE_MEAN_REVERSION,LONG,2120,2121,2025-01-23T02:00:00+00:00,2025-01-23T02:15:00+00:00,102499.0,102032.30191620003,103199.04712569996,466.69808379997266,1.5,2025-01-23T04:15:00+00:00,102032.30191620003,SL,-1.0,0.3067762999487773,-1.3067762999487773,8,
AVAX,RANGE_MEAN_REVERSION,LONG,2121,2122,2025-01-23T02:15:00+00:00,2025-01-23T02:30:00+00:00,35.944,35.568769766662975,36.50684535000555,0.3752302333370281,1.5,2025-01-23T04:30:00+00:00,35.568769766662975,SL,-1.0,0.13340859661407306,-1.133408596614073,8,
FET,RANGE_MEAN_REVERSION,LONG,2132,2133,2025-01-23T05:00:00+00:00,2025-01-23T05:15:00+00:00,1.2311,1.2199316657251755,1.247852501412237,0.011168334274824554,1.5,2025-01-23T07:45:00+00:00,1.247852501412237,TP,1.50000000000001,0.1553738192543333,1.3446261807456767,10,
ETH,RANGE_MEAN_REVERSION,LONG,2131,2132,2025-01-23T04:45:00+00:00,2025-01-23T05:00:00+00:00,3196.0,3166.329212977342,3240.5061805339865,29.670787022657805,1.5,2025-01-23T13:45:00+00:00,3240.5061805339865,TP,1.4999999999999922,0.15185152732663168,1.3481484726733606,35,
CRV,RANGE_MEAN_REVERSION,LONG,2119,2120,2025-01-23T01:45:00+00:00,2025-01-23T02:00:00+00:00,0.761,0.7441162119077005,0.7863256821384492,0.016883788092299512,1.5,2025-01-23T14:45:00+00:00,0.7863256821384492,TP,1.4999999999999967,0.06415195284231953,1.435848047157677,51,
LINK,RANGE_MEAN_REVERSION,SHORT,2171,2172,2025-01-23T14:45:00+00:00,2025-01-23T15:00:00+00:00,25.664,25.99104116052103,25.17343825921846,0.32704116052102705,1.5,2025-01-23T15:00:00+00:00,25.17343825921846,TP,1.5,0.10881262384452953,1.3911873761554705,0,True
CRV,RANGE_MEAN_REVERSION,SHORT,2248,2249,2025-01-24T10:00:00+00:00,2025-01-24T10:15:00+00:00,0.824,0.836573590570523,0.8051396141442153,0.012573590570523097,1.5,2025-01-24T10:30:00+00:00,0.836573590570523,SL,-1.0,0.0924478578238775,-1.0924478578238774,1,
ADA,RANGE_MEAN_REVERSION,LONG,2290,2291,2025-01-24T20:30:00+00:00,2025-01-24T20:45:00+00:00,0.9771,0.971391139571399,0.9856632906429015,0.00570886042860097,1.5,2025-01-24T21:00:00+00:00,0.971391139571399,SL,-1.0,0.23891699836743627,-1.2389169983674362,1,
XRP,RANGE_MEAN_REVERSION,LONG,2290,2291,2025-01-24T20:30:00+00:00,2025-01-24T20:45:00+00:00,3.1117,3.0926968892491273,3.1402046661263086,0.019003110750872576,1.5,2025-01-24T22:00:00+00:00,3.0926968892491273,SL,-1.0,0.22854562494590341,-1.2285456249459035,5,
SUI,RANGE_MEAN_REVERSION,LONG,2293,2294,2025-01-24T21:15:00+00:00,2025-01-24T21:30:00+00:00,4.2374,4.184948660007979,4.316077009988032,0.052451339992020785,1.5,2025-01-24T22:00:00+00:00,4.184948660007979,SL,-1.0,0.11240216289807785,-1.1124021628980778,2,
DOGE,RANGE_MEAN_REVERSION,LONG,2290,2291,2025-01-24T20:30:00+00:00,2025-01-24T20:45:00+00:00,0.35325,0.35108816811649174,0.3564927478252624,0.0021618318835082695,1.5,2025-01-24T22:15:00+00:00,0.35108816811649174,SL,-1.0,0.22806431963684112,-1.228064319636841,6,
UNI,RANGE_MEAN_REVERSION,LONG,2290,2291,2025-01-24T20:30:00+00:00,2025-01-24T20:45:00+00:00,12.556,12.480866445666615,12.668700331500075,0.07513355433338376,1.5,2025-01-24T22:45:00+00:00,12.480866445666615,SL,-1.0,0.23326204473437864,-1.2332620447343787,8,
BNB,RANGE_MEAN_REVERSION,LONG,2290,2291,2025-01-24T20:30:00+00:00,2025-01-24T20:45:00+00:00,681.35,680.0593935595315,683.2859096607028,1.2906064404685367,1.5,2025-01-24T23:00:00+00:00,680.0593935595315,SL,-1.0,0.7384021539096794,-1.7384021539096794,9,
UNI,RANGE_MEAN_REVERSION,LONG,2332,2333,2025-01-25T07:00:00+00:00,2025-01-25T07:15:00+00:00,12.156,12.101860465543862,12.23720930168421,0.05413953445613906,1.5,2025-01-25T09:45:00+00:00,12.101860465543862,SL,-1.0,0.31364330145168484,-1.3136433014516848,10,
AVAX,RANGE_MEAN_REVERSION,SHORT,2366,2367,2025-01-25T15:30:00+00:00,2025-01-25T15:45:00+00:00,36.02,36.322951679229035,35.56557248115645,0.3029516792290323,1.5,2025-01-25T15:45:00+00:00,36.322951679229035,SL,-1.0,0.16715558832461955,-1.1671555883246196,0,True
ETH,RANGE_MEAN_REVERSION,SHORT,2365,2366,2025-01-25T15:15:00+00:00,2025-01-25T15:30:00+00:00,3331.19,3348.0007809530484,3305.9738285704275,16.81078095304838,1.5,2025-01-25T16:15:00+00:00,3348.0007809530484,SL,-1.0,0.2781211390312784,-1.2781211390312783,3,
SOL,RANGE_MEAN_REVERSION,SHORT,2368,2369,2025-01-25T16:00:00+00:00,2025-01-25T16:15:00+00:00,254.34,255.88436100460748,252.02345849308878,1.544361004607481,1.5,2025-01-25T16:30:00+00:00,255.88436100460748,SL,-1.0,0.23126526222669114,-1.231265262226691,1,
DOGE,RANGE_MEAN_REVERSION,SHORT,2364,2365,2025-01-25T15:00:00+00:00,2025-01-25T15:15:00+00:00,0.35437,0.3596971281929319,0.34637930771060216,0.005327128192931907,1.5,2025-01-25T22:00:00+00:00,0.3596971281929319,SL,-1.0,0.09383047894328034,-1.0938304789432802,27,
LINK,RANGE_MEAN_REVERSION,SHORT,2415,2416,2025-01-26T03:45:00+00:00,2025-01-26T04:00:00+00:00,25.567,25.720202894128047,25.33719565880793,0.15320289412804655,1.5,2025-01-26T04:15:00+00:00,25.720202894128047,SL,-1.0,0.2343365784975553,-1.2343365784975553,1,
UNI,RANGE_MEAN_REVERSION,SHORT,2419,2420,2025-01-26T04:45:00+00:00,2025-01-26T05:00:00+00:00,12.363,12.434838860427664,12.255241709358502,0.07183886042766474,1.5,2025-01-26T06:00:00+00:00,12.255241709358502,TP,1.5,0.23988088193440646,1.2601191180655935,4,
BTC,RANGE_MEAN_REVERSION,SHORT,2417,2418,2025-01-26T04:15:00+00:00,2025-01-26T04:30:00+00:00,105337.5,105626.28908667905,104904.31636998142,288.7890866790549,1.5,2025-01-26T08:00:00+00:00,104904.31636998142,TP,1.5,0.5096081474247094,0.9903918525752906,14,
AVAX,RANGE_MEAN_REVERSION,SHORT,2417,2418,2025-01-26T04:15:00+00:00,2025-01-26T04:30:00+00:00,37.815,38.06934438804314,37.43348341793528,0.25434438804314397,1.5,2025-01-26T08:30:00+00:00,37.43348341793528,TP,1.500000000000014,0.2070969161058105,1.2929030838942035,16,
ETH,RANGE_MEAN_REVERSION,LONG,2437,2438,2025-01-26T09:15:00+00:00,2025-01-26T09:30:00+00:00,3310.5,3297.8716992256996,3329.4424511614507,12.628300774300442,1.5,2025-01-26T09:30:00+00:00,3297.8716992256996,SL,-1.0,0.36630899692157864,-1.3663089969215787,0,True
DOGE,RANGE_MEAN_REVERSION,LONG,2438,2439,2025-01-26T09:30:00+00:00,2025-01-26T09:45:00+00:00,0.35078,0.3494050736170744,0.35284238957438835,0.0013749263829255787,1.5,2025-01-26T10:15:00+00:00,0.3494050736170744,SL,-1.0,0.3564769413247062,-1.3564769413247062,2,
BNB,RANGE_MEAN_REVERSION,LONG,2439,2440,2025-01-26T09:45:00+00:00,2025-01-26T10:00:00+00:00,685.94,684.1027736846487,688.695839473027,1.8372263153513586,1.5,2025-01-26T14:15:00+00:00,684.1027736846487,SL,-1.0,0.5219988052456375,-1.5219988052456375,17,
AVAX,RANGE_MEAN_REVERSION,SHORT,2472,2473,2025-01-26T18:00:00+00:00,2025-01-26T18:15:00+00:00,38.078,38.275694684083184,37.781457973875234,0.19769468408318147,1.5,2025-01-26T18:45:00+00:00,37.781457973875234,TP,1.499999999999982,0.26860419048683054,1.2313958095131514,2,
ETH,RANGE_MEAN_REVERSION,LONG,2487,2488,2025-01-26T21:45:00+00:00,2025-01-26T22:00:00+00:00,3295.0,3283.907526041606,3311.638710937591,11.092473958393839,1.5,2025-01-26T22:00:00+00:00,3283.907526041606,SL,-1.0,0.4151675528383166,-1.4151675528383165,0,True
BNB,RANGE_MEAN_REVERSION,LONG,2488,2489,2025-01-26T22:00:00+00:00,2025-01-26T22:15:00+00:00,680.37,678.9241895173305,682.5387157240042,1.445810482669458,1.5,2025-01-26T22:15:00+00:00,678.9241895173305,SL,-1.0,0.658112487125787,-1.6581124871257868,0,True
SOL,RANGE_MEAN_REVERSION,LONG,2488,2489,2025-01-26T22:00:00+00:00,2025-01-26T22:15:00+00:00,248.56,247.03867367445525,250.84198948831713,1.5213263255447487,1.5,2025-01-26T22:45:00+00:00,247.03867367445525,SL,-1.0,0.22803724996206562,-1.2280372499620655,2,
AVAX,RANGE_MEAN_REVERSION,LONG,2488,2489,2025-01-26T22:00:00+00:00,2025-01-26T22:15:00+00:00,36.935,36.69356819907304,37.29714770139044,0.2414318009269607,1.5,2025-01-26T23:00:00+00:00,36.69356819907304,SL,-1.0,0.21347642498406125,-1.2134764249840613,3,
CRV,RANGE_MEAN_REVERSION,LONG,2488,2489,2025-01-26T22:00:00+00:00,2025-01-26T22:15:00+00:00,0.785,0.7781544051854911,0.7952683922217635,0.006845594814508971,1.5,2025-01-26T23:00:00+00:00,0.7781544051854911,SL,-1.0,0.15984119908918834,-1.1598411990891884,3,
DOGE,RANGE_MEAN_REVERSION,LONG,2488,2489,2025-01-26T22:00:00+00:00,2025-01-26T22:15:00+00:00,0.34383,0.34165262846038735,0.34709605730941906,0.0021773715396126714,1.5,2025-01-26T23:00:00+00:00,0.34165262846038735,SL,-1.0,0.2203748102667075,-1.2203748102667076,3,
FET,RANGE_MEAN_REVERSION,LONG,2488,2489,2025-01-26T22:00:00+00:00,2025-01-26T22:15:00+00:00,1.1892,1.1814076822050128,1.200888476692481,0.007792317794987236,1.5,2025-01-26T23:15:00+00:00,1.1814076822050128,SL,-1.0,0.21295658380501503,-1.2129565838050151,4,
XRP,RANGE_MEAN_REVERSION,SHORT,2581,2582,2025-01-27T21:15:00+00:00,2025-01-27T21:30:00+00:00,3.0467,3.07944295904077,2.9975855614388447,0.03274295904077018,1.5,2025-01-27T21:30:00+00:00,2.9975855614388447,TP,1.5,0.12921861728315162,1.3707813827168485,0,True
SOL,RANGE_MEAN_REVERSION,SHORT,2610,2611,2025-01-28T04:30:00+00:00,2025-01-28T04:45:00+00:00,240.74,243.3016363138326,236.89754552925112,2.5616363138325937,1.5,2025-01-28T05:45:00+00:00,243.3016363138326,SL,-1.0,0.13227058954077028,-1.1322705895407703,4,
SOL,RANGE_MEAN_REVERSION,LONG,2675,2676,2025-01-28T20:45:00+00:00,2025-01-28T21:00:00+00:00,228.02,226.016766379315,231.02485043102755,2.003233620685023,1.5,2025-01-28T21:45:00+00:00,226.016766379315,SL,-1.0,0.15865635100355255,-1.1586563510035526,3,
DOGE,RANGE_MEAN_REVERSION,SHORT,2714,2715,2025-01-29T06:30:00+00:00,2025-01-29T06:45:00+00:00,0.33137,0.3336324823198376,0.3279762765202436,0.002262482319837611,1.5,2025-01-29T09:00:00+00:00,0.3279762765202436,TP,1.5,0.20399823217062646,1.2960017678293736,9,
AVAX,RANGE_MEAN_REVERSION,SHORT,2713,2714,2025-01-29T06:15:00+00:00,2025-01-29T06:30:00+00:00,33.486,33.80225966420166,33.01161050369751,0.3162596642016595,1.5,2025-01-29T12:15:00+00:00,33.01161050369751,TP,1.4999999999999887,0.1471838891313918,1.3528161108685968,23,
SOL,RANGE_MEAN_REVERSION,LONG,2740,2741,2025-01-29T13:00:00+00:00,2025-01-29T13:15:00+00:00,227.72,225.91079747669477,230.43380378495783,1.8092025233052311,1.5,2025-01-29T13:15:00+00:00,225.91079747669477,SL,-1.0,0.1755146558460298,-1.1755146558460299,0,True
AVAX,RANGE_MEAN_REVERSION,LONG,2742,2743,2025-01-29T13:30:00+00:00,2025-01-29T13:45:00+00:00,32.504,32.217915067056445,32.933127399415326,0.2860849329435524,1.5,2025-01-29T13:45:00+00:00,32.217915067056445,SL,-1.0,0.15836325276130053,-1.1583632527613006,0,True
XRP,RANGE_MEAN_REVERSION,LONG,2741,2742,2025-01-29T13:15:00+00:00,2025-01-29T13:30:00+00:00,3.034,3.012757248250728,3.0658641276239074,0.021242751749271704,1.5,2025-01-29T14:00:00+00:00,3.0658641276239074,TP,1.5,0.20100526239417765,1.2989947376058224,2,
BTC,RANGE_MEAN_REVERSION,SHORT,2799,2800,2025-01-30T03:45:00+00:00,2025-01-30T04:00:00+00:00,105155.6,105543.87753499832,104573.18369750254,388.27753499831306,1.5,2025-01-30T04:45:00+00:00,105543.87753499832,SL,-1.0,0.37985621361055466,-1.3798562136105548,3,
CRV,RANGE_MEAN_REVERSION,SHORT,2823,2824,2025-01-30T09:45:00+00:00,2025-01-30T10:00:00+00:00,0.756,0.7628195202412401,0.7457707196381398,0.006819520241240107,1.5,2025-01-30T10:15:00+00:00,0.7628195202412401,SL,-1.0,0.15590153362101222,-1.1559015336210123,1,
BTC,RANGE_MEAN_REVERSION,SHORT,2844,2845,2025-01-30T15:00:00+00:00,2025-01-30T15:15:00+00:00,106169.8,106689.10593105505,105390.84110341744,519.3059310550452,1.5,2025-01-30T15:15:00+00:00,105390.84110341744,TP,1.5,0.28517380587493185,1.2148261941250682,0,True
XRP,RANGE_MEAN_REVERSION,SHORT,2844,2845,2025-01-30T15:00:00+00:00,2025-01-30T15:15:00+00:00,3.1413,3.1629594000040493,3.1088108999939266,0.02165940000404909,1.5,2025-01-30T17:00:00+00:00,3.1088108999939266,TP,1.5,0.20199440562424884,1.2980055943757511,7,
DOGE,RANGE_MEAN_REVERSION,SHORT,2843,2844,2025-01-30T14:45:00+00:00,2025-01-30T15:00:00+00:00,0.33693,0.3395338155965775,0.33302427660513373,0.002603815596577519,1.5,2025-01-30T17:30:00+00:00,0.33302427660513373,TP,1.5,0.18010799007426248,1.3198920099257374,10,
CRV,RANGE_MEAN_REVERSION,SHORT,2843,2844,2025-01-30T14:45:00+00:00,2025-01-30T15:00:00+00:00,0.795,0.8071928292300264,0.7767107561549604,0.012192829230026403,1.5,2025-01-30T20:30:00+00:00,0.7767107561549604,TP,1.5,0.09023316152079741,1.4097668384792026,22,
DOGE,RANGE_MEAN_REVERSION,LONG,2892,2893,2025-01-31T03:00:00+00:00,2025-01-31T03:15:00+00:00,0.32742,0.3257773757841935,0.3298839363237097,0.0016426242158064652,1.5,2025-01-31T04:45:00+00:00,0.3257773757841935,SL,-1.0,0.2783583479709321,-1.2783583479709322,6,
UNI,RANGE_MEAN_REVERSION,LONG,2894,2895,2025-01-31T03:30:00+00:00,2025-01-31T03:45:00+00:00,11.79,11.732732813035678,11.87590078044648,0.05726718696432087,1.5,2025-01-31T05:00:00+00:00,11.87590078044648,TP,1.5,0.2892778818808355,1.2107221181191645,5,
LINK,RANGE_MEAN_REVERSION,SHORT,2908,2909,2025-01-31T07:00:00+00:00,2025-01-31T07:15:00+00:00,25.215,25.401364952891022,24.935452570663465,0.18636495289102228,1.5,2025-01-31T07:45:00+00:00,24.935452570663465,TP,1.5000000000000095,0.18836866189101772,1.311631338108992,2,
XRP,RANGE_MEAN_REVERSION,LONG,2914,2915,2025-01-31T08:30:00+00:00,2025-01-31T08:45:00+00:00,3.0614,3.051367972209622,3.0764480416855666,0.010032027790377818,1.5,2025-01-31T09:30:00+00:00,3.0764480416855666,TP,1.5,0.4282776841289119,1.0717223158710882,3,
LINK,RANGE_MEAN_REVERSION,SHORT,2925,2926,2025-01-31T11:15:00+00:00,2025-01-31T11:30:00+00:00,25.505,25.774131747214884,25.10130237917767,0.2691317472148853,1.5,2025-01-31T12:00:00+00:00,25.774131747214884,SL,-1.0,0.1333747972675633,-1.1333747972675634,2,
ADA,RANGE_MEAN_REVERSION,SHORT,2927,2928,2025-01-31T11:45:00+00:00,2025-01-31T12:00:00+00:00,0.9739,0.9799073828098703,0.9648889257851945,0.006007382809870343,1.5,2025-01-31T13:00:00+00:00,0.9799073828098703,SL,-1.0,0.22766406124806743,-1.2276640612480674,4,
DOGE,RANGE_MEAN_REVERSION,SHORT,2929,2930,2025-01-31T12:15:00+00:00,2025-01-31T12:30:00+00:00,0.33263,0.33486063164555707,0.3292840525316644,0.0022306316455570907,1.5,2025-01-31T13:00:00+00:00,0.33486063164555707,SL,-1.0,0.20946687593289207,-1.2094668759328921,2,
SOL,RANGE_MEAN_REVERSION,SHORT,2929,2930,2025-01-31T12:15:00+00:00,2025-01-31T12:30:00+00:00,239.67,240.96540027727488,237.72689958408765,1.2954002772748936,1.5,2025-01-31T13:00:00+00:00,240.96540027727488,SL,-1.0,0.2597226402497491,-1.2597226402497492,2,
UNI,RANGE_MEAN_REVERSION,SHORT,2931,2932,2025-01-31T12:45:00+00:00,2025-01-31T13:00:00+00:00,12.199,12.2755621821351,12.08415672679735,0.0765621821351008,1.5,2025-01-31T13:15:00+00:00,12.2755621821351,SL,-1.0,0.22376835468538875,-1.2237683546853888,1,
CRV,RANGE_MEAN_REVERSION,SHORT,2927,2928,2025-01-31T11:45:00+00:00,2025-01-31T12:00:00+00:00,0.81,0.8181280870976138,0.7978078693535795,0.008128087097613701,1.5,2025-01-31T14:45:00+00:00,0.7978078693535795,TP,1.5,0.13846622151452184,1.3615337784854782,11,
BTC,RANGE_MEAN_REVERSION,SHORT,2942,2943,2025-01-31T15:30:00+00:00,2025-01-31T15:45:00+00:00,105604.8,106057.64470476394,104925.5329428541,452.8447047639347,1.5,2025-01-31T16:15:00+00:00,104925.5329428541,TP,1.5,0.3254343741014298,1.1745656258985702,2,
XRP,RANGE_MEAN_REVERSION,LONG,2955,2956,2025-01-31T18:45:00+00:00,2025-01-31T19:00:00+00:00,3.0296,3.00314272365326,3.0692859145201097,0.02645727634673989,1.5,2025-01-31T20:15:00+00:00,3.00314272365326,SL,-1.0,0.1596127980527231,-1.159612798052723,5,
FET,RANGE_MEAN_REVERSION,LONG,2955,2956,2025-01-31T18:45:00+00:00,2025-01-31T19:00:00+00:00,1.0366,1.0258956333618323,1.0526565499572516,0.01070436663816765,1.5,2025-01-31T21:15:00+00:00,1.0258956333618323,SL,-1.0,0.13487457895971508,-1.134874578959715,9,
BNB,RANGE_MEAN_REVERSION,LONG,3010,3011,2025-02-01T08:30:00+00:00,2025-02-01T08:45:00+00:00,672.44,671.2512380099672,674.2231429850493,1.1887619900328446,1.5,2025-02-01T08:45:00+00:00,671.2512380099672,SL,-1.0,0.7912297621334523,-1.7912297621334523,0,True
DOGE,RANGE_MEAN_REVERSION,LONG,3010,3011,2025-02-01T08:30:00+00:00,2025-02-01T08:45:00+00:00,0.32417,0.3227022223764856,0.3263716664352716,0.0014677776235144102,1.5,2025-02-01T09:30:00+00:00,0.3227022223764856,SL,-1.0,0.3085007894992578,-1.3085007894992577,3,
XRP,RANGE_MEAN_REVERSION,LONG,3013,3014,2025-02-01T09:15:00+00:00,2025-02-01T09:30:00+00:00,3.0059,2.984210101595934,3.038434847606099,0.0216898984040661,1.5,2025-02-01T09:30:00+00:00,2.984210101595934,SL,-1.0,0.19331935046459683,-1.193319350464597,0,True
LINK,RANGE_MEAN_REVERSION,LONG,3015,3016,2025-02-01T09:45:00+00:00,2025-02-01T10:00:00+00:00,24.621,24.41133174690768,24.935502379638475,0.2096682530923175,1.5,2025-02-01T10:15:00+00:00,24.935502379638475,TP,1.5,0.1654497099781388,1.3345502900218613,1,
BNB,RANGE_MEAN_REVERSION,LONG,3015,3016,2025-02-01T09:45:00+00:00,2025-02-01T10:00:00+00:00,669.17,667.8221609856288,671.1917585215567,1.347839014371175,1.5,2025-02-01T10:30:00+00:00,671.1917585215567,TP,1.5,0.6961166882402683,0.8038833117597317,2,
CRV,RANGE_MEAN_REVERSION,LONG,3015,3016,2025-02-01T09:45:00+00:00,2025-02-01T10:00:00+00:00,0.748,0.741706840929933,0.7574397386051005,0.006293159070067,1.5,2025-02-01T10:30:00+00:00,0.741706840929933,SL,-1.0,0.16570291280430813,-1.1657029128043082,2,
AVAX,RANGE_MEAN_REVERSION,LONG,3015,3016,2025-02-01T09:45:00+00:00,2025-02-01T10:00:00+00:00,33.723,33.54368602385872,33.991970964211916,0.1793139761412803,1.5,2025-02-01T12:30:00+00:00,33.991970964211916,TP,1.4999999999999802,0.2643434755894421,1.2356565244105382,10,
ETH,RANGE_MEAN_REVERSION,LONG,3015,3016,2025-02-01T09:45:00+00:00,2025-02-01T10:00:00+00:00,3234.93,3212.748938652207,3268.201592021689,22.18106134779282,1.5,2025-02-01T12:45:00+00:00,3268.201592021689,TP,1.5,0.2052287779668469,1.294771222033153,11,
CRV,RANGE_MEAN_REVERSION,LONG,3036,3037,2025-02-01T15:00:00+00:00,2025-02-01T15:15:00+00:00,0.731,0.7235488100917151,0.7421767848624272,0.007451189908284861,1.5,2025-02-01T16:00:00+00:00,0.7421767848624272,TP,1.4999999999999925,0.13839719052887073,1.3616028094711217,3,
LINK,RANGE_MEAN_REVERSION,LONG,3036,3037,2025-02-01T15:00:00+00:00,2025-02-01T15:15:00+00:00,24.342,24.185656402041314,24.576515396938028,0.1563435979586849,1.5,2025-02-01T16:00:00+00:00,24.576515396938028,TP,1.5000000000000113,0.21902374785378553,1.2809762521462258,3,
BNB,RANGE_MEAN_REVERSION,LONG,3054,3055,2025-02-01T19:30:00+00:00,2025-02-01T19:45:00+00:00,662.74,661.2369537064824,664.9945694402765,1.5030462935176274,1.5,2025-02-01T19:45:00+00:00,661.2369537064824,SL,-1.0,0.6166036745452169,-1.616603674545217,0,True
ADA,RANGE_MEAN_REVERSION,LONG,3054,3055,2025-02-01T19:30:00+00:00,2025-02-01T19:45:00+00:00,0.9107,0.905472253061419,0.9185416204078714,0.005227746938580968,1.5,2025-02-01T20:00:00+00:00,0.905472253061419,SL,-1.0,0.2431870922749913,-1.2431870922749912,1,
AVAX,RANGE_MEAN_REVERSION,LONG,3054,3055,2025-02-01T19:30:00+00:00,2025-02-01T19:45:00+00:00,32.896,32.71417931731899,33.168731024021525,0.18182068268101403,1.5,2025-02-01T20:00:00+00:00,32.71417931731899,SL,-1.0,0.2525957159818709,-1.252595715981871,1,
FET,RANGE_MEAN_REVERSION,LONG,3054,3055,2025-02-01T19:30:00+00:00,2025-02-01T19:45:00+00:00,0.9776,0.9703468086931569,0.9884797869602646,0.007253191306843099,1.5,2025-02-01T20:00:00+00:00,0.9703468086931569,SL,-1.0,0.18799487127807346,-1.1879948712780735,1,
UNI,RANGE_MEAN_REVERSION,LONG,3054,3055,2025-02-01T19:30:00+00:00,2025-02-01T19:45:00+00:00,11.24,11.1686869994071,11.346969500889351,0.07131300059289991,1.5,2025-02-01T20:00:00+00:00,11.1686869994071,SL,-1.0,0.21996102771121812,-1.219961027711218,1,
SOL,RANGE_MEAN_REVERSION,LONG,3055,3056,2025-02-01T19:45:00+00:00,2025-02-01T20:00:00+00:00,221.62,219.77318825781978,224.39021761327035,1.846811742180222,1.5,2025-02-01T20:00:00+00:00,219.77318825781978,SL,-1.0,0.16730196409500758,-1.1673019640950075,0,True
LINK,RANGE_MEAN_REVERSION,LONG,3084,3085,2025-02-02T03:00:00+00:00,2025-02-02T03:15:00+00:00,22.479,22.250699158682067,22.821451261976897,0.2283008413179317,1.5,2025-02-02T03:15:00+00:00,22.250699158682067,SL,-1.0,0.13714706100217147,-1.1371470610021714,0,True
LINK,RANGE_MEAN_REVERSION,LONG,3119,3120,2025-02-02T11:45:00+00:00,2025-02-02T12:00:00+00:00,22.119,21.939555726004482,22.38816641099328,0.179444273995518,1.5,2025-02-02T12:45:00+00:00,21.939555726004482,SL,-1.0,0.1718694518442726,-1.1718694518442727,3,
LINK,RANGE_MEAN_REVERSION,SHORT,3245,3246,2025-02-03T19:15:00+00:00,2025-02-03T19:30:00+00:00,21.634,22.024962618117186,21.04755607282422,0.3909626181171859,1.5,2025-02-03T20:30:00+00:00,21.04755607282422,TP,1.5,0.0764192991004109,1.423580700899589,4,
XRP,RANGE_MEAN_REVERSION,LONG,3285,3286,2025-02-04T05:15:00+00:00,2025-02-04T05:30:00+00:00,2.5541,2.5095293958738463,2.6209559061892307,0.04457060412615377,1.5,2025-02-04T05:30:00+00:00,2.5095293958738463,SL,-1.0,0.0795264198591326,-1.0795264198591326,0,True
SOL,RANGE_MEAN_REVERSION,LONG,3286,3287,2025-02-04T05:30:00+00:00,2025-02-04T05:45:00+00:00,203.1,200.49841197903285,207.0023820314507,2.6015880209671423,1.5,2025-02-04T06:15:00+00:00,207.0023820314507,TP,1.5,0.11034478368919316,1.389655216310807,2,
LINK,RANGE_MEAN_REVERSION,LONG,3285,3286,2025-02-04T05:15:00+00:00,2025-02-04T05:30:00+00:00,20.033,19.56408379730311,20.73637430404534,0.46891620269689227,1.5,2025-02-04T07:45:00+00:00,19.56408379730311,SL,-1.0,0.05911068651221055,-1.0591106865122106,9,
BTC,RANGE_MEAN_REVERSION,LONG,3285,3286,2025-02-04T05:15:00+00:00,2025-02-04T05:30:00+00:00,98804.1,98045.78360884389,99941.57458673418,758.3163911561132,1.5,2025-02-04T08:30:00+00:00,98045.78360884389,SL,-1.0,0.1817116445499899,-1.1817116445499898,12,
XRP,RANGE_MEAN_REVERSION,LONG,3351,3352,2025-02-04T21:45:00+00:00,2025-02-04T22:00:00+00:00,2.4492,2.3897948454820184,2.538307731776972,0.05940515451798145,1.5,2025-02-04T23:00:00+00:00,2.538307731776972,TP,1.5,0.058770243770464504,1.4412297562295355,4,
XRP,RANGE_MEAN_REVERSION,LONG,3426,3427,2025-02-05T16:30:00+00:00,2025-02-05T16:45:00+00:00,2.4394,2.404834174799867,2.4912487378001993,0.03456582520013285,1.5,2025-02-05T17:30:00+00:00,2.404834174799867,SL,-1.0,0.09810163370110644,-1.0981016337011065,3,
BTC,RANGE_MEAN_REVERSION,LONG,3518,3519,2025-02-06T15:30:00+00:00,2025-02-06T15:45:00+00:00,97140.3,96676.79714025157,97835.55428962265,463.5028597484343,1.5,2025-02-06T16:30:00+00:00,96676.79714025157,SL,-1.0,0.29271009907427953,-1.2927100990742795,3,
BTC,RANGE_MEAN_REVERSION,SHORT,3609,3610,2025-02-07T14:15:00+00:00,2025-02-07T14:30:00+00:00,99629.2,100232.83182360163,98723.75226459754,603.6318236016377,1.5,2025-02-07T15:00:00+00:00,98723.75226459754,TP,1.5,0.2300194607977616,1.2699805392022383,2,
SOL,RANGE_MEAN_REVERSION,LONG,3800,3801,2025-02-09T14:00:00+00:00,2025-02-09T14:15:00+00:00,197.71,195.60328334764637,200.87007497853045,2.10671665235364,1.5,2025-02-09T15:15:00+00:00,200.87007497853045,TP,1.4999999999999933,0.13243643950564665,1.3675635604943466,4,
SUI,RANGE_MEAN_REVERSION,SHORT,3941,3942,2025-02-11T01:15:00+00:00,2025-02-11T01:30:00+00:00,3.3726,3.4278018290256145,3.289797256461578,0.05520182902561466,1.5,2025-02-11T01:30:00+00:00,3.4278018290256145,SL,-1.0,0.08623412238947865,-1.0862341223894787,0,True
CRV,RANGE_MEAN_REVERSION,SHORT,3956,3957,2025-02-11T05:00:00+00:00,2025-02-11T05:15:00+00:00,0.577,0.5854773153302566,0.564284027004615,0.00847731533025664,1.5,2025-02-11T05:15:00+00:00,0.5854773153302566,SL,-1.0,0.09598960154600558,-1.0959896015460056,0,True
UNI,RANGE_MEAN_REVERSION,SHORT,3956,3957,2025-02-11T05:00:00+00:00,2025-02-11T05:15:00+00:00,9.84,9.953274425050388,9.670088362424417,0.11327442505038832,1.5,2025-02-11T05:15:00+00:00,9.953274425050388,SL,-1.0,0.12231615469574854,-1.1223161546957485,0,True
SUI,RANGE_MEAN_REVERSION,SHORT,3959,3960,2025-02-11T05:45:00+00:00,2025-02-11T06:00:00+00:00,3.4794,3.520361800657058,3.4179572990144136,0.04096180065705779,1.5,2025-02-11T06:30:00+00:00,3.520361800657058,SL,-1.0,0.11961957682189177,-1.1196195768218917,2,
AVAX,RANGE_MEAN_REVERSION,SHORT,3956,3957,2025-02-11T05:00:00+00:00,2025-02-11T05:15:00+00:00,26.538,26.83508656505427,26.092370152418596,0.29708656505426845,1.5,2025-02-11T08:15:00+00:00,26.83508656505427,SL,-1.0,0.12575849934080077,-1.1257584993408007,12,
FET,RANGE_MEAN_REVERSION,SHORT,3958,3959,2025-02-11T05:30:00+00:00,2025-02-11T05:45:00+00:00,0.813,0.8257073920433285,0.7939389119350071,0.012707392043328603,1.5,2025-02-11T08:30:00+00:00,0.8257073920433285,SL,-1.0,0.0902699130174831,-1.090269913017483,11,
BTC,RANGE_MEAN_REVERSION,SHORT,3959,3960,2025-02-11T05:45:00+00:00,2025-02-11T06:00:00+00:00,98378.9,98638.84113397682,97988.98829903475,259.9411339768267,1.5,2025-02-11T09:30:00+00:00,97988.98829903475,TP,1.5,0.5288025011908213,0.9711974988091787,14,
BTC,RANGE_MEAN_REVERSION,LONG,3992,3993,2025-02-11T14:00:00+00:00,2025-02-11T14:15:00+00:00,96873.0,96355.90986825139,97648.63519762292,517.0901317486132,1.5,2025-02-11T16:15:00+00:00,96355.90986825139,SL,-1.0,0.26157961369398874,-1.2615796136939887,8,
AVAX,RANGE_MEAN_REVERSION,LONG,4007,4008,2025-02-11T17:45:00+00:00,2025-02-11T18:00:00+00:00,25.495,25.304242525050416,25.78113621242438,0.19075747494958506,1.5,2025-02-11T18:00:00+00:00,25.304242525050416,SL,-1.0,0.18641193367092554,-1.1864119336709256,0,True
LINK,RANGE_MEAN_REVERSION,LONG,4008,4009,2025-02-11T18:00:00+00:00,2025-02-11T18:15:00+00:00,18.641,18.473807313543364,18.89178902968495,0.16719268645663377,1.5,2025-02-11T18:45:00+00:00,18.473807313543364,SL,-1.0,0.15539175588412543,-1.1553917558841253,2,
BTC,RANGE_MEAN_REVERSION,LONG,4009,4010,2025-02-11T18:15:00+00:00,2025-02-11T18:30:00+00:00,95638.9,95354.4719348133,96065.54209778004,284.42806518670113,1.5,2025-02-11T19:00:00+00:00,95354.4719348133,SL,-1.0,0.4700498182786936,-1.4700498182786936,2,
UNI,RANGE_MEAN_REVERSION,LONG,4011,4012,2025-02-11T18:45:00+00:00,2025-02-11T19:00:00+00:00,9.359,9.27351653274319,9.487225200885213,0.08548346725680922,1.5,2025-02-11T19:15:00+00:00,9.27351653274319,SL,-1.0,0.15257642198505122,-1.1525764219850512,1,
SUI,RANGE_MEAN_REVERSION,LONG,4014,4015,2025-02-11T19:30:00+00:00,2025-02-11T19:45:00+00:00,3.2564,3.21042722650706,3.325359160239411,0.045972773492940266,1.5,2025-02-11T21:15:00+00:00,3.325359160239411,TP,1.5000000000000049,0.100216520825638,1.3997834791743669,6,
DOGE,RANGE_MEAN_REVERSION,SHORT,4081,4082,2025-02-12T12:15:00+00:00,2025-02-12T12:30:00+00:00,0.2582,0.26120967245415305,0.2536854913187704,0.0030096724541530673,1.5,2025-02-12T13:30:00+00:00,0.2536854913187704,TP,1.5,0.1190560931069729,1.3809439068930272,4,
AVAX,RANGE_MEAN_REVERSION,LONG,4154,4155,2025-02-13T06:30:00+00:00,2025-02-13T06:45:00+00:00,25.707,25.5333096508346,25.967535523748104,0.17369034916540116,1.5,2025-02-13T06:45:00+00:00,25.5333096508346,SL,-1.0,0.20650667655361657,-1.2065066765536165,0,True
CRV,RANGE_MEAN_REVERSION,LONG,4162,4163,2025-02-13T08:30:00+00:00,2025-02-13T08:45:00+00:00,0.525,0.5202918788498389,0.5320621817252418,0.004708121150161171,1.5,2025-02-13T09:30:00+00:00,0.5320621817252418,TP,1.5,0.157163230003616,1.342836769996384,3,
DOGE,RANGE_MEAN_REVERSION,LONG,4155,4156,2025-02-13T06:45:00+00:00,2025-02-13T07:00:00+00:00,0.25801,0.2557226054188221,0.2614410918717669,0.0022873945811779373,1.5,2025-02-13T12:45:00+00:00,0.2557226054188221,SL,-1.0,0.15721503703483725,-1.1572150370348373,23,
SOL,RANGE_MEAN_REVERSION,LONG,4176,4177,2025-02-13T12:00:00+00:00,2025-02-13T12:15:00+00:00,191.51,190.4432297264355,193.11015541034672,1.0667702735644866,1.5,2025-02-13T13:00:00+00:00,190.4432297264355,SL,-1.0,0.2506324627092662,-1.2506324627092662,3,
SOL,RANGE_MEAN_REVERSION,LONG,4184,4185,2025-02-13T14:00:00+00:00,2025-02-13T14:15:00+00:00,189.6,188.48055053834696,191.27917419247956,1.1194494616530335,1.5,2025-02-13T14:45:00+00:00,191.27917419247956,TP,1.5000000000000127,0.23816655513955798,1.2618334448604547,2,
ADA,RANGE_MEAN_REVERSION,SHORT,4204,4205,2025-02-13T19:00:00+00:00,2025-02-13T19:15:00+00:00,0.8082,0.8170414608785196,0.7949378086822207,0.008841460878519558,1.5,2025-02-13T19:30:00+00:00,0.7949378086822207,TP,1.4999999999999938,0.12692432636375117,1.3730756736362426,1,
SUI,RANGE_MEAN_REVERSION,SHORT,4261,4262,2025-02-14T09:15:00+00:00,2025-02-14T09:30:00+00:00,3.5836,3.613107158788097,3.5393392618178545,0.029507158788097065,1.5,2025-02-14T09:45:00+00:00,3.613107158788097,SL,-1.0,0.17072789174076058,-1.1707278917407606,1,
DOGE,RANGE_MEAN_REVERSION,SHORT,4263,4264,2025-02-14T09:45:00+00:00,2025-02-14T10:00:00+00:00,0.27162,0.2740805762107479,0.2679291356838781,0.0024605762107479112,1.5,2025-02-14T10:00:00+00:00,0.2740805762107479,SL,-1.0,0.15524428858532066,-1.1552442885853207,0,True
FET,RANGE_MEAN_REVERSION,SHORT,4264,4265,2025-02-14T10:00:00+00:00,2025-02-14T10:15:00+00:00,0.8066,0.8122698851431109,0.7980951722853336,0.005669885143110953,1.5,2025-02-14T11:00:00+00:00,0.7980951722853336,TP,1.5,0.19811452829243884,1.3018854717075612,3,
AVAX,RANGE_MEAN_REVERSION,SHORT,4262,4263,2025-02-14T09:30:00+00:00,2025-02-14T09:45:00+00:00,26.281,26.450707604574582,26.026438593138124,0.16970760457458312,1.5,2025-02-14T11:30:00+00:00,26.026438593138124,TP,1.5,0.21575466289199216,1.2842453371080078,7,
SOL,RANGE_MEAN_REVERSION,SHORT,4264,4265,2025-02-14T10:00:00+00:00,2025-02-14T10:15:00+00:00,200.41,201.72458613557916,198.43812079663127,1.3145861355791624,1.5,2025-02-14T12:00:00+00:00,198.43812079663127,TP,1.4999999999999891,0.21238143093197812,1.287618569068011,7,
LINK,RANGE_MEAN_REVERSION,SHORT,4283,4284,2025-02-14T14:45:00+00:00,2025-02-14T15:00:00+00:00,19.453,19.687712537648142,19.100931193527785,0.23471253764814293,1.5,2025-02-14T15:15:00+00:00,19.100931193527785,TP,1.5,0.11498214840115074,1.3850178515988492,1,
UNI,RANGE_MEAN_REVERSION,SHORT,4296,4297,2025-02-14T18:00:00+00:00,2025-02-14T18:15:00+00:00,10.316,10.407750707763007,10.178373938355492,0.09175070776300664,1.5,2025-02-14T18:30:00+00:00,10.178373938355492,TP,1.4999999999999902,0.1563591399633115,1.3436408600366787,1,
BNB,RANGE_MEAN_REVERSION,LONG,4314,4315,2025-02-14T22:30:00+00:00,2025-02-14T22:45:00+00:00,654.14,648.7362177125899,662.2456734311152,5.403782287410081,1.5,2025-02-15T02:30:00+00:00,662.2456734311152,TP,1.5000000000000104,0.17052314885976314,1.3294768511402473,15,
XRP,RANGE_MEAN_REVERSION,SHORT,4329,4330,2025-02-15T02:15:00+00:00,2025-02-15T02:30:00+00:00,2.8144,2.8449197569443063,2.7686203645835405,0.03051975694430631,1.5,2025-02-15T06:15:00+00:00,2.7686203645835405,TP,1.5,0.1280519455754567,1.3719480544245433,15,
FET,RANGE_MEAN_REVERSION,LONG,4354,4355,2025-02-15T08:30:00+00:00,2025-02-15T08:45:00+00:00,0.7776,0.7708921019619575,0.7876618470570638,0.0067078980380425035,1.5,2025-02-15T11:30:00+00:00,0.7708921019619575,SL,-1.0,0.16159227007119006,-1.16159227007119,11,
AVAX,RANGE_MEAN_REVERSION,LONG,4377,4378,2025-02-15T14:15:00+00:00,2025-02-15T14:30:00+00:00,25.728,25.578397247351923,25.95240412897212,0.14960275264807876,1.5,2025-02-15T14:30:00+00:00,25.578397247351923,SL,-1.0,0.24006562337546383,-1.2400656233754639,0,True
ADA,RANGE_MEAN_REVERSION,LONG,4378,4379,2025-02-15T14:30:00+00:00,2025-02-15T14:45:00+00:00,0.7815,0.7759841228693001,0.7897738156960499,0.005515877130699898,1.5,2025-02-15T15:00:00+00:00,0.7897738156960499,TP,1.50000000000001,0.1994046721718169,1.300595327828193,1,
UNI,RANGE_MEAN_REVERSION,LONG,4378,4379,2025-02-15T14:30:00+00:00,2025-02-15T14:45:00+00:00,9.76,9.69698078120433,9.854528828193505,0.06301921879567018,1.5,2025-02-15T15:00:00+00:00,9.854528828193505,TP,1.5,0.21787274488840228,1.2821272551115976,1,
LINK,RANGE_MEAN_REVERSION,LONG,4378,4379,2025-02-15T14:30:00+00:00,2025-02-15T14:45:00+00:00,18.88,18.74910371509367,19.07634442735949,0.13089628490632776,1.5,2025-02-15T20:45:00+00:00,18.74910371509367,SL,-1.0,0.20123086472175522,-1.2012308647217553,24,
SUI,RANGE_MEAN_REVERSION,LONG,4378,4379,2025-02-15T14:30:00+00:00,2025-02-15T14:45:00+00:00,3.4015,3.365466886328763,3.455549670506856,0.03603311367123707,1.5,2025-02-16T00:30:00+00:00,3.455549670506856,TP,1.5000000000000062,0.13320899251585577,1.3667910074841505,39,
ETH,RANGE_MEAN_REVERSION,LONG,4378,4379,2025-02-15T14:30:00+00:00,2025-02-15T14:45:00+00:00,2679.48,2653.2614091504656,2718.8078862743014,26.218590849534394,1.5,2025-02-16T05:45:00+00:00,2718.8078862743014,TP,1.4999999999999913,0.14412679697692898,1.3558732030230622,60,
LINK,RANGE_MEAN_REVERSION,SHORT,4442,4443,2025-02-16T06:30:00+00:00,2025-02-16T06:45:00+00:00,19.176,19.31141904105851,18.97287143841223,0.13541904105851188,1.5,2025-02-16T07:00:00+00:00,18.97287143841223,TP,1.5,0.1971968624068915,1.3028031375931084,1,
BTC,RANGE_MEAN_REVERSION,LONG,4447,4448,2025-02-16T07:45:00+00:00,2025-02-16T08:00:00+00:00,97207.4,97072.52540422457,97409.71189366313,134.87459577542904,1.5,2025-02-16T09:00:00+00:00,97072.52540422457,SL,-1.0,1.0083140342410757,-2.0083140342410757,4,
BNB,RANGE_MEAN_REVERSION,LONG,4447,4448,2025-02-16T07:45:00+00:00,2025-02-16T08:00:00+00:00,654.16,652.2035769048716,657.0946346426924,1.9564230951283434,1.5,2025-02-16T09:30:00+00:00,657.0946346426924,TP,1.499999999999971,0.46916142348527673,1.0308385765146941,6,
FET,RANGE_MEAN_REVERSION,SHORT,4455,4456,2025-02-16T09:45:00+00:00,2025-02-16T10:00:00+00:00,0.7931,0.8009049026655186,0.7813926460017222,0.007804902665518587,1.5,2025-02-16T10:15:00+00:00,0.8009049026655186,SL,-1.0,0.14296186380329765,-1.1429618638032977,1,
BTC,RANGE_MEAN_REVERSION,LONG,4471,4472,2025-02-16T13:45:00+00:00,2025-02-16T14:00:00+00:00,96806.2,96636.71271773982,97060.43092339026,169.48728226017556,1.5,2025-02-16T14:00:00+00:00,96636.71271773982,SL,-1.0,0.7989392307002329,-1.798939230700233,0,True
DOGE,RANGE_MEAN_REVERSION,LONG,4471,4472,2025-02-16T13:45:00+00:00,2025-02-16T14:00:00+00:00,0.26605,0.2647734952236367,0.267964757164545,0.0012765047763633186,1.5,2025-02-16T14:00:00+00:00,0.2647734952236367,SL,-1.0,0.29108895911470345,-1.2910889591147034,0,True
SOL,RANGE_MEAN_REVERSION,LONG,4471,4472,2025-02-16T13:45:00+00:00,2025-02-16T14:00:00+00:00,190.56,189.40761307584455,192.28858038623318,1.1523869241554507,1.5,2025-02-16T14:30:00+00:00,189.40761307584455,SL,-1.0,0.23080557717020078,-1.2308055771702007,2,
CRV,RANGE_MEAN_REVERSION,LONG,4471,4472,2025-02-16T13:45:00+00:00,2025-02-16T14:00:00+00:00,0.5,0.49535356989469764,0.5069696451579535,0.004646430105302357,1.5,2025-02-16T14:45:00+00:00,0.5069696451579535,TP,1.499999999999994,0.1517032938483638,1.3482967061516302,3,
SUI,RANGE_MEAN_REVERSION,LONG,4472,4473,2025-02-16T14:00:00+00:00,2025-02-16T14:15:00+00:00,3.3197,3.300162835562238,3.349005746656643,0.01953716443776221,1.5,2025-02-16T14:45:00+00:00,3.349005746656643,TP,1.4999999999999887,0.23893406013602322,1.2610659398639654,2,
ADA,RANGE_MEAN_REVERSION,LONG,4472,4473,2025-02-16T14:00:00+00:00,2025-02-16T14:15:00+00:00,0.7651,0.7590338690548392,0.7741991964177413,0.006066130945160841,1.5,2025-02-16T15:15:00+00:00,0.7741991964177413,TP,1.5,0.1776271312362594,1.3223728687637406,4,
XRP,RANGE_MEAN_REVERSION,LONG,4473,4474,2025-02-16T14:15:00+00:00,2025-02-16T14:30:00+00:00,2.7144,2.6987672088505916,2.7378491867241124,0.0156327911494083,1.5,2025-02-16T17:00:00+00:00,2.7378491867241124,TP,1.5,0.24413902765222678,1.2558609723477732,10,
AVAX,RANGE_MEAN_REVERSION,LONG,4473,4474,2025-02-16T14:15:00+00:00,2025-02-16T14:30:00+00:00,24.964,24.78734327769352,25.22898508345972,0.176656722306479,1.5,2025-02-16T18:15:00+00:00,24.78734327769352,SL,-1.0,0.19713906065780212,-1.197139060657802,15,
DOGE,RANGE_MEAN_REVERSION,LONG,4489,4490,2025-02-16T18:15:00+00:00,2025-02-16T18:30:00+00:00,0.26407,0.2627318955186865,0.26607715672197035,0.0013381044813135512,1.5,2025-02-16T18:45:00+00:00,0.26607715672197035,TP,1.5,0.2773348530610149,1.222665146938985,1,
CRV,RANGE_MEAN_REVERSION,SHORT,4521,4522,2025-02-17T02:15:00+00:00,2025-02-17T02:30:00+00:00,0.523,0.5280603945673795,0.5154094081489308,0.0050603945673795,1.5,2025-02-17T03:00:00+00:00,0.5154094081489308,TP,1.5,0.14364227453525744,1.3563577254647425,2,
AVAX,RANGE_MEAN_REVERSION,LONG,4629,4630,2025-02-18T05:15:00+00:00,2025-02-18T05:30:00+00:00,24.325,24.117071661266465,24.636892508100303,0.20792833873353445,1.5,2025-02-18T05:45:00+00:00,24.117071661266465,SL,-1.0,0.1630823887182707,-1.1630823887182706,1,
LINK,RANGE_MEAN_REVERSION,LONG,4629,4630,2025-02-18T05:15:00+00:00,2025-02-18T05:30:00+00:00,18.521,18.38078233860638,18.73132649209043,0.14021766139362057,1.5,2025-02-18T05:45:00+00:00,18.38078233860638,SL,-1.0,0.1842224965121241,-1.1842224965121242,1,
CRV,RANGE_MEAN_REVERSION,LONG,4630,4631,2025-02-18T05:30:00+00:00,2025-02-18T05:45:00+00:00,0.5,0.4960720765299182,0.5058918852051227,0.003927923470081807,1.5,2025-02-18T05:45:00+00:00,0.4960720765299182,SL,-1.0,0.1775112114280631,-1.177511211428063,0,True
SUI,RANGE_MEAN_REVERSION,LONG,4629,4630,2025-02-18T05:15:00+00:00,2025-02-18T05:30:00+00:00,3.1263,3.0966136643081796,3.170829503537731,0.029686335691820442,1.5,2025-02-18T06:00:00+00:00,3.0966136643081796,SL,-1.0,0.14673550855978354,-1.1467355085597835,2,
DOGE,RANGE_MEAN_REVERSION,LONG,4631,4632,2025-02-18T05:45:00+00:00,2025-02-18T06:00:00+00:00,0.25231,0.2506352369784045,0.25482214453239316,0.0016747630215954712,1.5,2025-02-18T06:00:00+00:00,0.2506352369784045,SL,-1.0,0.21021581044313353,-1.2102158104431335,0,True
ETH,RANGE_MEAN_REVERSION,LONG,4631,4632,2025-02-18T05:45:00+00:00,2025-02-18T06:00:00+00:00,2676.31,2663.8201373640086,2695.044793953987,12.489862635991358,1.5,2025-02-18T06:00:00+00:00,2663.8201373640086,SL,-1.0,0.29929000863331773,-1.2992900086333177,0,True
FET,RANGE_MEAN_REVERSION,LONG,4631,4632,2025-02-18T05:45:00+00:00,2025-02-18T06:00:00+00:00,0.741,0.7351548853587331,0.7497676719619004,0.005845114641266913,1.5,2025-02-18T06:00:00+00:00,0.7351548853587331,SL,-1.0,0.17678154889484704,-1.176781548894847,0,True
XRP,RANGE_MEAN_REVERSION,LONG,4631,4632,2025-02-18T05:45:00+00:00,2025-02-18T06:00:00+00:00,2.6074,2.5925995169702905,2.6296007245445647,0.01480048302970971,1.5,2025-02-18T06:00:00+00:00,2.5925995169702905,SL,-1.0,0.24593789638976374,-1.2459378963897638,0,True
UNI,RANGE_MEAN_REVERSION,LONG,4633,4634,2025-02-18T06:15:00+00:00,2025-02-18T06:30:00+00:00,9.513,9.429517656980671,9.638223514528992,0.08348234301932855,1.5,2025-02-18T08:45:00+00:00,9.429517656980671,SL,-1.0,0.15883313620961087,-1.158833136209611,9,
XRP,RANGE_MEAN_REVERSION,SHORT,4751,4752,2025-02-19T11:45:00+00:00,2025-02-19T12:00:00+00:00,2.6132,2.6409648899774423,2.5715526650338365,0.02776488997744231,1.5,2025-02-19T16:15:00+00:00,2.6409648899774423,SL,-1.0,0.1324664144526539,-1.132466414452654,17,
XRP,RANGE_MEAN_REVERSION,SHORT,4799,4800,2025-02-19T23:45:00+00:00,2025-02-20T00:00:00+00:00,2.7356,2.7584599912745453,2.7013100130881815,0.02285999127454552,1.5,2025-02-20T01:15:00+00:00,2.7013100130881815,TP,1.5,0.16648462212667187,1.3335153778733282,5,
SUI,RANGE_MEAN_REVERSION,SHORT,4817,4818,2025-02-20T04:15:00+00:00,2025-02-20T04:30:00+00:00,3.3223,3.3612870257195393,3.263819461420691,0.03898702571953949,1.5,2025-02-20T08:00:00+00:00,3.263819461420691,TP,1.4999999999999942,0.11825173985210942,1.3817482601478848,14,
ETH,RANGE_MEAN_REVERSION,SHORT,4856,4857,2025-02-20T14:00:00+00:00,2025-02-20T14:15:00+00:00,2758.46,2772.249848575206,2737.775227137191,13.789848575206179,1.5,2025-02-20T14:45:00+00:00,2737.775227137191,TP,1.4999999999999836,0.2789997756692923,1.2210002243306912,2,
BTC,RANGE_MEAN_REVERSION,SHORT,4857,4858,2025-02-20T14:15:00+00:00,2025-02-20T14:30:00+00:00,97752.8,98071.13931576755,97275.29102634868,318.3393157675455,1.5,2025-02-20T14:45:00+00:00,97275.29102634868,TP,1.5,0.4288495229980707,1.0711504770019293,1,
ETH,RANGE_MEAN_REVERSION,SHORT,4933,4934,2025-02-21T09:15:00+00:00,2025-02-21T09:30:00+00:00,2792.65,2823.192038007564,2746.8369429886543,30.54203800756386,1.5,2025-02-21T13:00:00+00:00,2823.192038007564,SL,-1.0,0.12871077645937526,-1.1287107764593753,14,
BNB,RANGE_MEAN_REVERSION,SHORT,4937,4938,2025-02-21T10:15:00+00:00,2025-02-21T10:30:00+00:00,662.58,666.1645615332695,657.2031577000957,3.5845615332694933,1.5,2025-02-21T13:00:00+00:00,666.1645615332695,SL,-1.0,0.2594797674528749,-1.2594797674528748,10,
BTC,RANGE_MEAN_REVERSION,SHORT,4949,4950,2025-02-21T13:15:00+00:00,2025-02-21T13:30:00+00:00,99161.4,99504.92060074452,98646.11909888321,343.5206007445231,1.5,2025-02-21T14:30:00+00:00,98646.11909888321,TP,1.5,0.4030770296428164,1.0969229703571837,4,
ADA,RANGE_MEAN_REVERSION,SHORT,4951,4952,2025-02-21T13:45:00+00:00,2025-02-21T14:00:00+00:00,0.8156,0.8212163525104347,0.807175471234348,0.005616352510434686,1.5,2025-02-21T14:30:00+00:00,0.807175471234348,TP,1.5,0.20225632699399873,1.2977436730060012,2,
CRV,RANGE_MEAN_REVERSION,SHORT,4933,4934,2025-02-21T09:15:00+00:00,2025-02-21T09:30:00+00:00,0.542,0.5526202558830211,0.5260696161754684,0.010620255883021068,1.5,2025-02-21T15:15:00+00:00,0.5260696161754684,TP,1.5,0.0703983726529713,1.4296016273470287,23,
BNB,RANGE_MEAN_REVERSION,SHORT,5014,5015,2025-02-22T05:30:00+00:00,2025-02-22T05:45:00+00:00,658.56,661.1127822275769,654.7308266586346,2.5527822275769267,1.5,2025-02-22T07:30:00+00:00,654.7308266586346,TP,1.5,0.36011829318227323,1.1398817068177267,7,
ETH,RANGE_MEAN_REVERSION,SHORT,5031,5032,2025-02-22T09:45:00+00:00,2025-02-22T10:00:00+00:00,2713.72,2724.0388997385085,2698.241650392237,10.318899738508662,1.5,2025-02-22T10:00:00+00:00,2724.0388997385085,SL,-1.0,0.3688795633522726,-1.3688795633522726,0,True
ETH,RANGE_MEAN_REVERSION,SHORT,5055,5056,2025-02-22T15:45:00+00:00,2025-02-22T16:00:00+00:00,2774.61,2792.717138322325,2747.449292516513,18.107138322324772,1.5,2025-02-22T16:00:00+00:00,2792.717138322325,SL,-1.0,0.21522611289829016,-1.2152261128982902,0,True
LINK,RANGE_MEAN_REVERSION,SHORT,5057,5058,2025-02-22T16:15:00+00:00,2025-02-22T16:30:00+00:00,17.799,17.900620109882542,17.646569835176187,0.10162010988254266,1.5,2025-02-22T17:15:00+00:00,17.900620109882542,SL,-1.0,0.2459132754904723,-1.2459132754904723,3,
BNB,RANGE_MEAN_REVERSION,SHORT,5060,5061,2025-02-22T17:00:00+00:00,2025-02-22T17:15:00+00:00,660.23,662.9740878603203,656.1138682095195,2.744087860320292,1.5,2025-02-22T17:15:00+00:00,662.9740878603203,SL,-1.0,0.33754125547354463,-1.3375412554735446,0,True
SUI,RANGE_MEAN_REVERSION,SHORT,5053,5054,2025-02-22T15:15:00+00:00,2025-02-22T15:30:00+00:00,3.4269,3.4598569837872826,3.377464524319076,0.032956983787282734,1.5,2025-02-23T00:45:00+00:00,3.4598569837872826,SL,-1.0,0.1462733944272927,-1.1462733944272927,37,
BTC,RANGE_MEAN_REVERSION,SHORT,5043,5044,2025-02-22T12:45:00+00:00,2025-02-22T13:00:00+00:00,96781.0,97079.40700241488,96333.38949637767,298.4070024148823,1.5,2025-02-23T01:45:00+00:00,96333.38949637767,TP,1.5000000000000244,0.4530056987721766,1.0469943012278478,51,
XRP,RANGE_MEAN_REVERSION,LONG,5089,5090,2025-02-23T00:15:00+00:00,2025-02-23T00:30:00+00:00,2.5603,2.5374275152275483,2.5946087271586773,0.022872484772451518,1.5,2025-02-23T07:30:00+00:00,2.5946087271586773,TP,1.5000000000000098,0.1577631877301416,1.3422368122698682,28,
ETH,RANGE_MEAN_REVERSION,SHORT,5117,5118,2025-02-23T07:15:00+00:00,2025-02-23T07:30:00+00:00,2808.2,2827.324391504922,2779.5134127426163,19.124391504922187,1.5,2025-02-23T07:30:00+00:00,2827.324391504922,SL,-1.0,0.20627412239694662,-1.2062741223969466,0,True
CRV,RANGE_MEAN_REVERSION,SHORT,5119,5120,2025-02-23T07:45:00+00:00,2025-02-23T08:00:00+00:00,0.518,0.5234022352382142,0.5098966471426788,0.005402235238214148,1.5,2025-02-23T08:15:00+00:00,0.5234022352382142,SL,-1.0,0.1349407296280075,-1.1349407296280074,1,
SOL,RANGE_MEAN_REVERSION,SHORT,5119,5120,2025-02-23T07:45:00+00:00,2025-02-23T08:00:00+00:00,172.79,173.35089758160717,171.94865362758924,0.5608975816071791,1.5,2025-02-23T08:30:00+00:00,171.94865362758924,TP,1.4999999999999747,0.43023372796126136,1.0697662720387133,2,
LINK,RANGE_MEAN_REVERSION,SHORT,5120,5121,2025-02-23T08:00:00+00:00,2025-02-23T08:15:00+00:00,18.09,18.171939958165552,17.967090062751673,0.08193995816555244,1.5,2025-02-23T08:45:00+00:00,17.967090062751673,TP,1.4999999999999782,0.30802997229911994,1.1919700277008582,2,
SOL,RANGE_MEAN_REVERSION,LONG,5135,5136,2025-02-23T11:45:00+00:00,2025-02-23T12:00:00+00:00,169.51,168.64347827338867,170.80978258991698,0.8665217266113245,1.5,2025-02-23T12:15:00+00:00,168.64347827338867,SL,-1.0,0.2731696477098795,-1.2731696477098795,1,
SOL,RANGE_MEAN_REVERSION,LONG,5151,5152,2025-02-23T15:45:00+00:00,2025-02-23T16:00:00+00:00,166.69,166.0323090504509,167.67653642432367,0.6576909495491066,1.5,2025-02-23T16:45:00+00:00,167.67653642432367,TP,1.5000000000000215,0.35587622979681993,1.1441237702032017,3,
AVAX,RANGE_MEAN_REVERSION,LONG,5152,5153,2025-02-23T16:00:00+00:00,2025-02-23T16:15:00+00:00,24.481,24.366184887608764,24.653222668586857,0.11481511239123776,1.5,2025-02-23T16:45:00+00:00,24.653222668586857,TP,1.4999999999999845,0.2995594843892311,1.2004405156107534,2,
ADA,RANGE_MEAN_REVERSION,LONG,5151,5152,2025-02-23T15:45:00+00:00,2025-02-23T16:00:00+00:00,0.761,0.7565811376586636,0.7676282935120046,0.0044188623413363715,1.5,2025-02-23T17:45:00+00:00,0.7676282935120046,TP,1.5,0.24215278114656025,1.2578472188534398,7,
SUI,RANGE_MEAN_REVERSION,LONG,5818,5819,2025-03-02T14:30:00+00:00,2025-03-02T14:45:00+00:00,2.8057,2.78375915130312,2.8386112730453195,0.021940848696879733,1.5,2025-03-02T15:15:00+00:00,2.8386112730453195,TP,1.5,0.18007589158087622,1.3199241084191238,2,
XRP,RANGE_MEAN_REVERSION,LONG,5882,5883,2025-03-03T06:30:00+00:00,2025-03-03T06:45:00+00:00,2.7083,2.662855354965728,2.776466967551408,0.045444645034272035,1.5,2025-03-03T06:45:00+00:00,2.662855354965728,SL,-1.0,0.08273381265582673,-1.0827338126558268,0,True
BNB,RANGE_MEAN_REVERSION,LONG,5883,5884,2025-03-03T06:45:00+00:00,2025-03-03T07:00:00+00:00,601.25,596.4396343411668,608.4655484882499,4.810365658833234,1.5,2025-03-03T08:45:00+00:00,596.4396343411668,SL,-1.0,0.174286697415466,-1.174286697415466,7,
ADA,RANGE_MEAN_REVERSION,LONG,5956,5957,2025-03-04T01:00:00+00:00,2025-03-04T01:15:00+00:00,0.8167,0.7959217797618957,0.8478673303571564,0.020778220238104272,1.5,2025-03-04T01:30:00+00:00,0.7959217797618957,SL,-1.0,0.05432781214645157,-1.0543278121464517,1,
ADA,RANGE_MEAN_REVERSION,SHORT,6022,6023,2025-03-04T17:30:00+00:00,2025-03-04T17:45:00+00:00,0.9291,0.9691919703660606,0.8689620444509092,0.0400919703660606,1.5,2025-03-05T00:00:00+00:00,0.9691919703660606,SL,-1.0,0.033143903058980774,-1.0331439030589809,25,
LINK,RANGE_MEAN_REVERSION,SHORT,6081,6082,2025-03-05T08:15:00+00:00,2025-03-05T08:30:00+00:00,15.583,15.804066517334405,15.251400223998392,0.22106651733440508,1.5,2025-03-05T08:30:00+00:00,15.804066517334405,SL,-1.0,0.09938613421452176,-1.0993861342145217,0,True
SOL,RANGE_MEAN_REVERSION,SHORT,6090,6091,2025-03-05T10:30:00+00:00,2025-03-05T10:45:00+00:00,148.96,150.55831158706468,146.562532619403,1.5983115870646714,1.5,2025-03-05T12:00:00+00:00,146.562532619403,TP,1.5000000000000089,0.12942768763473392,1.3705723123652749,5,
BNB,RANGE_MEAN_REVERSION,SHORT,6151,6152,2025-03-06T01:45:00+00:00,2025-03-06T02:00:00+00:00,602.25,607.0669285201969,595.0246072197046,4.816928520196939,1.5,2025-03-06T05:00:00+00:00,607.0669285201969,SL,-1.0,0.1757389270807631,-1.1757389270807632,12,
DOGE,RANGE_MEAN_REVERSION,SHORT,6164,6165,2025-03-06T05:00:00+00:00,2025-03-06T05:15:00+00:00,0.21418,0.21713170226663703,0.2097524466000445,0.0029517022666370185,1.5,2025-03-06T05:15:00+00:00,0.21713170226663703,SL,-1.0,0.1022861265511824,-1.1022861265511823,0,True
XRP,RANGE_MEAN_REVERSION,SHORT,6178,6179,2025-03-06T08:30:00+00:00,2025-03-06T08:45:00+00:00,2.5659,2.5890287082267713,2.531206937659843,0.023128708226771266,1.5,2025-03-06T08:45:00+00:00,2.5890287082267713,SL,-1.0,0.15601606714818567,-1.1560160671481856,0,True
LINK,RANGE_MEAN_REVERSION,SHORT,6153,6154,2025-03-06T02:15:00+00:00,2025-03-06T02:30:00+00:00,17.13,17.426365066232513,16.68545240065123,0.29636506623251435,1.5,2025-03-06T10:00:00+00:00,17.426365066232513,SL,-1.0,0.08162046847783616,-1.081620468477836,30,
FET,RANGE_MEAN_REVERSION,SHORT,6189,6190,2025-03-06T11:15:00+00:00,2025-03-06T11:30:00+00:00,0.6524,0.6581509994365928,0.6437735008451106,0.005750999436592852,1.5,2025-03-06T12:00:00+00:00,0.6437735008451106,TP,1.5000000000000095,0.1577676124985182,1.3422323875014914,2,
UNI,RANGE_MEAN_REVERSION,LONG,6195,6196,2025-03-06T12:45:00+00:00,2025-03-06T13:00:00+00:00,7.355,7.2850909593209865,7.459863561018521,0.06990904067901393,1.5,2025-03-06T13:45:00+00:00,7.2850909593209865,SL,-1.0,0.14659139321591444,-1.1465913932159144,3,
UNI,RANGE_MEAN_REVERSION,LONG,6215,6216,2025-03-06T17:45:00+00:00,2025-03-06T18:00:00+00:00,7.086,7.006130620140153,7.205804069789771,0.0798693798598471,1.5,2025-03-06T19:30:00+00:00,7.205804069789771,TP,1.5,0.12525780050387372,1.3747421994961262,6,
DOGE,RANGE_MEAN_REVERSION,SHORT,6285,6286,2025-03-07T11:15:00+00:00,2025-03-07T11:30:00+00:00,0.20466,0.2062936727249067,0.20220949091263996,0.001633672724906693,1.5,2025-03-07T12:30:00+00:00,0.20220949091263996,TP,1.5000000000000084,0.17433641346684955,1.325663586533159,4,
CRV,RANGE_MEAN_REVERSION,LONG,6370,6371,2025-03-08T08:30:00+00:00,2025-03-08T08:45:00+00:00,0.41,0.4072017985915687,0.41419730211264694,0.002798201408431289,1.5,2025-03-08T09:45:00+00:00,0.4072017985915687,SL,-1.0,0.2044317672382248,-1.2044317672382248,4,
ETH,RANGE_MEAN_REVERSION,SHORT,6390,6391,2025-03-08T13:30:00+00:00,2025-03-08T13:45:00+00:00,2185.62,2205.6794397384756,2155.5308403922863,20.059439738475703,1.5,2025-03-08T17:15:00+00:00,2205.6794397384756,SL,-1.0,0.15324005295725754,-1.1532400529572575,14,
SUI,RANGE_MEAN_REVERSION,LONG,6401,6402,2025-03-08T16:15:00+00:00,2025-03-08T16:30:00+00:00,2.4952,2.473837804090538,2.527243293864193,0.021362195909461867,1.5,2025-03-08T17:30:00+00:00,2.527243293864193,TP,1.5,0.1645762598847685,1.3354237401152316,4,
CRV,RANGE_MEAN_REVERSION,SHORT,6411,6412,2025-03-08T18:45:00+00:00,2025-03-08T19:00:00+00:00,0.429,0.4326268203731351,0.42355976944029733,0.003626820373135109,1.5,2025-03-08T19:45:00+00:00,0.4326268203731351,SL,-1.0,0.16629959915545175,-1.1662995991554517,3,
BNB,RANGE_MEAN_REVERSION,LONG,6439,6440,2025-03-09T01:45:00+00:00,2025-03-09T02:00:00+00:00,588.61,587.0371646773483,590.9692529839776,1.5728353226517129,1.5,2025-03-09T03:00:00+00:00,587.0371646773483,SL,-1.0,0.5232289759913905,-1.5232289759913904,4,
FET,RANGE_MEAN_REVERSION,SHORT,6368,6369,2025-03-08T08:00:00+00:00,2025-03-08T08:15:00+00:00,0.6076,0.625660371118259,0.5805094433226116,0.018060371118258978,1.5,2025-03-09T06:00:00+00:00,0.5805094433226116,TP,1.5,0.046049807331201835,1.453950192668798,87,
BNB,RANGE_MEAN_REVERSION,LONG,6457,6458,2025-03-09T06:15:00+00:00,2025-03-09T06:30:00+00:00,584.7,582.5937384974962,587.8593922537557,2.1062615025037985,1.5,2025-03-09T09:00:00+00:00,582.5937384974962,SL,-1.0,0.3879412010222476,-1.3879412010222476,10,
BTC,RANGE_MEAN_REVERSION,LONG,6472,6473,2025-03-09T10:00:00+00:00,2025-03-09T10:15:00+00:00,85441.0,85196.37353301456,85807.93970047816,244.62646698544268,1.5,2025-03-09T10:15:00+00:00,85196.37353301456,SL,-1.0,0.48827979631581825,-1.4882797963158183,0,True
DOGE,RANGE_MEAN_REVERSION,LONG,6472,6473,2025-03-09T10:00:00+00:00,2025-03-09T10:15:00+00:00,0.18754,0.18628811800595127,0.18941782299107313,0.0012518819940487425,1.5,2025-03-09T10:15:00+00:00,0.18628811800595127,SL,-1.0,0.20902903296648687,-1.2090290329664868,0,True
XRP,RANGE_MEAN_REVERSION,LONG,6472,6473,2025-03-09T10:00:00+00:00,2025-03-09T10:15:00+00:00,2.276,2.256888237899099,2.304667643151351,0.01911176210090071,1.5,2025-03-09T10:15:00+00:00,2.256888237899099,SL,-1.0,0.16602455334978397,-1.166024553349784,0,True
ADA,RANGE_MEAN_REVERSION,LONG,6472,6473,2025-03-09T10:00:00+00:00,2025-03-09T10:15:00+00:00,0.7875,0.7785285672930743,0.8009571490603885,0.008971432706925686,1.5,2025-03-09T10:30:00+00:00,0.7785285672930743,SL,-1.0,0.1221900707407527,-1.1221900707407526,1,
BNB,RANGE_MEAN_REVERSION,LONG,6473,6474,2025-03-09T10:15:00+00:00,2025-03-09T10:30:00+00:00,581.66,579.9439061619462,584.2341407570807,1.71609383805378,1.5,2025-03-09T10:30:00+00:00,579.9439061619462,SL,-1.0,0.4738218367100041,-1.473821836710004,0,True
CRV,RANGE_MEAN_REVERSION,LONG,6473,6474,2025-03-09T10:15:00+00:00,2025-03-09T10:30:00+00:00,0.405,0.40241671334560275,0.4088749299815959,0.0025832866543972766,1.5,2025-03-09T10:30:00+00:00,0.40241671334560275,SL,-1.0,0.21878783695175727,-1.2187878369517573,0,True
LINK,RANGE_MEAN_REVERSION,LONG,6473,6474,2025-03-09T10:15:00+00:00,2025-03-09T10:30:00+00:00,14.827,14.721634926450074,14.985047610324889,0.10536507354992608,1.5,2025-03-09T10:45:00+00:00,14.721634926450074,SL,-1.0,0.1963083567603087,-1.1963083567603088,1,
SUI,RANGE_MEAN_REVERSION,LONG,6473,6474,2025-03-09T10:15:00+00:00,2025-03-09T10:30:00+00:00,2.4264,2.403083130548339,2.461375304177492,0.023316869451661226,1.5,2025-03-09T10:45:00+00:00,2.403083130548339,SL,-1.0,0.14498679586435567,-1.1449867958643556,1,
ETH,RANGE_MEAN_REVERSION,LONG,6474,6475,2025-03-09T10:30:00+00:00,2025-03-09T10:45:00+00:00,2143.86,2133.776062818063,2158.9859057729054,10.083937181937017,1.5,2025-03-09T10:45:00+00:00,2133.776062818063,SL,-1.0,0.2969420762890415,-1.2969420762890416,0,True
SOL,RANGE_MEAN_REVERSION,LONG,6474,6475,2025-03-09T10:30:00+00:00,2025-03-09T10:45:00+00:00,136.44,135.6344523402878,137.6483214895683,0.8055476597122038,1.5,2025-03-09T10:45:00+00:00,135.6344523402878,SL,-1.0,0.23642563458783292,-1.2364256345878328,0,True
UNI,RANGE_MEAN_REVERSION,LONG,6474,6475,2025-03-09T10:30:00+00:00,2025-03-09T10:45:00+00:00,6.897,6.858951380028466,6.954072929957302,0.038048619971534414,1.5,2025-03-09T10:45:00+00:00,6.858951380028466,SL,-1.0,0.2530753013702958,-1.2530753013702958,0,True
BTC,RANGE_MEAN_REVERSION,LONG,6480,6481,2025-03-09T12:00:00+00:00,2025-03-09T12:15:00+00:00,84386.0,83962.8128031522,85020.78079527168,423.18719684779353,1.5,2025-03-09T13:45:00+00:00,83962.8128031522,SL,-1.0,0.2784681810791908,-1.278468181079191,6,
BNB,RANGE_MEAN_REVERSION,LONG,6488,6489,2025-03-09T14:00:00+00:00,2025-03-09T14:15:00+00:00,568.84,566.4896563938818,572.3655154091774,2.3503436061182583,1.5,2025-03-09T15:00:00+00:00,572.3655154091774,TP,1.5,0.339883861537065,1.160116138462935,3,
SUI,RANGE_MEAN_REVERSION,LONG,6495,6496,2025-03-09T15:45:00+00:00,2025-03-09T16:00:00+00:00,2.3427,2.3223519651717974,2.373222052242303,0.020348034828202355,1.5,2025-03-09T16:15:00+00:00,2.3223519651717974,SL,-1.0,0.16048411569918425,-1.1604841156991843,1,
SOL,RANGE_MEAN_REVERSION,LONG,6495,6496,2025-03-09T15:45:00+00:00,2025-03-09T16:00:00+00:00,130.1,129.072790672993,131.64081399051048,1.0272093270070002,1.5,2025-03-09T16:30:00+00:00,129.072790672993,SL,-1.0,0.17661536816425222,-1.1766153681642522,2,
AVAX,RANGE_MEAN_REVERSION,LONG,6498,6499,2025-03-09T16:30:00+00:00,2025-03-09T16:45:00+00:00,18.939,18.74345328560248,19.232320071596277,0.19554671439751914,1.5,2025-03-09T16:45:00+00:00,18.74345328560248,SL,-1.0,0.1348921529118588,-1.1348921529118587,0,True
CRV,RANGE_MEAN_REVERSION,LONG,6498,6499,2025-03-09T16:30:00+00:00,2025-03-09T16:45:00+00:00,0.385,0.3799834413627565,0.39252483795586524,0.0050165586372434845,1.5,2025-03-09T17:00:00+00:00,0.3799834413627565,SL,-1.0,0.10674417417916827,-1.1067441741791684,1,
LINK,RANGE_MEAN_REVERSION,LONG,6498,6499,2025-03-09T16:30:00+00:00,2025-03-09T16:45:00+00:00,14.118,13.932254252179614,14.396618621730578,0.1857457478203859,1.5,2025-03-09T17:00:00+00:00,13.932254252179614,SL,-1.0,0.10570997294383681,-1.1057099729438369,1,
SOL,RANGE_MEAN_REVERSION,SHORT,6968,6969,2025-03-14T14:00:00+00:00,2025-03-14T14:15:00+00:00,128.65,130.18053703438804,126.35419444841796,1.5305370343880327,1.5,2025-03-14T14:30:00+00:00,130.18053703438804,SL,-1.0,0.11837764905604842,-1.1183776490560484,1,
BTC,RANGE_MEAN_REVERSION,SHORT,6972,6973,2025-03-14T15:00:00+00:00,2025-03-14T15:15:00+00:00,84220.4,84748.08086367854,83428.87870448218,527.6808636785427,1.5,2025-03-14T15:15:00+00:00,84748.08086367854,SL,-1.0,0.2241467234192305,-1.2241467234192305,0,True
ADA,RANGE_MEAN_REVERSION,SHORT,6974,6975,2025-03-14T15:30:00+00:00,2025-03-14T15:45:00+00:00,0.7478,0.7547632216896959,0.7373551674654562,0.006963221689695875,1.5,2025-03-14T16:00:00+00:00,0.7373551674654562,TP,1.500000000000008,0.1492999452773742,1.3507000547226338,1,
CRV,RANGE_MEAN_REVERSION,SHORT,6973,6974,2025-03-14T15:15:00+00:00,2025-03-14T15:30:00+00:00,0.415,0.4196123700218063,0.4080814449672905,0.004612370021806311,1.5,2025-03-14T16:30:00+00:00,0.4080814449672905,TP,1.500000000000006,0.1249156092753085,1.3750843907246975,4,
XRP,RANGE_MEAN_REVERSION,SHORT,6973,6974,2025-03-14T15:15:00+00:00,2025-03-14T15:30:00+00:00,2.376,2.4005472476130434,2.339179128580435,0.0245472476130435,1.5,2025-03-14T17:45:00+00:00,2.339179128580435,TP,1.499999999999991,0.13446010086493257,1.3655398991350582,9,
XRP,RANGE_MEAN_REVERSION,SHORT,7021,7022,2025-03-15T03:15:00+00:00,2025-03-15T03:30:00+00:00,2.4213,2.4380846518727144,2.3961230221909284,0.016784651872714385,1.5,2025-03-15T04:00:00+00:00,2.4380846518727144,SL,-1.0,0.20265950596452875,-1.2026595059645286,2,
DOGE,RANGE_MEAN_REVERSION,SHORT,7061,7062,2025-03-15T13:15:00+00:00,2025-03-15T13:30:00+00:00,0.17577,0.17655981595657105,0.17458527606514346,0.0007898159565710439,1.5,2025-03-15T13:30:00+00:00,0.17655981595657105,SL,-1.0,0.312263723108784,-1.312263723108784,0,True
BNB,RANGE_MEAN_REVERSION,SHORT,7072,7073,2025-03-15T16:00:00+00:00,2025-03-15T16:15:00+00:00,603.34,605.74577646515,599.731335302275,2.405776465149984,1.5,2025-03-15T16:15:00+00:00,605.74577646515,SL,-1.0,0.3518032767324624,-1.3518032767324624,0,True
CRV,RANGE_MEAN_REVERSION,SHORT,7077,7078,2025-03-15T17:15:00+00:00,2025-03-15T17:30:00+00:00,0.418,0.42081138877521373,0.4137829168371794,0.0028113887752137523,1.5,2025-03-15T18:15:00+00:00,0.4137829168371794,TP,1.4999999999999902,0.20710335294760387,1.2928966470523864,3,
AVAX,RANGE_MEAN_REVERSION,SHORT,7090,7091,2025-03-15T20:30:00+00:00,2025-03-15T20:45:00+00:00,19.048,19.250630630359147,18.744054054461273,0.20263063035914897,1.5,2025-03-15T20:45:00+00:00,19.250630630359147,SL,-1.0,0.1323049797246063,-1.1323049797246063,0,True
CRV,RANGE_MEAN_REVERSION,SHORT,7091,7092,2025-03-15T20:45:00+00:00,2025-03-15T21:00:00+00:00,0.421,0.4248769470555377,0.4151845794166934,0.003876947055537705,1.5,2025-03-16T01:45:00+00:00,0.4151845794166934,TP,1.500000000000007,0.1509768374978503,1.349023162502157,19,
BTC,RANGE_MEAN_REVERSION,LONG,7112,7113,2025-03-16T02:00:00+00:00,2025-03-16T02:15:00+00:00,83760.0,83601.10110085695,83998.34834871459,158.8988991430524,1.5,2025-03-16T02:30:00+00:00,83998.34834871459,TP,1.5000000000000457,0.7390286809877794,0.7609713190122663,1,
ETH,RANGE_MEAN_REVERSION,LONG,7111,7112,2025-03-16T01:45:00+00:00,2025-03-16T02:00:00+00:00,1921.45,1915.033006980939,1931.0754895285916,6.41699301906101,1.5,2025-03-16T05:15:00+00:00,1931.0754895285916,TP,1.5,0.4202541337756712,1.0797458662243287,13,
ADA,RANGE_MEAN_REVERSION,LONG,7143,7144,2025-03-16T09:45:00+00:00,2025-03-16T10:00:00+00:00,0.7269,0.7223281139884077,0.7337578290173885,0.004571886011592308,1.5,2025-03-16T10:45:00+00:00,0.7223281139884077,SL,-1.0,0.22189085143847823,-1.2218908514384783,3,
ETH,RANGE_MEAN_REVERSION,LONG,7143,7144,2025-03-16T09:45:00+00:00,2025-03-16T10:00:00+00:00,1907.0,1900.0628114863932,1917.40578277041,6.93718851360677,1.5,2025-03-16T11:00:00+00:00,1900.0628114863932,SL,-1.0,0.3841533155417918,-1.3841533155417918,4,
BNB,RANGE_MEAN_REVERSION,LONG,7145,7146,2025-03-16T10:15:00+00:00,2025-03-16T10:30:00+00:00,599.38,597.2840381974235,602.5239427038648,2.0959618025765394,1.5,2025-03-16T11:00:00+00:00,597.2840381974235,SL,-1.0,0.3996565327232899,-1.39965653272329,2,
AVAX,RANGE_MEAN_REVERSION,LONG,7146,7147,2025-03-16T10:30:00+00:00,2025-03-16T10:45:00+00:00,18.827,18.694563670095604,19.025654494856596,0.13243632990439735,1.5,2025-03-16T11:00:00+00:00,18.694563670095604,SL,-1.0,0.19832242850603812,-1.198322428506038,1,
BTC,RANGE_MEAN_REVERSION,LONG,7148,7149,2025-03-16T11:00:00+00:00,2025-03-16T11:15:00+00:00,83207.8,82925.00959139652,83631.98561290524,282.79040860348323,1.5,2025-03-16T11:15:00+00:00,82925.00959139652,SL,-1.0,0.41123377305571446,-1.4112337730557145,0,True
XRP,RANGE_MEAN_REVERSION,LONG,7149,7150,2025-03-16T11:15:00+00:00,2025-03-16T11:30:00+00:00,2.3161,2.3005801994472193,2.3393797008291712,0.015519800552780794,1.5,2025-03-16T11:30:00+00:00,2.3005801994472193,SL,-1.0,0.20822923133725527,-1.2082292313372553,0,True
ADA,RANGE_MEAN_REVERSION,LONG,7150,7151,2025-03-16T11:30:00+00:00,2025-03-16T11:45:00+00:00,0.7063,0.7012291392019805,0.7139062911970293,0.00507086079801955,1.5,2025-03-16T13:45:00+00:00,0.7012291392019805,SL,-1.0,0.19430042288405722,-1.1943004228840572,8,
LINK,RANGE_MEAN_REVERSION,LONG,7151,7152,2025-03-16T11:45:00+00:00,2025-03-16T12:00:00+00:00,13.512,13.410633344300074,13.66404998354989,0.10136665569992687,1.5,2025-03-16T13:45:00+00:00,13.410633344300074,SL,-1.0,0.1859175802030889,-1.185917580203089,7,
BNB,RANGE_MEAN_REVERSION,SHORT,7204,7205,2025-03-17T01:00:00+00:00,2025-03-17T01:15:00+00:00,611.27,613.835638857526,607.421541713711,2.5656388575259825,1.5,2025-03-17T01:15:00+00:00,613.835638857526,SL,-1.0,0.3342535698992404,-1.3342535698992404,0,True
CRV,RANGE_MEAN_REVERSION,SHORT,7227,7228,2025-03-17T06:45:00+00:00,2025-03-17T07:00:00+00:00,0.427,0.43165928566406636,0.42001107150390043,0.0046592856640663705,1.5,2025-03-17T07:00:00+00:00,0.43165928566406636,SL,-1.0,0.12900292948345923,-1.1290029294834592,0,True
CRV,RANGE_MEAN_REVERSION,SHORT,7231,7232,2025-03-17T07:45:00+00:00,2025-03-17T08:00:00+00:00,0.436,0.4418332597837203,0.42725011032441956,0.00583325978372029,1.5,2025-03-17T09:15:00+00:00,0.4418332597837203,SL,-1.0,0.10534131937060823,-1.1053413193706083,5,
DOGE,RANGE_MEAN_REVERSION,LONG,7299,7300,2025-03-18T00:45:00+00:00,2025-03-18T01:00:00+00:00,0.17099,0.16971101775937322,0.17290847336094017,0.0012789822406267803,1.5,2025-03-18T01:15:00+00:00,0.16971101775937322,SL,-1.0,0.18646913526702769,-1.1864691352670276,1,
XRP,RANGE_MEAN_REVERSION,LONG,7301,7302,2025-03-18T01:15:00+00:00,2025-03-18T01:30:00+00:00,2.3061,2.2889691277064106,2.3317963084403837,0.017130872293589228,1.5,2025-03-18T01:45:00+00:00,2.2889691277064106,SL,-1.0,0.18776325771795022,-1.1877632577179502,1,
ETH,RANGE_MEAN_REVERSION,LONG,7303,7304,2025-03-18T01:45:00+00:00,2025-03-18T02:00:00+00:00,1902.4,1893.8432003870228,1915.235199419466,8.55679961297733,1.5,2025-03-18T02:30:00+00:00,1915.235199419466,TP,1.4999999999999867,0.3123065585807013,1.1876934414192855,2,
SOL,RANGE_MEAN_REVERSION,LONG,7302,7303,2025-03-18T01:30:00+00:00,2025-03-18T01:45:00+00:00,125.09,124.15624127945846,126.49063808081232,0.9337587205415474,1.5,2025-03-18T03:00:00+00:00,124.15624127945846,SL,-1.0,0.18684952017843864,-1.1868495201784386,5,
UNI,RANGE_MEAN_REVERSION,LONG,7303,7304,2025-03-18T01:45:00+00:00,2025-03-18T02:00:00+00:00,6.176,6.135377434798554,6.23693384780217,0.04062256520144647,1.5,2025-03-18T05:15:00+00:00,6.23693384780217,TP,1.5000000000000109,0.21389721821782254,1.2861027817821884,13,
ADA,RANGE_MEAN_REVERSION,LONG,7303,7304,2025-03-18T01:45:00+00:00,2025-03-18T02:00:00+00:00,0.7061,0.7013806040208979,0.7131790939686531,0.004719395979102092,1.5,2025-03-18T06:15:00+00:00,0.7013806040208979,SL,-1.0,0.20876324580038286,-1.208763245800383,17,
BTC,RANGE_MEAN_REVERSION,LONG,7321,7322,2025-03-18T06:15:00+00:00,2025-03-18T06:30:00+00:00,82658.9,82380.52389498659,83076.4641575201,278.3761050134053,1.5,2025-03-18T06:30:00+00:00,82380.52389498659,SL,-1.0,0.4150054356171386,-1.4150054356171387,0,True
XRP,RANGE_MEAN_REVERSION,LONG,7323,7324,2025-03-18T06:45:00+00:00,2025-03-18T07:00:00+00:00,2.2511,2.2339759768432184,2.2767860347351725,0.017124023156781742,1.5,2025-03-18T07:00:00+00:00,2.2767860347351725,TP,1.4999999999999871,0.1850920309611573,1.31490796903883,0,True
ADA,RANGE_MEAN_REVERSION,LONG,7351,7352,2025-03-18T13:45:00+00:00,2025-03-18T14:00:00+00:00,0.6852,0.6778925613329175,0.6961611580006237,0.0073074386670825,1.5,2025-03-18T14:30:00+00:00,0.6961611580006237,TP,1.4999999999999925,0.13232445110435573,1.3676755488956367,2,
BTC,RANGE_MEAN_REVERSION,LONG,7351,7352,2025-03-18T13:45:00+00:00,2025-03-18T14:00:00+00:00,81330.3,80956.63570869289,81890.79643696066,373.66429130711185,1.5,2025-03-18T14:30:00+00:00,81890.79643696066,TP,1.4999999999999805,0.3057684937091496,1.1942315062908309,2,
DOGE,RANGE_MEAN_REVERSION,LONG,7351,7352,2025-03-18T13:45:00+00:00,2025-03-18T14:00:00+00:00,0.16338,0.16193333549640998,0.165549996755385,0.0014466645035900172,1.5,2025-03-18T14:30:00+00:00,0.165549996755385,TP,1.4999999999999905,0.15915991382755484,1.3408400861724357,2,
FET,RANGE_MEAN_REVERSION,SHORT,7390,7391,2025-03-18T23:30:00+00:00,2025-03-18T23:45:00+00:00,0.5121,0.5158048459296519,0.5065427311055222,0.003704845929651923,1.5,2025-03-19T00:00:00+00:00,0.5158048459296519,SL,-1.0,0.19421412005069744,-1.1942141200506975,1,
UNI,RANGE_MEAN_REVERSION,SHORT,7392,7393,2025-03-19T00:00:00+00:00,2025-03-19T00:15:00+00:00,6.387,6.423381715289304,6.332427427066042,0.03638171528930467,1.5,2025-03-19T00:15:00+00:00,6.423381715289304,SL,-1.0,0.24647730678434138,-1.2464773067843413,0,True
AVAX,RANGE_MEAN_REVERSION,SHORT,7390,7391,2025-03-18T23:30:00+00:00,2025-03-18T23:45:00+00:00,19.001,19.158878234357935,18.7641826484631,0.15787823435793413,1.5,2025-03-19T00:30:00+00:00,19.158878234357935,SL,-1.0,0.16919314351774767,-1.1691931435177476,3,
LINK,RANGE_MEAN_REVERSION,SHORT,7393,7394,2025-03-19T00:15:00+00:00,2025-03-19T00:30:00+00:00,14.001,14.082136884836377,13.879294672745434,0.08113688483637738,1.5,2025-03-19T01:15:00+00:00,13.879294672745434,TP,1.4999999999999891,0.24053433047471148,1.2594656695252777,3,
BNB,RANGE_MEAN_REVERSION,LONG,7396,7397,2025-03-19T01:00:00+00:00,2025-03-19T01:15:00+00:00,621.14,618.5339157572724,625.0491263640913,2.6060842427275475,1.5,2025-03-19T01:45:00+00:00,618.5339157572724,SL,-1.0,0.3329791596152986,-1.3329791596152987,2,
FET,RANGE_MEAN_REVERSION,SHORT,7408,7409,2025-03-19T04:00:00+00:00,2025-03-19T04:15:00+00:00,0.5211,0.52464203746838,0.5157869437974301,0.0035420374683799993,1.5,2025-03-19T07:00:00+00:00,0.5157869437974301,TP,1.4999999999999842,0.20491620067197236,1.2950837993280118,11,
ETH,RANGE_MEAN_REVERSION,SHORT,7434,7435,2025-03-19T10:30:00+00:00,2025-03-19T10:45:00+00:00,1969.0,1989.1293878219112,1938.8059182671332,20.129387821911223,1.5,2025-03-19T11:00:00+00:00,1989.1293878219112,SL,-1.0,0.13764405534774327,-1.1376440553477432,1,
BTC,RANGE_MEAN_REVERSION,SHORT,7438,7439,2025-03-19T11:30:00+00:00,2025-03-19T11:45:00+00:00,83964.5,84235.05093541308,83558.67359688038,270.55093541307724,1.5,2025-03-19T12:15:00+00:00,83558.67359688038,TP,1.5,0.43343491434902703,1.066565085650973,2,
SOL,RANGE_MEAN_REVERSION,SHORT,7437,7438,2025-03-19T11:15:00+00:00,2025-03-19T11:30:00+00:00,128.67,129.6368152962443,127.21977705563353,0.966815296244306,1.5,2025-03-19T12:30:00+00:00,127.21977705563353,TP,1.5,0.18527100743519956,1.3147289925648005,4,
ADA,RANGE_MEAN_REVERSION,SHORT,7437,7438,2025-03-19T11:15:00+00:00,2025-03-19T11:30:00+00:00,0.7223,0.7268922188860809,0.7154116716708787,0.004592218886080857,1.5,2025-03-19T13:00:00+00:00,0.7268922188860809,SL,-1.0,0.2209029182591962,-1.2209029182591962,6,
LINK,RANGE_MEAN_REVERSION,SHORT,7437,7438,2025-03-19T11:15:00+00:00,2025-03-19T11:30:00+00:00,14.384,14.52826516841567,14.167602247376497,0.14426516841566972,1.5,2025-03-19T13:00:00+00:00,14.52826516841567,SL,-1.0,0.14028740159632813,-1.140287401596328,6,
AVAX,RANGE_MEAN_REVERSION,SHORT,7438,7439,2025-03-19T11:30:00+00:00,2025-03-19T11:45:00+00:00,19.571,19.763096622394134,19.282855066408803,0.19209662239413205,1.5,2025-03-19T14:00:00+00:00,19.763096622394134,SL,-1.0,0.14333342925303286,-1.1433334292530328,9,
BNB,RANGE_MEAN_REVERSION,LONG,7442,7443,2025-03-19T12:30:00+00:00,2025-03-19T12:45:00+00:00,607.23,603.5812389266569,612.7031416100148,3.6487610733431666,1.5,2025-03-19T14:00:00+00:00,612.7031416100148,TP,1.5,0.2340392209744165,1.2659607790255836,5,
SUI,RANGE_MEAN_REVERSION,SHORT,7448,7449,2025-03-19T14:00:00+00:00,2025-03-19T14:15:00+00:00,2.4126,2.438850929657787,2.373223605513319,0.026250929657787303,1.5,2025-03-19T14:15:00+00:00,2.438850929657787,SL,-1.0,0.1293674431736945,-1.1293674431736944,0,True
BTC,RANGE_MEAN_REVERSION,SHORT,7455,7456,2025-03-19T15:45:00+00:00,2025-03-19T16:00:00+00:00,84693.3,85053.95981982187,84152.31027026719,360.65981982187077,1.5,2025-03-19T17:30:00+00:00,84152.31027026719,TP,1.5000000000000202,0.3277102707131662,1.172289729286854,6,
BNB,RANGE_MEAN_REVERSION,SHORT,7493,7494,2025-03-20T01:15:00+00:00,2025-03-20T01:30:00+00:00,624.61,627.8089594215237,619.8115608677144,3.198959421523682,1.5,2025-03-20T01:45:00+00:00,619.8115608677144,TP,1.5000000000000178,0.2723057650392116,1.2276942349608062,1,
CRV,RANGE_MEAN_REVERSION,LONG,7513,7514,2025-03-20T06:15:00+00:00,2025-03-20T06:30:00+00:00,0.453,0.45051596724227805,0.456726049136583,0.0024840327577219656,1.5,2025-03-20T06:30:00+00:00,0.45051596724227805,SL,-1.0,0.2546106427556159,-1.2546106427556158,0,True
SUI,RANGE_MEAN_REVERSION,SHORT,7523,7524,2025-03-20T08:45:00+00:00,2025-03-20T09:00:00+00:00,2.4751,2.499737694309735,2.438143458535397,0.02463769430973528,1.5,2025-03-20T10:15:00+00:00,2.438143458535397,TP,1.5,0.139593842578678,1.360406157421322,5,
SOL,RANGE_MEAN_REVERSION,LONG,7529,7530,2025-03-20T10:15:00+00:00,2025-03-20T10:30:00+00:00,131.18,130.11289319847245,132.78066020229136,1.067106801527558,1.5,2025-03-20T12:00:00+00:00,130.11289319847245,SL,-1.0,0.17140273586214905,-1.171402735862149,6,
CRV,RANGE_MEAN_REVERSION,LONG,7529,7530,2025-03-20T10:15:00+00:00,2025-03-20T10:30:00+00:00,0.444,0.43883020764433817,0.45175468853349277,0.00516979235566184,1.5,2025-03-20T13:30:00+00:00,0.45175468853349277,TP,1.5,0.12128693743119834,1.3787130625688016,12,
FET,RANGE_MEAN_REVERSION,LONG,7530,7531,2025-03-20T10:30:00+00:00,2025-03-20T10:45:00+00:00,0.5264,0.5224585829049243,0.5323121256426135,0.003941417095075672,1.5,2025-03-20T13:45:00+00:00,0.5323121256426135,TP,1.500000000000014,0.18802843496968213,1.3119715650303319,12,
AVAX,RANGE_MEAN_REVERSION,LONG,7529,7530,2025-03-20T10:15:00+00:00,2025-03-20T10:30:00+00:00,18.816,18.652955283842648,19.060567074236026,0.1630447161573514,1.5,2025-03-20T14:15:00+00:00,19.060567074236026,TP,1.5,0.1626154933250179,1.337384506674982,15,
ETH,RANGE_MEAN_REVERSION,LONG,7529,7530,2025-03-20T10:15:00+00:00,2025-03-20T10:30:00+00:00,1979.49,1964.6117781667735,2001.8073327498396,14.878221833226462,1.5,2025-03-20T14:15:00+00:00,2001.8073327498396,TP,1.4999999999999925,0.18731459741385803,1.3126854025861343,15,
ADA,RANGE_MEAN_REVERSION,SHORT,7546,7547,2025-03-20T14:30:00+00:00,2025-03-20T14:45:00+00:00,0.7469,0.7518780998404087,0.739432850239387,0.004978099840408645,1.5,2025-03-20T14:45:00+00:00,0.7518780998404087,SL,-1.0,0.21075203461611633,-1.2107520346161162,0,True
ETH,RANGE_MEAN_REVERSION,LONG,7554,7555,2025-03-20T16:30:00+00:00,2025-03-20T16:45:00+00:00,1956.29,1945.4567633211489,1972.5398550182767,10.833236678851108,1.5,2025-03-20T17:45:00+00:00,1972.5398550182767,TP,1.5000000000000104,0.2538651171428535,1.246134882857157,4,
XRP,RANGE_MEAN_REVERSION,LONG,7554,7555,2025-03-20T16:30:00+00:00,2025-03-20T16:45:00+00:00,2.4035,2.3806845075756997,2.437723238636451,0.022815492424300476,1.5,2025-03-20T18:00:00+00:00,2.437723238636451,TP,1.5000000000000098,0.14853311969002653,1.3514668803099832,5,
LINK,RANGE_MEAN_REVERSION,LONG,7555,7556,2025-03-20T16:45:00+00:00,2025-03-20T17:00:00+00:00,14.11,14.000981143009332,14.273528285486002,0.1090188569906676,1.5,2025-03-20T21:30:00+00:00,14.273528285486002,TP,1.5000000000000082,0.1822480105578525,1.3177519894421557,18,
SUI,RANGE_MEAN_REVERSION,LONG,7598,7599,2025-03-21T03:30:00+00:00,2025-03-21T03:45:00+00:00,2.3178,2.304597772657674,2.337603341013489,0.013202227342326012,1.5,2025-03-21T05:45:00+00:00,2.304597772657674,SL,-1.0,0.24508579930955038,-1.2450857993095503,8,
BTC,RANGE_MEAN_REVERSION,LONG,7614,7615,2025-03-21T07:30:00+00:00,2025-03-21T07:45:00+00:00,83755.5,83513.39845759235,84118.65231361147,242.10154240764678,1.5,2025-03-21T08:00:00+00:00,84118.65231361147,TP,1.5,0.4853827259871948,1.0146172740128052,1,
SUI,RANGE_MEAN_REVERSION,LONG,7618,7619,2025-03-21T08:30:00+00:00,2025-03-21T08:45:00+00:00,2.2765,2.2613646195600405,2.299203070659939,0.015135380439959434,1.5,2025-03-21T09:30:00+00:00,2.299203070659939,TP,1.5,0.21162283711122507,1.288377162888775,3,
SUI,RANGE_MEAN_REVERSION,LONG,7626,7627,2025-03-21T10:30:00+00:00,2025-03-21T10:45:00+00:00,2.2615,2.2464895467287453,2.2840156799068816,0.015010453271254498,1.5,2025-03-21T11:00:00+00:00,2.2464895467287453,SL,-1.0,0.2102263419821694,-1.2102263419821695,1,
ADA,RANGE_MEAN_REVERSION,LONG,7625,7626,2025-03-21T10:15:00+00:00,2025-03-21T10:30:00+00:00,0.7033,0.6990256433776709,0.7097115349334937,0.004274356622329112,1.5,2025-03-21T12:00:00+00:00,0.7097115349334937,TP,1.5,0.23140513575455415,1.2685948642454459,6,
CRV,RANGE_MEAN_REVERSION,SHORT,7701,7702,2025-03-22T05:15:00+00:00,2025-03-22T05:30:00+00:00,0.451,0.45368472719856456,0.44697290920215316,0.0026847271985645516,1.5,2025-03-22T05:30:00+00:00,0.45368472719856456,SL,-1.0,0.2358821817641628,-1.2358821817641628,0,True
AVAX,RANGE_MEAN_REVERSION,SHORT,7669,7670,2025-03-21T21:15:00+00:00,2025-03-21T21:30:00+00:00,19.293,19.526693022808708,18.942460465786937,0.2336930228087084,1.5,2025-03-22T09:15:00+00:00,19.526693022808708,SL,-1.0,0.11627983064864307,-1.116279830648643,47,
ETH,RANGE_MEAN_REVERSION,SHORT,7718,7719,2025-03-22T09:30:00+00:00,2025-03-22T09:45:00+00:00,2001.61,2007.1157952727256,1993.3513070909114,5.505795272725663,1.5,2025-03-22T09:45:00+00:00,1993.3513070909114,TP,1.5,0.507914438594669,0.992085561405331,0,True
SOL,RANGE_MEAN_REVERSION,SHORT,7718,7719,2025-03-22T09:30:00+00:00,2025-03-22T09:45:00+00:00,131.01,131.66030756247727,130.03453865628407,0.6503075624772805,1.5,2025-03-22T10:30:00+00:00,131.66030756247727,SL,-1.0,0.28274192997741404,-1.282741929977414,3,
FET,RANGE_MEAN_REVERSION,SHORT,7718,7719,2025-03-22T09:30:00+00:00,2025-03-22T09:45:00+00:00,0.5208,0.5247314574755968,0.514902813786605,0.003931457475596756,1.5,2025-03-22T12:30:00+00:00,0.514902813786605,TP,1.4999999999999858,0.1844079388244119,1.3155920611755738,11,
FET,RANGE_MEAN_REVERSION,LONG,7736,7737,2025-03-22T14:00:00+00:00,2025-03-22T14:15:00+00:00,0.5062,0.5026094350654605,0.5115858474018091,0.003590564934539464,1.5,2025-03-22T15:45:00+00:00,0.5115858474018091,TP,1.4999999999999845,0.19842284046386346,1.301577159536121,6,
ADA,RANGE_MEAN_REVERSION,LONG,7738,7739,2025-03-22T14:30:00+00:00,2025-03-22T14:45:00+00:00,0.7021,0.6985550932745795,0.7074173600881306,0.0035449067254204047,1.5,2025-03-22T19:00:00+00:00,0.7074173600881306,TP,1.5000000000000158,0.27833233099939436,1.2216676690006214,17,
SOL,RANGE_MEAN_REVERSION,SHORT,7790,7791,2025-03-23T03:30:00+00:00,2025-03-23T03:45:00+00:00,130.33,130.77039513956544,129.66940729065186,0.44039513956542464,1.5,2025-03-23T03:45:00+00:00,130.77039513956544,SL,-1.0,0.4150142909798023,-1.4150142909798022,0,True
SOL,RANGE_MEAN_REVERSION,SHORT,7817,7818,2025-03-23T10:15:00+00:00,2025-03-23T10:30:00+00:00,131.97,132.73014086339128,130.82978870491308,0.7601408633912854,1.5,2025-03-23T11:00:00+00:00,132.73014086339128,SL,-1.0,0.24375758169048087,-1.243757581690481,2,
BTC,RANGE_MEAN_REVERSION,SHORT,7820,7821,2025-03-23T11:00:00+00:00,2025-03-23T11:15:00+00:00,84650.0,84864.19160454035,84328.71259318947,214.19160454034864,1.5,2025-03-23T11:15:00+00:00,84864.19160454035,SL,-1.0,0.5539896597619703,-1.5539896597619705,0,True
SUI,RANGE_MEAN_REVERSION,SHORT,7821,7822,2025-03-23T11:15:00+00:00,2025-03-23T11:30:00+00:00,2.2927,2.3067264849490106,2.271660272576484,0.014026484949010598,1.5,2025-03-23T12:00:00+00:00,2.271660272576484,TP,1.5000000000000158,0.22778709009550618,1.2722129099045096,2,
DOGE,RANGE_MEAN_REVERSION,SHORT,7821,7822,2025-03-23T11:15:00+00:00,2025-03-23T11:30:00+00:00,0.17172,0.17258617522843017,0.17042073715735478,0.0008661752284301605,1.5,2025-03-23T13:00:00+00:00,0.17042073715735478,TP,1.499999999999984,0.27650122994652127,1.2234987700534627,6,
XRP,RANGE_MEAN_REVERSION,SHORT,7821,7822,2025-03-23T11:15:00+00:00,2025-03-23T11:30:00+00:00,2.4145,2.4319910203734283,2.388263469439857,0.017491020373428423,1.5,2025-03-23T18:15:00+00:00,2.388263469439857,TP,1.5000000000000127,0.19220916543640876,1.3077908345636038,27,
CRV,RANGE_MEAN_REVERSION,SHORT,7969,7970,2025-03-25T00:15:00+00:00,2025-03-25T00:30:00+00:00,0.525,0.5331759345658559,0.5127360981512162,0.008175934565855858,1.5,2025-03-25T01:15:00+00:00,0.5127360981512162,TP,1.5,0.08884797974527456,1.4111520202547254,3,
ETH,RANGE_MEAN_REVERSION,LONG,7981,7982,2025-03-25T03:15:00+00:00,2025-03-25T03:30:00+00:00,2052.27,2039.7246482923122,2071.088027561532,12.545351707687814,1.5,2025-03-25T04:00:00+00:00,2039.7246482923122,SL,-1.0,0.2283233121355467,-1.2283233121355468,2,
FET,RANGE_MEAN_REVERSION,SHORT,8007,8008,2025-03-25T09:45:00+00:00,2025-03-25T10:00:00+00:00,0.5672,0.5710937162021765,0.5613594256967354,0.0038937162021764893,1.5,2025-03-25T12:00:00+00:00,0.5613594256967354,TP,1.4999999999999858,0.20288884884474356,1.2971111511552422,8,
SOL,RANGE_MEAN_REVERSION,SHORT,8007,8008,2025-03-25T09:45:00+00:00,2025-03-25T10:00:00+00:00,142.77,143.85597498005836,141.14103752991247,1.085974980058353,1.5,2025-03-25T12:00:00+00:00,141.14103752991247,TP,1.500000000000013,0.1830039641063001,1.316996035893713,8,
AVAX,RANGE_MEAN_REVERSION,SHORT,8013,8014,2025-03-25T11:15:00+00:00,2025-03-25T11:30:00+00:00,22.29,22.425504053685835,22.086743919471246,0.1355040536858354,1.5,2025-03-25T12:15:00+00:00,22.425504053685835,SL,-1.0,0.23099569338457399,-1.230995693384574,3,
AVAX,RANGE_MEAN_REVERSION,SHORT,8045,8046,2025-03-25T19:15:00+00:00,2025-03-25T19:30:00+00:00,23.173,23.33529073907843,22.92956389138235,0.16229073907843272,1.5,2025-03-25T19:30:00+00:00,22.92956389138235,TP,1.4999999999999891,0.19885173305157702,1.301148266948412,0,True
ADA,RANGE_MEAN_REVERSION,SHORT,8095,8096,2025-03-26T07:45:00+00:00,2025-03-26T08:00:00+00:00,0.7677,0.7724678670744227,0.760548199388366,0.0047678670744226714,1.5,2025-03-26T08:00:00+00:00,0.7724678670744227,SL,-1.0,0.22612155291318442,-1.2261215529131844,0,True
DOGE,RANGE_MEAN_REVERSION,SHORT,8095,8096,2025-03-26T07:45:00+00:00,2025-03-26T08:00:00+00:00,0.20115,0.20297302614065207,0.1984154607890219,0.0018230261406520787,1.5,2025-03-26T08:15:00+00:00,0.20297302614065207,SL,-1.0,0.1551739231765875,-1.1551739231765876,1,
SUI,RANGE_MEAN_REVERSION,SHORT,8107,8108,2025-03-26T10:45:00+00:00,2025-03-26T11:00:00+00:00,2.6089,2.6346778784398235,2.5702331823402655,0.025777878439823265,1.5,2025-03-26T11:15:00+00:00,2.6346778784398235,SL,-1.0,0.14238970532336184,-1.1423897053233618,1,
ETH,RANGE_MEAN_REVERSION,LONG,8120,8121,2025-03-26T14:00:00+00:00,2025-03-26T14:15:00+00:00,2029.22,2018.9981302833332,2044.5528045750002,10.221869716666788,1.5,2025-03-26T14:15:00+00:00,2018.9981302833332,SL,-1.0,0.2772244970582917,-1.2772244970582918,0,True
BNB,RANGE_MEAN_REVERSION,LONG,8121,8122,2025-03-26T14:15:00+00:00,2025-03-26T14:30:00+00:00,624.49,621.5386257329559,628.9170614005661,2.951374267044116,1.5,2025-03-26T17:15:00+00:00,621.5386257329559,SL,-1.0,0.2955301358260543,-1.2955301358260543,11,
BNB,RANGE_MEAN_REVERSION,LONG,8139,8140,2025-03-26T18:45:00+00:00,2025-03-26T19:00:00+00:00,617.46,615.461552049371,620.4576719259436,1.9984479506290427,1.5,2025-03-26T19:00:00+00:00,615.461552049371,SL,-1.0,0.43185767543403014,-1.4318576754340302,0,True
DOGE,RANGE_MEAN_REVERSION,SHORT,8171,8172,2025-03-27T02:45:00+00:00,2025-03-27T03:00:00+00:00,0.19979,0.20152344928565055,0.19718982607152416,0.0017334492856505568,1.5,2025-03-27T05:15:00+00:00,0.19718982607152416,TP,1.5,0.1603080520153651,1.339691947984635,9,
BNB,RANGE_MEAN_REVERSION,SHORT,8187,8188,2025-03-27T06:45:00+00:00,2025-03-27T07:00:00+00:00,634.09,636.4140036596394,630.6039945105409,2.324003659639402,1.5,2025-03-27T07:00:00+00:00,636.4140036596394,SL,-1.0,0.38268132619883294,-1.3826813261988329,0,True
SUI,RANGE_MEAN_REVERSION,SHORT,8190,8191,2025-03-27T07:30:00+00:00,2025-03-27T07:45:00+00:00,2.7502,2.7830851165763333,2.7008723251355002,0.032885116576333306,1.5,2025-03-27T08:15:00+00:00,2.7830851165763333,SL,-1.0,0.11778275356308031,-1.1177827535630802,2,
BTC,RANGE_MEAN_REVERSION,LONG,8213,8214,2025-03-27T13:15:00+00:00,2025-03-27T13:30:00+00:00,86284.6,85973.20126764418,86751.69809853374,311.3987323558249,1.5,2025-03-27T13:30:00+00:00,85973.20126764418,SL,-1.0,0.3872220672676589,-1.387222067267659,0,True
XRP,RANGE_MEAN_REVERSION,LONG,8213,8214,2025-03-27T13:15:00+00:00,2025-03-27T13:30:00+00:00,2.3242,2.3101232123764124,2.3453151814353808,0.014076787623587439,1.5,2025-03-27T13:30:00+00:00,2.3101232123764124,SL,-1.0,0.2304521695864553,-1.2304521695864552,0,True
ADA,RANGE_MEAN_REVERSION,LONG,8214,8215,2025-03-27T13:30:00+00:00,2025-03-27T13:45:00+00:00,0.7234,0.717260074918049,0.7326098876229266,0.006139925081951048,1.5,2025-03-27T14:00:00+00:00,0.7326098876229266,TP,1.499999999999991,0.16599663802610784,1.3340033619738831,1,
DOGE,RANGE_MEAN_REVERSION,LONG,8214,8215,2025-03-27T13:30:00+00:00,2025-03-27T13:45:00+00:00,0.18998,0.1878299768355067,0.19320503474673997,0.0021500231644933088,1.5,2025-03-27T14:30:00+00:00,0.19320503474673997,TP,1.5,0.12475657413948424,1.3752434258605157,3,
FET,RANGE_MEAN_REVERSION,LONG,8214,8215,2025-03-27T13:30:00+00:00,2025-03-27T13:45:00+00:00,0.5377,0.5322010778225812,0.545948383266128,0.0054989221774187635,1.5,2025-03-27T14:30:00+00:00,0.545948383266128,TP,1.49999999999999,0.13794591809305445,1.3620540819069356,3,
BTC,RANGE_MEAN_REVERSION,LONG,8274,8275,2025-03-28T04:30:00+00:00,2025-03-28T04:45:00+00:00,86201.0,85879.0089723885,86683.98654141725,321.991027611497,1.5,2025-03-28T05:30:00+00:00,85879.0089723885,SL,-1.0,0.37409740008659476,-1.3740974000865949,3,
SUI,RANGE_MEAN_REVERSION,LONG,8274,8275,2025-03-28T04:30:00+00:00,2025-03-28T04:45:00+00:00,2.7035,2.669497872653485,2.754503191019773,0.0340021273465152,1.5,2025-03-28T05:30:00+00:00,2.669497872653485,SL,-1.0,0.11061362345150166,-1.1106136234515016,3,
AVAX,RANGE_MEAN_REVERSION,LONG,8274,8275,2025-03-28T04:30:00+00:00,2025-03-28T04:45:00+00:00,21.415,21.160930802845698,21.79610379573145,0.2540691971543012,1.5,2025-03-28T05:45:00+00:00,21.160930802845698,SL,-1.0,0.1173032854663289,-1.117303285466329,4,
FET,RANGE_MEAN_REVERSION,LONG,8277,8278,2025-03-28T05:15:00+00:00,2025-03-28T05:30:00+00:00,0.5272,0.5238413955664766,0.5322379066502851,0.0033586044335234266,1.5,2025-03-28T05:45:00+00:00,0.5238413955664766,SL,-1.0,0.21905794250521457,-1.2190579425052146,1,
DOGE,RANGE_MEAN_REVERSION,LONG,8274,8275,2025-03-28T04:30:00+00:00,2025-03-28T04:45:00+00:00,0.18438,0.1819788651480659,0.18798170227790112,0.002401134851934078,1.5,2025-03-28T07:45:00+00:00,0.1819788651480659,SL,-1.0,0.10680416612048196,-1.106804166120482,12,
LINK,RANGE_MEAN_REVERSION,LONG,8323,8324,2025-03-28T16:45:00+00:00,2025-03-28T17:00:00+00:00,14.041,13.929623640330375,14.208064539504438,0.11137635966962556,1.5,2025-03-28T20:30:00+00:00,14.208064539504438,TP,1.499999999999992,0.177545263970824,1.322454736029168,14,
ADA,RANGE_MEAN_REVERSION,LONG,8364,8365,2025-03-29T03:00:00+00:00,2025-03-29T03:15:00+00:00,0.6923,0.6868614387788773,0.7004578418316841,0.00543856122112274,1.5,2025-03-29T03:30:00+00:00,0.7004578418316841,TP,1.5,0.1792625750898348,1.320737424910165,1,
DOGE,RANGE_MEAN_REVERSION,LONG,8364,8365,2025-03-29T03:00:00+00:00,2025-03-29T03:15:00+00:00,0.17581,0.1741797317836639,0.17825540232450415,0.001630268216336106,1.5,2025-03-29T03:30:00+00:00,0.17825540232450415,TP,1.5,0.15202761063708028,1.3479723893629196,1,
DOGE,RANGE_MEAN_REVERSION,LONG,8390,8391,2025-03-29T09:30:00+00:00,2025-03-29T09:45:00+00:00,0.17201,0.17034194540599928,0.17451208189100106,0.0016680545940007119,1.5,2025-03-29T11:00:00+00:00,0.17034194540599928,SL,-1.0,0.14366817647702076,-1.1436681764770207,5,
SUI,RANGE_MEAN_REVERSION,SHORT,8459,8460,2025-03-30T02:45:00+00:00,2025-03-30T03:00:00+00:00,2.3666,2.387905359064956,2.334641961402566,0.021305359064955898,1.5,2025-03-30T03:00:00+00:00,2.387905359064956,SL,-1.0,0.15621204698773558,-1.1562120469877355,0,True
BNB,RANGE_MEAN_REVERSION,SHORT,8459,8460,2025-03-30T02:45:00+00:00,2025-03-30T03:00:00+00:00,611.03,612.9465198322732,608.1552202515901,1.9165198322732522,1.5,2025-03-30T06:00:00+00:00,608.1552202515901,TP,1.5,0.4453017598903894,1.0546982401096106,12,
BNB,RANGE_MEAN_REVERSION,LONG,8536,8537,2025-03-30T22:00:00+00:00,2025-03-30T22:15:00+00:00,595.75,591.6916330943835,601.8375503584248,4.058366905616481,1.5,2025-03-30T22:30:00+00:00,601.8375503584248,TP,1.500000000000014,0.20656370031273819,1.2934362996872757,1,
CRV,RANGE_MEAN_REVERSION,SHORT,8650,8651,2025-04-01T02:30:00+00:00,2025-04-01T02:45:00+00:00,0.532,0.5414573279457967,0.517814008081305,0.009457327945796679,1.5,2025-04-01T07:45:00+00:00,0.5414573279457967,SL,-1.0,0.07945374569526557,-1.0794537456952655,20,
SUI,RANGE_MEAN_REVERSION,SHORT,8772,8773,2025-04-02T09:00:00+00:00,2025-04-02T09:15:00+00:00,2.4396,2.474290037388876,2.3875649439166864,0.03469003738887588,1.5,2025-04-02T10:15:00+00:00,2.474290037388876,SL,-1.0,0.09915593308859436,-1.0991559330885943,4,
SUI,RANGE_MEAN_REVERSION,LONG,8861,8862,2025-04-03T07:15:00+00:00,2025-04-03T07:30:00+00:00,2.3028,2.278708752853473,2.338936870719791,0.024091247146527106,1.5,2025-04-03T08:00:00+00:00,2.338936870719791,TP,1.5000000000000093,0.13487121649375663,1.3651287835062527,2,
LINK,RANGE_MEAN_REVERSION,LONG,8860,8861,2025-04-03T07:00:00+00:00,2025-04-03T07:15:00+00:00,12.901,12.818048720113666,13.025426919829501,0.0829512798863341,1.5,2025-04-03T08:15:00+00:00,13.025426919829501,TP,1.5,0.2187850370572829,1.2812149629427172,4,
CRV,RANGE_MEAN_REVERSION,LONG,8878,8879,2025-04-03T11:30:00+00:00,2025-04-03T11:45:00+00:00,0.496,0.48951842075000407,0.5057223688749939,0.006481579249995928,1.5,2025-04-03T12:00:00+00:00,0.48951842075000407,SL,-1.0,0.1064343839544099,-1.10643438395441,1,
CRV,RANGE_MEAN_REVERSION,SHORT,8961,8962,2025-04-04T08:15:00+00:00,2025-04-04T08:30:00+00:00,0.545,0.5528269925116064,0.5332595112325905,0.007826992511606345,1.5,2025-04-04T09:30:00+00:00,0.5332595112325905,TP,1.5,0.0964331646853599,1.4035668353146402,4,
BTC,RANGE_MEAN_REVERSION,LONG,9077,9078,2025-04-05T13:15:00+00:00,2025-04-05T13:30:00+00:00,82783.2,82515.61187118766,83184.58219321849,267.5881288123346,1.5,2025-04-05T13:45:00+00:00,82515.61187118766,SL,-1.0,0.43241517784587785,-1.4324151778458778,1,
DOGE,RANGE_MEAN_REVERSION,LONG,9079,9080,2025-04-05T13:45:00+00:00,2025-04-05T14:00:00+00:00,0.16671,0.16549200845183965,0.16853698732224054,0.001217991548160352,1.5,2025-04-05T14:30:00+00:00,0.16853698732224054,TP,1.5000000000000113,0.19267201934202013,1.3073279806579912,2,
UNI,RANGE_MEAN_REVERSION,LONG,9078,9079,2025-04-05T13:30:00+00:00,2025-04-05T13:45:00+00:00,5.821,5.796630205682441,5.857554691476338,0.02436979431755848,1.5,2025-04-05T15:30:00+00:00,5.796630205682441,SL,-1.0,0.33370577683203273,-1.3337057768320326,7,
CRV,RANGE_MEAN_REVERSION,SHORT,9110,9111,2025-04-05T21:30:00+00:00,2025-04-05T21:45:00+00:00,0.502,0.5103411374407214,0.4894882938389179,0.008341137440721402,1.5,2025-04-06T00:00:00+00:00,0.4894882938389179,TP,1.5,0.08320709383098437,1.4167929061690157,9,
SOL,RANGE_MEAN_REVERSION,SHORT,9125,9126,2025-04-06T01:15:00+00:00,2025-04-06T01:30:00+00:00,120.85,121.38090432951583,120.05364350572624,0.5309043295158347,1.5,2025-04-06T02:15:00+00:00,120.05364350572624,TP,1.5,0.3176326525869455,1.1823673474130545,3,
DOGE,RANGE_MEAN_REVERSION,LONG,9149,9150,2025-04-06T07:15:00+00:00,2025-04-06T07:30:00+00:00,0.16531,0.1646907348264476,0.16623889776032863,0.0006192651735524024,1.5,2025-04-06T08:00:00+00:00,0.1646907348264476,SL,-1.0,0.3730235838282064,-1.3730235838282063,2,
BTC,RANGE_MEAN_REVERSION,LONG,9153,9154,2025-04-06T08:15:00+00:00,2025-04-06T08:30:00+00:00,82743.9,82584.00579001546,82983.7413149768,159.89420998452988,1.5,2025-04-06T08:45:00+00:00,82983.7413149768,TP,1.5000000000000455,0.7255381475771255,0.77446185242292,1,
LINK,RANGE_MEAN_REVERSION,LONG,9153,9154,2025-04-06T08:15:00+00:00,2025-04-06T08:30:00+00:00,12.561,12.502313606342236,12.649029590486645,0.05868639365776396,1.5,2025-04-06T08:45:00+00:00,12.649029590486645,TP,1.499999999999985,0.3007003772671935,1.1992996227327914,1,
XRP,RANGE_MEAN_REVERSION,LONG,9150,9151,2025-04-06T07:30:00+00:00,2025-04-06T07:45:00+00:00,2.0904,2.0787652550110187,2.1078521174834712,0.011634744988981094,1.5,2025-04-06T11:00:00+00:00,2.0787652550110187,SL,-1.0,0.2508362393221041,-1.250836239322104,13,
XRP,RANGE_MEAN_REVERSION,LONG,9171,9172,2025-04-06T12:45:00+00:00,2025-04-06T13:00:00+00:00,2.0689,2.060060046851656,2.0821599297225166,0.008839953148344293,1.5,2025-04-06T13:15:00+00:00,2.060060046851656,SL,-1.0,0.3269555827156733,-1.3269555827156734,1,
DOGE,RANGE_MEAN_REVERSION,LONG,9172,9173,2025-04-06T13:00:00+00:00,2025-04-06T13:15:00+00:00,0.16273,0.16196798094771606,0.16387302857842595,0.0007620190522839576,1.5,2025-04-06T13:15:00+00:00,0.16196798094771606,SL,-1.0,0.2982715274403727,-1.2982715274403727,0,True
CRV,RANGE_MEAN_REVERSION,LONG,9172,9173,2025-04-06T13:00:00+00:00,2025-04-06T13:15:00+00:00,0.462,0.45884699784929933,0.46672950322605106,0.00315300215070069,1.5,2025-04-06T13:30:00+00:00,0.45884699784929933,SL,-1.0,0.20443782391688567,-1.2044378239168856,1,
BTC,RANGE_MEAN_REVERSION,LONG,9175,9176,2025-04-06T13:45:00+00:00,2025-04-06T14:00:00+00:00,82256.1,82035.52776269882,82586.95835595178,220.5722373011813,1.5,2025-04-06T14:00:00+00:00,82586.95835595178,TP,1.5,0.5231399121712961,0.9768600878287039,0,True
SOL,RANGE_MEAN_REVERSION,LONG,9175,9176,2025-04-06T13:45:00+00:00,2025-04-06T14:00:00+00:00,114.63,113.76426643327717,115.92860035008422,0.8657335667228239,1.5,2025-04-06T16:45:00+00:00,113.76426643327717,SL,-1.0,0.18467111897774022,-1.1846711189777401,11,
CRV,RANGE_MEAN_REVERSION,LONG,9189,9190,2025-04-06T17:15:00+00:00,2025-04-06T17:30:00+00:00,0.448,0.441808940402492,0.457286589396262,0.006191059597507986,1.5,2025-04-06T18:00:00+00:00,0.441808940402492,SL,-1.0,0.10060737559891353,-1.1006073755989134,2,
CRV,RANGE_MEAN_REVERSION,LONG,9380,9381,2025-04-08T17:00:00+00:00,2025-04-08T17:15:00+00:00,0.448,0.4413819337438273,0.45792709938425913,0.006618066256172728,1.5,2025-04-08T17:30:00+00:00,0.45792709938425913,TP,1.5000000000000042,0.09582088559139239,1.4041791144086118,1,
LINK,RANGE_MEAN_REVERSION,LONG,9567,9568,2025-04-10T15:45:00+00:00,2025-04-10T16:00:00+00:00,11.822,11.683897615998442,12.029153576002336,0.1381023840015576,1.5,2025-04-10T16:15:00+00:00,11.683897615998442,SL,-1.0,0.1191444191941924,-1.1191444191941924,1,
SOL,RANGE_MEAN_REVERSION,LONG,9567,9568,2025-04-10T15:45:00+00:00,2025-04-10T16:00:00+00:00,109.55,108.57871324857652,111.0069301271352,0.9712867514234773,1.5,2025-04-10T16:15:00+00:00,108.57871324857652,SL,-1.0,0.15720393493499968,-1.1572039349349996,1,
DOGE,RANGE_MEAN_REVERSION,LONG,9567,9568,2025-04-10T15:45:00+00:00,2025-04-10T16:00:00+00:00,0.14949,0.14807793279116474,0.15160810081325293,0.0014120672088352715,1.5,2025-04-10T16:45:00+00:00,0.15160810081325293,TP,1.5000000000000098,0.14926249207580378,1.3507375079242059,3,
UNI,RANGE_MEAN_REVERSION,SHORT,9624,9625,2025-04-11T06:00:00+00:00,2025-04-11T06:15:00+00:00,5.19,5.225619229786574,5.136571155320141,0.03561922978657339,1.5,2025-04-11T07:15:00+00:00,5.136571155320141,TP,1.4999999999999876,0.20294093533288324,1.2970590646671043,4,
FET,RANGE_MEAN_REVERSION,SHORT,9638,9639,2025-04-11T09:30:00+00:00,2025-04-11T09:45:00+00:00,0.4388,0.44191091282633105,0.4341336307605035,0.003110912826331025,1.5,2025-04-11T10:00:00+00:00,0.44191091282633105,SL,-1.0,0.19817258579550817,-1.1981725857955081,1,
BTC,RANGE_MEAN_REVERSION,SHORT,9638,9639,2025-04-11T09:30:00+00:00,2025-04-11T09:45:00+00:00,82173.5,82544.90691651698,81616.38962522453,371.4069165169785,1.5,2025-04-11T10:15:00+00:00,82544.90691651698,SL,-1.0,0.31044894350073554,-1.3104489435007356,2,
SUI,RANGE_MEAN_REVERSION,SHORT,9624,9625,2025-04-11T06:00:00+00:00,2025-04-11T06:15:00+00:00,2.1987,2.221337278899509,2.1647440816507366,0.02263727889950884,1.5,2025-04-11T10:30:00+00:00,2.221337278899509,SL,-1.0,0.13667835736638767,-1.1366783573663877,17,
AVAX,RANGE_MEAN_REVERSION,SHORT,9642,9643,2025-04-11T10:30:00+00:00,2025-04-11T10:45:00+00:00,18.912,19.057865486612858,18.693201770080712,0.14586548661285903,1.5,2025-04-11T12:30:00+00:00,19.057865486612858,SL,-1.0,0.1822151796001748,-1.1822151796001747,7,
SOL,RANGE_MEAN_REVERSION,SHORT,9654,9655,2025-04-11T13:30:00+00:00,2025-04-11T13:45:00+00:00,120.37,122.19530080164861,117.63204879752709,1.8253008016486092,1.5,2025-04-11T21:00:00+00:00,122.19530080164861,SL,-1.0,0.09302341313157524,-1.0930234131315752,29,
FET,RANGE_MEAN_REVERSION,SHORT,9719,9720,2025-04-12T05:45:00+00:00,2025-04-12T06:00:00+00:00,0.4561,0.45969524947467266,0.450707125787991,0.003595249474672657,1.5,2025-04-12T06:00:00+00:00,0.45969524947467266,SL,-1.0,0.17830659016802672,-1.1783065901680267,0,True
ADA,RANGE_MEAN_REVERSION,SHORT,9720,9721,2025-04-12T06:00:00+00:00,2025-04-12T06:15:00+00:00,0.6313,0.6343927707016042,0.6266608439475937,0.003092770701604186,1.5,2025-04-12T06:45:00+00:00,0.6343927707016042,SL,-1.0,0.286469649700048,-1.286469649700048,2,
SOL,RANGE_MEAN_REVERSION,SHORT,9747,9748,2025-04-12T12:45:00+00:00,2025-04-12T13:00:00+00:00,126.31,127.02034092237295,125.24448861644058,0.71034092237295,1.5,2025-04-12T13:00:00+00:00,127.02034092237295,SL,-1.0,0.2496424365546505,-1.2496424365546506,0,True
ETH,RANGE_MEAN_REVERSION,SHORT,9748,9749,2025-04-12T13:00:00+00:00,2025-04-12T13:15:00+00:00,1619.08,1630.4467069006478,1602.0299396490282,11.366706900647841,1.5,2025-04-12T13:30:00+00:00,1630.4467069006478,SL,-1.0,0.20011677214099796,-1.200116772140998,1,
UNI,RANGE_MEAN_REVERSION,SHORT,9750,9751,2025-04-12T13:30:00+00:00,2025-04-12T13:45:00+00:00,5.403,5.443679522731353,5.34198071590297,0.040679522731353224,1.5,2025-04-12T13:45:00+00:00,5.443679522731353,SL,-1.0,0.18664613437217123,-1.1866461343721713,0,True
BNB,RANGE_MEAN_REVERSION,SHORT,9751,9752,2025-04-12T13:45:00+00:00,2025-04-12T14:00:00+00:00,594.98,596.5161299966766,592.6758050049852,1.53612999667655,1.5,2025-04-12T14:00:00+00:00,596.5161299966766,SL,-1.0,0.5429535864817123,-1.5429535864817123,0,True
SUI,RANGE_MEAN_REVERSION,SHORT,9751,9752,2025-04-12T13:45:00+00:00,2025-04-12T14:00:00+00:00,2.2592,2.2791538819487727,2.2292691770768407,0.01995388194877279,1.5,2025-04-12T14:00:00+00:00,2.2791538819487727,SL,-1.0,0.1592095074792965,-1.1592095074792965,0,True
ADA,RANGE_MEAN_REVERSION,SHORT,9751,9752,2025-04-12T13:45:00+00:00,2025-04-12T14:00:00+00:00,0.6535,0.6604869201678795,0.6430196197481808,0.006986920167879496,1.5,2025-04-12T14:15:00+00:00,0.6604869201678795,SL,-1.0,0.13164467634051538,-1.1316446763405155,1,
BTC,RANGE_MEAN_REVERSION,SHORT,9751,9752,2025-04-12T13:45:00+00:00,2025-04-12T14:00:00+00:00,84413.0,84860.65610327499,83741.51584508752,447.6561032749887,1.5,2025-04-12T14:15:00+00:00,84860.65610327499,SL,-1.0,0.2646932732636169,-1.264693273263617,1,
LINK,RANGE_MEAN_REVERSION,SHORT,9751,9752,2025-04-12T13:45:00+00:00,2025-04-12T14:00:00+00:00,13.05,13.152885176506503,12.895672235240248,0.10288517650650242,1.5,2025-04-12T14:15:00+00:00,13.152885176506503,SL,-1.0,0.1782766016093225,-1.1782766016093225,1,
SOL,RANGE_MEAN_REVERSION,SHORT,9751,9752,2025-04-12T13:45:00+00:00,2025-04-12T14:00:00+00:00,128.5,129.53484899739416,126.94772650390875,1.034848997394164,1.5,2025-04-12T14:15:00+00:00,129.53484899739416,SL,-1.0,0.17454178798356398,-1.174541787983564,1,
DOGE,RANGE_MEAN_REVERSION,SHORT,9752,9753,2025-04-12T14:00:00+00:00,2025-04-12T14:15:00+00:00,0.16559,0.1669685851275679,0.1635221223086481,0.0013785851275679162,1.5,2025-04-12T14:30:00+00:00,0.1669685851275679,SL,-1.0,0.1688622667792628,-1.1688622667792627,1,
AVAX,RANGE_MEAN_REVERSION,SHORT,9754,9755,2025-04-12T14:30:00+00:00,2025-04-12T14:45:00+00:00,19.915,20.12717543030983,19.59673685453525,0.21217543030983066,1.5,2025-04-12T15:15:00+00:00,20.12717543030983,SL,-1.0,0.13210541277228266,-1.1321054127722827,2,
FET,RANGE_MEAN_REVERSION,SHORT,9754,9755,2025-04-12T14:30:00+00:00,2025-04-12T14:45:00+00:00,0.4769,0.4840856375460918,0.4661215436808623,0.007185637546091805,1.5,2025-04-12T15:15:00+00:00,0.4840856375460918,SL,-1.0,0.09361590282940635,-1.0936159028294063,2,
ETH,RANGE_MEAN_REVERSION,SHORT,9753,9754,2025-04-12T14:15:00+00:00,2025-04-12T14:30:00+00:00,1656.36,1677.918528308075,1624.022207537887,21.55852830807521,1.5,2025-04-13T01:45:00+00:00,1624.022207537887,TP,1.5000000000000053,0.10651318645050573,1.3934868135494995,45,
UNI,RANGE_MEAN_REVERSION,SHORT,9754,9755,2025-04-12T14:30:00+00:00,2025-04-12T14:45:00+00:00,5.531,5.586732896416342,5.447400655375487,0.05573289641634194,1.5,2025-04-13T01:45:00+00:00,5.447400655375487,TP,1.499999999999992,0.13788769206169393,1.3621123079382982,44,
BTC,RANGE_MEAN_REVERSION,LONG,9847,9848,2025-04-13T13:45:00+00:00,2025-04-13T14:00:00+00:00,83576.9,83264.8494358818,84044.97584617729,312.0505641181953,1.5,2025-04-13T14:30:00+00:00,84044.97584617729,TP,1.5,0.376013782971022,1.123986217028978,2,
AVAX,RANGE_MEAN_REVERSION,LONG,9847,9848,2025-04-13T13:45:00+00:00,2025-04-13T14:00:00+00:00,19.581,19.414983670239003,19.830024494641492,0.16601632976099623,1.5,2025-04-13T16:15:00+00:00,19.830024494641492,TP,1.4999999999999893,0.16617472019749766,1.3338252798024917,9,
SUI,RANGE_MEAN_REVERSION,LONG,9852,9853,2025-04-13T15:00:00+00:00,2025-04-13T15:15:00+00:00,2.258,2.2324392299973046,2.2963411550040433,0.02556077000269541,1.5,2025-04-13T17:15:00+00:00,2.2963411550040433,TP,1.5000000000000087,0.12472389556991625,1.3752761044300925,8,
AVAX,RANGE_MEAN_REVERSION,SHORT,9863,9864,2025-04-13T17:45:00+00:00,2025-04-13T18:00:00+00:00,20.358,20.559260914950965,20.056108627573554,0.20126091495096432,1.5,2025-04-13T19:00:00+00:00,20.056108627573554,TP,1.5,0.14056318906328186,1.359436810936718,4,
ETH,RANGE_MEAN_REVERSION,SHORT,9931,9932,2025-04-14T10:45:00+00:00,2025-04-14T11:00:00+00:00,1678.4,1691.7920450772879,1658.3119323840683,13.392045077287776,1.5,2025-04-14T13:30:00+00:00,1658.3119323840683,TP,1.5000000000000084,0.17440938551125945,1.325590614488749,10,
ADA,RANGE_MEAN_REVERSION,LONG,10047,10048,2025-04-15T15:45:00+00:00,2025-04-15T16:00:00+00:00,0.6229,0.6152493472916046,0.6343759790625931,0.007650652708395378,1.5,2025-04-15T18:15:00+00:00,0.6152493472916046,SL,-1.0,0.11328504588282415,-1.113285045882824,9,
ADA,RANGE_MEAN_REVERSION,LONG,10074,10075,2025-04-15T22:30:00+00:00,2025-04-15T22:45:00+00:00,0.6115,0.6084884595015995,0.6160173107476009,0.003011540498400578,1.5,2025-04-15T22:45:00+00:00,0.6084884595015995,SL,-1.0,0.283573115521665,-1.283573115521665,0,True
BNB,RANGE_MEAN_REVERSION,LONG,10078,10079,2025-04-15T23:30:00+00:00,2025-04-15T23:45:00+00:00,579.49,578.2210500751355,581.3934248872968,1.2689499248645006,1.5,2025-04-16T00:00:00+00:00,578.2210500751355,SL,-1.0,0.638636497132958,-1.638636497132958,1,
ADA,RANGE_MEAN_REVERSION,LONG,10078,10079,2025-04-15T23:30:00+00:00,2025-04-15T23:45:00+00:00,0.6079,0.6047059811491353,0.612691028276297,0.003194018850864677,1.5,2025-04-16T00:15:00+00:00,0.6047059811491353,SL,-1.0,0.2657542821247292,-1.2657542821247292,2,
FET,RANGE_MEAN_REVERSION,SHORT,10200,10201,2025-04-17T06:00:00+00:00,2025-04-17T06:15:00+00:00,0.4719,0.475189675166561,0.4669654872501584,0.0032896751665610346,1.5,2025-04-17T06:15:00+00:00,0.475189675166561,SL,-1.0,0.20152833913679133,-1.2015283391367912,0,True
AVAX,RANGE_MEAN_REVERSION,SHORT,10200,10201,2025-04-17T06:00:00+00:00,2025-04-17T06:15:00+00:00,19.339,19.490585782460347,19.111621326309475,0.15158578246034793,1.5,2025-04-17T07:15:00+00:00,19.490585782460347,SL,-1.0,0.17930909882549317,-1.179309098825493,4,
SOL,RANGE_MEAN_REVERSION,SHORT,10201,10202,2025-04-17T06:15:00+00:00,2025-04-17T06:30:00+00:00,134.34,135.62271878786325,132.41592181820513,1.2827187878632458,1.5,2025-04-17T11:00:00+00:00,132.41592181820513,TP,1.5,0.14557294010154573,1.3544270598984542,18,
BNB,RANGE_MEAN_REVERSION,SHORT,10240,10241,2025-04-17T16:00:00+00:00,2025-04-17T16:15:00+00:00,591.36,592.9199314874423,589.0201027688365,1.5599314874423271,1.5,2025-04-17T18:00:00+00:00,592.9199314874423,SL,-1.0,0.5314310011143093,-1.5314310011143093,7,
CRV,RANGE_MEAN_REVERSION,SHORT,10322,10323,2025-04-18T12:30:00+00:00,2025-04-18T12:45:00+00:00,0.605,0.6102512432269771,0.5971231351595343,0.00525124322697712,1.5,2025-04-18T13:45:00+00:00,0.5971231351595343,TP,1.5,0.16024513781588362,1.3397548621841164,4,
BNB,RANGE_MEAN_REVERSION,SHORT,10336,10337,2025-04-18T16:00:00+00:00,2025-04-18T16:15:00+00:00,594.62,595.6473787386117,593.0789318920824,1.0273787386116737,1.5,2025-04-18T19:15:00+00:00,593.0789318920824,TP,1.5000000000000553,0.8092334609220526,0.6907665390780027,12,
DOGE,RANGE_MEAN_REVERSION,SHORT,10345,10346,2025-04-18T18:15:00+00:00,2025-04-18T18:30:00+00:00,0.15838,0.1591996147369934,0.15715057789450987,0.000819614736993407,1.5,2025-04-19T00:00:00+00:00,0.15715057789450987,TP,1.5000000000000169,0.26948198288427505,1.2305180171157417,22,
SOL,RANGE_MEAN_REVERSION,SHORT,10376,10377,2025-04-19T02:00:00+00:00,2025-04-19T02:15:00+00:00,137.17,138.77422223417042,134.76366664874433,1.604222234170436,1.5,2025-04-19T03:30:00+00:00,138.77422223417042,SL,-1.0,0.12040785338186347,-1.1204078533818635,5,
UNI,RANGE_MEAN_REVERSION,SHORT,10380,10381,2025-04-19T03:00:00+00:00,2025-04-19T03:15:00+00:00,5.244,5.268315125808612,5.207527311287082,0.02431512580861206,1.5,2025-04-19T03:30:00+00:00,5.268315125808612,SL,-1.0,0.30263551362994445,-1.3026355136299443,1,
BTC,RANGE_MEAN_REVERSION,SHORT,10386,10387,2025-04-19T04:30:00+00:00,2025-04-19T04:45:00+00:00,85188.1,85326.68750359247,84980.21874461131,138.58750359246915,1.5,2025-04-19T04:45:00+00:00,84980.21874461131,TP,1.4999999999999476,0.8595134484239371,0.6404865515760105,0,True
FET,RANGE_MEAN_REVERSION,SHORT,10399,10400,2025-04-19T07:45:00+00:00,2025-04-19T08:00:00+00:00,0.5245,0.5284367062453431,0.5185949406319852,0.003936706245343147,1.5,2025-04-19T08:00:00+00:00,0.5284367062453431,SL,-1.0,0.1872264904813831,-1.1872264904813832,0,True
CRV,RANGE_MEAN_REVERSION,SHORT,10398,10399,2025-04-19T07:30:00+00:00,2025-04-19T07:45:00+00:00,0.623,0.6282875108152957,0.6150687337770565,0.00528751081529566,1.5,2025-04-19T08:15:00+00:00,0.6150687337770565,TP,1.5,0.1639047453362948,1.3360952546637053,2,
AVAX,RANGE_MEAN_REVERSION,SHORT,10398,10399,2025-04-19T07:30:00+00:00,2025-04-19T07:45:00+00:00,19.501,19.595832425364424,19.358751361953367,0.09483242536442305,1.5,2025-04-19T09:00:00+00:00,19.595832425364424,SL,-1.0,0.2885909813292858,-1.2885909813292857,5,
UNI,RANGE_MEAN_REVERSION,SHORT,10404,10405,2025-04-19T09:00:00+00:00,2025-04-19T09:15:00+00:00,5.296,5.321148811965986,5.258276782051022,0.02514881196598573,1.5,2025-04-19T09:45:00+00:00,5.258276782051022,TP,1.5,0.29377108379624955,1.2062289162037505,2,
FET,RANGE_MEAN_REVERSION,SHORT,10418,10419,2025-04-19T12:30:00+00:00,2025-04-19T12:45:00+00:00,0.5403,0.5460428565399058,0.5316857151901413,0.005742856539905805,1.5,2025-04-19T12:45:00+00:00,0.5460428565399058,SL,-1.0,0.13241493920208686,-1.1324149392020868,0,True
BNB,RANGE_MEAN_REVERSION,LONG,10417,10418,2025-04-19T12:15:00+00:00,2025-04-19T12:30:00+00:00,588.33,587.0515070405978,590.2477394391034,1.2784929594022287,1.5,2025-04-19T15:15:00+00:00,590.2477394391034,TP,1.5,0.6452944551162103,0.8547055448837897,11,
ETH,RANGE_MEAN_REVERSION,SHORT,10429,10430,2025-04-19T15:15:00+00:00,2025-04-19T15:30:00+00:00,1610.11,1614.5466921426105,1603.454961786084,4.436692142610582,1.5,2025-04-19T15:30:00+00:00,1603.454961786084,TP,1.5000000000000255,0.5070208617014024,0.9929791382986232,0,True
ADA,RANGE_MEAN_REVERSION,LONG,10434,10435,2025-04-19T16:30:00+00:00,2025-04-19T16:45:00+00:00,0.6207,0.6188573803422488,0.6234639294866269,0.0018426196577512322,1.5,2025-04-19T16:45:00+00:00,0.6188573803422488,SL,-1.0,0.470900309019019,-1.4709003090190191,0,True
DOGE,RANGE_MEAN_REVERSION,LONG,10435,10436,2025-04-19T16:45:00+00:00,2025-04-19T17:00:00+00:00,0.1565,0.1558034871314983,0.15754476930275255,0.0006965128685016975,1.5,2025-04-19T17:30:00+00:00,0.15754476930275255,TP,1.5,0.31561705239533705,1.184382947604663,2,
AVAX,RANGE_MEAN_REVERSION,SHORT,10438,10439,2025-04-19T17:30:00+00:00,2025-04-19T17:45:00+00:00,19.881,20.049114638202983,19.628828042695524,0.168114638202983,1.5,2025-04-19T18:00:00+00:00,20.049114638202983,SL,-1.0,0.16626202539836965,-1.1662620253983698,1,
LINK,RANGE_MEAN_REVERSION,SHORT,10440,10441,2025-04-19T18:00:00+00:00,2025-04-19T18:15:00+00:00,12.96,13.040273250064374,12.839590124903442,0.0802732500643728,1.5,2025-04-19T22:30:00+00:00,13.040273250064374,SL,-1.0,0.22672797302276848,-1.2267279730227685,17,
BNB,RANGE_MEAN_REVERSION,SHORT,10458,10459,2025-04-19T22:30:00+00:00,2025-04-19T22:45:00+00:00,593.32,594.0198449413083,592.2702325880377,0.6998449413082426,1.5,2025-04-19T23:15:00+00:00,592.2702325880377,TP,1.4999999999999187,1.185852913732924,0.31414708626699483,2,
BTC,RANGE_MEAN_REVERSION,LONG,10492,10493,2025-04-20T07:00:00+00:00,2025-04-20T07:15:00+00:00,84834.9,84646.73663876162,85117.14504185756,188.1633612383739,1.5,2025-04-20T08:15:00+00:00,84646.73663876162,SL,-1.0,0.6305007779747206,-1.6305007779747207,4,
XRP,RANGE_MEAN_REVERSION,LONG,10493,10494,2025-04-20T07:15:00+00:00,2025-04-20T07:30:00+00:00,2.0636,2.0580856211452216,2.071871568282168,0.005514378854778457,1.5,2025-04-20T08:45:00+00:00,2.0580856211452216,SL,-1.0,0.5232103217394135,-1.5232103217394135,5,
UNI,RANGE_MEAN_REVERSION,LONG,10494,10495,2025-04-20T07:30:00+00:00,2025-04-20T07:45:00+00:00,5.265,5.235134016659243,5.309798975011134,0.029865983340756408,1.5,2025-04-20T08:45:00+00:00,5.235134016659243,SL,-1.0,0.24610252164813923,-1.2461025216481392,4,
ADA,RANGE_MEAN_REVERSION,LONG,10493,10494,2025-04-20T07:15:00+00:00,2025-04-20T07:30:00+00:00,0.6233,0.6210132655621344,0.6267301016567983,0.002286734437865534,1.5,2025-04-20T09:30:00+00:00,0.6210132655621344,SL,-1.0,0.38090093518096235,-1.3809009351809625,8,
AVAX,RANGE_MEAN_REVERSION,LONG,10494,10495,2025-04-20T07:30:00+00:00,2025-04-20T07:45:00+00:00,19.619,19.450741076052218,19.871388385921673,0.16825892394778208,1.5,2025-04-20T10:30:00+00:00,19.450741076052218,SL,-1.0,0.1625400787759944,-1.1625400787759945,11,
BTC,RANGE_MEAN_REVERSION,LONG,10506,10507,2025-04-20T10:30:00+00:00,2025-04-20T10:45:00+00:00,84199.7,84040.72147300477,84438.16779049284,158.97852699522628,1.5,2025-04-20T10:45:00+00:00,84040.72147300477,SL,-1.0,0.7407811435731797,-1.7407811435731797,0,True
XRP,RANGE_MEAN_REVERSION,LONG,10507,10508,2025-04-20T10:45:00+00:00,2025-04-20T11:00:00+00:00,2.0459,2.03411450316559,2.063578245251615,0.011785496834410214,1.5,2025-04-20T19:30:00+00:00,2.063578245251615,TP,1.4999999999999811,0.2440826052642258,1.2559173947357554,34,
ETH,RANGE_MEAN_REVERSION,SHORT,10545,10546,2025-04-20T20:15:00+00:00,2025-04-20T20:30:00+00:00,1592.85,1602.9562081427023,1577.6906877859465,10.106208142702371,1.5,2025-04-20T22:15:00+00:00,1577.6906877859465,TP,1.4999999999999887,0.21960545934854525,1.2803945406514434,7,
AVAX,RANGE_MEAN_REVERSION,LONG,10652,10653,2025-04-21T23:00:00+00:00,2025-04-21T23:15:00+00:00,19.753,19.632351431717602,19.933972852423597,0.12064856828239812,1.5,2025-04-21T23:45:00+00:00,19.933972852423597,TP,1.5,0.23026283189428925,1.2697371681057108,2,
DOGE,RANGE_MEAN_REVERSION,SHORT,10686,10687,2025-04-22T07:30:00+00:00,2025-04-22T07:45:00+00:00,0.16399,0.1653445920072201,0.16195811198916985,0.0013545920072201012,1.5,2025-04-22T13:00:00+00:00,0.1653445920072201,SL,-1.0,0.1701871952412869,-1.170187195241287,21,
ETH,RANGE_MEAN_REVERSION,SHORT,10708,10709,2025-04-22T13:00:00+00:00,2025-04-22T13:15:00+00:00,1639.13,1646.506814943292,1628.064777585062,7.376814943291947,1.5,2025-04-22T13:30:00+00:00,1646.506814943292,SL,-1.0,0.3117803263523295,-1.3117803263523296,1,
SOL,RANGE_MEAN_REVERSION,SHORT,10709,10710,2025-04-22T13:15:00+00:00,2025-04-22T13:30:00+00:00,142.11,143.48624451738772,140.04563322391846,1.376244517387704,1.5,2025-04-22T13:45:00+00:00,143.48624451738772,SL,-1.0,0.14526297372042674,-1.1452629737204267,1,
UNI,RANGE_MEAN_REVERSION,SHORT,10742,10743,2025-04-22T21:30:00+00:00,2025-04-22T21:45:00+00:00,5.7,5.7520150810062285,5.621977378490658,0.052015081006228314,1.5,2025-04-22T21:45:00+00:00,5.7520150810062285,SL,-1.0,0.15411704454991568,-1.1541170445499156,0,True
DOGE,RANGE_MEAN_REVERSION,LONG,10882,10883,2025-04-24T08:30:00+00:00,2025-04-24T08:45:00+00:00,0.17058,0.16926852092856537,0.17254721860715197,0.0013114790714346403,1.5,2025-04-24T09:15:00+00:00,0.17254721860715197,TP,1.5,0.1831436416002134,1.3168563583997865,2,
ETH,RANGE_MEAN_REVERSION,LONG,10882,10883,2025-04-24T08:30:00+00:00,2025-04-24T08:45:00+00:00,1730.41,1714.410071440881,1754.4098928386788,15.999928559119098,1.5,2025-04-24T11:45:00+00:00,1754.4098928386788,TP,1.500000000000007,0.1524615510609117,1.3475384489390954,12,
UNI,RANGE_MEAN_REVERSION,LONG,10883,10884,2025-04-24T08:45:00+00:00,2025-04-24T09:00:00+00:00,5.671,5.615175973115318,5.754736040327024,0.055824026884682354,1.5,2025-04-24T11:45:00+00:00,5.754736040327024,TP,1.5,0.14327191488264895,1.356728085117351,11,
DOGE,RANGE_MEAN_REVERSION,SHORT,10906,10907,2025-04-24T14:30:00+00:00,2025-04-24T14:45:00+00:00,0.17692,0.17826692000372787,0.17489961999440817,0.0013469200037278806,1.5,2025-04-24T14:45:00+00:00,0.17826692000372787,SL,-1.0,0.18459213859358542,-1.1845921385935854,0,True
UNI,RANGE_MEAN_REVERSION,SHORT,10908,10909,2025-04-24T15:00:00+00:00,2025-04-24T15:15:00+00:00,5.901,5.954066764177625,5.821399853733562,0.05306676417762546,1.5,2025-04-24T17:00:00+00:00,5.821399853733562,TP,1.5,0.15462936217756526,1.3453706378224348,7,
XRP,RANGE_MEAN_REVERSION,SHORT,11066,11067,2025-04-26T06:30:00+00:00,2025-04-26T06:45:00+00:00,2.2178,2.2388336198597227,2.186249570210416,0.02103361985972274,1.5,2025-04-26T07:30:00+00:00,2.2388336198597227,SL,-1.0,0.14831700652133628,-1.1483170065213364,3,
ETH,RANGE_MEAN_REVERSION,SHORT,11073,11074,2025-04-26T08:15:00+00:00,2025-04-26T08:30:00+00:00,1827.67,1847.0585988242517,1798.5871017636227,19.38859882425163,1.5,2025-04-26T09:00:00+00:00,1798.5871017636227,TP,1.4999999999999942,0.1309212694658204,1.3690787305341738,2,
CRV,RANGE_MEAN_REVERSION,SHORT,11138,11139,2025-04-27T00:30:00+00:00,2025-04-27T00:45:00+00:00,0.687,0.6957437098616093,0.6738844352075862,0.008743709861609217,1.5,2025-04-27T01:15:00+00:00,0.6738844352075862,TP,1.5,0.10894907536078603,1.391050924639214,2,
AVAX,RANGE_MEAN_REVERSION,SHORT,11139,11140,2025-04-27T00:45:00+00:00,2025-04-27T01:00:00+00:00,22.723,22.81826608615999,22.580100870760013,0.09526608615999166,1.5,2025-04-27T01:15:00+00:00,22.580100870760013,TP,1.4999999999999813,0.3328799564230443,1.167120043576937,1,
UNI,RANGE_MEAN_REVERSION,SHORT,11139,11140,2025-04-27T00:45:00+00:00,2025-04-27T01:00:00+00:00,5.969,6.0215462089975755,5.890180686503637,0.05254620899757523,1.5,2025-04-27T01:15:00+00:00,5.890180686503637,TP,1.5000000000000084,0.1579833567239003,1.342016643276108,1,
ETH,RANGE_MEAN_REVERSION,SHORT,11140,11141,2025-04-27T01:00:00+00:00,2025-04-27T01:15:00+00:00,1849.91,1862.6593456049227,1830.7859815926163,12.74934560492261,1.5,2025-04-27T01:15:00+00:00,1830.7859815926163,TP,1.4999999999999911,0.2020877986176822,1.297912201382309,0,True
BNB,RANGE_MEAN_REVERSION,LONG,11142,11143,2025-04-27T01:30:00+00:00,2025-04-27T01:45:00+00:00,602.87,600.4035859997657,606.5696210003514,2.4664140002342947,1.5,2025-04-27T01:45:00+00:00,600.4035859997657,SL,-1.0,0.34150451226753625,-1.3415045122675362,0,True
XRP,RANGE_MEAN_REVERSION,LONG,11143,11144,2025-04-27T01:45:00+00:00,2025-04-27T02:00:00+00:00,2.1606,2.1490958965960774,2.177856155105884,0.011504103403922716,1.5,2025-04-27T03:15:00+00:00,2.177856155105884,TP,1.4999999999999807,0.26398574508106193,1.2360142549189188,5,
AVAX,RANGE_MEAN_REVERSION,LONG,11232,11233,2025-04-28T00:00:00+00:00,2025-04-28T00:15:00+00:00,21.438,21.246765622537808,21.724851566193287,0.19123437746219096,1.5,2025-04-28T01:30:00+00:00,21.246765622537808,SL,-1.0,0.15624458495535887,-1.1562445849553589,5,
FET,RANGE_MEAN_REVERSION,LONG,11412,11413,2025-04-29T21:00:00+00:00,2025-04-29T21:15:00+00:00,0.6959,0.6884491348545692,0.7070762977181462,0.007450865145430807,1.5,2025-04-29T23:00:00+00:00,0.6884491348545692,SL,-1.0,0.13005796984427484,-1.1300579698442748,7,
ADA,RANGE_MEAN_REVERSION,LONG,11413,11414,2025-04-29T21:15:00+00:00,2025-04-29T21:30:00+00:00,0.6971,0.6901089420337433,0.7075865869493851,0.006991057966256764,1.5,2025-04-29T23:00:00+00:00,0.6901089420337433,SL,-1.0,0.13889832756508377,-1.1388983275650837,6,
AVAX,RANGE_MEAN_REVERSION,LONG,11413,11414,2025-04-29T21:15:00+00:00,2025-04-29T21:30:00+00:00,21.539,21.361114018615265,21.80582897207711,0.17788598138473688,1.5,2025-04-29T23:00:00+00:00,21.361114018615265,SL,-1.0,0.16881644961151138,-1.1688164496115114,6,
DOGE,RANGE_MEAN_REVERSION,LONG,11413,11414,2025-04-29T21:15:00+00:00,2025-04-29T21:30:00+00:00,0.17508,0.17372359066511756,0.1771146140023237,0.001356409334882458,1.5,2025-04-29T23:00:00+00:00,0.17372359066511756,SL,-1.0,0.18000651218368433,-1.1800065121836842,6,
ETH,RANGE_MEAN_REVERSION,LONG,11413,11414,2025-04-29T21:15:00+00:00,2025-04-29T21:30:00+00:00,1795.25,1782.8885297226586,1813.7922054160122,12.361470277341368,1.5,2025-04-29T23:00:00+00:00,1782.8885297226586,SL,-1.0,0.20262128327865514,-1.2026212832786551,6,
CRV,RANGE_MEAN_REVERSION,LONG,11421,11422,2025-04-29T23:15:00+00:00,2025-04-29T23:30:00+00:00,0.642,0.6361473413322491,0.6507789880016264,0.005852658667750865,1.5,2025-04-30T00:00:00+00:00,0.6507789880016264,TP,1.5000000000000095,0.15462123164426786,1.3453787683557417,2,
ADA,RANGE_MEAN_REVERSION,LONG,11475,11476,2025-04-30T12:45:00+00:00,2025-04-30T13:00:00+00:00,0.6865,0.6798391658215713,0.696491251267643,0.006660834178428665,1.5,2025-04-30T13:00:00+00:00,0.6798391658215713,SL,-1.0,0.14359123654099581,-1.143591236540996,0,True
AVAX,RANGE_MEAN_REVERSION,LONG,11475,11476,2025-04-30T12:45:00+00:00,2025-04-30T13:00:00+00:00,21.191,20.942907698933432,21.563138451599848,0.248092301066567,1.5,2025-04-30T13:00:00+00:00,20.942907698933432,SL,-1.0,0.11888210662909598,-1.118882106629096,0,True
ETH,RANGE_MEAN_REVERSION,LONG,11475,11476,2025-04-30T12:45:00+00:00,2025-04-30T13:00:00+00:00,1774.28,1760.6462797633747,1794.730580354938,13.633720236625322,1.5,2025-04-30T13:00:00+00:00,1760.6462797633747,SL,-1.0,0.18149473165710556,-1.1814947316571056,0,True
LINK,RANGE_MEAN_REVERSION,LONG,11475,11476,2025-04-30T12:45:00+00:00,2025-04-30T13:00:00+00:00,14.297,14.168391464742017,14.489912802886977,0.12860853525798355,1.5,2025-04-30T13:00:00+00:00,14.168391464742017,SL,-1.0,0.1549335274315123,-1.1549335274315122,0,True
SOL,RANGE_MEAN_REVERSION,LONG,11475,11476,2025-04-30T12:45:00+00:00,2025-04-30T13:00:00+00:00,144.7,143.72451419777335,146.16322870333994,0.9754858022266433,1.5,2025-04-30T13:00:00+00:00,143.72451419777335,SL,-1.0,0.20697088515034354,-1.2069708851503436,0,True
BTC,RANGE_MEAN_REVERSION,SHORT,11558,11559,2025-05-01T09:30:00+00:00,2025-05-01T09:45:00+00:00,95386.0,95565.47132407442,95116.79301388838,179.47132407441677,1.5,2025-05-01T09:45:00+00:00,95565.47132407442,SL,-1.0,0.7447765297113885,-1.7447765297113884,0,True
ETH,RANGE_MEAN_REVERSION,SHORT,11562,11563,2025-05-01T10:30:00+00:00,2025-05-01T10:45:00+00:00,1838.57,1855.8534159405524,1812.6448760891712,17.28341594055246,1.5,2025-05-01T11:00:00+00:00,1855.8534159405524,SL,-1.0,0.14962877709206615,-1.1496287770920661,1,
BTC,RANGE_MEAN_REVERSION,SHORT,11562,11563,2025-05-01T10:30:00+00:00,2025-05-01T10:45:00+00:00,96092.8,96494.41200637468,95490.38199043798,401.61200637467846,1.5,2025-05-01T13:15:00+00:00,96494.41200637468,SL,-1.0,0.3356748460320983,-1.3356748460320982,10,
SUI,RANGE_MEAN_REVERSION,LONG,11614,11615,2025-05-01T23:30:00+00:00,2025-05-01T23:45:00+00:00,3.5319,3.505401984114241,3.5716470238286377,0.02649801588575862,1.5,2025-05-02T01:00:00+00:00,3.5716470238286377,TP,1.5,0.18765491492336644,1.3123450850766336,5,
XRP,RANGE_MEAN_REVERSION,LONG,11646,11647,2025-05-02T07:30:00+00:00,2025-05-02T07:45:00+00:00,2.1954,2.186985906935252,2.208021139597121,0.008414093064747608,1.5,2025-05-02T08:15:00+00:00,2.208021139597121,TP,1.4999999999999736,0.36633714103213877,1.1336628589678348,2,
SUI,RANGE_MEAN_REVERSION,LONG,11647,11648,2025-05-02T07:45:00+00:00,2025-05-02T08:00:00+00:00,3.4255,3.395153172966777,3.4710202405498345,0.030346827033223,1.5,2025-05-02T08:30:00+00:00,3.4710202405498345,TP,1.5,0.1590797009222671,1.340920299077733,2,
ETH,RANGE_MEAN_REVERSION,LONG,11646,11647,2025-05-02T07:30:00+00:00,2025-05-02T07:45:00+00:00,1818.04,1810.6248952336216,1829.1626571495676,7.415104766378363,1.5,2025-05-02T10:30:00+00:00,1829.1626571495676,TP,1.5000000000000153,0.3443028710235793,1.155697128976436,11,
FET,RANGE_MEAN_REVERSION,LONG,11744,11745,2025-05-03T08:00:00+00:00,2025-05-03T08:15:00+00:00,0.695,0.6882771955519561,0.7050842066720657,0.006722804448043851,1.5,2025-05-03T10:00:00+00:00,0.6882771955519561,SL,-1.0,0.1440312661731691,-1.144031266173169,7,
AVAX,RANGE_MEAN_REVERSION,LONG,11756,11757,2025-05-03T11:00:00+00:00,2025-05-03T11:15:00+00:00,20.678,20.550138567147034,20.86979214927945,0.12786143285296703,1.5,2025-05-03T13:15:00+00:00,20.86979214927945,TP,1.5,0.22746072725416616,1.2725392727458338,8,
ADA,RANGE_MEAN_REVERSION,SHORT,11768,11769,2025-05-03T14:00:00+00:00,2025-05-03T14:15:00+00:00,0.7119,0.7149195163613151,0.7073707254580273,0.0030195163613151443,1.5,2025-05-03T14:30:00+00:00,0.7149195163613151,SL,-1.0,0.33077272713233674,-1.3307727271323366,1,
AVAX,RANGE_MEAN_REVERSION,LONG,11782,11783,2025-05-03T17:30:00+00:00,2025-05-03T17:45:00+00:00,20.576,20.400313129807873,20.839530305288193,0.17568687019212703,1.5,2025-05-03T19:30:00+00:00,20.839530305288193,TP,1.5000000000000102,0.16501444406174462,1.3349855559382655,7,
SOL,RANGE_MEAN_REVERSION,LONG,11780,11781,2025-05-03T17:00:00+00:00,2025-05-03T17:15:00+00:00,146.37,145.68040109378796,147.40439835931807,0.6895989062120407,1.5,2025-05-03T19:45:00+00:00,147.40439835931807,TP,1.5,0.29820534371365576,1.2017946562863442,10,
LINK,RANGE_MEAN_REVERSION,LONG,11782,11783,2025-05-03T17:30:00+00:00,2025-05-03T17:45:00+00:00,14.205,14.103986596745454,14.35652010488182,0.10101340325454622,1.5,2025-05-03T19:45:00+00:00,14.35652010488182,TP,1.5000000000000089,0.1979248637236412,1.3020751362763676,8,
DOGE,RANGE_MEAN_REVERSION,LONG,11781,11782,2025-05-03T17:15:00+00:00,2025-05-03T17:30:00+00:00,0.17605,0.17474199641623328,0.1780120053756501,0.0013080035837667314,1.5,2025-05-04T00:45:00+00:00,0.17474199641623328,SL,-1.0,0.18773220543037542,-1.1877322054303754,29,
BTC,RANGE_MEAN_REVERSION,LONG,11807,11808,2025-05-03T23:45:00+00:00,2025-05-04T00:00:00+00:00,95803.3,95615.46229731063,96085.05655403406,187.83770268937224,1.5,2025-05-04T01:30:00+00:00,95615.46229731063,SL,-1.0,0.7133452533206407,-1.7133452533206408,6,
BNB,RANGE_MEAN_REVERSION,LONG,11844,11845,2025-05-04T09:00:00+00:00,2025-05-04T09:15:00+00:00,593.64,592.4274512868787,595.4588230696818,1.2125487131212367,1.5,2025-05-04T10:00:00+00:00,592.4274512868787,SL,-1.0,0.684712463026467,-1.6847124630264672,3,
FET,RANGE_MEAN_REVERSION,LONG,11780,11781,2025-05-03T17:00:00+00:00,2025-05-03T17:15:00+00:00,0.6797,0.6683990212989318,0.6966514680516023,0.011300978701068165,1.5,2025-05-04T15:45:00+00:00,0.6683990212989318,SL,-1.0,0.08350332655879238,-1.0835033265587923,90,
ADA,RANGE_MEAN_REVERSION,LONG,11947,11948,2025-05-05T10:45:00+00:00,2025-05-05T11:00:00+00:00,0.6709,0.6663532527846748,0.6777201208229879,0.00454674721532522,1.5,2025-05-05T11:15:00+00:00,0.6663532527846748,SL,-1.0,0.20587845169710337,-1.2058784516971033,1,
FET,RANGE_MEAN_REVERSION,LONG,12033,12034,2025-05-06T08:15:00+00:00,2025-05-06T08:30:00+00:00,0.6486,0.6419263815828529,0.6586104276257205,0.006673618417147087,1.5,2025-05-06T08:45:00+00:00,0.6586104276257205,TP,1.4999999999999918,0.1371141174309422,1.3628858825690495,1,
CRV,RANGE_MEAN_REVERSION,LONG,12033,12034,2025-05-06T08:15:00+00:00,2025-05-06T08:30:00+00:00,0.66,0.6524355189255296,0.6713467216117056,0.007564481074470386,1.5,2025-05-06T10:15:00+00:00,0.6524355189255296,SL,-1.0,0.12144981978320203,-1.1214498197832021,7,
ADA,RANGE_MEAN_REVERSION,LONG,12149,12150,2025-05-07T13:15:00+00:00,2025-05-07T13:30:00+00:00,0.6705,0.6677185010455068,0.6746722484317398,0.0027814989544932,1.5,2025-05-07T13:30:00+00:00,0.6746722484317398,TP,1.5,0.3385299039502191,1.161470096049781,0,True
FET,RANGE_MEAN_REVERSION,LONG,12161,12162,2025-05-07T16:15:00+00:00,2025-05-07T16:30:00+00:00,0.6586,0.651747783185282,0.6688783252220769,0.006852216814717926,1.5,2025-05-07T18:00:00+00:00,0.6688783252220769,TP,1.500000000000008,0.13561083263733623,1.3643891673626718,6,
SUI,RANGE_MEAN_REVERSION,LONG,12162,12163,2025-05-07T16:30:00+00:00,2025-05-07T16:45:00+00:00,3.2611,3.2327307719963945,3.3036538420054082,0.028369228003605418,1.5,2025-05-07T18:00:00+00:00,3.2327307719963945,SL,-1.0,0.16023282479945422,-1.1602328247994542,5,
ETH,RANGE_MEAN_REVERSION,LONG,12167,12168,2025-05-07T17:45:00+00:00,2025-05-07T18:00:00+00:00,1795.27,1782.3999668663046,1814.575049700543,12.870033133695415,1.5,2025-05-07T18:30:00+00:00,1814.575049700543,TP,1.5,0.19633916311953004,1.30366083688047,2,
FET,RANGE_MEAN_REVERSION,SHORT,12197,12198,2025-05-08T01:15:00+00:00,2025-05-08T01:30:00+00:00,0.701,0.7093091738944585,0.6885362391583122,0.00830917389445851,1.5,2025-05-08T02:30:00+00:00,0.7093091738944585,SL,-1.0,0.11881041777023198,-1.118810417770232,4,
ADA,RANGE_MEAN_REVERSION,SHORT,12203,12204,2025-05-08T02:45:00+00:00,2025-05-08T03:00:00+00:00,0.6965,0.701493636367462,0.689009545448807,0.004993636367461973,1.5,2025-05-08T03:00:00+00:00,0.701493636367462,SL,-1.0,0.19596852342586504,-1.195968523425865,0,True
DOGE,RANGE_MEAN_REVERSION,SHORT,12203,12204,2025-05-08T02:45:00+00:00,2025-05-08T03:00:00+00:00,0.17691,0.17784426805323272,0.17550859792015094,0.0009342680532327119,1.5,2025-05-08T03:00:00+00:00,0.17784426805323272,SL,-1.0,0.26579950665979607,-1.265799506659796,0,True
LINK,RANGE_MEAN_REVERSION,SHORT,12202,12203,2025-05-08T02:30:00+00:00,2025-05-08T02:45:00+00:00,14.229,14.350002251517026,14.04749662272446,0.1210022515170266,1.5,2025-05-08T03:15:00+00:00,14.350002251517026,SL,-1.0,0.1653299944856556,-1.1653299944856557,2,
XRP,RANGE_MEAN_REVERSION,SHORT,12204,12205,2025-05-08T03:00:00+00:00,2025-05-08T03:15:00+00:00,2.1696,2.1808476818722187,2.1527284771916717,0.011247681872218696,1.5,2025-05-08T03:45:00+00:00,2.1808476818722187,SL,-1.0,0.2707503121005182,-1.2707503121005181,2,
SOL,RANGE_MEAN_REVERSION,SHORT,12224,12225,2025-05-08T08:00:00+00:00,2025-05-08T08:15:00+00:00,152.09,152.86662959976252,150.92505560035625,0.776629599762515,1.5,2025-05-08T08:30:00+00:00,152.86662959976252,SL,-1.0,0.2748667328480791,-1.2748667328480792,1,
LINK,RANGE_MEAN_REVERSION,SHORT,12224,12225,2025-05-08T08:00:00+00:00,2025-05-08T08:15:00+00:00,14.729,14.81452212408858,14.600716813867129,0.0855221240885804,1.5,2025-05-08T09:45:00+00:00,14.81452212408858,SL,-1.0,0.2418142171660985,-1.2418142171660984,6,
SUI,RANGE_MEAN_REVERSION,SHORT,12226,12227,2025-05-08T08:30:00+00:00,2025-05-08T08:45:00+00:00,3.6944,3.7422168556425492,3.622674716536176,0.04781685564254934,1.5,2025-05-08T10:30:00+00:00,3.7422168556425492,SL,-1.0,0.10886604167082888,-1.108866041670829,7,
CRV,RANGE_MEAN_REVERSION,SHORT,12226,12227,2025-05-08T08:30:00+00:00,2025-05-08T08:45:00+00:00,0.729,0.7347553061106761,0.7203670408339858,0.005755306110676095,1.5,2025-05-08T10:45:00+00:00,0.7347553061106761,SL,-1.0,0.17803200986595427,-1.1780320098659542,8,
DOGE,RANGE_MEAN_REVERSION,SHORT,12235,12236,2025-05-08T10:45:00+00:00,2025-05-08T11:00:00+00:00,0.18503,0.18618280001428295,0.18330079997857557,0.0011528000142829453,1.5,2025-05-08T11:15:00+00:00,0.18330079997857557,TP,1.500000000000012,0.22365679804868582,1.2763432019513261,1,
SOL,RANGE_MEAN_REVERSION,SHORT,12232,12233,2025-05-08T10:00:00+00:00,2025-05-08T10:15:00+00:00,154.54,155.65300961093703,152.87048558359442,1.1130096109370413,1.5,2025-05-08T12:30:00+00:00,155.65300961093703,SL,-1.0,0.1950882585325118,-1.1950882585325118,9,
ADA,RANGE_MEAN_REVERSION,SHORT,12253,12254,2025-05-08T15:15:00+00:00,2025-05-08T15:30:00+00:00,0.7327,0.7399810556249639,0.7217784165625543,0.007281055624963839,1.5,2025-05-08T15:30:00+00:00,0.7399810556249639,SL,-1.0,0.1415834175751946,-1.1415834175751947,0,True
LINK,RANGE_MEAN_REVERSION,SHORT,12253,12254,2025-05-08T15:15:00+00:00,2025-05-08T15:30:00+00:00,15.132,15.254495581850279,14.94825662722458,0.12249558185027887,1.5,2025-05-08T15:30:00+00:00,15.254495581850279,SL,-1.0,0.1736433803244698,-1.17364338032447,0,True
UNI,RANGE_MEAN_REVERSION,SHORT,12385,12386,2025-05-10T00:15:00+00:00,2025-05-10T00:30:00+00:00,6.559,6.731293137800887,6.30056029329867,0.17229313780088695,1.5,2025-05-10T14:45:00+00:00,6.731293137800887,SL,-1.0,0.05399637684474702,-1.0539963768447471,57,
CRV,RANGE_MEAN_REVERSION,LONG,12820,12821,2025-05-14T13:00:00+00:00,2025-05-14T13:15:00+00:00,0.737,0.7293138042369318,0.7485292936446022,0.007686195763068171,1.5,2025-05-14T13:45:00+00:00,0.7293138042369318,SL,-1.0,0.13354066102476247,-1.1335406610247625,2,
FET,RANGE_MEAN_REVERSION,LONG,12871,12872,2025-05-15T01:45:00+00:00,2025-05-15T02:00:00+00:00,0.8115,0.7991026115277743,0.8300960827083386,0.012397388472225712,1.5,2025-05-15T05:45:00+00:00,0.7991026115277743,SL,-1.0,0.0909402678310229,-1.090940267831023,15,
CRV,RANGE_MEAN_REVERSION,LONG,12880,12881,2025-05-15T04:00:00+00:00,2025-05-15T04:15:00+00:00,0.702,0.6923755437880188,0.7164366843179717,0.009624456211981158,1.5,2025-05-15T05:45:00+00:00,0.6923755437880188,SL,-1.0,0.10141486013895992,-1.10141486013896,6,
SUI,RANGE_MEAN_REVERSION,LONG,12887,12888,2025-05-15T05:45:00+00:00,2025-05-15T06:00:00+00:00,3.8005,3.7642494653193124,3.8548758020210316,0.03625053468068762,1.5,2025-05-15T06:30:00+00:00,3.7642494653193124,SL,-1.0,0.14607576611951575,-1.1460757661195158,2,
SUI,RANGE_MEAN_REVERSION,LONG,12894,12895,2025-05-15T07:30:00+00:00,2025-05-15T07:45:00+00:00,3.7179,3.6890281719444578,3.7612077420833137,0.028871828055542448,1.5,2025-05-15T07:45:00+00:00,3.6890281719444578,SL,-1.0,0.17958162227853108,-1.1795816222785311,0,True
FET,RANGE_MEAN_REVERSION,LONG,12894,12895,2025-05-15T07:30:00+00:00,2025-05-15T07:45:00+00:00,0.7775,0.7647012441755086,0.7966981337367371,0.012798755824491415,1.5,2025-05-15T14:00:00+00:00,0.7647012441755086,SL,-1.0,0.08434732920344262,-1.0843473292034427,25,
UNI,RANGE_MEAN_REVERSION,LONG,13058,13059,2025-05-17T00:30:00+00:00,2025-05-17T00:45:00+00:00,5.971,5.899618595661942,6.078072106507086,0.07138140433805784,1.5,2025-05-17T01:15:00+00:00,5.899618595661942,SL,-1.0,0.1164089316260914,-1.1164089316260914,2,
LINK,RANGE_MEAN_REVERSION,LONG,13058,13059,2025-05-17T00:30:00+00:00,2025-05-17T00:45:00+00:00,15.545,15.364254412279983,15.816118381580026,0.1807455877200166,1.5,2025-05-17T01:30:00+00:00,15.364254412279983,SL,-1.0,0.11970681199760135,-1.1197068119976012,3,
AVAX,RANGE_MEAN_REVERSION,SHORT,13175,13176,2025-05-18T05:45:00+00:00,2025-05-18T06:00:00+00:00,22.864,23.00879527271643,22.646807090925357,0.14479527271642922,1.5,2025-05-18T07:45:00+00:00,23.00879527271643,SL,-1.0,0.22176799068425684,-1.221767990684257,7,
BTC,RANGE_MEAN_REVERSION,SHORT,13184,13185,2025-05-18T08:00:00+00:00,2025-05-18T08:15:00+00:00,103864.4,104159.25619595248,103422.11570607127,294.85619595248136,1.5,2025-05-18T13:30:00+00:00,104159.25619595248,SL,-1.0,0.4938561961256331,-1.4938561961256331,21,
BTC,RANGE_MEAN_REVERSION,SHORT,13209,13210,2025-05-18T14:15:00+00:00,2025-05-18T14:30:00+00:00,104765.4,105007.68984765865,104401.96522851201,242.28984765865607,1.5,2025-05-18T14:30:00+00:00,105007.68984765865,SL,-1.0,0.6060557811742673,-1.6060557811742673,0,True
SUI,RANGE_MEAN_REVERSION,SHORT,13210,13211,2025-05-18T14:30:00+00:00,2025-05-18T14:45:00+00:00,3.948,3.977262670907678,3.904105993638483,0.02926267090767798,1.5,2025-05-18T14:45:00+00:00,3.977262670907678,SL,-1.0,0.18958228000232766,-1.1895822800023277,0,True
XRP,RANGE_MEAN_REVERSION,SHORT,13210,13211,2025-05-18T14:30:00+00:00,2025-05-18T14:45:00+00:00,2.4279,2.441317225944053,2.407774161083921,0.013417225944052813,1.5,2025-05-18T15:45:00+00:00,2.441317225944053,SL,-1.0,0.25403552659643736,-1.2540355265964374,4,
AVAX,RANGE_MEAN_REVERSION,SHORT,13211,13212,2025-05-18T14:45:00+00:00,2025-05-18T15:00:00+00:00,23.543,23.797660617318996,23.161009074021504,0.25466061731899714,1.5,2025-05-18T15:45:00+00:00,23.797660617318996,SL,-1.0,0.1301279435391176,-1.1301279435391176,3,
CRV,RANGE_MEAN_REVERSION,SHORT,13211,13212,2025-05-18T14:45:00+00:00,2025-05-18T15:00:00+00:00,0.709,0.7178648237525992,0.6957027643711011,0.008864823752599227,1.5,2025-05-18T15:45:00+00:00,0.7178648237525992,SL,-1.0,0.11267064123344392,-1.112670641233444,3,
ETH,RANGE_MEAN_REVERSION,SHORT,13211,13212,2025-05-18T14:45:00+00:00,2025-05-18T15:00:00+00:00,2556.82,2576.9159864360595,2526.676020345911,20.09598643605932,1.5,2025-05-18T15:45:00+00:00,2576.9159864360595,SL,-1.0,0.17882253264547504,-1.178822532645475,3,
FET,RANGE_MEAN_REVERSION,SHORT,13211,13212,2025-05-18T14:45:00+00:00,2025-05-18T15:00:00+00:00,0.7905,0.803118127255738,0.771572809116393,0.012618127255737965,1.5,2025-05-18T17:45:00+00:00,0.771572809116393,TP,1.5,0.08665715158992704,1.413342848410073,11,
SUI,RANGE_MEAN_REVERSION,LONG,13299,13300,2025-05-19T12:45:00+00:00,2025-05-19T13:00:00+00:00,3.598,3.5638863084367354,3.6491705373448964,0.03411369156326449,1.5,2025-05-19T13:30:00+00:00,3.6491705373448964,TP,1.4999999999999936,0.14870918811977343,1.35129081188022,2,
ETH,RANGE_MEAN_REVERSION,SHORT,13316,13317,2025-05-19T17:00:00+00:00,2025-05-19T17:15:00+00:00,2517.9,2559.6474196662593,2455.2788705006114,41.74741966625925,1.5,2025-05-20T00:15:00+00:00,2559.6474196662593,SL,-1.0,0.08513779347754503,-1.085137793477545,28,
SOL,RANGE_MEAN_REVERSION,SHORT,13350,13351,2025-05-20T01:30:00+00:00,2025-05-20T01:45:00+00:00,169.7,171.11109086754087,167.5833636986887,1.411090867540878,1.5,2025-05-20T02:00:00+00:00,171.11109086754087,SL,-1.0,0.1690661948815763,-1.1690661948815764,1,
UNI,RANGE_MEAN_REVERSION,SHORT,13316,13317,2025-05-19T17:00:00+00:00,2025-05-19T17:15:00+00:00,5.984,6.093589890540388,5.819615164189418,0.10958989054038781,1.5,2025-05-20T02:15:00+00:00,6.093589890540388,SL,-1.0,0.07714500746090765,-1.0771450074609077,36,
SUI,RANGE_MEAN_REVERSION,SHORT,13352,13353,2025-05-20T02:00:00+00:00,2025-05-20T02:15:00+00:00,3.9178,3.943961185401243,3.878558221898136,0.026161185401242903,1.5,2025-05-20T02:15:00+00:00,3.878558221898136,TP,1.5,0.2086086953486983,1.2913913046513017,0,True
ETH,RANGE_MEAN_REVERSION,SHORT,13354,13355,2025-05-20T02:30:00+00:00,2025-05-20T02:45:00+00:00,2574.9,2599.886454105756,2537.420318841366,24.98645410575591,1.5,2025-05-20T06:15:00+00:00,2537.420318841366,TP,1.5,0.14322257204012712,1.356777427959873,14,
LINK,RANGE_MEAN_REVERSION,SHORT,13353,13354,2025-05-20T02:15:00+00:00,2025-05-20T02:30:00+00:00,16.278,16.496238473706658,15.95064228944001,0.21823847370665916,1.5,2025-05-20T07:30:00+00:00,15.95064228944001,TP,1.5,0.103373384259146,1.396626615740854,20,
ETH,RANGE_MEAN_REVERSION,LONG,13394,13395,2025-05-20T12:30:00+00:00,2025-05-20T12:45:00+00:00,2486.45,2468.330474007949,2513.629288988076,18.119525992050967,1.5,2025-05-20T13:30:00+00:00,2468.330474007949,SL,-1.0,0.1914148490047216,-1.1914148490047216,3,
LINK,RANGE_MEAN_REVERSION,LONG,13394,13395,2025-05-20T12:30:00+00:00,2025-05-20T12:45:00+00:00,15.5,15.38464198749755,15.673037018753675,0.11535801250244937,1.5,2025-05-20T18:15:00+00:00,15.38464198749755,SL,-1.0,0.18741003699928732,-1.1874100369992873,22,
FET,RANGE_MEAN_REVERSION,SHORT,13427,13428,2025-05-20T20:45:00+00:00,2025-05-20T21:00:00+00:00,0.755,0.7633683828995442,0.7424474256506837,0.008368382899544224,1.5,2025-05-20T21:30:00+00:00,0.7424474256506837,TP,1.5,0.1252587519642019,1.3747412480357981,2,
FET,RANGE_MEAN_REVERSION,SHORT,13453,13454,2025-05-21T03:15:00+00:00,2025-05-21T03:30:00+00:00,0.7738,0.7812940477889808,0.7625589283165288,0.007494047788980773,1.5,2025-05-21T04:00:00+00:00,0.7812940477889808,SL,-1.0,0.1452573914797969,-1.145257391479797,2,
BNB,RANGE_MEAN_REVERSION,SHORT,13455,13456,2025-05-21T03:45:00+00:00,2025-05-21T04:00:00+00:00,657.01,659.7299407942392,652.9300888086412,2.7199407942391645,1.5,2025-05-21T04:00:00+00:00,659.7299407942392,SL,-1.0,0.33887427274452675,-1.3388742727445266,0,True
ETH,RANGE_MEAN_REVERSION,SHORT,13461,13462,2025-05-21T05:15:00+00:00,2025-05-21T05:30:00+00:00,2579.54,2604.4015279919504,2542.2477080120743,24.861527991950425,1.5,2025-05-21T06:15:00+00:00,2604.4015279919504,SL,-1.0,0.14595881117078854,-1.1459588111707886,3,
SUI,RANGE_MEAN_REVERSION,SHORT,13551,13552,2025-05-22T03:45:00+00:00,2025-05-22T04:00:00+00:00,4.0493,4.0928213893716725,3.9840179159424904,0.043521389371672825,1.5,2025-05-22T07:15:00+00:00,4.0928213893716725,SL,-1.0,0.13095824960656813,-1.1309582496065682,13,
ADA,RANGE_MEAN_REVERSION,SHORT,13569,13570,2025-05-22T08:15:00+00:00,2025-05-22T08:30:00+00:00,0.7993,0.8048501642534845,0.7909747536197732,0.005550164253484535,1.5,2025-05-22T09:00:00+00:00,0.8048501642534845,SL,-1.0,0.20231925825842914,-1.2023192582584292,2,
AVAX,RANGE_MEAN_REVERSION,SHORT,13569,13570,2025-05-22T08:15:00+00:00,2025-05-22T08:30:00+00:00,24.378,24.59469151237699,24.052962731434516,0.2166915123769897,1.5,2025-05-22T09:15:00+00:00,24.59469151237699,SL,-1.0,0.15820132354341424,-1.1582013235434143,3,
XRP,RANGE_MEAN_REVERSION,SHORT,13572,13573,2025-05-22T09:00:00+00:00,2025-05-22T09:15:00+00:00,2.4432,2.455993722832571,2.4240094157511436,0.012793722832570964,1.5,2025-05-22T10:00:00+00:00,2.4240094157511436,TP,1.5,0.2663061124281944,1.2336938875718055,3,
SOL,RANGE_MEAN_REVERSION,SHORT,13572,13573,2025-05-22T09:00:00+00:00,2025-05-22T09:15:00+00:00,180.13,181.6070853256717,177.91437201149245,1.477085325671709,1.5,2025-05-22T11:00:00+00:00,177.91437201149245,TP,1.4999999999999905,0.1696794735226751,1.3303205264773155,7,
XRP,RANGE_MEAN_REVERSION,SHORT,13641,13642,2025-05-23T02:15:00+00:00,2025-05-23T02:30:00+00:00,2.471,2.482860007873808,2.4532099881892884,0.01186000787380781,1.5,2025-05-23T04:15:00+00:00,2.4532099881892884,TP,1.5,0.2906361469915124,1.2093638530084876,7,
ETH,RANGE_MEAN_REVERSION,SHORT,13641,13642,2025-05-23T02:15:00+00:00,2025-05-23T02:30:00+00:00,2722.0,2745.5935952295135,2686.6096071557295,23.59359522951354,1.5,2025-05-23T04:30:00+00:00,2686.6096071557295,TP,1.5000000000000095,0.16046841052325167,1.3395315894767579,8,
UNI,RANGE_MEAN_REVERSION,SHORT,13642,13643,2025-05-23T02:30:00+00:00,2025-05-23T02:45:00+00:00,6.687,6.838896858023728,6.459154712964409,0.15189685802372743,1.5,2025-05-23T06:30:00+00:00,6.459154712964409,TP,1.5,0.060582611245570454,1.4394173887544295,15,
SUI,RANGE_MEAN_REVERSION,LONG,13726,13727,2025-05-23T23:30:00+00:00,2025-05-23T23:45:00+00:00,3.56,3.515315030222412,3.6270274546663823,0.04468496977758818,1.5,2025-05-24T00:00:00+00:00,3.6270274546663823,TP,1.5,0.11258638516053632,1.3874136148394638,1,
UNI,RANGE_MEAN_REVERSION,LONG,13726,13727,2025-05-23T23:30:00+00:00,2025-05-23T23:45:00+00:00,5.956,5.894730741481888,6.047903887777169,0.061269258518112046,1.5,2025-05-24T00:15:00+00:00,6.047903887777169,TP,1.5000000000000073,0.13714435141988954,1.3628556485801178,2,
LINK,RANGE_MEAN_REVERSION,LONG,13726,13727,2025-05-23T23:30:00+00:00,2025-05-23T23:45:00+00:00,15.501,15.350346205963652,15.726980691054521,0.15065379403634793,1.5,2025-05-24T03:00:00+00:00,15.726980691054521,TP,1.5,0.14509814786651937,1.3549018521334806,13,
BTC,RANGE_MEAN_REVERSION,LONG,13818,13819,2025-05-24T22:30:00+00:00,2025-05-24T22:45:00+00:00,108200.4,107897.39251808825,108654.91122286761,303.0074819117435,1.5,2025-05-24T23:00:00+00:00,107897.39251808825,SL,-1.0,0.4992234970842122,-1.4992234970842122,1,
ETH,RANGE_MEAN_REVERSION,LONG,13819,13820,2025-05-24T22:45:00+00:00,2025-05-24T23:00:00+00:00,2524.3,2504.5881152823977,2553.867827076404,19.711884717602516,1.5,2025-05-25T00:30:00+00:00,2504.5881152823977,SL,-1.0,0.17858371896595743,-1.1785837189659574,6,
XRP,RANGE_MEAN_REVERSION,LONG,13820,13821,2025-05-24T23:00:00+00:00,2025-05-24T23:15:00+00:00,2.3276,2.3154350712430225,2.345847393135466,0.012164928756977389,1.5,2025-05-25T00:30:00+00:00,2.3154350712430225,SL,-1.0,0.26717168795632734,-1.2671716879563273,5,
SOL,RANGE_MEAN_REVERSION,LONG,13827,13828,2025-05-25T00:45:00+00:00,2025-05-25T01:00:00+00:00,172.21,170.88288891090144,174.20066663364787,1.3271110890985653,1.5,2025-05-25T01:00:00+00:00,170.88288891090144,SL,-1.0,0.18096828834484546,-1.1809682883448454,0,True
UNI,RANGE_MEAN_REVERSION,LONG,13828,13829,2025-05-25T01:00:00+00:00,2025-05-25T01:15:00+00:00,6.01,5.965907979006463,6.076138031490305,0.04409202099353671,1.5,2025-05-25T02:15:00+00:00,5.965907979006463,SL,-1.0,0.19012817730748557,-1.1901281773074857,4,
LINK,RANGE_MEAN_REVERSION,LONG,13828,13829,2025-05-25T01:00:00+00:00,2025-05-25T01:15:00+00:00,15.151,15.056407011381546,15.29288948292768,0.09459298861845333,1.5,2025-05-25T02:30:00+00:00,15.29288948292768,TP,1.5000000000000093,0.22528860700244382,1.2747113929975655,5,
ADA,RANGE_MEAN_REVERSION,LONG,13827,13828,2025-05-25T00:45:00+00:00,2025-05-25T01:00:00+00:00,0.7361,0.7300133692562794,0.7452299461155809,0.006086630743720622,1.5,2025-05-25T03:30:00+00:00,0.7452299461155809,TP,1.5,0.1703620616957377,1.3296379383042622,10,
AVAX,RANGE_MEAN_REVERSION,LONG,13857,13858,2025-05-25T08:15:00+00:00,2025-05-25T08:30:00+00:00,22.289,22.15706962397413,22.486895564038807,0.13193037602587054,1.5,2025-05-25T08:45:00+00:00,22.15706962397413,SL,-1.0,0.2358232400602043,-1.2358232400602043,1,
SUI,RANGE_MEAN_REVERSION,LONG,13859,13860,2025-05-25T08:45:00+00:00,2025-05-25T09:00:00+00:00,3.5138,3.467171315645756,3.5837430265313652,0.04662868435424361,1.5,2025-05-25T09:15:00+00:00,3.467171315645756,SL,-1.0,0.10479986704808882,-1.1047998670480887,1,
BTC,RANGE_MEAN_REVERSION,LONG,13859,13860,2025-05-25T08:45:00+00:00,2025-05-25T09:00:00+00:00,107065.3,106715.35200026941,107590.22199959589,349.9479997305898,1.5,2025-05-25T09:30:00+00:00,106715.35200026941,SL,-1.0,0.4276248371626501,-1.42762483716265,2,
ETH,RANGE_MEAN_REVERSION,LONG,13859,13860,2025-05-25T08:45:00+00:00,2025-05-25T09:00:00+00:00,2476.49,2450.7294009352045,2515.1308985971928,25.760599064795315,1.5,2025-05-25T12:15:00+00:00,2515.1308985971928,TP,1.5,0.13563871788188162,1.3643612821181184,13,
UNI,RANGE_MEAN_REVERSION,LONG,13859,13860,2025-05-25T08:45:00+00:00,2025-05-25T09:00:00+00:00,5.923,5.862098992210926,6.014351511683611,0.0609010077890737,1.5,2025-05-25T12:15:00+00:00,6.014351511683611,TP,1.5,0.13720866635112908,1.3627913336488708,13,
LINK,RANGE_MEAN_REVERSION,LONG,13859,13860,2025-05-25T08:45:00+00:00,2025-05-25T09:00:00+00:00,15.105,15.009038262448739,15.248942606326892,0.0959617375512618,1.5,2025-05-25T13:30:00+00:00,15.248942606326892,TP,1.4999999999999907,0.2214190818822813,1.2785809181177095,18,
ADA,RANGE_MEAN_REVERSION,SHORT,13879,13880,2025-05-25T13:45:00+00:00,2025-05-25T14:00:00+00:00,0.7491,0.7540689031847778,0.7416466452228332,0.004968903184777829,1.5,2025-05-25T14:30:00+00:00,0.7416466452228332,TP,1.500000000000011,0.21001066288689252,1.2899893371131186,2,
LINK,RANGE_MEAN_REVERSION,LONG,13885,13886,2025-05-25T15:15:00+00:00,2025-05-25T15:30:00+00:00,14.9,14.79899991094756,15.051500133578662,0.10100008905244096,1.5,2025-05-25T15:45:00+00:00,15.051500133578662,TP,1.5,0.20758447136238797,1.292415528637612,1,
DOGE,RANGE_MEAN_REVERSION,SHORT,13916,13917,2025-05-25T23:00:00+00:00,2025-05-25T23:15:00+00:00,0.22409,0.22567544310809862,0.2217118353378521,0.0015854431080986053,1.5,2025-05-26T00:30:00+00:00,0.22567544310809862,SL,-1.0,0.1985790651001323,-1.1985790651001322,5,
ETH,RANGE_MEAN_REVERSION,SHORT,13948,13949,2025-05-26T07:00:00+00:00,2025-05-26T07:15:00+00:00,2585.01,2605.036064040627,2554.97090393906,20.026064040626807,1.5,2025-05-26T09:30:00+00:00,2554.97090393906,TP,1.5,0.17966519159521907,1.320334808404781,9,
AVAX,RANGE_MEAN_REVERSION,SHORT,13948,13949,2025-05-26T07:00:00+00:00,2025-05-26T07:15:00+00:00,23.801,24.02020556823156,23.472191647652657,0.2192055682315619,1.5,2025-05-26T13:45:00+00:00,23.472191647652657,TP,1.499999999999992,0.15095982469934485,1.3490401753006471,26,
XRP,RANGE_MEAN_REVERSION,LONG,13977,13978,2025-05-26T14:15:00+00:00,2025-05-26T14:30:00+00:00,2.3197,2.3089125874675287,2.3358811187987074,0.010787412532471397,1.5,2025-05-26T15:30:00+00:00,2.3358811187987074,TP,1.5000000000000207,0.3021027306918501,1.1978972693081706,4,
SOL,RANGE_MEAN_REVERSION,LONG,14021,14022,2025-05-27T01:15:00+00:00,2025-05-27T01:30:00+00:00,172.06,170.4822978047232,174.4265532929152,1.5777021952767996,1.5,2025-05-27T06:00:00+00:00,174.4265532929152,TP,1.5,0.1537302718036012,1.346269728196399,18,
SOL,RANGE_MEAN_REVERSION,SHORT,14069,14070,2025-05-27T13:15:00+00:00,2025-05-27T13:30:00+00:00,178.65,179.75654873597722,176.9901768960342,1.1065487359772135,1.5,2025-05-27T14:15:00+00:00,176.9901768960342,TP,1.4999999999999871,0.22497709837187901,1.275022901628108,3,
UNI,RANGE_MEAN_REVERSION,LONG,14104,14105,2025-05-27T22:00:00+00:00,2025-05-27T22:15:00+00:00,6.36,6.257997977362746,6.513003033955882,0.10200202263725444,1.5,2025-05-28T00:00:00+00:00,6.257997977362746,SL,-1.0,0.08659238665849721,-1.0865923866584972,7,
ETH,RANGE_MEAN_REVERSION,LONG,14121,14122,2025-05-28T02:15:00+00:00,2025-05-28T02:30:00+00:00,2621.43,2608.730510179086,2640.4792347313705,12.69948982091364,1.5,2025-05-28T02:45:00+00:00,2640.4792347313705,TP,1.500000000000018,0.29003814454390175,1.2099618554561162,1,
ETH,RANGE_MEAN_REVERSION,SHORT,14161,14162,2025-05-28T12:15:00+00:00,2025-05-28T12:30:00+00:00,2670.77,2689.531679818927,2642.62748027161,18.76167981892695,1.5,2025-05-28T14:00:00+00:00,2642.62748027161,TP,1.4999999999999878,0.1982433487878833,1.3017566512121044,6,
SOL,RANGE_MEAN_REVERSION,LONG,14169,14170,2025-05-28T14:15:00+00:00,2025-05-28T14:30:00+00:00,171.95,170.74637078377097,173.7554438243435,1.203629216229018,1.5,2025-05-28T14:30:00+00:00,170.74637078377097,SL,-1.0,0.19930345351719642,-1.1993034535171965,0,True
XRP,RANGE_MEAN_REVERSION,LONG,14168,14169,2025-05-28T14:00:00+00:00,2025-05-28T14:15:00+00:00,2.2769,2.2681597852978044,2.290010322053293,0.008740214702195548,1.5,2025-05-28T14:45:00+00:00,2.2681597852978044,SL,-1.0,0.3640118644807727,-1.3640118644807728,2,
BTC,RANGE_MEAN_REVERSION,LONG,14169,14170,2025-05-28T14:15:00+00:00,2025-05-28T14:30:00+00:00,107904.3,107383.91670357418,108684.87494463872,520.3832964258181,1.5,2025-05-28T15:00:00+00:00,107383.91670357418,SL,-1.0,0.28959759609421826,-1.2895975960942183,2,
AVAX,RANGE_MEAN_REVERSION,LONG,14264,14265,2025-05-29T14:00:00+00:00,2025-05-29T14:15:00+00:00,22.88,22.711363927611245,23.132954108583128,0.1686360723887539,1.5,2025-05-29T14:15:00+00:00,22.711363927611245,SL,-1.0,0.18924749786485281,-1.1892474978648528,0,True
SOL,RANGE_MEAN_REVERSION,LONG,14265,14266,2025-05-29T14:15:00+00:00,2025-05-29T14:30:00+00:00,169.36,168.256203354604,171.01569496809404,1.1037966453960166,1.5,2025-05-29T16:45:00+00:00,168.256203354604,SL,-1.0,0.21410768308997044,-1.2141076830899704,9,
BNB,RANGE_MEAN_REVERSION,LONG,14275,14276,2025-05-29T16:45:00+00:00,2025-05-29T17:00:00+00:00,678.53,676.5096304819211,681.5605542771182,2.0203695180788372,1.5,2025-05-29T18:30:00+00:00,676.5096304819211,SL,-1.0,0.4694823065036621,-1.4694823065036622,6,
AVAX,RANGE_MEAN_REVERSION,LONG,14303,14304,2025-05-29T23:45:00+00:00,2025-05-30T00:00:00+00:00,22.236,22.054120545038746,22.508819182441883,0.1818794549612548,1.5,2025-05-30T00:30:00+00:00,22.054120545038746,SL,-1.0,0.17045951885072239,-1.1704595188507223,2,
BTC,RANGE_MEAN_REVERSION,LONG,14335,14336,2025-05-30T07:45:00+00:00,2025-05-30T08:00:00+00:00,104997.5,104494.68998355465,105751.71502466802,502.8100164453499,1.5,2025-05-30T10:30:00+00:00,105751.71502466802,TP,1.5,0.2933999834772622,1.2066000165227377,10,
AVAX,RANGE_MEAN_REVERSION,LONG,14331,14332,2025-05-30T06:45:00+00:00,2025-05-30T07:00:00+00:00,21.409,21.187620614138268,21.741069078792595,0.22137938586173078,1.5,2025-05-30T11:00:00+00:00,21.741069078792595,TP,1.5,0.13644020303688212,1.363559796963118,16,
UNI,RANGE_MEAN_REVERSION,LONG,14396,14397,2025-05-30T23:00:00+00:00,2025-05-30T23:15:00+00:00,6.176,6.084709172744516,6.312936240883227,0.09129082725548443,1.5,2025-05-31T00:15:00+00:00,6.084709172744516,SL,-1.0,0.09401269195318367,-1.0940126919531836,4,
CRV,RANGE_MEAN_REVERSION,LONG,14397,14398,2025-05-30T23:15:00+00:00,2025-05-30T23:30:00+00:00,0.663,0.651399533845182,0.6804006992322271,0.011600466154818023,1.5,2025-05-31T00:15:00+00:00,0.651399533845182,SL,-1.0,0.07931402595485273,-1.0793140259548528,3,
BNB,RANGE_MEAN_REVERSION,LONG,14504,14505,2025-06-01T02:00:00+00:00,2025-06-01T02:15:00+00:00,653.09,651.465977706672,655.526033439992,1.6240222933280393,1.5,2025-06-01T02:15:00+00:00,655.526033439992,TP,1.499999999999965,0.5640508921406558,0.9359491078593091,0,True
ETH,RANGE_MEAN_REVERSION,LONG,14504,14505,2025-06-01T02:00:00+00:00,2025-06-01T02:15:00+00:00,2496.1,2481.7985948559226,2517.5521077161156,14.301405144077307,1.5,2025-06-01T03:45:00+00:00,2517.5521077161156,TP,1.499999999999984,0.24539941635418297,1.254600583645801,6,
SOL,RANGE_MEAN_REVERSION,LONG,14509,14510,2025-06-01T03:15:00+00:00,2025-06-01T03:30:00+00:00,153.66,152.7841085680497,154.97383714792545,0.8758914319502935,1.5,2025-06-01T04:00:00+00:00,154.97383714792545,TP,1.5000000000000162,0.24665578189581855,1.2533442181041976,2,
DOGE,RANGE_MEAN_REVERSION,LONG,14503,14504,2025-06-01T01:45:00+00:00,2025-06-01T02:00:00+00:00,0.18935,0.18754734048685134,0.19205398926972295,0.0018026595131486467,1.5,2025-06-01T04:45:00+00:00,0.19205398926972295,TP,1.4999999999999922,0.14810494746313793,1.3518950525368543,11,
SOL,RANGE_MEAN_REVERSION,LONG,14530,14531,2025-06-01T08:30:00+00:00,2025-06-01T08:45:00+00:00,153.38,152.64667422841455,154.47998865737816,0.7333257715854415,1.5,2025-06-01T09:00:00+00:00,152.64667422841455,SL,-1.0,0.292119383035935,-1.292119383035935,1,
DOGE,RANGE_MEAN_REVERSION,LONG,14534,14535,2025-06-01T09:30:00+00:00,2025-06-01T09:45:00+00:00,0.18737,0.1862327752830814,0.1890758370753779,0.0011372247169186,1.5,2025-06-01T11:15:00+00:00,0.1890758370753779,TP,1.4999999999999878,0.23171505335090792,1.26828494664908,6,
ETH,RANGE_MEAN_REVERSION,LONG,14534,14535,2025-06-01T09:30:00+00:00,2025-06-01T09:45:00+00:00,2484.69,2475.6272016455728,2498.284197531641,9.062798354427287,1.5,2025-06-01T11:15:00+00:00,2498.284197531641,TP,1.5,0.3848791291453791,1.115120870854621,6,
CRV,RANGE_MEAN_REVERSION,LONG,14534,14535,2025-06-01T09:30:00+00:00,2025-06-01T09:45:00+00:00,0.651,0.6448779575394911,0.6601830636907635,0.0061220424605089585,1.5,2025-06-01T14:00:00+00:00,0.6601830636907635,TP,1.500000000000009,0.1499218848128065,1.3500781151872026,17,
SOL,RANGE_MEAN_REVERSION,SHORT,14561,14562,2025-06-01T16:15:00+00:00,2025-06-01T16:30:00+00:00,155.53,156.46803317208105,154.1229502418784,0.9380331720810489,1.5,2025-06-01T16:30:00+00:00,156.46803317208105,SL,-1.0,0.2328261192895068,-1.232826119289507,0,True
DOGE,RANGE_MEAN_REVERSION,SHORT,14560,14561,2025-06-01T16:00:00+00:00,2025-06-01T16:15:00+00:00,0.19388,0.19544619057797474,0.19153071413303788,0.0015661905779747465,1.5,2025-06-01T18:15:00+00:00,0.19153071413303788,TP,1.5,0.17225713376592447,1.3277428662340756,8,
ETH,RANGE_MEAN_REVERSION,SHORT,14561,14562,2025-06-01T16:15:00+00:00,2025-06-01T16:30:00+00:00,2535.76,2548.6157101689964,2516.476434746506,12.855710168996211,1.5,2025-06-01T18:15:00+00:00,2516.476434746506,TP,1.4999999999999822,0.27509686029260366,1.2249031397073786,7,
BTC,RANGE_MEAN_REVERSION,SHORT,14560,14561,2025-06-01T16:00:00+00:00,2025-06-01T16:15:00+00:00,105050.0,105433.73228773927,104474.4015683911,383.7322877392726,1.5,2025-06-01T18:30:00+00:00,104474.4015683911,TP,1.4999999999999811,0.3822119894105104,1.1177880105894706,9,
ETH,RANGE_MEAN_REVERSION,LONG,14605,14606,2025-06-02T03:15:00+00:00,2025-06-02T03:30:00+00:00,2493.01,2477.46307533617,2516.330386995746,15.546924663830396,1.5,2025-06-02T09:00:00+00:00,2477.46307533617,SL,-1.0,0.22379545974323217,-1.2237954597432321,22,
CRV,RANGE_MEAN_REVERSION,SHORT,14741,14742,2025-06-03T13:15:00+00:00,2025-06-03T13:30:00+00:00,0.701,0.7067971761334892,0.692304235799766,0.00579717613348929,1.5,2025-06-03T14:45:00+00:00,0.7067971761334892,SL,-1.0,0.16998931904114847,-1.1699893190411486,5,
BTC,RANGE_MEAN_REVERSION,SHORT,14747,14748,2025-06-03T14:45:00+00:00,2025-06-03T15:00:00+00:00,106495.0,106845.44817685473,105969.32773471791,350.4481768547266,1.5,2025-06-03T16:45:00+00:00,105969.32773471791,TP,1.5,0.4243852279361534,1.0756147720638465,7,
BNB,RANGE_MEAN_REVERSION,SHORT,14816,14817,2025-06-04T08:00:00+00:00,2025-06-04T08:15:00+00:00,671.26,672.3955255590233,669.556711661465,1.1355255590233355,1.5,2025-06-04T09:15:00+00:00,669.556711661465,TP,1.5,0.826552683649226,0.673447316350774,4,
BTC,RANGE_MEAN_REVERSION,SHORT,14824,14825,2025-06-04T10:00:00+00:00,2025-06-04T10:15:00+00:00,105902.3,106073.6301263204,105645.30481051942,171.33012632039026,1.5,2025-06-04T10:30:00+00:00,105645.30481051942,TP,1.5,0.8643157309675081,0.6356842690324919,1,
SUI,RANGE_MEAN_REVERSION,LONG,14829,14830,2025-06-04T11:15:00+00:00,2025-06-04T11:30:00+00:00,3.2037,3.184130991367865,3.233053512948203,0.019569008632135176,1.5,2025-06-04T12:15:00+00:00,3.184130991367865,SL,-1.0,0.22849812057493188,-1.228498120574932,3,
AVAX,RANGE_MEAN_REVERSION,LONG,14830,14831,2025-06-04T11:30:00+00:00,2025-06-04T11:45:00+00:00,21.069,20.97486644170638,21.21020033744043,0.09413355829362047,1.5,2025-06-04T12:15:00+00:00,20.97486644170638,SL,-1.0,0.3126484013001452,-1.3126484013001452,2,
AVAX,RANGE_MEAN_REVERSION,LONG,14865,14866,2025-06-04T20:15:00+00:00,2025-06-04T20:30:00+00:00,20.291,20.08115594527796,20.60576608208306,0.2098440547220406,1.5,2025-06-04T21:00:00+00:00,20.08115594527796,SL,-1.0,0.13467386149742694,-1.134673861497427,2,
BTC,RANGE_MEAN_REVERSION,SHORT,14929,14930,2025-06-05T12:15:00+00:00,2025-06-05T12:30:00+00:00,105354.5,105576.64273880774,105021.28589178839,222.14273880774272,1.5,2025-06-05T12:45:00+00:00,105576.64273880774,SL,-1.0,0.6646708360112245,-1.6646708360112243,1,
LINK,RANGE_MEAN_REVERSION,SHORT,14931,14932,2025-06-05T12:45:00+00:00,2025-06-05T13:00:00+00:00,13.995,14.074466949166752,13.875799576249872,0.07946694916675234,1.5,2025-06-05T13:30:00+00:00,13.875799576249872,TP,1.499999999999989,0.24550533156163226,1.2544946684383567,2,
BNB,RANGE_MEAN_REVERSION,SHORT,15023,15024,2025-06-06T11:45:00+00:00,2025-06-06T12:00:00+00:00,646.09,647.6947239980154,643.682914002977,1.6047239980154018,1.5,2025-06-06T12:00:00+00:00,647.6947239980154,SL,-1.0,0.5643645311708729,-1.564364531170873,0,True
BNB,RANGE_MEAN_REVERSION,SHORT,15028,15029,2025-06-06T13:00:00+00:00,2025-06-06T13:15:00+00:00,649.2,651.0085528646828,646.487170702976,1.8085528646827242,1.5,2025-06-06T14:15:00+00:00,651.0085528646828,SL,-1.0,0.503245442684334,-1.503245442684334,4,
BTC,RANGE_MEAN_REVERSION,SHORT,15030,15031,2025-06-06T13:30:00+00:00,2025-06-06T13:45:00+00:00,104308.8,104646.726801135,103801.9097982975,337.9268011349923,1.5,2025-06-06T14:30:00+00:00,104646.726801135,SL,-1.0,0.43284187069366004,-1.43284187069366,3,
XRP,RANGE_MEAN_REVERSION,SHORT,15030,15031,2025-06-06T13:30:00+00:00,2025-06-06T13:45:00+00:00,2.1704,2.180130190346498,2.155804714480253,0.009730190346497913,1.5,2025-06-06T14:45:00+00:00,2.180130190346498,SL,-1.0,0.31298166066593314,-1.3129816606659332,4,
ETH,RANGE_MEAN_REVERSION,SHORT,15031,15032,2025-06-06T13:45:00+00:00,2025-06-06T14:00:00+00:00,2502.13,2527.1205275316797,2464.6442087024807,24.990527531679618,1.5,2025-06-06T15:15:00+00:00,2527.1205275316797,SL,-1.0,0.14087239114137914,-1.1408723911413792,5,
FET,RANGE_MEAN_REVERSION,LONG,15046,15047,2025-06-06T17:30:00+00:00,2025-06-06T17:45:00+00:00,0.7214,0.7156719823398722,0.7299920264901918,0.005728017660127871,1.5,2025-06-06T18:00:00+00:00,0.7299920264901918,TP,1.4999999999999902,0.17736928878820077,1.3226307112117894,1,
FET,RANGE_MEAN_REVERSION,SHORT,15085,15086,2025-06-07T03:15:00+00:00,2025-06-07T03:30:00+00:00,0.7498,0.7574556611133914,0.738316508329913,0.007655661113391332,1.5,2025-06-07T06:00:00+00:00,0.7574556611133914,SL,-1.0,0.13781683216539237,-1.1378168321653923,10,
AVAX,RANGE_MEAN_REVERSION,LONG,15171,15172,2025-06-08T00:45:00+00:00,2025-06-08T01:00:00+00:00,20.473,20.35866736879635,20.64449894680547,0.11433263120364856,1.5,2025-06-08T03:00:00+00:00,20.35866736879635,SL,-1.0,0.24999133543290075,-1.2499913354329006,8,
ADA,RANGE_MEAN_REVERSION,LONG,15172,15173,2025-06-08T01:00:00+00:00,2025-06-08T01:15:00+00:00,0.6572,0.6537157194459222,0.6624264208311167,0.00348428055407779,1.5,2025-06-08T06:15:00+00:00,0.6624264208311167,TP,1.5,0.26511599173628375,1.2348840082637162,20,
XRP,RANGE_MEAN_REVERSION,SHORT,15193,15194,2025-06-08T06:15:00+00:00,2025-06-08T06:30:00+00:00,2.2157,2.2272252038449376,2.198412194232594,0.011525203844937604,1.5,2025-06-08T09:15:00+00:00,2.198412194232594,TP,1.4999999999999807,0.26809751719229086,1.2319024828076899,11,
DOGE,RANGE_MEAN_REVERSION,LONG,15205,15206,2025-06-08T09:15:00+00:00,2025-06-08T09:30:00+00:00,0.18113,0.17975827866487412,0.18318758200268886,0.0013717213351258917,1.5,2025-06-08T11:15:00+00:00,0.18318758200268886,TP,1.5000000000000102,0.185914078079479,1.3140859219205312,7,
LINK,RANGE_MEAN_REVERSION,LONG,15205,15206,2025-06-08T09:15:00+00:00,2025-06-08T09:30:00+00:00,13.591,13.497959439728236,13.730560840407644,0.09304056027176344,1.5,2025-06-08T11:15:00+00:00,13.730560840407644,TP,1.5,0.2055565071020919,1.294443492897908,7,
SOL,RANGE_MEAN_REVERSION,LONG,15205,15206,2025-06-08T09:15:00+00:00,2025-06-08T09:30:00+00:00,148.05,147.266717531159,149.22492370326154,0.7832824688410085,1.5,2025-06-08T11:15:00+00:00,149.22492370326154,TP,1.5000000000000182,0.2656671824918909,1.2343328175081272,7,
SUI,RANGE_MEAN_REVERSION,LONG,15205,15206,2025-06-08T09:15:00+00:00,2025-06-08T09:30:00+00:00,3.1907,3.1696033556568377,3.2223449665147434,0.021096644343162385,1.5,2025-06-08T11:45:00+00:00,3.2223449665147434,TP,1.4999999999999896,0.21278888734810988,1.2872111126518797,9,
UNI,RANGE_MEAN_REVERSION,SHORT,15124,15125,2025-06-07T13:00:00+00:00,2025-06-07T13:15:00+00:00,6.331,6.433094174346431,6.177858738480355,0.10209417434643075,1.5,2025-06-08T13:15:00+00:00,6.348,TIME,-0.16651292895826025,0.08693248225784082,-0.2534454112161011,96,
SOL,RANGE_MEAN_REVERSION,SHORT,15233,15234,2025-06-08T16:15:00+00:00,2025-06-08T16:30:00+00:00,151.58,152.37032561975136,150.394511570373,0.7903256197513429,1.5,2025-06-08T17:00:00+00:00,152.37032561975136,SL,-1.0,0.2692121103207656,-1.2692121103207656,2,
BNB,RANGE_MEAN_REVERSION,SHORT,15245,15246,2025-06-08T19:15:00+00:00,2025-06-08T19:30:00+00:00,654.22,655.3210075493905,652.5684886759143,1.1010075493904878,1.5,2025-06-08T20:00:00+00:00,655.3210075493905,SL,-1.0,0.8325816710267263,-1.8325816710267264,2,
FET,RANGE_MEAN_REVERSION,LONG,15260,15261,2025-06-08T23:00:00+00:00,2025-06-08T23:15:00+00:00,0.7453,0.740786181376241,0.7520707279356385,0.004513818623758992,1.5,2025-06-08T23:30:00+00:00,0.740786181376241,SL,-1.0,0.23046125989374974,-1.2304612598937497,1,
CRV,RANGE_MEAN_REVERSION,LONG,15260,15261,2025-06-08T23:00:00+00:00,2025-06-08T23:15:00+00:00,0.644,0.6381815886579618,0.6527276170130574,0.005818411342038199,1.5,2025-06-09T02:15:00+00:00,0.6527276170130574,TP,1.5000000000000095,0.1560063870615184,1.343993612938491,12,
ADA,RANGE_MEAN_REVERSION,LONG,15277,15278,2025-06-09T03:15:00+00:00,2025-06-09T03:30:00+00:00,0.6618,0.6584247993330264,0.6668628010004605,0.00337520066697361,1.5,2025-06-09T05:00:00+00:00,0.6584247993330264,SL,-1.0,0.27380812304761976,-1.2738081230476197,6,
FET,RANGE_MEAN_REVERSION,LONG,15288,15289,2025-06-09T06:00:00+00:00,2025-06-09T06:15:00+00:00,0.7309,0.7274145600827483,0.7361281598758775,0.003485439917251698,1.5,2025-06-09T06:30:00+00:00,0.7361281598758775,TP,1.5,0.29463130517046754,1.2053686948295326,1,
ADA,RANGE_MEAN_REVERSION,SHORT,15305,15306,2025-06-09T10:15:00+00:00,2025-06-09T10:30:00+00:00,0.6745,0.6772949318004735,0.6703076022992898,0.0027949318004735213,1.5,2025-06-09T10:45:00+00:00,0.6772949318004735,SL,-1.0,0.3385615534876434,-1.3385615534876434,1,
UNI,RANGE_MEAN_REVERSION,SHORT,15348,15349,2025-06-09T21:00:00+00:00,2025-06-09T21:15:00+00:00,6.69,6.7471006666846804,6.604348999972981,0.05710066668468006,1.5,2025-06-09T21:15:00+00:00,6.7471006666846804,SL,-1.0,0.16472610588980865,-1.1647261058898086,0,True
FET,RANGE_MEAN_REVERSION,LONG,15492,15493,2025-06-11T09:00:00+00:00,2025-06-11T09:15:00+00:00,0.7923,0.7871438425100548,0.8000342362349179,0.005156157489945246,1.5,2025-06-11T09:30:00+00:00,0.7871438425100548,SL,-1.0,0.21442531418270916,-1.214425314182709,1,
CRV,RANGE_MEAN_REVERSION,LONG,15495,15496,2025-06-11T09:45:00+00:00,2025-06-11T10:00:00+00:00,0.696,0.6902983209567306,0.704552518564904,0.005701679043269348,1.5,2025-06-11T12:00:00+00:00,0.704552518564904,TP,1.5,0.1719470274554911,1.328052972544509,8,
XRP,RANGE_MEAN_REVERSION,LONG,15544,15545,2025-06-11T22:00:00+00:00,2025-06-11T22:15:00+00:00,2.2683,2.250097169575849,2.295604245636226,0.01820283042415083,1.5,2025-06-12T01:30:00+00:00,2.250097169575849,SL,-1.0,0.17375748413865938,-1.1737574841386593,13,
LINK,RANGE_MEAN_REVERSION,LONG,15546,15547,2025-06-11T22:30:00+00:00,2025-06-11T22:45:00+00:00,14.821,14.688298054433508,15.020052918349737,0.13270194556649173,1.5,2025-06-12T01:30:00+00:00,14.688298054433508,SL,-1.0,0.15566093285160834,-1.1556609328516083,11,
CRV,RANGE_MEAN_REVERSION,LONG,15565,15566,2025-06-12T03:15:00+00:00,2025-06-12T03:30:00+00:00,0.653,0.6471426485377041,0.6617860271934439,0.005857351462295934,1.5,2025-06-12T04:00:00+00:00,0.6471426485377041,SL,-1.0,0.15537736805359065,-1.1553773680535906,2,
FET,RANGE_MEAN_REVERSION,LONG,15565,15566,2025-06-12T03:15:00+00:00,2025-06-12T03:30:00+00:00,0.7555,0.7488837398577844,0.7654243902133232,0.006616260142215502,1.5,2025-06-12T04:30:00+00:00,0.7488837398577844,SL,-1.0,0.15916372622371244,-1.1591637262237124,4,
DOGE,RANGE_MEAN_REVERSION,LONG,15565,15566,2025-06-12T03:15:00+00:00,2025-06-12T03:30:00+00:00,0.1906,0.18924852387956936,0.19262721418064593,0.001351476120430628,1.5,2025-06-12T05:00:00+00:00,0.18924852387956936,SL,-1.0,0.19674337022764068,-1.1967433702276407,6,
SOL,RANGE_MEAN_REVERSION,LONG,15545,15546,2025-06-11T22:15:00+00:00,2025-06-11T22:30:00+00:00,159.82,158.5884465537994,161.6673301693009,1.2315534462005928,1.5,2025-06-12T07:30:00+00:00,158.5884465537994,SL,-1.0,0.1809794883651005,-1.1809794883651006,36,
ADA,RANGE_MEAN_REVERSION,LONG,15565,15566,2025-06-12T03:15:00+00:00,2025-06-12T03:30:00+00:00,0.6901,0.6859194690311058,0.6963707964533414,0.004180530968894258,1.5,2025-06-12T07:30:00+00:00,0.6859194690311058,SL,-1.0,0.230404614985197,-1.230404614985197,16,
FET,RANGE_MEAN_REVERSION,LONG,15584,15585,2025-06-12T08:00:00+00:00,2025-06-12T08:15:00+00:00,0.7373,0.7261732432366104,0.7539901351450844,0.01112675676338959,1.5,2025-06-12T10:15:00+00:00,0.7261732432366104,SL,-1.0,0.09206917092286204,-1.092069170922862,8,
SUI,RANGE_MEAN_REVERSION,LONG,15593,15594,2025-06-12T10:15:00+00:00,2025-06-12T10:30:00+00:00,3.2907,3.269809639250801,3.3220355411237987,0.020890360749199033,1.5,2025-06-12T11:15:00+00:00,3.269809639250801,SL,-1.0,0.2198313759446035,-1.2198313759446036,3,
LINK,RANGE_MEAN_REVERSION,LONG,15593,15594,2025-06-12T10:15:00+00:00,2025-06-12T10:30:00+00:00,14.26,14.035506597011388,14.596740104482919,0.2244934029886121,1.5,2025-06-12T20:30:00+00:00,14.035506597011388,SL,-1.0,0.08822911655409633,-1.0882291165540963,40,
AVAX,RANGE_MEAN_REVERSION,LONG,15632,15633,2025-06-12T20:00:00+00:00,2025-06-12T20:15:00+00:00,20.546,20.379231958229518,20.79615206265572,0.16676804177048155,1.5,2025-06-12T20:30:00+00:00,20.379231958229518,SL,-1.0,0.17178148802747042,-1.1717814880274704,1,
ADA,RANGE_MEAN_REVERSION,LONG,15632,15633,2025-06-12T20:00:00+00:00,2025-06-12T20:15:00+00:00,0.6676,0.6620263892360089,0.6759604161459867,0.005573610763991099,1.5,2025-06-12T20:45:00+00:00,0.6620263892360089,SL,-1.0,0.16699021727142135,-1.1669902172714213,2,
BNB,RANGE_MEAN_REVERSION,LONG,15804,15805,2025-06-14T15:00:00+00:00,2025-06-14T15:15:00+00:00,645.61,644.7790425612943,646.8564361580586,0.8309574387056955,1.5,2025-06-14T15:30:00+00:00,644.7790425612943,SL,-1.0,1.0870259867940393,-2.087025986794039,1,
BNB,RANGE_MEAN_REVERSION,LONG,15811,15812,2025-06-14T16:45:00+00:00,2025-06-14T17:00:00+00:00,641.05,639.2897320723453,643.690401891482,1.760267927654695,1.5,2025-06-14T17:15:00+00:00,643.690401891482,TP,1.5,0.5108985212962723,0.9891014787037277,1,
ETH,RANGE_MEAN_REVERSION,LONG,15811,15812,2025-06-14T16:45:00+00:00,2025-06-14T17:00:00+00:00,2496.44,2484.707494513429,2514.0387582298563,11.732505486570972,1.5,2025-06-14T17:15:00+00:00,2514.0387582298563,TP,1.4999999999999807,0.29894169960332817,1.2010583003966526,1,
BTC,RANGE_MEAN_REVERSION,LONG,15811,15812,2025-06-14T16:45:00+00:00,2025-06-14T17:00:00+00:00,104400.7,104182.66852861173,104727.7472070824,218.03147138826898,1.5,2025-06-14T18:00:00+00:00,104727.7472070824,TP,1.5,0.6714164341177494,0.8285835658822506,4,
BNB,RANGE_MEAN_REVERSION,LONG,15818,15819,2025-06-14T18:30:00+00:00,2025-06-14T18:45:00+00:00,639.11,637.6117271771319,641.3574092343022,1.4982728228681026,1.5,2025-06-14T19:00:00+00:00,641.3574092343022,TP,1.5,0.598240302289003,0.901759697710997,1,
DOGE,RANGE_MEAN_REVERSION,SHORT,16013,16014,2025-06-16T19:15:00+00:00,2025-06-16T19:30:00+00:00,0.1806,0.18169475156428797,0.17895787265356808,0.0010947515642879546,1.5,2025-06-16T20:00:00+00:00,0.17895787265356808,TP,1.5,0.2299065094473754,1.2700934905526247,2,
BNB,RANGE_MEAN_REVERSION,SHORT,15994,15995,2025-06-16T14:30:00+00:00,2025-06-16T14:45:00+00:00,658.23,660.3585915704119,655.0371126443822,2.1285915704119134,1.5,2025-06-16T22:30:00+00:00,655.0371126443822,TP,1.4999999999999734,0.43187570205080356,1.0681242979491699,31,
CRV,RANGE_MEAN_REVERSION,LONG,16066,16067,2025-06-17T08:30:00+00:00,2025-06-17T08:45:00+00:00,0.589,0.5846032504992142,0.5955951242511786,0.004396749500785724,1.5,2025-06-17T10:30:00+00:00,0.5846032504992142,SL,-1.0,0.18684764169590268,-1.1868476416959026,7,
BTC,RANGE_MEAN_REVERSION,LONG,16074,16075,2025-06-17T10:30:00+00:00,2025-06-17T10:45:00+00:00,105736.0,105453.10483940394,106160.34274089409,282.89516059606103,1.5,2025-06-17T12:45:00+00:00,105453.10483940394,SL,-1.0,0.5225694673464879,-1.522569467346488,8,
DOGE,RANGE_MEAN_REVERSION,LONG,16074,16075,2025-06-17T10:30:00+00:00,2025-06-17T10:45:00+00:00,0.1709,0.16992835700050107,0.17235746449924838,0.0009716429994989229,1.5,2025-06-17T15:00:00+00:00,0.16992835700050107,SL,-1.0,0.24554270449474402,-1.245542704494744,17,
UNI,RANGE_MEAN_REVERSION,SHORT,16147,16148,2025-06-18T04:45:00+00:00,2025-06-18T05:00:00+00:00,7.73,7.843596129580449,7.559605805629327,0.11359612958044885,1.5,2025-06-18T06:15:00+00:00,7.559605805629327,TP,1.5,0.09421733032163614,1.405782669678364,5,
BNB,RANGE_MEAN_REVERSION,LONG,16168,16169,2025-06-18T10:00:00+00:00,2025-06-18T10:15:00+00:00,647.28,645.9431046806345,649.2853429790482,1.3368953193654534,1.5,2025-06-18T10:15:00+00:00,645.9431046806345,SL,-1.0,0.677133175771845,-1.677133175771845,0,True
CRV,RANGE_MEAN_REVERSION,LONG,16170,16171,2025-06-18T10:30:00+00:00,2025-06-18T10:45:00+00:00,0.572,0.5669421755774746,0.5795867366337879,0.005057824422525337,1.5,2025-06-18T10:45:00+00:00,0.5669421755774746,SL,-1.0,0.15762894404827243,-1.1576289440482723,0,True
UNI,RANGE_MEAN_REVERSION,LONG,16171,16172,2025-06-18T10:45:00+00:00,2025-06-18T11:00:00+00:00,7.162,7.076172787484579,7.290740818773132,0.08582721251542136,1.5,2025-06-18T11:45:00+00:00,7.290740818773132,TP,1.500000000000005,0.11787541825762306,1.382124581742382,3,
XRP,RANGE_MEAN_REVERSION,LONG,16171,16172,2025-06-18T10:45:00+00:00,2025-06-18T11:00:00+00:00,2.1283,2.118111377655326,2.1435829335170107,0.010188622344673881,1.5,2025-06-18T12:00:00+00:00,2.1435829335170107,TP,1.5,0.2934958184042518,1.2065041815957482,4,
ETH,RANGE_MEAN_REVERSION,LONG,16180,16181,2025-06-18T13:00:00+00:00,2025-06-18T13:15:00+00:00,2481.96,2469.557122019294,2500.564316971059,12.402877980705853,1.5,2025-06-18T13:15:00+00:00,2469.557122019294,SL,-1.0,0.2794562673925662,-1.2794562673925662,0,True
CRV,RANGE_MEAN_REVERSION,LONG,16339,16340,2025-06-20T04:45:00+00:00,2025-06-20T05:00:00+00:00,0.571,0.5678070588273912,0.5757894117589131,0.00319294117260871,1.5,2025-06-20T05:15:00+00:00,0.5678070588273912,SL,-1.0,0.24966477554231636,-1.2496647755423163,1,
XRP,RANGE_MEAN_REVERSION,LONG,16341,16342,2025-06-20T05:15:00+00:00,2025-06-20T05:30:00+00:00,2.142,2.1347074340461276,2.152938848930808,0.0072925659538722876,1.5,2025-06-20T06:00:00+00:00,2.152938848930808,TP,1.4999999999999696,0.41226328472972723,1.0877367152702424,2,
BTC,RANGE_MEAN_REVERSION,SHORT,16353,16354,2025-06-20T08:15:00+00:00,2025-06-20T08:30:00+00:00,106358.6,106583.81869892038,106020.77195161945,225.21869892037648,1.5,2025-06-20T08:30:00+00:00,106020.77195161945,TP,1.4999999999999678,0.6600942154394234,0.8399057845605444,0,True
ETH,RANGE_MEAN_REVERSION,SHORT,16353,16354,2025-06-20T08:15:00+00:00,2025-06-20T08:30:00+00:00,2559.99,2574.2735075245014,2538.5647387132476,14.283507524501601,1.5,2025-06-20T13:45:00+00:00,2538.5647387132476,TP,1.499999999999984,0.24986778009372784,1.2501322199062561,21,
FET,RANGE_MEAN_REVERSION,LONG,16381,16382,2025-06-20T15:15:00+00:00,2025-06-20T15:30:00+00:00,0.6689,0.6637708799689581,0.676593680046563,0.005129120031041934,1.5,2025-06-20T15:30:00+00:00,0.6637708799689581,SL,-1.0,0.18187712713534737,-1.1818771271353474,0,True
XRP,RANGE_MEAN_REVERSION,LONG,16380,16381,2025-06-20T15:00:00+00:00,2025-06-20T15:15:00+00:00,2.1374,2.12614536139119,2.1542819579132146,0.01125463860880993,1.5,2025-06-20T16:00:00+00:00,2.12614536139119,SL,-1.0,0.2651779285598414,-1.2651779285598415,3,
ETH,RANGE_MEAN_REVERSION,LONG,16380,16381,2025-06-20T15:00:00+00:00,2025-06-20T15:15:00+00:00,2497.56,2479.234404930252,2525.0483926046218,18.325595069748033,1.5,2025-06-20T16:15:00+00:00,2479.234404930252,SL,-1.0,0.1901032992485016,-1.1901032992485017,4,
UNI,RANGE_MEAN_REVERSION,LONG,16385,16386,2025-06-20T16:15:00+00:00,2025-06-20T16:30:00+00:00,7.471,7.383307918510418,7.602538122234373,0.08769208148958185,1.5,2025-06-20T17:15:00+00:00,7.383307918510418,SL,-1.0,0.11857416731740615,-1.118574167317406,3,
UNI,RANGE_MEAN_REVERSION,LONG,16449,16450,2025-06-21T08:15:00+00:00,2025-06-21T08:30:00+00:00,6.898,6.815299425103999,7.022050862344001,0.08270057489600102,1.5,2025-06-21T09:45:00+00:00,7.022050862344001,TP,1.4999999999999947,0.11782306974158618,1.3821769302584084,5,
UNI,RANGE_MEAN_REVERSION,LONG,16471,16472,2025-06-21T13:45:00+00:00,2025-06-21T14:00:00+00:00,6.741,6.685583742014927,6.8241243869776085,0.05541625798507255,1.5,2025-06-21T14:30:00+00:00,6.8241243869776085,TP,1.5,0.17135020328225967,1.3286497967177404,2,
BTC,RANGE_MEAN_REVERSION,LONG,16492,16493,2025-06-21T19:00:00+00:00,2025-06-21T19:15:00+00:00,102572.9,102311.38412703076,102965.17380945385,261.5158729692339,1.5,2025-06-21T19:30:00+00:00,102311.38412703076,SL,-1.0,0.5484141259211217,-1.5484141259211217,1,
UNI,RANGE_MEAN_REVERSION,LONG,16565,16566,2025-06-22T13:15:00+00:00,2025-06-22T13:30:00+00:00,6.188,6.0812213585783965,6.348167962132404,0.1067786414216032,1.5,2025-06-22T14:45:00+00:00,6.348167962132404,TP,1.4999999999999958,0.08218233025502122,1.4178176697449745,5,
UNI,RANGE_MEAN_REVERSION,SHORT,16731,16732,2025-06-24T06:45:00+00:00,2025-06-24T07:00:00+00:00,7.025,7.149156705318029,6.838764942022957,0.12415670531802903,1.5,2025-06-24T08:00:00+00:00,6.838764942022957,TP,1.5,0.07816440871685118,1.4218355912831488,4,
UNI,RANGE_MEAN_REVERSION,SHORT,16807,16808,2025-06-25T01:45:00+00:00,2025-06-25T02:00:00+00:00,7.274,7.327162718687974,7.194255921968038,0.0531627186879744,1.5,2025-06-25T02:00:00+00:00,7.327162718687974,SL,-1.0,0.19225529008533507,-1.1922552900853352,0,True
BTC,RANGE_MEAN_REVERSION,SHORT,16854,16855,2025-06-25T13:30:00+00:00,2025-06-25T13:45:00+00:00,107808.1,108209.22433800202,107206.41349299697,401.1243380020169,1.5,2025-06-25T14:15:00+00:00,107206.41349299697,TP,1.5000000000000182,0.37522071135045687,1.1247792886495613,2,
XRP,RANGE_MEAN_REVERSION,SHORT,16855,16856,2025-06-25T13:45:00+00:00,2025-06-25T14:00:00+00:00,2.2224,2.235290696727865,2.203063954908202,0.012890696727865247,1.5,2025-06-25T14:15:00+00:00,2.203063954908202,TP,1.5,0.24031476605444535,1.2596852339455546,1,
SOL,RANGE_MEAN_REVERSION,SHORT,16904,16905,2025-06-26T02:00:00+00:00,2025-06-26T02:15:00+00:00,145.84,146.72960930187,144.505586047195,0.8896093018699958,1.5,2025-06-26T03:00:00+00:00,146.72960930187,SL,-1.0,0.2302119886570583,-1.2302119886570584,3,
LINK,RANGE_MEAN_REVERSION,SHORT,16908,16909,2025-06-26T03:00:00+00:00,2025-06-26T03:15:00+00:00,13.429,13.606759174870426,13.162361237694363,0.1777591748704257,1.5,2025-06-26T10:00:00+00:00,13.162361237694363,TP,1.499999999999995,0.10471444233443566,1.3952855576655592,27,
DOGE,RANGE_MEAN_REVERSION,LONG,16935,16936,2025-06-26T09:45:00+00:00,2025-06-26T10:00:00+00:00,0.16237,0.16177182983785687,0.16326725524321467,0.0005981701621431135,1.5,2025-06-26T10:45:00+00:00,0.16177182983785687,SL,-1.0,0.3793222986475438,-1.3793222986475437,3,
XRP,RANGE_MEAN_REVERSION,LONG,16947,16948,2025-06-26T12:45:00+00:00,2025-06-26T13:00:00+00:00,2.1562,2.149533448663127,2.1661998270053098,0.0066665513368731055,1.5,2025-06-26T13:00:00+00:00,2.149533448663127,SL,-1.0,0.4521098333696908,-1.4521098333696907,0,True
BNB,RANGE_MEAN_REVERSION,LONG,16945,16946,2025-06-26T12:15:00+00:00,2025-06-26T12:30:00+00:00,643.14,641.7345319295757,645.2482021056364,1.4054680704242628,1.5,2025-06-26T13:45:00+00:00,641.7345319295757,SL,-1.0,0.6399378194904145,-1.6399378194904144,5,
AVAX,RANGE_MEAN_REVERSION,LONG,16949,16950,2025-06-26T13:15:00+00:00,2025-06-26T13:30:00+00:00,17.221,17.141756956837547,17.339864564743678,0.07924304316245312,1.5,2025-06-26T13:45:00+00:00,17.141756956837547,SL,-1.0,0.30354626614318997,-1.30354626614319,1,
XRP,RANGE_MEAN_REVERSION,LONG,16952,16953,2025-06-26T14:00:00+00:00,2025-06-26T14:15:00+00:00,2.1194,2.1063980066331704,2.1389029900502448,0.013001993366829723,1.5,2025-06-26T14:30:00+00:00,2.1389029900502448,TP,1.5,0.22925808442878656,1.2707419155712134,1,
ETH,RANGE_MEAN_REVERSION,LONG,17063,17064,2025-06-27T17:45:00+00:00,2025-06-27T18:00:00+00:00,2403.49,2387.128592521771,2428.0321112173424,16.361407478228557,1.5,2025-06-27T18:45:00+00:00,2387.128592521771,SL,-1.0,0.20495993509284044,-1.2049599350928404,3,
SOL,RANGE_MEAN_REVERSION,SHORT,17117,17118,2025-06-28T07:15:00+00:00,2025-06-28T07:30:00+00:00,145.18,145.64649535354297,144.48025696968557,0.46649535354296745,1.5,2025-06-28T07:30:00+00:00,145.64649535354297,SL,-1.0,0.4363999452541795,-1.4363999452541796,0,True
UNI,RANGE_MEAN_REVERSION,SHORT,17129,17130,2025-06-28T10:15:00+00:00,2025-06-28T10:30:00+00:00,7.08,7.113239029244453,7.03014145613332,0.0332390292444531,1.5,2025-06-28T10:30:00+00:00,7.03014145613332,TP,1.5000000000000133,0.29715365471877025,1.202846345281243,0,True
SOL,RANGE_MEAN_REVERSION,SHORT,17151,17152,2025-06-28T15:45:00+00:00,2025-06-28T16:00:00+00:00,148.1,149.17323631151444,146.49014553272832,1.0732363115144494,1.5,2025-06-28T16:00:00+00:00,149.17323631151444,SL,-1.0,0.19389137619134542,-1.1938913761913454,0,True
AVAX,RANGE_MEAN_REVERSION,SHORT,17152,17153,2025-06-28T16:00:00+00:00,2025-06-28T16:15:00+00:00,17.833,17.923959738026674,17.696560392959984,0.09095973802667601,1.5,2025-06-28T16:30:00+00:00,17.923959738026674,SL,-1.0,0.27517528479774306,-1.2751752847977431,1,
ETH,RANGE_MEAN_REVERSION,SHORT,17152,17153,2025-06-28T16:00:00+00:00,2025-06-28T16:15:00+00:00,2437.51,2447.0296892579763,2423.230466113036,9.519689257976097,1.5,2025-06-28T17:45:00+00:00,2447.0296892579763,SL,-1.0,0.3591690537184096,-1.3591690537184096,6,
LINK,RANGE_MEAN_REVERSION,SHORT,17152,17153,2025-06-28T16:00:00+00:00,2025-06-28T16:15:00+00:00,13.295,13.351724652672216,13.209913020991676,0.056724652672215825,1.5,2025-06-28T17:45:00+00:00,13.351724652672216,SL,-1.0,0.3288289372991929,-1.3288289372991928,6,
SUI,RANGE_MEAN_REVERSION,SHORT,17159,17160,2025-06-28T17:45:00+00:00,2025-06-28T18:00:00+00:00,2.7838,2.8024531051877606,2.7558203422183585,0.018653105187760755,1.5,2025-06-28T20:00:00+00:00,2.7558203422183585,TP,1.500000000000012,0.20788679421039388,1.292113205789618,8,
SUI,RANGE_MEAN_REVERSION,SHORT,17176,17177,2025-06-28T22:00:00+00:00,2025-06-28T22:15:00+00:00,2.802,2.8175136563904712,2.7787295154142932,0.015513656390471198,1.5,2025-06-28T22:30:00+00:00,2.8175136563904712,SL,-1.0,0.25356108582432335,-1.2535610858243234,1,
BTC,RANGE_MEAN_REVERSION,SHORT,17219,17220,2025-06-29T08:45:00+00:00,2025-06-29T09:00:00+00:00,107658.0,107741.62159636823,107532.56760544765,83.62159636823344,1.5,2025-06-29T09:00:00+00:00,107741.62159636823,SL,-1.0,1.8031195488482288,-2.803119548848229,0,True
ETH,RANGE_MEAN_REVERSION,SHORT,17221,17222,2025-06-29T09:15:00+00:00,2025-06-29T09:30:00+00:00,2447.48,2452.6399373640606,2439.7400939539093,5.1599373640606245,1.5,2025-06-29T09:30:00+00:00,2452.6399373640606,SL,-1.0,0.6647530220125638,-1.664753022012564,0,True
BTC,RANGE_MEAN_REVERSION,SHORT,17225,17226,2025-06-29T10:15:00+00:00,2025-06-29T10:30:00+00:00,108097.7,108340.47444803898,107733.53832794153,242.77444803898106,1.5,2025-06-29T11:45:00+00:00,108340.47444803898,SL,-1.0,0.6240637074347323,-1.6240637074347322,5,
SUI,RANGE_MEAN_REVERSION,SHORT,17222,17223,2025-06-29T09:30:00+00:00,2025-06-29T09:45:00+00:00,2.8308,2.8449094098810295,2.809635885178456,0.014109409881029489,1.5,2025-06-29T12:00:00+00:00,2.809635885178456,TP,1.4999999999999842,0.2798348869950635,1.2201651130049207,9,
SOL,RANGE_MEAN_REVERSION,SHORT,17222,17223,2025-06-29T09:30:00+00:00,2025-06-29T09:45:00+00:00,151.43,152.5869824935829,149.69452625962566,1.1569824935828876,1.5,2025-06-29T16:45:00+00:00,149.69452625962566,TP,1.5000000000000122,0.1821869989830031,1.317813001017009,28,
UNI,RANGE_MEAN_REVERSION,SHORT,17223,17224,2025-06-29T09:45:00+00:00,2025-06-29T10:00:00+00:00,7.219,7.326372626925258,7.057941059612114,0.10737262692525729,1.5,2025-06-29T22:00:00+00:00,7.326372626925258,SL,-1.0,0.09482641088715528,-1.0948264108871553,48,
XRP,RANGE_MEAN_REVERSION,SHORT,17275,17276,2025-06-29T22:45:00+00:00,2025-06-29T23:00:00+00:00,2.2131,2.2225910839869965,2.198863374019505,0.009491083986996607,1.5,2025-06-30T01:00:00+00:00,2.198863374019505,TP,1.5,0.3253974325846156,1.1746025674153844,8,
SUI,RANGE_MEAN_REVERSION,LONG,17331,17332,2025-06-30T12:45:00+00:00,2025-06-30T13:00:00+00:00,2.7512,2.7343631699691735,2.7764552450462396,0.016836830030826366,1.5,2025-06-30T13:15:00+00:00,2.7764552450462396,TP,1.500000000000013,0.22981515311659034,1.2701848468834227,1,
FET,RANGE_MEAN_REVERSION,LONG,17331,17332,2025-06-30T12:45:00+00:00,2025-06-30T13:00:00+00:00,0.6773,0.6717716414063067,0.6855925378905399,0.005528358593693272,1.5,2025-06-30T13:45:00+00:00,0.6717716414063067,SL,-1.0,0.17081926452124963,-1.1708192645212496,3,
BNB,RANGE_MEAN_REVERSION,LONG,17394,17395,2025-07-01T04:30:00+00:00,2025-07-01T04:45:00+00:00,654.0,653.0823271991319,655.3765092013022,0.9176728008681039,1.5,2025-07-01T04:45:00+00:00,653.0823271991319,SL,-1.0,0.997041241904366,-1.9970412419043662,0,True
CRV,RANGE_MEAN_REVERSION,LONG,17394,17395,2025-07-01T04:30:00+00:00,2025-07-01T04:45:00+00:00,0.508,0.5049666812670884,0.5125499780993674,0.003033318732911572,1.5,2025-07-01T04:45:00+00:00,0.5049666812670884,SL,-1.0,0.23376266700675571,-1.2337626670067556,0,True
FET,RANGE_MEAN_REVERSION,LONG,17397,17398,2025-07-01T05:15:00+00:00,2025-07-01T05:30:00+00:00,0.6608,0.6558590086460387,0.668211487030942,0.00494099135396131,1.5,2025-07-01T06:30:00+00:00,0.668211487030942,TP,1.5,0.18828368120413919,1.311716318795861,4,
SOL,RANGE_MEAN_REVERSION,LONG,17398,17399,2025-07-01T05:30:00+00:00,2025-07-01T05:45:00+00:00,151.26,150.51731996860693,152.37402004708957,0.7426800313930642,1.5,2025-07-01T07:15:00+00:00,150.51731996860693,SL,-1.0,0.2844349047352044,-1.2844349047352044,6,
SUI,RANGE_MEAN_REVERSION,LONG,17414,17415,2025-07-01T09:30:00+00:00,2025-07-01T09:45:00+00:00,2.7314,2.704834242013259,2.771248636980111,0.026565757986740657,1.5,2025-07-01T11:00:00+00:00,2.704834242013259,SL,-1.0,0.14324319190548193,-1.143243191905482,5,
DOGE,RANGE_MEAN_REVERSION,LONG,17425,17426,2025-07-01T12:15:00+00:00,2025-07-01T12:30:00+00:00,0.16014,0.15950743092907688,0.1610888536063847,0.000632569070923128,1.5,2025-07-01T13:00:00+00:00,0.15950743092907688,SL,-1.0,0.3537213751595912,-1.3537213751595911,2,
ADA,RANGE_MEAN_REVERSION,LONG,17427,17428,2025-07-01T12:45:00+00:00,2025-07-01T13:00:00+00:00,0.5524,0.5488876936670656,0.5576684594994017,0.003512306332934423,1.5,2025-07-01T13:30:00+00:00,0.5488876936670656,SL,-1.0,0.21948580576195978,-1.2194858057619598,2,
ETH,RANGE_MEAN_REVERSION,LONG,17427,17428,2025-07-01T12:45:00+00:00,2025-07-01T13:00:00+00:00,2436.25,2427.983081591063,2448.650377613405,8.266918408936817,1.5,2025-07-01T13:30:00+00:00,2427.983081591063,SL,-1.0,0.411878161689955,-1.411878161689955,2,
CRV,RANGE_MEAN_REVERSION,LONG,17449,17450,2025-07-01T18:15:00+00:00,2025-07-01T18:30:00+00:00,0.498,0.4942023873147121,0.5036964190279318,0.0037976126852878878,1.5,2025-07-01T19:00:00+00:00,0.5036964190279318,TP,1.5,0.1846390223089317,1.3153609776910682,2,
LINK,RANGE_MEAN_REVERSION,LONG,17451,17452,2025-07-01T18:45:00+00:00,2025-07-01T19:00:00+00:00,12.848,12.778791684887588,12.95181247266862,0.06920831511241232,1.5,2025-07-01T20:00:00+00:00,12.778791684887588,SL,-1.0,0.259199406173725,-1.259199406173725,4,
AVAX,RANGE_MEAN_REVERSION,LONG,17451,17452,2025-07-01T18:45:00+00:00,2025-07-01T19:00:00+00:00,17.091,17.000399061137742,17.22690140829339,0.09060093886225928,1.5,2025-07-01T22:00:00+00:00,17.000399061137742,SL,-1.0,0.26339660098971884,-1.2633966009897188,12,
ADA,RANGE_MEAN_REVERSION,SHORT,17489,17490,2025-07-02T04:15:00+00:00,2025-07-02T04:30:00+00:00,0.5515,0.5541640033012323,0.5475039950481515,0.0026640033012322872,1.5,2025-07-02T05:15:00+00:00,0.5541640033012323,SL,-1.0,0.2905269681733689,-1.2905269681733689,3,
AVAX,RANGE_MEAN_REVERSION,SHORT,17494,17495,2025-07-02T05:30:00+00:00,2025-07-02T05:45:00+00:00,17.559,17.629974264487757,17.452538603268366,0.07097426448775579,1.5,2025-07-02T06:45:00+00:00,17.629974264487757,SL,-1.0,0.34705934838382013,-1.3470593483838202,4,
SUI,RANGE_MEAN_REVERSION,SHORT,17515,17516,2025-07-02T10:45:00+00:00,2025-07-02T11:00:00+00:00,2.7698,2.784097657050501,2.7483535144242484,0.014297657050501122,1.5,2025-07-02T11:30:00+00:00,2.7483535144242484,TP,1.5,0.2701636671276564,1.2298363328723436,2,
BTC,RANGE_MEAN_REVERSION,SHORT,17506,17507,2025-07-02T08:30:00+00:00,2025-07-02T08:45:00+00:00,107612.7,107844.86034494443,107264.45948258333,232.16034494443738,1.5,2025-07-02T12:15:00+00:00,107264.45948258333,TP,1.5000000000000313,0.6478884741225153,0.852111525877516,14,
DOGE,RANGE_MEAN_REVERSION,SHORT,17529,17530,2025-07-02T14:15:00+00:00,2025-07-02T14:30:00+00:00,0.1633,0.1642840089416432,0.16182398658753522,0.0009840089416431885,1.5,2025-07-02T15:00:00+00:00,0.1642840089416432,SL,-1.0,0.23303528713492105,-1.233035287134921,2,
ADA,RANGE_MEAN_REVERSION,SHORT,17532,17533,2025-07-02T15:00:00+00:00,2025-07-02T15:15:00+00:00,0.5724,0.576173786608123,0.5667393200878155,0.0037737866081229976,1.5,2025-07-02T15:30:00+00:00,0.576173786608123,SL,-1.0,0.21304904969854127,-1.2130490496985413,1,
ETH,RANGE_MEAN_REVERSION,SHORT,17535,17536,2025-07-02T15:45:00+00:00,2025-07-02T16:00:00+00:00,2497.73,2510.0264060553814,2479.285390916928,12.29640605538134,1.5,2025-07-02T16:00:00+00:00,2510.0264060553814,SL,-1.0,0.28507756400128537,-1.2850775640012855,0,True
LINK,RANGE_MEAN_REVERSION,SHORT,17535,17536,2025-07-02T15:45:00+00:00,2025-07-02T16:00:00+00:00,13.359,13.41533983076719,13.274490253849216,0.056339830767189625,1.5,2025-07-02T16:00:00+00:00,13.41533983076719,SL,-1.0,0.33266052855188466,-1.3326605285518847,0,True
XRP,RANGE_MEAN_REVERSION,SHORT,17535,17536,2025-07-02T15:45:00+00:00,2025-07-02T16:00:00+00:00,2.2111,2.2201896564800685,2.197465515279897,0.009089656480068431,1.5,2025-07-02T16:00:00+00:00,2.2201896564800685,SL,-1.0,0.341256324299804,-1.341256324299804,0,True
CRV,RANGE_MEAN_REVERSION,SHORT,17537,17538,2025-07-02T16:15:00+00:00,2025-07-02T16:30:00+00:00,0.526,0.533015836609578,0.5154762450856332,0.007015836609577941,1.5,2025-07-02T16:45:00+00:00,0.533015836609578,SL,-1.0,0.10566253561473697,-1.105662535614737,1,
FET,RANGE_MEAN_REVERSION,SHORT,17589,17590,2025-07-03T05:15:00+00:00,2025-07-03T05:30:00+00:00,0.733,0.7376465547662906,0.7260301678505641,0.0046465547662906115,1.5,2025-07-03T05:45:00+00:00,0.7376465547662906,SL,-1.0,0.2215518034576455,-1.2215518034576456,1,
CRV,RANGE_MEAN_REVERSION,SHORT,17591,17592,2025-07-03T05:45:00+00:00,2025-07-03T06:00:00+00:00,0.542,0.5456615097951076,0.5365077353073386,0.003661509795107598,1.5,2025-07-03T06:15:00+00:00,0.5456615097951076,SL,-1.0,0.20793691658940427,-1.2079369165894043,1,
XRP,RANGE_MEAN_REVERSION,SHORT,17591,17592,2025-07-03T05:45:00+00:00,2025-07-03T06:00:00+00:00,2.2693,2.2783622166866957,2.2557066749699564,0.009062216686695823,1.5,2025-07-03T07:30:00+00:00,2.2783622166866957,SL,-1.0,0.3512786839840368,-1.3512786839840367,6,
SOL,RANGE_MEAN_REVERSION,SHORT,17590,17591,2025-07-03T05:30:00+00:00,2025-07-03T05:45:00+00:00,155.56,156.24650768335562,154.53023847496658,0.6865076833556145,1.5,2025-07-03T09:15:00+00:00,156.24650768335562,SL,-1.0,0.3179346140912553,-1.3179346140912553,14,
BNB,RANGE_MEAN_REVERSION,LONG,17689,17690,2025-07-04T06:15:00+00:00,2025-07-04T06:30:00+00:00,658.32,657.3439604312495,659.7840593531259,0.9760395687505934,1.5,2025-07-04T07:00:00+00:00,657.3439604312495,SL,-1.0,0.9435731929196081,-1.943573192919608,2,
CRV,RANGE_MEAN_REVERSION,LONG,17691,17692,2025-07-04T06:45:00+00:00,2025-07-04T07:00:00+00:00,0.512,0.5089467442803367,0.516579883579495,0.003053255719663306,1.5,2025-07-04T07:00:00+00:00,0.5089467442803367,SL,-1.0,0.23406579291532262,-1.2340657929153227,0,True
DOGE,RANGE_MEAN_REVERSION,LONG,17689,17690,2025-07-04T06:15:00+00:00,2025-07-04T06:30:00+00:00,0.1682,0.167452299824689,0.16932155026296647,0.000747700175310978,1.5,2025-07-04T07:15:00+00:00,0.167452299824689,SL,-1.0,0.31423907287377706,-1.314239072873777,3,
FET,RANGE_MEAN_REVERSION,LONG,17693,17694,2025-07-04T07:15:00+00:00,2025-07-04T07:30:00+00:00,0.6953,0.6908405663388777,0.7019891504916835,0.004459433661122336,1.5,2025-07-04T07:45:00+00:00,0.6908405663388777,SL,-1.0,0.217583323392911,-1.217583323392911,1,
LINK,RANGE_MEAN_REVERSION,LONG,17693,17694,2025-07-04T07:15:00+00:00,2025-07-04T07:30:00+00:00,13.395,13.33438755985128,13.48591866022308,0.060612440148720026,1.5,2025-07-04T08:00:00+00:00,13.33438755985128,SL,-1.0,0.30869193264595884,-1.3086919326459587,2,
AVAX,RANGE_MEAN_REVERSION,LONG,17694,17695,2025-07-04T07:30:00+00:00,2025-07-04T07:45:00+00:00,18.166,18.05261954273773,18.336070685893404,0.11338045726227008,1.5,2025-07-04T08:00:00+00:00,18.05261954273773,SL,-1.0,0.2236102613457461,-1.223610261345746,1,
CRV,RANGE_MEAN_REVERSION,LONG,17719,17720,2025-07-04T13:45:00+00:00,2025-07-04T14:00:00+00:00,0.502,0.49868888284493024,0.5069666757326047,0.003311117155069765,1.5,2025-07-04T14:00:00+00:00,0.49868888284493024,SL,-1.0,0.21155464611661925,-1.2115546461166193,0,True
AVAX,RANGE_MEAN_REVERSION,LONG,17720,17721,2025-07-04T14:00:00+00:00,2025-07-04T14:15:00+00:00,17.88,17.782830966915878,18.02575354962618,0.09716903308412128,1.5,2025-07-04T14:15:00+00:00,17.782830966915878,SL,-1.0,0.25691293701800316,-1.2569129370180032,0,True
DOGE,RANGE_MEAN_REVERSION,LONG,17720,17721,2025-07-04T14:00:00+00:00,2025-07-04T14:15:00+00:00,0.16414,0.16322790494523964,0.16550814258214055,0.0009120950547603646,1.5,2025-07-04T14:15:00+00:00,0.16322790494523964,SL,-1.0,0.251243039051313,-1.251243039051313,0,True
LINK,RANGE_MEAN_REVERSION,LONG,17720,17721,2025-07-04T14:00:00+00:00,2025-07-04T14:15:00+00:00,13.168,13.094861997909895,13.277707003135156,0.07313800209010424,1.5,2025-07-04T14:15:00+00:00,13.094861997909895,SL,-1.0,0.2513604811885384,-1.2513604811885384,0,True
BNB,RANGE_MEAN_REVERSION,LONG,17720,17721,2025-07-04T14:00:00+00:00,2025-07-04T14:15:00+00:00,654.29,652.7830745853106,656.5503881220341,1.5069254146893627,1.5,2025-07-04T15:15:00+00:00,652.7830745853106,SL,-1.0,0.6071641922625117,-1.6071641922625117,4,
SOL,RANGE_MEAN_REVERSION,LONG,17720,17721,2025-07-04T14:00:00+00:00,2025-07-04T14:15:00+00:00,148.11,147.23870176519281,149.4169473522108,0.8712982348071989,1.5,2025-07-04T15:15:00+00:00,147.23870176519281,SL,-1.0,0.2372828073976109,-1.237282807397611,4,
ADA,RANGE_MEAN_REVERSION,LONG,17720,17721,2025-07-04T14:00:00+00:00,2025-07-04T14:15:00+00:00,0.5729,0.5695766569695699,0.577885014545645,0.003323343030430026,1.5,2025-07-04T16:00:00+00:00,0.5695766569695699,SL,-1.0,0.24064132187257747,-1.2406413218725776,7,
FET,RANGE_MEAN_REVERSION,LONG,17720,17721,2025-07-04T14:00:00+00:00,2025-07-04T14:15:00+00:00,0.6801,0.675524157625141,0.6869637635622887,0.004575842374859085,1.5,2025-07-04T16:00:00+00:00,0.675524157625141,SL,-1.0,0.20737971997272345,-1.2073797199727234,7,
AVAX,RANGE_MEAN_REVERSION,LONG,17725,17726,2025-07-04T15:15:00+00:00,2025-07-04T15:30:00+00:00,17.762,17.663421630680478,17.909867553979282,0.09857836931952235,1.5,2025-07-04T16:00:00+00:00,17.663421630680478,SL,-1.0,0.2515541219909935,-1.2515541219909934,2,
DOGE,RANGE_MEAN_REVERSION,LONG,17725,17726,2025-07-04T15:15:00+00:00,2025-07-04T15:30:00+00:00,0.1631,0.1621758553148109,0.16448621702778363,0.0009241446851890878,1.5,2025-07-04T16:00:00+00:00,0.1621758553148109,SL,-1.0,0.2463825225308521,-1.246382522530852,2,
BTC,RANGE_MEAN_REVERSION,LONG,17720,17721,2025-07-04T14:00:00+00:00,2025-07-04T14:15:00+00:00,107689.0,107380.4921370056,108151.76179449161,308.5078629944037,1.5,2025-07-04T16:15:00+00:00,107380.4921370056,SL,-1.0,0.4879896513322738,-1.4879896513322737,8,
SUI,RANGE_MEAN_REVERSION,LONG,17728,17729,2025-07-04T16:00:00+00:00,2025-07-04T16:15:00+00:00,2.8365,2.811881046505315,2.873428430242028,0.024618953494685236,1.5,2025-07-04T22:00:00+00:00,2.873428430242028,TP,1.5,0.162352550933259,1.337647449066741,23,
FET,RANGE_MEAN_REVERSION,LONG,17836,17837,2025-07-05T19:00:00+00:00,2025-07-05T19:15:00+00:00,0.6532,0.6500790648727602,0.6578814026908597,0.0031209351272397656,1.5,2025-07-05T19:30:00+00:00,0.6578814026908597,TP,1.5000000000000178,0.2940647416453316,1.2059352583546863,1,
ETH,RANGE_MEAN_REVERSION,LONG,17826,17827,2025-07-05T16:30:00+00:00,2025-07-05T16:45:00+00:00,2496.85,2485.9533945221165,2513.194908216825,10.89660547788344,1.5,2025-07-05T21:15:00+00:00,2513.194908216825,TP,1.4999999999999791,0.3218462339367896,1.1781537660631896,18,
XRP,RANGE_MEAN_REVERSION,SHORT,17891,17892,2025-07-06T08:45:00+00:00,2025-07-06T09:00:00+00:00,2.2416,2.2556150824209906,2.220577376368514,0.014015082420990588,1.5,2025-07-06T09:30:00+00:00,2.2556150824209906,SL,-1.0,0.22461876877583065,-1.2246187687758305,2,
DOGE,RANGE_MEAN_REVERSION,SHORT,17907,17908,2025-07-06T12:45:00+00:00,2025-07-06T13:00:00+00:00,0.16684,0.16779069266877744,0.1654139609968338,0.0009506926687774531,1.5,2025-07-06T13:15:00+00:00,0.16779069266877744,SL,-1.0,0.24639033471181382,-1.2463903347118137,1,
AVAX,RANGE_MEAN_REVERSION,SHORT,17910,17911,2025-07-06T13:30:00+00:00,2025-07-06T13:45:00+00:00,18.205,18.275968571787704,18.098547142318438,0.07096857178770577,1.5,2025-07-06T13:45:00+00:00,18.275968571787704,SL,-1.0,0.35983080054987426,-1.3598308005498743,0,True
BNB,RANGE_MEAN_REVERSION,SHORT,17910,17911,2025-07-06T13:30:00+00:00,2025-07-06T13:45:00+00:00,660.1,660.9664801109919,658.8002798335121,0.8664801109919154,1.5,2025-07-06T13:45:00+00:00,660.9664801109919,SL,-1.0,1.0672449654026999,-2.0672449654026996,0,True
ETH,RANGE_MEAN_REVERSION,SHORT,17910,17911,2025-07-06T13:30:00+00:00,2025-07-06T13:45:00+00:00,2540.95,2547.825207987812,2530.6371880182814,6.875207987812246,1.5,2025-07-06T13:45:00+00:00,2547.825207987812,SL,-1.0,0.5181141649686987,-1.5181141649686987,0,True
SUI,RANGE_MEAN_REVERSION,SHORT,17911,17912,2025-07-06T13:45:00+00:00,2025-07-06T14:00:00+00:00,2.947,2.964318378744934,2.921022431882599,0.017318378744934027,1.5,2025-07-06T14:15:00+00:00,2.921022431882599,TP,1.5000000000000129,0.23718246163887477,1.2628175383611382,1,
ADA,RANGE_MEAN_REVERSION,SHORT,17911,17912,2025-07-06T13:45:00+00:00,2025-07-06T14:00:00+00:00,0.5868,0.5918477409434356,0.5792283885848466,0.00504774094343563,1.5,2025-07-06T18:30:00+00:00,0.5792283885848466,TP,1.499999999999989,0.16170003198576413,1.3382999680142247,18,
BTC,RANGE_MEAN_REVERSION,SHORT,17911,17912,2025-07-06T13:45:00+00:00,2025-07-06T14:00:00+00:00,108713.2,109017.66201553505,108256.50697669742,304.4620155350567,1.5,2025-07-06T18:45:00+00:00,108256.50697669742,TP,1.499999999999976,0.4988431631340903,1.0011568368658859,19,
LINK,RANGE_MEAN_REVERSION,SHORT,17911,17912,2025-07-06T13:45:00+00:00,2025-07-06T14:00:00+00:00,13.428,13.525961624642282,13.28105756303658,0.09796162464228075,1.5,2025-07-06T18:45:00+00:00,13.28105756303658,TP,1.5,0.1908537181003036,1.3091462818996964,19,
XRP,RANGE_MEAN_REVERSION,SHORT,17994,17995,2025-07-07T10:30:00+00:00,2025-07-07T10:45:00+00:00,2.2915,2.3019554017570982,2.275816897364353,0.010455401757098137,1.5,2025-07-07T12:15:00+00:00,2.275816897364353,TP,1.5,0.30578660700288557,1.1942133929971144,6,
BTC,RANGE_MEAN_REVERSION,LONG,18001,18002,2025-07-07T12:15:00+00:00,2025-07-07T12:30:00+00:00,108386.6,108255.61243829514,108583.0813425573,130.9875617048674,1.5,2025-07-07T13:00:00+00:00,108255.61243829514,SL,-1.0,1.1577400688509145,-2.1577400688509147,2,
DOGE,RANGE_MEAN_REVERSION,LONG,18001,18002,2025-07-07T12:15:00+00:00,2025-07-07T12:30:00+00:00,0.16954,0.16860158522336682,0.17094762216494974,0.000938414776633173,1.5,2025-07-07T14:30:00+00:00,0.16860158522336682,SL,-1.0,0.25223293105590405,-1.2522329310559042,8,
LINK,RANGE_MEAN_REVERSION,SHORT,18093,18094,2025-07-08T11:15:00+00:00,2025-07-08T11:30:00+00:00,13.5,13.55629955940223,13.415550660896654,0.056299559402230415,1.5,2025-07-08T12:45:00+00:00,13.55629955940223,SL,-1.0,0.33640422576435375,-1.3364042257643538,5,
BTC,RANGE_MEAN_REVERSION,SHORT,18091,18092,2025-07-08T10:45:00+00:00,2025-07-08T11:00:00+00:00,108780.0,108965.30142781266,108502.047858281,185.30142781266477,1.5,2025-07-08T13:30:00+00:00,108965.30142781266,SL,-1.0,0.8225609095336464,-1.8225609095336464,10,
ETH,RANGE_MEAN_REVERSION,SHORT,18092,18093,2025-07-08T11:00:00+00:00,2025-07-08T11:15:00+00:00,2578.15,2589.885220296698,2560.547169554953,11.735220296698117,1.5,2025-07-08T13:45:00+00:00,2589.885220296698,SL,-1.0,0.30827070670548584,-1.308270706705486,10,
AVAX,RANGE_MEAN_REVERSION,SHORT,18092,18093,2025-07-08T11:00:00+00:00,2025-07-08T11:15:00+00:00,18.194,18.30554767708123,18.026678484378152,0.11154767708123003,1.5,2025-07-08T15:00:00+00:00,18.026678484378152,TP,1.500000000000016,0.22729720243839188,1.272702797561624,15,
FET,RANGE_MEAN_REVERSION,LONG,18150,18151,2025-07-09T01:30:00+00:00,2025-07-09T01:45:00+00:00,0.6637,0.6602294664653245,0.6689058003020131,0.003470533534675413,1.5,2025-07-09T03:00:00+00:00,0.6689058003020131,TP,1.5,0.26878405031710867,1.2312159496828914,5,
CRV,RANGE_MEAN_REVERSION,SHORT,18169,18170,2025-07-09T06:15:00+00:00,2025-07-09T06:30:00+00:00,0.532,0.5364014319027377,0.5253978521458935,0.004401431902737674,1.5,2025-07-09T06:45:00+00:00,0.5364014319027377,SL,-1.0,0.16991765835721268,-1.1699176583572126,1,
ADA,RANGE_MEAN_REVERSION,SHORT,18189,18190,2025-07-09T11:15:00+00:00,2025-07-09T11:30:00+00:00,0.6037,0.6081201254505387,0.5970698118241919,0.004420125450538714,1.5,2025-07-09T11:45:00+00:00,0.6081201254505387,SL,-1.0,0.19191176750695876,-1.1919117675069588,1,
SUI,RANGE_MEAN_REVERSION,SHORT,18194,18195,2025-07-09T12:30:00+00:00,2025-07-09T12:45:00+00:00,2.9719,2.9837801225102725,2.954079816234592,0.011880122510272262,1.5,2025-07-09T12:45:00+00:00,2.954079816234592,TP,1.4999999999999813,0.34917029414279577,1.1508297058571855,0,True
BTC,RANGE_MEAN_REVERSION,SHORT,18194,18195,2025-07-09T12:30:00+00:00,2025-07-09T12:45:00+00:00,109424.3,109559.79430666128,109221.05854000809,135.4943066612759,1.5,2025-07-09T13:00:00+00:00,109559.79430666128,SL,-1.0,1.1313306794349067,-2.1313306794349067,1,
DOGE,RANGE_MEAN_REVERSION,SHORT,18193,18194,2025-07-09T12:15:00+00:00,2025-07-09T12:30:00+00:00,0.17447,0.17515927630290273,0.17343608554564588,0.0006892763029027471,1.5,2025-07-09T13:30:00+00:00,0.17343608554564588,TP,1.4999999999999798,0.35331877631126596,1.1466812236887138,4,
AVAX,RANGE_MEAN_REVERSION,SHORT,18193,18194,2025-07-09T12:15:00+00:00,2025-07-09T12:30:00+00:00,18.679,18.770513908138106,18.541729137792835,0.09151390813810778,1.5,2025-07-09T13:45:00+00:00,18.541729137792835,TP,1.5000000000000193,0.2847054718407932,1.2152945281592262,5,
SOL,RANGE_MEAN_REVERSION,SHORT,18193,18194,2025-07-09T12:15:00+00:00,2025-07-09T12:30:00+00:00,154.28,154.95672857589258,153.26490713616113,0.6767285758925823,1.5,2025-07-09T14:00:00+00:00,153.26490713616113,TP,1.5,0.31812079859545433,1.1818792014045456,6,
AVAX,RANGE_MEAN_REVERSION,SHORT,18358,18359,2025-07-11T05:30:00+00:00,2025-07-11T05:45:00+00:00,21.101,21.21194402343585,20.93458396484622,0.1109440234358523,1.5,2025-07-11T05:45:00+00:00,21.21194402343585,SL,-1.0,0.26697301845674265,-1.2669730184567427,0,True
FET,RANGE_MEAN_REVERSION,SHORT,18548,18549,2025-07-13T05:00:00+00:00,2025-07-13T05:15:00+00:00,0.7097,0.7147370290876797,0.7021444563684804,0.0050370290876796675,1.5,2025-07-13T05:30:00+00:00,0.7147370290876797,SL,-1.0,0.19795516424557666,-1.1979551642455766,1,
SOL,RANGE_MEAN_REVERSION,SHORT,18853,18854,2025-07-16T09:15:00+00:00,2025-07-16T09:30:00+00:00,167.12,168.04694408318514,165.72958387522232,0.9269440831851341,1.5,2025-07-16T15:00:00+00:00,168.04694408318514,SL,-1.0,0.2531078898006955,-1.2531078898006955,22,
SUI,RANGE_MEAN_REVERSION,SHORT,19230,19231,2025-07-20T07:30:00+00:00,2025-07-20T07:45:00+00:00,3.9399,3.968020794461206,3.8977188083081917,0.028120794461205634,1.5,2025-07-20T07:45:00+00:00,3.968020794461206,SL,-1.0,0.19684879684887527,-1.1968487968488752,0,True
BTC,RANGE_MEAN_REVERSION,SHORT,19256,19257,2025-07-20T14:00:00+00:00,2025-07-20T14:15:00+00:00,118530.4,118874.08224458314,118014.87663312527,343.68224458314944,1.5,2025-07-20T17:45:00+00:00,118014.87663312527,TP,1.5,0.48178716315130254,1.0182128368486976,14,
ADA,RANGE_MEAN_REVERSION,LONG,19539,19540,2025-07-23T12:45:00+00:00,2025-07-23T13:00:00+00:00,0.8347,0.8224335892133354,0.8530996161799969,0.012266410786664572,1.5,2025-07-23T13:30:00+00:00,0.8224335892133354,SL,-1.0,0.09456666115490128,-1.0945666611549012,2,
ADA,RANGE_MEAN_REVERSION,LONG,19605,19606,2025-07-24T05:15:00+00:00,2025-07-24T05:30:00+00:00,0.7928,0.7855736228518778,0.8036395657221831,0.007226377148122132,1.5,2025-07-24T05:45:00+00:00,0.7855736228518778,SL,-1.0,0.1528928691859692,-1.1528928691859692,1,
BTC,RANGE_MEAN_REVERSION,LONG,19682,19683,2025-07-25T00:30:00+00:00,2025-07-25T00:45:00+00:00,117739.8,117435.64508409155,118196.03237386269,304.1549159084534,1.5,2025-07-25T01:15:00+00:00,117435.64508409155,SL,-1.0,0.5412465916165345,-1.5412465916165345,2,
CRV,RANGE_MEAN_REVERSION,LONG,19680,19681,2025-07-25T00:00:00+00:00,2025-07-25T00:15:00+00:00,0.943,0.9308750384459401,0.9611874423310898,0.012124961554059843,1.5,2025-07-25T01:45:00+00:00,0.9611874423310898,TP,1.5000000000000047,0.10993281947235972,1.390067180527645,6,
BTC,RANGE_MEAN_REVERSION,LONG,19692,19693,2025-07-25T03:00:00+00:00,2025-07-25T03:15:00+00:00,116185.1,115592.99470288643,117073.25794567037,592.1052971135796,1.5,2025-07-25T03:30:00+00:00,115592.99470288643,SL,-1.0,0.2740131984681404,-1.2740131984681404,1,
SUI,RANGE_MEAN_REVERSION,LONG,19694,19695,2025-07-25T03:30:00+00:00,2025-07-25T03:45:00+00:00,3.6051,3.569261463296913,3.658857805054631,0.03583853670308734,1.5,2025-07-25T04:30:00+00:00,3.658857805054631,TP,1.5,0.14187996864002012,1.35812003135998,3,
SUI,RANGE_MEAN_REVERSION,SHORT,19725,19726,2025-07-25T11:15:00+00:00,2025-07-25T11:30:00+00:00,3.7785,3.8082143971154996,3.7339284043267513,0.02971439711549939,1.5,2025-07-25T12:30:00+00:00,3.7339284043267513,TP,1.4999999999999925,0.17697481334008705,1.3230251866599054,4,
UNI,RANGE_MEAN_REVERSION,SHORT,19720,19721,2025-07-25T10:00:00+00:00,2025-07-25T10:15:00+00:00,10.499,10.685062990020548,10.21990551496918,0.18606299002054705,1.5,2025-07-25T14:15:00+00:00,10.21990551496918,TP,1.4999999999999953,0.07794797804161281,1.4220520219583825,16,
CRV,RANGE_MEAN_REVERSION,SHORT,19785,19786,2025-07-26T02:15:00+00:00,2025-07-26T02:30:00+00:00,1.073,1.0850082029050536,1.0549876956424193,0.012008202905053666,1.5,2025-07-26T02:30:00+00:00,1.0549876956424193,TP,1.5000000000000093,0.12404781953865864,1.3759521804613506,0,True
SUI,RANGE_MEAN_REVERSION,SHORT,19764,19765,2025-07-25T21:00:00+00:00,2025-07-25T21:15:00+00:00,3.9683,4.007186842459631,3.909969736310554,0.0388868424596307,1.5,2025-07-26T04:45:00+00:00,4.007186842459631,SL,-1.0,0.14356631797805167,-1.1435663179780517,30,
SOL,RANGE_MEAN_REVERSION,SHORT,19815,19816,2025-07-26T09:45:00+00:00,2025-07-26T10:00:00+00:00,188.94,189.59275904806557,187.96086142790165,0.652759048065576,1.5,2025-07-26T10:00:00+00:00,189.59275904806557,SL,-1.0,0.40592762692280104,-1.405927626922801,0,True
SUI,RANGE_MEAN_REVERSION,SHORT,19835,19836,2025-07-26T14:45:00+00:00,2025-07-26T15:00:00+00:00,4.1312,4.189993725474181,4.043009411788729,0.058793725474180825,1.5,2025-07-26T15:30:00+00:00,4.189993725474181,SL,-1.0,0.09907240204381834,-1.0990724020438183,2,
CRV,RANGE_MEAN_REVERSION,LONG,19838,19839,2025-07-26T15:30:00+00:00,2025-07-26T15:45:00+00:00,1.032,1.020709079164431,1.0489363812533534,0.01129092083556893,1.5,2025-07-26T16:00:00+00:00,1.0489363812533534,TP,1.5,0.12901121955337394,1.370988780446626,1,
AVAX,RANGE_MEAN_REVERSION,SHORT,19836,19837,2025-07-26T15:00:00+00:00,2025-07-26T15:15:00+00:00,24.782,25.025458438749613,24.41681234187558,0.24345843874961304,1.5,2025-07-26T18:30:00+00:00,25.025458438749613,SL,-1.0,0.14320810190926334,-1.1432081019092633,13,
SUI,RANGE_MEAN_REVERSION,SHORT,19841,19842,2025-07-26T16:15:00+00:00,2025-07-26T16:30:00+00:00,4.2901,4.374266471802819,4.163850292295772,0.08416647180281878,1.5,2025-07-26T21:00:00+00:00,4.163850292295772,TP,1.5,0.07031024442216018,1.4296897555778398,18,
DOGE,RANGE_MEAN_REVERSION,SHORT,19893,19894,2025-07-27T05:15:00+00:00,2025-07-27T05:30:00+00:00,0.24242,0.24411054693417605,0.23988417959873592,0.001690546934176057,1.5,2025-07-27T06:15:00+00:00,0.23988417959873592,TP,1.4999999999999918,0.19970633106596464,1.3002936689340272,3,
XRP,RANGE_MEAN_REVERSION,SHORT,19893,19894,2025-07-27T05:15:00+00:00,2025-07-27T05:30:00+00:00,3.2307,3.246519046082118,3.2069714308768233,0.015819046082117705,1.5,2025-07-27T06:15:00+00:00,3.2069714308768233,TP,1.500000000000014,0.2848698953287648,1.2151301046712493,3,
ETH,RANGE_MEAN_REVERSION,SHORT,19893,19894,2025-07-27T05:15:00+00:00,2025-07-27T05:30:00+00:00,3798.22,3818.666293220684,3767.5505601689733,20.44629322068431,1.5,2025-07-27T06:45:00+00:00,3767.5505601689733,TP,1.5,0.2590219818798544,1.2409780181201455,5,
LINK,RANGE_MEAN_REVERSION,SHORT,19894,19895,2025-07-27T05:30:00+00:00,2025-07-27T05:45:00+00:00,18.992,19.1281793683099,18.787730947535152,0.13617936830990018,1.5,2025-07-27T06:45:00+00:00,18.787730947535152,TP,1.499999999999987,0.19419837227539857,1.3058016277245883,4,
ETH,RANGE_MEAN_REVERSION,SHORT,19915,19916,2025-07-27T10:45:00+00:00,2025-07-27T11:00:00+00:00,3815.71,3849.557029186167,3764.93945622075,33.847029186166765,1.5,2025-07-27T16:30:00+00:00,3849.557029186167,SL,-1.0,0.1585275591224788,-1.1585275591224788,22,
FET,RANGE_MEAN_REVERSION,SHORT,19961,19962,2025-07-27T22:15:00+00:00,2025-07-27T22:30:00+00:00,0.7501,0.754358997270613,0.7437115040940805,0.004258997270612963,1.5,2025-07-27T22:30:00+00:00,0.754358997270613,SL,-1.0,0.24726977529569108,-1.2472697752956912,0,True
ETH,RANGE_MEAN_REVERSION,SHORT,20095,20096,2025-07-29T07:45:00+00:00,2025-07-29T08:00:00+00:00,3876.56,3891.861538676285,3853.6076919855723,15.301538676284963,1.5,2025-07-29T10:00:00+00:00,3853.6076919855723,TP,1.5000000000000149,0.3536322391405187,1.1463677608594962,8,
SUI,RANGE_MEAN_REVERSION,LONG,20208,20209,2025-07-30T12:00:00+00:00,2025-07-30T12:15:00+00:00,3.6903,3.6657398817003197,3.7271401774495208,0.02456011829968041,1.5,2025-07-30T12:15:00+00:00,3.7271401774495208,TP,1.5,0.2114081072761864,1.2885918927238136,0,True
XRP,RANGE_MEAN_REVERSION,LONG,20207,20208,2025-07-30T11:45:00+00:00,2025-07-30T12:00:00+00:00,3.0499,3.029331288543658,3.0807530671845136,0.020568711456342204,1.5,2025-07-30T12:45:00+00:00,3.0807530671845136,TP,1.5000000000000109,0.20864005779544942,1.2913599422045614,3,
DOGE,RANGE_MEAN_REVERSION,LONG,20207,20208,2025-07-30T11:45:00+00:00,2025-07-30T12:00:00+00:00,0.21599,0.21354516733087098,0.2196572490036935,0.00244483266912901,1.5,2025-07-30T14:30:00+00:00,0.2196572490036935,TP,1.4999999999999942,0.12473372028819757,1.3752662797117967,10,
ADA,RANGE_MEAN_REVERSION,LONG,20207,20208,2025-07-30T11:45:00+00:00,2025-07-30T12:00:00+00:00,0.7562,0.7479444293455794,0.7685833559816309,0.008255570654420619,1.5,2025-07-30T14:45:00+00:00,0.7685833559816309,TP,1.4999999999999933,0.12928825805828545,1.3707117419417079,11,
ETH,RANGE_MEAN_REVERSION,SHORT,20259,20260,2025-07-31T00:45:00+00:00,2025-07-31T01:00:00+00:00,3842.61,3861.6045703621844,3814.1181444567237,18.994570362184277,1.5,2025-07-31T02:45:00+00:00,3861.6045703621844,SL,-1.0,0.2839206202836887,-1.2839206202836886,7,
AVAX,RANGE_MEAN_REVERSION,SHORT,20277,20278,2025-07-31T05:15:00+00:00,2025-07-31T05:30:00+00:00,24.035,24.130938879713934,23.8910916804291,0.095938879713934,1.5,2025-07-31T06:00:00+00:00,23.8910916804291,TP,1.5,0.3496837181790427,1.1503162818209574,2,
BTC,RANGE_MEAN_REVERSION,SHORT,20259,20260,2025-07-31T00:45:00+00:00,2025-07-31T01:00:00+00:00,118368.6,118678.21531648313,117904.17702527533,309.6153164831194,1.5,2025-07-31T06:45:00+00:00,118678.21531648313,SL,-1.0,0.5359320482150147,-1.5359320482150147,23,
SUI,RANGE_MEAN_REVERSION,SHORT,20284,20285,2025-07-31T07:00:00+00:00,2025-07-31T07:15:00+00:00,3.9055,3.9341045174499185,3.8625932238251224,0.028604517449918543,1.5,2025-07-31T08:15:00+00:00,3.9341045174499185,SL,-1.0,0.19184812929716352,-1.1918481292971634,4,
SOL,RANGE_MEAN_REVERSION,SHORT,20295,20296,2025-07-31T09:45:00+00:00,2025-07-31T10:00:00+00:00,182.45,183.01493285955726,181.6026007106641,0.564932859557274,1.5,2025-07-31T10:45:00+00:00,181.6026007106641,TP,1.499999999999975,0.4510922248303544,1.0489077751696205,3,
LINK,RANGE_MEAN_REVERSION,LONG,20309,20310,2025-07-31T13:15:00+00:00,2025-07-31T13:30:00+00:00,17.662,17.53895786260339,17.846563206094913,0.12304213739660952,1.5,2025-07-31T13:30:00+00:00,17.53895786260339,SL,-1.0,0.20026204863782995,-1.20026204863783,0,True
AVAX,RANGE_MEAN_REVERSION,LONG,20309,20310,2025-07-31T13:15:00+00:00,2025-07-31T13:30:00+00:00,23.184,23.032750254588958,23.410874618116566,0.15124974541104308,1.5,2025-07-31T13:45:00+00:00,23.032750254588958,SL,-1.0,0.2138960636944662,-1.2138960636944662,1,
DOGE,RANGE_MEAN_REVERSION,LONG,20309,20310,2025-07-31T13:15:00+00:00,2025-07-31T13:30:00+00:00,0.21837,0.21700692073980019,0.22041461889029973,0.0013630792601998232,1.5,2025-07-31T14:00:00+00:00,0.21700692073980019,SL,-1.0,0.22358482988962994,-1.22358482988963,2,
ADA,RANGE_MEAN_REVERSION,LONG,20309,20310,2025-07-31T13:15:00+00:00,2025-07-31T13:30:00+00:00,0.7643,0.7585252387625135,0.7729621418562296,0.0057747612374864365,1.5,2025-07-31T14:15:00+00:00,0.7585252387625135,SL,-1.0,0.18459250924766274,-1.1845925092476628,3,
ETH,RANGE_MEAN_REVERSION,LONG,20309,20310,2025-07-31T13:15:00+00:00,2025-07-31T13:30:00+00:00,3799.5,3779.803283639911,3829.045074540133,19.696716360088885,1.5,2025-07-31T14:15:00+00:00,3779.803283639911,SL,-1.0,0.26936024266960584,-1.2693602426696058,3,
SOL,RANGE_MEAN_REVERSION,LONG,20310,20311,2025-07-31T13:30:00+00:00,2025-07-31T13:45:00+00:00,177.09,176.08397446520672,178.5990383021899,1.006025534793281,1.5,2025-07-31T14:15:00+00:00,176.08397446520672,SL,-1.0,0.24574106081357472,-1.2457410608135748,2,
SUI,RANGE_MEAN_REVERSION,LONG,20309,20310,2025-07-31T13:15:00+00:00,2025-07-31T13:30:00+00:00,3.7744,3.7318410192610774,3.838238471108384,0.042558980738922614,1.5,2025-07-31T17:45:00+00:00,3.7318410192610774,SL,-1.0,0.12346086824107924,-1.1234608682410792,17,
CRV,RANGE_MEAN_REVERSION,LONG,20344,20345,2025-07-31T22:00:00+00:00,2025-07-31T22:15:00+00:00,0.953,0.9428278100849079,0.968258284872638,0.010172189915092056,1.5,2025-07-31T22:30:00+00:00,0.9428278100849079,SL,-1.0,0.13046153071626224,-1.1304615307162622,1,
DOGE,RANGE_MEAN_REVERSION,LONG,20346,20347,2025-07-31T22:30:00+00:00,2025-07-31T22:45:00+00:00,0.21059,0.20854238222995586,0.2136614266550662,0.002047617770044141,1.5,2025-07-31T23:30:00+00:00,0.20854238222995586,SL,-1.0,0.14328488053443897,-1.1432848805344389,3,
UNI,RANGE_MEAN_REVERSION,LONG,20346,20347,2025-07-31T22:30:00+00:00,2025-07-31T22:45:00+00:00,9.37,9.297895213517387,9.478157179723917,0.07210478648261187,1.5,2025-07-31T23:30:00+00:00,9.297895213517387,SL,-1.0,0.1812296698585109,-1.181229669858511,3,
CRV,RANGE_MEAN_REVERSION,LONG,20350,20351,2025-07-31T23:30:00+00:00,2025-07-31T23:45:00+00:00,0.936,0.9238767189131076,0.9541849216303386,0.012123281086892423,1.5,2025-08-01T00:45:00+00:00,0.9541849216303386,TP,1.4999999999999953,0.10913955023048935,1.390860449769506,4,
AVAX,RANGE_MEAN_REVERSION,LONG,20376,20377,2025-08-01T06:00:00+00:00,2025-08-01T06:15:00+00:00,21.812,21.629502983123615,22.08574552531458,0.1824970168763862,1.5,2025-08-01T07:45:00+00:00,22.08574552531458,TP,1.4999999999999902,0.16837766662527973,1.3316223333747106,6,
UNI,RANGE_MEAN_REVERSION,LONG,20385,20386,2025-08-01T08:15:00+00:00,2025-08-01T08:30:00+00:00,9.108,8.949888263709596,9.345167604435607,0.15811173629040454,1.5,2025-08-01T13:45:00+00:00,8.949888263709596,SL,-1.0,0.079946764744774,-1.079946764744774,21,
CRV,RANGE_MEAN_REVERSION,SHORT,20463,20464,2025-08-02T03:45:00+00:00,2025-08-02T04:00:00+00:00,0.916,0.9271934916510339,0.8992097625234492,0.011193491651033893,1.5,2025-08-02T06:15:00+00:00,0.8992097625234492,TP,1.5,0.11351657493299247,1.3864834250670075,9,
AVAX,RANGE_MEAN_REVERSION,LONG,20474,20475,2025-08-02T06:30:00+00:00,2025-08-02T06:45:00+00:00,21.275,21.141480310856064,21.4752795337159,0.13351968914393453,1.5,2025-08-02T07:15:00+00:00,21.4752795337159,TP,1.4999999999999867,0.22412571408357385,1.2758742859164127,2,
LINK,RANGE_MEAN_REVERSION,LONG,20474,20475,2025-08-02T06:30:00+00:00,2025-08-02T06:45:00+00:00,15.835,15.714850899199709,16.01522365120044,0.12014910080029217,1.5,2025-08-02T07:15:00+00:00,16.01522365120044,TP,1.5000000000000073,0.18556240876824015,1.3144375912317672,2,
UNI,RANGE_MEAN_REVERSION,LONG,20474,20475,2025-08-02T06:30:00+00:00,2025-08-02T06:45:00+00:00,8.892,8.806532903151599,9.0202006452726,0.08546709684840081,1.5,2025-08-02T07:15:00+00:00,9.0202006452726,TP,1.5,0.14670605313681517,1.3532939468631848,2,
BNB,RANGE_MEAN_REVERSION,LONG,20476,20477,2025-08-02T07:00:00+00:00,2025-08-02T07:15:00+00:00,752.09,748.3009502727189,757.7735745909217,3.789049727281167,1.5,2025-08-02T07:15:00+00:00,757.7735745909217,TP,1.499999999999985,0.2789365614824029,1.221063438517582,0,True
DOGE,RANGE_MEAN_REVERSION,LONG,20474,20475,2025-08-02T06:30:00+00:00,2025-08-02T06:45:00+00:00,0.19595,0.19387060735654346,0.19906908896518483,0.0020793926434565513,1.5,2025-08-02T07:45:00+00:00,0.19906908896518483,TP,1.4999999999999933,0.13297794581786357,1.3670220541821299,4,
XRP,RANGE_MEAN_REVERSION,LONG,20507,20508,2025-08-02T14:45:00+00:00,2025-08-02T15:00:00+00:00,2.8772,2.857650293616409,2.906524559575387,0.019549706383591214,1.5,2025-08-02T15:30:00+00:00,2.857650293616409,SL,-1.0,0.20534299220477886,-1.205342992204779,2,
BNB,RANGE_MEAN_REVERSION,LONG,20511,20512,2025-08-02T15:45:00+00:00,2025-08-02T16:00:00+00:00,743.44,739.3990293510052,749.5014559734923,4.040970648994858,1.5,2025-08-02T17:00:00+00:00,749.5014559734923,TP,1.499999999999986,0.2586158400931198,1.2413841599068662,4,
SOL,RANGE_MEAN_REVERSION,LONG,20519,20520,2025-08-02T17:45:00+00:00,2025-08-02T18:00:00+00:00,159.23,157.56463095470724,161.72805356793913,1.6653690452927492,1.5,2025-08-02T18:15:00+00:00,157.56463095470724,SL,-1.0,0.13315741774779616,-1.133157417747796,1,
LINK,RANGE_MEAN_REVERSION,LONG,20521,20522,2025-08-02T18:15:00+00:00,2025-08-02T18:30:00+00:00,15.522,15.38291443778703,15.730628343319456,0.13908556221297097,1.5,2025-08-02T19:15:00+00:00,15.730628343319456,TP,1.4999999999999936,0.15729051594029084,1.3427094840597027,3,
SUI,RANGE_MEAN_REVERSION,LONG,20523,20524,2025-08-02T18:45:00+00:00,2025-08-02T19:00:00+00:00,3.2836,3.2442303414635925,3.342654487804611,0.03936965853640739,1.5,2025-08-02T19:15:00+00:00,3.342654487804611,TP,1.5,0.11781606226464607,1.382183937735354,1,
BNB,RANGE_MEAN_REVERSION,LONG,20521,20522,2025-08-02T18:15:00+00:00,2025-08-02T18:30:00+00:00,736.92,732.9864799357107,742.8202800964339,3.9335200642892687,1.5,2025-08-02T19:30:00+00:00,742.8202800964339,TP,1.5,0.26333110779610613,1.2366688922038938,4,
UNI,RANGE_MEAN_REVERSION,LONG,20521,20522,2025-08-02T18:15:00+00:00,2025-08-02T18:30:00+00:00,8.752,8.66534279257627,8.881985811135596,0.0866572074237304,1.5,2025-08-02T19:30:00+00:00,8.881985811135596,TP,1.5,0.14244389399068802,1.357556106009312,4,
ETH,RANGE_MEAN_REVERSION,LONG,20522,20523,2025-08-02T18:30:00+00:00,2025-08-02T18:45:00+00:00,3388.28,3367.3643355747104,3419.653496637935,20.915664425289833,1.5,2025-08-02T19:30:00+00:00,3419.653496637935,TP,1.5,0.22784614204674097,1.272153857953259,3,
CRV,RANGE_MEAN_REVERSION,SHORT,20578,20579,2025-08-03T08:30:00+00:00,2025-08-03T08:45:00+00:00,0.904,0.9113172940728125,0.8930240588907814,0.0073172940728124525,1.5,2025-08-03T10:30:00+00:00,0.9113172940728125,SL,-1.0,0.1736601116760308,-1.1736601116760308,7,
XRP,RANGE_MEAN_REVERSION,SHORT,20612,20613,2025-08-03T17:00:00+00:00,2025-08-03T17:15:00+00:00,2.922,2.93766416461926,2.8985037530711106,0.01566416461925968,1.5,2025-08-03T18:30:00+00:00,2.8985037530711106,TP,1.5,0.26010660167221483,1.2398933983277851,5,
BTC,RANGE_MEAN_REVERSION,SHORT,20621,20622,2025-08-03T19:15:00+00:00,2025-08-03T19:30:00+00:00,114465.0,114713.96171137197,114091.55743294203,248.96171137197234,1.5,2025-08-03T19:30:00+00:00,114713.96171137197,SL,-1.0,0.6443772912464835,-1.6443772912464834,0,True
UNI,RANGE_MEAN_REVERSION,SHORT,20643,20644,2025-08-04T00:45:00+00:00,2025-08-04T01:00:00+00:00,9.315,9.368133116203614,9.235300325694578,0.053133116203614605,1.5,2025-08-04T01:15:00+00:00,9.235300325694578,TP,1.5,0.24439014979330026,1.2556098502066997,1,
LINK,RANGE_MEAN_REVERSION,SHORT,20644,20645,2025-08-04T01:00:00+00:00,2025-08-04T01:15:00+00:00,16.577,16.697670374223275,16.39599443866509,0.12067037422327331,1.5,2025-08-04T02:00:00+00:00,16.39599443866509,TP,1.5,0.19127392498476226,1.3087260750152376,3,
XRP,RANGE_MEAN_REVERSION,SHORT,20644,20645,2025-08-04T01:00:00+00:00,2025-08-04T01:15:00+00:00,3.018,3.0417467284529076,2.982379907320638,0.023746728452907817,1.5,2025-08-04T02:00:00+00:00,2.982379907320638,TP,1.5,0.17687766731547894,1.323122332684521,3,
CRV,RANGE_MEAN_REVERSION,LONG,20689,20690,2025-08-04T12:15:00+00:00,2025-08-04T12:30:00+00:00,0.89,0.882004537091586,0.901993194362621,0.00799546290841402,1.5,2025-08-04T13:00:00+00:00,0.901993194362621,TP,1.5,0.15688838162625615,1.343111618373744,2,
ADA,RANGE_MEAN_REVERSION,SHORT,20644,20645,2025-08-04T01:00:00+00:00,2025-08-04T01:15:00+00:00,0.7389,0.7455155971182187,0.728976604322672,0.006615597118218686,1.5,2025-08-04T13:30:00+00:00,0.7455155971182187,SL,-1.0,0.15706683756802567,-1.1570668375680258,49,
AVAX,RANGE_MEAN_REVERSION,SHORT,20696,20697,2025-08-04T14:00:00+00:00,2025-08-04T14:15:00+00:00,22.235,22.37733818260557,22.021492726091644,0.1423381826055703,1.5,2025-08-04T14:15:00+00:00,22.37733818260557,SL,-1.0,0.21939746704762117,-1.219397467047621,0,True
BNB,RANGE_MEAN_REVERSION,SHORT,20697,20698,2025-08-04T14:15:00+00:00,2025-08-04T14:30:00+00:00,765.44,767.4637506963796,762.4043739554306,2.0237506963795795,1.5,2025-08-04T14:30:00+00:00,762.4043739554306,TP,1.500000000000028,0.5284697683771445,0.9715302316228834,0,True
DOGE,RANGE_MEAN_REVERSION,SHORT,20697,20698,2025-08-04T14:15:00+00:00,2025-08-04T14:30:00+00:00,0.20582,0.20697927490181645,0.20408108764727534,0.0011592749018164428,1.5,2025-08-04T14:30:00+00:00,0.20408108764727534,TP,1.5,0.24750881857573828,1.2524911814242616,0,True
LINK,RANGE_MEAN_REVERSION,SHORT,20696,20697,2025-08-04T14:00:00+00:00,2025-08-04T14:15:00+00:00,16.878,16.982003564338182,16.72199465349273,0.10400356433818203,1.5,2025-08-04T14:45:00+00:00,16.72199465349273,TP,1.499999999999983,0.22614605958086567,1.2738539404191171,2,
SOL,RANGE_MEAN_REVERSION,SHORT,20696,20697,2025-08-04T14:00:00+00:00,2025-08-04T14:15:00+00:00,166.27,167.36124360091958,164.63313459862064,1.0912436009195687,1.5,2025-08-04T14:45:00+00:00,164.63313459862064,TP,1.500000000000013,0.2122644238406922,1.287735576159321,2,
SUI,RANGE_MEAN_REVERSION,SHORT,20696,20697,2025-08-04T14:00:00+00:00,2025-08-04T14:15:00+00:00,3.5399,3.5769657964302004,3.484301305354699,0.03706579643020058,1.5,2025-08-04T14:45:00+00:00,3.484301305354699,TP,1.499999999999994,0.13265439805151602,1.367345601948478,2,
XRP,RANGE_MEAN_REVERSION,SHORT,20696,20697,2025-08-04T14:00:00+00:00,2025-08-04T14:15:00+00:00,3.0675,3.0905783169526573,3.032882524571014,0.023078316952657385,1.5,2025-08-04T14:45:00+00:00,3.032882524571014,TP,1.4999999999999905,0.18503376030235183,1.3149662396976387,2,
AVAX,RANGE_MEAN_REVERSION,LONG,20767,20768,2025-08-05T07:45:00+00:00,2025-08-05T08:00:00+00:00,22.209,22.064060434850024,22.426409347724963,0.14493956514997564,1.5,2025-08-05T09:00:00+00:00,22.426409347724963,TP,1.5,0.2155711348455962,1.2844288651544038,4,
SOL,RANGE_MEAN_REVERSION,SHORT,20957,20958,2025-08-07T07:15:00+00:00,2025-08-07T07:30:00+00:00,170.05,170.76097845733733,168.98353231399403,0.710978457337319,1.5,2025-08-07T10:00:00+00:00,170.76097845733733,SL,-1.0,0.3355484015839165,-1.3355484015839165,10,
AVAX,RANGE_MEAN_REVERSION,SHORT,20971,20972,2025-08-07T10:45:00+00:00,2025-08-07T11:00:00+00:00,22.778,22.871712955190723,22.63743056721391,0.09371295519072476,1.5,2025-08-07T11:15:00+00:00,22.871712955190723,SL,-1.0,0.3409859288248786,-1.3409859288248787,1,
BTC,RANGE_MEAN_REVERSION,SHORT,20971,20972,2025-08-07T10:45:00+00:00,2025-08-07T11:00:00+00:00,116291.5,116529.6870427313,115934.21943590305,238.18704273129697,1.5,2025-08-07T11:15:00+00:00,116529.6870427313,SL,-1.0,0.6842304646847088,-1.6842304646847088,1,
ETH,RANGE_MEAN_REVERSION,SHORT,20970,20971,2025-08-07T10:30:00+00:00,2025-08-07T10:45:00+00:00,3810.5,3835.431712437884,3773.102431343174,24.931712437884016,1.5,2025-08-07T11:30:00+00:00,3835.431712437884,SL,-1.0,0.21467246632340678,-1.2146724663234068,3,
CRV,RANGE_MEAN_REVERSION,SHORT,20970,20971,2025-08-07T10:30:00+00:00,2025-08-07T10:45:00+00:00,0.942,0.9487439698560969,0.9318840452158546,0.006743969856096932,1.5,2025-08-07T11:45:00+00:00,0.9487439698560969,SL,-1.0,0.19625247549152816,-1.1962524754915282,4,
BNB,RANGE_MEAN_REVERSION,SHORT,20971,20972,2025-08-07T10:45:00+00:00,2025-08-07T11:00:00+00:00,777.64,780.3529836543916,773.5705245184126,2.7129836543915644,1.5,2025-08-07T12:15:00+00:00,773.5705245184126,TP,1.5,0.4002410281408089,1.0997589718591911,5,
DOGE,RANGE_MEAN_REVERSION,SHORT,20972,20973,2025-08-07T11:00:00+00:00,2025-08-07T11:15:00+00:00,0.21375,0.21502836404384307,0.2118324539342354,0.0012783640438430721,1.5,2025-08-07T13:30:00+00:00,0.21502836404384307,SL,-1.0,0.2347882485245611,-1.2347882485245611,9,
SOL,RANGE_MEAN_REVERSION,LONG,20995,20996,2025-08-07T16:45:00+00:00,2025-08-07T17:00:00+00:00,168.13,166.3358879523718,170.8211680714423,1.7941120476282038,1.5,2025-08-07T19:30:00+00:00,170.8211680714423,TP,1.499999999999992,0.13224693405502314,1.3677530659449688,10,
AVAX,RANGE_MEAN_REVERSION,SHORT,21010,21011,2025-08-07T20:30:00+00:00,2025-08-07T20:45:00+00:00,22.942,23.029268281155908,22.81109757826614,0.08726828115590735,1.5,2025-08-07T21:00:00+00:00,23.029268281155908,SL,-1.0,0.3687466668367035,-1.3687466668367034,1,
DOGE,RANGE_MEAN_REVERSION,SHORT,21007,21008,2025-08-07T19:45:00+00:00,2025-08-07T20:00:00+00:00,0.21715,0.21908496757421328,0.21424754863868012,0.00193496757421327,1.5,2025-08-07T21:15:00+00:00,0.21908496757421328,SL,-1.0,0.1578137439466427,-1.1578137439466427,5,
XRP,RANGE_MEAN_REVERSION,SHORT,21008,21009,2025-08-07T20:00:00+00:00,2025-08-07T20:15:00+00:00,3.1041,3.1289015586424638,3.066897662036304,0.024801558642463917,1.5,2025-08-07T21:15:00+00:00,3.1289015586424638,SL,-1.0,0.17592043927350007,-1.1759204392735,4,
SOL,RANGE_MEAN_REVERSION,SHORT,21010,21011,2025-08-07T20:30:00+00:00,2025-08-07T20:45:00+00:00,172.92,173.5665683511454,171.95014747328185,0.6465683511454188,1.5,2025-08-07T21:15:00+00:00,173.5665683511454,SL,-1.0,0.37511981125604504,-1.375119811256045,2,
UNI,RANGE_MEAN_REVERSION,SHORT,21011,21012,2025-08-07T20:45:00+00:00,2025-08-07T21:00:00+00:00,10.352,10.417511733073397,10.253732400389906,0.06551173307339653,1.5,2025-08-07T22:45:00+00:00,10.417511733073397,SL,-1.0,0.2219244939965623,-1.2219244939965623,7,
ETH,RANGE_MEAN_REVERSION,SHORT,21019,21020,2025-08-07T22:45:00+00:00,2025-08-07T23:00:00+00:00,3915.13,3938.4256244406492,3880.186563339026,23.295624440649135,1.5,2025-08-08T00:15:00+00:00,3880.186563339026,TP,1.5000000000000098,0.23423804793211486,1.2657619520678949,5,
SOL,RANGE_MEAN_REVERSION,SHORT,21055,21056,2025-08-08T07:45:00+00:00,2025-08-08T08:00:00+00:00,177.04,178.31476326525078,175.12785510212382,1.2747632652507832,1.5,2025-08-08T08:45:00+00:00,175.12785510212382,TP,1.5,0.193382963952126,1.306617036047874,3,
AVAX,RANGE_MEAN_REVERSION,SHORT,21127,21128,2025-08-09T01:45:00+00:00,2025-08-09T02:00:00+00:00,24.03,24.13581983273971,23.87127025089044,0.10581983273970863,1.5,2025-08-09T02:15:00+00:00,24.13581983273971,SL,-1.0,0.31861772042157016,-1.31861772042157,1,
CRV,RANGE_MEAN_REVERSION,SHORT,21141,21142,2025-08-09T05:15:00+00:00,2025-08-09T05:30:00+00:00,0.979,0.9864121161494539,0.967881825775819,0.007412116149453918,1.5,2025-08-09T05:45:00+00:00,0.967881825775819,TP,1.5000000000000075,0.18386345418284872,1.3161365458171588,1,
ADA,RANGE_MEAN_REVERSION,SHORT,21142,21143,2025-08-09T05:30:00+00:00,2025-08-09T05:45:00+00:00,0.8124,0.8196483052409802,0.8015275421385297,0.007248305240980191,1.5,2025-08-09T06:30:00+00:00,0.8015275421385297,TP,1.5,0.1558639215563988,1.3441360784436012,3,
CRV,RANGE_MEAN_REVERSION,SHORT,21154,21155,2025-08-09T08:30:00+00:00,2025-08-09T08:45:00+00:00,0.994,1.0064054623174916,0.9753918065237626,0.012405462317491622,1.5,2025-08-09T19:15:00+00:00,1.0064054623174916,SL,-1.0,0.11287639168818828,-1.1128763916881883,42,
FET,RANGE_MEAN_REVERSION,SHORT,21318,21319,2025-08-11T01:30:00+00:00,2025-08-11T01:45:00+00:00,0.73,0.733938157608517,0.7240927635872245,0.003938157608517012,1.5,2025-08-11T02:00:00+00:00,0.733938157608517,SL,-1.0,0.2602122139829375,-1.2602122139829375,1,
SUI,RANGE_MEAN_REVERSION,SHORT,21321,21322,2025-08-11T02:15:00+00:00,2025-08-11T02:30:00+00:00,3.9547,3.9759446917137056,3.9228329624294416,0.021244691713705688,1.5,2025-08-11T02:30:00+00:00,3.9759446917137056,SL,-1.0,0.26131004201007824,-1.2613100420100782,0,True
ADA,RANGE_MEAN_REVERSION,SHORT,21323,21324,2025-08-11T02:45:00+00:00,2025-08-11T03:00:00+00:00,0.8268,0.8330906990659582,0.8173639514010627,0.00629069906595825,1.5,2025-08-11T04:00:00+00:00,0.8330906990659582,SL,-1.0,0.1847049870234378,-1.1847049870234378,4,
SUI,RANGE_MEAN_REVERSION,LONG,21344,21345,2025-08-11T08:00:00+00:00,2025-08-11T08:15:00+00:00,3.8408,3.7973725232208553,3.905941215168718,0.043427476779144936,1.5,2025-08-11T11:00:00+00:00,3.7973725232208553,SL,-1.0,0.12311838409230906,-1.1231183840923091,11,
SUI,RANGE_MEAN_REVERSION,LONG,21400,21401,2025-08-11T22:00:00+00:00,2025-08-11T22:15:00+00:00,3.6387,3.614730035620734,3.674654946568899,0.023969964379265907,1.5,2025-08-12T00:15:00+00:00,3.674654946568899,TP,1.5000000000000093,0.21357346976395514,1.2864265302360542,8,
XRP,RANGE_MEAN_REVERSION,SHORT,21489,21490,2025-08-12T20:15:00+00:00,2025-08-12T20:30:00+00:00,3.2909,3.31736825729217,3.251197614061746,0.026468257292169728,1.5,2025-08-13T00:45:00+00:00,3.251197614061746,TP,1.4999999999999916,0.17301737244325469,1.326982627556737,17,
AVAX,RANGE_MEAN_REVERSION,SHORT,21489,21490,2025-08-12T20:15:00+00:00,2025-08-12T20:30:00+00:00,24.803,25.02795082375318,24.465573764370234,0.2249508237531792,1.5,2025-08-13T01:30:00+00:00,24.465573764370234,TP,1.499999999999992,0.1533135156370893,1.3466864843629027,20,
CRV,RANGE_MEAN_REVERSION,SHORT,21519,21520,2025-08-13T03:45:00+00:00,2025-08-13T04:00:00+00:00,1.015,1.0319528271948823,0.9895707592076762,0.016952827194882447,1.5,2025-08-13T07:00:00+00:00,1.0319528271948823,SL,-1.0,0.08452082726761691,-1.084520827267617,12,
ADA,RANGE_MEAN_REVERSION,SHORT,21538,21539,2025-08-13T08:30:00+00:00,2025-08-13T08:45:00+00:00,0.8704,0.8759494186176895,0.8620758720734656,0.005549418617689539,1.5,2025-08-13T08:45:00+00:00,0.8759494186176895,SL,-1.0,0.2202833625013747,-1.2202833625013747,0,True
ADA,RANGE_MEAN_REVERSION,SHORT,21595,21596,2025-08-13T22:45:00+00:00,2025-08-13T23:00:00+00:00,0.9027,0.9085432733441205,0.893935089983819,0.005843273344120603,1.5,2025-08-13T23:00:00+00:00,0.9085432733441205,SL,-1.0,0.21697945940122632,-1.2169794594012262,0,True
FET,RANGE_MEAN_REVERSION,SHORT,21596,21597,2025-08-13T23:00:00+00:00,2025-08-13T23:15:00+00:00,0.7617,0.7679347988438111,0.7523478017342835,0.006234798843811062,1.5,2025-08-13T23:45:00+00:00,0.7523478017342835,TP,1.4999999999999911,0.169986793121006,1.3300132068789852,2,
CRV,RANGE_MEAN_REVERSION,LONG,21629,21630,2025-08-14T07:15:00+00:00,2025-08-14T07:30:00+00:00,1.006,0.9970258138811183,1.0194612791783224,0.008974186118881677,1.5,2025-08-14T08:30:00+00:00,0.9970258138811183,SL,-1.0,0.15623902280862303,-1.156239022808623,4,
DOGE,RANGE_MEAN_REVERSION,LONG,21686,21687,2025-08-14T21:30:00+00:00,2025-08-14T21:45:00+00:00,0.21921,0.21602012907872362,0.22399480638191455,0.003189870921276372,1.5,2025-08-14T23:45:00+00:00,0.22399480638191455,TP,1.5,0.09725890862793958,1.4027410913720604,8,
CRV,RANGE_MEAN_REVERSION,LONG,21686,21687,2025-08-14T21:30:00+00:00,2025-08-14T21:45:00+00:00,0.905,0.8950406475497815,0.9199390286753277,0.009959352450218506,1.5,2025-08-15T00:15:00+00:00,0.9199390286753277,TP,1.4999999999999944,0.12826710636640862,1.3717328936335857,10,
BNB,RANGE_MEAN_REVERSION,LONG,21751,21752,2025-08-15T13:45:00+00:00,2025-08-15T14:00:00+00:00,832.53,828.2946968851338,838.8829546722992,4.235303114866156,1.5,2025-08-15T14:45:00+00:00,828.2946968851338,SL,-1.0,0.27449683205409336,-1.2744968320540933,3,
FET,RANGE_MEAN_REVERSION,LONG,21754,21755,2025-08-15T14:30:00+00:00,2025-08-15T14:45:00+00:00,0.6967,0.6908918552341744,0.7054122171487384,0.005808144765825585,1.5,2025-08-15T14:45:00+00:00,0.6908918552341744,SL,-1.0,0.1672331420489064,-1.1672331420489064,0,True
XRP,RANGE_MEAN_REVERSION,LONG,21756,21757,2025-08-15T15:00:00+00:00,2025-08-15T15:15:00+00:00,3.0535,3.0317055797681,3.0861916303478507,0.021794420231900258,1.5,2025-08-15T15:15:00+00:00,3.0317055797681,SL,-1.0,0.19544653450349073,-1.1954465345034908,0,True
SOL,RANGE_MEAN_REVERSION,LONG,21756,21757,2025-08-15T15:00:00+00:00,2025-08-15T15:15:00+00:00,187.23,184.6562131144868,191.09068032826977,2.5737868855131865,1.5,2025-08-15T15:30:00+00:00,184.6562131144868,SL,-1.0,0.10114293092616934,-1.1011429309261693,1,
UNI,RANGE_MEAN_REVERSION,SHORT,21812,21813,2025-08-16T05:00:00+00:00,2025-08-16T05:15:00+00:00,11.123,11.200986867488727,11.00601969876691,0.07798686748872719,1.5,2025-08-16T05:30:00+00:00,11.00601969876691,TP,1.4999999999999887,0.19862720850245622,1.3013727914975324,1,
XRP,RANGE_MEAN_REVERSION,SHORT,21823,21824,2025-08-16T07:45:00+00:00,2025-08-16T08:00:00+00:00,3.1222,3.130071633984801,3.110392549022798,0.007871633984801285,1.5,2025-08-16T08:30:00+00:00,3.130071633984801,SL,-1.0,0.5559951278527141,-1.555995127852714,2,
ADA,RANGE_MEAN_REVERSION,LONG,21832,21833,2025-08-16T10:00:00+00:00,2025-08-16T10:15:00+00:00,0.9197,0.9103569651198928,0.9337145523201607,0.009343034880107126,1.5,2025-08-16T10:15:00+00:00,0.9103569651198928,SL,-1.0,0.1371117513765759,-1.1371117513765758,0,True
LINK,RANGE_MEAN_REVERSION,SHORT,21867,21868,2025-08-16T18:45:00+00:00,2025-08-16T19:00:00+00:00,22.46,22.649216455095676,22.17617531735649,0.18921645509567497,1.5,2025-08-16T19:15:00+00:00,22.649216455095676,SL,-1.0,0.16688005016583113,-1.1668800501658312,1,
BNB,RANGE_MEAN_REVERSION,SHORT,21891,21892,2025-08-17T00:45:00+00:00,2025-08-17T01:00:00+00:00,847.82,852.0245549864151,841.5131675203775,4.204554986415019,1.5,2025-08-17T01:45:00+00:00,852.0245549864151,SL,-1.0,0.28300050595961923,-1.2830005059596192,3,
ADA,RANGE_MEAN_REVERSION,SHORT,21903,21904,2025-08-17T03:45:00+00:00,2025-08-17T04:00:00+00:00,0.9373,0.9475828943128495,0.9218756585307258,0.010282894312849455,1.5,2025-08-17T04:00:00+00:00,0.9475828943128495,SL,-1.0,0.12831193104554778,-1.1283119310455478,0,True
UNI,RANGE_MEAN_REVERSION,SHORT,21908,21909,2025-08-17T05:00:00+00:00,2025-08-17T05:15:00+00:00,11.181,11.235965732078265,11.0985514018826,0.05496573207826572,1.5,2025-08-17T05:45:00+00:00,11.0985514018826,TP,1.5,0.2837347087292701,1.21626529127073,2,
BTC,RANGE_MEAN_REVERSION,SHORT,21907,21908,2025-08-17T04:45:00+00:00,2025-08-17T05:00:00+00:00,118023.5,118227.79333947545,117717.05999078683,204.29333947545092,1.5,2025-08-17T08:45:00+00:00,118227.79333947545,SL,-1.0,0.8095021881881046,-1.8095021881881046,15,
ETH,RANGE_MEAN_REVERSION,SHORT,21924,21925,2025-08-17T09:00:00+00:00,2025-08-17T09:15:00+00:00,4543.51,4567.264937615702,4507.877593576447,23.754937615702147,1.5,2025-08-17T10:45:00+00:00,4567.264937615702,SL,-1.0,0.26847228814086216,-1.268472288140862,6,
BNB,RANGE_MEAN_REVERSION,SHORT,21925,21926,2025-08-17T09:15:00+00:00,2025-08-17T09:30:00+00:00,862.6,866.1951174360651,857.2073238459025,3.5951174360650384,1.5,2025-08-17T13:15:00+00:00,857.2073238459025,TP,1.5,0.3348611410062302,1.1651388589937697,15,
AVAX,RANGE_MEAN_REVERSION,SHORT,21948,21949,2025-08-17T15:00:00+00:00,2025-08-17T15:15:00+00:00,25.111,25.21672163665633,24.952417545015507,0.10572163665633028,1.5,2025-08-17T15:15:00+00:00,25.21672163665633,SL,-1.0,0.3332279584374937,-1.3332279584374938,0,True
FET,RANGE_MEAN_REVERSION,SHORT,21951,21952,2025-08-17T15:45:00+00:00,2025-08-17T16:00:00+00:00,0.7314,0.7345654730561454,0.7266517904157821,0.0031654730561453404,1.5,2025-08-17T16:15:00+00:00,0.7266517904157821,TP,1.4999999999999825,0.32242771781286195,1.1775722821871204,1,
CRV,RANGE_MEAN_REVERSION,SHORT,21952,21953,2025-08-17T16:00:00+00:00,2025-08-17T16:15:00+00:00,0.905,0.9122938215266662,0.8940592677100008,0.007293821526666133,1.5,2025-08-17T16:30:00+00:00,0.8940592677100008,TP,1.5000000000000075,0.17265866498006038,1.3273413350199472,1,
DOGE,RANGE_MEAN_REVERSION,SHORT,21952,21953,2025-08-17T16:00:00+00:00,2025-08-17T16:15:00+00:00,0.2408,0.24347101026827594,0.23679348459758603,0.0026710102682759584,1.5,2025-08-17T16:45:00+00:00,0.23679348459758603,TP,1.500000000000005,0.12516441557302543,1.3748355844269797,2,
ADA,RANGE_MEAN_REVERSION,SHORT,21928,21929,2025-08-17T10:00:00+00:00,2025-08-17T10:15:00+00:00,0.9792,0.9926818681248731,0.9589771978126902,0.013481868124873175,1.5,2025-08-17T17:45:00+00:00,0.9589771978126902,TP,1.5,0.10063323761236137,1.3993667623876387,30,
BTC,RANGE_MEAN_REVERSION,LONG,21963,21964,2025-08-17T18:45:00+00:00,2025-08-17T19:00:00+00:00,117501.1,117130.06402494527,118057.65396258212,371.0359750547359,1.5,2025-08-18T00:15:00+00:00,117130.06402494527,SL,-1.0,0.4426573859670412,-1.442657385967041,21,
ADA,RANGE_MEAN_REVERSION,LONG,21991,21992,2025-08-18T01:45:00+00:00,2025-08-18T02:00:00+00:00,0.9393,0.930639174659592,0.9522912380106121,0.008660825340408018,1.5,2025-08-18T02:00:00+00:00,0.930639174659592,SL,-1.0,0.15113541386807927,-1.1511354138680794,0,True
BNB,RANGE_MEAN_REVERSION,SHORT,22074,22075,2025-08-18T22:30:00+00:00,2025-08-18T22:45:00+00:00,854.64,857.3169086045943,850.6246370931085,2.6769086045943595,1.5,2025-08-18T23:30:00+00:00,850.6246370931085,TP,1.4999999999999787,0.44591931301519305,1.0540806869847856,3,
ETH,RANGE_MEAN_REVERSION,LONG,22094,22095,2025-08-19T03:30:00+00:00,2025-08-19T03:45:00+00:00,4225.23,4193.511230667509,4272.808153998735,31.71876933249041,1.5,2025-08-19T04:00:00+00:00,4193.511230667509,SL,-1.0,0.1857927966779837,-1.1857927966779838,1,
UNI,RANGE_MEAN_REVERSION,LONG,22096,22097,2025-08-19T04:00:00+00:00,2025-08-19T04:15:00+00:00,10.188,10.090315596049201,10.3345266059262,0.09768440395079914,1.5,2025-08-19T04:45:00+00:00,10.3345266059262,TP,1.500000000000009,0.14706307294851256,1.3529369270514966,2,
AVAX,RANGE_MEAN_REVERSION,LONG,22095,22096,2025-08-19T03:45:00+00:00,2025-08-19T04:00:00+00:00,23.098,22.9375625849067,23.338656122639946,0.16043741509329834,1.5,2025-08-19T07:30:00+00:00,22.9375625849067,SL,-1.0,0.20085647597036585,-1.200856475970366,14,
CRV,RANGE_MEAN_REVERSION,LONG,22096,22097,2025-08-19T04:00:00+00:00,2025-08-19T04:15:00+00:00,0.845,0.8313941568048788,0.8654087647926817,0.013605843195121148,1.5,2025-08-19T09:30:00+00:00,0.8654087647926817,TP,1.5,0.0879979372233399,1.41200206277666,21,
AVAX,RANGE_MEAN_REVERSION,LONG,22156,22157,2025-08-19T19:00:00+00:00,2025-08-19T19:15:00+00:00,22.389,22.233012804381424,22.622980793427864,0.15598719561857521,1.5,2025-08-19T19:15:00+00:00,22.622980793427864,TP,1.5000000000000113,0.2019934163855654,1.2980065836144459,0,True
ETH,RANGE_MEAN_REVERSION,LONG,22175,22176,2025-08-19T23:45:00+00:00,2025-08-20T00:00:00+00:00,4073.93,4048.067385485048,4112.723921772427,25.86261451495193,1.5,2025-08-20T00:30:00+00:00,4112.723921772427,TP,1.4999999999999825,0.22158075866334548,1.2784192413366369,2,
DOGE,RANGE_MEAN_REVERSION,LONG,22175,22176,2025-08-19T23:45:00+00:00,2025-08-20T00:00:00+00:00,0.20932,0.2077319952417675,0.21170200713734877,0.0015880047582325085,1.5,2025-08-20T01:00:00+00:00,0.21170200713734877,TP,1.5,0.1855884898759184,1.3144115101240816,4,
SUI,RANGE_MEAN_REVERSION,LONG,22323,22324,2025-08-21T12:45:00+00:00,2025-08-21T13:00:00+00:00,3.4192,3.388603519761237,3.4650947203581444,0.030596480238763046,1.5,2025-08-21T14:15:00+00:00,3.4650947203581444,TP,1.4999999999999927,0.15750198279818622,1.3424980172018064,5,
DOGE,RANGE_MEAN_REVERSION,LONG,22413,22414,2025-08-22T11:15:00+00:00,2025-08-22T11:30:00+00:00,0.21246,0.21127992887957414,0.2142301066806388,0.0011800711204258685,1.5,2025-08-22T12:00:00+00:00,0.21127992887957414,SL,-1.0,0.2513559946358634,-1.2513559946358634,2,
CRV,RANGE_MEAN_REVERSION,LONG,22414,22415,2025-08-22T11:30:00+00:00,2025-08-22T11:45:00+00:00,0.843,0.8373623151648731,0.8514565272526902,0.005637684835126833,1.5,2025-08-22T12:00:00+00:00,0.8373623151648731,SL,-1.0,0.20864125168659747,-1.2086412516865974,1,
ADA,RANGE_MEAN_REVERSION,LONG,22416,22417,2025-08-22T12:00:00+00:00,2025-08-22T12:15:00+00:00,0.8288,0.8231895225533364,0.8372157161699953,0.005610477446663542,1.5,2025-08-22T12:30:00+00:00,0.8231895225533364,SL,-1.0,0.2061130584305304,-1.2061130584305304,1,
UNI,RANGE_MEAN_REVERSION,LONG,22416,22417,2025-08-22T12:00:00+00:00,2025-08-22T12:15:00+00:00,10.136,10.042639538077642,10.276040692883534,0.09336046192235692,1.5,2025-08-22T12:30:00+00:00,10.042639538077642,SL,-1.0,0.15129582036988443,-1.1512958203698844,1,
ETH,RANGE_MEAN_REVERSION,LONG,22417,22418,2025-08-22T12:15:00+00:00,2025-08-22T12:30:00+00:00,4228.34,4208.506064058559,4258.090903912162,19.83393594144127,1.5,2025-08-22T12:30:00+00:00,4208.506064058559,SL,-1.0,0.29776199047317464,-1.2977619904731745,0,True
ADA,RANGE_MEAN_REVERSION,LONG,22474,22475,2025-08-23T02:30:00+00:00,2025-08-23T02:45:00+00:00,0.897,0.8866158118364936,0.9125762822452597,0.010384188163506392,1.5,2025-08-23T04:30:00+00:00,0.9125762822452597,TP,1.5000000000000053,0.12198386408513986,1.3780161359148655,7,
AVAX,RANGE_MEAN_REVERSION,SHORT,22503,22504,2025-08-23T09:45:00+00:00,2025-08-23T10:00:00+00:00,25.826,26.03088985945018,25.51866521082473,0.20488985945018,1.5,2025-08-23T11:45:00+00:00,26.03088985945018,SL,-1.0,0.17716749378922586,-1.1771674937892258,7,
SOL,RANGE_MEAN_REVERSION,SHORT,22567,22568,2025-08-24T01:45:00+00:00,2025-08-24T02:00:00+00:00,208.24,209.68924051754348,206.0661392236848,1.4492405175434726,1.5,2025-08-24T02:15:00+00:00,209.68924051754348,SL,-1.0,0.20186467658119753,-1.2018646765811976,1,
XRP,RANGE_MEAN_REVERSION,SHORT,22567,22568,2025-08-24T01:45:00+00:00,2025-08-24T02:00:00+00:00,3.0731,3.0952723503533472,3.0398414744699798,0.02217235035334708,1.5,2025-08-24T06:15:00+00:00,3.0398414744699798,TP,1.49999999999999,0.19299077291925573,1.3070092270807343,17,
CRV,RANGE_MEAN_REVERSION,LONG,22585,22586,2025-08-24T06:15:00+00:00,2025-08-24T06:30:00+00:00,0.875,0.8688063495474561,0.8842904756788159,0.006193650452543942,1.5,2025-08-24T06:45:00+00:00,0.8688063495474561,SL,-1.0,0.19708319900130158,-1.1970831990013016,1,
BNB,RANGE_MEAN_REVERSION,LONG,22587,22588,2025-08-24T06:45:00+00:00,2025-08-24T07:00:00+00:00,871.81,869.6665473672919,875.0251789490621,2.1434526327080903,1.5,2025-08-24T07:30:00+00:00,875.0251789490621,TP,1.5000000000000264,0.5704742930192246,0.9295257069808018,2,
FET,RANGE_MEAN_REVERSION,LONG,22586,22587,2025-08-24T06:30:00+00:00,2025-08-24T06:45:00+00:00,0.6775,0.6731729650417414,0.6839905524373879,0.004327034958258591,1.5,2025-08-24T08:00:00+00:00,0.6731729650417414,SL,-1.0,0.2185032209468727,-1.2185032209468727,5,
BNB,RANGE_MEAN_REVERSION,LONG,22601,22602,2025-08-24T10:15:00+00:00,2025-08-24T10:30:00+00:00,864.22,861.5915955172128,868.1626067241809,2.628404482787232,1.5,2025-08-24T11:00:00+00:00,861.5915955172128,SL,-1.0,0.4596203228130933,-1.4596203228130933,2,
UNI,RANGE_MEAN_REVERSION,LONG,22602,22603,2025-08-24T10:30:00+00:00,2025-08-24T10:45:00+00:00,10.938,10.86219395725192,11.051709064122122,0.07580604274808067,1.5,2025-08-24T11:00:00+00:00,10.86219395725192,SL,-1.0,0.20130500441487187,-1.2013050044148719,1,
SUI,RANGE_MEAN_REVERSION,LONG,22602,22603,2025-08-24T10:30:00+00:00,2025-08-24T10:45:00+00:00,3.6257,3.606534634553421,3.6544480481698693,0.01916536544657932,1.5,2025-08-24T11:15:00+00:00,3.606534634553421,SL,-1.0,0.2641517198458104,-1.2641517198458103,2,
XRP,RANGE_MEAN_REVERSION,LONG,22604,22605,2025-08-24T11:00:00+00:00,2025-08-24T11:15:00+00:00,3.005,2.9940429723939475,3.0214355414090788,0.010957027606052439,1.5,2025-08-24T13:15:00+00:00,3.0214355414090788,TP,1.5000000000000202,0.38500449489203975,1.1149955051079805,8,
ADA,RANGE_MEAN_REVERSION,LONG,22602,22603,2025-08-24T10:30:00+00:00,2025-08-24T10:45:00+00:00,0.8932,0.8851564636904887,0.9052653044642669,0.008043536309511268,1.5,2025-08-24T15:00:00+00:00,0.9052653044642669,TP,1.5,0.15651395911973948,1.3434860408802605,17,
FET,RANGE_MEAN_REVERSION,LONG,22602,22603,2025-08-24T10:30:00+00:00,2025-08-24T10:45:00+00:00,0.6685,0.6637524352998609,0.6756213470502086,0.00474756470013904,1.5,2025-08-24T15:00:00+00:00,0.6756213470502086,TP,1.5000000000000118,0.1981826478125913,1.3018173521874206,17,
ADA,RANGE_MEAN_REVERSION,SHORT,22631,22632,2025-08-24T17:45:00+00:00,2025-08-24T18:00:00+00:00,0.922,0.9300163974763448,0.9099754037854829,0.00801639747634475,1.5,2025-08-24T18:15:00+00:00,0.9300163974763448,SL,-1.0,0.16171995987711033,-1.1617199598771104,1,
LINK,RANGE_MEAN_REVERSION,SHORT,22634,22635,2025-08-24T18:30:00+00:00,2025-08-24T18:45:00+00:00,26.356,26.561864806032485,26.047202790951275,0.20586480603248347,1.5,2025-08-24T19:00:00+00:00,26.561864806032485,SL,-1.0,0.17993607590399785,-1.1799360759039978,1,
XRP,RANGE_MEAN_REVERSION,SHORT,22634,22635,2025-08-24T18:30:00+00:00,2025-08-24T18:45:00+00:00,3.1003,3.1188872373368497,3.072419143994725,0.01858723733684986,1.5,2025-08-24T19:00:00+00:00,3.1188872373368497,SL,-1.0,0.23421614451034975,-1.2342161445103497,1,
UNI,RANGE_MEAN_REVERSION,SHORT,22634,22635,2025-08-24T18:30:00+00:00,2025-08-24T18:45:00+00:00,11.383,11.463883008907633,11.261675486638548,0.08088300890763378,1.5,2025-08-24T19:30:00+00:00,11.261675486638548,TP,1.5,0.195977783897094,1.304022216102906,3,
CRV,RANGE_MEAN_REVERSION,LONG,22733,22734,2025-08-25T19:15:00+00:00,2025-08-25T19:30:00+00:00,0.811,0.7999323190836901,0.827601521374465,0.011067680916309941,1.5,2025-08-25T19:30:00+00:00,0.7999323190836901,SL,-1.0,0.10188698354113303,-1.1018869835411331,0,True
AVAX,RANGE_MEAN_REVERSION,LONG,22734,22735,2025-08-25T19:30:00+00:00,2025-08-25T19:45:00+00:00,23.697,23.50212801047084,23.98930798429374,0.19487198952915818,1.5,2025-08-25T19:45:00+00:00,23.50212801047084,SL,-1.0,0.16954406678537035,-1.1695440667853703,0,True
SUI,RANGE_MEAN_REVERSION,LONG,22734,22735,2025-08-25T19:30:00+00:00,2025-08-25T19:45:00+00:00,3.4028,3.3781138963721844,3.4398291554417235,0.024686103627815648,1.5,2025-08-25T19:45:00+00:00,3.3781138963721844,SL,-1.0,0.1922798267002388,-1.1922798267002388,0,True
LINK,RANGE_MEAN_REVERSION,LONG,22734,22735,2025-08-25T19:30:00+00:00,2025-08-25T19:45:00+00:00,23.888,23.53675169479578,24.414872457806336,0.3512483052042228,1.5,2025-08-25T20:00:00+00:00,23.53675169479578,SL,-1.0,0.0945124166992221,-1.0945124166992222,1,
UNI,RANGE_MEAN_REVERSION,LONG,22734,22735,2025-08-25T19:30:00+00:00,2025-08-25T19:45:00+00:00,9.83,9.737625148913983,9.968562276629026,0.09237485108601717,1.5,2025-08-25T20:00:00+00:00,9.737625148913983,SL,-1.0,0.14827994246491577,-1.1482799424649157,1,
ADA,RANGE_MEAN_REVERSION,LONG,22736,22737,2025-08-25T20:00:00+00:00,2025-08-25T20:15:00+00:00,0.8461,0.8347531369121327,0.8631202946318008,0.011346863087867254,1.5,2025-08-25T20:30:00+00:00,0.8347531369121327,SL,-1.0,0.10369361000720817,-1.1036936100072081,1,
XRP,RANGE_MEAN_REVERSION,SHORT,22831,22832,2025-08-26T19:45:00+00:00,2025-08-26T20:00:00+00:00,3.0595,3.093504297022959,3.008493554465561,0.03400429702295904,1.5,2025-08-26T22:15:00+00:00,3.008493554465561,TP,1.5000000000000064,0.12491349211712857,1.3750865078828778,9,
SOL,RANGE_MEAN_REVERSION,SHORT,22858,22859,2025-08-27T02:30:00+00:00,2025-08-27T02:45:00+00:00,199.27,200.56222238637838,197.33166642043244,1.29222238637837,1.5,2025-08-27T03:15:00+00:00,197.33166642043244,TP,1.500000000000011,0.21484008435450036,1.2851599156455107,2,
DOGE,RANGE_MEAN_REVERSION,SHORT,22864,22865,2025-08-27T04:00:00+00:00,2025-08-27T04:15:00+00:00,0.22205,0.22383404212382096,0.21937393681426853,0.001784042123820967,1.5,2025-08-27T06:45:00+00:00,0.21937393681426853,TP,1.5000000000000078,0.173200369903932,1.3267996300960758,10,
AVAX,RANGE_MEAN_REVERSION,SHORT,22864,22865,2025-08-27T04:00:00+00:00,2025-08-27T04:15:00+00:00,24.54,24.71435131897207,24.278473021541892,0.17435131897207157,1.5,2025-08-27T07:15:00+00:00,24.278473021541892,TP,1.5,0.19600041638086665,1.3039995836191334,12,
SOL,RANGE_MEAN_REVERSION,SHORT,22864,22865,2025-08-27T04:00:00+00:00,2025-08-27T04:15:00+00:00,204.56,206.9546657806102,200.9680013290847,2.394665780610211,1.5,2025-08-27T07:15:00+00:00,200.9680013290847,TP,1.499999999999994,0.1185424718676288,1.381457528132365,12,
AVAX,RANGE_MEAN_REVERSION,SHORT,22902,22903,2025-08-27T13:30:00+00:00,2025-08-27T13:45:00+00:00,24.814,25.101202341004345,24.383196488493482,0.2872023410043454,1.5,2025-08-27T14:30:00+00:00,25.101202341004345,SL,-1.0,0.12165862407846594,-1.1216586240784658,3,
SUI,RANGE_MEAN_REVERSION,SHORT,22906,22907,2025-08-27T14:30:00+00:00,2025-08-27T14:45:00+00:00,3.4995,3.529362412300058,3.4547063815499124,0.02986241230005815,1.5,2025-08-27T19:00:00+00:00,3.4547063815499124,TP,1.5000000000000073,0.16301243242413674,1.3369875675758707,17,
BTC,RANGE_MEAN_REVERSION,SHORT,22963,22964,2025-08-28T04:45:00+00:00,2025-08-28T05:00:00+00:00,112931.1,113235.78846622491,112474.06730066265,304.68846622490673,1.5,2025-08-28T06:45:00+00:00,113235.78846622491,SL,-1.0,0.5196022806110927,-1.5196022806110927,7,
BNB,RANGE_MEAN_REVERSION,SHORT,22964,22965,2025-08-28T05:00:00+00:00,2025-08-28T05:15:00+00:00,871.08,874.903922815652,865.3441157765221,3.8239228156519403,1.5,2025-08-28T12:00:00+00:00,874.903922815652,SL,-1.0,0.31961647891226735,-1.3196164789122673,27,
ETH,RANGE_MEAN_REVERSION,SHORT,22976,22977,2025-08-28T08:00:00+00:00,2025-08-28T08:15:00+00:00,4617.26,4646.218368548797,4573.822447176804,28.958368548796898,1.5,2025-08-28T12:15:00+00:00,4573.822447176804,TP,1.5000000000000158,0.22217265804123,1.2778273419587858,16,
ETH,RANGE_MEAN_REVERSION,LONG,23007,23008,2025-08-28T15:45:00+00:00,2025-08-28T16:00:00+00:00,4502.04,4466.181963261997,4555.827055107004,35.85803673800274,1.5,2025-08-28T16:45:00+00:00,4466.181963261997,SL,-1.0,0.17507247873473686,-1.1750724787347369,3,
XRP,RANGE_MEAN_REVERSION,LONG,23060,23061,2025-08-29T05:00:00+00:00,2025-08-29T05:15:00+00:00,2.909,2.8980368503474514,2.9254447244788224,0.01096314965254841,1.5,2025-08-29T05:30:00+00:00,2.8980368503474514,SL,-1.0,0.37078083617132,-1.37078083617132,1,
BNB,RANGE_MEAN_REVERSION,LONG,23069,23070,2025-08-29T07:15:00+00:00,2025-08-29T07:30:00+00:00,859.24,856.3966088663054,863.5050867005418,2.843391133694581,1.5,2025-08-29T07:45:00+00:00,856.3966088663054,SL,-1.0,0.4223638499730272,-1.4223638499730271,1,
ETH,RANGE_MEAN_REVERSION,LONG,23069,23070,2025-08-29T07:15:00+00:00,2025-08-29T07:30:00+00:00,4381.81,4357.158668758168,4418.786996862749,24.65133124183285,1.5,2025-08-29T08:15:00+00:00,4357.158668758168,SL,-1.0,0.24815203723155568,-1.2481520372315558,3,
SUI,RANGE_MEAN_REVERSION,LONG,23069,23070,2025-08-29T07:15:00+00:00,2025-08-29T07:30:00+00:00,3.3562,3.3319059670933386,3.392641049359992,0.02429403290666121,1.5,2025-08-29T08:15:00+00:00,3.3319059670933386,SL,-1.0,0.19270881022317474,-1.1927088102231747,3,
UNI,RANGE_MEAN_REVERSION,LONG,23069,23070,2025-08-29T07:15:00+00:00,2025-08-29T07:30:00+00:00,9.671,9.615653994741828,9.754019007887255,0.055346005258170905,1.5,2025-08-29T08:15:00+00:00,9.615653994741828,SL,-1.0,0.24393192848053175,-1.2439319284805317,3,
BTC,RANGE_MEAN_REVERSION,LONG,23071,23072,2025-08-29T07:45:00+00:00,2025-08-29T08:00:00+00:00,109969.0,109665.06443285187,110424.90335072219,303.93556714813167,1.5,2025-08-29T08:30:00+00:00,109665.06443285187,SL,-1.0,0.5058435462015699,-1.5058435462015698,2,
LINK,RANGE_MEAN_REVERSION,LONG,23069,23070,2025-08-29T07:15:00+00:00,2025-08-29T07:30:00+00:00,23.613,23.158771969427452,24.29434204585882,0.4542280305725477,1.5,2025-08-29T14:00:00+00:00,23.158771969427452,SL,-1.0,0.07207886386344459,-1.0720788638634446,26,
SOL,RANGE_MEAN_REVERSION,LONG,23186,23187,2025-08-30T12:30:00+00:00,2025-08-30T12:45:00+00:00,199.98,198.5035578831277,202.1946631753084,1.4764421168722777,1.5,2025-08-30T13:00:00+00:00,198.5035578831277,SL,-1.0,0.18892612675469989,-1.1889261267547,1,
ADA,RANGE_MEAN_REVERSION,LONG,23186,23187,2025-08-30T12:30:00+00:00,2025-08-30T12:45:00+00:00,0.8097,0.802210164349253,0.8209347534761204,0.007489835650747012,1.5,2025-08-30T15:15:00+00:00,0.8209347534761204,TP,1.4999999999999927,0.15239911536903222,1.3476008846309604,10,
SOL,RANGE_MEAN_REVERSION,SHORT,23235,23236,2025-08-31T00:45:00+00:00,2025-08-31T01:00:00+00:00,205.33,206.42830893269362,203.6825366009596,1.0983089326936124,1.5,2025-08-31T01:45:00+00:00,206.42830893269362,SL,-1.0,0.26243145955846586,-1.2624314595584658,3,
DOGE,RANGE_MEAN_REVERSION,SHORT,23238,23239,2025-08-31T01:30:00+00:00,2025-08-31T01:45:00+00:00,0.21855,0.2195968487477258,0.21697972687841127,0.0010468487477258148,1.5,2025-08-31T03:15:00+00:00,0.2195968487477258,SL,-1.0,0.2929771801224316,-1.2929771801224317,6,
ETH,RANGE_MEAN_REVERSION,SHORT,23236,23237,2025-08-31T01:00:00+00:00,2025-08-31T01:15:00+00:00,4443.83,4480.020105077767,4389.5448423833495,36.19010507776693,1.5,2025-08-31T03:45:00+00:00,4480.020105077767,SL,-1.0,0.1726078180798662,-1.1726078180798662,10,
BNB,RANGE_MEAN_REVERSION,SHORT,23297,23298,2025-08-31T16:15:00+00:00,2025-08-31T16:30:00+00:00,865.22,867.6699221989406,861.5451167015891,2.4499221989406124,1.5,2025-08-31T16:45:00+00:00,867.6699221989406,SL,-1.0,0.4951271293691653,-1.4951271293691653,1,
ADA,RANGE_MEAN_REVERSION,LONG,23327,23328,2025-08-31T23:45:00+00:00,2025-09-01T00:00:00+00:00,0.8106,0.8064384506936707,0.816842323959494,0.004161549306329282,1.5,2025-09-01T00:00:00+00:00,0.8064384506936707,SL,-1.0,0.2719965167213151,-1.2719965167213152,0,True
BNB,RANGE_MEAN_REVERSION,LONG,23327,23328,2025-08-31T23:45:00+00:00,2025-09-01T00:00:00+00:00,858.09,856.5267725077833,860.4348412383251,1.563227492216697,1.5,2025-09-01T00:00:00+00:00,856.5267725077833,SL,-1.0,0.7677908344955531,-1.767790834495553,0,True
DOGE,RANGE_MEAN_REVERSION,LONG,23327,23328,2025-08-31T23:45:00+00:00,2025-09-01T00:00:00+00:00,0.21358,0.21257712869601486,0.2150843069559777,0.0010028713039851311,1.5,2025-09-01T00:00:00+00:00,0.21257712869601486,SL,-1.0,0.29745590376532827,-1.2974559037653282,0,True
SOL,RANGE_MEAN_REVERSION,LONG,23327,23328,2025-08-31T23:45:00+00:00,2025-09-01T00:00:00+00:00,200.57,199.62537998031613,201.9869300295258,0.9446200196838674,1.5,2025-09-01T00:00:00+00:00,199.62537998031613,SL,-1.0,0.2965602677783324,-1.2965602677783323,0,True
UNI,RANGE_MEAN_REVERSION,LONG,23327,23328,2025-08-31T23:45:00+00:00,2025-09-01T00:00:00+00:00,9.614,9.576398547328358,9.670402179007464,0.03760145267164283,1.5,2025-09-01T00:00:00+00:00,9.576398547328358,SL,-1.0,0.35725425558519897,-1.357254255585199,0,True
XRP,RANGE_MEAN_REVERSION,LONG,23327,23328,2025-08-31T23:45:00+00:00,2025-09-01T00:00:00+00:00,2.7744,2.762789423730441,2.791815864404338,0.011610576269558859,1.5,2025-09-01T00:00:00+00:00,2.762789423730441,SL,-1.0,0.33383636665594874,-1.3338363666559487,0,True
ETH,RANGE_MEAN_REVERSION,LONG,23326,23327,2025-08-31T23:30:00+00:00,2025-08-31T23:45:00+00:00,4384.88,4363.539393772301,4416.890909341549,21.340606227699027,1.5,2025-09-01T00:15:00+00:00,4363.539393772301,SL,-1.0,0.286959681946247,-1.286959681946247,2,
LINK,RANGE_MEAN_REVERSION,LONG,23328,23329,2025-09-01T00:00:00+00:00,2025-09-01T00:15:00+00:00,23.115,22.984179567884997,23.3112306481725,0.1308204321150015,1.5,2025-09-01T00:15:00+00:00,22.984179567884997,SL,-1.0,0.24666961556243847,-1.2466696155624384,0,True
SOL,RANGE_MEAN_REVERSION,LONG,23475,23476,2025-09-02T12:45:00+00:00,2025-09-02T13:00:00+00:00,197.86,196.54934481079917,199.8259827838013,1.310655189200844,1.5,2025-09-02T13:15:00+00:00,199.8259827838013,TP,1.5000000000000109,0.21239773072458504,1.2876022692754259,1,
ETH,RANGE_MEAN_REVERSION,SHORT,23575,23576,2025-09-03T13:45:00+00:00,2025-09-03T14:00:00+00:00,4417.44,4452.554679853119,4364.767980220321,35.114679853119014,1.5,2025-09-03T14:00:00+00:00,4452.554679853119,SL,-1.0,0.1768205292449983,-1.1768205292449982,0,True
BNB,RANGE_MEAN_REVERSION,SHORT,23579,23580,2025-09-03T14:45:00+00:00,2025-09-03T15:00:00+00:00,861.61,865.6059055095777,855.6161417356334,3.9959055095777103,1.5,2025-09-03T20:00:00+00:00,855.6161417356334,TP,1.5000000000000142,0.3008225035186024,1.1991774964814117,20,
ETH,RANGE_MEAN_REVERSION,SHORT,23579,23580,2025-09-03T14:45:00+00:00,2025-09-03T15:00:00+00:00,4464.75,4494.606936830615,4419.964594754078,29.85693683061527,1.5,2025-09-04T02:45:00+00:00,4419.964594754078,TP,1.4999999999999847,0.20830335849960974,1.291696641500375,47,
BNB,RANGE_MEAN_REVERSION,LONG,23627,23628,2025-09-04T02:45:00+00:00,2025-09-04T03:00:00+00:00,851.12,849.9947427347498,852.8078858978753,1.125257265250184,1.5,2025-09-04T03:00:00+00:00,849.9947427347498,SL,-1.0,1.0582293993450227,-2.0582293993450227,0,True
ETH,RANGE_MEAN_REVERSION,LONG,23630,23631,2025-09-04T03:30:00+00:00,2025-09-04T03:45:00+00:00,4396.5,4375.869100855712,4427.446348716432,20.630899144288378,1.5,2025-09-04T05:00:00+00:00,4375.869100855712,SL,-1.0,0.2976437588906069,-1.297643758890607,5,
UNI,RANGE_MEAN_REVERSION,LONG,23631,23632,2025-09-04T03:45:00+00:00,2025-09-04T04:00:00+00:00,9.531,9.495414861338878,9.584377707991685,0.035585138661122784,1.5,2025-09-04T05:00:00+00:00,9.495414861338878,SL,-1.0,0.37427113969596065,-1.3742711396959606,4,
AVAX,RANGE_MEAN_REVERSION,LONG,23715,23716,2025-09-05T00:45:00+00:00,2025-09-05T01:00:00+00:00,23.913,23.8175684770995,24.05614728435075,0.09543152290050116,1.5,2025-09-05T01:30:00+00:00,24.05614728435075,TP,1.4999999999999813,0.35185861105931476,1.1481413889406666,2,
BTC,RANGE_MEAN_REVERSION,SHORT,23740,23741,2025-09-05T07:00:00+00:00,2025-09-05T07:15:00+00:00,112299.9,112686.83839172515,111719.49241241226,386.93839172515436,1.5,2025-09-05T07:15:00+00:00,112686.83839172515,SL,-1.0,0.4070175517400574,-1.4070175517400574,0,True
DOGE,RANGE_MEAN_REVERSION,SHORT,23743,23744,2025-09-05T07:45:00+00:00,2025-09-05T08:00:00+00:00,0.218,0.21882068756967288,0.21676896864549067,0.0008206875696728788,1.5,2025-09-05T08:15:00+00:00,0.21676896864549067,TP,1.5000000000000169,0.37083329795423964,1.1291667020457772,1,
SOL,RANGE_MEAN_REVERSION,SHORT,23742,23743,2025-09-05T07:30:00+00:00,2025-09-05T07:45:00+00:00,207.68,208.5512522212921,206.37312166806188,0.8712522212920817,1.5,2025-09-05T09:00:00+00:00,206.37312166806188,TP,1.5,0.3326673701190797,1.1673326298809203,5,
ADA,RANGE_MEAN_REVERSION,SHORT,23742,23743,2025-09-05T07:30:00+00:00,2025-09-05T07:45:00+00:00,0.8282,0.8311005604435038,0.8238491593347445,0.00290056044350373,1.5,2025-09-05T09:15:00+00:00,0.8238491593347445,TP,1.5,0.3986934366854313,1.1013065633145687,6,
AVAX,RANGE_MEAN_REVERSION,SHORT,23743,23744,2025-09-05T07:45:00+00:00,2025-09-05T08:00:00+00:00,24.841,24.95538238927916,24.669426416081265,0.11438238927915734,1.5,2025-09-05T09:15:00+00:00,24.669426416081265,TP,1.5,0.30299505640395036,1.1970049435960497,5,
ETH,RANGE_MEAN_REVERSION,SHORT,23743,23744,2025-09-05T07:45:00+00:00,2025-09-05T08:00:00+00:00,4415.0,4438.475281392476,4379.787077911285,23.475281392476063,1.5,2025-09-05T09:15:00+00:00,4379.787077911285,TP,1.5000000000000193,0.2622482283220272,1.237751771677992,5,
BNB,RANGE_MEAN_REVERSION,SHORT,23764,23765,2025-09-05T13:00:00+00:00,2025-09-05T13:15:00+00:00,854.8,857.076726174154,851.3849107387689,2.276726174154078,1.5,2025-09-05T13:15:00+00:00,857.076726174154,SL,-1.0,0.5263319418582008,-1.5263319418582006,0,True
UNI,RANGE_MEAN_REVERSION,SHORT,23764,23765,2025-09-05T13:00:00+00:00,2025-09-05T13:15:00+00:00,9.668,9.751428170750883,9.542857743873675,0.08342817075088327,1.5,2025-09-05T14:00:00+00:00,9.542857743873675,TP,1.4999999999999893,0.1611877654715233,1.338812234528466,3,
CRV,RANGE_MEAN_REVERSION,SHORT,23762,23763,2025-09-05T12:30:00+00:00,2025-09-05T12:45:00+00:00,0.771,0.7813961330477333,0.7554058004284001,0.010396133047733236,1.5,2025-09-05T14:15:00+00:00,0.7554058004284001,TP,1.5000000000000053,0.10277706676068862,1.3972229332393167,6,
BTC,RANGE_MEAN_REVERSION,LONG,23872,23873,2025-09-06T16:00:00+00:00,2025-09-06T16:15:00+00:00,110263.3,109956.42096811037,110723.61854783446,306.87903188963537,1.5,2025-09-06T16:15:00+00:00,109956.42096811037,SL,-1.0,0.5023275905442651,-1.5023275905442652,0,True
FET,RANGE_MEAN_REVERSION,SHORT,23909,23910,2025-09-07T01:15:00+00:00,2025-09-07T01:30:00+00:00,0.6093,0.6110177880843805,0.6067233178734293,0.0017177880843805005,1.5,2025-09-07T01:45:00+00:00,0.6110177880843805,SL,-1.0,0.49728046167413686,-1.4972804616741369,1,
SUI,RANGE_MEAN_REVERSION,SHORT,23909,23910,2025-09-07T01:15:00+00:00,2025-09-07T01:30:00+00:00,3.3637,3.3725414383603405,3.3504378424594896,0.008841438360340348,1.5,2025-09-07T01:45:00+00:00,3.3725414383603405,SL,-1.0,0.53332600586843,-1.53332600586843,1,
FET,RANGE_MEAN_REVERSION,SHORT,23927,23928,2025-09-07T05:45:00+00:00,2025-09-07T06:00:00+00:00,0.6244,0.6270624525781271,0.6204063211328092,0.002662452578127139,1.5,2025-09-07T06:00:00+00:00,0.6204063211328092,TP,1.5,0.32727885257055517,1.1727211474294448,0,True
BNB,RANGE_MEAN_REVERSION,SHORT,23918,23919,2025-09-07T03:30:00+00:00,2025-09-07T03:45:00+00:00,867.8,870.0289043855514,864.4566434216728,2.228904385551459,1.5,2025-09-07T08:00:00+00:00,870.0289043855514,SL,-1.0,0.5457749739986776,-1.5457749739986775,17,
ETH,RANGE_MEAN_REVERSION,LONG,23873,23874,2025-09-06T16:15:00+00:00,2025-09-06T16:30:00+00:00,4257.61,4223.495671390686,4308.78149291397,34.114328609313816,1.5,2025-09-07T08:15:00+00:00,4308.78149291397,TP,1.5,0.17577581882712578,1.324224181172874,63,
SOL,RANGE_MEAN_REVERSION,SHORT,23911,23912,2025-09-07T01:45:00+00:00,2025-09-07T02:00:00+00:00,202.62,203.47750652545895,201.33374021181157,0.8575065254589447,1.5,2025-09-07T08:15:00+00:00,203.47750652545895,SL,-1.0,0.3315056458791127,-1.3315056458791128,25,
FET,RANGE_MEAN_REVERSION,SHORT,23951,23952,2025-09-07T11:45:00+00:00,2025-09-07T12:00:00+00:00,0.6264,0.628509037454361,0.6232364438184583,0.0021090374543610846,1.5,2025-09-07T12:45:00+00:00,0.628509037454361,SL,-1.0,0.4165105386827602,-1.4165105386827603,3,
XRP,RANGE_MEAN_REVERSION,SHORT,23934,23935,2025-09-07T07:30:00+00:00,2025-09-07T07:45:00+00:00,2.8312,2.8361022761776336,2.8238465857335493,0.004902276177633613,1.5,2025-09-07T13:30:00+00:00,2.8361022761776336,SL,-1.0,0.8092386984283114,-1.8092386984283113,23,
DOGE,RANGE_MEAN_REVERSION,SHORT,23960,23961,2025-09-07T14:00:00+00:00,2025-09-07T14:15:00+00:00,0.22192,0.22382435095677547,0.2190634735648368,0.0019043509567754635,1.5,2025-09-07T14:30:00+00:00,0.22382435095677547,SL,-1.0,0.16384639845906948,-1.1638463984590695,1,
SOL,RANGE_MEAN_REVERSION,SHORT,23967,23968,2025-09-07T15:45:00+00:00,2025-09-07T16:00:00+00:00,205.08,205.81359071950467,203.97961392074302,0.7335907195046616,1.5,2025-09-07T16:30:00+00:00,203.97961392074302,TP,1.5,0.3903289969887638,1.1096710030112362,2,
BTC,RANGE_MEAN_REVERSION,SHORT,23938,23939,2025-09-07T08:30:00+00:00,2025-09-07T08:45:00+00:00,111150.1,111444.43489668136,110708.59765497799,294.3348966813501,1.5,2025-09-07T23:15:00+00:00,111444.43489668136,SL,-1.0,0.5293839642683115,-1.5293839642683116,58,
UNI,RANGE_MEAN_REVERSION,SHORT,23997,23998,2025-09-07T23:15:00+00:00,2025-09-07T23:30:00+00:00,9.436,9.46204723094328,9.396929153585079,0.026047230943280653,1.5,2025-09-07T23:45:00+00:00,9.396929153585079,TP,1.5,0.506120993675543,0.993879006324457,1,
BTC,RANGE_MEAN_REVERSION,LONG,24101,24102,2025-09-09T01:15:00+00:00,2025-09-09T01:30:00+00:00,111327.7,111089.30048322662,111685.29927516007,238.39951677338104,1.5,2025-09-09T02:15:00+00:00,111089.30048322662,SL,-1.0,0.6530713755022289,-1.653071375502229,3,
ETH,RANGE_MEAN_REVERSION,SHORT,24121,24122,2025-09-09T06:15:00+00:00,2025-09-09T06:30:00+00:00,4344.12,4359.382538639613,4321.22619204058,15.262538639613012,1.5,2025-09-09T06:30:00+00:00,4359.382538639613,SL,-1.0,0.3991768290260135,-1.3991768290260134,0,True
XRP,RANGE_MEAN_REVERSION,SHORT,24121,24122,2025-09-09T06:15:00+00:00,2025-09-09T06:30:00+00:00,2.9902,3.0000806596736966,2.9753790104894557,0.009880659673696446,1.5,2025-09-09T07:00:00+00:00,3.0000806596736966,SL,-1.0,0.42438426180535316,-1.4243842618053533,2,
SUI,RANGE_MEAN_REVERSION,SHORT,24202,24203,2025-09-10T02:30:00+00:00,2025-09-10T02:45:00+00:00,3.5539,3.5719448982266098,3.5268326526600857,0.018044898226609707,1.5,2025-09-10T03:00:00+00:00,3.5268326526600857,TP,1.4999999999999878,0.27467668670765866,1.2253233132923291,1,
XRP,RANGE_MEAN_REVERSION,SHORT,24242,24243,2025-09-10T12:30:00+00:00,2025-09-10T12:45:00+00:00,2.9957,3.010966716626708,2.9727999250599373,0.015266716626708199,1.5,2025-09-10T13:00:00+00:00,3.010966716626708,SL,-1.0,0.27541394816242837,-1.2754139481624285,1,
ETH,RANGE_MEAN_REVERSION,SHORT,24242,24243,2025-09-10T12:30:00+00:00,2025-09-10T12:45:00+00:00,4377.47,4403.522814344467,4338.390778483299,26.05281434446715,1.5,2025-09-10T13:45:00+00:00,4403.522814344467,SL,-1.0,0.23593209120405462,-1.2359320912040546,4,
FET,RANGE_MEAN_REVERSION,SHORT,24244,24245,2025-09-10T13:00:00+00:00,2025-09-10T13:15:00+00:00,0.6579,0.6625042920792309,0.6509935618811538,0.004604292079230854,1.5,2025-09-10T13:45:00+00:00,0.6625042920792309,SL,-1.0,0.20074378179106805,-1.200743781791068,2,
UNI,RANGE_MEAN_REVERSION,SHORT,24303,24304,2025-09-11T03:45:00+00:00,2025-09-11T04:00:00+00:00,9.895,9.931315816671065,9.840526274993401,0.03631581667106509,1.5,2025-09-11T05:00:00+00:00,9.840526274993401,TP,1.5000000000000244,0.3804091346100027,1.1195908653900217,4,
SUI,RANGE_MEAN_REVERSION,SHORT,24376,24377,2025-09-11T22:00:00+00:00,2025-09-11T22:15:00+00:00,3.6549,3.6727361900678237,3.6281457148982645,0.017836190067823665,1.5,2025-09-11T22:15:00+00:00,3.6727361900678237,SL,-1.0,0.2875807733345908,-1.2875807733345908,0,True
BTC,RANGE_MEAN_REVERSION,SHORT,24378,24379,2025-09-11T22:30:00+00:00,2025-09-11T22:45:00+00:00,115094.1,115325.29324224306,114747.31013663542,231.19324224305456,1.5,2025-09-11T23:00:00+00:00,115325.29324224306,SL,-1.0,0.6976569630871885,-1.6976569630871885,1,
UNI,RANGE_MEAN_REVERSION,SHORT,24378,24379,2025-09-11T22:30:00+00:00,2025-09-11T22:45:00+00:00,9.971,10.01256340038065,9.908654899429026,0.04156340038064954,1.5,2025-09-11T23:00:00+00:00,10.01256340038065,SL,-1.0,0.33655798736763143,-1.3365579873676314,1,
FET,RANGE_MEAN_REVERSION,SHORT,24517,24518,2025-09-13T09:15:00+00:00,2025-09-13T09:30:00+00:00,0.6917,0.6943276275634478,0.6877585586548283,0.0026276275634478097,1.5,2025-09-13T10:00:00+00:00,0.6943276275634478,SL,-1.0,0.3692377690015369,-1.369237769001537,2,
UNI,RANGE_MEAN_REVERSION,LONG,24623,24624,2025-09-14T11:45:00+00:00,2025-09-14T12:00:00+00:00,9.505,9.450347166944171,9.586979249583745,0.054652833055829575,1.5,2025-09-14T12:45:00+00:00,9.450347166944171,SL,-1.0,0.24278234585399236,-1.2427823458539924,3,
XRP,RANGE_MEAN_REVERSION,LONG,24882,24883,2025-09-17T04:30:00+00:00,2025-09-17T04:45:00+00:00,3.0093,3.0013114978051614,3.021282753292258,0.00798850219483871,1.5,2025-09-17T06:30:00+00:00,3.021282753292258,TP,1.5,0.5284354719251363,0.9715645280748637,7,
BTC,RANGE_MEAN_REVERSION,LONG,24922,24923,2025-09-17T14:30:00+00:00,2025-09-17T14:45:00+00:00,115542.4,115186.99561565123,116075.50657652313,355.4043843487598,1.5,2025-09-17T17:30:00+00:00,116075.50657652313,TP,1.4999999999999796,0.45619171215531457,1.043808287844665,11,
XRP,RANGE_MEAN_REVERSION,LONG,25070,25071,2025-09-19T03:30:00+00:00,2025-09-19T03:45:00+00:00,3.0522,3.0404178464748615,3.069873230287708,0.011782153525138561,1.5,2025-09-19T04:00:00+00:00,3.0404178464748615,SL,-1.0,0.3619739365501306,-1.3619739365501307,1,
BTC,RANGE_MEAN_REVERSION,LONG,25115,25116,2025-09-19T14:45:00+00:00,2025-09-19T15:00:00+00:00,115849.7,115603.39937728405,116219.15093407393,246.30062271594943,1.5,2025-09-19T15:00:00+00:00,115603.39937728405,SL,-1.0,0.6578025170116928,-1.6578025170116928,0,True
XRP,RANGE_MEAN_REVERSION,LONG,25116,25117,2025-09-19T15:00:00+00:00,2025-09-19T15:15:00+00:00,2.9943,2.979639656629165,3.0162905150562525,0.014660343370834994,1.5,2025-09-19T21:00:00+00:00,2.979639656629165,SL,-1.0,0.2852428250732193,-1.2852428250732193,23,
CRV,RANGE_MEAN_REVERSION,SHORT,25212,25213,2025-09-20T15:00:00+00:00,2025-09-20T15:15:00+00:00,0.792,0.7984215814037445,0.7823676278943833,0.006421581403744492,1.5,2025-09-20T16:00:00+00:00,0.7984215814037445,SL,-1.0,0.1733677480648999,-1.1733677480648999,3,
SOL,RANGE_MEAN_REVERSION,SHORT,25213,25214,2025-09-20T15:15:00+00:00,2025-09-20T15:30:00+00:00,240.65,241.57875040122042,239.25687439816937,0.9287504012204124,1.5,2025-09-20T16:15:00+00:00,239.25687439816937,TP,1.5000000000000153,0.3617062362904908,1.1382937637095245,3,
CRV,RANGE_MEAN_REVERSION,SHORT,25238,25239,2025-09-20T21:30:00+00:00,2025-09-20T21:45:00+00:00,0.808,0.8143765532188161,0.798435170171776,0.006376553218816028,1.5,2025-09-21T02:15:00+00:00,0.798435170171776,TP,1.5,0.17634991515510892,1.323650084844891,18,
FET,RANGE_MEAN_REVERSION,LONG,25285,25286,2025-09-21T09:15:00+00:00,2025-09-21T09:30:00+00:00,0.6364,0.6338574005569363,0.6402138991645955,0.0025425994430636756,1.5,2025-09-21T09:30:00+00:00,0.6338574005569363,SL,-1.0,0.3497130398638207,-1.3497130398638206,0,True
SOL,RANGE_MEAN_REVERSION,LONG,25285,25286,2025-09-21T09:15:00+00:00,2025-09-21T09:30:00+00:00,237.64,236.98017229801857,238.62974155297212,0.6598277019814134,1.5,2025-09-21T10:15:00+00:00,238.62974155297212,TP,1.5000000000000215,0.5052664780304597,0.9947335219695619,3,
ADA,RANGE_MEAN_REVERSION,LONG,25285,25286,2025-09-21T09:15:00+00:00,2025-09-21T09:30:00+00:00,0.882,0.8762876340971129,0.8905685488543307,0.005712365902887151,1.5,2025-09-21T17:00:00+00:00,0.8762876340971129,SL,-1.0,0.2154626235069966,-1.2154626235069965,30,
XRP,RANGE_MEAN_REVERSION,LONG,25286,25287,2025-09-21T09:30:00+00:00,2025-09-21T09:45:00+00:00,2.9702,2.954662856964183,2.993505714553726,0.015537143035817103,1.5,2025-09-21T17:15:00+00:00,2.954662856964183,SL,-1.0,0.2669347891252657,-1.2669347891252656,30,
DOGE,RANGE_MEAN_REVERSION,SHORT,25590,25591,2025-09-24T13:30:00+00:00,2025-09-24T13:45:00+00:00,0.24447,0.24642363352666227,0.24153954971000657,0.0019536335266622795,1.5,2025-09-24T14:15:00+00:00,0.24642363352666227,SL,-1.0,0.1758904824159815,-1.1758904824159815,2,
SOL,RANGE_MEAN_REVERSION,SHORT,25595,25596,2025-09-24T14:45:00+00:00,2025-09-24T15:00:00+00:00,215.48,216.9222611541889,213.3166082687166,1.4422611541889125,1.5,2025-09-24T15:45:00+00:00,213.3166082687166,TP,1.5000000000000098,0.20811600237330238,1.2918839976267074,3,
BTC,RANGE_MEAN_REVERSION,SHORT,25595,25596,2025-09-24T14:45:00+00:00,2025-09-24T15:00:00+00:00,113662.6,113997.73649520263,113159.89525719607,335.1364952026197,1.5,2025-09-24T16:00:00+00:00,113159.89525719607,TP,1.5000000000000218,0.4737644182381368,1.026235581761885,4,
AVAX,RANGE_MEAN_REVERSION,LONG,25618,25619,2025-09-24T20:30:00+00:00,2025-09-24T20:45:00+00:00,33.819,33.5667064049113,34.197440392633055,0.25229359508870175,1.5,2025-09-24T20:45:00+00:00,33.5667064049113,SL,-1.0,0.1869646927297295,-1.1869646927297295,0,True
DOGE,RANGE_MEAN_REVERSION,LONG,25639,25640,2025-09-25T01:45:00+00:00,2025-09-25T02:00:00+00:00,0.23743,0.2359337583160219,0.23967436252596716,0.0014962416839781056,1.5,2025-09-25T02:30:00+00:00,0.23967436252596716,TP,1.5,0.2232079598800056,1.2767920401199944,2,
SOL,RANGE_MEAN_REVERSION,LONG,25639,25640,2025-09-25T01:45:00+00:00,2025-09-25T02:00:00+00:00,208.11,206.63458006183563,210.3231299072466,1.4754199381643787,1.5,2025-09-25T02:30:00+00:00,210.3231299072466,TP,1.5000000000000095,0.19852191458079638,1.3014780854192132,2,
AVAX,RANGE_MEAN_REVERSION,LONG,25647,25648,2025-09-25T03:45:00+00:00,2025-09-25T04:00:00+00:00,31.826,31.530976476318386,32.26853528552242,0.2950235236816141,1.5,2025-09-25T04:00:00+00:00,31.530976476318386,SL,-1.0,0.1503266010112629,-1.150326601011263,0,True
DOGE,RANGE_MEAN_REVERSION,LONG,25860,25861,2025-09-27T09:00:00+00:00,2025-09-27T09:15:00+00:00,0.22888,0.22792707258569184,0.23030939112146226,0.0009529274143081634,1.5,2025-09-27T10:30:00+00:00,0.23030939112146226,TP,1.5000000000000147,0.33731065867003884,1.1626893413299757,5,
AVAX,RANGE_MEAN_REVERSION,LONG,25860,25861,2025-09-27T09:00:00+00:00,2025-09-27T09:15:00+00:00,28.35,28.198601150996513,28.577098273505236,0.15139884900348832,1.5,2025-09-27T14:15:00+00:00,28.577098273505236,TP,1.5000000000000118,0.26320522945676766,1.236794770543244,20,
BNB,RANGE_MEAN_REVERSION,SHORT,25882,25883,2025-09-27T14:30:00+00:00,2025-09-27T14:45:00+00:00,984.06,988.454119389606,977.4688209155909,4.3941193896060895,1.5,2025-09-27T15:30:00+00:00,977.4688209155909,TP,1.4999999999999871,0.31247903229229335,1.1875209677076937,3,
AVAX,RANGE_MEAN_REVERSION,SHORT,26002,26003,2025-09-28T20:30:00+00:00,2025-09-28T20:45:00+00:00,29.214,29.381949439062545,28.96207584140618,0.16794943906254645,1.5,2025-09-28T21:45:00+00:00,28.96207584140618,TP,1.5,0.2424732902729046,1.2575267097270955,4,
BNB,RANGE_MEAN_REVERSION,SHORT,26009,26010,2025-09-28T22:15:00+00:00,2025-09-28T22:30:00+00:00,987.38,990.7032321601883,982.3951517597175,3.323232160188354,1.5,2025-09-28T23:30:00+00:00,990.7032321601883,SL,-1.0,0.41666010551416066,-1.4166601055141608,4,
AVAX,RANGE_MEAN_REVERSION,LONG,26142,26143,2025-09-30T07:30:00+00:00,2025-09-30T07:45:00+00:00,29.449,29.3256874157994,29.633968876300905,0.1233125842006011,1.5,2025-09-30T08:45:00+00:00,29.3256874157994,SL,-1.0,0.3336421944100254,-1.3336421944100254,4,
AVAX,RANGE_MEAN_REVERSION,SHORT,26190,26191,2025-09-30T19:30:00+00:00,2025-09-30T19:45:00+00:00,29.92,30.202245006780878,29.496632489828688,0.28224500678087594,1.5,2025-09-30T20:45:00+00:00,30.202245006780878,SL,-1.0,0.149110065700543,-1.149110065700543,4,
AVAX,RANGE_MEAN_REVERSION,SHORT,26244,26245,2025-10-01T09:00:00+00:00,2025-10-01T09:15:00+00:00,30.942,31.153391368406545,30.624912947390182,0.21139136840654515,1.5,2025-10-01T10:00:00+00:00,30.624912947390182,TP,1.5,0.2038722743886583,1.2961277256113417,3,
DOGE,RANGE_MEAN_REVERSION,SHORT,26265,26266,2025-10-01T14:15:00+00:00,2025-10-01T14:30:00+00:00,0.2449,0.2464976189279516,0.24250357160807262,0.0015976189279515995,1.5,2025-10-01T18:30:00+00:00,0.2464976189279516,SL,-1.0,0.21530687151447364,-1.2153068715144737,16,
BTC,RANGE_MEAN_REVERSION,SHORT,26301,26302,2025-10-01T23:15:00+00:00,2025-10-01T23:30:00+00:00,118312.2,118635.02885859375,117827.95671210936,322.8288585937553,1.5,2025-10-02T00:00:00+00:00,118635.02885859375,SL,-1.0,0.5137801525040736,-1.5137801525040735,2,
CRV,RANGE_MEAN_REVERSION,SHORT,26302,26303,2025-10-01T23:30:00+00:00,2025-10-01T23:45:00+00:00,0.731,0.7347502357584071,0.7253746463623892,0.003750235758407161,1.5,2025-10-02T00:00:00+00:00,0.7347502357584071,SL,-1.0,0.27358951040098584,-1.2735895104009858,1,
ADA,RANGE_MEAN_REVERSION,SHORT,26305,26306,2025-10-02T00:15:00+00:00,2025-10-02T00:30:00+00:00,0.8524,0.8572065264262667,0.8451902103606,0.004806526426266666,1.5,2025-10-02T01:45:00+00:00,0.8572065264262667,SL,-1.0,0.24897908850735453,-1.2489790885073546,5,
BNB,RANGE_MEAN_REVERSION,SHORT,26311,26312,2025-10-02T01:45:00+00:00,2025-10-02T02:00:00+00:00,1035.75,1040.4996665428919,1028.625500185662,4.749666542891873,1.5,2025-10-02T04:30:00+00:00,1028.625500185662,TP,1.500000000000024,0.30424511638455465,1.1957548836154692,10,
LINK,RANGE_MEAN_REVERSION,LONG,26363,26364,2025-10-02T14:45:00+00:00,2025-10-02T15:00:00+00:00,22.086,21.95642466538847,22.280363001917287,0.12957533461152693,1.5,2025-10-02T15:00:00+00:00,21.95642466538847,SL,-1.0,0.2379287490030478,-1.2379287490030477,0,True
AVAX,RANGE_MEAN_REVERSION,LONG,26428,26429,2025-10-03T07:00:00+00:00,2025-10-03T07:15:00+00:00,30.196,30.010541272253057,30.47418809162042,0.18545872774694416,1.5,2025-10-03T08:15:00+00:00,30.010541272253057,SL,-1.0,0.22724505555803676,-1.2272450555580368,4,
FET,RANGE_MEAN_REVERSION,SHORT,26464,26465,2025-10-03T16:00:00+00:00,2025-10-03T16:15:00+00:00,0.6062,0.6096474409396818,0.6010288385904772,0.003447440939681856,1.5,2025-10-03T16:30:00+00:00,0.6096474409396818,SL,-1.0,0.2468768061727316,-1.2468768061727316,1,
LINK,RANGE_MEAN_REVERSION,LONG,26528,26529,2025-10-04T08:00:00+00:00,2025-10-04T08:15:00+00:00,22.005,21.917534159058768,22.136198761411848,0.08746584094123122,1.5,2025-10-04T08:30:00+00:00,21.917534159058768,SL,-1.0,0.35151750192397274,-1.3515175019239727,1,
AVAX,RANGE_MEAN_REVERSION,LONG,26530,26531,2025-10-04T08:30:00+00:00,2025-10-04T08:45:00+00:00,30.553,30.433671586397303,30.73199262040405,0.11932841360269819,1.5,2025-10-04T10:30:00+00:00,30.433671586397303,SL,-1.0,0.35775779482509457,-1.3577577948250945,7,
ADA,RANGE_MEAN_REVERSION,LONG,26531,26532,2025-10-04T08:45:00+00:00,2025-10-04T09:00:00+00:00,0.8465,0.8437103899009065,0.8506844151486403,0.002789610099093509,1.5,2025-10-04T10:30:00+00:00,0.8437103899009065,SL,-1.0,0.42412639433557453,-1.4241263943355746,6,
FET,RANGE_MEAN_REVERSION,LONG,26531,26532,2025-10-04T08:45:00+00:00,2025-10-04T09:00:00+00:00,0.5833,0.5808152019530392,0.5870271970704414,0.00248479804696089,1.5,2025-10-04T10:30:00+00:00,0.5808152019530392,SL,-1.0,0.3279464270200118,-1.3279464270200119,6,
AVAX,RANGE_MEAN_REVERSION,LONG,26556,26557,2025-10-04T15:00:00+00:00,2025-10-04T15:15:00+00:00,29.924,29.74805435818085,30.187918462728724,0.17594564181915118,1.5,2025-10-04T22:30:00+00:00,30.187918462728724,TP,1.49999999999999,0.23915535780739072,1.2608446421925992,29,
DOGE,RANGE_MEAN_REVERSION,SHORT,26602,26603,2025-10-05T02:30:00+00:00,2025-10-05T02:45:00+00:00,0.25416,0.25616367083945507,0.2511544937408174,0.002003670839455074,1.5,2025-10-05T02:45:00+00:00,0.25616367083945507,SL,-1.0,0.1782860550512235,-1.1782860550512235,0,True
FET,RANGE_MEAN_REVERSION,SHORT,26602,26603,2025-10-05T02:30:00+00:00,2025-10-05T02:45:00+00:00,0.5983,0.6051586161952335,0.5880120757071499,0.006858616195233425,1.5,2025-10-05T04:45:00+00:00,0.6051586161952335,SL,-1.0,0.12282667630857169,-1.1228266763085717,8,
ADA,RANGE_MEAN_REVERSION,SHORT,26604,26605,2025-10-05T03:00:00+00:00,2025-10-05T03:15:00+00:00,0.8586,0.8658513062550482,0.8477230406174276,0.007251306255048218,1.5,2025-10-05T04:45:00+00:00,0.8658513062550482,SL,-1.0,0.16646875361775862,-1.1664687536177587,6,
AVAX,RANGE_MEAN_REVERSION,SHORT,26604,26605,2025-10-05T03:00:00+00:00,2025-10-05T03:15:00+00:00,30.486,30.77268099036119,30.055978514458214,0.2866809903611909,1.5,2025-10-05T04:45:00+00:00,30.77268099036119,SL,-1.0,0.14957767740102593,-1.149577677401026,6,
UNI,RANGE_MEAN_REVERSION,SHORT,26604,26605,2025-10-05T03:00:00+00:00,2025-10-05T03:15:00+00:00,8.178,8.225441685146514,8.106837472280231,0.047441685146512924,1.5,2025-10-05T04:45:00+00:00,8.225441685146514,SL,-1.0,0.24203206829904403,-1.242032068299044,6,
LINK,RANGE_MEAN_REVERSION,SHORT,26604,26605,2025-10-05T03:00:00+00:00,2025-10-05T03:15:00+00:00,22.498,22.65737223558886,22.258941646616712,0.15937223558885805,1.5,2025-10-05T07:00:00+00:00,22.65737223558886,SL,-1.0,0.19833291820323826,-1.1983329182032383,15,
ADA,RANGE_MEAN_REVERSION,LONG,26663,26664,2025-10-05T17:45:00+00:00,2025-10-05T18:00:00+00:00,0.8438,0.8394703891069459,0.8502944163395811,0.004329610893054059,1.5,2025-10-05T18:15:00+00:00,0.8394703891069459,SL,-1.0,0.2721466897325986,-1.2721466897325986,1,
UNI,RANGE_MEAN_REVERSION,LONG,26664,26665,2025-10-05T18:00:00+00:00,2025-10-05T18:15:00+00:00,8.092,8.039858815943907,8.170211776084141,0.05214118405609369,1.5,2025-10-05T19:00:00+00:00,8.039858815943907,SL,-1.0,0.21657162904111332,-1.2165716290411133,3,
AVAX,RANGE_MEAN_REVERSION,LONG,26664,26665,2025-10-05T18:00:00+00:00,2025-10-05T18:15:00+00:00,29.833,29.612896578108074,30.163155132837886,0.220103421891924,1.5,2025-10-05T20:00:00+00:00,29.612896578108074,SL,-1.0,0.18905715888918886,-1.189057158889189,7,
DOGE,RANGE_MEAN_REVERSION,LONG,26671,26672,2025-10-05T19:45:00+00:00,2025-10-05T20:00:00+00:00,0.25136,0.24956531864906187,0.25405202202640714,0.0017946813509381043,1.5,2025-10-06T00:15:00+00:00,0.25405202202640714,TP,1.5000000000000078,0.19713160513622932,1.3028683948637785,17,
FET,RANGE_MEAN_REVERSION,LONG,26688,26689,2025-10-06T00:00:00+00:00,2025-10-06T00:15:00+00:00,0.5762,0.5710762079761825,0.5838856880357264,0.005123792023817519,1.5,2025-10-06T02:45:00+00:00,0.5838856880357264,TP,1.5000000000000109,0.15848808418651955,1.3415119158134914,10,
DOGE,RANGE_MEAN_REVERSION,SHORT,26734,26735,2025-10-06T11:30:00+00:00,2025-10-06T11:45:00+00:00,0.26101,0.2627353830123783,0.2584219254814326,0.0017253830123782898,1.5,2025-10-06T14:00:00+00:00,0.2627353830123783,SL,-1.0,0.2124871784864213,-1.2124871784864213,9,
LINK,RANGE_MEAN_REVERSION,SHORT,26742,26743,2025-10-06T13:30:00+00:00,2025-10-06T13:45:00+00:00,22.422,22.652044094709623,22.076933857935565,0.23004409470962273,1.5,2025-10-06T14:00:00+00:00,22.652044094709623,SL,-1.0,0.13715557839519243,-1.1371555783951925,1,
SUI,RANGE_MEAN_REVERSION,SHORT,26716,26717,2025-10-06T07:00:00+00:00,2025-10-06T07:15:00+00:00,3.6428,3.6760169161709735,3.5929746257435395,0.033216916170973665,1.5,2025-10-06T15:00:00+00:00,3.6760169161709735,SL,-1.0,0.15423381914653847,-1.1542338191465384,31,
ADA,RANGE_MEAN_REVERSION,SHORT,26744,26745,2025-10-06T14:00:00+00:00,2025-10-06T14:15:00+00:00,0.8655,0.8720798112364883,0.8556302831452678,0.006579811236488209,1.5,2025-10-06T15:15:00+00:00,0.8720798112364883,SL,-1.0,0.18485421908770613,-1.184854219087706,4,
FET,RANGE_MEAN_REVERSION,SHORT,26744,26745,2025-10-06T14:00:00+00:00,2025-10-06T14:15:00+00:00,0.5886,0.5925660359307703,0.5826509461038446,0.003966035930770273,1.5,2025-10-06T17:15:00+00:00,0.5925660359307703,SL,-1.0,0.20847421445094097,-1.208474214450941,12,
AVAX,RANGE_MEAN_REVERSION,LONG,26878,26879,2025-10-07T23:30:00+00:00,2025-10-07T23:45:00+00:00,27.924,27.74200266142695,28.19699600785957,0.18199733857304778,1.5,2025-10-08T00:30:00+00:00,28.19699600785957,TP,1.5,0.2158531411146659,1.2841468588853342,3,
DOGE,RANGE_MEAN_REVERSION,LONG,26879,26880,2025-10-07T23:45:00+00:00,2025-10-08T00:00:00+00:00,0.24672,0.24515097698237495,0.24907353452643755,0.001569023017625043,1.5,2025-10-08T00:30:00+00:00,0.24907353452643755,TP,1.4999999999999911,0.22119208594774342,1.2788079140522477,2,
SOL,RANGE_MEAN_REVERSION,LONG,26895,26896,2025-10-08T03:45:00+00:00,2025-10-08T04:00:00+00:00,218.2,217.03182716263044,219.95225925605433,1.1681728373695535,1.5,2025-10-08T04:30:00+00:00,219.95225925605433,TP,1.5000000000000122,0.2625523994975505,1.2374476005024617,2,
FET,RANGE_MEAN_REVERSION,LONG,26893,26894,2025-10-08T03:15:00+00:00,2025-10-08T03:30:00+00:00,0.5525,0.548516021432405,0.5584759678513925,0.003983978567595026,1.5,2025-10-08T11:30:00+00:00,0.548516021432405,SL,-1.0,0.19345265089313274,-1.1934526508931327,32,
DOGE,RANGE_MEAN_REVERSION,SHORT,26932,26933,2025-10-08T13:00:00+00:00,2025-10-08T13:15:00+00:00,0.25272,0.25430463911068885,0.25034304133396673,0.0015846391106888458,1.5,2025-10-08T13:30:00+00:00,0.25034304133396673,TP,1.5,0.22222355018152934,1.2777764498184707,1,
CRV,RANGE_MEAN_REVERSION,SHORT,26936,26937,2025-10-08T14:00:00+00:00,2025-10-08T14:15:00+00:00,0.755,0.7629741649459632,0.7430387525810553,0.007974164945963147,1.5,2025-10-08T14:45:00+00:00,0.7430387525810553,TP,1.4999999999999931,0.1315030644478451,1.3684969355521481,2,
UNI,RANGE_MEAN_REVERSION,SHORT,26936,26937,2025-10-08T14:00:00+00:00,2025-10-08T14:15:00+00:00,7.929,8.002525255596334,7.8187121166055,0.0735252555963335,1.5,2025-10-08T17:00:00+00:00,8.002525255596334,SL,-1.0,0.1516766937900119,-1.1516766937900118,11,
CRV,RANGE_MEAN_REVERSION,LONG,26982,26983,2025-10-09T01:30:00+00:00,2025-10-09T01:45:00+00:00,0.729,0.7248884203892031,0.7351673694161953,0.004111579610796889,1.5,2025-10-09T02:00:00+00:00,0.7248884203892031,SL,-1.0,0.2475257663988638,-1.247525766398864,1,
ADA,RANGE_MEAN_REVERSION,LONG,26984,26985,2025-10-09T02:00:00+00:00,2025-10-09T02:15:00+00:00,0.8233,0.8189997288662417,0.8297504067006375,0.004300271133758304,1.5,2025-10-09T02:15:00+00:00,0.8189997288662417,SL,-1.0,0.26733426206120303,-1.267334262061203,0,True
SUI,RANGE_MEAN_REVERSION,LONG,26987,26988,2025-10-09T02:45:00+00:00,2025-10-09T03:00:00+00:00,3.4438,3.4220003867291253,3.476499419906312,0.02179961327087465,1.5,2025-10-09T03:15:00+00:00,3.476499419906312,TP,1.5,0.22221539133478663,1.2777846086652134,1,
UNI,RANGE_MEAN_REVERSION,LONG,26987,26988,2025-10-09T02:45:00+00:00,2025-10-09T03:00:00+00:00,7.853,7.7987125550521,7.934431167421849,0.05428744494789939,1.5,2025-10-09T03:15:00+00:00,7.934431167421849,TP,1.5,0.20356828043392586,1.2964317195660742,1,
BTC,RANGE_MEAN_REVERSION,LONG,26987,26988,2025-10-09T02:45:00+00:00,2025-10-09T03:00:00+00:00,121573.2,121214.59981947881,122111.10027078178,358.6001805211854,1.5,2025-10-09T04:15:00+00:00,122111.10027078178,TP,1.5000000000000202,0.4756802128254082,1.024319787174612,5,
DOGE,RANGE_MEAN_REVERSION,LONG,26987,26988,2025-10-09T02:45:00+00:00,2025-10-09T03:00:00+00:00,0.2472,0.24543890212248706,0.2498416468162694,0.0017610978775129404,1.5,2025-10-09T04:15:00+00:00,0.2498416468162694,TP,1.5,0.19756377951164275,1.3024362204883573,5,
FET,RANGE_MEAN_REVERSION,LONG,27006,27007,2025-10-09T07:30:00+00:00,2025-10-09T07:45:00+00:00,0.5378,0.5342155339596429,0.5431766990605355,0.003584466040357004,1.5,2025-10-09T08:00:00+00:00,0.5342155339596429,SL,-1.0,0.20935081134065117,-1.2093508113406513,1,
CRV,RANGE_MEAN_REVERSION,LONG,27011,27012,2025-10-09T08:45:00+00:00,2025-10-09T09:00:00+00:00,0.703,0.698395533990396,0.7099066990144058,0.004604466009603958,1.5,2025-10-09T09:30:00+00:00,0.7099066990144058,TP,1.499999999999988,0.21479899889523854,1.2852010011047494,2,
ADA,RANGE_MEAN_REVERSION,LONG,27010,27011,2025-10-09T08:30:00+00:00,2025-10-09T08:45:00+00:00,0.8047,0.800573470800625,0.8108897937990625,0.004126529199374951,1.5,2025-10-09T11:15:00+00:00,0.8108897937990625,TP,1.5000000000000135,0.2740590944638521,1.2259409055361614,10,
BTC,RANGE_MEAN_REVERSION,SHORT,27026,27027,2025-10-09T12:30:00+00:00,2025-10-09T12:45:00+00:00,123481.2,123956.69028019863,122767.96457970205,475.4902801986318,1.5,2025-10-09T13:30:00+00:00,122767.96457970205,TP,1.5,0.3625193245459898,1.13748067545401,3,
CRV,RANGE_MEAN_REVERSION,SHORT,27027,27028,2025-10-09T12:45:00+00:00,2025-10-09T13:00:00+00:00,0.73,0.73567425980317,0.7214886102952449,0.005674259803170045,1.5,2025-10-09T13:30:00+00:00,0.7214886102952449,TP,1.5,0.179061597891418,1.320938402108582,2,
BTC,RANGE_MEAN_REVERSION,SHORT,27126,27127,2025-10-10T13:30:00+00:00,2025-10-10T13:45:00+00:00,122187.2,122671.33952433876,121460.99071349185,484.13952433876693,1.5,2025-10-10T13:45:00+00:00,121460.99071349185,TP,1.5,0.3522821933044713,1.1477178066955287,0,True
CRV,RANGE_MEAN_REVERSION,SHORT,27126,27127,2025-10-10T13:30:00+00:00,2025-10-10T13:45:00+00:00,0.752,0.7606651635952212,0.7390022546071682,0.008665163595221181,1.5,2025-10-10T14:15:00+00:00,0.7390022546071682,TP,1.5000000000000064,0.1204479946345868,1.3795520053654196,2,
BNB,RANGE_MEAN_REVERSION,LONG,27132,27133,2025-10-10T15:00:00+00:00,2025-10-10T15:15:00+00:00,1233.72,1224.5323118774504,1247.5015321838246,9.187688122549616,1.5,2025-10-10T15:15:00+00:00,1224.5323118774504,SL,-1.0,0.18729157927018247,-1.1872915792701826,0,True
BTC,RANGE_MEAN_REVERSION,LONG,27249,27250,2025-10-11T20:15:00+00:00,2025-10-11T20:30:00+00:00,110569.2,110188.32621667089,111140.51067499365,380.87378332910885,1.5,2025-10-11T20:45:00+00:00,110188.32621667089,SL,-1.0,0.40572566323931436,-1.4057256632393145,1,
BTC,RANGE_MEAN_REVERSION,LONG,27267,27268,2025-10-12T00:45:00+00:00,2025-10-12T01:00:00+00:00,109600.7,109235.05237705144,110149.17143442284,365.6476229485561,1.5,2025-10-12T01:30:00+00:00,110149.17143442284,TP,1.50000000000002,0.42069167239120275,1.0793083276088171,2,
BNB,RANGE_MEAN_REVERSION,SHORT,27304,27305,2025-10-12T10:00:00+00:00,2025-10-12T10:15:00+00:00,1215.09,1232.0317483033073,1189.6773775450388,16.94174830330735,1.5,2025-10-12T12:00:00+00:00,1232.0317483033073,SL,-1.0,0.10111029824931986,-1.10111029824932,7,
BTC,RANGE_MEAN_REVERSION,SHORT,27325,27326,2025-10-12T15:15:00+00:00,2025-10-12T15:30:00+00:00,113100.0,114027.1850024743,111709.22249628854,927.1850024743035,1.5,2025-10-12T16:00:00+00:00,114027.1850024743,SL,-1.0,0.17147497972621523,-1.1714749797262152,2,
BNB,RANGE_MEAN_REVERSION,SHORT,27390,27391,2025-10-13T07:30:00+00:00,2025-10-13T07:45:00+00:00,1346.75,1362.589002781741,1322.9914958273885,15.839002781741101,1.5,2025-10-13T08:30:00+00:00,1362.589002781741,SL,-1.0,0.1197384284908082,-1.1197384284908083,3,
BTC,RANGE_MEAN_REVERSION,LONG,27463,27464,2025-10-14T01:45:00+00:00,2025-10-14T02:00:00+00:00,114216.1,113886.93384027136,114709.84923959296,329.16615972864383,1.5,2025-10-14T02:15:00+00:00,113886.93384027136,SL,-1.0,0.48508061648809697,-1.485080616488097,1,
ETH,RANGE_MEAN_REVERSION,LONG,27475,27476,2025-10-14T04:45:00+00:00,2025-10-14T05:00:00+00:00,4097.95,4069.081814644974,4141.252278032538,28.868185355025616,1.5,2025-10-14T05:30:00+00:00,4069.081814644974,SL,-1.0,0.19803538739771295,-1.198035387397713,2,
BNB,RANGE_MEAN_REVERSION,LONG,27482,27483,2025-10-14T06:30:00+00:00,2025-10-14T06:45:00+00:00,1195.93,1181.4996116616117,1217.5755825075826,14.430388338388411,1.5,2025-10-14T06:45:00+00:00,1181.4996116616117,SL,-1.0,0.11532612214849004,-1.11532612214849,0,True
BTC,RANGE_MEAN_REVERSION,LONG,27498,27499,2025-10-14T10:30:00+00:00,2025-10-14T10:45:00+00:00,110321.1,109682.99714340047,111278.2542848993,638.1028565995366,1.5,2025-10-14T11:00:00+00:00,111278.2542848993,TP,1.4999999999999887,0.24309489668494014,1.2569051033150485,1,
BNB,RANGE_MEAN_REVERSION,LONG,27505,27506,2025-10-14T12:15:00+00:00,2025-10-14T12:30:00+00:00,1161.9,1147.4686209615677,1183.5470685576488,14.431379038432397,1.5,2025-10-14T12:45:00+00:00,1147.4686209615677,SL,-1.0,0.11201687866197822,-1.1120168786619782,1,
CRV,RANGE_MEAN_REVERSION,SHORT,27585,27586,2025-10-15T08:15:00+00:00,2025-10-15T08:30:00+00:00,0.626,0.6436922071936785,0.5994616892094823,0.017692207193678477,1.5,2025-10-15T09:45:00+00:00,0.5994616892094823,TP,1.5,0.048485933555715004,1.451514066444285,5,
ETH,RANGE_MEAN_REVERSION,SHORT,27586,27587,2025-10-15T08:30:00+00:00,2025-10-15T08:45:00+00:00,4191.81,4232.604306956522,4130.618539565217,40.79430695652172,1.5,2025-10-15T10:15:00+00:00,4130.618539565217,TP,1.500000000000011,0.1428066907449768,1.3571933092550343,6,
CRV,RANGE_MEAN_REVERSION,LONG,27605,27606,2025-10-15T13:15:00+00:00,2025-10-15T13:30:00+00:00,0.566,0.5589310244117266,0.57660346338241,0.007068975588273352,1.5,2025-10-15T13:30:00+00:00,0.57660346338241,TP,1.5,0.1131454500556635,1.3868545499443365,0,True
ETH,RANGE_MEAN_REVERSION,LONG,27611,27612,2025-10-15T14:45:00+00:00,2025-10-15T15:00:00+00:00,4007.87,3969.2012286591266,4065.8731570113096,38.66877134087326,1.5,2025-10-15T15:45:00+00:00,3969.2012286591266,SL,-1.0,0.14440463625900363,-1.1444046362590037,3,
BNB,RANGE_MEAN_REVERSION,SHORT,27657,27658,2025-10-16T02:15:00+00:00,2025-10-16T02:30:00+00:00,1192.16,1200.4825429133232,1179.6761856300154,8.322542913323105,1.5,2025-10-16T04:30:00+00:00,1179.6761856300154,TP,1.5,0.1994925526047034,1.3005074473952967,8,
BNB,RANGE_MEAN_REVERSION,LONG,27767,27768,2025-10-17T05:45:00+00:00,2025-10-17T06:00:00+00:00,1128.61,1119.9068232955246,1141.664765056713,8.703176704475254,1.5,2025-10-17T06:30:00+00:00,1119.9068232955246,SL,-1.0,0.18084911173842091,-1.180849111738421,2,
UNI,RANGE_MEAN_REVERSION,LONG,27770,27771,2025-10-17T06:30:00+00:00,2025-10-17T06:45:00+00:00,6.16,6.0983475571145505,6.252478664328175,0.06165244288544969,1.5,2025-10-17T06:45:00+00:00,6.0983475571145505,SL,-1.0,0.13918091300815771,-1.1391809130081576,0,True
CRV,RANGE_MEAN_REVERSION,LONG,27771,27772,2025-10-17T06:45:00+00:00,2025-10-17T07:00:00+00:00,0.519,0.5102046459786586,0.5321930310320122,0.008795354021341462,1.5,2025-10-17T07:00:00+00:00,0.5102046459786586,SL,-1.0,0.08191179689151154,-1.0819117968915115,0,True
ETH,RANGE_MEAN_REVERSION,LONG,27771,27772,2025-10-17T06:45:00+00:00,2025-10-17T07:00:00+00:00,3818.74,3792.4551451351676,3858.1672822972478,26.28485486483214,1.5,2025-10-17T07:00:00+00:00,3792.4551451351676,SL,-1.0,0.2026960631509137,-1.2026960631509138,0,True
SOL,RANGE_MEAN_REVERSION,LONG,27771,27772,2025-10-17T06:45:00+00:00,2025-10-17T07:00:00+00:00,180.33,178.66531071078438,182.82703393382346,1.6646892892156302,1.5,2025-10-17T07:00:00+00:00,178.66531071078438,SL,-1.0,0.1509571300335303,-1.1509571300335304,0,True
BNB,RANGE_MEAN_REVERSION,SHORT,27868,27869,2025-10-18T07:00:00+00:00,2025-10-18T07:15:00+00:00,1122.57,1135.8642958854498,1102.628556171825,13.294295885449856,1.5,2025-10-18T09:15:00+00:00,1102.628556171825,TP,1.5000000000000087,0.11716596371418656,1.382834036285822,8,
BNB,RANGE_MEAN_REVERSION,LONG,27940,27941,2025-10-19T01:00:00+00:00,2025-10-19T01:15:00+00:00,1079.35,1072.5277221645242,1089.5834167532134,6.822277835475688,1.5,2025-10-19T03:30:00+00:00,1089.5834167532134,TP,1.5,0.22254347130695357,1.2774565286930464,9,
SOL,RANGE_MEAN_REVERSION,LONG,27971,27972,2025-10-19T08:45:00+00:00,2025-10-19T09:00:00+00:00,184.08,182.83846968203613,185.94229547694584,1.2415303179638784,1.5,2025-10-19T09:30:00+00:00,185.94229547694584,TP,1.5000000000000115,0.208626082735257,1.2913739172647545,2,
BNB,RANGE_MEAN_REVERSION,LONG,27972,27973,2025-10-19T09:00:00+00:00,2025-10-19T09:15:00+00:00,1070.39,1064.10489577898,1079.81765633153,6.285104221019992,1.5,2025-10-19T09:30:00+00:00,1079.81765633153,TP,1.5,0.2394781862802277,1.2605218137197722,1,
ETH,RANGE_MEAN_REVERSION,SHORT,27991,27992,2025-10-19T13:45:00+00:00,2025-10-19T14:00:00+00:00,3970.24,4002.0445665866605,3922.533150120009,31.804566586660712,1.5,2025-10-19T17:00:00+00:00,4002.0445665866605,SL,-1.0,0.17546534336208325,-1.1754653433620832,12,
DOGE,RANGE_MEAN_REVERSION,LONG,28033,28034,2025-10-20T00:15:00+00:00,2025-10-20T00:30:00+00:00,0.1929,0.19161838352317861,0.19482242471523203,0.0012816164768213734,1.5,2025-10-20T00:30:00+00:00,0.19161838352317861,SL,-1.0,0.2100182646947507,-1.2100182646947508,0,True
BNB,RANGE_MEAN_REVERSION,LONG,28034,28035,2025-10-20T00:30:00+00:00,2025-10-20T00:45:00+00:00,1095.64,1083.4036215717908,1113.994567642314,12.236378428209264,1.5,2025-10-20T03:30:00+00:00,1113.994567642314,TP,1.5,0.12640539081267843,1.3735946091873217,11,
BTC,RANGE_MEAN_REVERSION,LONG,28137,28138,2025-10-21T02:15:00+00:00,2025-10-21T02:30:00+00:00,109429.9,109042.33216773838,110011.25174839242,387.56783226161497,1.5,2025-10-21T03:45:00+00:00,109042.33216773838,SL,-1.0,0.3945904427232911,-1.3945904427232911,5,
BNB,RANGE_MEAN_REVERSION,LONG,28137,28138,2025-10-21T02:15:00+00:00,2025-10-21T02:30:00+00:00,1080.97,1073.8643455621482,1091.6284816567777,7.105654437851854,1.5,2025-10-21T04:00:00+00:00,1073.8643455621482,SL,-1.0,0.21227939735689016,-1.2122793973568902,6,
SUI,RANGE_MEAN_REVERSION,LONG,28144,28145,2025-10-21T04:00:00+00:00,2025-10-21T04:15:00+00:00,2.5038,2.481935763042045,2.5365963554369326,0.02186423695795492,1.5,2025-10-21T04:30:00+00:00,2.481935763042045,SL,-1.0,0.15962208243721265,-1.1596220824372128,1,
ETH,RANGE_MEAN_REVERSION,LONG,28145,28146,2025-10-21T04:15:00+00:00,2025-10-21T04:30:00+00:00,3875.33,3853.816549525777,3907.600175711334,21.513450474222736,1.5,2025-10-21T04:30:00+00:00,3853.816549525777,SL,-1.0,0.2514892992712048,-1.2514892992712048,0,True
ADA,RANGE_MEAN_REVERSION,LONG,28144,28145,2025-10-21T04:00:00+00:00,2025-10-21T04:15:00+00:00,0.6448,0.6397292228963075,0.6524061656555389,0.005070777103692525,1.5,2025-10-21T04:45:00+00:00,0.6397292228963075,SL,-1.0,0.17732399544295532,-1.1773239954429553,2,
CRV,RANGE_MEAN_REVERSION,LONG,28144,28145,2025-10-21T04:00:00+00:00,2025-10-21T04:15:00+00:00,0.537,0.5310655627189297,0.5459016559216056,0.005934437281070348,1.5,2025-10-21T04:45:00+00:00,0.5310655627189297,SL,-1.0,0.1259842944651365,-1.1259842944651366,2,
UNI,RANGE_MEAN_REVERSION,LONG,28144,28145,2025-10-21T04:00:00+00:00,2025-10-21T04:15:00+00:00,6.188,6.144605841697835,6.253091237453246,0.04339415830216442,1.5,2025-10-21T04:45:00+00:00,6.144605841697835,SL,-1.0,0.19893977500556553,-1.1989397750055655,2,
BNB,RANGE_MEAN_REVERSION,LONG,28147,28148,2025-10-21T04:45:00+00:00,2025-10-21T05:00:00+00:00,1063.21,1057.7999583438911,1071.3250624841635,5.410041656108888,1.5,2025-10-21T06:15:00+00:00,1071.3250624841635,TP,1.500000000000021,0.2761854046080641,1.223814595391957,5,
DOGE,RANGE_MEAN_REVERSION,LONG,28144,28145,2025-10-21T04:00:00+00:00,2025-10-21T04:15:00+00:00,0.19435,0.19261461095135693,0.1969530835729646,0.0017353890486430656,1.5,2025-10-21T08:30:00+00:00,0.19261461095135693,SL,-1.0,0.15608904981724556,-1.1560890498172456,17,
UNI,RANGE_MEAN_REVERSION,SHORT,28179,28180,2025-10-21T12:45:00+00:00,2025-10-21T13:00:00+00:00,6.294,6.3253629206420845,6.246955619036872,0.0313629206420849,1.5,2025-10-21T13:30:00+00:00,6.246955619036872,TP,1.5,0.279905976662964,1.2200940233370359,2,
FET,RANGE_MEAN_REVERSION,LONG,28263,28264,2025-10-22T09:45:00+00:00,2025-10-22T10:00:00+00:00,0.2388,0.2368509671266105,0.24172354931008427,0.0019490328733895168,1.5,2025-10-22T11:00:00+00:00,0.2368509671266105,SL,-1.0,0.17083122687899666,-1.1708312268789967,4,
BNB,RANGE_MEAN_REVERSION,SHORT,28345,28346,2025-10-23T06:15:00+00:00,2025-10-23T06:30:00+00:00,1105.0,1111.7758082332782,1094.8362876500828,6.775808233278212,1.5,2025-10-23T08:00:00+00:00,1111.7758082332782,SL,-1.0,0.22901224656007482,-1.2290122465600748,6,
ADA,RANGE_MEAN_REVERSION,SHORT,28345,28346,2025-10-23T06:15:00+00:00,2025-10-23T06:30:00+00:00,0.6384,0.64261570179994,0.6320764473000899,0.004215701799940019,1.5,2025-10-23T08:15:00+00:00,0.64261570179994,SL,-1.0,0.21270740527062806,-1.2127074052706281,7,
ETH,RANGE_MEAN_REVERSION,SHORT,28345,28346,2025-10-23T06:15:00+00:00,2025-10-23T06:30:00+00:00,3874.55,3898.8037625406455,3838.1693561890324,24.25376254064531,1.5,2025-10-23T08:15:00+00:00,3898.8037625406455,SL,-1.0,0.22435066001242693,-1.224350660012427,7,
LINK,RANGE_MEAN_REVERSION,SHORT,28345,28346,2025-10-23T06:15:00+00:00,2025-10-23T06:30:00+00:00,17.569,17.67685714329024,17.40721428506464,0.10785714329023932,1.5,2025-10-23T08:15:00+00:00,17.67685714329024,SL,-1.0,0.22874794610414925,-1.2287479461041493,7,
BTC,RANGE_MEAN_REVERSION,SHORT,28345,28346,2025-10-23T06:15:00+00:00,2025-10-23T06:30:00+00:00,109823.6,110372.55316056348,109000.17025915481,548.9531605634693,1.5,2025-10-23T12:00:00+00:00,109000.17025915481,TP,1.4999999999999867,0.27903407828853966,1.220965921711447,22,
XRP,RANGE_MEAN_REVERSION,LONG,28368,28369,2025-10-23T12:00:00+00:00,2025-10-23T12:15:00+00:00,2.3787,2.368350910994111,2.3942236335088327,0.010349089005888601,1.5,2025-10-23T13:15:00+00:00,2.3942236335088327,TP,1.5,0.3228348448404625,1.1771651551595375,4,
SOL,RANGE_MEAN_REVERSION,SHORT,28374,28375,2025-10-23T13:30:00+00:00,2025-10-23T13:45:00+00:00,190.88,193.28654597111586,187.2701810433262,2.406545971115861,1.5,2025-10-23T17:30:00+00:00,193.28654597111586,SL,-1.0,0.11174379604936055,-1.1117437960493606,15,
ADA,RANGE_MEAN_REVERSION,SHORT,28387,28388,2025-10-23T16:45:00+00:00,2025-10-23T17:00:00+00:00,0.6477,0.6518666864710926,0.6414499702933613,0.004166686471092529,1.5,2025-10-23T17:45:00+00:00,0.6518666864710926,SL,-1.0,0.21832616560929705,-1.218326165609297,3,
FET,RANGE_MEAN_REVERSION,SHORT,28434,28435,2025-10-24T04:30:00+00:00,2025-10-24T04:45:00+00:00,0.2624,0.264985945650661,0.25852108152400854,0.0025859456506610035,1.5,2025-10-24T04:45:00+00:00,0.264985945650661,SL,-1.0,0.1427602168905204,-1.1427602168905204,0,True
XRP,RANGE_MEAN_REVERSION,SHORT,28434,28435,2025-10-24T04:30:00+00:00,2025-10-24T04:45:00+00:00,2.4254,2.4364341360689568,2.4088487958965645,0.011034136068956979,1.5,2025-10-24T05:15:00+00:00,2.4364341360689568,SL,-1.0,0.30843229356423657,-1.3084322935642365,2,
ADA,RANGE_MEAN_REVERSION,SHORT,28435,28436,2025-10-24T04:45:00+00:00,2025-10-24T05:00:00+00:00,0.6509,0.654442394107335,0.6455864088389976,0.003542394107334923,1.5,2025-10-24T06:45:00+00:00,0.654442394107335,SL,-1.0,0.2579441045204808,-1.2579441045204809,7,
ETH,RANGE_MEAN_REVERSION,SHORT,28435,28436,2025-10-24T04:45:00+00:00,2025-10-24T05:00:00+00:00,3972.84,3989.762957400754,3947.455563898869,16.922957400754058,1.5,2025-10-24T07:30:00+00:00,3947.455563898869,TP,1.5,0.3276145394351799,1.17238546056482,10,
SUI,RANGE_MEAN_REVERSION,SHORT,28436,28437,2025-10-24T05:00:00+00:00,2025-10-24T05:15:00+00:00,2.4731,2.489862821162417,2.4479557682563744,0.01676282116241712,1.5,2025-10-24T08:00:00+00:00,2.4479557682563744,TP,1.5,0.20549876446231488,1.294501235537685,11,
XRP,RANGE_MEAN_REVERSION,SHORT,28453,28454,2025-10-24T09:15:00+00:00,2025-10-24T09:30:00+00:00,2.4592,2.467405683790438,2.4468914743143433,0.008205683790437845,1.5,2025-10-24T10:15:00+00:00,2.4468914743143433,TP,1.5,0.418522589917737,1.081477410082263,3,
DOGE,RANGE_MEAN_REVERSION,SHORT,28435,28436,2025-10-24T04:45:00+00:00,2025-10-24T05:00:00+00:00,0.19756,0.19864312048216382,0.1959353192767543,0.0010831204821638019,1.5,2025-10-24T11:30:00+00:00,0.1959353192767543,TP,1.5,0.25430848001641965,1.2456915199835803,26,
BTC,RANGE_MEAN_REVERSION,SHORT,28435,28436,2025-10-24T04:45:00+00:00,2025-10-24T05:00:00+00:00,111117.7,111683.16516902154,110269.50224646769,565.4651690215396,1.5,2025-10-24T12:30:00+00:00,111683.16516902154,SL,-1.0,0.2758093940395721,-1.275809394039572,30,
XRP,RANGE_MEAN_REVERSION,SHORT,28466,28467,2025-10-24T12:30:00+00:00,2025-10-24T12:45:00+00:00,2.4823,2.5083159849333487,2.443276022599977,0.02601598493334878,1.5,2025-10-24T13:30:00+00:00,2.5083159849333487,SL,-1.0,0.13428018191136268,-1.1342801819113626,3,
CRV,RANGE_MEAN_REVERSION,SHORT,28466,28467,2025-10-24T12:30:00+00:00,2025-10-24T12:45:00+00:00,0.545,0.5538845008523738,0.5316732487214393,0.0088845008523738,1.5,2025-10-24T14:15:00+00:00,0.5316732487214393,TP,1.5000000000000062,0.08482989496293857,1.4151701050370677,6,
LINK,RANGE_MEAN_REVERSION,SHORT,28466,28467,2025-10-24T12:30:00+00:00,2025-10-24T12:45:00+00:00,17.93,18.165633616622983,17.576549575065524,0.23563361662298377,1.5,2025-10-24T14:15:00+00:00,17.576549575065524,TP,1.5,0.10547979129104255,1.3945202087089574,6,
SUI,RANGE_MEAN_REVERSION,SHORT,28466,28467,2025-10-24T12:30:00+00:00,2025-10-24T12:45:00+00:00,2.5091,2.544830148928499,2.4555047766072517,0.035730148928498906,1.5,2025-10-24T14:15:00+00:00,2.4555047766072517,TP,1.5,0.09726305229176321,1.4027369477082368,6,
BNB,RANGE_MEAN_REVERSION,LONG,28473,28474,2025-10-24T14:15:00+00:00,2025-10-24T14:30:00+00:00,1108.02,1100.06623198335,1119.950652024975,7.953768016649974,1.5,2025-10-24T16:00:00+00:00,1100.06623198335,SL,-1.0,0.1943305813235621,-1.194330581323562,6,
UNI,RANGE_MEAN_REVERSION,LONG,28473,28474,2025-10-24T14:15:00+00:00,2025-10-24T14:30:00+00:00,6.216,6.174436507384886,6.278345238922672,0.04156349261511405,1.5,2025-10-24T16:00:00+00:00,6.174436507384886,SL,-1.0,0.20867605221452154,-1.2086760522145215,6,
BTC,RANGE_MEAN_REVERSION,SHORT,28541,28542,2025-10-25T07:15:00+00:00,2025-10-25T07:30:00+00:00,111587.9,111774.85699049228,111307.46451426158,186.95699049228278,1.5,2025-10-25T07:30:00+00:00,111774.85699049228,SL,-1.0,0.836309621168183,-1.836309621168183,0,True
FET,RANGE_MEAN_REVERSION,LONG,28538,28539,2025-10-25T06:30:00+00:00,2025-10-25T06:45:00+00:00,0.2579,0.25656546582028145,0.25990180126957785,0.0013345341797185717,1.5,2025-10-25T09:15:00+00:00,0.25656546582028145,SL,-1.0,0.2698513320581574,-1.2698513320581575,10,
XRP,RANGE_MEAN_REVERSION,SHORT,28568,28569,2025-10-25T14:00:00+00:00,2025-10-25T14:15:00+00:00,2.6013,2.6133932686391597,2.5831600970412607,0.012093268639159493,1.5,2025-10-25T14:30:00+00:00,2.6133932686391597,SL,-1.0,0.3018443893843008,-1.3018443893843008,1,
SUI,RANGE_MEAN_REVERSION,SHORT,28587,28588,2025-10-25T18:45:00+00:00,2025-10-25T19:00:00+00:00,2.5544,2.57107679887166,2.529384801692509,0.016676798871660292,1.5,2025-10-25T21:30:00+00:00,2.529384801692509,TP,1.5000000000000133,0.21338923546245708,1.2866107645375562,10,
XRP,RANGE_MEAN_REVERSION,SHORT,28588,28589,2025-10-25T19:00:00+00:00,2025-10-25T19:15:00+00:00,2.6338,2.6615079395294847,2.5922380907057727,0.027707939529484804,1.5,2025-10-25T21:45:00+00:00,2.5922380907057727,TP,1.5,0.13202810189480954,1.3679718981051905,10,
CRV,RANGE_MEAN_REVERSION,SHORT,28586,28587,2025-10-25T18:30:00+00:00,2025-10-25T18:45:00+00:00,0.535,0.5399206647089391,0.5276190029365915,0.004920664708939038,1.5,2025-10-26T02:45:00+00:00,0.5276190029365915,TP,1.5,0.15116520755912158,1.3488347924408783,32,
AVAX,RANGE_MEAN_REVERSION,LONG,28618,28619,2025-10-26T02:30:00+00:00,2025-10-26T02:45:00+00:00,19.439,19.373022160334692,19.537966759497962,0.06597783966530812,1.5,2025-10-26T02:45:00+00:00,19.373022160334692,SL,-1.0,0.41178091992787297,-1.411780919927873,0,True
LINK,RANGE_MEAN_REVERSION,LONG,28615,28616,2025-10-26T01:45:00+00:00,2025-10-26T02:00:00+00:00,17.823,17.724635714058486,17.97054642891227,0.09836428594151414,1.5,2025-10-26T03:15:00+00:00,17.724635714058486,SL,-1.0,0.2529713377336586,-1.2529713377336587,5,
UNI,RANGE_MEAN_REVERSION,LONG,28616,28617,2025-10-26T02:00:00+00:00,2025-10-26T02:15:00+00:00,6.179,6.151648328551969,6.2200275071720466,0.027351671448030856,1.5,2025-10-26T03:30:00+00:00,6.151648328551969,SL,-1.0,0.31557317608126606,-1.3155731760812661,5,
FET,RANGE_MEAN_REVERSION,SHORT,28632,28633,2025-10-26T06:00:00+00:00,2025-10-26T06:15:00+00:00,0.2616,0.263306966989441,0.2590395495158385,0.0017069669894410056,1.5,2025-10-26T06:30:00+00:00,0.263306966989441,SL,-1.0,0.21525599450106275,-1.2152559945010628,1,
CRV,RANGE_MEAN_REVERSION,SHORT,28641,28642,2025-10-26T08:15:00+00:00,2025-10-26T08:30:00+00:00,0.539,0.5413931171438713,0.5354103242841932,0.0023931171438712484,1.5,2025-10-26T08:45:00+00:00,0.5413931171438713,SL,-1.0,0.316020962006613,-1.316020962006613,1,
FET,RANGE_MEAN_REVERSION,SHORT,28644,28645,2025-10-26T09:00:00+00:00,2025-10-26T09:15:00+00:00,0.2683,0.27013737275483213,0.2655439408677518,0.001837372754832145,1.5,2025-10-26T09:15:00+00:00,0.27013737275483213,SL,-1.0,0.20513320442852387,-1.205133204428524,0,True
ADA,RANGE_MEAN_REVERSION,SHORT,28646,28647,2025-10-26T09:30:00+00:00,2025-10-26T09:45:00+00:00,0.6627,0.6667767859122828,0.6565848211315757,0.0040767859122828876,1.5,2025-10-26T11:30:00+00:00,0.6667767859122828,SL,-1.0,0.22827633585926244,-1.2282763358592623,7,
ETH,RANGE_MEAN_REVERSION,SHORT,28646,28647,2025-10-26T09:30:00+00:00,2025-10-26T09:45:00+00:00,3987.36,4015.1065876091507,3945.7401185862745,27.746587609150538,1.5,2025-10-26T11:30:00+00:00,4015.1065876091507,SL,-1.0,0.2018888481075422,-1.2018888481075423,7,
BTC,RANGE_MEAN_REVERSION,SHORT,28853,28854,2025-10-28T13:15:00+00:00,2025-10-28T13:30:00+00:00,115011.5,115283.29958113469,114603.80062829796,271.79958113469183,1.5,2025-10-28T13:45:00+00:00,115283.29958113469,SL,-1.0,0.5931074618798163,-1.5931074618798164,1,
FET,RANGE_MEAN_REVERSION,SHORT,28854,28855,2025-10-28T13:30:00+00:00,2025-10-28T13:45:00+00:00,0.2717,0.27325919959845907,0.2693612006023114,0.0015591995984590712,1.5,2025-10-28T13:45:00+00:00,0.27325919959845907,SL,-1.0,0.24465850305241402,-1.244658503052414,0,True
BTC,RANGE_MEAN_REVERSION,LONG,28901,28902,2025-10-29T01:15:00+00:00,2025-10-29T01:30:00+00:00,112162.6,111827.87374043933,112664.68938934102,334.7262595606735,1.5,2025-10-29T01:30:00+00:00,112664.68938934102,TP,1.5,0.4701725606443246,1.0298274393556754,0,True
SOL,RANGE_MEAN_REVERSION,SHORT,28941,28942,2025-10-29T11:15:00+00:00,2025-10-29T11:30:00+00:00,198.6,199.96702166710887,196.54946749933669,1.3670216671088724,1.5,2025-10-29T13:00:00+00:00,199.96702166710887,SL,-1.0,0.2040910703025136,-1.2040910703025136,6,
BNB,RANGE_MEAN_REVERSION,LONG,28960,28961,2025-10-29T16:00:00+00:00,2025-10-29T16:15:00+00:00,1095.81,1090.9725846606934,1103.0661230089597,4.837415339306517,1.5,2025-10-29T17:00:00+00:00,1103.0661230089597,TP,1.5,0.3181891936380494,1.1818108063619506,3,
ETH,RANGE_MEAN_REVERSION,LONG,28960,28961,2025-10-29T16:00:00+00:00,2025-10-29T16:15:00+00:00,3938.14,3911.373849980814,3978.2892250287787,26.766150019185716,1.5,2025-10-29T17:30:00+00:00,3978.2892250287787,TP,1.5000000000000084,0.20703390116053488,1.2929660988394736,5,
SOL,RANGE_MEAN_REVERSION,LONG,29041,29042,2025-10-30T12:15:00+00:00,2025-10-30T12:30:00+00:00,188.9,187.13777123545228,191.5433431468216,1.7622287645477286,1.5,2025-10-30T12:30:00+00:00,187.13777123545228,SL,-1.0,0.14937132179451912,-1.1493713217945192,0,True
XRP,RANGE_MEAN_REVERSION,LONG,29043,29044,2025-10-30T12:45:00+00:00,2025-10-30T13:00:00+00:00,2.4997,2.478491921910222,2.5315121171346666,0.02120807808977787,1.5,2025-10-30T13:15:00+00:00,2.478491921910222,SL,-1.0,0.16431165193685182,-1.1643116519368517,1,
BTC,RANGE_MEAN_REVERSION,LONG,29043,29044,2025-10-30T12:45:00+00:00,2025-10-30T13:00:00+00:00,108337.9,107937.2666883768,108938.8499674348,400.6333116231981,1.5,2025-10-30T13:30:00+00:00,107937.2666883768,SL,-1.0,0.37788324707320115,-1.3778832470732012,2,
ETH,RANGE_MEAN_REVERSION,LONG,29043,29044,2025-10-30T12:45:00+00:00,2025-10-30T13:00:00+00:00,3815.66,3779.025693655709,3870.6114595164363,36.63430634429096,1.5,2025-10-30T13:30:00+00:00,3779.025693655709,SL,-1.0,0.1451175282424169,-1.1451175282424169,2,
BTC,RANGE_MEAN_REVERSION,SHORT,29091,29092,2025-10-31T00:45:00+00:00,2025-10-31T01:00:00+00:00,109276.3,109865.52992264541,108392.4551160319,589.2299226454052,1.5,2025-10-31T01:00:00+00:00,109865.52992264541,SL,-1.0,0.26033857930559734,-1.2603385793055972,0,True
BNB,RANGE_MEAN_REVERSION,SHORT,29107,29108,2025-10-31T04:45:00+00:00,2025-10-31T05:00:00+00:00,1098.41,1103.3567283754955,1090.9899074367568,4.946728375495468,1.5,2025-10-31T06:00:00+00:00,1103.3567283754955,SL,-1.0,0.31156687670534877,-1.3115668767053488,4,
FET,RANGE_MEAN_REVERSION,LONG,29157,29158,2025-10-31T17:15:00+00:00,2025-10-31T17:30:00+00:00,0.2332,0.22986083619833594,0.23820874570249606,0.003339163801664047,1.5,2025-10-31T19:45:00+00:00,0.23820874570249606,TP,1.5,0.09882298131864664,1.4011770186813535,9,
FET,RANGE_MEAN_REVERSION,SHORT,29216,29217,2025-11-01T08:00:00+00:00,2025-11-01T08:15:00+00:00,0.2436,0.2459684836775737,0.24004727448363947,0.002368483677573696,1.5,2025-11-01T10:15:00+00:00,0.2459684836775737,SL,-1.0,0.14469085931188075,-1.1446908593118807,8,
BTC,RANGE_MEAN_REVERSION,SHORT,29299,29300,2025-11-02T04:45:00+00:00,2025-11-02T05:00:00+00:00,110624.8,110906.87080735274,110201.69378897091,282.07080735273485,1.5,2025-11-02T07:45:00+00:00,110906.87080735274,SL,-1.0,0.5497632705082673,-1.5497632705082673,11,
BNB,RANGE_MEAN_REVERSION,LONG,29322,29323,2025-11-02T10:30:00+00:00,2025-11-02T10:45:00+00:00,1082.3,1077.9932530038218,1088.760120494267,4.306746996178163,1.5,2025-11-02T16:00:00+00:00,1077.9932530038218,SL,-1.0,0.35112470698757475,-1.3511247069875747,21,
XRP,RANGE_MEAN_REVERSION,LONG,29918,29919,2025-11-08T15:30:00+00:00,2025-11-08T15:45:00+00:00,2.2461,2.231371881739226,2.2681921773911617,0.014728118260774359,1.5,2025-11-08T16:30:00+00:00,2.2681921773911617,TP,1.5,0.21455589018387408,1.285444109816126,3,
ADA,RANGE_MEAN_REVERSION,LONG,29963,29964,2025-11-09T02:45:00+00:00,2025-11-09T03:00:00+00:00,0.5524,0.5486117064294779,0.5580824403557831,0.0037882935705221277,1.5,2025-11-09T03:15:00+00:00,0.5486117064294779,SL,-1.0,0.20344468562250584,-1.2034446856225058,1,
AVAX,RANGE_MEAN_REVERSION,LONG,29963,29964,2025-11-09T02:45:00+00:00,2025-11-09T03:00:00+00:00,16.905,16.799276266957776,17.06358559956334,0.10572373304222538,1.5,2025-11-09T03:15:00+00:00,16.799276266957776,SL,-1.0,0.2231570216826108,-1.2231570216826109,1,
UNI,RANGE_MEAN_REVERSION,LONG,29963,29964,2025-11-09T02:45:00+00:00,2025-11-09T03:00:00+00:00,5.851,5.795427594974189,5.934358607538716,0.055572405025810845,1.5,2025-11-09T03:15:00+00:00,5.795427594974189,SL,-1.0,0.1467004948354398,-1.1467004948354398,1,
BTC,RANGE_MEAN_REVERSION,SHORT,30007,30008,2025-11-09T13:45:00+00:00,2025-11-09T14:00:00+00:00,102877.9,103114.27686163409,102523.33470754884,236.3768616340967,1.5,2025-11-09T14:00:00+00:00,103114.27686163409,SL,-1.0,0.610019622082774,-1.610019622082774,0,True
DOGE,RANGE_MEAN_REVERSION,SHORT,30051,30052,2025-11-10T00:45:00+00:00,2025-11-10T01:00:00+00:00,0.18234,0.18439351834523895,0.17925972248214156,0.0020535183452389527,1.5,2025-11-10T09:45:00+00:00,0.18439351834523895,SL,-1.0,0.12501152640630314,-1.1250115264063032,35,
UNI,RANGE_MEAN_REVERSION,SHORT,30087,30088,2025-11-10T09:45:00+00:00,2025-11-10T10:00:00+00:00,6.878,6.968094845385075,6.742857731922388,0.0900948453850745,1.5,2025-11-10T10:30:00+00:00,6.968094845385075,SL,-1.0,0.10757847855050777,-1.1075784785505078,2,
UNI,RANGE_MEAN_REVERSION,SHORT,30093,30094,2025-11-10T11:15:00+00:00,2025-11-10T11:30:00+00:00,7.085,7.170806389232787,6.95629041615082,0.08580638923278716,1.5,2025-11-10T11:30:00+00:00,7.170806389232787,SL,-1.0,0.11629745245881863,-1.1162974524588187,0,True
BNB,RANGE_MEAN_REVERSION,LONG,30108,30109,2025-11-10T15:00:00+00:00,2025-11-10T15:15:00+00:00,984.7,977.726728755805,995.1599068662927,6.973271244195075,1.5,2025-11-10T15:45:00+00:00,977.726728755805,SL,-1.0,0.19699487686967632,-1.1969948768696763,2,
FET,RANGE_MEAN_REVERSION,SHORT,30150,30151,2025-11-11T01:30:00+00:00,2025-11-11T01:45:00+00:00,0.3666,0.3799867939775875,0.3465198090336187,0.013386793977587519,1.5,2025-11-11T02:00:00+00:00,0.3799867939775875,SL,-1.0,0.039039276817083926,-1.039039276817084,1,
XRP,RANGE_MEAN_REVERSION,LONG,30167,30168,2025-11-11T05:45:00+00:00,2025-11-11T06:00:00+00:00,2.4751,2.4614980130125454,2.4955029804811817,0.013601986987454406,1.5,2025-11-11T06:00:00+00:00,2.4614980130125454,SL,-1.0,0.2540524860298735,-1.2540524860298734,0,True
ADA,RANGE_MEAN_REVERSION,LONG,30223,30224,2025-11-11T19:45:00+00:00,2025-11-11T20:00:00+00:00,0.5621,0.5579817677105996,0.5682773484341007,0.0041182322894004475,1.5,2025-11-11T20:45:00+00:00,0.5579817677105996,SL,-1.0,0.1903868413191347,-1.1903868413191347,3,
CRV,RANGE_MEAN_REVERSION,LONG,30226,30227,2025-11-11T20:30:00+00:00,2025-11-11T20:45:00+00:00,0.473,0.46747378487815416,0.4812893226827687,0.005526215121845812,1.5,2025-11-11T21:30:00+00:00,0.46747378487815416,SL,-1.0,0.11912884947461444,-1.1191288494746146,3,
LINK,RANGE_MEAN_REVERSION,LONG,30226,30227,2025-11-11T20:30:00+00:00,2025-11-11T20:45:00+00:00,15.446,15.320679709137252,15.63398043629412,0.12532029086274754,1.5,2025-11-11T21:30:00+00:00,15.320679709137252,SL,-1.0,0.17185306264556416,-1.171853062645564,3,
SOL,RANGE_MEAN_REVERSION,LONG,30238,30239,2025-11-11T23:30:00+00:00,2025-11-11T23:45:00+00:00,155.01,153.99604338989369,156.53093491515943,1.0139566101063053,1.5,2025-11-11T23:45:00+00:00,153.99604338989369,SL,-1.0,0.21332690986673264,-1.2133269098667325,0,True
FET,RANGE_MEAN_REVERSION,LONG,30226,30227,2025-11-11T20:30:00+00:00,2025-11-11T20:45:00+00:00,0.3327,0.32753830657607697,0.34044254013588454,0.0051616934239230305,1.5,2025-11-12T00:15:00+00:00,0.32753830657607697,SL,-1.0,0.08953782734581595,-1.0895378273458158,14,
FET,RANGE_MEAN_REVERSION,SHORT,30274,30275,2025-11-12T08:30:00+00:00,2025-11-12T08:45:00+00:00,0.3516,0.35670565773715684,0.3439415133942648,0.005105657737156821,1.5,2025-11-12T08:45:00+00:00,0.35670565773715684,SL,-1.0,0.09711069287071188,-1.097110692870712,0,True
ETH,RANGE_MEAN_REVERSION,SHORT,30281,30282,2025-11-12T10:15:00+00:00,2025-11-12T10:30:00+00:00,3508.18,3523.693424575223,3484.909863137165,15.513424575223326,1.5,2025-11-12T10:30:00+00:00,3523.693424575223,SL,-1.0,0.3172936686761051,-1.317293668676105,0,True
BTC,RANGE_MEAN_REVERSION,SHORT,30277,30278,2025-11-12T09:15:00+00:00,2025-11-12T09:30:00+00:00,104714.9,105243.1879291324,103922.46810630138,528.2879291324061,1.5,2025-11-12T12:15:00+00:00,105243.1879291324,SL,-1.0,0.2782018165581766,-1.2782018165581766,11,
SUI,RANGE_MEAN_REVERSION,SHORT,30295,30296,2025-11-12T13:45:00+00:00,2025-11-12T14:00:00+00:00,2.0895,2.1013734256476964,2.071689861528456,0.011873425647696223,1.5,2025-11-12T14:30:00+00:00,2.071689861528456,TP,1.5,0.24532371612863807,1.2546762838713619,2,
CRV,RANGE_MEAN_REVERSION,LONG,30303,30304,2025-11-12T15:45:00+00:00,2025-11-12T16:00:00+00:00,0.462,0.4532115270558413,0.47518270941623814,0.008788472944158743,1.5,2025-11-12T16:00:00+00:00,0.4532115270558413,SL,-1.0,0.07289640339222932,-1.0728964033922292,0,True
FET,RANGE_MEAN_REVERSION,LONG,30304,30305,2025-11-12T16:00:00+00:00,2025-11-12T16:15:00+00:00,0.3135,0.3075828754578279,0.3223756868132581,0.005917124542172081,1.5,2025-11-13T03:15:00+00:00,0.3075828754578279,SL,-1.0,0.07347454151453213,-1.0734745415145321,44,
CRV,RANGE_MEAN_REVERSION,SHORT,30360,30361,2025-11-13T06:00:00+00:00,2025-11-13T06:15:00+00:00,0.472,0.47721613553781905,0.46417579669327136,0.005216135537819078,1.5,2025-11-13T09:00:00+00:00,0.46417579669327136,TP,1.5,0.1256338246837979,1.3743661753162022,11,
BTC,RANGE_MEAN_REVERSION,LONG,30481,30482,2025-11-14T12:15:00+00:00,2025-11-14T12:30:00+00:00,95725.4,95158.49592358281,96575.75611462576,566.9040764171805,1.5,2025-11-14T12:30:00+00:00,95158.49592358281,SL,-1.0,0.23569900571358554,-1.2356990057135855,0,True
SUI,RANGE_MEAN_REVERSION,LONG,30482,30483,2025-11-14T12:30:00+00:00,2025-11-14T12:45:00+00:00,1.7492,1.7297412980252287,1.7783880529621572,0.019458701974771397,1.5,2025-11-14T12:45:00+00:00,1.7783880529621572,TP,1.5,0.126900121101347,1.373099878898653,0,True
FET,RANGE_MEAN_REVERSION,LONG,30450,30451,2025-11-14T04:30:00+00:00,2025-11-14T04:45:00+00:00,0.2774,0.2687027649959144,0.29044585250612837,0.00869723500408559,1.5,2025-11-14T23:00:00+00:00,0.2687027649959144,SL,-1.0,0.04395327196719014,-1.0439532719671902,73,
LINK,RANGE_MEAN_REVERSION,LONG,30450,30451,2025-11-14T04:30:00+00:00,2025-11-14T04:45:00+00:00,14.12,13.811911905045665,14.582132142431501,0.30808809495433387,1.5,2025-11-14T23:00:00+00:00,13.811911905045665,SL,-1.0,0.0634634659818001,-1.0634634659818,73,
FET,RANGE_MEAN_REVERSION,SHORT,30553,30554,2025-11-15T06:15:00+00:00,2025-11-15T06:30:00+00:00,0.2895,0.29294415459465933,0.2843337681080109,0.0034441545946593544,1.5,2025-11-15T06:30:00+00:00,0.29294415459465933,SL,-1.0,0.1183776445019264,-1.1183776445019264,0,True
FET,RANGE_MEAN_REVERSION,SHORT,30579,30580,2025-11-15T12:45:00+00:00,2025-11-15T13:00:00+00:00,0.2975,0.3026359079823754,0.2897961380264369,0.005135907982375398,1.5,2025-11-15T13:15:00+00:00,0.3026359079823754,SL,-1.0,0.08179568968705811,-1.0817956896870582,1,
UNI,RANGE_MEAN_REVERSION,SHORT,30647,30648,2025-11-16T05:45:00+00:00,2025-11-16T06:00:00+00:00,7.707,7.787736561578439,7.585895157632342,0.08073656157843878,1.5,2025-11-16T06:00:00+00:00,7.787736561578439,SL,-1.0,0.13434205496313192,-1.134342054963132,0,True
FET,RANGE_MEAN_REVERSION,LONG,30670,30671,2025-11-16T11:30:00+00:00,2025-11-16T11:45:00+00:00,0.2781,0.2752290691665485,0.28240639625017727,0.0028709308334515238,1.5,2025-11-16T14:15:00+00:00,0.2752290691665485,SL,-1.0,0.13491455241745517,-1.134914552417455,10,
FET,RANGE_MEAN_REVERSION,LONG,30691,30692,2025-11-16T16:45:00+00:00,2025-11-16T17:00:00+00:00,0.2693,0.2662169019972538,0.2739246470041193,0.0030830980027461985,1.5,2025-11-16T17:30:00+00:00,0.2662169019972538,SL,-1.0,0.12158609005103896,-1.121586090051039,2,
FET,RANGE_MEAN_REVERSION,LONG,30775,30776,2025-11-17T13:45:00+00:00,2025-11-17T14:00:00+00:00,0.2713,0.2665576014470276,0.2784135978294585,0.004742398552972371,1.5,2025-11-17T14:30:00+00:00,0.2784135978294585,TP,1.4999999999999942,0.08114027410021074,1.4188597258997835,2,
FET,RANGE_MEAN_REVERSION,SHORT,30851,30852,2025-11-18T08:45:00+00:00,2025-11-18T09:00:00+00:00,0.282,0.2856232242634077,0.27656516360488836,0.0036232242634077205,1.5,2025-11-18T09:30:00+00:00,0.27656516360488836,TP,1.5000000000000075,0.10791372161867838,1.3920862783813293,2,
UNI,RANGE_MEAN_REVERSION,SHORT,30881,30882,2025-11-18T16:15:00+00:00,2025-11-18T16:30:00+00:00,7.714,7.822953201979165,7.550570197031254,0.10895320197916458,1.5,2025-11-18T19:30:00+00:00,7.550570197031254,TP,1.499999999999996,0.09807145585280952,1.4019285441471865,12,
UNI,RANGE_MEAN_REVERSION,LONG,30970,30971,2025-11-19T14:30:00+00:00,2025-11-19T14:45:00+00:00,7.082,7.003042833095793,7.20043575035631,0.07895716690420684,1.5,2025-11-19T15:15:00+00:00,7.003042833095793,SL,-1.0,0.12487188142311295,-1.124871881423113,2,
CRV,RANGE_MEAN_REVERSION,SHORT,31042,31043,2025-11-20T08:30:00+00:00,2025-11-20T08:45:00+00:00,0.446,0.44914429813238427,0.4412835528014236,0.00314429813238426,1.5,2025-11-20T09:45:00+00:00,0.4412835528014236,TP,1.5,0.19753167823498646,1.3024683217650135,4,
UNI,RANGE_MEAN_REVERSION,LONG,31133,31134,2025-11-21T07:15:00+00:00,2025-11-21T07:30:00+00:00,6.423,6.3420721325885365,6.544391801117195,0.08092786741146352,1.5,2025-11-21T07:30:00+00:00,6.3420721325885365,SL,-1.0,0.11041376448709243,-1.1104137644870924,0,True
FET,RANGE_MEAN_REVERSION,LONG,31237,31238,2025-11-22T09:15:00+00:00,2025-11-22T09:30:00+00:00,0.2717,0.26817323371041296,0.27699014943438055,0.0035267662895870355,1.5,2025-11-22T10:30:00+00:00,0.26817323371041296,SL,-1.0,0.1071551763191942,-1.1071551763191942,4,
FET,RANGE_MEAN_REVERSION,SHORT,31296,31297,2025-11-23T00:00:00+00:00,2025-11-23T00:15:00+00:00,0.2817,0.285673991485758,0.27573901277136303,0.003973991485757999,1.5,2025-11-23T02:15:00+00:00,0.285673991485758,SL,-1.0,0.09994027301351299,-1.099940273013513,8,
UNI,RANGE_MEAN_REVERSION,SHORT,31291,31292,2025-11-22T22:45:00+00:00,2025-11-22T23:00:00+00:00,6.245,6.381268130217852,6.040597804673222,0.1362681302178519,1.5,2025-11-23T23:00:00+00:00,6.189,TIME,0.4109544903160617,0.06387260165737384,0.34708188865868783,96,
FET,RANGE_MEAN_REVERSION,LONG,31392,31393,2025-11-24T00:00:00+00:00,2025-11-24T00:15:00+00:00,0.2726,0.26857149274712067,0.27864276087931905,0.004028507252879343,1.5,2025-11-24T02:00:00+00:00,0.27864276087931905,TP,1.5000000000000069,0.09578484247228945,1.4042151575277175,7,
ETH,RANGE_MEAN_REVERSION,LONG,31524,31525,2025-11-25T09:00:00+00:00,2025-11-25T09:15:00+00:00,2868.58,2856.3995150246724,2886.850727462991,12.180484975327545,1.5,2025-11-25T09:30:00+00:00,2886.850727462991,TP,1.4999999999999813,0.33075871095319465,1.1692412890467867,1,
BNB,RANGE_MEAN_REVERSION,LONG,31525,31526,2025-11-25T09:15:00+00:00,2025-11-25T09:30:00+00:00,847.9,844.7939801788677,852.5590297316983,3.106019821132236,1.5,2025-11-25T09:45:00+00:00,852.5590297316983,TP,1.4999999999999818,0.3832304329527046,1.1167695670472773,1,
FET,RANGE_MEAN_REVERSION,LONG,31544,31545,2025-11-25T14:00:00+00:00,2025-11-25T14:15:00+00:00,0.2675,0.26495090597954984,0.2713236410306753,0.002549094020450171,1.5,2025-11-25T14:30:00+00:00,0.26495090597954984,SL,-1.0,0.14621494193449294,-1.146214941934493,1,
UNI,RANGE_MEAN_REVERSION,LONG,31547,31548,2025-11-25T14:45:00+00:00,2025-11-25T15:00:00+00:00,5.959,5.881012359972656,6.075981460041015,0.07798764002734337,1.5,2025-11-25T15:00:00+00:00,5.881012359972656,SL,-1.0,0.10627336138232914,-1.1062733613823292,0,True
BNB,RANGE_MEAN_REVERSION,LONG,31547,31548,2025-11-25T14:45:00+00:00,2025-11-25T15:00:00+00:00,842.28,835.0374489306963,853.1438266039554,7.2425510693036586,1.5,2025-11-25T16:15:00+00:00,853.1438266039554,TP,1.4999999999999922,0.16386445428777272,1.3361355457122195,5,
FET,RANGE_MEAN_REVERSION,LONG,31624,31625,2025-11-26T10:00:00+00:00,2025-11-26T10:15:00+00:00,0.2653,0.262787945863727,0.26906808120440945,0.0025120541362729787,1.5,2025-11-26T11:00:00+00:00,0.262787945863727,SL,-1.0,0.147155093820175,-1.1471550938201749,3,
UNI,RANGE_MEAN_REVERSION,LONG,31623,31624,2025-11-26T09:45:00+00:00,2025-11-26T10:00:00+00:00,6.088,6.056522263807623,6.135216604288566,0.03147773619237704,1.5,2025-11-26T12:00:00+00:00,6.056522263807623,SL,-1.0,0.2700691540430427,-1.2700691540430427,8,
LINK,RANGE_MEAN_REVERSION,SHORT,31655,31656,2025-11-26T17:45:00+00:00,2025-11-26T18:00:00+00:00,13.364,13.470619997237465,13.204070004143805,0.1066199972374644,1.5,2025-11-26T18:15:00+00:00,13.470619997237465,SL,-1.0,0.17617927672826628,-1.1761792767282664,1,
XRP,RANGE_MEAN_REVERSION,SHORT,31655,31656,2025-11-26T17:45:00+00:00,2025-11-26T18:00:00+00:00,2.2334,2.2482772321515667,2.21108415177265,0.014877232151566666,1.5,2025-11-26T18:15:00+00:00,2.2482772321515667,SL,-1.0,0.2108708145806364,-1.2108708145806364,1,
SUI,RANGE_MEAN_REVERSION,SHORT,31657,31658,2025-11-26T18:15:00+00:00,2025-11-26T18:30:00+00:00,1.5486,1.5630147806952503,1.5269778289571243,0.014414780695250373,1.5,2025-11-26T21:45:00+00:00,1.5630147806952503,SL,-1.0,0.15110395312530578,-1.1511039531253058,13,
BTC,RANGE_MEAN_REVERSION,SHORT,31688,31689,2025-11-27T02:00:00+00:00,2025-11-27T02:15:00+00:00,90984.3,91412.53052866389,90341.95420700416,428.2305286638875,1.5,2025-11-27T02:15:00+00:00,91412.53052866389,SL,-1.0,0.2981519831582986,-1.2981519831582986,0,True
BNB,RANGE_MEAN_REVERSION,SHORT,31690,31691,2025-11-27T02:30:00+00:00,2025-11-27T02:45:00+00:00,903.12,907.4210814046157,896.6683778930765,4.301081404615729,1.5,2025-11-27T03:00:00+00:00,896.6683778930765,TP,1.4999999999999867,0.29291514063722124,1.2070848593627654,1,
XRP,RANGE_MEAN_REVERSION,LONG,31731,31732,2025-11-27T12:45:00+00:00,2025-11-27T13:00:00+00:00,2.1736,2.1667938691098065,2.1838091963352904,0.00680613089019344,1.5,2025-11-27T14:15:00+00:00,2.1838091963352904,TP,1.5000000000000326,0.44815277382184054,1.0518472261781922,5,
SUI,RANGE_MEAN_REVERSION,SHORT,31745,31746,2025-11-27T16:15:00+00:00,2025-11-27T16:30:00+00:00,1.5616,1.5755007654513566,1.5407488518229653,0.013900765451356545,1.5,2025-11-27T16:30:00+00:00,1.5755007654513566,SL,-1.0,0.15797479235948475,-1.1579747923594848,0,True
CRV,RANGE_MEAN_REVERSION,SHORT,31745,31746,2025-11-27T16:15:00+00:00,2025-11-27T16:30:00+00:00,0.441,0.4449026292021901,0.43514605619671487,0.003902629202190089,1.5,2025-11-27T17:00:00+00:00,0.4449026292021901,SL,-1.0,0.15890104037901567,-1.1589010403790156,2,
AVAX,RANGE_MEAN_REVERSION,SHORT,31745,31746,2025-11-27T16:15:00+00:00,2025-11-27T16:30:00+00:00,15.109,15.186062910123763,14.993405634814355,0.07706291012376276,1.5,2025-11-27T19:45:00+00:00,14.993405634814355,TP,1.5000000000000115,0.27343483279477765,1.226565167205234,13,
FET,RANGE_MEAN_REVERSION,LONG,31772,31773,2025-11-27T23:00:00+00:00,2025-11-27T23:15:00+00:00,0.2626,0.25911419935081975,0.2678287009737704,0.0034858006491802485,1.5,2025-11-28T01:00:00+00:00,0.25911419935081975,SL,-1.0,0.1047678786884894,-1.1047678786884894,7,
ADA,RANGE_MEAN_REVERSION,LONG,31781,31782,2025-11-28T01:15:00+00:00,2025-11-28T01:30:00+00:00,0.4254,0.4224906858403112,0.42976397123953325,0.002909314159688814,1.5,2025-11-28T01:45:00+00:00,0.4224906858403112,SL,-1.0,0.20400804021512148,-1.2040080402151214,1,
SOL,RANGE_MEAN_REVERSION,LONG,31781,31782,2025-11-28T01:15:00+00:00,2025-11-28T01:30:00+00:00,139.51,138.77011942413708,140.61982086379436,0.7398805758629123,1.5,2025-11-28T01:45:00+00:00,138.77011942413708,SL,-1.0,0.2632804400490012,-1.2632804400490012,1,
XRP,RANGE_MEAN_REVERSION,LONG,31783,31784,2025-11-28T01:45:00+00:00,2025-11-28T02:00:00+00:00,2.1712,2.1583170054941303,2.1905244917588043,0.012882994505869494,1.5,2025-11-28T04:15:00+00:00,2.1905244917588043,TP,1.5000000000000173,0.23699514447825942,1.263004855521758,9,
UNI,RANGE_MEAN_REVERSION,SHORT,31812,31813,2025-11-28T09:00:00+00:00,2025-11-28T09:15:00+00:00,6.279,6.328704896577709,6.204442655133436,0.04970489657770916,1.5,2025-11-28T11:00:00+00:00,6.204442655133436,TP,1.5000000000000089,0.17580581512591387,1.324194184874095,7,
ETH,RANGE_MEAN_REVERSION,SHORT,31811,31812,2025-11-28T08:45:00+00:00,2025-11-28T09:00:00+00:00,3063.61,3089.208508016463,3025.212237975306,25.5985080164628,1.5,2025-11-28T11:15:00+00:00,3025.212237975306,TP,1.5,0.16650093684528966,1.3334990631547103,9,
BTC,RANGE_MEAN_REVERSION,SHORT,31831,31832,2025-11-28T13:45:00+00:00,2025-11-28T14:00:00+00:00,92329.2,92871.13651590237,91516.29522614644,541.9365159023728,1.5,2025-11-28T14:15:00+00:00,92871.13651590237,SL,-1.0,0.23921664578233687,-1.2392166457823368,1,
FET,RANGE_MEAN_REVERSION,SHORT,31891,31892,2025-11-29T04:45:00+00:00,2025-11-29T05:00:00+00:00,0.2761,0.2784480503114825,0.2725779245327763,0.002348050311482497,1.5,2025-11-29T06:15:00+00:00,0.2725779245327763,TP,1.4999999999999882,0.16357168553617957,1.3364283144638087,5,
AVAX,RANGE_MEAN_REVERSION,LONG,31903,31904,2025-11-29T07:45:00+00:00,2025-11-29T08:00:00+00:00,14.669,14.62985439348996,14.72771840976506,0.039145606510039954,1.5,2025-11-29T08:00:00+00:00,14.62985439348996,SL,-1.0,0.5239208152307675,-1.5239208152307675,0,True
CRV,RANGE_MEAN_REVERSION,SHORT,31920,31921,2025-11-29T12:00:00+00:00,2025-11-29T12:15:00+00:00,0.431,0.43451410470232754,0.4257288429465087,0.0035141047023275473,1.5,2025-11-29T13:30:00+00:00,0.4257288429465087,TP,1.499999999999992,0.17065803123775494,1.329341968762237,5,
UNI,RANGE_MEAN_REVERSION,LONG,31944,31945,2025-11-29T18:00:00+00:00,2025-11-29T18:15:00+00:00,6.008,5.957510818776769,6.083733771834846,0.05048918122323087,1.5,2025-11-30T01:00:00+00:00,6.083733771834846,TP,1.5,0.16764410583053532,1.3323558941694646,27,
AVAX,RANGE_MEAN_REVERSION,LONG,31989,31990,2025-11-30T05:15:00+00:00,2025-11-30T05:30:00+00:00,14.054,14.00196591088868,14.13205113366698,0.052034089111320014,1.5,2025-11-30T06:00:00+00:00,14.00196591088868,SL,-1.0,0.37742903686863183,-1.377429036868632,2,
FET,RANGE_MEAN_REVERSION,LONG,31981,31982,2025-11-30T03:15:00+00:00,2025-11-30T03:30:00+00:00,0.2553,0.2529225126509045,0.25886623102364337,0.0023774873490955417,1.5,2025-11-30T08:15:00+00:00,0.25886623102364337,TP,1.5000000000000118,0.1513851848059137,1.348614815194098,19,
SUI,RANGE_MEAN_REVERSION,SHORT,32001,32002,2025-11-30T08:15:00+00:00,2025-11-30T08:30:00+00:00,1.5299,1.5448467771692407,1.507479834246139,0.014946777169240644,1.5,2025-11-30T09:45:00+00:00,1.5448467771692407,SL,-1.0,0.1439991189838428,-1.1439991189838428,5,
XRP,RANGE_MEAN_REVERSION,SHORT,31920,31921,2025-11-29T12:00:00+00:00,2025-11-29T12:15:00+00:00,2.2094,2.2285608085424267,2.18065878718636,0.019160808542426633,1.5,2025-11-30T11:30:00+00:00,2.18065878718636,TP,1.5000000000000115,0.16038160102826562,1.3396183989717458,93,
BTC,RANGE_MEAN_REVERSION,SHORT,32005,32006,2025-11-30T09:15:00+00:00,2025-11-30T09:30:00+00:00,91360.5,91704.74221162965,90844.13668255552,344.24221162965114,1.5,2025-11-30T13:15:00+00:00,91704.74221162965,SL,-1.0,0.3722543756080812,-1.3722543756080812,15,
ETH,RANGE_MEAN_REVERSION,SHORT,32019,32020,2025-11-30T12:45:00+00:00,2025-11-30T13:00:00+00:00,3024.59,3037.7791215792654,3004.8063176311025,13.189121579265247,1.5,2025-11-30T13:15:00+00:00,3037.7791215792654,SL,-1.0,0.32175443676074567,-1.3217544367607457,1,
BNB,RANGE_MEAN_REVERSION,SHORT,32020,32021,2025-11-30T13:00:00+00:00,2025-11-30T13:15:00+00:00,884.79,887.3357492879165,880.9713760681251,2.5457492879165784,1.5,2025-11-30T13:15:00+00:00,887.3357492879165,SL,-1.0,0.4872781582968634,-1.4872781582968635,0,True
SOL,RANGE_MEAN_REVERSION,SHORT,32020,32021,2025-11-30T13:00:00+00:00,2025-11-30T13:15:00+00:00,137.55,138.02095862334104,136.84356206498848,0.47095862334103344,1.5,2025-11-30T13:15:00+00:00,138.02095862334104,SL,-1.0,0.4095894235206626,-1.4095894235206625,0,True
SOL,RANGE_MEAN_REVERSION,SHORT,32024,32025,2025-11-30T14:00:00+00:00,2025-11-30T14:15:00+00:00,139.31,140.5054408642556,137.5168387036166,1.1954408642556018,1.5,2025-11-30T15:00:00+00:00,137.5168387036166,TP,1.5,0.1620981789117584,1.3379018210882416,3,
ADA,RANGE_MEAN_REVERSION,SHORT,32022,32023,2025-11-30T13:30:00+00:00,2025-11-30T13:45:00+00:00,0.4246,0.42716010288771833,0.42075984566842245,0.002560102887718352,1.5,2025-11-30T15:15:00+00:00,0.42075984566842245,TP,1.5,0.2311437930118834,1.2688562069881166,6,
SUI,RANGE_MEAN_REVERSION,LONG,32111,32112,2025-12-01T11:45:00+00:00,2025-12-01T12:00:00+00:00,1.3496,1.3418407182910448,1.3612389225634325,0.007759281708955124,1.5,2025-12-01T12:30:00+00:00,1.3418407182910448,SL,-1.0,0.2428070758958737,-1.2428070758958736,2,
ADA,RANGE_MEAN_REVERSION,LONG,32113,32114,2025-12-01T12:15:00+00:00,2025-12-01T12:30:00+00:00,0.3795,0.3777534665416933,0.38211980018746006,0.0017465334583067205,1.5,2025-12-01T12:30:00+00:00,0.3777534665416933,SL,-1.0,0.30350258911907707,-1.303502589119077,0,True
BNB,RANGE_MEAN_REVERSION,SHORT,32206,32207,2025-12-02T11:30:00+00:00,2025-12-02T11:45:00+00:00,843.66,846.6783912328007,839.1324131507989,3.0183912328006954,1.5,2025-12-02T14:00:00+00:00,846.6783912328007,SL,-1.0,0.39200911432712526,-1.3920091143271254,9,
SOL,RANGE_MEAN_REVERSION,SHORT,32213,32214,2025-12-02T13:15:00+00:00,2025-12-02T13:30:00+00:00,130.48,131.4005224531206,129.09921632031907,0.9205224531206113,1.5,2025-12-02T14:15:00+00:00,131.4005224531206,SL,-1.0,0.19914382869829403,-1.199143828698294,3,
ETH,RANGE_MEAN_REVERSION,SHORT,32216,32217,2025-12-02T14:00:00+00:00,2025-12-02T14:15:00+00:00,2855.56,2873.624198195003,2828.4637027074955,18.064198195002973,1.5,2025-12-02T14:30:00+00:00,2873.624198195003,SL,-1.0,0.22200979503457235,-1.2220097950345723,1,
DOGE,RANGE_MEAN_REVERSION,SHORT,32217,32218,2025-12-02T14:15:00+00:00,2025-12-02T14:30:00+00:00,0.13889,0.13965663944752396,0.1377400408287141,0.000766639447523948,1.5,2025-12-02T14:30:00+00:00,0.13965663944752396,SL,-1.0,0.25433422222533886,-1.2543342222253389,0,True
BNB,RANGE_MEAN_REVERSION,SHORT,32265,32266,2025-12-03T02:15:00+00:00,2025-12-03T02:30:00+00:00,888.15,892.2262119032595,882.0356821451107,4.076211903259491,1.5,2025-12-03T04:15:00+00:00,892.2262119032595,SL,-1.0,0.30574056940850475,-1.3057405694085047,7,
BTC,RANGE_MEAN_REVERSION,SHORT,32265,32266,2025-12-03T02:15:00+00:00,2025-12-03T02:30:00+00:00,92761.1,93278.8103198725,91984.53452019126,517.7103198724944,1.5,2025-12-03T04:15:00+00:00,93278.8103198725,SL,-1.0,0.25154595576921135,-1.2515459557692115,7,
ETH,RANGE_MEAN_REVERSION,SHORT,32265,32266,2025-12-03T02:15:00+00:00,2025-12-03T02:30:00+00:00,3040.25,3057.800055518146,3013.924916722781,17.55005551814611,1.5,2025-12-03T04:15:00+00:00,3057.800055518146,SL,-1.0,0.243226298312794,-1.243226298312794,7,
DOGE,RANGE_MEAN_REVERSION,SHORT,32276,32277,2025-12-03T05:00:00+00:00,2025-12-03T05:15:00+00:00,0.14973,0.15090418553537752,0.14796872169693373,0.0011741855353775144,1.5,2025-12-03T06:00:00+00:00,0.15090418553537752,SL,-1.0,0.17922544907445492,-1.179225449074455,3,
BNB,RANGE_MEAN_REVERSION,SHORT,32280,32281,2025-12-03T06:00:00+00:00,2025-12-03T06:15:00+00:00,904.38,908.3534762044738,898.4197856932892,3.9734762044738545,1.5,2025-12-03T06:15:00+00:00,908.3534762044738,SL,-1.0,0.3193459248389168,-1.3193459248389168,0,True
XRP,RANGE_MEAN_REVERSION,SHORT,32276,32277,2025-12-03T05:00:00+00:00,2025-12-03T05:15:00+00:00,2.2084,2.225724642744448,2.1824130358833287,0.017324642744447782,1.5,2025-12-03T09:00:00+00:00,2.1824130358833287,TP,1.4999999999999871,0.1774102456515792,1.322589754348408,15,
ADA,RANGE_MEAN_REVERSION,SHORT,32281,32282,2025-12-03T06:15:00+00:00,2025-12-03T06:30:00+00:00,0.4457,0.4488708074118459,0.4409437888822312,0.0031708074118458884,1.5,2025-12-03T09:30:00+00:00,0.4409437888822312,TP,1.4999999999999913,0.19573899376507684,1.3042610062349145,12,
ADA,RANGE_MEAN_REVERSION,LONG,32312,32313,2025-12-03T14:00:00+00:00,2025-12-03T14:15:00+00:00,0.4292,0.4243602599227309,0.43645961011590373,0.004839740077269117,1.5,2025-12-03T14:30:00+00:00,0.43645961011590373,TP,1.5000000000000058,0.1252054278549302,1.3747945721450756,1,
CRV,RANGE_MEAN_REVERSION,SHORT,32344,32345,2025-12-03T22:00:00+00:00,2025-12-03T22:15:00+00:00,0.409,0.4138336808516898,0.40174947872246525,0.004833680851689837,1.5,2025-12-03T22:15:00+00:00,0.4138336808516898,SL,-1.0,0.11916044816960168,-1.1191604481696016,0,True
XRP,RANGE_MEAN_REVERSION,LONG,32398,32399,2025-12-04T11:30:00+00:00,2025-12-04T11:45:00+00:00,2.1447,2.1366723499572298,2.156741475064155,0.008027650042770063,1.5,2025-12-04T12:15:00+00:00,2.1366723499572298,SL,-1.0,0.37332975765046106,-1.373329757650461,2,
SUI,RANGE_MEAN_REVERSION,LONG,32407,32408,2025-12-04T13:45:00+00:00,2025-12-04T14:00:00+00:00,1.6459,1.6346878836056928,1.6627181745914605,0.011212116394307081,1.5,2025-12-04T14:15:00+00:00,1.6627181745914605,TP,1.5,0.2065651693903197,1.2934348306096803,1,
AVAX,RANGE_MEAN_REVERSION,LONG,32425,32426,2025-12-04T18:15:00+00:00,2025-12-04T18:30:00+00:00,14.532,14.450001460778717,14.654997808831926,0.0819985392212832,1.5,2025-12-04T19:00:00+00:00,14.450001460778717,SL,-1.0,0.24741173702859565,-1.2474117370285955,2,
SUI,RANGE_MEAN_REVERSION,LONG,32429,32430,2025-12-04T19:15:00+00:00,2025-12-04T19:30:00+00:00,1.6225,1.6011157384442833,1.654576392333575,0.02138426155571671,1.5,2025-12-04T20:45:00+00:00,1.654576392333575,TP,1.499999999999995,0.10727298058231306,1.3927270194176817,5,
AVAX,RANGE_MEAN_REVERSION,LONG,32482,32483,2025-12-05T08:30:00+00:00,2025-12-05T08:45:00+00:00,14.195,14.091025738037926,14.350961392943113,0.10397426196207427,1.5,2025-12-05T09:15:00+00:00,14.091025738037926,SL,-1.0,0.19043384048110765,-1.1904338404811077,2,
ETH,RANGE_MEAN_REVERSION,LONG,32486,32487,2025-12-05T09:30:00+00:00,2025-12-05T09:45:00+00:00,3112.61,3097.026337105927,3135.98549434111,15.583662894073314,1.5,2025-12-05T10:00:00+00:00,3135.98549434111,TP,1.5,0.2806796371154998,1.2193203628845002,1,
SUI,RANGE_MEAN_REVERSION,LONG,32486,32487,2025-12-05T09:30:00+00:00,2025-12-05T09:45:00+00:00,1.6097,1.5999376439470516,1.6243435340794223,0.009762356052948284,1.5,2025-12-05T10:00:00+00:00,1.6243435340794223,TP,1.5,0.23189386471638743,1.2681061352836125,1,
DOGE,RANGE_MEAN_REVERSION,LONG,32486,32487,2025-12-05T09:30:00+00:00,2025-12-05T09:45:00+00:00,0.14429,0.14369003503510497,0.14518994744734254,0.0005999649648950334,1.5,2025-12-05T10:15:00+00:00,0.14518994744734254,TP,1.499999999999977,0.33774632698526297,1.162253673014714,2,
UNI,RANGE_MEAN_REVERSION,LONG,32487,32488,2025-12-05T09:45:00+00:00,2025-12-05T10:00:00+00:00,5.809,5.778768838785896,5.854346741821156,0.030231161214103963,1.5,2025-12-05T10:15:00+00:00,5.854346741821156,TP,1.5,0.27006381466636614,1.229936185333634,1,
BNB,RANGE_MEAN_REVERSION,LONG,32486,32487,2025-12-05T09:30:00+00:00,2025-12-05T09:45:00+00:00,891.79,888.7035302432209,896.4197046351685,3.0864697567790245,1.5,2025-12-05T10:30:00+00:00,896.4197046351685,TP,1.5,0.40555939046391787,1.0944406095360821,3,
ADA,RANGE_MEAN_REVERSION,LONG,32486,32487,2025-12-05T09:30:00+00:00,2025-12-05T09:45:00+00:00,0.4307,0.42798558928291813,0.43477161607562287,0.0027144107170818943,1.5,2025-12-05T11:30:00+00:00,0.42798558928291813,SL,-1.0,0.22144029594173903,-1.221440295941739,7,
BTC,RANGE_MEAN_REVERSION,LONG,32487,32488,2025-12-05T09:45:00+00:00,2025-12-05T10:00:00+00:00,91086.4,90778.20017646236,91548.69973530645,308.1998235376377,1.5,2025-12-05T13:15:00+00:00,90778.20017646236,SL,-1.0,0.4130606522166843,-1.4130606522166844,13,
DOGE,RANGE_MEAN_REVERSION,LONG,32503,32504,2025-12-05T13:45:00+00:00,2025-12-05T14:00:00+00:00,0.14309,0.14240912489521929,0.14411131265717106,0.0006808751047807093,1.5,2025-12-05T14:30:00+00:00,0.14240912489521929,SL,-1.0,0.2935184236043104,-1.2935184236043105,2,
LINK,RANGE_MEAN_REVERSION,LONG,32503,32504,2025-12-05T13:45:00+00:00,2025-12-05T14:00:00+00:00,13.852,13.761839099951516,13.987241350072727,0.09016090004848465,1.5,2025-12-05T14:30:00+00:00,13.761839099951516,SL,-1.0,0.21439102049304506,-1.214391020493045,2,
ADA,RANGE_MEAN_REVERSION,LONG,32504,32505,2025-12-05T14:00:00+00:00,2025-12-05T14:15:00+00:00,0.4261,0.4240233765944801,0.4292149351082798,0.002076623405519895,1.5,2025-12-05T14:30:00+00:00,0.4240233765944801,SL,-1.0,0.2865644112622108,-1.2865644112622108,1,
BNB,RANGE_MEAN_REVERSION,LONG,32503,32504,2025-12-05T13:45:00+00:00,2025-12-05T14:00:00+00:00,887.12,883.1440356152968,893.0839465770548,3.975964384703161,1.5,2025-12-05T15:00:00+00:00,893.0839465770548,TP,1.5000000000000142,0.31341899525012307,1.186581004749891,4,
BTC,RANGE_MEAN_REVERSION,LONG,32506,32507,2025-12-05T14:30:00+00:00,2025-12-05T14:45:00+00:00,90168.1,89643.66269285715,90954.75596071429,524.4373071428563,1.5,2025-12-05T15:00:00+00:00,90954.75596071429,TP,1.5,0.24175625464792422,1.2582437453520758,1,
SOL,RANGE_MEAN_REVERSION,LONG,32507,32508,2025-12-05T14:45:00+00:00,2025-12-05T15:00:00+00:00,134.66,133.82765814104334,135.90851278843496,0.8323418589566529,1.5,2025-12-05T15:00:00+00:00,135.90851278843496,TP,1.499999999999983,0.22754828068999958,1.2724517193099834,0,True
SUI,RANGE_MEAN_REVERSION,LONG,32576,32577,2025-12-06T08:00:00+00:00,2025-12-06T08:15:00+00:00,1.5188,1.5115045513927434,1.5297431729108846,0.007295448607256505,1.5,2025-12-06T08:30:00+00:00,1.5115045513927434,SL,-1.0,0.2907584303815163,-1.2907584303815163,1,
BNB,RANGE_MEAN_REVERSION,SHORT,32603,32604,2025-12-06T14:45:00+00:00,2025-12-06T15:00:00+00:00,894.94,899.278536465829,888.4321953012566,4.338536465828952,1.5,2025-12-06T19:00:00+00:00,888.4321953012566,TP,1.500000000000013,0.2877377075295272,1.212262292470486,16,
BTC,RANGE_MEAN_REVERSION,LONG,32637,32638,2025-12-06T23:15:00+00:00,2025-12-06T23:30:00+00:00,88983.7,88749.71358304785,89334.67962542822,233.9864169521461,1.5,2025-12-07T00:00:00+00:00,89334.67962542822,TP,1.500000000000031,0.5334620161448431,0.966537983855188,2,
SOL,RANGE_MEAN_REVERSION,SHORT,32771,32772,2025-12-08T08:45:00+00:00,2025-12-08T09:00:00+00:00,136.65,137.30309765230956,135.67035352153567,0.6530976523095546,1.5,2025-12-08T09:00:00+00:00,137.30309765230956,SL,-1.0,0.29362709799747233,-1.2936270979974722,0,True
LINK,RANGE_MEAN_REVERSION,SHORT,32772,32773,2025-12-08T09:00:00+00:00,2025-12-08T09:15:00+00:00,14.201,14.333634502539963,14.002048246190057,0.1326345025399629,1.5,2025-12-08T11:15:00+00:00,14.002048246190057,TP,1.4999999999999933,0.14884614028981424,1.351153859710179,8,
ETH,RANGE_MEAN_REVERSION,SHORT,32772,32773,2025-12-08T09:00:00+00:00,2025-12-08T09:15:00+00:00,3164.25,3189.603328331987,3126.220007502019,25.353328331987086,1.5,2025-12-08T12:30:00+00:00,3126.220007502019,TP,1.5000000000000089,0.17367853828074883,1.32632146171926,13,
BTC,RANGE_MEAN_REVERSION,SHORT,32772,32773,2025-12-08T09:00:00+00:00,2025-12-08T09:15:00+00:00,92030.0,92436.22484027216,91420.66273959176,406.2248402721598,1.5,2025-12-08T13:30:00+00:00,91420.66273959176,TP,1.5,0.3161191812683816,1.1838808187316183,17,
AVAX,RANGE_MEAN_REVERSION,SHORT,32772,32773,2025-12-08T09:00:00+00:00,2025-12-08T09:15:00+00:00,13.832,13.98782165252646,13.598267521210312,0.15582165252645908,1.5,2025-12-08T15:00:00+00:00,13.598267521210312,TP,1.5,0.12322541157485663,1.3767745884251434,23,
ADA,RANGE_MEAN_REVERSION,SHORT,32772,32773,2025-12-08T09:00:00+00:00,2025-12-08T09:15:00+00:00,0.4356,0.4406796648000722,0.42798050279989164,0.0050796648000722144,1.5,2025-12-08T17:00:00+00:00,0.4406796648000722,SL,-1.0,0.12075516584309465,-1.1207551658430948,31,
ADA,RANGE_MEAN_REVERSION,SHORT,32879,32880,2025-12-09T11:45:00+00:00,2025-12-09T12:00:00+00:00,0.4374,0.4448337244577609,0.42624941331335864,0.007433724457760915,1.5,2025-12-09T12:15:00+00:00,0.4448337244577609,SL,-1.0,0.08307593463135259,-1.0830759346313525,1,
ADA,RANGE_MEAN_REVERSION,SHORT,32884,32885,2025-12-09T13:00:00+00:00,2025-12-09T13:15:00+00:00,0.4495,0.4526643588001369,0.4447534617997947,0.0031643588001368794,1.5,2025-12-09T13:15:00+00:00,0.4526643588001369,SL,-1.0,0.1995712531501733,-1.1995712531501732,0,True
XRP,RANGE_MEAN_REVERSION,SHORT,32883,32884,2025-12-09T12:45:00+00:00,2025-12-09T13:00:00+00:00,2.083,2.08934737769653,2.0734789334552053,0.006347377696529932,1.5,2025-12-09T13:30:00+00:00,2.0734789334552053,TP,1.5,0.45838382282013357,1.0416161771798664,2,
CRV,RANGE_MEAN_REVERSION,SHORT,32885,32886,2025-12-09T13:15:00+00:00,2025-12-09T13:30:00+00:00,0.397,0.39974378918798464,0.3928843162180231,0.0027437891879846243,1.5,2025-12-09T14:15:00+00:00,0.3928843162180231,TP,1.4999999999999898,0.2015165828970803,1.2984834171029096,3,
FET,RANGE_MEAN_REVERSION,SHORT,32881,32882,2025-12-09T12:15:00+00:00,2025-12-09T12:30:00+00:00,0.245,0.24770439731572957,0.24094340402640563,0.0027043973157295786,1.5,2025-12-09T15:00:00+00:00,0.24770439731572957,SL,-1.0,0.12753047642630397,-1.1275304764263039,10,
CRV,RANGE_MEAN_REVERSION,SHORT,32893,32894,2025-12-09T15:15:00+00:00,2025-12-09T15:30:00+00:00,0.401,0.407451718669634,0.3913224219955491,0.006451718669633955,1.5,2025-12-09T15:45:00+00:00,0.407451718669634,SL,-1.0,0.08771557348467765,-1.0877155734846777,1,
FET,RANGE_MEAN_REVERSION,SHORT,32895,32896,2025-12-09T15:45:00+00:00,2025-12-09T16:00:00+00:00,0.2531,0.25552470185948617,0.24946294721077072,0.002424701859486178,1.5,2025-12-09T16:00:00+00:00,0.25552470185948617,SL,-1.0,0.14683755444353422,-1.1468375544435343,0,True
ADA,RANGE_MEAN_REVERSION,SHORT,32967,32968,2025-12-10T09:45:00+00:00,2025-12-10T10:00:00+00:00,0.4728,0.4762354100068458,0.4676468849897313,0.0034354100068458293,1.5,2025-12-10T10:00:00+00:00,0.4676468849897313,TP,1.499999999999992,0.19162569189149917,1.3083743081084929,0,True
AVAX,RANGE_MEAN_REVERSION,LONG,32972,32973,2025-12-10T11:00:00+00:00,2025-12-10T11:15:00+00:00,14.33,14.276405058644238,14.410392412033643,0.053594941355761705,1.5,2025-12-10T11:30:00+00:00,14.276405058644238,SL,-1.0,0.3736263728348728,-1.3736263728348728,1,
UNI,RANGE_MEAN_REVERSION,SHORT,32997,32998,2025-12-10T17:15:00+00:00,2025-12-10T17:30:00+00:00,5.678,5.726164379594694,5.605753430607958,0.04816437959469422,1.5,2025-12-10T18:30:00+00:00,5.726164379594694,SL,-1.0,0.16574313077201314,-1.1657431307720132,4,
LINK,RANGE_MEAN_REVERSION,SHORT,33002,33003,2025-12-10T18:30:00+00:00,2025-12-10T18:45:00+00:00,14.384,14.60927199955949,14.046092000660764,0.2252719995594905,1.5,2025-12-10T19:00:00+00:00,14.60927199955949,SL,-1.0,0.09009237916553407,-1.0900923791655341,1,
SUI,RANGE_MEAN_REVERSION,SHORT,33002,33003,2025-12-10T18:30:00+00:00,2025-12-10T18:45:00+00:00,1.6509,1.6794651648520973,1.6080522527218541,0.028565164852097258,1.5,2025-12-10T19:00:00+00:00,1.6794651648520973,SL,-1.0,0.08161183831660286,-1.081611838316603,1,
ETH,RANGE_MEAN_REVERSION,SHORT,33002,33003,2025-12-10T18:30:00+00:00,2025-12-10T18:45:00+00:00,3392.11,3441.6398474739667,3317.8152287890503,49.52984747396658,1.5,2025-12-10T20:15:00+00:00,3441.6398474739667,SL,-1.0,0.09658065060156101,-1.096580650601561,6,
XRP,RANGE_MEAN_REVERSION,LONG,33032,33033,2025-12-11T02:00:00+00:00,2025-12-11T02:15:00+00:00,2.0045,1.9931598369817172,2.0215102445274247,0.011340163018283,1.5,2025-12-11T03:00:00+00:00,1.9931598369817172,SL,-1.0,0.24676557835858154,-1.2467655783585816,3,
ADA,RANGE_MEAN_REVERSION,LONG,33056,33057,2025-12-11T08:00:00+00:00,2025-12-11T08:15:00+00:00,0.4234,0.4202288240130757,0.42815676398038643,0.0031711759869242906,1.5,2025-12-11T11:45:00+00:00,0.4202288240130757,SL,-1.0,0.18622119341346152,-1.1862211934134614,14,
ADA,RANGE_MEAN_REVERSION,LONG,33074,33075,2025-12-11T12:30:00+00:00,2025-12-11T12:45:00+00:00,0.4171,0.4123879834187273,0.42416802487190913,0.004712016581272738,1.5,2025-12-11T14:30:00+00:00,0.4123879834187273,SL,-1.0,0.12322570992232695,-1.1232257099223268,7,
ETH,RANGE_MEAN_REVERSION,LONG,33083,33084,2025-12-11T14:45:00+00:00,2025-12-11T15:00:00+00:00,3158.16,3132.906492345979,3196.040261481031,25.253507654020723,1.5,2025-12-11T15:15:00+00:00,3196.040261481031,TP,1.5,0.17613157918395328,1.3238684208160467,1,
AVAX,RANGE_MEAN_REVERSION,LONG,33083,33084,2025-12-11T14:45:00+00:00,2025-12-11T15:00:00+00:00,13.102,12.993408639058714,13.26488704141193,0.1085913609412863,1.5,2025-12-11T15:45:00+00:00,12.993408639058714,SL,-1.0,0.16821583125031164,-1.1682158312503117,3,
DOGE,RANGE_MEAN_REVERSION,SHORT,33110,33111,2025-12-11T21:30:00+00:00,2025-12-11T21:45:00+00:00,0.1423,0.14336976692824283,0.1406953496076358,0.0010697669282428157,1.5,2025-12-11T22:15:00+00:00,0.1406953496076358,TP,1.4999999999999871,0.1851774807160435,1.3148225192839436,2,
UNI,RANGE_MEAN_REVERSION,SHORT,33110,33111,2025-12-11T21:30:00+00:00,2025-12-11T21:45:00+00:00,5.584,5.6303758620832225,5.514436206875166,0.04637586208322286,1.5,2025-12-11T22:15:00+00:00,5.514436206875166,TP,1.4999999999999905,0.16752045128284807,1.3324795487171424,2,
BNB,RANGE_MEAN_REVERSION,SHORT,33110,33111,2025-12-11T21:30:00+00:00,2025-12-11T21:45:00+00:00,890.25,894.432245253801,883.9766321192984,4.182245253801057,1.5,2025-12-11T22:45:00+00:00,883.9766321192984,TP,1.5,0.2969597828713531,1.203040217128647,4,
SUI,RANGE_MEAN_REVERSION,SHORT,33145,33146,2025-12-12T06:15:00+00:00,2025-12-12T06:30:00+00:00,1.6584,1.671313102335539,1.6390303464966918,0.012913102335538884,1.5,2025-12-12T08:30:00+00:00,1.6390303464966918,TP,1.5,0.17874877644198267,1.3212512235580174,8,
ADA,RANGE_MEAN_REVERSION,LONG,33182,33183,2025-12-12T15:30:00+00:00,2025-12-12T15:45:00+00:00,0.4137,0.40869299679908033,0.42121050480137956,0.00500700320091968,1.5,2025-12-12T15:45:00+00:00,0.40869299679908033,SL,-1.0,0.1149739823720538,-1.114973982372054,0,True
AVAX,RANGE_MEAN_REVERSION,LONG,33182,33183,2025-12-12T15:30:00+00:00,2025-12-12T15:45:00+00:00,13.124,12.999702337631398,13.310446493552906,0.12429766236860296,1.5,2025-12-12T15:45:00+00:00,12.999702337631398,SL,-1.0,0.14711935275269578,-1.1471193527526957,0,True
BTC,RANGE_MEAN_REVERSION,LONG,33182,33183,2025-12-12T15:30:00+00:00,2025-12-12T15:45:00+00:00,90497.6,89925.78821870123,91355.31767194817,571.8117812987766,1.5,2025-12-12T15:45:00+00:00,89925.78821870123,SL,-1.0,0.22087053097477174,-1.2208705309747718,0,True
CRV,RANGE_MEAN_REVERSION,LONG,33182,33183,2025-12-12T15:30:00+00:00,2025-12-12T15:45:00+00:00,0.389,0.3825084937483732,0.3987372593774402,0.006491506251626811,1.5,2025-12-12T15:45:00+00:00,0.3825084937483732,SL,-1.0,0.0831942425517221,-1.083194242551722,0,True
DOGE,RANGE_MEAN_REVERSION,LONG,33182,33183,2025-12-12T15:30:00+00:00,2025-12-12T15:45:00+00:00,0.13743,0.13605716091279457,0.13948925863080813,0.0013728390872054241,1.5,2025-12-12T15:45:00+00:00,0.13605716091279457,SL,-1.0,0.13944898162002145,-1.1394489816200215,0,True
ETH,RANGE_MEAN_REVERSION,LONG,33182,33183,2025-12-12T15:30:00+00:00,2025-12-12T15:45:00+00:00,3107.75,3070.1702433966325,3164.1196349050515,37.579756603367514,1.5,2025-12-12T15:45:00+00:00,3070.1702433966325,SL,-1.0,0.11507642840853635,-1.1150764284085364,0,True
LINK,RANGE_MEAN_REVERSION,LONG,33182,33183,2025-12-12T15:30:00+00:00,2025-12-12T15:45:00+00:00,13.71,13.539144852012596,13.96628272198111,0.17085514798740498,1.5,2025-12-12T15:45:00+00:00,13.539144852012596,SL,-1.0,0.1116407765355419,-1.1116407765355418,0,True
SOL,RANGE_MEAN_REVERSION,LONG,33182,33183,2025-12-12T15:30:00+00:00,2025-12-12T15:45:00+00:00,134.76,133.39696107867164,136.80455838199254,1.3630389213283536,1.5,2025-12-12T15:45:00+00:00,133.39696107867164,SL,-1.0,0.1377142426513668,-1.137714242651367,0,True
UNI,RANGE_MEAN_REVERSION,LONG,33182,33183,2025-12-12T15:30:00+00:00,2025-12-12T15:45:00+00:00,5.374,5.30750874228727,5.473736886569094,0.06649125771272946,1.5,2025-12-12T15:45:00+00:00,5.30750874228727,SL,-1.0,0.11245171736568974,-1.1124517173656898,0,True
XRP,RANGE_MEAN_REVERSION,LONG,33182,33183,2025-12-12T15:30:00+00:00,2025-12-12T15:45:00+00:00,2.0005,1.9864180317455942,2.021622952381609,0.014081968254405997,1.5,2025-12-12T15:45:00+00:00,1.9864180317455942,SL,-1.0,0.19818554990341716,-1.198185549903417,0,True
BNB,RANGE_MEAN_REVERSION,LONG,33184,33185,2025-12-12T16:00:00+00:00,2025-12-12T16:15:00+00:00,876.08,869.9655760742797,885.2516358885805,6.114423925720303,1.5,2025-12-13T02:15:00+00:00,885.2516358885805,TP,1.5,0.20164322266496465,1.2983567773350353,40,
CRV,RANGE_MEAN_REVERSION,SHORT,33231,33232,2025-12-13T03:45:00+00:00,2025-12-13T04:00:00+00:00,0.403,0.4057829246801349,0.39882561297979774,0.0027829246801348573,1.5,2025-12-13T05:00:00+00:00,0.39882561297979774,TP,1.5,0.2016863528834922,1.2983136471165078,4,
AVAX,RANGE_MEAN_REVERSION,SHORT,33249,33250,2025-12-13T08:15:00+00:00,2025-12-13T08:30:00+00:00,13.431,13.490620766337159,13.341568850494259,0.059620766337159736,1.5,2025-12-13T12:15:00+00:00,13.341568850494259,TP,1.5000000000000149,0.31433340003322696,1.185666599966788,15,
LINK,RANGE_MEAN_REVERSION,SHORT,33249,33250,2025-12-13T08:15:00+00:00,2025-12-13T08:30:00+00:00,13.902,13.997111748835199,13.7593323767472,0.09511174883519935,1.5,2025-12-13T12:30:00+00:00,13.7593323767472,TP,1.5000000000000093,0.20358087093186875,1.2964191290681406,16,
ETH,RANGE_MEAN_REVERSION,SHORT,33249,33250,2025-12-13T08:15:00+00:00,2025-12-13T08:30:00+00:00,3121.91,3136.3053716250733,3100.3169425623896,14.395371625073494,1.5,2025-12-13T13:15:00+00:00,3100.3169425623896,TP,1.5,0.30256661468935403,1.197433385310646,19,
UNI,RANGE_MEAN_REVERSION,SHORT,33249,33250,2025-12-13T08:15:00+00:00,2025-12-13T08:30:00+00:00,5.471,5.504341556969692,5.420987664545462,0.033341556969691766,1.5,2025-12-13T13:15:00+00:00,5.420987664545462,TP,1.5,0.22867532467402674,1.2713246753259733,19,
XRP,RANGE_MEAN_REVERSION,SHORT,33236,33237,2025-12-13T05:00:00+00:00,2025-12-13T05:15:00+00:00,2.0388,2.051646589788972,2.019530115316542,0.012846589788972018,1.5,2025-12-13T17:00:00+00:00,2.019530115316542,TP,1.5,0.2211350348526153,1.2788649651473847,47,
FET,RANGE_MEAN_REVERSION,LONG,33332,33333,2025-12-14T05:00:00+00:00,2025-12-14T05:15:00+00:00,0.2417,0.24028453302986114,0.24382320045520828,0.0014154669701388622,1.5,2025-12-14T05:30:00+00:00,0.24028453302986114,SL,-1.0,0.23835891634250128,-1.2383589163425013,1,
XRP,RANGE_MEAN_REVERSION,LONG,33333,33334,2025-12-14T05:15:00+00:00,2025-12-14T05:30:00+00:00,2.0106,2.006398136209348,2.0169027956859784,0.004201863790652016,1.5,2025-12-14T06:45:00+00:00,2.0169027956859784,TP,1.5000000000000528,0.6709527241821213,0.8290472758179316,5,
DOGE,RANGE_MEAN_REVERSION,LONG,33333,33334,2025-12-14T05:15:00+00:00,2025-12-14T05:30:00+00:00,0.13767,0.13732667456728845,0.1381849881490673,0.0003433254327115387,1.5,2025-12-14T07:45:00+00:00,0.1381849881490673,TP,1.5,0.5624357338729055,0.9375642661270945,9,
CRV,RANGE_MEAN_REVERSION,LONG,33333,33334,2025-12-14T05:15:00+00:00,2025-12-14T05:30:00+00:00,0.391,0.38862806269437733,0.39455790595843404,0.0023719373056226845,1.5,2025-12-14T10:00:00+00:00,0.38862806269437733,SL,-1.0,0.230081816493373,-1.2300818164933731,18,
AVAX,RANGE_MEAN_REVERSION,LONG,33352,33353,2025-12-14T10:00:00+00:00,2025-12-14T10:15:00+00:00,13.116,13.059855703267392,13.200216445098912,0.05614429673260801,1.5,2025-12-14T11:30:00+00:00,13.059855703267392,SL,-1.0,0.3263572626005539,-1.326357262600554,5,
DOGE,RANGE_MEAN_REVERSION,LONG,33352,33353,2025-12-14T10:00:00+00:00,2025-12-14T10:15:00+00:00,0.13705,0.13655111328616437,0.13779833007075346,0.0004988867138356334,1.5,2025-12-14T11:30:00+00:00,0.13655111328616437,SL,-1.0,0.38389633154956054,-1.3838963315495605,5,
SOL,RANGE_MEAN_REVERSION,LONG,33352,33353,2025-12-14T10:00:00+00:00,2025-12-14T10:15:00+00:00,131.3,130.52281675194914,132.46577487207634,0.7771832480508749,1.5,2025-12-14T11:30:00+00:00,130.52281675194914,SL,-1.0,0.23582079539929438,-1.2358207953992943,5,
XRP,RANGE_MEAN_REVERSION,LONG,33352,33353,2025-12-14T10:00:00+00:00,2025-12-14T10:15:00+00:00,2.0046,1.9990457570582458,2.012931364412631,0.005554242941754106,1.5,2025-12-14T11:30:00+00:00,1.9990457570582458,SL,-1.0,0.5045785824153539,-1.504578582415354,5,
ADA,RANGE_MEAN_REVERSION,LONG,33357,33358,2025-12-14T11:15:00+00:00,2025-12-14T11:30:00+00:00,0.4029,0.40094543007877087,0.40583185488184365,0.00195456992122911,1.5,2025-12-14T11:30:00+00:00,0.40094543007877087,SL,-1.0,0.2878852247461666,-1.2878852247461667,0,True
CRV,RANGE_MEAN_REVERSION,LONG,33371,33372,2025-12-14T14:45:00+00:00,2025-12-14T15:00:00+00:00,0.382,0.379284909866316,0.386072635200526,0.002715090133683984,1.5,2025-12-14T16:00:00+00:00,0.379284909866316,SL,-1.0,0.19627320297590042,-1.1962732029759005,4,
ETH,RANGE_MEAN_REVERSION,SHORT,33447,33448,2025-12-15T09:45:00+00:00,2025-12-15T10:00:00+00:00,3152.44,3169.108054413684,3127.4379183794745,16.668054413683876,1.5,2025-12-15T10:15:00+00:00,3169.108054413684,SL,-1.0,0.2654829128981451,-1.265482912898145,1,
XRP,RANGE_MEAN_REVERSION,LONG,33460,33461,2025-12-15T13:00:00+00:00,2025-12-15T13:15:00+00:00,1.9716,1.9596678087790849,1.9894982868313726,0.011932191220915156,1.5,2025-12-15T13:15:00+00:00,1.9596678087790849,SL,-1.0,0.2306271677344356,-1.2306271677344356,0,True
BTC,RANGE_MEAN_REVERSION,SHORT,33751,33752,2025-12-18T13:45:00+00:00,2025-12-18T14:00:00+00:00,88804.0,89399.68219078494,87910.4767138226,595.6821907849371,1.5,2025-12-18T14:00:00+00:00,89399.68219078494,SL,-1.0,0.20941129257058158,-1.2094112925705816,0,True
DOGE,RANGE_MEAN_REVERSION,SHORT,33751,33752,2025-12-18T13:45:00+00:00,2025-12-18T14:00:00+00:00,0.12923,0.13009752555627535,0.127928711665587,0.0008675255562753392,1.5,2025-12-18T14:00:00+00:00,0.13009752555627535,SL,-1.0,0.20924947579501413,-1.209249475795014,0,True
SOL,RANGE_MEAN_REVERSION,SHORT,33751,33752,2025-12-18T13:45:00+00:00,2025-12-18T14:00:00+00:00,126.33,127.25058821935862,124.94911767096207,0.9205882193586206,1.5,2025-12-18T14:00:00+00:00,127.25058821935862,SL,-1.0,0.19281846977926878,-1.1928184697792688,0,True
SUI,RANGE_MEAN_REVERSION,SHORT,33751,33752,2025-12-18T13:45:00+00:00,2025-12-18T14:00:00+00:00,1.4557,1.4664038415486693,1.439644237676996,0.010703841548669324,1.5,2025-12-18T14:00:00+00:00,1.4664038415486693,SL,-1.0,0.1910970635900675,-1.1910970635900675,0,True
UNI,RANGE_MEAN_REVERSION,SHORT,33824,33825,2025-12-19T08:00:00+00:00,2025-12-19T08:15:00+00:00,5.201,5.264784227692515,5.105323658461226,0.06378422769251557,1.5,2025-12-19T14:30:00+00:00,5.264784227692515,SL,-1.0,0.11485674788917132,-1.1148567478891713,25,
SOL,RANGE_MEAN_REVERSION,SHORT,33841,33842,2025-12-19T12:15:00+00:00,2025-12-19T12:30:00+00:00,125.73,126.57811308118684,124.45783037821974,0.8481130811868383,1.5,2025-12-19T14:30:00+00:00,126.57811308118684,SL,-1.0,0.20824543692885522,-1.208245436928855,8,
BTC,RANGE_MEAN_REVERSION,SHORT,33820,33821,2025-12-19T07:00:00+00:00,2025-12-19T07:15:00+00:00,88110.4,88629.55308967561,87331.67036548657,519.1530896756158,1.5,2025-12-19T15:00:00+00:00,88629.55308967561,SL,-1.0,0.23830729244060947,-1.2383072924406096,31,
XRP,RANGE_MEAN_REVERSION,SHORT,33843,33844,2025-12-19T12:45:00+00:00,2025-12-19T13:00:00+00:00,1.8791,1.8922064127202902,1.8594403809195645,0.013106412720290228,1.5,2025-12-19T15:15:00+00:00,1.8922064127202902,SL,-1.0,0.20142158996849788,-1.201421589968498,9,
AVAX,RANGE_MEAN_REVERSION,SHORT,33857,33858,2025-12-19T16:15:00+00:00,2025-12-19T16:30:00+00:00,12.331,12.4697202401204,12.122919639819397,0.13872024012040107,1.5,2025-12-19T17:45:00+00:00,12.122919639819397,TP,1.5000000000000064,0.12339759311991079,1.3766024068800957,5,
FET,RANGE_MEAN_REVERSION,SHORT,33858,33859,2025-12-19T16:30:00+00:00,2025-12-19T16:45:00+00:00,0.2124,0.21542774853937321,0.2078583771909402,0.0030277485393732095,1.5,2025-12-19T17:45:00+00:00,0.2078583771909402,TP,1.5,0.09716159060374216,1.4028384093962578,4,
ADA,RANGE_MEAN_REVERSION,SHORT,33857,33858,2025-12-19T16:15:00+00:00,2025-12-19T16:30:00+00:00,0.3758,0.38071426418593857,0.3684286037210922,0.004914264185938544,1.5,2025-12-19T19:30:00+00:00,0.38071426418593857,SL,-1.0,0.10775977132963595,-1.1077597713296359,12,
BNB,RANGE_MEAN_REVERSION,SHORT,33874,33875,2025-12-19T20:30:00+00:00,2025-12-19T20:45:00+00:00,860.8,863.7583144507686,856.3625283238471,2.9583144507686256,1.5,2025-12-19T21:45:00+00:00,856.3625283238471,TP,1.4999999999999807,0.4063171072008208,1.0936828927991598,4,
XRP,RANGE_MEAN_REVERSION,SHORT,33922,33923,2025-12-20T08:30:00+00:00,2025-12-20T08:45:00+00:00,1.9318,1.9425520912904655,1.9156718630643017,0.010752091290465504,1.5,2025-12-20T09:30:00+00:00,1.9425520912904655,SL,-1.0,0.2522343226669079,-1.252234322666908,3,
ADA,RANGE_MEAN_REVERSION,LONG,33990,33991,2025-12-21T01:30:00+00:00,2025-12-21T01:45:00+00:00,0.3698,0.3686167144228186,0.3715749283657721,0.0011832855771813922,1.5,2025-12-21T02:15:00+00:00,0.3686167144228186,SL,-1.0,0.43682751658920627,-1.4368275165892062,2,
LINK,RANGE_MEAN_REVERSION,LONG,33990,33991,2025-12-21T01:30:00+00:00,2025-12-21T01:45:00+00:00,12.462,12.420833584947648,12.523749622578528,0.04116641505235208,1.5,2025-12-21T02:15:00+00:00,12.420833584947648,SL,-1.0,0.42311149725601765,-1.4231114972560177,2,
DOGE,RANGE_MEAN_REVERSION,LONG,33992,33993,2025-12-21T02:00:00+00:00,2025-12-21T02:15:00+00:00,0.13105,0.1306585181011019,0.13163722284834714,0.00039148189889809393,1.5,2025-12-21T02:15:00+00:00,0.1306585181011019,SL,-1.0,0.46795512943616024,-1.4679551294361604,0,True
FET,RANGE_MEAN_REVERSION,LONG,33995,33996,2025-12-21T02:45:00+00:00,2025-12-21T03:00:00+00:00,0.207,0.20596154587078386,0.20855768119382417,0.001038454129216132,1.5,2025-12-21T03:15:00+00:00,0.20855768119382417,TP,1.4999999999999867,0.280118657773794,1.2198813422261927,1,
BNB,RANGE_MEAN_REVERSION,LONG,33993,33994,2025-12-21T02:15:00+00:00,2025-12-21T02:30:00+00:00,849.33,846.2356221655322,853.9715667517019,3.0943778344678776,1.5,2025-12-21T08:30:00+00:00,853.9715667517019,TP,1.5,0.3853152913148456,1.1146847086851543,24,
SUI,RANGE_MEAN_REVERSION,LONG,33993,33994,2025-12-21T02:15:00+00:00,2025-12-21T02:30:00+00:00,1.4395,1.4311046985085374,1.452092952237194,0.008395301491462615,1.5,2025-12-21T08:30:00+00:00,1.452092952237194,TP,1.5,0.24110093825985973,1.2588990617401403,24,
DOGE,RANGE_MEAN_REVERSION,SHORT,34019,34020,2025-12-21T08:45:00+00:00,2025-12-21T09:00:00+00:00,0.13274,0.13324114021149497,0.13198828968275755,0.0005011402114949715,1.5,2025-12-21T09:00:00+00:00,0.13324114021149497,SL,-1.0,0.37152635904555575,-1.3715263590455558,0,True
BTC,RANGE_MEAN_REVERSION,SHORT,34018,34019,2025-12-21T08:30:00+00:00,2025-12-21T08:45:00+00:00,88578.9,88805.5468646179,88238.92970307312,226.6468646179128,1.5,2025-12-21T09:30:00+00:00,88805.5468646179,SL,-1.0,0.5478527709375555,-1.5478527709375554,3,
ETH,RANGE_MEAN_REVERSION,SHORT,34018,34019,2025-12-21T08:30:00+00:00,2025-12-21T08:45:00+00:00,2992.87,3001.630765336275,2979.7288519955873,8.760765336275199,1.5,2025-12-21T09:30:00+00:00,3001.630765336275,SL,-1.0,0.47897077192110515,-1.4789707719211052,3,
BNB,RANGE_MEAN_REVERSION,SHORT,34023,34024,2025-12-21T09:45:00+00:00,2025-12-21T10:00:00+00:00,857.66,859.7682262174042,854.4976606738937,2.1082262174041944,1.5,2025-12-21T10:00:00+00:00,859.7682262174042,SL,-1.0,0.5702422958350367,-1.5702422958350368,0,True
AVAX,RANGE_MEAN_REVERSION,SHORT,34020,34021,2025-12-21T09:00:00+00:00,2025-12-21T09:15:00+00:00,12.277,12.332463970173327,12.193804044740007,0.05546397017332794,1.5,2025-12-21T10:45:00+00:00,12.193804044740007,TP,1.5,0.3088412671827708,1.1911587328172293,6,
SUI,RANGE_MEAN_REVERSION,SHORT,34022,34023,2025-12-21T09:30:00+00:00,2025-12-21T09:45:00+00:00,1.4686,1.4815678748894763,1.4491481876657852,0.012967874889476372,1.5,2025-12-21T12:30:00+00:00,1.4491481876657852,TP,1.5000000000000087,0.15749872271080495,1.3425012772892038,11,
LINK,RANGE_MEAN_REVERSION,SHORT,34023,34024,2025-12-21T09:45:00+00:00,2025-12-21T10:00:00+00:00,12.664,12.737096861487254,12.554354707769118,0.07309686148725447,1.5,2025-12-21T12:30:00+00:00,12.554354707769118,TP,1.5,0.24149940142801368,1.2585005985719864,10,
UNI,RANGE_MEAN_REVERSION,SHORT,34004,34005,2025-12-21T05:00:00+00:00,2025-12-21T05:15:00+00:00,6.417,6.580768322640722,6.171347516038916,0.16376832264072227,1.5,2025-12-21T13:15:00+00:00,6.171347516038916,TP,1.5,0.053806762621357564,1.4461932373786424,32,
FET,RANGE_MEAN_REVERSION,LONG,34036,34037,2025-12-21T13:00:00+00:00,2025-12-21T13:15:00+00:00,0.2053,0.20270320800569427,0.20919518799145861,0.002596791994305736,1.5,2025-12-21T13:30:00+00:00,0.20270320800569427,SL,-1.0,0.1099827195363574,-1.1099827195363574,1,
XRP,RANGE_MEAN_REVERSION,LONG,34037,34038,2025-12-21T13:15:00+00:00,2025-12-21T13:30:00+00:00,1.9076,1.8998919952019828,1.9191620071970257,0.007708004798017143,1.5,2025-12-21T13:30:00+00:00,1.8998919952019828,SL,-1.0,0.34577617249628756,-1.3457761724962876,0,True
ETH,RANGE_MEAN_REVERSION,LONG,34038,34039,2025-12-21T13:30:00+00:00,2025-12-21T13:45:00+00:00,2954.55,2939.610588634466,2976.959117048302,14.939411365534397,1.5,2025-12-21T15:45:00+00:00,2976.959117048302,TP,1.5,0.2779263707479608,1.2220736292520393,8,
SOL,RANGE_MEAN_REVERSION,LONG,34038,34039,2025-12-21T13:30:00+00:00,2025-12-21T13:45:00+00:00,123.77,123.0474486358001,124.85382704629984,0.7225513641999015,1.5,2025-12-21T15:45:00+00:00,124.85382704629984,TP,1.4999999999999902,0.24086409292870808,1.2591359070712822,8,
CRV,RANGE_MEAN_REVERSION,SHORT,34127,34128,2025-12-22T11:45:00+00:00,2025-12-22T12:00:00+00:00,0.37,0.3728621017032835,0.36570684744507476,0.0028621017032834928,1.5,2025-12-22T12:00:00+00:00,0.3728621017032835,SL,-1.0,0.18168588160082993,-1.18168588160083,0,True
UNI,RANGE_MEAN_REVERSION,LONG,34159,34160,2025-12-22T19:45:00+00:00,2025-12-22T20:00:00+00:00,6.022,5.978767634894011,6.086848547658985,0.0432323651059896,1.5,2025-12-22T20:15:00+00:00,5.978767634894011,SL,-1.0,0.19431130644439254,-1.1943113064443924,1,
BTC,RANGE_MEAN_REVERSION,LONG,34200,34201,2025-12-23T06:00:00+00:00,2025-12-23T06:15:00+00:00,87503.1,87166.17348693778,88008.48976959335,336.9265130622225,1.5,2025-12-23T06:15:00+00:00,87166.17348693778,SL,-1.0,0.36289364802311147,-1.3628936480231115,0,True
ADA,RANGE_MEAN_REVERSION,LONG,34201,34202,2025-12-23T06:15:00+00:00,2025-12-23T06:30:00+00:00,0.3639,0.361815540100935,0.36702668984859754,0.0020844598990650276,1.5,2025-12-23T11:15:00+00:00,0.36702668984859754,TP,1.5,0.2454586356511417,1.2545413643488583,19,
LINK,RANGE_MEAN_REVERSION,LONG,34201,34202,2025-12-23T06:15:00+00:00,2025-12-23T06:30:00+00:00,12.254,12.173891115494614,12.374163326758078,0.08010888450538545,1.5,2025-12-23T11:15:00+00:00,12.374163326758078,TP,1.5,0.21520352499193376,1.2847964750080663,19,
AVAX,RANGE_MEAN_REVERSION,LONG,34202,34203,2025-12-23T06:30:00+00:00,2025-12-23T06:45:00+00:00,12.158,12.071203509554485,12.288194735668272,0.08679649044551496,1.5,2025-12-23T11:15:00+00:00,12.288194735668272,TP,1.5,0.19715470322742798,1.302845296772572,18,
BNB,RANGE_MEAN_REVERSION,LONG,34202,34203,2025-12-23T06:30:00+00:00,2025-12-23T06:45:00+00:00,848.75,845.8775253781266,853.0587119328101,2.87247462187338,1.5,2025-12-23T11:15:00+00:00,853.0587119328101,TP,1.5,0.4147177103956599,1.0852822896043401,18,
ETH,RANGE_MEAN_REVERSION,LONG,34201,34202,2025-12-23T06:15:00+00:00,2025-12-23T06:30:00+00:00,2952.04,2937.0588348733554,2974.511747689967,14.981165126644555,1.5,2025-12-23T13:30:00+00:00,2937.0588348733554,SL,-1.0,0.2751701319331674,-1.2751701319331674,28,
AVAX,RANGE_MEAN_REVERSION,LONG,34233,34234,2025-12-23T14:15:00+00:00,2025-12-23T14:30:00+00:00,12.028,11.961289574163747,12.128065638754382,0.06671042583625386,1.5,2025-12-23T14:30:00+00:00,11.961289574163747,SL,-1.0,0.25172231313787713,-1.2517223131378772,0,True
ETH,RANGE_MEAN_REVERSION,LONG,34234,34235,2025-12-23T14:30:00+00:00,2025-12-23T14:45:00+00:00,2937.82,2918.4251224062814,2966.9123163905783,19.394877593718775,1.5,2025-12-23T14:45:00+00:00,2918.4251224062814,SL,-1.0,0.21136362247586543,-1.2113636224758655,0,True
SOL,RANGE_MEAN_REVERSION,LONG,34234,34235,2025-12-23T14:30:00+00:00,2025-12-23T14:45:00+00:00,122.97,122.14207345713041,124.21188981430439,0.8279265428695908,1.5,2025-12-23T14:45:00+00:00,122.14207345713041,SL,-1.0,0.20723873741902382,-1.2072387374190239,0,True
BNB,RANGE_MEAN_REVERSION,LONG,34235,34236,2025-12-23T14:45:00+00:00,2025-12-23T15:00:00+00:00,840.94,836.2577930030401,847.96331049544,4.6822069969599625,1.5,2025-12-23T16:00:00+00:00,847.96331049544,TP,1.5000000000000122,0.2524946714475463,1.247505328552466,4,
BTC,RANGE_MEAN_REVERSION,LONG,34235,34236,2025-12-23T14:45:00+00:00,2025-12-23T15:00:00+00:00,86837.2,86354.85863478108,87560.71204782838,482.34136521891924,1.5,2025-12-23T16:00:00+00:00,87560.71204782838,TP,1.5,0.2530957268781464,1.2469042731218536,4,
ADA,RANGE_MEAN_REVERSION,LONG,34235,34236,2025-12-23T14:45:00+00:00,2025-12-23T15:00:00+00:00,0.3578,0.3533077402871055,0.3645383895693418,0.00449225971289452,1.5,2025-12-23T16:15:00+00:00,0.3645383895693418,TP,1.5000000000000062,0.11255735532101277,1.3874426446789934,5,
XRP,RANGE_MEAN_REVERSION,LONG,34282,34283,2025-12-24T02:30:00+00:00,2025-12-24T02:45:00+00:00,1.8546,1.8449941121286921,1.869008831806962,0.009605887871307894,1.5,2025-12-24T03:00:00+00:00,1.8449941121286921,SL,-1.0,0.2695967216341742,-1.2695967216341741,1,
FET,RANGE_MEAN_REVERSION,LONG,34283,34284,2025-12-24T02:45:00+00:00,2025-12-24T03:00:00+00:00,0.2037,0.2021430162683349,0.20603547559749763,0.0015569837316651014,1.5,2025-12-24T03:30:00+00:00,0.20603547559749763,TP,1.4999999999999911,0.1842118366975594,1.3157881633024318,2,
AVAX,RANGE_MEAN_REVERSION,LONG,34284,34285,2025-12-24T03:00:00+00:00,2025-12-24T03:15:00+00:00,11.97,11.914702770040604,12.052945844939096,0.05529722995939679,1.5,2025-12-24T03:45:00+00:00,12.052945844939096,TP,1.5,0.3041031549646326,1.1958968450353673,2,
LINK,RANGE_MEAN_REVERSION,LONG,34284,34285,2025-12-24T03:00:00+00:00,2025-12-24T03:15:00+00:00,12.188,12.126310093466337,12.280534859800497,0.061689906533663574,1.5,2025-12-24T04:00:00+00:00,12.280534859800497,TP,1.5000000000000144,0.2776463017092396,1.2223536982907748,3,
SUI,RANGE_MEAN_REVERSION,LONG,34284,34285,2025-12-24T03:00:00+00:00,2025-12-24T03:15:00+00:00,1.3998,1.3885714965908362,1.4166427551137455,0.011228503409163704,1.5,2025-12-24T04:00:00+00:00,1.4166427551137455,TP,1.5,0.17558082824917265,1.3244191717508274,3,
CRV,RANGE_MEAN_REVERSION,SHORT,34337,34338,2025-12-24T16:15:00+00:00,2025-12-24T16:30:00+00:00,0.381,0.3841674765406588,0.37624878518901184,0.003167476540658798,1.5,2025-12-24T16:30:00+00:00,0.3841674765406588,SL,-1.0,0.169099037262975,-1.169099037262975,0,True
FET,RANGE_MEAN_REVERSION,SHORT,34336,34337,2025-12-24T16:00:00+00:00,2025-12-24T16:15:00+00:00,0.2099,0.2118595925979981,0.20696061110300285,0.0019595925979981055,1.5,2025-12-24T17:45:00+00:00,0.20696061110300285,TP,1.5,0.14890974178520763,1.3510902582147923,6,
BTC,RANGE_MEAN_REVERSION,SHORT,34363,34364,2025-12-24T22:45:00+00:00,2025-12-24T23:00:00+00:00,87962.0,88143.26238447388,87690.10642328917,181.2623844738846,1.5,2025-12-24T23:15:00+00:00,87690.10642328917,TP,1.5000000000000402,0.6783341996365352,0.821665800363505,1,
CRV,RANGE_MEAN_REVERSION,SHORT,34378,34379,2025-12-25T02:30:00+00:00,2025-12-25T02:45:00+00:00,0.384,0.3866272949356205,0.3800590575965693,0.0026272949356204722,1.5,2025-12-25T04:15:00+00:00,0.3800590575965693,TP,1.4999999999999893,0.2035711077071324,1.2964288922928568,6,
AVAX,RANGE_MEAN_REVERSION,SHORT,34380,34381,2025-12-25T03:00:00+00:00,2025-12-25T03:15:00+00:00,12.192,12.245054104682294,12.11241884297656,0.05305410468229432,1.5,2025-12-25T07:45:00+00:00,12.245054104682294,SL,-1.0,0.3224244000669443,-1.3224244000669443,18,
ETH,RANGE_MEAN_REVERSION,LONG,34401,34402,2025-12-25T08:15:00+00:00,2025-12-25T08:30:00+00:00,2922.07,2912.4517587264236,2936.497361910365,9.618241273576587,1.5,2025-12-25T10:30:00+00:00,2912.4517587264236,SL,-1.0,0.42462703054960704,-1.424627030549607,8,
LINK,RANGE_MEAN_REVERSION,LONG,34409,34410,2025-12-25T10:15:00+00:00,2025-12-25T10:30:00+00:00,12.164,12.135572814828508,12.206640777757237,0.02842718517149123,1.5,2025-12-25T10:30:00+00:00,12.135572814828508,SL,-1.0,0.5983603676468986,-1.5983603676468987,0,True
CRV,RANGE_MEAN_REVERSION,SHORT,34412,34413,2025-12-25T11:00:00+00:00,2025-12-25T11:15:00+00:00,0.386,0.38955732153610617,0.3806640176958408,0.0035573215361061616,1.5,2025-12-25T11:30:00+00:00,0.38955732153610617,SL,-1.0,0.15261204801563172,-1.1526120480156317,1,
SUI,RANGE_MEAN_REVERSION,LONG,34410,34411,2025-12-25T10:30:00+00:00,2025-12-25T10:45:00+00:00,1.3932,1.3868297032555768,1.4027554451166349,0.006370296744423243,1.5,2025-12-25T12:15:00+00:00,1.4027554451166349,TP,1.5,0.3072335387350693,1.1927664612649307,6,
BNB,RANGE_MEAN_REVERSION,LONG,34410,34411,2025-12-25T10:30:00+00:00,2025-12-25T10:45:00+00:00,837.21,835.1150242236095,840.3524636645859,2.0949757763905836,1.5,2025-12-25T15:15:00+00:00,840.3524636645859,TP,1.5,0.5605285453889071,0.9394714546110929,18,
DOGE,RANGE_MEAN_REVERSION,LONG,34410,34411,2025-12-25T10:30:00+00:00,2025-12-25T10:45:00+00:00,0.12595,0.12516277831993636,0.1271308325200955,0.0007872216800636489,1.5,2025-12-25T15:15:00+00:00,0.1271308325200955,TP,1.5000000000000175,0.2250402742334831,1.2749597257665344,18,
ADA,RANGE_MEAN_REVERSION,LONG,34411,34412,2025-12-25T10:45:00+00:00,2025-12-25T11:00:00+00:00,0.3503,0.3485950346383298,0.3528574480425053,0.0017049653616701965,1.5,2025-12-25T15:15:00+00:00,0.3528574480425053,TP,1.5,0.2886922072994967,1.2113077927005034,17,
BTC,RANGE_MEAN_REVERSION,SHORT,34429,34430,2025-12-25T15:15:00+00:00,2025-12-25T15:30:00+00:00,88035.7,88323.06421568044,87604.65367647933,287.3642156804417,1.5,2025-12-25T15:30:00+00:00,88323.06421568044,SL,-1.0,0.42959814832427834,-1.4295981483242783,0,True
SOL,RANGE_MEAN_REVERSION,SHORT,34431,34432,2025-12-25T15:45:00+00:00,2025-12-25T16:00:00+00:00,123.63,124.3404615301089,122.56430770483664,0.7104615301089012,1.5,2025-12-25T16:15:00+00:00,124.3404615301089,SL,-1.0,0.24431910204127388,-1.2443191020412738,1,
UNI,RANGE_MEAN_REVERSION,SHORT,34432,34433,2025-12-25T16:00:00+00:00,2025-12-25T16:15:00+00:00,5.917,5.96343585267903,5.847346220981454,0.046435852679030276,1.5,2025-12-25T16:30:00+00:00,5.96343585267903,SL,-1.0,0.1790923309701781,-1.1790923309701782,1,
XRP,RANGE_MEAN_REVERSION,SHORT,34431,34432,2025-12-25T15:45:00+00:00,2025-12-25T16:00:00+00:00,1.8822,1.8936766642320575,1.864985003651914,0.011476664232057399,1.5,2025-12-25T17:15:00+00:00,1.864985003651914,TP,1.5,0.22855330168408305,1.271446698315917,5,
AVAX,RANGE_MEAN_REVERSION,SHORT,34433,34434,2025-12-25T16:15:00+00:00,2025-12-25T16:30:00+00:00,12.402,12.461326891154945,12.31300966326758,0.05932689115494583,1.5,2025-12-25T18:15:00+00:00,12.461326891154945,SL,-1.0,0.29336323688954224,-1.2933632368895422,7,
ETH,RANGE_MEAN_REVERSION,LONG,34459,34460,2025-12-25T22:45:00+00:00,2025-12-25T23:00:00+00:00,2920.22,2898.0492155152374,2953.4761767271434,22.170784484762407,1.5,2025-12-25T23:30:00+00:00,2898.0492155152374,SL,-1.0,0.18370069194709018,-1.1837006919470903,2,
FET,RANGE_MEAN_REVERSION,LONG,34459,34460,2025-12-25T22:45:00+00:00,2025-12-25T23:00:00+00:00,0.2039,0.20176521624851182,0.20710217562723227,0.0021347837514881784,1.5,2025-12-25T23:30:00+00:00,0.20176521624851182,SL,-1.0,0.13301846202267703,-1.133018462022677,2,
LINK,RANGE_MEAN_REVERSION,LONG,34459,34460,2025-12-25T22:45:00+00:00,2025-12-25T23:00:00+00:00,12.13,12.034133220488034,12.27380016926795,0.09586677951196698,1.5,2025-12-25T23:30:00+00:00,12.034133220488034,SL,-1.0,0.17644165518494495,-1.176441655184945,2,
SOL,RANGE_MEAN_REVERSION,LONG,34459,34460,2025-12-25T22:45:00+00:00,2025-12-25T23:00:00+00:00,121.76,121.01079319061164,122.88381021408256,0.7492068093883688,1.5,2025-12-25T23:30:00+00:00,121.01079319061164,SL,-1.0,0.2268259619425536,-1.2268259619425537,2,
XRP,RANGE_MEAN_REVERSION,LONG,34459,34460,2025-12-25T22:45:00+00:00,2025-12-25T23:00:00+00:00,1.8446,1.8351430258224821,1.8587854612662769,0.009456974177517896,1.5,2025-12-25T23:30:00+00:00,1.8351430258224821,SL,-1.0,0.27237254429638236,-1.2723725442963825,2,
CRV,RANGE_MEAN_REVERSION,LONG,34462,34463,2025-12-25T23:30:00+00:00,2025-12-25T23:45:00+00:00,0.388,0.38407403954922836,0.3938889406761575,0.003925960450771648,1.5,2025-12-26T00:15:00+00:00,0.38407403954922836,SL,-1.0,0.1376610473949716,-1.1376610473949715,2,
SOL,RANGE_MEAN_REVERSION,SHORT,34519,34520,2025-12-26T13:45:00+00:00,2025-12-26T14:00:00+00:00,124.87,125.39725732743203,124.07911400885197,0.5272573274320251,1.5,2025-12-26T14:30:00+00:00,124.07911400885197,TP,1.4999999999999865,0.3305110630798447,1.1694889369201418,2,
AVAX,RANGE_MEAN_REVERSION,LONG,34525,34526,2025-12-26T15:15:00+00:00,2025-12-26T15:30:00+00:00,12.192,12.096139433509247,12.33579084973613,0.09586056649075303,1.5,2025-12-26T18:30:00+00:00,12.33579084973613,TP,1.5,0.1791086181038947,1.3208913818961052,12,
UNI,RANGE_MEAN_REVERSION,LONG,34524,34525,2025-12-26T15:00:00+00:00,2025-12-26T15:15:00+00:00,5.776,5.7035905737898895,5.884614139315165,0.07240942621011026,1.5,2025-12-27T01:00:00+00:00,5.884614139315165,TP,1.4999999999999938,0.11272606792706397,1.38727393207293,39,
UNI,RANGE_MEAN_REVERSION,SHORT,34573,34574,2025-12-27T03:15:00+00:00,2025-12-27T03:30:00+00:00,5.976,6.006876379072431,5.929685431391353,0.030876379072431348,1.5,2025-12-27T03:30:00+00:00,6.006876379072431,SL,-1.0,0.2716644152370873,-1.2716644152370873,0,True
FET,RANGE_MEAN_REVERSION,SHORT,34574,34575,2025-12-27T03:30:00+00:00,2025-12-27T03:45:00+00:00,0.2146,0.21720181494282748,0.21069727758575882,0.002601814942827463,1.5,2025-12-27T10:30:00+00:00,0.21069727758575882,TP,1.5,0.1144232394893173,1.3855767605106828,27,
SOL,RANGE_MEAN_REVERSION,SHORT,34576,34577,2025-12-27T04:00:00+00:00,2025-12-27T04:15:00+00:00,123.44,124.00706505563123,122.58940241655316,0.5670650556312324,1.5,2025-12-27T10:30:00+00:00,122.58940241655316,TP,1.4999999999999876,0.303705156897525,1.1962948431024625,25,
AVAX,RANGE_MEAN_REVERSION,SHORT,34623,34624,2025-12-27T15:45:00+00:00,2025-12-27T16:00:00+00:00,12.556,12.594285061664507,12.498572407503236,0.03828506166450829,1.5,2025-12-27T16:45:00+00:00,12.594285061664507,SL,-1.0,0.4598451400559149,-1.459845140055915,3,
CRV,RANGE_MEAN_REVERSION,SHORT,34656,34657,2025-12-28T00:00:00+00:00,2025-12-28T00:15:00+00:00,0.403,0.4057327952058013,0.3989008071912981,0.002732795205801275,1.5,2025-12-28T00:15:00+00:00,0.4057327952058013,SL,-1.0,0.20715528022088744,-1.2071552802208874,0,True
AVAX,RANGE_MEAN_REVERSION,SHORT,34656,34657,2025-12-28T00:00:00+00:00,2025-12-28T00:15:00+00:00,12.713,12.83115308599076,12.535770371013857,0.11815308599076069,1.5,2025-12-28T02:15:00+00:00,12.83115308599076,SL,-1.0,0.15133677643926946,-1.1513367764392695,8,
AVAX,RANGE_MEAN_REVERSION,LONG,34704,34705,2025-12-28T12:00:00+00:00,2025-12-28T12:15:00+00:00,12.665,12.62910185747662,12.718847213785068,0.035898142523379306,1.5,2025-12-28T12:30:00+00:00,12.62910185747662,SL,-1.0,0.49322527728843824,-1.4932252772884382,1,
AVAX,RANGE_MEAN_REVERSION,LONG,34731,34732,2025-12-28T18:45:00+00:00,2025-12-28T19:00:00+00:00,12.591,12.542311660756257,12.664032508865613,0.04868833924374272,1.5,2025-12-28T20:00:00+00:00,12.542311660756257,SL,-1.0,0.3613456206516722,-1.3613456206516723,4,
BNB,RANGE_MEAN_REVERSION,SHORT,34903,34904,2025-12-30T13:45:00+00:00,2025-12-30T14:00:00+00:00,863.3,865.0106374099685,860.7340438850472,1.7106374099685127,1.5,2025-12-30T14:00:00+00:00,860.7340438850472,TP,1.5,0.705481958763983,0.794518041236017,0,True
ETH,RANGE_MEAN_REVERSION,SHORT,34880,34881,2025-12-30T08:00:00+00:00,2025-12-30T08:15:00+00:00,2987.92,3010.155750210052,2954.5663746849223,22.23575021005172,1.5,2025-12-30T19:00:00+00:00,2954.5663746849223,TP,1.5000000000000102,0.18707443747047608,1.3129255625295342,43,
AVAX,RANGE_MEAN_REVERSION,SHORT,34950,34951,2025-12-31T01:30:00+00:00,2025-12-31T01:45:00+00:00,12.658,12.743184621367108,12.530223067949336,0.0851846213671088,1.5,2025-12-31T07:00:00+00:00,12.530223067949336,TP,1.5,0.20698285517498877,1.2930171448250112,21,
ETH,RANGE_MEAN_REVERSION,SHORT,35000,35001,2025-12-31T14:00:00+00:00,2025-12-31T14:15:00+00:00,3014.11,3033.2611770862413,2985.383234370638,19.151177086241205,1.5,2025-12-31T14:45:00+00:00,2985.383234370638,TP,1.5000000000000118,0.21928914578710684,1.2807108542129049,2,
DOGE,RANGE_MEAN_REVERSION,LONG,35004,35005,2025-12-31T15:00:00+00:00,2025-12-31T15:15:00+00:00,0.12178,0.12101536258696764,0.12292695611954854,0.0007646374130323569,1.5,2025-12-31T15:30:00+00:00,0.12101536258696764,SL,-1.0,0.22227104103744053,-1.2222710410374404,1,
BTC,RANGE_MEAN_REVERSION,LONG,35005,35006,2025-12-31T15:15:00+00:00,2025-12-31T15:30:00+00:00,87951.9,87737.80908182889,88273.03637725665,214.0909181711031,1.5,2025-12-31T15:30:00+00:00,87737.80908182889,SL,-1.0,0.5744419119123559,-1.574441911912356,0,True
XRP,RANGE_MEAN_REVERSION,LONG,35006,35007,2025-12-31T15:30:00+00:00,2025-12-31T15:45:00+00:00,1.8566,1.8488632097523108,1.8682051853715338,0.007736790247689251,1.5,2025-12-31T16:30:00+00:00,1.8488632097523108,SL,-1.0,0.335258442297995,-1.335258442297995,3,
BNB,RANGE_MEAN_REVERSION,SHORT,35048,35049,2026-01-01T02:00:00+00:00,2026-01-01T02:15:00+00:00,873.0,876.2530660423015,868.1204009365478,3.253066042301498,1.5,2026-01-01T04:00:00+00:00,868.1204009365478,TP,1.5,0.37465709727593205,1.125342902724068,7,
AVAX,RANGE_MEAN_REVERSION,LONG,35057,35058,2026-01-01T04:15:00+00:00,2026-01-01T04:30:00+00:00,12.237,12.200240505600183,12.292139241599726,0.03675949439981707,1.5,2026-01-01T08:45:00+00:00,12.292139241599726,TP,1.5,0.46710102381618324,1.0328989761838168,17,
BNB,RANGE_MEAN_REVERSION,LONG,35089,35090,2026-01-01T12:15:00+00:00,2026-01-01T12:30:00+00:00,857.24,855.3255752906554,860.111637064017,1.9144247093446438,1.5,2026-01-01T13:00:00+00:00,860.111637064017,TP,1.5000000000000298,0.6279411982497536,0.8720588017502762,2,
AVAX,RANGE_MEAN_REVERSION,SHORT,35101,35102,2026-01-01T15:15:00+00:00,2026-01-01T15:30:00+00:00,12.455,12.493358649412913,12.39746202588063,0.03835864941291334,1.5,2026-01-01T15:30:00+00:00,12.493358649412913,SL,-1.0,0.4552780486768098,-1.4552780486768098,0,True
SUI,RANGE_MEAN_REVERSION,SHORT,35103,35104,2026-01-01T15:45:00+00:00,2026-01-01T16:00:00+00:00,1.4305,1.441154657470565,1.4145180137941529,0.010654657470564821,1.5,2026-01-01T17:15:00+00:00,1.441154657470565,SL,-1.0,0.18866474739171823,-1.1886647473917182,5,
AVAX,RANGE_MEAN_REVERSION,SHORT,35106,35107,2026-01-01T16:30:00+00:00,2026-01-01T16:45:00+00:00,12.559,12.623857494303842,12.461713758544235,0.06485749430384224,1.5,2026-01-01T17:30:00+00:00,12.623857494303842,SL,-1.0,0.2717958878187556,-1.2717958878187556,3,
LINK,RANGE_MEAN_REVERSION,SHORT,35103,35104,2026-01-01T15:45:00+00:00,2026-01-01T16:00:00+00:00,12.391,12.473021846239543,12.267967230640686,0.08202184623954345,1.5,2026-01-01T19:30:00+00:00,12.473021846239543,SL,-1.0,0.21219731193976302,-1.212197311939763,14,
XRP,RANGE_MEAN_REVERSION,SHORT,35109,35110,2026-01-01T17:15:00+00:00,2026-01-01T17:30:00+00:00,1.8702,1.8751801286763436,1.8627298069854847,0.004980128676343565,1.5,2026-01-01T20:00:00+00:00,1.8751801286763436,SL,-1.0,0.5264454516059521,-1.526445451605952,10,
BTC,RANGE_MEAN_REVERSION,SHORT,35110,35111,2026-01-01T17:30:00+00:00,2026-01-01T17:45:00+00:00,88308.5,88552.55193091843,87942.42210362235,244.05193091843103,1.5,2026-01-01T22:00:00+00:00,88552.55193091843,SL,-1.0,0.5072802984419789,-1.5072802984419789,17,
BTC,RANGE_MEAN_REVERSION,SHORT,35131,35132,2026-01-01T22:45:00+00:00,2026-01-01T23:00:00+00:00,88603.5,88748.79208442722,88385.56187335917,145.29208442721574,1.5,2026-01-01T23:15:00+00:00,88748.79208442722,SL,-1.0,0.8544622712828548,-1.8544622712828547,1,
SOL,RANGE_MEAN_REVERSION,SHORT,35135,35136,2026-01-01T23:45:00+00:00,2026-01-02T00:00:00+00:00,126.84,127.44725070802401,125.929123937964,0.6072507080240115,1.5,2026-01-02T02:00:00+00:00,125.929123937964,TP,1.4999999999999882,0.2913761720135836,1.2086238279864046,8,
SUI,RANGE_MEAN_REVERSION,SHORT,35132,35133,2026-01-01T23:00:00+00:00,2026-01-01T23:15:00+00:00,1.4695,1.4767810680097828,1.4585783979853257,0.007281068009782787,1.5,2026-01-02T03:00:00+00:00,1.4767810680097828,SL,-1.0,0.28325470176021256,-1.2832547017602125,15,
XRP,RANGE_MEAN_REVERSION,SHORT,35151,35152,2026-01-02T03:45:00+00:00,2026-01-02T04:00:00+00:00,1.8882,1.8950057922165309,1.877991311675204,0.0068057922165307705,1.5,2026-01-02T04:15:00+00:00,1.877991311675204,TP,1.4999999999999838,0.3873662072387665,1.1126337927612173,1,
BNB,RANGE_MEAN_REVERSION,SHORT,35176,35177,2026-01-02T10:00:00+00:00,2026-01-02T10:15:00+00:00,873.04,875.2630724215956,869.7053913676066,2.223072421595589,1.5,2026-01-02T11:00:00+00:00,869.7053913676066,TP,1.5,0.5487548503173537,0.9512451496826463,3,
AVAX,RANGE_MEAN_REVERSION,SHORT,35224,35225,2026-01-02T22:00:00+00:00,2026-01-02T22:15:00+00:00,13.919,14.025687686998346,13.758968469502483,0.1066876869983453,1.5,2026-01-02T23:15:00+00:00,13.758968469502483,TP,1.5,0.1816008807928532,1.3183991192071467,4,
AVAX,RANGE_MEAN_REVERSION,SHORT,35247,35248,2026-01-03T03:45:00+00:00,2026-01-03T04:00:00+00:00,14.245,14.34335051520706,14.097474227189409,0.09835051520706095,1.5,2026-01-03T04:15:00+00:00,14.097474227189409,TP,1.499999999999991,0.20172473847506817,1.2982752615249227,1,
ETH,RANGE_MEAN_REVERSION,LONG,35261,35262,2026-01-03T07:15:00+00:00,2026-01-03T07:30:00+00:00,3081.33,3068.9197555968294,3099.9453666047557,12.410244403170509,1.5,2026-01-03T08:15:00+00:00,3099.9453666047557,TP,1.5,0.3486549189569478,1.1513450810430523,3,
LINK,RANGE_MEAN_REVERSION,LONG,35261,35262,2026-01-03T07:15:00+00:00,2026-01-03T07:30:00+00:00,12.989,12.925622361185216,13.084066458222178,0.06337763881478509,1.5,2026-01-03T08:30:00+00:00,13.084066458222178,TP,1.5,0.2879745421582004,1.2120254578417997,4,
CRV,RANGE_MEAN_REVERSION,SHORT,35299,35300,2026-01-03T16:45:00+00:00,2026-01-03T17:00:00+00:00,0.413,0.4188889530870996,0.40416657036935055,0.005888953087099635,1.5,2026-01-03T17:30:00+00:00,0.4188889530870996,SL,-1.0,0.09888383530115179,-1.0988838353011519,2,
BTC,RANGE_MEAN_REVERSION,SHORT,35318,35319,2026-01-03T21:30:00+00:00,2026-01-03T21:45:00+00:00,90567.1,90790.65901913558,90231.76147129665,223.55901913557318,1.5,2026-01-04T00:00:00+00:00,90790.65901913558,SL,-1.0,0.5678609246196782,-1.5678609246196782,9,
SOL,RANGE_MEAN_REVERSION,SHORT,35322,35323,2026-01-03T22:30:00+00:00,2026-01-03T22:45:00+00:00,133.04,134.046349379139,131.53047593129148,1.0063493791390101,1.5,2026-01-04T00:00:00+00:00,134.046349379139,SL,-1.0,0.18578085150244017,-1.1857808515024402,5,
DOGE,RANGE_MEAN_REVERSION,SHORT,35325,35326,2026-01-03T23:15:00+00:00,2026-01-03T23:30:00+00:00,0.14345,0.1440723654695455,0.14251645179568173,0.0006223654695454994,1.5,2026-01-04T00:00:00+00:00,0.1440723654695455,SL,-1.0,0.32338821107099974,-1.3233882110709998,2,
ETH,RANGE_MEAN_REVERSION,SHORT,35328,35329,2026-01-04T00:00:00+00:00,2026-01-04T00:15:00+00:00,3146.52,3165.0259559180704,3118.7610661228946,18.505955918070413,1.5,2026-01-04T00:45:00+00:00,3165.0259559180704,SL,-1.0,0.23873839258573765,-1.2387383925857376,2,
XRP,RANGE_MEAN_REVERSION,SHORT,35329,35330,2026-01-04T00:15:00+00:00,2026-01-04T00:30:00+00:00,2.0276,2.038214483070223,2.011678275394666,0.010614483070222835,1.5,2026-01-04T00:45:00+00:00,2.038214483070223,SL,-1.0,0.268130828352191,-1.268130828352191,1,
SUI,RANGE_MEAN_REVERSION,SHORT,35328,35329,2026-01-04T00:00:00+00:00,2026-01-04T00:15:00+00:00,1.6853,1.7012589356091836,1.6613615965862247,0.0159589356091836,1.5,2026-01-04T03:00:00+00:00,1.7012589356091836,SL,-1.0,0.14854319316648332,-1.1485431931664833,11,
DOGE,RANGE_MEAN_REVERSION,SHORT,35331,35332,2026-01-04T00:45:00+00:00,2026-01-04T01:00:00+00:00,0.14628,0.14775667705077597,0.14406498442383603,0.0014766770507759763,1.5,2026-01-04T03:00:00+00:00,0.14775667705077597,SL,-1.0,0.1393843520676266,-1.1393843520676266,8,
ADA,RANGE_MEAN_REVERSION,SHORT,35343,35344,2026-01-04T03:45:00+00:00,2026-01-04T04:00:00+00:00,0.3994,0.40159282268758856,0.3961107659686171,0.0021928226875885803,1.5,2026-01-04T04:15:00+00:00,0.40159282268758856,SL,-1.0,0.25569553756209135,-1.2556955375620913,1,
DOGE,RANGE_MEAN_REVERSION,SHORT,35343,35344,2026-01-04T03:45:00+00:00,2026-01-04T04:00:00+00:00,0.15097,0.15262243033284772,0.1484913545007284,0.0016524303328477319,1.5,2026-01-04T04:15:00+00:00,0.15262243033284772,SL,-1.0,0.128607359117376,-1.128607359117376,1,
XRP,RANGE_MEAN_REVERSION,SHORT,35343,35344,2026-01-04T03:45:00+00:00,2026-01-04T04:00:00+00:00,2.0567,2.066224461402747,2.0424133078958797,0.009524461402746986,1.5,2026-01-04T04:15:00+00:00,2.066224461402747,SL,-1.0,0.3030142074122477,-1.3030142074122477,1,
BNB,RANGE_MEAN_REVERSION,SHORT,35347,35348,2026-01-04T04:45:00+00:00,2026-01-04T05:00:00+00:00,889.41,892.7710079875226,884.3684880187161,3.361007987522612,1.5,2026-01-04T06:45:00+00:00,884.3684880187161,TP,1.4999999999999831,0.3694263584682266,1.1305736415317567,7,
ADA,RANGE_MEAN_REVERSION,SHORT,35368,35369,2026-01-04T10:00:00+00:00,2026-01-04T10:15:00+00:00,0.4038,0.40630941520851016,0.40003587718723477,0.0025094152085101684,1.5,2026-01-04T11:00:00+00:00,0.40003587718723477,TP,1.499999999999989,0.22422957831881823,1.2757704216811707,3,
SUI,RANGE_MEAN_REVERSION,SHORT,35397,35398,2026-01-04T17:15:00+00:00,2026-01-04T17:30:00+00:00,1.7194,1.730069029818706,1.7033964552719412,0.010669029818705988,1.5,2026-01-04T17:45:00+00:00,1.730069029818706,SL,-1.0,0.2263212646232867,-1.2263212646232866,1,
DOGE,RANGE_MEAN_REVERSION,LONG,35463,35464,2026-01-05T09:45:00+00:00,2026-01-05T10:00:00+00:00,0.14682,0.145594778768449,0.1486578318473265,0.0012252212315509992,1.5,2026-01-05T10:30:00+00:00,0.145594778768449,SL,-1.0,0.1670639880103924,-1.1670639880103924,2,
ADA,RANGE_MEAN_REVERSION,LONG,35740,35741,2026-01-08T07:00:00+00:00,2026-01-08T07:15:00+00:00,0.3916,0.3868364422140158,0.39874533667897627,0.004763557785984196,1.5,2026-01-08T10:00:00+00:00,0.3868364422140158,SL,-1.0,0.11439044807078548,-1.1143904480707856,11,
DOGE,RANGE_MEAN_REVERSION,LONG,35843,35844,2026-01-09T08:45:00+00:00,2026-01-09T09:00:00+00:00,0.13963,0.13833050214870607,0.1415792467769409,0.0012994978512939348,1.5,2026-01-09T13:30:00+00:00,0.1415792467769409,TP,1.4999999999999893,0.15147887512692296,1.3485211248730664,18,
SOL,RANGE_MEAN_REVERSION,LONG,35992,35993,2026-01-10T22:00:00+00:00,2026-01-10T22:15:00+00:00,135.41,135.15014100872915,135.79978848690627,0.2598589912708462,1.5,2026-01-10T22:30:00+00:00,135.79978848690627,TP,1.5,0.730576421513776,0.769423578486224,1,
AVAX,RANGE_MEAN_REVERSION,LONG,35992,35993,2026-01-10T22:00:00+00:00,2026-01-10T22:15:00+00:00,13.723,13.691548198890853,13.770177701663723,0.03145180110914758,1.5,2026-01-10T22:45:00+00:00,13.691548198890853,SL,-1.0,0.6101457806065752,-1.610145780606575,2,
CRV,RANGE_MEAN_REVERSION,LONG,35994,35995,2026-01-10T22:30:00+00:00,2026-01-10T22:45:00+00:00,0.407,0.40515792878184703,0.4097631068272294,0.0018420712181529408,1.5,2026-01-10T22:45:00+00:00,0.40515792878184703,SL,-1.0,0.308625716826162,-1.3086257168261621,0,True
SOL,RANGE_MEAN_REVERSION,SHORT,36053,36054,2026-01-11T13:15:00+00:00,2026-01-11T13:30:00+00:00,137.16,137.4427593774374,136.7358609338439,0.28275937743740087,1.5,2026-01-11T14:00:00+00:00,137.4427593774374,SL,-1.0,0.6798074507953729,-1.6798074507953729,2,
BTC,RANGE_MEAN_REVERSION,SHORT,36051,36052,2026-01-11T12:45:00+00:00,2026-01-11T13:00:00+00:00,90889.3,91026.13627472152,90684.04558791773,136.8362747215142,1.5,2026-01-11T14:45:00+00:00,91026.13627472152,SL,-1.0,0.9306070751448468,-1.9306070751448468,7,
DOGE,RANGE_MEAN_REVERSION,SHORT,36051,36052,2026-01-11T12:45:00+00:00,2026-01-11T13:00:00+00:00,0.14087,0.14139014345948983,0.14008978481076523,0.0005201434594898358,1.5,2026-01-11T15:00:00+00:00,0.14008978481076523,TP,1.5000000000000266,0.3781107803613147,1.121889219638712,8,
ADA,RANGE_MEAN_REVERSION,SHORT,36052,36053,2026-01-11T13:00:00+00:00,2026-01-11T13:15:00+00:00,0.3948,0.39809279689289506,0.38986080466065737,0.003292796892895078,1.5,2026-01-11T15:45:00+00:00,0.38986080466065737,TP,1.5,0.16680730124825285,1.333192698751747,10,
BNB,RANGE_MEAN_REVERSION,LONG,36080,36081,2026-01-11T20:00:00+00:00,2026-01-11T20:15:00+00:00,903.22,901.2801190279606,906.1298214580592,1.9398809720394183,1.5,2026-01-11T20:15:00+00:00,901.2801190279606,SL,-1.0,0.6511482413230791,-1.6511482413230791,0,True
ADA,RANGE_MEAN_REVERSION,LONG,36151,36152,2026-01-12T13:45:00+00:00,2026-01-12T14:00:00+00:00,0.3822,0.3800601340547051,0.38540979891794225,0.002139865945294861,1.5,2026-01-12T14:30:00+00:00,0.38540979891794225,TP,1.4999999999999871,0.2511030470969615,1.2488969529030256,2,
BNB,RANGE_MEAN_REVERSION,SHORT,36220,36221,2026-01-13T07:00:00+00:00,2026-01-13T07:15:00+00:00,914.65,917.0402408405747,911.0646387391379,2.3902408405747337,1.5,2026-01-13T07:45:00+00:00,911.0646387391379,TP,1.5,0.5346742576827953,0.9653257423172047,2,
BTC,RANGE_MEAN_REVERSION,SHORT,36213,36214,2026-01-13T05:15:00+00:00,2026-01-13T05:30:00+00:00,92046.2,92364.46840248718,91568.79739626922,318.2684024871851,1.5,2026-01-13T09:00:00+00:00,92364.46840248718,SL,-1.0,0.40559309963840556,-1.4055930996384056,14,
ETH,RANGE_MEAN_REVERSION,SHORT,36213,36214,2026-01-13T05:15:00+00:00,2026-01-13T05:30:00+00:00,3138.93,3151.8181554815696,3119.597766777645,12.888155481569811,1.5,2026-01-13T13:30:00+00:00,3151.8181554815696,SL,-1.0,0.3416721434757814,-1.3416721434757815,32,
CRV,RANGE_MEAN_REVERSION,SHORT,36231,36232,2026-01-13T09:45:00+00:00,2026-01-13T10:00:00+00:00,0.409,0.41400455916921625,0.40149316124617557,0.005004559169216272,1.5,2026-01-13T13:30:00+00:00,0.41400455916921625,SL,-1.0,0.11511567191814635,-1.1151156719181463,14,
SUI,RANGE_MEAN_REVERSION,SHORT,36213,36214,2026-01-13T05:15:00+00:00,2026-01-13T05:30:00+00:00,1.801,1.813947653113628,1.7815785203295578,0.01294765311362811,1.5,2026-01-13T14:15:00+00:00,1.813947653113628,SL,-1.0,0.19543799443592516,-1.1954379944359252,35,
ADA,RANGE_MEAN_REVERSION,SHORT,36250,36251,2026-01-13T14:30:00+00:00,2026-01-13T14:45:00+00:00,0.4014,0.4040634195741501,0.39740487063877483,0.0026634195741501165,1.5,2026-01-13T14:45:00+00:00,0.39740487063877483,TP,1.4999999999999896,0.20994191635223994,1.2900580836477495,0,True
LINK,RANGE_MEAN_REVERSION,SHORT,36250,36251,2026-01-13T14:30:00+00:00,2026-01-13T14:45:00+00:00,13.494,13.551575933795196,13.407636099307206,0.057575933795195766,1.5,2026-01-13T14:45:00+00:00,13.407636099307206,TP,1.5,0.32706625890775126,1.1729337410922487,0,True
DOGE,RANGE_MEAN_REVERSION,SHORT,36250,36251,2026-01-13T14:30:00+00:00,2026-01-13T14:45:00+00:00,0.14146,0.14227198093318819,0.14024202860021773,0.0008119809331881833,1.5,2026-01-13T15:00:00+00:00,0.14024202860021773,TP,1.5,0.24285227886558225,1.2571477211344178,1,
ETH,RANGE_MEAN_REVERSION,SHORT,36250,36251,2026-01-13T14:30:00+00:00,2026-01-13T14:45:00+00:00,3157.06,3171.2583081630023,3135.7625377554964,14.198308163002366,1.5,2026-01-13T15:00:00+00:00,3135.7625377554964,TP,1.5,0.31024652556191407,1.189753474438086,1,
XRP,RANGE_MEAN_REVERSION,SHORT,36250,36251,2026-01-13T14:30:00+00:00,2026-01-13T14:45:00+00:00,2.0896,2.1020218139768065,2.07096727903479,0.01242181397680664,1.5,2026-01-13T15:00:00+00:00,2.07096727903479,TP,1.5,0.23445827644514952,1.2655417235548505,1,
LINK,RANGE_MEAN_REVERSION,SHORT,36273,36274,2026-01-13T20:15:00+00:00,2026-01-13T20:30:00+00:00,13.752,13.82206645133374,13.646900322999393,0.07006645133373901,1.5,2026-01-13T22:00:00+00:00,13.82206645133374,SL,-1.0,0.2754791508420411,-1.275479150842041,6,
AVAX,RANGE_MEAN_REVERSION,SHORT,36280,36281,2026-01-13T22:00:00+00:00,2026-01-13T22:15:00+00:00,14.706,14.901068385018371,14.413397422472443,0.19506838501837187,1.5,2026-01-14T13:45:00+00:00,14.413397422472443,TP,1.4999999999999953,0.1044945247986287,1.3955054752013667,62,
ADA,RANGE_MEAN_REVERSION,LONG,36395,36396,2026-01-15T02:45:00+00:00,2026-01-15T03:00:00+00:00,0.4054,0.40273414183945844,0.4093987872408123,0.0026658581605415455,1.5,2026-01-15T03:15:00+00:00,0.40273414183945844,SL,-1.0,0.21219954897101695,-1.212199548971017,1,
XRP,RANGE_MEAN_REVERSION,LONG,36462,36463,2026-01-15T19:30:00+00:00,2026-01-15T19:45:00+00:00,2.0574,2.044391269320121,2.076913096019818,0.013008730679878955,1.5,2026-01-15T22:30:00+00:00,2.076913096019818,TP,1.499999999999983,0.22246745193135184,1.277532548068631,11,
DOGE,RANGE_MEAN_REVERSION,LONG,36525,36526,2026-01-16T11:15:00+00:00,2026-01-16T11:30:00+00:00,0.13805,0.1373104081095682,0.13915938783564769,0.0007395918904317955,1.5,2026-01-16T11:30:00+00:00,0.1373104081095682,SL,-1.0,0.2606197933892478,-1.2606197933892478,0,True
ADA,RANGE_MEAN_REVERSION,LONG,36542,36543,2026-01-16T15:30:00+00:00,2026-01-16T15:45:00+00:00,0.3824,0.3795789184559309,0.3866316223161037,0.002821081544069126,1.5,2026-01-16T15:45:00+00:00,0.3795789184559309,SL,-1.0,0.1890711893956093,-1.1890711893956092,0,True
XRP,RANGE_MEAN_REVERSION,LONG,36542,36543,2026-01-16T15:30:00+00:00,2026-01-16T15:45:00+00:00,2.0354,2.0249736802280047,2.051039479657993,0.010426319771995374,1.5,2026-01-16T17:45:00+00:00,2.051039479657993,TP,1.5,0.2743544892459361,1.225645510754064,8,
LINK,RANGE_MEAN_REVERSION,LONG,36543,36544,2026-01-16T15:45:00+00:00,2026-01-16T16:00:00+00:00,13.479,13.374036252919394,13.636445620620908,0.10496374708060507,1.5,2026-01-16T17:45:00+00:00,13.636445620620908,TP,1.5000000000000084,0.18083207261892673,1.3191679273810817,7,
DOGE,RANGE_MEAN_REVERSION,LONG,36542,36543,2026-01-16T15:30:00+00:00,2026-01-16T15:45:00+00:00,0.13583,0.1348607016579523,0.13728394751307155,0.000969298342047703,1.5,2026-01-16T18:00:00+00:00,0.13728394751307155,TP,1.4999999999999858,0.19723521125113136,1.3027647887488545,9,
ADA,RANGE_MEAN_REVERSION,SHORT,36564,36565,2026-01-16T21:00:00+00:00,2026-01-16T21:15:00+00:00,0.3957,0.39911451854925445,0.3905782221761183,0.0034145185492544528,1.5,2026-01-17T14:30:00+00:00,0.39911451854925445,SL,-1.0,0.1629424924652875,-1.1629424924652876,69,
AVAX,RANGE_MEAN_REVERSION,SHORT,36631,36632,2026-01-17T13:45:00+00:00,2026-01-17T14:00:00+00:00,13.765,13.80535694934828,13.704464575977582,0.04035694934827916,1.5,2026-01-17T14:30:00+00:00,13.80535694934828,SL,-1.0,0.4782137940603958,-1.4782137940603959,2,
XRP,RANGE_MEAN_REVERSION,SHORT,36634,36635,2026-01-17T14:30:00+00:00,2026-01-17T14:45:00+00:00,2.0741,2.0808868198267043,2.0639197702599437,0.00678681982670426,1.5,2026-01-17T15:15:00+00:00,2.0808868198267043,SL,-1.0,0.4285498728630729,-1.4285498728630728,2,
ETH,RANGE_MEAN_REVERSION,SHORT,36637,36638,2026-01-17T15:15:00+00:00,2026-01-17T15:30:00+00:00,3316.63,3324.8042315442954,3304.3686526835572,8.174231544295253,1.5,2026-01-17T15:30:00+00:00,3324.8042315442954,SL,-1.0,0.5687389618080392,-1.5687389618080392,0,True
LINK,RANGE_MEAN_REVERSION,SHORT,36634,36635,2026-01-17T14:30:00+00:00,2026-01-17T14:45:00+00:00,13.821,13.869622359318969,13.748066461021546,0.04862235931896919,1.5,2026-01-17T15:45:00+00:00,13.869622359318969,SL,-1.0,0.3986527170424895,-1.3986527170424896,4,
DOGE,RANGE_MEAN_REVERSION,SHORT,36636,36637,2026-01-17T15:00:00+00:00,2026-01-17T15:15:00+00:00,0.13843,0.1389609463030864,0.1376335805453704,0.0005309463030863937,1.5,2026-01-17T15:45:00+00:00,0.1389609463030864,SL,-1.0,0.3657124294555361,-1.365712429455536,2,
BNB,RANGE_MEAN_REVERSION,SHORT,36639,36640,2026-01-17T15:45:00+00:00,2026-01-17T16:00:00+00:00,956.02,961.9262721125453,947.1605918311819,5.906272112545366,1.5,2026-01-17T22:45:00+00:00,947.1605918311819,TP,1.5,0.22556129973288536,1.2744387002671147,27,
SUI,RANGE_MEAN_REVERSION,LONG,36666,36667,2026-01-17T22:30:00+00:00,2026-01-17T22:45:00+00:00,1.778,1.7707705034134062,1.7888442448798907,0.0072294965865937755,1.5,2026-01-18T00:00:00+00:00,1.7888442448798907,TP,1.5,0.3453616640536105,1.1546383359463894,5,
ETH,RANGE_MEAN_REVERSION,LONG,36667,36668,2026-01-17T22:45:00+00:00,2026-01-17T23:00:00+00:00,3300.37,3292.1492319044087,3312.701152143387,8.220768095591211,1.5,2026-01-18T00:00:00+00:00,3312.701152143387,TP,1.5000000000000278,0.563104293014053,0.9368957069859748,4,
LINK,RANGE_MEAN_REVERSION,LONG,36666,36667,2026-01-17T22:30:00+00:00,2026-01-17T22:45:00+00:00,13.688,13.642739886708599,13.755890169937103,0.04526011329140189,1.5,2026-01-18T00:15:00+00:00,13.755890169937103,TP,1.5,0.42445150314295504,1.075548496857045,6,
AVAX,RANGE_MEAN_REVERSION,LONG,36725,36726,2026-01-18T13:15:00+00:00,2026-01-18T13:30:00+00:00,13.527,13.484664345266538,13.590503482100193,0.04233565473346168,1.5,2026-01-18T14:15:00+00:00,13.590503482100193,TP,1.5000000000000209,0.44837507668132864,1.0516249233186923,3,
SOL,RANGE_MEAN_REVERSION,LONG,36676,36677,2026-01-18T01:00:00+00:00,2026-01-18T01:15:00+00:00,142.35,141.63879441171395,143.41680838242905,0.7112055882860489,1.5,2026-01-18T14:45:00+00:00,141.63879441171395,SL,-1.0,0.27951433363631695,-1.279514333636317,54,
XRP,RANGE_MEAN_REVERSION,LONG,36679,36680,2026-01-18T01:45:00+00:00,2026-01-18T02:00:00+00:00,2.0507,2.043301857559474,2.061797213660789,0.0073981424405258345,1.5,2026-01-18T18:30:00+00:00,2.061797213660789,TP,1.50000000000003,0.38911768362193644,1.1108823163780936,66,
FET,RANGE_MEAN_REVERSION,SHORT,36845,36846,2026-01-19T19:15:00+00:00,2026-01-19T19:30:00+00:00,0.2503,0.2532121000757357,0.24593184988639652,0.0029121000757356685,1.5,2026-01-19T21:30:00+00:00,0.24593184988639652,TP,1.5,0.11928240303785757,1.3807175969621424,8,
SUI,RANGE_MEAN_REVERSION,LONG,36917,36918,2026-01-20T13:15:00+00:00,2026-01-20T13:30:00+00:00,1.5055,1.4981486117598752,1.5165270823601873,0.007351388240124823,1.5,2026-01-20T14:30:00+00:00,1.5165270823601873,TP,1.5,0.28775775248896557,1.2122422475110344,4,
SUI,RANGE_MEAN_REVERSION,LONG,36957,36958,2026-01-20T23:15:00+00:00,2026-01-20T23:30:00+00:00,1.4704,1.4430577840748493,1.5114133238877259,0.027342215925150626,1.5,2026-01-21T00:45:00+00:00,1.5114133238877259,TP,1.5,0.07633870394540489,1.4236612960545951,5,
BNB,RANGE_MEAN_REVERSION,LONG,37008,37009,2026-01-21T12:00:00+00:00,2026-01-21T12:15:00+00:00,866.28,862.6852557609396,871.6721163585905,3.594744239060333,1.5,2026-01-21T12:45:00+00:00,871.6721163585905,TP,1.5000000000000158,0.33842921792094566,1.1615707820790702,2,
SUI,RANGE_MEAN_REVERSION,LONG,37008,37009,2026-01-21T12:00:00+00:00,2026-01-21T12:15:00+00:00,1.4606,1.448940130333863,1.4780898044992052,0.011659869666136968,1.5,2026-01-21T13:00:00+00:00,1.4780898044992052,TP,1.4999999999999905,0.1764241730011529,1.3235758269988376,3,
ETH,RANGE_MEAN_REVERSION,LONG,37009,37010,2026-01-21T12:15:00+00:00,2026-01-21T12:30:00+00:00,2909.93,2891.946130781327,2936.905803828009,17.98386921867268,1.5,2026-01-21T13:00:00+00:00,2936.905803828009,TP,1.5000000000000127,0.2275808955744663,1.2724191044255464,2,
BTC,RANGE_MEAN_REVERSION,LONG,37008,37009,2026-01-21T12:00:00+00:00,2026-01-21T12:15:00+00:00,88350.5,87939.37425959161,88967.18861061259,411.1257404083881,1.5,2026-01-21T13:30:00+00:00,88967.18861061259,TP,1.5000000000000178,0.30190856428530344,1.1980914357147143,5,
FET,RANGE_MEAN_REVERSION,LONG,37008,37009,2026-01-21T12:00:00+00:00,2026-01-21T12:15:00+00:00,0.2331,0.23085254106097505,0.23647118840853742,0.002247458939024949,1.5,2026-01-21T14:00:00+00:00,0.23647118840853742,TP,1.5,0.14625398763840433,1.3537460123615956,7,
BNB,RANGE_MEAN_REVERSION,LONG,37115,37116,2026-01-22T14:45:00+00:00,2026-01-22T15:00:00+00:00,883.43,879.765344931188,888.9269826032179,3.6646550688119532,1.5,2026-01-22T15:15:00+00:00,879.765344931188,SL,-1.0,0.33679479194530565,-1.3367947919453056,1,
BTC,RANGE_MEAN_REVERSION,LONG,37191,37192,2026-01-23T09:45:00+00:00,2026-01-23T10:00:00+00:00,88940.0,88725.47173363791,89261.79239954313,214.5282663620892,1.5,2026-01-23T11:30:00+00:00,89261.79239954313,TP,1.5,0.581467686263483,0.918532313736517,6,
BNB,RANGE_MEAN_REVERSION,LONG,37314,37315,2026-01-24T16:30:00+00:00,2026-01-24T16:45:00+00:00,887.3,886.1540501840885,889.018924723867,1.1459498159114219,1.5,2026-01-24T17:15:00+00:00,889.018924723867,TP,1.4999999999999505,1.085059075050124,0.4149409249498266,2,
BNB,RANGE_MEAN_REVERSION,LONG,37348,37349,2026-01-25T01:00:00+00:00,2026-01-25T01:15:00+00:00,885.75,884.7888838252723,887.1916742620916,0.9611161747277492,1.5,2026-01-25T01:30:00+00:00,884.7888838252723,SL,-1.0,1.2895186360054371,-2.289518636005437,1,
XRP,RANGE_MEAN_REVERSION,LONG,37575,37576,2026-01-27T09:45:00+00:00,2026-01-27T10:00:00+00:00,1.8825,1.87842039966653,1.888619400500205,0.00407960033346999,1.5,2026-01-27T11:30:00+00:00,1.888619400500205,TP,1.5,0.6470691647641914,0.8529308352358086,6,
ETH,RANGE_MEAN_REVERSION,SHORT,37603,37604,2026-01-27T16:45:00+00:00,2026-01-27T17:00:00+00:00,2989.59,3007.996317293001,2961.9805240604987,18.40631729300094,1.5,2026-01-27T17:00:00+00:00,2961.9805240604987,TP,1.5,0.22634073402757873,1.2736592659724213,0,True
DOGE,RANGE_MEAN_REVERSION,SHORT,37670,37671,2026-01-28T09:30:00+00:00,2026-01-28T09:45:00+00:00,0.12681,0.12748741595139654,0.1257938760729052,0.0006774159513965317,1.5,2026-01-28T10:15:00+00:00,0.12748741595139654,SL,-1.0,0.2627753167001803,-1.2627753167001803,2,
SOL,RANGE_MEAN_REVERSION,LONG,37738,37739,2026-01-29T02:30:00+00:00,2026-01-29T02:45:00+00:00,123.62,122.77481519089856,124.88777721365216,0.8451848091014398,1.5,2026-01-29T03:15:00+00:00,122.77481519089856,SL,-1.0,0.20406941627003172,-1.2040694162700318,2,
ADA,RANGE_MEAN_REVERSION,LONG,37739,37740,2026-01-29T02:45:00+00:00,2026-01-29T03:00:00+00:00,0.3504,0.34782744108950225,0.35425883836574656,0.0025725589104977353,1.5,2026-01-29T04:00:00+00:00,0.34782744108950225,SL,-1.0,0.18998951074286072,-1.1899895107428606,4,
XRP,RANGE_MEAN_REVERSION,LONG,37738,37739,2026-01-29T02:30:00+00:00,2026-01-29T02:45:00+00:00,1.8777,1.8653035991906843,1.8962946012139734,0.012396400809315589,1.5,2026-01-29T04:15:00+00:00,1.8653035991906843,SL,-1.0,0.21135993904493122,-1.2113599390449312,6,
FET,RANGE_MEAN_REVERSION,LONG,37775,37776,2026-01-29T11:45:00+00:00,2026-01-29T12:00:00+00:00,0.2192,0.2179938027582103,0.22100929586268458,0.0012061972417897193,1.5,2026-01-29T12:30:00+00:00,0.2179938027582103,SL,-1.0,0.25371941779327956,-1.2537194177932796,2,
AVAX,RANGE_MEAN_REVERSION,LONG,37778,37779,2026-01-29T12:30:00+00:00,2026-01-29T12:45:00+00:00,11.562,11.497164311350556,11.659253532974166,0.06483568864944367,1.5,2026-01-29T14:30:00+00:00,11.497164311350556,SL,-1.0,0.24895879652361633,-1.2489587965236164,7,
BTC,RANGE_MEAN_REVERSION,LONG,37739,37740,2026-01-29T02:45:00+00:00,2026-01-29T03:00:00+00:00,87857.9,87451.91094713063,88466.88357930403,405.98905286936497,1.5,2026-01-29T14:45:00+00:00,87451.91094713063,SL,-1.0,0.3022664448602214,-1.3022664448602215,47,
XRP,RANGE_MEAN_REVERSION,LONG,38826,38827,2026-02-09T10:30:00+00:00,2026-02-09T10:45:00+00:00,1.3761,1.3656953164199552,1.3917070253700674,0.010404683580044871,1.5,2026-02-09T11:00:00+00:00,1.3917070253700674,TP,1.5,0.18621084465027926,1.3137891553497207,1,
ETH,RANGE_MEAN_REVERSION,LONG,38894,38895,2026-02-10T03:30:00+00:00,2026-02-10T03:45:00+00:00,2060.42,2040.1886346604042,2090.767048009394,20.231365339595868,1.5,2026-02-10T06:15:00+00:00,2040.1886346604042,SL,-1.0,0.14187999653411534,-1.1418799965341153,10,
UNI,RANGE_MEAN_REVERSION,LONG,38894,38895,2026-02-10T03:30:00+00:00,2026-02-10T03:45:00+00:00,3.396,3.36393494113714,3.4440975882942895,0.03206505886285971,1.5,2026-02-10T06:30:00+00:00,3.36393494113714,SL,-1.0,0.1475735466145338,-1.1475735466145338,11,
SOL,RANGE_MEAN_REVERSION,LONG,38907,38908,2026-02-10T06:45:00+00:00,2026-02-10T07:00:00+00:00,84.56,83.92503494662684,85.51244758005976,0.6349650533731648,1.5,2026-02-10T11:30:00+00:00,83.92503494662684,SL,-1.0,0.18574175670944604,-1.185741756709446,18,
XRP,RANGE_MEAN_REVERSION,LONG,38927,38928,2026-02-10T11:45:00+00:00,2026-02-10T12:00:00+00:00,1.407,1.4003075840980581,1.417038623852913,0.006692415901941917,1.5,2026-02-10T14:15:00+00:00,1.417038623852913,TP,1.5,0.29538317188616886,1.2046168281138312,9,
DOGE,RANGE_MEAN_REVERSION,LONG,38907,38908,2026-02-10T06:45:00+00:00,2026-02-10T07:00:00+00:00,0.09329,0.09253891603318475,0.09441662595022288,0.0007510839668152525,1.5,2026-02-10T14:30:00+00:00,0.09253891603318475,SL,-1.0,0.1731900119966557,-1.1731900119966556,30,
BTC,RANGE_MEAN_REVERSION,LONG,38994,38995,2026-02-11T04:30:00+00:00,2026-02-11T04:45:00+00:00,67467.4,67113.92556582832,67997.6116512575,353.4744341716723,1.5,2026-02-11T06:00:00+00:00,67113.92556582832,SL,-1.0,0.2665169494275963,-1.2665169494275963,5,
ETH,RANGE_MEAN_REVERSION,LONG,38994,38995,2026-02-11T04:30:00+00:00,2026-02-11T04:45:00+00:00,1973.0,1955.8707700809557,1998.6938448785663,17.129229919044292,1.5,2026-02-11T06:00:00+00:00,1955.8707700809557,SL,-1.0,0.1605565195898844,-1.1605565195898844,5,
FET,RANGE_MEAN_REVERSION,LONG,38994,38995,2026-02-11T04:30:00+00:00,2026-02-11T04:45:00+00:00,0.1536,0.15185517212136027,0.15621724181795957,0.0017448278786397209,1.5,2026-02-11T06:00:00+00:00,0.15185517212136027,SL,-1.0,0.12254424811898729,-1.1225442481189873,5,
LINK,RANGE_MEAN_REVERSION,LONG,39018,39019,2026-02-11T10:30:00+00:00,2026-02-11T10:45:00+00:00,8.208,8.160991179062737,8.278513231405896,0.047008820937262996,1.5,2026-02-11T11:45:00+00:00,8.278513231405896,TP,1.5000000000000189,0.24549773918784132,1.2545022608121776,4,
ADA,RANGE_MEAN_REVERSION,SHORT,39110,39111,2026-02-12T09:30:00+00:00,2026-02-12T09:45:00+00:00,0.2652,0.2671109481354297,0.26233357779685545,0.0019109481354296909,1.5,2026-02-12T10:45:00+00:00,0.2671109481354297,SL,-1.0,0.19499098734619238,-1.1949909873461924,4,
BTC,RANGE_MEAN_REVERSION,SHORT,39227,39228,2026-02-13T14:45:00+00:00,2026-02-13T15:00:00+00:00,67709.6,68204.56382991817,66967.15425512276,494.9638299181679,1.5,2026-02-13T15:00:00+00:00,68204.56382991817,SL,-1.0,0.19221589322329302,-1.1922158932232931,0,True
ETH,RANGE_MEAN_REVERSION,SHORT,39227,39228,2026-02-13T14:45:00+00:00,2026-02-13T15:00:00+00:00,1989.99,2009.3779361870704,1960.9080957193944,19.38793618707041,1.5,2026-02-13T15:00:00+00:00,2009.3779361870704,SL,-1.0,0.14439688310909243,-1.1443968831090925,0,True
SUI,RANGE_MEAN_REVERSION,SHORT,39228,39229,2026-02-13T15:00:00+00:00,2026-02-13T15:15:00+00:00,0.9472,0.9571609563049306,0.9322585655426042,0.009960956304930546,1.5,2026-02-13T15:30:00+00:00,0.9571609563049306,SL,-1.0,0.13382778004493479,-1.1338277800449348,1,
XRP,RANGE_MEAN_REVERSION,SHORT,39228,39229,2026-02-13T15:00:00+00:00,2026-02-13T15:15:00+00:00,1.3949,1.4070857628639155,1.3766213557041267,0.012185762863915484,1.5,2026-02-13T15:30:00+00:00,1.4070857628639155,SL,-1.0,0.16095750884934867,-1.1609575088493487,1,
LINK,RANGE_MEAN_REVERSION,SHORT,39230,39231,2026-02-13T15:30:00+00:00,2026-02-13T15:45:00+00:00,8.723,8.863491206846202,8.5122631897307,0.14049120684620142,1.5,2026-02-13T16:30:00+00:00,8.863491206846202,SL,-1.0,0.08762501313173959,-1.0876250131317395,3,
ETH,RANGE_MEAN_REVERSION,SHORT,39232,39233,2026-02-13T16:00:00+00:00,2026-02-13T16:15:00+00:00,2050.16,2072.5947566828663,2016.5078649757002,22.434756682866464,1.5,2026-02-13T16:30:00+00:00,2072.5947566828663,SL,-1.0,0.12863648892978655,-1.1286364889297866,1,
FET,RANGE_MEAN_REVERSION,SHORT,39230,39231,2026-02-13T15:30:00+00:00,2026-02-13T15:45:00+00:00,0.1647,0.16798625388130378,0.15977061917804436,0.003286253881303769,1.5,2026-02-13T16:45:00+00:00,0.16798625388130378,SL,-1.0,0.0708649989101028,-1.070864998910103,4,
CRV,RANGE_MEAN_REVERSION,SHORT,39234,39235,2026-02-13T16:30:00+00:00,2026-02-13T16:45:00+00:00,0.251,0.25381975337250434,0.2467703699412435,0.002819753372504341,1.5,2026-02-13T21:00:00+00:00,0.25381975337250434,SL,-1.0,0.12532082798677777,-1.1253208279867777,17,
DOGE,RANGE_MEAN_REVERSION,SHORT,39252,39253,2026-02-13T21:00:00+00:00,2026-02-13T21:15:00+00:00,0.09742,0.09806392765671229,0.09645410851493158,0.0006439276567122842,1.5,2026-02-13T23:45:00+00:00,0.09645410851493158,TP,1.5,0.21075640181904787,1.2892435981809522,10,
ADA,RANGE_MEAN_REVERSION,SHORT,39269,39270,2026-02-14T01:15:00+00:00,2026-02-14T01:30:00+00:00,0.2762,0.2781091025159985,0.2733363462260022,0.0019091025159985175,1.5,2026-02-14T08:00:00+00:00,0.2781091025159985,SL,-1.0,0.20324543522915786,-1.203245435229158,26,
AVAX,RANGE_MEAN_REVERSION,SHORT,39230,39231,2026-02-13T15:30:00+00:00,2026-02-13T15:45:00+00:00,9.13,9.254336065554918,8.943495901667625,0.1243360655549175,1.5,2026-02-14T08:30:00+00:00,9.254336065554918,SL,-1.0,0.10350203047244061,-1.1035020304724406,67,
SOL,RANGE_MEAN_REVERSION,SHORT,39296,39297,2026-02-14T08:00:00+00:00,2026-02-14T08:15:00+00:00,85.52,86.29069409557145,84.36395885664281,0.7706940955714572,1.5,2026-02-14T08:45:00+00:00,86.29069409557145,SL,-1.0,0.15605087226952688,-1.1560508722695269,2,
XRP,RANGE_MEAN_REVERSION,SHORT,39298,39299,2026-02-14T08:30:00+00:00,2026-02-14T08:45:00+00:00,1.4396,1.4469418034957071,1.4285872947564393,0.007341803495707122,1.5,2026-02-14T08:45:00+00:00,1.4469418034957071,SL,-1.0,0.2752156556122024,-1.2752156556122025,0,True
BNB,RANGE_MEAN_REVERSION,SHORT,39299,39300,2026-02-14T08:45:00+00:00,2026-02-14T09:00:00+00:00,627.23,629.1179231596568,624.3981152605148,1.8879231596567934,1.5,2026-02-14T09:45:00+00:00,629.1179231596568,SL,-1.0,0.46582592184082017,-1.4658259218408203,3,
DOGE,RANGE_MEAN_REVERSION,SHORT,39302,39303,2026-02-14T09:30:00+00:00,2026-02-14T09:45:00+00:00,0.09773,0.09817620822015441,0.09706068766976839,0.0004462082201544121,1.5,2026-02-14T09:45:00+00:00,0.09817620822015441,SL,-1.0,0.30733262983512993,-1.30733262983513,0,True
FET,RANGE_MEAN_REVERSION,SHORT,39299,39300,2026-02-14T08:45:00+00:00,2026-02-14T09:00:00+00:00,0.1724,0.1741198922536787,0.16982016161948196,0.0017198922536786898,1.5,2026-02-14T10:30:00+00:00,0.16982016161948196,TP,1.5,0.13928437239091773,1.3607156276090824,6,
BTC,RANGE_MEAN_REVERSION,SHORT,39296,39297,2026-02-14T08:00:00+00:00,2026-02-14T08:15:00+00:00,69524.8,69882.46476176569,68988.30285735147,357.6647617656854,1.5,2026-02-14T11:00:00+00:00,69882.46476176569,SL,-1.0,0.27283952954014035,-1.2728395295401405,11,
ETH,RANGE_MEAN_REVERSION,SHORT,39296,39297,2026-02-14T08:00:00+00:00,2026-02-14T08:15:00+00:00,2071.4,2088.1037240444125,2046.3444139333815,16.70372404441241,1.5,2026-02-14T11:00:00+00:00,2088.1037240444125,SL,-1.0,0.17431158459571597,-1.174311584595716,11,
LINK,RANGE_MEAN_REVERSION,SHORT,39299,39300,2026-02-14T08:45:00+00:00,2026-02-14T09:00:00+00:00,8.958,8.996541756970243,8.900187364544635,0.03854175697024331,1.5,2026-02-14T11:15:00+00:00,8.996541756970243,SL,-1.0,0.32609253489877493,-1.3260925348987749,9,
AVAX,RANGE_MEAN_REVERSION,SHORT,39310,39311,2026-02-14T11:30:00+00:00,2026-02-14T11:45:00+00:00,9.337,9.374204023618317,9.281193964572523,0.037204023618317095,1.5,2026-02-14T11:45:00+00:00,9.374204023618317,SL,-1.0,0.35205446999243933,-1.3520544699924393,0,True
DOGE,RANGE_MEAN_REVERSION,SHORT,39311,39312,2026-02-14T11:45:00+00:00,2026-02-14T12:00:00+00:00,0.10054,0.10121019483524689,0.09953470774712968,0.0006701948352468845,1.5,2026-02-14T12:45:00+00:00,0.09953470774712968,TP,1.5,0.20897250778036613,1.2910274922196339,3,
ADA,RANGE_MEAN_REVERSION,SHORT,39309,39310,2026-02-14T11:15:00+00:00,2026-02-14T11:30:00+00:00,0.2828,0.2851065332168107,0.279340200174784,0.00230653321681068,1.5,2026-02-14T14:45:00+00:00,0.2851065332168107,SL,-1.0,0.17235154922305942,-1.1723515492230594,13,
CRV,RANGE_MEAN_REVERSION,SHORT,39325,39326,2026-02-14T15:15:00+00:00,2026-02-14T15:30:00+00:00,0.261,0.26351926171269263,0.25722110743096105,0.002519261712692622,1.5,2026-02-14T16:00:00+00:00,0.26351926171269263,SL,-1.0,0.14574249326659094,-1.145742493266591,2,
BNB,RANGE_MEAN_REVERSION,SHORT,39323,39324,2026-02-14T14:45:00+00:00,2026-02-14T15:00:00+00:00,636.1,639.0662264266066,631.6506603600901,2.9662264266065677,1.5,2026-02-14T16:15:00+00:00,631.6506603600901,TP,1.500000000000019,0.29917657475235243,1.2008234252476666,5,
ADA,RANGE_MEAN_REVERSION,SHORT,39331,39332,2026-02-14T16:45:00+00:00,2026-02-14T17:00:00+00:00,0.2894,0.2919259516591305,0.28561107251130424,0.0025259516591304987,1.5,2026-02-14T17:15:00+00:00,0.2919259516591305,SL,-1.0,0.1610989524247139,-1.161098952424714,1,
SOL,RANGE_MEAN_REVERSION,SHORT,39331,39332,2026-02-14T16:45:00+00:00,2026-02-14T17:00:00+00:00,88.04,88.49087858151495,87.3636821277276,0.4508785815149423,1.5,2026-02-14T21:30:00+00:00,87.3636821277276,TP,1.4999999999999842,0.27231849664905905,1.2276815033509252,18,
ETH,RANGE_MEAN_REVERSION,LONG,39366,39367,2026-02-15T01:30:00+00:00,2026-02-15T01:45:00+00:00,2055.39,2045.7458929025759,2069.856160646136,9.644107097424012,1.5,2026-02-15T02:00:00+00:00,2069.856160646136,TP,1.4999999999999882,0.29942350113714583,1.2005764988628425,1,
AVAX,RANGE_MEAN_REVERSION,LONG,39431,39432,2026-02-15T17:45:00+00:00,2026-02-15T18:00:00+00:00,9.25,9.144189680091653,9.40871547986252,0.10581031990834688,1.5,2026-02-15T19:00:00+00:00,9.144189680091653,SL,-1.0,0.12168881813434945,-1.1216888181343494,4,
SUI,RANGE_MEAN_REVERSION,LONG,39435,39436,2026-02-15T18:45:00+00:00,2026-02-15T19:00:00+00:00,0.9652,0.9576238130200211,0.9765642804699682,0.007576186979978861,1.5,2026-02-15T19:00:00+00:00,0.9576238130200211,SL,-1.0,0.1776588503782902,-1.17765885037829,0,True
DOGE,RANGE_MEAN_REVERSION,LONG,39431,39432,2026-02-15T17:45:00+00:00,2026-02-15T18:00:00+00:00,0.10498,0.10252280006272703,0.10866579990590947,0.0024571999372729747,1.5,2026-02-15T19:30:00+00:00,0.10252280006272703,SL,-1.0,0.05911279657816979,-1.0591127965781697,6,
FET,RANGE_MEAN_REVERSION,LONG,39431,39432,2026-02-15T17:45:00+00:00,2026-02-15T18:00:00+00:00,0.1693,0.16752545264911928,0.1719618210263211,0.0017745473508807286,1.5,2026-02-15T20:15:00+00:00,0.1719618210263211,TP,1.5,0.13461645562732616,1.3653835443726738,9,
CRV,RANGE_MEAN_REVERSION,LONG,39431,39432,2026-02-15T17:45:00+00:00,2026-02-15T18:00:00+00:00,0.249,0.24456041249851593,0.2556593812522261,0.004439587501484071,1.5,2026-02-16T04:15:00+00:00,0.2556593812522261,TP,1.499999999999997,0.07957080849481388,1.420429191505183,41,
XRP,RANGE_MEAN_REVERSION,SHORT,39494,39495,2026-02-16T09:30:00+00:00,2026-02-16T09:45:00+00:00,1.5044,1.5193773690404255,1.4819339464393617,0.01497736904042557,1.5,2026-02-16T11:00:00+00:00,1.4819339464393617,TP,1.4999999999999927,0.13957282863667458,1.360427171363318,5,
BTC,RANGE_MEAN_REVERSION,LONG,39431,39432,2026-02-15T17:45:00+00:00,2026-02-15T18:00:00+00:00,68607.8,67984.78885942798,69542.31671085804,623.0111405720236,1.5,2026-02-16T12:15:00+00:00,69542.31671085804,TP,1.5,0.1552220745343493,1.3447779254656507,73,
BNB,RANGE_MEAN_REVERSION,SHORT,39507,39508,2026-02-16T12:45:00+00:00,2026-02-16T13:00:00+00:00,628.02,630.681596220122,624.027605669817,2.6615962201219645,1.5,2026-02-16T13:00:00+00:00,630.681596220122,SL,-1.0,0.33103861160191694,-1.331038611601917,0,True
ETH,RANGE_MEAN_REVERSION,SHORT,39508,39509,2026-02-16T13:00:00+00:00,2026-02-16T13:15:00+00:00,2008.44,2030.5435089244424,1975.2847366133365,22.103508924442394,1.5,2026-02-16T13:15:00+00:00,1975.2847366133365,TP,1.5,0.12616129525686537,1.3738387047431346,0,True
SUI,RANGE_MEAN_REVERSION,SHORT,39508,39509,2026-02-16T13:00:00+00:00,2026-02-16T13:15:00+00:00,0.987,0.9996688795338099,0.9679966806992851,0.012668879533809907,1.5,2026-02-16T13:15:00+00:00,0.9679966806992851,TP,1.5,0.10802041907789393,1.391979580922106,0,True
BNB,RANGE_MEAN_REVERSION,SHORT,39544,39545,2026-02-16T22:00:00+00:00,2026-02-16T22:15:00+00:00,627.05,629.9935086823838,622.6347369764242,2.943508682383822,1.5,2026-02-17T02:00:00+00:00,622.6347369764242,TP,1.5000000000000193,0.29718931053909803,1.2028106894609212,15,
BNB,RANGE_MEAN_REVERSION,LONG,39589,39590,2026-02-17T09:15:00+00:00,2026-02-17T09:30:00+00:00,618.76,617.2765512561513,620.985173115773,1.4834487438487258,1.5,2026-02-17T10:15:00+00:00,617.2765512561513,SL,-1.0,0.5832527678944442,-1.5832527678944444,3,
XRP,RANGE_MEAN_REVERSION,LONG,39589,39590,2026-02-17T09:15:00+00:00,2026-02-17T09:30:00+00:00,1.4571,1.4512640303374704,1.4658539544937945,0.005835969662529639,1.5,2026-02-17T10:45:00+00:00,1.4512640303374704,SL,-1.0,0.34884602541846915,-1.348846025418469,5,
AVAX,RANGE_MEAN_REVERSION,LONG,39594,39595,2026-02-17T10:30:00+00:00,2026-02-17T10:45:00+00:00,9.07,9.032275917351905,9.126586123972142,0.03772408264809535,1.5,2026-02-17T12:00:00+00:00,9.126586123972142,TP,1.4999999999999765,0.33765195579709106,1.1623480442028855,5,
LINK,RANGE_MEAN_REVERSION,LONG,39594,39595,2026-02-17T10:30:00+00:00,2026-02-17T10:45:00+00:00,8.747,8.717029009921776,8.791956485117336,0.029970990078224347,1.5,2026-02-17T12:00:00+00:00,8.791956485117336,TP,1.4999999999999705,0.4096384372868042,1.0903615627131662,5,
SOL,RANGE_MEAN_REVERSION,LONG,39594,39595,2026-02-17T10:30:00+00:00,2026-02-17T10:45:00+00:00,85.03,84.61423123242967,85.65365315135548,0.4157687675703272,1.5,2026-02-17T12:45:00+00:00,84.61423123242967,SL,-1.0,0.2856178027913413,-1.2856178027913412,8,
XRP,RANGE_MEAN_REVERSION,LONG,39611,39612,2026-02-17T14:45:00+00:00,2026-02-17T15:00:00+00:00,1.4346,1.420721254759879,1.4554181178601815,0.013878745240121004,1.5,2026-02-17T15:15:00+00:00,1.4554181178601815,TP,1.499999999999992,0.14576337035526485,1.3542366296447272,1,
ETH,RANGE_MEAN_REVERSION,SHORT,39679,39680,2026-02-18T07:45:00+00:00,2026-02-18T08:00:00+00:00,2017.2,2026.936582602276,2002.595126096586,9.73658260227603,1.5,2026-02-18T08:15:00+00:00,2026.936582602276,SL,-1.0,0.2907483789188869,-1.290748378918887,1,
ADA,RANGE_MEAN_REVERSION,SHORT,39681,39682,2026-02-18T08:15:00+00:00,2026-02-18T08:30:00+00:00,0.2858,0.2872458139777567,0.28363127903336494,0.001445813977756727,1.5,2026-02-18T10:30:00+00:00,0.28363127903336494,TP,1.499999999999981,0.275693762445022,1.224306237554959,8,
BTC,RANGE_MEAN_REVERSION,SHORT,39681,39682,2026-02-18T08:15:00+00:00,2026-02-18T08:30:00+00:00,68254.7,68563.35161877047,67791.7225718443,308.6516187704692,1.5,2026-02-18T10:30:00+00:00,67791.7225718443,TP,1.5,0.30854364600339673,1.1914563539966032,8,
LINK,RANGE_MEAN_REVERSION,SHORT,39681,39682,2026-02-18T08:15:00+00:00,2026-02-18T08:30:00+00:00,8.955,9.017110504216248,8.861834243675627,0.062110504216247975,1.5,2026-02-18T10:30:00+00:00,8.861834243675627,TP,1.5000000000000142,0.20079991505382672,1.2992000849461876,8,
SUI,RANGE_MEAN_REVERSION,SHORT,39681,39682,2026-02-18T08:15:00+00:00,2026-02-18T08:30:00+00:00,0.982,0.9888724559220284,0.9716913161169574,0.006872455922028453,1.5,2026-02-18T10:30:00+00:00,0.9716913161169574,TP,1.499999999999992,0.1989949352600894,1.3010050647399025,8,
BNB,RANGE_MEAN_REVERSION,SHORT,39681,39682,2026-02-18T08:15:00+00:00,2026-02-18T08:30:00+00:00,624.5,628.2522346410178,618.8716480384733,3.7522346410178216,1.5,2026-02-18T10:45:00+00:00,618.8716480384733,TP,1.5,0.2319578163136513,1.2680421836863487,9,
SOL,RANGE_MEAN_REVERSION,LONG,39692,39693,2026-02-18T11:00:00+00:00,2026-02-18T11:15:00+00:00,83.42,82.90122504282799,84.19816243575802,0.5187749571720133,1.5,2026-02-18T11:45:00+00:00,82.90122504282799,SL,-1.0,0.22442266327704774,-1.2244226632770476,2,
SUI,RANGE_MEAN_REVERSION,LONG,39779,39780,2026-02-19T08:45:00+00:00,2026-02-19T09:00:00+00:00,0.9089,0.8989743510001527,0.9237884734997711,0.00992564899984738,1.5,2026-02-19T13:30:00+00:00,0.8989743510001527,SL,-1.0,0.12749917367817112,-1.1274991736781712,18,
ETH,RANGE_MEAN_REVERSION,LONG,39796,39797,2026-02-19T13:00:00+00:00,2026-02-19T13:15:00+00:00,1938.55,1927.083061331211,1955.7504080031836,11.466938668788998,1.5,2026-02-19T13:30:00+00:00,1927.083061331211,SL,-1.0,0.23597781597079193,-1.235977815970792,1,
FET,RANGE_MEAN_REVERSION,LONG,39796,39797,2026-02-19T13:00:00+00:00,2026-02-19T13:15:00+00:00,0.1607,0.15956410311364078,0.16240384532953886,0.0011358968863592334,1.5,2026-02-19T13:30:00+00:00,0.15956410311364078,SL,-1.0,0.19736375270655415,-1.1973637527065542,1,
SOL,RANGE_MEAN_REVERSION,LONG,39796,39797,2026-02-19T13:00:00+00:00,2026-02-19T13:15:00+00:00,80.52,79.87095484735543,81.49356772896684,0.6490451526445611,1.5,2026-02-19T13:30:00+00:00,79.87095484735543,SL,-1.0,0.17298283168079315,-1.172982831680793,1,
UNI,RANGE_MEAN_REVERSION,LONG,39796,39797,2026-02-19T13:00:00+00:00,2026-02-19T13:15:00+00:00,3.34,3.308027910972091,3.387958133541863,0.03197208902790871,1.5,2026-02-19T13:30:00+00:00,3.308027910972091,SL,-1.0,0.14555256410109077,-1.1455525641010909,1,
BTC,RANGE_MEAN_REVERSION,LONG,39799,39800,2026-02-19T13:45:00+00:00,2026-02-19T14:00:00+00:00,65871.2,65575.94577760379,66314.08133359431,295.2542223962082,1.5,2026-02-19T14:30:00+00:00,66314.08133359431,TP,1.5,0.31338991931281623,1.1866100806871838,2,
AVAX,RANGE_MEAN_REVERSION,LONG,39799,39800,2026-02-19T13:45:00+00:00,2026-02-19T14:00:00+00:00,8.698,8.628663088556394,8.80200536716541,0.06933691144360665,1.5,2026-02-19T14:45:00+00:00,8.80200536716541,TP,1.5,0.17667362883590518,1.3233263711640948,3,
LINK,RANGE_MEAN_REVERSION,LONG,39799,39800,2026-02-19T13:45:00+00:00,2026-02-19T14:00:00+00:00,8.395,8.32847915140669,8.494781272889965,0.06652084859330998,1.5,2026-02-19T14:45:00+00:00,8.494781272889965,TP,1.5,0.17773145023005615,1.3222685497699438,3,
BNB,RANGE_MEAN_REVERSION,LONG,39799,39800,2026-02-19T13:45:00+00:00,2026-02-19T14:00:00+00:00,598.02,593.7169690677489,604.4745463983766,4.30303093225109,1.5,2026-02-19T15:00:00+00:00,604.4745463983766,TP,1.499999999999987,0.19561704197150911,1.3043829580284778,4,
XRP,RANGE_MEAN_REVERSION,LONG,39799,39800,2026-02-19T13:45:00+00:00,2026-02-19T14:00:00+00:00,1.3918,1.380961292332991,1.4080580615005132,0.010838707667008896,1.5,2026-02-19T15:00:00+00:00,1.4080580615005132,TP,1.4999999999999898,0.180824200011958,1.3191757999880318,4,
SUI,RANGE_MEAN_REVERSION,SHORT,39842,39843,2026-02-20T00:30:00+00:00,2026-02-20T00:45:00+00:00,0.9356,0.9404249043840921,0.9283626434238619,0.00482490438409211,1.5,2026-02-20T02:00:00+00:00,0.9404249043840921,SL,-1.0,0.2721748098052661,-1.272174809805266,5,
AVAX,RANGE_MEAN_REVERSION,SHORT,39869,39870,2026-02-20T07:15:00+00:00,2026-02-20T07:30:00+00:00,9.161,9.202738662241664,9.098392006637503,0.04173866224166467,1.5,2026-02-20T07:30:00+00:00,9.202738662241664,SL,-1.0,0.3079786551169658,-1.3079786551169659,0,True
ADA,RANGE_MEAN_REVERSION,SHORT,39881,39882,2026-02-20T10:15:00+00:00,2026-02-20T10:30:00+00:00,0.279,0.280619876207107,0.27657018568933955,0.0016198762071069628,1.5,2026-02-20T11:30:00+00:00,0.27657018568933955,TP,1.500000000000017,0.24007953711296046,1.2599204628870566,4,
DOGE,RANGE_MEAN_REVERSION,LONG,39893,39894,2026-02-20T13:15:00+00:00,2026-02-20T13:30:00+00:00,0.09757,0.09681608618153352,0.09870087072769973,0.000753913818466484,1.5,2026-02-20T13:30:00+00:00,0.09681608618153352,SL,-1.0,0.1804851655376875,-1.1804851655376876,0,True
UNI,RANGE_MEAN_REVERSION,LONG,39894,39895,2026-02-20T13:30:00+00:00,2026-02-20T13:45:00+00:00,3.327,3.290247299585084,3.382129050622374,0.03675270041491574,1.5,2026-02-20T14:30:00+00:00,3.382129050622374,TP,1.500000000000006,0.12778354467607164,1.3722164553239344,3,
XRP,RANGE_MEAN_REVERSION,LONG,39895,39896,2026-02-20T13:45:00+00:00,2026-02-20T14:00:00+00:00,1.3831,1.371754890949084,1.4001176635763741,0.011345109050916014,1.5,2026-02-20T14:30:00+00:00,1.4001176635763741,TP,1.5000000000000098,0.17172619106258466,1.328273808937425,2,
UNI,RANGE_MEAN_REVERSION,SHORT,39974,39975,2026-02-21T09:30:00+00:00,2026-02-21T09:45:00+00:00,3.627,3.657027689562824,3.5819584656557635,0.0300276895628242,1.5,2026-02-21T10:00:00+00:00,3.657027689562824,SL,-1.0,0.1698039195465299,-1.16980391954653,1,
ETH,RANGE_MEAN_REVERSION,SHORT,39981,39982,2026-02-21T11:15:00+00:00,2026-02-21T11:30:00+00:00,1982.73,1991.2086205246815,1970.0120692129778,8.478620524681446,1.5,2026-02-21T12:15:00+00:00,1970.0120692129778,TP,1.5,0.3263407579563825,1.1736592420436174,3,
AVAX,RANGE_MEAN_REVERSION,SHORT,39993,39994,2026-02-21T14:15:00+00:00,2026-02-21T14:30:00+00:00,9.415,9.471474285246483,9.330288572130273,0.0564742852464839,1.5,2026-02-21T15:15:00+00:00,9.330288572130273,TP,1.5,0.23234826157110414,1.267651738428896,3,
BNB,RANGE_MEAN_REVERSION,SHORT,39994,39995,2026-02-21T14:30:00+00:00,2026-02-21T14:45:00+00:00,633.77,635.9972266011812,630.4291600982282,2.2272266011812007,1.5,2026-02-21T15:15:00+00:00,630.4291600982282,TP,1.5,0.3973279645633882,1.1026720354366117,2,
XRP,RANGE_MEAN_REVERSION,SHORT,39994,39995,2026-02-21T14:30:00+00:00,2026-02-21T14:45:00+00:00,1.4584,1.4671161563113,1.4453257655330498,0.008716156311300072,1.5,2026-02-21T16:00:00+00:00,1.4453257655330498,TP,1.5,0.23320004406506087,1.2667999559349392,5,
SOL,RANGE_MEAN_REVERSION,SHORT,39993,39994,2026-02-21T14:15:00+00:00,2026-02-21T14:30:00+00:00,86.22,86.84675424494745,85.27986863257883,0.626754244947449,1.5,2026-02-21T20:30:00+00:00,85.27986863257883,TP,1.5,0.19154223367545106,1.308457766324549,24,
ETH,RANGE_MEAN_REVERSION,SHORT,39994,39995,2026-02-21T14:30:00+00:00,2026-02-21T14:45:00+00:00,1988.45,2000.4108297223136,1970.5087554165298,11.96082972231352,1.5,2026-02-21T21:00:00+00:00,1970.5087554165298,TP,1.5,0.23169555901474193,1.2683044409852582,25,
FET,RANGE_MEAN_REVERSION,LONG,40034,40035,2026-02-22T00:30:00+00:00,2026-02-22T00:45:00+00:00,0.1625,0.16162434253621913,0.16381348619567132,0.0008756574637808767,1.5,2026-02-22T02:45:00+00:00,0.16162434253621913,SL,-1.0,0.2591047860149677,-1.2591047860149678,8,
CRV,RANGE_MEAN_REVERSION,LONG,40045,40046,2026-02-22T03:15:00+00:00,2026-02-22T03:30:00+00:00,0.234,0.23181610087742466,0.23727584868386303,0.0021838991225753557,1.5,2026-02-22T06:00:00+00:00,0.23181610087742466,SL,-1.0,0.14930692871458218,-1.1493069287145823,10,
FET,RANGE_MEAN_REVERSION,LONG,40081,40082,2026-02-22T12:15:00+00:00,2026-02-22T12:30:00+00:00,0.1598,0.15893459882179017,0.16109810176731473,0.0008654011782098237,1.5,2026-02-22T13:30:00+00:00,0.15893459882179017,SL,-1.0,0.2578159410838672,-1.2578159410838672,4,
UNI,RANGE_MEAN_REVERSION,LONG,40081,40082,2026-02-22T12:15:00+00:00,2026-02-22T12:30:00+00:00,3.504,3.4828897407276784,3.535665388908482,0.021110259272321574,1.5,2026-02-22T13:30:00+00:00,3.4828897407276784,SL,-1.0,0.23167990290493065,-1.2316799029049306,4,
DOGE,RANGE_MEAN_REVERSION,LONG,40082,40083,2026-02-22T12:30:00+00:00,2026-02-22T12:45:00+00:00,0.09643,0.09608133480352694,0.09695299779470959,0.00034866519647305805,1.5,2026-02-22T13:30:00+00:00,0.09608133480352694,SL,-1.0,0.386496661340507,-1.386496661340507,3,
ADA,RANGE_MEAN_REVERSION,LONG,40083,40084,2026-02-22T12:45:00+00:00,2026-02-22T13:00:00+00:00,0.2731,0.27201749521282076,0.2747237571807689,0.0010825047871792504,1.5,2026-02-22T13:30:00+00:00,0.27201749521282076,SL,-1.0,0.3524993618211029,-1.352499361821103,2,
AVAX,RANGE_MEAN_REVERSION,LONG,40086,40087,2026-02-22T13:30:00+00:00,2026-02-22T13:45:00+00:00,8.883,8.84564724514285,8.939029132285723,0.037352754857149506,1.5,2026-02-22T14:45:00+00:00,8.84564724514285,SL,-1.0,0.332239298521904,-1.332239298521904,4,
SOL,RANGE_MEAN_REVERSION,LONG,40086,40087,2026-02-22T13:30:00+00:00,2026-02-22T13:45:00+00:00,83.81,83.42369980249981,84.38945029625029,0.38630019750019073,1.5,2026-02-22T14:45:00+00:00,83.42369980249981,SL,-1.0,0.30303787215043315,-1.3030378721504332,4,
XRP,RANGE_MEAN_REVERSION,LONG,40087,40088,2026-02-22T13:45:00+00:00,2026-02-22T14:00:00+00:00,1.3994,1.3937552746782926,1.407867087982561,0.0056447253217073445,1.5,2026-02-22T14:45:00+00:00,1.3937552746782926,SL,-1.0,0.34637800439214617,-1.3463780043921463,3,
BTC,RANGE_MEAN_REVERSION,LONG,40090,40091,2026-02-22T14:30:00+00:00,2026-02-22T14:45:00+00:00,67416.0,67237.00967045549,67684.48549431676,178.99032954451104,1.5,2026-02-22T15:30:00+00:00,67684.48549431676,TP,1.4999999999999594,0.5283544652198884,0.971645534780071,3,
ETH,RANGE_MEAN_REVERSION,LONG,40087,40088,2026-02-22T13:45:00+00:00,2026-02-22T14:00:00+00:00,1949.9,1938.9818390016594,1966.277241497511,10.918160998340682,1.5,2026-02-22T17:30:00+00:00,1938.9818390016594,SL,-1.0,0.24932928610549693,-1.249329286105497,14,
XRP,RANGE_MEAN_REVERSION,LONG,40112,40113,2026-02-22T20:00:00+00:00,2026-02-22T20:15:00+00:00,1.3802,1.3755627779669894,1.387155833049516,0.004637222033010646,1.5,2026-02-22T21:00:00+00:00,1.387155833049516,TP,1.499999999999976,0.4177391268619063,1.0822608731380696,3,
LINK,RANGE_MEAN_REVERSION,LONG,40102,40103,2026-02-22T17:30:00+00:00,2026-02-22T17:45:00+00:00,8.624,8.582286103886451,8.686570844170324,0.041713896113549254,1.5,2026-02-22T22:15:00+00:00,8.686570844170324,TP,1.5,0.2904883197180742,1.209511680281926,18,
AVAX,RANGE_MEAN_REVERSION,LONG,40102,40103,2026-02-22T17:30:00+00:00,2026-02-22T17:45:00+00:00,8.805,8.768395667912705,8.859906498130943,0.03660433208729508,1.5,2026-02-22T22:30:00+00:00,8.859906498130943,TP,1.5000000000000242,0.33781341834628237,1.1621865816537418,19,
CRV,RANGE_MEAN_REVERSION,LONG,40082,40083,2026-02-22T12:30:00+00:00,2026-02-22T12:45:00+00:00,0.228,0.22579511009366277,0.2313073348595059,0.002204889906337243,1.5,2026-02-22T23:00:00+00:00,0.2313073348595059,TP,1.5000000000000062,0.1458191329542409,1.3541808670457653,41,
BNB,RANGE_MEAN_REVERSION,LONG,40276,40277,2026-02-24T13:00:00+00:00,2026-02-24T13:15:00+00:00,582.78,579.2375674465402,588.0936488301896,3.5424325534597756,1.5,2026-02-24T13:30:00+00:00,579.2375674465402,SL,-1.0,0.229619699157898,-1.229619699157898,1,
BNB,RANGE_MEAN_REVERSION,LONG,40281,40282,2026-02-24T14:15:00+00:00,2026-02-24T14:30:00+00:00,578.93,575.9009851743846,583.473522238423,3.029014825615377,1.5,2026-02-24T14:30:00+00:00,583.473522238423,TP,1.5,0.2686294100266042,1.2313705899733958,0,True
AVAX,RANGE_MEAN_REVERSION,SHORT,40357,40358,2026-02-25T09:15:00+00:00,2026-02-25T09:30:00+00:00,8.685,8.730327398186873,8.617008902719693,0.04532739818687226,1.5,2026-02-25T09:45:00+00:00,8.730327398186873,SL,-1.0,0.26894835499871017,-1.2689483549987102,1,
ADA,RANGE_MEAN_REVERSION,SHORT,40356,40357,2026-02-25T09:00:00+00:00,2026-02-25T09:15:00+00:00,0.2697,0.27125749709919766,0.2673637543512035,0.0015574970991976689,1.5,2026-02-25T12:00:00+00:00,0.27125749709919766,SL,-1.0,0.2431274178067536,-1.2431274178067535,11,
UNI,RANGE_MEAN_REVERSION,SHORT,40357,40358,2026-02-25T09:15:00+00:00,2026-02-25T09:30:00+00:00,3.549,3.570421996367392,3.5168670054489115,0.021421996367392282,1.5,2026-02-25T12:00:00+00:00,3.570421996367392,SL,-1.0,0.23263916733003498,-1.232639167330035,10,
AVAX,RANGE_MEAN_REVERSION,SHORT,40365,40366,2026-02-25T11:15:00+00:00,2026-02-25T11:30:00+00:00,8.911,8.996625488807346,8.78256176678898,0.08562548880734688,1.5,2026-02-25T12:00:00+00:00,8.996625488807346,SL,-1.0,0.14639727044792739,-1.1463972704479275,2,
LINK,RANGE_MEAN_REVERSION,SHORT,40369,40370,2026-02-25T12:15:00+00:00,2026-02-25T12:30:00+00:00,8.731,8.791350274787586,8.64047458781862,0.060350274787586144,1.5,2026-02-25T12:45:00+00:00,8.791350274787586,SL,-1.0,0.20324091705501748,-1.2032409170550176,1,
BNB,RANGE_MEAN_REVERSION,SHORT,40370,40371,2026-02-25T12:30:00+00:00,2026-02-25T12:45:00+00:00,609.61,611.8411734456784,606.2632398314825,2.231173445678337,1.5,2026-02-25T12:45:00+00:00,611.8411734456784,SL,-1.0,0.3832135162186043,-1.3832135162186043,0,True
DOGE,RANGE_MEAN_REVERSION,SHORT,40370,40371,2026-02-25T12:30:00+00:00,2026-02-25T12:45:00+00:00,0.09524,0.09568024695340846,0.09457962956988733,0.00044024695340845466,1.5,2026-02-25T12:45:00+00:00,0.09568024695340846,SL,-1.0,0.30356637753582094,-1.3035663775358208,0,True
XRP,RANGE_MEAN_REVERSION,SHORT,40370,40371,2026-02-25T12:30:00+00:00,2026-02-25T12:45:00+00:00,1.3939,1.4012069711006947,1.3829395433489577,0.007306971100694781,1.5,2026-02-25T12:45:00+00:00,1.4012069711006947,SL,-1.0,0.2677682520989369,-1.2677682520989368,0,True
UNI,RANGE_MEAN_REVERSION,SHORT,40371,40372,2026-02-25T12:45:00+00:00,2026-02-25T13:00:00+00:00,3.668,3.708881948259034,3.6066770776114496,0.040881948259033685,1.5,2026-02-25T13:00:00+00:00,3.708881948259034,SL,-1.0,0.12631045201326174,-1.1263104520132616,0,True
ADA,RANGE_MEAN_REVERSION,SHORT,40371,40372,2026-02-25T12:45:00+00:00,2026-02-25T13:00:00+00:00,0.2766,0.27927229677763904,0.27259155483354147,0.002672296777639027,1.5,2026-02-25T13:30:00+00:00,0.27927229677763904,SL,-1.0,0.14560905472786836,-1.1456090547278683,2,
BTC,RANGE_MEAN_REVERSION,SHORT,40371,40372,2026-02-25T12:45:00+00:00,2026-02-25T13:00:00+00:00,66038.7,66372.90862318302,65537.38706522547,334.20862318301806,1.5,2026-02-25T13:30:00+00:00,66372.90862318302,SL,-1.0,0.27733612961108606,-1.2773361296110861,2,
SUI,RANGE_MEAN_REVERSION,SHORT,40372,40373,2026-02-25T13:00:00+00:00,2026-02-25T13:15:00+00:00,0.9078,0.9135461290440423,0.8991808064339366,0.0057461290440422585,1.5,2026-02-25T13:30:00+00:00,0.9135461290440423,SL,-1.0,0.22187846471229605,-1.221878464712296,1,
DOGE,RANGE_MEAN_REVERSION,SHORT,40374,40375,2026-02-25T13:30:00+00:00,2026-02-25T13:45:00+00:00,0.0968,0.09736277536017021,0.09595583695974468,0.0005627753601702146,1.5,2026-02-25T13:45:00+00:00,0.09736277536017021,SL,-1.0,0.2415065626025475,-1.2415065626025474,0,True
SOL,RANGE_MEAN_REVERSION,SHORT,40374,40375,2026-02-25T13:30:00+00:00,2026-02-25T13:45:00+00:00,83.97,84.47770179087293,83.20844731369061,0.5077017908729289,1.5,2026-02-25T14:15:00+00:00,84.47770179087293,SL,-1.0,0.23224931125587311,-1.232249311255873,2,
LINK,RANGE_MEAN_REVERSION,SHORT,40374,40375,2026-02-25T13:30:00+00:00,2026-02-25T13:45:00+00:00,8.934,9.011990498335342,8.817014252496985,0.07799049833534255,1.5,2026-02-25T14:30:00+00:00,9.011990498335342,SL,-1.0,0.161073382232025,-1.161073382232025,3,
XRP,RANGE_MEAN_REVERSION,SHORT,40374,40375,2026-02-25T13:30:00+00:00,2026-02-25T13:45:00+00:00,1.4149,1.424565409116174,1.4004018863257393,0.009665409116173862,1.5,2026-02-25T14:30:00+00:00,1.424565409116174,SL,-1.0,0.20564321307985575,-1.2056432130798558,3,
BNB,RANGE_MEAN_REVERSION,SHORT,40408,40409,2026-02-25T22:00:00+00:00,2026-02-25T22:15:00+00:00,636.55,643.0909765246803,626.7385352129795,6.540976524680332,1.5,2026-02-25T23:30:00+00:00,626.7385352129795,TP,1.4999999999999913,0.1351941825983396,1.3648058174016517,5,
AVAX,RANGE_MEAN_REVERSION,LONG,40462,40463,2026-02-26T11:30:00+00:00,2026-02-26T11:45:00+00:00,9.248,9.20916147961649,9.306257780575262,0.03883852038350888,1.5,2026-02-26T12:30:00+00:00,9.306257780575262,TP,1.4999999999999771,0.33440976427921487,1.1655902357207624,3,
ETH,RANGE_MEAN_REVERSION,LONG,40477,40478,2026-02-26T15:15:00+00:00,2026-02-26T15:30:00+00:00,2021.65,2006.4294134092788,2044.480879886082,15.220586590721268,1.5,2026-02-26T16:30:00+00:00,2006.4294134092788,SL,-1.0,0.18525275439156896,-1.185252754391569,4,
UNI,RANGE_MEAN_REVERSION,LONG,40475,40476,2026-02-26T14:45:00+00:00,2026-02-26T15:00:00+00:00,3.845,3.748249894759805,3.990125157860293,0.09675010524019534,1.5,2026-02-26T16:45:00+00:00,3.748249894759805,SL,-1.0,0.05493818237340382,-1.0549381823734039,7,
LINK,RANGE_MEAN_REVERSION,LONG,40477,40478,2026-02-26T15:15:00+00:00,2026-02-26T15:30:00+00:00,9.074,8.993310198674124,9.195034701988813,0.08068980132587633,1.5,2026-02-26T16:45:00+00:00,8.993310198674124,SL,-1.0,0.15673749261068132,-1.1567374926106813,5,
SOL,RANGE_MEAN_REVERSION,SHORT,40527,40528,2026-02-27T03:45:00+00:00,2026-02-27T04:00:00+00:00,87.57,88.07911096427107,86.80633355359339,0.5091109642710734,1.5,2026-02-27T04:15:00+00:00,88.07911096427107,SL,-1.0,0.24150801358409432,-1.2415080135840943,1,
ADA,RANGE_MEAN_REVERSION,SHORT,40529,40530,2026-02-27T04:15:00+00:00,2026-02-27T04:30:00+00:00,0.2934,0.29543682457468123,0.29034476313797813,0.0020368245746812397,1.5,2026-02-27T05:30:00+00:00,0.29543682457468123,SL,-1.0,0.20236685197436965,-1.2023668519743698,4,
UNI,RANGE_MEAN_REVERSION,SHORT,40528,40529,2026-02-27T04:00:00+00:00,2026-02-27T04:15:00+00:00,3.926,3.952345594840737,3.886481607738895,0.02634559484073673,1.5,2026-02-27T06:15:00+00:00,3.886481607738895,TP,1.5,0.20757690833995607,1.2924230916600439,8,
ETH,RANGE_MEAN_REVERSION,SHORT,40529,40530,2026-02-27T04:15:00+00:00,2026-02-27T04:30:00+00:00,2055.68,2070.9178992266193,2032.8231511600707,15.237899226619447,1.5,2026-02-27T06:15:00+00:00,2032.8231511600707,TP,1.5,0.18781802945726514,1.3121819705427349,7,
AVAX,RANGE_MEAN_REVERSION,SHORT,40529,40530,2026-02-27T04:15:00+00:00,2026-02-27T04:30:00+00:00,9.448,9.508704177102347,9.35694373434648,0.060704177102346435,1.5,2026-02-27T07:30:00+00:00,9.35694373434648,TP,1.5000000000000147,0.21684604326073176,1.283153956739283,12,
FET,RANGE_MEAN_REVERSION,SHORT,40529,40530,2026-02-27T04:15:00+00:00,2026-02-27T04:30:00+00:00,0.1652,0.16672188240238378,0.16291717639642436,0.0015218824023837674,1.5,2026-02-27T09:15:00+00:00,0.16672188240238378,SL,-1.0,0.15266969203253786,-1.1526696920325379,19,
BNB,RANGE_MEAN_REVERSION,LONG,40553,40554,2026-02-27T10:15:00+00:00,2026-02-27T10:30:00+00:00,620.15,617.5061001928225,624.1158497107663,2.6438998071774904,1.5,2026-02-27T10:45:00+00:00,617.5061001928225,SL,-1.0,0.3276823379551067,-1.3276823379551068,1,
SOL,RANGE_MEAN_REVERSION,LONG,40554,40555,2026-02-27T10:30:00+00:00,2026-02-27T10:45:00+00:00,85.26,84.70226093045183,86.09660860432227,0.5577390695481768,1.5,2026-02-27T10:45:00+00:00,84.70226093045183,SL,-1.0,0.21331405516865895,-1.213314055168659,0,True
ETH,RANGE_MEAN_REVERSION,LONG,40553,40554,2026-02-27T10:15:00+00:00,2026-02-27T10:30:00+00:00,1990.4,1975.25306710825,2013.1203993376253,15.146932891750112,1.5,2026-02-27T11:15:00+00:00,1975.25306710825,SL,-1.0,0.18326859746554502,-1.183268597465545,3,
AVAX,RANGE_MEAN_REVERSION,LONG,40556,40557,2026-02-27T11:00:00+00:00,2026-02-27T11:15:00+00:00,9.103,9.042127616810557,9.194308574784163,0.06087238318944266,1.5,2026-02-27T11:30:00+00:00,9.042127616810557,SL,-1.0,0.20865930765743826,-1.2086593076574383,1,
ADA,RANGE_MEAN_REVERSION,LONG,40559,40560,2026-02-27T11:45:00+00:00,2026-02-27T12:00:00+00:00,0.2817,0.2798421949488682,0.2844867075766977,0.0018578050511318112,1.5,2026-02-27T13:00:00+00:00,0.2844867075766977,TP,1.4999999999999851,0.21333276872201207,1.286667231277973,4,
CRV,RANGE_MEAN_REVERSION,LONG,40559,40560,2026-02-27T11:45:00+00:00,2026-02-27T12:00:00+00:00,0.246,0.24334750059178833,0.2499787491123175,0.0026524994082116615,1.5,2026-02-27T16:00:00+00:00,0.24334750059178833,SL,-1.0,0.12913980276632653,-1.1291398027663266,16,
ADA,RANGE_MEAN_REVERSION,LONG,40576,40577,2026-02-27T16:00:00+00:00,2026-02-27T16:15:00+00:00,0.2785,0.2766026814522984,0.28134597782155246,0.001897318547701643,1.5,2026-02-27T17:00:00+00:00,0.2766026814522984,SL,-1.0,0.2048005473236498,-1.2048005473236498,3,
ETH,RANGE_MEAN_REVERSION,LONG,40576,40577,2026-02-27T16:00:00+00:00,2026-02-27T16:15:00+00:00,1935.31,1917.3886366050851,1962.1920450923722,17.921363394914806,1.5,2026-02-27T17:15:00+00:00,1917.3886366050851,SL,-1.0,0.15048459127773745,-1.1504845912777375,4,
AVAX,RANGE_MEAN_REVERSION,LONG,40579,40580,2026-02-27T16:45:00+00:00,2026-02-27T17:00:00+00:00,8.906,8.858324880762275,8.977512678856588,0.04767511923772538,1.5,2026-02-27T17:30:00+00:00,8.858324880762275,SL,-1.0,0.2608284492069763,-1.2608284492069763,2,
SUI,RANGE_MEAN_REVERSION,LONG,40581,40582,2026-02-27T17:15:00+00:00,2026-02-27T17:30:00+00:00,0.894,0.887602309579893,0.9035965356301606,0.006397690420107072,1.5,2026-02-27T17:45:00+00:00,0.9035965356301606,TP,1.5,0.19668309847978752,1.3033169015202124,1,
LINK,RANGE_MEAN_REVERSION,LONG,40581,40582,2026-02-27T17:15:00+00:00,2026-02-27T17:30:00+00:00,8.679,8.62325282988008,8.762620755179881,0.05574717011992014,1.5,2026-02-27T22:15:00+00:00,8.62325282988008,SL,-1.0,0.21725904570334822,-1.2172590457033483,19,
CRV,RANGE_MEAN_REVERSION,LONG,40579,40580,2026-02-27T16:45:00+00:00,2026-02-27T17:00:00+00:00,0.24,0.23731027870894456,0.24403458193658314,0.0026897212910554358,1.5,2026-02-27T22:30:00+00:00,0.23731027870894456,SL,-1.0,0.1242200060680469,-1.124220006068047,22,
ADA,RANGE_MEAN_REVERSION,LONG,40633,40634,2026-02-28T06:15:00+00:00,2026-02-28T06:30:00+00:00,0.2693,0.26642171538620485,0.2736174269206927,0.0028782846137951346,1.5,2026-02-28T06:30:00+00:00,0.26642171538620485,SL,-1.0,0.13028774116812716,-1.1302877411681271,0,True
AVAX,RANGE_MEAN_REVERSION,LONG,40633,40634,2026-02-28T06:15:00+00:00,2026-02-28T06:30:00+00:00,8.725,8.647842916788617,8.840735624817073,0.07715708321138237,1.5,2026-02-28T06:30:00+00:00,8.647842916788617,SL,-1.0,0.1576133977023903,-1.1576133977023904,0,True
DOGE,RANGE_MEAN_REVERSION,LONG,40633,40634,2026-02-28T06:15:00+00:00,2026-02-28T06:30:00+00:00,0.09063,0.08943896521938512,0.09241655217092233,0.0011910347806148858,1.5,2026-02-28T06:30:00+00:00,0.08943896521938512,SL,-1.0,0.10583089403022779,-1.1058308940302277,0,True
FET,RANGE_MEAN_REVERSION,LONG,40633,40634,2026-02-28T06:15:00+00:00,2026-02-28T06:30:00+00:00,0.1516,0.14998380528540237,0.1540242920718965,0.0016161947145976463,1.5,2026-02-28T06:30:00+00:00,0.14998380528540237,SL,-1.0,0.13062081059480352,-1.1306208105948035,0,True
LINK,RANGE_MEAN_REVERSION,LONG,40633,40634,2026-02-28T06:15:00+00:00,2026-02-28T06:30:00+00:00,8.475,8.364603151605287,8.64059527259207,0.11039684839471242,1.5,2026-02-28T06:30:00+00:00,8.364603151605287,SL,-1.0,0.10677589421735963,-1.1067758942173596,0,True
SOL,RANGE_MEAN_REVERSION,LONG,40633,40634,2026-02-28T06:15:00+00:00,2026-02-28T06:30:00+00:00,79.65,78.78086916632135,80.95369625051799,0.8691308336786534,1.5,2026-02-28T06:30:00+00:00,78.78086916632135,SL,-1.0,0.12760059144033195,-1.127600591440332,0,True
UNI,RANGE_MEAN_REVERSION,LONG,40633,40634,2026-02-28T06:15:00+00:00,2026-02-28T06:30:00+00:00,3.647,3.5974293055091713,3.7213560417362426,0.049570694490828515,1.5,2026-02-28T06:30:00+00:00,3.5974293055091713,SL,-1.0,0.10230037254762823,-1.1023003725476281,0,True
XRP,RANGE_MEAN_REVERSION,LONG,40633,40634,2026-02-28T06:15:00+00:00,2026-02-28T06:30:00+00:00,1.3313,1.318357667565281,1.3507134986520781,0.012942332434718873,1.5,2026-02-28T06:30:00+00:00,1.318357667565281,SL,-1.0,0.14330959096060222,-1.1433095909606021,0,True
CRV,RANGE_MEAN_REVERSION,LONG,40633,40634,2026-02-28T06:15:00+00:00,2026-02-28T06:30:00+00:00,0.234,0.2306461702226405,0.2390307446660393,0.0033538297773595127,1.5,2026-02-28T06:45:00+00:00,0.2306461702226405,SL,-1.0,0.09697937604093944,-1.0969793760409394,1,
BNB,RANGE_MEAN_REVERSION,LONG,40634,40635,2026-02-28T06:30:00+00:00,2026-02-28T06:45:00+00:00,598.67,592.7475386517701,607.5536920223446,5.922461348229831,1.5,2026-02-28T06:45:00+00:00,592.7475386517701,SL,-1.0,0.14081852595044989,-1.14081852595045,0,True
BTC,RANGE_MEAN_REVERSION,LONG,40634,40635,2026-02-28T06:30:00+00:00,2026-02-28T06:45:00+00:00,64003.7,63348.89386959857,64985.90919560214,654.8061304014263,1.5,2026-02-28T06:45:00+00:00,63348.89386959857,SL,-1.0,0.1361423046758403,-1.1361423046758403,0,True
ETH,RANGE_MEAN_REVERSION,LONG,40634,40635,2026-02-28T06:30:00+00:00,2026-02-28T06:45:00+00:00,1869.55,1846.0193833541189,1904.8459249688217,23.530616645881082,1.5,2026-02-28T06:45:00+00:00,1846.0193833541189,SL,-1.0,0.1105325290658355,-1.1105325290658354,0,True
SUI,RANGE_MEAN_REVERSION,LONG,40634,40635,2026-02-28T06:30:00+00:00,2026-02-28T06:45:00+00:00,0.8586,0.8443731590370908,0.8799402614443639,0.01422684096290927,1.5,2026-02-28T06:45:00+00:00,0.8443731590370908,SL,-1.0,0.08379099860846359,-1.0837909986084635,0,True
DOGE,RANGE_MEAN_REVERSION,SHORT,40711,40712,2026-03-01T01:45:00+00:00,2026-03-01T02:00:00+00:00,0.09544,0.09659291656950632,0.09371062514574052,0.001152916569506321,1.5,2026-03-01T02:00:00+00:00,0.09659291656950632,SL,-1.0,0.11659390206891934,-1.1165939020689193,0,True
UNI,RANGE_MEAN_REVERSION,SHORT,40711,40712,2026-03-01T01:45:00+00:00,2026-03-01T02:00:00+00:00,3.889,3.9457122763680066,3.8039315854479896,0.0567122763680068,1.5,2026-03-01T02:00:00+00:00,3.9457122763680066,SL,-1.0,0.09670390512752318,-1.0967039051275231,0,True
DOGE,RANGE_MEAN_REVERSION,LONG,40757,40758,2026-03-01T13:15:00+00:00,2026-03-01T13:30:00+00:00,0.09274,0.09211889047285347,0.0936716642907198,0.0006211095271465294,1.5,2026-03-01T13:45:00+00:00,0.0936716642907198,TP,1.5,0.21008881574073757,1.2899111842592625,1,
FET,RANGE_MEAN_REVERSION,LONG,40757,40758,2026-03-01T13:15:00+00:00,2026-03-01T13:30:00+00:00,0.1528,0.15126304559275774,0.15510543161086338,0.001536954407242247,1.5,2026-03-01T13:45:00+00:00,0.15510543161086338,TP,1.500000000000009,0.14023434990133252,1.3597656500986766,1,
AVAX,RANGE_MEAN_REVERSION,LONG,40758,40759,2026-03-01T13:30:00+00:00,2026-03-01T13:45:00+00:00,9.041,8.997162354222757,9.106756468665864,0.04383764577724314,1.5,2026-03-01T13:45:00+00:00,9.106756468665864,TP,1.4999999999999798,0.2897835707833715,1.2102164292166082,0,True
BNB,RANGE_MEAN_REVERSION,LONG,40786,40787,2026-03-01T20:30:00+00:00,2026-03-01T20:45:00+00:00,612.54,609.6281413686004,616.9077879470993,2.911858631399582,1.5,2026-03-01T21:15:00+00:00,616.9077879470993,TP,1.5,0.2955546819075198,1.2044453180924801,2,
CRV,RANGE_MEAN_REVERSION,LONG,40786,40787,2026-03-01T20:30:00+00:00,2026-03-01T20:45:00+00:00,0.236,0.23343154923731735,0.23985267614402395,0.002568450762682639,1.5,2026-03-01T21:15:00+00:00,0.23985267614402395,TP,1.5,0.12968785625187965,1.3703121437481203,2,
UNI,RANGE_MEAN_REVERSION,LONG,40786,40787,2026-03-01T20:30:00+00:00,2026-03-01T20:45:00+00:00,3.675,3.642970041052057,3.723044938421914,0.032029958947942916,1.5,2026-03-01T21:30:00+00:00,3.723044938421914,TP,1.5,0.1616808646340126,1.3383191353659873,3,
LINK,RANGE_MEAN_REVERSION,LONG,40786,40787,2026-03-01T20:30:00+00:00,2026-03-01T20:45:00+00:00,8.553,8.48889175138519,8.649162372922218,0.06410824861481146,1.5,2026-03-01T22:00:00+00:00,8.649162372922218,TP,1.5,0.18783095656529136,1.3121690434347086,5,
SOL,RANGE_MEAN_REVERSION,SHORT,40804,40805,2026-03-02T01:00:00+00:00,2026-03-02T01:15:00+00:00,85.77,86.6181981129909,84.49770283051365,0.8481981129909002,1.5,2026-03-02T01:45:00+00:00,84.49770283051365,TP,1.5,0.14051834135905258,1.3594816586409475,2,
AVAX,RANGE_MEAN_REVERSION,LONG,40828,40829,2026-03-02T07:00:00+00:00,2026-03-02T07:15:00+00:00,8.896,8.844935475875713,8.972596786186433,0.0510645241242873,1.5,2026-03-02T08:45:00+00:00,8.972596786186433,TP,1.5000000000000173,0.2449453503157477,1.2550546496842696,6,
AVAX,RANGE_MEAN_REVERSION,SHORT,40861,40862,2026-03-02T15:15:00+00:00,2026-03-02T15:30:00+00:00,9.332,9.427351442641388,9.18897283603792,0.09535144264138751,1.5,2026-03-02T16:00:00+00:00,9.427351442641388,SL,-1.0,0.13771732913613197,-1.137717329136132,2,
XRP,RANGE_MEAN_REVERSION,SHORT,40861,40862,2026-03-02T15:15:00+00:00,2026-03-02T15:30:00+00:00,1.3982,1.4191266914537572,1.3668099628193644,0.02092669145375714,1.5,2026-03-02T16:45:00+00:00,1.4191266914537572,SL,-1.0,0.09423987009009767,-1.0942398700900977,5,
ADA,RANGE_MEAN_REVERSION,LONG,40922,40923,2026-03-03T06:30:00+00:00,2026-03-03T06:45:00+00:00,0.2691,0.26777410649575956,0.2710888402563607,0.0013258935042404496,1.5,2026-03-03T07:30:00+00:00,0.26777410649575956,SL,-1.0,0.28344046738679746,-1.2834404673867974,3,
BTC,RANGE_MEAN_REVERSION,LONG,40931,40932,2026-03-03T08:45:00+00:00,2026-03-03T09:00:00+00:00,66972.8,66663.04969477771,67437.42545783344,309.75030522228917,1.5,2026-03-03T09:15:00+00:00,66663.04969477771,SL,-1.0,0.3020016226270147,-1.3020016226270146,1,
BNB,RANGE_MEAN_REVERSION,LONG,40930,40931,2026-03-03T08:30:00+00:00,2026-03-03T08:45:00+00:00,624.78,621.1718157025591,630.1922764461613,3.6081842974408573,1.5,2026-03-03T09:30:00+00:00,621.1718157025591,SL,-1.0,0.24171888104784017,-1.2417188810478401,3,
AVAX,RANGE_MEAN_REVERSION,LONG,40931,40932,2026-03-03T08:45:00+00:00,2026-03-03T09:00:00+00:00,8.995,8.959936900418304,9.047594649372542,0.035063099581694956,1.5,2026-03-03T09:30:00+00:00,8.959936900418304,SL,-1.0,0.35845250363588227,-1.3584525036358823,2,
ETH,RANGE_MEAN_REVERSION,LONG,40931,40932,2026-03-03T08:45:00+00:00,2026-03-03T09:00:00+00:00,1952.1,1939.134788301791,1971.5478175473131,12.965211698208805,1.5,2026-03-03T09:30:00+00:00,1939.134788301791,SL,-1.0,0.21009023340417698,-1.210090233404177,2,
DOGE,RANGE_MEAN_REVERSION,LONG,40930,40931,2026-03-03T08:30:00+00:00,2026-03-03T08:45:00+00:00,0.09004,0.0893184765676071,0.09112228514858935,0.000721523432392901,1.5,2026-03-03T10:00:00+00:00,0.0893184765676071,SL,-1.0,0.17400811666080027,-1.1740081166608003,5,
BNB,RANGE_MEAN_REVERSION,SHORT,41024,41025,2026-03-04T08:00:00+00:00,2026-03-04T08:15:00+00:00,641.09,643.9810807198859,636.7533789201713,2.8910807198858492,1.5,2026-03-04T08:30:00+00:00,643.9810807198859,SL,-1.0,0.31114653780384166,-1.3111465378038416,1,
BTC,RANGE_MEAN_REVERSION,SHORT,41023,41024,2026-03-04T07:45:00+00:00,2026-03-04T08:00:00+00:00,69464.5,69920.39398549509,68780.65902175737,455.8939854950877,1.5,2026-03-04T08:45:00+00:00,69920.39398549509,SL,-1.0,0.21401779557124226,-1.2140177955712423,3,
AVAX,RANGE_MEAN_REVERSION,SHORT,41028,41029,2026-03-04T09:00:00+00:00,2026-03-04T09:15:00+00:00,9.392,9.45255225559463,9.301171616608052,0.06055225559463118,1.5,2026-03-04T09:30:00+00:00,9.45255225559463,SL,-1.0,0.21784798021769855,-1.2178479802176985,1,
ETH,RANGE_MEAN_REVERSION,SHORT,41028,41029,2026-03-04T09:00:00+00:00,2026-03-04T09:15:00+00:00,2067.94,2084.6057531735632,2042.9413702396553,16.66575317356319,1.5,2026-03-04T09:30:00+00:00,2084.6057531735632,SL,-1.0,0.17441648132845922,-1.1744164813284592,1,
LINK,RANGE_MEAN_REVERSION,SHORT,41028,41029,2026-03-04T09:00:00+00:00,2026-03-04T09:15:00+00:00,9.196,9.27200668811307,9.081989967830395,0.0760066881130701,1.5,2026-03-04T09:30:00+00:00,9.27200668811307,SL,-1.0,0.17008509385973525,-1.1700850938597354,1,
SOL,RANGE_MEAN_REVERSION,SHORT,41028,41029,2026-03-04T09:00:00+00:00,2026-03-04T09:15:00+00:00,89.58,90.47869079787655,88.23196380318517,0.8986907978765544,1.5,2026-03-04T09:30:00+00:00,90.47869079787655,SL,-1.0,0.14024966524229038,-1.1402496652422904,1,
SUI,RANGE_MEAN_REVERSION,SHORT,41029,41030,2026-03-04T09:15:00+00:00,2026-03-04T09:30:00+00:00,0.9479,0.9551740045718006,0.936988993142299,0.0072740045718006074,1.5,2026-03-04T09:30:00+00:00,0.9551740045718006,SL,-1.0,0.183138708540913,-1.183138708540913,0,True
FET,RANGE_MEAN_REVERSION,SHORT,41029,41030,2026-03-04T09:15:00+00:00,2026-03-04T09:30:00+00:00,0.1548,0.15658548225615804,0.15212177661576293,0.0017854822561580441,1.5,2026-03-04T10:30:00+00:00,0.15212177661576293,TP,1.5,0.12032897156498919,1.3796710284350109,4,
CRV,RANGE_MEAN_REVERSION,SHORT,41030,41031,2026-03-04T09:30:00+00:00,2026-03-04T09:45:00+00:00,0.262,0.26567143699372014,0.2564928445094198,0.003671436993720134,1.5,2026-03-04T12:00:00+00:00,0.2564928445094198,TP,1.5000000000000075,0.09885638559980701,1.4011436144002005,9,
XRP,RANGE_MEAN_REVERSION,SHORT,41029,41030,2026-03-04T09:15:00+00:00,2026-03-04T09:30:00+00:00,1.4113,1.4272704415491755,1.3873443376762369,0.015970441549175485,1.5,2026-03-04T12:15:00+00:00,1.3873443376762369,TP,1.4999999999999931,0.12266730574362276,1.3773326942563704,11,
DOGE,RANGE_MEAN_REVERSION,SHORT,41028,41029,2026-03-04T09:00:00+00:00,2026-03-04T09:15:00+00:00,0.09242,0.0934129025274879,0.09093064620876815,0.0009929025274879044,1.5,2026-03-04T13:45:00+00:00,0.0934129025274879,SL,-1.0,0.1310128921701493,-1.1310128921701492,18,
SOL,RANGE_MEAN_REVERSION,SHORT,41131,41132,2026-03-05T10:45:00+00:00,2026-03-05T11:00:00+00:00,92.59,93.30660235631393,91.51509646552911,0.7166023563139277,1.5,2026-03-05T12:00:00+00:00,91.51509646552911,TP,1.5,0.17983972057916836,1.3201602794208316,4,
XRP,RANGE_MEAN_REVERSION,SHORT,41131,41132,2026-03-05T10:45:00+00:00,2026-03-05T11:00:00+00:00,1.447,1.4566871900528136,1.4324692149207798,0.009687190052813488,1.5,2026-03-05T12:00:00+00:00,1.4324692149207798,TP,1.5,0.20807152945854915,1.2919284705414509,4,
BNB,RANGE_MEAN_REVERSION,SHORT,41130,41131,2026-03-05T10:30:00+00:00,2026-03-05T10:45:00+00:00,662.83,667.0876888833809,656.4434666749287,4.257688883380865,1.5,2026-03-05T12:15:00+00:00,656.4434666749287,TP,1.5000000000000133,0.21689969651778349,1.28310030348223,6,
SUI,RANGE_MEAN_REVERSION,SHORT,41131,41132,2026-03-05T10:45:00+00:00,2026-03-05T11:00:00+00:00,0.972,0.97982005830502,0.9602699125424701,0.007820058305019972,1.5,2026-03-05T12:30:00+00:00,0.97982005830502,SL,-1.0,0.17471404783982933,-1.1747140478398292,6,
SUI,RANGE_MEAN_REVERSION,SHORT,41215,41216,2026-03-06T07:45:00+00:00,2026-03-06T08:00:00+00:00,0.9741,0.9796303331042334,0.9658045003436497,0.005530333104233454,1.5,2026-03-06T08:15:00+00:00,0.9658045003436497,TP,1.50000000000001,0.2455427412140981,1.254457258785912,1,
SOL,RANGE_MEAN_REVERSION,LONG,41232,41233,2026-03-06T12:00:00+00:00,2026-03-06T12:15:00+00:00,86.58,85.93574800595978,87.54637799106033,0.6442519940402178,1.5,2026-03-06T12:45:00+00:00,85.93574800595978,SL,-1.0,0.1874437715696589,-1.1874437715696589,2,
AVAX,RANGE_MEAN_REVERSION,LONG,41232,41233,2026-03-06T12:00:00+00:00,2026-03-06T12:15:00+00:00,9.189,9.136717402931707,9.267423895602441,0.05228259706829341,1.5,2026-03-06T13:30:00+00:00,9.136717402931707,SL,-1.0,0.24535893206100295,-1.245358932061003,5,
UNI,RANGE_MEAN_REVERSION,LONG,41232,41233,2026-03-06T12:00:00+00:00,2026-03-06T12:15:00+00:00,3.902,3.8745905104893876,3.943114234265919,0.027409489510612506,1.5,2026-03-06T13:30:00+00:00,3.943114234265919,TP,1.500000000000008,0.2003532375843736,1.2996467624156345,5,
BTC,RANGE_MEAN_REVERSION,LONG,41232,41233,2026-03-06T12:00:00+00:00,2026-03-06T12:15:00+00:00,69900.0,69593.19163710265,70360.21254434602,306.8083628973545,1.5,2026-03-06T13:45:00+00:00,69593.19163710265,SL,-1.0,0.3182613186415649,-1.3182613186415648,6,
BNB,RANGE_MEAN_REVERSION,LONG,41240,41241,2026-03-06T14:00:00+00:00,2026-03-06T14:15:00+00:00,630.79,627.8432024253563,635.2101963619655,2.9467975746437105,1.5,2026-03-06T14:30:00+00:00,627.8432024253563,SL,-1.0,0.2989832926695936,-1.2989832926695937,1,
DOGE,RANGE_MEAN_REVERSION,LONG,41240,41241,2026-03-06T14:00:00+00:00,2026-03-06T14:15:00+00:00,0.09085,0.09004681914730675,0.09205477127903988,0.0008031808526932499,1.5,2026-03-06T14:30:00+00:00,0.09004681914730675,SL,-1.0,0.15765785872322866,-1.1576578587232287,1,
ETH,RANGE_MEAN_REVERSION,LONG,41240,41241,2026-03-06T14:00:00+00:00,2026-03-06T14:15:00+00:00,2005.65,1987.2527440938636,2033.2458838592047,18.39725590613648,1.5,2026-03-06T14:30:00+00:00,1987.2527440938636,SL,-1.0,0.1519265663926222,-1.1519265663926221,1,
SOL,RANGE_MEAN_REVERSION,LONG,41240,41241,2026-03-06T14:00:00+00:00,2026-03-06T14:15:00+00:00,85.1,84.42366380747058,86.11450428879412,0.6763361925294191,1.5,2026-03-06T14:30:00+00:00,84.42366380747058,SL,-1.0,0.17545499705025422,-1.1754549970502541,1,
XRP,RANGE_MEAN_REVERSION,LONG,41240,41241,2026-03-06T14:00:00+00:00,2026-03-06T14:15:00+00:00,1.3641,1.354267728820325,1.3788484067695126,0.009832271179675,1.5,2026-03-06T14:30:00+00:00,1.354267728820325,SL,-1.0,0.19353182753011958,-1.1935318275301197,1,
ADA,RANGE_MEAN_REVERSION,LONG,41242,41243,2026-03-06T14:30:00+00:00,2026-03-06T14:45:00+00:00,0.2601,0.2572048133911909,0.26444277991321363,0.0028951866088091083,1.5,2026-03-06T14:45:00+00:00,0.2572048133911909,SL,-1.0,0.1250742761354452,-1.1250742761354453,0,True
BTC,RANGE_MEAN_REVERSION,LONG,41242,41243,2026-03-06T14:30:00+00:00,2026-03-06T14:45:00+00:00,68703.0,68104.14147979532,69601.28778030703,598.8585202046816,1.5,2026-03-06T17:30:00+00:00,68104.14147979532,SL,-1.0,0.15991255998683224,-1.1599125599868323,11,
ADA,RANGE_MEAN_REVERSION,LONG,41337,41338,2026-03-07T14:15:00+00:00,2026-03-07T14:30:00+00:00,0.2522,0.25033515957287,0.25499726064069494,0.0018648404271299768,1.5,2026-03-07T14:30:00+00:00,0.25499726064069494,TP,1.5,0.19038523472750776,1.3096147652724923,0,True
CRV,RANGE_MEAN_REVERSION,LONG,41338,41339,2026-03-07T14:30:00+00:00,2026-03-07T14:45:00+00:00,0.235,0.23297604602431357,0.2380359309635296,0.0020239539756864156,1.5,2026-03-07T18:00:00+00:00,0.23297604602431357,SL,-1.0,0.1618531034560314,-1.1618531034560313,13,
AVAX,RANGE_MEAN_REVERSION,LONG,41359,41360,2026-03-07T19:45:00+00:00,2026-03-07T20:00:00+00:00,8.879,8.842129156764944,8.934306264852584,0.03687084323505552,1.5,2026-03-07T21:15:00+00:00,8.934306264852584,TP,1.500000000000024,0.3381890212248094,1.1618109787752147,5,
SOL,RANGE_MEAN_REVERSION,LONG,41359,41360,2026-03-07T19:45:00+00:00,2026-03-07T20:00:00+00:00,82.47,81.99729250203649,83.17906124694527,0.47270749796351197,1.5,2026-03-07T21:45:00+00:00,83.17906124694527,TP,1.5,0.24529829412989795,1.254701705870102,7,
ETH,RANGE_MEAN_REVERSION,LONG,41359,41360,2026-03-07T19:45:00+00:00,2026-03-07T20:00:00+00:00,1954.01,1942.5968114871896,1971.1297827692156,11.413188512810393,1.5,2026-03-07T23:15:00+00:00,1971.1297827692156,TP,1.5,0.24073884741801044,1.2592611525819897,13,
BTC,RANGE_MEAN_REVERSION,LONG,41359,41360,2026-03-07T19:45:00+00:00,2026-03-07T20:00:00+00:00,67042.6,66732.71241993817,67507.43137009276,309.8875800618407,1.5,2026-03-08T02:45:00+00:00,66732.71241993817,SL,-1.0,0.3021828712053239,-1.3021828712053238,27,
FET,RANGE_MEAN_REVERSION,LONG,41371,41372,2026-03-07T22:45:00+00:00,2026-03-07T23:00:00+00:00,0.1419,0.1407576033213066,0.1436135950180401,0.001142396678693397,1.5,2026-03-08T02:45:00+00:00,0.1407576033213066,SL,-1.0,0.1731975643969966,-1.1731975643969965,15,
UNI,RANGE_MEAN_REVERSION,LONG,41388,41389,2026-03-08T03:00:00+00:00,2026-03-08T03:15:00+00:00,3.71,3.6941521759930773,3.733771736010384,0.01584782400692264,1.5,2026-03-08T04:45:00+00:00,3.6941521759930773,SL,-1.0,0.3270421554991499,-1.3270421554991498,6,
LINK,RANGE_MEAN_REVERSION,LONG,41395,41396,2026-03-08T04:45:00+00:00,2026-03-08T05:00:00+00:00,8.547,8.501012480536122,8.615981279195818,0.04598751946387836,1.5,2026-03-08T05:15:00+00:00,8.615981279195818,TP,1.5,0.2612466824803137,1.2387533175196863,1,
SUI,RANGE_MEAN_REVERSION,LONG,41387,41388,2026-03-08T02:45:00+00:00,2026-03-08T03:00:00+00:00,0.8787,0.871964201013233,0.8888036984801506,0.0067357989867670165,1.5,2026-03-08T07:00:00+00:00,0.8888036984801506,TP,1.5000000000000082,0.1836831222794476,1.3163168777205607,16,
ADA,RANGE_MEAN_REVERSION,LONG,41395,41396,2026-03-08T04:45:00+00:00,2026-03-08T05:00:00+00:00,0.2503,0.24857919869696904,0.2528812019545465,0.0017208013030309832,1.5,2026-03-08T07:00:00+00:00,0.2528812019545465,TP,1.5,0.20468768866444814,1.2953123113355518,8,
BTC,RANGE_MEAN_REVERSION,SHORT,41413,41414,2026-03-08T09:15:00+00:00,2026-03-08T09:30:00+00:00,67812.5,68013.73010354213,67510.65484468681,201.23010354212602,1.5,2026-03-08T10:15:00+00:00,68013.73010354213,SL,-1.0,0.47248577324602703,-1.472485773246027,3,
SOL,RANGE_MEAN_REVERSION,SHORT,41417,41418,2026-03-08T10:15:00+00:00,2026-03-08T10:30:00+00:00,83.85,84.29011089989845,83.18983365015231,0.44011089989845686,1.5,2026-03-08T11:00:00+00:00,83.18983365015231,TP,1.5,0.2656782269698033,1.2343217730301967,2,
SUI,RANGE_MEAN_REVERSION,SHORT,41417,41418,2026-03-08T10:15:00+00:00,2026-03-08T10:30:00+00:00,0.9076,0.9130703610510935,0.8993944584233596,0.005470361051093553,1.5,2026-03-08T11:00:00+00:00,0.8993944584233596,TP,1.5,0.23122717295661732,1.2687728270433827,2,
AVAX,RANGE_MEAN_REVERSION,SHORT,41418,41419,2026-03-08T10:30:00+00:00,2026-03-08T10:45:00+00:00,8.989,9.033895210669906,8.921657183995144,0.044895210669904984,1.5,2026-03-08T11:00:00+00:00,8.921657183995144,TP,1.4999999999999802,0.2792605233769613,1.2207394766230188,1,
AVAX,RANGE_MEAN_REVERSION,SHORT,41527,41528,2026-03-09T13:45:00+00:00,2026-03-09T14:00:00+00:00,9.28,9.36451102459978,9.153233463100328,0.08451102459978088,1.5,2026-03-09T19:15:00+00:00,9.36451102459978,SL,-1.0,0.1544314221609104,-1.1544314221609104,21,
BTC,RANGE_MEAN_REVERSION,SHORT,41579,41580,2026-03-10T02:45:00+00:00,2026-03-10T03:00:00+00:00,70242.0,70779.82796766753,69435.25804849871,537.8279676675302,1.5,2026-03-10T03:45:00+00:00,69435.25804849871,TP,1.4999999999999865,0.1817943404058716,1.3182056595941147,3,
DOGE,RANGE_MEAN_REVERSION,SHORT,41602,41603,2026-03-10T08:30:00+00:00,2026-03-10T08:45:00+00:00,0.09381,0.09461433457676494,0.09260349813485261,0.0008043345767649313,1.5,2026-03-10T09:15:00+00:00,0.09461433457676494,SL,-1.0,0.16398279772359292,-1.1639827977235928,2,
XRP,RANGE_MEAN_REVERSION,SHORT,41602,41603,2026-03-10T08:30:00+00:00,2026-03-10T08:45:00+00:00,1.4066,1.4152893807691345,1.3935659288462985,0.008689380769134392,1.5,2026-03-10T09:15:00+00:00,1.4152893807691345,SL,-1.0,0.22732604532131345,-1.2273260453213135,2,
BTC,RANGE_MEAN_REVERSION,SHORT,41602,41603,2026-03-10T08:30:00+00:00,2026-03-10T08:45:00+00:00,70880.1,71267.40762452155,70299.13856321768,387.30762452154886,1.5,2026-03-10T09:30:00+00:00,71267.40762452155,SL,-1.0,0.25691013818817543,-1.2569101381881755,3,
ADA,RANGE_MEAN_REVERSION,SHORT,41606,41607,2026-03-10T09:30:00+00:00,2026-03-10T09:45:00+00:00,0.2671,0.2686532691801869,0.2647700962297197,0.0015532691801868892,1.5,2026-03-10T11:30:00+00:00,0.2647700962297197,TP,1.4999999999999822,0.23969384837469548,1.2603061516252867,7,
LINK,RANGE_MEAN_REVERSION,SHORT,41600,41601,2026-03-10T08:00:00+00:00,2026-03-10T08:15:00+00:00,9.138,9.19033457793144,9.05949813310284,0.052334577931439696,1.5,2026-03-10T11:45:00+00:00,9.05949813310284,TP,1.5,0.24340023740823097,1.256599762591769,14,
ETH,RANGE_MEAN_REVERSION,SHORT,41602,41603,2026-03-10T08:30:00+00:00,2026-03-10T08:45:00+00:00,2065.23,2076.071723110571,2048.967415334144,10.84172311057091,1.5,2026-03-10T12:30:00+00:00,2048.967415334144,TP,1.4999999999999791,0.26563472995596976,1.2343652700440093,15,
SUI,RANGE_MEAN_REVERSION,SHORT,41606,41607,2026-03-10T09:30:00+00:00,2026-03-10T09:45:00+00:00,0.9729,0.9796499411594717,0.9627750882607924,0.006749941159471695,1.5,2026-03-10T12:30:00+00:00,0.9627750882607924,TP,1.5000000000000082,0.2007384256796404,1.2992615743203677,11,
CRV,RANGE_MEAN_REVERSION,SHORT,41606,41607,2026-03-10T09:30:00+00:00,2026-03-10T09:45:00+00:00,0.253,0.25629610365555866,0.24805584451666202,0.0032961036555586576,1.5,2026-03-10T13:30:00+00:00,0.24805584451666202,TP,1.5,0.10641021272803888,1.3935897872719611,15,
DOGE,RANGE_MEAN_REVERSION,SHORT,41621,41622,2026-03-10T13:15:00+00:00,2026-03-10T13:30:00+00:00,0.09659,0.09746939860543949,0.09527090209184075,0.0008793986054394937,1.5,2026-03-10T13:30:00+00:00,0.09527090209184075,TP,1.500000000000008,0.1527209966374334,1.3472790033625746,0,True
DOGE,RANGE_MEAN_REVERSION,LONG,41674,41675,2026-03-11T02:30:00+00:00,2026-03-11T02:45:00+00:00,0.09259,0.09197222218340896,0.09351666672488657,0.0006177778165910447,1.5,2026-03-11T05:30:00+00:00,0.09197222218340896,SL,-1.0,0.20912624581000383,-1.2091262458100038,11,
CRV,RANGE_MEAN_REVERSION,SHORT,41716,41717,2026-03-11T13:00:00+00:00,2026-03-11T13:15:00+00:00,0.241,0.24422161783335536,0.23616757324996696,0.003221617833355367,1.5,2026-03-11T13:30:00+00:00,0.24422161783335536,SL,-1.0,0.10542998892255091,-1.105429988922551,1,
SUI,RANGE_MEAN_REVERSION,SHORT,41717,41718,2026-03-11T13:15:00+00:00,2026-03-11T13:30:00+00:00,0.9749,0.9819685990340938,0.9642971014488593,0.007068599034093848,1.5,2026-03-11T13:30:00+00:00,0.9819685990340938,SL,-1.0,0.19378776653151428,-1.1937877665315142,0,True
UNI,RANGE_MEAN_REVERSION,SHORT,41717,41718,2026-03-11T13:15:00+00:00,2026-03-11T13:30:00+00:00,3.918,3.943654506868474,3.8795182396972896,0.025654506868473703,1.5,2026-03-11T13:30:00+00:00,3.943654506868474,SL,-1.0,0.21451038536899922,-1.2145103853689991,0,True
AVAX,RANGE_MEAN_REVERSION,SHORT,41718,41719,2026-03-11T13:30:00+00:00,2026-03-11T13:45:00+00:00,9.769,9.897772932505415,9.575840601241879,0.12877293250541477,1.5,2026-03-11T15:00:00+00:00,9.575840601241879,TP,1.4999999999999931,0.10515710217517886,1.3948428978248142,5,
UNI,RANGE_MEAN_REVERSION,SHORT,41722,41723,2026-03-11T14:30:00+00:00,2026-03-11T14:45:00+00:00,3.951,3.9831805987064843,3.902729101940274,0.032180598706484265,1.5,2026-03-11T15:00:00+00:00,3.902729101940274,TP,1.4999999999999931,0.17083617435154944,1.3291638256484437,1,
BNB,RANGE_MEAN_REVERSION,LONG,41769,41770,2026-03-12T02:15:00+00:00,2026-03-12T02:30:00+00:00,645.55,643.310987454775,648.9085188178374,2.2390125452249094,1.5,2026-03-12T02:30:00+00:00,643.310987454775,SL,-1.0,0.4029466887724455,-1.4029466887724455,0,True
ETH,RANGE_MEAN_REVERSION,SHORT,41718,41719,2026-03-11T13:30:00+00:00,2026-03-11T13:45:00+00:00,2062.01,2089.2609262213673,2021.1336106679496,27.25092622136708,1.5,2026-03-12T02:45:00+00:00,2021.1336106679496,TP,1.5,0.10488452774961053,1.3951154722503896,52,
BTC,RANGE_MEAN_REVERSION,LONG,41769,41770,2026-03-12T02:15:00+00:00,2026-03-12T02:30:00+00:00,69560.2,69307.07683778334,69939.88474332498,253.12316221665242,1.5,2026-03-12T02:45:00+00:00,69307.07683778334,SL,-1.0,0.3840308130444702,-1.38403081304447,1,
LINK,RANGE_MEAN_REVERSION,LONG,41770,41771,2026-03-12T02:30:00+00:00,2026-03-12T02:45:00+00:00,8.898,8.853432245842216,8.964851631236677,0.04456775415778402,1.5,2026-03-12T02:45:00+00:00,8.853432245842216,SL,-1.0,0.27881150412240996,-1.27881150412241,0,True
SOL,RANGE_MEAN_REVERSION,LONG,41772,41773,2026-03-12T03:00:00+00:00,2026-03-12T03:15:00+00:00,85.15,84.84083316207935,85.61375025688099,0.3091668379206567,1.5,2026-03-12T03:45:00+00:00,84.84083316207935,SL,-1.0,0.38488469207681836,-1.3848846920768183,2,
XRP,RANGE_MEAN_REVERSION,LONG,41770,41771,2026-03-12T02:30:00+00:00,2026-03-12T02:45:00+00:00,1.3723,1.3676056789485795,1.3793414815771308,0.004694321051420536,1.5,2026-03-12T05:15:00+00:00,1.3676056789485795,SL,-1.0,0.4085647219811744,-1.4085647219811743,10,
BNB,RANGE_MEAN_REVERSION,SHORT,41801,41802,2026-03-12T10:15:00+00:00,2026-03-12T10:30:00+00:00,650.75,652.5878381465837,647.9932427801243,1.8378381465837492,1.5,2026-03-12T10:30:00+00:00,652.5878381465837,SL,-1.0,0.49641829907519214,-1.4964182990751922,0,True
LINK,RANGE_MEAN_REVERSION,SHORT,41802,41803,2026-03-12T10:30:00+00:00,2026-03-12T10:45:00+00:00,9.084,9.130358692421092,9.014461961368362,0.046358692421092584,1.5,2026-03-12T11:45:00+00:00,9.014461961368362,TP,1.499999999999981,0.27328042943665215,1.2267195705633287,4,
BTC,RANGE_MEAN_REVERSION,SHORT,41806,41807,2026-03-12T11:30:00+00:00,2026-03-12T11:45:00+00:00,70641.4,70892.13936020412,70265.29095969381,250.73936020412657,1.5,2026-03-12T12:00:00+00:00,70265.29095969381,TP,1.499999999999971,0.39337535036975163,1.1066246496302192,1,
ETH,RANGE_MEAN_REVERSION,SHORT,41802,41803,2026-03-12T10:30:00+00:00,2026-03-12T10:45:00+00:00,2070.04,2079.9891289375437,2055.1163065936844,9.949128937543719,1.5,2026-03-12T13:15:00+00:00,2055.1163065936844,TP,1.5,0.29023741000269754,1.2097625899973026,10,
BTC,RANGE_MEAN_REVERSION,SHORT,41857,41858,2026-03-13T00:15:00+00:00,2026-03-13T00:30:00+00:00,71449.0,71921.19159526957,70740.71260709564,472.1915952695708,1.5,2026-03-13T00:30:00+00:00,71921.19159526957,SL,-1.0,0.2125390098470397,-1.2125390098470397,0,True
DOGE,RANGE_MEAN_REVERSION,SHORT,41857,41858,2026-03-13T00:15:00+00:00,2026-03-13T00:30:00+00:00,0.09689,0.09780785753149968,0.0955132137027505,0.0009178575314996718,1.5,2026-03-13T00:30:00+00:00,0.09780785753149968,SL,-1.0,0.1484854627159515,-1.1484854627159515,0,True
XRP,RANGE_MEAN_REVERSION,SHORT,41857,41858,2026-03-13T00:15:00+00:00,2026-03-13T00:30:00+00:00,1.406,1.4158152207541201,1.3912771688688195,0.009815220754120224,1.5,2026-03-13T00:30:00+00:00,1.4158152207541201,SL,-1.0,0.2012456677246619,-1.201245667724662,0,True
SUI,RANGE_MEAN_REVERSION,SHORT,41857,41858,2026-03-13T00:15:00+00:00,2026-03-13T00:30:00+00:00,1.0108,1.0223407071968666,0.9934889392046998,0.011540707196866729,1.5,2026-03-13T01:30:00+00:00,1.0223407071968666,SL,-1.0,0.12331986859732488,-1.123319868597325,4,
BNB,RANGE_MEAN_REVERSION,SHORT,41857,41858,2026-03-13T00:15:00+00:00,2026-03-13T00:30:00+00:00,659.44,664.2512060722297,652.2231908916556,4.811206072229652,1.5,2026-03-13T07:15:00+00:00,664.2512060722297,SL,-1.0,0.19258868365643608,-1.192588683656436,27,
DOGE,RANGE_MEAN_REVERSION,SHORT,41895,41896,2026-03-13T09:45:00+00:00,2026-03-13T10:00:00+00:00,0.09857,0.09950015612077197,0.09717476581884206,0.0009301561207719633,1.5,2026-03-13T11:00:00+00:00,0.09950015612077197,SL,-1.0,0.14906004076979193,-1.149060040769792,4,
BTC,RANGE_MEAN_REVERSION,SHORT,41897,41898,2026-03-13T10:15:00+00:00,2026-03-13T10:30:00+00:00,72316.4,72628.88487782211,71847.6726832668,312.4848778221203,1.5,2026-03-13T12:45:00+00:00,72628.88487782211,SL,-1.0,0.3246931503425641,-1.324693150342564,9,
ADA,RANGE_MEAN_REVERSION,SHORT,41907,41908,2026-03-13T12:45:00+00:00,2026-03-13T13:00:00+00:00,0.2783,0.2813666480334302,0.2737000279498547,0.003066648033430208,1.5,2026-03-13T13:15:00+00:00,0.2813666480334302,SL,-1.0,0.12775077196752488,-1.1277507719675248,1,
BNB,RANGE_MEAN_REVERSION,SHORT,41907,41908,2026-03-13T12:45:00+00:00,2026-03-13T13:00:00+00:00,671.3,675.4239531047219,665.114070342917,4.123953104721977,1.5,2026-03-13T13:15:00+00:00,675.4239531047219,SL,-1.0,0.2285929891137449,-1.2285929891137448,1,
ETH,RANGE_MEAN_REVERSION,SHORT,41907,41908,2026-03-13T12:45:00+00:00,2026-03-13T13:00:00+00:00,2145.23,2161.6788516828924,2120.5567224756614,16.448851682892382,1.5,2026-03-13T13:15:00+00:00,2161.6788516828924,SL,-1.0,0.18328551161499032,-1.1832855116149903,1,
LINK,RANGE_MEAN_REVERSION,SHORT,41907,41908,2026-03-13T12:45:00+00:00,2026-03-13T13:00:00+00:00,9.385,9.467393605903716,9.261409591144425,0.08239360590371625,1.5,2026-03-13T13:15:00+00:00,9.467393605903716,SL,-1.0,0.160166257798621,-1.160166257798621,1,
SOL,RANGE_MEAN_REVERSION,SHORT,41908,41909,2026-03-13T13:00:00+00:00,2026-03-13T13:15:00+00:00,91.24,91.80967260471436,90.38549109292845,0.5696726047143699,1.5,2026-03-13T13:15:00+00:00,91.80967260471436,SL,-1.0,0.22492703662228236,-1.2249270366222824,0,True
BTC,RANGE_MEAN_REVERSION,SHORT,41911,41912,2026-03-13T13:45:00+00:00,2026-03-13T14:00:00+00:00,73344.7,73769.11069959626,72708.08395060559,424.41069959626475,1.5,2026-03-13T14:15:00+00:00,73769.11069959626,SL,-1.0,0.24264154411677255,-1.2426415441167726,1,
SOL,RANGE_MEAN_REVERSION,SHORT,41912,41913,2026-03-13T14:00:00+00:00,2026-03-13T14:15:00+00:00,92.41,93.79259593042605,90.33610610436092,1.3825959304260493,1.5,2026-03-13T15:00:00+00:00,90.33610610436092,TP,1.5,0.09252325387189098,1.407476746128109,3,
CRV,RANGE_MEAN_REVERSION,LONG,41946,41947,2026-03-13T22:30:00+00:00,2026-03-13T22:45:00+00:00,0.233,0.23134476144194036,0.2354828578370895,0.0016552385580596574,1.5,2026-03-13T23:45:00+00:00,0.2354828578370895,TP,1.5,0.19812129127198794,1.3018787087280121,4,
ADA,RANGE_MEAN_REVERSION,LONG,41944,41945,2026-03-13T22:00:00+00:00,2026-03-13T22:15:00+00:00,0.2654,0.26280908605712794,0.2692863709143082,0.002590913942872086,1.5,2026-03-14T01:30:00+00:00,0.26280908605712794,SL,-1.0,0.14270885424705287,-1.142708854247053,13,
ETH,RANGE_MEAN_REVERSION,LONG,41946,41947,2026-03-13T22:30:00+00:00,2026-03-13T22:45:00+00:00,2082.61,2069.8444167170146,2101.7583749244786,12.765583282985517,1.5,2026-03-14T03:30:00+00:00,2101.7583749244786,TP,1.5000000000000178,0.22944959094435594,1.2705504090556619,19,
LINK,RANGE_MEAN_REVERSION,LONG,41946,41947,2026-03-13T22:30:00+00:00,2026-03-13T22:45:00+00:00,9.039,8.982667128770098,9.123499306844852,0.056332871229901826,1.5,2026-03-14T03:30:00+00:00,9.123499306844852,TP,1.5,0.22568971254642636,1.2743102874535737,19,
SOL,RANGE_MEAN_REVERSION,LONG,41946,41947,2026-03-13T22:30:00+00:00,2026-03-13T22:45:00+00:00,87.84,87.37304165305673,88.54043752041491,0.4669583469432723,1.5,2026-03-14T03:30:00+00:00,88.54043752041491,TP,1.5,0.26440539519746403,1.235594604802536,19,
CRV,RANGE_MEAN_REVERSION,LONG,41977,41978,2026-03-14T06:15:00+00:00,2026-03-14T06:30:00+00:00,0.227,0.22470354672800155,0.2304446799079977,0.0022964532719984554,1.5,2026-03-14T08:00:00+00:00,0.22470354672800155,SL,-1.0,0.1376873139832883,-1.1376873139832884,6,
ADA,RANGE_MEAN_REVERSION,LONG,41978,41979,2026-03-14T06:30:00+00:00,2026-03-14T06:45:00+00:00,0.2617,0.26071150847677954,0.26318273728483066,0.0009884915232204472,1.5,2026-03-14T08:30:00+00:00,0.26071150847677954,SL,-1.0,0.36994556588847166,-1.3699455658884716,7,
AVAX,RANGE_MEAN_REVERSION,LONG,41978,41979,2026-03-14T06:30:00+00:00,2026-03-14T06:45:00+00:00,9.591,9.55019435670832,9.65220846493752,0.04080564329168013,1.5,2026-03-14T09:45:00+00:00,9.55019435670832,SL,-1.0,0.32835742727839107,-1.3283574272783911,12,
ETH,RANGE_MEAN_REVERSION,LONG,41978,41979,2026-03-14T06:30:00+00:00,2026-03-14T06:45:00+00:00,2074.3,2062.3841175761427,2092.1738236357864,11.91588242385751,1.5,2026-03-14T10:30:00+00:00,2062.3841175761427,SL,-1.0,0.2430100247133763,-1.2430100247133762,15,
DOGE,RANGE_MEAN_REVERSION,LONG,41978,41979,2026-03-14T06:30:00+00:00,2026-03-14T06:45:00+00:00,0.09444,0.09389885980570455,0.09525171029144316,0.0005411401942954502,1.5,2026-03-14T11:30:00+00:00,0.09525171029144316,TP,1.4999999999999871,0.2453785518129763,1.2546214481870108,19,
LINK,RANGE_MEAN_REVERSION,SHORT,42039,42040,2026-03-14T21:45:00+00:00,2026-03-14T22:00:00+00:00,9.086,9.109297705566235,9.051053441650648,0.023297705566234228,1.5,2026-03-14T23:00:00+00:00,9.109297705566235,SL,-1.0,0.5466936801002369,-1.546693680100237,4,
BNB,RANGE_MEAN_REVERSION,SHORT,42044,42045,2026-03-14T23:00:00+00:00,2026-03-14T23:15:00+00:00,656.52,657.9268755243647,654.4096867134529,1.4068755243647502,1.5,2026-03-14T23:45:00+00:00,657.9268755243647,SL,-1.0,0.654011529045909,-1.654011529045909,2,
DOGE,RANGE_MEAN_REVERSION,SHORT,42044,42045,2026-03-14T23:00:00+00:00,2026-03-14T23:15:00+00:00,0.09564,0.09605086108681628,0.09502370836977558,0.00041086108681627487,1.5,2026-03-14T23:45:00+00:00,0.09605086108681628,SL,-1.0,0.3265911692940987,-1.3265911692940988,2,
XRP,RANGE_MEAN_REVERSION,SHORT,42046,42047,2026-03-14T23:30:00+00:00,2026-03-14T23:45:00+00:00,1.4035,1.4066334386969195,1.3987998419546206,0.0031334386969195105,1.5,2026-03-14T23:45:00+00:00,1.4066334386969195,SL,-1.0,0.6277746582442149,-1.6277746582442147,0,True
AVAX,RANGE_MEAN_REVERSION,SHORT,42044,42045,2026-03-14T23:00:00+00:00,2026-03-14T23:15:00+00:00,9.686,9.7336336291013,9.614549556348049,0.0476336291013002,1.5,2026-03-15T00:00:00+00:00,9.7336336291013,SL,-1.0,0.2853812274404231,-1.285381227440423,3,
BTC,RANGE_MEAN_REVERSION,SHORT,42047,42048,2026-03-14T23:45:00+00:00,2026-03-15T00:00:00+00:00,71174.4,71303.31736476591,70981.02395285112,128.91736476591905,1.5,2026-03-15T00:15:00+00:00,70981.02395285112,TP,1.5,0.7718804751220155,0.7281195248779845,1,
FET,RANGE_MEAN_REVERSION,SHORT,42053,42054,2026-03-15T01:15:00+00:00,2026-03-15T01:30:00+00:00,0.1822,0.18322367353238195,0.18066448970142707,0.0010236735323819468,1.5,2026-03-15T01:30:00+00:00,0.18322367353238195,SL,-1.0,0.249881005399704,-1.249881005399704,0,True
SOL,RANGE_MEAN_REVERSION,SHORT,42044,42045,2026-03-14T23:00:00+00:00,2026-03-14T23:15:00+00:00,87.85,88.22462422831663,87.28806365752504,0.3746242283166339,1.5,2026-03-15T02:00:00+00:00,88.22462422831663,SL,-1.0,0.32900231123238605,-1.329002311232386,11,
SUI,RANGE_MEAN_REVERSION,SHORT,42046,42047,2026-03-14T23:30:00+00:00,2026-03-14T23:45:00+00:00,0.9999,1.004939365901911,0.9923409511471335,0.005039365901911008,1.5,2026-03-15T02:00:00+00:00,1.004939365901911,SL,-1.0,0.2784849489891478,-1.2784849489891479,9,
ETH,RANGE_MEAN_REVERSION,SHORT,42044,42045,2026-03-14T23:00:00+00:00,2026-03-14T23:15:00+00:00,2092.69,2101.5409011723905,2079.413648241414,8.850901172390422,1.5,2026-03-15T02:30:00+00:00,2101.5409011723905,SL,-1.0,0.33171329942979555,-1.3317132994297955,13,
FET,RANGE_MEAN_REVERSION,SHORT,42057,42058,2026-03-15T02:15:00+00:00,2026-03-15T02:30:00+00:00,0.1872,0.18984416180129013,0.18323375729806482,0.0026441618012901236,1.5,2026-03-15T02:30:00+00:00,0.18984416180129013,SL,-1.0,0.09981647610676757,-1.0998164761067675,0,True
XRP,RANGE_MEAN_REVERSION,SHORT,42057,42058,2026-03-15T02:15:00+00:00,2026-03-15T02:30:00+00:00,1.4148,1.4190159020593038,1.4084761469110445,0.004215902059303778,1.5,2026-03-15T02:45:00+00:00,1.4190159020593038,SL,-1.0,0.4705211609610068,-1.470521160961007,1,
AVAX,RANGE_MEAN_REVERSION,SHORT,42060,42061,2026-03-15T03:00:00+00:00,2026-03-15T03:15:00+00:00,9.789,9.819989973071165,9.742515040393252,0.03098997307116491,1.5,2026-03-15T03:30:00+00:00,9.742515040393252,TP,1.5,0.4411769089595193,1.0588230910404808,1,
SUI,RANGE_MEAN_REVERSION,SHORT,42059,42060,2026-03-15T02:45:00+00:00,2026-03-15T03:00:00+00:00,1.0121,1.0208026379887525,0.9990460430168713,0.008702637988752482,1.5,2026-03-15T06:30:00+00:00,0.9990460430168713,TP,1.5,0.16176729767816267,1.3382327023218372,14,
BNB,RANGE_MEAN_REVERSION,SHORT,42059,42060,2026-03-15T02:45:00+00:00,2026-03-15T03:00:00+00:00,659.31,661.5404404198547,655.9643393702179,2.2304404198547445,1.5,2026-03-15T08:15:00+00:00,661.5404404198547,SL,-1.0,0.4145348604981396,-1.4145348604981396,21,
AVAX,RANGE_MEAN_REVERSION,SHORT,42085,42086,2026-03-15T09:15:00+00:00,2026-03-15T09:30:00+00:00,9.824,9.854519218085336,9.778221172871994,0.03051921808533642,1.5,2026-03-15T09:30:00+00:00,9.854519218085336,SL,-1.0,0.4513537474696377,-1.4513537474696376,0,True
BNB,RANGE_MEAN_REVERSION,SHORT,42084,42085,2026-03-15T09:00:00+00:00,2026-03-15T09:15:00+00:00,665.7,667.4866630044801,663.02000549328,1.7866630044800331,1.5,2026-03-15T09:45:00+00:00,663.02000549328,TP,1.5,0.5205816662196916,0.9794183337803084,2,
ETH,RANGE_MEAN_REVERSION,LONG,42102,42103,2026-03-15T13:30:00+00:00,2026-03-15T13:45:00+00:00,2089.68,2080.6980623985787,2103.1529064021315,8.981937601421123,1.5,2026-03-15T17:45:00+00:00,2103.1529064021315,TP,1.5,0.3267650216159505,1.1732349783840494,16,
SUI,RANGE_MEAN_REVERSION,SHORT,42232,42233,2026-03-16T22:00:00+00:00,2026-03-16T22:15:00+00:00,1.08,1.0889485189673784,1.0665772215489326,0.00894851896737836,1.5,2026-03-16T23:00:00+00:00,1.0665772215489326,TP,1.4999999999999876,0.1679165078111769,1.3320834921888107,3,
SUI,RANGE_MEAN_REVERSION,LONG,42290,42291,2026-03-17T12:30:00+00:00,2026-03-17T12:45:00+00:00,1.0131,1.0052871412054427,1.0248192881918357,0.007812858794557176,1.5,2026-03-17T14:45:00+00:00,1.0248192881918357,TP,1.5,0.18258918268535526,1.3174108173146448,8,
SOL,RANGE_MEAN_REVERSION,SHORT,42314,42315,2026-03-17T18:30:00+00:00,2026-03-17T18:45:00+00:00,95.28,95.952078650245,94.2718820246325,0.6720786502449982,1.5,2026-03-18T00:15:00+00:00,94.2718820246325,TP,1.5,0.1974267704663339,1.302573229533666,22,
XRP,RANGE_MEAN_REVERSION,LONG,42382,42383,2026-03-18T11:30:00+00:00,2026-03-18T11:45:00+00:00,1.4914,1.4785777027624103,1.5106334458563846,0.012822297237589764,1.5,2026-03-18T12:15:00+00:00,1.4785777027624103,SL,-1.0,0.16213821543919213,-1.1621382154391922,2,
ADA,RANGE_MEAN_REVERSION,LONG,42382,42383,2026-03-18T11:30:00+00:00,2026-03-18T11:45:00+00:00,0.2803,0.2769127923213094,0.2853808115180359,0.003387207678690607,1.5,2026-03-18T12:30:00+00:00,0.2769127923213094,SL,-1.0,0.11515353991394406,-1.115153539913944,3,
UNI,RANGE_MEAN_REVERSION,LONG,42382,42383,2026-03-18T11:30:00+00:00,2026-03-18T11:45:00+00:00,3.864,3.828039950234146,3.9179400746487807,0.035960049765853874,1.5,2026-03-18T12:30:00+00:00,3.828039950234146,SL,-1.0,0.14973360716193235,-1.1497336071619324,3,
DOGE,RANGE_MEAN_REVERSION,LONG,42383,42384,2026-03-18T11:45:00+00:00,2026-03-18T12:00:00+00:00,0.09704,0.09618694315190932,0.09831958527213602,0.0008530568480906858,1.5,2026-03-18T12:30:00+00:00,0.09618694315190932,SL,-1.0,0.15855785052200594,-1.158557850522006,2,
UNI,RANGE_MEAN_REVERSION,LONG,42461,42462,2026-03-19T07:15:00+00:00,2026-03-19T07:30:00+00:00,3.597,3.5652626785894443,3.6446059821158334,0.03173732141055563,1.5,2026-03-19T12:30:00+00:00,3.5652626785894443,SL,-1.0,0.1579712355102887,-1.1579712355102887,20,
ADA,RANGE_MEAN_REVERSION,LONG,42461,42462,2026-03-19T07:15:00+00:00,2026-03-19T07:30:00+00:00,0.268,0.2650319174740391,0.2724521237889414,0.0029680825259609245,1.5,2026-03-19T12:45:00+00:00,0.2650319174740391,SL,-1.0,0.1257115794349512,-1.1257115794349513,21,
SUI,RANGE_MEAN_REVERSION,LONG,42461,42462,2026-03-19T07:15:00+00:00,2026-03-19T07:30:00+00:00,0.9594,0.9493077091081343,0.9745384363377986,0.010092290891865696,1.5,2026-03-19T12:45:00+00:00,0.9493077091081343,SL,-1.0,0.13238772154819436,-1.1323877215481943,21,
AVAX,RANGE_MEAN_REVERSION,LONG,42752,42753,2026-03-22T08:00:00+00:00,2026-03-22T08:15:00+00:00,9.136,9.074931369624352,9.22760294556347,0.06106863037564736,1.5,2026-03-22T11:15:00+00:00,9.074931369624352,SL,-1.0,0.20874304663987506,-1.208743046639875,12,
BTC,RANGE_MEAN_REVERSION,LONG,42720,42721,2026-03-22T00:00:00+00:00,2026-03-22T00:15:00+00:00,68652.2,68028.10920067444,69588.33619898833,624.0907993255532,1.5,2026-03-22T21:00:00+00:00,68028.10920067444,SL,-1.0,0.15330496226489504,-1.153304962264895,83,
FET,RANGE_MEAN_REVERSION,SHORT,42903,42904,2026-03-23T21:45:00+00:00,2026-03-23T22:00:00+00:00,0.2262,0.23003403614228185,0.22044894578657726,0.003834036142281838,1.5,2026-03-24T00:45:00+00:00,0.23003403614228185,SL,-1.0,0.08329703045248993,-1.0832970304524898,11,
DOGE,RANGE_MEAN_REVERSION,SHORT,43028,43029,2026-03-25T05:00:00+00:00,2026-03-25T05:15:00+00:00,0.09656,0.09723364290702254,0.09554953563946622,0.0006736429070225286,1.5,2026-03-25T06:15:00+00:00,0.09723364290702254,SL,-1.0,0.20137605342644702,-1.201376053426447,4,
UNI,RANGE_MEAN_REVERSION,SHORT,43041,43042,2026-03-25T08:15:00+00:00,2026-03-25T08:30:00+00:00,3.671,3.694191231291722,3.636213153062416,0.023191231291722403,1.5,2026-03-25T08:30:00+00:00,3.694191231291722,SL,-1.0,0.2223096219882208,-1.2223096219882208,0,True
SOL,RANGE_MEAN_REVERSION,SHORT,43028,43029,2026-03-25T05:00:00+00:00,2026-03-25T05:15:00+00:00,92.56,93.23609353562371,91.54585969656443,0.676093535623707,1.5,2026-03-25T11:15:00+00:00,93.23609353562371,SL,-1.0,0.1923657876050489,-1.1923657876050489,24,
BTC,RANGE_MEAN_REVERSION,SHORT,43053,43054,2026-03-25T11:15:00+00:00,2026-03-25T11:30:00+00:00,71832.9,72077.0465733242,71466.68014001369,244.14657332420757,1.5,2026-03-25T12:15:00+00:00,71466.68014001369,TP,1.4999999999999702,0.4108585458818057,1.0891414541181645,3,
CRV,RANGE_MEAN_REVERSION,SHORT,43025,43026,2026-03-25T04:15:00+00:00,2026-03-25T04:30:00+00:00,0.236,0.23950064197542884,0.23074903703685673,0.0035006419754288476,1.5,2026-03-25T17:00:00+00:00,0.23950064197542884,SL,-1.0,0.09508268818093693,-1.095082688180937,50,
AVAX,RANGE_MEAN_REVERSION,LONG,43114,43115,2026-03-26T02:30:00+00:00,2026-03-26T02:45:00+00:00,9.576,9.541314010387282,9.628028984419078,0.034685989612718515,1.5,2026-03-26T03:15:00+00:00,9.541314010387282,SL,-1.0,0.38580764039565413,-1.385807640395654,2,
DOGE,RANGE_MEAN_REVERSION,LONG,43114,43115,2026-03-26T02:30:00+00:00,2026-03-26T02:45:00+00:00,0.09469,0.09425108547853774,0.09534837178219338,0.00043891452146226084,1.5,2026-03-26T03:15:00+00:00,0.09425108547853774,SL,-1.0,0.3013314742796642,-1.3013314742796642,2,
LINK,RANGE_MEAN_REVERSION,LONG,43114,43115,2026-03-26T02:30:00+00:00,2026-03-26T02:45:00+00:00,9.257,9.209474730911811,9.328287903632283,0.04752526908818844,1.5,2026-03-26T05:00:00+00:00,9.209474730911811,SL,-1.0,0.2719928273872926,-1.2719928273872925,9,
SOL,RANGE_MEAN_REVERSION,LONG,43127,43128,2026-03-26T05:45:00+00:00,2026-03-26T06:00:00+00:00,89.17,88.79294243886184,89.73558634170723,0.3770575611381588,1.5,2026-03-26T07:30:00+00:00,88.79294243886184,SL,-1.0,0.33038472781496014,-1.33038472781496,6,
BNB,RANGE_MEAN_REVERSION,LONG,43128,43129,2026-03-26T06:00:00+00:00,2026-03-26T06:15:00+00:00,635.37,632.8643815109698,639.1284277335453,2.505618489030212,1.5,2026-03-26T08:30:00+00:00,632.8643815109698,SL,-1.0,0.3543093535366127,-1.3543093535366126,9,
ETH,RANGE_MEAN_REVERSION,LONG,43127,43128,2026-03-26T05:45:00+00:00,2026-03-26T06:00:00+00:00,2118.63,2106.0018749001697,2137.5721876497455,12.628125099830413,1.5,2026-03-26T09:30:00+00:00,2106.0018749001697,SL,-1.0,0.23417904788334987,-1.2341790478833499,14,
BTC,RANGE_MEAN_REVERSION,LONG,43128,43129,2026-03-26T06:00:00+00:00,2026-03-26T06:15:00+00:00,70042.1,69670.66332117676,70599.25501823486,371.4366788232437,1.5,2026-03-26T09:30:00+00:00,69670.66332117676,SL,-1.0,0.26329907599503255,-1.2632990759950324,13,
AVAX,RANGE_MEAN_REVERSION,LONG,43143,43144,2026-03-26T09:45:00+00:00,2026-03-26T10:00:00+00:00,9.288,9.243584654453759,9.354623018319362,0.04441534554624127,1.5,2026-03-26T10:00:00+00:00,9.243584654453759,SL,-1.0,0.2920636797615868,-1.2920636797615868,0,True
SUI,RANGE_MEAN_REVERSION,LONG,43143,43144,2026-03-26T09:45:00+00:00,2026-03-26T10:00:00+00:00,0.9282,0.9210343828139458,0.9389484257790814,0.007165617186054241,1.5,2026-03-26T11:15:00+00:00,0.9210343828139458,SL,-1.0,0.18064934734289945,-1.1806493473428994,5,
XRP,RANGE_MEAN_REVERSION,LONG,43142,43143,2026-03-26T09:30:00+00:00,2026-03-26T09:45:00+00:00,1.371,1.3638097267742402,1.3817854098386397,0.0071902732257598245,1.5,2026-03-26T13:45:00+00:00,1.3817854098386397,TP,1.5,0.2679939588364418,1.2320060411635583,16,
BTC,RANGE_MEAN_REVERSION,LONG,43149,43150,2026-03-26T11:15:00+00:00,2026-03-26T11:30:00+00:00,69282.0,68981.12256256872,69733.31615614692,300.87743743127794,1.5,2026-03-26T13:45:00+00:00,69733.31615614692,TP,1.5,0.3234231258418277,1.1765768741581724,9,
ADA,RANGE_MEAN_REVERSION,LONG,43142,43143,2026-03-26T09:30:00+00:00,2026-03-26T09:45:00+00:00,0.2576,0.25591823979989775,0.26012264030015336,0.0016817602001022447,1.5,2026-03-26T15:00:00+00:00,0.25591823979989775,SL,-1.0,0.213741987613974,-1.213741987613974,21,
BNB,RANGE_MEAN_REVERSION,LONG,43142,43143,2026-03-26T09:30:00+00:00,2026-03-26T09:45:00+00:00,629.57,626.9489166986598,633.5016249520104,2.6210833013402635,1.5,2026-03-26T15:00:00+00:00,626.9489166986598,SL,-1.0,0.33557241055227294,-1.335572410552273,21,
LINK,RANGE_MEAN_REVERSION,LONG,43142,43143,2026-03-26T09:30:00+00:00,2026-03-26T09:45:00+00:00,8.968,8.904068908451528,9.063896637322708,0.0639310915484721,1.5,2026-03-26T15:00:00+00:00,8.904068908451528,SL,-1.0,0.195686448219498,-1.195686448219498,21,
XRP,RANGE_MEAN_REVERSION,LONG,43165,43166,2026-03-26T15:15:00+00:00,2026-03-26T15:30:00+00:00,1.3581,1.3484598052332035,1.372560292150195,0.009640194766796562,1.5,2026-03-26T18:00:00+00:00,1.3484598052332035,SL,-1.0,0.19653045498507243,-1.1965304549850724,10,
SOL,RANGE_MEAN_REVERSION,LONG,43176,43177,2026-03-26T18:00:00+00:00,2026-03-26T18:15:00+00:00,86.49,86.06261327959061,87.13108008061408,0.4273867204093875,1.5,2026-03-26T18:15:00+00:00,86.06261327959061,SL,-1.0,0.28261717907382217,-1.2826171790738221,0,True
UNI,RANGE_MEAN_REVERSION,LONG,43177,43178,2026-03-26T18:15:00+00:00,2026-03-26T18:30:00+00:00,3.484,3.465885229663705,3.5111721555044424,0.01811477033629494,1.5,2026-03-26T20:00:00+00:00,3.5111721555044424,TP,1.5,0.2703109351070375,1.2296890648929626,6,
BTC,RANGE_MEAN_REVERSION,LONG,43234,43235,2026-03-27T08:30:00+00:00,2026-03-27T08:45:00+00:00,67780.4,67400.49371450333,68350.25942824499,379.90628549666144,1.5,2026-03-27T10:30:00+00:00,67400.49371450333,SL,-1.0,0.24907886290021355,-1.2490788629002136,7,
LINK,RANGE_MEAN_REVERSION,LONG,43234,43235,2026-03-27T08:30:00+00:00,2026-03-27T08:45:00+00:00,8.798,8.735285705713666,8.8920714414295,0.06271429428633368,1.5,2026-03-27T10:30:00+00:00,8.735285705713666,SL,-1.0,0.19570179547845265,-1.1957017954784526,7,
UNI,RANGE_MEAN_REVERSION,LONG,43234,43235,2026-03-27T08:30:00+00:00,2026-03-27T08:45:00+00:00,3.472,3.449297022270472,3.506054466594292,0.022702977729527785,1.5,2026-03-27T10:30:00+00:00,3.449297022270472,SL,-1.0,0.21340407295065886,-1.2134040729506588,7,
DOGE,RANGE_MEAN_REVERSION,SHORT,43336,43337,2026-03-28T10:00:00+00:00,2026-03-28T10:15:00+00:00,0.09168,0.09232139985513119,0.09071790021730322,0.0006413998551311889,1.5,2026-03-28T13:30:00+00:00,0.09232139985513119,SL,-1.0,0.2008122996414577,-1.2008122996414576,13,
DOGE,RANGE_MEAN_REVERSION,LONG,43388,43389,2026-03-28T23:00:00+00:00,2026-03-28T23:15:00+00:00,0.09072,0.0900315991269984,0.09175260130950239,0.0006884008730015934,1.5,2026-03-29T15:15:00+00:00,0.0900315991269984,SL,-1.0,0.18379715126916468,-1.1837971512691647,64,
DOGE,RANGE_MEAN_REVERSION,LONG,43561,43562,2026-03-30T18:15:00+00:00,2026-03-30T18:30:00+00:00,0.09114,0.09064670730745053,0.0918799390388242,0.0004932926925494685,1.5,2026-03-30T19:15:00+00:00,0.09064670730745053,SL,-1.0,0.2579618490952091,-1.2579618490952091,3,
AVAX,RANGE_MEAN_REVERSION,LONG,43621,43622,2026-03-31T09:15:00+00:00,2026-03-31T09:30:00+00:00,8.758,8.711691495632842,8.827462756550736,0.04630850436715761,1.5,2026-03-31T09:45:00+00:00,8.711691495632842,SL,-1.0,0.26407210109803825,-1.2640721010980382,1,
DOGE,RANGE_MEAN_REVERSION,LONG,43621,43622,2026-03-31T09:15:00+00:00,2026-03-31T09:30:00+00:00,0.09005,0.08946516646907778,0.09092725029638335,0.0005848335309222297,1.5,2026-03-31T09:45:00+00:00,0.08946516646907778,SL,-1.0,0.2148656154003328,-1.2148656154003328,1,
ADA,RANGE_MEAN_REVERSION,LONG,43623,43624,2026-03-31T09:45:00+00:00,2026-03-31T10:00:00+00:00,0.2402,0.2385768729506679,0.24263469057399814,0.001623127049332096,1.5,2026-03-31T13:30:00+00:00,0.24263469057399814,TP,1.5,0.20823033140928593,1.291769668590714,14,
CRV,RANGE_MEAN_REVERSION,LONG,43619,43620,2026-03-31T08:45:00+00:00,2026-03-31T09:00:00+00:00,0.21,0.20775640178288113,0.21336539732567827,0.002243598217118864,1.5,2026-03-31T13:45:00+00:00,0.21336539732567827,TP,1.4999999999999938,0.1320895050935379,1.367910494906456,19,
AVAX,RANGE_MEAN_REVERSION,SHORT,43701,43702,2026-04-01T05:15:00+00:00,2026-04-01T05:30:00+00:00,9.075,9.142984534182478,8.973023198726281,0.06798453418247874,1.5,2026-04-01T06:00:00+00:00,9.142984534182478,SL,-1.0,0.18758073916779713,-1.187580739167797,2,
ETH,RANGE_MEAN_REVERSION,SHORT,43701,43702,2026-04-01T05:15:00+00:00,2026-04-01T05:30:00+00:00,2126.54,2142.0919946272506,2103.212008059124,15.551994627250679,1.5,2026-04-01T06:00:00+00:00,2142.0919946272506,SL,-1.0,0.1921324221012356,-1.1921324221012357,2,
CRV,RANGE_MEAN_REVERSION,SHORT,43702,43703,2026-04-01T05:30:00+00:00,2026-04-01T05:45:00+00:00,0.222,0.22525301558231017,0.21712047662653475,0.0032530155823101703,1.5,2026-04-01T06:15:00+00:00,0.22525301558231017,SL,-1.0,0.09624211842393987,-1.09624211842394,2,
FET,RANGE_MEAN_REVERSION,SHORT,43707,43708,2026-04-01T06:45:00+00:00,2026-04-01T07:00:00+00:00,0.2419,0.24393109255909126,0.23885336116136313,0.0020310925590912576,1.5,2026-04-01T07:00:00+00:00,0.24393109255909126,SL,-1.0,0.1674378468224618,-1.1674378468224618,0,True
UNI,RANGE_MEAN_REVERSION,SHORT,43708,43709,2026-04-01T07:00:00+00:00,2026-04-01T07:15:00+00:00,3.658,3.6819763741957905,3.6220354387063143,0.023976374195790573,1.5,2026-04-01T07:45:00+00:00,3.6220354387063143,TP,1.4999999999999907,0.21254359668732173,1.287456403312669,2,
DOGE,RANGE_MEAN_REVERSION,SHORT,43704,43705,2026-04-01T06:00:00+00:00,2026-04-01T06:15:00+00:00,0.09394,0.09451525311490734,0.09307712032763898,0.0005752531149073453,1.5,2026-04-01T08:00:00+00:00,0.09307712032763898,TP,1.499999999999988,0.2275728385241912,1.2724271614757967,7,
XRP,RANGE_MEAN_REVERSION,LONG,43821,43822,2026-04-02T11:15:00+00:00,2026-04-02T11:30:00+00:00,1.302,1.2968622660190314,1.3097066009714529,0.005137733980968617,1.5,2026-04-02T12:00:00+00:00,1.2968622660190314,SL,-1.0,0.3540867613917113,-1.3540867613917114,2,
ETH,RANGE_MEAN_REVERSION,LONG,43828,43829,2026-04-02T13:00:00+00:00,2026-04-02T13:15:00+00:00,2020.89,2011.6714982235092,2034.7177526647365,9.218501776490939,1.5,2026-04-02T13:45:00+00:00,2034.7177526647365,TP,1.5,0.30795952484439015,1.19204047515561,2,
FET,RANGE_MEAN_REVERSION,LONG,43828,43829,2026-04-02T13:00:00+00:00,2026-04-02T13:15:00+00:00,0.2234,0.2211987003764266,0.22670194943536004,0.0022012996235733773,1.5,2026-04-02T14:15:00+00:00,0.22670194943536004,TP,1.4999999999999938,0.14312970448488768,1.3568702955151062,4,
BTC,RANGE_MEAN_REVERSION,LONG,43882,43883,2026-04-03T02:30:00+00:00,2026-04-03T02:45:00+00:00,66309.1,66111.94892128177,66604.82661807735,197.1510787182342,1.5,2026-04-03T03:00:00+00:00,66604.82661807735,TP,1.4999999999999631,0.4719210731056936,1.0280789268942696,1,
DOGE,RANGE_MEAN_REVERSION,SHORT,43894,43895,2026-04-03T05:30:00+00:00,2026-04-03T05:45:00+00:00,0.09132,0.09169601962467594,0.0907559705629861,0.0003760196246759412,1.5,2026-04-03T06:30:00+00:00,0.0907559705629861,TP,1.4999999999999816,0.3389535306938597,1.1610464693061218,3,
SUI,RANGE_MEAN_REVERSION,SHORT,43904,43905,2026-04-03T08:00:00+00:00,2026-04-03T08:15:00+00:00,0.8778,0.8812992822691886,0.8725510765962171,0.0034992822691886083,1.5,2026-04-03T09:15:00+00:00,0.8725510765962171,TP,1.5,0.35014201752334034,1.1498579824766597,4,
AVAX,RANGE_MEAN_REVERSION,SHORT,43894,43895,2026-04-03T05:30:00+00:00,2026-04-03T05:45:00+00:00,8.912,8.972218479736897,8.821672280394656,0.06021847973689631,1.5,2026-04-03T12:00:00+00:00,8.972218479736897,SL,-1.0,0.20789221166846183,-1.2078922116684618,25,
ADA,RANGE_MEAN_REVERSION,SHORT,43921,43922,2026-04-03T12:15:00+00:00,2026-04-03T12:30:00+00:00,0.2463,0.24749479283952214,0.24450781074071676,0.0011947928395221463,1.5,2026-04-03T12:30:00+00:00,0.24749479283952214,SL,-1.0,0.2893023322151057,-1.2893023322151058,0,True
ADA,RANGE_MEAN_REVERSION,SHORT,43931,43932,2026-04-03T14:45:00+00:00,2026-04-03T15:00:00+00:00,0.2477,0.248998669368881,0.24575199594667851,0.0012986693688809836,1.5,2026-04-03T15:00:00+00:00,0.248998669368881,SL,-1.0,0.2677271651196391,-1.2677271651196391,0,True
AVAX,RANGE_MEAN_REVERSION,SHORT,43929,43930,2026-04-03T14:15:00+00:00,2026-04-03T14:30:00+00:00,9.017,9.095376591455615,8.899435112816576,0.0783765914556156,1.5,2026-04-03T16:45:00+00:00,9.095376591455615,SL,-1.0,0.16176594795142138,-1.1617659479514213,9,
FET,RANGE_MEAN_REVERSION,LONG,44070,44071,2026-04-05T01:30:00+00:00,2026-04-05T01:45:00+00:00,0.232,0.23062378843156597,0.23406431735265107,0.0013762115684340381,1.5,2026-04-05T02:00:00+00:00,0.23062378843156597,SL,-1.0,0.23531022360942877,-1.2353102236094289,1,
BTC,RANGE_MEAN_REVERSION,LONG,44072,44073,2026-04-05T02:00:00+00:00,2026-04-05T02:15:00+00:00,66970.3,66846.5663257242,67155.90051141371,123.73367427580524,1.5,2026-04-05T03:00:00+00:00,67155.90051141371,TP,1.5,0.7587937633591183,0.7412062366408817,3,
ADA,RANGE_MEAN_REVERSION,LONG,44086,44087,2026-04-05T05:30:00+00:00,2026-04-05T05:45:00+00:00,0.2447,0.24417639179566442,0.2454854123065034,0.000523608204335585,1.5,2026-04-05T05:45:00+00:00,0.24417639179566442,SL,-1.0,0.65356782308483,-1.6535678230848299,0,True
DOGE,RANGE_MEAN_REVERSION,LONG,44087,44088,2026-04-05T05:45:00+00:00,2026-04-05T06:00:00+00:00,0.09066,0.09037490379317431,0.09108764431023855,0.00028509620682569403,1.5,2026-04-05T06:00:00+00:00,0.09037490379317431,SL,-1.0,0.4444970842165589,-1.444497084216559,0,True
LINK,RANGE_MEAN_REVERSION,LONG,44087,44088,2026-04-05T05:45:00+00:00,2026-04-05T06:00:00+00:00,8.602,8.574018255490403,8.643972616764398,0.02798174450959756,1.5,2026-04-05T06:00:00+00:00,8.574018255490403,SL,-1.0,0.4296806003185183,-1.4296806003185183,0,True
SUI,RANGE_MEAN_REVERSION,LONG,44087,44088,2026-04-05T05:45:00+00:00,2026-04-05T06:00:00+00:00,0.8569,0.853233097640477,0.8624003535392846,0.00366690235952305,1.5,2026-04-05T06:00:00+00:00,0.853233097640477,SL,-1.0,0.32645897026394743,-1.3264589702639475,0,True
ETH,RANGE_MEAN_REVERSION,LONG,44089,44090,2026-04-05T06:15:00+00:00,2026-04-05T06:30:00+00:00,2034.23,2023.2061544960334,2050.76576825595,11.02384550396664,1.5,2026-04-05T10:30:00+00:00,2050.76576825595,TP,1.5000000000000207,0.25939197322297836,1.2406080267770423,16,
AVAX,RANGE_MEAN_REVERSION,LONG,44089,44090,2026-04-05T06:15:00+00:00,2026-04-05T06:30:00+00:00,8.815,8.765757183096069,8.888864225355896,0.04924281690393073,1.5,2026-04-05T12:30:00+00:00,8.765757183096069,SL,-1.0,0.2499152323510741,-1.249915232351074,24,
SOL,RANGE_MEAN_REVERSION,LONG,44089,44090,2026-04-05T06:15:00+00:00,2026-04-05T06:30:00+00:00,79.65,79.14831297401146,80.40253053898283,0.5016870259885451,1.5,2026-04-05T12:30:00+00:00,79.14831297401146,SL,-1.0,0.22157004930070906,-1.2215700493007091,24,
SUI,RANGE_MEAN_REVERSION,LONG,44114,44115,2026-04-05T12:30:00+00:00,2026-04-05T12:45:00+00:00,0.8424,0.8389645716279417,0.8475531425580876,0.0034354283720583467,1.5,2026-04-05T13:45:00+00:00,0.8475531425580876,TP,1.5,0.3443434330962002,1.1556565669038,4,
FET,RANGE_MEAN_REVERSION,LONG,44239,44240,2026-04-06T19:45:00+00:00,2026-04-06T20:00:00+00:00,0.2322,0.23029144307150642,0.23506283539274034,0.0019085569284935655,1.5,2026-04-06T21:30:00+00:00,0.23029144307150642,SL,-1.0,0.1696276413434455,-1.1696276413434454,6,
ADA,RANGE_MEAN_REVERSION,LONG,44252,44253,2026-04-06T23:00:00+00:00,2026-04-06T23:15:00+00:00,0.2459,0.2437448737010495,0.24913268944842576,0.0021551262989505104,1.5,2026-04-07T01:45:00+00:00,0.2437448737010495,SL,-1.0,0.15904005800386062,-1.1590400580038607,10,
AVAX,RANGE_MEAN_REVERSION,LONG,44279,44280,2026-04-07T05:45:00+00:00,2026-04-07T06:00:00+00:00,8.551,8.493436366006222,8.637345450990669,0.057563633993778396,1.5,2026-04-07T06:00:00+00:00,8.493436366006222,SL,-1.0,0.20726810710897606,-1.2072681071089761,0,True
SOL,RANGE_MEAN_REVERSION,LONG,44252,44253,2026-04-06T23:00:00+00:00,2026-04-06T23:15:00+00:00,79.88,79.29797254768216,80.75304117847674,0.5820274523178313,1.5,2026-04-07T06:15:00+00:00,79.29797254768216,SL,-1.0,0.19144213960981896,-1.191442139609819,28,
XRP,RANGE_MEAN_REVERSION,LONG,44281,44282,2026-04-07T06:15:00+00:00,2026-04-07T06:30:00+00:00,1.3082,1.3043738467441583,1.3139392298837627,0.00382615325584168,1.5,2026-04-07T07:15:00+00:00,1.3139392298837627,TP,1.500000000000029,0.4797239781538389,1.0202760218461902,3,
DOGE,RANGE_MEAN_REVERSION,LONG,44252,44253,2026-04-06T23:00:00+00:00,2026-04-06T23:15:00+00:00,0.09022,0.08962273829360494,0.09111589255959257,0.0005972617063950553,1.5,2026-04-07T09:00:00+00:00,0.09111589255959257,TP,1.4999999999999885,0.21252848363218904,1.2874715163677994,39,
ADA,RANGE_MEAN_REVERSION,LONG,44281,44282,2026-04-07T06:15:00+00:00,2026-04-07T06:30:00+00:00,0.243,0.24162414015163924,0.24506378977254112,0.0013758598483607498,1.5,2026-04-07T09:00:00+00:00,0.24506378977254112,TP,1.5,0.24831355697153806,1.251686443028462,10,
BNB,RANGE_MEAN_REVERSION,LONG,44252,44253,2026-04-06T23:00:00+00:00,2026-04-06T23:15:00+00:00,599.51,595.679370499705,605.2559442504426,3.8306295002950037,1.5,2026-04-07T09:15:00+00:00,605.2559442504426,TP,1.5000000000000149,0.22015602420186103,1.279843975798154,40,
ETH,RANGE_MEAN_REVERSION,SHORT,44294,44295,2026-04-07T09:30:00+00:00,2026-04-07T09:45:00+00:00,2127.44,2137.6490109899223,2112.126483515117,10.209010989922263,1.5,2026-04-07T10:15:00+00:00,2112.126483515117,TP,1.4999999999999778,0.2906938332606476,1.2093061667393301,2,
LINK,RANGE_MEAN_REVERSION,LONG,44252,44253,2026-04-06T23:00:00+00:00,2026-04-06T23:15:00+00:00,8.775,8.69210390402036,8.899344143969461,0.0828960959796401,1.5,2026-04-07T10:45:00+00:00,8.69210390402036,SL,-1.0,0.14749757016081058,-1.1474975701608106,46,
DOGE,RANGE_MEAN_REVERSION,SHORT,44328,44329,2026-04-07T18:00:00+00:00,2026-04-07T18:15:00+00:00,0.09164,0.09231421789459074,0.09062867315811389,0.0006742178945907396,1.5,2026-04-07T19:45:00+00:00,0.09231421789459074,SL,-1.0,0.19098863076658268,-1.1909886307665827,6,
ADA,RANGE_MEAN_REVERSION,SHORT,44336,44337,2026-04-07T20:00:00+00:00,2026-04-07T20:15:00+00:00,0.2467,0.24881096452190443,0.24353355321714337,0.0021109645219044293,1.5,2026-04-07T21:00:00+00:00,0.24881096452190443,SL,-1.0,0.16431241338552283,-1.164312413385523,3,
CRV,RANGE_MEAN_REVERSION,SHORT,44371,44372,2026-04-08T04:45:00+00:00,2026-04-08T05:00:00+00:00,0.226,0.22851948616951318,0.22222077074573027,0.0025194861695131687,1.5,2026-04-08T07:00:00+00:00,0.22851948616951318,SL,-1.0,0.12628116167835002,-1.12628116167835,8,
ADA,RANGE_MEAN_REVERSION,LONG,44398,44399,2026-04-08T11:30:00+00:00,2026-04-08T11:45:00+00:00,0.2565,0.2549378763718383,0.2588431854422426,0.0015621236281617157,1.5,2026-04-08T13:00:00+00:00,0.2588431854422426,TP,1.5000000000000178,0.2309293728781784,1.2690706271218393,5,
BTC,RANGE_MEAN_REVERSION,SHORT,44404,44405,2026-04-08T13:00:00+00:00,2026-04-08T13:15:00+00:00,72590.4,72959.38089162044,72036.92866256932,368.98089162044926,1.5,2026-04-08T13:30:00+00:00,72036.92866256932,TP,1.5,0.27437499437758894,1.225625005622411,1,
AVAX,RANGE_MEAN_REVERSION,LONG,44411,44412,2026-04-08T14:45:00+00:00,2026-04-08T15:00:00+00:00,9.175,9.106699545879762,9.277450681180358,0.068300454120239,1.5,2026-04-08T17:30:00+00:00,9.277450681180358,TP,1.499999999999987,0.1891160994930886,1.3108839005068984,10,
LINK,RANGE_MEAN_REVERSION,LONG,44445,44446,2026-04-08T23:15:00+00:00,2026-04-08T23:30:00+00:00,8.852,8.801625656972835,8.927561514540749,0.05037434302716548,1.5,2026-04-09T00:15:00+00:00,8.801625656972835,SL,-1.0,0.24531412654288925,-1.2453141265428893,3,
AVAX,RANGE_MEAN_REVERSION,LONG,44448,44449,2026-04-09T00:00:00+00:00,2026-04-09T00:15:00+00:00,9.026,8.973061323483437,9.105408014774845,0.05293867651656292,1.5,2026-04-09T00:30:00+00:00,8.973061323483437,SL,-1.0,0.23799882723733096,-1.237998827237331,1,
UNI,RANGE_MEAN_REVERSION,LONG,44462,44463,2026-04-09T03:30:00+00:00,2026-04-09T03:45:00+00:00,3.054,3.0341431348669583,3.083785297699562,0.019856865133041524,1.5,2026-04-09T05:30:00+00:00,3.083785297699562,TP,1.5,0.21637099711376223,1.2836290028862378,7,
CRV,RANGE_MEAN_REVERSION,LONG,44450,44451,2026-04-09T00:30:00+00:00,2026-04-09T00:45:00+00:00,0.214,0.21167935519762704,0.21748096720355942,0.0023206448023729565,1.5,2026-04-09T07:00:00+00:00,0.21748096720355942,TP,1.499999999999994,0.13015204943628014,1.3698479505637138,25,
XRP,RANGE_MEAN_REVERSION,SHORT,44511,44512,2026-04-09T15:45:00+00:00,2026-04-09T16:00:00+00:00,1.3516,1.3583196900712857,1.3415204648930712,0.006719690071285811,1.5,2026-04-09T16:00:00+00:00,1.3583196900712857,SL,-1.0,0.2822963206526161,-1.2822963206526161,0,True
AVAX,RANGE_MEAN_REVERSION,SHORT,44511,44512,2026-04-09T15:45:00+00:00,2026-04-09T16:00:00+00:00,9.337,9.400376265085077,9.241935602372383,0.06337626508507732,1.5,2026-04-09T16:45:00+00:00,9.241935602372383,TP,1.500000000000014,0.2052070267031704,1.2947929732968435,3,
ADA,RANGE_MEAN_REVERSION,SHORT,44511,44512,2026-04-09T15:45:00+00:00,2026-04-09T16:00:00+00:00,0.2545,0.2564820439445022,0.2515269340832467,0.0019820439445021876,1.5,2026-04-09T17:15:00+00:00,0.2564820439445022,SL,-1.0,0.1804639255114945,-1.1804639255114946,5,
DOGE,RANGE_MEAN_REVERSION,SHORT,44511,44512,2026-04-09T15:45:00+00:00,2026-04-09T16:00:00+00:00,0.09286,0.09350103158761269,0.09189845261858096,0.0006410315876126949,1.5,2026-04-09T18:30:00+00:00,0.09350103158761269,SL,-1.0,0.20350435864971317,-1.2035043586497132,10,
SUI,RANGE_MEAN_REVERSION,SHORT,44511,44512,2026-04-09T15:45:00+00:00,2026-04-09T16:00:00+00:00,0.9318,0.9411931171405491,0.9177103242891762,0.009393117140549134,1.5,2026-04-09T19:00:00+00:00,0.9411931171405491,SL,-1.0,0.13958041429490103,-1.139580414294901,12,
CRV,RANGE_MEAN_REVERSION,SHORT,44512,44513,2026-04-09T16:00:00+00:00,2026-04-09T16:15:00+00:00,0.222,0.22446854271386507,0.2182971859292024,0.0024685427138650684,1.5,2026-04-09T19:30:00+00:00,0.22446854271386507,SL,-1.0,0.12660424231038378,-1.1266042423103837,13,
DOGE,RANGE_MEAN_REVERSION,SHORT,44601,44602,2026-04-10T14:15:00+00:00,2026-04-10T14:30:00+00:00,0.09382,0.09435343404070841,0.09301984893893739,0.0005334340407084082,1.5,2026-04-10T15:00:00+00:00,0.09435343404070841,SL,-1.0,0.24693100510340124,-1.2469310051034013,2,
SOL,RANGE_MEAN_REVERSION,SHORT,44601,44602,2026-04-10T14:15:00+00:00,2026-04-10T14:30:00+00:00,84.88,85.33011144973688,84.20483282539467,0.45011144973688033,1.5,2026-04-10T15:15:00+00:00,85.33011144973688,SL,-1.0,0.26470572584737645,-1.2647057258473764,3,
BNB,RANGE_MEAN_REVERSION,SHORT,44604,44605,2026-04-10T15:00:00+00:00,2026-04-10T15:15:00+00:00,607.78,609.7969775771784,604.7545336342323,2.016977577178409,1.5,2026-04-10T15:30:00+00:00,604.7545336342323,TP,1.5000000000000282,0.4208148782354488,1.0791851217645794,1,
LINK,RANGE_MEAN_REVERSION,SHORT,44604,44605,2026-04-10T15:00:00+00:00,2026-04-10T15:15:00+00:00,9.132,9.176211696768565,9.065682454847153,0.04421169676856529,1.5,2026-04-10T15:30:00+00:00,9.065682454847153,TP,1.49999999999998,0.2881223442989424,1.2118776557010376,1,
XRP,RANGE_MEAN_REVERSION,SHORT,44604,44605,2026-04-10T15:00:00+00:00,2026-04-10T15:15:00+00:00,1.3574,1.3625352618439268,1.3496971072341095,0.005135261843926875,1.5,2026-04-10T15:45:00+00:00,1.3496971072341095,TP,1.5000000000000215,0.36901097405674194,1.1309890259432795,2,
SUI,RANGE_MEAN_REVERSION,SHORT,44604,44605,2026-04-10T15:00:00+00:00,2026-04-10T15:15:00+00:00,0.949,0.956134257623583,0.9382986135646254,0.007134257623582996,1.5,2026-04-10T18:15:00+00:00,0.956134257623583,SL,-1.0,0.18692820622683723,-1.1869282062268371,12,
DOGE,RANGE_MEAN_REVERSION,SHORT,44621,44622,2026-04-10T19:15:00+00:00,2026-04-10T19:30:00+00:00,0.09493,0.09554031574560289,0.09401452638159567,0.0006103157456028852,1.5,2026-04-10T21:00:00+00:00,0.09401452638159567,TP,1.5,0.21670941544604272,1.2832905845539573,6,
BNB,RANGE_MEAN_REVERSION,SHORT,44620,44621,2026-04-10T19:00:00+00:00,2026-04-10T19:15:00+00:00,609.93,611.3076685294911,607.8634972057632,1.3776685294911886,1.5,2026-04-10T21:30:00+00:00,607.8634972057632,TP,1.4999999999999587,0.6187667278419069,0.8812332721580518,9,
CRV,RANGE_MEAN_REVERSION,LONG,44636,44637,2026-04-10T23:00:00+00:00,2026-04-10T23:15:00+00:00,0.215,0.21337847418884145,0.2174322887167378,0.0016215258111585418,1.5,2026-04-10T23:30:00+00:00,0.2174322887167378,TP,1.5,0.18667763412624472,1.3133223658737552,1,
AVAX,RANGE_MEAN_REVERSION,LONG,44664,44665,2026-04-11T06:00:00+00:00,2026-04-11T06:15:00+00:00,9.242,9.2064182737572,9.295372589364202,0.03558172624280154,1.5,2026-04-11T07:30:00+00:00,9.295372589364202,TP,1.4999999999999751,0.36468609544148023,1.1353139045584948,5,
ADA,RANGE_MEAN_REVERSION,LONG,44664,44665,2026-04-11T06:00:00+00:00,2026-04-11T06:15:00+00:00,0.2499,0.2485511075115024,0.2519233387327464,0.0013488924884976217,1.5,2026-04-11T13:00:00+00:00,0.2485511075115024,SL,-1.0,0.25866833586320087,-1.258668335863201,27,
DOGE,RANGE_MEAN_REVERSION,LONG,44665,44666,2026-04-11T06:15:00+00:00,2026-04-11T06:30:00+00:00,0.09268,0.09241934201188949,0.09307098698216576,0.00026065798811050755,1.5,2026-04-11T13:15:00+00:00,0.09241934201188949,SL,-1.0,0.49708639411960326,-1.4970863941196033,27,
ADA,RANGE_MEAN_REVERSION,LONG,44698,44699,2026-04-11T14:30:00+00:00,2026-04-11T14:45:00+00:00,0.2472,0.24571440851564338,0.24942838722653493,0.0014855914843566187,1.5,2026-04-11T16:30:00+00:00,0.24942838722653493,TP,1.5,0.23400771660261008,1.26599228339739,7,
AVAX,RANGE_MEAN_REVERSION,SHORT,44705,44706,2026-04-11T16:15:00+00:00,2026-04-11T16:30:00+00:00,9.363,9.393737181943514,9.316894227084727,0.030737181943514713,1.5,2026-04-11T16:30:00+00:00,9.393737181943514,SL,-1.0,0.427160695846768,-1.427160695846768,0,True
SOL,RANGE_MEAN_REVERSION,SHORT,44706,44707,2026-04-11T16:30:00+00:00,2026-04-11T16:45:00+00:00,85.15,85.52461081768077,84.58808377347887,0.374610817680761,1.5,2026-04-11T18:00:00+00:00,84.58808377347887,TP,1.4999999999999811,0.31717359198817746,1.1828264080118036,5,
SUI,RANGE_MEAN_REVERSION,SHORT,44706,44707,2026-04-11T16:30:00+00:00,2026-04-11T16:45:00+00:00,0.9467,0.9531582752262429,0.9370125871606356,0.006458275226242871,1.5,2026-04-11T18:30:00+00:00,0.9531582752262429,SL,-1.0,0.20592197546093824,-1.2059219754609383,7,
XRP,RANGE_MEAN_REVERSION,SHORT,44706,44707,2026-04-11T16:30:00+00:00,2026-04-11T16:45:00+00:00,1.3552,1.360117514252309,1.3478237286215364,0.004917514252309019,1.5,2026-04-11T18:30:00+00:00,1.360117514252309,SL,-1.0,0.38652094583846547,-1.3865209458384655,7,
BNB,RANGE_MEAN_REVERSION,SHORT,44714,44715,2026-04-11T18:30:00+00:00,2026-04-11T18:45:00+00:00,610.91,612.9730400179632,607.8154399730552,2.0630400179632034,1.5,2026-04-11T19:00:00+00:00,612.9730400179632,SL,-1.0,0.41526975751948536,-1.4152697575194852,1,
LINK,RANGE_MEAN_REVERSION,SHORT,44714,44715,2026-04-11T18:30:00+00:00,2026-04-11T18:45:00+00:00,9.179,9.254136695516562,9.066294956725157,0.07513669551656221,1.5,2026-04-11T19:00:00+00:00,9.254136695516562,SL,-1.0,0.1717296135816536,-1.1717296135816535,1,
UNI,RANGE_MEAN_REVERSION,SHORT,44715,44716,2026-04-11T18:45:00+00:00,2026-04-11T19:00:00+00:00,3.196,3.211426603911729,3.1728600941324068,0.015426603911728787,1.5,2026-04-11T19:30:00+00:00,3.211426603911729,SL,-1.0,0.29074439509840083,-1.2907443950984008,2,
ADA,RANGE_MEAN_REVERSION,SHORT,44716,44717,2026-04-11T19:00:00+00:00,2026-04-11T19:15:00+00:00,0.2533,0.2552157039362096,0.2504264440956856,0.0019157039362096007,1.5,2026-04-11T19:30:00+00:00,0.2552157039362096,SL,-1.0,0.18581211116559523,-1.1858121111655953,1,
DOGE,RANGE_MEAN_REVERSION,SHORT,44716,44717,2026-04-11T19:00:00+00:00,2026-04-11T19:15:00+00:00,0.09423,0.09462811731812411,0.09363282402281382,0.00039811731812411377,1.5,2026-04-11T19:30:00+00:00,0.09462811731812411,SL,-1.0,0.3320646354838377,-1.3320646354838377,1,
SOL,RANGE_MEAN_REVERSION,SHORT,44716,44717,2026-04-11T19:00:00+00:00,2026-04-11T19:15:00+00:00,85.6,86.04879166408915,84.92681250386626,0.44879166408915694,1.5,2026-04-11T19:30:00+00:00,86.04879166408915,SL,-1.0,0.2677281326263506,-1.2677281326263505,1,
AVAX,RANGE_MEAN_REVERSION,SHORT,44718,44719,2026-04-11T19:30:00+00:00,2026-04-11T19:45:00+00:00,9.581,9.633902461967338,9.501646307048992,0.05290246196733861,1.5,2026-04-11T20:30:00+00:00,9.501646307048992,TP,1.5,0.2524996364664707,1.2475003635335293,3,
XRP,RANGE_MEAN_REVERSION,SHORT,44718,44719,2026-04-11T19:30:00+00:00,2026-04-11T19:45:00+00:00,1.3715,1.377689924025574,1.3622151139616387,0.006189924025574056,1.5,2026-04-11T20:30:00+00:00,1.3622151139616387,TP,1.500000000000018,0.3091476683505302,1.190852331649488,3,
ADA,RANGE_MEAN_REVERSION,LONG,44763,44764,2026-04-12T06:45:00+00:00,2026-04-12T07:00:00+00:00,0.2419,0.24097591985586445,0.24328612021620333,0.0009240801441355584,1.5,2026-04-12T08:00:00+00:00,0.24097591985586445,SL,-1.0,0.3657833641856935,-1.3657833641856936,4,
AVAX,RANGE_MEAN_REVERSION,LONG,44765,44766,2026-04-12T07:15:00+00:00,2026-04-12T07:30:00+00:00,9.007,8.966897346137687,9.067153980793469,0.04010265386231282,1.5,2026-04-12T13:45:00+00:00,8.966897346137687,SL,-1.0,0.3137380430106717,-1.3137380430106718,25,
DOGE,RANGE_MEAN_REVERSION,LONG,44795,44796,2026-04-12T14:45:00+00:00,2026-04-12T15:00:00+00:00,0.09043,0.09019230937114128,0.09078653594328806,0.00023769062885871384,1.5,2026-04-12T17:15:00+00:00,0.09078653594328806,TP,1.499999999999971,0.5336835354821824,0.9663164645177885,9,
ADA,RANGE_MEAN_REVERSION,LONG,44791,44792,2026-04-12T13:45:00+00:00,2026-04-12T14:00:00+00:00,0.2379,0.23676545775994726,0.23960181336007913,0.0011345422400527438,1.5,2026-04-12T17:45:00+00:00,0.23960181336007913,TP,1.5000000000000122,0.29461333174912585,1.2053866682508865,15,
AVAX,RANGE_MEAN_REVERSION,SHORT,44808,44809,2026-04-12T18:00:00+00:00,2026-04-12T18:15:00+00:00,9.135,9.187012841725336,9.056980737411996,0.052012841725336045,1.5,2026-04-12T22:00:00+00:00,9.056980737411996,TP,1.5,0.24483158569637106,1.255168414303629,15,
DOGE,RANGE_MEAN_REVERSION,SHORT,44883,44884,2026-04-13T12:45:00+00:00,2026-04-13T13:00:00+00:00,0.09159,0.09206029783710386,0.09088455324434422,0.000470297837103853,1.5,2026-04-13T13:15:00+00:00,0.09088455324434422,TP,1.5000000000000147,0.2715985003410395,1.2284014996589752,1,
SUI,RANGE_MEAN_REVERSION,SHORT,45074,45075,2026-04-15T12:30:00+00:00,2026-04-15T12:45:00+00:00,0.9504,0.9555762500529558,0.9426356249205664,0.005176250052955744,1.5,2026-04-15T13:30:00+00:00,0.9426356249205664,TP,1.5,0.2560009512461097,1.2439990487538903,3,
SOL,RANGE_MEAN_REVERSION,SHORT,45102,45103,2026-04-15T19:30:00+00:00,2026-04-15T19:45:00+00:00,85.51,86.0724253874004,84.66636191889941,0.5624253874003955,1.5,2026-04-15T20:15:00+00:00,84.66636191889941,TP,1.5,0.21180312271079005,1.2881968772892098,2,
DOGE,RANGE_MEAN_REVERSION,SHORT,45102,45103,2026-04-15T19:30:00+00:00,2026-04-15T19:45:00+00:00,0.09633,0.09706600880327187,0.09522598679509219,0.0007360088032718759,1.5,2026-04-15T20:30:00+00:00,0.09522598679509219,TP,1.5,0.18218422138496218,1.3178157786150377,3,
SUI,RANGE_MEAN_REVERSION,SHORT,45103,45104,2026-04-15T19:45:00+00:00,2026-04-15T20:00:00+00:00,0.9675,0.9772537136524662,0.9528694295213008,0.009753713652466134,1.5,2026-04-16T01:00:00+00:00,0.9528694295213008,TP,1.5,0.13782018301562785,1.3621798169843722,20,
SOL,RANGE_MEAN_REVERSION,SHORT,45173,45174,2026-04-16T13:15:00+00:00,2026-04-16T13:30:00+00:00,86.1,86.44150668050224,85.58773997924662,0.3415066805022491,1.5,2026-04-16T13:30:00+00:00,85.58773997924662,TP,1.5,0.3519152767633228,1.148084723236677,0,True
ADA,RANGE_MEAN_REVERSION,SHORT,45173,45174,2026-04-16T13:15:00+00:00,2026-04-16T13:30:00+00:00,0.254,0.25542085111876206,0.25186872332185695,0.0014208511187620565,1.5,2026-04-16T13:45:00+00:00,0.25186872332185695,TP,1.4999999999999805,0.24922252701171344,1.250777472988267,1,
ETH,RANGE_MEAN_REVERSION,SHORT,45251,45252,2026-04-17T08:45:00+00:00,2026-04-17T09:00:00+00:00,2353.8,2363.4699384893624,2339.2950922659566,9.669938489362266,1.5,2026-04-17T09:15:00+00:00,2363.4699384893624,SL,-1.0,0.34147983056718767,-1.3414798305671876,1,
UNI,RANGE_MEAN_REVERSION,SHORT,45251,45252,2026-04-17T08:45:00+00:00,2026-04-17T09:00:00+00:00,3.432,3.455154023815647,3.3972689642765292,0.02315402381564713,1.5,2026-04-17T10:00:00+00:00,3.455154023815647,SL,-1.0,0.20821468678860866,-1.2082146867886085,4,
ADA,RANGE_MEAN_REVERSION,LONG,45352,45353,2026-04-18T10:00:00+00:00,2026-04-18T10:15:00+00:00,0.2522,0.25064941123845236,0.2545258831423214,0.0015505887615476222,1.5,2026-04-18T11:30:00+00:00,0.25064941123845236,SL,-1.0,0.22700705473680552,-1.2270070547368055,5,
ADA,RANGE_MEAN_REVERSION,LONG,45379,45380,2026-04-18T16:45:00+00:00,2026-04-18T17:00:00+00:00,0.2492,0.24798705865896015,0.2510194120115598,0.0012129413410398582,1.5,2026-04-18T17:00:00+00:00,0.24798705865896015,SL,-1.0,0.28693138677498137,-1.2869313867749814,0,True
FET,RANGE_MEAN_REVERSION,LONG,45379,45380,2026-04-18T16:45:00+00:00,2026-04-18T17:00:00+00:00,0.2206,0.21808332942042594,0.22437500586936107,0.002516670579574054,1.5,2026-04-18T17:00:00+00:00,0.21808332942042594,SL,-1.0,0.12201768999352752,-1.1220176899935275,0,True
UNI,RANGE_MEAN_REVERSION,LONG,45437,45438,2026-04-19T07:15:00+00:00,2026-04-19T07:30:00+00:00,3.247,3.226796792303369,3.2773048115449464,0.020203207696630976,1.5,2026-04-19T08:15:00+00:00,3.2773048115449464,TP,1.5,0.22605387405105196,1.273946125948948,3,
ETH,RANGE_MEAN_REVERSION,LONG,45437,45438,2026-04-19T07:15:00+00:00,2026-04-19T07:30:00+00:00,2301.43,2285.5962147795285,2325.180677830707,15.833785220471327,1.5,2026-04-19T11:00:00+00:00,2325.180677830707,TP,1.5,0.2045390555313526,1.2954609444686473,14,
FET,RANGE_MEAN_REVERSION,LONG,45409,45410,2026-04-19T00:15:00+00:00,2026-04-19T00:30:00+00:00,0.2139,0.21070414911497784,0.21869377632753326,0.0031958508850221667,1.5,2026-04-19T12:45:00+00:00,0.21869377632753326,TP,1.5,0.0947527448318894,1.4052472551681106,49,
UNI,RANGE_MEAN_REVERSION,SHORT,45461,45462,2026-04-19T13:15:00+00:00,2026-04-19T13:30:00+00:00,3.347,3.369666013795838,3.313000979306243,0.02266601379583788,1.5,2026-04-19T14:00:00+00:00,3.313000979306243,TP,1.5000000000000098,0.2056824251280763,1.2943175748719336,2,
SUI,RANGE_MEAN_REVERSION,SHORT,45461,45462,2026-04-19T13:15:00+00:00,2026-04-19T13:30:00+00:00,0.9636,0.969592736370007,0.9546108954449896,0.005992736370006968,1.5,2026-04-19T14:45:00+00:00,0.969592736370007,SL,-1.0,0.22581252234485186,-1.225812522344852,5,
ADA,RANGE_MEAN_REVERSION,SHORT,45461,45462,2026-04-19T13:15:00+00:00,2026-04-19T13:30:00+00:00,0.2498,0.2516361236250056,0.24704581456249158,0.001836123625005598,1.5,2026-04-19T15:30:00+00:00,0.24704581456249158,TP,1.5000000000000075,0.18941647798507236,1.310583522014935,8,
BTC,RANGE_MEAN_REVERSION,SHORT,45461,45462,2026-04-19T13:15:00+00:00,2026-04-19T13:30:00+00:00,75999.0,76328.76836536433,75504.34745195351,329.76836536433257,1.5,2026-04-19T15:30:00+00:00,75504.34745195351,TP,1.499999999999978,0.32159647302493494,1.178403526975043,8,
SOL,RANGE_MEAN_REVERSION,SHORT,45461,45462,2026-04-19T13:15:00+00:00,2026-04-19T13:30:00+00:00,86.55,87.10698724367022,85.71451913449467,0.5569872436702212,1.5,2026-04-19T15:30:00+00:00,85.71451913449467,TP,1.5,0.2164953771644039,1.2835046228355962,8,
SUI,RANGE_MEAN_REVERSION,SHORT,45637,45638,2026-04-21T09:15:00+00:00,2026-04-21T09:30:00+00:00,0.958,0.9625390699379877,0.9511913950930184,0.004539069937987694,1.5,2026-04-21T10:15:00+00:00,0.9511913950930184,TP,1.5,0.2944290338821248,1.2055709661178753,3,
UNI,RANGE_MEAN_REVERSION,SHORT,45640,45641,2026-04-21T10:00:00+00:00,2026-04-21T10:15:00+00:00,3.288,3.301165764878699,3.2682513526819506,0.01316576487869936,1.5,2026-04-21T11:00:00+00:00,3.2682513526819506,TP,1.5000000000000169,0.3485840730987403,1.1514159269012767,3,
BTC,RANGE_MEAN_REVERSION,SHORT,45635,45636,2026-04-21T08:45:00+00:00,2026-04-21T09:00:00+00:00,76462.4,77036.34217001521,75601.48674497717,573.9421700152161,1.5,2026-04-21T14:45:00+00:00,75601.48674497717,TP,1.5,0.18546244949846077,1.3145375505015393,23,
BTC,RANGE_MEAN_REVERSION,SHORT,45706,45707,2026-04-22T02:30:00+00:00,2026-04-22T02:45:00+00:00,77211.5,77504.09366767322,76772.60949849017,292.59366767322354,1.5,2026-04-22T02:45:00+00:00,77504.09366767322,SL,-1.0,0.370141009641824,-1.370141009641824,0,True
BNB,RANGE_MEAN_REVERSION,SHORT,45706,45707,2026-04-22T02:30:00+00:00,2026-04-22T02:45:00+00:00,639.56,641.5758878938572,636.5361681592142,2.0158878938572116,1.5,2026-04-22T03:00:00+00:00,641.5758878938572,SL,-1.0,0.4448635880290779,-1.4448635880290779,1,
DOGE,RANGE_MEAN_REVERSION,SHORT,45706,45707,2026-04-22T02:30:00+00:00,2026-04-22T02:45:00+00:00,0.09629,0.09669710077861732,0.09567934883207402,0.00040710077861731697,1.5,2026-04-22T03:00:00+00:00,0.09669710077861732,SL,-1.0,0.3318366793693126,-1.3318366793693126,1,
UNI,RANGE_MEAN_REVERSION,SHORT,45706,45707,2026-04-22T02:30:00+00:00,2026-04-22T02:45:00+00:00,3.325,3.3422692019641764,3.2990961970537356,0.01726920196417625,1.5,2026-04-22T04:30:00+00:00,3.3422692019641764,SL,-1.0,0.27025501531897483,-1.270255015318975,7,
ETH,RANGE_MEAN_REVERSION,SHORT,45707,45708,2026-04-22T02:45:00+00:00,2026-04-22T03:00:00+00:00,2369.68,2383.1958702462102,2349.4061946306842,13.515870246210397,1.5,2026-04-22T05:15:00+00:00,2383.1958702462102,SL,-1.0,0.24615604090348386,-1.2461560409034838,9,
SUI,RANGE_MEAN_REVERSION,SHORT,45740,45741,2026-04-22T11:00:00+00:00,2026-04-22T11:15:00+00:00,0.9739,0.9778398413286381,0.9679902380070429,0.003939841328638116,1.5,2026-04-22T12:15:00+00:00,0.9679902380070429,TP,1.499999999999986,0.345019774457467,1.154980225542519,4,
ETH,RANGE_MEAN_REVERSION,SHORT,45748,45749,2026-04-22T13:00:00+00:00,2026-04-22T13:15:00+00:00,2407.75,2418.7474911892737,2391.2537632160893,10.99749118927366,1.5,2026-04-22T13:45:00+00:00,2418.7474911892737,SL,-1.0,0.30721081614757184,-1.3072108161475717,2,
SOL,RANGE_MEAN_REVERSION,SHORT,45751,45752,2026-04-22T13:45:00+00:00,2026-04-22T14:00:00+00:00,89.07,89.36225854919839,88.6316121762024,0.2922585491983938,1.5,2026-04-22T14:30:00+00:00,88.6316121762024,TP,1.5000000000000242,0.4256201533351939,1.0743798466648302,2,
BTC,RANGE_MEAN_REVERSION,SHORT,45753,45754,2026-04-22T14:15:00+00:00,2026-04-22T14:30:00+00:00,78958.4,79305.21109297508,78438.18336053737,346.81109297508374,1.5,2026-04-22T15:45:00+00:00,79305.21109297508,SL,-1.0,0.3194376708505161,-1.3194376708505162,5,
AVAX,RANGE_MEAN_REVERSION,LONG,45789,45790,2026-04-22T23:15:00+00:00,2026-04-22T23:30:00+00:00,9.387,9.349030461851719,9.443954307222423,0.037969538148281856,1.5,2026-04-22T23:30:00+00:00,9.349030461851719,SL,-1.0,0.34541429690499603,-1.345414296904996,0,True
LINK,RANGE_MEAN_REVERSION,LONG,45789,45790,2026-04-22T23:15:00+00:00,2026-04-22T23:30:00+00:00,9.329,9.293989499467045,9.381515750799434,0.03501050053295529,1.5,2026-04-22T23:30:00+00:00,9.293989499467045,SL,-1.0,0.37234807989551855,-1.3723480798955185,0,True
ADA,RANGE_MEAN_REVERSION,LONG,45789,45790,2026-04-22T23:15:00+00:00,2026-04-22T23:30:00+00:00,0.249,0.2477829556567621,0.2508255665148569,0.0012170443432379108,1.5,2026-04-23T00:00:00+00:00,0.2477829556567621,SL,-1.0,0.2857316340952376,-1.2857316340952376,2,
DOGE,RANGE_MEAN_REVERSION,LONG,45790,45791,2026-04-22T23:30:00+00:00,2026-04-22T23:45:00+00:00,0.09574,0.09534449544584993,0.09633325683122512,0.0003955045541500779,1.5,2026-04-23T00:00:00+00:00,0.09633325683122512,TP,1.5,0.3399487524759039,1.160051247524096,1,
SUI,RANGE_MEAN_REVERSION,LONG,45790,45791,2026-04-22T23:30:00+00:00,2026-04-22T23:45:00+00:00,0.9464,0.9423006627901842,0.9525490058147237,0.004099337209815812,1.5,2026-04-23T00:00:00+00:00,0.9423006627901842,SL,-1.0,0.32251322501291174,-1.3225132250129117,1,
UNI,RANGE_MEAN_REVERSION,LONG,45790,45791,2026-04-22T23:30:00+00:00,2026-04-22T23:45:00+00:00,3.318,3.304080956497629,3.3388785652535566,0.013919043502371053,1.5,2026-04-23T00:00:00+00:00,3.304080956497629,SL,-1.0,0.3330298284331613,-1.3330298284331614,1,
XRP,RANGE_MEAN_REVERSION,LONG,45790,45791,2026-04-22T23:30:00+00:00,2026-04-22T23:45:00+00:00,1.4291,1.4257104684474815,1.4341842973287777,0.003389531552518532,1.5,2026-04-23T00:00:00+00:00,1.4257104684474815,SL,-1.0,0.5895703571274872,-1.5895703571274873,1,
ETH,RANGE_MEAN_REVERSION,LONG,45828,45829,2026-04-23T09:00:00+00:00,2026-04-23T09:15:00+00:00,2320.76,2304.2325986774567,2345.5511019838154,16.527401322543483,1.5,2026-04-23T10:00:00+00:00,2304.2325986774567,SL,-1.0,0.19588650120441234,-1.1958865012044124,3,
UNI,RANGE_MEAN_REVERSION,LONG,45828,45829,2026-04-23T09:00:00+00:00,2026-04-23T09:15:00+00:00,3.228,3.209048799215551,3.2564268011766737,0.018951200784449007,1.5,2026-04-23T10:15:00+00:00,3.209048799215551,SL,-1.0,0.23776510051797717,-1.237765100517977,4,
BTC,RANGE_MEAN_REVERSION,LONG,45832,45833,2026-04-23T10:00:00+00:00,2026-04-23T10:15:00+00:00,77166.3,76463.60865382837,78220.33701925745,702.6913461716322,1.5,2026-04-23T15:15:00+00:00,78220.33701925745,TP,1.5,0.15479149772667475,1.3452085022733253,20,
AVAX,RANGE_MEAN_REVERSION,SHORT,45852,45853,2026-04-23T15:00:00+00:00,2026-04-23T15:15:00+00:00,9.368,9.403726977589747,9.31440953361538,0.03572697758974641,1.5,2026-04-23T15:15:00+00:00,9.403726977589747,SL,-1.0,0.3677951444760344,-1.3677951444760343,0,True
ADA,RANGE_MEAN_REVERSION,SHORT,45853,45854,2026-04-23T15:15:00+00:00,2026-04-23T15:30:00+00:00,0.2498,0.2514247728776374,0.24736284068354386,0.0016247728776374315,1.5,2026-04-23T17:00:00+00:00,0.24736284068354386,TP,1.4999999999999916,0.21419239160646558,1.285807608393526,6,
SUI,RANGE_MEAN_REVERSION,SHORT,45853,45854,2026-04-23T15:15:00+00:00,2026-04-23T15:30:00+00:00,0.9492,0.956592959915084,0.9381105601273741,0.00739295991508393,1.5,2026-04-23T17:00:00+00:00,0.9381105601273741,TP,1.5,0.17869938526160176,1.3213006147383983,6,
BNB,RANGE_MEAN_REVERSION,SHORT,45854,45855,2026-04-23T15:30:00+00:00,2026-04-23T15:45:00+00:00,639.57,641.3527864482573,636.895820327614,1.7827864482572977,1.5,2026-04-23T17:00:00+00:00,636.895820327614,TP,1.500000000000032,0.5011963575910989,0.998803642408933,5,
DOGE,RANGE_MEAN_REVERSION,SHORT,45853,45854,2026-04-23T15:15:00+00:00,2026-04-23T15:30:00+00:00,0.09733,0.09824347565639768,0.09595978651540348,0.0009134756563976831,1.5,2026-04-23T17:30:00+00:00,0.09595978651540348,TP,1.5,0.1481187261129136,1.3518812738870865,8,
XRP,RANGE_MEAN_REVERSION,SHORT,45853,45854,2026-04-23T15:15:00+00:00,2026-04-23T15:30:00+00:00,1.4316,1.4394379853739043,1.4198430219391436,0.007837985373904344,1.5,2026-04-23T18:00:00+00:00,1.4394379853739043,SL,-1.0,0.2564085659629939,-1.2564085659629938,10,
AVAX,RANGE_MEAN_REVERSION,LONG,46047,46048,2026-04-25T15:45:00+00:00,2026-04-25T16:00:00+00:00,9.34,9.306575912453539,9.390136131319691,0.03342408754646087,1.5,2026-04-25T16:30:00+00:00,9.306575912453539,SL,-1.0,0.3905148680745231,-1.3905148680745232,2,
ADA,RANGE_MEAN_REVERSION,LONG,46050,46051,2026-04-25T16:30:00+00:00,2026-04-25T16:45:00+00:00,0.2492,0.24808969849581813,0.2508654522562728,0.001110301504181871,1.5,2026-04-25T18:15:00+00:00,0.24808969849581813,SL,-1.0,0.3135209559169006,-1.3135209559169005,6,
XRP,RANGE_MEAN_REVERSION,LONG,46054,46055,2026-04-25T17:30:00+00:00,2026-04-25T17:45:00+00:00,1.4195,1.4165468831902945,1.4239296752145583,0.002953116809705447,1.5,2026-04-25T22:30:00+00:00,1.4239296752145583,TP,1.5000000000000375,0.674000014529977,0.8259999854700605,19,
SOL,RANGE_MEAN_REVERSION,LONG,46050,46051,2026-04-25T16:30:00+00:00,2026-04-25T16:45:00+00:00,85.84,85.42282514333807,86.4657622849929,0.41717485666193,1.5,2026-04-26T04:45:00+00:00,86.4657622849929,TP,1.500000000000017,0.28912105241576963,1.2108789475842474,48,
ETH,RANGE_MEAN_REVERSION,SHORT,46100,46101,2026-04-26T05:00:00+00:00,2026-04-26T05:15:00+00:00,2327.21,2334.5631636509884,2316.1802545235178,7.353163650988336,1.5,2026-04-26T05:15:00+00:00,2334.5631636509884,SL,-1.0,0.44378737771150806,-1.443787377711508,0,True
SUI,RANGE_MEAN_REVERSION,LONG,46050,46051,2026-04-25T16:30:00+00:00,2026-04-25T16:45:00+00:00,0.9362,0.930449848026198,0.944825227960703,0.00575015197380202,1.5,2026-04-26T07:15:00+00:00,0.944825227960703,TP,1.4999999999999905,0.22898832336458647,1.271011676635404,58,
LINK,RANGE_MEAN_REVERSION,SHORT,46101,46102,2026-04-26T05:15:00+00:00,2026-04-26T05:30:00+00:00,9.401,9.426903306106178,9.362145040840733,0.025903306106178192,1.5,2026-04-26T08:30:00+00:00,9.426903306106178,SL,-1.0,0.5087973041067093,-1.5087973041067093,12,
ADA,RANGE_MEAN_REVERSION,SHORT,46126,46127,2026-04-26T11:30:00+00:00,2026-04-26T11:45:00+00:00,0.2538,0.2548098268898286,0.25228525966525717,0.0010098268898285911,1.5,2026-04-26T12:30:00+00:00,0.25228525966525717,TP,1.4999999999999725,0.35081228806039455,1.149187711939578,3,
BTC,RANGE_MEAN_REVERSION,SHORT,46101,46102,2026-04-26T05:15:00+00:00,2026-04-26T05:30:00+00:00,78060.0,78249.51265813781,77775.73101279329,189.51265813781356,1.5,2026-04-26T12:45:00+00:00,77775.73101279329,TP,1.4999999999999616,0.575608050569523,0.9243919494304386,29,
AVAX,RANGE_MEAN_REVERSION,SHORT,46126,46127,2026-04-26T11:30:00+00:00,2026-04-26T11:45:00+00:00,9.494,9.538333305666713,9.427500041499929,0.04433330566671323,1.5,2026-04-26T12:45:00+00:00,9.427500041499929,TP,1.50000000000002,0.29876071341539345,1.2012392865846264,4,
LINK,RANGE_MEAN_REVERSION,SHORT,46126,46127,2026-04-26T11:30:00+00:00,2026-04-26T11:45:00+00:00,9.47,9.49519696811833,9.432204547822506,0.02519696811832972,1.5,2026-04-26T12:45:00+00:00,9.432204547822506,TP,1.5,0.5251244166098845,0.9748755833901155,4,
SOL,RANGE_MEAN_REVERSION,LONG,46133,46134,2026-04-26T13:15:00+00:00,2026-04-26T13:30:00+00:00,86.01,85.7288515426711,86.43172268599338,0.2811484573289107,1.5,2026-04-26T14:15:00+00:00,86.43172268599338,TP,1.5000000000000253,0.4293432979394931,1.0706567020605322,3,
UNI,RANGE_MEAN_REVERSION,SHORT,46101,46102,2026-04-26T05:15:00+00:00,2026-04-26T05:30:00+00:00,3.282,3.300912833974932,3.253630749037602,0.018912833974932042,1.5,2026-04-26T19:15:00+00:00,3.300912833974932,SL,-1.0,0.2436461394358013,-1.2436461394358014,55,
SOL,RANGE_MEAN_REVERSION,SHORT,46156,46157,2026-04-26T19:00:00+00:00,2026-04-26T19:15:00+00:00,86.86,87.08599136675127,86.5210129498731,0.2259913667512734,1.5,2026-04-26T19:15:00+00:00,87.08599136675127,SL,-1.0,0.5387913516658255,-1.5387913516658256,0,True
BNB,RANGE_MEAN_REVERSION,SHORT,46158,46159,2026-04-26T19:30:00+00:00,2026-04-26T19:45:00+00:00,635.5,637.8054945175934,632.0417582236099,2.305494517593388,1.5,2026-04-26T22:15:00+00:00,637.8054945175934,SL,-1.0,0.3866041924457585,-1.3866041924457586,10,
XRP,RANGE_MEAN_REVERSION,LONG,46229,46230,2026-04-27T13:15:00+00:00,2026-04-27T13:30:00+00:00,1.4062,1.401789673481599,1.412815489777601,0.004410326518400787,1.5,2026-04-27T13:45:00+00:00,1.401789673481599,SL,-1.0,0.4456796482610217,-1.4456796482610217,1,
FET,RANGE_MEAN_REVERSION,LONG,46282,46283,2026-04-28T02:30:00+00:00,2026-04-28T02:45:00+00:00,0.2027,0.20152914803527855,0.20445627794708215,0.0011708519647214422,1.5,2026-04-28T03:15:00+00:00,0.20152914803527855,SL,-1.0,0.2416705203992327,-1.2416705203992326,2,
XRP,RANGE_MEAN_REVERSION,LONG,46324,46325,2026-04-28T13:00:00+00:00,2026-04-28T13:15:00+00:00,1.3768,1.3719396689964194,1.384090496505371,0.004860331003580631,1.5,2026-04-28T14:15:00+00:00,1.3719396689964194,SL,-1.0,0.3958820431941746,-1.3958820431941745,4,
BTC,RANGE_MEAN_REVERSION,LONG,46330,46331,2026-04-28T14:30:00+00:00,2026-04-28T14:45:00+00:00,75825.3,75491.06260785111,76326.65608822333,334.23739214889065,1.5,2026-04-28T19:45:00+00:00,76326.65608822333,TP,1.4999999999999782,0.3186548595804972,1.181345140419481,20,
ADA,RANGE_MEAN_REVERSION,SHORT,46382,46383,2026-04-29T03:30:00+00:00,2026-04-29T03:45:00+00:00,0.249,0.24987784858109288,0.24768322712836066,0.0008778485810928827,1.5,2026-04-29T04:30:00+00:00,0.24987784858109288,SL,-1.0,0.3978072090428265,-1.3978072090428264,3,
SOL,RANGE_MEAN_REVERSION,SHORT,46382,46383,2026-04-29T03:30:00+00:00,2026-04-29T03:45:00+00:00,84.61,84.85360693162808,84.24458960255788,0.24360693162807934,1.5,2026-04-29T04:30:00+00:00,84.85360693162808,SL,-1.0,0.4869505315770186,-1.4869505315770186,3,
AVAX,RANGE_MEAN_REVERSION,SHORT,46385,46386,2026-04-29T04:15:00+00:00,2026-04-29T04:30:00+00:00,9.269,9.299538059398099,9.223192910902853,0.030538059398098838,1.5,2026-04-29T04:30:00+00:00,9.299538059398099,SL,-1.0,0.4256320440056472,-1.4256320440056471,0,True
SUI,RANGE_MEAN_REVERSION,SHORT,46386,46387,2026-04-29T04:30:00+00:00,2026-04-29T04:45:00+00:00,0.935,0.9396732275127373,0.9279901587308942,0.004673227512737244,1.5,2026-04-29T07:15:00+00:00,0.9279901587308942,TP,1.5,0.27905619992975284,1.220943800070247,10,
LINK,RANGE_MEAN_REVERSION,SHORT,46386,46387,2026-04-29T04:30:00+00:00,2026-04-29T04:45:00+00:00,9.367,9.415207613957522,9.29468857906372,0.048207613957520934,1.5,2026-04-29T08:00:00+00:00,9.29468857906372,TP,1.4999999999999816,0.2709775683329916,1.22902243166699,13,
UNI,RANGE_MEAN_REVERSION,SHORT,46387,46388,2026-04-29T04:45:00+00:00,2026-04-29T05:00:00+00:00,3.291,3.3074496504169466,3.26632552437458,0.01644965041694668,1.5,2026-04-29T09:00:00+00:00,3.26632552437458,TP,1.5,0.27904105866793294,1.220958941332067,16,
BTC,RANGE_MEAN_REVERSION,SHORT,46386,46387,2026-04-29T04:30:00+00:00,2026-04-29T04:45:00+00:00,77274.1,77550.8822783221,76858.92658251687,276.78227832209086,1.5,2026-04-29T09:45:00+00:00,77550.8822783221,SL,-1.0,0.39156223531300965,-1.3915622353130097,20,
ADA,RANGE_MEAN_REVERSION,SHORT,46408,46409,2026-04-29T10:00:00+00:00,2026-04-29T10:15:00+00:00,0.2533,0.2540689399863208,0.25214659002051887,0.0007689399863207713,1.5,2026-04-29T10:30:00+00:00,0.25214659002051887,TP,1.5,0.4601303343675597,1.0398696656324402,1,
XRP,RANGE_MEAN_REVERSION,SHORT,46408,46409,2026-04-29T10:00:00+00:00,2026-04-29T10:15:00+00:00,1.4036,1.408073786494805,1.3968893202577926,0.00447378649480501,1.5,2026-04-29T10:30:00+00:00,1.3968893202577926,TP,1.4999999999999751,0.43818419284353805,1.061815807156437,1,
SOL,RANGE_MEAN_REVERSION,SHORT,46407,46408,2026-04-29T09:45:00+00:00,2026-04-29T10:00:00+00:00,85.26,85.66099293976966,84.65851059034553,0.400992939769651,1.5,2026-04-29T12:00:00+00:00,84.65851059034553,TP,1.5,0.29662107637498114,1.203378923625019,8,
ETH,RANGE_MEAN_REVERSION,SHORT,46386,46387,2026-04-29T04:30:00+00:00,2026-04-29T04:45:00+00:00,2333.01,2347.5223557422655,2311.241466386602,14.5123557422653,1.5,2026-04-29T12:15:00+00:00,2311.241466386602,TP,1.5000000000000158,0.22401435605679015,1.2759856439432256,30,
CRV,RANGE_MEAN_REVERSION,SHORT,46513,46514,2026-04-30T12:15:00+00:00,2026-04-30T12:30:00+00:00,0.2361,0.23800652615772616,0.23324021076341078,0.0019065261577261572,1.5,2026-04-30T12:45:00+00:00,0.23800652615772616,SL,-1.0,0.17407291631719482,-1.1740729163171948,1,
BNB,RANGE_MEAN_REVERSION,SHORT,46573,46574,2026-05-01T03:15:00+00:00,2026-05-01T03:30:00+00:00,620.4,622.3987840768137,617.4018238847793,1.998784076813763,1.5,2026-05-01T04:15:00+00:00,617.4018238847793,TP,1.5,0.4334941861757078,1.0665058138242922,3,
BTC,RANGE_MEAN_REVERSION,SHORT,46573,46574,2026-05-01T03:15:00+00:00,2026-05-01T03:30:00+00:00,77147.2,77537.18398998746,76562.2240150188,389.98398998746416,1.5,2026-05-01T11:15:00+00:00,77537.18398998746,SL,-1.0,0.2776500358296037,-1.2776500358296037,31,
ETH,RANGE_MEAN_REVERSION,SHORT,46573,46574,2026-05-01T03:15:00+00:00,2026-05-01T03:30:00+00:00,2283.62,2299.0374546532516,2260.4938180201225,15.417454653251752,1.5,2026-05-01T12:15:00+00:00,2299.0374546532516,SL,-1.0,0.20806678471927237,-1.2080667847192723,35,
SOL,RANGE_MEAN_REVERSION,SHORT,46573,46574,2026-05-01T03:15:00+00:00,2026-05-01T03:30:00+00:00,84.09,84.52268445440455,83.44097331839318,0.4326844544045514,1.5,2026-05-01T12:30:00+00:00,84.52268445440455,SL,-1.0,0.27278280492076223,-1.2727828049207623,36,
BTC,RANGE_MEAN_REVERSION,SHORT,46610,46611,2026-05-01T12:30:00+00:00,2026-05-01T12:45:00+00:00,77912.2,78260.77511930716,77389.33732103926,348.5751193071628,1.5,2026-05-01T13:00:00+00:00,78260.77511930716,SL,-1.0,0.31362273589923606,-1.313622735899236,1,
ADA,RANGE_MEAN_REVERSION,SHORT,46573,46574,2026-05-01T03:15:00+00:00,2026-05-01T03:30:00+00:00,0.2491,0.25089605484869554,0.24640591772695666,0.0017960548486955497,1.5,2026-05-01T13:45:00+00:00,0.25089605484869554,SL,-1.0,0.19487001671930293,-1.194870016719303,41,
ETH,RANGE_MEAN_REVERSION,SHORT,46612,46613,2026-05-01T13:00:00+00:00,2026-05-01T13:15:00+00:00,2310.79,2319.187595104514,2298.193607343229,8.39759510451404,1.5,2026-05-01T13:45:00+00:00,2319.187595104514,SL,-1.0,0.38594196031563877,-1.3859419603156389,2,
AVAX,RANGE_MEAN_REVERSION,SHORT,46614,46615,2026-05-01T13:30:00+00:00,2026-05-01T13:45:00+00:00,9.195,9.230208166093306,9.142187750860042,0.03520816609330524,1.5,2026-05-01T13:45:00+00:00,9.230208166093306,SL,-1.0,0.36632540536434743,-1.3663254053643474,0,True
LINK,RANGE_MEAN_REVERSION,SHORT,46615,46616,2026-05-01T13:45:00+00:00,2026-05-01T14:00:00+00:00,9.256,9.295675022031377,9.196487466952934,0.03967502203137663,1.5,2026-05-01T14:30:00+00:00,9.196487466952934,TP,1.5000000000000224,0.3255635552426907,1.1744364447573317,2,
UNI,RANGE_MEAN_REVERSION,SHORT,46615,46616,2026-05-01T13:45:00+00:00,2026-05-01T14:00:00+00:00,3.265,3.2847119178204918,3.2354321232692627,0.019711917820491642,1.5,2026-05-01T15:45:00+00:00,3.2354321232692627,TP,1.5,0.23084017129770043,1.2691598287022996,7,
LINK,RANGE_MEAN_REVERSION,LONG,46642,46643,2026-05-01T20:30:00+00:00,2026-05-01T20:45:00+00:00,9.112,9.081585994104195,9.157621008843709,0.03041400589580512,1.5,2026-05-01T20:45:00+00:00,9.081585994104195,SL,-1.0,0.4187383352098809,-1.418738335209881,0,True
UNI,RANGE_MEAN_REVERSION,LONG,46643,46644,2026-05-01T20:45:00+00:00,2026-05-01T21:00:00+00:00,3.199,3.178629942249743,3.229555086625385,0.020370057750256798,1.5,2026-05-02T13:30:00+00:00,3.229555086625385,TP,1.5,0.22091191963267948,1.2790880803673206,66,
AVAX,RANGE_MEAN_REVERSION,LONG,46643,46644,2026-05-01T20:45:00+00:00,2026-05-01T21:00:00+00:00,9.08,9.037613391913363,9.143579912129956,0.04238660808663752,1.5,2026-05-02T15:30:00+00:00,9.143579912129956,TP,1.5,0.3009560451833485,1.1990439548166516,74,
SUI,RANGE_MEAN_REVERSION,SHORT,46719,46720,2026-05-02T15:45:00+00:00,2026-05-02T16:00:00+00:00,0.9264,0.9300436971295457,0.9209344543056814,0.003643697129545709,1.5,2026-05-02T18:00:00+00:00,0.9209344543056814,TP,1.5,0.3548961595979859,1.145103840402014,8,
LINK,RANGE_MEAN_REVERSION,SHORT,46717,46718,2026-05-02T15:15:00+00:00,2026-05-02T15:30:00+00:00,9.149,9.196337901652525,9.07799314752121,0.047337901652525716,1.5,2026-05-02T21:30:00+00:00,9.196337901652525,SL,-1.0,0.2712781108342937,-1.2712781108342937,24,
ADA,RANGE_MEAN_REVERSION,SHORT,46735,46736,2026-05-02T19:45:00+00:00,2026-05-02T20:00:00+00:00,0.2512,0.2516361337882883,0.2505457993175675,0.0004361337882883287,1.5,2026-05-02T21:30:00+00:00,0.2516361337882883,SL,-1.0,0.8070580704907545,-1.8070580704907546,6,
CRV,RANGE_MEAN_REVERSION,SHORT,46738,46739,2026-05-02T20:30:00+00:00,2026-05-02T20:45:00+00:00,0.2376,0.23885070978733322,0.23572393531900018,0.0012507097873332151,1.5,2026-05-02T21:30:00+00:00,0.23885070978733322,SL,-1.0,0.2666609794125468,-1.2666609794125467,3,
SOL,RANGE_MEAN_REVERSION,SHORT,46742,46743,2026-05-02T21:30:00+00:00,2026-05-02T21:45:00+00:00,84.61,84.99276136875542,84.03585794686686,0.38276136875542477,1.5,2026-05-02T22:15:00+00:00,84.03585794686686,TP,1.5000000000000187,0.3084221925181776,1.191577807481841,2,
ETH,RANGE_MEAN_REVERSION,SHORT,46742,46743,2026-05-02T21:30:00+00:00,2026-05-02T21:45:00+00:00,2327.49,2338.4516797345227,2311.047480398215,10.961679734522932,1.5,2026-05-03T00:15:00+00:00,2311.047480398215,TP,1.5000000000000207,0.29621155834836693,1.2037884416516538,10,
AVAX,RANGE_MEAN_REVERSION,LONG,46759,46760,2026-05-03T01:45:00+00:00,2026-05-03T02:00:00+00:00,9.071,9.050911684758319,9.10113247286252,0.020088315241681087,1.5,2026-05-03T02:00:00+00:00,9.050911684758319,SL,-1.0,0.6314784503685065,-1.6314784503685065,0,True
SUI,RANGE_MEAN_REVERSION,LONG,46759,46760,2026-05-03T01:45:00+00:00,2026-05-03T02:00:00+00:00,0.9161,0.9137831281900824,0.9195753077148764,0.0023168718099175756,1.5,2026-05-03T02:00:00+00:00,0.9137831281900824,SL,-1.0,0.5528653696980443,-1.5528653696980443,0,True
UNI,RANGE_MEAN_REVERSION,LONG,46759,46760,2026-05-03T01:45:00+00:00,2026-05-03T02:00:00+00:00,3.219,3.2093087530087043,3.233536870486943,0.009691246991295532,1.5,2026-05-03T02:00:00+00:00,3.2093087530087043,SL,-1.0,0.46431755698185484,-1.4643175569818547,0,True
XRP,RANGE_MEAN_REVERSION,LONG,46760,46761,2026-05-03T02:00:00+00:00,2026-05-03T02:15:00+00:00,1.382,1.378421248440377,1.387368127339434,0.003578751559622839,1.5,2026-05-03T07:00:00+00:00,1.387368127339434,TP,1.499999999999969,0.5416854612120396,0.9583145387879293,19,
LINK,RANGE_MEAN_REVERSION,SHORT,46801,46802,2026-05-03T12:15:00+00:00,2026-05-03T12:30:00+00:00,9.198,9.221313973331359,9.163029040002963,0.02331397333135854,1.5,2026-05-03T13:15:00+00:00,9.163029040002963,TP,1.5,0.5512882830107074,0.9487117169892926,3,
ETH,RANGE_MEAN_REVERSION,SHORT,46800,46801,2026-05-03T12:00:00+00:00,2026-05-03T12:15:00+00:00,2328.56,2335.738802282031,2317.7917965769534,7.178802282031029,1.5,2026-05-03T19:30:00+00:00,2335.738802282031,SL,-1.0,0.4548125207139267,-1.4548125207139266,29,
XRP,RANGE_MEAN_REVERSION,SHORT,46799,46800,2026-05-03T11:45:00+00:00,2026-05-03T12:00:00+00:00,1.3947,1.3994791835790572,1.3875312246314144,0.004779183579057156,1.5,2026-05-03T20:30:00+00:00,1.3994791835790572,SL,-1.0,0.4092593214197493,-1.4092593214197493,34,
ADA,RANGE_MEAN_REVERSION,SHORT,46972,46973,2026-05-05T07:00:00+00:00,2026-05-05T07:15:00+00:00,0.255,0.25587894342345846,0.2536815848648123,0.0008789434234584559,1.5,2026-05-05T07:15:00+00:00,0.25587894342345846,SL,-1.0,0.40686948767337117,-1.4068694876733712,0,True
SUI,RANGE_MEAN_REVERSION,SHORT,46973,46974,2026-05-05T07:15:00+00:00,2026-05-05T07:30:00+00:00,0.9482,0.9518789700971527,0.942681544854271,0.0036789700971526784,1.5,2026-05-05T10:30:00+00:00,0.9518789700971527,SL,-1.0,0.36152924431144384,-1.361529244311444,12,
AVAX,RANGE_MEAN_REVERSION,SHORT,46974,46975,2026-05-05T07:30:00+00:00,2026-05-05T07:45:00+00:00,9.359,9.394549350811461,9.305675973782808,0.03554935081146127,1.5,2026-05-05T10:30:00+00:00,9.394549350811461,SL,-1.0,0.3692749444340251,-1.369274944434025,11,
SUI,RANGE_MEAN_REVERSION,SHORT,46995,46996,2026-05-05T12:45:00+00:00,2026-05-05T13:00:00+00:00,0.9705,0.975029905334422,0.9637051419983671,0.004529905334421991,1.5,2026-05-05T13:00:00+00:00,0.975029905334422,SL,-1.0,0.3006400428250601,-1.3006400428250602,0,True
XRP,RANGE_MEAN_REVERSION,SHORT,46996,46997,2026-05-05T13:00:00+00:00,2026-05-05T13:15:00+00:00,1.4175,1.4221357289188794,1.4105464066216808,0.004635728918879423,1.5,2026-05-05T13:45:00+00:00,1.4105464066216808,TP,1.5,0.4270380169498146,1.0729619830501855,2,
AVAX,RANGE_MEAN_REVERSION,SHORT,46999,47000,2026-05-05T13:45:00+00:00,2026-05-05T14:00:00+00:00,9.477,9.55045548787485,9.366816768187727,0.07345548787484901,1.5,2026-05-05T16:30:00+00:00,9.366816768187727,TP,1.5,0.1795736727010136,1.3204263272989865,10,
ADA,RANGE_MEAN_REVERSION,SHORT,47029,47030,2026-05-05T21:15:00+00:00,2026-05-05T21:30:00+00:00,0.2631,0.26511584165416274,0.26007623751875586,0.002015841654162742,1.5,2026-05-05T22:00:00+00:00,0.26511584165416274,SL,-1.0,0.18342268520663443,-1.1834226852066345,2,
AVAX,RANGE_MEAN_REVERSION,SHORT,47074,47075,2026-05-06T08:30:00+00:00,2026-05-06T08:45:00+00:00,9.654,9.69439188498852,9.59341217251722,0.04039188498851942,1.5,2026-05-06T08:45:00+00:00,9.69439188498852,SL,-1.0,0.3353117667903227,-1.3353117667903227,0,True
UNI,RANGE_MEAN_REVERSION,SHORT,47076,47077,2026-05-06T09:00:00+00:00,2026-05-06T09:15:00+00:00,3.469,3.4885209359688636,3.4397185960467045,0.01952093596886373,1.5,2026-05-06T09:30:00+00:00,3.4885209359688636,SL,-1.0,0.24948930025416666,-1.2494893002541667,1,
FET,RANGE_MEAN_REVERSION,SHORT,47249,47250,2026-05-08T04:15:00+00:00,2026-05-08T04:30:00+00:00,0.226,0.22768286412310135,0.22347570381534798,0.0016828641231013408,1.5,2026-05-08T06:00:00+00:00,0.22347570381534798,TP,1.5000000000000082,0.1869628024934706,1.3130371975065376,6,
DOGE,RANGE_MEAN_REVERSION,LONG,47385,47386,2026-05-09T14:15:00+00:00,2026-05-09T14:30:00+00:00,0.10844,0.10800548180974874,0.10909177728537688,0.00043451819025125404,1.5,2026-05-09T16:15:00+00:00,0.10909177728537688,TP,1.5,0.35043928543409086,1.1495607145659092,7,
BTC,RANGE_MEAN_REVERSION,SHORT,47393,47394,2026-05-09T16:15:00+00:00,2026-05-09T16:30:00+00:00,80614.1,80873.0144878807,80225.72826817897,258.9144878806983,1.5,2026-05-09T17:30:00+00:00,80873.0144878807,SL,-1.0,0.43659580839525336,-1.4365958083952535,4,
DOGE,RANGE_MEAN_REVERSION,SHORT,47488,47489,2026-05-10T16:00:00+00:00,2026-05-10T16:15:00+00:00,0.10929,0.10965216122908693,0.10874675815636961,0.0003621612290869297,1.5,2026-05-10T16:45:00+00:00,0.10965216122908693,SL,-1.0,0.42318034221044104,-1.423180342210441,2,
ETH,RANGE_MEAN_REVERSION,SHORT,47487,47488,2026-05-10T15:45:00+00:00,2026-05-10T16:00:00+00:00,2346.79,2355.1901723506944,2334.1897414739583,8.400172350694447,1.5,2026-05-10T17:15:00+00:00,2355.1901723506944,SL,-1.0,0.3918236416153277,-1.3918236416153276,5,
ETH,RANGE_MEAN_REVERSION,LONG,47622,47623,2026-05-12T01:30:00+00:00,2026-05-12T01:45:00+00:00,2307.55,2288.396332429913,2336.280501355131,19.153667570087237,1.5,2026-05-12T08:00:00+00:00,2288.396332429913,SL,-1.0,0.1679658697703025,-1.1679658697703026,25,
DOGE,RANGE_MEAN_REVERSION,SHORT,47730,47731,2026-05-13T04:30:00+00:00,2026-05-13T04:45:00+00:00,0.11232,0.11311932995144218,0.11112100507283673,0.0007993299514421764,1.5,2026-05-13T09:30:00+00:00,0.11311932995144218,SL,-1.0,0.19742476893464103,-1.1974247689346411,19,
ETH,RANGE_MEAN_REVERSION,SHORT,47748,47749,2026-05-13T09:00:00+00:00,2026-05-13T09:15:00+00:00,2318.71,2325.5005282550314,2308.5242076174527,6.790528255031404,1.5,2026-05-13T10:15:00+00:00,2308.5242076174527,TP,1.5000000000000335,0.4769973444896942,1.0230026555103393,4,
BTC,RANGE_MEAN_REVERSION,LONG,47762,47763,2026-05-13T12:30:00+00:00,2026-05-13T12:45:00+00:00,80130.3,79675.24450728475,80812.8832390729,455.05549271525524,1.5,2026-05-13T13:45:00+00:00,79675.24450728475,SL,-1.0,0.24582470258214562,-1.2458247025821456,4,
ETH,RANGE_MEAN_REVERSION,LONG,47823,47824,2026-05-14T03:45:00+00:00,2026-05-14T04:00:00+00:00,2241.03,2232.460482747501,2253.884275878749,8.569517252499281,1.5,2026-05-14T04:45:00+00:00,2253.884275878749,TP,1.5,0.367166539305055,1.132833460694945,3,
DOGE,RANGE_MEAN_REVERSION,LONG,47926,47927,2026-05-15T05:30:00+00:00,2026-05-15T05:45:00+00:00,0.11332,0.11225860033043959,0.11491209950434061,0.0010613996695604117,1.5,2026-05-15T07:00:00+00:00,0.11491209950434061,TP,1.4999999999999936,0.15052055718012944,1.3494794428198642,5,
FET,RANGE_MEAN_REVERSION,LONG,47926,47927,2026-05-15T05:30:00+00:00,2026-05-15T05:45:00+00:00,0.2089,0.20673261797678572,0.21215107303482145,0.002167382023214287,1.5,2026-05-15T07:15:00+00:00,0.21215107303482145,TP,1.5000000000000064,0.1359869870505218,1.3640130129494845,6,
DOGE,RANGE_MEAN_REVERSION,LONG,47959,47960,2026-05-15T13:45:00+00:00,2026-05-15T14:00:00+00:00,0.11134,0.11036464196936083,0.11280303704595875,0.0009753580306391674,1.5,2026-05-15T16:30:00+00:00,0.11280303704595875,TP,1.5,0.16086413501855518,1.3391358649814449,10,
ADA,RANGE_MEAN_REVERSION,LONG,48018,48019,2026-05-16T04:30:00+00:00,2026-05-16T04:45:00+00:00,0.259,0.2578940275895679,0.26065895861564814,0.0011059724104320878,1.5,2026-05-16T06:00:00+00:00,0.2578940275895679,SL,-1.0,0.32715627975867617,-1.3271562797586762,5,
AVAX,RANGE_MEAN_REVERSION,LONG,48018,48019,2026-05-16T04:30:00+00:00,2026-05-16T04:45:00+00:00,9.467,9.411260227871102,9.550609658193348,0.05573977212889858,1.5,2026-05-16T06:00:00+00:00,9.411260227871102,SL,-1.0,0.23707994587689568,-1.2370799458768957,5,
LINK,RANGE_MEAN_REVERSION,LONG,48018,48019,2026-05-16T04:30:00+00:00,2026-05-16T04:45:00+00:00,9.986,9.916927962630618,10.089608056054075,0.0690720373693825,1.5,2026-05-16T06:00:00+00:00,9.916927962630618,SL,-1.0,0.20170317981697583,-1.2017031798169757,5,
DOGE,RANGE_MEAN_REVERSION,LONG,48024,48025,2026-05-16T06:00:00+00:00,2026-05-16T06:15:00+00:00,0.11118,0.11060448920780243,0.11204326618829635,0.0005755107921975727,1.5,2026-05-16T06:45:00+00:00,0.11060448920780243,SL,-1.0,0.26975887255327907,-1.2697588725532791,2,
FET,RANGE_MEAN_REVERSION,LONG,48025,48026,2026-05-16T06:15:00+00:00,2026-05-16T06:30:00+00:00,0.2,0.1986815864994927,0.201977620250761,0.0013184135005073205,1.5,2026-05-16T06:45:00+00:00,0.1986815864994927,SL,-1.0,0.2116764660269764,-1.2116764660269763,1,
ADA,RANGE_MEAN_REVERSION,LONG,48027,48028,2026-05-16T06:45:00+00:00,2026-05-16T07:00:00+00:00,0.2562,0.2545889384172689,0.2586165923740966,0.0016110615827311103,1.5,2026-05-16T07:00:00+00:00,0.2545889384172689,SL,-1.0,0.2219358097323362,-1.2219358097323363,0,True
AVAX,RANGE_MEAN_REVERSION,LONG,48027,48028,2026-05-16T06:45:00+00:00,2026-05-16T07:00:00+00:00,9.371,9.317744852305605,9.450882721541593,0.05325514769439543,1.5,2026-05-16T07:00:00+00:00,9.317744852305605,SL,-1.0,0.24564989419775252,-1.2456498941977525,0,True
BTC,RANGE_MEAN_REVERSION,LONG,48027,48028,2026-05-16T06:45:00+00:00,2026-05-16T07:00:00+00:00,78610.2,78313.84332784971,79054.73500822543,296.3566721502866,1.5,2026-05-16T07:00:00+00:00,78313.84332784971,SL,-1.0,0.37065752403168406,-1.370657524031684,0,True
ETH,RANGE_MEAN_REVERSION,LONG,48027,48028,2026-05-16T06:45:00+00:00,2026-05-16T07:00:00+00:00,2214.39,2205.187686457504,2228.193470313744,9.202313542496086,1.5,2026-05-16T07:00:00+00:00,2205.187686457504,SL,-1.0,0.336187673483803,-1.336187673483803,0,True
SOL,RANGE_MEAN_REVERSION,LONG,48027,48028,2026-05-16T06:45:00+00:00,2026-05-16T07:00:00+00:00,87.97,87.52620240470324,88.63569639294514,0.44379759529675766,1.5,2026-05-16T07:00:00+00:00,87.52620240470324,SL,-1.0,0.2768093901030423,-1.2768093901030424,0,True
LINK,RANGE_MEAN_REVERSION,LONG,48028,48029,2026-05-16T07:00:00+00:00,2026-05-16T07:15:00+00:00,9.778,9.7013696098352,9.892945585247201,0.07663039016479978,1.5,2026-05-16T09:15:00+00:00,9.7013696098352,SL,-1.0,0.1779393096858868,-1.1779393096858868,8,
AVAX,RANGE_MEAN_REVERSION,LONG,48037,48038,2026-05-16T09:15:00+00:00,2026-05-16T09:30:00+00:00,9.23,9.162256076230232,9.331615885654653,0.06774392376976834,1.5,2026-05-16T14:45:00+00:00,9.331615885654653,TP,1.5,0.19179773471811537,1.3082022652818845,21,
SOL,RANGE_MEAN_REVERSION,LONG,48099,48100,2026-05-17T00:45:00+00:00,2026-05-17T01:00:00+00:00,86.08,85.7890544415568,86.51641833766479,0.29094555844319814,1.5,2026-05-17T01:15:00+00:00,85.7890544415568,SL,-1.0,0.4135080760567025,-1.4135080760567025,1,
AVAX,RANGE_MEAN_REVERSION,LONG,48099,48100,2026-05-17T00:45:00+00:00,2026-05-17T01:00:00+00:00,9.236,9.204286182667122,9.283570725999319,0.03171381733287859,1.5,2026-05-17T01:30:00+00:00,9.204286182667122,SL,-1.0,0.40702133686330777,-1.4070213368633078,2,
DOGE,RANGE_MEAN_REVERSION,LONG,48102,48103,2026-05-17T01:30:00+00:00,2026-05-17T01:45:00+00:00,0.10823,0.10782889339305411,0.10883165991041885,0.0004011066069458946,1.5,2026-05-17T03:00:00+00:00,0.10883165991041885,TP,1.5,0.37880992061990354,1.1211900793800964,5,
BTC,RANGE_MEAN_REVERSION,LONG,48102,48103,2026-05-17T01:30:00+00:00,2026-05-17T01:45:00+00:00,77755.6,77584.83846839918,78011.74229740124,170.7615316008305,1.5,2026-05-17T03:30:00+00:00,78011.74229740124,TP,1.4999999999999574,0.6385345609517277,0.8614654390482297,7,
LINK,RANGE_MEAN_REVERSION,LONG,48102,48103,2026-05-17T01:30:00+00:00,2026-05-17T01:45:00+00:00,9.641,9.603969131889077,9.696546302166386,0.037030868110923265,1.5,2026-05-17T03:30:00+00:00,9.696546302166386,TP,1.500000000000024,0.36554050990566905,1.134459490094355,7,
ADA,RANGE_MEAN_REVERSION,LONG,48102,48103,2026-05-17T01:30:00+00:00,2026-05-17T01:45:00+00:00,0.253,0.2520176665662268,0.2544735001506598,0.000982333433773186,1.5,2026-05-17T03:45:00+00:00,0.2544735001506598,TP,1.5,0.3616200343919908,1.1383799656080091,8,
CRV,RANGE_MEAN_REVERSION,LONG,48102,48103,2026-05-17T01:30:00+00:00,2026-05-17T01:45:00+00:00,0.2375,0.23577211100639048,0.24009183349041424,0.001727888993609511,1.5,2026-05-17T04:15:00+00:00,0.24009183349041424,TP,1.499999999999992,0.19348134323427624,1.3065186567657157,10,
SUI,RANGE_MEAN_REVERSION,SHORT,48113,48114,2026-05-17T04:15:00+00:00,2026-05-17T04:30:00+00:00,1.074,1.0876255796408016,1.0535616305387978,0.013625579640801577,1.5,2026-05-17T10:15:00+00:00,1.0876255796408016,SL,-1.0,0.11105126869006691,-1.1110512686900669,23,
ADA,RANGE_MEAN_REVERSION,SHORT,48136,48137,2026-05-17T10:00:00+00:00,2026-05-17T10:15:00+00:00,0.2576,0.2585607867797209,0.25615881983041866,0.0009607867797208902,1.5,2026-05-17T11:15:00+00:00,0.25615881983041866,TP,1.5,0.37430903658537673,1.1256909634146233,4,
AVAX,RANGE_MEAN_REVERSION,SHORT,48136,48137,2026-05-17T10:00:00+00:00,2026-05-17T10:15:00+00:00,9.394,9.430461090506038,9.339308364240944,0.03646109050603741,1.5,2026-05-17T11:15:00+00:00,9.339308364240944,TP,1.5,0.3596523217756554,1.1403476782243445,4,
DOGE,RANGE_MEAN_REVERSION,SHORT,48136,48137,2026-05-17T10:00:00+00:00,2026-05-17T10:15:00+00:00,0.11144,0.11194440869045406,0.1106833869643189,0.0005044086904540668,1.5,2026-05-17T12:00:00+00:00,0.11194440869045406,SL,-1.0,0.31000474227070707,-1.310004742270707,7,
UNI,RANGE_MEAN_REVERSION,SHORT,48137,48138,2026-05-17T10:15:00+00:00,2026-05-17T10:30:00+00:00,3.562,3.5792585595073207,3.5361121607390187,0.017258559507320914,1.5,2026-05-17T12:15:00+00:00,3.5792585595073207,SL,-1.0,0.2896464788694936,-1.2896464788694937,7,
BTC,RANGE_MEAN_REVERSION,SHORT,48137,48138,2026-05-17T10:15:00+00:00,2026-05-17T10:30:00+00:00,78478.8,78638.80423142272,78238.79365286592,160.00423142271757,1.5,2026-05-17T13:00:00+00:00,78238.79365286592,TP,1.5000000000000455,0.6856213400205771,0.8143786599794685,10,
ADA,RANGE_MEAN_REVERSION,LONG,48164,48165,2026-05-17T17:00:00+00:00,2026-05-17T17:15:00+00:00,0.2536,0.252802835017521,0.25479574747371847,0.0007971649824790039,1.5,2026-05-17T18:15:00+00:00,0.252802835017521,SL,-1.0,0.4446783191729087,-1.4446783191729087,4,
CRV,RANGE_MEAN_REVERSION,LONG,48165,48166,2026-05-17T17:15:00+00:00,2026-05-17T17:30:00+00:00,0.2335,0.23211999237114067,0.23557001144328904,0.0013800076288593421,1.5,2026-05-17T18:15:00+00:00,0.23211999237114067,SL,-1.0,0.23618274844553014,-1.23618274844553,3,
SUI,RANGE_MEAN_REVERSION,SHORT,48289,48290,2026-05-19T00:15:00+00:00,2026-05-19T00:30:00+00:00,1.0706,1.0786648056486787,1.058502791526982,0.00806480564867873,1.5,2026-05-19T01:15:00+00:00,1.058502791526982,TP,1.4999999999999862,0.18479948792232304,1.3152005120776633,3,
LINK,RANGE_MEAN_REVERSION,SHORT,48289,48290,2026-05-19T00:15:00+00:00,2026-05-19T00:30:00+00:00,9.66,9.709628498595377,9.585557252106934,0.04962849859537677,1.5,2026-05-19T02:00:00+00:00,9.585557252106934,TP,1.500000000000018,0.2714547177078988,1.2285452822921192,6,
SUI,RANGE_MEAN_REVERSION,LONG,48385,48386,2026-05-20T00:15:00+00:00,2026-05-20T00:30:00+00:00,1.036,1.0292045166629462,1.0461932250055808,0.00679548333705382,1.5,2026-05-20T00:30:00+00:00,1.0292045166629462,SL,-1.0,0.21273588499310786,-1.2127358849931078,0,True
BNB,RANGE_MEAN_REVERSION,SHORT,48443,48444,2026-05-20T14:45:00+00:00,2026-05-20T15:00:00+00:00,648.33,651.4470936889085,643.6543594666374,3.117093688908426,1.5,2026-05-20T17:30:00+00:00,651.4470936889085,SL,-1.0,0.2918885527309428,-1.2918885527309427,10,
LINK,RANGE_MEAN_REVERSION,SHORT,48628,48629,2026-05-22T13:00:00+00:00,2026-05-22T13:15:00+00:00,10.004,10.04996918104173,9.935046228437404,0.04596918104173042,1.5,2026-05-22T13:30:00+00:00,9.935046228437404,TP,1.5,0.30362368968974757,1.1963763103102525,1,
BNB,RANGE_MEAN_REVERSION,SHORT,48630,48631,2026-05-22T13:30:00+00:00,2026-05-22T13:45:00+00:00,663.33,665.2781988999179,660.4077016501233,1.9481988999178839,1.5,2026-05-22T14:15:00+00:00,660.4077016501233,TP,1.499999999999971,0.4756272017164895,1.0243727982834814,2,
BTC,RANGE_MEAN_REVERSION,LONG,48633,48634,2026-05-22T14:15:00+00:00,2026-05-22T14:30:00+00:00,76823.5,76632.58482370453,77109.87276444321,190.9151762954716,1.5,2026-05-22T15:00:00+00:00,76632.58482370453,SL,-1.0,0.5626543759430878,-1.5626543759430878,2,
SUI,RANGE_MEAN_REVERSION,LONG,48673,48674,2026-05-23T00:15:00+00:00,2026-05-23T00:30:00+00:00,1.0443,1.0347002418690585,1.0586996371964124,0.009599758130941494,1.5,2026-05-23T00:30:00+00:00,1.0347002418690585,SL,-1.0,0.15159758709104193,-1.151597587091042,0,True
SUI,RANGE_MEAN_REVERSION,LONG,48693,48694,2026-05-23T05:15:00+00:00,2026-05-23T05:30:00+00:00,1.0313,1.0256917178561102,1.039712423215835,0.0056082821438898645,1.5,2026-05-23T06:45:00+00:00,1.0256917178561102,SL,-1.0,0.2567442517256411,-1.256744251725641,5,
DOGE,RANGE_MEAN_REVERSION,LONG,48697,48698,2026-05-23T06:15:00+00:00,2026-05-23T06:30:00+00:00,0.10078,0.10047356036255595,0.10123965945616606,0.00030643963744404756,1.5,2026-05-23T06:45:00+00:00,0.10047356036255595,SL,-1.0,0.4597234660268511,-1.4597234660268512,1,
LINK,RANGE_MEAN_REVERSION,LONG,48693,48694,2026-05-23T05:15:00+00:00,2026-05-23T05:30:00+00:00,9.333,9.295865782091898,9.388701326862154,0.03713421790810223,1.5,2026-05-23T07:00:00+00:00,9.295865782091898,SL,-1.0,0.3511641494573962,-1.3511641494573963,6,
BTC,RANGE_MEAN_REVERSION,LONG,48701,48702,2026-05-23T07:15:00+00:00,2026-05-23T07:30:00+00:00,75250.0,75095.53229896526,75481.7015515521,154.46770103473682,1.5,2026-05-23T07:45:00+00:00,75095.53229896526,SL,-1.0,0.6813196021193375,-1.6813196021193375,1,
BTC,RANGE_MEAN_REVERSION,LONG,48706,48707,2026-05-23T08:30:00+00:00,2026-05-23T08:45:00+00:00,74426.3,74083.26558863069,74940.85161705397,343.0344113693136,1.5,2026-05-23T13:00:00+00:00,74940.85161705397,TP,1.4999999999999787,0.3048003426669952,1.1951996573329835,17,
SUI,RANGE_MEAN_REVERSION,LONG,48703,48704,2026-05-23T07:45:00+00:00,2026-05-23T08:00:00+00:00,0.9952,0.9762453836169025,1.0236319245746461,0.018954616383097478,1.5,2026-05-23T13:45:00+00:00,1.0236319245746461,TP,1.4999999999999971,0.07455610383454864,1.4254438961654485,23,
UNI,RANGE_MEAN_REVERSION,LONG,48703,48704,2026-05-23T07:45:00+00:00,2026-05-23T08:00:00+00:00,3.287,3.2430986610904737,3.352852008364289,0.04390133890952619,1.5,2026-05-23T13:45:00+00:00,3.352852008364289,TP,1.5,0.10587140441054867,1.3941285955894513,23,
LINK,RANGE_MEAN_REVERSION,LONG,48703,48704,2026-05-23T07:45:00+00:00,2026-05-23T08:00:00+00:00,9.122,9.005753564382928,9.296369653425607,0.1162464356170716,1.5,2026-05-23T14:45:00+00:00,9.296369653425607,TP,1.5,0.11090971253405485,1.3890902874659452,27,
UNI,RANGE_MEAN_REVERSION,SHORT,48731,48732,2026-05-23T14:45:00+00:00,2026-05-23T15:00:00+00:00,3.393,3.4230141429406786,3.3479787855889818,0.030014142940678834,1.5,2026-05-23T16:45:00+00:00,3.4230141429406786,SL,-1.0,0.1589653887331878,-1.1589653887331879,7,
BNB,RANGE_MEAN_REVERSION,SHORT,48731,48732,2026-05-23T14:45:00+00:00,2026-05-23T15:00:00+00:00,647.68,649.2256162857683,645.3615755713474,1.5456162857683466,1.5,2026-05-23T17:45:00+00:00,649.2256162857683,SL,-1.0,0.5873604851082048,-1.5873604851082048,11,
DOGE,RANGE_MEAN_REVERSION,SHORT,48745,48746,2026-05-23T18:15:00+00:00,2026-05-23T18:30:00+00:00,0.10226,0.1028498479904361,0.10137522801434586,0.0005898479904360987,1.5,2026-05-23T20:30:00+00:00,0.1028498479904361,SL,-1.0,0.24341338094099976,-1.2434133809409997,8,
BNB,RANGE_MEAN_REVERSION,SHORT,48746,48747,2026-05-23T18:30:00+00:00,2026-05-23T18:45:00+00:00,652.67,654.4358413935903,650.0212379096145,1.7658413935903354,1.5,2026-05-23T20:30:00+00:00,654.4358413935903,SL,-1.0,0.5181519089407991,-1.518151908940799,7,
LINK,RANGE_MEAN_REVERSION,SHORT,48746,48747,2026-05-23T18:30:00+00:00,2026-05-23T18:45:00+00:00,9.407,9.449476164657636,9.343285753013546,0.04247616465763571,1.5,2026-05-23T20:30:00+00:00,9.449476164657636,SL,-1.0,0.3107515337519424,-1.3107515337519424,7,
UNI,RANGE_MEAN_REVERSION,SHORT,48746,48747,2026-05-23T18:30:00+00:00,2026-05-23T18:45:00+00:00,3.442,3.460162603425273,3.414756094862091,0.01816260342527265,1.5,2026-05-23T20:30:00+00:00,3.460162603425273,SL,-1.0,0.266014387324826,-1.266014387324826,7,
CRV,RANGE_MEAN_REVERSION,LONG,48823,48824,2026-05-24T13:45:00+00:00,2026-05-24T14:00:00+00:00,0.2272,0.2257719807540266,0.22934202886896013,0.001428019245973411,1.5,2026-05-24T14:00:00+00:00,0.2257719807540266,SL,-1.0,0.2220420960164864,-1.2220420960164864,0,True
UNI,RANGE_MEAN_REVERSION,LONG,48824,48825,2026-05-24T14:00:00+00:00,2026-05-24T14:15:00+00:00,3.387,3.3635233750721665,3.4222149373917503,0.023476624927833534,1.5,2026-05-24T14:15:00+00:00,3.3635233750721665,SL,-1.0,0.2012796292940811,-1.201279629294081,0,True
SUI,RANGE_MEAN_REVERSION,LONG,48851,48852,2026-05-24T20:45:00+00:00,2026-05-24T21:00:00+00:00,1.0272,1.0189008484794004,1.0396487272808992,0.008299151520599457,1.5,2026-05-24T21:15:00+00:00,1.0189008484794004,SL,-1.0,0.17258036443611355,-1.1725803644361135,1,
LINK,RANGE_MEAN_REVERSION,LONG,48825,48826,2026-05-24T14:15:00+00:00,2026-05-24T14:30:00+00:00,9.413,9.307519872064535,9.571220191903198,0.1054801279354649,1.5,2026-05-24T21:30:00+00:00,9.307519872064535,SL,-1.0,0.12423538126975649,-1.1242353812697565,28,
SOL,RANGE_MEAN_REVERSION,LONG,48851,48852,2026-05-24T20:45:00+00:00,2026-05-24T21:00:00+00:00,84.74,84.34760705823089,85.32858941265366,0.3923929417691028,1.5,2026-05-24T21:30:00+00:00,84.34760705823089,SL,-1.0,0.3016397909889251,-1.3016397909889252,2,
BNB,RANGE_MEAN_REVERSION,LONG,48855,48856,2026-05-24T21:45:00+00:00,2026-05-24T22:00:00+00:00,650.46,649.0836157926637,652.5245763110045,1.3763842073362866,1.5,2026-05-24T22:00:00+00:00,652.5245763110045,TP,1.5,0.6626704945873125,0.8373295054126875,0,True
CRV,RANGE_MEAN_REVERSION,LONG,48855,48856,2026-05-24T21:45:00+00:00,2026-05-24T22:00:00+00:00,0.2223,0.22108935286493556,0.22411597070259665,0.001210647135064441,1.5,2026-05-24T22:00:00+00:00,0.22411597070259665,TP,1.4999999999999885,0.25811912525211916,1.2418808747478693,0,True
DOGE,RANGE_MEAN_REVERSION,LONG,48855,48856,2026-05-24T21:45:00+00:00,2026-05-24T22:00:00+00:00,0.10061,0.1002627952442364,0.10113080713364542,0.0003472047557636082,1.5,2026-05-24T22:00:00+00:00,0.10113080713364542,TP,1.5,0.4067299270799718,1.0932700729200282,0,True
UNI,RANGE_MEAN_REVERSION,LONG,48855,48856,2026-05-24T21:45:00+00:00,2026-05-24T22:00:00+00:00,3.332,3.312352309253693,3.36147153611946,0.01964769074630679,1.5,2026-05-24T22:00:00+00:00,3.36147153611946,TP,1.4999999999999887,0.2384723037318953,1.2615276962680935,0,True
AVAX,RANGE_MEAN_REVERSION,SHORT,48905,48906,2026-05-25T10:15:00+00:00,2026-05-25T10:30:00+00:00,9.406,9.436229869255666,9.360655196116504,0.030229869255665065,1.5,2026-05-25T12:00:00+00:00,9.360655196116504,TP,1.4999999999999707,0.43455889690358973,1.065441103096381,6,
BNB,RANGE_MEAN_REVERSION,SHORT,48915,48916,2026-05-25T12:45:00+00:00,2026-05-25T13:00:00+00:00,669.99,672.507786565454,666.2133201518191,2.517786565454003,1.5,2026-05-25T14:00:00+00:00,672.507786565454,SL,-1.0,0.37324388949003867,-1.3732438894900387,4,
FET,RANGE_MEAN_REVERSION,SHORT,48924,48925,2026-05-25T15:00:00+00:00,2026-05-25T15:15:00+00:00,0.2231,0.2255718248943163,0.21939226265852554,0.002471824894316299,1.5,2026-05-25T15:30:00+00:00,0.2255718248943163,SL,-1.0,0.1270600834825286,-1.1270600834825286,1,
AVAX,RANGE_MEAN_REVERSION,LONG,48954,48955,2026-05-25T22:30:00+00:00,2026-05-25T22:45:00+00:00,9.288,9.248425073386889,9.347362389919667,0.03957492661311157,1.5,2026-05-26T00:30:00+00:00,9.248425073386889,SL,-1.0,0.3278716768882626,-1.3278716768882626,7,
DOGE,RANGE_MEAN_REVERSION,LONG,48954,48955,2026-05-25T22:30:00+00:00,2026-05-25T22:45:00+00:00,0.10182,0.10143030688408376,0.10240453967387433,0.00038969311591623146,1.5,2026-05-26T00:30:00+00:00,0.10143030688408376,SL,-1.0,0.3650955303235127,-1.3650955303235128,7,
ADA,RANGE_MEAN_REVERSION,LONG,48954,48955,2026-05-25T22:30:00+00:00,2026-05-25T22:45:00+00:00,0.2427,0.24156465632273016,0.24440301551590476,0.0011353436772698344,1.5,2026-05-26T00:45:00+00:00,0.24156465632273016,SL,-1.0,0.298575018483452,-1.2985750184834521,8,
SOL,RANGE_MEAN_REVERSION,LONG,48962,48963,2026-05-26T00:30:00+00:00,2026-05-26T00:45:00+00:00,84.32,83.90875490584747,84.93686764122877,0.41124509415251964,1.5,2026-05-26T00:45:00+00:00,83.90875490584747,SL,-1.0,0.2863502327651335,-1.2863502327651335,0,True
LINK,RANGE_MEAN_REVERSION,LONG,48965,48966,2026-05-26T01:15:00+00:00,2026-05-26T01:30:00+00:00,9.414,9.365081549875585,9.487377675186622,0.04891845012441465,1.5,2026-05-26T02:45:00+00:00,9.365081549875585,SL,-1.0,0.2687198194439977,-1.2687198194439977,5,
BTC,RANGE_MEAN_REVERSION,LONG,48963,48964,2026-05-26T00:45:00+00:00,2026-05-26T01:00:00+00:00,76750.1,76423.64016327326,77239.78975509013,326.4598367267463,1.5,2026-05-26T10:15:00+00:00,77239.78975509013,TP,1.5,0.33018739428822297,1.169812605711777,37,
UNI,RANGE_MEAN_REVERSION,LONG,48963,48964,2026-05-26T00:45:00+00:00,2026-05-26T01:00:00+00:00,3.285,3.2559992950261263,3.328501057460811,0.02900070497387386,1.5,2026-05-26T10:15:00+00:00,3.328501057460811,TP,1.5,0.1596323518477618,1.3403676481522382,37,
SOL,RANGE_MEAN_REVERSION,SHORT,49002,49003,2026-05-26T10:30:00+00:00,2026-05-26T10:45:00+00:00,85.62,85.9800481035489,85.07992784467666,0.36004810354889116,1.5,2026-05-26T12:00:00+00:00,85.07992784467666,TP,1.5000000000000198,0.33187218128215484,1.168127818717865,5,
DOGE,RANGE_MEAN_REVERSION,SHORT,49002,49003,2026-05-26T10:30:00+00:00,2026-05-26T10:45:00+00:00,0.10237,0.10275160668809753,0.10179758996785371,0.00038160668809752996,1.5,2026-05-26T13:00:00+00:00,0.10275160668809753,SL,-1.0,0.3762646965059773,-1.3762646965059773,9,
ETH,RANGE_MEAN_REVERSION,SHORT,49089,49090,2026-05-27T08:15:00+00:00,2026-05-27T08:30:00+00:00,2092.72,2099.7014960761726,2082.247755885741,6.981496076172789,1.5,2026-05-27T09:00:00+00:00,2082.247755885741,TP,1.4999999999999674,0.41860331900696296,1.0813966809930045,2,
BNB,RANGE_MEAN_REVERSION,LONG,49074,49075,2026-05-27T04:30:00+00:00,2026-05-27T04:45:00+00:00,652.38,650.0898238189931,655.8152642715104,2.2901761810069274,1.5,2026-05-27T10:15:00+00:00,655.8152642715104,TP,1.5,0.3998542525175653,1.1001457474824348,22,
BNB,RANGE_MEAN_REVERSION,LONG,49259,49260,2026-05-29T02:45:00+00:00,2026-05-29T03:00:00+00:00,634.62,633.2123701515185,636.7314447727223,1.4076298484815197,1.5,2026-05-29T03:00:00+00:00,636.7314447727223,TP,1.5,0.6322301365667505,0.8677698634332495,0,True
AVAX,RANGE_MEAN_REVERSION,LONG,49298,49299,2026-05-29T12:30:00+00:00,2026-05-29T12:45:00+00:00,8.826,8.787309030980442,8.884036453529339,0.03869096901955871,1.5,2026-05-29T13:30:00+00:00,8.787309030980442,SL,-1.0,0.31866134744399155,-1.3186613474439914,3,
ADA,RANGE_MEAN_REVERSION,LONG,49298,49299,2026-05-29T12:30:00+00:00,2026-05-29T12:45:00+00:00,0.2322,0.23104968288669708,0.23392547566995436,0.0011503171133029066,1.5,2026-05-29T14:15:00+00:00,0.23104968288669708,SL,-1.0,0.28190033363026085,-1.2819003336302608,6,
AVAX,RANGE_MEAN_REVERSION,LONG,49305,49306,2026-05-29T14:15:00+00:00,2026-05-29T14:30:00+00:00,8.744,8.643377880859834,8.894933178710248,0.10062211914016572,1.5,2026-05-29T15:15:00+00:00,8.894933178710248,TP,1.5,0.12270913523394948,1.3772908647660504,3,
BNB,RANGE_MEAN_REVERSION,SHORT,49352,49353,2026-05-30T02:00:00+00:00,2026-05-30T02:15:00+00:00,653.28,658.0740372599581,646.0889441100628,4.794037259958145,1.5,2026-05-30T02:45:00+00:00,658.0740372599581,SL,-1.0,0.19147699033319257,-1.1914769903331925,2,
ADA,RANGE_MEAN_REVERSION,SHORT,49352,49353,2026-05-30T02:00:00+00:00,2026-05-30T02:15:00+00:00,0.2382,0.23942195224043294,0.23636707163935056,0.0012219522404329497,1.5,2026-05-30T03:30:00+00:00,0.23636707163935056,TP,1.5000000000000113,0.271857556421227,1.2281424435787844,5,
XRP,RANGE_MEAN_REVERSION,LONG,49469,49470,2026-05-31T07:15:00+00:00,2026-05-31T07:30:00+00:00,1.3343,1.3313724144832475,1.3386913782751289,0.00292758551675254,1.5,2026-05-31T08:45:00+00:00,1.3386913782751289,TP,1.5,0.6391252976507837,0.8608747023492163,5,
ADA,RANGE_MEAN_REVERSION,LONG,49497,49498,2026-05-31T14:15:00+00:00,2026-05-31T14:30:00+00:00,0.2342,0.2322885496752101,0.23706717548718484,0.0019114503247898984,1.5,2026-05-31T16:30:00+00:00,0.2322885496752101,SL,-1.0,0.1708346696420372,-1.170834669642037,8,
ETH,RANGE_MEAN_REVERSION,LONG,49497,49498,2026-05-31T14:15:00+00:00,2026-05-31T14:30:00+00:00,2010.01,2001.5119088489803,2022.7571367265296,8.498091151019707,1.5,2026-05-31T16:30:00+00:00,2001.5119088489803,SL,-1.0,0.3304348336928981,-1.3304348336928982,8,
SOL,RANGE_MEAN_REVERSION,LONG,49497,49498,2026-05-31T14:15:00+00:00,2026-05-31T14:30:00+00:00,81.96,81.52242656407452,82.6163601538882,0.43757343592547215,1.5,2026-05-31T16:30:00+00:00,81.52242656407452,SL,-1.0,0.2615279841035489,-1.261527984103549,8,
FET,RANGE_MEAN_REVERSION,LONG,49912,49913,2026-06-04T22:00:00+00:00,2026-06-04T22:15:00+00:00,0.2143,0.2113005765701515,0.21879913514477273,0.002999423429848491,1.5,2026-06-04T23:00:00+00:00,0.21879913514477273,TP,1.5,0.10107589064764183,1.3989241093523581,3,
FET,RANGE_MEAN_REVERSION,LONG,50033,50034,2026-06-06T04:15:00+00:00,2026-06-06T04:30:00+00:00,0.1884,0.18580694064983108,0.1922895890252534,0.0025930593501689303,1.5,2026-06-06T04:30:00+00:00,0.18580694064983108,SL,-1.0,0.10101768724954821,-1.1010176872495483,0,True
FET,RANGE_MEAN_REVERSION,SHORT,50119,50120,2026-06-07T01:45:00+00:00,2026-06-07T02:00:00+00:00,0.208,0.21001660165999203,0.20497509751001192,0.00201660165999204,1.5,2026-06-07T03:00:00+00:00,0.20497509751001192,TP,1.5000000000000069,0.14335134895116047,1.3566486510488465,4,
SUI,RANGE_MEAN_REVERSION,LONG,50306,50307,2026-06-09T00:30:00+00:00,2026-06-09T00:45:00+00:00,0.7419,0.7324561753301666,0.7560657370047501,0.0094438246698334,1.5,2026-06-09T00:45:00+00:00,0.7324561753301666,SL,-1.0,0.10928298214046822,-1.1092829821404682,0,True
CRV,RANGE_MEAN_REVERSION,LONG,50306,50307,2026-06-09T00:30:00+00:00,2026-06-09T00:45:00+00:00,0.1952,0.19355409138058582,0.19766886292912128,0.001645908619414188,1.5,2026-06-09T02:45:00+00:00,0.19766886292912128,TP,1.4999999999999916,0.16708594924806083,1.3329140507519308,8,
FET,RANGE_MEAN_REVERSION,LONG,50306,50307,2026-06-09T00:30:00+00:00,2026-06-09T00:45:00+00:00,0.2073,0.20384329020768663,0.2124850646884701,0.003456709792313384,1.5,2026-06-09T13:30:00+00:00,0.20384329020768663,SL,-1.0,0.08325845108124391,-1.083258451081244,51,
FET,RANGE_MEAN_REVERSION,LONG,50362,50363,2026-06-09T14:30:00+00:00,2026-06-09T14:45:00+00:00,0.2004,0.19790047386758852,0.2041492891986172,0.0024995261324114726,1.5,2026-06-09T16:30:00+00:00,0.19790047386758852,SL,-1.0,0.11154527575925904,-1.111545275759259,7,
CRV,RANGE_MEAN_REVERSION,SHORT,50432,50433,2026-06-10T08:00:00+00:00,2026-06-10T08:15:00+00:00,0.208,0.20985736610985076,0.20521395083522384,0.0018573661098507666,1.5,2026-06-10T09:00:00+00:00,0.20521395083522384,TP,1.5,0.1557311528678086,1.3442688471321915,3,
SOL,RANGE_MEAN_REVERSION,SHORT,50503,50504,2026-06-11T01:45:00+00:00,2026-06-11T02:00:00+00:00,64.87,65.3939742722227,64.08403859166594,0.5239742722227021,1.5,2026-06-11T03:45:00+00:00,65.3939742722227,SL,-1.0,0.17402530395958085,-1.174025303959581,7,
BNB,RANGE_MEAN_REVERSION,SHORT,50529,50530,2026-06-11T08:15:00+00:00,2026-06-11T08:30:00+00:00,602.91,605.1747271645238,599.5129092532143,2.2647271645238334,1.5,2026-06-11T09:15:00+00:00,599.5129092532143,TP,1.499999999999975,0.37165449757574626,1.1283455024242286,3,
BTC,RANGE_MEAN_REVERSION,SHORT,50511,50512,2026-06-11T03:45:00+00:00,2026-06-11T04:00:00+00:00,62657.5,63091.1025487003,62007.09617694955,433.60254870029894,1.5,2026-06-11T10:45:00+00:00,63091.1025487003,SL,-1.0,0.20300623704343443,-1.2030062370434345,27,
UNI,RANGE_MEAN_REVERSION,SHORT,50530,50531,2026-06-11T08:30:00+00:00,2026-06-11T08:45:00+00:00,2.523,2.546719983052447,2.48742002542133,0.023719983052446825,1.5,2026-06-11T12:15:00+00:00,2.48742002542133,TP,1.4999999999999907,0.14786241668217118,1.3521375833178195,14,
SUI,RANGE_MEAN_REVERSION,SHORT,50511,50512,2026-06-11T03:45:00+00:00,2026-06-11T04:00:00+00:00,0.7552,0.7655874135565397,0.7396188796651904,0.010387413556539715,1.5,2026-06-11T17:45:00+00:00,0.7655874135565397,SL,-1.0,0.10248472188915177,-1.1024847218891518,55,
SOL,RANGE_MEAN_REVERSION,SHORT,50568,50569,2026-06-11T18:00:00+00:00,2026-06-11T18:15:00+00:00,67.06,67.5854793891413,66.27178091628807,0.5254793891412959,1.5,2026-06-12T06:30:00+00:00,66.27178091628807,TP,1.4999999999999865,0.1776135250402858,1.3223864749597007,49,
BNB,RANGE_MEAN_REVERSION,LONG,50618,50619,2026-06-12T06:30:00+00:00,2026-06-12T06:45:00+00:00,597.93,595.7413109190094,601.2130336214858,2.188689080990571,1.5,2026-06-12T07:45:00+00:00,601.2130336214858,TP,1.5,0.38351729847125615,1.116482701528744,4,
LINK,RANGE_MEAN_REVERSION,LONG,50618,50619,2026-06-12T06:30:00+00:00,2026-06-12T06:45:00+00:00,7.765,7.725669488925187,7.823995766612218,0.039330511074812335,1.5,2026-06-12T07:45:00+00:00,7.823995766612218,TP,1.5,0.27745118836294247,1.2225488116370575,4,
ADA,RANGE_MEAN_REVERSION,LONG,50647,50648,2026-06-12T13:45:00+00:00,2026-06-12T14:00:00+00:00,0.1683,0.1666599766460017,0.17076003503099746,0.0016400233539982934,1.5,2026-06-12T14:30:00+00:00,0.17076003503099746,TP,1.5000000000000084,0.1447186858303392,1.3552813141696691,2,
FET,RANGE_MEAN_REVERSION,LONG,50684,50685,2026-06-12T23:00:00+00:00,2026-06-12T23:15:00+00:00,0.1852,0.1835122958159073,0.18773155627613905,0.0016877041840926976,1.5,2026-06-13T01:00:00+00:00,0.18773155627613905,TP,1.5,0.15467881863055152,1.3453211813694486,7,
SUI,RANGE_MEAN_REVERSION,SHORT,50717,50718,2026-06-13T07:15:00+00:00,2026-06-13T07:30:00+00:00,0.7635,0.771100197673185,0.7520997034902224,0.007600197673185094,1.5,2026-06-13T12:45:00+00:00,0.771100197673185,SL,-1.0,0.14134107881973612,-1.1413410788197362,21,
ETH,RANGE_MEAN_REVERSION,SHORT,50719,50720,2026-06-13T07:45:00+00:00,2026-06-13T08:00:00+00:00,1675.51,1679.3703145592144,1669.7195281611785,3.86031455921443,1.5,2026-06-13T12:45:00+00:00,1679.3703145592144,SL,-1.0,0.6083484089621314,-1.6083484089621314,19,
BNB,RANGE_MEAN_REVERSION,SHORT,50733,50734,2026-06-13T11:15:00+00:00,2026-06-13T11:30:00+00:00,607.51,608.6592883245038,605.7860675132442,1.1492883245038001,1.5,2026-06-13T12:45:00+00:00,608.6592883245038,SL,-1.0,0.7407353608979761,-1.740735360897976,5,
UNI,RANGE_MEAN_REVERSION,SHORT,50733,50734,2026-06-13T11:15:00+00:00,2026-06-13T11:30:00+00:00,2.545,2.554789126024499,2.5303163109632516,0.009789126024498884,1.5,2026-06-13T12:45:00+00:00,2.554789126024499,SL,-1.0,0.36467529167394636,-1.3646752916739464,5,
BTC,RANGE_MEAN_REVERSION,SHORT,50739,50740,2026-06-13T12:45:00+00:00,2026-06-13T13:00:00+00:00,64103.0,64247.65262812222,63886.02105781667,144.65262812221772,1.5,2026-06-13T15:00:00+00:00,64247.65262812222,SL,-1.0,0.6211118180568049,-1.621111818056805,8,
ADA,RANGE_MEAN_REVERSION,SHORT,50717,50718,2026-06-13T07:15:00+00:00,2026-06-13T07:30:00+00:00,0.1735,0.17532005500163633,0.17076991749754547,0.0018200550016363448,1.5,2026-06-13T15:15:00+00:00,0.17532005500163633,SL,-1.0,0.13415750528506967,-1.1341575052850696,31,
XRP,RANGE_MEAN_REVERSION,SHORT,50739,50740,2026-06-13T12:45:00+00:00,2026-06-13T13:00:00+00:00,1.1534,1.1572504527856156,1.1476243208215766,0.003850452785615577,1.5,2026-06-13T15:30:00+00:00,1.1572504527856156,SL,-1.0,0.4200688612498715,-1.4200688612498715,10,
SOL,RANGE_MEAN_REVERSION,SHORT,50775,50776,2026-06-13T21:45:00+00:00,2026-06-13T22:00:00+00:00,69.21,69.73752240676947,68.41871638984577,0.5275224067694779,1.5,2026-06-14T04:45:00+00:00,68.41871638984577,TP,1.5000000000000135,0.18262750593453314,1.3173724940654803,27,
UNI,RANGE_MEAN_REVERSION,LONG,50805,50806,2026-06-14T05:15:00+00:00,2026-06-14T05:30:00+00:00,2.521,2.5119607677387257,2.534558848391911,0.009039232261274233,1.5,2026-06-14T05:45:00+00:00,2.534558848391911,TP,1.4999999999999754,0.39150351396939004,1.1084964860305853,1,
ADA,RANGE_MEAN_REVERSION,LONG,50834,50835,2026-06-14T12:30:00+00:00,2026-06-14T12:45:00+00:00,0.1685,0.16775490689197228,0.1696176396620416,0.0007450931080277279,1.5,2026-06-14T12:45:00+00:00,0.16775490689197228,SL,-1.0,0.3159047269239017,-1.3159047269239017,0,True
AVAX,RANGE_MEAN_REVERSION,LONG,50835,50836,2026-06-14T12:45:00+00:00,2026-06-14T13:00:00+00:00,6.602,6.581276501466335,6.633085247800498,0.020723498533665285,1.5,2026-06-14T13:30:00+00:00,6.581276501466335,SL,-1.0,0.44530577383133874,-1.4453057738313388,2,
FET,RANGE_MEAN_REVERSION,LONG,50836,50837,2026-06-14T13:00:00+00:00,2026-06-14T13:15:00+00:00,0.2032,0.20069598946811568,0.20695601579782646,0.0025040105318843153,1.5,2026-06-14T14:15:00+00:00,0.20069598946811568,SL,-1.0,0.11290974579684512,-1.112909745796845,4,
BTC,RANGE_MEAN_REVERSION,SHORT,50774,50775,2026-06-13T21:30:00+00:00,2026-06-13T21:45:00+00:00,64537.9,64823.19252700514,64109.96120949229,285.2925270051419,1.5,2026-06-14T14:30:00+00:00,64109.96120949229,TP,1.4999999999999873,0.31565321318431006,1.1843467868156772,67,
XRP,RANGE_MEAN_REVERSION,LONG,50842,50843,2026-06-14T14:30:00+00:00,2026-06-14T14:45:00+00:00,1.128,1.1237238001295857,1.1344142998056213,0.004276199870414166,1.5,2026-06-14T15:30:00+00:00,1.1344142998056213,TP,1.500000000000026,0.3703498568486109,1.129650143151415,3,
UNI,RANGE_MEAN_REVERSION,LONG,50843,50844,2026-06-14T14:45:00+00:00,2026-06-14T15:00:00+00:00,2.481,2.467008390812213,2.5019874137816798,0.013991609187786747,1.5,2026-06-14T19:00:00+00:00,2.467008390812213,SL,-1.0,0.2475487863534614,-1.2475487863534613,16,
ADA,RANGE_MEAN_REVERSION,LONG,50842,50843,2026-06-14T14:30:00+00:00,2026-06-14T14:45:00+00:00,0.1661,0.16462637719829482,0.16831043420255776,0.0014736228017051822,1.5,2026-06-14T21:15:00+00:00,0.16831043420255776,TP,1.4999999999999907,0.15885157563449723,1.3411484243654934,26,
SUI,RANGE_MEAN_REVERSION,LONG,50843,50844,2026-06-14T14:45:00+00:00,2026-06-14T15:00:00+00:00,0.7476,0.7423427625191362,0.7554858562212958,0.005257237480863819,1.5,2026-06-14T21:15:00+00:00,0.7554858562212958,TP,1.5000000000000107,0.20013554707862016,1.2998644529213905,25,
ETH,RANGE_MEAN_REVERSION,LONG,50987,50988,2026-06-16T02:45:00+00:00,2026-06-16T03:00:00+00:00,1769.36,1760.7596530192939,1782.260520471059,8.600346980706036,1.5,2026-06-16T04:00:00+00:00,1782.260520471059,TP,1.5,0.28907372806087006,1.21092627193913,4,
SUI,RANGE_MEAN_REVERSION,SHORT,51009,51010,2026-06-16T08:15:00+00:00,2026-06-16T08:30:00+00:00,0.8006,0.8053123435762878,0.7935314846355683,0.004712343576287803,1.5,2026-06-16T08:45:00+00:00,0.8053123435762878,SL,-1.0,0.23855192693503757,-1.2385519269350376,1,
ADA,RANGE_MEAN_REVERSION,SHORT,51011,51012,2026-06-16T08:45:00+00:00,2026-06-16T09:00:00+00:00,0.1809,0.18207946492849003,0.17913080260726497,0.001179464928490026,1.5,2026-06-16T09:15:00+00:00,0.17913080260726497,TP,1.5,0.2136744855548425,1.2863255144451575,1,
AVAX,RANGE_MEAN_REVERSION,SHORT,51011,51012,2026-06-16T08:45:00+00:00,2026-06-16T09:00:00+00:00,7.028,7.068886566128101,6.966670150807848,0.040886566128101265,1.5,2026-06-16T09:15:00+00:00,6.966670150807848,TP,1.5,0.23959627900452454,1.2604037209954755,1,
DOGE,RANGE_MEAN_REVERSION,SHORT,51011,51012,2026-06-16T08:45:00+00:00,2026-06-16T09:00:00+00:00,0.0888,0.08925791467517398,0.08811312798723904,0.000457914675173976,1.5,2026-06-16T11:00:00+00:00,0.08811312798723904,TP,1.5,0.27044162658472776,1.2295583734152722,8,
LINK,RANGE_MEAN_REVERSION,SHORT,51011,51012,2026-06-16T08:45:00+00:00,2026-06-16T09:00:00+00:00,8.401,8.451975169805776,8.324537245291335,0.05097516980577588,1.5,2026-06-16T11:00:00+00:00,8.324537245291335,TP,1.5000000000000173,0.22967802003039808,1.2703219799696193,8,
SOL,RANGE_MEAN_REVERSION,SHORT,51011,51012,2026-06-16T08:45:00+00:00,2026-06-16T09:00:00+00:00,75.35,75.85933543303882,74.58599685044175,0.509335433038828,1.5,2026-06-16T11:00:00+00:00,74.58599685044175,TP,1.500000000000014,0.20606302053073183,1.293936979469282,8,
ETH,RANGE_MEAN_REVERSION,SHORT,51012,51013,2026-06-16T09:00:00+00:00,2026-06-16T09:15:00+00:00,1799.66,1812.205784231253,1780.841323653121,12.54578423125281,1.5,2026-06-16T12:15:00+00:00,1812.205784231253,SL,-1.0,0.20152634561206725,-1.2015263456120673,12,
XRP,RANGE_MEAN_REVERSION,LONG,51034,51035,2026-06-16T14:30:00+00:00,2026-06-16T14:45:00+00:00,1.21,1.1999527508181982,1.2250708737727027,0.010047249181801776,1.5,2026-06-16T18:00:00+00:00,1.2250708737727027,TP,1.500000000000011,0.16965336290536934,1.3303466370946417,13,
ADA,RANGE_MEAN_REVERSION,LONG,51034,51035,2026-06-16T14:30:00+00:00,2026-06-16T14:45:00+00:00,0.174,0.17170445913883015,0.17744331129175475,0.0022955408611698425,1.5,2026-06-16T19:15:00+00:00,0.17170445913883015,SL,-1.0,0.10541878190478288,-1.105418781904783,18,
XRP,RANGE_MEAN_REVERSION,LONG,51105,51106,2026-06-17T08:15:00+00:00,2026-06-17T08:30:00+00:00,1.2021,1.1976976411084477,1.2087035383373284,0.0044023588915522716,1.5,2026-06-17T08:30:00+00:00,1.1976976411084477,SL,-1.0,0.38158141808915425,-1.3815814180891541,0,True
ADA,RANGE_MEAN_REVERSION,LONG,51107,51108,2026-06-17T08:45:00+00:00,2026-06-17T09:00:00+00:00,0.1689,0.16768754141311185,0.17071868788033223,0.0012124585868881488,1.5,2026-06-17T11:00:00+00:00,0.16768754141311185,SL,-1.0,0.19432521781538903,-1.194325217815389,8,
BTC,RANGE_MEAN_REVERSION,LONG,51107,51108,2026-06-17T08:45:00+00:00,2026-06-17T09:00:00+00:00,64889.9,64676.925497613054,65209.36175358042,212.97450238694728,1.5,2026-06-17T11:00:00+00:00,64676.925497613054,SL,-1.0,0.425857446932989,-1.425857446932989,8,
LINK,RANGE_MEAN_REVERSION,LONG,51107,51108,2026-06-17T08:45:00+00:00,2026-06-17T09:00:00+00:00,8.166,8.116545301367903,8.240182047948146,0.04945469863209695,1.5,2026-06-17T11:00:00+00:00,8.116545301367903,SL,-1.0,0.23046913693171667,-1.2304691369317167,8,
DOGE,RANGE_MEAN_REVERSION,LONG,51107,51108,2026-06-17T08:45:00+00:00,2026-06-17T09:00:00+00:00,0.08592,0.08547522016006008,0.08658716975990988,0.00044477983993991554,1.5,2026-06-17T11:15:00+00:00,0.08547522016006008,SL,-1.0,0.26974391224262656,-1.2697439122426266,9,
ETH,RANGE_MEAN_REVERSION,LONG,51107,51108,2026-06-17T08:45:00+00:00,2026-06-17T09:00:00+00:00,1764.56,1754.4629851589198,1779.7055222616202,10.097014841080181,1.5,2026-06-17T12:15:00+00:00,1754.4629851589198,SL,-1.0,0.24396478844312736,-1.2439647884431273,13,
BNB,RANGE_MEAN_REVERSION,SHORT,51126,51127,2026-06-17T13:30:00+00:00,2026-06-17T13:45:00+00:00,611.69,614.2149458740923,607.9025811888616,2.524945874092282,1.5,2026-06-17T14:00:00+00:00,607.9025811888616,TP,1.5,0.33811212176542743,1.1618878782345725,1,
SOL,RANGE_MEAN_REVERSION,SHORT,51137,51138,2026-06-17T16:15:00+00:00,2026-06-17T16:30:00+00:00,74.43,74.94418165720478,73.65872751419285,0.514181657204773,1.5,2026-06-17T17:00:00+00:00,73.65872751419285,TP,1.5,0.2016060040404193,1.2983939959595807,2,
XRP,RANGE_MEAN_REVERSION,SHORT,51137,51138,2026-06-17T16:15:00+00:00,2026-06-17T16:30:00+00:00,1.2214,1.2288005445920016,1.2102991831119976,0.007400544592001568,1.5,2026-06-17T17:00:00+00:00,1.2102991831119976,TP,1.500000000000015,0.2300086712561812,1.2699913287438338,2,
XRP,RANGE_MEAN_REVERSION,LONG,51184,51185,2026-06-18T04:00:00+00:00,2026-06-18T04:15:00+00:00,1.1729,1.1678105299360522,1.1805342050959218,0.005089470063947887,1.5,2026-06-18T04:45:00+00:00,1.1678105299360522,SL,-1.0,0.3219386989937924,-1.3219386989937925,2,
AVAX,RANGE_MEAN_REVERSION,LONG,51184,51185,2026-06-18T04:00:00+00:00,2026-06-18T04:15:00+00:00,6.66,6.614042458360465,6.728936312459304,0.04595754163953547,1.5,2026-06-18T05:00:00+00:00,6.614042458360465,SL,-1.0,0.20218291469400376,-1.2021829146940037,3,
BNB,RANGE_MEAN_REVERSION,LONG,51185,51186,2026-06-18T04:15:00+00:00,2026-06-18T04:30:00+00:00,592.86,589.8045365451031,597.4431951823453,3.0554634548968806,1.5,2026-06-18T05:00:00+00:00,589.8045365451031,SL,-1.0,0.27094586068597304,-1.270945860685973,2,
DOGE,RANGE_MEAN_REVERSION,LONG,51185,51186,2026-06-18T04:15:00+00:00,2026-06-18T04:30:00+00:00,0.08465,0.08407419000655361,0.08551371499016959,0.0005758099934463912,1.5,2026-06-18T05:00:00+00:00,0.08407419000655361,SL,-1.0,0.20511442029285215,-1.205114420292852,2,
LINK,RANGE_MEAN_REVERSION,LONG,51188,51189,2026-06-18T05:00:00+00:00,2026-06-18T05:15:00+00:00,7.916,7.856419062993551,8.005371405509674,0.05958093700644973,1.5,2026-06-18T07:15:00+00:00,8.005371405509674,TP,1.4999999999999851,0.18705580247337017,1.312944197526615,8,
UNI,RANGE_MEAN_REVERSION,LONG,51231,51232,2026-06-18T15:45:00+00:00,2026-06-18T16:00:00+00:00,3.017,2.9750786339670636,3.079882049049404,0.04192136603293628,1.5,2026-06-18T16:15:00+00:00,2.9750786339670636,SL,-1.0,0.10005530450705005,-1.10005530450705,1,
UNI,RANGE_MEAN_REVERSION,SHORT,51262,51263,2026-06-18T23:30:00+00:00,2026-06-18T23:45:00+00:00,3.167,3.2017555899035477,3.114866615144678,0.03475558990354788,1.5,2026-06-18T23:45:00+00:00,3.2017555899035477,SL,-1.0,0.1282708457921295,-1.1282708457921296,0,True
AVAX,RANGE_MEAN_REVERSION,LONG,51277,51278,2026-06-19T03:15:00+00:00,2026-06-19T03:30:00+00:00,6.187,6.089325344603862,6.333511983094207,0.09767465539613784,1.5,2026-06-19T04:15:00+00:00,6.089325344603862,SL,-1.0,0.08798011834667294,-1.0879801183466729,3,
LINK,RANGE_MEAN_REVERSION,LONG,51282,51283,2026-06-19T04:30:00+00:00,2026-06-19T04:45:00+00:00,7.836,7.785558349672662,7.911662475491007,0.05044165032733794,1.5,2026-06-19T06:15:00+00:00,7.911662475491007,TP,1.5,0.21853693646635816,1.281463063533642,6,
ADA,RANGE_MEAN_REVERSION,LONG,51282,51283,2026-06-19T04:30:00+00:00,2026-06-19T04:45:00+00:00,0.1599,0.15851861828279132,0.16197207257581298,0.0013813817172086684,1.5,2026-06-19T07:30:00+00:00,0.15851861828279132,SL,-1.0,0.16135513451585964,-1.1613551345158597,11,
CRV,RANGE_MEAN_REVERSION,LONG,51282,51283,2026-06-19T04:30:00+00:00,2026-06-19T04:45:00+00:00,0.2172,0.21498595707501167,0.2205210643874825,0.0022140429249883353,1.5,2026-06-19T07:30:00+00:00,0.21498595707501167,SL,-1.0,0.13664151066723426,-1.1366415106672343,11,
XRP,RANGE_MEAN_REVERSION,LONG,51282,51283,2026-06-19T04:30:00+00:00,2026-06-19T04:45:00+00:00,1.1294,1.123159709350456,1.138760435974316,0.006240290649544011,1.5,2026-06-19T07:30:00+00:00,1.123159709350456,SL,-1.0,0.2526792236288767,-1.2526792236288766,11,
DOGE,RANGE_MEAN_REVERSION,LONG,51282,51283,2026-06-19T04:30:00+00:00,2026-06-19T04:45:00+00:00,0.08237,0.08185871031092785,0.08313693453360821,0.0005112896890721447,1.5,2026-06-19T12:45:00+00:00,0.08185871031092785,SL,-1.0,0.22484337093961665,-1.2248433709396167,32,
FET,RANGE_MEAN_REVERSION,SHORT,51319,51320,2026-06-19T13:45:00+00:00,2026-06-19T14:00:00+00:00,0.1966,0.19879628102578673,0.1933055784613199,0.0021962810257867282,1.5,2026-06-19T16:45:00+00:00,0.1933055784613199,TP,1.5,0.12427093879079361,1.3757290612092063,11,
BTC,RANGE_MEAN_REVERSION,SHORT,51359,51360,2026-06-19T23:45:00+00:00,2026-06-20T00:00:00+00:00,63512.5,63734.74659113472,63179.13011329793,222.24659113471716,1.5,2026-06-20T00:30:00+00:00,63734.74659113472,SL,-1.0,0.4007848766499267,-1.4007848766499267,2,
SOL,RANGE_MEAN_REVERSION,SHORT,51379,51380,2026-06-20T04:45:00+00:00,2026-06-20T05:00:00+00:00,70.83,71.22501411003984,70.23747883494025,0.39501411003983833,1.5,2026-06-20T05:00:00+00:00,71.22501411003984,SL,-1.0,0.25173407063104464,-1.2517340706310447,0,True
BTC,RANGE_MEAN_REVERSION,SHORT,51380,51381,2026-06-20T05:00:00+00:00,2026-06-20T05:15:00+00:00,63781.0,63980.25054642882,63482.12418035677,199.25054642881878,1.5,2026-06-20T08:00:00+00:00,63482.12418035677,TP,1.5000000000000182,0.4470963243158513,1.052903675684167,11,
BTC,RANGE_MEAN_REVERSION,SHORT,51471,51472,2026-06-21T03:45:00+00:00,2026-06-21T04:00:00+00:00,64398.8,64507.582212729576,64235.62668090564,108.78221272957308,1.5,2026-06-21T04:15:00+00:00,64507.582212729576,SL,-1.0,0.8294965259920654,-1.8294965259920652,1,
ADA,RANGE_MEAN_REVERSION,LONG,51475,51476,2026-06-21T04:45:00+00:00,2026-06-21T05:00:00+00:00,0.1607,0.15998966574772977,0.16176550137840537,0.0007103342522702394,1.5,2026-06-21T05:15:00+00:00,0.15998966574772977,SL,-1.0,0.31602413273182367,-1.3160241327318236,1,
UNI,RANGE_MEAN_REVERSION,SHORT,51496,51497,2026-06-21T10:00:00+00:00,2026-06-21T10:15:00+00:00,3.044,3.069264858714616,3.0061027119280763,0.025264858714615812,1.5,2026-06-21T11:15:00+00:00,3.0061027119280763,TP,1.5,0.16762697730423676,1.3323730226957633,4,
SOL,RANGE_MEAN_REVERSION,SHORT,51497,51498,2026-06-21T10:15:00+00:00,2026-06-21T10:30:00+00:00,74.12,74.59160205813193,73.41259691280212,0.47160205813192135,1.5,2026-06-21T11:15:00+00:00,73.41259691280212,TP,1.500000000000015,0.21898296680052434,1.2810170331994908,3,
ETH,RANGE_MEAN_REVERSION,LONG,51505,51506,2026-06-21T12:15:00+00:00,2026-06-21T12:30:00+00:00,1718.31,1713.060045935667,1726.1849310964994,5.2499540643329965,1.5,2026-06-21T12:45:00+00:00,1726.1849310964994,TP,1.5,0.45927000926509715,1.0407299907349028,1,
UNI,RANGE_MEAN_REVERSION,SHORT,51517,51518,2026-06-21T15:15:00+00:00,2026-06-21T15:30:00+00:00,3.073,3.0916989869432183,3.0449515195851724,0.018698986943218365,1.5,2026-06-21T15:30:00+00:00,3.0916989869432183,SL,-1.0,0.2307766353313218,-1.2307766353313219,0,True
CRV,RANGE_MEAN_REVERSION,LONG,51522,51523,2026-06-21T16:30:00+00:00,2026-06-21T16:45:00+00:00,0.2109,0.209454760475577,0.2130678592866345,0.001445239524422992,1.5,2026-06-21T20:45:00+00:00,0.209454760475577,SL,-1.0,0.20359831526914665,-1.2035983152691467,16,
CRV,RANGE_MEAN_REVERSION,SHORT,51598,51599,2026-06-22T11:30:00+00:00,2026-06-22T11:45:00+00:00,0.2121,0.21360988014524396,0.2098351797821341,0.001509880145243947,1.5,2026-06-22T12:00:00+00:00,0.21360988014524396,SL,-1.0,0.19736461668189184,-1.1973646166818919,1,
XRP,RANGE_MEAN_REVERSION,SHORT,51599,51600,2026-06-22T11:45:00+00:00,2026-06-22T12:00:00+00:00,1.1473,1.1521704403209636,1.1399943395185546,0.0048704403209636205,1.5,2026-06-22T12:30:00+00:00,1.1521704403209636,SL,-1.0,0.33048948393770855,-1.3304894839377086,2,
AVAX,RANGE_MEAN_REVERSION,SHORT,51599,51600,2026-06-22T11:45:00+00:00,2026-06-22T12:00:00+00:00,6.361,6.39919649571139,6.303705256432915,0.03819649571139028,1.5,2026-06-22T12:45:00+00:00,6.39919649571139,SL,-1.0,0.23384704226504188,-1.2338470422650418,3,
DOGE,RANGE_MEAN_REVERSION,SHORT,51600,51601,2026-06-22T12:00:00+00:00,2026-06-22T12:15:00+00:00,0.0843,0.0846173976823332,0.0838239034765002,0.00031739768233320087,1.5,2026-06-22T12:45:00+00:00,0.0846173976823332,SL,-1.0,0.3725363635563785,-1.3725363635563785,2,
FET,RANGE_MEAN_REVERSION,SHORT,51601,51602,2026-06-22T12:15:00+00:00,2026-06-22T12:30:00+00:00,0.1872,0.18895548774745588,0.1845667683788162,0.001755487747455875,1.5,2026-06-22T13:30:00+00:00,0.18895548774745588,SL,-1.0,0.1499918423269072,-1.1499918423269073,4,
BTC,RANGE_MEAN_REVERSION,LONG,51669,51670,2026-06-23T05:15:00+00:00,2026-06-23T05:30:00+00:00,63450.0,63253.1452008986,63745.2821986521,196.85479910139838,1.5,2026-06-23T06:00:00+00:00,63253.1452008986,SL,-1.0,0.4505463013626828,-1.450546301362683,2,
SOL,RANGE_MEAN_REVERSION,LONG,51670,51671,2026-06-23T05:30:00+00:00,2026-06-23T05:45:00+00:00,71.12,70.62657092031867,71.860143619522,0.4934290796813343,1.5,2026-06-23T06:00:00+00:00,70.62657092031867,SL,-1.0,0.20108786395058612,-1.2010878639505862,1,
XRP,RANGE_MEAN_REVERSION,LONG,51669,51670,2026-06-23T05:15:00+00:00,2026-06-23T05:30:00+00:00,1.115,1.1104478967113778,1.1218281549329334,0.004552103288622211,1.5,2026-06-23T06:15:00+00:00,1.1104478967113778,SL,-1.0,0.34221840519121205,-1.342218405191212,3,
ETH,RANGE_MEAN_REVERSION,LONG,51672,51673,2026-06-23T06:00:00+00:00,2026-06-23T06:15:00+00:00,1706.57,1698.5573257296858,1718.5890114054712,8.012674270314164,1.5,2026-06-23T06:15:00+00:00,1698.5573257296858,SL,-1.0,0.2974773524541792,-1.2974773524541792,0,True
BTC,RANGE_MEAN_REVERSION,LONG,51701,51702,2026-06-23T13:15:00+00:00,2026-06-23T13:30:00+00:00,62023.5,61859.51771253913,62269.473431191305,163.9822874608726,1.5,2026-06-23T13:30:00+00:00,62269.473431191305,TP,1.4999999999999778,0.5305760929978122,0.9694239070021656,0,True
CRV,RANGE_MEAN_REVERSION,LONG,51756,51757,2026-06-24T03:00:00+00:00,2026-06-24T03:15:00+00:00,0.201,0.20015162937889763,0.20227255593165358,0.0008483706211023789,1.5,2026-06-24T03:15:00+00:00,0.20015162937889763,SL,-1.0,0.33099465443575454,-1.3309946544357545,0,True
FET,RANGE_MEAN_REVERSION,LONG,51789,51790,2026-06-24T11:15:00+00:00,2026-06-24T11:30:00+00:00,0.1714,0.17053615841671402,0.17269576237492895,0.0008638415832859792,1.5,2026-06-24T11:30:00+00:00,0.17269576237492895,TP,1.499999999999984,0.27883241363099565,1.2211675863689884,0,True
XRP,RANGE_MEAN_REVERSION,LONG,51785,51786,2026-06-24T10:15:00+00:00,2026-06-24T10:30:00+00:00,1.0872,1.0809518661120636,1.0965722008319045,0.006248133887936325,1.5,2026-06-24T11:45:00+00:00,1.0965722008319045,TP,1.5000000000000178,0.24465553523649325,1.2553444647635246,5,
AVAX,RANGE_MEAN_REVERSION,SHORT,51861,51862,2026-06-25T05:15:00+00:00,2026-06-25T05:30:00+00:00,6.608,6.664863190280114,6.522705214579828,0.05686319028011422,1.5,2026-06-25T07:00:00+00:00,6.522705214579828,TP,1.5000000000000078,0.16164224351337989,1.3383577564866278,6,
AVAX,RANGE_MEAN_REVERSION,LONG,51947,51948,2026-06-26T02:45:00+00:00,2026-06-26T03:00:00+00:00,5.992,5.9488508835617315,6.056723674657403,0.043149116438268464,1.5,2026-06-26T03:15:00+00:00,6.056723674657403,TP,1.5,0.1954641779125764,1.3045358220874237,1,
UNI,RANGE_MEAN_REVERSION,SHORT,51964,51965,2026-06-26T07:00:00+00:00,2026-06-26T07:15:00+00:00,2.938,2.96513656263288,2.8972951560506806,0.02713656263287989,1.5,2026-06-26T08:30:00+00:00,2.8972951560506806,TP,1.4999999999999918,0.1505240978563092,1.3494759021436826,5,
AVAX,RANGE_MEAN_REVERSION,SHORT,52029,52030,2026-06-26T23:15:00+00:00,2026-06-26T23:30:00+00:00,6.576,6.646767803199063,6.469848295201404,0.07076780319906373,1.5,2026-06-27T00:00:00+00:00,6.646767803199063,SL,-1.0,0.1307930590441417,-1.1307930590441417,2,
UNI,RANGE_MEAN_REVERSION,SHORT,52094,52095,2026-06-27T15:30:00+00:00,2026-06-27T15:45:00+00:00,2.997,3.023929321602978,2.956606017595533,0.026929321602978007,1.5,2026-06-27T16:45:00+00:00,3.023929321602978,SL,-1.0,0.15650786110616327,-1.1565078611061632,4,
SOL,RANGE_MEAN_REVERSION,SHORT,52092,52093,2026-06-27T15:00:00+00:00,2026-06-27T15:15:00+00:00,72.99,73.3527647591021,72.44585286134684,0.3627647591021059,1.5,2026-06-27T17:00:00+00:00,72.44585286134684,TP,1.5,0.2806366783116552,1.2193633216883448,7,
AVAX,RANGE_MEAN_REVERSION,LONG,52109,52110,2026-06-27T19:15:00+00:00,2026-06-27T19:30:00+00:00,6.445,6.401097492337826,6.510853761493262,0.04390250766217463,1.5,2026-06-27T19:30:00+00:00,6.401097492337826,SL,-1.0,0.20482356757001388,-1.2048235675700139,0,True
SOL,RANGE_MEAN_REVERSION,LONG,52109,52110,2026-06-27T19:15:00+00:00,2026-06-27T19:30:00+00:00,71.27,70.72049900517001,72.09425149224498,0.5495009948299838,1.5,2026-06-27T22:00:00+00:00,70.72049900517001,SL,-1.0,0.1808792890982325,-1.1808792890982325,10,
UNI,RANGE_MEAN_REVERSION,SHORT,52164,52165,2026-06-28T09:00:00+00:00,2026-06-28T09:15:00+00:00,2.965,2.985905102261329,2.933642346608006,0.020905102261329134,1.5,2026-06-28T09:45:00+00:00,2.933642346608006,TP,1.5,0.1975139652994494,1.3024860347005507,2,
AVAX,RANGE_MEAN_REVERSION,SHORT,52210,52211,2026-06-28T20:30:00+00:00,2026-06-28T20:45:00+00:00,6.439,6.493831671084915,6.356752493372628,0.054831671084914824,1.5,2026-06-28T21:45:00+00:00,6.356752493372628,TP,1.499999999999992,0.16335498386488312,1.3366450161351089,4,
UNI,RANGE_MEAN_REVERSION,LONG,52316,52317,2026-06-29T23:00:00+00:00,2026-06-29T23:15:00+00:00,2.894,2.8719065091752807,2.9271402362370793,0.022093490824719453,1.5,2026-06-30T00:15:00+00:00,2.8719065091752807,SL,-1.0,0.18268432944543284,-1.1826843294454328,4,
UNI,RANGE_MEAN_REVERSION,LONG,52355,52356,2026-06-30T08:45:00+00:00,2026-06-30T09:00:00+00:00,2.83,2.804563809120332,2.868154286319502,0.025436190879668086,1.5,2026-06-30T11:15:00+00:00,2.804563809120332,SL,-1.0,0.15506231593571448,-1.1550623159357145,9,
AVAX,RANGE_MEAN_REVERSION,LONG,52369,52370,2026-06-30T12:15:00+00:00,2026-06-30T12:30:00+00:00,6.43,6.38659263212095,6.495111051818575,0.043407367879050085,1.5,2026-06-30T12:45:00+00:00,6.38659263212095,SL,-1.0,0.20668414789588474,-1.2066841478958847,1,
SUI,RANGE_MEAN_REVERSION,LONG,52369,52370,2026-06-30T12:15:00+00:00,2026-06-30T12:30:00+00:00,0.6827,0.6788030031546317,0.6885454952680523,0.0038969968453682613,1.5,2026-06-30T12:45:00+00:00,0.6788030031546317,SL,-1.0,0.24456065530075632,-1.2445606553007562,1,
XRP,RANGE_MEAN_REVERSION,LONG,52369,52370,2026-06-30T12:15:00+00:00,2026-06-30T12:30:00+00:00,1.0314,1.0275366928137248,1.0371949607794129,0.0038633071862752555,1.5,2026-06-30T12:45:00+00:00,1.0275366928137248,SL,-1.0,0.37306266767752694,-1.373062667677527,1,
SOL,RANGE_MEAN_REVERSION,LONG,52370,52371,2026-06-30T12:30:00+00:00,2026-06-30T12:45:00+00:00,72.47,72.15517330802601,72.94224003796099,0.31482669197399105,1.5,2026-06-30T12:45:00+00:00,72.15517330802601,SL,-1.0,0.3215661946604636,-1.3215661946604635,0,True
FET,RANGE_MEAN_REVERSION,LONG,52369,52370,2026-06-30T12:15:00+00:00,2026-06-30T12:30:00+00:00,0.1684,0.1668117662071472,0.17078235068927922,0.0015882337928528056,1.5,2026-06-30T13:30:00+00:00,0.17078235068927922,TP,1.5000000000000087,0.1494916217945627,1.350508378205446,4,
XRP,RANGE_MEAN_REVERSION,LONG,52420,52421,2026-07-01T01:00:00+00:00,2026-07-01T01:15:00+00:00,1.0299,1.0191516699862295,1.0460224950206558,0.010748330013770513,1.5,2026-07-01T02:30:00+00:00,1.0460224950206558,TP,1.5,0.1351973510910739,1.3648026489089262,5,
UNI,RANGE_MEAN_REVERSION,LONG,52464,52465,2026-07-01T12:00:00+00:00,2026-07-01T12:15:00+00:00,2.731,2.713901034991671,2.7566484475124935,0.01709896500832908,1.5,2026-07-01T13:15:00+00:00,2.7566484475124935,TP,1.5,0.22465417710297567,1.2753458228970243,4,
AVAX,RANGE_MEAN_REVERSION,SHORT,52430,52431,2026-07-01T03:30:00+00:00,2026-07-01T03:45:00+00:00,6.67,6.734239891545763,6.573640162681356,0.06423989154576315,1.5,2026-07-01T13:30:00+00:00,6.573640162681356,TP,1.4999999999999931,0.1443113911123714,1.3556886088876217,39,
SUI,RANGE_MEAN_REVERSION,SHORT,52502,52503,2026-07-01T21:30:00+00:00,2026-07-01T21:45:00+00:00,0.7244,0.7296788491929963,0.7164817262105057,0.00527884919299626,1.5,2026-07-01T22:15:00+00:00,0.7296788491929963,SL,-1.0,0.19281763074147712,-1.192817630741477,2,
UNI,RANGE_MEAN_REVERSION,SHORT,52503,52504,2026-07-01T21:45:00+00:00,2026-07-01T22:00:00+00:00,2.843,2.860836945651822,2.816244581522267,0.017836945651822145,1.5,2026-07-01T22:15:00+00:00,2.860836945651822,SL,-1.0,0.22384358510104,-1.22384358510104,1,
AVAX,RANGE_MEAN_REVERSION,LONG,52514,52515,2026-07-02T00:30:00+00:00,2026-07-02T00:45:00+00:00,6.613,6.586875608779332,6.652186586831004,0.026124391220668564,1.5,2026-07-02T01:00:00+00:00,6.652186586831004,TP,1.500000000000017,0.35543911941707895,1.1445608805829381,1,
XRP,RANGE_MEAN_REVERSION,LONG,52514,52515,2026-07-02T00:30:00+00:00,2026-07-02T00:45:00+00:00,1.0456,1.04161002883405,1.0515849567489253,0.003989971165950124,1.5,2026-07-02T01:15:00+00:00,1.0515849567489253,TP,1.5,0.3679298442686036,1.1320701557313964,2,
SOL,RANGE_MEAN_REVERSION,SHORT,52550,52551,2026-07-02T09:30:00+00:00,2026-07-02T09:45:00+00:00,79.43,80.04909674279351,78.50135488580975,0.6190967427935021,1.5,2026-07-02T10:15:00+00:00,80.04909674279351,SL,-1.0,0.18031974650073568,-1.1803197465007358,2,
UNI,RANGE_MEAN_REVERSION,SHORT,52550,52551,2026-07-02T09:30:00+00:00,2026-07-02T09:45:00+00:00,2.882,2.9122546383890953,2.836618042416357,0.030254638389095145,1.5,2026-07-02T11:00:00+00:00,2.9122546383890953,SL,-1.0,0.13406136919270822,-1.1340613691927082,5,
ETH,RANGE_MEAN_REVERSION,SHORT,52550,52551,2026-07-02T09:30:00+00:00,2026-07-02T09:45:00+00:00,1642.44,1656.4737419821777,1621.3893870267336,14.033741982177617,1.5,2026-07-02T12:00:00+00:00,1656.4737419821777,SL,-1.0,0.16454910046943869,-1.1645491004694386,9,
SUI,RANGE_MEAN_REVERSION,SHORT,52555,52556,2026-07-02T10:45:00+00:00,2026-07-02T11:00:00+00:00,0.7416,0.7471310231377868,0.7333034652933199,0.00553102313778675,1.5,2026-07-02T13:15:00+00:00,0.7471310231377868,SL,-1.0,0.1884121057236173,-1.1884121057236172,9,
ADA,RANGE_MEAN_REVERSION,SHORT,52613,52614,2026-07-03T01:15:00+00:00,2026-07-03T01:30:00+00:00,0.1644,0.16580986623050892,0.1622852006542366,0.0014098662305089271,1.5,2026-07-03T01:30:00+00:00,0.16580986623050892,SL,-1.0,0.16394953035928653,-1.1639495303592866,0,True
CRV,RANGE_MEAN_REVERSION,SHORT,52615,52616,2026-07-03T01:45:00+00:00,2026-07-03T02:00:00+00:00,0.2084,0.20988040093748891,0.20617939859376663,0.0014804009374889127,1.5,2026-07-03T03:15:00+00:00,0.20988040093748891,SL,-1.0,0.19778174495950368,-1.1977817449595036,5,
AVAX,RANGE_MEAN_REVERSION,SHORT,52614,52615,2026-07-03T01:30:00+00:00,2026-07-03T01:45:00+00:00,6.855,6.882387556960755,6.813918664558868,0.0273875569607549,1.5,2026-07-03T04:00:00+00:00,6.813918664558868,TP,1.5000000000000162,0.34936460666798635,1.15063539333203,9,
FET,RANGE_MEAN_REVERSION,SHORT,52633,52634,2026-07-03T06:15:00+00:00,2026-07-03T06:30:00+00:00,0.1878,0.1892142160379907,0.1856786759430139,0.0014142160379907176,1.5,2026-07-03T07:45:00+00:00,0.1892142160379907,SL,-1.0,0.18661218946544408,-1.186612189465444,5,
XRP,RANGE_MEAN_REVERSION,SHORT,52632,52633,2026-07-03T06:00:00+00:00,2026-07-03T06:15:00+00:00,1.1025,1.106320928760864,1.0967686068587041,0.0038209287608639286,1.5,2026-07-03T08:30:00+00:00,1.106320928760864,SL,-1.0,0.404659376528917,-1.404659376528917,9,
ETH,RANGE_MEAN_REVERSION,SHORT,52642,52643,2026-07-03T08:30:00+00:00,2026-07-03T08:45:00+00:00,1730.7,1741.9173309058951,1713.8740036411573,11.217330905895096,1.5,2026-07-03T10:30:00+00:00,1741.9173309058951,SL,-1.0,0.21670325606215646,-1.2167032560621565,7,
BNB,RANGE_MEAN_REVERSION,SHORT,52686,52687,2026-07-03T19:30:00+00:00,2026-07-03T19:45:00+00:00,571.21,572.7265783691017,568.9351324463476,1.516578369101694,1.5,2026-07-03T20:15:00+00:00,572.7265783691017,SL,-1.0,0.5280014677597427,-1.5280014677597427,2,
LINK,RANGE_MEAN_REVERSION,SHORT,52686,52687,2026-07-03T19:30:00+00:00,2026-07-03T19:45:00+00:00,7.949,7.990868950979681,7.886196573530478,0.0418689509796808,1.5,2026-07-03T20:15:00+00:00,7.990868950979681,SL,-1.0,0.2664960072943018,-1.2664960072943017,2,
AVAX,RANGE_MEAN_REVERSION,SHORT,52689,52690,2026-07-03T20:15:00+00:00,2026-07-03T20:30:00+00:00,6.955,6.9888324403617625,6.904251339457357,0.03383244036176247,1.5,2026-07-03T20:30:00+00:00,6.9888324403617625,SL,-1.0,0.28850069944362594,-1.2885006994436259,0,True
BTC,RANGE_MEAN_REVERSION,SHORT,52689,52690,2026-07-03T20:15:00+00:00,2026-07-03T20:30:00+00:00,62600.0,62791.325877422656,62313.011183866016,191.32587742265605,1.5,2026-07-03T20:30:00+00:00,62791.325877422656,SL,-1.0,0.45876663050809047,-1.4587666305080904,0,True
CRV,RANGE_MEAN_REVERSION,SHORT,52690,52691,2026-07-03T20:30:00+00:00,2026-07-03T20:45:00+00:00,0.2108,0.21280667104471981,0.20778999343292026,0.0020066710447198266,1.5,2026-07-03T22:45:00+00:00,0.20778999343292026,TP,1.4999999999999931,0.14601944657249735,1.3539805534274958,8,
ETH,RANGE_MEAN_REVERSION,SHORT,52690,52691,2026-07-03T20:30:00+00:00,2026-07-03T20:45:00+00:00,1765.72,1778.7249940149482,1746.2125089775777,13.004994014948124,1.5,2026-07-04T01:00:00+00:00,1746.2125089775777,TP,1.5000000000000087,0.1890314408033282,1.3109685591966804,17,
ADA,RANGE_MEAN_REVERSION,SHORT,52760,52761,2026-07-04T14:00:00+00:00,2026-07-04T14:15:00+00:00,0.181,0.1831502422858424,0.17777463657123638,0.002150242285842402,1.5,2026-07-04T14:45:00+00:00,0.1831502422858424,SL,-1.0,0.11854718478863198,-1.118547184788632,2,
AVAX,RANGE_MEAN_REVERSION,SHORT,52763,52764,2026-07-04T14:45:00+00:00,2026-07-04T15:00:00+00:00,6.936,6.961586319093274,6.897620521360089,0.025586319093274135,1.5,2026-07-04T15:00:00+00:00,6.961586319093274,SL,-1.0,0.3802153169395347,-1.3802153169395348,0,True
DOGE,RANGE_MEAN_REVERSION,SHORT,52764,52765,2026-07-04T15:00:00+00:00,2026-07-04T15:15:00+00:00,0.07809,0.07868719573117151,0.07719420640324275,0.000597195731171507,1.5,2026-07-04T15:30:00+00:00,0.07868719573117151,SL,-1.0,0.18376560863309815,-1.183765608633098,1,
CRV,RANGE_MEAN_REVERSION,SHORT,52768,52769,2026-07-04T16:00:00+00:00,2026-07-04T16:15:00+00:00,0.2107,0.21311377263703557,0.20707934104444664,0.0024137726370355717,1.5,2026-07-04T16:15:00+00:00,0.21311377263703557,SL,-1.0,0.12290703618642143,-1.1229070361864215,0,True
BTC,RANGE_MEAN_REVERSION,SHORT,52764,52765,2026-07-04T15:00:00+00:00,2026-07-04T15:15:00+00:00,62804.0,63087.030526199385,62379.45421070092,283.03052619938535,1.5,2026-07-04T17:30:00+00:00,63087.030526199385,SL,-1.0,0.3113576565457091,-1.311357656545709,9,
LINK,RANGE_MEAN_REVERSION,SHORT,52764,52765,2026-07-04T15:00:00+00:00,2026-07-04T15:15:00+00:00,8.044,8.105853638571778,7.951219542142334,0.061853638571777836,1.5,2026-07-04T17:30:00+00:00,8.105853638571778,SL,-1.0,0.18276851302581845,-1.1827685130258185,9,
SUI,RANGE_MEAN_REVERSION,SHORT,52764,52765,2026-07-04T15:00:00+00:00,2026-07-04T15:15:00+00:00,0.7681,0.7760561309277799,0.7561658036083301,0.007956130927779914,1.5,2026-07-04T17:30:00+00:00,0.7760561309277799,SL,-1.0,0.1358586606305464,-1.1358586606305465,9,
ETH,RANGE_MEAN_REVERSION,SHORT,52764,52765,2026-07-04T15:00:00+00:00,2026-07-04T15:15:00+00:00,1784.21,1800.20921367837,1760.2111794824452,15.99921367836987,1.5,2026-07-04T17:45:00+00:00,1800.20921367837,SL,-1.0,0.15682604783052723,-1.1568260478305272,10,
XRP,RANGE_MEAN_REVERSION,LONG,52803,52804,2026-07-05T00:45:00+00:00,2026-07-05T01:00:00+00:00,1.1491,1.1434186931812587,1.157621960228112,0.00568130681874135,1.5,2026-07-05T01:15:00+00:00,1.1434186931812587,SL,-1.0,0.2824637247073384,-1.2824637247073385,1,
BNB,RANGE_MEAN_REVERSION,SHORT,52834,52835,2026-07-05T08:30:00+00:00,2026-07-05T08:45:00+00:00,577.2,579.7409491678555,573.3885762482169,2.5409491678555014,1.5,2026-07-05T09:30:00+00:00,573.3885762482169,TP,1.4999999999999776,0.31697289090340197,1.1830271090965756,3,
XRP,RANGE_MEAN_REVERSION,LONG,52839,52840,2026-07-05T09:45:00+00:00,2026-07-05T10:00:00+00:00,1.1273,1.1230713862140882,1.1336429206788676,0.004228613785911772,1.5,2026-07-05T12:15:00+00:00,1.1336429206788676,TP,1.5,0.3742739641411717,1.1257260358588284,9,
ADA,RANGE_MEAN_REVERSION,LONG,52840,52841,2026-07-05T10:00:00+00:00,2026-07-05T10:15:00+00:00,0.1862,0.18432423538838824,0.18901364691741765,0.0018757646116117632,1.5,2026-07-05T13:45:00+00:00,0.18901364691741765,TP,1.5,0.14002266127438504,1.3599773387256149,14,
FET,RANGE_MEAN_REVERSION,LONG,52840,52841,2026-07-05T10:00:00+00:00,2026-07-05T10:15:00+00:00,0.1748,0.1731455258525072,0.17728171122123923,0.0016544741474928126,1.5,2026-07-05T15:00:00+00:00,0.17728171122123923,TP,1.5,0.14896406705922136,1.3510359329407786,19,
LINK,RANGE_MEAN_REVERSION,SHORT,52875,52876,2026-07-05T18:45:00+00:00,2026-07-05T19:00:00+00:00,8.014,8.05027384024637,7.959589239630445,0.036273840246369815,1.5,2026-07-05T21:30:00+00:00,8.05027384024637,SL,-1.0,0.3100027902145769,-1.3100027902145768,10,
DOGE,RANGE_MEAN_REVERSION,SHORT,52869,52870,2026-07-05T17:15:00+00:00,2026-07-05T17:30:00+00:00,0.07746,0.07804496902114691,0.07658254646827964,0.0005849690211469083,1.5,2026-07-05T21:45:00+00:00,0.07804496902114691,SL,-1.0,0.18608417604983823,-1.1860841760498382,17,
BTC,RANGE_MEAN_REVERSION,SHORT,52887,52888,2026-07-05T21:45:00+00:00,2026-07-05T22:00:00+00:00,63070.4,63307.67521200321,62714.48718199519,237.27521200320916,1.5,2026-07-05T22:15:00+00:00,63307.67521200321,SL,-1.0,0.37283562788347974,-1.3728356278834797,1,
XRP,RANGE_MEAN_REVERSION,SHORT,52890,52891,2026-07-05T22:30:00+00:00,2026-07-05T22:45:00+00:00,1.1539,1.164647355752908,1.1377789663706377,0.010747355752908083,1.5,2026-07-05T23:15:00+00:00,1.164647355752908,SL,-1.0,0.15101232213215598,-1.151012322132156,2,
SUI,RANGE_MEAN_REVERSION,SHORT,52889,52890,2026-07-05T22:15:00+00:00,2026-07-05T22:30:00+00:00,0.7632,0.7685468961058488,0.7551796558412267,0.00534689610584882,1.5,2026-07-06T00:00:00+00:00,0.7551796558412267,TP,1.5000000000000104,0.1987818237063218,1.3012181762936885,6,
CRV,RANGE_MEAN_REVERSION,SHORT,52892,52893,2026-07-05T23:00:00+00:00,2026-07-05T23:15:00+00:00,0.2149,0.2157691344292665,0.21359629835610025,0.0008691344292665049,1.5,2026-07-06T00:15:00+00:00,0.21359629835610025,TP,1.5,0.3451104901026727,1.1548895098973273,4,
ADA,RANGE_MEAN_REVERSION,LONG,52918,52919,2026-07-06T05:30:00+00:00,2026-07-06T05:45:00+00:00,0.185,0.1827000267171321,0.18844995992430186,0.0022999732828679065,1.5,2026-07-06T09:30:00+00:00,0.1827000267171321,SL,-1.0,0.11191000374623701,-1.111910003746237,15,
CRV,RANGE_MEAN_REVERSION,LONG,52934,52935,2026-07-06T09:30:00+00:00,2026-07-06T09:45:00+00:00,0.2082,0.20704497184392648,0.2099325422341103,0.0011550281560735176,1.5,2026-07-06T10:45:00+00:00,0.2099325422341103,TP,1.500000000000012,0.25340748450572603,1.246592515494286,4,
BNB,RANGE_MEAN_REVERSION,LONG,52935,52936,2026-07-06T09:45:00+00:00,2026-07-06T10:00:00+00:00,577.76,575.2723336746749,581.4914994879877,2.487666325325108,1.5,2026-07-06T11:30:00+00:00,581.4914994879877,TP,1.5,0.32619971632873274,1.1738002836712673,6,
XRP,RANGE_MEAN_REVERSION,LONG,52945,52946,2026-07-06T12:15:00+00:00,2026-07-06T12:30:00+00:00,1.1272,1.1186037143882184,1.1400944284176724,0.008596285611781607,1.5,2026-07-06T12:30:00+00:00,1.1186037143882184,SL,-1.0,0.18287696233791587,-1.1828769623379158,0,True
ADA,RANGE_MEAN_REVERSION,LONG,52948,52949,2026-07-06T13:00:00+00:00,2026-07-06T13:15:00+00:00,0.1784,0.17709899637854257,0.18035150543218614,0.001301003621457436,1.5,2026-07-06T13:45:00+00:00,0.18035150543218614,TP,1.4999999999999893,0.1930248691554055,1.3069751308445838,2,
BNB,RANGE_MEAN_REVERSION,LONG,52948,52949,2026-07-06T13:00:00+00:00,2026-07-06T13:15:00+00:00,571.22,569.4522184443485,573.8716723334772,1.7677815556514815,1.5,2026-07-06T13:45:00+00:00,573.8716723334772,TP,1.5,0.45342942292325994,1.0465705770767402,2,
XRP,RANGE_MEAN_REVERSION,LONG,52949,52950,2026-07-06T13:15:00+00:00,2026-07-06T13:30:00+00:00,1.111,1.105467743430912,1.1192983848536322,0.005532256569088068,1.5,2026-07-06T13:45:00+00:00,1.1192983848536322,TP,1.50000000000002,0.2822010964062881,1.217798903593732,1,
BNB,RANGE_MEAN_REVERSION,SHORT,52980,52981,2026-07-06T21:00:00+00:00,2026-07-06T21:15:00+00:00,590.63,593.9144693998288,585.7032959002568,3.284469399828822,1.5,2026-07-06T23:45:00+00:00,585.7032959002568,TP,1.5,0.25070512368697817,1.2492948763130218,10,
XRP,RANGE_MEAN_REVERSION,LONG,53050,53051,2026-07-07T14:30:00+00:00,2026-07-07T14:45:00+00:00,1.1118,1.1044252321704784,1.122862151744282,0.007374767829521511,1.5,2026-07-07T14:45:00+00:00,1.122862151744282,TP,1.499999999999985,0.21211020365403013,1.2878897963459548,0,True
CRV,RANGE_MEAN_REVERSION,LONG,53050,53051,2026-07-07T14:30:00+00:00,2026-07-07T14:45:00+00:00,0.2062,0.20365709793061504,0.21001435310407743,0.0025429020693849558,1.5,2026-07-07T15:15:00+00:00,0.21001435310407743,TP,1.5,0.11457383698748656,1.3854261630125135,2,
FET,RANGE_MEAN_REVERSION,LONG,53050,53051,2026-07-07T14:30:00+00:00,2026-07-07T14:45:00+00:00,0.1642,0.16209327611118954,0.1673600858332157,0.0021067238888104745,1.5,2026-07-07T15:45:00+00:00,0.1673600858332157,TP,1.4999999999999933,0.11016728927600371,1.3898327107239896,4,
FET,RANGE_MEAN_REVERSION,LONG,53092,53093,2026-07-08T01:00:00+00:00,2026-07-08T01:15:00+00:00,0.1622,0.16121682545912513,0.16367476181131232,0.000983174540874876,1.5,2026-07-08T01:30:00+00:00,0.16121682545912513,SL,-1.0,0.23026611085752213,-1.2302661108575221,1,
BNB,RANGE_MEAN_REVERSION,LONG,53094,53095,2026-07-08T01:30:00+00:00,2026-07-08T01:45:00+00:00,574.01,570.3073916199837,579.5639125700244,3.7026083800162723,1.5,2026-07-08T02:00:00+00:00,570.3073916199837,SL,-1.0,0.21633996683453416,-1.2163399668345343,1,
LINK,RANGE_MEAN_REVERSION,LONG,53094,53095,2026-07-08T01:30:00+00:00,2026-07-08T01:45:00+00:00,7.773,7.7136002677637014,7.8620995983544475,0.05939973223629824,1.5,2026-07-08T02:00:00+00:00,7.7136002677637014,SL,-1.0,0.18250284604498704,-1.1825028460449871,1,
XRP,RANGE_MEAN_REVERSION,LONG,53094,53095,2026-07-08T01:30:00+00:00,2026-07-08T01:45:00+00:00,1.1031,1.095545278693283,1.1144320819600753,0.007554721306716861,1.5,2026-07-08T02:00:00+00:00,1.095545278693283,SL,-1.0,0.20372051232610472,-1.2037205123261048,1,
DOGE,RANGE_MEAN_REVERSION,LONG,53094,53095,2026-07-08T01:30:00+00:00,2026-07-08T01:45:00+00:00,0.07333,0.07250576673683064,0.07456634989475405,0.0008242332631693688,1.5,2026-07-08T02:15:00+00:00,0.07250576673683064,SL,-1.0,0.12385454613083764,-1.1238545461308376,2,
ADA,RANGE_MEAN_REVERSION,LONG,53097,53098,2026-07-08T02:15:00+00:00,2026-07-08T02:30:00+00:00,0.1713,0.17042843770364208,0.1726073434445369,0.0008715622963579306,1.5,2026-07-08T02:30:00+00:00,0.17042843770364208,SL,-1.0,0.27446105389385894,-1.274461053893859,0,True
ETH,RANGE_MEAN_REVERSION,LONG,53097,53098,2026-07-08T02:15:00+00:00,2026-07-08T02:30:00+00:00,1751.18,1742.8186252378198,1763.7220621432705,8.361374762180276,1.5,2026-07-08T02:30:00+00:00,1742.8186252378198,SL,-1.0,0.29251159136284405,-1.292511591362844,0,True
LINK,RANGE_MEAN_REVERSION,LONG,53114,53115,2026-07-08T06:30:00+00:00,2026-07-08T06:45:00+00:00,7.653,7.625664656433152,7.694003015350271,0.027335343566847747,1.5,2026-07-08T07:15:00+00:00,7.694003015350271,TP,1.4999999999999838,0.39300410051455,1.1069958994854339,2,
XRP,RANGE_MEAN_REVERSION,LONG,53114,53115,2026-07-08T06:30:00+00:00,2026-07-08T06:45:00+00:00,1.0871,1.0832833121378307,1.0928250317932537,0.0038166878621692657,1.5,2026-07-08T07:15:00+00:00,1.0928250317932537,TP,1.499999999999971,0.39980935757947594,1.100190642420495,2,
DOGE,RANGE_MEAN_REVERSION,LONG,53113,53114,2026-07-08T06:15:00+00:00,2026-07-08T06:30:00+00:00,0.07198,0.07149606429136622,0.07270590356295067,0.00048393570863378144,1.5,2026-07-08T08:15:00+00:00,0.07149606429136622,SL,-1.0,0.20753427203686528,-1.2075342720368654,7,
BTC,RANGE_MEAN_REVERSION,LONG,53122,53123,2026-07-08T08:30:00+00:00,2026-07-08T08:45:00+00:00,62021.5,61676.04939707366,62539.675904389514,345.450602926343,1.5,2026-07-08T13:45:00+00:00,61676.04939707366,SL,-1.0,0.25065315806212074,-1.2506531580621207,20,
ADA,RANGE_MEAN_REVERSION,LONG,53122,53123,2026-07-08T08:30:00+00:00,2026-07-08T08:45:00+00:00,0.1663,0.16493534047288488,0.16834698929067268,0.0013646595271151196,1.5,2026-07-08T14:00:00+00:00,0.16834698929067268,TP,1.5,0.17165665709943037,1.3283433429005695,21,
XRP,RANGE_MEAN_REVERSION,LONG,53122,53123,2026-07-08T08:30:00+00:00,2026-07-08T08:45:00+00:00,1.08,1.0715477628386552,1.0926783557420174,0.008452237161344911,1.5,2026-07-08T15:00:00+00:00,1.0715477628386552,SL,-1.0,0.17818755025887278,-1.1781875502588728,25,
ETH,RANGE_MEAN_REVERSION,LONG,53149,53150,2026-07-08T15:15:00+00:00,2026-07-08T15:30:00+00:00,1716.5,1707.302053044005,1730.2969204339925,9.197946955994894,1.5,2026-07-08T16:15:00+00:00,1730.2969204339925,TP,1.5000000000000124,0.2623148248024245,1.237685175197588,3,
BNB,RANGE_MEAN_REVERSION,SHORT,53188,53189,2026-07-09T01:00:00+00:00,2026-07-09T01:15:00+00:00,571.26,574.1216599324022,566.9675101013968,2.8616599324021763,1.5,2026-07-09T02:00:00+00:00,566.9675101013968,TP,1.4999999999999802,0.27842555575852457,1.2215744442414556,3,
SUI,RANGE_MEAN_REVERSION,SHORT,53188,53189,2026-07-09T01:00:00+00:00,2026-07-09T01:15:00+00:00,0.7165,0.7222740257048269,0.7078389614427597,0.0057740257048268795,1.5,2026-07-09T02:00:00+00:00,0.7078389614427597,TP,1.5,0.17267627890475865,1.3273237210952413,3,
BTC,RANGE_MEAN_REVERSION,SHORT,53287,53288,2026-07-10T01:45:00+00:00,2026-07-10T02:00:00+00:00,63726.7,64066.21958598156,63217.420621027646,339.5195859815649,1.5,2026-07-10T04:30:00+00:00,64066.21958598156,SL,-1.0,0.26347535577827985,-1.2634753557782799,10,
BNB,RANGE_MEAN_REVERSION,SHORT,53287,53288,2026-07-10T01:45:00+00:00,2026-07-10T02:00:00+00:00,575.37,577.9823693315445,571.4514460026833,2.612369331544528,1.5,2026-07-10T05:30:00+00:00,577.9823693315445,SL,-1.0,0.3090476713163481,-1.3090476713163481,14,
ETH,RANGE_MEAN_REVERSION,SHORT,53287,53288,2026-07-10T01:45:00+00:00,2026-07-10T02:00:00+00:00,1767.0,1781.529161528907,1745.2062577066395,14.529161528907025,1.5,2026-07-10T08:15:00+00:00,1781.529161528907,SL,-1.0,0.17096447087659952,-1.1709644708765996,25,
LINK,RANGE_MEAN_REVERSION,SHORT,53287,53288,2026-07-10T01:45:00+00:00,2026-07-10T02:00:00+00:00,7.873,7.938220518499617,7.775169222250575,0.06522051849961663,1.5,2026-07-10T08:15:00+00:00,7.938220518499617,SL,-1.0,0.16969896311104593,-1.169698963111046,25,
SOL,RANGE_MEAN_REVERSION,SHORT,53287,53288,2026-07-10T01:45:00+00:00,2026-07-10T02:00:00+00:00,79.03,79.6397363518866,78.1153954721701,0.6097363518865961,1.5,2026-07-10T10:15:00+00:00,79.6397363518866,SL,-1.0,0.18215875616184046,-1.1821587561618405,33,
ETH,RANGE_MEAN_REVERSION,SHORT,53318,53319,2026-07-10T09:30:00+00:00,2026-07-10T09:45:00+00:00,1792.05,1797.5594134717594,1783.785879792361,5.509413471759444,1.5,2026-07-10T10:15:00+00:00,1797.5594134717594,SL,-1.0,0.4560787826708142,-1.4560787826708141,2,
XRP,RANGE_MEAN_REVERSION,SHORT,53318,53319,2026-07-10T09:30:00+00:00,2026-07-10T09:45:00+00:00,1.1163,1.1197609541350484,1.1111085687974276,0.003460954135048322,1.5,2026-07-10T11:15:00+00:00,1.1111085687974276,TP,1.5,0.45050755870141856,1.0494924412985815,6,
CRV,RANGE_MEAN_REVERSION,SHORT,53330,53331,2026-07-10T12:30:00+00:00,2026-07-10T12:45:00+00:00,0.2116,0.21326842416538308,0.2090973637519254,0.00166842416538307,1.5,2026-07-10T13:45:00+00:00,0.21326842416538308,SL,-1.0,0.17825676652644465,-1.1782567665264447,4,
CRV,RANGE_MEAN_REVERSION,LONG,53407,53408,2026-07-11T07:45:00+00:00,2026-07-11T08:00:00+00:00,0.2045,0.20371907823071247,0.20567138265393126,0.0007809217692875126,1.5,2026-07-11T08:15:00+00:00,0.20567138265393126,TP,1.5,0.3676680291800685,1.1323319708199315,1,
BNB,RANGE_MEAN_REVERSION,SHORT,53430,53431,2026-07-11T13:30:00+00:00,2026-07-11T13:45:00+00:00,581.71,583.1051285161235,579.6173072258148,1.3951285161234637,1.5,2026-07-11T14:30:00+00:00,583.1051285161235,SL,-1.0,0.5844412041887681,-1.584441204188768,3,
DOGE,RANGE_MEAN_REVERSION,SHORT,53433,53434,2026-07-11T14:15:00+00:00,2026-07-11T14:30:00+00:00,0.07507,0.07528426824885684,0.07474859762671474,0.00021426824885684148,1.5,2026-07-11T14:30:00+00:00,0.07528426824885684,SL,-1.0,0.4911973114808945,-1.4911973114808945,0,True
LINK,RANGE_MEAN_REVERSION,SHORT,53433,53434,2026-07-11T14:15:00+00:00,2026-07-11T14:30:00+00:00,8.055,8.07405419604482,8.02641870593277,0.01905419604482006,1.5,2026-07-11T14:30:00+00:00,8.07405419604482,SL,-1.0,0.5925381428150408,-1.592538142815041,0,True
CRV,RANGE_MEAN_REVERSION,SHORT,53431,53432,2026-07-11T13:45:00+00:00,2026-07-11T14:00:00+00:00,0.208,0.20897086512388077,0.20654370231417882,0.0009708651238807819,1.5,2026-07-11T14:45:00+00:00,0.20897086512388077,SL,-1.0,0.3006386761736825,-1.3006386761736826,3,
ETH,RANGE_MEAN_REVERSION,SHORT,53434,53435,2026-07-11T14:30:00+00:00,2026-07-11T14:45:00+00:00,1813.81,1821.3000228438862,1802.5749657341707,7.490022843886209,1.5,2026-07-11T15:00:00+00:00,1821.3000228438862,SL,-1.0,0.3397288725317776,-1.3397288725317775,1,
SOL,RANGE_MEAN_REVERSION,SHORT,53434,53435,2026-07-11T14:30:00+00:00,2026-07-11T14:45:00+00:00,78.54,78.8499876374569,78.07501854381465,0.3099876374568993,1.5,2026-07-11T15:15:00+00:00,78.8499876374569,SL,-1.0,0.3554109197710773,-1.3554109197710773,2,
AVAX,RANGE_MEAN_REVERSION,SHORT,53434,53435,2026-07-11T14:30:00+00:00,2026-07-11T14:45:00+00:00,6.771,6.797809312432866,6.7307860313507,0.026809312432866328,1.5,2026-07-11T15:30:00+00:00,6.7307860313507,TP,1.5000000000000167,0.35253609153955484,1.1474639084604619,3,
BTC,RANGE_MEAN_REVERSION,SHORT,53434,53435,2026-07-11T14:30:00+00:00,2026-07-11T14:45:00+00:00,64395.9,64543.30304398464,64174.79543402304,147.40304398463923,1.5,2026-07-11T15:30:00+00:00,64174.79543402304,TP,1.5,0.6105673558084385,0.8894326441915615,3,
ADA,RANGE_MEAN_REVERSION,SHORT,53436,53437,2026-07-11T15:00:00+00:00,2026-07-11T15:15:00+00:00,0.171,0.17292941761504105,0.16810587357743845,0.0019294176150410347,1.5,2026-07-11T15:30:00+00:00,0.17292941761504105,SL,-1.0,0.12477889206241566,-1.1247788920624155,1,
DOGE,RANGE_MEAN_REVERSION,SHORT,53437,53438,2026-07-11T15:15:00+00:00,2026-07-11T15:30:00+00:00,0.07543,0.0757243090497605,0.07498853642535924,0.00029430904976050776,1.5,2026-07-11T15:30:00+00:00,0.07498853642535924,TP,1.4999999999999765,0.35776329536394824,1.1422367046360282,0,True
XRP,RANGE_MEAN_REVERSION,SHORT,53437,53438,2026-07-11T15:15:00+00:00,2026-07-11T15:30:00+00:00,1.1156,1.1192745921530447,1.1100881117704327,0.0036745921530447756,1.5,2026-07-11T15:30:00+00:00,1.1100881117704327,TP,1.5000000000000302,0.4239876463428345,1.0760123536571957,0,True
SUI,RANGE_MEAN_REVERSION,SHORT,53398,53399,2026-07-11T05:30:00+00:00,2026-07-11T05:45:00+00:00,0.749,0.7568103783421832,0.7372844324867251,0.007810378342183233,1.5,2026-07-11T23:00:00+00:00,0.7372844324867251,TP,1.5,0.13320726053968404,1.3667927394603159,69,
FET,RANGE_MEAN_REVERSION,LONG,53465,53466,2026-07-11T22:15:00+00:00,2026-07-11T22:30:00+00:00,0.161,0.1602885876227241,0.16206711856591385,0.0007114123772758996,1.5,2026-07-11T23:15:00+00:00,0.1602885876227241,SL,-1.0,0.31613452129844727,-1.3161345212984472,3,
AVAX,RANGE_MEAN_REVERSION,LONG,53467,53468,2026-07-11T22:45:00+00:00,2026-07-11T23:00:00+00:00,6.681,6.6621166485502865,6.70932502717457,0.018883351449713537,1.5,2026-07-11T23:15:00+00:00,6.6621166485502865,SL,-1.0,0.4946252088173094,-1.4946252088173093,1,
DOGE,RANGE_MEAN_REVERSION,LONG,53468,53469,2026-07-11T23:00:00+00:00,2026-07-11T23:15:00+00:00,0.07425,0.07395273744249374,0.07469589383625938,0.00029726255750625596,1.5,2026-07-11T23:15:00+00:00,0.07395273744249374,SL,-1.0,0.34899086208515295,-1.348990862085153,0,True
XRP,RANGE_MEAN_REVERSION,LONG,53468,53469,2026-07-11T23:00:00+00:00,2026-07-11T23:15:00+00:00,1.1052,1.1019086027174387,1.1101370959238417,0.003291397282561226,1.5,2026-07-11T23:15:00+00:00,1.1019086027174387,SL,-1.0,0.4693982188318428,-1.4693982188318429,0,True
LINK,RANGE_MEAN_REVERSION,LONG,53469,53470,2026-07-11T23:15:00+00:00,2026-07-11T23:30:00+00:00,7.935,7.9005111682745905,7.986733247588113,0.034488831725409064,1.5,2026-07-12T00:00:00+00:00,7.9005111682745905,SL,-1.0,0.3214042709839206,-1.3214042709839207,2,
BNB,RANGE_MEAN_REVERSION,LONG,53470,53471,2026-07-11T23:30:00+00:00,2026-07-11T23:45:00+00:00,576.16,574.6977347468179,578.3533978797731,1.4622652531820677,1.5,2026-07-12T00:00:00+00:00,574.6977347468179,SL,-1.0,0.5509263196740042,-1.5509263196740042,1,
BTC,RANGE_MEAN_REVERSION,LONG,53469,53470,2026-07-11T23:15:00+00:00,2026-07-11T23:30:00+00:00,63901.7,63707.55552674443,64192.91670988335,194.1444732555683,1.5,2026-07-12T00:30:00+00:00,63707.55552674443,SL,-1.0,0.4601031251151472,-1.4601031251151473,4,
SOL,RANGE_MEAN_REVERSION,LONG,53497,53498,2026-07-12T06:15:00+00:00,2026-07-12T06:30:00+00:00,75.88,75.63330921005672,76.2500361849149,0.24669078994327265,1.5,2026-07-12T06:45:00+00:00,76.2500361849149,TP,1.5,0.43167815609949767,1.0683218439005024,1,
CRV,RANGE_MEAN_REVERSION,LONG,53498,53499,2026-07-12T06:30:00+00:00,2026-07-12T06:45:00+00:00,0.2046,0.20197001202459147,0.2085449819631128,0.002629987975408532,1.5,2026-07-12T16:30:00+00:00,0.2085449819631128,TP,1.5,0.1099630454885466,1.3900369545114535,39,
ETH,RANGE_MEAN_REVERSION,SHORT,53531,53532,2026-07-12T14:45:00+00:00,2026-07-12T15:00:00+00:00,1818.72,1826.2487955809647,1807.426806628553,7.528795580964697,1.5,2026-07-12T22:00:00+00:00,1807.426806628553,TP,1.499999999999985,0.33714592690730805,1.1628540730926769,28,
ADA,RANGE_MEAN_REVERSION,LONG,53560,53561,2026-07-12T22:00:00+00:00,2026-07-12T22:15:00+00:00,0.1618,0.1606591965115433,0.16351120523268503,0.0011408034884566876,1.5,2026-07-13T00:00:00+00:00,0.16351120523268503,TP,1.5,0.19961180515931176,1.3003881948406883,7,
BTC,RANGE_MEAN_REVERSION,LONG,53560,53561,2026-07-12T22:00:00+00:00,2026-07-12T22:15:00+00:00,63756.1,63587.25156429122,64009.37265356317,168.84843570878002,1.5,2026-07-13T00:00:00+00:00,64009.37265356317,TP,1.5000000000000215,0.529681133746172,0.9703188662538496,7,
SOL,RANGE_MEAN_REVERSION,LONG,53560,53561,2026-07-12T22:00:00+00:00,2026-07-12T22:15:00+00:00,76.66,76.35475415738067,77.11786876392898,0.3052458426193283,1.5,2026-07-13T00:00:00+00:00,77.11786876392898,TP,1.4999999999999767,0.3526485642230142,1.1473514357769625,7,
BNB,RANGE_MEAN_REVERSION,LONG,53561,53562,2026-07-12T22:15:00+00:00,2026-07-12T22:30:00+00:00,574.57,572.4063647547603,577.8154528678597,2.1636352452397887,1.5,2026-07-13T00:00:00+00:00,577.8154528678597,TP,1.4999999999999738,0.3728307804110028,1.1271692195889709,6,
ADA,RANGE_MEAN_REVERSION,LONG,53620,53621,2026-07-13T13:00:00+00:00,2026-07-13T13:15:00+00:00,0.1582,0.15728806879408902,0.1595678968088665,0.0009119312059109874,1.5,2026-07-13T13:15:00+00:00,0.15728806879408902,SL,-1.0,0.24216919733024075,-1.2421691973302407,0,True
ETH,RANGE_MEAN_REVERSION,LONG,53618,53619,2026-07-13T12:30:00+00:00,2026-07-13T12:45:00+00:00,1769.83,1762.4369780882412,1780.919532867638,7.393021911758751,1.5,2026-07-13T13:30:00+00:00,1762.4369780882412,SL,-1.0,0.3344487429056674,-1.3344487429056673,3,
SOL,RANGE_MEAN_REVERSION,LONG,53654,53655,2026-07-13T21:30:00+00:00,2026-07-13T21:45:00+00:00,74.27,73.85561676947108,74.89157484579337,0.41438323052891235,1.5,2026-07-13T23:45:00+00:00,74.89157484579337,TP,1.500000000000017,0.25197231620300875,1.2480276837970083,8,
BNB,RANGE_MEAN_REVERSION,SHORT,53714,53715,2026-07-14T12:30:00+00:00,2026-07-14T12:45:00+00:00,574.99,577.5344143242665,571.1733785136003,2.5444143242665405,1.5,2026-07-14T12:45:00+00:00,577.5344143242665,SL,-1.0,0.31707378878223674,-1.3170737887822368,0,True
FET,RANGE_MEAN_REVERSION,SHORT,53812,53813,2026-07-15T13:00:00+00:00,2026-07-15T13:15:00+00:00,0.1634,0.1643881212242152,0.16191781816367717,0.0009881212242152104,1.5,2026-07-15T13:45:00+00:00,0.16191781816367717,TP,1.5,0.23046005604771486,1.2695399439522852,2,
DOGE,RANGE_MEAN_REVERSION,SHORT,53813,53814,2026-07-15T13:15:00+00:00,2026-07-15T13:30:00+00:00,0.07502,0.07538801898738258,0.07446797151892615,0.0003680189873825762,1.5,2026-07-15T13:45:00+00:00,0.07446797151892615,TP,1.4999999999999811,0.2843374490198995,1.2156625509800816,1,
SUI,RANGE_MEAN_REVERSION,SHORT,53812,53813,2026-07-15T13:00:00+00:00,2026-07-15T13:15:00+00:00,0.7635,0.7682251073251016,0.7564123390123474,0.004725107325101674,1.5,2026-07-15T15:15:00+00:00,0.7564123390123474,TP,1.5000000000000118,0.22516708385787818,1.2748329161421337,8,
BNB,RANGE_MEAN_REVERSION,SHORT,53877,53878,2026-07-16T05:15:00+00:00,2026-07-16T05:30:00+00:00,584.99,587.1443719089331,581.7584421366005,2.154371908933058,1.5,2026-07-16T07:30:00+00:00,581.7584421366005,TP,1.4999999999999736,0.3791007049939204,1.1208992950060532,8,
BTC,RANGE_MEAN_REVERSION,LONG,53887,53888,2026-07-16T07:45:00+00:00,2026-07-16T08:00:00+00:00,64200.1,63907.06687606846,64639.64968589731,293.0331239315419,1.5,2026-07-16T08:00:00+00:00,63907.06687606846,SL,-1.0,0.30602348161226206,-1.306023481612262,0,True
BNB,RANGE_MEAN_REVERSION,LONG,53949,53950,2026-07-16T23:15:00+00:00,2026-07-16T23:30:00+00:00,572.58,571.2344574522727,574.598313821591,1.345542547727291,1.5,2026-07-17T00:30:00+00:00,571.2344574522727,SL,-1.0,0.5950537361817171,-1.595053736181717,4,
XRP,RANGE_MEAN_REVERSION,LONG,53949,53950,2026-07-16T23:15:00+00:00,2026-07-16T23:30:00+00:00,1.0865,1.0821933091316385,1.0929600363025425,0.004306690868361551,1.5,2026-07-17T00:30:00+00:00,1.0821933091316385,SL,-1.0,0.35249460961884443,-1.3524946096188444,4,
DOGE,RANGE_MEAN_REVERSION,LONG,53949,53950,2026-07-16T23:15:00+00:00,2026-07-16T23:30:00+00:00,0.07223,0.07189095671508165,0.07273856492737753,0.00033904328491835,1.5,2026-07-17T00:45:00+00:00,0.07273856492737753,TP,1.5,0.2993069025791284,1.2006930974208716,5,
BTC,RANGE_MEAN_REVERSION,LONG,53959,53960,2026-07-17T01:45:00+00:00,2026-07-17T02:00:00+00:00,63510.7,63329.95942657641,63781.810860135374,180.7405734235872,1.5,2026-07-17T04:15:00+00:00,63329.95942657641,SL,-1.0,0.4912480906570827,-1.4912480906570826,9,
DOGE,RANGE_MEAN_REVERSION,LONG,53975,53976,2026-07-17T05:45:00+00:00,2026-07-17T06:00:00+00:00,0.07148,0.07117968021807819,0.07193047967288271,0.0003003197819218123,1.5,2026-07-17T06:30:00+00:00,0.07193047967288271,TP,1.499999999999977,0.3342681428729645,1.1657318571270123,2,
BNB,RANGE_MEAN_REVERSION,LONG,53975,53976,2026-07-17T05:45:00+00:00,2026-07-17T06:00:00+00:00,568.07,566.5739213350093,570.3141179974862,1.496078664990705,1.5,2026-07-17T07:00:00+00:00,570.3141179974862,TP,1.500000000000038,0.5326383573574931,0.9673616426425449,4,
BTC,RANGE_MEAN_REVERSION,LONG,53975,53976,2026-07-17T05:45:00+00:00,2026-07-17T06:00:00+00:00,62807.4,62642.44260192137,63054.83609711795,164.95739807862992,1.5,2026-07-17T08:30:00+00:00,62642.44260192137,SL,-1.0,0.5323489024692691,-1.5323489024692691,10,
BNB,RANGE_MEAN_REVERSION,LONG,53985,53986,2026-07-17T08:15:00+00:00,2026-07-17T08:30:00+00:00,564.71,563.329941142018,566.7800882869731,1.3800588579820214,1.5,2026-07-17T08:30:00+00:00,563.329941142018,SL,-1.0,0.5721697695952178,-1.572169769595218,0,True
ADA,RANGE_MEAN_REVERSION,LONG,53975,53976,2026-07-17T05:45:00+00:00,2026-07-17T06:00:00+00:00,0.1581,0.1570921650704723,0.15961175239429154,0.00100783492952769,1.5,2026-07-17T08:45:00+00:00,0.15961175239429154,TP,1.5000000000000138,0.22066929827509388,1.2793307017249198,11,
AVAX,RANGE_MEAN_REVERSION,LONG,54004,54005,2026-07-17T13:00:00+00:00,2026-07-17T13:15:00+00:00,6.401,6.368427911553241,6.449858132670137,0.03257208844675841,1.5,2026-07-17T13:30:00+00:00,6.368427911553241,SL,-1.0,0.2744251279035454,-1.2744251279035455,1,
XRP,RANGE_MEAN_REVERSION,LONG,54004,54005,2026-07-17T13:00:00+00:00,2026-07-17T13:15:00+00:00,1.0731,1.0694953271666108,1.0785070092500837,0.0036046728333891664,1.5,2026-07-17T13:30:00+00:00,1.0694953271666108,SL,-1.0,0.41607568795819894,-1.416075687958199,1,
BNB,RANGE_MEAN_REVERSION,LONG,54005,54006,2026-07-17T13:15:00+00:00,2026-07-17T13:30:00+00:00,559.73,557.1095853166313,563.660622025053,2.620414683368722,1.5,2026-07-17T13:30:00+00:00,557.1095853166313,SL,-1.0,0.29834503473190754,-1.2983450347319074,0,True
SOL,RANGE_MEAN_REVERSION,LONG,54005,54006,2026-07-17T13:15:00+00:00,2026-07-17T13:30:00+00:00,73.8,73.34483299475275,74.48275050787086,0.4551670052472474,1.5,2026-07-17T13:30:00+00:00,73.34483299475275,SL,-1.0,0.22629360632231327,-1.2262936063223133,0,True
UNI,RANGE_MEAN_REVERSION,SHORT,54046,54047,2026-07-17T23:30:00+00:00,2026-07-17T23:45:00+00:00,3.633,3.668623332604465,3.5795650010933024,0.03562333260446504,1.5,2026-07-18T01:30:00+00:00,3.5795650010933024,TP,1.5,0.141727208872437,1.358272791127563,7,
FET,RANGE_MEAN_REVERSION,LONG,54072,54073,2026-07-18T06:00:00+00:00,2026-07-18T06:15:00+00:00,0.1585,0.15792488209412786,0.15936267685880823,0.0005751179058721412,1.5,2026-07-18T07:00:00+00:00,0.15792488209412786,SL,-1.0,0.38513392680757935,-1.3851339268075793,3,
DOGE,RANGE_MEAN_REVERSION,LONG,54085,54086,2026-07-18T09:15:00+00:00,2026-07-18T09:30:00+00:00,0.07195,0.07178838032708339,0.07219242950937492,0.00016161967291661306,1.5,2026-07-18T10:15:00+00:00,0.07219242950937492,TP,1.5,0.6243033340911486,0.8756966659088514,3,
BTC,RANGE_MEAN_REVERSION,SHORT,54096,54097,2026-07-18T12:00:00+00:00,2026-07-18T12:15:00+00:00,64100.1,64196.75766429436,63955.11350355846,96.6576642943619,1.5,2026-07-18T12:45:00+00:00,64196.75766429436,SL,-1.0,0.9291327389363019,-1.929132738936302,2,
BTC,RANGE_MEAN_REVERSION,SHORT,54121,54122,2026-07-18T18:15:00+00:00,2026-07-18T18:30:00+00:00,64543.0,64728.91613259235,64264.12580111148,185.91613259234873,1.5,2026-07-18T20:15:00+00:00,64728.91613259235,SL,-1.0,0.48672667633007083,-1.4867266763300708,7,
ETH,RANGE_MEAN_REVERSION,SHORT,54121,54122,2026-07-18T18:15:00+00:00,2026-07-18T18:30:00+00:00,1858.1,1869.3205808952057,1841.2691286571912,11.220580895205785,1.5,2026-07-19T02:00:00+00:00,1869.3205808952057,SL,-1.0,0.23253648193396778,-1.2325364819339677,30,
SOL,RANGE_MEAN_REVERSION,SHORT,54152,54153,2026-07-19T02:00:00+00:00,2026-07-19T02:15:00+00:00,76.06,76.36015244704743,75.60977132942887,0.3001524470474237,1.5,2026-07-19T02:30:00+00:00,76.36015244704743,SL,-1.0,0.3554663897045479,-1.355466389704548,1,
AVAX,RANGE_MEAN_REVERSION,LONG,54183,54184,2026-07-19T09:45:00+00:00,2026-07-19T10:00:00+00:00,6.493,6.472704167606708,6.523443748589939,0.020295832393292024,1.5,2026-07-19T10:00:00+00:00,6.472704167606708,SL,-1.0,0.4471850546186223,-1.4471850546186222,0,True
CRV,RANGE_MEAN_REVERSION,LONG,54192,54193,2026-07-19T12:00:00+00:00,2026-07-19T12:15:00+00:00,0.2106,0.20965023638708244,0.21202464541937638,0.0009497636129175702,1.5,2026-07-19T12:45:00+00:00,0.21202464541937638,TP,1.5000000000000147,0.311485139849466,1.1885148601505486,2,
SUI,RANGE_MEAN_REVERSION,SHORT,54187,54188,2026-07-19T10:45:00+00:00,2026-07-19T11:00:00+00:00,0.7539,0.7587624715737863,0.7466062926393207,0.004862471573786276,1.5,2026-07-19T17:00:00+00:00,0.7466062926393207,TP,1.4999999999999887,0.21601245146810016,1.2839875485318886,24,
UNI,RANGE_MEAN_REVERSION,LONG,54216,54217,2026-07-19T18:00:00+00:00,2026-07-19T18:15:00+00:00,3.477,3.451528846982345,3.5152067295264824,0.025471153017655013,1.5,2026-07-19T23:45:00+00:00,3.5152067295264824,TP,1.5,0.19216031199199915,1.3078396880080008,22,
ETH,RANGE_MEAN_REVERSION,SHORT,54348,54349,2026-07-21T03:00:00+00:00,2026-07-21T03:15:00+00:00,1924.11,1932.3827231551445,1911.700915267283,8.272723155144604,1.5,2026-07-21T05:45:00+00:00,1932.3827231551445,SL,-1.0,0.32631877745477567,-1.3263187774547758,10,
LINK,RANGE_MEAN_REVERSION,SHORT,54355,54356,2026-07-21T04:45:00+00:00,2026-07-21T05:00:00+00:00,8.713,8.77898219162292,8.614026712565618,0.06598219162292018,1.5,2026-07-21T17:45:00+00:00,8.614026712565618,TP,1.5000000000000135,0.1838210947601007,1.3161789052399129,51,
AVAX,RANGE_MEAN_REVERSION,LONG,54420,54421,2026-07-21T21:00:00+00:00,2026-07-21T21:15:00+00:00,6.553,6.516603084836879,6.607595372744681,0.03639691516312116,1.5,2026-07-22T00:15:00+00:00,6.607595372744681,TP,1.4999999999999878,0.2531098231713789,1.246890176828609,12,
FET,RANGE_MEAN_REVERSION,LONG,54454,54455,2026-07-22T05:30:00+00:00,2026-07-22T05:45:00+00:00,0.1553,0.15454864896548953,0.15642702655176569,0.0007513510345104613,1.5,2026-07-22T06:00:00+00:00,0.15454864896548953,SL,-1.0,0.28867206447271193,-1.2886720644727119,1,
DOGE,RANGE_MEAN_REVERSION,LONG,54455,54456,2026-07-22T05:45:00+00:00,2026-07-22T06:00:00+00:00,0.07246,0.07222416136703184,0.07281375794945222,0.00023583863296815222,1.5,2026-07-22T06:15:00+00:00,0.07222416136703184,SL,-1.0,0.42944157062935084,-1.4294415706293508,1,
SUI,RANGE_MEAN_REVERSION,LONG,54457,54458,2026-07-22T06:15:00+00:00,2026-07-22T06:30:00+00:00,0.7564,0.7530332754608299,0.761450086808755,0.003366724539170085,1.5,2026-07-22T07:15:00+00:00,0.7530332754608299,SL,-1.0,0.3138371674099121,-1.313837167409912,3,
ADA,RANGE_MEAN_REVERSION,LONG,54457,54458,2026-07-22T06:15:00+00:00,2026-07-22T06:30:00+00:00,0.1707,0.1699904326861557,0.17176435097076642,0.0007095673138442782,1.5,2026-07-22T08:00:00+00:00,0.17176435097076642,TP,1.5000000000000195,0.3378467990313131,1.1621532009687066,6,
CRV,RANGE_MEAN_REVERSION,LONG,54457,54458,2026-07-22T06:15:00+00:00,2026-07-22T06:30:00+00:00,0.2126,0.21125633681082054,0.21461549478376923,0.0013436631891794726,1.5,2026-07-22T08:00:00+00:00,0.21461549478376923,TP,1.5000000000000104,0.2225638454315759,1.2774361545684345,6,
XRP,RANGE_MEAN_REVERSION,LONG,54457,54458,2026-07-22T06:15:00+00:00,2026-07-22T06:30:00+00:00,1.1304,1.1267461356244637,1.1358807965633047,0.0036538643755363864,1.5,2026-07-22T09:00:00+00:00,1.1358807965633047,TP,1.5,0.43416952424826405,1.0658304757517358,10,
CRV,RANGE_MEAN_REVERSION,SHORT,54480,54481,2026-07-22T12:00:00+00:00,2026-07-22T12:15:00+00:00,0.2167,0.2178879564183947,0.21491806537240796,0.0011879564183946978,1.5,2026-07-22T12:45:00+00:00,0.21491806537240796,TP,1.5,0.2543297389385392,1.2456702610614607,2,
XRP,RANGE_MEAN_REVERSION,SHORT,54488,54489,2026-07-22T14:00:00+00:00,2026-07-22T14:15:00+00:00,1.1449,1.151421858239992,1.135117212640012,0.006521858239991962,1.5,2026-07-22T15:15:00+00:00,1.151421858239992,SL,-1.0,0.24646737810265182,-1.2464673781026518,4,
SUI,RANGE_MEAN_REVERSION,SHORT,54488,54489,2026-07-22T14:00:00+00:00,2026-07-22T14:15:00+00:00,0.7694,0.7744833150441712,0.7617750274337431,0.005083315044171255,1.5,2026-07-22T15:30:00+00:00,0.7744833150441712,SL,-1.0,0.21260109026099366,-1.2126010902609936,5,
ADA,RANGE_MEAN_REVERSION,SHORT,54488,54489,2026-07-22T14:00:00+00:00,2026-07-22T14:15:00+00:00,0.176,0.17848534889070644,0.1722719766639403,0.0024853488907064514,1.5,2026-07-22T15:45:00+00:00,0.17848534889070644,SL,-1.0,0.0998410103110158,-1.0998410103110159,6,
XRP,RANGE_MEAN_REVERSION,LONG,54579,54580,2026-07-23T12:45:00+00:00,2026-07-23T13:00:00+00:00,1.1213,1.1167729205688182,1.1280906191467728,0.004527079431181802,1.5,2026-07-23T13:00:00+00:00,1.1167729205688182,SL,-1.0,0.3460621948904475,-1.3460621948904474,0,True
XRP,RANGE_MEAN_REVERSION,LONG,54599,54600,2026-07-23T17:45:00+00:00,2026-07-23T18:00:00+00:00,1.1024,1.0976933908706268,1.10945991369406,0.004706609129373263,1.5,2026-07-23T20:00:00+00:00,1.10945991369406,TP,1.5,0.32896335706381796,1.171036642936182,8,
ETH,RANGE_MEAN_REVERSION,LONG,54626,54627,2026-07-24T00:30:00+00:00,2026-07-24T00:45:00+00:00,1865.11,1854.0489252581724,1881.7016121127413,11.061074741827497,1.5,2026-07-24T06:00:00+00:00,1881.7016121127413,TP,1.5000000000000102,0.23711693390524802,1.262883066094762,21,
CRV,RANGE_MEAN_REVERSION,LONG,54626,54627,2026-07-24T00:30:00+00:00,2026-07-24T00:45:00+00:00,0.207,0.20583271355505833,0.2087509296674125,0.0011672864449416565,1.5,2026-07-24T07:00:00+00:00,0.2087509296674125,TP,1.500000000000012,0.24931811041610683,1.2506818895839051,25,
ADA,RANGE_MEAN_REVERSION,LONG,54628,54629,2026-07-24T01:00:00+00:00,2026-07-24T01:15:00+00:00,0.1668,0.16611791534774414,0.1678231269783838,0.0006820846522558599,1.5,2026-07-24T07:00:00+00:00,0.1678231269783838,TP,1.5000000000000204,0.34341219687348024,1.1565878031265402,23,
LINK,RANGE_MEAN_REVERSION,SHORT,54653,54654,2026-07-24T07:15:00+00:00,2026-07-24T07:30:00+00:00,8.549,8.597592095499383,8.476111856750924,0.0485920954993837,1.5,2026-07-24T10:00:00+00:00,8.476111856750924,TP,1.5,0.24525755016835604,1.254742449831644,10,
CRV,RANGE_MEAN_REVERSION,LONG,54667,54668,2026-07-24T10:45:00+00:00,2026-07-24T11:00:00+00:00,0.2043,0.20249754722714,0.20700367915929002,0.0018024527728600082,1.5,2026-07-24T13:00:00+00:00,0.20249754722714,SL,-1.0,0.15798376930961863,-1.1579837693096187,8,
SOL,RANGE_MEAN_REVERSION,LONG,54675,54676,2026-07-24T12:45:00+00:00,2026-07-24T13:00:00+00:00,74.81,74.5943423440791,75.13348648388137,0.21565765592090713,1.5,2026-07-24T13:00:00+00:00,74.5943423440791,SL,-1.0,0.4849493480500938,-1.484949348050094,0,True
ETH,RANGE_MEAN_REVERSION,LONG,54676,54677,2026-07-24T13:00:00+00:00,2026-07-24T13:15:00+00:00,1861.5,1851.7461037129806,1876.1308444305291,9.753896287019415,1.5,2026-07-24T13:45:00+00:00,1851.7461037129806,SL,-1.0,0.2664855352274172,-1.2664855352274171,2,
XRP,RANGE_MEAN_REVERSION,LONG,54676,54677,2026-07-24T13:00:00+00:00,2026-07-24T13:15:00+00:00,1.0954,1.0911815421733866,1.10172768673992,0.004218457826613342,1.5,2026-07-24T13:45:00+00:00,1.0911815421733866,SL,-1.0,0.3628356955153374,-1.3628356955153373,2,
ADA,RANGE_MEAN_REVERSION,LONG,54676,54677,2026-07-24T13:00:00+00:00,2026-07-24T13:15:00+00:00,0.1647,0.16351358696554655,0.16647961955168022,0.0011864130344534651,1.5,2026-07-24T14:15:00+00:00,0.16351358696554655,SL,-1.0,0.19365052827636825,-1.1936505282763683,4,
SOL,RANGE_MEAN_REVERSION,LONG,54708,54709,2026-07-24T21:00:00+00:00,2026-07-24T21:15:00+00:00,73.55,73.22448990780225,74.03826513829662,0.32551009219774585,1.5,2026-07-25T00:30:00+00:00,74.03826513829662,TP,1.5000000000000218,0.3173842780089478,1.182615721991074,13,
UNI,RANGE_MEAN_REVERSION,LONG,54741,54742,2026-07-25T05:15:00+00:00,2026-07-25T05:30:00+00:00,3.681,3.6531972611362726,3.7227041082955914,0.027802738863727416,1.5,2026-07-25T06:30:00+00:00,3.6531972611362726,SL,-1.0,0.18465583941060337,-1.1846558394106035,4,
UNI,RANGE_MEAN_REVERSION,LONG,54756,54757,2026-07-25T09:00:00+00:00,2026-07-25T09:15:00+00:00,3.628,3.60346234265561,3.664806486016585,0.024537657344390063,1.5,2026-07-25T11:00:00+00:00,3.664806486016585,TP,1.5,0.2080461255352372,1.2919538744647627,7,
LINK,RANGE_MEAN_REVERSION,SHORT,54772,54773,2026-07-25T13:00:00+00:00,2026-07-25T13:15:00+00:00,8.36,8.384954687251811,8.322567969122282,0.024954687251812047,1.5,2026-07-25T13:30:00+00:00,8.384954687251811,SL,-1.0,0.4697100854359589,-1.4697100854359588,1,
ADA,RANGE_MEAN_REVERSION,SHORT,54773,54774,2026-07-25T13:15:00+00:00,2026-07-25T13:30:00+00:00,0.1635,0.1638790540610225,0.1629314189084663,0.0003790540610224824,1.5,2026-07-25T13:30:00+00:00,0.1638790540610225,SL,-1.0,0.604571646652596,-1.6045716466525959,0,True
FET,RANGE_MEAN_REVERSION,SHORT,54773,54774,2026-07-25T13:15:00+00:00,2026-07-25T13:30:00+00:00,0.1522,0.15253036255696195,0.15170445616455708,0.0003303625569619495,1.5,2026-07-25T13:45:00+00:00,0.15253036255696195,SL,-1.0,0.6456883484360552,-1.6456883484360552,1,
XRP,RANGE_MEAN_REVERSION,SHORT,54781,54782,2026-07-25T15:15:00+00:00,2026-07-25T15:30:00+00:00,1.0957,1.0978045998108283,1.0925431002837573,0.0021045998108284447,1.5,2026-07-25T15:30:00+00:00,1.0978045998108283,SL,-1.0,0.7295701595939854,-1.7295701595939854,0,True
ETH,RANGE_MEAN_REVERSION,SHORT,54775,54776,2026-07-25T13:45:00+00:00,2026-07-25T14:00:00+00:00,1866.37,1873.6011990800064,1855.52320137999,7.2311990800064905,1.5,2026-07-25T17:30:00+00:00,1873.6011990800064,SL,-1.0,0.36203951936469914,-1.362039519364699,14,
BTC,RANGE_MEAN_REVERSION,SHORT,54795,54796,2026-07-25T18:45:00+00:00,2026-07-25T19:00:00+00:00,64391.3,64462.93078214633,64283.85382678051,71.63078214632696,1.5,2026-07-25T20:45:00+00:00,64283.85382678051,TP,1.5,1.257456710367151,0.242543289632849,7,
ETH,RANGE_MEAN_REVERSION,SHORT,54817,54818,2026-07-26T00:15:00+00:00,2026-07-26T00:30:00+00:00,1878.33,1882.6988746792604,1871.7766879811093,4.368874679260443,1.5,2026-07-26T03:00:00+00:00,1882.6988746792604,SL,-1.0,0.6026083157691181,-1.602608315769118,10,
AVAX,RANGE_MEAN_REVERSION,LONG,54948,54949,2026-07-27T09:00:00+00:00,2026-07-27T09:15:00+00:00,6.599,6.569488621285277,6.643267068072085,0.02951137871472298,1.5,2026-07-27T10:15:00+00:00,6.643267068072085,TP,1.5,0.31410213115614083,1.1858978688438593,4,
UNI,RANGE_MEAN_REVERSION,LONG,55001,55002,2026-07-27T22:15:00+00:00,2026-07-27T22:30:00+00:00,3.746,3.7220711640806314,3.781893253879053,0.023928835919368563,1.5,2026-07-27T22:45:00+00:00,3.7220711640806314,SL,-1.0,0.21846653270019956,-1.2184665327001996,1,
LINK,RANGE_MEAN_REVERSION,LONG,55062,55063,2026-07-28T13:30:00+00:00,2026-07-28T13:45:00+00:00,8.223,8.171338440973182,8.300492338540229,0.05166155902681879,1.5,2026-07-28T14:30:00+00:00,8.300492338540229,TP,1.5,0.2238888034906909,1.276111196509309,3,
LINK,RANGE_MEAN_REVERSION,SHORT,55104,55105,2026-07-29T00:00:00+00:00,2026-07-29T00:15:00+00:00,8.475,8.532440572224866,8.3888391416627,0.057440572224866315,1.5,2026-07-29T01:45:00+00:00,8.3888391416627,TP,1.5,0.20551131268245934,1.2944886873175407,6,
ADA,RANGE_MEAN_REVERSION,SHORT,55097,55098,2026-07-28T22:15:00+00:00,2026-07-28T22:30:00+00:00,0.1623,0.1639761260918243,0.15978581086226357,0.0016761260918242982,1.5,2026-07-29T02:15:00+00:00,0.1639761260918243,SL,-1.0,0.13626259347570532,-1.1362625934757054,15,
UNI,RANGE_MEAN_REVERSION,LONG,55118,55119,2026-07-29T03:30:00+00:00,2026-07-29T03:45:00+00:00,3.788,3.765328680720617,3.822006978919074,0.022671319279382818,1.5,2026-07-29T03:45:00+00:00,3.765328680720617,SL,-1.0,0.23321669159821246,-1.2332166915982126,0,True
AVAX,RANGE_MEAN_REVERSION,LONG,55118,55119,2026-07-29T03:30:00+00:00,2026-07-29T03:45:00+00:00,6.427,6.401023248024859,6.465965127962711,0.02597675197514082,1.5,2026-07-29T04:00:00+00:00,6.401023248024859,SL,-1.0,0.34567894716824854,-1.3456789471682487,1,
BTC,RANGE_MEAN_REVERSION,SHORT,55131,55132,2026-07-29T06:45:00+00:00,2026-07-29T07:00:00+00:00,64407.8,64542.611643539014,64205.582534691486,134.81164353901113,1.5,2026-07-29T07:45:00+00:00,64542.611643539014,SL,-1.0,0.6695659646368513,-1.6695659646368513,3,
BNB,RANGE_MEAN_REVERSION,SHORT,55235,55236,2026-07-30T08:45:00+00:00,2026-07-30T09:00:00+00:00,579.15,580.474456353977,577.1633154690345,1.3244563539769842,1.5,2026-07-30T10:00:00+00:00,580.474456353977,SL,-1.0,0.6128832535782375,-1.6128832535782376,4,
BTC,RANGE_MEAN_REVERSION,SHORT,55238,55239,2026-07-30T09:30:00+00:00,2026-07-30T09:45:00+00:00,64571.7,64710.33322477632,64363.75016283552,138.63322477632028,1.5,2026-07-30T11:45:00+00:00,64710.33322477632,SL,-1.0,0.6527830785394898,-1.65278307853949,8,
ADA,RANGE_MEAN_REVERSION,SHORT,55234,55235,2026-07-30T08:30:00+00:00,2026-07-30T08:45:00+00:00,0.1646,0.16567740317391827,0.1629838952391226,0.0010774031739182732,1.5,2026-07-30T12:00:00+00:00,0.16567740317391827,SL,-1.0,0.21458464929237353,-1.2145846492923735,13,
UNI,RANGE_MEAN_REVERSION,SHORT,55245,55246,2026-07-30T11:15:00+00:00,2026-07-30T11:30:00+00:00,4.106,4.141028004388775,4.053457993416837,0.03502800438877518,1.5,2026-07-30T12:00:00+00:00,4.141028004388775,SL,-1.0,0.16480869246784982,-1.1648086924678498,2,
UNI,RANGE_MEAN_REVERSION,SHORT,55251,55252,2026-07-30T12:45:00+00:00,2026-07-30T13:00:00+00:00,4.207,4.247025298157254,4.146962052764119,0.04002529815725442,1.5,2026-07-30T13:15:00+00:00,4.247025298157254,SL,-1.0,0.14785193318135217,-1.1478519331813521,1,
LINK,RANGE_MEAN_REVERSION,SHORT,55248,55249,2026-07-30T12:00:00+00:00,2026-07-30T12:15:00+00:00,8.476,8.521252494904259,8.408121257643614,0.045252494904257645,1.5,2026-07-30T13:45:00+00:00,8.521252494904259,SL,-1.0,0.26292642586019127,-1.2629264258601913,6,
ADA,RANGE_MEAN_REVERSION,SHORT,55254,55255,2026-07-30T13:30:00+00:00,2026-07-30T13:45:00+00:00,0.1673,0.1684820842085641,0.16552687368715388,0.0011820842085640826,1.5,2026-07-30T13:45:00+00:00,0.1684820842085641,SL,-1.0,0.19884155227106445,-1.1988415522710645,0,True
CRV,RANGE_MEAN_REVERSION,SHORT,55274,55275,2026-07-30T18:30:00+00:00,2026-07-30T18:45:00+00:00,0.2141,0.21520152375978124,0.21244771436032817,0.001101523759781231,1.5,2026-07-30T21:30:00+00:00,0.21244771436032817,TP,1.5,0.2710639669829093,1.2289360330170906,11,
XRP,RANGE_MEAN_REVERSION,SHORT,55261,55262,2026-07-30T15:15:00+00:00,2026-07-30T15:30:00+00:00,1.0916,1.0972821711708591,1.0830767432437112,0.005682171170859229,1.5,2026-07-30T23:45:00+00:00,1.0830767432437112,TP,1.4999999999999805,0.2679035309737786,1.2320964690262017,33,
SOL,RANGE_MEAN_REVERSION,SHORT,55255,55256,2026-07-30T13:45:00+00:00,2026-07-30T14:00:00+00:00,74.64,75.03865770526585,74.04201344210122,0.39865770526584754,1.5,2026-07-31T01:00:00+00:00,75.03865770526585,SL,-1.0,0.2628196044118002,-1.2628196044118,44,
LINK,RANGE_MEAN_REVERSION,LONG,55308,55309,2026-07-31T03:00:00+00:00,2026-07-31T03:15:00+00:00,8.335,8.294846998487259,8.395229502269114,0.04015300151274204,1.5,2026-07-31T07:00:00+00:00,8.294846998487259,SL,-1.0,0.2899133927820314,-1.2899133927820314,15,
BTC,RANGE_MEAN_REVERSION,LONG,55326,55327,2026-07-31T07:30:00+00:00,2026-07-31T07:45:00+00:00,63885.1,63741.423628975666,64100.6145565365,143.67637102433218,1.5,2026-07-31T09:00:00+00:00,63741.423628975666,SL,-1.0,0.6218041693519188,-1.6218041693519187,5,
ETH,RANGE_MEAN_REVERSION,LONG,55344,55345,2026-07-31T12:00:00+00:00,2026-07-31T12:15:00+00:00,1875.73,1869.6291067018913,1884.8813399471633,6.100893298108758,1.5,2026-07-31T13:00:00+00:00,1884.8813399471633,TP,1.5000000000000187,0.4314823763233249,1.0685176236766938,3,
XRP,RANGE_MEAN_REVERSION,LONG,55352,55353,2026-07-31T14:00:00+00:00,2026-07-31T14:15:00+00:00,1.0654,1.0581497338914894,1.0762753991627658,0.007250266108510539,1.5,2026-07-31T15:45:00+00:00,1.0581497338914894,SL,-1.0,0.2050248627397511,-1.205024862739751,6,
BTC,RANGE_MEAN_REVERSION,LONG,55352,55353,2026-07-31T14:00:00+00:00,2026-07-31T14:15:00+00:00,62669.6,62286.55711192801,63244.16433210799,383.0428880719919,1.5,2026-07-31T17:45:00+00:00,63244.16433210799,TP,1.5000000000000095,0.23010382851935363,1.269896171480656,14,
CRV,RANGE_MEAN_REVERSION,LONG,55424,55425,2026-08-01T08:00:00+00:00,2026-08-01T08:15:00+00:00,0.2061,0.20552474414406308,0.2069628837839054,0.0005752558559369292,1.5,2026-08-01T09:00:00+00:00,0.20552474414406308,SL,-1.0,0.5008855067308265,-1.5008855067308264,3,
ADA,RANGE_MEAN_REVERSION,SHORT,55426,55427,2026-08-01T08:30:00+00:00,2026-08-01T08:45:00+00:00,0.1728,0.17405009890727874,0.17092485163908192,0.0012500989072787294,1.5,2026-08-01T09:15:00+00:00,0.17405009890727874,SL,-1.0,0.19422068751633595,-1.194220687516336,2,
ADA,RANGE_MEAN_REVERSION,SHORT,55444,55445,2026-08-01T13:00:00+00:00,2026-08-01T13:15:00+00:00,0.1752,0.17624233062174094,0.17363650406738856,0.0010423306217409445,1.5,2026-08-01T13:30:00+00:00,0.17624233062174094,SL,-1.0,0.23601880852768478,-1.2360188085276849,1,
ETH,RANGE_MEAN_REVERSION,LONG,55352,55353,2026-07-31T14:00:00+00:00,2026-07-31T14:15:00+00:00,1863.76,1845.384351497374,1891.323472753939,18.375648502626063,1.5,2026-08-01T14:15:00+00:00,1872.15,TIME,0.456582525443991,0.14231535826484004,0.314267167179151,96,
CRV,RANGE_MEAN_REVERSION,LONG,55459,55460,2026-08-01T16:45:00+00:00,2026-08-01T17:00:00+00:00,0.2009,0.19977599882854513,0.20258600175718228,0.0011240011714548637,1.5,2026-08-01T17:15:00+00:00,0.20258600175718228,TP,1.4999999999999876,0.25128105593026023,1.2487189440697273,1,
AVAX,RANGE_MEAN_REVERSION,LONG,55462,55463,2026-08-01T17:30:00+00:00,2026-08-01T17:45:00+00:00,6.311,6.276094444781179,6.363358332828232,0.03490555521882133,1.5,2026-08-01T18:15:00+00:00,6.276094444781179,SL,-1.0,0.252423032841371,-1.252423032841371,2,
DOGE,RANGE_MEAN_REVERSION,LONG,55463,55464,2026-08-01T17:45:00+00:00,2026-08-01T18:00:00+00:00,0.06947,0.06915977103924732,0.06993534344112903,0.00031022896075268147,1.5,2026-08-01T18:15:00+00:00,0.06915977103924732,SL,-1.0,0.31280393517107946,-1.3128039351710794,1,
LINK,RANGE_MEAN_REVERSION,LONG,55463,55464,2026-08-01T17:45:00+00:00,2026-08-01T18:00:00+00:00,8.042,8.009122993499359,8.091315509750961,0.03287700650064096,1.5,2026-08-01T18:15:00+00:00,8.009122993499359,SL,-1.0,0.34175210249845894,-1.3417521024984589,1,
SUI,RANGE_MEAN_REVERSION,LONG,55463,55464,2026-08-01T17:45:00+00:00,2026-08-01T18:00:00+00:00,0.6797,0.6764339689635656,0.6845990465546516,0.0032660310364344136,1.5,2026-08-01T18:15:00+00:00,0.6764339689635656,SL,-1.0,0.29065669238430064,-1.2906566923843006,1,
ETH,RANGE_MEAN_REVERSION,LONG,55464,55465,2026-08-01T18:00:00+00:00,2026-08-01T18:15:00+00:00,1860.16,1854.2117283160446,1869.0824075259334,5.948271683955454,1.5,2026-08-01T18:15:00+00:00,1854.2117283160446,SL,-1.0,0.43711187853683503,-1.437111878536835,0,True
XRP,RANGE_MEAN_REVERSION,LONG,55461,55462,2026-08-01T17:15:00+00:00,2026-08-01T17:30:00+00:00,1.0585,1.0555792232928414,1.062881165060738,0.0029207767071586233,1.5,2026-08-01T18:30:00+00:00,1.0555792232928414,SL,-1.0,0.5066650431297829,-1.5066650431297828,4,
XRP,RANGE_MEAN_REVERSION,SHORT,55493,55494,2026-08-02T01:15:00+00:00,2026-08-02T01:30:00+00:00,1.0672,1.0693611133635164,1.0639583299547253,0.0021611133635164315,1.5,2026-08-02T02:00:00+00:00,1.0693611133635164,SL,-1.0,0.6920473514267315,-1.6920473514267313,2,
LINK,RANGE_MEAN_REVERSION,SHORT,55494,55495,2026-08-02T01:30:00+00:00,2026-08-02T01:45:00+00:00,8.161,8.181799163914247,8.129801254128628,0.020799163914247742,1.5,2026-08-02T02:00:00+00:00,8.181799163914247,SL,-1.0,0.5500201576325588,-1.550020157632559,1,
UNI,RANGE_MEAN_REVERSION,SHORT,55497,55498,2026-08-02T02:15:00+00:00,2026-08-02T02:30:00+00:00,4.167,4.2130200962293465,4.09796985565598,0.04602009622934666,1.5,2026-08-02T04:30:00+00:00,4.2130200962293465,SL,-1.0,0.12746635813464097,-1.127466358134641,8,
AVAX,RANGE_MEAN_REVERSION,SHORT,55497,55498,2026-08-02T02:15:00+00:00,2026-08-02T02:30:00+00:00,6.324,6.36088051643157,6.268679225352644,0.03688051643157042,1.5,2026-08-02T04:45:00+00:00,6.36088051643157,SL,-1.0,0.24076171433166674,-1.2407617143316667,9,
ETH,RANGE_MEAN_REVERSION,SHORT,55496,55497,2026-08-02T02:00:00+00:00,2026-08-02T02:15:00+00:00,1874.24,1885.7349459368995,1856.9975810946507,11.494945936899512,1.5,2026-08-02T11:30:00+00:00,1856.9975810946507,TP,1.5,0.22721866819590664,1.2727813318040933,37,
CRV,RANGE_MEAN_REVERSION,LONG,55552,55553,2026-08-02T16:00:00+00:00,2026-08-02T16:15:00+00:00,0.2029,0.20236177928805582,0.20370733106791628,0.0005382207119441762,1.5,2026-08-02T16:30:00+00:00,0.20370733106791628,TP,1.5000000000000258,0.5288260474395539,0.9711739525604719,1,
DOGE,RANGE_MEAN_REVERSION,SHORT,55562,55563,2026-08-02T18:30:00+00:00,2026-08-02T18:45:00+00:00,0.07105,0.07136347398789102,0.07057978901816347,0.00031347398789101366,1.5,2026-08-02T20:00:00+00:00,0.07057978901816347,TP,1.5000000000000222,0.3162650048883258,1.1837349951116964,5,
ETH,RANGE_MEAN_REVERSION,SHORT,55562,55563,2026-08-02T18:30:00+00:00,2026-08-02T18:45:00+00:00,1880.71,1890.0746911656163,1866.6629632515755,9.36469116561625,1.5,2026-08-02T21:30:00+00:00,1890.0746911656163,SL,-1.0,0.2818618614468995,-1.2818618614468995,11,
LINK,RANGE_MEAN_REVERSION,SHORT,55576,55577,2026-08-02T22:00:00+00:00,2026-08-02T22:15:00+00:00,8.4,8.431210355567496,8.353184466648758,0.031210355567495185,1.5,2026-08-02T22:15:00+00:00,8.431210355567496,SL,-1.0,0.37749801419012835,-1.3774980141901283,0,True
FET,RANGE_MEAN_REVERSION,LONG,55590,55591,2026-08-03T01:30:00+00:00,2026-08-03T01:45:00+00:00,0.1406,0.13996242153944735,0.14155636769082897,0.0006375784605526513,1.5,2026-08-03T02:00:00+00:00,0.13996242153944735,SL,-1.0,0.3080306303123534,-1.3080306303123534,1,
AVAX,RANGE_MEAN_REVERSION,LONG,55597,55598,2026-08-03T03:15:00+00:00,2026-08-03T03:30:00+00:00,6.42,6.385063188280448,6.472405217579328,0.0349368117195521,1.5,2026-08-03T03:45:00+00:00,6.385063188280448,SL,-1.0,0.25656445996701926,-1.2565644599670192,1,
AVAX,RANGE_MEAN_REVERSION,SHORT,55640,55641,2026-08-03T14:00:00+00:00,2026-08-03T14:15:00+00:00,6.531,6.565893055592547,6.478660416611178,0.03489305559254774,1.5,2026-08-03T18:45:00+00:00,6.565893055592547,SL,-1.0,0.26274067957730807,-1.2627406795773082,18,
AVAX,RANGE_MEAN_REVERSION,SHORT,55662,55663,2026-08-03T19:30:00+00:00,2026-08-03T19:45:00+00:00,6.587,6.612344618010652,6.548983072984022,0.02534461801065202,1.5,2026-08-03T22:00:00+00:00,6.548983072984022,TP,1.4999999999999825,0.36280634204958995,1.1371936579503925,9,
LINK,RANGE_MEAN_REVERSION,LONG,55681,55682,2026-08-04T00:15:00+00:00,2026-08-04T00:30:00+00:00,8.144,8.111210050844528,8.193184923733208,0.03278994915547173,1.5,2026-08-04T01:30:00+00:00,8.193184923733208,TP,1.5,0.348766306174796,1.151233693825204,4,
AVAX,RANGE_MEAN_REVERSION,SHORT,55685,55686,2026-08-04T01:15:00+00:00,2026-08-04T01:30:00+00:00,6.641,6.69064027147847,6.566539592782295,0.049640271478470055,1.5,2026-08-04T01:30:00+00:00,6.69064027147847,SL,-1.0,0.18799551074337822,-1.1879955107433782,0,True
CRV,RANGE_MEAN_REVERSION,LONG,55729,55730,2026-08-04T12:15:00+00:00,2026-08-04T12:30:00+00:00,0.2036,0.20228724358068928,0.2055691346289661,0.0013127564193107233,1.5,2026-08-04T14:00:00+00:00,0.20228724358068928,SL,-1.0,0.21643091309784895,-1.216430913097849,6,
FET,RANGE_MEAN_REVERSION,SHORT,55798,55799,2026-08-05T05:30:00+00:00,2026-08-05T05:45:00+00:00,0.1503,0.15114231015837923,0.14903653476243112,0.0008423101583792392,1.5,2026-08-05T05:45:00+00:00,0.15114231015837923,SL,-1.0,0.25051296723867966,-1.2505129672386797,0,True
AVAX,RANGE_MEAN_REVERSION,LONG,55790,55791,2026-08-05T03:30:00+00:00,2026-08-05T03:45:00+00:00,6.616,6.56928897263147,6.686066541052794,0.046711027368529834,1.5,2026-08-05T06:00:00+00:00,6.686066541052794,TP,1.4999999999999905,0.19934150677684015,1.3006584932231502,9,
AVAX,RANGE_MEAN_REVERSION,LONG,55830,55831,2026-08-05T13:30:00+00:00,2026-08-05T13:45:00+00:00,6.584,6.511619021687315,6.692571467469027,0.07238097831268497,1.5,2026-08-05T16:15:00+00:00,6.692571467469027,TP,1.5,0.12839837542786553,1.3716016245721345,10,
SUI,RANGE_MEAN_REVERSION,LONG,55885,55886,2026-08-06T03:15:00+00:00,2026-08-06T03:30:00+00:00,0.6825,0.6803656063973158,0.6857015904040262,0.0021343936026841925,1.5,2026-08-06T04:30:00+00:00,0.6857015904040262,TP,1.499999999999974,0.4487181333744499,1.0512818666255241,4,
DOGE,RANGE_MEAN_REVERSION,LONG,55911,55912,2026-08-06T09:45:00+00:00,2026-08-06T10:00:00+00:00,0.06901,0.0687219351811013,0.06944209722834806,0.0002880648188987034,1.5,2026-08-06T13:00:00+00:00,0.0687219351811013,SL,-1.0,0.33468979306589275,-1.3346897930658927,12,
BTC,RANGE_MEAN_REVERSION,LONG,55925,55926,2026-08-06T13:15:00+00:00,2026-08-06T13:30:00+00:00,64220.5,64034.892834594015,64498.910748108974,185.60716540598514,1.5,2026-08-06T13:45:00+00:00,64498.910748108974,TP,1.4999999999999805,0.48545317378555675,1.0145468262144237,1,
UNI,RANGE_MEAN_REVERSION,SHORT,55933,55934,2026-08-06T15:15:00+00:00,2026-08-06T15:30:00+00:00,4.131,4.1664936019938095,4.077759597009287,0.03549360199380924,1.5,2026-08-06T15:45:00+00:00,4.077759597009287,TP,1.4999999999999876,0.1618920423717135,1.338107957628274,1,
SOL,RANGE_MEAN_REVERSION,LONG,55949,55950,2026-08-06T19:15:00+00:00,2026-08-06T19:30:00+00:00,72.58,72.3700990988936,72.89485135165958,0.20990090110639414,1.5,2026-08-06T19:45:00+00:00,72.89485135165958,TP,1.4999999999999662,0.485145110904241,1.0148548890957252,1,
BTC,RANGE_MEAN_REVERSION,LONG,55966,55967,2026-08-06T23:30:00+00:00,2026-08-06T23:45:00+00:00,64193.7,64118.56759492752,64306.39860760872,75.13240507247974,1.5,2026-08-07T00:00:00+00:00,64306.39860760872,TP,1.5,1.1972206791270938,0.30277932087290615,1,
BTC,RANGE_MEAN_REVERSION,SHORT,56004,56005,2026-08-07T09:00:00+00:00,2026-08-07T09:15:00+00:00,64700.1,64815.966421650344,64526.30036752448,115.86642165034573,1.5,2026-08-07T09:15:00+00:00,64815.966421650344,SL,-1.0,0.78246350585286,-1.78246350585286,0,True
SOL,RANGE_MEAN_REVERSION,SHORT,56005,56006,2026-08-07T09:15:00+00:00,2026-08-07T09:30:00+00:00,73.49,73.74768671896452,73.10346992155321,0.25768671896452133,1.5,2026-08-07T11:15:00+00:00,73.74768671896452,SL,-1.0,0.39996776363730824,-1.3999677636373082,7,
ETH,RANGE_MEAN_REVERSION,SHORT,56017,56018,2026-08-07T12:15:00+00:00,2026-08-07T12:30:00+00:00,1932.18,1941.1207081124778,1918.7689378312834,8.94070811247775,1.5,2026-08-07T12:30:00+00:00,1941.1207081124778,SL,-1.0,0.3032545589867541,-1.3032545589867541,0,True
SOL,RANGE_MEAN_REVERSION,SHORT,56079,56080,2026-08-08T03:45:00+00:00,2026-08-08T04:00:00+00:00,74.82,75.10575628623188,74.39136557065217,0.2857562862318872,1.5,2026-08-08T04:00:00+00:00,75.10575628623188,SL,-1.0,0.36726411441111206,-1.3672641144111122,0,True
CRV,RANGE_MEAN_REVERSION,SHORT,56081,56082,2026-08-08T04:15:00+00:00,2026-08-08T04:30:00+00:00,0.2161,0.216908842131873,0.21488673680219045,0.0008088421318730166,1.5,2026-08-08T04:45:00+00:00,0.216908842131873,SL,-1.0,0.37474085182780387,-1.374740851827804,1,
LINK,RANGE_MEAN_REVERSION,SHORT,56079,56080,2026-08-08T03:45:00+00:00,2026-08-08T04:00:00+00:00,8.258,8.285317597803203,8.217023603295193,0.027317597803204308,1.5,2026-08-08T05:30:00+00:00,8.285317597803203,SL,-1.0,0.42391437204276766,-1.4239143720427676,6,
CRV,RANGE_MEAN_REVERSION,SHORT,56086,56087,2026-08-08T05:30:00+00:00,2026-08-08T05:45:00+00:00,0.2204,0.22157660917264668,0.21863508624103,0.0011766091726466699,1.5,2026-08-08T06:00:00+00:00,0.22157660917264668,SL,-1.0,0.2629451083786163,-1.2629451083786163,1,
LINK,RANGE_MEAN_REVERSION,SHORT,56102,56103,2026-08-08T09:30:00+00:00,2026-08-08T09:45:00+00:00,8.294,8.320470409527944,8.254294385708086,0.026470409527943772,1.5,2026-08-08T10:15:00+00:00,8.320470409527944,SL,-1.0,0.4393634059341655,-1.4393634059341656,2,
SOL,RANGE_MEAN_REVERSION,SHORT,56107,56108,2026-08-08T10:45:00+00:00,2026-08-08T11:00:00+00:00,75.06,75.27092161918675,74.74361757121989,0.2109216191867489,1.5,2026-08-08T11:00:00+00:00,75.27092161918675,SL,-1.0,0.4989135089099576,-1.4989135089099577,0,True
LINK,RANGE_MEAN_REVERSION,SHORT,56108,56109,2026-08-08T11:00:00+00:00,2026-08-08T11:15:00+00:00,8.347,8.369891704819947,8.312662442770078,0.022891704819947734,1.5,2026-08-08T11:45:00+00:00,8.312662442770078,TP,1.5,0.5094318575948544,0.9905681424051456,2,
BNB,RANGE_MEAN_REVERSION,SHORT,56119,56120,2026-08-08T13:45:00+00:00,2026-08-08T14:00:00+00:00,598.57,600.2219280562811,596.0921079155785,1.6519280562810081,1.5,2026-08-08T14:00:00+00:00,600.2219280562811,SL,-1.0,0.5079848038470803,-1.5079848038470804,0,True
SOL,RANGE_MEAN_REVERSION,SHORT,56112,56113,2026-08-08T12:00:00+00:00,2026-08-08T12:15:00+00:00,75.57,75.82896207356441,75.18155688965336,0.2589620735644189,1.5,2026-08-08T14:15:00+00:00,75.82896207356441,SL,-1.0,0.409246311603741,-1.409246311603741,8,
LINK,RANGE_MEAN_REVERSION,SHORT,56124,56125,2026-08-08T15:00:00+00:00,2026-08-08T15:15:00+00:00,8.383,8.411109116266388,8.340836325600415,0.028109116266389123,1.5,2026-08-08T15:15:00+00:00,8.340836325600415,TP,1.5,0.4164729092503812,1.0835270907496188,0,True
SOL,RANGE_MEAN_REVERSION,SHORT,56187,56188,2026-08-09T06:45:00+00:00,2026-08-09T07:00:00+00:00,76.4,76.56996894900242,76.14504657649638,0.16996894900240989,1.5,2026-08-09T08:00:00+00:00,76.56996894900242,SL,-1.0,0.6299914125066661,-1.6299914125066661,4,
BTC,RANGE_MEAN_REVERSION,SHORT,56214,56215,2026-08-09T13:30:00+00:00,2026-08-09T13:45:00+00:00,65193.1,65277.03311616544,65067.20032575184,83.93311616544088,1.5,2026-08-09T14:45:00+00:00,65277.03311616544,SL,-1.0,1.088117507770076,-2.088117507770076,4,
AVAX,RANGE_MEAN_REVERSION,SHORT,56222,56223,2026-08-09T15:30:00+00:00,2026-08-09T15:45:00+00:00,6.526,6.542495818304451,6.501256272543324,0.016495818304450793,1.5,2026-08-09T15:45:00+00:00,6.542495818304451,SL,-1.0,0.5545615806367651,-1.554561580636765,0,True
DOGE,RANGE_MEAN_REVERSION,SHORT,56223,56224,2026-08-09T15:45:00+00:00,2026-08-09T16:00:00+00:00,0.07067,0.07080617716748877,0.07046573424876684,0.00013617716748877406,1.5,2026-08-09T17:45:00+00:00,0.07046573424876684,TP,1.4999999999999492,0.7254888304405442,0.7745111695594049,7,
FET,RANGE_MEAN_REVERSION,LONG,56253,56254,2026-08-09T23:15:00+00:00,2026-08-09T23:30:00+00:00,0.1359,0.13546385946589068,0.13655421080116398,0.00043614053410931386,1.5,2026-08-09T23:45:00+00:00,0.13546385946589068,SL,-1.0,0.4355355367600697,-1.4355355367600697,1,
ADA,RANGE_MEAN_REVERSION,LONG,56352,56353,2026-08-11T00:00:00+00:00,2026-08-11T00:15:00+00:00,0.1898,0.18817553504163628,0.19223669743754557,0.0016244649583637139,1.5,2026-08-11T05:15:00+00:00,0.18817553504163628,SL,-1.0,0.16287385773815252,-1.1628738577381525,20,
UNI,RANGE_MEAN_REVERSION,SHORT,56368,56369,2026-08-11T04:00:00+00:00,2026-08-11T04:15:00+00:00,4.013,4.0384712549165735,3.9747931176251394,0.02547125491657365,1.5,2026-08-11T06:45:00+00:00,3.9747931176251394,TP,1.5,0.21952020819749038,1.2804797918025097,10,
FET,RANGE_MEAN_REVERSION,LONG,56344,56345,2026-08-10T22:00:00+00:00,2026-08-10T22:15:00+00:00,0.1346,0.13312303000149173,0.1368154549977624,0.0014769699985082707,1.5,2026-08-11T07:15:00+00:00,0.13312303000149173,SL,-1.0,0.1268855299635897,-1.1268855299635896,36,
AVAX,RANGE_MEAN_REVERSION,LONG,56408,56409,2026-08-11T14:00:00+00:00,2026-08-11T14:15:00+00:00,6.417,6.39800989818151,6.445485152727735,0.018990101818490146,1.5,2026-08-11T14:15:00+00:00,6.39800989818151,SL,-1.0,0.47237803222269814,-1.4723780322226983,0,True
SUI,RANGE_MEAN_REVERSION,SHORT,56455,56456,2026-08-12T01:45:00+00:00,2026-08-12T02:00:00+00:00,0.698,0.7005344206752808,0.6941983689870787,0.0025344206752808685,1.5,2026-08-12T03:00:00+00:00,0.6941983689870787,TP,1.5,0.38452134951233197,1.1154786504876681,4,
ETH,RANGE_MEAN_REVERSION,SHORT,56486,56487,2026-08-12T09:30:00+00:00,2026-08-12T09:45:00+00:00,1904.28,1911.655369455869,1893.2169458161964,7.375369455869077,1.5,2026-08-12T10:00:00+00:00,1911.655369455869,SL,-1.0,0.3621723324644423,-1.3621723324644424,1,
BTC,RANGE_MEAN_REVERSION,SHORT,56488,56489,2026-08-12T10:00:00+00:00,2026-08-12T10:15:00+00:00,64092.8,64252.42651180076,63853.360232298866,159.62651180075773,1.5,2026-08-12T12:00:00+00:00,64252.42651180076,SL,-1.0,0.5628241671433558,-1.5628241671433558,7,
ETH,RANGE_MEAN_REVERSION,LONG,56526,56527,2026-08-12T19:30:00+00:00,2026-08-12T19:45:00+00:00,1879.25,1873.4398088294336,1887.9652867558498,5.810191170566441,1.5,2026-08-12T21:00:00+00:00,1887.9652867558498,TP,1.5000000000000195,0.4538664259599579,1.0461335740400617,5,
DOGE,RANGE_MEAN_REVERSION,LONG,56533,56534,2026-08-12T21:15:00+00:00,2026-08-12T21:30:00+00:00,0.06979,0.06912230603688413,0.07079154094467383,0.0006676939631158757,1.5,2026-08-12T21:45:00+00:00,0.06912230603688413,SL,-1.0,0.1456335081600004,-1.1456335081600004,1,
ADA,RANGE_MEAN_REVERSION,LONG,56533,56534,2026-08-12T21:15:00+00:00,2026-08-12T21:30:00+00:00,0.181,0.17991601830516082,0.18262597254225876,0.00108398169483917,1.5,2026-08-12T23:45:00+00:00,0.18262597254225876,TP,1.5000000000000129,0.23481778520009683,1.265182214799916,9,
ETH,RANGE_MEAN_REVERSION,SHORT,56565,56566,2026-08-13T05:15:00+00:00,2026-08-13T05:30:00+00:00,1898.0,1902.4129229706707,1891.3806155439938,4.4129229706707065,1.5,2026-08-13T06:30:00+00:00,1891.3806155439938,TP,1.5000000000000258,0.6010905806673621,0.8989094193326637,4,
BTC,RANGE_MEAN_REVERSION,SHORT,56565,56566,2026-08-13T05:15:00+00:00,2026-08-13T05:30:00+00:00,63916.1,64062.941546763665,63695.8376798545,146.84154676366597,1.5,2026-08-13T09:00:00+00:00,63695.8376798545,TP,1.5,0.6083316223825102,0.8916683776174898,14,
UNI,RANGE_MEAN_REVERSION,LONG,56592,56593,2026-08-13T12:00:00+00:00,2026-08-13T12:15:00+00:00,3.518,3.4975124071267274,3.5487313893099084,0.020487592873272398,1.5,2026-08-13T12:15:00+00:00,3.4975124071267274,SL,-1.0,0.23969915428157948,-1.2396991542815794,0,True
FET,RANGE_MEAN_REVERSION,SHORT,56601,56602,2026-08-13T14:15:00+00:00,2026-08-13T14:30:00+00:00,0.1367,0.13722554404253087,0.13591168393620368,0.0005255440425308844,1.5,2026-08-13T14:30:00+00:00,0.13722554404253087,SL,-1.0,0.3648559688858109,-1.3648559688858108,0,True
UNI,RANGE_MEAN_REVERSION,LONG,56655,56656,2026-08-14T03:45:00+00:00,2026-08-14T04:00:00+00:00,3.434,3.411010852187089,3.468483721719367,0.02298914781291117,1.5,2026-08-14T04:15:00+00:00,3.468483721719367,TP,1.5,0.2101747591744116,1.2898252408255884,1,
SUI,RANGE_MEAN_REVERSION,LONG,56668,56669,2026-08-14T07:00:00+00:00,2026-08-14T07:15:00+00:00,0.6784,0.6762888423283753,0.6815667365074372,0.0021111576716247304,1.5,2026-08-14T10:15:00+00:00,0.6762888423283753,SL,-1.0,0.4491763937745456,-1.4491763937745457,12,
UNI,RANGE_MEAN_REVERSION,LONG,56681,56682,2026-08-14T10:15:00+00:00,2026-08-14T10:30:00+00:00,3.41,3.366258279662252,3.4756125805066223,0.043741720337747925,1.5,2026-08-14T11:00:00+00:00,3.366258279662252,SL,-1.0,0.10844065480593745,-1.1084406548059373,2,
AVAX,RANGE_MEAN_REVERSION,SHORT,56734,56735,2026-08-14T23:30:00+00:00,2026-08-14T23:45:00+00:00,6.482,6.5026371841536275,6.451044223769559,0.020637184153627253,1.5,2026-08-15T00:00:00+00:00,6.5026371841536275,SL,-1.0,0.4404305336060097,-1.4404305336060097,1,
SUI,RANGE_MEAN_REVERSION,LONG,56809,56810,2026-08-15T18:15:00+00:00,2026-08-15T18:30:00+00:00,0.6787,0.6770661394598618,0.6811507908102072,0.0016338605401381434,1.5,2026-08-15T19:15:00+00:00,0.6811507908102072,TP,1.500000000000034,0.582605142961995,0.917394857038039,3,
AVAX,RANGE_MEAN_REVERSION,LONG,56801,56802,2026-08-15T16:15:00+00:00,2026-08-15T16:30:00+00:00,6.502,6.460343613823384,6.564484579264923,0.04165638617661571,1.5,2026-08-15T22:30:00+00:00,6.460343613823384,SL,-1.0,0.21782111609983973,-1.2178211160998398,24,
ADA,RANGE_MEAN_REVERSION,LONG,56805,56806,2026-08-15T17:15:00+00:00,2026-08-15T17:30:00+00:00,0.1772,0.17624279437018445,0.17863580844472332,0.0009572056298155496,1.5,2026-08-15T23:00:00+00:00,0.17624279437018445,SL,-1.0,0.25847106238479206,-1.2584710623847921,22,
BNB,RANGE_MEAN_REVERSION,LONG,56829,56830,2026-08-15T23:15:00+00:00,2026-08-15T23:30:00+00:00,608.52,607.8371154287089,609.5443268569366,0.6828845712910834,1.5,2026-08-15T23:30:00+00:00,607.8371154287089,SL,-1.0,1.2468431951688665,-2.2468431951688665,0,True
SUI,RANGE_MEAN_REVERSION,LONG,56829,56830,2026-08-15T23:15:00+00:00,2026-08-15T23:30:00+00:00,0.6775,0.6757062216475175,0.6801906675287237,0.0017937783524825113,1.5,2026-08-16T01:15:00+00:00,0.6757062216475175,SL,-1.0,0.5280721298940402,-1.5280721298940403,7,
BNB,RANGE_MEAN_REVERSION,LONG,56848,56849,2026-08-16T04:00:00+00:00,2026-08-16T04:15:00+00:00,606.46,605.7411274161166,607.5383088758252,0.7188725838834671,1.5,2026-08-16T06:00:00+00:00,605.7411274161166,SL,-1.0,1.180377174223735,-2.180377174223735,7,
AVAX,RANGE_MEAN_REVERSION,SHORT,56890,56891,2026-08-16T14:30:00+00:00,2026-08-16T14:45:00+00:00,6.407,6.431291127588572,6.370563308617143,0.02429112758857155,1.5,2026-08-16T15:00:00+00:00,6.431291127588572,SL,-1.0,0.3699623970333966,-1.3699623970333965,1,
ETH,RANGE_MEAN_REVERSION,SHORT,56897,56898,2026-08-16T16:15:00+00:00,2026-08-16T16:30:00+00:00,1887.27,1889.7623527279998,1883.5314709080003,2.492352727999787,1.5,2026-08-16T16:30:00+00:00,1889.7623527279998,SL,-1.0,1.0608139920192812,-2.0608139920192814,0,True
AVAX,RANGE_MEAN_REVERSION,LONG,56918,56919,2026-08-16T21:30:00+00:00,2026-08-16T21:45:00+00:00,6.3,6.258654067049623,6.362018899425566,0.04134593295037714,1.5,2026-08-17T01:00:00+00:00,6.362018899425566,TP,1.5000000000000107,0.21437206992609528,1.2856279300739153,13,
BNB,RANGE_MEAN_REVERSION,LONG,57034,57035,2026-08-18T02:30:00+00:00,2026-08-18T02:45:00+00:00,603.01,602.4498464578486,603.850230313227,0.5601535421513972,1.5,2026-08-18T02:45:00+00:00,602.4498464578486,SL,-1.0,1.5064117764561549,-2.506411776456155,0,True
ETH,RANGE_MEAN_REVERSION,LONG,57035,57036,2026-08-18T02:45:00+00:00,2026-08-18T03:00:00+00:00,1892.13,1885.6934939786686,1901.7847590319975,6.436506021331525,1.5,2026-08-18T03:30:00+00:00,1885.6934939786686,SL,-1.0,0.41085589557764496,-1.410855895577645,2,
CRV,RANGE_MEAN_REVERSION,LONG,57072,57073,2026-08-18T12:00:00+00:00,2026-08-18T12:15:00+00:00,0.2403,0.2382788701829786,0.24333169472553212,0.0020211298170214054,1.5,2026-08-18T13:45:00+00:00,0.2382788701829786,SL,-1.0,0.16575145560011154,-1.1657514556001116,6,
BTC,RANGE_MEAN_REVERSION,SHORT,57171,57172,2026-08-19T12:45:00+00:00,2026-08-19T13:00:00+00:00,64857.3,65027.69949881052,64601.70075178423,170.3994988105187,1.5,2026-08-19T13:30:00+00:00,65027.69949881052,SL,-1.0,0.5335667081407809,-1.5335667081407809,2,
CRV,RANGE_MEAN_REVERSION,SHORT,57170,57171,2026-08-19T12:30:00+00:00,2026-08-19T12:45:00+00:00,0.2416,0.2437054309457534,0.23844185358136993,0.0021054309457533837,1.5,2026-08-19T14:30:00+00:00,0.2437054309457534,SL,-1.0,0.16135119622290345,-1.1613511962229035,7,
DOGE,RANGE_MEAN_REVERSION,SHORT,57249,57250,2026-08-20T08:15:00+00:00,2026-08-20T08:30:00+00:00,0.07657,0.07702430996769564,0.07588853504845652,0.0004543099676956458,1.5,2026-08-20T08:30:00+00:00,0.07702430996769564,SL,-1.0,0.2366578429320634,-1.2366578429320634,0,True
AVAX,RANGE_MEAN_REVERSION,SHORT,57249,57250,2026-08-20T08:15:00+00:00,2026-08-20T08:30:00+00:00,6.883,6.93377164956982,6.806842525645269,0.050771649569820276,1.5,2026-08-20T08:45:00+00:00,6.93377164956982,SL,-1.0,0.19049489698770702,-1.190494896987707,1,
ADA,RANGE_MEAN_REVERSION,SHORT,57251,57252,2026-08-20T08:45:00+00:00,2026-08-20T09:00:00+00:00,0.1897,0.19076123637625145,0.18810814543562285,0.0010612363762514399,1.5,2026-08-20T09:15:00+00:00,0.19076123637625145,SL,-1.0,0.250955273889213,-1.250955273889213,1,
SUI,RANGE_MEAN_REVERSION,SHORT,57332,57333,2026-08-21T05:00:00+00:00,2026-08-21T05:15:00+00:00,0.7576,0.7635522820900248,0.748671576864963,0.005952282090024741,1.5,2026-08-21T05:30:00+00:00,0.7635522820900248,SL,-1.0,0.17889047954355125,-1.1788904795435513,1,
UNI,RANGE_MEAN_REVERSION,SHORT,57398,57399,2026-08-21T21:30:00+00:00,2026-08-21T21:45:00+00:00,4.118,4.169122043479864,4.041316934780205,0.0511220434798636,1.5,2026-08-21T22:00:00+00:00,4.169122043479864,SL,-1.0,0.11347326975927417,-1.1134732697592742,1,
FET,RANGE_MEAN_REVERSION,LONG,57518,57519,2026-08-23T03:30:00+00:00,2026-08-23T03:45:00+00:00,0.1557,0.15427685860634335,0.157834712090485,0.0014231413936566517,1.5,2026-08-23T04:45:00+00:00,0.15427685860634335,SL,-1.0,0.1524681960566949,-1.152468196056695,4,
CRV,RANGE_MEAN_REVERSION,SHORT,57694,57695,2026-08-24T23:30:00+00:00,2026-08-24T23:45:00+00:00,0.339,0.3431031498006275,0.33284527529905883,0.004103149800627481,1.5,2026-08-25T00:45:00+00:00,0.3431031498006275,SL,-1.0,0.11636723689381778,-1.1163672368938178,4,
LINK,RANGE_MEAN_REVERSION,LONG,57779,57780,2026-08-25T20:45:00+00:00,2026-08-25T21:00:00+00:00,11.275,11.18883588500643,11.404246172490357,0.08616411499357035,1.5,2026-08-25T21:00:00+00:00,11.18883588500643,SL,-1.0,0.18249691441359195,-1.182496914413592,0,True
FET,RANGE_MEAN_REVERSION,SHORT,57877,57878,2026-08-26T21:15:00+00:00,2026-08-26T21:30:00+00:00,0.1655,0.16745491819368347,0.16256762270947483,0.001954918193683458,1.5,2026-08-26T23:30:00+00:00,0.16745491819368347,SL,-1.0,0.11922158353666489,-1.1192215835366648,8,
LINK,RANGE_MEAN_REVERSION,SHORT,57881,57882,2026-08-26T22:15:00+00:00,2026-08-26T22:30:00+00:00,11.552,11.621428682079145,11.447856976881281,0.06942868207914543,1.5,2026-08-26T23:45:00+00:00,11.621428682079145,SL,-1.0,0.2336411925400481,-1.2336411925400481,5,
LINK,RANGE_MEAN_REVERSION,SHORT,57920,57921,2026-08-27T08:00:00+00:00,2026-08-27T08:15:00+00:00,11.726,11.803091774855922,11.610362337716118,0.077091774855921,1.5,2026-08-27T08:15:00+00:00,11.803091774855922,SL,-1.0,0.21364619342570687,-1.2136461934257068,0,True
ADA,RANGE_MEAN_REVERSION,SHORT,57920,57921,2026-08-27T08:00:00+00:00,2026-08-27T08:15:00+00:00,0.2135,0.21524485407979427,0.21088271888030857,0.0017448540797942724,1.5,2026-08-27T08:30:00+00:00,0.21524485407979427,SL,-1.0,0.17200372302263914,-1.1720037230226392,1,
FET,RANGE_MEAN_REVERSION,SHORT,57922,57923,2026-08-27T08:30:00+00:00,2026-08-27T08:45:00+00:00,0.1698,0.17158965479672889,0.1671155178049067,0.001789654796728879,1.5,2026-08-27T09:45:00+00:00,0.1671155178049067,TP,1.5,0.13178008568719693,1.368219914312803,4,
ADA,RANGE_MEAN_REVERSION,LONG,58024,58025,2026-08-28T10:00:00+00:00,2026-08-28T10:15:00+00:00,0.2067,0.2051086055173398,0.20908709172399026,0.0015913944826601856,1.5,2026-08-28T10:45:00+00:00,0.20908709172399026,TP,1.4999999999999913,0.18289051984161114,1.3171094801583803,2,
DOGE,RANGE_MEAN_REVERSION,LONG,58024,58025,2026-08-28T10:00:00+00:00,2026-08-28T10:15:00+00:00,0.08606,0.08527974557729934,0.08723038163405099,0.0007802544227006603,1.5,2026-08-28T11:00:00+00:00,0.08723038163405099,TP,1.5,0.1554662987028949,1.344533701297105,3,
CRV,RANGE_MEAN_REVERSION,LONG,58071,58072,2026-08-28T21:45:00+00:00,2026-08-28T22:00:00+00:00,0.3009,0.2982551204738337,0.3048673192892495,0.0026448795261663216,1.5,2026-08-28T23:15:00+00:00,0.3048673192892495,TP,1.5,0.16032379520783108,1.3396762047921689,5,
DOGE,RANGE_MEAN_REVERSION,SHORT,58138,58139,2026-08-29T14:30:00+00:00,2026-08-29T14:45:00+00:00,0.08531,0.08557128335321319,0.0849180749701802,0.00026128335321319585,1.5,2026-08-29T14:45:00+00:00,0.08557128335321319,SL,-1.0,0.4578052787375514,-1.4578052787375513,0,True
SUI,RANGE_MEAN_REVERSION,SHORT,58138,58139,2026-08-29T14:30:00+00:00,2026-08-29T14:45:00+00:00,0.7429,0.7462296451578412,0.7379055322632382,0.0033296451578411768,1.5,2026-08-29T14:45:00+00:00,0.7462296451578412,SL,-1.0,0.3130636155494532,-1.3130636155494533,0,True
XRP,RANGE_MEAN_REVERSION,SHORT,58138,58139,2026-08-29T14:30:00+00:00,2026-08-29T14:45:00+00:00,1.3921,1.3977079822542973,1.3836880266185538,0.005607982254297372,1.5,2026-08-29T14:45:00+00:00,1.3977079822542973,SL,-1.0,0.34822963037758115,-1.3482296303775811,0,True
ADA,RANGE_MEAN_REVERSION,SHORT,58139,58140,2026-08-29T14:45:00+00:00,2026-08-29T15:00:00+00:00,0.2025,0.20316278482790998,0.20150582275813506,0.0006627848279099624,1.5,2026-08-29T15:15:00+00:00,0.20150582275813506,TP,1.5000000000000209,0.42669063023439147,1.0733093697656293,1,
LINK,RANGE_MEAN_REVERSION,SHORT,58139,58140,2026-08-29T14:45:00+00:00,2026-08-29T15:00:00+00:00,11.458,11.508422578336164,11.382366132495754,0.05042257833616404,1.5,2026-08-29T15:15:00+00:00,11.382366132495754,TP,1.5,0.31708525863462134,1.1829147413653787,1,
AVAX,RANGE_MEAN_REVERSION,SHORT,58138,58139,2026-08-29T14:30:00+00:00,2026-08-29T14:45:00+00:00,7.343,7.367090734197848,7.306863898703227,0.024090734197848462,1.5,2026-08-29T16:15:00+00:00,7.306863898703227,TP,1.5,0.42567838094399474,1.0743216190560052,6,
CRV,RANGE_MEAN_REVERSION,SHORT,58225,58226,2026-08-30T12:15:00+00:00,2026-08-30T12:30:00+00:00,0.3047,0.30667973265601844,0.30173040101597237,0.001979732656018418,1.5,2026-08-30T13:15:00+00:00,0.30667973265601844,SL,-1.0,0.21617353815839233,-1.2161735381583922,3,
LINK,RANGE_MEAN_REVERSION,SHORT,58224,58225,2026-08-30T12:00:00+00:00,2026-08-30T12:15:00+00:00,11.468,11.525762968066934,11.381355547899599,0.057762968066933595,1.5,2026-08-30T13:30:00+00:00,11.525762968066934,SL,-1.0,0.278649706140374,-1.2786497061403739,5,
BTC,RANGE_MEAN_REVERSION,SHORT,58226,58227,2026-08-30T12:30:00+00:00,2026-08-30T12:45:00+00:00,78614.7,78909.48573957688,78172.52139063468,294.7857395768806,1.5,2026-08-30T13:45:00+00:00,78909.48573957688,SL,-1.0,0.3740578841295884,-1.3740578841295883,4,
XRP,RANGE_MEAN_REVERSION,SHORT,58231,58232,2026-08-30T13:45:00+00:00,2026-08-30T14:00:00+00:00,1.4081,1.4137564154050957,1.3996153768923563,0.0056564154050957605,1.5,2026-08-30T15:00:00+00:00,1.3996153768923563,TP,1.5,0.34746400733829697,1.152535992661703,4,
ADA,RANGE_MEAN_REVERSION,SHORT,58232,58233,2026-08-30T14:00:00+00:00,2026-08-30T14:15:00+00:00,0.2051,0.20629092241240043,0.20331361638139936,0.0011909224124004303,1.5,2026-08-30T15:00:00+00:00,0.20331361638139936,TP,1.5,0.24005722664227883,1.259942773357721,3,
FET,RANGE_MEAN_REVERSION,SHORT,58369,58370,2026-09-01T00:15:00+00:00,2026-09-01T00:30:00+00:00,0.1554,0.15663364782080352,0.15354952826879475,0.0012336478208035129,1.5,2026-09-01T00:30:00+00:00,0.15663364782080352,SL,-1.0,0.1770550312586752,-1.1770550312586752,0,True
BTC,RANGE_MEAN_REVERSION,LONG,58403,58404,2026-09-01T08:45:00+00:00,2026-09-01T09:00:00+00:00,77850.1,77639.48803695712,78166.01794456434,210.6119630428875,1.5,2026-09-01T11:30:00+00:00,78166.01794456434,TP,1.5000000000000346,0.5185426363409187,0.981457363659116,10,
SOL,RANGE_MEAN_REVERSION,LONG,58402,58403,2026-09-01T08:30:00+00:00,2026-09-01T08:45:00+00:00,102.11,101.34580569660615,103.25629145509077,0.7641943033938503,1.5,2026-09-01T13:00:00+00:00,101.34580569660615,SL,-1.0,0.18636499036322232,-1.1863649903632223,17,
SOL,RANGE_MEAN_REVERSION,LONG,58440,58441,2026-09-01T18:00:00+00:00,2026-09-01T18:15:00+00:00,100.0,99.3392539789204,100.9911190316194,0.6607460210796035,1.5,2026-09-01T18:15:00+00:00,99.3392539789204,SL,-1.0,0.21118171480965073,-1.2111817148096506,0,True
BNB,RANGE_MEAN_REVERSION,LONG,58441,58442,2026-09-01T18:15:00+00:00,2026-09-01T18:30:00+00:00,680.0,677.657165238881,683.5142521416785,2.3428347611189793,1.5,2026-09-01T18:30:00+00:00,677.657165238881,SL,-1.0,0.4056453453052353,-1.4056453453052353,0,True
BTC,RANGE_MEAN_REVERSION,LONG,58499,58500,2026-09-02T08:45:00+00:00,2026-09-02T09:00:00+00:00,76819.6,76581.41627486235,77176.87558770648,238.18372513765644,1.5,2026-09-02T09:15:00+00:00,76581.41627486235,SL,-1.0,0.4508314383375429,-1.450831438337543,1,
ETH,RANGE_MEAN_REVERSION,LONG,58501,58502,2026-09-02T09:15:00+00:00,2026-09-02T09:30:00+00:00,2387.23,2368.0533866581777,2415.9949200127335,19.176613341822303,1.5,2026-09-02T09:30:00+00:00,2368.0533866581777,SL,-1.0,0.17358113819822196,-1.173581138198222,0,True
ADA,RANGE_MEAN_REVERSION,SHORT,58560,58561,2026-09-03T00:00:00+00:00,2026-09-03T00:15:00+00:00,0.202,0.20351390959049087,0.19972913561426373,0.0015139095904908584,1.5,2026-09-03T01:00:00+00:00,0.20351390959049087,SL,-1.0,0.18750111532175914,-1.1875011153217592,3,
DOGE,RANGE_MEAN_REVERSION,SHORT,58571,58572,2026-09-03T02:45:00+00:00,2026-09-03T03:00:00+00:00,0.08317,0.0835129219227616,0.08265561711585759,0.0003429219227615993,1.5,2026-09-03T03:30:00+00:00,0.08265561711585759,TP,1.5000000000000202,0.3384966789125295,1.1615033210874908,2,
BNB,RANGE_MEAN_REVERSION,SHORT,58571,58572,2026-09-03T02:45:00+00:00,2026-09-03T03:00:00+00:00,694.62,696.3896018798375,691.9655971802438,1.7696018798375235,1.5,2026-09-03T05:15:00+00:00,691.9655971802438,TP,1.4999999999999678,0.5484905554662314,0.9515094445337364,9,
XRP,RANGE_MEAN_REVERSION,SHORT,58611,58612,2026-09-03T12:45:00+00:00,2026-09-03T13:00:00+00:00,1.3858,1.3964865364712815,1.3697701952930776,0.010686536471281594,1.5,2026-09-03T13:30:00+00:00,1.3964865364712815,SL,-1.0,0.18224806332376922,-1.1822480633237693,2,
FET,RANGE_MEAN_REVERSION,SHORT,58756,58757,2026-09-05T01:00:00+00:00,2026-09-05T01:15:00+00:00,0.1571,0.15855750063280746,0.15491374905078878,0.0014575006328074736,1.5,2026-09-05T02:15:00+00:00,0.15855750063280746,SL,-1.0,0.1516021643279469,-1.1516021643279468,4,
ADA,RANGE_MEAN_REVERSION,SHORT,58782,58783,2026-09-05T07:30:00+00:00,2026-09-05T07:45:00+00:00,0.2138,0.21452019524207117,0.21271970713689323,0.0007201952420711755,1.5,2026-09-05T08:00:00+00:00,0.21271970713689323,TP,1.5,0.4145595215780651,1.085440478421935,1,
DOGE,RANGE_MEAN_REVERSION,SHORT,58778,58779,2026-09-05T06:30:00+00:00,2026-09-05T06:45:00+00:00,0.0854,0.08595174645078214,0.0845723803238268,0.0005517464507821396,1.5,2026-09-05T09:00:00+00:00,0.08595174645078214,SL,-1.0,0.2173937364626728,-1.2173937364626728,9,
SOL,RANGE_MEAN_REVERSION,SHORT,58788,58789,2026-09-05T09:00:00+00:00,2026-09-05T09:15:00+00:00,102.71,102.94030476836346,102.3645428474548,0.23030476836346736,1.5,2026-09-05T10:00:00+00:00,102.3645428474548,TP,1.4999999999999691,0.6233139722346698,0.8766860277652994,3,
DOGE,RANGE_MEAN_REVERSION,SHORT,58803,58804,2026-09-05T12:45:00+00:00,2026-09-05T13:00:00+00:00,0.08727,0.08779887583191588,0.08647668625212618,0.0005288758319158815,1.5,2026-09-05T13:15:00+00:00,0.08779887583191588,SL,-1.0,0.23171452671301607,-1.231714526713016,1,
SOL,RANGE_MEAN_REVERSION,SHORT,58804,58805,2026-09-05T13:00:00+00:00,2026-09-05T13:15:00+00:00,103.23,103.50699573332824,102.81450640000764,0.2769957333282349,1.5,2026-09-05T13:30:00+00:00,102.81450640000764,TP,1.5000000000000258,0.5206981087650692,0.9793018912349566,1,
ADA,RANGE_MEAN_REVERSION,SHORT,58803,58804,2026-09-05T12:45:00+00:00,2026-09-05T13:00:00+00:00,0.2163,0.21759052372601836,0.21436421441097242,0.0012905237260183722,1.5,2026-09-05T14:30:00+00:00,0.21759052372601836,SL,-1.0,0.23534892112776928,-1.2353489211277693,6,
XRP,RANGE_MEAN_REVERSION,SHORT,58803,58804,2026-09-05T12:45:00+00:00,2026-09-05T13:00:00+00:00,1.414,1.4191821317138138,1.4062268024292792,0.005182131713813876,1.5,2026-09-05T14:30:00+00:00,1.4191821317138138,SL,-1.0,0.3827049565168387,-1.3827049565168388,6,
BTC,RANGE_MEAN_REVERSION,SHORT,58818,58819,2026-09-05T16:30:00+00:00,2026-09-05T16:45:00+00:00,79894.5,80020.99436247569,79704.75845628648,126.4943624756852,1.5,2026-09-05T16:45:00+00:00,80020.99436247569,SL,-1.0,0.884947311981989,-1.884947311981989,0,True
ETH,RANGE_MEAN_REVERSION,SHORT,58818,58819,2026-09-05T16:30:00+00:00,2026-09-05T16:45:00+00:00,2465.23,2471.4622891279223,2455.881566308117,6.232289127922286,1.5,2026-09-05T16:45:00+00:00,2471.4622891279223,SL,-1.0,0.5544807905183947,-1.5544807905183946,0,True
SOL,RANGE_MEAN_REVERSION,SHORT,58821,58822,2026-09-05T17:15:00+00:00,2026-09-05T17:30:00+00:00,103.86,104.25378481025861,103.26932278461209,0.3937848102586088,1.5,2026-09-05T17:30:00+00:00,104.25378481025861,SL,-1.0,0.36994735594679085,-1.369947355946791,0,True
ETH,RANGE_MEAN_REVERSION,SHORT,58854,58855,2026-09-06T01:30:00+00:00,2026-09-06T01:45:00+00:00,2500.66,2511.3203425880697,2484.669486117895,10.660342588069852,1.5,2026-09-06T03:30:00+00:00,2511.3203425880697,SL,-1.0,0.32910633132352946,-1.3291063313235294,7,
XRP,RANGE_MEAN_REVERSION,SHORT,58862,58863,2026-09-06T03:30:00+00:00,2026-09-06T03:45:00+00:00,1.4278,1.4356975846909426,1.415953622963586,0.007897584690942594,1.5,2026-09-06T04:30:00+00:00,1.415953622963586,TP,1.5,0.25205523131109653,1.2479447686889036,3,
BTC,RANGE_MEAN_REVERSION,SHORT,59156,59157,2026-09-09T05:00:00+00:00,2026-09-09T05:15:00+00:00,79245.8,79432.05764014441,78966.41353978339,186.25764014440938,1.5,2026-09-09T05:30:00+00:00,78966.41353978339,TP,1.5,0.594598693465582,0.905401306534418,1,
BNB,RANGE_MEAN_REVERSION,LONG,59192,59193,2026-09-09T14:00:00+00:00,2026-09-09T14:15:00+00:00,744.37,740.2244045950612,750.5883931074083,4.145595404938831,1.5,2026-09-09T15:00:00+00:00,740.2244045950612,SL,-1.0,0.25067957234284816,-1.250679572342848,3,
XRP,RANGE_MEAN_REVERSION,LONG,59215,59216,2026-09-09T19:45:00+00:00,2026-09-09T20:00:00+00:00,1.4009,1.3940779942579542,1.411133008613069,0.0068220057420458335,1.5,2026-09-09T20:15:00+00:00,1.3940779942579542,SL,-1.0,0.286790230023149,-1.286790230023149,1,
ETH,RANGE_MEAN_REVERSION,LONG,59216,59217,2026-09-09T20:00:00+00:00,2026-09-09T20:15:00+00:00,2465.13,2454.940774111015,2480.4138388334777,10.18922588898522,1.5,2026-09-09T20:15:00+00:00,2454.940774111015,SL,-1.0,0.33800894978693174,-1.3380089497869316,0,True
BNB,RANGE_MEAN_REVERSION,LONG,59217,59218,2026-09-09T20:15:00+00:00,2026-09-09T20:30:00+00:00,734.17,729.0213127925094,741.8930308112358,5.148687207490525,1.5,2026-09-09T21:15:00+00:00,729.0213127925094,SL,-1.0,0.19893108236691062,-1.1989310823669106,3,
UNI,RANGE_MEAN_REVERSION,LONG,59219,59220,2026-09-09T20:45:00+00:00,2026-09-09T21:00:00+00:00,6.388,6.323204663589583,6.485193004615626,0.06479533641041701,1.5,2026-09-09T21:30:00+00:00,6.323204663589583,SL,-1.0,0.13732227900096558,-1.1373222790009656,2,
ADA,RANGE_MEAN_REVERSION,LONG,59217,59218,2026-09-09T20:15:00+00:00,2026-09-09T20:30:00+00:00,0.2128,0.2108265822799055,0.2157601265801417,0.001973417720094489,1.5,2026-09-09T22:00:00+00:00,0.2108265822799055,SL,-1.0,0.15026651710704983,-1.1502665171070499,6,
UNI,RANGE_MEAN_REVERSION,LONG,59283,59284,2026-09-10T12:45:00+00:00,2026-09-10T13:00:00+00:00,5.881,5.762711608468405,6.058432587297393,0.11828839153159532,1.5,2026-09-10T17:30:00+00:00,6.058432587297393,TP,1.4999999999999962,0.07065446323932663,1.4293455367606696,18,
CRV,RANGE_MEAN_REVERSION,LONG,59324,59325,2026-09-10T23:00:00+00:00,2026-09-10T23:15:00+00:00,0.3345,0.3319922559518397,0.33826161607224053,0.002507744048160343,1.5,2026-09-11T00:00:00+00:00,0.33826161607224053,TP,1.5,0.18779154579034507,1.3122084542096548,3,
UNI,RANGE_MEAN_REVERSION,SHORT,59348,59349,2026-09-11T05:00:00+00:00,2026-09-11T05:15:00+00:00,6.173,6.229898980535632,6.0876515291965525,0.056898980535631694,1.5,2026-09-11T07:45:00+00:00,6.0876515291965525,TP,1.5,0.15083672834986944,1.3491632716501305,10,
ADA,RANGE_MEAN_REVERSION,LONG,59366,59367,2026-09-11T09:30:00+00:00,2026-09-11T09:45:00+00:00,0.2043,0.20253372994121116,0.20694940508818327,0.0017662700587888491,1.5,2026-09-11T10:45:00+00:00,0.20253372994121116,SL,-1.0,0.16123446668972413,-1.161234466689724,4,
CRV,RANGE_MEAN_REVERSION,LONG,59369,59370,2026-09-11T10:15:00+00:00,2026-09-11T10:30:00+00:00,0.3372,0.3349060956395423,0.34064085654068654,0.002293904360457677,1.5,2026-09-11T11:00:00+00:00,0.3349060956395423,SL,-1.0,0.20509759476363315,-1.205097594763633,2,
XRP,RANGE_MEAN_REVERSION,LONG,59373,59374,2026-09-11T11:15:00+00:00,2026-09-11T11:30:00+00:00,1.3235,1.3168084239136373,1.3335373641295438,0.006691576086362616,1.5,2026-09-11T12:15:00+00:00,1.3335373641295438,TP,1.5,0.2779503858113781,1.222049614188622,3,
SUI,RANGE_MEAN_REVERSION,LONG,59372,59373,2026-09-11T11:00:00+00:00,2026-09-11T11:15:00+00:00,0.7133,0.7050402973951723,0.7256895539072417,0.008259702604827779,1.5,2026-09-11T12:30:00+00:00,0.7050402973951723,SL,-1.0,0.1202026580952574,-1.1202026580952573,5,
UNI,RANGE_MEAN_REVERSION,SHORT,59454,59455,2026-09-12T07:30:00+00:00,2026-09-12T07:45:00+00:00,6.335,6.378433411800178,6.269849882299733,0.043433411800178234,1.5,2026-09-12T07:45:00+00:00,6.378433411800178,SL,-1.0,0.20489763570044028,-1.2048976357004402,0,True
BNB,RANGE_MEAN_REVERSION,SHORT,59437,59438,2026-09-12T03:15:00+00:00,2026-09-12T03:30:00+00:00,734.7,737.3902939860392,730.6645590209414,2.690293986039137,1.5,2026-09-12T10:15:00+00:00,737.3902939860392,SL,-1.0,0.3830299629474163,-1.3830299629474163,27,
UNI,RANGE_MEAN_REVERSION,SHORT,59473,59474,2026-09-12T12:15:00+00:00,2026-09-12T12:30:00+00:00,6.463,6.5115769147771685,6.3901346278342475,0.04857691477716841,1.5,2026-09-12T12:45:00+00:00,6.3901346278342475,TP,1.5,0.18521543166658117,1.314784568333419,1,
SOL,RANGE_MEAN_REVERSION,LONG,59503,59504,2026-09-12T19:45:00+00:00,2026-09-12T20:00:00+00:00,101.24,101.05729616255658,101.5140557561651,0.18270383744341245,1.5,2026-09-12T20:45:00+00:00,101.5140557561651,TP,1.4999999999999611,0.7768191463043235,0.7231808536956377,3,
AVAX,RANGE_MEAN_REVERSION,SHORT,59545,59546,2026-09-13T06:15:00+00:00,2026-09-13T06:30:00+00:00,7.449,7.470706790024671,7.416439814962993,0.021706790024671463,1.5,2026-09-13T06:45:00+00:00,7.416439814962993,TP,1.5,0.4793803164192901,1.02061968358071,1,
BNB,RANGE_MEAN_REVERSION,LONG,59546,59547,2026-09-13T06:30:00+00:00,2026-09-13T06:45:00+00:00,724.26,723.0307300108922,726.1039049836618,1.22926998910782,1.5,2026-09-13T06:45:00+00:00,723.0307300108922,SL,-1.0,0.8241505283496875,-1.8241505283496875,0,True
SOL,RANGE_MEAN_REVERSION,LONG,59550,59551,2026-09-13T07:30:00+00:00,2026-09-13T07:45:00+00:00,100.85,100.42773994439884,101.48339008340173,0.4222600556011571,1.5,2026-09-13T08:00:00+00:00,100.42773994439884,SL,-1.0,0.3336674073054167,-1.3336674073054167,1,
SUI,RANGE_MEAN_REVERSION,LONG,59551,59552,2026-09-13T07:45:00+00:00,2026-09-13T08:00:00+00:00,0.7164,0.7133596692076273,0.7209604961885592,0.0030403307923727585,1.5,2026-09-13T08:15:00+00:00,0.7133596692076273,SL,-1.0,0.3291851567454811,-1.329185156745481,1,
DOGE,RANGE_MEAN_REVERSION,LONG,59552,59553,2026-09-13T08:00:00+00:00,2026-09-13T08:15:00+00:00,0.08403,0.08381717186644648,0.08434924220033027,0.0002128281335535137,1.5,2026-09-13T08:15:00+00:00,0.08381717186644648,SL,-1.0,0.55205586942278,-1.55205586942278,0,True
XRP,RANGE_MEAN_REVERSION,LONG,59552,59553,2026-09-13T08:00:00+00:00,2026-09-13T08:15:00+00:00,1.3556,1.3526293738487802,1.3600559392268294,0.0029706261512196797,1.5,2026-09-13T08:15:00+00:00,1.3526293738487802,SL,-1.0,0.6381686773058888,-1.6381686773058888,0,True
BTC,RANGE_MEAN_REVERSION,LONG,59553,59554,2026-09-13T08:15:00+00:00,2026-09-13T08:30:00+00:00,76988.3,76921.81143969079,77088.03284046383,66.4885603092116,1.5,2026-09-13T08:30:00+00:00,76921.81143969079,SL,-1.0,1.6203851836577847,-2.6203851836577847,0,True
LINK,RANGE_MEAN_REVERSION,LONG,59553,59554,2026-09-13T08:15:00+00:00,2026-09-13T08:30:00+00:00,11.386,11.346867311919706,11.44469903212044,0.039132688080293576,1.5,2026-09-13T08:30:00+00:00,11.346867311919706,SL,-1.0,0.40664232126586924,-1.4066423212658692,0,True
UNI,RANGE_MEAN_REVERSION,LONG,59553,59554,2026-09-13T08:15:00+00:00,2026-09-13T08:30:00+00:00,6.249,6.208151145574877,6.310273281637684,0.04084885442512309,1.5,2026-09-13T08:30:00+00:00,6.208151145574877,SL,-1.0,0.21347002075385954,-1.2134700207538596,0,True
BNB,RANGE_MEAN_REVERSION,LONG,59555,59556,2026-09-13T08:45:00+00:00,2026-09-13T09:00:00+00:00,718.48,716.9160217368494,720.8259673947259,1.5639782631506023,1.5,2026-09-13T09:15:00+00:00,716.9160217368494,SL,-1.0,0.6424496036100217,-1.6424496036100216,1,
SOL,RANGE_MEAN_REVERSION,LONG,59555,59556,2026-09-13T08:45:00+00:00,2026-09-13T09:00:00+00:00,99.95,99.4387418601172,100.7168872098242,0.5112581398827984,1.5,2026-09-13T09:15:00+00:00,99.4387418601172,SL,-1.0,0.2729973538104993,-1.2729973538104993,1,
FET,RANGE_MEAN_REVERSION,LONG,59555,59556,2026-09-13T08:45:00+00:00,2026-09-13T09:00:00+00:00,0.1646,0.16350622151796612,0.1662406677230508,0.0010937784820338747,1.5,2026-09-13T09:30:00+00:00,0.1662406677230508,TP,1.4999999999999873,0.21173251367635074,1.2882674863236365,2,
XRP,RANGE_MEAN_REVERSION,LONG,59557,59558,2026-09-13T09:15:00+00:00,2026-09-13T09:30:00+00:00,1.3433,1.3386055627202118,1.3503416559196821,0.004694437279788133,1.5,2026-09-13T09:30:00+00:00,1.3386055627202118,SL,-1.0,0.3999060551915341,-1.399906055191534,0,True
AVAX,RANGE_MEAN_REVERSION,LONG,59555,59556,2026-09-13T08:45:00+00:00,2026-09-13T09:00:00+00:00,7.296,7.271291928064729,7.333062107902908,0.02470807193527147,1.5,2026-09-13T09:45:00+00:00,7.333062107902908,TP,1.500000000000018,0.4144533617337278,1.0855466382662902,3,
BNB,RANGE_MEAN_REVERSION,LONG,59573,59574,2026-09-13T13:15:00+00:00,2026-09-13T13:30:00+00:00,714.02,712.1651018309834,716.8023472535249,1.8548981690165647,1.5,2026-09-13T13:30:00+00:00,716.8023472535249,TP,1.5000000000000306,0.5399626026955893,0.9600373973044414,0,True
ADA,RANGE_MEAN_REVERSION,LONG,59554,59555,2026-09-13T08:30:00+00:00,2026-09-13T08:45:00+00:00,0.2035,0.2021535798418882,0.20551963023716768,0.0013464201581117885,1.5,2026-09-13T13:45:00+00:00,0.20551963023716768,TP,1.5000000000000102,0.21264813917190759,1.2873518608281027,20,
BNB,RANGE_MEAN_REVERSION,LONG,59609,59610,2026-09-13T22:15:00+00:00,2026-09-13T22:30:00+00:00,717.06,714.8953947854687,720.3069078217968,2.164605214531207,1.5,2026-09-14T00:15:00+00:00,714.8953947854687,SL,-1.0,0.46307232821062627,-1.4630723282106262,7,
UNI,RANGE_MEAN_REVERSION,LONG,59609,59610,2026-09-13T22:15:00+00:00,2026-09-13T22:30:00+00:00,6.113,6.060733071062009,6.191400393406989,0.052266928937991786,1.5,2026-09-14T00:45:00+00:00,6.191400393406989,TP,1.5000000000000084,0.16479024978879553,1.335209750211213,9,
CRV,RANGE_MEAN_REVERSION,SHORT,59641,59642,2026-09-14T06:15:00+00:00,2026-09-14T06:30:00+00:00,0.3619,0.3648183764092007,0.357522435386199,0.0029183764092006736,1.5,2026-09-14T07:15:00+00:00,0.357522435386199,TP,1.5,0.17256023012750135,1.3274397698724987,3,
ADA,RANGE_MEAN_REVERSION,LONG,59725,59726,2026-09-15T03:15:00+00:00,2026-09-15T03:30:00+00:00,0.2054,0.2044156761168347,0.20687648582474794,0.0009843238831653,1.5,2026-09-15T04:15:00+00:00,0.2044156761168347,SL,-1.0,0.29143961473259233,-1.2914396147325924,3,
SOL,RANGE_MEAN_REVERSION,LONG,59725,59726,2026-09-15T03:15:00+00:00,2026-09-15T03:30:00+00:00,101.47,100.9450746515641,102.25738802265386,0.5249253484359002,1.5,2026-09-15T05:00:00+00:00,100.9450746515641,SL,-1.0,0.26992514779155696,-1.269925147791557,6,
FET,RANGE_MEAN_REVERSION,LONG,59728,59729,2026-09-15T04:00:00+00:00,2026-09-15T04:15:00+00:00,0.1617,0.16084665018038466,0.16298002472942302,0.0008533498196153511,1.5,2026-09-15T05:00:00+00:00,0.16084665018038466,SL,-1.0,0.2645839372510106,-1.2645839372510106,3,
BTC,RANGE_MEAN_REVERSION,LONG,59732,59733,2026-09-15T05:00:00+00:00,2026-09-15T05:15:00+00:00,77380.0,77155.87285395717,77716.19071906424,224.1271460428252,1.5,2026-09-15T06:45:00+00:00,77155.87285395717,SL,-1.0,0.482650642314878,-1.482650642314878,6,
DOGE,RANGE_MEAN_REVERSION,LONG,59732,59733,2026-09-15T05:00:00+00:00,2026-09-15T05:15:00+00:00,0.08282,0.08245150518934431,0.08337274221598354,0.00036849481065569234,1.5,2026-09-15T06:45:00+00:00,0.08245150518934431,SL,-1.0,0.31395300635763207,-1.3139530063576321,6,
ETH,RANGE_MEAN_REVERSION,LONG,59732,59733,2026-09-15T05:00:00+00:00,2026-09-15T05:15:00+00:00,2482.51,2471.0174298885167,2499.7488551672254,11.492570111483474,1.5,2026-09-15T07:45:00+00:00,2471.0174298885167,SL,-1.0,0.3017139914993633,-1.3017139914993634,10,
SOL,RANGE_MEAN_REVERSION,LONG,59743,59744,2026-09-15T07:45:00+00:00,2026-09-15T08:00:00+00:00,100.39,100.05502567870602,100.89246148194098,0.3349743212939842,1.5,2026-09-15T08:00:00+00:00,100.05502567870602,SL,-1.0,0.41887245993388356,-1.4188724599338836,0,True
LINK,RANGE_MEAN_REVERSION,LONG,59743,59744,2026-09-15T07:45:00+00:00,2026-09-15T08:00:00+00:00,11.335,11.287531642880142,11.406202535679789,0.047468357119859306,1.5,2026-09-15T09:30:00+00:00,11.406202535679789,TP,1.4999999999999813,0.3353569143920487,1.1646430856079326,6,
CRV,RANGE_MEAN_REVERSION,LONG,59749,59750,2026-09-15T09:15:00+00:00,2026-09-15T09:30:00+00:00,0.3424,0.3389911137599791,0.3475133293600313,0.003408886240020892,1.5,2026-09-15T10:15:00+00:00,0.3389911137599791,SL,-1.0,0.1399207090081898,-1.1399207090081898,3,
BTC,RANGE_MEAN_REVERSION,LONG,59744,59745,2026-09-15T08:00:00+00:00,2026-09-15T08:15:00+00:00,76778.5,76547.3065270473,77125.29020942905,231.19347295269836,1.5,2026-09-15T10:45:00+00:00,77125.29020942905,TP,1.5,0.46598483845883565,1.0340151615411644,10,
FET,RANGE_MEAN_REVERSION,LONG,59744,59745,2026-09-15T08:00:00+00:00,2026-09-15T08:15:00+00:00,0.1583,0.15694103244325844,0.16033845133511232,0.0013589675567415582,1.5,2026-09-15T11:30:00+00:00,0.15694103244325844,SL,-1.0,0.16237968420628499,-1.162379684206285,13,
BTC,RANGE_MEAN_REVERSION,LONG,59766,59767,2026-09-15T13:30:00+00:00,2026-09-15T13:45:00+00:00,76398.1,75930.99330564571,77098.76004153145,467.10669435429736,1.5,2026-09-15T14:30:00+00:00,75930.99330564571,SL,-1.0,0.22827839250163598,-1.228278392501636,3,
ETH,RANGE_MEAN_REVERSION,LONG,59766,59767,2026-09-15T13:30:00+00:00,2026-09-15T13:45:00+00:00,2449.09,2425.2913086801714,2484.788036979743,23.798691319828777,1.5,2026-09-15T14:30:00+00:00,2425.2913086801714,SL,-1.0,0.1433720396731743,-1.1433720396731744,3,
BNB,RANGE_MEAN_REVERSION,LONG,59841,59842,2026-09-16T08:15:00+00:00,2026-09-16T08:30:00+00:00,705.32,702.9239355339882,708.9140966990178,2.396064466011808,1.5,2026-09-16T09:00:00+00:00,708.9140966990178,TP,1.5000000000000238,0.4131624510658863,1.0868375489341375,2,
FET,RANGE_MEAN_REVERSION,SHORT,59855,59856,2026-09-16T11:45:00+00:00,2026-09-16T12:00:00+00:00,0.1527,0.15371740110756585,0.15117389833865125,0.0010174011075658462,1.5,2026-09-16T13:00:00+00:00,0.15117389833865125,TP,1.4999999999999865,0.209073616349773,1.2909263836502134,4,
BNB,RANGE_MEAN_REVERSION,SHORT,59903,59904,2026-09-16T23:45:00+00:00,2026-09-17T00:00:00+00:00,726.59,729.1873253292226,722.6940120061661,2.597325329222599,1.5,2026-09-17T00:15:00+00:00,729.1873253292226,SL,-1.0,0.39234366071325544,-1.3923436607132555,1,
UNI,RANGE_MEAN_REVERSION,SHORT,59939,59940,2026-09-17T08:45:00+00:00,2026-09-17T09:00:00+00:00,7.022,7.109836827433465,6.890244758849803,0.0878368274334651,1.5,2026-09-17T09:30:00+00:00,6.890244758849803,TP,1.5,0.11087116435952407,1.3891288356404758,2,
FET,RANGE_MEAN_REVERSION,SHORT,59954,59955,2026-09-17T12:30:00+00:00,2026-09-17T12:45:00+00:00,0.1613,0.16277261704095028,0.15909107443857456,0.0014726170409502803,1.5,2026-09-17T14:00:00+00:00,0.16277261704095028,SL,-1.0,0.15404604565914726,-1.1540460456591473,5,
BNB,RANGE_MEAN_REVERSION,SHORT,59985,59986,2026-09-17T20:15:00+00:00,2026-09-17T20:30:00+00:00,735.46,738.4019238636598,731.0471142045103,2.941923863659781,1.5,2026-09-17T23:45:00+00:00,738.4019238636598,SL,-1.0,0.3506900227598389,-1.3506900227598388,13,
ADA,RANGE_MEAN_REVERSION,SHORT,60005,60006,2026-09-18T01:15:00+00:00,2026-09-18T01:30:00+00:00,0.2058,0.20692659958533097,0.20411010062200358,0.0011265995853309563,1.5,2026-09-18T01:30:00+00:00,0.20692659958533097,SL,-1.0,0.25644303750108366,-1.2564430375010835,0,True
SUI,RANGE_MEAN_REVERSION,SHORT,60003,60004,2026-09-18T00:45:00+00:00,2026-09-18T01:00:00+00:00,0.7506,0.7597074936989574,0.736938759451564,0.009107493698957358,1.5,2026-09-18T01:45:00+00:00,0.7597074936989574,SL,-1.0,0.11608190799081224,-1.1160819079908122,3,
BNB,RANGE_MEAN_REVERSION,SHORT,60006,60007,2026-09-18T01:30:00+00:00,2026-09-18T01:45:00+00:00,743.93,746.2418014897556,740.4622977653664,2.3118014897556804,1.5,2026-09-18T02:00:00+00:00,746.2418014897556,SL,-1.0,0.4512153252194113,-1.4512153252194113,1,
LINK,RANGE_MEAN_REVERSION,SHORT,60007,60008,2026-09-18T01:45:00+00:00,2026-09-18T02:00:00+00:00,11.53,11.580739790376482,11.453890314435275,0.050739790376482574,1.5,2026-09-18T02:00:00+00:00,11.580739790376482,SL,-1.0,0.3188329658681773,-1.3188329658681772,0,True
DOGE,RANGE_MEAN_REVERSION,SHORT,60008,60009,2026-09-18T02:00:00+00:00,2026-09-18T02:15:00+00:00,0.08249,0.08282434059269854,0.08198848911095218,0.00033434059269854544,1.5,2026-09-18T02:30:00+00:00,0.08282434059269854,SL,-1.0,0.3461142348312659,-1.346114234831266,1,
AVAX,RANGE_MEAN_REVERSION,SHORT,60010,60011,2026-09-18T02:30:00+00:00,2026-09-18T02:45:00+00:00,7.723,7.764756199600367,7.660365700599449,0.041756199600366806,1.5,2026-09-18T03:00:00+00:00,7.764756199600367,SL,-1.0,0.25963639994730314,-1.2596363999473033,1,
BTC,RANGE_MEAN_REVERSION,SHORT,60011,60012,2026-09-18T02:45:00+00:00,2026-09-18T03:00:00+00:00,76947.8,77100.43474372465,76718.84788441303,152.63474372464407,1.5,2026-09-18T03:00:00+00:00,77100.43474372465,SL,-1.0,0.7064824278484155,-1.7064824278484156,0,True
DOGE,RANGE_MEAN_REVERSION,SHORT,60013,60014,2026-09-18T03:15:00+00:00,2026-09-18T03:30:00+00:00,0.08379,0.08418920182194327,0.0831911972670851,0.00039920182194326526,1.5,2026-09-18T03:45:00+00:00,0.08418920182194327,SL,-1.0,0.2945513642772692,-1.2945513642772692,1,
LINK,RANGE_MEAN_REVERSION,SHORT,60013,60014,2026-09-18T03:15:00+00:00,2026-09-18T03:30:00+00:00,11.711,11.771735917026934,11.6198961244596,0.060735917026933706,1.5,2026-09-18T03:45:00+00:00,11.771735917026934,SL,-1.0,0.270645705977064,-1.270645705977064,1,
SOL,RANGE_MEAN_REVERSION,SHORT,60013,60014,2026-09-18T03:15:00+00:00,2026-09-18T03:30:00+00:00,103.98,104.59908153792198,103.05137769311705,0.6190815379219714,1.5,2026-09-18T03:45:00+00:00,104.59908153792198,SL,-1.0,0.2358418853300513,-1.2358418853300512,1,
XRP,RANGE_MEAN_REVERSION,SHORT,60013,60014,2026-09-18T03:15:00+00:00,2026-09-18T03:30:00+00:00,1.3212,1.327419176123389,1.311871235814916,0.006219176123389181,1.5,2026-09-18T03:45:00+00:00,1.327419176123389,SL,-1.0,0.2981156002824381,-1.298115600282438,1,
AVAX,RANGE_MEAN_REVERSION,SHORT,60015,60016,2026-09-18T03:45:00+00:00,2026-09-18T04:00:00+00:00,7.947,7.986177987070526,7.88823301939421,0.03917798707052622,1.5,2026-09-18T04:00:00+00:00,7.88823301939421,TP,1.5000000000000113,0.28293089927315307,1.2170691007268584,0,True
ETH,RANGE_MEAN_REVERSION,SHORT,60013,60014,2026-09-18T03:15:00+00:00,2026-09-18T03:30:00+00:00,2474.14,2490.0372102909423,2450.294184563586,15.89721029094244,1.5,2026-09-18T05:00:00+00:00,2490.0372102909423,SL,-1.0,0.21858703405235347,-1.2185870340523535,6,
BTC,RANGE_MEAN_REVERSION,SHORT,60033,60034,2026-09-18T08:15:00+00:00,2026-09-18T08:30:00+00:00,77914.2,78159.03492000682,77546.94761998978,244.83492000681872,1.5,2026-09-18T08:45:00+00:00,78159.03492000682,SL,-1.0,0.44622419236995325,-1.4462241923699533,1,
ETH,RANGE_MEAN_REVERSION,SHORT,60033,60034,2026-09-18T08:15:00+00:00,2026-09-18T08:30:00+00:00,2496.84,2513.332624979307,2472.1010625310396,16.49262497930704,1.5,2026-09-18T09:00:00+00:00,2513.332624979307,SL,-1.0,0.21264782543020463,-1.2126478254302047,2,
DOGE,RANGE_MEAN_REVERSION,SHORT,60036,60037,2026-09-18T09:00:00+00:00,2026-09-18T09:15:00+00:00,0.08514,0.08569567096026051,0.08430649355960922,0.0005556709602605181,1.5,2026-09-18T09:30:00+00:00,0.08569567096026051,SL,-1.0,0.21520824053162094,-1.215208240531621,1,
SOL,RANGE_MEAN_REVERSION,SHORT,60039,60040,2026-09-18T09:45:00+00:00,2026-09-18T10:00:00+00:00,106.4,106.93275939698457,105.60086090452316,0.5327593969845594,1.5,2026-09-18T11:00:00+00:00,105.60086090452316,TP,1.5000000000000133,0.2785508870854646,1.2214491129145486,4,
AVAX,RANGE_MEAN_REVERSION,SHORT,60041,60042,2026-09-18T10:15:00+00:00,2026-09-18T10:30:00+00:00,8.017,8.053899495712626,7.96165075643106,0.03689949571262652,1.5,2026-09-18T11:00:00+00:00,7.96165075643106,TP,1.5,0.3031221785959087,1.1968778214040914,2,
LINK,RANGE_MEAN_REVERSION,SHORT,60041,60042,2026-09-18T10:15:00+00:00,2026-09-18T10:30:00+00:00,11.937,11.990151370149455,11.857272944775815,0.0531513701494557,1.5,2026-09-18T11:00:00+00:00,11.857272944775815,TP,1.5000000000000167,0.31336898775155353,1.1866310122484631,2,
LINK,RANGE_MEAN_REVERSION,SHORT,60077,60078,2026-09-18T19:15:00+00:00,2026-09-18T19:30:00+00:00,12.336,12.416909579039736,12.214635631440398,0.08090957903973539,1.5,2026-09-18T20:15:00+00:00,12.416909579039736,SL,-1.0,0.214153094243864,-1.214153094243864,3,
BTC,RANGE_MEAN_REVERSION,SHORT,60077,60078,2026-09-18T19:15:00+00:00,2026-09-18T19:30:00+00:00,81222.7,81575.34318541878,80693.73522187182,352.6431854187831,1.5,2026-09-19T00:45:00+00:00,81575.34318541878,SL,-1.0,0.3231556285270649,-1.323155628527065,21,
SUI,RANGE_MEAN_REVERSION,SHORT,60098,60099,2026-09-19T00:30:00+00:00,2026-09-19T00:45:00+00:00,0.8289,0.8367437223216024,0.8171344165175962,0.007843722321602464,1.5,2026-09-19T01:00:00+00:00,0.8171344165175962,TP,1.500000000000007,0.1468976136991702,1.353102386300837,1,
XRP,RANGE_MEAN_REVERSION,SHORT,60098,60099,2026-09-19T00:30:00+00:00,2026-09-19T00:45:00+00:00,1.4177,1.4255991834628778,1.4058512248056831,0.007899183462877879,1.5,2026-09-19T01:00:00+00:00,1.4058512248056831,TP,1.5,0.25021394510615563,1.2497860548938444,1,
DOGE,RANGE_MEAN_REVERSION,SHORT,60291,60292,2026-09-21T00:45:00+00:00,2026-09-21T01:00:00+00:00,0.08869,0.0893065051312628,0.08776524230310581,0.0006165051312627956,1.5,2026-09-21T01:15:00+00:00,0.0893065051312628,SL,-1.0,0.2021030276531018,-1.2021030276531017,1,
CRV,RANGE_MEAN_REVERSION,SHORT,60634,60635,2026-09-24T14:30:00+00:00,2026-09-24T14:45:00+00:00,0.3444,0.35041064180204656,0.3353840372969301,0.006010641802046579,1.5,2026-09-24T15:45:00+00:00,0.35041064180204656,SL,-1.0,0.08091772314494404,-1.080917723144944,4,
UNI,RANGE_MEAN_REVERSION,SHORT,60710,60711,2026-09-25T09:30:00+00:00,2026-09-25T09:45:00+00:00,9.333,9.393247557554751,9.242628663667873,0.0602475575547512,1.5,2026-09-25T10:30:00+00:00,9.393247557554751,SL,-1.0,0.21757518183829813,-1.217575181838298,3,
CRV,RANGE_MEAN_REVERSION,SHORT,60833,60834,2026-09-26T16:15:00+00:00,2026-09-26T16:30:00+00:00,0.3587,0.3613534267974797,0.35471985980378046,0.0026534267974797077,1.5,2026-09-26T17:15:00+00:00,0.35471985980378046,TP,1.5,0.18820715247806472,1.3117928475219354,3,
ETH,RANGE_MEAN_REVERSION,LONG,60850,60851,2026-09-26T20:30:00+00:00,2026-09-26T20:45:00+00:00,2670.36,2663.4807762292517,2680.678835656123,6.879223770748467,1.5,2026-09-26T20:45:00+00:00,2663.4807762292517,SL,-1.0,0.5427485233489137,-1.5427485233489135,0,True
BNB,RANGE_MEAN_REVERSION,SHORT,60894,60895,2026-09-27T07:30:00+00:00,2026-09-27T07:45:00+00:00,777.29,778.4385825846766,775.567126122985,1.1485825846766602,1.5,2026-09-27T07:45:00+00:00,778.4385825846766,SL,-1.0,0.94813383237553,-1.94813383237553,0,True
BTC,RANGE_MEAN_REVERSION,SHORT,60896,60897,2026-09-27T08:00:00+00:00,2026-09-27T08:15:00+00:00,84773.2,84882.04957146423,84609.92564280365,108.84957146423403,1.5,2026-09-27T09:00:00+00:00,84609.92564280365,TP,1.5,1.089284839205103,0.4107151607948969,3,
UNI,RANGE_MEAN_REVERSION,SHORT,61085,61086,2026-09-29T07:15:00+00:00,2026-09-29T07:30:00+00:00,8.864,8.938218231234153,8.752672653148773,0.07421823123415194,1.5,2026-09-29T07:30:00+00:00,8.938218231234153,SL,-1.0,0.16790420028400857,-1.1679042002840085,0,True
BNB,RANGE_MEAN_REVERSION,SHORT,61084,61085,2026-09-29T07:00:00+00:00,2026-09-29T07:15:00+00:00,768.03,770.4859878922065,764.3460181616902,2.455987892206508,1.5,2026-09-29T07:45:00+00:00,764.3460181616902,TP,1.500000000000023,0.43675427558784957,1.0632457244121736,2,
ADA,RANGE_MEAN_REVERSION,SHORT,61085,61086,2026-09-29T07:15:00+00:00,2026-09-29T07:30:00+00:00,0.2508,0.2526300871894445,0.24805486921583328,0.0018300871894444959,1.5,2026-09-29T08:00:00+00:00,0.2526300871894445,SL,-1.0,0.19255971139800118,-1.192559711398001,2,
ETH,RANGE_MEAN_REVERSION,SHORT,61085,61086,2026-09-29T07:15:00+00:00,2026-09-29T07:30:00+00:00,2712.55,2722.7293250649764,2697.281012402536,10.179325064976183,1.5,2026-09-29T08:15:00+00:00,2722.7293250649764,SL,-1.0,0.37376697406355847,-1.3737669740635585,3,
ETH,RANGE_MEAN_REVERSION,SHORT,61103,61104,2026-09-29T11:45:00+00:00,2026-09-29T12:00:00+00:00,2731.13,2743.6980077741773,2712.2779883387343,12.568007774177204,1.5,2026-09-29T12:15:00+00:00,2743.6980077741773,SL,-1.0,0.3049313522319826,-1.3049313522319825,1,
UNI,RANGE_MEAN_REVERSION,SHORT,61103,61104,2026-09-29T11:45:00+00:00,2026-09-29T12:00:00+00:00,9.201,9.307456684937756,9.041314972593366,0.10645668493775595,1.5,2026-09-29T12:45:00+00:00,9.041314972593366,TP,1.5000000000000084,0.11995132563334668,1.3800486743666618,3,
SOL,RANGE_MEAN_REVERSION,SHORT,61106,61107,2026-09-29T12:30:00+00:00,2026-09-29T12:45:00+00:00,120.65,121.33894797541105,119.61657803688345,0.6889479754110397,1.5,2026-09-29T13:15:00+00:00,121.33894797541105,SL,-1.0,0.24587090698934858,-1.2458709069893485,2,
DOGE,RANGE_MEAN_REVERSION,SHORT,61106,61107,2026-09-29T12:30:00+00:00,2026-09-29T12:45:00+00:00,0.09613,0.09666031614600237,0.09533452578099642,0.0005303161460023798,1.5,2026-09-29T14:00:00+00:00,0.09533452578099642,TP,1.5,0.25272692347197756,1.2472730765280224,5,
XRP,RANGE_MEAN_REVERSION,SHORT,61107,61108,2026-09-29T12:45:00+00:00,2026-09-29T13:00:00+00:00,1.5465,1.5613106888828963,1.5242839666756556,0.014810688882896272,1.5,2026-09-29T15:15:00+00:00,1.5242839666756556,TP,1.5,0.14513496257120814,1.3548650374287918,9,
DOGE,RANGE_MEAN_REVERSION,SHORT,61198,61199,2026-09-30T11:30:00+00:00,2026-09-30T11:45:00+00:00,0.09615,0.0969826356935588,0.0949010464596618,0.0008326356935588058,1.5,2026-09-30T12:30:00+00:00,0.0969826356935588,SL,-1.0,0.16236734268219674,-1.1623673426821968,3,
ADA,RANGE_MEAN_REVERSION,SHORT,61203,61204,2026-09-30T12:45:00+00:00,2026-09-30T13:00:00+00:00,0.2537,0.25660007959653564,0.2493498806051965,0.002900079596535654,1.5,2026-09-30T13:30:00+00:00,0.25660007959653564,SL,-1.0,0.1231725005562906,-1.1231725005562907,2,
ETH,RANGE_MEAN_REVERSION,SHORT,61203,61204,2026-09-30T12:45:00+00:00,2026-09-30T13:00:00+00:00,2730.01,2744.3712920329453,2708.4680619505825,14.36129203294513,1.5,2026-09-30T13:30:00+00:00,2708.4680619505825,TP,1.5,0.265083018619231,1.234916981380769,2,
XRP,RANGE_MEAN_REVERSION,SHORT,61203,61204,2026-09-30T12:45:00+00:00,2026-09-30T13:00:00+00:00,1.5342,1.545812538533848,1.516781192199228,0.011612538533847916,1.5,2026-09-30T13:30:00+00:00,1.516781192199228,TP,1.5000000000000095,0.18391214188994226,1.3160878581100672,2,
UNI,RANGE_MEAN_REVERSION,SHORT,61204,61205,2026-09-30T13:00:00+00:00,2026-09-30T13:15:00+00:00,9.15,9.24970536205591,9.000441956916138,0.09970536205590896,1.5,2026-09-30T13:30:00+00:00,9.000441956916138,TP,1.4999999999999911,0.12742854654814753,1.3725714534518436,1,
SUI,RANGE_MEAN_REVERSION,SHORT,61204,61205,2026-09-30T13:00:00+00:00,2026-09-30T13:15:00+00:00,1.1973,1.220319892506984,1.162770161239524,0.023019892506983997,1.5,2026-09-30T14:15:00+00:00,1.162770161239524,TP,1.5,0.07176615235568336,1.4282338476443166,4,
