coin,side,signal_time,entry_time,entry_index,entry,sl,tp,risk_price,score,adx_pct,adx_delta,volr,dist_ema20_atr,fresh_pullback,precision_pass,shield_pass,v3_strict_adx_ok,signal_index,variant,closed_at,exit,result,gross_R,cost_R,R,hold_bars,exit_model,portfolio_max_drawdown_R
SUI,LONG,2025-01-18T01:45:00+00:00,2025-01-18T02:00:00+00:00,1640,4.9065,4.807541497842413,5.030198127696984,0.09895850215758717,48.068641555606156,0.39603960396039606,2.4885031426278132,1.2534719105319307,0.5878586578918114,True,True,True,False,1639,V3_SCORE_CAP_55,2025-01-18T03:30:00+00:00,4.807541497842413,SL,-1.0,0.13742788947353413,-1.1374278894735341,6,adverse_stop_gap; SL-first intrabar,-86.7012133722337
AVAX,LONG,2025-01-18T03:00:00+00:00,2025-01-18T03:15:00+00:00,1645,41.414,41.02240852090857,41.90348934886429,0.39159147909143144,46.027266623922166,0.2376237623762376,2.630480118010187,1.8162269921065652,0.3157431700791195,True,True,True,False,1644,V3_SCORE_CAP_55,2025-01-18T03:30:00+00:00,41.02240852090857,SL,-1.0,0.294722888753984,-1.294722888753984,1,adverse_stop_gap; SL-first intrabar,-86.7012133722337
BNB,SHORT,2025-01-20T23:45:00+00:00,2025-01-21T00:00:00+00:00,1920,682.83,688.3450938840173,675.9361326449784,5.515093884017233,35.172559296470816,0.26495726495726496,0.57348931172994,1.5771937398980964,0.330247824012365,True,True,True,False,1919,V3_SCORE_CAP_55,2025-01-21T00:45:00+00:00,675.9361326449784,TP,1.2500000000000102,0.3449211610369434,0.9050788389630668,3,adverse_stop_gap; SL-first intrabar,-86.7012133722337
BTC,LONG,2025-01-24T14:15:00+00:00,2025-01-24T14:30:00+00:00,2266,105221.3,104605.04930407775,105991.61336990281,616.2506959222519,26.531785805193657,0.007194244604316547,-1.3051857528078266,1.3513758714913886,0.15101201468176972,True,True,True,False,2265,V3_SCORE_CAP_55,2025-01-24T14:30:00+00:00,105991.61336990281,TP,1.249999999999994,0.4798340686258148,0.7701659313741792,0,adverse_stop_gap; SL-first intrabar,-86.7012133722337
LINK,LONG,2025-01-24T15:45:00+00:00,2025-01-24T16:00:00+00:00,2272,26.125,25.53234872121432,26.8658140984821,0.5926512787856808,24.398295348779403,0.03571428571428571,0.3453174930230887,1.3113761499248815,0.40679539501612005,True,True,True,False,2271,V3_SCORE_CAP_55,2025-01-24T20:15:00+00:00,25.53234872121432,SL,-1.0,0.12202840152118034,-1.1220284015211803,17,adverse_stop_gap; SL-first intrabar,-86.7012133722337
BTC,LONG,2025-01-25T17:15:00+00:00,2025-01-25T17:30:00+00:00,2374,104723.6,104360.0565038141,105178.02937023238,363.54349618589913,32.233243556396665,0.00684931506849315,-0.9284376498124214,2.1745758312229633,0.3111627160515624,True,True,True,False,2373,V3_SCORE_CAP_55,2025-01-25T18:30:00+00:00,105178.02937023238,TP,1.25000000000001,0.8083277082422565,0.44167229175775347,4,adverse_stop_gap; SL-first intrabar,-86.7012133722337
SOL,LONG,2025-01-26T03:00:00+00:00,2025-01-26T03:15:00+00:00,2413,256.9,253.43052393675006,261.2368450790624,3.469476063249914,39.6948982285305,0.006756756756756757,-0.7704380836650877,1.2129119699596413,0.5301819052741441,True,True,True,False,2412,V3_SCORE_CAP_55,2025-01-26T10:30:00+00:00,253.43052393675006,SL,-1.0,0.20592813453285547,-1.2059281345328554,29,adverse_stop_gap; SL-first intrabar,-86.7012133722337
ETH,SHORT,2025-01-27T16:30:00+00:00,2025-01-27T16:45:00+00:00,2563,3089.68,3150.3807989611932,3013.804001298508,60.700798961193414,54.4224217259902,0.41139240506329117,6.801673874109619,1.9128181436030276,0.7808782592663556,True,True,True,False,2562,V3_SCORE_CAP_55,2025-01-27T21:00:00+00:00,3150.3807989611932,SL,-1.0,0.14392043050587738,-1.1439204305058774,17,adverse_stop_gap; SL-first intrabar,-86.7012133722337
AVAX,SHORT,2025-01-28T15:45:00+00:00,2025-01-28T16:00:00+00:00,2656,33.749,34.31597607701697,33.040279903728795,0.5669760770169674,31.670527602225917,0.27439024390243905,0.3828421071283934,1.517464503993848,0.5158677122636286,True,True,True,False,2655,V3_SCORE_CAP_55,2025-01-28T19:00:00+00:00,33.040279903728795,TP,1.249999999999997,0.16491876051839496,1.0850812394816018,12,adverse_stop_gap; SL-first intrabar,-86.7012133722337
BTC,LONG,2025-01-30T13:15:00+00:00,2025-01-30T13:30:00+00:00,2838,105223.0,104658.4647398141,105928.66907523238,564.5352601859049,40.13711366628227,0.10285714285714286,1.4534009401981134,2.0195559039954163,0.5354041080647557,True,True,True,False,2837,V3_SCORE_CAP_55,2025-01-30T14:00:00+00:00,104658.4647398141,SL,-1.0,0.5204883934778111,-1.520488393477811,2,adverse_stop_gap; SL-first intrabar,-86.7012133722337
DOGE,SHORT,2025-02-01T03:00:00+00:00,2025-02-01T03:15:00+00:00,2989,0.32884,0.33337870877521875,0.32316661403097663,0.004538708775218725,28.423610553244583,0.22826086956521738,-2.8745146412709914,1.351599944980855,0.4311235917731589,True,True,True,False,2988,V3_SCORE_CAP_55,2025-02-01T08:45:00+00:00,0.32316661403097663,TP,1.249999999999997,0.20111650798731365,1.0488834920126833,22,adverse_stop_gap; SL-first intrabar,-86.7012133722337
SUI,SHORT,2025-02-01T18:30:00+00:00,2025-02-01T18:45:00+00:00,3051,3.8998,3.9758473397614105,3.8047408252982367,0.07604733976141054,24.269541440661964,0.19047619047619047,-1.2968949626158484,1.2368038631824254,0.739192368423172,True,True,True,False,3050,V3_SCORE_CAP_55,2025-02-01T20:00:00+00:00,3.8047408252982367,TP,1.2500000000000016,0.14183740271860187,1.1081625972813998,5,adverse_stop_gap; SL-first intrabar,-86.7012133722337
SUI,SHORT,2025-02-02T10:15:00+00:00,2025-02-02T10:30:00+00:00,3114,3.7081,3.7869898029070983,3.609487746366127,0.07888980290709835,46.69081027113743,0.5025906735751295,4.560389227823215,1.2900600869354455,0.7821597210368204,True,True,True,False,3113,V3_SCORE_CAP_55,2025-02-02T12:30:00+00:00,3.609487746366127,TP,1.2500000000000029,0.12985991176802378,1.1201400882319792,8,adverse_stop_gap; SL-first intrabar,-86.7012133722337
DOGE,SHORT,2025-02-04T14:00:00+00:00,2025-02-04T14:15:00+00:00,3321,0.2672,0.27548978325342494,0.2568377709332188,0.008289783253424943,35.681572148528865,0.715,-0.4642611718909251,1.8736476449886603,0.7018999076273668,True,True,True,False,3320,V3_SCORE_CAP_55,2025-02-04T14:30:00+00:00,0.27548978325342494,SL,-1.0,0.09165085181701176,-1.0916508518170118,1,adverse_stop_gap; SL-first intrabar,-86.7012133722337
SOL,SHORT,2025-02-05T14:00:00+00:00,2025-02-05T14:15:00+00:00,3417,204.59,207.81172418918754,200.56284476351559,3.2217241891875403,31.453049707608375,0.42,-0.9623544626771263,1.2775762665487822,0.5027202009007675,True,True,True,False,3416,V3_SCORE_CAP_55,2025-02-05T16:00:00+00:00,200.56284476351559,TP,1.2499999999999978,0.1760591377041381,1.0739408622958597,7,adverse_stop_gap; SL-first intrabar,-86.7012133722337
SOL,SHORT,2025-02-06T22:00:00+00:00,2025-02-06T22:15:00+00:00,3545,191.18,195.7212112517295,185.50348593533815,4.541211251729493,37.717775625790665,0.515,1.5014385699541464,1.3412386477538498,0.36359070886601447,True,True,True,False,3544,V3_SCORE_CAP_55,2025-02-07T03:00:00+00:00,195.7212112517295,SL,-1.0,0.11927692100783303,-1.119276921007833,19,adverse_stop_gap; SL-first intrabar,-86.7012133722337
ETH,SHORT,2025-02-07T03:30:00+00:00,2025-02-07T03:45:00+00:00,3567,2705.15,2750.6747486483764,2648.2440641895296,45.52474864837632,35.8809572986489,0.635,0.31647120730549716,1.330586006113427,0.19646265926775794,True,True,True,False,3566,V3_SCORE_CAP_55,2025-02-07T10:15:00+00:00,2750.6747486483764,SL,-1.0,0.16778027061946554,-1.1677802706194655,26,adverse_stop_gap; SL-first intrabar,-86.7012133722337
DOGE,SHORT,2025-02-07T05:15:00+00:00,2025-02-07T05:30:00+00:00,3574,0.25031,0.25440393172841125,0.2451925853394859,0.004093931728411271,32.30396707931422,0.81,0.8776680043738239,1.6161064773814036,0.4915333583386785,True,True,True,False,3573,V3_SCORE_CAP_55,2025-02-07T11:00:00+00:00,0.25440393172841125,SL,-1.0,0.17259679723432644,-1.1725967972343265,22,adverse_stop_gap; SL-first intrabar,-86.7012133722337
BTC,SHORT,2025-02-08T03:15:00+00:00,2025-02-08T03:30:00+00:00,3662,96544.5,97047.88214835827,95915.27231455216,503.3821483582724,32.7773272227842,0.335,-2.9662860219925022,1.4558478138854336,0.01992352613428142,True,True,True,False,3661,V3_SCORE_CAP_55,2025-02-08T06:45:00+00:00,95915.27231455216,TP,1.25,0.5352666599702335,0.7147333400297665,13,adverse_stop_gap; SL-first intrabar,-86.7012133722337
ETH,SHORT,2025-02-08T04:45:00+00:00,2025-02-08T05:00:00+00:00,3668,2633.28,2664.5467335569015,2594.196583053874,31.266733556901272,20.9410178585492,0.615,0.10353527808960905,1.2287042240699177,0.1811389540974999,True,True,True,False,3667,V3_SCORE_CAP_55,2025-02-08T07:15:00+00:00,2594.196583053874,TP,1.2499999999999927,0.23406561491166938,1.0159343850883233,9,adverse_stop_gap; SL-first intrabar,-86.7012133722337
FET,SHORT,2025-02-08T08:00:00+00:00,2025-02-08T08:15:00+00:00,3681,0.7176,0.7304635118509565,0.7015206101863044,0.012863511850956466,22.279163845714884,0.65,-3.1828056828665225,1.336029847842527,0.041112666949358376,True,True,True,False,3680,V3_SCORE_CAP_55,2025-02-08T08:45:00+00:00,0.7015206101863044,TP,1.2500000000000022,0.15444995715638107,1.0955500428436211,2,adverse_stop_gap; SL-first intrabar,-86.7012133722337
SOL,SHORT,2025-02-08T02:00:00+00:00,2025-02-08T02:15:00+00:00,3657,192.03,194.78954199832452,188.58057250209436,2.759541998324522,35.205387594750064,0.41,-3.4023079433663668,1.2059626998210042,0.2970729205269274,True,True,True,False,3656,V3_SCORE_CAP_55,2025-02-08T10:15:00+00:00,194.78954199832452,SL,-1.0,0.19624537663368022,-1.1962453766336802,32,adverse_stop_gap; SL-first intrabar,-86.7012133722337
SUI,SHORT,2025-02-10T01:15:00+00:00,2025-02-10T01:30:00+00:00,3846,3.0083,3.1184283491815723,2.870639563523035,0.1101283491815721,42.07999778921335,0.495,-0.486577735382415,1.656444355717009,0.3519110404251321,True,True,True,False,3845,V3_SCORE_CAP_55,2025-02-10T03:30:00+00:00,3.1184283491815723,SL,-1.0,0.07788566479564982,-1.0778856647956498,8,adverse_stop_gap; SL-first intrabar,-86.7012133722337
LINK,SHORT,2025-02-12T09:00:00+00:00,2025-02-12T09:15:00+00:00,4069,18.505,18.82736943540881,18.102038205738985,0.3223694354088096,32.56825302427272,0.455,0.39425533500468646,1.3731034251873662,0.6258203113998685,True,True,True,False,4068,V3_SCORE_CAP_55,2025-02-12T13:30:00+00:00,18.102038205738985,TP,1.2500000000000056,0.15897863711254945,1.091021362887456,17,adverse_stop_gap; SL-first intrabar,-86.7012133722337
FET,SHORT,2025-02-15T19:45:00+00:00,2025-02-15T20:00:00+00:00,4400,0.7679,0.7801042339387715,0.7526447075765357,0.012204233938771458,28.64330956134945,0.07,-1.6509201533023603,1.2541043828979528,0.5310708385882058,True,True,True,False,4399,V3_SCORE_CAP_55,2025-02-16T05:45:00+00:00,0.7801042339387715,SL,-1.0,0.17757820264566665,-1.1775782026456667,39,adverse_stop_gap; SL-first intrabar,-86.7012133722337
DOGE,SHORT,2025-02-21T06:00:00+00:00,2025-02-21T06:15:00+00:00,4921,0.25304,0.2550016023823474,0.2505879970220657,0.0019616023823474382,19.745621823450072,0.53,0.4194363335611051,1.4697910902184421,0.06008263392910435,True,True,True,False,4920,V3_SCORE_CAP_55,2025-02-21T09:00:00+00:00,0.2550016023823474,SL,-1.0,0.36259042593745616,-1.3625904259374562,11,adverse_stop_gap; SL-first intrabar,-86.7012133722337
LINK,SHORT,2025-02-22T05:15:00+00:00,2025-02-22T05:30:00+00:00,5014,17.493,17.697108454633213,17.23786443170848,0.20410845463321436,24.243573565721036,0.43,-1.313229557456662,1.7581126029818057,0.1621376458037858,True,True,True,False,5013,V3_SCORE_CAP_55,2025-02-22T10:00:00+00:00,17.697108454633213,SL,-1.0,0.24137242097598763,-1.2413724209759875,18,adverse_stop_gap; SL-first intrabar,-86.7012133722337
ADA,SHORT,2025-02-24T01:00:00+00:00,2025-02-24T01:15:00+00:00,5189,0.7672,0.77720198101927,0.7546975237259126,0.010001981019269968,32.52482952694419,0.005,-1.3477910890327056,1.549948586034864,0.3778417848691437,True,True,True,False,5188,V3_SCORE_CAP_55,2025-02-24T03:00:00+00:00,0.7546975237259126,TP,1.2499999999999944,0.21302345296509986,1.0369765470348946,7,adverse_stop_gap; SL-first intrabar,-86.7012133722337
FET,SHORT,2025-02-24T10:00:00+00:00,2025-02-24T10:15:00+00:00,5225,0.74,0.7561593413075695,0.7198008233655382,0.016159341307569464,22.692732410061772,0.365,-2.194384604383739,1.2489226663222606,0.7801369894874611,True,True,True,False,5224,V3_SCORE_CAP_55,2025-02-24T14:45:00+00:00,0.7198008233655382,TP,1.2499999999999982,0.12647304823956038,1.1235269517604378,18,adverse_stop_gap; SL-first intrabar,-86.7012133722337
AVAX,SHORT,2025-03-05T03:30:00+00:00,2025-03-05T03:45:00+00:00,6063,19.905,20.378393070654493,19.313258661681886,0.47339307065449177,50.156541266070455,0.635,3.032791095147683,1.2612499301902438,0.64201963846739,True,True,True,False,6062,V3_SCORE_CAP_55,2025-03-05T08:15:00+00:00,20.378393070654493,SL,-1.0,0.11913302875545835,-1.1191330287554584,18,adverse_stop_gap; SL-first intrabar,-86.7012133722337
UNI,SHORT,2025-03-08T05:00:00+00:00,2025-03-08T05:15:00+00:00,6357,7.035,7.112965005022806,6.937543743721493,0.07796500502280601,36.647233258914994,0.365,0.8881732812952308,1.687440923848272,0.3900188217725087,True,True,True,False,6356,V3_SCORE_CAP_55,2025-03-08T07:45:00+00:00,6.937543743721493,TP,1.2499999999999942,0.2509018146729808,0.9990981853270134,10,adverse_stop_gap; SL-first intrabar,-86.7012133722337
CRV,SHORT,2025-03-08T16:15:00+00:00,2025-03-08T16:30:00+00:00,6402,0.412,0.4213909153570763,0.4002613558036546,0.009390915357076313,34.34043796152024,0.42,-0.3740070370523547,1.6655974427604756,0.7577168218407665,True,True,True,False,6401,V3_SCORE_CAP_55,2025-03-08T17:15:00+00:00,0.4213909153570763,SL,-1.0,0.1242421251961057,-1.1242421251961057,3,adverse_stop_gap; SL-first intrabar,-86.7012133722337
XRP,SHORT,2025-03-09T08:15:00+00:00,2025-03-09T08:30:00+00:00,6466,2.3266,2.350966447997574,2.2961419400030327,0.024366447997573815,29.919131939106176,0.335,1.677843790242985,1.2756175821476563,0.18937415572186594,True,True,True,False,6465,V3_SCORE_CAP_55,2025-03-09T09:45:00+00:00,2.2961419400030327,TP,1.25,0.2656045196513112,0.9843954803486887,5,adverse_stop_gap; SL-first intrabar,-86.7012133722337
UNI,SHORT,2025-03-09T07:30:00+00:00,2025-03-09T07:45:00+00:00,6463,7.05,7.125143285491429,6.956070893135713,0.07514328549142935,31.323038626274357,0.295,-2.0170143099542663,1.216905885845055,0.7008407037786963,True,True,True,False,6462,V3_SCORE_CAP_55,2025-03-09T10:00:00+00:00,6.956070893135713,TP,1.2499999999999971,0.2609481222727012,0.9890518777272959,9,adverse_stop_gap; SL-first intrabar,-86.7012133722337
ADA,SHORT,2025-03-16T22:45:00+00:00,2025-03-16T23:00:00+00:00,7196,0.6991,0.7093448492244269,0.6862939384694665,0.01024484922442681,33.4932871209297,0.24,0.17203012722449884,1.2589963536162074,0.638637151148399,True,True,True,False,7195,V3_SCORE_CAP_55,2025-03-17T00:30:00+00:00,0.7093448492244269,SL,-1.0,0.19246967385452363,-1.1924696738545237,6,adverse_stop_gap; SL-first intrabar,-86.7012133722337
AVAX,SHORT,2025-03-17T08:00:00+00:00,2025-03-17T08:15:00+00:00,7233,18.473,18.699789771950385,18.189512785062014,0.2267897719503864,36.96867213979092,0.01,-1.2394881745047233,1.4454642119732877,0.3406398629191576,True,True,True,False,7232,V3_SCORE_CAP_55,2025-03-17T11:15:00+00:00,18.699789771950385,SL,-1.0,0.22947201380896257,-1.2294720138089625,12,adverse_stop_gap; SL-first intrabar,-86.7012133722337
FET,SHORT,2025-03-18T10:15:00+00:00,2025-03-18T10:30:00+00:00,7338,0.506,0.5155305447710191,0.4940868190362261,0.009530544771019112,29.72753352008403,0.535,-0.4044857468565759,1.4007493338458674,0.7791908203589493,True,True,True,False,7337,V3_SCORE_CAP_55,2025-03-18T16:45:00+00:00,0.4940868190362261,TP,1.2500000000000029,0.1469088683060664,1.1030911316939365,25,adverse_stop_gap; SL-first intrabar,-86.7012133722337
SOL,SHORT,2025-03-21T05:00:00+00:00,2025-03-21T05:15:00+00:00,7605,127.79,129.09603881697927,126.15745147877593,1.3060388169792674,29.442697995578328,0.18,-3.014120729572518,1.951435220939042,0.6386289252374205,True,True,True,False,7604,V3_SCORE_CAP_55,2025-03-21T10:30:00+00:00,126.15745147877593,TP,1.2499999999999973,0.27221735483527365,0.9777826451647237,21,adverse_stop_gap; SL-first intrabar,-86.7012133722337
ADA,SHORT,2025-03-21T13:00:00+00:00,2025-03-21T13:15:00+00:00,7637,0.7056,0.7157717720137623,0.6928852849827971,0.010171772013762292,25.635110369097454,0.12,-1.6690140560777689,1.2021181918071657,0.7657402739969171,True,True,True,False,7636,V3_SCORE_CAP_55,2025-03-21T17:30:00+00:00,0.7157717720137623,SL,-1.0,0.1956316439384335,-1.1956316439384336,17,adverse_stop_gap; SL-first intrabar,-86.7012133722337
SUI,SHORT,2025-03-23T02:45:00+00:00,2025-03-23T03:00:00+00:00,7788,2.2596,2.2780893828001565,2.236488271499804,0.018489382800156662,33.48718103632707,0.045,-1.6710314633386094,2.0676210372027675,0.5860522014928589,True,True,True,False,7787,V3_SCORE_CAP_55,2025-03-23T04:00:00+00:00,2.2780893828001565,SL,-1.0,0.3435898972174664,-1.3435898972174665,4,adverse_stop_gap; SL-first intrabar,-86.7012133722337
BNB,LONG,2025-03-24T14:00:00+00:00,2025-03-24T14:15:00+00:00,7929,627.99,623.0088304812552,634.2164618984309,4.981169518744764,41.25234950180341,0.065,-1.3939789796970334,1.631128043704907,0.5760981188697847,True,True,True,False,7928,V3_SCORE_CAP_55,2025-03-24T16:00:00+00:00,634.2164618984309,TP,1.2499999999999887,0.35475384646276864,0.89524615353722,7,adverse_stop_gap; SL-first intrabar,-86.7012133722337
BNB,LONG,2025-03-24T23:00:00+00:00,2025-03-24T23:15:00+00:00,7965,635.91,631.5485965421769,641.3617543222788,4.36140345782303,48.99364750886487,0.155,2.308729598128153,1.602050995232665,0.6274187523323024,True,True,True,False,7964,V3_SCORE_CAP_55,2025-03-25T00:15:00+00:00,641.3617543222788,TP,1.2500000000000064,0.41000115521157277,0.8399988447884337,4,adverse_stop_gap; SL-first intrabar,-86.7012133722337
BNB,LONG,2025-03-26T10:45:00+00:00,2025-03-26T11:00:00+00:00,8108,631.45,629.0982736776398,634.3896579029504,2.351726322360264,41.168178936945004,0.26,-2.4053023536895424,1.2506597846703809,0.3965952005437241,True,True,True,False,8107,V3_SCORE_CAP_55,2025-03-26T12:30:00+00:00,629.0982736776398,SL,-1.0,0.7504136711696628,-1.750413671169663,6,adverse_stop_gap; SL-first intrabar,-86.7012133722337
XRP,SHORT,2025-03-27T23:00:00+00:00,2025-03-27T23:15:00+00:00,8253,2.3361,2.363198889073735,2.3022263886578314,0.027098889073735144,53.938428404920494,0.675,2.6401539144559543,1.4852540988705125,0.6875680814856784,True,True,True,False,8252,V3_SCORE_CAP_55,2025-03-28T03:00:00+00:00,2.3022263886578314,TP,1.2499999999999918,0.23962816063979403,1.0103718393601977,15,adverse_stop_gap; SL-first intrabar,-86.7012133722337
BNB,LONG,2025-03-27T13:45:00+00:00,2025-03-27T14:00:00+00:00,8216,633.56,625.5976827805928,643.5128965242588,7.9623172194071685,43.42514556434245,0.265,-0.4336063405212762,1.2083849767414367,0.7046711727745892,True,True,True,False,8215,V3_SCORE_CAP_55,2025-03-28T14:00:00+00:00,625.5976827805928,SL,-1.0,0.22139544397906818,-1.2213954439790682,96,adverse_stop_gap; SL-first intrabar,-86.7012133722337
FET,SHORT,2025-03-28T22:15:00+00:00,2025-03-28T22:30:00+00:00,8346,0.5044,0.5109195723775797,0.4962505345280253,0.006519572377579719,44.38328334656015,0.77,4.034219063124837,2.367360392029639,0.17268245426708964,True,True,True,False,8345,V3_SCORE_CAP_55,2025-03-29T00:30:00+00:00,0.5109195723775797,SL,-1.0,0.21802770473365,-1.21802770473365,8,adverse_stop_gap; SL-first intrabar,-86.7012133722337
FET,SHORT,2025-03-29T02:15:00+00:00,2025-03-29T02:30:00+00:00,8362,0.5064,0.5134223838327601,0.49762202020904983,0.007022383832760104,53.37393448026968,0.795,3.750903955511667,1.2215515672551058,0.45223337283387544,True,True,True,False,8361,V3_SCORE_CAP_55,2025-03-29T03:00:00+00:00,0.49762202020904983,TP,1.25,0.2001643404530617,1.0498356595469382,2,adverse_stop_gap; SL-first intrabar,-86.7012133722337
ADA,SHORT,2025-03-29T04:00:00+00:00,2025-03-29T04:15:00+00:00,8369,0.6999,0.7081857276144442,0.6895428404819447,0.008285727614444238,54.023599351957984,0.445,2.734257986321051,1.2236556793270006,0.30709566778436015,True,True,True,False,8368,V3_SCORE_CAP_55,2025-03-29T06:00:00+00:00,0.6895428404819447,TP,1.2499999999999967,0.2347675505629324,1.0152324494370644,7,adverse_stop_gap; SL-first intrabar,-86.7012133722337
AVAX,SHORT,2025-03-30T10:00:00+00:00,2025-03-30T10:15:00+00:00,8489,19.509,19.757002013775825,19.19899748278022,0.24800201377582454,30.384416400041104,0.76,0.35218711642774636,1.3847812852341939,0.39948256131839277,True,True,True,False,8488,V3_SCORE_CAP_55,2025-03-30T11:00:00+00:00,19.19899748278022,TP,1.249999999999993,0.2185111146915006,1.0314888853084923,3,adverse_stop_gap; SL-first intrabar,-86.7012133722337
SUI,SHORT,2025-03-30T20:00:00+00:00,2025-03-30T20:15:00+00:00,8529,2.3449,2.392137715447059,2.2858528556911764,0.0472377154470589,39.22165494860357,0.73,-2.9240349371425154,1.8361579131982515,0.5602388849946831,True,True,True,False,8528,V3_SCORE_CAP_55,2025-03-31T00:30:00+00:00,2.2858528556911764,TP,1.25,0.13724317394717045,1.1127568260528296,17,adverse_stop_gap; SL-first intrabar,-86.7012133722337
SOL,SHORT,2025-03-31T00:15:00+00:00,2025-03-31T00:30:00+00:00,8546,124.28,126.30244388177937,121.75194514777579,2.022443881779367,47.943373492827355,0.905,1.3749692576627126,1.513283801617793,0.6655979779454089,True,True,True,True,8545,V3_SCORE_CAP_55,2025-03-31T01:15:00+00:00,126.30244388177937,SL,-1.0,0.17346114005687027,-1.1734611400568702,3,adverse_stop_gap; SL-first intrabar,-86.7012133722337
BNB,SHORT,2025-03-31T13:30:00+00:00,2025-03-31T13:45:00+00:00,8599,595.11,602.4730176864931,585.9062278918836,7.3630176864930945,51.35460726724232,0.74,2.2766952828499996,1.5061280501671204,0.20228056751626916,True,True,True,False,8598,V3_SCORE_CAP_55,2025-03-31T14:15:00+00:00,602.4730176864931,SL,-1.0,0.22770775463934,-1.22770775463934,2,adverse_stop_gap; SL-first intrabar,-86.7012133722337
ADA,SHORT,2025-04-03T09:45:00+00:00,2025-04-03T10:00:00+00:00,8872,0.6475,0.656218317832021,0.6366021027099736,0.008718317832021039,29.830822192869817,0.5,1.0551139595527772,1.9051267769681963,0.7842410837152175,True,True,True,False,8871,V3_SCORE_CAP_55,2025-04-03T12:15:00+00:00,0.6366021027099736,TP,1.250000000000003,0.20620296007001837,1.0437970399299847,9,adverse_stop_gap; SL-first intrabar,-86.7012133722337
BTC,SHORT,2025-04-03T10:15:00+00:00,2025-04-03T10:30:00+00:00,8874,83265.1,83941.61583761853,82419.45520297685,676.5158376185282,26.004228428879344,0.59,-3.2016157898335997,1.4448835898025207,0.7924546050765607,True,True,True,False,8873,V3_SCORE_CAP_55,2025-04-03T12:30:00+00:00,82419.45520297685,TP,1.2499999999999893,0.34287205766047957,0.9071279423395098,8,adverse_stop_gap; SL-first intrabar,-86.7012133722337
SUI,SHORT,2025-04-04T13:30:00+00:00,2025-04-04T13:45:00+00:00,8983,2.1833,2.2441529996602774,2.1072337504246534,0.06085299966027735,48.2236734480041,0.56,1.9816303187640187,1.2442697043880575,0.5130641602606791,True,True,True,False,8982,V3_SCORE_CAP_55,2025-04-04T14:00:00+00:00,2.2441529996602774,SL,-1.0,0.10185913979800906,-1.101859139798009,1,adverse_stop_gap; SL-first intrabar,-86.7012133722337
UNI,SHORT,2025-04-04T16:15:00+00:00,2025-04-04T16:30:00+00:00,8994,5.82,5.967220842546798,5.635973946816503,0.14722084254679757,35.82844097880174,0.17,-1.7016336995526196,2.3992842182690897,0.07879865312354166,True,True,True,False,8993,V3_SCORE_CAP_55,2025-04-04T21:45:00+00:00,5.967220842546798,SL,-1.0,0.1120908486467868,-1.1120908486467869,21,adverse_stop_gap; SL-first intrabar,-86.7012133722337
LINK,SHORT,2025-04-05T08:15:00+00:00,2025-04-05T08:30:00+00:00,9058,12.836,12.957291842538952,12.68438519682631,0.12129184253895176,26.00477532860783,0.55,-1.0237272685695835,1.9102618457875906,0.43028124857352285,True,True,True,False,9057,V3_SCORE_CAP_55,2025-04-05T09:15:00+00:00,12.957291842538952,SL,-1.0,0.2977167122179543,-1.2977167122179543,3,adverse_stop_gap; SL-first intrabar,-86.7012133722337
UNI,SHORT,2025-04-05T19:15:00+00:00,2025-04-05T19:30:00+00:00,9102,5.807,5.841599726737492,5.763750341578136,0.034599726737491565,30.673314572459915,0.09,-0.7093160912515799,1.2150543442381905,0.17068548076818899,True,True,True,False,9101,V3_SCORE_CAP_55,2025-04-05T20:30:00+00:00,5.763750341578136,TP,1.2499999999999871,0.4681843472670097,0.7818156527329774,4,adverse_stop_gap; SL-first intrabar,-86.7012133722337
BNB,SHORT,2025-04-06T01:45:00+00:00,2025-04-06T02:00:00+00:00,9128,591.67,594.2513598471398,588.4433001910751,2.581359847139879,34.14649561371028,0.75,1.5031855694579832,1.3343281130780669,0.7494427610761089,True,True,True,False,9127,V3_SCORE_CAP_55,2025-04-06T08:15:00+00:00,588.4433001910751,TP,1.250000000000011,0.6400342137877756,0.6099657862122355,25,adverse_stop_gap; SL-first intrabar,-86.7012133722337
DOGE,SHORT,2025-04-07T13:30:00+00:00,2025-04-07T13:45:00+00:00,9271,0.13831,0.14424009738754515,0.13089737826556855,0.005930097387545158,46.163928190324825,0.66,9.813937734300957,1.9169643239524454,0.36960148683237987,True,True,True,False,9270,V3_SCORE_CAP_55,2025-04-07T13:45:00+00:00,0.14424009738754515,SL,-1.0,0.06670550422550726,-1.0667055042255074,0,adverse_stop_gap; SL-first intrabar,-86.7012133722337
SOL,SHORT,2025-04-07T13:30:00+00:00,2025-04-07T13:45:00+00:00,9271,101.16,104.44885416126652,97.04893229841684,3.288854161266528,43.39907520067116,0.86,8.035260394942341,1.936958047627623,0.008754742330621698,True,True,True,False,9270,V3_SCORE_CAP_55,2025-04-07T13:45:00+00:00,104.44885416126652,SL,-1.0,0.08752361208832746,-1.0875236120883274,0,adverse_stop_gap; SL-first intrabar,-86.7012133722337
UNI,SHORT,2025-04-09T00:30:00+00:00,2025-04-09T00:45:00+00:00,9411,4.772,4.843058342763413,4.6831770715457335,0.07105834276341305,36.487636693798066,0.765,1.2695044735401453,1.3940921588369657,0.6559288700242905,True,True,True,False,9410,V3_SCORE_CAP_55,2025-04-09T01:00:00+00:00,4.6831770715457335,TP,1.2500000000000062,0.18628703380033937,1.063712966199667,1,adverse_stop_gap; SL-first intrabar,-86.7012133722337
SOL,SHORT,2025-04-09T00:30:00+00:00,2025-04-09T00:45:00+00:00,9411,104.93,107.00432366701737,102.3370954162283,2.0743236670173673,34.81990070293276,0.485,-1.7281263300404248,1.5398132622600282,0.5241056919825752,True,True,True,False,9410,V3_SCORE_CAP_55,2025-04-09T01:15:00+00:00,102.3370954162283,TP,1.2500000000000018,0.13988845530550953,1.1101115446944922,2,adverse_stop_gap; SL-first intrabar,-86.7012133722337
ETH,SHORT,2025-04-10T23:15:00+00:00,2025-04-10T23:30:00+00:00,9598,1516.79,1539.0492829834177,1488.9658962707279,22.259282983417734,26.53203702281236,0.605,-3.015637867890746,1.501483358925677,0.6180472820200962,True,True,True,False,9597,V3_SCORE_CAP_55,2025-04-11T01:30:00+00:00,1539.0492829834177,SL,-1.0,0.1921973407393154,-1.1921973407393154,8,adverse_stop_gap; SL-first intrabar,-86.7012133722337
UNI,SHORT,2025-04-11T00:45:00+00:00,2025-04-11T01:00:00+00:00,9604,4.997,5.068657829253399,4.9074277134332505,0.07165782925339936,33.28948280121403,0.41,-0.6055529458110875,2.044594560470631,0.5640019722744428,True,True,True,False,9603,V3_SCORE_CAP_55,2025-04-11T01:30:00+00:00,5.068657829253399,SL,-1.0,0.19665570542365066,-1.1966557054236506,2,adverse_stop_gap; SL-first intrabar,-86.7012133722337
CRV,LONG,2025-04-14T10:15:00+00:00,2025-04-14T10:30:00+00:00,9930,0.614,0.59232957045751,0.6410880369281124,0.02167042954248999,34.46654489788009,0.81,-3.760909374862919,1.251715313886757,0.673114296975721,True,True,True,False,9929,V3_SCORE_CAP_55,2025-04-14T16:15:00+00:00,0.59232957045751,SL,-1.0,0.0779339142922434,-1.0779339142922435,23,adverse_stop_gap; SL-first intrabar,-86.7012133722337
DOGE,SHORT,2025-04-16T04:15:00+00:00,2025-04-16T04:30:00+00:00,10098,0.1543,0.15628172209383356,0.15182284738270801,0.001981722093833571,46.28210884941858,0.34,-0.5511221810579805,1.4281142958338178,0.6343385051900206,True,True,True,False,10097,V3_SCORE_CAP_55,2025-04-16T08:00:00+00:00,0.15182284738270801,TP,1.250000000000007,0.21626240514215284,1.0337375948578542,14,adverse_stop_gap; SL-first intrabar,-86.7012133722337
CRV,LONG,2025-04-16T10:15:00+00:00,2025-04-16T10:30:00+00:00,10122,0.606,0.5853483574263213,0.6318145532170983,0.020651642573678686,41.70202972854789,0.495,-3.6481664053326526,1.5542418725189182,0.5775571145629812,True,True,True,False,10121,V3_SCORE_CAP_55,2025-04-16T13:30:00+00:00,0.6318145532170983,TP,1.25,0.08391295599472735,1.1660870440052726,12,adverse_stop_gap; SL-first intrabar,-86.7012133722337
ETH,SHORT,2025-04-16T13:15:00+00:00,2025-04-16T13:30:00+00:00,10134,1572.39,1589.2773710186107,1551.2807862267368,16.887371018610565,42.050150530427715,0.095,-1.0923404140728916,1.5697040364705355,0.7844155953848649,True,True,True,False,10133,V3_SCORE_CAP_55,2025-04-16T14:30:00+00:00,1589.2773710186107,SL,-1.0,0.2621091414731195,-1.2621091414731196,4,adverse_stop_gap; SL-first intrabar,-86.7012133722337
UNI,SHORT,2025-04-18T04:00:00+00:00,2025-04-18T04:15:00+00:00,10289,5.144,5.1937599525290175,5.081800059338729,0.049759952529017326,26.034882666784497,0.035,-0.05200715179334914,2.1530689749708993,0.763109635898156,True,True,True,False,10288,V3_SCORE_CAP_55,2025-04-18T06:00:00+00:00,5.1937599525290175,SL,-1.0,0.29085365234423866,-1.2908536523442387,7,adverse_stop_gap; SL-first intrabar,-86.7012133722337
DOGE,SHORT,2025-04-18T07:00:00+00:00,2025-04-18T07:15:00+00:00,10301,0.1544,0.15552379070191966,0.15299526162260046,0.001123790701919647,32.38304697006556,0.26,-0.933157321947018,1.2786140917504412,0.5117929120777063,True,True,True,False,10300,V3_SCORE_CAP_55,2025-04-18T08:15:00+00:00,0.15552379070191966,SL,-1.0,0.3860979684575747,-1.3860979684575747,4,adverse_stop_gap; SL-first intrabar,-86.7012133722337
CRV,LONG,2025-04-19T15:30:00+00:00,2025-04-19T15:45:00+00:00,10431,0.62,0.6082267130759598,0.6347166086550503,0.011773286924040227,39.413649972687864,0.22,1.6351396397185205,2.1160180182056094,0.4604424230164339,True,True,True,False,10430,V3_SCORE_CAP_55,2025-04-19T23:15:00+00:00,0.6082267130759598,SL,-1.0,0.146052449872364,-1.1460524498723639,30,adverse_stop_gap; SL-first intrabar,-86.7012133722337
AVAX,LONG,2025-04-23T12:00:00+00:00,2025-04-23T12:15:00+00:00,10801,22.826,22.440886374580188,23.307392031774768,0.3851136254198124,48.72410186323572,0.555,6.415692753986569,1.3005774853801169,0.33757115675564436,True,True,True,False,10800,V3_SCORE_CAP_55,2025-04-23T13:30:00+00:00,22.440886374580188,SL,-1.0,0.16455829329676053,-1.1645582932967606,5,adverse_stop_gap; SL-first intrabar,-86.7012133722337
BNB,LONG,2025-04-25T12:00:00+00:00,2025-04-25T12:15:00+00:00,10993,607.62,603.1880346426265,613.1599566967169,4.431965357373542,32.70460880522242,0.55,-3.0975736776053076,1.5322516820142444,0.6368754842053239,True,True,True,False,10992,V3_SCORE_CAP_55,2025-04-25T13:15:00+00:00,603.1880346426265,SL,-1.0,0.38247845184066154,-1.3824784518406616,4,adverse_stop_gap; SL-first intrabar,-86.7012133722337
AVAX,LONG,2025-04-25T14:00:00+00:00,2025-04-25T14:15:00+00:00,11001,22.517,22.038968051598744,23.11453993550157,0.47803194840125585,26.257883907517115,0.4,-2.3175484046707844,1.3106896924086486,0.7386457305658328,True,True,True,False,11000,V3_SCORE_CAP_55,2025-04-26T11:30:00+00:00,22.038968051598744,SL,-1.0,0.13048992955566727,-1.1304899295556672,85,adverse_stop_gap; SL-first intrabar,-86.7012133722337
BNB,LONG,2025-04-27T00:15:00+00:00,2025-04-27T00:30:00+00:00,11138,608.28,605.8236802262312,611.350399717211,2.4563197737687688,29.194810297858055,0.155,-0.24268931673512562,2.894371606409749,0.6419151931717513,True,True,True,False,11137,V3_SCORE_CAP_55,2025-04-27T01:00:00+00:00,605.8236802262312,SL,-1.0,0.6919885474474597,-1.6919885474474596,2,adverse_stop_gap; SL-first intrabar,-86.7012133722337
AVAX,LONG,2025-04-29T14:00:00+00:00,2025-04-29T14:15:00+00:00,11385,22.128,21.776467967229333,22.567415040963333,0.3515320327706668,31.378085981667382,0.085,-1.5473507295986728,2.4935655961646512,0.5387308070865021,True,True,True,False,11384,V3_SCORE_CAP_55,2025-04-29T20:00:00+00:00,21.776467967229333,SL,-1.0,0.17485250112105874,-1.1748525011210587,23,adverse_stop_gap; SL-first intrabar,-86.7012133722337
ADA,LONG,2025-04-29T14:00:00+00:00,2025-04-29T14:15:00+00:00,11385,0.7118,0.7015365489792973,0.7246293137758784,0.010263451020702696,25.912446761183183,0.175,-1.6129617557772953,1.7631926409062406,0.24866533207604322,True,True,True,False,11384,V3_SCORE_CAP_55,2025-04-29T21:00:00+00:00,0.7015365489792973,SL,-1.0,0.19278809482110673,-1.1927880948211067,27,adverse_stop_gap; SL-first intrabar,-86.7012133722337
CRV,LONG,2025-05-01T07:00:00+00:00,2025-05-01T07:15:00+00:00,11549,0.724,0.7063468301000141,0.7460664623749823,0.017653169899985888,50.73478413357842,0.07,4.26454364401407,1.2367326270934733,0.49036633376375943,True,True,True,False,11548,V3_SCORE_CAP_55,2025-05-01T09:45:00+00:00,0.7460664623749823,TP,1.2499999999999984,0.11658489999162251,1.1334151000083759,10,adverse_stop_gap; SL-first intrabar,-86.7012133722337
XRP,SHORT,2025-05-08T00:30:00+00:00,2025-05-08T00:45:00+00:00,12195,2.1181,2.1390913624462073,2.091860796942241,0.02099136244620725,32.49391308248367,0.16,-0.21990064240947405,1.2652723209844554,0.7828674387085519,True,True,True,False,12194,V3_SCORE_CAP_55,2025-05-08T01:00:00+00:00,2.1390913624462073,SL,-1.0,0.2839295411480813,-1.2839295411480813,1,adverse_stop_gap; SL-first intrabar,-86.7012133722337
SUI,LONG,2025-05-12T03:30:00+00:00,2025-05-12T03:45:00+00:00,12591,4.0614,3.9458933556885096,4.205783305389363,0.11550664431149027,45.730941796795854,0.82,-0.05371744897325925,1.5026220079601595,0.7912867297201971,True,True,True,False,12590,V3_SCORE_CAP_55,2025-05-12T07:00:00+00:00,4.205783305389363,TP,1.250000000000002,0.10020251818876322,1.1497974818112389,13,adverse_stop_gap; SL-first intrabar,-86.7012133722337
UNI,LONG,2025-05-14T01:00:00+00:00,2025-05-14T01:15:00+00:00,12773,7.126,6.9864203827369495,7.300474521578813,0.1395796172630508,33.36163261708801,0.76,-3.082110756872936,1.8242022458949547,0.5553222743564276,True,True,True,False,12772,V3_SCORE_CAP_55,2025-05-14T01:45:00+00:00,6.9864203827369495,SL,-1.0,0.14154923851522738,-1.1415492385152275,2,adverse_stop_gap; SL-first intrabar,-86.7012133722337
ADA,LONG,2025-05-14T01:00:00+00:00,2025-05-14T01:15:00+00:00,12773,0.8284,0.8183846826827933,0.8409191466465085,0.010015317317206729,39.072499165154525,0.895,-2.6001934043378725,1.6491185299027207,0.19794247380994245,True,True,True,False,12772,V3_SCORE_CAP_55,2025-05-14T02:00:00+00:00,0.8183846826827933,SL,-1.0,0.23019725513788453,-1.2301972551378846,3,adverse_stop_gap; SL-first intrabar,-86.7012133722337
LINK,LONG,2025-05-14T01:00:00+00:00,2025-05-14T01:15:00+00:00,12773,17.449,17.21547032423715,17.740912094703567,0.23352967576285266,34.61225966187546,0.78,-2.455167433180776,1.22775322944466,0.21774040692668348,True,True,True,False,12772,V3_SCORE_CAP_55,2025-05-14T02:00:00+00:00,17.21547032423715,SL,-1.0,0.20781195492779284,-1.2078119549277928,3,adverse_stop_gap; SL-first intrabar,-86.7012133722337
LINK,LONG,2025-05-22T14:00:00+00:00,2025-05-22T14:15:00+00:00,13593,16.614,16.314106913009965,16.988866358737546,0.2998930869900356,38.0161769203293,0.06,1.9291132120402867,1.5397308270890429,0.7969328845260105,True,True,True,False,13592,V3_SCORE_CAP_55,2025-05-23T02:15:00+00:00,16.988866358737546,TP,1.2500000000000029,0.1568692808974142,1.0931307191025887,48,adverse_stop_gap; SL-first intrabar,-86.7012133722337
BNB,LONG,2025-05-26T12:00:00+00:00,2025-05-26T12:15:00+00:00,13969,674.37,671.9337298918182,677.4153376352273,2.436270108181816,23.5066188336773,0.24,-2.9026056253475616,1.3454926551973962,0.5219693224151366,True,True,True,False,13968,V3_SCORE_CAP_55,2025-05-26T13:45:00+00:00,671.9337298918182,SL,-1.0,0.7736519918373037,-1.7736519918373037,6,adverse_stop_gap; SL-first intrabar,-86.7012133722337
FET,LONG,2025-05-27T15:30:00+00:00,2025-05-27T15:45:00+00:00,14079,0.9059,0.8813731867512639,0.9365585165609203,0.02452681324873618,37.257212943182275,0.405,-2.6821468635724166,1.2480990713839235,0.24066870345050614,True,True,True,False,14078,V3_SCORE_CAP_55,2025-05-27T22:15:00+00:00,0.8813731867512639,SL,-1.0,0.10201824574909675,-1.1020182457490968,26,adverse_stop_gap; SL-first intrabar,-86.7012133722337
AVAX,SHORT,2025-06-02T08:30:00+00:00,2025-06-02T08:45:00+00:00,14627,20.585,20.870613906066648,20.227982617416693,0.28561390606664716,26.848659082034683,0.7,-0.18119438654710507,1.4073792109627776,0.6792099854690531,True,True,True,False,14626,V3_SCORE_CAP_55,2025-06-02T11:30:00+00:00,20.227982617416693,TP,1.249999999999997,0.20005389951513897,1.049946100484858,11,adverse_stop_gap; SL-first intrabar,-86.7012133722337
ETH,LONG,2025-06-04T12:00:00+00:00,2025-06-04T12:15:00+00:00,14833,2634.18,2617.199679701812,2655.4054003727347,16.980320298187962,29.43221435203081,0.61,-1.800397897323208,1.8974241981353845,0.14208382090950822,True,True,True,False,14832,V3_SCORE_CAP_55,2025-06-04T12:15:00+00:00,2617.199679701812,SL,-1.0,0.43296777813826565,-1.4329677781382657,0,adverse_stop_gap; SL-first intrabar,-86.7012133722337
DOGE,SHORT,2025-06-05T05:15:00+00:00,2025-06-05T05:30:00+00:00,14902,0.18912,0.1911668436619092,0.18656144542261352,0.0020468436619091868,54.229254164483955,0.62,1.8765588520362044,1.220007718298984,0.582770906462412,True,True,True,False,14901,V3_SCORE_CAP_55,2025-06-05T12:15:00+00:00,0.1911668436619092,SL,-1.0,0.260108571570179,-1.260108571570179,27,adverse_stop_gap; SL-first intrabar,-86.7012133722337
SOL,SHORT,2025-06-05T13:30:00+00:00,2025-06-05T13:45:00+00:00,14935,152.66,154.40169148901492,150.48288563873135,1.7416914890149258,41.37389066757901,0.575,0.19187337183202402,2.1062311160672533,0.35997996696035955,True,True,True,False,14934,V3_SCORE_CAP_55,2025-06-05T13:45:00+00:00,150.48288563873135,TP,1.249999999999996,0.24367119123620343,1.0063288087637925,0,adverse_stop_gap; SL-first intrabar,-86.7012133722337
CRV,SHORT,2025-06-15T11:15:00+00:00,2025-06-15T11:30:00+00:00,15886,0.586,0.5935825080974511,0.5765218648781861,0.0075825080974510906,34.36247905608763,0.735,1.3731784002958207,1.4097169291937306,0.36242919217277764,True,True,True,False,15885,V3_SCORE_CAP_55,2025-06-15T13:00:00+00:00,0.5935825080974511,SL,-1.0,0.21779277913221956,-1.2177927791322196,6,adverse_stop_gap; SL-first intrabar,-86.7012133722337
XRP,SHORT,2025-06-18T06:00:00+00:00,2025-06-18T06:15:00+00:00,16153,2.163,2.1795045985823087,2.142369251772114,0.016504598582308905,26.49716863674692,0.23,-0.05606990123425959,1.3136604997889465,0.3945682724438479,True,True,True,False,16152,V3_SCORE_CAP_55,2025-06-18T10:15:00+00:00,2.142369251772114,TP,1.2499999999999933,0.3652022751369298,0.8847977248630635,16,adverse_stop_gap; SL-first intrabar,-86.7012133722337
SOL,SHORT,2025-06-17T21:00:00+00:00,2025-06-17T21:15:00+00:00,16117,147.5,150.10524362552198,144.24344546809752,2.605243625521979,49.657411823560814,0.455,1.9004008187918409,1.4365350128701284,0.6458248039792638,True,True,True,False,16116,V3_SCORE_CAP_55,2025-06-18T13:15:00+00:00,144.24344546809752,TP,1.2500000000000027,0.15677644104147942,1.0932235589585233,64,adverse_stop_gap; SL-first intrabar,-86.7012133722337
XRP,SHORT,2025-06-18T19:45:00+00:00,2025-06-18T20:00:00+00:00,16208,2.1397,2.17104273313771,2.100521583577862,0.03134273313771008,23.373737324231154,0.33,1.321453799190106,1.2067557496493382,0.262093161712835,True,True,True,False,16207,V3_SCORE_CAP_55,2025-06-18T20:45:00+00:00,2.17104273313771,SL,-1.0,0.19254989026887775,-1.1925498902688778,3,adverse_stop_gap; SL-first intrabar,-86.7012133722337
SOL,SHORT,2025-06-19T11:00:00+00:00,2025-06-19T11:15:00+00:00,16269,145.56,146.8027859024537,144.00651762193286,1.2427859024537042,25.28384775670868,0.78,0.9467646816937645,1.4094989658028225,0.3351826758417551,True,True,True,False,16268,V3_SCORE_CAP_55,2025-06-19T13:45:00+00:00,144.00651762193286,TP,1.2500000000000113,0.3261970737440092,0.9238029262560021,10,adverse_stop_gap; SL-first intrabar,-86.7012133722337
UNI,LONG,2025-06-19T12:00:00+00:00,2025-06-19T12:15:00+00:00,16273,7.762,7.612686051582165,7.948642435522292,0.1493139484178343,33.44922406403794,0.02,-2.3030062285098616,1.635538231263224,0.010861316308872888,True,True,True,False,16272,V3_SCORE_CAP_55,2025-06-19T13:45:00+00:00,7.612686051582165,SL,-1.0,0.14415639463221178,-1.1441563946322117,6,adverse_stop_gap; SL-first intrabar,-86.7012133722337
SOL,SHORT,2025-06-20T06:00:00+00:00,2025-06-20T06:15:00+00:00,16345,145.07,145.90623708093455,144.0247036488318,0.8362370809345521,33.90313024241796,0.785,-0.48835224807171684,1.524308559828125,0.6509622878692738,True,True,True,False,16344,V3_SCORE_CAP_55,2025-06-20T07:15:00+00:00,145.90623708093455,SL,-1.0,0.4871426311998126,-1.4871426311998126,4,adverse_stop_gap; SL-first intrabar,-86.7012133722337
CRV,SHORT,2025-06-26T07:45:00+00:00,2025-06-26T08:00:00+00:00,16928,0.519,0.5272491431795401,0.508688571025575,0.008249143179540064,33.74472678313241,0.56,1.4809842307557268,1.29852723794119,0.41412014119470564,True,True,True,False,16927,V3_SCORE_CAP_55,2025-06-26T09:45:00+00:00,0.508688571025575,TP,1.2499999999999967,0.17441375038856147,1.0755862496114352,7,adverse_stop_gap; SL-first intrabar,-86.7012133722337
BTC,LONG,2025-06-28T15:30:00+00:00,2025-06-28T15:45:00+00:00,17151,107246.8,107087.759592594,107445.6005092575,159.04040740600612,29.29558733461757,0.22,-1.1591332804965084,1.3258033350766976,0.7492575566314383,True,True,True,False,17150,V3_SCORE_CAP_55,2025-06-28T15:45:00+00:00,107445.6005092575,TP,1.2499999999999771,1.8898930505481686,-0.6398930505481915,0,adverse_stop_gap; SL-first intrabar,-86.7012133722337
CRV,SHORT,2025-07-01T13:00:00+00:00,2025-07-01T13:15:00+00:00,17429,0.51,0.5210089929144319,0.4962387588569601,0.011008992914431914,29.245445621358773,0.1,-1.2047740044853903,1.20890188840696,0.454692140399927,True,True,True,False,17428,V3_SCORE_CAP_55,2025-07-01T23:00:00+00:00,0.4962387588569601,TP,1.25,0.12796213725898628,1.1220378627410137,39,adverse_stop_gap; SL-first intrabar,-86.7012133722337
CRV,SHORT,2025-07-05T12:00:00+00:00,2025-07-05T12:15:00+00:00,17809,0.498,0.5016396671785534,0.4934504160268083,0.003639667178553352,30.417176871173602,0.275,0.8430685929588329,1.7747038662885808,0.48259361711721227,True,True,True,False,17808,V3_SCORE_CAP_55,2025-07-05T12:30:00+00:00,0.4934504160268083,TP,1.2500000000000075,0.381361952712728,0.8686380472872796,1,adverse_stop_gap; SL-first intrabar,-86.7012133722337
CRV,SHORT,2025-07-05T16:30:00+00:00,2025-07-05T16:45:00+00:00,17827,0.496,0.5019041866316354,0.48861976671045576,0.005904186631635389,34.3996122969173,0.34,1.2796699504802085,2.069697006427975,0.3492299092043245,True,True,True,False,17826,V3_SCORE_CAP_55,2025-07-06T13:30:00+00:00,0.5019041866316354,SL,-1.0,0.23662291666029517,-1.2366229166602951,83,adverse_stop_gap; SL-first intrabar,-86.7012133722337
XRP,LONG,2025-07-07T05:30:00+00:00,2025-07-07T05:45:00+00:00,17975,2.2692,2.2582769570169057,2.282853803728868,0.010923042983094433,37.16030465228045,0.08,1.5292866932161004,1.4363843058642483,0.23547597310729695,True,True,True,False,17974,V3_SCORE_CAP_55,2025-07-07T06:45:00+00:00,2.2582769570169057,SL,-1.0,0.5802840609190771,-1.5802840609190771,4,adverse_stop_gap; SL-first intrabar,-86.7012133722337
ETH,LONG,2025-07-07T07:45:00+00:00,2025-07-07T08:00:00+00:00,17984,2577.28,2557.7316507497976,2601.7154365627534,19.54834925020259,50.309422259345716,0.21,3.986691824438271,1.33401943818588,0.797341467298801,True,True,True,False,17983,V3_SCORE_CAP_55,2025-07-07T10:45:00+00:00,2557.7316507497976,SL,-1.0,0.36775567179797614,-1.3677556717979762,11,adverse_stop_gap; SL-first intrabar,-86.7012133722337
BNB,LONG,2025-07-07T07:00:00+00:00,2025-07-07T07:15:00+00:00,17981,661.96,660.1782905389796,664.1871368262756,1.781709461020455,54.42877438857051,0.2,2.4068893526860418,2.2747477029937793,0.6614365811948117,True,True,True,False,17980,V3_SCORE_CAP_55,2025-07-07T13:15:00+00:00,660.1782905389796,SL,-1.0,1.0388863320591195,-2.0388863320591195,24,adverse_stop_gap; SL-first intrabar,-86.7012133722337
SUI,LONG,2025-07-13T20:15:00+00:00,2025-07-13T20:30:00+00:00,18610,3.5067,3.45940705136361,3.5658161857954873,0.04729294863639,25.036280889036345,0.675,-1.8160891297553476,1.2684543648719473,0.4929691651184736,True,True,True,False,18609,V3_SCORE_CAP_55,2025-07-13T21:30:00+00:00,3.45940705136361,SL,-1.0,0.2062157288371075,-1.2062157288371076,4,adverse_stop_gap; SL-first intrabar,-86.7012133722337
BNB,LONG,2025-07-14T02:15:00+00:00,2025-07-14T02:30:00+00:00,18634,692.54,689.2321283994556,696.6748395006804,3.307871600544331,38.35601062966197,0.845,-1.4009821184804778,1.4663727557916453,0.5258594560352331,True,True,True,False,18633,V3_SCORE_CAP_55,2025-07-14T03:30:00+00:00,696.6748395006804,TP,1.25,0.5879613873104708,0.6620386126895292,4,adverse_stop_gap; SL-first intrabar,-86.7012133722337
AVAX,LONG,2025-07-14T09:15:00+00:00,2025-07-14T09:30:00+00:00,18662,21.849,21.49102848763686,22.296464390453924,0.3579715123631395,42.61950920989499,0.86,0.9085442885571524,1.286123966128397,0.6435225944531328,True,True,True,False,18661,V3_SCORE_CAP_55,2025-07-14T15:00:00+00:00,21.49102848763686,SL,-1.0,0.1694996327560825,-1.1694996327560825,22,adverse_stop_gap; SL-first intrabar,-86.7012133722337
LINK,LONG,2025-07-14T09:15:00+00:00,2025-07-14T09:30:00+00:00,18662,16.132,15.854211345214559,16.479235818481804,0.2777886547854429,50.45705713583226,0.865,1.6951855597929182,1.2450109238236309,0.6206292041894469,True,True,True,False,18661,V3_SCORE_CAP_55,2025-07-14T15:45:00+00:00,15.854211345214559,SL,-1.0,0.16120419287061194,-1.161204192870612,25,adverse_stop_gap; SL-first intrabar,-86.7012133722337
XRP,LONG,2025-07-17T04:15:00+00:00,2025-07-17T04:30:00+00:00,18930,3.0558,2.996708802778402,3.1296639965269977,0.05909119722159817,35.9270766501818,0.82,1.3301378754300686,1.2613756697964429,0.6734742836943988,True,True,True,False,18929,V3_SCORE_CAP_55,2025-07-17T05:30:00+00:00,3.1296639965269977,TP,1.2499999999999982,0.14654720165278096,1.1034527983472173,4,adverse_stop_gap; SL-first intrabar,-86.7012133722337
XRP,LONG,2025-07-19T09:30:00+00:00,2025-07-19T09:45:00+00:00,19143,3.459,3.4144550624961334,3.5146811718798334,0.04454493750386668,41.087703281435566,0.86,-0.585402237898208,1.3676701003363578,0.5671555921696766,True,True,True,False,19142,V3_SCORE_CAP_55,2025-07-19T11:00:00+00:00,3.4144550624961334,SL,-1.0,0.21602538081143982,-1.2160253808114398,5,adverse_stop_gap; SL-first intrabar,-86.7012133722337
UNI,LONG,2025-07-21T08:00:00+00:00,2025-07-21T08:15:00+00:00,19329,10.629,10.473330678273356,10.823586652158303,0.15566932172664316,30.496283100539273,0.6,-0.03393174658313569,1.365638890848797,0.655822528783616,True,True,True,False,19328,V3_SCORE_CAP_55,2025-07-21T08:45:00+00:00,10.473330678273356,SL,-1.0,0.1897821781574982,-1.1897821781574982,2,adverse_stop_gap; SL-first intrabar,-86.7012133722337
BTC,LONG,2025-07-21T13:30:00+00:00,2025-07-21T13:45:00+00:00,19351,118590.1,117805.86476254747,119570.39404681568,784.2352374525362,45.54727036112654,0.03,-1.252488049729779,1.5862774576638157,0.5046353229122985,True,True,True,False,19350,V3_SCORE_CAP_55,2025-07-21T16:15:00+00:00,117805.86476254747,SL,-1.0,0.4220090284933117,-1.4220090284933118,10,adverse_stop_gap; SL-first intrabar,-86.7012133722337
UNI,LONG,2025-07-26T08:15:00+00:00,2025-07-26T08:30:00+00:00,19810,10.494,10.369646435954461,10.649441955056922,0.12435356404553843,32.804310772712434,0.165,-1.888974266374234,2.0658121170514194,0.7850423527317605,True,True,True,False,19809,V3_SCORE_CAP_55,2025-07-26T14:30:00+00:00,10.369646435954461,SL,-1.0,0.23488755818562496,-1.234887558185625,24,adverse_stop_gap; SL-first intrabar,-86.7012133722337
LINK,LONG,2025-07-26T08:15:00+00:00,2025-07-26T08:30:00+00:00,19810,18.338,18.16408138717687,18.555398266028913,0.1739186128231296,27.62706127930517,0.38,-4.154435022056134,1.6688038732174009,0.7426601559218683,True,True,True,False,19809,V3_SCORE_CAP_55,2025-07-26T19:45:00+00:00,18.555398266028913,TP,1.25,0.2969823455581943,0.9530176544418056,45,adverse_stop_gap; SL-first intrabar,-86.7012133722337
BNB,LONG,2025-07-27T08:30:00+00:00,2025-07-27T08:45:00+00:00,19907,797.47,793.9326511644466,801.8916860444418,3.5373488355534164,32.29128667356838,0.34,1.3185360123629764,1.2383168158605657,0.5586696003134283,True,True,True,False,19906,V3_SCORE_CAP_55,2025-07-27T09:45:00+00:00,793.9326511644466,SL,-1.0,0.6298399776796855,-1.6298399776796855,4,adverse_stop_gap; SL-first intrabar,-86.7012133722337
SUI,LONG,2025-07-27T10:45:00+00:00,2025-07-27T11:00:00+00:00,19916,4.2217,4.161271932833128,4.29723508395859,0.06042806716687199,50.85143379544538,0.47,2.163079946519023,1.7057377991665101,0.6375930050668486,True,True,True,False,19915,V3_SCORE_CAP_55,2025-07-27T11:30:00+00:00,4.29723508395859,TP,1.2499999999999962,0.19736704608815295,1.0526329539118433,2,adverse_stop_gap; SL-first intrabar,-86.7012133722337
AVAX,LONG,2025-07-27T12:45:00+00:00,2025-07-27T13:00:00+00:00,19924,25.048,24.767359619136716,25.398800476079103,0.28064038086328225,25.023939834382585,0.415,0.6798500793807563,1.8306966977609158,0.7917033298459216,True,True,True,False,19923,V3_SCORE_CAP_55,2025-07-27T16:30:00+00:00,25.398800476079103,TP,1.2500000000000064,0.2516584407748396,0.9983415592251668,14,adverse_stop_gap; SL-first intrabar,-86.7012133722337
LINK,LONG,2025-07-27T12:00:00+00:00,2025-07-27T12:15:00+00:00,19921,18.808,18.566095338490037,19.110380826887454,0.24190466150996315,33.41014010846821,0.335,-0.3648354173940582,1.246011620819209,0.38563948066196985,True,True,True,False,19920,V3_SCORE_CAP_55,2025-07-27T20:00:00+00:00,19.110380826887454,TP,1.25,0.21944898798676532,1.0305510120132346,31,adverse_stop_gap; SL-first intrabar,-86.7012133722337
SOL,LONG,2025-07-28T12:15:00+00:00,2025-07-28T12:30:00+00:00,20018,192.41,190.1157460534705,195.27781743316186,2.294253946529494,31.12229850171666,0.095,2.0335806104698335,1.2719238469628145,0.3120155129566037,True,True,True,False,20017,V3_SCORE_CAP_55,2025-07-28T13:15:00+00:00,190.1157460534705,SL,-1.0,0.23342492023821568,-1.2334249202382157,3,adverse_stop_gap; SL-first intrabar,-86.7012133722337
BNB,LONG,2025-07-28T11:45:00+00:00,2025-07-28T12:00:00+00:00,20016,851.16,842.9487924854785,861.4240093931518,8.211207514521448,54.222818818441965,0.67,7.609613444428195,1.3417658296480774,0.11623283670598086,True,True,True,False,20015,V3_SCORE_CAP_55,2025-07-28T13:30:00+00:00,842.9487924854785,SL,-1.0,0.2888433041407426,-1.2888433041407426,6,adverse_stop_gap; SL-first intrabar,-86.7012133722337
ETH,LONG,2025-07-29T12:15:00+00:00,2025-07-29T12:30:00+00:00,20114,3849.43,3802.4001848376447,3908.217268952944,47.029815162355135,41.25987975522556,0.325,-2.400359293977452,1.564421634525832,0.5702150524592791,True,True,True,False,20113,V3_SCORE_CAP_55,2025-07-29T14:00:00+00:00,3802.4001848376447,SL,-1.0,0.22778235937757926,-1.2277823593775792,6,adverse_stop_gap; SL-first intrabar,-86.7012133722337
ETH,LONG,2025-07-31T09:45:00+00:00,2025-07-31T10:00:00+00:00,20296,3861.54,3849.3825681528315,3876.7367898089606,12.157431847168482,26.02106998004423,0.11,-0.27829580424121225,1.2022140296925206,0.18477373078561615,True,True,True,False,20295,V3_SCORE_CAP_55,2025-07-31T11:00:00+00:00,3849.3825681528315,SL,-1.0,0.8879582243291155,-1.8879582243291155,4,adverse_stop_gap; SL-first intrabar,-86.7012133722337
BTC,LONG,2025-07-31T12:15:00+00:00,2025-07-31T12:30:00+00:00,20306,118494.8,118155.37872761895,118919.07659047631,339.42127238104877,38.21145165591845,0.27,-0.6391658833280989,1.3045054923670354,0.28145421993582603,True,True,True,False,20305,V3_SCORE_CAP_55,2025-07-31T13:15:00+00:00,118155.37872761895,SL,-1.0,0.9761033770644861,-1.976103377064486,3,adverse_stop_gap; SL-first intrabar,-86.7012133722337
SOL,SHORT,2025-08-06T08:30:00+00:00,2025-08-06T08:45:00+00:00,20867,162.94,164.8366469193775,160.5691913507781,1.8966469193775026,43.54698569357539,0.45,-3.5710917669541047,1.3561864048558727,0.729357853228159,True,True,True,False,20866,V3_SCORE_CAP_55,2025-08-06T14:00:00+00:00,164.8366469193775,SL,-1.0,0.24194661694741776,-1.2419466169474178,21,adverse_stop_gap; SL-first intrabar,-86.7012133722337
AVAX,LONG,2025-08-08T13:30:00+00:00,2025-08-08T13:45:00+00:00,21079,23.457,23.165507025364462,23.821366218294422,0.29149297463553836,34.99361608347816,0.12,1.0251497990059555,1.4990506609269447,0.5936782627373905,True,True,True,False,21078,V3_SCORE_CAP_55,2025-08-08T15:00:00+00:00,23.165507025364462,SL,-1.0,0.2239213823836441,-1.2239213823836441,5,adverse_stop_gap; SL-first intrabar,-86.7012133722337
SOL,LONG,2025-08-09T22:15:00+00:00,2025-08-09T22:30:00+00:00,21210,182.06,179.97549807828875,184.66562740213908,2.084501921711251,52.89220227426525,0.745,3.1052990250025374,1.4210180657676998,0.44855024410984523,True,True,True,False,21209,V3_SCORE_CAP_55,2025-08-09T22:45:00+00:00,179.97549807828875,SL,-1.0,0.24315146559975878,-1.2431514655997589,1,adverse_stop_gap; SL-first intrabar,-86.7012133722337
DOGE,LONG,2025-08-10T03:15:00+00:00,2025-08-10T03:30:00+00:00,21230,0.24207,0.2376819987935293,0.2475550015080884,0.004388001206470704,50.25457545899857,0.825,6.586341662779397,1.6273814128436102,0.5079429662431558,True,True,True,False,21229,V3_SCORE_CAP_55,2025-08-10T06:00:00+00:00,0.2376819987935293,SL,-1.0,0.15306577339142424,-1.1530657733914242,10,adverse_stop_gap; SL-first intrabar,-86.7012133722337
UNI,LONG,2025-08-11T08:15:00+00:00,2025-08-11T08:30:00+00:00,21346,11.171,10.975681590242594,11.415148012196756,0.19531840975740522,45.46849020612541,0.745,0.14984241358322947,2.842705424049663,0.4187396082450163,True,True,True,False,21345,V3_SCORE_CAP_55,2025-08-11T10:15:00+00:00,10.975681590242594,SL,-1.0,0.1587426104116338,-1.1587426104116338,7,adverse_stop_gap; SL-first intrabar,-86.7012133722337
DOGE,LONG,2025-08-13T02:30:00+00:00,2025-08-13T02:45:00+00:00,21515,0.23447,0.2302099547221801,0.2397950565972749,0.004260045277819924,30.2796398078537,0.155,-2.35500808360246,1.4072208187136388,0.043806745528876104,True,True,True,False,21514,V3_SCORE_CAP_55,2025-08-13T03:30:00+00:00,0.2397950565972749,TP,1.2499999999999967,0.155860099115184,1.0941399008848127,3,adverse_stop_gap; SL-first intrabar,-86.7012133722337
BTC,LONG,2025-08-13T04:00:00+00:00,2025-08-13T04:15:00+00:00,21521,119675.6,119007.51173485654,120510.71033142933,668.0882651434658,43.37728440707369,0.57,-2.231097803674274,1.656022880075811,0.4909071766856288,True,True,True,False,21520,V3_SCORE_CAP_55,2025-08-13T05:45:00+00:00,119007.51173485654,SL,-1.0,0.5001679775905691,-1.5001679775905692,6,adverse_stop_gap; SL-first intrabar,-86.7012133722337
BNB,LONG,2025-08-14T06:00:00+00:00,2025-08-14T06:15:00+00:00,21625,855.27,848.1515237135218,864.1680953580977,7.118476286478199,28.85865074413739,0.71,0.9786198286751571,2.041376760953182,0.7720142226175444,True,True,True,False,21624,V3_SCORE_CAP_55,2025-08-14T06:30:00+00:00,864.1680953580977,TP,1.25,0.33816412903895243,0.9118358709610476,1,adverse_stop_gap; SL-first intrabar,-86.7012133722337
ADA,LONG,2025-08-15T10:00:00+00:00,2025-08-15T10:15:00+00:00,21737,0.95,0.9314594941154147,0.9731756323557315,0.018540505884585223,30.835340204266632,0.53,-1.91285819773395,1.2996760240474368,0.7175627766904118,True,True,True,False,21736,V3_SCORE_CAP_55,2025-08-15T12:30:00+00:00,0.9314594941154147,SL,-1.0,0.14206965592840445,-1.1420696559284045,9,adverse_stop_gap; SL-first intrabar,-86.7012133722337
ADA,LONG,2025-08-15T14:00:00+00:00,2025-08-15T14:15:00+00:00,21753,0.9511,0.9217049897911024,0.9878437627611218,0.029395010208897565,31.7694598136753,0.515,-1.1494314937602077,1.9588202009721958,0.666393388902075,True,True,True,False,21752,V3_SCORE_CAP_55,2025-08-15T15:30:00+00:00,0.9217049897911024,SL,-1.0,0.0891963284610091,-1.0891963284610091,5,adverse_stop_gap; SL-first intrabar,-86.7012133722337
BNB,LONG,2025-08-19T00:00:00+00:00,2025-08-19T00:15:00+00:00,22081,849.75,844.4012179509025,856.4359775613718,5.348782049097508,42.66988648171448,0.005,-1.1741723951460656,1.7407165546201324,0.40157255787923335,True,True,True,False,22080,V3_SCORE_CAP_55,2025-08-19T00:15:00+00:00,844.4012179509025,SL,-1.0,0.44343023951246163,-1.4434302395124616,0,adverse_stop_gap; SL-first intrabar,-86.7012133722337
LINK,LONG,2025-08-21T13:30:00+00:00,2025-08-21T13:45:00+00:00,22327,26.023,25.45413609091656,26.7340798863543,0.56886390908344,33.61080513928938,0.435,1.7363370906819036,1.5834660175104982,0.28435306116903647,True,True,True,False,22326,V3_SCORE_CAP_55,2025-08-21T14:30:00+00:00,25.45413609091656,SL,-1.0,0.12668757742673453,-1.1266875774267344,3,adverse_stop_gap; SL-first intrabar,-86.7012133722337
SUI,SHORT,2025-08-22T00:45:00+00:00,2025-08-22T01:00:00+00:00,22372,3.4159,3.4501506809738736,3.3730866487826585,0.034250680973873404,47.72835364572782,0.55,3.8505972066924734,1.4148052153004755,0.4668320685275219,True,True,True,False,22371,V3_SCORE_CAP_55,2025-08-22T02:15:00+00:00,3.4501506809738736,SL,-1.0,0.28065050621025217,-1.2806505062102522,5,adverse_stop_gap; SL-first intrabar,-86.7012133722337
SUI,SHORT,2025-08-22T06:30:00+00:00,2025-08-22T06:45:00+00:00,22395,3.4186,3.4656156467014982,3.3598304416231275,0.04701564670149816,46.92319319496374,0.585,3.095126085287017,1.6850999588335929,0.4685392631500991,True,True,True,False,22394,V3_SCORE_CAP_55,2025-08-22T11:00:00+00:00,3.3598304416231275,TP,1.2499999999999976,0.20184349858086678,1.0481565014191307,17,adverse_stop_gap; SL-first intrabar,-86.7012133722337
UNI,LONG,2025-08-23T17:30:00+00:00,2025-08-23T17:45:00+00:00,22535,11.285,11.153553013743817,11.449308732820228,0.1314469862561829,40.056435014642055,0.405,0.1253619997728741,1.5378581261192266,0.6254277739943335,True,True,True,False,22534,V3_SCORE_CAP_55,2025-08-24T06:15:00+00:00,11.153553013743817,SL,-1.0,0.23898588407357815,-1.2389858840735781,50,adverse_stop_gap; SL-first intrabar,-86.7012133722337
XRP,SHORT,2025-08-25T18:30:00+00:00,2025-08-25T18:45:00+00:00,22731,2.9478,2.9756174956430743,2.913028130446157,0.02781749564307434,31.937605603052777,0.055,-2.623044448139874,1.6429655304308295,0.4245406467146952,True,True,True,False,22730,V3_SCORE_CAP_55,2025-08-25T19:30:00+00:00,2.913028130446157,TP,1.249999999999996,0.29496398554006564,0.9550360144599304,3,adverse_stop_gap; SL-first intrabar,-86.7012133722337
XRP,SHORT,2025-08-29T00:30:00+00:00,2025-08-29T00:45:00+00:00,23043,2.9574,2.9846505689555616,2.9233367888055475,0.02725056895556177,30.43115839857454,0.09,-2.4408738682904083,1.316334836127307,0.7755455703075046,True,True,True,False,23042,V3_SCORE_CAP_55,2025-08-29T04:45:00+00:00,2.9233367888055475,TP,1.250000000000004,0.30212328842577896,0.947876711574225,16,adverse_stop_gap; SL-first intrabar,-86.7012133722337
BNB,LONG,2025-08-29T01:30:00+00:00,2025-08-29T01:45:00+00:00,23047,875.9,870.6982278820578,882.4022151474277,5.2017721179421414,25.771037579676122,0.045,0.9415611236656076,1.2386133797715217,0.4261095610075867,True,True,True,False,23046,V3_SCORE_CAP_55,2025-08-29T04:45:00+00:00,870.6982278820578,SL,-1.0,0.4700777857224232,-1.4700777857224232,12,adverse_stop_gap; SL-first intrabar,-86.7012133722337
SUI,SHORT,2025-08-31T16:00:00+00:00,2025-08-31T16:15:00+00:00,23297,3.2921,3.315144328139498,3.2632945898256276,0.02304432813949786,27.8613730953755,0.57,-0.26353857988804563,1.9729707306097142,0.42444317632753475,True,True,True,False,23296,V3_SCORE_CAP_55,2025-08-31T23:15:00+00:00,3.2632945898256276,TP,1.2500000000000049,0.3982564546989592,0.8517435453010457,28,adverse_stop_gap; SL-first intrabar,-86.7012133722337
XRP,SHORT,2025-08-31T16:00:00+00:00,2025-08-31T16:15:00+00:00,23297,2.8094,2.829746001001829,2.783967498747714,0.020346001001828817,30.055185816555248,0.33,-2.456143485318705,2.8241176371067227,0.715482866298485,True,True,True,False,23296,V3_SCORE_CAP_55,2025-08-31T23:15:00+00:00,2.783967498747714,TP,1.2500000000000109,0.38487732786128,0.8651226721387308,28,adverse_stop_gap; SL-first intrabar,-86.7012133722337
SUI,SHORT,2025-09-05T00:45:00+00:00,2025-09-05T01:00:00+00:00,23716,3.2753,3.307184460255257,3.235444424680929,0.03188446025525682,51.77565155971112,0.585,1.6825602574910903,1.6094046335835699,0.7638789673247052,True,True,True,False,23715,V3_SCORE_CAP_55,2025-09-05T02:00:00+00:00,3.307184460255257,SL,-1.0,0.28902726188811667,-1.2890272618881167,4,adverse_stop_gap; SL-first intrabar,-86.7012133722337
XRP,SHORT,2025-09-06T08:00:00+00:00,2025-09-06T08:15:00+00:00,23841,2.8163,2.822794236131406,2.8081822048357425,0.006494236131405984,21.147601815804624,0.015,-0.8319302273997131,1.6779969317334293,0.2535418835134682,True,True,True,False,23840,V3_SCORE_CAP_55,2025-09-06T09:00:00+00:00,2.8081822048357425,TP,1.25,1.2125021214874243,0.03749787851257569,3,adverse_stop_gap; SL-first intrabar,-86.7012133722337
DOGE,SHORT,2025-09-06T15:00:00+00:00,2025-09-06T15:15:00+00:00,23869,0.21446,0.2154219722411896,0.213257534698513,0.0009619722411896015,30.973910270289863,0.13,-0.8355335607884413,1.7450810795756295,0.026305356259665534,True,True,True,False,23868,V3_SCORE_CAP_55,2025-09-06T15:30:00+00:00,0.2154219722411896,SL,-1.0,0.6256259124415274,-1.6256259124415275,1,adverse_stop_gap; SL-first intrabar,-86.7012133722337
XRP,SHORT,2025-09-06T15:00:00+00:00,2025-09-06T15:15:00+00:00,23869,2.8079,2.8180174838563867,2.7952531451795166,0.010117483856386666,37.719452385619086,0.005,-1.417551415610376,1.2310032352701124,0.4791902514211002,True,True,True,False,23868,V3_SCORE_CAP_55,2025-09-06T19:30:00+00:00,2.7952531451795166,TP,1.2500000000000109,0.7753325347091642,0.4746674652908467,17,adverse_stop_gap; SL-first intrabar,-86.7012133722337
UNI,SHORT,2025-09-06T15:00:00+00:00,2025-09-06T15:15:00+00:00,23869,9.307,9.378243323696315,9.217945845379607,0.07124332369631503,41.18951961084133,0.25,0.18093545925571775,1.9888160407782431,0.2498175762780047,True,True,True,False,23868,V3_SCORE_CAP_55,2025-09-07T00:45:00+00:00,9.378243323696315,SL,-1.0,0.3671830467186345,-1.3671830467186346,38,adverse_stop_gap; SL-first intrabar,-86.7012133722337
ADA,SHORT,2025-09-06T22:00:00+00:00,2025-09-06T22:15:00+00:00,23897,0.818,0.8216541857446931,0.8134322678191336,0.003654185744693117,38.94344593039919,0.275,-1.6813935585663256,1.512436846734481,0.489400977523935,True,True,True,False,23896,V3_SCORE_CAP_55,2025-09-07T00:45:00+00:00,0.8216541857446931,SL,-1.0,0.6281880616978189,-1.628188061697819,10,adverse_stop_gap; SL-first intrabar,-86.7012133722337
DOGE,LONG,2025-09-10T12:15:00+00:00,2025-09-10T12:30:00+00:00,24242,0.24107,0.23876159008964415,0.24395551238794483,0.0023084099103558575,48.12636278166466,0.93,0.7753241279776972,1.6382476826036976,0.4873048563591087,True,True,True,False,24241,V3_SCORE_CAP_55,2025-09-10T12:30:00+00:00,0.24395551238794483,TP,1.25,0.2941573393429266,0.9558426606570734,0,adverse_stop_gap; SL-first intrabar,-86.7012133722337
LINK,LONG,2025-09-11T11:00:00+00:00,2025-09-11T11:15:00+00:00,24333,23.817,23.631739996261306,24.048575004673367,0.18526000373869422,42.367147391246604,0.59,2.4746795635106587,1.2275298604277767,0.7117403485763348,True,True,True,False,24332,V3_SCORE_CAP_55,2025-09-11T12:00:00+00:00,24.048575004673367,TP,1.2499999999999951,0.3617176058198812,0.8882823941801139,3,adverse_stop_gap; SL-first intrabar,-86.7012133722337
XRP,LONG,2025-09-13T06:00:00+00:00,2025-09-13T06:15:00+00:00,24505,3.1102,3.0921132403605585,3.1328084495493016,0.018086759639441397,41.49414532285154,0.86,0.8140296813166898,1.4095403474347796,0.47231496272334994,True,True,True,False,24504,V3_SCORE_CAP_55,2025-09-13T08:30:00+00:00,3.1328084495493016,TP,1.25,0.48323812576739483,0.7667618742326052,9,adverse_stop_gap; SL-first intrabar,-86.7012133722337
BTC,LONG,2025-09-17T01:15:00+00:00,2025-09-17T01:30:00+00:00,24870,116674.3,116384.89340153271,117036.05824808413,289.4065984672925,26.895953036922567,0.5,-1.481840770581229,1.7474788025995234,0.3414230200111042,True,True,True,False,24869,V3_SCORE_CAP_55,2025-09-17T02:45:00+00:00,117036.05824808413,TP,1.250000000000025,1.1305702885841282,0.11942971141589687,5,adverse_stop_gap; SL-first intrabar,-86.7012133722337
FET,SHORT,2025-09-17T14:15:00+00:00,2025-09-17T14:30:00+00:00,24922,0.6323,0.6386910313618552,0.6243112107976809,0.0063910313618552594,46.28477715518353,0.735,2.6161299025825535,1.23010297625461,0.6084191524214919,True,True,True,False,24921,V3_SCORE_CAP_55,2025-09-17T17:15:00+00:00,0.6386910313618552,SL,-1.0,0.27841945112753397,-1.278419451127534,11,adverse_stop_gap; SL-first intrabar,-86.7012133722337
BTC,LONG,2025-09-18T12:00:00+00:00,2025-09-18T12:15:00+00:00,25009,117192.9,116834.50556148824,117640.89304813968,358.3944385117502,26.022531841987107,0.26,-2.541188838284949,2.0751158868280384,0.35047507081143875,True,True,True,False,25008,V3_SCORE_CAP_55,2025-09-18T14:15:00+00:00,117640.89304813968,TP,1.25,0.9173337388621802,0.33266626113781983,8,adverse_stop_gap; SL-first intrabar,-86.7012133722337
UNI,SHORT,2025-09-20T12:30:00+00:00,2025-09-20T12:45:00+00:00,25203,9.145,9.19841726876887,9.078228414038913,0.053417268768869874,33.13387886821769,0.82,0.3817320241664284,1.2790446877851087,0.519971162451604,True,True,True,False,25202,V3_SCORE_CAP_55,2025-09-20T14:45:00+00:00,9.19841726876887,SL,-1.0,0.48075809130927477,-1.4807580913092748,8,adverse_stop_gap; SL-first intrabar,-86.7012133722337
FET,SHORT,2025-09-21T01:00:00+00:00,2025-09-21T01:15:00+00:00,25253,0.6422,0.6465301365337568,0.636787329332804,0.004330136533756801,27.48974285281235,0.075,-2.5641977184699414,1.6404331486825394,0.5830476652001575,True,True,True,False,25252,V3_SCORE_CAP_55,2025-09-21T02:45:00+00:00,0.6465301365337568,SL,-1.0,0.41666635153001214,-1.4166663515300122,6,adverse_stop_gap; SL-first intrabar,-86.7012133722337
UNI,SHORT,2025-09-21T14:15:00+00:00,2025-09-21T14:30:00+00:00,25306,9.113,9.183220322249921,9.025224597187597,0.07022032224992181,43.629897459803644,0.81,0.6396541166913075,1.657395653519537,0.4137167676882381,True,True,True,False,25305,V3_SCORE_CAP_55,2025-09-22T00:15:00+00:00,9.025224597187597,TP,1.2500000000000062,0.36162628741127584,0.8883737125887303,39,adverse_stop_gap; SL-first intrabar,-86.7012133722337
FET,SHORT,2025-09-22T18:45:00+00:00,2025-09-22T19:00:00+00:00,25420,0.587,0.5922199587523502,0.5804750515595621,0.005219958752350262,43.39646526525946,0.75,9.98719889186098,1.2289216390525501,0.3534162372779211,True,True,True,False,25419,V3_SCORE_CAP_55,2025-09-22T20:30:00+00:00,0.5922199587523502,SL,-1.0,0.3162683884254788,-1.3162683884254789,6,adverse_stop_gap; SL-first intrabar,-86.7012133722337
AVAX,LONG,2025-09-24T12:00:00+00:00,2025-09-24T12:15:00+00:00,25585,34.302,33.998800389376704,34.68099951327912,0.30319961062329526,28.789872024243905,0.465,-3.4557822499460755,2.146165807106358,0.5396023094898961,True,True,True,False,25584,V3_SCORE_CAP_55,2025-09-24T14:45:00+00:00,34.68099951327912,TP,1.25,0.3185234938793509,0.9314765061206491,10,adverse_stop_gap; SL-first intrabar,-86.7012133722337
XRP,SHORT,2025-09-26T05:45:00+00:00,2025-09-26T06:00:00+00:00,25752,2.7514,2.782710875849769,2.7122614051877885,0.031310875849769104,35.855704399717126,0.775,1.6041934767509538,1.507209239315706,0.5780159726910173,True,True,True,False,25751,V3_SCORE_CAP_55,2025-09-26T10:45:00+00:00,2.7122614051877885,TP,1.25,0.24429613543753076,1.0057038645624692,19,adverse_stop_gap; SL-first intrabar,-86.7012133722337
DOGE,SHORT,2025-09-28T08:00:00+00:00,2025-09-28T08:15:00+00:00,25953,0.22827,0.22975922746860997,0.22640846566423756,0.001489227468609966,29.165728284282395,0.69,-2.2685675781999777,1.3289953998420836,0.31393184091791987,True,True,True,False,25952,V3_SCORE_CAP_55,2025-09-28T09:00:00+00:00,0.22640846566423756,TP,1.2499999999999907,0.4274362817952072,0.8225637182047835,3,adverse_stop_gap; SL-first intrabar,-86.7012133722337
UNI,SHORT,2025-10-01T07:45:00+00:00,2025-10-01T08:00:00+00:00,26240,7.581,7.659428723605078,7.482964095493653,0.0784287236050778,33.83115429513733,0.68,-2.761640207046611,1.4793538787218703,0.5688029351551255,True,True,True,False,26239,V3_SCORE_CAP_55,2025-10-01T08:30:00+00:00,7.659428723605078,SL,-1.0,0.2720508409710456,-1.2720508409710456,2,adverse_stop_gap; SL-first intrabar,-86.7012133722337
ETH,LONG,2025-10-07T02:15:00+00:00,2025-10-07T02:30:00+00:00,26794,4684.83,4648.894145024213,4729.749818719734,35.93585497578715,46.70058069651111,0.865,2.789726956065529,1.5109180754659792,0.040642711787546346,True,True,True,False,26793,V3_SCORE_CAP_55,2025-10-07T05:30:00+00:00,4729.749818719734,TP,1.2500000000000127,0.3667760723958932,0.8832239276041194,12,adverse_stop_gap; SL-first intrabar,-86.7012133722337
ADA,SHORT,2025-10-09T13:30:00+00:00,2025-10-09T13:45:00+00:00,27031,0.81,0.8207893220365485,0.7965133474543145,0.010789322036548477,41.699740950331574,0.155,-0.11358908429331294,2.4949561563800398,0.7167403992767345,True,True,True,False,27030,V3_SCORE_CAP_55,2025-10-09T16:45:00+00:00,0.7965133474543145,TP,1.25,0.2084578325512228,1.0415421674487773,12,adverse_stop_gap; SL-first intrabar,-86.7012133722337
UNI,SHORT,2025-10-09T13:30:00+00:00,2025-10-09T13:45:00+00:00,27031,7.788,7.9027092323150185,7.644613459606227,0.11470923231501828,44.082197159850466,0.145,-1.2497167364990318,1.897918874038099,0.795063323963444,True,True,True,False,27030,V3_SCORE_CAP_55,2025-10-09T16:45:00+00:00,7.644613459606227,TP,1.25,0.18835152504651537,1.0616484749534847,12,adverse_stop_gap; SL-first intrabar,-86.7012133722337
XRP,SHORT,2025-10-10T02:00:00+00:00,2025-10-10T02:15:00+00:00,27081,2.8016,2.8226298733698187,2.775312658287727,0.021029873369818652,41.50424514325171,0.405,1.3867165595205968,1.2258814025502784,0.48141353680793575,True,True,True,False,27080,V3_SCORE_CAP_55,2025-10-10T03:30:00+00:00,2.8226298733698187,SL,-1.0,0.3744160359052911,-1.374416035905291,5,adverse_stop_gap; SL-first intrabar,-86.7012133722337
SOL,SHORT,2025-10-11T16:30:00+00:00,2025-10-11T16:45:00+00:00,27235,181.96,186.0507971759141,176.84650353010738,4.090797175914105,45.76776478802238,0.765,9.659162009171496,1.2755190456085126,0.6513926524094029,True,True,True,False,27234,V3_SCORE_CAP_55,2025-10-11T19:45:00+00:00,176.84650353010738,TP,1.2499999999999982,0.12279491828628805,1.1272050817137103,12,adverse_stop_gap; SL-first intrabar,-86.7012133722337
UNI,SHORT,2025-10-16T00:00:00+00:00,2025-10-16T00:15:00+00:00,27649,6.549,6.613349283004863,6.468563396243923,0.0643492830048622,31.037353891549508,0.495,-2.256820611755714,1.6499962218347994,0.015117016649820264,True,True,True,False,27648,V3_SCORE_CAP_55,2025-10-16T02:00:00+00:00,6.613349283004863,SL,-1.0,0.2863635480571625,-1.2863635480571625,7,adverse_stop_gap; SL-first intrabar,-86.7012133722337
XRP,SHORT,2025-10-16T00:00:00+00:00,2025-10-16T00:15:00+00:00,27649,2.3998,2.426045559066978,2.3669930511662773,0.026245559066977897,38.74253181533319,0.875,-3.1431957201005787,1.4652590047552443,0.7386729505572982,True,True,True,False,27648,V3_SCORE_CAP_55,2025-10-16T02:00:00+00:00,2.426045559066978,SL,-1.0,0.2574219800558329,-1.2574219800558328,7,adverse_stop_gap; SL-first intrabar,-86.7012133722337
ETH,SHORT,2025-10-16T04:45:00+00:00,2025-10-16T05:00:00+00:00,27668,3997.15,4044.5605270485103,3937.8868411893623,47.410527048510176,30.89035291345311,0.17,-1.379022494326712,1.8099141591217935,0.5457738367514003,True,True,True,False,27667,V3_SCORE_CAP_55,2025-10-16T06:45:00+00:00,4044.5605270485103,SL,-1.0,0.23746613755945783,-1.2374661375594578,7,adverse_stop_gap; SL-first intrabar,-86.7012133722337
AVAX,SHORT,2025-10-16T02:30:00+00:00,2025-10-16T02:45:00+00:00,27659,21.901,22.22388294868961,21.497396314137987,0.3228829486896103,22.754520650248256,0.835,-0.9175030062070064,1.432920955884688,0.24938665401905669,True,True,True,False,27658,V3_SCORE_CAP_55,2025-10-16T09:30:00+00:00,21.497396314137987,TP,1.25,0.18817269566687475,1.0618273043331252,27,adverse_stop_gap; SL-first intrabar,-86.7012133722337
DOGE,SHORT,2025-10-16T02:30:00+00:00,2025-10-16T02:45:00+00:00,27659,0.19679,0.19991105959524205,0.1928886755059474,0.0031210595952420594,26.427741742977933,0.665,-1.8691533913772105,1.4593244032422084,0.09268797978419957,True,True,True,False,27658,V3_SCORE_CAP_55,2025-10-16T09:30:00+00:00,0.1928886755059474,TP,1.2500000000000044,0.17479645263422638,1.0752035473657782,27,adverse_stop_gap; SL-first intrabar,-86.7012133722337
XRP,SHORT,2025-10-16T07:15:00+00:00,2025-10-16T07:30:00+00:00,27678,2.4063,2.436485535189611,2.368568081012986,0.0301855351896112,24.74856363109521,0.86,-1.7446449924051777,1.307840083462457,0.784176074727301,True,True,True,False,27677,V3_SCORE_CAP_55,2025-10-16T09:30:00+00:00,2.368568081012986,TP,1.25,0.2214575713641433,1.0285424286358567,8,adverse_stop_gap; SL-first intrabar,-86.7012133722337
CRV,SHORT,2025-10-16T02:30:00+00:00,2025-10-16T02:45:00+00:00,27659,0.55,0.5660698039793127,0.5299127450258592,0.01606980397931268,33.419522783259374,0.185,-3.2672551441384208,1.949128920721499,0.6634823409414145,True,True,True,False,27658,V3_SCORE_CAP_55,2025-10-16T09:45:00+00:00,0.5660698039793127,SL,-1.0,0.09723190946090604,-1.097231909460906,28,adverse_stop_gap; SL-first intrabar,-86.7012133722337
SOL,SHORT,2025-10-17T05:45:00+00:00,2025-10-17T06:00:00+00:00,27768,185.61,188.10980437430436,182.48524453211957,2.4998043743043468,33.32092126686751,0.29,1.6549920368576068,1.491090430935715,0.6010097522601301,True,True,True,False,27767,V3_SCORE_CAP_55,2025-10-17T06:30:00+00:00,182.48524453211957,TP,1.2500000000000058,0.20614946819123633,1.0438505318087694,2,adverse_stop_gap; SL-first intrabar,-86.7012133722337
SUI,SHORT,2025-10-22T14:15:00+00:00,2025-10-22T14:30:00+00:00,28282,2.4093,2.460420245575878,2.345399693030153,0.05112024557587791,39.262505915402414,0.27,0.6779320895418977,2.274438279335727,0.7230538521707014,True,True,True,False,28281,V3_SCORE_CAP_55,2025-10-22T15:00:00+00:00,2.460420245575878,SL,-1.0,0.13336415478847488,-1.133364154788475,2,adverse_stop_gap; SL-first intrabar,-86.7012133722337
XRP,SHORT,2025-10-22T14:00:00+00:00,2025-10-22T14:15:00+00:00,28281,2.3884,2.4200902636707715,2.3487871704115353,0.03169026367077166,40.2141022073316,0.03,-3.403400734421382,1.6568145251298996,0.7065405593169121,True,True,True,False,28280,V3_SCORE_CAP_55,2025-10-22T21:00:00+00:00,2.3487871704115353,TP,1.25,0.2092775909811374,1.0407224090188625,27,adverse_stop_gap; SL-first intrabar,-86.7012133722337
AVAX,SHORT,2025-10-29T03:00:00+00:00,2025-10-29T03:15:00+00:00,28909,19.44,19.59848503151857,19.24189371060179,0.15848503151856974,24.463051228570336,0.245,0.8252503516685152,1.211154716294594,0.3620773166894412,True,True,True,False,28908,V3_SCORE_CAP_55,2025-10-29T05:30:00+00:00,19.59848503151857,SL,-1.0,0.34485199340558664,-1.3448519934055867,9,adverse_stop_gap; SL-first intrabar,-86.7012133722337
CRV,SHORT,2025-11-01T09:30:00+00:00,2025-11-01T09:45:00+00:00,29223,0.477,0.4861338933653214,0.46558263329334815,0.009133893365321444,46.30547432547983,0.745,4.489945485302531,1.2510630641293008,0.7285661087440669,True,True,True,False,29222,V3_SCORE_CAP_55,2025-11-01T13:30:00+00:00,0.4861338933653214,SL,-1.0,0.14762461053364806,-1.147624610533648,15,adverse_stop_gap; SL-first intrabar,-86.7012133722337
XRP,SHORT,2025-11-02T00:15:00+00:00,2025-11-02T00:30:00+00:00,29282,2.4982,2.510951443264446,2.482260695919443,0.012751443264445772,32.50331775985363,0.5,-0.5471373776808584,1.3632501258264025,0.45272817866718446,True,True,True,False,29281,V3_SCORE_CAP_55,2025-11-02T02:30:00+00:00,2.510951443264446,SL,-1.0,0.5499622180121139,-1.549962218012114,8,adverse_stop_gap; SL-first intrabar,-86.7012133722337
ADA,SHORT,2025-11-02T00:15:00+00:00,2025-11-02T00:30:00+00:00,29282,0.6096,0.6143771781696419,0.6036285272879477,0.004777178169641849,27.018504035264368,0.76,0.9160670055126587,1.21817834310109,0.6697783720206038,True,True,True,False,29281,V3_SCORE_CAP_55,2025-11-02T04:45:00+00:00,0.6143771781696419,SL,-1.0,0.3586987942645578,-1.3586987942645579,17,adverse_stop_gap; SL-first intrabar,-86.7012133722337
SOL,SHORT,2025-11-02T22:30:00+00:00,2025-11-02T22:45:00+00:00,29371,184.56,186.21402836525354,182.49246454343307,1.654028365253538,32.5955398899993,0.57,0.1397835240925538,1.4867170292156398,0.006478189756844136,True,True,True,False,29370,V3_SCORE_CAP_55,2025-11-02T23:00:00+00:00,186.21402836525354,SL,-1.0,0.313829950329653,-1.3138299503296529,1,adverse_stop_gap; SL-first intrabar,-86.7012133722337
SUI,SHORT,2025-11-02T22:30:00+00:00,2025-11-02T22:45:00+00:00,29371,2.3103,2.3370916264652144,2.2768104669184814,0.026791626465214602,39.98881648891877,0.755,1.5083828245508712,1.6405699463787893,0.4484224274054184,True,True,True,False,29370,V3_SCORE_CAP_55,2025-11-02T23:00:00+00:00,2.3370916264652144,SL,-1.0,0.24285006681094695,-1.242850066810947,1,adverse_stop_gap; SL-first intrabar,-86.7012133722337
XRP,SHORT,2025-11-02T22:30:00+00:00,2025-11-02T22:45:00+00:00,29371,2.4916,2.5120981865308463,2.4659772668364424,0.02049818653084623,38.66229969701676,0.285,-3.279975452219702,1.8768817979307517,0.7837703086752325,True,True,True,False,29370,V3_SCORE_CAP_55,2025-11-02T23:00:00+00:00,2.5120981865308463,SL,-1.0,0.3417462052363316,-1.3417462052363316,1,adverse_stop_gap; SL-first intrabar,-86.7012133722337
BTC,SHORT,2025-11-04T02:45:00+00:00,2025-11-04T03:00:00+00:00,29484,106438.0,107558.06840672797,105037.91449159004,1120.0684067279653,52.07395697750098,0.26,4.829424259213734,1.3272558538901,0.4981766351807176,True,True,True,False,29483,V3_SCORE_CAP_55,2025-11-04T05:30:00+00:00,105037.91449159004,TP,1.2500000000000033,0.2643287485923461,0.9856712514076572,10,adverse_stop_gap; SL-first intrabar,-86.7012133722337
LINK,SHORT,2025-11-04T04:30:00+00:00,2025-11-04T04:45:00+00:00,29491,15.267,15.578007842267946,14.878240197165066,0.3110078422679461,49.297638045093386,0.725,6.5961548456622054,1.2198035348440022,0.7112502566112571,True,True,True,False,29490,V3_SCORE_CAP_55,2025-11-04T05:30:00+00:00,14.878240197165066,TP,1.2500000000000013,0.13569862408701314,1.1143013759129883,3,adverse_stop_gap; SL-first intrabar,-86.7012133722337
ETH,SHORT,2025-11-04T15:45:00+00:00,2025-11-04T16:00:00+00:00,29536,3505.99,3576.966194006996,3417.2697574912545,70.97619400699614,53.1840863965756,0.75,4.360200096320291,2.04220489606542,0.5303378815962995,True,True,True,False,29535,V3_SCORE_CAP_55,2025-11-04T17:00:00+00:00,3417.2697574912545,TP,1.2500000000000016,0.1365607693691262,1.1134392306308754,4,adverse_stop_gap; SL-first intrabar,-86.7012133722337
BNB,SHORT,2025-11-06T12:00:00+00:00,2025-11-06T12:15:00+00:00,29713,952.25,961.2944787152896,940.944401605888,9.044478715289642,50.93692650544934,0.955,0.11436930667048983,1.2356245679815974,0.4163691021172925,True,True,True,False,29712,V3_SCORE_CAP_55,2025-11-06T14:00:00+00:00,940.944401605888,TP,1.25,0.29304863726061225,0.9569513627393877,7,adverse_stop_gap; SL-first intrabar,-86.7012133722337
ADA,SHORT,2025-11-06T14:00:00+00:00,2025-11-06T14:15:00+00:00,29721,0.5332,0.5416100443794415,0.5226874445256982,0.008410044379441484,32.54306219750905,0.87,-1.0673039971336706,1.5552222984090827,0.39369273353823725,True,True,True,False,29720,V3_SCORE_CAP_55,2025-11-06T15:30:00+00:00,0.5226874445256982,TP,1.25,0.17577106084595343,1.0742289391540465,5,adverse_stop_gap; SL-first intrabar,-86.7012133722337
AVAX,SHORT,2025-11-06T14:00:00+00:00,2025-11-06T14:15:00+00:00,29721,16.226,16.47858049122476,15.910274385969046,0.2525804912247622,35.35567038636846,0.64,-0.20786212091717715,2.084766361468799,0.463833038998903,True,True,True,False,29720,V3_SCORE_CAP_55,2025-11-06T15:30:00+00:00,15.910274385969046,TP,1.25,0.1781245412984845,1.0718754587015156,5,adverse_stop_gap; SL-first intrabar,-86.7012133722337
AVAX,SHORT,2025-11-06T20:30:00+00:00,2025-11-06T20:45:00+00:00,29747,15.943,16.288975457291716,15.510530678385354,0.34597545729171664,49.330723382700015,0.685,1.3527916424245774,1.2803975566726655,0.5360327670036366,True,True,True,False,29746,V3_SCORE_CAP_55,2025-11-07T00:45:00+00:00,16.288975457291716,SL,-1.0,0.1304276493871659,-1.130427649387166,16,adverse_stop_gap; SL-first intrabar,-86.7012133722337
BTC,SHORT,2025-11-07T00:15:00+00:00,2025-11-07T00:30:00+00:00,29762,100891.0,101879.32511869782,99655.59360162773,988.3251186978159,29.980992222969128,0.645,1.218164470643302,2.2006789730284364,0.7534912578969665,True,True,True,False,29761,V3_SCORE_CAP_55,2025-11-07T02:45:00+00:00,101879.32511869782,SL,-1.0,0.28723185295564047,-1.2872318529556406,9,adverse_stop_gap; SL-first intrabar,-86.7012133722337
SOL,SHORT,2025-11-07T01:30:00+00:00,2025-11-07T01:45:00+00:00,29767,155.12,158.0844171443384,151.414478569577,2.964417144338398,43.62738709575333,0.905,0.616452483485304,2.361126448039949,0.4761477806644551,True,True,True,False,29766,V3_SCORE_CAP_55,2025-11-07T03:00:00+00:00,158.0844171443384,SL,-1.0,0.1479164917257067,-1.1479164917257068,5,adverse_stop_gap; SL-first intrabar,-86.7012133722337
SOL,SHORT,2025-11-09T00:00:00+00:00,2025-11-09T00:15:00+00:00,29953,157.41,158.71490845991775,155.7788644251028,1.3049084599177547,44.75585951111263,0.775,-1.678783771130405,1.5336699909262186,0.6791790165685797,True,True,True,False,29952,V3_SCORE_CAP_55,2025-11-09T02:45:00+00:00,155.7788644251028,TP,1.2500000000000056,0.3360116235454395,0.913988376454566,10,adverse_stop_gap; SL-first intrabar,-86.7012133722337
BNB,SHORT,2025-11-11T13:45:00+00:00,2025-11-11T14:00:00+00:00,30200,977.15,986.8810573166579,964.9861783541776,9.731057316657939,25.390399107822276,0.045,-2.3587952261569747,1.2345095553687806,0.6671080921288656,True,True,True,False,30199,V3_SCORE_CAP_55,2025-11-11T17:30:00+00:00,964.9861783541776,TP,1.2499999999999971,0.2794136917723619,0.9705863082276351,14,adverse_stop_gap; SL-first intrabar,-86.7012133722337
BTC,SHORT,2025-11-12T02:30:00+00:00,2025-11-12T02:45:00+00:00,30251,102986.4,103559.8994963377,102269.52562957785,573.4994963377103,34.72209732907883,0.155,-2.6716067238483205,1.8680697774151518,0.2504735124077021,True,True,True,False,30250,V3_SCORE_CAP_55,2025-11-12T06:00:00+00:00,103559.8994963377,SL,-1.0,0.5042111128979886,-1.5042111128979885,13,adverse_stop_gap; SL-first intrabar,-86.7012133722337
ETH,SHORT,2025-11-12T02:30:00+00:00,2025-11-12T02:45:00+00:00,30251,3423.07,3466.263404410263,3369.078244487172,43.1934044102627,28.55364750476035,0.075,-2.0841230706174194,1.2957184757407783,0.6623645966615404,True,True,True,False,30250,V3_SCORE_CAP_55,2025-11-12T08:30:00+00:00,3466.263404410263,SL,-1.0,0.22329952681115156,-1.2232995268111515,23,adverse_stop_gap; SL-first intrabar,-86.7012133722337
SOL,SHORT,2025-11-12T07:45:00+00:00,2025-11-12T08:00:00+00:00,30272,154.91,156.83112642749404,152.50859196563243,1.9211264274940447,39.91808515651439,0.255,1.228916075021651,2.165184869727555,0.7351755275659457,True,True,True,False,30271,V3_SCORE_CAP_55,2025-11-12T08:30:00+00:00,156.83112642749404,SL,-1.0,0.22717795703210922,-1.2271779570321093,2,adverse_stop_gap; SL-first intrabar,-86.7012133722337
BTC,SHORT,2025-11-14T00:00:00+00:00,2025-11-14T00:15:00+00:00,30433,99302.2,100681.308473886,97578.3144076425,1379.1084738860081,42.247297476078636,0.04,0.0006021125381518999,1.5844506261104787,0.41343310742027173,True,True,True,False,30432,V3_SCORE_CAP_55,2025-11-14T04:30:00+00:00,97578.3144076425,TP,1.2499999999999947,0.19986297335555508,1.0501370266444396,17,adverse_stop_gap; SL-first intrabar,-86.7012133722337
XRP,SHORT,2025-11-15T13:30:00+00:00,2025-11-15T13:45:00+00:00,30583,2.2577,2.2854878103069964,2.222965237116254,0.02778781030699662,51.45300303182262,0.375,2.9727408490303624,1.683630932570906,0.3876702925932746,True,True,True,False,30582,V3_SCORE_CAP_55,2025-11-15T21:30:00+00:00,2.222965237116254,TP,1.25,0.2257439957542574,1.0242560042457427,31,adverse_stop_gap; SL-first intrabar,-86.7012133722337
LINK,SHORT,2025-11-16T00:00:00+00:00,2025-11-16T00:15:00+00:00,30625,14.07,14.187526406903652,13.923091991370436,0.1175264069036519,49.0036902393063,0.615,3.303284952469543,1.4982189310982257,0.7485194989377991,True,True,True,False,30624,V3_SCORE_CAP_55,2025-11-16T01:30:00+00:00,13.923091991370436,TP,1.2499999999999962,0.3334597714711624,0.9165402285288338,5,adverse_stop_gap; SL-first intrabar,-86.7012133722337
FET,SHORT,2025-11-17T17:30:00+00:00,2025-11-17T17:45:00+00:00,30791,0.2735,0.2849951667869967,0.25913104151625416,0.011495166786996691,25.82831923085073,0.085,-0.13847607830336628,1.267738059273953,0.7934317078895607,True,True,True,False,30790,V3_SCORE_CAP_55,2025-11-18T14:30:00+00:00,0.2849951667869967,SL,-1.0,0.0680193030679878,-1.0680193030679879,83,adverse_stop_gap; SL-first intrabar,-86.7012133722337
CRV,SHORT,2025-11-21T02:00:00+00:00,2025-11-21T02:15:00+00:00,31113,0.415,0.42210928851134044,0.4061133893608244,0.007109288511340461,20.92371315632297,0.4,0.1986094994096419,1.4447485263048012,0.227843302702719,True,True,True,False,31112,V3_SCORE_CAP_55,2025-11-21T04:15:00+00:00,0.4061133893608244,TP,1.249999999999998,0.1616981422643662,1.0883018577356318,8,adverse_stop_gap; SL-first intrabar,-86.7012133722337
AVAX,SHORT,2025-11-21T02:00:00+00:00,2025-11-21T02:15:00+00:00,31113,13.864,14.040885355471428,13.642893305660717,0.17688535547142692,49.08414365298356,0.955,0.11299541353515963,1.2648955949044065,0.39242453908876784,True,True,True,False,31112,V3_SCORE_CAP_55,2025-11-21T04:30:00+00:00,13.642893305660717,TP,1.25,0.2177096601654264,1.0322903398345735,9,adverse_stop_gap; SL-first intrabar,-86.7012133722337
BNB,SHORT,2025-11-21T18:00:00+00:00,2025-11-21T18:15:00+00:00,31177,818.21,840.0157034943608,790.9528706320491,21.805703494360728,49.83543497344193,0.855,6.520212841961651,1.4533666245350851,0.6874344217041857,True,True,True,False,31176,V3_SCORE_CAP_55,2025-11-22T00:00:00+00:00,840.0157034943608,SL,-1.0,0.10646370503444123,-1.1064637050344412,23,adverse_stop_gap; SL-first intrabar,-86.7012133722337
UNI,SHORT,2025-11-25T22:00:00+00:00,2025-11-25T22:15:00+00:00,31577,6.086,6.204282681179592,5.93814664852551,0.11828268117959162,36.45777128283952,0.46,0.7115806043505053,1.8740119359750675,0.1269160563058703,True,True,True,False,31576,V3_SCORE_CAP_55,2025-11-25T22:45:00+00:00,6.204282681179592,SL,-1.0,0.145468428531194,-1.145468428531194,2,adverse_stop_gap; SL-first intrabar,-86.7012133722337
UNI,SHORT,2025-11-29T08:30:00+00:00,2025-11-29T08:45:00+00:00,31907,6.112,6.166733673898139,6.043582907627327,0.05473367389813877,28.171486170638143,0.09,-1.6088557392295915,1.2375936758469368,0.5214853754064629,True,True,True,False,31906,V3_SCORE_CAP_55,2025-11-29T10:45:00+00:00,6.166733673898139,SL,-1.0,0.31407040527644814,-1.314070405276448,8,adverse_stop_gap; SL-first intrabar,-86.7012133722337
UNI,SHORT,2025-11-29T12:00:00+00:00,2025-11-29T12:15:00+00:00,31921,6.116,6.178346006330912,6.038067492086359,0.06234600633091247,28.212446427075538,0.09,-1.6088557392295915,1.2779378948659283,0.7367232049708401,True,True,True,False,31920,V3_SCORE_CAP_55,2025-11-29T17:30:00+00:00,6.038067492086359,TP,1.25,0.27292356784822897,0.9770764321517711,21,adverse_stop_gap; SL-first intrabar,-86.7012133722337
DOGE,SHORT,2025-11-29T12:15:00+00:00,2025-11-29T12:30:00+00:00,31922,0.14909,0.1501628973507051,0.14774887831161865,0.0010728973507050932,33.747752413979576,0.005,-1.8380856333742326,1.286573598883049,0.4138730951562756,True,True,True,False,31921,V3_SCORE_CAP_55,2025-11-29T17:30:00+00:00,0.14774887831161865,TP,1.2499999999999871,0.38733848057613,0.8626615194238572,20,adverse_stop_gap; SL-first intrabar,-86.7012133722337
SUI,SHORT,2025-11-29T23:00:00+00:00,2025-11-29T23:15:00+00:00,31965,1.4953,1.5068265465293356,1.4808918168383307,0.01152654652933549,31.930542281891327,0.16,-3.8615579387662144,1.2649111748100283,0.38945631646027246,True,True,True,False,31964,V3_SCORE_CAP_55,2025-11-30T01:45:00+00:00,1.5068265465293356,SL,-1.0,0.3646345550633346,-1.3646345550633345,10,adverse_stop_gap; SL-first intrabar,-86.7012133722337
DOGE,SHORT,2025-12-01T09:00:00+00:00,2025-12-01T09:15:00+00:00,32101,0.13735,0.13858657732604818,0.13580427834243977,0.0012365773260481772,53.72501413465064,0.1,7.169827461169193,1.669783438611088,0.6225072458193343,True,True,True,False,32100,V3_SCORE_CAP_55,2025-12-01T12:30:00+00:00,0.13580427834243977,TP,1.2500000000000056,0.3092535999358254,0.9407464000641801,13,adverse_stop_gap; SL-first intrabar,-86.7012133722337
UNI,SHORT,2025-12-02T07:00:00+00:00,2025-12-02T07:15:00+00:00,32189,5.504,5.554558604879756,5.440801743900304,0.05055860487975661,50.36463898393904,0.415,4.930329697057587,1.2660101006592939,0.2753178997646911,True,True,True,False,32188,V3_SCORE_CAP_55,2025-12-02T08:15:00+00:00,5.440801743900304,TP,1.2500000000000044,0.30306853754968943,0.946931462450315,4,adverse_stop_gap; SL-first intrabar,-86.7012133722337
XRP,SHORT,2025-12-05T13:30:00+00:00,2025-12-05T13:45:00+00:00,32503,2.0623,2.0808638408805806,2.0390951988992745,0.018563840880580607,33.45207922416523,0.255,1.3925716484636972,1.461861679330687,0.7491793582529128,True,True,True,False,32502,V3_SCORE_CAP_55,2025-12-05T15:00:00+00:00,2.0808638408805806,SL,-1.0,0.31245847314391534,-1.3124584731439153,5,adverse_stop_gap; SL-first intrabar,-86.7012133722337
UNI,SHORT,2025-12-06T10:30:00+00:00,2025-12-06T10:45:00+00:00,32587,5.477,5.532211853021898,5.407985183722628,0.05521185302189746,51.05668965586516,0.465,5.552118211451841,1.5866997731770982,0.5020776584507121,True,True,True,False,32586,V3_SCORE_CAP_55,2025-12-06T14:00:00+00:00,5.532211853021898,SL,-1.0,0.2791591977200581,-1.279159197720058,13,adverse_stop_gap; SL-first intrabar,-86.7012133722337
DOGE,SHORT,2025-12-06T05:15:00+00:00,2025-12-06T05:30:00+00:00,32566,0.13929,0.14045532579288222,0.13783334275889722,0.001165325792882227,45.18749644038408,0.32,4.6830902046330465,1.392951861248062,0.4788070668689943,True,True,True,False,32565,V3_SCORE_CAP_55,2025-12-06T14:15:00+00:00,0.14045532579288222,SL,-1.0,0.3360806553001581,-1.336080655300158,35,adverse_stop_gap; SL-first intrabar,-86.7012133722337
AVAX,SHORT,2025-12-06T02:00:00+00:00,2025-12-06T02:15:00+00:00,32553,13.267,13.427380620274208,13.066524224657238,0.16038062027420885,39.08325545610386,0.255,0.18170067891621855,2.638416294250654,0.2167355429464304,True,True,True,False,32552,V3_SCORE_CAP_55,2025-12-06T18:15:00+00:00,13.427380620274208,SL,-1.0,0.23302150100484295,-1.2330215010048429,64,adverse_stop_gap; SL-first intrabar,-86.7012133722337
DOGE,SHORT,2025-12-07T13:00:00+00:00,2025-12-07T13:15:00+00:00,32693,0.13895,0.14000658992311474,0.13762926259610656,0.001056589923114748,38.46480380722362,0.54,1.0440285179949207,2.015109675435143,0.5645420831210646,True,True,True,False,32692,V3_SCORE_CAP_55,2025-12-07T14:00:00+00:00,0.13762926259610656,TP,1.25,0.3664723268352591,0.8835276731647409,3,adverse_stop_gap; SL-first intrabar,-86.7012133722337
UNI,SHORT,2025-12-11T07:45:00+00:00,2025-12-11T08:00:00+00:00,33056,5.353,5.405965529447071,5.2867930881911605,0.05296552944707145,37.68873410778073,0.36,-1.1848826919885198,1.429975563814568,0.7316563947108334,True,True,True,False,33055,V3_SCORE_CAP_55,2025-12-11T11:30:00+00:00,5.405965529447071,SL,-1.0,0.28438404937078815,-1.284384049370788,14,adverse_stop_gap; SL-first intrabar,-86.7012133722337
XRP,SHORT,2025-12-11T11:45:00+00:00,2025-12-11T12:00:00+00:00,33072,2.007,2.021409058672882,1.9889886766588978,0.01440905867288178,33.24926912332426,0.005,-0.6982665479185872,1.703399977723732,0.6407440902253045,True,True,True,False,33071,V3_SCORE_CAP_55,2025-12-11T14:45:00+00:00,1.9889886766588978,TP,1.2500000000000078,0.3882546580125482,0.8617453419874596,11,adverse_stop_gap; SL-first intrabar,-86.7012133722337
UNI,SHORT,2025-12-11T14:15:00+00:00,2025-12-11T14:30:00+00:00,33082,5.347,5.403832653686926,5.275959182891343,0.056832653686925916,22.02209944112124,0.275,-3.954261211005228,1.2106505893662096,0.6949906388112023,True,True,True,False,33081,V3_SCORE_CAP_55,2025-12-11T18:30:00+00:00,5.403832653686926,SL,-1.0,0.26483306231086917,-1.2648330623108692,16,adverse_stop_gap; SL-first intrabar,-86.7012133722337
SOL,SHORT,2025-12-12T23:45:00+00:00,2025-12-13T00:00:00+00:00,33216,132.19,133.39627702625677,130.68215371717903,1.206277026256771,36.919461747917545,0.25,-1.2631113312958462,1.2618915896918739,0.3033869880932567,True,True,True,False,33215,V3_SCORE_CAP_55,2025-12-13T08:15:00+00:00,133.39627702625677,SL,-1.0,0.30823830657752477,-1.3082383065775247,33,adverse_stop_gap; SL-first intrabar,-86.7012133722337
BTC,SHORT,2025-12-13T20:45:00+00:00,2025-12-13T21:00:00+00:00,33300,90058.5,90258.2853572028,89808.7683034965,199.78535720279615,28.263971184639438,0.005,-1.0672872251444474,1.2494045102394464,0.573288698557153,True,True,True,False,33299,V3_SCORE_CAP_55,2025-12-13T21:30:00+00:00,89808.7683034965,TP,1.2500000000000182,1.2604235823413528,-0.010423582341334559,2,adverse_stop_gap; SL-first intrabar,-86.7012133722337
ADA,SHORT,2025-12-14T04:00:00+00:00,2025-12-14T04:15:00+00:00,33329,0.409,0.4116725562865751,0.405659304641781,0.002672556286575145,24.460576788724723,0.35,0.18163804686741614,1.3343435801767576,0.654916125650568,True,True,True,False,33328,V3_SCORE_CAP_55,2025-12-14T09:30:00+00:00,0.405659304641781,TP,1.2500000000000104,0.42675360374170546,0.823246396258305,21,adverse_stop_gap; SL-first intrabar,-86.7012133722337
LINK,SHORT,2025-12-14T08:15:00+00:00,2025-12-14T08:30:00+00:00,33346,13.668,13.770435012797163,13.539956234003544,0.10243501279716405,33.38374588672971,0.005,-2.1742346816528872,1.5095466705067673,0.5188072525869419,True,True,True,False,33345,V3_SCORE_CAP_55,2025-12-14T11:15:00+00:00,13.539956234003544,TP,1.2500000000000044,0.37185663073065506,0.8781433692693494,11,adverse_stop_gap; SL-first intrabar,-86.7012133722337
FET,SHORT,2025-12-14T13:00:00+00:00,2025-12-14T13:15:00+00:00,33365,0.2393,0.24238280195323034,0.23544649755846211,0.003082801953230324,43.20486861857294,0.215,-1.7422454234130917,1.3610228460071763,0.5116190556514343,True,True,True,False,33364,V3_SCORE_CAP_55,2025-12-14T17:00:00+00:00,0.23544649755846211,TP,1.2499999999999978,0.21559772786746695,1.0344022721325308,15,adverse_stop_gap; SL-first intrabar,-86.7012133722337
XRP,SHORT,2025-12-16T00:00:00+00:00,2025-12-16T00:15:00+00:00,33505,1.8894,1.9035537286235171,1.8717078392206035,0.014153728623517159,48.35715456239905,0.56,6.3576281279109175,1.2489293232710204,0.45097470133742085,True,True,True,False,33504,V3_SCORE_CAP_55,2025-12-16T01:45:00+00:00,1.8717078392206035,TP,1.250000000000004,0.37202571244441246,0.8779742875555916,6,adverse_stop_gap; SL-first intrabar,-86.7012133722337
ADA,SHORT,2025-12-16T07:15:00+00:00,2025-12-16T07:30:00+00:00,33534,0.3826,0.3864665936134255,0.3777667579832181,0.0038665936134255063,53.20098731732096,0.67,4.575209776968741,1.295964660807488,0.14054968750312644,True,True,True,False,33533,V3_SCORE_CAP_55,2025-12-16T10:30:00+00:00,0.3864665936134255,SL,-1.0,0.2784604069381183,-1.2784604069381182,12,adverse_stop_gap; SL-first intrabar,-86.7012133722337
DOGE,SHORT,2025-12-17T12:00:00+00:00,2025-12-17T12:15:00+00:00,33649,0.12998,0.13073164450496144,0.12904044436879822,0.0007516445049614295,37.323150753350866,0.54,0.6574291756196686,1.7209657305142783,0.5472255655820347,True,True,True,False,33648,V3_SCORE_CAP_55,2025-12-17T13:45:00+00:00,0.13073164450496144,SL,-1.0,0.48559698088350384,-1.485596980883504,6,adverse_stop_gap; SL-first intrabar,-86.7012133722337
ADA,SHORT,2025-12-17T13:00:00+00:00,2025-12-17T13:15:00+00:00,33653,0.3794,0.3827924023117091,0.37515949711036367,0.003392402311709064,44.705441885950115,0.705,2.283459116715264,1.558120133301253,0.2161436469658862,True,True,True,False,33652,V3_SCORE_CAP_55,2025-12-17T13:45:00+00:00,0.3827924023117091,SL,-1.0,0.31454682115778065,-1.3145468211577807,2,adverse_stop_gap; SL-first intrabar,-86.7012133722337
UNI,SHORT,2025-12-17T14:30:00+00:00,2025-12-17T14:45:00+00:00,33659,5.083,5.151045739717453,4.997942825353183,0.0680457397174532,27.74066419856599,0.35,-1.1493409681084685,2.104786779461499,0.43390400226623327,True,True,True,False,33658,V3_SCORE_CAP_55,2025-12-17T14:45:00+00:00,5.151045739717453,SL,-1.0,0.2105593104740619,-1.210559310474062,0,adverse_stop_gap; SL-first intrabar,-86.7012133722337
BNB,SHORT,2025-12-18T01:00:00+00:00,2025-12-18T01:15:00+00:00,33701,840.42,848.1624794711349,830.7419006610812,7.7424794711349705,33.02877059904559,0.465,1.371585488418031,1.7235044007855989,0.7899356031585502,True,True,True,False,33700,V3_SCORE_CAP_55,2025-12-18T05:00:00+00:00,830.7419006610812,TP,1.2500000000000038,0.3021805443137388,0.9478194556862649,15,adverse_stop_gap; SL-first intrabar,-86.7012133722337
CRV,SHORT,2025-12-18T05:00:00+00:00,2025-12-18T05:15:00+00:00,33717,0.349,0.3528997562892611,0.34412530463842356,0.003899756289261147,33.43800437502321,0.455,-0.7949470999815951,1.7061571490829297,0.5486293162658646,True,True,True,False,33716,V3_SCORE_CAP_55,2025-12-18T08:15:00+00:00,0.3528997562892611,SL,-1.0,0.25197976127660565,-1.2519797612766057,12,adverse_stop_gap; SL-first intrabar,-86.7012133722337
AVAX,SHORT,2025-12-18T07:30:00+00:00,2025-12-18T07:45:00+00:00,33727,11.734,11.822545970287205,11.623317537140993,0.08854597028720512,26.76076161121613,0.725,-0.29593017289846557,1.2648483109199682,0.19305751037968755,True,True,True,False,33726,V3_SCORE_CAP_55,2025-12-18T13:00:00+00:00,11.822545970287205,SL,-1.0,0.37245245889148687,-1.3724524588914868,21,adverse_stop_gap; SL-first intrabar,-86.7012133722337
CRV,SHORT,2025-12-19T13:30:00+00:00,2025-12-19T13:45:00+00:00,33847,0.344,0.34658820575586063,0.34076474280517416,0.002588205755860662,30.792120016593177,0.305,-1.771683395839105,2.0841234931850785,0.2119154761394647,True,True,True,False,33846,V3_SCORE_CAP_55,2025-12-19T14:30:00+00:00,0.34658820575586063,SL,-1.0,0.3735497017070441,-1.3735497017070442,3,adverse_stop_gap; SL-first intrabar,-86.7012133722337
ADA,SHORT,2025-12-23T12:00:00+00:00,2025-12-23T12:15:00+00:00,34225,0.3655,0.36931290349731544,0.3607338706283557,0.003812903497315445,34.95744044215569,0.14,0.4990064017996225,1.3680539403462422,0.18907495714452016,True,True,True,False,34224,V3_SCORE_CAP_55,2025-12-23T13:30:00+00:00,0.3607338706283557,TP,1.2499999999999927,0.2666543802106574,0.9833456197893353,5,adverse_stop_gap; SL-first intrabar,-86.7012133722337
DOGE,SHORT,2025-12-23T12:00:00+00:00,2025-12-23T12:15:00+00:00,34225,0.13046,0.1316140971114359,0.1290173786107051,0.0011540971114359089,34.53223498527619,0.4,0.5359445453643872,1.7153628702367039,0.6016324097998476,True,True,True,False,34224,V3_SCORE_CAP_55,2025-12-23T13:30:00+00:00,0.1290173786107051,TP,1.249999999999994,0.31476409260137095,0.9352359073986231,5,adverse_stop_gap; SL-first intrabar,-86.7012133722337
LINK,SHORT,2025-12-23T12:00:00+00:00,2025-12-23T12:15:00+00:00,34225,12.303,12.425800603240882,12.149499245948899,0.12280060324088105,26.269560246663914,0.155,-1.4511513071653361,1.6351546358039348,0.678939002428243,True,True,True,False,34224,V3_SCORE_CAP_55,2025-12-23T13:30:00+00:00,12.149499245948899,TP,1.2500000000000036,0.2787730519301873,0.9712269480698162,5,adverse_stop_gap; SL-first intrabar,-86.7012133722337
FET,SHORT,2025-12-23T12:15:00+00:00,2025-12-23T12:30:00+00:00,34226,0.2052,0.20795443656543097,0.20175695429321128,0.002754436565430979,32.16902617203162,0.005,-1.2148419062463383,1.582011578675566,0.4007772458505035,True,True,True,False,34225,V3_SCORE_CAP_55,2025-12-23T14:45:00+00:00,0.20175695429321128,TP,1.2499999999999976,0.20684438449623554,1.043155615503762,9,adverse_stop_gap; SL-first intrabar,-86.7012133722337
SUI,SHORT,2025-12-24T00:00:00+00:00,2025-12-24T00:15:00+00:00,34273,1.4319,1.4475679711235654,1.4123150360955432,0.01566797112356544,23.65170875299617,0.165,-2.650045879845228,1.2454515398090786,0.5133035541586071,True,True,True,False,34272,V3_SCORE_CAP_55,2025-12-24T02:30:00+00:00,1.4123150360955432,TP,1.2499999999999964,0.2541427361035134,0.9958572638964831,9,adverse_stop_gap; SL-first intrabar,-86.7012133722337
DOGE,SHORT,2025-12-23T17:15:00+00:00,2025-12-23T17:30:00+00:00,34246,0.12948,0.1313759302680483,0.12711008716493966,0.001895930268048296,42.7245292737881,0.235,-1.7780686731453592,1.2580222388658933,0.5733916684312553,True,True,True,False,34245,V3_SCORE_CAP_55,2025-12-24T05:30:00+00:00,0.12711008716493966,TP,1.2499999999999927,0.18947222273143477,1.060527777268558,48,adverse_stop_gap; SL-first intrabar,-86.7012133722337
FET,SHORT,2025-12-24T09:45:00+00:00,2025-12-24T10:00:00+00:00,34312,0.2026,0.20550503391604652,0.19896870760494184,0.0029050339160465177,25.505778588528294,0.005,-0.12838685200655853,1.2488799255895813,0.786586294937057,True,True,True,False,34311,V3_SCORE_CAP_55,2025-12-24T11:00:00+00:00,0.20550503391604652,SL,-1.0,0.1966748285885817,-1.1966748285885818,4,adverse_stop_gap; SL-first intrabar,-86.7012133722337
ADA,SHORT,2025-12-24T13:30:00+00:00,2025-12-24T13:45:00+00:00,34327,0.3566,0.36000195381621547,0.3523475577297306,0.003401953816215497,40.86182782190146,0.025,-0.14973917801673942,1.8840199631979435,0.6341728027090039,True,True,True,False,34326,V3_SCORE_CAP_55,2025-12-24T14:30:00+00:00,0.3523475577297306,TP,1.250000000000004,0.29175192681650186,0.9582480731835021,3,adverse_stop_gap; SL-first intrabar,-86.7012133722337
SOL,SHORT,2025-12-24T13:30:00+00:00,2025-12-24T13:45:00+00:00,34327,121.86,122.74094833863798,120.75881457670252,0.8809483386379782,48.24824762040591,0.125,2.0553316191264823,1.5618171301697332,0.262183230516698,True,True,True,False,34326,V3_SCORE_CAP_55,2025-12-24T14:30:00+00:00,120.75881457670252,TP,1.250000000000008,0.38556896643058186,0.8644310335694261,3,adverse_stop_gap; SL-first intrabar,-86.7012133722337
FET,SHORT,2025-12-24T13:30:00+00:00,2025-12-24T13:45:00+00:00,34327,0.2036,0.20632653430786752,0.2001918321151656,0.002726534307867512,43.0620775816737,0.01,-0.4589494729695165,1.512033672251806,0.5463331192193156,True,True,True,False,34326,V3_SCORE_CAP_55,2025-12-24T14:45:00+00:00,0.20632653430786752,SL,-1.0,0.21048594414345487,-1.2104859441434548,4,adverse_stop_gap; SL-first intrabar,-86.7012133722337
DOGE,SHORT,2025-12-24T13:30:00+00:00,2025-12-24T13:45:00+00:00,34327,0.1278,0.128754507334019,0.12660686583247624,0.0009545073340190002,37.02776195968709,0.13,-0.4719745915216773,1.5827032140467,0.1645698355781435,True,True,True,False,34326,V3_SCORE_CAP_55,2025-12-24T16:00:00+00:00,0.128754507334019,SL,-1.0,0.37629497172671994,-1.3762949717267199,9,adverse_stop_gap; SL-first intrabar,-86.7012133722337
SOL,SHORT,2025-12-25T14:15:00+00:00,2025-12-25T14:30:00+00:00,34426,121.86,122.47941056794873,121.08573679006409,0.6194105679487336,34.45212860547723,0.18,0.8110986686759851,1.434241185148932,0.19151947696056573,True,True,True,False,34425,V3_SCORE_CAP_55,2025-12-25T15:15:00+00:00,122.47941056794873,SL,-1.0,0.5522591839657481,-1.5522591839657482,3,adverse_stop_gap; SL-first intrabar,-86.7012133722337
ETH,SHORT,2025-12-27T03:00:00+00:00,2025-12-27T03:15:00+00:00,34573,2924.87,2931.887908620548,2916.097614224315,7.017908620548042,37.567415391208684,0.11,2.776335734993726,1.2947816519580075,0.3034377469973629,True,True,True,False,34572,V3_SCORE_CAP_55,2025-12-27T03:45:00+00:00,2931.887908620548,SL,-1.0,1.168362473125,-2.1683624731249997,2,adverse_stop_gap; SL-first intrabar,-86.7012133722337
BNB,SHORT,2025-12-27T02:00:00+00:00,2025-12-27T02:15:00+00:00,34569,835.15,837.6313034807379,832.0483706490776,2.4813034807378926,44.74017973251315,0.88,5.694167548912329,1.979690156291167,0.09563872563930241,True,True,True,False,34568,V3_SCORE_CAP_55,2025-12-27T06:00:00+00:00,837.6313034807379,SL,-1.0,0.9438159592540443,-1.9438159592540443,15,adverse_stop_gap; SL-first intrabar,-86.7012133722337
BTC,SHORT,2025-12-27T03:00:00+00:00,2025-12-27T03:15:00+00:00,34573,87339.9,87532.35614252441,87099.32982184447,192.45614252441737,30.554277431652423,0.055,1.194767287851196,1.384756643127898,0.4748708324673105,True,True,True,False,34572,V3_SCORE_CAP_55,2025-12-27T07:15:00+00:00,87532.35614252441,SL,-1.0,1.2720880476364795,-2.2720880476364798,16,adverse_stop_gap; SL-first intrabar,-86.7012133722337
ETH,SHORT,2025-12-29T23:15:00+00:00,2025-12-29T23:30:00+00:00,34846,2932.73,2949.2679592950763,2912.057550881155,16.537959295076234,35.90040910325679,0.13,-2.116777287441316,1.2074943061120416,0.2441804301577686,True,True,True,False,34845,V3_SCORE_CAP_55,2025-12-30T03:45:00+00:00,2949.2679592950763,SL,-1.0,0.4979330881207824,-1.4979330881207824,17,adverse_stop_gap; SL-first intrabar,-86.7012133722337
LINK,SHORT,2025-12-30T05:15:00+00:00,2025-12-30T05:30:00+00:00,34870,12.315,12.423598355494672,12.17925205563166,0.10859835549467256,30.724199028709343,0.31,-2.0665842861328105,1.4577113069584628,0.4921880290556038,True,True,True,False,34869,V3_SCORE_CAP_55,2025-12-30T08:00:00+00:00,12.423598355494672,SL,-1.0,0.31891862026761136,-1.3189186202676113,10,adverse_stop_gap; SL-first intrabar,-86.7012133722337
DOGE,SHORT,2025-12-31T00:00:00+00:00,2025-12-31T00:15:00+00:00,34945,0.12295,0.12362587589103054,0.12210515513621184,0.0006758758910305335,33.89578427206711,0.52,-3.5061259998873844,1.3399773168124087,0.570355977706579,True,True,True,False,34944,V3_SCORE_CAP_55,2025-12-31T01:15:00+00:00,0.12362587589103054,SL,-1.0,0.5107538689108939,-1.510753868910894,4,adverse_stop_gap; SL-first intrabar,-86.7012133722337
UNI,SHORT,2026-01-09T14:00:00+00:00,2026-01-09T14:15:00+00:00,35865,5.441,5.511758574431935,5.352551781960081,0.07075857443193545,41.56243011772712,0.735,1.8170318379677681,2.01683343725427,0.48949820341005884,True,True,True,False,35864,V3_SCORE_CAP_55,2026-01-09T15:15:00+00:00,5.511758574431935,SL,-1.0,0.2167067684348949,-1.216706768434895,4,adverse_stop_gap; SL-first intrabar,-86.7012133722337
BNB,LONG,2026-01-12T08:00:00+00:00,2026-01-12T08:15:00+00:00,36129,907.91,902.7507158308357,914.3591052114552,5.159284169164266,28.42687967841494,0.3,-2.7353057258576214,1.5818975771854829,0.3258369248218568,True,True,True,False,36128,V3_SCORE_CAP_55,2026-01-12T08:30:00+00:00,902.7507158308357,SL,-1.0,0.49133269636779736,-1.4913326963677973,1,adverse_stop_gap; SL-first intrabar,-86.7012133722337
CRV,LONG,2026-01-14T16:00:00+00:00,2026-01-14T16:15:00+00:00,36353,0.436,0.42872466953315574,0.4450941630835553,0.007275330466844254,44.739226059488466,0.645,5.5499908789578924,2.076240345418427,0.38582591356607276,True,True,True,False,36352,V3_SCORE_CAP_55,2026-01-14T17:30:00+00:00,0.42872466953315574,SL,-1.0,0.16639993782599047,-1.1663999378259904,5,adverse_stop_gap; SL-first intrabar,-86.7012133722337
UNI,SHORT,2026-01-15T10:45:00+00:00,2026-01-15T11:00:00+00:00,36428,5.523,5.595087005122351,5.43289124359706,0.07208700512235122,32.04224283527861,0.845,-2.276264743596677,1.2680706946926337,0.08068423837860027,True,True,True,False,36427,V3_SCORE_CAP_55,2026-01-15T14:30:00+00:00,5.43289124359706,TP,1.250000000000003,0.21277410144869677,1.0372258985513063,14,adverse_stop_gap; SL-first intrabar,-86.7012133722337
UNI,SHORT,2026-01-16T01:00:00+00:00,2026-01-16T01:15:00+00:00,36485,5.311,5.374282102233745,5.231897372207818,0.06328210223374509,43.14316100872288,0.81,-0.23953847947824158,1.2552026436700185,0.5242412513048239,True,True,True,False,36484,V3_SCORE_CAP_55,2026-01-16T15:15:00+00:00,5.231897372207818,TP,1.2500000000000036,0.2332421932914259,1.0167578067085776,56,adverse_stop_gap; SL-first intrabar,-86.7012133722337
CRV,LONG,2026-01-17T12:15:00+00:00,2026-01-17T12:30:00+00:00,36626,0.437,0.43052274930403406,0.4450965633699574,0.0064772506959659415,44.64623737124678,0.795,2.0922460039380866,1.4312025767318304,0.3996661852252343,True,True,True,False,36625,V3_SCORE_CAP_55,2026-01-17T15:45:00+00:00,0.4450965633699574,TP,1.2499999999999958,0.19065730920173632,1.0593426907982595,13,adverse_stop_gap; SL-first intrabar,-86.7012133722337
AVAX,SHORT,2026-01-20T00:00:00+00:00,2026-01-20T00:15:00+00:00,36865,12.695,12.806889101009155,12.555138623738557,0.1118891010091545,53.6593614590487,0.775,5.324858750547055,1.369084104164345,0.7014757138414821,True,True,True,False,36864,V3_SCORE_CAP_55,2026-01-20T06:15:00+00:00,12.555138623738557,TP,1.25,0.3159395665386721,0.9340604334613278,24,adverse_stop_gap; SL-first intrabar,-86.7012133722337
LINK,SHORT,2026-01-24T01:30:00+00:00,2026-01-24T01:45:00+00:00,37255,12.211,12.30333069919578,12.095586626005277,0.09233069919577908,43.9770208615084,0.865,-1.9663486064234448,2.3823252399058594,0.38374646285183345,True,True,True,False,37254,V3_SCORE_CAP_55,2026-01-25T03:15:00+00:00,12.095586626005277,TP,1.2499999999999951,0.36855803728131026,0.8814419627186849,102,adverse_stop_gap; SL-first intrabar,-86.7012133722337
ETH,SHORT,2026-01-24T23:00:00+00:00,2026-01-24T23:15:00+00:00,37341,2957.12,2965.9059567120366,2946.137554109954,8.78595671203675,32.99239653978108,0.69,-2.374199465086676,1.2763025178705059,0.11169429062630927,True,True,True,False,37340,V3_SCORE_CAP_55,2026-01-25T03:15:00+00:00,2946.137554109954,TP,1.249999999999974,0.940655735809795,0.309344264190179,16,adverse_stop_gap; SL-first intrabar,-86.7012133722337
BTC,SHORT,2026-01-25T14:15:00+00:00,2026-01-25T14:30:00+00:00,37402,88678.8,89046.70834330936,88218.9145708633,367.90834330936195,36.99379729375191,0.855,0.6973179422446592,2.067045516889865,0.03975189175007658,True,True,True,False,37401,V3_SCORE_CAP_55,2026-01-25T16:00:00+00:00,88218.9145708633,TP,1.25,0.6731480949073292,0.5768519050926708,6,adverse_stop_gap; SL-first intrabar,-86.7012133722337
FET,SHORT,2026-01-27T13:15:00+00:00,2026-01-27T13:30:00+00:00,37590,0.2195,0.2218774590507662,0.21652817618654224,0.0023774590507661952,33.84128916363329,0.58,-0.39572485262386436,1.6262753729752097,0.46298415196306436,True,True,True,False,37589,V3_SCORE_CAP_55,2026-01-27T15:45:00+00:00,0.2218774590507662,SL,-1.0,0.2599112874192007,-1.2599112874192007,9,adverse_stop_gap; SL-first intrabar,-86.7012133722337
FET,SHORT,2026-01-30T00:00:00+00:00,2026-01-30T00:15:00+00:00,37825,0.2114,0.215192297164456,0.20665962854442999,0.0037922971644560044,44.303750574685665,0.26,-0.46774257935806673,1.7308455628532473,0.7058652973873839,True,True,True,False,37824,V3_SCORE_CAP_55,2026-01-30T01:30:00+00:00,0.20665962854442999,TP,1.2500000000000036,0.15433481464687893,1.0956651853531247,5,adverse_stop_gap; SL-first intrabar,-86.7012133722337
XRP,SHORT,2026-01-30T00:45:00+00:00,2026-01-30T01:00:00+00:00,37828,1.7973,1.818211469706091,1.7711606628673862,0.020911469706091035,50.92621429484447,0.475,5.85408119661564,1.2963056406885227,0.6791382166147141,True,True,True,False,37827,V3_SCORE_CAP_55,2026-01-30T01:30:00+00:00,1.7711606628673862,TP,1.2499999999999973,0.23890453412555523,1.0110954658744422,2,adverse_stop_gap; SL-first intrabar,-86.7012133722337
SOL,SHORT,2026-01-30T01:15:00+00:00,2026-01-30T01:30:00+00:00,37830,117.17,118.39861141649394,115.63423572938258,1.2286114164939335,52.49486140280083,0.525,6.887160507880832,1.7025349654374526,0.6022513153298954,True,True,True,False,37829,V3_SCORE_CAP_55,2026-01-30T01:30:00+00:00,115.63423572938258,TP,1.2500000000000029,0.265279913279029,0.9847200867209739,0,adverse_stop_gap; SL-first intrabar,-86.7012133722337
CRV,SHORT,2026-01-30T08:30:00+00:00,2026-01-30T08:45:00+00:00,37859,0.319,0.32520909681598437,0.3112386289800195,0.006209096815984361,53.74681202653734,0.78,6.117753269058195,1.739756215563029,0.20964747667393913,True,True,True,False,37858,V3_SCORE_CAP_55,2026-01-30T11:45:00+00:00,0.32520909681598437,SL,-1.0,0.14525345026358658,-1.1452534502635865,12,adverse_stop_gap; SL-first intrabar,-86.7012133722337
FET,SHORT,2026-02-05T00:00:00+00:00,2026-02-05T00:15:00+00:00,38401,0.1773,0.1813082725009232,0.17228965937384602,0.004008272500923199,31.070772286374794,0.885,-0.03273823388720842,1.2502011710214784,0.3778070821375423,True,True,True,False,38400,V3_SCORE_CAP_55,2026-02-05T10:30:00+00:00,0.17228965937384602,TP,1.2499999999999982,0.12210385471812564,1.1278961452818725,41,adverse_stop_gap; SL-first intrabar,-86.7012133722337
ADA,SHORT,2026-02-05T02:45:00+00:00,2026-02-05T03:00:00+00:00,38412,0.2841,0.2919241121646555,0.2743198597941806,0.007824112164655506,44.86668937633884,0.915,1.1522741174140592,1.3680976757535264,0.731991134037549,True,True,True,True,38411,V3_SCORE_CAP_55,2026-02-05T10:45:00+00:00,0.2743198597941806,TP,1.2500000000000036,0.09992032159808319,1.1500796784019203,31,adverse_stop_gap; SL-first intrabar,-86.7012133722337
UNI,SHORT,2026-02-05T02:45:00+00:00,2026-02-05T03:00:00+00:00,38412,3.76,3.8626913867775556,3.631635766528055,0.10269138677755585,39.508541642229304,0.905,1.1142942803028646,1.314027817391742,0.7432382140047268,True,True,True,True,38411,V3_SCORE_CAP_55,2026-02-05T11:15:00+00:00,3.631635766528055,TP,1.25,0.1007707695637137,1.1492292304362863,33,adverse_stop_gap; SL-first intrabar,-86.7012133722337
FET,SHORT,2026-02-07T14:30:00+00:00,2026-02-07T14:45:00+00:00,38651,0.1635,0.16699484461565736,0.1591314442304283,0.0034948446156573554,42.71454183336093,0.775,-4.719615902278257,2.204397126699946,0.47668857727419095,True,True,True,False,38650,V3_SCORE_CAP_55,2026-02-07T16:00:00+00:00,0.16699484461565736,SL,-1.0,0.13239294828416603,-1.1323929482841661,5,adverse_stop_gap; SL-first intrabar,-86.7012133722337
BTC,SHORT,2026-02-09T15:15:00+00:00,2026-02-09T15:30:00+00:00,38846,68884.5,70124.65219391527,67334.30975760591,1240.1521939152735,30.41293019882078,0.495,-5.679753702605296,1.3785985930714717,0.535286956027471,True,True,True,False,38845,V3_SCORE_CAP_55,2026-02-09T16:45:00+00:00,70124.65219391527,SL,-1.0,0.1569265562939263,-1.1569265562939264,5,adverse_stop_gap; SL-first intrabar,-86.7012133722337
CRV,SHORT,2026-02-10T05:15:00+00:00,2026-02-10T05:30:00+00:00,38902,0.252,0.2543437899663098,0.24907026254211276,0.002343789966309795,27.481590762637953,0.695,-2.5383054863271184,1.287960184676466,0.6209487196601999,True,True,True,False,38901,V3_SCORE_CAP_55,2026-02-10T05:30:00+00:00,0.24907026254211276,TP,1.25,0.29930086639266545,0.9506991336073345,0,adverse_stop_gap; SL-first intrabar,-86.7012133722337
UNI,SHORT,2026-02-10T11:30:00+00:00,2026-02-10T11:45:00+00:00,38927,3.365,3.401026899675773,3.3199663754052846,0.03602689967577266,36.970906436233705,0.405,-2.939238930544132,1.3907088165868071,0.732766924591718,True,True,True,False,38926,V3_SCORE_CAP_55,2026-02-10T14:30:00+00:00,3.3199663754052846,TP,1.2499999999999938,0.2597768059365125,0.9902231940634814,11,adverse_stop_gap; SL-first intrabar,-86.7012133722337
ETH,SHORT,2026-02-11T02:45:00+00:00,2026-02-11T03:00:00+00:00,38988,2016.52,2036.870843318235,1991.0814458522061,20.350843318235093,33.389566619286526,0.275,-1.6998855479452963,1.9444774134619538,0.3847305459425047,True,True,True,False,38987,V3_SCORE_CAP_55,2026-02-11T04:15:00+00:00,1991.0814458522061,TP,1.25,0.2756957997492787,0.9743042002507213,5,adverse_stop_gap; SL-first intrabar,-86.7012133722337
LINK,SHORT,2026-02-11T02:45:00+00:00,2026-02-11T03:00:00+00:00,38988,8.541,8.632508438305731,8.426614452117837,0.09150843830573052,28.142678269273052,0.43,-1.682467408309595,1.2573028376671873,0.4627748555444406,True,True,True,False,38987,V3_SCORE_CAP_55,2026-02-11T04:30:00+00:00,8.426614452117837,TP,1.25,0.25958983316489825,0.9904101668351017,6,adverse_stop_gap; SL-first intrabar,-86.7012133722337
UNI,SHORT,2026-02-11T04:00:00+00:00,2026-02-11T04:15:00+00:00,38993,3.348,3.3904187627586344,3.2949765465517067,0.04241876275863454,29.522469939828905,0.38,-0.8984913221799253,1.9737929257070377,0.7384840808381145,True,True,True,False,38992,V3_SCORE_CAP_55,2026-02-11T04:30:00+00:00,3.2949765465517067,TP,1.25,0.21924654469747104,1.030753455302529,1,adverse_stop_gap; SL-first intrabar,-86.7012133722337
SOL,SHORT,2026-02-11T12:00:00+00:00,2026-02-11T12:15:00+00:00,39025,80.93,81.73712852915176,79.92108933856031,0.807128529151754,27.85976028602464,0.37,-0.2811387444927469,1.3737682475645046,0.32240246193247296,True,True,True,False,39024,V3_SCORE_CAP_55,2026-02-11T13:30:00+00:00,81.73712852915176,SL,-1.0,0.2821533023744655,-1.2821533023744656,5,adverse_stop_gap; SL-first intrabar,-86.7012133722337
AVAX,SHORT,2026-02-11T16:30:00+00:00,2026-02-11T16:45:00+00:00,39043,8.517,8.73845680792614,8.240178990092325,0.2214568079261401,25.468176230408012,0.49,-2.227023632334852,1.3986374600701381,0.6979823065071578,True,True,True,False,39042,V3_SCORE_CAP_55,2026-02-11T18:45:00+00:00,8.73845680792614,SL,-1.0,0.10908510674078535,-1.1090851067407854,8,adverse_stop_gap; SL-first intrabar,-86.7012133722337
LINK,SHORT,2026-02-12T19:45:00+00:00,2026-02-12T20:00:00+00:00,39152,8.304,8.468008318206568,8.09898960224179,0.1640083182065677,30.499806940968625,0.265,-4.576275814677317,1.3371860336657646,0.22383636767714324,True,True,True,False,39151,V3_SCORE_CAP_55,2026-02-13T08:45:00+00:00,8.468008318206568,SL,-1.0,0.14316841915246778,-1.1431684191524678,51,adverse_stop_gap; SL-first intrabar,-86.7012133722337
BNB,SHORT,2026-02-16T01:30:00+00:00,2026-02-16T01:45:00+00:00,39463,613.67,619.8150180506844,605.9887274366444,6.1450180506844845,24.037059450841998,0.16,-1.9673378467275455,1.201065130173612,0.5663186028713377,True,True,True,False,39462,V3_SCORE_CAP_55,2026-02-16T11:00:00+00:00,619.8150180506844,SL,-1.0,0.2810209849714931,-1.281020984971493,37,adverse_stop_gap; SL-first intrabar,-86.7012133722337
ETH,SHORT,2026-02-17T08:30:00+00:00,2026-02-17T08:45:00+00:00,39587,1977.25,1995.1795137044166,1954.8381078694792,17.92951370441665,39.30573559291754,0.05,-2.723088536535087,2.281198570753618,0.6531332946215196,True,True,True,False,39586,V3_SCORE_CAP_55,2026-02-17T13:45:00+00:00,1995.1795137044166,SL,-1.0,0.31018138087126257,-1.3101813808712626,20,adverse_stop_gap; SL-first intrabar,-86.7012133722337
BTC,SHORT,2026-02-17T12:45:00+00:00,2026-02-17T13:00:00+00:00,39604,67893.3,68410.7369427314,67246.50382158576,517.4369427313941,31.26351446967326,0.1,1.0242163409278753,1.4391315291057925,0.6309901038494605,True,True,True,False,39603,V3_SCORE_CAP_55,2026-02-17T14:30:00+00:00,67246.50382158576,TP,1.249999999999993,0.36564015771953334,0.8843598422804595,6,adverse_stop_gap; SL-first intrabar,-86.7012133722337
BNB,SHORT,2026-02-18T07:00:00+00:00,2026-02-18T07:15:00+00:00,39677,615.75,619.3015946707069,611.3105066616164,3.5515946707068906,20.41910318270502,0.03,-2.9693498419980635,1.3780364982658715,0.7924791234436055,True,True,True,False,39676,V3_SCORE_CAP_55,2026-02-18T07:45:00+00:00,619.3015946707069,SL,-1.0,0.48684390896296853,-1.4868439089629686,2,adverse_stop_gap; SL-first intrabar,-86.7012133722337
AVAX,SHORT,2026-02-18T04:00:00+00:00,2026-02-18T04:15:00+00:00,39665,9.097,9.17397081684423,9.000786478944711,0.07697081684423068,24.32098680789838,0.005,-1.5688044221520183,1.223437651431196,0.7070873833792969,True,True,True,False,39664,V3_SCORE_CAP_55,2026-02-18T08:15:00+00:00,9.17397081684423,SL,-1.0,0.3323254214041671,-1.332325421404167,16,adverse_stop_gap; SL-first intrabar,-86.7012133722337
SOL,SHORT,2026-02-19T02:30:00+00:00,2026-02-19T02:45:00+00:00,39755,81.38,82.26189479614331,80.27763150482085,0.8818947961433139,49.82440365523905,0.155,4.548332171152161,1.8591538589622594,0.529889343143811,True,True,True,False,39754,V3_SCORE_CAP_55,2026-02-19T06:15:00+00:00,82.26189479614331,SL,-1.0,0.2597800255954459,-1.2597800255954459,14,adverse_stop_gap; SL-first intrabar,-86.7012133722337
SUI,SHORT,2026-02-19T07:30:00+00:00,2026-02-19T07:45:00+00:00,39775,0.933,0.9426996029892669,0.9208754962634165,0.009699602989266864,20.17779281190906,0.045,-0.7137092320086005,1.303693914219202,0.2894166360749433,True,True,True,False,39774,V3_SCORE_CAP_55,2026-02-19T08:30:00+00:00,0.9208754962634165,TP,1.25,0.2675806110457059,0.982419388954294,3,adverse_stop_gap; SL-first intrabar,-86.7012133722337
AVAX,SHORT,2026-02-19T08:00:00+00:00,2026-02-19T08:15:00+00:00,39777,8.871,8.945490973216733,8.777886283479084,0.07449097321673293,46.48149008171742,0.055,2.2930502829626622,1.5190057594771276,0.6242967516120791,True,True,True,False,39776,V3_SCORE_CAP_55,2026-02-19T12:00:00+00:00,8.777886283479084,TP,1.25,0.331697113487577,0.918302886512423,15,adverse_stop_gap; SL-first intrabar,-86.7012133722337
XRP,SHORT,2026-02-19T08:30:00+00:00,2026-02-19T08:45:00+00:00,39779,1.4169,1.4355388950787118,1.3936013811516104,0.018638895078711748,36.6405476143699,0.32,-1.0680089907915225,2.2357093852885073,0.7744125062959125,True,True,True,False,39778,V3_SCORE_CAP_55,2026-02-19T13:15:00+00:00,1.3936013811516104,TP,1.25,0.21110167297986668,1.0388983270201333,18,adverse_stop_gap; SL-first intrabar,-86.7012133722337
BTC,SHORT,2026-02-22T23:00:00+00:00,2026-02-22T23:15:00+00:00,40125,67463.1,67791.4958519792,67052.60518502601,328.39585197919223,27.68471237833026,0.02,0.08766184181267533,1.795344473685424,0.29478245429340566,True,True,True,False,40124,V3_SCORE_CAP_55,2026-02-23T00:45:00+00:00,67052.60518502601,TP,1.250000000000011,0.5734603105491383,0.6765396894508728,6,adverse_stop_gap; SL-first intrabar,-86.7012133722337
LINK,SHORT,2026-02-22T23:00:00+00:00,2026-02-22T23:15:00+00:00,40125,8.655,8.722201750341066,8.570997812073667,0.06720175034106646,39.16763148346632,0.065,1.727484457480907,2.0984980530296076,0.003434929874894782,True,True,True,False,40124,V3_SCORE_CAP_55,2026-02-23T00:45:00+00:00,8.570997812073667,TP,1.2499999999999867,0.35886560713829785,0.8911343928616888,6,adverse_stop_gap; SL-first intrabar,-86.7012133722337
BNB,SHORT,2026-02-23T00:15:00+00:00,2026-02-23T00:30:00+00:00,40130,613.03,616.7801322858639,608.34233464267,3.7501322858639696,39.129500290286494,0.11,1.6214249767150797,1.5093629873787338,0.6865707000269622,True,True,True,False,40129,V3_SCORE_CAP_55,2026-02-23T00:45:00+00:00,608.34233464267,TP,1.2499999999999925,0.4559629202802375,0.7940370797197549,1,adverse_stop_gap; SL-first intrabar,-86.7012133722337
ADA,SHORT,2026-02-23T00:15:00+00:00,2026-02-23T00:30:00+00:00,40130,0.2702,0.27255347100192706,0.26725816124759116,0.0023534710019270655,31.377008384733895,0.1,-0.15115539625964303,1.2473652312276582,0.35708984165386015,True,True,True,False,40129,V3_SCORE_CAP_55,2026-02-23T01:00:00+00:00,0.26725816124759116,TP,1.25,0.31971561371714996,0.93028438628285,2,adverse_stop_gap; SL-first intrabar,-86.7012133722337
DOGE,SHORT,2026-02-23T00:15:00+00:00,2026-02-23T00:30:00+00:00,40130,0.09525,0.09615070115864156,0.09412412355169805,0.000900701158641562,52.276336075205556,0.3,5.041199549391454,1.3593593149100829,0.235544416795844,True,True,True,False,40129,V3_SCORE_CAP_55,2026-02-23T01:00:00+00:00,0.09412412355169805,TP,1.2499999999999962,0.29435265007567785,0.9556473499243183,2,adverse_stop_gap; SL-first intrabar,-86.7012133722337
ETH,SHORT,2026-02-23T08:30:00+00:00,2026-02-23T08:45:00+00:00,40163,1877.33,1894.3117418084582,1856.102822739427,16.98174180845831,51.576029462019825,0.485,5.604334952180448,1.225143516903391,0.08854358600351978,True,True,True,False,40162,V3_SCORE_CAP_55,2026-02-23T09:30:00+00:00,1894.3117418084582,SL,-1.0,0.3109397432895733,-1.3109397432895733,3,adverse_stop_gap; SL-first intrabar,-86.7012133722337
UNI,SHORT,2026-02-24T01:00:00+00:00,2026-02-24T01:15:00+00:00,40229,3.349,3.4047755997427736,3.2792805003215335,0.05577559974277335,40.98308212445593,0.025,-1.7902064334873558,1.7516451882613095,0.5143989954402504,True,True,True,False,40228,V3_SCORE_CAP_55,2026-02-24T13:30:00+00:00,3.2792805003215335,TP,1.25,0.1663736964415604,1.0836263035584397,49,adverse_stop_gap; SL-first intrabar,-86.7012133722337
FET,SHORT,2026-02-24T09:15:00+00:00,2026-02-24T09:30:00+00:00,40262,0.1515,0.15293410648520656,0.1497073668934918,0.00143410648520656,47.05378084733213,0.495,3.4938134447749754,1.4241931753899038,0.48394488780230854,True,True,True,False,40261,V3_SCORE_CAP_55,2026-02-24T13:30:00+00:00,0.1497073668934918,TP,1.2500000000000049,0.2940439346734778,0.9559560653265271,16,adverse_stop_gap; SL-first intrabar,-86.7012133722337
ETH,SHORT,2026-02-24T13:15:00+00:00,2026-02-24T13:30:00+00:00,40278,1819.86,1834.7645958412372,1801.2292551984533,14.904595841237324,47.67157635280731,0.62,4.265439544448064,1.8941615908702216,0.588822381610786,True,True,True,False,40277,V3_SCORE_CAP_55,2026-02-24T13:30:00+00:00,1801.2292551984533,TP,1.2499999999999962,0.34013166215830654,0.9098683378416896,0,adverse_stop_gap; SL-first intrabar,-86.7012133722337
XRP,SHORT,2026-02-24T10:30:00+00:00,2026-02-24T10:45:00+00:00,40267,1.3281,1.3399223053045541,1.3133221183693076,0.011822305304554082,26.23862951174193,0.48,0.97104625001678,1.9050249957155103,0.3291718772932903,True,True,True,False,40266,V3_SCORE_CAP_55,2026-02-24T14:30:00+00:00,1.3133221183693076,TP,1.2499999999999907,0.31279778947110465,0.937202210528886,15,adverse_stop_gap; SL-first intrabar,-86.7012133722337
SOL,SHORT,2026-02-24T09:15:00+00:00,2026-02-24T09:30:00+00:00,40262,76.52,77.48976673977167,75.3077915752854,0.9697667397716714,44.799594197530666,0.37,5.613510552481177,1.3887307768213462,0.7643982338596852,True,True,True,False,40261,V3_SCORE_CAP_55,2026-02-24T16:00:00+00:00,77.48976673977167,SL,-1.0,0.22233560359725874,-1.2223356035972588,26,adverse_stop_gap; SL-first intrabar,-86.7012133722337
CRV,SHORT,2026-02-24T01:00:00+00:00,2026-02-24T01:15:00+00:00,40229,0.221,0.22642594225510096,0.2142175721811238,0.005425942255100957,48.028155584452556,0.535,5.308855651273898,1.6994030095829549,0.0621225585374119,True,True,True,False,40228,V3_SCORE_CAP_55,2026-02-24T17:00:00+00:00,0.22642594225510096,SL,-1.0,0.11544470798012324,-1.1154447079801233,63,adverse_stop_gap; SL-first intrabar,-86.7012133722337
DOGE,SHORT,2026-02-28T03:30:00+00:00,2026-02-28T03:45:00+00:00,40623,0.09313,0.09392259219076379,0.09213925976154527,0.0007925921907637884,42.89876245923658,0.335,-4.714322960731266,1.5238186251610293,0.7888132266627428,True,True,True,False,40622,V3_SCORE_CAP_55,2026-02-28T06:00:00+00:00,0.09213925976154527,TP,1.2499999999999956,0.32725147520847075,0.9227485247915248,9,adverse_stop_gap; SL-first intrabar,-86.7012133722337
SUI,SHORT,2026-02-28T01:30:00+00:00,2026-02-28T01:45:00+00:00,40615,0.8954,0.9077492633657221,0.8799634207928473,0.012349263365722174,42.70811731102287,0.28,-4.398064836258811,1.226955950005644,0.7344466916506373,True,True,True,False,40614,V3_SCORE_CAP_55,2026-02-28T06:15:00+00:00,0.8799634207928473,TP,1.2499999999999978,0.2012677773160955,1.0487322226839022,18,adverse_stop_gap; SL-first intrabar,-86.7012133722337
BTC,SHORT,2026-02-28T03:30:00+00:00,2026-02-28T03:45:00+00:00,40623,65732.1,66105.86605362293,65264.89243297135,373.7660536229232,41.21229513250223,0.355,-3.1699388385891396,1.4746818319006711,0.3711256472788229,True,True,True,False,40622,V3_SCORE_CAP_55,2026-02-28T06:15:00+00:00,65264.89243297135,TP,1.2500000000000098,0.4906699996655667,0.7593300003344431,10,adverse_stop_gap; SL-first intrabar,-86.7012133722337
XRP,SHORT,2026-02-28T03:30:00+00:00,2026-02-28T03:45:00+00:00,40623,1.3538,1.365054336617535,1.3397320792280811,0.011254336617535055,44.57925951368886,0.29,-1.2135491293727938,1.5315447780205538,0.7231385750565562,True,True,True,False,40622,V3_SCORE_CAP_55,2026-02-28T06:15:00+00:00,1.3397320792280811,TP,1.2499999999999951,0.3350659429400676,0.9149340570599276,10,adverse_stop_gap; SL-first intrabar,-86.7012133722337
XRP,SHORT,2026-03-04T00:30:00+00:00,2026-03-04T00:45:00+00:00,40995,1.3542,1.3717363097920996,1.3322796127598757,0.017536309792099525,24.001395266917026,0.005,-1.7485433699717987,1.2010542932034993,0.7210343950300385,True,True,True,False,40994,V3_SCORE_CAP_55,2026-03-04T07:45:00+00:00,1.3717363097920996,SL,-1.0,0.21762336996511472,-1.2176233699651147,28,adverse_stop_gap; SL-first intrabar,-86.7012133722337
DOGE,SHORT,2026-03-04T00:30:00+00:00,2026-03-04T00:45:00+00:00,40995,0.08933,0.09078433560285763,0.08751208049642797,0.001454335602857626,36.043520844054335,0.005,-0.8164594754327901,1.3139463578049437,0.7578579553800536,True,True,True,False,40994,V3_SCORE_CAP_55,2026-03-04T08:45:00+00:00,0.09078433560285763,SL,-1.0,0.1733850628070516,-1.1733850628070517,32,adverse_stop_gap; SL-first intrabar,-86.7012133722337
ADA,SHORT,2026-03-05T21:30:00+00:00,2026-03-05T21:45:00+00:00,41175,0.2693,0.2731557034904058,0.2644803706369927,0.003855703490405815,36.624791328073506,0.03,-0.7620309437559385,1.2346312910766364,0.39153697272975274,True,True,True,False,41174,V3_SCORE_CAP_55,2026-03-06T12:00:00+00:00,0.2644803706369927,TP,1.2500000000000036,0.19381483061425367,1.0561851693857498,57,adverse_stop_gap; SL-first intrabar,-86.7012133722337
FET,SHORT,2026-03-07T01:00:00+00:00,2026-03-07T01:15:00+00:00,41285,0.1455,0.14657967500246197,0.14415040624692252,0.0010796750024619772,34.92131350616898,0.13,1.9250267648861712,1.42146592275185,0.4080450208016293,True,True,True,False,41284,V3_SCORE_CAP_55,2026-03-07T04:15:00+00:00,0.14415040624692252,TP,1.25,0.3755857714784615,0.8744142285215385,12,adverse_stop_gap; SL-first intrabar,-86.7012133722337
LINK,SHORT,2026-03-08T08:00:00+00:00,2026-03-08T08:15:00+00:00,41409,8.6,8.672643214958665,8.509195981301668,0.07264321495866533,51.372111219855555,0.41,1.418126537969414,1.4166189297427245,0.5643100476579116,True,True,True,False,41408,V3_SCORE_CAP_55,2026-03-08T09:00:00+00:00,8.672643214958665,SL,-1.0,0.33288312631402317,-1.332883126314023,3,adverse_stop_gap; SL-first intrabar,-86.7012133722337
AVAX,SHORT,2026-03-08T08:00:00+00:00,2026-03-08T08:15:00+00:00,41409,8.851,8.914279663977824,8.771900420027722,0.06327966397782347,45.92418957834195,0.31,1.116689906989052,1.2694869315613122,0.49639423402579497,True,True,True,False,41408,V3_SCORE_CAP_55,2026-03-08T09:15:00+00:00,8.914279663977824,SL,-1.0,0.3930392477792739,-1.393039247779274,4,adverse_stop_gap; SL-first intrabar,-86.7012133722337
ADA,SHORT,2026-03-08T21:00:00+00:00,2026-03-08T21:15:00+00:00,41461,0.2512,0.2548143609908073,0.24668204876149086,0.003614360990807308,45.16067466754909,0.575,1.7467076291004524,1.6494877933101142,0.28448339185740196,True,True,True,False,41460,V3_SCORE_CAP_55,2026-03-08T22:00:00+00:00,0.24668204876149086,TP,1.2499999999999962,0.19285148053526233,1.0571485194647339,3,adverse_stop_gap; SL-first intrabar,-86.7012133722337
BNB,SHORT,2026-03-08T21:00:00+00:00,2026-03-08T21:15:00+00:00,41461,615.85,620.8456539274406,609.6054325906994,4.995653927440571,47.672561468493775,0.53,2.104232586709486,1.4647254367856644,0.22458850401661773,True,True,True,False,41460,V3_SCORE_CAP_55,2026-03-08T22:00:00+00:00,609.6054325906994,TP,1.2499999999999887,0.3434260320161836,0.9065739679838051,3,adverse_stop_gap; SL-first intrabar,-86.7012133722337
XRP,SHORT,2026-03-08T21:00:00+00:00,2026-03-08T21:15:00+00:00,41461,1.3448,1.3589318944107198,1.3271351319866003,0.014131894410719825,32.425226759195944,0.245,1.0399268001024975,1.7375814949840334,0.7985035196137069,True,True,True,False,41460,V3_SCORE_CAP_55,2026-03-08T22:00:00+00:00,1.3271351319866003,TP,1.249999999999996,0.2646997689102252,0.9853002310897708,3,adverse_stop_gap; SL-first intrabar,-86.7012133722337
CRV,SHORT,2026-03-14T12:15:00+00:00,2026-03-14T12:30:00+00:00,42002,0.226,0.2290929253988433,0.2221338432514459,0.003092925398843288,17.692884611544365,0.14,-1.4668600511624756,1.2848316248261862,0.12101583198398277,True,True,True,False,42001,V3_SCORE_CAP_55,2026-03-14T20:45:00+00:00,0.2290929253988433,SL,-1.0,0.20599594668421634,-1.2059959466842163,33,adverse_stop_gap; SL-first intrabar,-86.7012133722337
SUI,LONG,2026-03-18T04:45:00+00:00,2026-03-18T05:00:00+00:00,42356,1.0374,1.0299271325692922,1.0467410842883849,0.007472867430707852,30.089928245876173,0.745,-3.6375220578092,1.4582248432603038,0.12435021294625738,True,True,True,False,42355,V3_SCORE_CAP_55,2026-03-18T05:00:00+00:00,1.0467410842883849,TP,1.2499999999999927,0.390452198578258,0.8595478014217346,0,adverse_stop_gap; SL-first intrabar,-86.7012133722337
DOGE,SHORT,2026-03-20T16:00:00+00:00,2026-03-20T16:15:00+00:00,42593,0.09384,0.09464173212768663,0.09283783484039172,0.0008017321276866246,25.575421707329255,0.645,-2.500222355931136,1.2883313675331636,0.17431719036668625,True,True,True,False,42592,V3_SCORE_CAP_55,2026-03-20T19:30:00+00:00,0.09283783484039172,TP,1.2500000000000042,0.3259804113509378,0.9240195886490664,13,adverse_stop_gap; SL-first intrabar,-86.7012133722337
DOGE,SHORT,2026-03-21T17:00:00+00:00,2026-03-21T17:15:00+00:00,42693,0.09389,0.09458313203049373,0.09302358496188284,0.0006931320304937316,33.7526083918343,0.58,-1.2499069972493615,1.2593584720865851,0.6755972614320933,True,True,True,False,42692,V3_SCORE_CAP_55,2026-03-21T23:45:00+00:00,0.09302358496188284,TP,1.24999999999999,0.37753127461190455,0.8724687253880854,26,adverse_stop_gap; SL-first intrabar,-86.7012133722337
SUI,SHORT,2026-03-21T22:00:00+00:00,2026-03-21T22:15:00+00:00,42713,0.9606,0.9648248844865702,0.9553188943917872,0.004224884486570213,38.33745104448486,0.56,-0.661289006691753,2.653697940006216,0.549525674443587,True,True,True,False,42712,V3_SCORE_CAP_55,2026-03-21T23:45:00+00:00,0.9553188943917872,TP,1.250000000000013,0.6348780565894238,0.6151219434105893,6,adverse_stop_gap; SL-first intrabar,-86.7012133722337
DOGE,SHORT,2026-03-22T13:30:00+00:00,2026-03-22T13:45:00+00:00,42775,0.09123,0.09213227950385833,0.0901021506201771,0.000902279503858322,45.71376968484344,0.76,5.004457915268624,1.3000864532111303,0.32968209513556523,True,True,True,False,42774,V3_SCORE_CAP_55,2026-03-22T19:30:00+00:00,0.0901021506201771,TP,1.2500000000000078,0.28135961171972984,0.9686403882802779,23,adverse_stop_gap; SL-first intrabar,-86.7012133722337
SOL,LONG,2026-03-25T16:15:00+00:00,2026-03-25T16:30:00+00:00,43074,92.39,91.10065354423999,94.00168306970002,1.2893464557600112,38.34492737751824,0.185,-2.126667884605439,1.4070903944290694,0.39920861636375005,True,True,True,False,43073,V3_SCORE_CAP_55,2026-03-25T20:15:00+00:00,91.10065354423999,SL,-1.0,0.19923808206422902,-1.199238082064229,15,adverse_stop_gap; SL-first intrabar,-86.7012133722337
FET,LONG,2026-03-26T03:45:00+00:00,2026-03-26T04:00:00+00:00,43120,0.2577,0.2501876047911352,0.2670904940110809,0.007512395208864764,48.10236145729395,0.76,5.133371734523713,1.5130890824289878,0.675391820481882,True,True,True,False,43119,V3_SCORE_CAP_55,2026-03-26T05:15:00+00:00,0.2501876047911352,SL,-1.0,0.09464925991493976,-1.0946492599149398,5,adverse_stop_gap; SL-first intrabar,-86.7012133722337
BNB,SHORT,2026-03-27T03:00:00+00:00,2026-03-27T03:15:00+00:00,43213,629.01,632.4121851910536,624.7572685111829,3.4021851910536043,31.734847400710663,0.435,1.0020408949121702,1.4810398972488954,0.5037882195475246,True,True,True,False,43212,V3_SCORE_CAP_55,2026-03-27T04:00:00+00:00,624.7572685111829,TP,1.2500000000000167,0.5159255235521364,0.7340744764478803,3,adverse_stop_gap; SL-first intrabar,-86.7012133722337
BNB,SHORT,2026-03-27T07:30:00+00:00,2026-03-27T07:45:00+00:00,43231,628.33,630.3662446922459,625.7846941346927,2.036244692245873,35.37529425335805,0.42,0.577372914591745,1.8464505617326257,0.049904598542284656,True,True,True,False,43230,V3_SCORE_CAP_55,2026-03-27T08:15:00+00:00,625.7846941346927,TP,1.25,0.8622542165362536,0.38774578346374644,2,adverse_stop_gap; SL-first intrabar,-86.7012133722337
BTC,SHORT,2026-03-27T03:00:00+00:00,2026-03-27T03:15:00+00:00,43213,68711.2,69218.8559392711,68076.63007591112,507.65593927110604,44.5211380305469,0.255,2.141750836447505,1.8587055187804238,0.6943185118694837,True,True,True,False,43212,V3_SCORE_CAP_55,2026-03-27T08:30:00+00:00,68076.63007591112,TP,1.249999999999993,0.37722982692024865,0.8727701730797442,21,adverse_stop_gap; SL-first intrabar,-86.7012133722337
LINK,SHORT,2026-03-27T03:00:00+00:00,2026-03-27T03:15:00+00:00,43213,8.912,8.987766475911899,8.817291905110128,0.07576647591189811,36.322609255708656,0.375,1.4478574921805887,2.285116735977446,0.6408432700815974,True,True,True,False,43212,V3_SCORE_CAP_55,2026-03-27T08:30:00+00:00,8.817291905110128,TP,1.25,0.32759882742885205,0.922401172571148,21,adverse_stop_gap; SL-first intrabar,-86.7012133722337
DOGE,SHORT,2026-03-28T01:00:00+00:00,2026-03-28T01:15:00+00:00,43301,0.08993,0.09043463490205665,0.08929920637242918,0.0005046349020566554,41.669618340413564,0.435,2.252023322388098,1.7231097144664358,0.2977025237371293,True,True,True,False,43300,V3_SCORE_CAP_55,2026-03-28T02:00:00+00:00,0.09043463490205665,SL,-1.0,0.5003825296937744,-1.5003825296937743,3,adverse_stop_gap; SL-first intrabar,-86.7012133722337
ETH,SHORT,2026-03-28T02:15:00+00:00,2026-03-28T02:30:00+00:00,43306,1984.28,1997.8755243930364,1967.2855945087044,13.595524393036385,51.34520797381721,0.73,6.129095276754018,1.5041366156303015,0.613231157458517,True,True,True,False,43305,V3_SCORE_CAP_55,2026-03-28T06:15:00+00:00,1997.8755243930364,SL,-1.0,0.4100627215972463,-1.4100627215972463,15,adverse_stop_gap; SL-first intrabar,-86.7012133722337
SOL,SHORT,2026-03-28T00:00:00+00:00,2026-03-28T00:15:00+00:00,43297,82.68,83.25920553245544,81.95599308443072,0.5792055324554326,53.94483136234679,0.8,7.181992550952323,1.3199940757430382,0.12895544746489482,True,True,True,False,43296,V3_SCORE_CAP_55,2026-03-28T07:00:00+00:00,83.25920553245544,SL,-1.0,0.40109231477914664,-1.4010923147791465,27,adverse_stop_gap; SL-first intrabar,-86.7012133722337
SUI,SHORT,2026-03-28T06:00:00+00:00,2026-03-28T06:15:00+00:00,43321,0.8741,0.8789610871593556,0.8680236410508054,0.004861087159355626,53.124454412581635,0.485,4.728500859072469,1.5408787950450669,0.6722691421666299,True,True,True,False,43320,V3_SCORE_CAP_55,2026-03-28T07:00:00+00:00,0.8789610871593556,SL,-1.0,0.504884080775962,-1.504884080775962,3,adverse_stop_gap; SL-first intrabar,-86.7012133722337
XRP,SHORT,2026-03-27T15:45:00+00:00,2026-03-27T16:00:00+00:00,43264,1.3348,1.3495654407838429,1.3163431990201964,0.014765440783842898,48.22829840332043,0.74,4.358064023133842,1.5980345892756103,0.3718196803743757,True,True,True,False,43263,V3_SCORE_CAP_55,2026-03-28T13:30:00+00:00,1.3495654407838429,SL,-1.0,0.25452078756833985,-1.2545207875683397,86,adverse_stop_gap; SL-first intrabar,-86.7012133722337
BTC,SHORT,2026-03-28T01:00:00+00:00,2026-03-28T01:15:00+00:00,43301,66115.7,66564.41137450862,65554.81078186422,448.71137450862443,54.33225217543127,0.675,6.1103675614904205,1.7214548502007028,0.24350580179104614,True,True,True,False,43300,V3_SCORE_CAP_55,2026-03-28T13:30:00+00:00,66564.41137450862,SL,-1.0,0.41396801257317317,-1.4139680125731733,49,adverse_stop_gap; SL-first intrabar,-86.7012133722337
UNI,SHORT,2026-03-27T15:45:00+00:00,2026-03-27T16:00:00+00:00,43264,3.405,3.4612285523972552,3.3347143095034304,0.05622855239725544,32.47346954827106,0.445,0.8865430206376423,1.2349654667602474,0.2808874978161316,True,True,True,False,43263,V3_SCORE_CAP_55,2026-03-29T22:30:00+00:00,3.3347143095034304,TP,1.250000000000002,0.16780798421844773,1.0821920157815543,218,adverse_stop_gap; SL-first intrabar,-86.7012133722337
AVAX,SHORT,2026-03-29T22:00:00+00:00,2026-03-29T22:15:00+00:00,43481,8.612,8.68774926711136,8.517313416110799,0.07574926711136065,47.538485704853365,0.785,1.8062383704230172,2.466836545230003,0.7757287628443903,True,True,True,False,43480,V3_SCORE_CAP_55,2026-03-29T22:30:00+00:00,8.517313416110799,TP,1.2500000000000058,0.31658443305200656,0.9334155669479992,1,adverse_stop_gap; SL-first intrabar,-86.7012133722337
BNB,SHORT,2026-03-31T14:45:00+00:00,2026-03-31T15:00:00+00:00,43644,608.35,615.3146567152501,599.6441791059375,6.964656715250044,37.94792637467233,0.805,-1.396443279681698,2.645284672985908,0.11791705498689296,True,True,True,False,43643,V3_SCORE_CAP_55,2026-03-31T16:30:00+00:00,615.3146567152501,SL,-1.0,0.24597486845980834,-1.2459748684598084,6,adverse_stop_gap; SL-first intrabar,-86.7012133722337
DOGE,SHORT,2026-03-31T14:45:00+00:00,2026-03-31T15:00:00+00:00,43644,0.0904,0.09167783894242931,0.08880270132196334,0.0012778389424293185,44.859451876095704,0.17,-0.3873810925413075,2.5223356488912048,0.7209283033648749,True,True,True,False,43643,V3_SCORE_CAP_55,2026-03-31T16:30:00+00:00,0.09167783894242931,SL,-1.0,0.19948443114027326,-1.1994844311402733,6,adverse_stop_gap; SL-first intrabar,-86.7012133722337
